position,variable,label,storage_type,n_valid,n_missing,n_distinct,value_labels,observed_values,sentinel_codes,min,max
1,studyno,GESIS Data Archive Study Number,float64,1218,0,1,"{""7629"": ""GESIS Data Archive Study Number ZA7629""}",,,7629.0,7629.0
2,version,GESIS Archive version,str,1218,0,1,,"[""1.0.0 (2020-10-09)""]",,,
3,doi,Digital Object Identifier,str,1218,0,1,,"[""doi:10.4232/1.13516""]",,,
4,country,Country ISO 3166 Code (see c_sample for codes for the sample),float64,1218,0,1,"{""788"": ""TN-Tunisia""}",,,788.0,788.0
5,c_sample,c_sample Country/ Sample ISO 3166 Code (see country for codes for whole nation states),float64,1218,0,1,"{""788"": ""TN-Tunisia""}",,,788.0,788.0
6,c_alphan,Country/ Sample Prefix ISO 3166 Code - alphanumeric,str,1218,0,1,,"[""TN""]",,,
7,v1,Q1 How happy or unhappy?,float64,1218,0,5,"{""1"": ""Very happy"", ""2"": ""Happy"", ""3"": ""Not very happy"", ""4"": ""Not at all happy"", ""8"": ""Can't choose"", ""9"": ""No answer""}",,,1.0,8.0
8,v2,Q2 How satisfied with relationships with family members?,float64,1218,0,8,"{""1"": ""Completely satisfied"", ""2"": ""Very satisfied"", ""3"": ""Fairly satisfied"", ""4"": ""Neither satisfied nor dissatisfied"", ""5"": ""Fairly dissatisfied"", ""6"": ""Very dissatisfied"", ""7"": ""Completely dissatisfied"", ""8"": ""Can't choose"", ""9"": ""No answer""}",,,1.0,8.0
9,v3,Q3 Sexual relations with someone other than spouse,float64,1218,0,5,"{""1"": ""Always wrong"", ""2"": ""Almost always wrong"", ""3"": ""Wrong only sometimes"", ""4"": ""Not wrong at all"", ""8"": ""Can't choose"", ""9"": ""No answer""}",,,1.0,8.0
10,v4,Q4 Sexual relations between two adults of the same sex,float64,1218,0,5,"{""1"": ""Always wrong"", ""2"": ""Almost always wrong"", ""3"": ""Wrong only sometimes"", ""4"": ""Not wrong at all"", ""8"": ""Can't choose"", ""9"": ""No answer""}",,,1.0,8.0
11,v5,Q5 Opinion: Abortion if family has very low income,float64,1218,0,5,"{""1"": ""Always wrong"", ""2"": ""Almost always wrong"", ""3"": ""Wrong only sometimes"", ""4"": ""Not wrong at all"", ""8"": ""Can't choose"", ""9"": ""No answer""}",,,1.0,8.0
12,v6,"Q6 Husband earns money, wife's job is family",float64,1218,0,6,"{""1"": ""Strongly agree"", ""2"": ""Agree"", ""3"": ""Neither agree nor disagree"", ""4"": ""Disagree"", ""5"": ""Strongly disagree"", ""8"": ""Can't choose"", ""9"": ""No answer""}",,,1.0,8.0
13,v7,Q7a Confidence in parliament,float64,1218,0,6,"{""1"": ""Complete confidence"", ""2"": ""A great deal of confidence"", ""3"": ""Some confidence"", ""4"": ""Very little confidence"", ""5"": ""No confidence at all"", ""8"": ""Can't choose"", ""9"": ""No answer""}",,,1.0,8.0
14,v8,Q7b Confidence in business and industry,float64,1218,0,6,"{""1"": ""Complete confidence"", ""2"": ""A great deal of confidence"", ""3"": ""Some confidence"", ""4"": ""Very little confidence"", ""5"": ""No confidence at all"", ""8"": ""Can't choose"", ""9"": ""No answer""}",,,1.0,8.0
15,v9,Q7c Confidence in churches and religious organizations,float64,1218,0,6,"{""1"": ""Complete confidence"", ""2"": ""A great deal of confidence"", ""3"": ""Some confidence"", ""4"": ""Very little confidence"", ""5"": ""No confidence at all"", ""8"": ""Can't choose"", ""9"": ""No answer""}",,,1.0,8.0
16,v10,Q7d Confidence in courts and legal system,float64,1218,0,6,"{""1"": ""Complete confidence"", ""2"": ""A great deal of confidence"", ""3"": ""Some confidence"", ""4"": ""Very little confidence"", ""5"": ""No confidence at all"", ""8"": ""Can't choose"", ""9"": ""No answer""}",,,1.0,8.0
17,v11,Q7e Confidence in schools and educational system,float64,1218,0,6,"{""1"": ""Complete confidence"", ""2"": ""A great deal of confidence"", ""3"": ""Some confidence"", ""4"": ""Very little confidence"", ""5"": ""No confidence at all"", ""8"": ""Can't choose"", ""9"": ""No answer""}",,,1.0,8.0
18,v12,Q8 Religious leaders should not influence vote,float64,1218,0,6,"{""1"": ""Strongly agree"", ""2"": ""Agree"", ""3"": ""Neither agree nor disagree"", ""4"": ""Disagree"", ""5"": ""Strongly disagree"", ""8"": ""Can't choose"", ""9"": ""No answer""}",,,1.0,8.0
19,v13,Q9a Too much trust in science,float64,1218,0,6,"{""1"": ""Strongly agree"", ""2"": ""Agree"", ""3"": ""Neither agree nor disagree"", ""4"": ""Disagree"", ""5"": ""Strongly disagree"", ""8"": ""Can't choose"", ""9"": ""No answer""}",,,1.0,8.0
20,v14,Q9b Religions bring conflict,float64,1218,0,6,"{""1"": ""Strongly agree"", ""2"": ""Agree"", ""3"": ""Neither agree nor disagree"", ""4"": ""Disagree"", ""5"": ""Strongly disagree"", ""8"": ""Can't choose"", ""9"": ""No answer""}",,,1.0,8.0
21,v15,Q9c Religious people too intolerant,float64,1218,0,6,"{""1"": ""Strongly agree"", ""2"": ""Agree"", ""3"": ""Neither agree nor disagree"", ""4"": ""Disagree"", ""5"": ""Strongly disagree"", ""8"": ""Can't choose"", ""9"": ""No answer""}",,,1.0,8.0
22,v16,Q10 Power of churches and religious organizations,float64,1218,0,5,"{""1"": ""Far too much power"", ""2"": ""Too much power"", ""3"": ""About the right amount of power"", ""4"": ""Too little power"", ""5"": ""Far too little power"", ""8"": ""Can't choose"", ""9"": ""No answer""}",,,1.0,8.0
23,v17,Q11 Accept person from different religion: Marrying a relative,float64,1218,0,5,"{""1"": ""Definitely accept"", ""2"": ""Probably accept"", ""3"": ""Probably not accept"", ""4"": ""Definitely not accept"", ""8"": ""Can't choose"", ""9"": ""No answer""}",,,1.0,8.0
24,v18,Q12a Religious extremists: Hold public meetings,float64,1218,0,5,"{""1"": ""Definitely"", ""2"": ""Probably"", ""3"": ""Probably not"", ""4"": ""Definitely not"", ""8"": ""Can't choose"", ""9"": ""No answer""}",,,1.0,8.0
25,v19,Q12b Religious extremists: Publish views on Internet or social media,float64,1218,0,5,"{""1"": ""Definitely"", ""2"": ""Probably"", ""3"": ""Probably not"", ""4"": ""Definitely not"", ""8"": ""Can't choose"", ""9"": ""No answer""}",,,1.0,8.0
26,v20,Q13 Closest to R's belief about God,float64,1218,0,6,"{""1"": ""I don't believe in God"", ""2"": ""Don't know whether there is a God and no way to find out"", ""3"": ""Don't believe in a personal God, but in a Higher Power"", ""4"": ""Find myself believing in God sometimes, but not at others"", ""5"": ""While I have doubts, I feel that I do believe in God"", ""6"": ""I know God really exists and have no doubts about it"", ""8"": ""Don't know"", ""9"": ""No answer""}",,,1.0,6.0
27,v21,Q14 Best describes beliefs about God,float64,1218,0,5,"{""1"": ""I don't believe in God now and I never have"", ""2"": ""I don't believe in God now, but I used to"", ""3"": ""I believe in God now, but I didn't use to"", ""4"": ""I believe in God now and I always have"", ""8"": ""Can't choose"", ""9"": ""No answer""}",,,1.0,8.0
28,v22,Q15a Belief in life after death,float64,1218,0,5,"{""1"": ""Yes, definitely"", ""2"": ""Yes, probably"", ""3"": ""No, probably not"", ""4"": ""No, definitely not"", ""8"": ""Can't choose"", ""9"": ""No answer""}",,,1.0,8.0
29,v23,Q15b Belief in heaven,float64,1218,0,5,"{""1"": ""Yes, definitely"", ""2"": ""Yes, probably"", ""3"": ""No, probably not"", ""4"": ""No, definitely not"", ""8"": ""Can't choose"", ""9"": ""No answer""}",,,1.0,8.0
30,v24,Q15c Belief in hell,float64,1218,0,5,"{""1"": ""Yes, definitely"", ""2"": ""Yes, probably"", ""3"": ""No, probably not"", ""4"": ""No, definitely not"", ""8"": ""Can't choose"", ""9"": ""No answer""}",,,1.0,8.0
31,v25,Q15d Belief in religious miracles,float64,1218,0,5,"{""1"": ""Yes, definitely"", ""2"": ""Yes, probably"", ""3"": ""No, probably not"", ""4"": ""No, definitely not"", ""8"": ""Can't choose"", ""9"": ""No answer""}",,,1.0,8.0
32,v26,Q15e Belief in supernatural powers of deceased ancestors,float64,1218,0,5,"{""1"": ""Yes, definitely"", ""2"": ""Yes, probably"", ""3"": ""No, probably not"", ""4"": ""No, definitely not"", ""8"": ""Can't choose"", ""9"": ""No answer""}",,,1.0,8.0
33,v27,Q16a God concerns Himself with human beings,float64,1218,0,6,"{""1"": ""Strongly agree"", ""2"": ""Agree"", ""3"": ""Neither agree nor disagree"", ""4"": ""Disagree"", ""5"": ""Strongly disagree"", ""8"": ""Can't choose"", ""9"": ""No answer""}",,,1.0,8.0
34,v28,Q16b People can do little to change life,float64,1218,0,6,"{""1"": ""Strongly agree"", ""2"": ""Agree"", ""3"": ""Neither agree nor disagree"", ""4"": ""Disagree"", ""5"": ""Strongly disagree"", ""8"": ""Can't choose"", ""9"": ""No answer""}",,,1.0,8.0
35,v29,Q16c Life meaningful because God exists,float64,1218,0,6,"{""1"": ""Strongly agree"", ""2"": ""Agree"", ""3"": ""Neither agree nor disagree"", ""4"": ""Disagree"", ""5"": ""Strongly disagree"", ""8"": ""Can't choose"", ""9"": ""No answer""}",,,1.0,8.0
36,v30,Q16d Life does not serve any purpose,float64,1218,0,6,"{""1"": ""Strongly agree"", ""2"": ""Agree"", ""3"": ""Neither agree nor disagree"", ""4"": ""Disagree"", ""5"": ""Strongly disagree"", ""8"": ""Can't choose"", ""9"": ""No answer""}",,,1.0,8.0
37,v31,"Q16e Life meaningful, provide meaning yourself",float64,1218,0,6,"{""1"": ""Strongly agree"", ""2"": ""Agree"", ""3"": ""Neither agree nor disagree"", ""4"": ""Disagree"", ""5"": ""Strongly disagree"", ""8"": ""Can't choose"", ""9"": ""No answer""}",,,1.0,8.0
38,v32,Q16f Own way of connecting with God,float64,1218,0,6,"{""1"": ""Strongly agree"", ""2"": ""Agree"", ""3"": ""Neither agree nor disagree"", ""4"": ""Disagree"", ""5"": ""Strongly disagree"", ""8"": ""Can't choose"", ""9"": ""No answer""}",,,1.0,8.0
39,v33,Q17 Gender equality in own religion,float64,1218,0,5,"{""1"": ""I don't belong to or follow any religion"", ""2"": ""Treats men and women equally"", ""3"": ""Treats men better than women"", ""4"": ""Treats women better than men"", ""8"": ""Can't choose"", ""9"": ""No answer""}",,,1.0,8.0
40,TN_v34,Q18a Mother's religion: Tunisia,float64,1218,0,5,"{""0"": ""No religion"", ""1"": ""Sunni Muslim"", ""2"": ""A Shiite Muslim"", ""4"": ""Jewish"", ""998"": ""Don't know""}",,,0.0,998.0
41,v35,Q18b Mother's religion: religgrp (derived from Q18a - nat_v34),float64,1218,0,1,"{""0"": ""No religion"", ""1"": ""Catholic"", ""2"": ""Protestant"", ""3"": ""Orthodox"", ""4"": ""Other Christian"", ""5"": ""Jewish"", ""6"": ""Islamic"", ""7"": ""Buddhist"", ""8"": ""Hindu"", ""9"": ""Other Asian Religions"", ""10"": ""Other Religions"", ""97"": ""NAP, no mother, mother not present"", ""98"": ""Don't know"", ""99"": ""Not provided""}",,,99.0,99.0
42,TN_v36,Q19a Father's religion: Tunisia,float64,1218,0,4,"{""0"": ""No religion"", ""1"": ""Sunni Muslim"", ""2"": ""A Shiite Muslim"", ""998"": ""Don't know""}",,,0.0,998.0
43,v37,Q19b Father's religion: religgrp (derived from Q19a - nat_v36),float64,1218,0,1,"{""0"": ""No religion"", ""1"": ""Catholic"", ""2"": ""Protestant"", ""3"": ""Orthodox"", ""4"": ""Other Christian"", ""5"": ""Jewish"", ""6"": ""Islamic"", ""7"": ""Buddhist"", ""8"": ""Hindu"", ""9"": ""Other Asian Religions"", ""10"": ""Other Religions"", ""97"": ""NAP, no father, father not present"", ""98"": ""Don't know"", ""99"": ""Not provided""}",,,99.0,99.0
44,TN_v38,Q20a Religion respondent raised in: Tunisia,float64,1218,0,4,"{""0"": ""No religion"", ""1"": ""Sunni Muslim"", ""2"": ""A Shiite Muslim"", ""998"": ""Don't know""}",,,0.0,998.0
45,v39,Q20b Religion respondent raised in: religgrp (derived from Q20a - nat_v38),float64,1218,0,1,"{""0"": ""No religion"", ""1"": ""Catholic"", ""2"": ""Protestant"", ""3"": ""Orthodox"", ""4"": ""Other Christian"", ""5"": ""Jewish"", ""6"": ""Islamic"", ""7"": ""Buddhist"", ""8"": ""Hindu"", ""9"": ""Other Asian Religions"", ""10"": ""Other Religions"", ""98"": ""Don't know"", ""99"": ""Not provided""}",,,99.0,99.0
46,v40,"Q21 R child, mother attend church",float64,1218,0,11,"{""1"": ""Never"", ""2"": ""Less than once a year"", ""3"": ""About once or twice a year"", ""4"": ""Several times a year"", ""5"": ""About once a month"", ""6"": ""2-3 times a month"", ""7"": ""Nearly every week"", ""8"": ""Every week"", ""9"": ""Several times a week"", ""10"": ""No mother/ mother not present"", ""98"": ""Can't say/ Can't remember"", ""99"": ""No answer""}",,,1.0,98.0
47,v41,"Q22 R child, father attend church",float64,1218,0,11,"{""1"": ""Never"", ""2"": ""Less than once a year"", ""3"": ""About once or twice a year"", ""4"": ""Several times a year"", ""5"": ""About once a month"", ""6"": ""2-3 times a month"", ""7"": ""Nearly every week"", ""8"": ""Every week"", ""9"": ""Several times a week"", ""10"": ""No father/ father not present"", ""98"": ""Can't say/ Can't remember"", ""99"": ""No answer""}",,,1.0,98.0
48,v42,"Q23 R age 11-12, R attend church",float64,1218,0,10,"{""1"": ""Never"", ""2"": ""Less than once a year"", ""3"": ""About once or twice a year"", ""4"": ""Several times a year"", ""5"": ""About once a month"", ""6"": ""2-3 times a month"", ""7"": ""Nearly every week"", ""8"": ""Every week"", ""9"": ""Several times a week"", ""98"": ""Can't say/ Can't remember"", ""99"": ""No answer""}",,,1.0,98.0
49,v43,Q24 How often R pray,float64,1218,0,11,"{""1"": ""Never"", ""2"": ""Less than once a year"", ""3"": ""About once or twice a year"", ""4"": ""Several times a year"", ""5"": ""About once a month"", ""6"": ""2-3 times a month"", ""7"": ""Nearly every week"", ""8"": ""Every week"", ""9"": ""Several times a week"", ""10"": ""Once a day"", ""11"": ""Several times a day"", ""98"": ""Don't know"", ""99"": ""No answer""}",,,1.0,11.0
50,v44,Q25 Take part in church activities,float64,1218,0,9,"{""1"": ""Never"", ""2"": ""Less than once a year"", ""3"": ""About once or twice a year"", ""4"": ""Several times a year"", ""5"": ""About once a month"", ""6"": ""2-3 times a month"", ""7"": ""Nearly every week"", ""8"": ""Every week"", ""9"": ""Several times a week"", ""98"": ""Don't know"", ""99"": ""No answer""}",,,1.0,9.0
51,v45,Q26 Last 12 months: Read or listened to religious scripture outside of worship?,float64,1218,0,2,"{""1"": ""Yes"", ""2"": ""No"", ""8"": ""Don't know"", ""9"": ""No answer""}",,,1.0,2.0
52,v46,"Q27 Shrine, altar in R's home",float64,1218,0,2,"{""1"": ""Yes"", ""2"": ""No"", ""8"": ""Don't know"", ""9"": ""No answer""}",,,1.0,2.0
53,v47,Q28 Visit holy place,float64,1218,0,5,"{""1"": ""Never"", ""2"": ""Less than once a year"", ""3"": ""About once or twice a year"", ""4"": ""Several times a year"", ""5"": ""About once a month or more"", ""8"": ""Don't know"", ""9"": ""No answer""}",,,1.0,5.0
54,v48,Q29 R describes self as religious,float64,1218,0,8,"{""1"": ""Extremely religious"", ""2"": ""Very religious"", ""3"": ""Somewhat religious"", ""4"": ""Neither religious nor non-religious"", ""5"": ""Somewhat non-religious"", ""6"": ""Very non-religious"", ""7"": ""Extremely non-religious"", ""8"": ""Can't choose"", ""9"": ""No answer""}",,,1.0,8.0
55,v49,Q30 Best describes R,float64,1218,0,5,"{""1"": ""I follow a religion, I am a spiritual person"", ""2"": ""I follow a religion, I am not a spiritual person"", ""3"": ""I don't follow a religion, I am a spiritual person"", ""4"": ""I don't follow a religion, I am not a spiritual person"", ""8"": ""Can't choose"", ""9"": ""No answer""}",,,1.0,8.0
56,v50,Q31a Religion helps people: make friends,float64,1218,0,6,"{""1"": ""Strongly agree"", ""2"": ""Agree"", ""3"": ""Neither agree nor disagree"", ""4"": ""Disagree"", ""5"": ""Strongly disagree"", ""8"": ""Can't choose"", ""9"": ""No answer""}",,,1.0,8.0
57,v51,Q31b Religion helps people: gain comfort,float64,1218,0,6,"{""1"": ""Strongly agree"", ""2"": ""Agree"", ""3"": ""Neither agree nor disagree"", ""4"": ""Disagree"", ""5"": ""Strongly disagree"", ""8"": ""Can't choose"", ""9"": ""No answer""}",,,1.0,8.0
58,v52,Q32 Religions are a barrier to equality between women and men,float64,1218,0,6,"{""1"": ""Strongly agree"", ""2"": ""Agree"", ""3"": ""Neither agree nor disagree"", ""4"": ""Disagree"", ""5"": ""Strongly disagree"", ""8"": ""Can't choose"", ""9"": ""No answer""}",,,1.0,8.0
59,v53,Q33a Gov should not interfere with attempts of religion to spread,float64,1218,0,6,"{""1"": ""Strongly agree"", ""2"": ""Agree"", ""3"": ""Neither agree nor disagree"", ""4"": ""Disagree"", ""5"": ""Strongly disagree"", ""8"": ""Can't choose"", ""9"": ""No answer""}",,,1.0,8.0
60,v54,Q33b People belonging to different religions cannot get along,float64,1218,0,6,"{""1"": ""Strongly agree"", ""2"": ""Agree"", ""3"": ""Neither agree nor disagree"", ""4"": ""Disagree"", ""5"": ""Strongly disagree"", ""8"": ""Can't choose"", ""9"": ""No answer""}",,,1.0,8.0
61,v55,Q34a Religion represents the past and not the future,float64,1218,0,6,"{""1"": ""Strongly agree"", ""2"": ""Agree"", ""3"": ""Neither agree nor disagree"", ""4"": ""Disagree"", ""5"": ""Strongly disagree"", ""8"": ""Can't choose"", ""9"": ""No answer""}",,,1.0,8.0
62,v56,Q34b Religion is as relevant to life today as in the past,float64,1218,0,6,"{""1"": ""Strongly agree"", ""2"": ""Agree"", ""3"": ""Neither agree nor disagree"", ""4"": ""Disagree"", ""5"": ""Strongly disagree"", ""8"": ""Can't choose"", ""9"": ""No answer""}",,,1.0,8.0
63,v57,Q35a Personal attitude towards: Christians,float64,1218,0,6,"{""1"": ""Very positive"", ""2"": ""Somewhat positive"", ""3"": ""Neither positive nor negative"", ""4"": ""Somewhat negative"", ""5"": ""Very negative"", ""8"": ""Can't choose"", ""9"": ""No answer""}",,,1.0,8.0
64,v58,Q35b Personal attitude towards: Muslims,float64,1218,0,6,"{""1"": ""Very positive"", ""2"": ""Somewhat positive"", ""3"": ""Neither positive nor negative"", ""4"": ""Somewhat negative"", ""5"": ""Very negative"", ""8"": ""Can't choose"", ""9"": ""No answer""}",,,1.0,8.0
65,v59,Q35c Personal attitude towards: Hindus,float64,1218,0,6,"{""1"": ""Very positive"", ""2"": ""Somewhat positive"", ""3"": ""Neither positive nor negative"", ""4"": ""Somewhat negative"", ""5"": ""Very negative"", ""8"": ""Can't choose"", ""9"": ""No answer""}",,,1.0,8.0
66,v60,Q35d Personal attitude towards: Buddhists,float64,1218,0,6,"{""1"": ""Very positive"", ""2"": ""Somewhat positive"", ""3"": ""Neither positive nor negative"", ""4"": ""Somewhat negative"", ""5"": ""Very negative"", ""8"": ""Can't choose"", ""9"": ""No answer""}",,,1.0,8.0
67,v61,Q35e Personal attitude towards: Jews,float64,1218,0,6,"{""1"": ""Very positive"", ""2"": ""Somewhat positive"", ""3"": ""Neither positive nor negative"", ""4"": ""Somewhat negative"", ""5"": ""Very negative"", ""8"": ""Can't choose"", ""9"": ""No answer""}",,,1.0,8.0
68,v62,Q35f Personal attitude towards: Atheists or non-believers,float64,1218,0,6,"{""1"": ""Very positive"", ""2"": ""Somewhat positive"", ""3"": ""Neither positive nor negative"", ""4"": ""Somewhat negative"", ""5"": ""Very negative"", ""8"": ""Can't choose"", ""9"": ""No answer""}",,,1.0,8.0
69,v63,Q36 Subjective health,float64,1218,0,6,"{""1"": ""Excellent"", ""2"": ""Very good"", ""3"": ""Good"", ""4"": ""Fair"", ""5"": ""Poor"", ""8"": ""Can't choose"", ""9"": ""No answer""}",,,1.0,8.0
70,v64,O1 Born again experience,float64,1218,0,1,"{""0"": ""Not available"", ""1"": ""Yes"", ""2"": ""No"", ""8"": ""Don't know"", ""9"": ""No answer""}",,,0.0,0.0
71,v65,O2 Feelings about Bible,float64,1218,0,1,"{""0"": ""Not available"", ""1"": ""The Bible is the actual word of God, to be taken literally"", ""2"": ""Bible is the inspired word of God, not to be taken literally"", ""3"": ""Bible is ancient book of legends, moral precepts recorded by man"", ""4"": ""This does not apply to me"", ""8"": ""Can't choose"", ""9"": ""No answer""}",,,0.0,0.0
72,v66,O3 Turning point new commitment to religion,float64,1218,0,1,"{""0"": ""Not available"", ""1"": ""Yes"", ""2"": ""No"", ""8"": ""Don't know"", ""9"": ""No answer""}",,,0.0,0.0
73,v67,O4a Good luck charms do bring good luck,float64,1218,0,1,"{""0"": ""Not available"", ""1"": ""Definitely true"", ""2"": ""Probably true"", ""3"": ""Probably false"", ""4"": ""Definitely false"", ""8"": ""Can't choose"", ""9"": ""No answer""}",,,0.0,0.0
74,v68,O4b Fortune tellers can see future,float64,1218,0,1,"{""0"": ""Not available"", ""1"": ""Definitely true"", ""2"": ""Probably true"", ""3"": ""Probably false"", ""4"": ""Definitely false"", ""8"": ""Can't choose"", ""9"": ""No answer""}",,,0.0,0.0
75,v69,O4c Faith healers have God-given healing powers,float64,1218,0,1,"{""0"": ""Not available"", ""1"": ""Definitely true"", ""2"": ""Probably true"", ""3"": ""Probably false"", ""4"": ""Definitely false"", ""8"": ""Can't choose"", ""9"": ""No answer""}",,,0.0,0.0
76,v70,O4d Horoscope affect course of future,float64,1218,0,1,"{""0"": ""Not available"", ""1"": ""Definitely true"", ""2"": ""Probably true"", ""3"": ""Probably false"", ""4"": ""Definitely false"", ""8"": ""Can't choose"", ""9"": ""No answer""}",,,0.0,0.0
77,v71,O5 Law conflicts with religious principles,float64,1218,0,1,"{""0"": ""Not available"", ""1"": ""Definitely follow the law"", ""2"": ""Probably follow the law"", ""3"": ""Probably follow your religious principles"", ""4"": ""Definitely follow your religious principles"", ""5"": ""I have no religious principles"", ""8"": ""Can't choose"", ""9"": ""No answer""}",,,0.0,0.0
78,v72,O6a Perceived threat of people belonging to following group: Christians,float64,1218,0,1,"{""0"": ""Not available"", ""1"": ""Very threatening"", ""2"": ""Somewhat threatening"", ""3"": ""Not very threatening"", ""4"": ""Not at all threatening"", ""8"": ""Can't choose"", ""9"": ""No answer""}",,,0.0,0.0
79,v73,O6b Perceived threat of people belonging to following group: Muslims,float64,1218,0,1,"{""0"": ""Not available"", ""1"": ""Very threatening"", ""2"": ""Somewhat threatening"", ""3"": ""Not very threatening"", ""4"": ""Not at all threatening"", ""8"": ""Can't choose"", ""9"": ""No answer""}",,,0.0,0.0
80,v74,O6c Perceived threat of people belonging to following group: Hindus,float64,1218,0,1,"{""0"": ""Not available"", ""1"": ""Very threatening"", ""2"": ""Somewhat threatening"", ""3"": ""Not very threatening"", ""4"": ""Not at all threatening"", ""8"": ""Can't choose"", ""9"": ""No answer""}",,,0.0,0.0
81,v75,O6d Perceived threat of people belonging to following group: Buddhists,float64,1218,0,1,"{""0"": ""Not available"", ""1"": ""Very threatening"", ""2"": ""Somewhat threatening"", ""3"": ""Not very threatening"", ""4"": ""Not at all threatening"", ""8"": ""Can't choose"", ""9"": ""No answer""}",,,0.0,0.0
82,v76,O6e Perceived threat of people belonging to following group: Jews,float64,1218,0,1,"{""0"": ""Not available"", ""1"": ""Very threatening"", ""2"": ""Somewhat threatening"", ""3"": ""Not very threatening"", ""4"": ""Not at all threatening"", ""8"": ""Can't choose"", ""9"": ""No answer""}",,,0.0,0.0
83,v77,O6f Perceived threat of people belonging to following group: Non-believers,float64,1218,0,1,"{""0"": ""Not available"", ""1"": ""Very threatening"", ""2"": ""Somewhat threatening"", ""3"": ""Not very threatening"", ""4"": ""Not at all threatening"", ""8"": ""Can't choose"", ""9"": ""No answer""}",,,0.0,0.0
84,v78,O7 People can be trusted,float64,1218,0,1,"{""0"": ""Not available"", ""1"": ""People can almost always be trusted"", ""2"": ""People can usually be trusted"", ""3"": ""You usually can't be too careful in dealing with people"", ""4"": ""You almost always can't be too careful in dealing with people"", ""8"": ""Can't choose"", ""9"": ""No answer""}",,,0.0,0.0
85,v79,O8a Belief in reincarnation,float64,1218,0,1,"{""0"": ""Not available"", ""1"": ""Yes, definitely"", ""2"": ""Yes, probably"", ""3"": ""No, probably not"", ""4"": ""No, definitely not"", ""8"": ""Can't choose"", ""9"": ""No answer""}",,,0.0,0.0
86,v80,O8b Belief in Nirvana,float64,1218,0,1,"{""0"": ""Not available"", ""1"": ""Yes, definitely"", ""2"": ""Yes, probably"", ""3"": ""No, probably not"", ""4"": ""No, definitely not"", ""8"": ""Can't choose"", ""9"": ""No answer""}",,,0.0,0.0
87,v81,O9 Country's laws should not be based on religion,float64,1218,0,1,"{""0"": ""Not available"", ""1"": ""Strongly agree"", ""2"": ""Agree"", ""3"": ""Neither agree nor disagree"", ""4"": ""Disagree"", ""5"": ""Strongly disagree"", ""8"": ""Can't choose"", ""9"": ""No answer""}",,,0.0,0.0
88,SEX,Sex of Respondent,float64,1218,0,2,"{""1"": ""Male"", ""2"": ""Female"", ""9"": ""No answer""}",,,1.0,2.0
89,BIRTH,Year of birth,float64,1218,0,71,"{""1919"": ""1919 or earlier"", ""9999"": ""No answer""}",,,1919.0,9999.0
90,AGE,Age of respondent,float64,1218,0,71,"{""99"": ""99 or more than 99 years"", ""999"": ""No answer""}",,,15.0,999.0
91,EDUCYRS,Years of full-time schooling,float64,1218,0,24,"{""0"": ""No formal schooling, no years at school"", ""1"": ""One year"", ""21"": ""21+ years of education"", ""98"": ""Don't know"", ""99"": ""No answer""}",,,0.0,99.0
92,TN_DEGR,Country specific highest completed degree of education: Tunisia,float64,1218,0,8,"{""0"": ""NAP, other countries"", ""1"": ""No formal education"", ""2"": ""Before primary school  (preparatory phase)"", ""3"": ""Basic education (primary and lowar secondary)"", ""4"": ""Secondary school"", ""5"": ""Tertiary"", ""6"": ""Basic education for old illiterate"", ""98"": ""DK"", ""99"": ""NA""}",,,1.0,99.0
93,DEGREE,Comparative: highest completed degree of education (derived from nat_DEGR),float64,1218,0,6,"{""0"": ""No formal education"", ""1"": ""Primary school (elementary education)"", ""2"": ""Lower secondary (secondary completed that does not allow entry to university: end of obligatory school)"", ""3"": ""Upper secondary (programs that allows entry to university)"", ""4"": ""Post secondary, non-tertiary (other upper secondary programs toward the labour market or technical formation)"", ""5"": ""Lower level tertiary, first stage (also technical schools at a tertiary level)"", ""6"": ""Upper level tertiary (Master, Doctor)"", ""9"": ""No answer""}",,,0.0,9.0
94,WORK,"Currently, formerly, or never in paid work",float64,1218,0,4,"{""1"": ""I am currently in paid work,"", ""2"": ""I am currently not in paid work but I had paid work in the past"", ""3"": ""I have never had paid work"", ""9"": ""No answer""}",,,1.0,9.0
95,WRKHRS,Hours worked weekly,float64,1218,0,58,"{""0"": ""NAP (Code 2 or 3 in WORK)"", ""1"": ""1 hour"", ""96"": ""96 hours and more"", ""98"": ""Don't know"", ""99"": ""No answer""}",,,0.0,99.0
96,EMPREL,Employment relationship,float64,1218,0,7,"{""0"": ""NAP (Code 3 in WORK)"", ""1"": ""Employee"", ""2"": ""Self-employed without employees"", ""3"": ""Self-employed with 1 to 9 employees"", ""4"": ""Self-employed with 10 employees or more"", ""5"": ""Working for own family's business"", ""8"": ""Don't know"", ""9"": ""No answer""}",,,0.0,9.0
97,WRKSUP,Supervise other employees,float64,1218,0,4,"{""0"": ""NAP (Code 3 in WORK)"", ""1"": ""Yes"", ""2"": ""No"", ""8"": ""Don't know"", ""9"": ""No answer""}",,,0.0,9.0
98,NSUP,Number of other employees supervised,float64,1218,0,25,"{""0"": ""NAP (code 2, 0 in WRKSUP)"", ""1"": ""1 employee"", ""9995"": ""9995 employees or  more"", ""9999"": ""No answer""}",,,0.0,9999.0
99,TYPORG1,"Type of organisation, for-profit/ non-profit",float64,1218,0,1,"{""0"": ""NAP (Code 3 in WORK; NAV (TN)"", ""1"": ""For-profit organisation"", ""2"": ""Non-profit organisation"", ""8"": ""Don't know"", ""9"": ""No answer""}",,,0.0,0.0
100,TYPORG2,"Type of organisation, public/ private",float64,1218,0,5,"{""0"": ""NAP (Code 3 in WORK)"", ""1"": ""Public employer"", ""2"": ""Private employer"", ""8"": ""Don't know"", ""9"": ""No answer""}",,,0.0,9.0
101,ISCO08,Occupation ISCO/ ILO 2008,float64,1218,0,1,"{""0"": ""NAP (Code 3 in WORK; NAV (TN)"", ""110"": ""Commissioned armed forces officers"", ""210"": ""Non-commissioned armed forces officers"", ""310"": ""Armed forces occupations, other ranks"", ""1000"": ""Managers"", ""1100"": ""Chief executives, senior officials and legislators"", ""1110"": ""Legislators and senior officials"", ""1111"": ""Legislators"", ""1112"": ""Senior government officials"", ""1113"": ""Traditional chiefs and heads of village"", ""1114"": ""Senior officials of special-interest organizations"", ""1120"": ""Managing directors and chief executives"", ""1200"": ""Administrative and commercial managers"", ""1210"": ""Business services and administration managers"", ""1211"": ""Finance managers"", ""1212"": ""Human resource managers"", ""1213"": ""Policy and planning managers"", ""1219"": ""Business services and administration managers not elsewhere classified"", ""1220"": ""Sales, marketing and development managers"", ""1221"": ""Sales and marketing managers"", ""1222"": ""Advertising and public relations managers"", ""1223"": ""Research and development managers"", ""1300"": ""Production and specialised services managers"", ""1310"": ""Production managers in agriculture, forestry and fisheries"", ""1311"": ""Agricultural and forestry production managers"", ""1312"": ""Aquaculture and fisheries production managers"", ""1320"": ""Manufacturing, mining, construction, and distribution managers"", ""1321"": ""Manufacturing managers"", ""1322"": ""Mining managers"", ""1323"": ""Construction managers"", ""1324"": ""Supply, distribution and related managers"", ""1330"": ""Information and communications technology service managers"", ""1340"": ""Professional services managers"", ""1341"": ""Child care services managers"", ""1342"": ""Health services managers"", ""1343"": ""Aged care services managers"", ""1344"": ""Social welfare managers"", ""1345"": ""Education managers"", ""1346"": ""Financial and insurance services branch managers"", ""1349"": ""Professional services managers not elsewhere classified"", ""1400"": ""Hospitality, retail and other services managers"", ""1410"": ""Hotel and restaurant managers"", ""1411"": ""Hotel managers"", ""1412"": ""Restaurant managers"", ""1420"": ""Retail and wholesale trade managers"", ""1430"": ""Other services managers"", ""1431"": ""Sports, recreation and cultural centre managers"", ""1439"": ""Services managers not elsewhere classified"", ""2000"": ""Professionals"", ""2100"": ""Science and engineering professionals"", ""2110"": ""Physical and earth science professionals"", ""2111"": ""Physicists and astronomers"", ""2112"": ""Meteorologists"", ""2113"": ""Chemists"", ""2114"": ""Geologists and geophysicists"", ""2120"": ""Mathematicians, actuaries and statisticians"", ""2130"": ""Life science professionals"", ""2131"": ""Biologists, botanists, zoologists and related professionals"", ""2132"": ""Farming, forestry and fisheries advisers"", ""2133"": ""Environmental protection professionals"", ""2140"": ""Engineering professionals (excluding electro technology)"", ""2141"": ""Industrial and production engineers"", ""2142"": ""Civil engineers"", ""2143"": ""Environmental engineers"", ""2144"": ""Mechanical engineers"", ""2145"": ""Chemical engineers"", ""2146"": ""Mining engineers, metallurgists and related professionals"", ""2149"": ""Engineering professionals not elsewhere classified"", ""2150"": ""Electro technology engineers"", ""2151"": ""Electrical engineers"", ""2152"": ""Electronics engineers"", ""2153"": ""Telecommunications engineers"", ""2160"": ""Architects, planners, surveyors and designers"", ""2161"": ""Building architects"", ""2162"": ""Landscape architects"", ""2163"": ""Product and garment designers"", ""2164"": ""Town and traffic planners"", ""2165"": ""Cartographers and surveyors"", ""2166"": ""Graphic and multimedia designers"", ""2200"": ""Health professionals"", ""2210"": ""Medical doctors"", ""2211"": ""Generalist medical practitioners"", ""2212"": ""Specialist medical practitioners"", ""2220"": ""Nursing and midwifery professionals"", ""2221"": ""Nursing professionals"", ""2222"": ""Midwifery professionals"", ""2230"": ""Traditional and complementary medicine professionals"", ""2240"": ""Paramedical practitioners"", ""2250"": ""Veterinarians"", ""2260"": ""Other health professionals"", ""2261"": ""Dentists"", ""2262"": ""Pharmacists"", ""2263"": ""Environmental and occupational health and hygiene professionals"", ""2264"": ""Physiotherapists"", ""2265"": ""Dieticians and nutritionists"", ""2266"": ""Audiologists and speech therapists"", ""2267"": ""Optometrists and ophthalmic opticians"", ""2269"": ""Health professionals not elsewhere classified"", ""2300"": ""Teaching professionals"", ""2310"": ""University and higher education teachers"", ""2320"": ""Vocational education teachers"", ""2330"": ""Secondary education teachers"", ""2340"": ""Primary school and early childhood teachers"", ""2341"": ""Primary school teachers"", ""2342"": ""Early childhood educators"", ""2350"": ""Other teaching professionals"", ""2351"": ""Education methods specialists"", ""2352"": ""Special needs teachers"", ""2353"": ""Other language teachers"", ""2354"": ""Other music teachers"", ""2355"": ""Other arts teachers"", ""2356"": ""Information technology trainers"", ""2359"": ""Teaching professionals not elsewhere classified"", ""2400"": ""Business and administration professionals"", ""2410"": ""Finance professionals"", ""2411"": ""Accountants"", ""2412"": ""Financial and investment advisers"", ""2413"": ""Financial analysts"", ""2420"": ""Administration professionals"", ""2421"": ""Management and organization analysts"", ""2422"": ""Policy administration professionals"", ""2423"": ""Personnel and careers professionals"", ""2424"": ""Training and staff development professionals"", ""2430"": ""Sales, marketing and public relations professionals"", ""2431"": ""Advertising and marketing professionals"", ""2432"": ""Public relations professionals"", ""2433"": ""Technical and medical sales professionals (excluding ICT)"", ""2434"": ""Information and communications technology sales professionals"", ""2500"": ""Information and communications technology professionals"", ""2510"": ""Software and applications developers and analysts"", ""2511"": ""Systems analysts"", ""2512"": ""Software developers"", ""2513"": ""Web and multimedia developers"", ""2514"": ""Applications programmers"", ""2519"": ""Software and applications developers and analysts not elsewhere classified"", ""2520"": ""Database and network professionals"", ""2521"": ""Database designers and administrators"", ""2522"": ""Systems administrators"", ""2523"": ""Computer network professionals"", ""2529"": ""Database and network professionals not elsewhere classified"", ""2600"": ""Legal, social and cultural professionals"", ""2610"": ""Legal professionals"", ""2611"": ""Lawyers"", ""2612"": ""Judges"", ""2619"": ""Legal professionals not elsewhere classified"", ""2620"": ""Librarians, archivists and curators"", ""2621"": ""Archivists and curators"", ""2622"": ""Librarians and related information professionals"", ""2630"": ""Social and religious professionals"", ""2631"": ""Economists"", ""2632"": ""Sociologists, anthropologists and related professionals"", ""2633"": ""Philosophers, historians and political scientists"", ""2634"": ""Psychologists"", ""2635"": ""Social work and counselling professionals"", ""2636"": ""Religious professionals"", ""2640"": ""Authors, journalists and linguists"", ""2641"": ""Authors and related writers"", ""2642"": ""Journalists"", ""2643"": ""Translators, interpreters and other linguists"", ""2650"": ""Creative and performing artists"", ""2651"": ""Visual artists"", ""2652"": ""Musicians, singers and composers"", ""2653"": ""Dancers and choreographers"", ""2654"": ""Film, stage and related directors and producers"", ""2655"": ""Actors"", ""2656"": ""Announcers on radio, television and other media"", ""2659"": ""Creative and performing artists not elsewhere classified"", ""3000"": ""Technicians and associate professionals"", ""3100"": ""Science and engineering associate professionals"", ""3110"": ""Physical and engineering science technicians"", ""3111"": ""Chemical and physical science technicians"", ""3112"": ""Civil engineering technicians"", ""3113"": ""Electrical engineering technicians"", ""3114"": ""Electronics engineering technicians"", ""3115"": ""Mechanical engineering technicians"", ""3116"": ""Chemical engineering technicians"", ""3117"": ""Mining and metallurgical technicians"", ""3118"": ""Draughtspersons"", ""3119"": ""Physical and engineering science technicians not elsewhere classified"", ""3120"": ""Mining, manufacturing and construction supervisors"", ""3121"": ""Mining supervisors"", ""3122"": ""Manufacturing supervisors"", ""3123"": ""Construction supervisors"", ""3130"": ""Process control technicians"", ""3131"": ""Power production plant operators"", ""3132"": ""Incinerator and water treatment plant operators"", ""3133"": ""Chemical processing plant controllers"", ""3134"": ""Petroleum and natural gas refining plant operators"", ""3135"": ""Metal production process controllers"", ""3139"": ""Process control technicians not elsewhere classified"", ""3140"": ""Life science technicians and related associate professionals"", ""3141"": ""Life science technicians (excluding medical)"", ""3142"": ""Agricultural technicians"", ""3143"": ""Forestry technicians"", ""3150"": ""Ship and aircraft controllers and technicians"", ""3151"": ""Ships' engineers"", ""3152"": ""Ships' deck officers and pilots"", ""3153"": ""Aircraft pilots and related associate professionals"", ""3154"": ""Air traffic controllers"", ""3155"": ""Air traffic safety electronics technicians"", ""3200"": ""Health associate professionals"", ""3210"": ""Medical and pharmaceutical technicians"", ""3211"": ""Medical imaging and therapeutic equipment technicians"", ""3212"": ""Medical and pathology laboratory technicians"", ""3213"": ""Pharmaceutical technicians and assistants"", ""3214"": ""Medical and dental prosthetic technicians"", ""3220"": ""Nursing and midwifery associate professionals"", ""3221"": ""Nursing associate professionals"", ""3222"": ""Midwifery associate professionals"", ""3230"": ""Traditional and complementary medicine associate professionals"", ""3240"": ""Veterinary technicians and assistants"", ""3250"": ""Other health associate professionals"", ""3251"": ""Dental assistants and therapists"", ""3252"": ""Medical records and health information technicians"", ""3253"": ""Community health workers"", ""3254"": ""Dispensing opticians"", ""3255"": ""Physiotherapy technicians and assistants"", ""3256"": ""Medical assistants"", ""3257"": ""Environmental and occupational health inspectors and associates"", ""3258"": ""Ambulance workers"", ""3259"": ""Health associate professionals not elsewhere classified"", ""3300"": ""Business and administration associate professionals"", ""3310"": ""Financial and mathematical associate professionals"", ""3311"": ""Securities and finance dealers and brokers"", ""3312"": ""Credit and loans officers"", ""3313"": ""Accounting associate professionals"", ""3314"": ""Statistical, mathematical and related associate professionals"", ""3315"": ""Valuers and loss assessors"", ""3320"": ""Sales and purchasing agents and brokers"", ""3321"": ""Insurance representatives"", ""3322"": ""Commercial sales representatives"", ""3323"": ""Buyers"", ""3324"": ""Trade brokers"", ""3330"": ""Business services agents"", ""3331"": ""Clearing and forwarding agents"", ""3332"": ""Conference and event planners"", ""3333"": ""Employment agents and contractors"", ""3334"": ""Real estate agents and property managers"", ""3339"": ""Business services agents not elsewhere classified"", ""3340"": ""Administrative and specialised secretaries"", ""3341"": ""Office supervisors"", ""3342"": ""Legal secretaries"", ""3343"": ""Administrative and executive secretaries"", ""3344"": ""Medical secretaries"", ""3350"": ""Regulatory government associate professionals"", ""3351"": ""Customs and border inspectors"", ""3352"": ""Government tax and excise officials"", ""3353"": ""Government social benefits officials"", ""3354"": ""Government licensing officials"", ""3355"": ""Police inspectors and detectives"", ""3359"": ""Regulatory government associate professionals not elsewhere classified"", ""3400"": ""Legal, social, cultural and related associate professionals"", ""3410"": ""Legal, social and religious associate professionals"", ""3411"": ""Legal and related associate professionals"", ""3412"": ""Social work associate professionals"", ""3413"": ""Religious associate professionals"", ""3420"": ""Sports and fitness workers"", ""3421"": ""Athletes and sports players"", ""3422"": ""Sports coaches, instructors and officials"", ""3423"": ""Fitness and recreation instructors and program leaders"", ""3430"": ""Artistic, cultural and culinary associate professionals"", ""3431"": ""Photographers"", ""3432"": ""Interior designers and decorators"", ""3433"": ""Gallery, museum and library technicians"", ""3434"": ""Chefs"", ""3435"": ""Other artistic and cultural associate professionals"", ""3500"": ""Information and communications technicians"", ""3510"": ""Information and communications technology operations and user support technicians"", ""3511"": ""Information and communications technology operations technicians"", ""3512"": ""Information and communications technology user support technicians"", ""3513"": ""Computer network and systems technicians"", ""3514"": ""Web technicians"", ""3520"": ""Telecommunications and broadcasting technicians"", ""3521"": ""Broadcasting and audio-visual technicians"", ""3522"": ""Telecommunications engineering technicians"", ""4000"": ""Clerical support workers"", ""4100"": ""General and keyboard clerks"", ""4110"": ""General office clerks"", ""4120"": ""Secretaries (general)"", ""4130"": ""Keyboard operators"", ""4131"": ""Typists and word processing operators"", ""4132"": ""Data entry clerks"", ""4200"": ""Customer services clerks"", ""4210"": ""Tellers, money collectors and related clerks"", ""4211"": ""Bank tellers and related clerks"", ""4212"": ""Bookmakers, croupiers and related gaming workers"", ""4213"": ""Pawnbrokers and money-lenders"", ""4214"": ""Debt-collectors and related workers"", ""4220"": ""Client information workers"", ""4221"": ""Travel consultants and clerks"", ""4222"": ""Contact centre information clerks"", ""4223"": ""Telephone switchboard operators"", ""4224"": ""Hotel receptionists"", ""4225"": ""Enquiry clerks"", ""4226"": ""Receptionists (general)"", ""4227"": ""Survey and market research interviewers"", ""4229"": ""Client information workers not elsewhere classified"", ""4300"": ""Numerical and material recording clerks"", ""4310"": ""Numerical clerks"", ""4311"": ""Accounting and bookkeeping clerks"", ""4312"": ""Statistical, finance and insurance clerks"", ""4313"": ""Payroll clerks"", ""4320"": ""Material-recording and transport clerks"", ""4321"": ""Stock clerks"", ""4322"": ""Production clerks"", ""4323"": ""Transport clerks"", ""4400"": ""Other clerical support workers"", ""4410"": ""Other clerical support workers"", ""4411"": ""Library clerks"", ""4412"": ""Mail carriers and sorting clerks"", ""4413"": ""Coding, proof-reading and related clerks"", ""4414"": ""Scribes and related workers"", ""4415"": ""Filing and copying clerks"", ""4416"": ""Personnel clerks"", ""4419"": ""Clerical support workers not elsewhere classified"", ""5000"": ""Service and sales workers"", ""5100"": ""Personal service workers"", ""5110"": ""Travel attendants, conductors and guides"", ""5111"": ""Travel attendants and travel stewards"", ""5112"": ""Transport conductors"", ""5113"": ""Travel guides"", ""5120"": ""Cooks"", ""5130"": ""Waiters and bartenders"", ""5131"": ""Waiters"", ""5132"": ""Bartenders"", ""5140"": ""Hairdressers, beauticians and related workers"", ""5141"": ""Hairdressers"", ""5142"": ""Beauticians and related workers"", ""5150"": ""Building and housekeeping supervisors"", ""5151"": ""Cleaning and housekeeping supervisors in offices, hotels and other establishments"", ""5152"": ""Domestic housekeepers"", ""5153"": ""Building caretakers"", ""5160"": ""Other personal services workers"", ""5161"": ""Astrologers, fortune-tellers and related workers"", ""5162"": ""Companions and valets"", ""5163"": ""Undertakers and embalmers"", ""5164"": ""Pet groomers and animal care workers"", ""5165"": ""Driving instructors"", ""5169"": ""Personal services workers not elsewhere classified"", ""5200"": ""Sales workers"", ""5210"": ""Street and market salespersons"", ""5211"": ""Stall and market salespersons"", ""5212"": ""Street food salespersons"", ""5220"": ""Shop salespersons"", ""5221"": ""Shop keepers"", ""5222"": ""Shop supervisors"", ""5223"": ""Shop sales assistants"", ""5230"": ""Cashiers and ticket clerks"", ""5240"": ""Other sales workers"", ""5241"": ""Fashion and other models"", ""5242"": ""Sales demonstrators"", ""5243"": ""Door to door salespersons"", ""5244"": ""Contact centre salespersons"", ""5245"": ""Service station attendants"", ""5246"": ""Food service counter attendants"", ""5249"": ""Sales workers not elsewhere classified"", ""5300"": ""Personal care workers"", ""5310"": ""Child care workers and teachers' aides"", ""5311"": ""Child care workers"", ""5312"": ""Teachers' aides"", ""5320"": ""Personal care workers in health services"", ""5321"": ""Health care assistants"", ""5322"": ""Home-based personal care workers"", ""5329"": ""Personal care workers in health services not elsewhere classified"", ""5400"": ""Protective services workers"", ""5410"": ""Protective services workers"", ""5411"": ""Fire-fighters"", ""5412"": ""Police officers"", ""5413"": ""Prison guards"", ""5414"": ""Security guards"", ""5419"": ""Protective services workers not elsewhere classified"", ""6000"": ""Skilled agricultural, forestry and fishery workers"", ""6100"": ""Market-oriented skilled agricultural workers"", ""6110"": ""Market gardeners and crop growers"", ""6111"": ""Field crop and vegetable growers"", ""6112"": ""Tree and shrub crop growers"", ""6113"": ""Gardeners, horticultural and nursery growers"", ""6114"": ""Mixed crop growers"", ""6120"": ""Animal producers"", ""6121"": ""Livestock and dairy producers"", ""6122"": ""Poultry producers"", ""6123"": ""Apiarists and sericulturists"", ""6129"": ""Animal producers not elsewhere classified"", ""6130"": ""Mixed crop and animal producers"", ""6200"": ""Market-oriented skilled forestry, fishery and hunting workers"", ""6210"": ""Forestry and related workers"", ""6220"": ""Fishery workers, hunters and trappers"", ""6221"": ""Aquaculture workers"", ""6222"": ""Inland and coastal waters fishery workers"", ""6223"": ""Deep-sea fishery workers"", ""6224"": ""Hunters and trappers"", ""6300"": ""Subsistence farmers, fishers, hunters and gatherers"", ""6310"": ""Subsistence crop farmers"", ""6320"": ""Subsistence livestock farmers"", ""6330"": ""Subsistence mixed crop and livestock farmers"", ""6340"": ""Subsistence fishers, hunters, trappers and gatherers"", ""7000"": ""Craft and related trades workers"", ""7100"": ""Building and related trades workers, excluding electricians"", ""7110"": ""Building frame and related trades workers"", ""7111"": ""House builders"", ""7112"": ""Bricklayers and related workers"", ""7113"": ""Stonemasons, stone cutters, splitters and carvers"", ""7114"": ""Concrete placers, concrete finishers and related workers"", ""7115"": ""Carpenters and joiners"", ""7119"": ""Building frame and related trades workers not elsewhere classified"", ""7120"": ""Building finishers and related trades workers"", ""7121"": ""Roofers"", ""7122"": ""Floor layers and tile setters"", ""7123"": ""Plasterers"", ""7124"": ""Insulation workers"", ""7125"": ""Glaziers"", ""7126"": ""Plumbers and pipe fitters"", ""7127"": ""Air conditioning and refrigeration mechanics"", ""7130"": ""Painters, building structure cleaners and related trades workers"", ""7131"": ""Painters and related workers"", ""7132"": ""Spray painters and varnishers"", ""7133"": ""Building structure cleaners"", ""7200"": ""Metal, machinery and related trades workers"", ""7210"": ""Sheet and structural metal workers, moulders and welders, and related workers"", ""7211"": ""Metal moulders and coremakers"", ""7212"": ""Welders and flamecutters"", ""7213"": ""Sheet-metal workers"", ""7214"": ""Structural-metal preparers and erectors"", ""7215"": ""Riggers and cable splicers"", ""7220"": ""Blacksmiths, toolmakers and related trades workers"", ""7221"": ""Blacksmiths, hammersmiths and forging press workers"", ""7222"": ""Toolmakers and related workers"", ""7223"": ""Metal working machine tool setters and operators"", ""7224"": ""Metal polishers, wheel grinders and tool sharpeners"", ""7230"": ""Machinery mechanics and repairers"", ""7231"": ""Motor vehicle mechanics and repairers"", ""7232"": ""Aircraft engine mechanics and repairers"", ""7233"": ""Agricultural and industrial machinery mechanics and repairers"", ""7234"": ""Bicycle and related repairers"", ""7300"": ""Handicraft and printing workers"", ""7310"": ""Handicraft workers"", ""7311"": ""Precision-instrument makers and repairers"", ""7312"": ""Musical instrument makers and tuners"", ""7313"": ""Jewellery and precious-metal workers"", ""7314"": ""Potters and related workers"", ""7315"": ""Glass makers, cutters, grinders and finishers"", ""7316"": ""Sign writers, decorative painters, engravers and etchers"", ""7317"": ""Handicraft workers in wood, basketry and related materials"", ""7318"": ""Handicraft workers in textile, leather and related materials"", ""7319"": ""Handicraft workers not elsewhere classified"", ""7320"": ""Printing trades workers"", ""7321"": ""Pre-press technicians"", ""7322"": ""Printers"", ""7323"": ""Print finishing and binding workers"", ""7400"": ""Electrical and electronic trades workers"", ""7410"": ""Electrical equipment installers and repairers"", ""7411"": ""Building and related electricians"", ""7412"": ""Electrical mechanics and fitters"", ""7413"": ""Electrical line installers and repairers"", ""7420"": ""Electronics and telecommunications installers and repairers"", ""7421"": ""Electronics mechanics and servicers"", ""7422"": ""Information and communications technology installers and servicers"", ""7500"": ""Food processing, wood working, garment and other craft and related trades workers"", ""7510"": ""Food processing and related trades workers"", ""7511"": ""Butchers, fishmongers and related food preparers"", ""7512"": ""Bakers, pastry-cooks and confectionery makers"", ""7513"": ""Dairy-products makers"", ""7514"": ""Fruit, vegetable and related preservers"", ""7515"": ""Food and beverage tasters and graders"", ""7516"": ""Tobacco preparers and tobacco products makers"", ""7520"": ""Wood treaters, cabinet-makers and related trades workers"", ""7521"": ""Wood treaters"", ""7522"": ""Cabinet-makers and related workers"", ""7523"": ""Woodworking-machine tool setters and operators"", ""7530"": ""Garment and related trades workers"", ""7531"": ""Tailors, dressmakers, furriers and hatters"", ""7532"": ""Garment and related pattern-makers and cutters"", ""7533"": ""Sewing, embroidery and related workers"", ""7534"": ""Upholsterers and related workers"", ""7535"": ""Pelt dressers, tanners and fellmongers"", ""7536"": ""Shoemakers and related workers"", ""7540"": ""Other craft and related workers"", ""7541"": ""Underwater divers"", ""7542"": ""Shotfirers and blasters"", ""7543"": ""Product graders and testers (excluding foods and beverages)"", ""7544"": ""Fumigators and other pest and weed controllers"", ""7549"": ""Craft and related workers not elsewhere classified"", ""8000"": ""Plant and machine operators, and assemblers"", ""8100"": ""Stationary plant and machine operators"", ""8110"": ""Mining and mineral processing plant operators"", ""8111"": ""Miners and quarriers"", ""8112"": ""Mineral and stone processing plant operators"", ""8113"": ""Well drillers and borers and related workers"", ""8114"": ""Cement, stone and other mineral products machine operators"", ""8120"": ""Metal processing and finishing plant operators"", ""8121"": ""Metal processing plant operators"", ""8122"": ""Metal finishing, plating and coating machine operators"", ""8130"": ""Chemical and photographic products plant and machine operators"", ""8131"": ""Chemical products plant and machine operators"", ""8132"": ""Photographic products machine operators"", ""8140"": ""Rubber, plastic and paper products machine operators"", ""8141"": ""Rubber products machine operators"", ""8142"": ""Plastic products machine operators"", ""8143"": ""Paper products machine operators"", ""8150"": ""Textile, fur and leather products machine operators"", ""8151"": ""Fibre preparing, spinning and winding machine operators"", ""8152"": ""Weaving and knitting machine operators"", ""8153"": ""Sewing machine operators"", ""8154"": ""Bleaching, dyeing and fabric cleaning machine operators"", ""8155"": ""Fur and leather preparing machine operators"", ""8156"": ""Shoemaking and related machine operators"", ""8157"": ""Laundry machine operators"", ""8159"": ""Textile, fur and leather products machine operators not elsewhere classified"", ""8160"": ""Food and related products machine operators"", ""8170"": ""Wood processing and papermaking plant operators"", ""8171"": ""Pulp and papermaking plant operators"", ""8172"": ""Wood processing plant operators"", ""8180"": ""Other stationary plant and machine operators"", ""8181"": ""Glass and ceramics plant operators"", ""8182"": ""Steam engine and boiler operators"", ""8183"": ""Packing, bottling and labelling machine operators"", ""8189"": ""Stationary plant and machine operators not elsewhere classified"", ""8200"": ""Assemblers"", ""8210"": ""Assemblers"", ""8211"": ""Mechanical machinery assemblers"", ""8212"": ""Electrical and electronic equipment assemblers"", ""8219"": ""Assemblers not elsewhere classified"", ""8300"": ""Drivers and mobile plant operators"", ""8310"": ""Locomotive engine drivers and related workers"", ""8311"": ""Locomotive engine drivers"", ""8312"": ""Railway brake, signal and switch operators"", ""8320"": ""Car, van and motorcycle drivers"", ""8321"": ""Motorcycle drivers"", ""8322"": ""Car, taxi and van drivers"", ""8330"": ""Heavy truck and bus drivers"", ""8331"": ""Bus and tram drivers"", ""8332"": ""Heavy truck and lorry drivers"", ""8340"": ""Mobile plant operators"", ""8341"": ""Mobile farm and forestry plant operators"", ""8342"": ""Earthmoving and related plant operators"", ""8343"": ""Crane, hoist and related plant operators"", ""8344"": ""Lifting truck operators"", ""8350"": ""Ships' deck crews and related workers"", ""9000"": ""Elementary occupations"", ""9100"": ""Cleaners and helpers"", ""9110"": ""Domestic, hotel and office cleaners and helpers"", ""9111"": ""Domestic cleaners and helpers"", ""9112"": ""Cleaners and helpers in offices, hotels and other establishments"", ""9120"": ""Vehicle, window, laundry and other hand cleaning workers"", ""9121"": ""Hand launderers and pressers"", ""9122"": ""Vehicle cleaners"", ""9123"": ""Window cleaners"", ""9129"": ""Other cleaning workers"", ""9200"": ""Agricultural, forestry and fishery labourers"", ""9210"": ""Agricultural, forestry and fishery labourers"", ""9211"": ""Crop farm labourers"", ""9212"": ""Livestock farm labourers"", ""9213"": ""Mixed crop and livestock farm labourers"", ""9214"": ""Garden and horticultural labourers"", ""9215"": ""Forestry labourers"", ""9216"": ""Fishery and aquaculture labourers"", ""9300"": ""Labourers in mining, construction, manufacturing and transport"", ""9310"": ""Mining and construction labourers"", ""9311"": ""Mining and quarrying labourers"", ""9312"": ""Civil engineering labourers"", ""9313"": ""Building construction labourers"", ""9320"": ""Manufacturing labourers"", ""9321"": ""Hand packers"", ""9329"": ""Manufacturing labourers not elsewhere classified"", ""9330"": ""Transport and storage labourers"", ""9331"": ""Hand and pedal vehicle drivers"", ""9332"": ""Drivers of animal-drawn vehicles and machinery"", ""9333"": ""Freight handlers"", ""9334"": ""Shelf fillers"", ""9400"": ""Food preparation assistants"", ""9410"": ""Food preparation assistants"", ""9411"": ""Fast food preparers"", ""9412"": ""Kitchen helpers"", ""9500"": ""Street and related sales and service workers"", ""9510"": ""Street and related service workers"", ""9520"": ""Street vendors (excluding food)"", ""9600"": ""Refuse workers and other elementary workers"", ""9610"": ""Refuse workers"", ""9611"": ""Garbage and recycling collectors"", ""9612"": ""Refuse sorters"", ""9613"": ""Sweepers and related labourers"", ""9620"": ""Other elementary workers"", ""9621"": ""Messengers, package deliverers and luggage porters"", ""9622"": ""Odd job persons"", ""9623"": ""Meter readers and vending-machine collectors"", ""9624"": ""Water and firewood collectors"", ""9629"": ""Elementary workers not elsewhere classified"", ""9998"": ""Don't know, inadequately described"", ""9999"": ""No answer""}",,,0.0,0.0
102,MAINSTAT,Main status,float64,1218,0,10,"{""1"": ""In paid work"", ""2"": ""Unemployed and looking for a job"", ""3"": ""In education"", ""4"": ""Apprentice or trainee"", ""5"": ""Permanently sick or disabled"", ""6"": ""Retired"", ""7"": ""Domestic work"", ""8"": ""In compulsory military service or community service"", ""9"": ""Other"", ""99"": ""No answer""}",,,1.0,99.0
103,PARTLIV,Living in steady partnership,float64,1218,0,5,"{""1"": ""Yes, have partner; live in same household"", ""2"": ""Yes, have partner; don't live in same household"", ""3"": ""No partner"", ""7"": ""Refused"", ""9"": ""No answer""}",,,1.0,9.0
104,SPWORK,"Spouse, partner: currently, formerly or never in paid work",float64,1218,0,5,"{""0"": ""NAP (Code 3 or 7 in PARTLIV)"", ""1"": ""Currently in paid work"", ""2"": ""Currently not in paid work, paid work in the past"", ""3"": ""Never had paid work"", ""7"": ""Refused"", ""8"": ""Don't know"", ""9"": ""No answer""}",,,0.0,9.0
105,SPWRKHRS,"Spouse, partner: hours worked weekly",float64,1218,0,42,"{""0"": ""NAP (Code 0, 2 or 3 in SPWORK)"", ""1"": ""1 hour"", ""72"": ""72 hours"", ""98"": ""Don't know"", ""99"": ""No answer""}",,,0.0,99.0
106,SPEMPREL,"Spouse, partner: employment relationship",float64,1218,0,6,"{""0"": ""NAP (Code 0, 3 in SPWORK)"", ""1"": ""Employee"", ""2"": ""Self-employed without employees"", ""3"": ""Self-employed with employees"", ""4"": ""Working for own family's business"", ""9"": ""No answer""}",,,0.0,9.0
107,SPWRKSUP,"Spouse, partner: supervise other employees",float64,1218,0,4,"{""0"": ""NAP (Code 0, 3 in SPWORK)"", ""1"": ""Yes"", ""2"": ""No"", ""8"": ""Don't know"", ""9"": ""No answer""}",,,0.0,9.0
108,SPISCO08,"Spouse, partner: occupation ISCO/ ILO 2008",float64,1218,0,1,"{""0"": ""NAP (Code 0,3 in SPWORK; NAV (TN)"", ""110"": ""Commissioned armed forces officers"", ""210"": ""Non-commissioned armed forces officers"", ""310"": ""Armed forces occupations, other ranks"", ""1000"": ""Managers"", ""1100"": ""Chief executives, senior officials and legislators"", ""1110"": ""Legislators and senior officials"", ""1111"": ""Legislators"", ""1112"": ""Senior government officials"", ""1113"": ""Traditional chiefs and heads of village"", ""1114"": ""Senior officials of special-interest organizations"", ""1120"": ""Managing directors and chief executives"", ""1200"": ""Administrative and commercial managers"", ""1210"": ""Business services and administration managers"", ""1211"": ""Finance managers"", ""1212"": ""Human resource managers"", ""1213"": ""Policy and planning managers"", ""1219"": ""Business services and administration managers not elsewhere classified"", ""1220"": ""Sales, marketing and development managers"", ""1221"": ""Sales and marketing managers"", ""1222"": ""Advertising and public relations managers"", ""1223"": ""Research and development managers"", ""1300"": ""Production and specialised services managers"", ""1310"": ""Production managers in agriculture, forestry and fisheries"", ""1311"": ""Agricultural and forestry production managers"", ""1312"": ""Aquaculture and fisheries production managers"", ""1320"": ""Manufacturing, mining, construction, and distribution managers"", ""1321"": ""Manufacturing managers"", ""1322"": ""Mining managers"", ""1323"": ""Construction managers"", ""1324"": ""Supply, distribution and related managers"", ""1330"": ""Information and communications technology service managers"", ""1340"": ""Professional services managers"", ""1341"": ""Child care services managers"", ""1342"": ""Health services managers"", ""1343"": ""Aged care services managers"", ""1344"": ""Social welfare managers"", ""1345"": ""Education managers"", ""1346"": ""Financial and insurance services branch managers"", ""1349"": ""Professional services managers not elsewhere classified"", ""1400"": ""Hospitality, retail and other services managers"", ""1410"": ""Hotel and restaurant managers"", ""1411"": ""Hotel managers"", ""1412"": ""Restaurant managers"", ""1420"": ""Retail and wholesale trade managers"", ""1430"": ""Other services managers"", ""1431"": ""Sports, recreation and cultural centre managers"", ""1439"": ""Services managers not elsewhere classified"", ""2000"": ""Professionals"", ""2100"": ""Science and engineering professionals"", ""2110"": ""Physical and earth science professionals"", ""2111"": ""Physicists and astronomers"", ""2112"": ""Meteorologists"", ""2113"": ""Chemists"", ""2114"": ""Geologists and geophysicists"", ""2120"": ""Mathematicians, actuaries and statisticians"", ""2130"": ""Life science professionals"", ""2131"": ""Biologists, botanists, zoologists and related professionals"", ""2132"": ""Farming, forestry and fisheries advisers"", ""2133"": ""Environmental protection professionals"", ""2140"": ""Engineering professionals (excluding electro technology)"", ""2141"": ""Industrial and production engineers"", ""2142"": ""Civil engineers"", ""2143"": ""Environmental engineers"", ""2144"": ""Mechanical engineers"", ""2145"": ""Chemical engineers"", ""2146"": ""Mining engineers, metallurgists and related professionals"", ""2149"": ""Engineering professionals not elsewhere classified"", ""2150"": ""Electro technology engineers"", ""2151"": ""Electrical engineers"", ""2152"": ""Electronics engineers"", ""2153"": ""Telecommunications engineers"", ""2160"": ""Architects, planners, surveyors and designers"", ""2161"": ""Building architects"", ""2162"": ""Landscape architects"", ""2163"": ""Product and garment designers"", ""2164"": ""Town and traffic planners"", ""2165"": ""Cartographers and surveyors"", ""2166"": ""Graphic and multimedia designers"", ""2200"": ""Health professionals"", ""2210"": ""Medical doctors"", ""2211"": ""Generalist medical practitioners"", ""2212"": ""Specialist medical practitioners"", ""2220"": ""Nursing and midwifery professionals"", ""2221"": ""Nursing professionals"", ""2222"": ""Midwifery professionals"", ""2230"": ""Traditional and complementary medicine professionals"", ""2240"": ""Paramedical practitioners"", ""2250"": ""Veterinarians"", ""2260"": ""Other health professionals"", ""2261"": ""Dentists"", ""2262"": ""Pharmacists"", ""2263"": ""Environmental and occupational health and hygiene professionals"", ""2264"": ""Physiotherapists"", ""2265"": ""Dieticians and nutritionists"", ""2266"": ""Audiologists and speech therapists"", ""2267"": ""Optometrists and ophthalmic opticians"", ""2269"": ""Health professionals not elsewhere classified"", ""2300"": ""Teaching professionals"", ""2310"": ""University and higher education teachers"", ""2320"": ""Vocational education teachers"", ""2330"": ""Secondary education teachers"", ""2340"": ""Primary school and early childhood teachers"", ""2341"": ""Primary school teachers"", ""2342"": ""Early childhood educators"", ""2350"": ""Other teaching professionals"", ""2351"": ""Education methods specialists"", ""2352"": ""Special needs teachers"", ""2353"": ""Other language teachers"", ""2354"": ""Other music teachers"", ""2355"": ""Other arts teachers"", ""2356"": ""Information technology trainers"", ""2359"": ""Teaching professionals not elsewhere classified"", ""2400"": ""Business and administration professionals"", ""2410"": ""Finance professionals"", ""2411"": ""Accountants"", ""2412"": ""Financial and investment advisers"", ""2413"": ""Financial analysts"", ""2420"": ""Administration professionals"", ""2421"": ""Management and organization analysts"", ""2422"": ""Policy administration professionals"", ""2423"": ""Personnel and careers professionals"", ""2424"": ""Training and staff development professionals"", ""2430"": ""Sales, marketing and public relations professionals"", ""2431"": ""Advertising and marketing professionals"", ""2432"": ""Public relations professionals"", ""2433"": ""Technical and medical sales professionals (excluding ICT)"", ""2434"": ""Information and communications technology sales professionals"", ""2500"": ""Information and communications technology professionals"", ""2510"": ""Software and applications developers and analysts"", ""2511"": ""Systems analysts"", ""2512"": ""Software developers"", ""2513"": ""Web and multimedia developers"", ""2514"": ""Applications programmers"", ""2519"": ""Software and applications developers and analysts not elsewhere classified"", ""2520"": ""Database and network professionals"", ""2521"": ""Database designers and administrators"", ""2522"": ""Systems administrators"", ""2523"": ""Computer network professionals"", ""2529"": ""Database and network professionals not elsewhere classified"", ""2600"": ""Legal, social and cultural professionals"", ""2610"": ""Legal professionals"", ""2611"": ""Lawyers"", ""2612"": ""Judges"", ""2619"": ""Legal professionals not elsewhere classified"", ""2620"": ""Librarians, archivists and curators"", ""2621"": ""Archivists and curators"", ""2622"": ""Librarians and related information professionals"", ""2630"": ""Social and religious professionals"", ""2631"": ""Economists"", ""2632"": ""Sociologists, anthropologists and related professionals"", ""2633"": ""Philosophers, historians and political scientists"", ""2634"": ""Psychologists"", ""2635"": ""Social work and counselling professionals"", ""2636"": ""Religious professionals"", ""2640"": ""Authors, journalists and linguists"", ""2641"": ""Authors and related writers"", ""2642"": ""Journalists"", ""2643"": ""Translators, interpreters and other linguists"", ""2650"": ""Creative and performing artists"", ""2651"": ""Visual artists"", ""2652"": ""Musicians, singers and composers"", ""2653"": ""Dancers and choreographers"", ""2654"": ""Film, stage and related directors and producers"", ""2655"": ""Actors"", ""2656"": ""Announcers on radio, television and other media"", ""2659"": ""Creative and performing artists not elsewhere classified"", ""3000"": ""Technicians and associate professionals"", ""3100"": ""Science and engineering associate professionals"", ""3110"": ""Physical and engineering science technicians"", ""3111"": ""Chemical and physical science technicians"", ""3112"": ""Civil engineering technicians"", ""3113"": ""Electrical engineering technicians"", ""3114"": ""Electronics engineering technicians"", ""3115"": ""Mechanical engineering technicians"", ""3116"": ""Chemical engineering technicians"", ""3117"": ""Mining and metallurgical technicians"", ""3118"": ""Draughtspersons"", ""3119"": ""Physical and engineering science technicians not elsewhere classified"", ""3120"": ""Mining, manufacturing and construction supervisors"", ""3121"": ""Mining supervisors"", ""3122"": ""Manufacturing supervisors"", ""3123"": ""Construction supervisors"", ""3130"": ""Process control technicians"", ""3131"": ""Power production plant operators"", ""3132"": ""Incinerator and water treatment plant operators"", ""3133"": ""Chemical processing plant controllers"", ""3134"": ""Petroleum and natural gas refining plant operators"", ""3135"": ""Metal production process controllers"", ""3139"": ""Process control technicians not elsewhere classified"", ""3140"": ""Life science technicians and related associate professionals"", ""3141"": ""Life science technicians (excluding medical)"", ""3142"": ""Agricultural technicians"", ""3143"": ""Forestry technicians"", ""3150"": ""Ship and aircraft controllers and technicians"", ""3151"": ""Ships' engineers"", ""3152"": ""Ships' deck officers and pilots"", ""3153"": ""Aircraft pilots and related associate professionals"", ""3154"": ""Air traffic controllers"", ""3155"": ""Air traffic safety electronics technicians"", ""3200"": ""Health associate professionals"", ""3210"": ""Medical and pharmaceutical technicians"", ""3211"": ""Medical imaging and therapeutic equipment technicians"", ""3212"": ""Medical and pathology laboratory technicians"", ""3213"": ""Pharmaceutical technicians and assistants"", ""3214"": ""Medical and dental prosthetic technicians"", ""3220"": ""Nursing and midwifery associate professionals"", ""3221"": ""Nursing associate professionals"", ""3222"": ""Midwifery associate professionals"", ""3230"": ""Traditional and complementary medicine associate professionals"", ""3240"": ""Veterinary technicians and assistants"", ""3250"": ""Other health associate professionals"", ""3251"": ""Dental assistants and therapists"", ""3252"": ""Medical records and health information technicians"", ""3253"": ""Community health workers"", ""3254"": ""Dispensing opticians"", ""3255"": ""Physiotherapy technicians and assistants"", ""3256"": ""Medical assistants"", ""3257"": ""Environmental and occupational health inspectors and associates"", ""3258"": ""Ambulance workers"", ""3259"": ""Health associate professionals not elsewhere classified"", ""3300"": ""Business and administration associate professionals"", ""3310"": ""Financial and mathematical associate professionals"", ""3311"": ""Securities and finance dealers and brokers"", ""3312"": ""Credit and loans officers"", ""3313"": ""Accounting associate professionals"", ""3314"": ""Statistical, mathematical and related associate professionals"", ""3315"": ""Valuers and loss assessors"", ""3320"": ""Sales and purchasing agents and brokers"", ""3321"": ""Insurance representatives"", ""3322"": ""Commercial sales representatives"", ""3323"": ""Buyers"", ""3324"": ""Trade brokers"", ""3330"": ""Business services agents"", ""3331"": ""Clearing and forwarding agents"", ""3332"": ""Conference and event planners"", ""3333"": ""Employment agents and contractors"", ""3334"": ""Real estate agents and property managers"", ""3339"": ""Business services agents not elsewhere classified"", ""3340"": ""Administrative and specialised secretaries"", ""3341"": ""Office supervisors"", ""3342"": ""Legal secretaries"", ""3343"": ""Administrative and executive secretaries"", ""3344"": ""Medical secretaries"", ""3350"": ""Regulatory government associate professionals"", ""3351"": ""Customs and border inspectors"", ""3352"": ""Government tax and excise officials"", ""3353"": ""Government social benefits officials"", ""3354"": ""Government licensing officials"", ""3355"": ""Police inspectors and detectives"", ""3359"": ""Regulatory government associate professionals not elsewhere classified"", ""3400"": ""Legal, social, cultural and related associate professionals"", ""3410"": ""Legal, social and religious associate professionals"", ""3411"": ""Legal and related associate professionals"", ""3412"": ""Social work associate professionals"", ""3413"": ""Religious associate professionals"", ""3420"": ""Sports and fitness workers"", ""3421"": ""Athletes and sports players"", ""3422"": ""Sports coaches, instructors and officials"", ""3423"": ""Fitness and recreation instructors and program leaders"", ""3430"": ""Artistic, cultural and culinary associate professionals"", ""3431"": ""Photographers"", ""3432"": ""Interior designers and decorators"", ""3433"": ""Gallery, museum and library technicians"", ""3434"": ""Chefs"", ""3435"": ""Other artistic and cultural associate professionals"", ""3500"": ""Information and communications technicians"", ""3510"": ""Information and communications technology operations and user support technicians"", ""3511"": ""Information and communications technology operations technicians"", ""3512"": ""Information and communications technology user support technicians"", ""3513"": ""Computer network and systems technicians"", ""3514"": ""Web technicians"", ""3520"": ""Telecommunications and broadcasting technicians"", ""3521"": ""Broadcasting and audio-visual technicians"", ""3522"": ""Telecommunications engineering technicians"", ""4000"": ""Clerical support workers"", ""4100"": ""General and keyboard clerks"", ""4110"": ""General office clerks"", ""4120"": ""Secretaries (general)"", ""4130"": ""Keyboard operators"", ""4131"": ""Typists and word processing operators"", ""4132"": ""Data entry clerks"", ""4200"": ""Customer services clerks"", ""4210"": ""Tellers, money collectors and related clerks"", ""4211"": ""Bank tellers and related clerks"", ""4212"": ""Bookmakers, croupiers and related gaming workers"", ""4213"": ""Pawnbrokers and money-lenders"", ""4214"": ""Debt-collectors and related workers"", ""4220"": ""Client information workers"", ""4221"": ""Travel consultants and clerks"", ""4222"": ""Contact centre information clerks"", ""4223"": ""Telephone switchboard operators"", ""4224"": ""Hotel receptionists"", ""4225"": ""Enquiry clerks"", ""4226"": ""Receptionists (general)"", ""4227"": ""Survey and market research interviewers"", ""4229"": ""Client information workers not elsewhere classified"", ""4300"": ""Numerical and material recording clerks"", ""4310"": ""Numerical clerks"", ""4311"": ""Accounting and bookkeeping clerks"", ""4312"": ""Statistical, finance and insurance clerks"", ""4313"": ""Payroll clerks"", ""4320"": ""Material-recording and transport clerks"", ""4321"": ""Stock clerks"", ""4322"": ""Production clerks"", ""4323"": ""Transport clerks"", ""4400"": ""Other clerical support workers"", ""4410"": ""Other clerical support workers"", ""4411"": ""Library clerks"", ""4412"": ""Mail carriers and sorting clerks"", ""4413"": ""Coding, proof-reading and related clerks"", ""4414"": ""Scribes and related workers"", ""4415"": ""Filing and copying clerks"", ""4416"": ""Personnel clerks"", ""4419"": ""Clerical support workers not elsewhere classified"", ""5000"": ""Service and sales workers"", ""5100"": ""Personal service workers"", ""5110"": ""Travel attendants, conductors and guides"", ""5111"": ""Travel attendants and travel stewards"", ""5112"": ""Transport conductors"", ""5113"": ""Travel guides"", ""5120"": ""Cooks"", ""5130"": ""Waiters and bartenders"", ""5131"": ""Waiters"", ""5132"": ""Bartenders"", ""5140"": ""Hairdressers, beauticians and related workers"", ""5141"": ""Hairdressers"", ""5142"": ""Beauticians and related workers"", ""5150"": ""Building and housekeeping supervisors"", ""5151"": ""Cleaning and housekeeping supervisors in offices, hotels and other establishments"", ""5152"": ""Domestic housekeepers"", ""5153"": ""Building caretakers"", ""5160"": ""Other personal services workers"", ""5161"": ""Astrologers, fortune-tellers and related workers"", ""5162"": ""Companions and valets"", ""5163"": ""Undertakers and embalmers"", ""5164"": ""Pet groomers and animal care workers"", ""5165"": ""Driving instructors"", ""5169"": ""Personal services workers not elsewhere classified"", ""5200"": ""Sales workers"", ""5210"": ""Street and market salespersons"", ""5211"": ""Stall and market salespersons"", ""5212"": ""Street food salespersons"", ""5220"": ""Shop salespersons"", ""5221"": ""Shop keepers"", ""5222"": ""Shop supervisors"", ""5223"": ""Shop sales assistants"", ""5230"": ""Cashiers and ticket clerks"", ""5240"": ""Other sales workers"", ""5241"": ""Fashion and other models"", ""5242"": ""Sales demonstrators"", ""5243"": ""Door to door salespersons"", ""5244"": ""Contact centre salespersons"", ""5245"": ""Service station attendants"", ""5246"": ""Food service counter attendants"", ""5249"": ""Sales workers not elsewhere classified"", ""5300"": ""Personal care workers"", ""5310"": ""Child care workers and teachers' aides"", ""5311"": ""Child care workers"", ""5312"": ""Teachers' aides"", ""5320"": ""Personal care workers in health services"", ""5321"": ""Health care assistants"", ""5322"": ""Home-based personal care workers"", ""5329"": ""Personal care workers in health services not elsewhere classified"", ""5400"": ""Protective services workers"", ""5410"": ""Protective services workers"", ""5411"": ""Fire-fighters"", ""5412"": ""Police officers"", ""5413"": ""Prison guards"", ""5414"": ""Security guards"", ""5419"": ""Protective services workers not elsewhere classified"", ""6000"": ""Skilled agricultural, forestry and fishery workers"", ""6100"": ""Market-oriented skilled agricultural workers"", ""6110"": ""Market gardeners and crop growers"", ""6111"": ""Field crop and vegetable growers"", ""6112"": ""Tree and shrub crop growers"", ""6113"": ""Gardeners, horticultural and nursery growers"", ""6114"": ""Mixed crop growers"", ""6120"": ""Animal producers"", ""6121"": ""Livestock and dairy producers"", ""6122"": ""Poultry producers"", ""6123"": ""Apiarists and sericulturists"", ""6129"": ""Animal producers not elsewhere classified"", ""6130"": ""Mixed crop and animal producers"", ""6200"": ""Market-oriented skilled forestry, fishery and hunting workers"", ""6210"": ""Forestry and related workers"", ""6220"": ""Fishery workers, hunters and trappers"", ""6221"": ""Aquaculture workers"", ""6222"": ""Inland and coastal waters fishery workers"", ""6223"": ""Deep-sea fishery workers"", ""6224"": ""Hunters and trappers"", ""6300"": ""Subsistence farmers, fishers, hunters and gatherers"", ""6310"": ""Subsistence crop farmers"", ""6320"": ""Subsistence livestock farmers"", ""6330"": ""Subsistence mixed crop and livestock farmers"", ""6340"": ""Subsistence fishers, hunters, trappers and gatherers"", ""7000"": ""Craft and related trades workers"", ""7100"": ""Building and related trades workers, excluding electricians"", ""7110"": ""Building frame and related trades workers"", ""7111"": ""House builders"", ""7112"": ""Bricklayers and related workers"", ""7113"": ""Stonemasons, stone cutters, splitters and carvers"", ""7114"": ""Concrete placers, concrete finishers and related workers"", ""7115"": ""Carpenters and joiners"", ""7119"": ""Building frame and related trades workers not elsewhere classified"", ""7120"": ""Building finishers and related trades workers"", ""7121"": ""Roofers"", ""7122"": ""Floor layers and tile setters"", ""7123"": ""Plasterers"", ""7124"": ""Insulation workers"", ""7125"": ""Glaziers"", ""7126"": ""Plumbers and pipe fitters"", ""7127"": ""Air conditioning and refrigeration mechanics"", ""7130"": ""Painters, building structure cleaners and related trades workers"", ""7131"": ""Painters and related workers"", ""7132"": ""Spray painters and varnishers"", ""7133"": ""Building structure cleaners"", ""7200"": ""Metal, machinery and related trades workers"", ""7210"": ""Sheet and structural metal workers, moulders and welders, and related workers"", ""7211"": ""Metal moulders and coremakers"", ""7212"": ""Welders and flamecutters"", ""7213"": ""Sheet-metal workers"", ""7214"": ""Structural-metal preparers and erectors"", ""7215"": ""Riggers and cable splicers"", ""7220"": ""Blacksmiths, toolmakers and related trades workers"", ""7221"": ""Blacksmiths, hammersmiths and forging press workers"", ""7222"": ""Toolmakers and related workers"", ""7223"": ""Metal working machine tool setters and operators"", ""7224"": ""Metal polishers, wheel grinders and tool sharpeners"", ""7230"": ""Machinery mechanics and repairers"", ""7231"": ""Motor vehicle mechanics and repairers"", ""7232"": ""Aircraft engine mechanics and repairers"", ""7233"": ""Agricultural and industrial machinery mechanics and repairers"", ""7234"": ""Bicycle and related repairers"", ""7300"": ""Handicraft and printing workers"", ""7310"": ""Handicraft workers"", ""7311"": ""Precision-instrument makers and repairers"", ""7312"": ""Musical instrument makers and tuners"", ""7313"": ""Jewellery and precious-metal workers"", ""7314"": ""Potters and related workers"", ""7315"": ""Glass makers, cutters, grinders and finishers"", ""7316"": ""Sign writers, decorative painters, engravers and etchers"", ""7317"": ""Handicraft workers in wood, basketry and related materials"", ""7318"": ""Handicraft workers in textile, leather and related materials"", ""7319"": ""Handicraft workers not elsewhere classified"", ""7320"": ""Printing trades workers"", ""7321"": ""Pre-press technicians"", ""7322"": ""Printers"", ""7323"": ""Print finishing and binding workers"", ""7400"": ""Electrical and electronic trades workers"", ""7410"": ""Electrical equipment installers and repairers"", ""7411"": ""Building and related electricians"", ""7412"": ""Electrical mechanics and fitters"", ""7413"": ""Electrical line installers and repairers"", ""7420"": ""Electronics and telecommunications installers and repairers"", ""7421"": ""Electronics mechanics and servicers"", ""7422"": ""Information and communications technology installers and servicers"", ""7500"": ""Food processing, wood working, garment and other craft and related trades workers"", ""7510"": ""Food processing and related trades workers"", ""7511"": ""Butchers, fishmongers and related food preparers"", ""7512"": ""Bakers, pastry-cooks and confectionery makers"", ""7513"": ""Dairy-products makers"", ""7514"": ""Fruit, vegetable and related preservers"", ""7515"": ""Food and beverage tasters and graders"", ""7516"": ""Tobacco preparers and tobacco products makers"", ""7520"": ""Wood treaters, cabinet-makers and related trades workers"", ""7521"": ""Wood treaters"", ""7522"": ""Cabinet-makers and related workers"", ""7523"": ""Woodworking-machine tool setters and operators"", ""7530"": ""Garment and related trades workers"", ""7531"": ""Tailors, dressmakers, furriers and hatters"", ""7532"": ""Garment and related pattern-makers and cutters"", ""7533"": ""Sewing, embroidery and related workers"", ""7534"": ""Upholsterers and related workers"", ""7535"": ""Pelt dressers, tanners and fellmongers"", ""7536"": ""Shoemakers and related workers"", ""7540"": ""Other craft and related workers"", ""7541"": ""Underwater divers"", ""7542"": ""Shotfirers and blasters"", ""7543"": ""Product graders and testers (excluding foods and beverages)"", ""7544"": ""Fumigators and other pest and weed controllers"", ""7549"": ""Craft and related workers not elsewhere classified"", ""8000"": ""Plant and machine operators, and assemblers"", ""8100"": ""Stationary plant and machine operators"", ""8110"": ""Mining and mineral processing plant operators"", ""8111"": ""Miners and quarriers"", ""8112"": ""Mineral and stone processing plant operators"", ""8113"": ""Well drillers and borers and related workers"", ""8114"": ""Cement, stone and other mineral products machine operators"", ""8120"": ""Metal processing and finishing plant operators"", ""8121"": ""Metal processing plant operators"", ""8122"": ""Metal finishing, plating and coating machine operators"", ""8130"": ""Chemical and photographic products plant and machine operators"", ""8131"": ""Chemical products plant and machine operators"", ""8132"": ""Photographic products machine operators"", ""8140"": ""Rubber, plastic and paper products machine operators"", ""8141"": ""Rubber products machine operators"", ""8142"": ""Plastic products machine operators"", ""8143"": ""Paper products machine operators"", ""8150"": ""Textile, fur and leather products machine operators"", ""8151"": ""Fibre preparing, spinning and winding machine operators"", ""8152"": ""Weaving and knitting machine operators"", ""8153"": ""Sewing machine operators"", ""8154"": ""Bleaching, dyeing and fabric cleaning machine operators"", ""8155"": ""Fur and leather preparing machine operators"", ""8156"": ""Shoemaking and related machine operators"", ""8157"": ""Laundry machine operators"", ""8159"": ""Textile, fur and leather products machine operators not elsewhere classified"", ""8160"": ""Food and related products machine operators"", ""8170"": ""Wood processing and papermaking plant operators"", ""8171"": ""Pulp and papermaking plant operators"", ""8172"": ""Wood processing plant operators"", ""8180"": ""Other stationary plant and machine operators"", ""8181"": ""Glass and ceramics plant operators"", ""8182"": ""Steam engine and boiler operators"", ""8183"": ""Packing, bottling and labelling machine operators"", ""8189"": ""Stationary plant and machine operators not elsewhere classified"", ""8200"": ""Assemblers"", ""8210"": ""Assemblers"", ""8211"": ""Mechanical machinery assemblers"", ""8212"": ""Electrical and electronic equipment assemblers"", ""8219"": ""Assemblers not elsewhere classified"", ""8300"": ""Drivers and mobile plant operators"", ""8310"": ""Locomotive engine drivers and related workers"", ""8311"": ""Locomotive engine drivers"", ""8312"": ""Railway brake, signal and switch operators"", ""8320"": ""Car, van and motorcycle drivers"", ""8321"": ""Motorcycle drivers"", ""8322"": ""Car, taxi and van drivers"", ""8330"": ""Heavy truck and bus drivers"", ""8331"": ""Bus and tram drivers"", ""8332"": ""Heavy truck and lorry drivers"", ""8340"": ""Mobile plant operators"", ""8341"": ""Mobile farm and forestry plant operators"", ""8342"": ""Earthmoving and related plant operators"", ""8343"": ""Crane, hoist and related plant operators"", ""8344"": ""Lifting truck operators"", ""8350"": ""Ships' deck crews and related workers"", ""9000"": ""Elementary occupations"", ""9100"": ""Cleaners and helpers"", ""9110"": ""Domestic, hotel and office cleaners and helpers"", ""9111"": ""Domestic cleaners and helpers"", ""9112"": ""Cleaners and helpers in offices, hotels and other establishments"", ""9120"": ""Vehicle, window, laundry and other hand cleaning workers"", ""9121"": ""Hand launderers and pressers"", ""9122"": ""Vehicle cleaners"", ""9123"": ""Window cleaners"", ""9129"": ""Other cleaning workers"", ""9200"": ""Agricultural, forestry and fishery labourers"", ""9210"": ""Agricultural, forestry and fishery labourers"", ""9211"": ""Crop farm labourers"", ""9212"": ""Livestock farm labourers"", ""9213"": ""Mixed crop and livestock farm labourers"", ""9214"": ""Garden and horticultural labourers"", ""9215"": ""Forestry labourers"", ""9216"": ""Fishery and aquaculture labourers"", ""9300"": ""Labourers in mining, construction, manufacturing and transport"", ""9310"": ""Mining and construction labourers"", ""9311"": ""Mining and quarrying labourers"", ""9312"": ""Civil engineering labourers"", ""9313"": ""Building construction labourers"", ""9320"": ""Manufacturing labourers"", ""9321"": ""Hand packers"", ""9329"": ""Manufacturing labourers not elsewhere classified"", ""9330"": ""Transport and storage labourers"", ""9331"": ""Hand and pedal vehicle drivers"", ""9332"": ""Drivers of animal-drawn vehicles and machinery"", ""9333"": ""Freight handlers"", ""9334"": ""Shelf fillers"", ""9400"": ""Food preparation assistants"", ""9410"": ""Food preparation assistants"", ""9411"": ""Fast food preparers"", ""9412"": ""Kitchen helpers"", ""9500"": ""Street and related sales and service workers"", ""9510"": ""Street and related service workers"", ""9520"": ""Street vendors (excluding food)"", ""9600"": ""Refuse workers and other elementary workers"", ""9610"": ""Refuse workers"", ""9611"": ""Garbage and recycling collectors"", ""9612"": ""Refuse sorters"", ""9613"": ""Sweepers and related labourers"", ""9620"": ""Other elementary workers"", ""9621"": ""Messengers, package deliverers and luggage porters"", ""9622"": ""Odd job persons"", ""9623"": ""Meter readers and vending-machine collectors"", ""9624"": ""Water and firewood collectors"", ""9629"": ""Elementary workers not elsewhere classified"", ""9998"": ""Don't know, inadequately described"", ""9999"": ""No answer""}",,,0.0,0.0
109,SPMAINST,"Spouse, partner: main status",float64,1218,0,11,"{""0"": ""NAP (Code 3, 7 in PARTLIV)"", ""1"": ""In paid work"", ""2"": ""Unemployed and looking for a job"", ""3"": ""In education"", ""4"": ""Apprentice or trainee"", ""5"": ""Permanently sick or disabled"", ""6"": ""Retired"", ""7"": ""Domestic work"", ""8"": ""In compulsory military service or community service"", ""9"": ""Other"", ""99"": ""No answer""}",,,0.0,99.0
110,UNION,Trade union membership,float64,1218,0,4,"{""1"": ""Yes, currently"", ""2"": ""Yes, previously but not currently"", ""3"": ""No, never"", ""7"": ""Refused"", ""8"": ""Don't know"", ""9"": ""No answer""}",,,1.0,9.0
111,TN_RELIG,Country specific religious affiliation or denomination: Tunisia,float64,1218,0,1,"{""0"": ""No religion"", ""990"": ""Not available; NAP, other countries"", ""997"": ""Refused"", ""998"": ""Don't know"", ""999"": ""No answer""}",,,990.0,990.0
112,RELIGGRP,Comparative: groups of religious affiliations (derived from nat_RELIG),float64,1218,0,1,"{""0"": ""No religion"", ""1"": ""Catholic"", ""2"": ""Protestant"", ""3"": ""Orthodox"", ""4"": ""Other Christian"", ""5"": ""Jewish"", ""6"": ""Islamic"", ""7"": ""Buddhist"", ""8"": ""Hindu"", ""9"": ""Other Asian Religions"", ""10"": ""Other Religions"", ""97"": ""Refused"", ""98"": ""Information insufficient"", ""99"": ""No answer; NAV (TN)""}",,,99.0,99.0
113,ATTEND,Attendance of religious services,float64,1218,0,1,"{""0"": ""Not available (TN)"", ""1"": ""Several times a week or more often (incl. every day, several times a day)"", ""2"": ""Once a week"", ""3"": ""2 or 3 times a month"", ""4"": ""Once a month"", ""5"": ""Several times a year"", ""6"": ""Once a year"", ""7"": ""Less frequently than once a year"", ""8"": ""Never"", ""97"": ""Refused"", ""98"": ""Don't know"", ""99"": ""No answer""}",,,0.0,0.0
114,ATTD_EXT,R's attendance of religious services: extended 9 pt answer scale,float64,1218,0,1,"{""0"": ""Not available (TN)"", ""1"": ""Never"", ""2"": ""Less than once a year"", ""3"": ""About once or twice a year"", ""4"": ""Several times a year"", ""5"": ""About once a month"", ""6"": ""2-3 times a month"", ""7"": ""Nearly every week"", ""8"": ""Every week"", ""9"": ""Several times a week"", ""98"": ""Can't say, can't remember"", ""99"": ""NA""}",,,0.0,0.0
115,TOPBOT,Top-Bottom self-placement,float64,1218,0,12,"{""1"": ""Lowest, Bottom, 01"", ""2"": ""02"", ""3"": ""03"", ""4"": ""04"", ""5"": ""05"", ""6"": ""06"", ""7"": ""07"", ""8"": ""08"", ""9"": ""09"", ""10"": ""Highest, Top, 10"", ""98"": ""Don't know"", ""99"": ""No answer""}",,,1.0,99.0
116,VOTE_LE,Did respondent vote in last general election?,float64,1218,0,5,"{""0"": ""NAP, not eligible to vote in last election"", ""1"": ""Yes"", ""2"": ""No"", ""7"": ""Refused"", ""8"": ""Don't know"", ""9"": ""No answer""}",,,0.0,9.0
117,TN_PRTY,Country specific party voted for in last general election: Tunisia,float64,1218,0,20,"{""0"": ""NAP (Code 0, 2, 7 in VOTE_LE)"", ""1"": ""Afak Tunis"", ""2"": ""Amana"", ""3"": ""Free Constitutional Party"", ""4"": ""Independent list"", ""5"": ""Karama"", ""6"": ""lam ichamil"", ""7"": ""Machrou Tunis"", ""8"": ""Moubadra"", ""9"": ""Nahdha"", ""10"": ""Nidaa Tunis"", ""11"": ""People Mouvement"", ""12"": ""People voice"", ""13"": ""Popular Front"", ""14"": ""Tayar Mahaba"", ""15"": ""The democratic trend"", ""16"": ""Youth Mouvement"", ""96"": ""Invalid Ballot"", ""97"": ""Refused"", ""99"": ""No Answer""}",,,0.0,99.0
118,PARTY_LR,Party R voted for in last general election: left-right scale (derived from nat_PRTY),float64,1218,0,1,"{""0"": ""NAP (Code 0, 2, 7 in VOTE_LE); NAV (TN)"", ""1"": ""Far left (communist, etc.)"", ""2"": ""Left /center left"", ""3"": ""Center / liberal"", ""4"": ""Right / conservative"", ""5"": ""Far right (fascist, etc.)"", ""6"": ""Other"", ""96"": ""Invalid ballot"", ""97"": ""Refused"", ""98"": ""Insufficient information to code into scheme"", ""99"": ""No answer""}",,,0.0,0.0
119,TN_ETHN1,Country specific ethnic group 1: Tunisia,float64,1218,0,1,"{""0"": ""Not available; NAP, other countries"", ""97"": ""Refused"", ""98"": ""Don't know"", ""99"": ""No answer""}",,,0.0,0.0
120,TN_ETHN2,Country specific ethnic group 2: Tunisia,float64,1218,0,1,"{""0"": ""Not available; NAP, other countries"", ""97"": ""Refused"", ""98"": ""Don't know"", ""99"": ""No answer""}",,,0.0,0.0
121,HOMPOP,How many persons in household,float64,1218,0,15,"{""1"": ""One person (only respondent)"", ""2"": ""Two persons"", ""3"": ""Three persons"", ""4"": ""Four persons"", ""5"": ""Five persons"", ""6"": ""Six persons"", ""7"": ""Seven persons"", ""8"": ""Eight persons"", ""9"": ""Nine persons"", ""10"": ""Ten persons"", ""11"": ""Eleven persons"", ""12"": ""Twelve persons"", ""13"": ""Thirteen persons"", ""14"": ""Fourteen persons"", ""15"": ""Fifteen persons"", ""16"": ""Sixteen persons"", ""17"": ""Seventeen persons"", ""18"": ""Eighteen persons"", ""96"": ""NAP (Not a private household)"", ""97"": ""Refused"", ""99"": ""No answer""}",,,1.0,99.0
122,HHADULT,How many adults in household,float64,1218,0,15,"{""1"": ""One adult (only respondent)"", ""2"": ""Two adults"", ""3"": ""Three adults"", ""4"": ""Four adults"", ""5"": ""Five adults"", ""6"": ""Six adults"", ""7"": ""Seven adults"", ""8"": ""Eight adults"", ""96"": ""NAP (Not a private household)"", ""97"": ""Refused"", ""99"": ""No answer""}",,,1.0,99.0
123,HHCHILDR,How many children above school entry age in household,float64,1218,0,12,"{""0"": ""No children [school entry age] to 17"", ""1"": ""One child [school entry age] to 17"", ""2"": ""Two children [school entry age] to 17"", ""3"": ""Three children [school entry age] to 17"", ""4"": ""Four children [school entry age] to 17"", ""5"": ""Five children [school entry age] to 17"", ""6"": ""Six children [school entry age] to 17"", ""7"": ""Seven children [school entry age] to 17"", ""8"": ""Eight children [school entry age] to 17"", ""96"": ""NAP (Not a private household)"", ""97"": ""Refused"", ""99"": ""No answer""}",,,0.0,99.0
124,HHTODD,How many children below school age in household,float64,1218,0,8,"{""0"": ""No children below [age of school entry]"", ""1"": ""One child below [age of school entry]"", ""2"": ""Two children below [age of school entry]"", ""3"": ""Three children below [age of school entry]"", ""4"": ""Four children below [age of school entry]"", ""5"": ""Five children below [age of school entry]"", ""6"": ""Six children below [age of school entry]"", ""7"": ""Seven children below [age of school entry]"", ""8"": ""Eight children below [age of school entry]"", ""96"": ""NAP (Not a private household)"", ""97"": ""Refused"", ""99"": ""No answer""}",,,0.0,99.0
125,TN_RINC,Country specific personal income: Tunisia,float64,1218,0,84,"{""0"": ""No income"", ""999990"": ""NAP, all other countries"", ""999997"": ""Refused"", ""999998"": ""Don't know"", ""999999"": ""No answer""}",,,0.0,999999.0
126,TN_INC,Country specific household income: Tunisia,float64,1218,0,101,"{""0"": ""No income"", ""999990"": ""NAP, all other countries"", ""999997"": ""Refused"", ""999998"": ""Don't know"", ""999999"": ""No answer""}",,,0.0,999999.0
127,MARITAL,Legal partnership status,float64,1218,0,8,"{""1"": ""Married"", ""2"": ""Civil partnership"", ""3"": ""Separated from spouse/ civil partner (still legally married/ still legally in a civil partnership)"", ""4"": ""Divorced from spouse/ legally separated from civil partner"", ""5"": ""Widowed/ civil partner died"", ""6"": ""Never married/ never in a civil partnership, single"", ""7"": ""Refused"", ""9"": ""No answer""}",,,1.0,9.0
128,F_BORN,Father's country of birth,float64,1218,0,7,"{""4"": ""Afghanistan"", ""8"": ""Albania"", ""10"": ""Antarctica"", ""12"": ""Algeria"", ""16"": ""American Samoa"", ""20"": ""Andorra"", ""24"": ""Angola"", ""28"": ""Antigua and Barbuda"", ""31"": ""Azerbaijan"", ""32"": ""Argentina"", ""36"": ""Australia"", ""40"": ""Austria"", ""44"": ""Bahamas"", ""48"": ""Bahrain"", ""50"": ""Bangladesh"", ""51"": ""Armenia"", ""52"": ""Barbados"", ""56"": ""Belgium"", ""60"": ""Bermuda"", ""64"": ""Bhutan"", ""68"": ""Bolivia, Plurinational State of"", ""70"": ""Bosnia and Herzegovina"", ""72"": ""Botswana"", ""74"": ""Bouvet Island"", ""76"": ""Brazil"", ""84"": ""Belize"", ""86"": ""British Indian Ocean Territory"", ""90"": ""Solomon Islands"", ""92"": ""Virgin Islands, British"", ""96"": ""Brunei Darussalam"", ""100"": ""Bulgaria"", ""104"": ""Myanmar"", ""108"": ""Burundi"", ""112"": ""Belarus"", ""116"": ""Cambodia"", ""120"": ""Cameroon"", ""124"": ""Canada"", ""132"": ""Cape Verde"", ""136"": ""Cayman Islands"", ""140"": ""Central African Republic"", ""144"": ""Sri Lanka"", ""148"": ""Chad"", ""152"": ""Chile"", ""156"": ""China"", ""158"": ""Taiwan"", ""162"": ""Christmas Island"", ""166"": ""Cocos (Keeling) Islands"", ""170"": ""Colombia"", ""174"": ""Comoros"", ""175"": ""Mayotte"", ""178"": ""Congo"", ""180"": ""Congo, the Democratic Republic of the"", ""184"": ""Cook Islands"", ""188"": ""Costa Rica"", ""191"": ""Croatia"", ""192"": ""Cuba"", ""196"": ""Cyprus"", ""203"": ""Czech Republic"", ""204"": ""Benin"", ""208"": ""Denmark"", ""212"": ""Dominica"", ""214"": ""Dominican Republic"", ""218"": ""Ecuador"", ""222"": ""El Salvador"", ""226"": ""Equatorial Guinea"", ""231"": ""Ethiopia"", ""232"": ""Eritrea"", ""233"": ""Estonia"", ""234"": ""Faroe Islands"", ""238"": ""Falkland Islands (Malvinas)"", ""239"": ""South Georgia and the South Sandwich Islands"", ""242"": ""Fiji"", ""246"": ""Finland"", ""248"": ""Åland Islands"", ""250"": ""France"", ""254"": ""French Guiana"", ""258"": ""French Polynesia"", ""260"": ""French Southern Territories"", ""262"": ""Djibouti"", ""266"": ""Gabon"", ""268"": ""Georgia"", ""270"": ""Gambia"", ""275"": ""Palestine, State of"", ""276"": ""Germany"", ""288"": ""Ghana"", ""292"": ""Gibraltar"", ""296"": ""Kiribati"", ""300"": ""Greece"", ""304"": ""Greenland"", ""308"": ""Grenada"", ""312"": ""Guadeloupe"", ""316"": ""Guam"", ""320"": ""Guatemala"", ""324"": ""Guinea"", ""328"": ""Guyana"", ""332"": ""Haiti"", ""334"": ""Heard Island and McDonald Islands"", ""336"": ""Holy See (Vatican City State)"", ""340"": ""Honduras"", ""344"": ""Hong Kong"", ""348"": ""Hungary"", ""352"": ""Iceland"", ""356"": ""India"", ""360"": ""Indonesia"", ""364"": ""Iran, Islamic Republic of"", ""368"": ""Iraq"", ""372"": ""Ireland"", ""376"": ""Israel"", ""380"": ""Italy"", ""384"": ""Côte d'Ivoire"", ""388"": ""Jamaica"", ""392"": ""Japan"", ""398"": ""Kazakhstan"", ""400"": ""Jordan"", ""404"": ""Kenya"", ""408"": ""Korea, Democratic People's Republic of"", ""410"": ""Korea, Republic of"", ""414"": ""Kuwait"", ""417"": ""Kyrgyzstan"", ""418"": ""Lao People's Democratic Republic"", ""422"": ""Lebanon"", ""426"": ""Lesotho"", ""428"": ""Latvia"", ""430"": ""Liberia"", ""434"": ""Libya"", ""438"": ""Liechtenstein"", ""440"": ""Lithuania"", ""442"": ""Luxembourg"", ""446"": ""Macao"", ""450"": ""Madagascar"", ""454"": ""Malawi"", ""458"": ""Malaysia"", ""462"": ""Maldives"", ""466"": ""Mali"", ""470"": ""Malta"", ""474"": ""Martinique"", ""478"": ""Mauritania"", ""480"": ""Mauritius"", ""484"": ""Mexico"", ""492"": ""Monaco"", ""496"": ""Mongolia"", ""498"": ""Moldova, Republic of"", ""499"": ""Montenegro"", ""500"": ""Montserrat"", ""504"": ""Morocco"", ""508"": ""Mozambique"", ""512"": ""Oman"", ""516"": ""Namibia"", ""520"": ""Nauru"", ""524"": ""Nepal"", ""528"": ""Netherlands"", ""531"": ""Curaçao"", ""533"": ""Aruba"", ""534"": ""Sint Maarten (Dutch part)"", ""535"": ""Bonaire, Sint Eustatius and Saba"", ""540"": ""New Caledonia"", ""548"": ""Vanuatu"", ""554"": ""New Zealand"", ""558"": ""Nicaragua"", ""562"": ""Niger"", ""566"": ""Nigeria"", ""570"": ""Niue"", ""574"": ""Norfolk Island"", ""578"": ""Norway"", ""580"": ""Northern Mariana Islands"", ""581"": ""United States Minor Outlying Islands"", ""583"": ""Micronesia, Federated States of"", ""584"": ""Marshall Islands"", ""585"": ""Palau"", ""586"": ""Pakistan"", ""591"": ""Panama"", ""598"": ""Papua New Guinea"", ""600"": ""Paraguay"", ""604"": ""Peru"", ""608"": ""Philippines"", ""612"": ""Pitcairn"", ""616"": ""Poland"", ""620"": ""Portugal"", ""624"": ""Guinea-Bissau"", ""626"": ""Timor-Leste"", ""630"": ""Puerto Rico"", ""634"": ""Qatar"", ""638"": ""Réunion"", ""642"": ""Romania"", ""643"": ""Russian Federation"", ""646"": ""Rwanda"", ""652"": ""Saint Barthélemy"", ""654"": ""Saint Helena, Ascension and Tristan da Cunha"", ""659"": ""Saint Kitts and Nevis"", ""660"": ""Anguilla"", ""662"": ""Saint Lucia"", ""663"": ""Saint Martin (French part)"", ""666"": ""Saint Pierre and Miquelon"", ""670"": ""Saint Vincent and the Grenadines"", ""674"": ""San Marino"", ""678"": ""Sao Tome and Principe"", ""682"": ""Saudi Arabia"", ""686"": ""Senegal"", ""688"": ""Serbia"", ""690"": ""Seychelles"", ""694"": ""Sierra Leone"", ""702"": ""Singapore"", ""703"": ""Slovakia"", ""704"": ""Viet Nam"", ""705"": ""Slovenia"", ""706"": ""Somalia"", ""710"": ""South Africa"", ""716"": ""Zimbabwe"", ""724"": ""Spain"", ""728"": ""South Sudan"", ""729"": ""Sudan"", ""732"": ""Western Sahara"", ""740"": ""Suriname"", ""744"": ""Svalbard and Jan Mayen"", ""748"": ""Swaziland"", ""752"": ""Sweden"", ""756"": ""Switzerland"", ""760"": ""Syrian Arab Republic"", ""762"": ""Tajikistan"", ""764"": ""Thailand"", ""768"": ""Togo"", ""772"": ""Tokelau"", ""776"": ""Tonga"", ""780"": ""Trinidad and Tobago"", ""784"": ""United Arab Emirates"", ""788"": ""Tunisia"", ""792"": ""Turkey"", ""795"": ""Turkmenistan"", ""796"": ""Turks and Caicos Islands"", ""798"": ""Tuvalu"", ""800"": ""Uganda"", ""804"": ""Ukraine"", ""807"": ""Macedonia, the former Yugoslav Republic of"", ""818"": ""Egypt"", ""826"": ""United Kingdom"", ""831"": ""Guernsey"", ""832"": ""Jersey"", ""833"": ""Isle of Man"", ""834"": ""Tanzania, United Republic of"", ""840"": ""United States"", ""850"": ""Virgin Islands, U.S."", ""854"": ""Burkina Faso"", ""858"": ""Uruguay"", ""860"": ""Uzbekistan"", ""862"": ""Venezuela, Bolivarian Republic of"", ""876"": ""Wallis and Futuna"", ""882"": ""Samoa"", ""887"": ""Yemen"", ""891"": ""Yugoslavia"", ""894"": ""Zambia"", ""915"": ""Kosovo"", ""996"": ""Some other country"", ""997"": ""Refused"", ""998"": ""Don't know"", ""999"": ""No answer""}",,,12.0,999.0
129,M_BORN,Mother's country of birth,float64,1218,0,10,"{""4"": ""Afghanistan"", ""8"": ""Albania"", ""10"": ""Antarctica"", ""12"": ""Algeria"", ""16"": ""American Samoa"", ""20"": ""Andorra"", ""24"": ""Angola"", ""28"": ""Antigua and Barbuda"", ""31"": ""Azerbaijan"", ""32"": ""Argentina"", ""36"": ""Australia"", ""40"": ""Austria"", ""44"": ""Bahamas"", ""48"": ""Bahrain"", ""50"": ""Bangladesh"", ""51"": ""Armenia"", ""52"": ""Barbados"", ""56"": ""Belgium"", ""60"": ""Bermuda"", ""64"": ""Bhutan"", ""68"": ""Bolivia, Plurinational State of"", ""70"": ""Bosnia and Herzegovina"", ""72"": ""Botswana"", ""74"": ""Bouvet Island"", ""76"": ""Brazil"", ""84"": ""Belize"", ""86"": ""British Indian Ocean Territory"", ""90"": ""Solomon Islands"", ""92"": ""Virgin Islands, British"", ""96"": ""Brunei Darussalam"", ""100"": ""Bulgaria"", ""104"": ""Myanmar"", ""108"": ""Burundi"", ""112"": ""Belarus"", ""116"": ""Cambodia"", ""120"": ""Cameroon"", ""124"": ""Canada"", ""132"": ""Cape Verde"", ""136"": ""Cayman Islands"", ""140"": ""Central African Republic"", ""144"": ""Sri Lanka"", ""148"": ""Chad"", ""152"": ""Chile"", ""156"": ""China"", ""158"": ""Taiwan"", ""162"": ""Christmas Island"", ""166"": ""Cocos (Keeling) Islands"", ""170"": ""Colombia"", ""174"": ""Comoros"", ""175"": ""Mayotte"", ""178"": ""Congo"", ""180"": ""Congo, the Democratic Republic of the"", ""184"": ""Cook Islands"", ""188"": ""Costa Rica"", ""191"": ""Croatia"", ""192"": ""Cuba"", ""196"": ""Cyprus"", ""203"": ""Czech Republic"", ""204"": ""Benin"", ""208"": ""Denmark"", ""212"": ""Dominica"", ""214"": ""Dominican Republic"", ""218"": ""Ecuador"", ""222"": ""El Salvador"", ""226"": ""Equatorial Guinea"", ""231"": ""Ethiopia"", ""232"": ""Eritrea"", ""233"": ""Estonia"", ""234"": ""Faroe Islands"", ""238"": ""Falkland Islands (Malvinas)"", ""239"": ""South Georgia and the South Sandwich Islands"", ""242"": ""Fiji"", ""246"": ""Finland"", ""248"": ""Åland Islands"", ""250"": ""France"", ""254"": ""French Guiana"", ""258"": ""French Polynesia"", ""260"": ""French Southern Territories"", ""262"": ""Djibouti"", ""266"": ""Gabon"", ""268"": ""Georgia"", ""270"": ""Gambia"", ""275"": ""Palestine, State of"", ""276"": ""Germany"", ""288"": ""Ghana"", ""292"": ""Gibraltar"", ""296"": ""Kiribati"", ""300"": ""Greece"", ""304"": ""Greenland"", ""308"": ""Grenada"", ""312"": ""Guadeloupe"", ""316"": ""Guam"", ""320"": ""Guatemala"", ""324"": ""Guinea"", ""328"": ""Guyana"", ""332"": ""Haiti"", ""334"": ""Heard Island and McDonald Islands"", ""336"": ""Holy See (Vatican City State)"", ""340"": ""Honduras"", ""344"": ""Hong Kong"", ""348"": ""Hungary"", ""352"": ""Iceland"", ""356"": ""India"", ""360"": ""Indonesia"", ""364"": ""Iran, Islamic Republic of"", ""368"": ""Iraq"", ""372"": ""Ireland"", ""376"": ""Israel"", ""380"": ""Italy"", ""384"": ""Côte d'Ivoire"", ""388"": ""Jamaica"", ""392"": ""Japan"", ""398"": ""Kazakhstan"", ""400"": ""Jordan"", ""404"": ""Kenya"", ""408"": ""Korea, Democratic People's Republic of"", ""410"": ""Korea, Republic of"", ""414"": ""Kuwait"", ""417"": ""Kyrgyzstan"", ""418"": ""Lao People's Democratic Republic"", ""422"": ""Lebanon"", ""426"": ""Lesotho"", ""428"": ""Latvia"", ""430"": ""Liberia"", ""434"": ""Libya"", ""438"": ""Liechtenstein"", ""440"": ""Lithuania"", ""442"": ""Luxembourg"", ""446"": ""Macao"", ""450"": ""Madagascar"", ""454"": ""Malawi"", ""458"": ""Malaysia"", ""462"": ""Maldives"", ""466"": ""Mali"", ""470"": ""Malta"", ""474"": ""Martinique"", ""478"": ""Mauritania"", ""480"": ""Mauritius"", ""484"": ""Mexico"", ""492"": ""Monaco"", ""496"": ""Mongolia"", ""498"": ""Moldova, Republic of"", ""499"": ""Montenegro"", ""500"": ""Montserrat"", ""504"": ""Morocco"", ""508"": ""Mozambique"", ""512"": ""Oman"", ""516"": ""Namibia"", ""520"": ""Nauru"", ""524"": ""Nepal"", ""528"": ""Netherlands"", ""531"": ""Curaçao"", ""533"": ""Aruba"", ""534"": ""Sint Maarten (Dutch part)"", ""535"": ""Bonaire, Sint Eustatius and Saba"", ""540"": ""New Caledonia"", ""548"": ""Vanuatu"", ""554"": ""New Zealand"", ""558"": ""Nicaragua"", ""562"": ""Niger"", ""566"": ""Nigeria"", ""570"": ""Niue"", ""574"": ""Norfolk Island"", ""578"": ""Norway"", ""580"": ""Northern Mariana Islands"", ""581"": ""United States Minor Outlying Islands"", ""583"": ""Micronesia, Federated States of"", ""584"": ""Marshall Islands"", ""585"": ""Palau"", ""586"": ""Pakistan"", ""591"": ""Panama"", ""598"": ""Papua New Guinea"", ""600"": ""Paraguay"", ""604"": ""Peru"", ""608"": ""Philippines"", ""612"": ""Pitcairn"", ""616"": ""Poland"", ""620"": ""Portugal"", ""624"": ""Guinea-Bissau"", ""626"": ""Timor-Leste"", ""630"": ""Puerto Rico"", ""634"": ""Qatar"", ""638"": ""Réunion"", ""642"": ""Romania"", ""643"": ""Russian Federation"", ""646"": ""Rwanda"", ""652"": ""Saint Barthélemy"", ""654"": ""Saint Helena, Ascension and Tristan da Cunha"", ""659"": ""Saint Kitts and Nevis"", ""660"": ""Anguilla"", ""662"": ""Saint Lucia"", ""663"": ""Saint Martin (French part)"", ""666"": ""Saint Pierre and Miquelon"", ""670"": ""Saint Vincent and the Grenadines"", ""674"": ""San Marino"", ""678"": ""Sao Tome and Principe"", ""682"": ""Saudi Arabia"", ""686"": ""Senegal"", ""688"": ""Serbia"", ""690"": ""Seychelles"", ""694"": ""Sierra Leone"", ""702"": ""Singapore"", ""703"": ""Slovakia"", ""704"": ""Viet Nam"", ""705"": ""Slovenia"", ""706"": ""Somalia"", ""710"": ""South Africa"", ""716"": ""Zimbabwe"", ""724"": ""Spain"", ""728"": ""South Sudan"", ""729"": ""Sudan"", ""732"": ""Western Sahara"", ""740"": ""Suriname"", ""744"": ""Svalbard and Jan Mayen"", ""748"": ""Swaziland"", ""752"": ""Sweden"", ""756"": ""Switzerland"", ""760"": ""Syrian Arab Republic"", ""762"": ""Tajikistan"", ""764"": ""Thailand"", ""768"": ""Togo"", ""772"": ""Tokelau"", ""776"": ""Tonga"", ""780"": ""Trinidad and Tobago"", ""784"": ""United Arab Emirates"", ""788"": ""Tunisia"", ""792"": ""Turkey"", ""795"": ""Turkmenistan"", ""796"": ""Turks and Caicos Islands"", ""798"": ""Tuvalu"", ""800"": ""Uganda"", ""804"": ""Ukraine"", ""807"": ""Macedonia, the former Yugoslav Republic of"", ""818"": ""Egypt"", ""826"": ""United Kingdom"", ""831"": ""Guernsey"", ""832"": ""Jersey"", ""833"": ""Isle of Man"", ""834"": ""Tanzania, United Republic of"", ""840"": ""United States"", ""850"": ""Virgin Islands, U.S."", ""854"": ""Burkina Faso"", ""858"": ""Uruguay"", ""860"": ""Uzbekistan"", ""862"": ""Venezuela, Bolivarian Republic of"", ""876"": ""Wallis and Futuna"", ""882"": ""Samoa"", ""887"": ""Yemen"", ""891"": ""Yugoslavia"", ""894"": ""Zambia"", ""915"": ""Kosovo"", ""996"": ""Some other country"", ""997"": ""Refused"", ""998"": ""Don't know"", ""999"": ""No answer""}",,,12.0,999.0
130,URBRURAL,Place of living: urban - rural,float64,1218,0,4,"{""1"": ""A big city"", ""2"": ""The suburbs or outskirts of a big city"", ""3"": ""A town or a small city"", ""4"": ""A country village"", ""5"": ""A farm or home in the country"", ""9"": ""No answer""}",,,1.0,4.0
131,TN_REG,Country specific region: Tunisia,float64,1218,0,120,"{""1"": ""Ouled Amor el Alâa"", ""2"": ""Rakada Kairouan Sud"", ""3"": ""El Menchia Kairouan Nord"", ""4"": ""Sisseb Sbikha"", ""5"": ""Ouled Farjallah Sud Echrarda"", ""6"": ""El Ooueslatia Ouest"", ""7"": ""Khzema Sousse"", ""8"": ""Mannouba"", ""9"": ""El Kobbâa Oued Ellil"", ""10"": ""Chaouat Djedeida"", ""11"": ""Cité Ennassim Douar Hicher"", ""12"": ""El Mourouj 5"", ""13"": ""Hammem Chôtt"", ""14"": ""Mornag"", ""15"": ""Rades Foret"", ""16"": ""Nâassen Fouchana"", ""17"": ""Bouficha"", ""18"": ""Menzel Dar bel Ouaer Enfidha"", ""19"": ""El Jerabâa Kalâa Kbira"", ""20"": ""Sahloul"", ""21"": ""Oued Blibane"", ""22"": ""Taied Mhiri Sousse sidi Abdelhamid"", ""23"": ""Er-Ribat Monastir"", ""24"": ""El Helia 2 Monastir"", ""25"": ""Ouerdanine Sud"", ""26"": ""Cité Erriadh Ksar Helal"", ""27"": ""El Aîaîcha Teboulba"", ""28"": ""Mezouagha Zermadine"", ""29"": ""Essouassi"", ""30"": ""Es-Zaouia El Djem"", ""31"": ""Es-Sâad Mahdia"", ""32"": ""Réjiche Sud Mahdia"", ""33"": ""Smenja Bir Mchergua"", ""34"": ""Zaghouan Ville"", ""35"": ""Tinja"", ""36"": ""Bazina Djoumine"", ""37"": ""Menzel Djemil"", ""38"": ""RafRaf Ras djbel"", ""39"": ""Ras El Djebel Sud"", ""40"": ""Borj-Chakir Sidi Hassine"", ""41"": ""14-Janvier Sidi Hassine"", ""42"": ""El-Hraïria"", ""43"": ""Cité El Intilaka El Omrane Supérieur"", ""44"": ""Ras Tabia El Omrane"", ""45"": ""Sijoumi"", ""46"": ""Bab Mnara"", ""47"": ""Le Kram Ouest"", ""48"": ""La Marsa Medina"", ""49"": ""Ibn Sina Kabareya"", ""50"": ""Khaznadar Bardo"", ""51"": ""Cité El khadhra Farhat Hached"", ""52"": ""Mongi Selim Mohamedia"", ""53"": ""Soliman Sud"", ""54"": ""Bou Argoub Grombalia"", ""55"": ""Grombalia"", ""56"": ""Tazerka Korba"", ""57"": ""Hammamet Nord"", ""58"": ""Hamamet Nord"", ""59"": ""Malloul"", ""60"": ""Somâa Bni khiar"", ""61"": ""Kelibia Ouest"", ""62"": ""Ennour sidi Bouzid Ouest"", ""63"": ""Ghiriouis Souk Jdid"", ""64"": ""Ouled Haffouz"", ""65"": ""Dheouibet Nord Ouled Haffouz"", ""66"": ""El Ayoun Kalaat ouled Askar"", ""67"": ""Madina Fathla"", ""68"": ""Dar Fadhal"", ""69"": ""Mnihla"", ""70"": ""Bejawa Sidi Thabet"", ""71"": ""Kalaat Andalous"", ""72"": ""El Menzah V"", ""73"": ""El Marja"", ""74"": ""Ezzghaida"", ""75"": ""Ouechtata Ghar Dimaw"", ""76"": ""Ouachtata Nefza"", ""77"": ""Dahmani"", ""78"": ""Oued Remel sud Kef Ouest"", ""79"": ""Oued Rmel Nord Kef Ouest"", ""80"": ""Zarzouna"", ""81"": ""El Mounchar"", ""82"": ""El Manar"", ""83"": ""Raîhane Tabarka"", ""84"": ""Ennour Est Kasserine Nord"", ""85"": ""Soula Majel Bel Abess"", ""86"": ""Sbiba"", ""87"": ""Ech-Chaffaï Thala"", ""88"": ""Machrek Ech-Chams Sbeitla"", ""89"": ""El Joui Siliana Nod"", ""90"": ""Makther"", ""91"": ""Cité Wafa El Yassminet La nouvelle Medina"", ""92"": ""El Hachene"", ""93"": ""Midoun"", ""94"": ""Darjaoua Sidi Makhlouf"", ""95"": ""Medenine Nord"", ""96"": ""El Mâamerat Ben Guerdane"", ""97"": ""El Galâa Est Tataouine Nord"", ""98"": ""El Bassatine Bir Lahmar"", ""99"": ""Bou Helal Degach"", ""100"": ""1er Juin Nefta"", ""101"": ""Kebili Est"", ""102"": ""El Gattaya"", ""103"": ""Taniour Sakiet Ezzit"", ""104"": ""Cité El Kairi Sfax ville"", ""105"": ""El Louza"", ""106"": ""El Hajeb Tina"", ""107"": ""El Gandoul Bir Ali Ben Kelifa"", ""108"": ""El Aouadhna Manzel Chaker"", ""109"": ""Bouzaîane Sfax Sud"", ""110"": ""Cité Bourguiba Sakiet eddaier"", ""111"": ""15 Novembre Sfax Ville"", ""112"": ""El Moula Gafsa Sud"", ""113"": ""Sahib Mdhila"", ""114"": ""Redayef Gare"", ""115"": ""Sned-Nord"", ""116"": ""Bou-Chemma Gabes Ouest"", ""117"": ""Zrig Eddakhlania Gabes Sud"", ""118"": ""Nouvelle Matmata"", ""119"": ""Arram Mareth"", ""120"": ""Soukra Sfax Ouest""}",,,1.0,120.0
132,CASEID,ID Number of Respondent,float64,1218,0,1218,,,,2018007880000001.0,2018007880001218.0
133,SUBSCASE,Case substitution flag,float64,1218,0,1,"{""0"": ""No substitution in this survey"", ""1"": ""Case from original sample"", ""2"": ""Case substituted"", ""9"": ""Not provided""}",,,9.0,9.0
134,DATEYR,Year of interview: YYYY (four digits),float64,1218,0,1,"{""2017"": ""Year 2017"", ""2018"": ""Year 2018"", ""2019"": ""Year 2019""}",,,2018.0,2018.0
135,DATEMO,Month of interview: MM (two digits),float64,1218,0,1,"{""1"": ""January"", ""2"": ""February"", ""3"": ""March"", ""4"": ""April"", ""5"": ""May"", ""6"": ""June"", ""7"": ""July"", ""8"": ""August"", ""9"": ""September"", ""10"": ""October"", ""11"": ""November"", ""12"": ""December"", ""99"": ""Not provided""}",,,99.0,99.0
136,DATEDY,Day of interview: DD (two digits),float64,1218,0,1,"{""1"": ""01."", ""31"": ""31."", ""99"": ""Not provided""}",,,99.0,99.0
137,WEIGHT,Weight,float64,0,1218,0,"{""1"": ""No weighting""}",,,,
138,MODE,Administrative mode of data-collection,float64,1218,0,1,"{""10"": ""Face-to-face, PAPI, no visuals"", ""11"": ""Face-to-face, PAPI, visuals"", ""12"": ""Face-to-face, PAPI, respondent reading questionnaire"", ""13"": ""Face-to-face, PAPI, interpreter or translator, no visuals"", ""14"": ""Face-to-face, PAPI, interpreter or translator, visuals"", ""20"": ""CAPI, computer assisted personal interview, no visuals"", ""21"": ""CAPI, computer assisted personal interview, visuals"", ""22"": ""CAPI, respondent reading questionnaire (paper or on monitor)"", ""23"": ""CAPI, interpreter or translator, no visuals"", ""24"": ""CAPI, interpreter or translator, visuals"", ""30"": ""Self completion, arrives with interviewer, interviewer attending"", ""31"": ""Self completion, arrives with interviewer, drops-off, picks up later"", ""32"": ""Self completion, arrives with interviewer, drops-off, mailed back by R"", ""33"": ""Self completion, mailed to, completed by R and hold for pick up"", ""34"": ""Self completion, mailed to, mailed back by Respondent"", ""40"": ""CASI, computer-assisted self-completion interview"", ""41"": ""Self-completion, web questionnaire"", ""50"": ""CAWI, computer assisted web interview"", ""60"": ""CATI, computer assisted telephone interview"", ""99"": ""Not provided""}",,,99.0,99.0
139,PARTIALS,,float64,1218,0,1,"{""-1"": ""Break-off (<50 % answered)"", ""0"": ""Partial interview (50-80 % answered)"", ""1"": ""Complete interview (> 80 % answered)""}",,,1.0,1.0
