position,variable,label,storage_type,n_valid,n_missing,n_distinct,value_labels,observed_values,sentinel_codes,min,max
1,RESPNO,Respondent number,str,1200,0,1200,,,,,
2,URBRUR,Urban or Rural Primary Sampling Unit,float64,1200,0,2,"{""1"": ""Urban"", ""2"": ""Rural""}",,,1.0,2.0
3,REGION,Province or region,float64,1200,0,7,"{""1580"": ""Great Tunis"", ""1581"": ""North East"", ""1582"": ""North West"", ""1583"": ""Center East"", ""1584"": ""Center West"", ""1585"": ""South East"", ""1586"": ""South West""}",,,1580.0,1586.0
4,EA_SVC_A,EA-SVC-A. Electricity grid in the PSU/EA,float64,1200,0,1,"{""-1"": ""Missing"", ""0"": ""No"", ""1"": ""Yes"", ""9"": ""Can't determine""}",,,1.0,1.0
5,EA_SVC_B,EA-SVC-B. Piped water system in the PSU/EA,float64,1200,0,2,"{""-1"": ""Missing"", ""0"": ""No"", ""1"": ""Yes"", ""9"": ""Can't determine""}",,,0.0,1.0
6,EA_SVC_C,EA-SVC-C. Sewage system in the PSU/EA,float64,1200,0,2,"{""-1"": ""Missing"", ""0"": ""No"", ""1"": ""Yes"", ""9"": ""Can't determine""}",,,0.0,1.0
7,EA_SVC_D,EA-SVC-D. Cell phone service in the PSU/EA,float64,1200,0,3,"{""-1"": ""Missing"", ""0"": ""No"", ""1"": ""Yes"", ""9"": ""Can't determine""}",,,0.0,9.0
8,EA_SVC_E,EA-SVC-E.  Borehole or tubewell in PSU/EA,float64,1200,0,3,"{""-1"": ""Missing"", ""0"": ""No"", ""1"": ""Yes"", ""9"": ""Can't determine""}",,,0.0,9.0
9,EA_FAC_A,EA-FAC-A. Post office in the PSU/EA,float64,1200,0,2,"{""-1"": ""Missing"", ""0"": ""No"", ""1"": ""Yes"", ""9"": ""Can't determine""}",,,0.0,1.0
10,EA_FAC_B,EA-FAC-B. School in the PSU/EA,float64,1200,0,2,"{""-1"": ""Missing"", ""0"": ""No"", ""1"": ""Yes"", ""9"": ""Can't determine""}",,,0.0,1.0
11,EA_FAC_C,EA-FAC-C. Police station in the PSU/EA,float64,1200,0,2,"{""-1"": ""Missing"", ""0"": ""No"", ""1"": ""Yes"", ""9"": ""Can't determine""}",,,0.0,1.0
12,EA_FAC_D,EA-FAC-D. Health Clinic in the PSU/EA,float64,1200,0,3,"{""-1"": ""Missing"", ""0"": ""No"", ""1"": ""Yes"", ""9"": ""Can't determine""}",,,0.0,9.0
13,EA_FAC_E,EA-FAC-E. Market stalls in the PSU/EA,float64,1200,0,2,"{""-1"": ""Missing"", ""0"": ""No"", ""1"": ""Yes"", ""9"": ""Can't determine""}",,,0.0,1.0
14,EA_FAC_F,EA-FAC-F. Bank or money services in the PSU/EA,float64,1200,0,3,"{""-1"": ""Missing"", ""0"": ""No"", ""1"": ""Yes"", ""9"": ""Can't determine""}",,,0.0,9.0
15,EA_FAC_G,EA-FAC-G. Paid transport in the PSU/EA,float64,1200,0,2,"{""-1"": ""Missing"", ""0"": ""No"", ""1"": ""Yes"", ""9"": ""Can't determine""}",,,0.0,1.0
16,EA_SEC_A,EA-SEC-A. Police in the PSU/EA,float64,1200,0,2,"{""-1"": ""Missing"", ""0"": ""No"", ""1"": ""Yes"", ""9"": ""Can't determine""}",,,0.0,1.0
17,EA_SEC_B,EA-SEC-B. Soldiers/army in the PSU/EA,float64,1200,0,2,"{""-1"": ""Missing"", ""0"": ""No"", ""1"": ""Yes"", ""9"": ""Can't determine""}",,,0.0,1.0
18,EA_SEC_C,EA-SEC-C. Roadblocks by police/army in the PSU/EA,float64,1200,0,2,"{""-1"": ""Missing"", ""0"": ""No"", ""1"": ""Yes"", ""9"": ""Can't determine""}",,,0.0,1.0
19,EA_SEC_D,EA-SEC-D. Customs checkpoints in the PSU/EA,float64,1200,0,3,"{""-1"": ""Missing"", ""0"": ""No"", ""1"": ""Yes"", ""9"": ""Can't determine""}",,,0.0,9.0
20,EA_SEC_E,EA-SEC-E. Roadblocks by private security/local community in the PSU/EA,float64,1200,0,2,"{""-1"": ""Missing"", ""0"": ""No"", ""1"": ""Yes"", ""9"": ""Can't determine""}",,,0.0,1.0
21,EA_ROAD_A,EA-ROAD-A. Road surface at start point,float64,1200,0,6,"{""-1"": ""Missing"", ""1"": ""Earth"", ""2"": ""Gravel"", ""3"": ""Stone"", ""4"": ""Muram"", ""5"": ""Paved/ Tarred"", ""6"": ""Concrete""}",,,1.0,6.0
22,EA_ROAD_B,EA-ROAD-B. Road surface last 5 km,float64,1200,0,6,"{""-1"": ""Missing"", ""1"": ""Earth"", ""2"": ""Gravel"", ""3"": ""Stone"", ""4"": ""Muram"", ""5"": ""Paved/ Tarred"", ""6"": ""Concrete""}",,,1.0,6.0
23,EA_ROAD_C,EA-ROAD-C. Road condition last 5 km,float64,1200,0,6,"{""-1"": ""Missing"", ""1"": ""Impassable"", ""2"": ""Very poor"", ""3"": ""Poor"", ""4"": ""Fair"", ""5"": ""Good"", ""6"": ""Very good""}",,,1.0,6.0
24,NOCALL_1,Reason for Unsuccessful Call Household 1,float64,1200,0,8,"{""-1"": ""Missing"", ""1"": ""Refused to be interviewed"", ""2"": ""Person selected was never at home after at least two visits"", ""3"": ""Household/Premises empty for the survey period after at least two visits"", ""4"": ""Not a citizen/Spoke only a foreign language"", ""5"": ""Deaf/Did not speak a survey language"", ""6"": ""Did not fit gender quota"", ""7"": ""No adults in household"", ""8"": ""Other (specify)"", ""9997"": ""Interview was successful""}",,,1.0,9997.0
25,NOCALL_1OTHER,Reason for Unsuccessful Call Household 1 (Verbatim),str,4,1196,3,,"[""NOT ABLE TO DO THE INTERVIEW"", ""SICK"", ""SLEEPING""]",,,
26,NOCALL_2,Reason for Unsuccessful Call Household 2,float64,1200,0,9,"{""-1"": ""Missing"", ""1"": ""Refused to be interviewed"", ""2"": ""Person selected was never at home after at least two visits"", ""3"": ""Household/Premises empty for the survey period after at least two visits"", ""4"": ""Not a citizen/Spoke only a foreign language"", ""5"": ""Deaf/Did not speak a survey language"", ""6"": ""Did not fit gender quota"", ""7"": ""No adults in household"", ""8"": ""Other (specify)"", ""9997"": ""Interview was successful""}",,,1.0,9997.0
27,NOCALL_2OTHER,Reason for Unsuccessful Call Household 2 (Verbatim),str,2,1198,2,,"[""SICK"", ""SLEEPING""]",,,
28,NOCALL_3,Reason for Unsuccessful Call Household 3,float64,1200,0,9,"{""-1"": ""Missing"", ""1"": ""Refused to be interviewed"", ""2"": ""Person selected was never at home after at least two visits"", ""3"": ""Household/Premises empty for the survey period after at least two visits"", ""4"": ""Not a citizen/Spoke only a foreign language"", ""5"": ""Deaf/Did not speak a survey language"", ""6"": ""Did not fit gender quota"", ""7"": ""No adults in household"", ""8"": ""Other (specify)"", ""9997"": ""Interview was successful""}",,,1.0,9997.0
29,NOCALL_3OTHER,Reason for Unsuccessful Call Household 3 (Verbatim),str,1,1199,1,,"[""SICK""]",,,
30,NOCALL_4,Reason for Unsuccessful Call Household 4,float64,1200,0,8,"{""-1"": ""Missing"", ""1"": ""Refused to be interviewed"", ""2"": ""Person selected was never at home after at least two visits"", ""3"": ""Household/Premises empty for the survey period after at least two visits"", ""4"": ""Not a citizen/Spoke only a foreign language"", ""5"": ""Deaf/Did not speak a survey language"", ""6"": ""Did not fit gender quota"", ""7"": ""No adults in household"", ""8"": ""Other (specify)"", ""9997"": ""Interview was successful""}",,,1.0,9997.0
31,NOCALL_4OTHER,Reason for Unsuccessful Call Household 4 (Verbatim),str,1,1199,1,,"[""SICK""]",,,
32,NOCALL_5,Reason for Unsuccessful Call Household 5,float64,1200,0,8,"{""-1"": ""Missing"", ""1"": ""Refused to be interviewed"", ""2"": ""Person selected was never at home after at least two visits"", ""3"": ""Household/Premises empty for the survey period after at least two visits"", ""4"": ""Not a citizen/Spoke only a foreign language"", ""5"": ""Deaf/Did not speak a survey language"", ""6"": ""Did not fit gender quota"", ""7"": ""No adults in household"", ""8"": ""Other (specify)"", ""9997"": ""Interview was successful""}",,,1.0,9997.0
33,NOCALL_6,Reason for Unsuccessful Call Household 6,float64,1200,0,6,"{""-1"": ""Missing"", ""1"": ""Refused to be interviewed"", ""2"": ""Person selected was never at home after at least two visits"", ""3"": ""Household/Premises empty for the survey period after at least two visits"", ""4"": ""Not a citizen/Spoke only a foreign language"", ""5"": ""Deaf/Did not speak a survey language"", ""6"": ""Did not fit gender quota"", ""7"": ""No adults in household"", ""8"": ""Other (specify)"", ""9997"": ""Interview was successful""}",,,1.0,9997.0
34,NOCALL_7,Reason for Unsuccessful Call Household 7,float64,1200,0,8,"{""-1"": ""Missing"", ""1"": ""Refused to be interviewed"", ""2"": ""Person selected was never at home after at least two visits"", ""3"": ""Household/Premises empty for the survey period after at least two visits"", ""4"": ""Not a citizen/Spoke only a foreign language"", ""5"": ""Deaf/Did not speak a survey language"", ""6"": ""Did not fit gender quota"", ""7"": ""No adults in household"", ""8"": ""Other (specify)"", ""9997"": ""Interview was successful""}",,,1.0,9997.0
35,NOCALL_7OTHER,Reason for Unsuccessful Call Household 7 (Verbatim),str,1,1199,1,,"[""SICK""]",,,
36,NOCALL_8,Reason for Unsuccessful Call Household 8,float64,1200,0,7,"{""-1"": ""Missing"", ""1"": ""Refused to be interviewed"", ""2"": ""Person selected was never at home after at least two visits"", ""3"": ""Household/Premises empty for the survey period after at least two visits"", ""4"": ""Not a citizen/Spoke only a foreign language"", ""5"": ""Deaf/Did not speak a survey language"", ""6"": ""Did not fit gender quota"", ""7"": ""No adults in household"", ""8"": ""Other (specify)"", ""9997"": ""Interview was successful""}",,,1.0,9997.0
37,NOCALL_9,Reason for Unsuccessful Call Household 9,float64,1200,0,7,"{""-1"": ""Missing"", ""1"": ""Refused to be interviewed"", ""2"": ""Person selected was never at home after at least two visits"", ""3"": ""Household/Premises empty for the survey period after at least two visits"", ""4"": ""Not a citizen/Spoke only a foreign language"", ""5"": ""Deaf/Did not speak a survey language"", ""6"": ""Did not fit gender quota"", ""7"": ""No adults in household"", ""8"": ""Other (specify)"", ""9997"": ""Interview was successful""}",,,1.0,9997.0
38,NOCALL_10,Reason for Unsuccessful Call Household 10,float64,1200,0,8,"{""-1"": ""Missing"", ""1"": ""Refused to be interviewed"", ""2"": ""Person selected was never at home after at least two visits"", ""3"": ""Household/Premises empty for the survey period after at least two visits"", ""4"": ""Not a citizen/Spoke only a foreign language"", ""5"": ""Deaf/Did not speak a survey language"", ""6"": ""Did not fit gender quota"", ""7"": ""No adults in household"", ""8"": ""Other (specify)"", ""9997"": ""Interview was successful""}",,,1.0,9997.0
39,NOCALL_11,Reason for Unsuccessful Call Household 11,float64,1200,0,5,"{""-1"": ""Missing"", ""1"": ""Refused to be interviewed"", ""2"": ""Person selected was never at home after at least two visits"", ""3"": ""Household/Premises empty for the survey period after at least two visits"", ""4"": ""Not a citizen/Spoke only a foreign language"", ""5"": ""Deaf/Did not speak a survey language"", ""6"": ""Did not fit gender quota"", ""7"": ""No adults in household"", ""8"": ""Other (specify)"", ""9997"": ""Interview was successful""}",,,1.0,9997.0
40,NOCALL_12,Reason for Unsuccessful Call Household 12,float64,1200,0,6,"{""-1"": ""Missing"", ""1"": ""Refused to be interviewed"", ""2"": ""Person selected was never at home after at least two visits"", ""3"": ""Household/Premises empty for the survey period after at least two visits"", ""4"": ""Not a citizen/Spoke only a foreign language"", ""5"": ""Deaf/Did not speak a survey language"", ""6"": ""Did not fit gender quota"", ""7"": ""No adults in household"", ""8"": ""Other (specify)"", ""9997"": ""Interview was successful""}",,,1.0,9997.0
41,NOCALL_13,Reason for Unsuccessful Call Household 13,float64,1200,0,6,"{""-1"": ""Missing"", ""1"": ""Refused to be interviewed"", ""2"": ""Person selected was never at home after at least two visits"", ""3"": ""Household/Premises empty for the survey period after at least two visits"", ""4"": ""Not a citizen/Spoke only a foreign language"", ""5"": ""Deaf/Did not speak a survey language"", ""6"": ""Did not fit gender quota"", ""7"": ""No adults in household"", ""8"": ""Other (specify)"", ""9997"": ""Interview was successful""}",,,1.0,9997.0
42,NOCALL_14,Reason for Unsuccessful Call Household 14,float64,1200,0,6,"{""-1"": ""Missing"", ""1"": ""Refused to be interviewed"", ""2"": ""Person selected was never at home after at least two visits"", ""3"": ""Household/Premises empty for the survey period after at least two visits"", ""4"": ""Not a citizen/Spoke only a foreign language"", ""5"": ""Deaf/Did not speak a survey language"", ""6"": ""Did not fit gender quota"", ""7"": ""No adults in household"", ""8"": ""Other (specify)"", ""9997"": ""Interview was successful""}",,,1.0,9997.0
43,NOCALL_15,Reason for Unsuccessful Call Household 15,float64,1200,0,8,"{""-1"": ""Missing"", ""1"": ""Refused to be interviewed"", ""2"": ""Person selected was never at home after at least two visits"", ""3"": ""Household/Premises empty for the survey period after at least two visits"", ""4"": ""Not a citizen/Spoke only a foreign language"", ""5"": ""Deaf/Did not speak a survey language"", ""6"": ""Did not fit gender quota"", ""7"": ""No adults in household"", ""8"": ""Other (specify)"", ""9997"": ""Interview was successful""}",,,1.0,9997.0
44,NOCALL_16,Reason for Unsuccessful Call Household 16,float64,1200,0,6,"{""-1"": ""Missing"", ""1"": ""Refused to be interviewed"", ""2"": ""Person selected was never at home after at least two visits"", ""3"": ""Household/Premises empty for the survey period after at least two visits"", ""4"": ""Not a citizen/Spoke only a foreign language"", ""5"": ""Deaf/Did not speak a survey language"", ""6"": ""Did not fit gender quota"", ""7"": ""No adults in household"", ""8"": ""Other (specify)"", ""9997"": ""Interview was successful""}",,,1.0,9997.0
45,NOCALL_17,Reason for Unsuccessful Call Household 17,float64,1200,0,5,"{""-1"": ""Missing"", ""1"": ""Refused to be interviewed"", ""2"": ""Person selected was never at home after at least two visits"", ""3"": ""Household/Premises empty for the survey period after at least two visits"", ""4"": ""Not a citizen/Spoke only a foreign language"", ""5"": ""Deaf/Did not speak a survey language"", ""6"": ""Did not fit gender quota"", ""7"": ""No adults in household"", ""8"": ""Other (specify)"", ""9997"": ""Interview was successful""}",,,1.0,9997.0
46,NOCALL_18,Reason for Unsuccessful Call Household 18,float64,1200,0,7,"{""-1"": ""Missing"", ""1"": ""Refused to be interviewed"", ""2"": ""Person selected was never at home after at least two visits"", ""3"": ""Household/Premises empty for the survey period after at least two visits"", ""4"": ""Not a citizen/Spoke only a foreign language"", ""5"": ""Deaf/Did not speak a survey language"", ""6"": ""Did not fit gender quota"", ""7"": ""No adults in household"", ""8"": ""Other (specify)"", ""9997"": ""Interview was successful""}",,,1.0,9997.0
47,NOCALL_19,Reason for Unsuccessful Call Household 19,float64,1200,0,7,"{""-1"": ""Missing"", ""1"": ""Refused to be interviewed"", ""2"": ""Person selected was never at home after at least two visits"", ""3"": ""Household/Premises empty for the survey period after at least two visits"", ""4"": ""Not a citizen/Spoke only a foreign language"", ""5"": ""Deaf/Did not speak a survey language"", ""6"": ""Did not fit gender quota"", ""7"": ""No adults in household"", ""8"": ""Other (specify)"", ""9997"": ""Interview was successful""}",,,1.0,9997.0
48,NOCALL_20,Reason for Unsuccessful Call Household 20,float64,1200,0,1,"{""-1"": ""Missing"", ""1"": ""Refused to be interviewed"", ""2"": ""Person selected was never at home after at least two visits"", ""3"": ""Household/Premises empty for the survey period after at least two visits"", ""4"": ""Not a citizen/Spoke only a foreign language"", ""5"": ""Deaf/Did not speak a survey language"", ""6"": ""Did not fit gender quota"", ""7"": ""No adults in household"", ""8"": ""Other (specify)"", ""9997"": ""Interview was successful""}",,,9997.0,9997.0
49,THISINT,"This interview, gender",float64,1200,0,2,"{""1"": ""Male"", ""2"": ""Female""}",,,1.0,2.0
50,ADULT_CT,Number of adults in household,float64,1200,0,10,"{""-1"": ""Missing""}",,[-1],-1.0,11.0
51,CALLS,Number of calls,float64,1200,0,2,,,,1.0,2.0
52,DATEINTR,Date of interview,object,1200,0,24,,"[""2020-02-24"", ""2020-02-25"", ""2020-02-26"", ""2020-02-27"", ""2020-02-28"", ""2020-02-29"", ""2020-03-01"", ""2020-03-02"", ""2020-03-03"", ""2020-03-04"", ""2020-03-05"", ""2020-03-06"", ""2020-03-07"", ""2020-03-08"", ""2020-03-09"", ""2020-03-10"", ""2020-03-11"", ""2020-03-12"", ""2020-03-13"", ""2020-03-14"", ""2020-03-15"", ""2020-03-16"", ""2020-03-17"", ""2020-03-18""]",,,
53,STRTIME,Time interview started,object,1200,0,466,,,,,
54,Q1,Q1. Age,float64,1200,0,68,"{""-1"": ""Missing"", ""999"": ""Don't know""}",,,18.0,999.0
55,Q2,Q2. Language spoken in home,float64,1200,0,5,"{""-1"": ""Missing"", ""2"": ""French"", ""1580"": ""Arabic"", ""1581"": ""Berber language"", ""1582"": ""Tunisian Arabic"", ""9995"": ""Other"", ""9998"": ""Refused"", ""9999"": ""Don't know""}",,,2.0,9999.0
56,Q3,Q3. Overall direction of the country,float64,1200,0,4,"{""-1"": ""Missing"", ""1"": ""Going in the wrong direction"", ""2"": ""Going in the right direction"", ""8"": ""Refused"", ""9"": ""Don't know""}",,,1.0,9.0
57,Q4A,Q4a. Country’s present economic condition,float64,1200,0,6,"{""-1"": ""Missing"", ""1"": ""Very Bad"", ""2"": ""Fairly Bad"", ""3"": ""Neither good nor bad"", ""4"": ""Fairly Good"", ""5"": ""Very good"", ""8"": ""Refused"", ""9"": ""Don't know""}",,,1.0,9.0
58,Q4B,Q4b. Your present living conditions,float64,1200,0,6,"{""-1"": ""Missing"", ""1"": ""Very Bad"", ""2"": ""Fairly Bad"", ""3"": ""Neither good nor bad"", ""4"": ""Fairly Good"", ""5"": ""Very good"", ""8"": ""Refused"", ""9"": ""Don't know""}",,,1.0,9.0
59,Q5,Q5. Treated unfairly by government based on economic status,float64,1200,0,6,"{""-1"": ""Missing"", ""0"": ""Never"", ""1"": ""Sometimes"", ""2"": ""Often"", ""3"": ""Always"", ""8"": ""Refused"", ""9"": ""Don’t know""}",,,0.0,9.0
60,Q6A,Q6a. Country’s economic condition compared to 12 months ago,float64,1200,0,7,"{""-1"": ""Missing"", ""1"": ""Much worse"", ""2"": ""Worse"", ""3"": ""Same"", ""4"": ""Better"", ""5"": ""Much better"", ""8"": ""Refused"", ""9"": ""Don’t know""}",,,1.0,9.0
61,Q6B,Q6b. Country’s economic condition in 12 months’ time,float64,1200,0,7,"{""-1"": ""Missing"", ""1"": ""Much worse"", ""2"": ""Worse"", ""3"": ""Same"", ""4"": ""Better"", ""5"": ""Much better"", ""8"": ""Refused"", ""9"": ""Don’t know""}",,,1.0,9.0
62,Q7A,Q7a. How often gone without food,float64,1200,0,6,"{""-1"": ""Missing"", ""0"": ""Never"", ""1"": ""Just once or twice"", ""2"": ""Several times"", ""3"": ""Many times"", ""4"": ""Always"", ""8"": ""Refused"", ""9"": ""Don't know""}",,,0.0,9.0
63,Q7B,Q7b. How often gone without water,float64,1200,0,6,"{""-1"": ""Missing"", ""0"": ""Never"", ""1"": ""Just once or twice"", ""2"": ""Several times"", ""3"": ""Many times"", ""4"": ""Always"", ""8"": ""Refused"", ""9"": ""Don't know""}",,,0.0,9.0
64,Q7C,Q7c. How often gone without medical care,float64,1200,0,6,"{""-1"": ""Missing"", ""0"": ""Never"", ""1"": ""Just once or twice"", ""2"": ""Several times"", ""3"": ""Many times"", ""4"": ""Always"", ""8"": ""Refused"", ""9"": ""Don't know""}",,,0.0,9.0
65,Q7D,Q7d. How often gone without cooking fuel,float64,1200,0,6,"{""-1"": ""Missing"", ""0"": ""Never"", ""1"": ""Just once or twice"", ""2"": ""Several times"", ""3"": ""Many times"", ""4"": ""Always"", ""8"": ""Refused"", ""9"": ""Don't know""}",,,0.0,9.0
66,Q7E,Q7e. How often gone without cash income,float64,1200,0,6,"{""-1"": ""Missing"", ""0"": ""Never"", ""1"": ""Just once or twice"", ""2"": ""Several times"", ""3"": ""Many times"", ""4"": ""Always"", ""8"": ""Refused"", ""9"": ""Don't know""}",,,0.0,9.0
67,Q8A,Q8a. How often felt unsafe walking in neighbourhood,float64,1200,0,6,"{""-1"": ""Missing"", ""0"": ""Never"", ""1"": ""Just once or twice"", ""2"": ""Several times"", ""3"": ""Many times"", ""4"": ""Always"", ""8"": ""Refused"", ""9"": ""Don't know""}",,,0.0,9.0
68,Q8B,Q8b. How often feared crime in home,float64,1200,0,6,"{""-1"": ""Missing"", ""0"": ""Never"", ""1"": ""Just once or twice"", ""2"": ""Several times"", ""3"": ""Many times"", ""4"": ""Always"", ""8"": ""Refused"", ""9"": ""Don't know""}",,,0.0,9.0
69,Q9,Q9. Discuss politics,float64,1200,0,4,"{""-1"": ""Missing"", ""0"": ""Never"", ""1"": ""Occasionally"", ""2"": ""Frequently"", ""8"": ""Refused"", ""9"": ""Don't know""}",,,0.0,9.0
70,Q10A,Q10a. Freedom to say what you think,float64,1200,0,5,"{""-1"": ""Missing"", ""1"": ""Not at all free"", ""2"": ""Not very free"", ""3"": ""Somewhat free"", ""4"": ""Completely free"", ""8"": ""Refused"", ""9"": ""Don’t know""}",,,1.0,9.0
71,Q10B,Q10b. Freedom to join any political organization,float64,1200,0,6,"{""-1"": ""Missing"", ""1"": ""Not at all free"", ""2"": ""Not very free"", ""3"": ""Somewhat free"", ""4"": ""Completely free"", ""8"": ""Refused"", ""9"": ""Don’t know""}",,,1.0,9.0
72,Q10C,Q10c. Freedom to choose who to vote for,float64,1200,0,6,"{""-1"": ""Missing"", ""1"": ""Not at all free"", ""2"": ""Not very free"", ""3"": ""Somewhat free"", ""4"": ""Completely free"", ""8"": ""Refused"", ""9"": ""Don’t know""}",,,1.0,9.0
73,Q11A,Q11a. Attend a community meeting,float64,1200,0,6,"{""-1"": ""Missing"", ""0"": ""No, would never do this"", ""1"": ""No, would do it if I had the chance"", ""2"": ""Yes, once or twice"", ""3"": ""Yes, several times"", ""4"": ""Yes, often"", ""8"": ""Refused"", ""9"": ""Don't know""}",,,0.0,9.0
74,Q11B,Q11b. Join others to raise an issue,float64,1200,0,6,"{""-1"": ""Missing"", ""0"": ""No, would never do this"", ""1"": ""No, would do it if I had the chance"", ""2"": ""Yes, once or twice"", ""3"": ""Yes, several times"", ""4"": ""Yes, often"", ""8"": ""Refused"", ""9"": ""Don't know""}",,,0.0,9.0
75,Q11C,Q11c. Attend a demonstration or protest march,float64,1200,0,6,"{""-1"": ""Missing"", ""0"": ""No, would never do this"", ""1"": ""No, would do it if I had the chance"", ""2"": ""Yes, once or twice"", ""3"": ""Yes, several times"", ""4"": ""Yes, often"", ""8"": ""Refused"", ""9"": ""Don't know""}",,,0.0,9.0
76,Q12A,Q12a. Contact local government councillor,float64,1200,0,6,"{""-1"": ""Missing"", ""0"": ""Never"", ""1"": ""Only once"", ""2"": ""A few times"", ""3"": ""Often"", ""8"": ""Refused"", ""9"": ""Don’t know""}",,,0.0,9.0
77,Q12B,Q12b. Contact MP,float64,1200,0,4,"{""-1"": ""Missing"", ""0"": ""Never"", ""1"": ""Only once"", ""2"": ""A few times"", ""3"": ""Often"", ""8"": ""Refused"", ""9"": ""Don’t know""}",,,0.0,3.0
78,Q12C,Q12c Contact political party official,float64,1200,0,4,"{""-1"": ""Missing"", ""0"": ""Never"", ""1"": ""Only once"", ""2"": ""A few times"", ""3"": ""Often"", ""8"": ""Refused"", ""9"": ""Don’t know""}",,,0.0,3.0
79,Q12D,Q12d. Contact traditional leader,float64,1200,0,1,"{""-1"": ""Missing"", ""0"": ""Never"", ""1"": ""Only once"", ""2"": ""A few times"", ""3"": ""Often"", ""8"": ""Refused"", ""9"": ""Don’t know"", ""94"": ""Not asked in country""}",,,94.0,94.0
80,Q13,Q13. Voting in the most recent national election,float64,1200,0,6,"{""-1"": ""Missing"", ""0"": ""I did not vote"", ""1"": ""I was too young to vote"", ""2"": ""I can’t remember whether I voted"", ""3"": ""I voted in the election"", ""8"": ""Refused"", ""9"": ""Don’t know""}",,,0.0,9.0
81,Q14,Q14. Freeness and fairness of the last national election,float64,1200,0,6,"{""-1"": ""Missing"", ""1"": ""Not free and fair"", ""2"": ""Free and fair, with major problems"", ""3"": ""Free and fair, but with minor problems"", ""4"": ""Completely free and fair"", ""8"": ""Do not understand question"", ""9"": ""Don’t know"", ""98"": ""Refused""}",,,1.0,9.0
82,Q15A,Q15a. Last national election: attend a campaign rally,float64,1200,0,2,"{""-1"": ""Missing"", ""0"": ""No"", ""1"": ""Yes"", ""8"": ""Refused"", ""9"": ""Don't know""}",,,0.0,1.0
83,Q15B,Q15b. Last national election: work for a candidate or party,float64,1200,0,3,"{""-1"": ""Missing"", ""0"": ""No"", ""1"": ""Yes"", ""8"": ""Refused"", ""9"": ""Don't know""}",,,0.0,9.0
84,Q15C,Q15c. Last national election: contacted by political party rep,float64,1200,0,3,"{""-1"": ""Missing"", ""0"": ""No"", ""1"": ""Yes"", ""8"": ""Refused"", ""9"": ""Don't know""}",,,0.0,9.0
85,Q15D_1,Q15d. Which party contacted: 1st response,float64,1200,0,15,"{""-1"": ""Missing"", ""1580"": ""Ennahdha"", ""1581"": ""Qalb Tounes"", ""1582"": ""Democratic Current"", ""1583"": ""Dignity coalition"", ""1584"": ""Free Constitutional party"", ""1585"": ""People’s Movement"", ""1586"": ""Tahya Tounes"", ""1587"": ""Machrou Tounes"", ""1588"": ""Republican Popular Union party"", ""1589"": ""Nidaa Tounes"", ""1590"": ""Arrahma Party"", ""1591"": ""Al badil"", ""1592"": ""Afek Tounes"", ""1593"": ""Independent list Hope and work"", ""9995"": ""Other"", ""9997"": ""Not applicable"", ""9998"": ""Refused"", ""9999"": ""Don't know""}",,,1580.0,9999.0
86,Q15D_2,Q15d. Which party contacted: 2nd response,float64,1200,0,10,"{""-1"": ""Missing"", ""1580"": ""Ennahdha"", ""1581"": ""Qalb Tounes"", ""1582"": ""Democratic Current"", ""1583"": ""Dignity coalition"", ""1584"": ""Free Constitutional party"", ""1585"": ""People’s Movement"", ""1586"": ""Tahya Tounes"", ""1587"": ""Machrou Tounes"", ""1588"": ""Republican Popular Union party"", ""1589"": ""Nidaa Tounes"", ""1590"": ""Arrahma Party"", ""1591"": ""Al badil"", ""1592"": ""Afek Tounes"", ""1593"": ""Independent list Hope and work"", ""9995"": ""Other"", ""9996"": ""No further reply"", ""9997"": ""Not applicable""}",,,1581.0,9997.0
87,Q15D_3,Q15d. Which party contacted: 3rd response,float64,1200,0,8,"{""-1"": ""Missing"", ""1580"": ""Ennahdha"", ""1581"": ""Qalb Tounes"", ""1582"": ""Democratic Current"", ""1583"": ""Dignity coalition"", ""1584"": ""Free Constitutional party"", ""1585"": ""People’s Movement"", ""1586"": ""Tahya Tounes"", ""1587"": ""Machrou Tounes"", ""1588"": ""Republican Popular Union party"", ""1589"": ""Nidaa Tounes"", ""1590"": ""Arrahma Party"", ""1591"": ""Al badil"", ""1592"": ""Afek Tounes"", ""1593"": ""Independent list Hope and work"", ""9995"": ""Other"", ""9996"": ""No further reply"", ""9997"": ""Not applicable""}",,,1583.0,9997.0
88,Q15D_4,Q15d. Which party contacted: 4th response,float64,1200,0,3,"{""-1"": ""Missing"", ""1580"": ""Ennahdha"", ""1581"": ""Qalb Tounes"", ""1582"": ""Democratic Current"", ""1583"": ""Dignity coalition"", ""1584"": ""Free Constitutional party"", ""1585"": ""People’s Movement"", ""1586"": ""Tahya Tounes"", ""1587"": ""Machrou Tounes"", ""1588"": ""Republican Popular Union party"", ""1589"": ""Nidaa Tounes"", ""1590"": ""Arrahma Party"", ""1591"": ""Al badil"", ""1592"": ""Afek Tounes"", ""1593"": ""Independent list Hope and work"", ""9995"": ""Other"", ""9996"": ""No further reply"", ""9997"": ""Not applicable""}",,,1586.0,9997.0
89,Q15D_5,Q15d. Which party contacted: 5th response,float64,1200,0,2,"{""-1"": ""Missing"", ""1580"": ""Ennahdha"", ""1581"": ""Qalb Tounes"", ""1582"": ""Democratic Current"", ""1583"": ""Dignity coalition"", ""1584"": ""Free Constitutional party"", ""1585"": ""People’s Movement"", ""1586"": ""Tahya Tounes"", ""1587"": ""Machrou Tounes"", ""1588"": ""Republican Popular Union party"", ""1589"": ""Nidaa Tounes"", ""1590"": ""Arrahma Party"", ""1591"": ""Al badil"", ""1592"": ""Afek Tounes"", ""1593"": ""Independent list Hope and work"", ""9995"": ""Other"", ""9996"": ""No further reply"", ""9997"": ""Not applicable""}",,,9996.0,9997.0
90,Q15DOTHER,Q15d. Which parties contacted: Other (verbatim),str,13,1187,10,,"[""CURRENT OF LOVE PARTY"", ""INDEPENDENT"", ""INDEPENDENT LIST"", ""INDEPENDENT NEJI JALOUL"", ""INDEPENDENT VICTORY AND GLORY LIST"", ""LIVE TUNISIAN PARTY"", ""PARTY OF FARMERS"", ""PARTY OF THE PRESIDENT KAIS SAID"", ""POPULAR FRONT COALITION"", ""POPULAR FRONT PARTY""]",,,
91,Q16A,Q16a. Last national election: media covers all candidates fairly,float64,1200,0,5,"{""-1"": ""Missing"", ""0"": ""Never"", ""1"": ""Sometimes"", ""2"": ""Often"", ""3"": ""Always"", ""8"": ""Refused"", ""9"": ""Don’t know""}",,,0.0,9.0
92,Q16B,"Q16b. Last national election: offered food, gift or money for vote",float64,1200,0,6,"{""-1"": ""Missing"", ""0"": ""Never"", ""1"": ""Once or twice"", ""2"": ""Several times"", ""3"": ""Often"", ""8"": ""Refused"", ""9"": ""Don’t know""}",,,0.0,9.0
93,Q17A,Q17a. Last national election: votes not accurately counted,float64,1200,0,5,"{""-1"": ""Missing"", ""0"": ""Never"", ""1"": ""A few times"", ""2"": ""Often"", ""8"": ""Refused"", ""9"": ""Don’t know""}",,,0.0,9.0
94,Q17B,Q17b. Last national election: people voted more than once,float64,1200,0,5,"{""-1"": ""Missing"", ""0"": ""Never"", ""1"": ""A few times"", ""2"": ""Often"", ""8"": ""Refused"", ""9"": ""Don’t know""}",,,0.0,9.0
95,Q17C,Q17c. Last national election: powerful find out your vote,float64,1200,0,6,"{""-1"": ""Missing"", ""0"": ""Not at all likely"", ""1"": ""Not very likely"", ""2"": ""Somewhat likely"", ""3"": ""Very likely"", ""8"": ""Refused"", ""9"": ""Don’t know""}",,,0.0,9.0
96,Q17D,Q17d. Last national election: fear political intimidation or violence,float64,1200,0,5,"{""-1"": ""Missing"", ""0"": ""A lot"", ""1"": ""Somewhat"", ""2"": ""A little bit"", ""3"": ""Not at all"", ""8"": ""Refused"", ""9"": ""Don’t know""}",,,0.0,9.0
97,Q18A,Q18a. Last national election: police or soldiers assist people to cast ballot,float64,1200,0,3,"{""-1"": ""Missing"", ""0"": ""No"", ""1"": ""Yes"", ""8"": ""Refused"", ""9"": ""Don’t know""}",,,0.0,9.0
98,Q18B,Q18b. Last national election: voter intimidation,float64,1200,0,3,"{""-1"": ""Missing"", ""0"": ""No"", ""1"": ""Yes"", ""8"": ""Refused"", ""9"": ""Don’t know""}",,,0.0,9.0
99,Q18C,Q18c. Last national election: announced results reflect counted results,float64,1200,0,6,"{""-1"": ""Missing"", ""1"": ""Not accurate at all"", ""2"": ""Not very accurate, with major discrepancies"", ""3"": ""Mostly accurate, but with some minor discrepancies"", ""4"": ""Completely accurate"", ""8"": ""Refused"", ""9"": ""Don’t know""}",,,1.0,9.0
100,Q19A,Q19a. Government bans organizations vs. join any,float64,1200,0,7,"{""-1"": ""Missing"", ""1"": ""Agree very strongly with 1"", ""2"": ""Agree with 1"", ""3"": ""Agree with 2"", ""4"": ""Agree very strongly with 2"", ""5"": ""Agree with neither"", ""8"": ""Refused"", ""9"": ""Don't know""}",,,1.0,9.0
101,Q19B,Q19b. Media free to publish vs. government control,float64,1200,0,6,"{""-1"": ""Missing"", ""1"": ""Agree very strongly with 1"", ""2"": ""Agree with 1"", ""3"": ""Agree with 2"", ""4"": ""Agree very strongly with 2"", ""5"": ""Agree with neither"", ""8"": ""Refused"", ""9"": ""Don't know""}",,,1.0,9.0
102,Q20A,Q20a. Reject one-party rule,float64,1200,0,7,"{""-1"": ""Missing"", ""1"": ""Strongly disapprove"", ""2"": ""Disapprove"", ""3"": ""Neither approve nor disapprove"", ""4"": ""Approve"", ""5"": ""Strongly approve"", ""8"": ""Refused"", ""9"": ""Don’t know""}",,,1.0,9.0
103,Q20B,Q20b. Reject military rule,float64,1200,0,6,"{""-1"": ""Missing"", ""1"": ""Strongly disapprove"", ""2"": ""Disapprove"", ""3"": ""Neither approve nor disapprove"", ""4"": ""Approve"", ""5"": ""Strongly approve"", ""8"": ""Refused"", ""9"": ""Don’t know""}",,,1.0,9.0
104,Q20C,Q20c. Reject one-man rule,float64,1200,0,7,"{""-1"": ""Missing"", ""1"": ""Strongly disapprove"", ""2"": ""Disapprove"", ""3"": ""Neither approve nor disapprove"", ""4"": ""Approve"", ""5"": ""Strongly approve"", ""8"": ""Refused"", ""9"": ""Don’t know""}",,,1.0,9.0
105,Q21,Q21. Support for democracy,float64,1200,0,5,"{""-1"": ""Missing"", ""1"": ""STATEMENT 3: Doesn't matter"", ""2"": ""STATEMENT 2: Sometimes non-democratic preferable"", ""3"": ""STATEMENT 1: Democracy preferable"", ""8"": ""Refused"", ""9"": ""Don't know""}",,,1.0,9.0
106,Q22,Q22. Govt gets things done vs. govt accountable to citizens,float64,1200,0,6,"{""-1"": ""Missing"", ""1"": ""Agree very strongly with 1"", ""2"": ""Agree with 1"", ""3"": ""Agree with 2"", ""4"": ""Agree very strongly with 2"", ""5"": ""Agree with neither"", ""8"": ""Refused"", ""9"": ""Don't know""}",,,1.0,9.0
107,Q23,Q23. Listen to wisdom of elders vs fresh ideas from young people,float64,1200,0,7,"{""-1"": ""Missing"", ""1"": ""Agree very strongly with 1"", ""2"": ""Agree with 1"", ""3"": ""Agree with 2"", ""4"": ""Agree very strongly with 2"", ""5"": ""Agree with neither"", ""8"": ""Refused"", ""9"": ""Don't know""}",,,1.0,9.0
108,Q24,Q24. Choose leaders through elections vs. other methods,float64,1200,0,6,"{""-1"": ""Missing"", ""1"": ""Agree very strongly with 1"", ""2"": ""Agree with 1"", ""3"": ""Agree with 2"", ""4"": ""Agree very strongly with 2"", ""5"": ""Agree with neither"", ""8"": ""Refused"", ""9"": ""Don't know""}",,,1.0,9.0
109,Q25,Q25. Political parties divisive vs. many parties needed,float64,1200,0,7,"{""-1"": ""Missing"", ""1"": ""Agree very strongly with 1"", ""2"": ""Agree with 1"", ""3"": ""Agree with 2"", ""4"": ""Agree very strongly with 2"", ""5"": ""Agree with neither"", ""8"": ""Refused"", ""9"": ""Don't know""}",,,1.0,9.0
110,Q26,Q26. Elected officials follow constituent demands vs follow own ideas,float64,1200,0,6,"{""-1"": ""Missing"", ""1"": ""Agree very strongly with 1"", ""2"": ""Agree with 1"", ""3"": ""Agree with 2"", ""4"": ""Agree very strongly with 2"", ""5"": ""Agree with neither"", ""8"": ""Refused"", ""9"": ""Don't know""}",,,1.0,9.0
111,Q27,Q27. Elected leaders empower most capable vs help people left behind,float64,1200,0,7,"{""-1"": ""Missing"", ""1"": ""Agree very strongly with 1"", ""2"": ""Agree with 1"", ""3"": ""Agree with 2"", ""4"": ""Agree very strongly with 2"", ""5"": ""Agree with neither"", ""8"": ""Refused"", ""9"": ""Don't know""}",,,1.0,9.0
112,Q28,Q28. Experts make most important decisions vs no need for experts,float64,1200,0,6,"{""-1"": ""Missing"", ""1"": ""Agree very strongly with 1"", ""2"": ""Agree with 1"", ""3"": ""Agree with 2"", ""4"": ""Agree very strongly with 2"", ""5"": ""Agree with neither"", ""8"": ""Refused"", ""9"": ""Don't know""}",,,1.0,9.0
113,Q29,Q29. President monitored by parliament vs. free to act on own,float64,1200,0,6,"{""-1"": ""Missing"", ""1"": ""Agree very strongly with 1"", ""2"": ""Agree with 1"", ""3"": ""Agree with 2"", ""4"": ""Agree very strongly with 2"", ""5"": ""Agree with neither"", ""8"": ""Refused"", ""9"": ""Don't know""}",,,1.0,9.0
114,Q30,Q30. President free to act vs. obey the laws and courts,float64,1200,0,6,"{""-1"": ""Missing"", ""1"": ""Agree very strongly with 1"", ""2"": ""Agree with 1"", ""3"": ""Agree with 2"", ""4"": ""Agree very strongly with 2"", ""5"": ""Agree with neither"", ""8"": ""Refused"", ""9"": ""Don't know""}",,,1.0,9.0
115,Q31,Q31. Election winner pursues preferred policies vs. compromise w/others,float64,1200,0,7,"{""-1"": ""Missing"", ""1"": ""Agree very strongly with 1"", ""2"": ""Agree with 1"", ""3"": ""Agree with 2"", ""4"": ""Agree very strongly with 2"", ""5"": ""Agree with neither"", ""8"": ""Refused"", ""9"": ""Don't know""}",,,1.0,9.0
116,Q32,Q32. Popular govt free to do whatever people want vs always follow the law,float64,1200,0,6,"{""-1"": ""Missing"", ""1"": ""Agree very strongly with 1"", ""2"": ""Agree with 1"", ""3"": ""Agree with 2"", ""4"": ""Agree very strongly with 2"", ""5"": ""Agree with neither"", ""8"": ""Refused"", ""9"": ""Don't know""}",,,1.0,9.0
117,Q33,Q33. Media checks government vs. avoid negative reporting,float64,1200,0,7,"{""-1"": ""Missing"", ""1"": ""Agree very strongly with 1"", ""2"": ""Agree with 1"", ""3"": ""Agree with 2"", ""4"": ""Agree very strongly with 2"", ""5"": ""Agree with neither"", ""8"": ""Refused"", ""9"": ""Don't know""}",,,1.0,9.0
118,Q34,Q34. Presidential two term limit vs. no term limits,float64,1200,0,7,"{""-1"": ""Missing"", ""1"": ""Agree very strongly with 1"", ""2"": ""Agree with 1"", ""3"": ""Agree with 2"", ""4"": ""Agree very strongly with 2"", ""5"": ""Agree with neither"", ""8"": ""Refused"", ""9"": ""Don't know""}",,,1.0,9.0
119,Q35A,Q35a. Minimum age for presidential candidate,float64,1200,0,3,"{""-1"": ""Missing"", ""0"": ""No, no minimum"", ""1"": ""Yes, should be a minimum"", ""8"": ""Refused"", ""9"": ""Don't know""}",,,0.0,9.0
120,Q35B,Q35b. Suggested minimum age for presidential candidate,float64,1200,0,34,"{""997"": ""Not applicable"", ""999"": ""Don't know""}",,,18.0,999.0
121,Q35C,Q35c. Maximum age for presidential candidate,float64,1200,0,3,"{""-1"": ""Missing"", ""0"": ""No, no maximum"", ""1"": ""Yes, should be a maximum"", ""8"": ""Refused"", ""9"": ""Don't know""}",,,0.0,9.0
122,Q35D,Q35d. Suggested maximum age for presidential candidate,float64,1200,0,33,"{""997"": ""Not applicable"", ""999"": ""Don't know""}",,,30.0,999.0
123,Q36,Q36. Extent of democracy,float64,1200,0,6,"{""-1"": ""Missing"", ""1"": ""Not a democracy"", ""2"": ""A democracy, with major problems"", ""3"": ""A democracy, but with minor problems"", ""4"": ""A full democracy"", ""8"": ""Do not understand question / democracy"", ""9"": ""Don't know"", ""98"": ""Refused""}",,,1.0,9.0
124,Q37,Q37. Satisfaction with democracy,float64,1200,0,7,"{""-1"": ""Missing"", ""0"": ""The country is not a democracy"", ""1"": ""Not at all satisfied"", ""2"": ""Not very satisfied"", ""3"": ""Fairly satisfied"", ""4"": ""Very satisfied"", ""8"": ""Refused"", ""9"": ""Don't know""}",,,0.0,9.0
125,Q38A,Q38a. MPs listen,float64,1200,0,6,"{""-1"": ""Missing"", ""0"": ""Never"", ""1"": ""Only Sometimes"", ""2"": ""Often"", ""3"": ""Always"", ""8"": ""Refused"", ""9"": ""Don’t know""}",,,0.0,9.0
126,Q38B,Q38b. Local government councillors listen,float64,1200,0,6,"{""-1"": ""Missing"", ""0"": ""Never"", ""1"": ""Only Sometimes"", ""2"": ""Often"", ""3"": ""Always"", ""8"": ""Refused"", ""9"": ""Don’t know""}",,,0.0,9.0
127,Q38C,Q38c. Traditional leaders listen,float64,1200,0,1,"{""-1"": ""Missing"", ""0"": ""Never"", ""1"": ""Only Sometimes"", ""2"": ""Often"", ""3"": ""Always"", ""8"": ""Refused"", ""9"": ""Don’t know"", ""94"": ""Not asked in the country""}",,,94.0,94.0
128,Q39A,Q39a. Tax authorities have right to enforce taxes,float64,1200,0,7,"{""-1"": ""Missing"", ""1"": ""Strongly disagree"", ""2"": ""Disagree"", ""3"": ""Neither agree nor disagree"", ""4"": ""Agree"", ""5"": ""Strongly agree"", ""8"": ""Refused"", ""9"": ""Don’t know""}",,,1.0,9.0
129,Q39B,Q39b. Government information for official use only,float64,1200,0,7,"{""-1"": ""Missing"", ""1"": ""Strongly disagree"", ""2"": ""Disagree"", ""3"": ""Neither agree or disagree"", ""4"": ""Agree"", ""5"": ""Strongly agree"", ""8"": ""Refused"", ""9"": ""Don't know""}",,,1.0,9.0
130,Q40A,Q40a. How often party competition leads to conflict,float64,1200,0,6,"{""-1"": ""Missing"", ""0"": ""Never"", ""1"": ""Rarely"", ""2"": ""Often"", ""3"": ""Always"", ""8"": ""Refused"", ""9"": ""Don’t know""}",,,0.0,9.0
131,Q40B,Q40b. How often president ignores laws,float64,1200,0,6,"{""-1"": ""Missing"", ""0"": ""Never"", ""1"": ""Rarely"", ""2"": ""Often"", ""3"": ""Always"", ""8"": ""Refused"", ""9"": ""Don’t know""}",,,0.0,9.0
132,Q40C,Q40c. How often president ignores parliament,float64,1200,0,6,"{""-1"": ""Missing"", ""0"": ""Never"", ""1"": ""Rarely"", ""2"": ""Often"", ""3"": ""Always"", ""8"": ""Refused"", ""9"": ""Don’t know""}",,,0.0,9.0
133,Q40D,Q40d. How often careful what you say,float64,1200,0,5,"{""-1"": ""Missing"", ""0"": ""Never"", ""1"": ""Rarely"", ""2"": ""Often"", ""3"": ""Always"", ""8"": ""Refused"", ""9"": ""Don’t know""}",,,0.0,9.0
134,Q40E,Q40e. How often people treated unequally,float64,1200,0,5,"{""-1"": ""Missing"", ""0"": ""Never"", ""1"": ""Rarely"", ""2"": ""Often"", ""3"": ""Always"", ""8"": ""Refused"", ""9"": ""Don’t know""}",,,0.0,9.0
135,Q40F,Q40f. How often officials unpunished,float64,1200,0,5,"{""-1"": ""Missing"", ""0"": ""Never"", ""1"": ""Rarely"", ""2"": ""Often"", ""3"": ""Always"", ""8"": ""Refused"", ""9"": ""Don’t know""}",,,0.0,9.0
136,Q40G,Q40g. How often ordinary people unpunished,float64,1200,0,5,"{""-1"": ""Missing"", ""0"": ""Never"", ""1"": ""Rarely"", ""2"": ""Often"", ""3"": ""Always"", ""8"": ""Refused"", ""9"": ""Don’t know""}",,,0.0,9.0
137,Q41A,Q41a. Trust president,float64,1200,0,6,"{""-1"": ""Missing"", ""0"": ""Not at all"", ""1"": ""Just a little"", ""2"": ""Somewhat"", ""3"": ""A lot"", ""8"": ""Refused"", ""9"": ""Don’t know""}",,,0.0,9.0
138,Q41B,Q41b. Trust parliament/national assembly,float64,1200,0,6,"{""-1"": ""Missing"", ""0"": ""Not at all"", ""1"": ""Just a little"", ""2"": ""Somewhat"", ""3"": ""A lot"", ""8"": ""Refused"", ""9"": ""Don’t know""}",,,0.0,9.0
139,Q41C,Q41c. Trust national electoral commission,float64,1200,0,6,"{""-1"": ""Missing"", ""0"": ""Not at all"", ""1"": ""Just a little"", ""2"": ""Somewhat"", ""3"": ""A lot"", ""8"": ""Refused"", ""9"": ""Don’t know""}",,,0.0,9.0
140,Q41D,Q41d. Trust your elected local government council,float64,1200,0,6,"{""-1"": ""Missing"", ""0"": ""Not at all"", ""1"": ""Just a little"", ""2"": ""Somewhat"", ""3"": ""A lot"", ""8"": ""Refused"", ""9"": ""Don’t know""}",,,0.0,9.0
141,Q41E,Q41e. Trust the ruling party,float64,1200,0,6,"{""-1"": ""Missing"", ""0"": ""Not at all"", ""1"": ""Just a little"", ""2"": ""Somewhat"", ""3"": ""A lot"", ""8"": ""Refused"", ""9"": ""Don’t know""}",,,0.0,9.0
142,Q41F,Q41f. Trust opposition political parties,float64,1200,0,6,"{""-1"": ""Missing"", ""0"": ""Not at all"", ""1"": ""Just a little"", ""2"": ""Somewhat"", ""3"": ""A lot"", ""8"": ""Refused"", ""9"": ""Don’t know""}",,,0.0,9.0
143,Q41G,Q41g. Trust police,float64,1200,0,6,"{""-1"": ""Missing"", ""0"": ""Not at all"", ""1"": ""Just a little"", ""2"": ""Somewhat"", ""3"": ""A lot"", ""8"": ""Refused"", ""9"": ""Don’t know""}",,,0.0,9.0
144,Q41H,Q41h. Trust army,float64,1200,0,6,"{""-1"": ""Missing"", ""0"": ""Not at all"", ""1"": ""Just a little"", ""2"": ""Somewhat"", ""3"": ""A lot"", ""8"": ""Refused"", ""9"": ""Don’t know""}",,,0.0,9.0
145,Q41I,Q41i. Trust courts of law,float64,1200,0,6,"{""-1"": ""Missing"", ""0"": ""Not at all"", ""1"": ""Just a little"", ""2"": ""Somewhat"", ""3"": ""A lot"", ""8"": ""Refused"", ""9"": ""Don’t know""}",,,0.0,9.0
146,Q41K,Q41k. Trust traditional leaders,float64,1200,0,1,"{""-1"": ""Missing"", ""0"": ""Not at all"", ""1"": ""Just a little"", ""2"": ""Somewhat"", ""3"": ""A lot"", ""8"": ""Refused"", ""9"": ""Don’t know/Haven’t heard enough to say"", ""94"": ""Not asked in the country""}",,,94.0,94.0
147,Q41J,Q41j. Trust tax/revenue office,float64,1200,0,5,"{""-1"": ""Missing"", ""0"": ""Not at all"", ""1"": ""Just a little"", ""2"": ""Somewhat"", ""3"": ""A lot"", ""8"": ""Refused"", ""9"": ""Don’t know""}",,,0.0,9.0
148,Q41L,Q41l. Trust religious leaders,float64,1200,0,6,"{""-1"": ""Missing"", ""0"": ""Not at all"", ""1"": ""Just a little"", ""2"": ""Somewhat"", ""3"": ""A lot"", ""8"": ""Refused"", ""9"": ""Don’t know""}",,,0.0,9.0
149,Q42A,Q42a. Corruption: office of the Presidency,float64,1200,0,6,"{""-1"": ""Missing"", ""0"": ""None"", ""1"": ""Some of them"", ""2"": ""Most of them"", ""3"": ""All of them"", ""8"": ""Refused"", ""9"": ""Don't know""}",,,0.0,9.0
150,Q42B,Q42b. Corruption: Members of Parliament,float64,1200,0,6,"{""-1"": ""Missing"", ""0"": ""None"", ""1"": ""Some of them"", ""2"": ""Most of them"", ""3"": ""All of them"", ""8"": ""Refused"", ""9"": ""Don't know""}",,,0.0,9.0
151,Q42C,Q42c. Corruption: Civil servants,float64,1200,0,6,"{""-1"": ""Missing"", ""0"": ""None"", ""1"": ""Some of them"", ""2"": ""Most of them"", ""3"": ""All of them"", ""8"": ""Refused"", ""9"": ""Don't know""}",,,0.0,9.0
152,Q42D,Q42d. Corruption: local government councillors,float64,1200,0,6,"{""-1"": ""Missing"", ""0"": ""None"", ""1"": ""Some of them"", ""2"": ""Most of them"", ""3"": ""All of them"", ""8"": ""Refused"", ""9"": ""Don't know""}",,,0.0,9.0
153,Q42E,Q42e. Corruption: Police,float64,1200,0,6,"{""-1"": ""Missing"", ""0"": ""None"", ""1"": ""Some of them"", ""2"": ""Most of them"", ""3"": ""All of them"", ""8"": ""Refused"", ""9"": ""Don't know""}",,,0.0,9.0
154,Q42F,Q42f. Corruption: Judges and Magistrates,float64,1200,0,6,"{""-1"": ""Missing"", ""0"": ""None"", ""1"": ""Some of them"", ""2"": ""Most of them"", ""3"": ""All of them"", ""8"": ""Refused"", ""9"": ""Don't know""}",,,0.0,9.0
155,Q42G,Q42g. Corruption: Tax officials,float64,1200,0,6,"{""-1"": ""Missing"", ""0"": ""None"", ""1"": ""Some of them"", ""2"": ""Most of them"", ""3"": ""All of them"", ""8"": ""Refused"", ""9"": ""Don't know""}",,,0.0,9.0
156,Q42H,Q42h. Corruption:Traditional leaders,float64,1200,0,1,"{""-1"": ""Missing"", ""0"": ""None"", ""1"": ""Some of them"", ""2"": ""Most of them"", ""3"": ""All of them"", ""8"": ""Refused"", ""9"": ""Don't know/ Haven’t heard"", ""94"": ""Not asked in the country""}",,,94.0,94.0
157,Q42I,Q42i. Corruption: Religious leaders,float64,1200,0,6,"{""-1"": ""Missing"", ""0"": ""None"", ""1"": ""Some of them"", ""2"": ""Most of them"", ""3"": ""All of them"", ""8"": ""Refused"", ""9"": ""Don't know""}",,,0.0,9.0
158,Q43A,Q43a. Level of corruption,float64,1200,0,7,"{""-1"": ""Missing"", ""1"": ""Increased a lot"", ""2"": ""Increased somewhat"", ""3"": ""Stayed the same"", ""4"": ""Decreased somewhat"", ""5"": ""Decreased a lot"", ""8"": ""Refused"", ""9"": ""Don’t know""}",,,1.0,9.0
159,Q43B,Q43b. Ordinary people can report corruption without fear,float64,1200,0,4,"{""-1"": ""Missing"", ""0"": ""Can report without fear"", ""1"": ""Risk retaliation"", ""8"": ""Refused"", ""9"": ""Don’t know""}",,,0.0,9.0
160,Q44A,Q44a. Contact with public school,float64,1200,0,2,"{""-1"": ""Missing"", ""0"": ""No"", ""1"": ""Yes"", ""8"": ""Refused"", ""9"": ""Don't know""}",,,0.0,1.0
161,Q44B,Q44b. Difficulty to obtain public school services,float64,1200,0,6,"{""-1"": ""Missing"", ""1"": ""Very easy"", ""2"": ""Easy"", ""3"": ""Difficult"", ""4"": ""Very difficult"", ""7"": ""Not applicable"", ""8"": ""Refused"", ""9"": ""Don't know""}",,,1.0,9.0
162,Q44C,Q44c. Pay bribe for public school services,float64,1200,0,7,"{""-1"": ""Missing"", ""0"": ""Never"", ""1"": ""Once or twice"", ""2"": ""A few times"", ""3"": ""Often"", ""7"": ""Not applicable"", ""8"": ""Refused"", ""9"": ""Don't know""}",,,0.0,9.0
163,Q44D,Q44d. Contact with public clinic or hospital,float64,1200,0,3,"{""-1"": ""Missing"", ""0"": ""No"", ""1"": ""Yes"", ""8"": ""Refused"", ""9"": ""Don't know""}",,,0.0,9.0
164,Q44E,Q44e. Difficulty to obtain medical care,float64,1200,0,6,"{""-1"": ""Missing"", ""1"": ""Very easy"", ""2"": ""Easy"", ""3"": ""Difficult"", ""4"": ""Very difficult"", ""7"": ""Not applicable"", ""8"": ""Refused"", ""9"": ""Don't know""}",,,1.0,9.0
165,Q44F,Q44f. Pay bribe for medical care,float64,1200,0,6,"{""-1"": ""Missing"", ""0"": ""Never"", ""1"": ""Once or twice"", ""2"": ""A few times"", ""3"": ""Often"", ""7"": ""Not applicable"", ""8"": ""Refused"", ""9"": ""Don't know""}",,,0.0,8.0
166,Q44G,Q44g. Tried to obtain identity document,float64,1200,0,3,"{""-1"": ""Missing"", ""0"": ""No"", ""1"": ""Yes"", ""8"": ""Refused"", ""9"": ""Don't know""}",,,0.0,9.0
167,Q44H,Q44h. Difficulty to obtain identity document,float64,1200,0,6,"{""-1"": ""Missing"", ""1"": ""Very easy"", ""2"": ""Easy"", ""3"": ""Difficult"", ""4"": ""Very difficult"", ""7"": ""Not applicable"", ""8"": ""Refused"", ""9"": ""Don't know""}",,,1.0,9.0
168,Q44I,Q44i. Pay bribe for identity document,float64,1200,0,6,"{""-1"": ""Missing"", ""0"": ""Never"", ""1"": ""Once or twice"", ""2"": ""A few times"", ""3"": ""Often"", ""7"": ""Not applicable"", ""8"": ""Refused"", ""9"": ""Don't know""}",,,0.0,8.0
169,Q44J,Q44j. Requested assistance from the police,float64,1200,0,4,"{""-1"": ""Missing"", ""0"": ""No"", ""1"": ""Yes"", ""8"": ""Refused"", ""9"": ""Don't know""}",,,0.0,9.0
170,Q44K,Q44k. Difficulty to obtain police assistance,float64,1200,0,5,"{""-1"": ""Missing"", ""1"": ""Very easy"", ""2"": ""Easy"", ""3"": ""Difficult"", ""4"": ""Very difficult"", ""7"": ""Not applicable"", ""8"": ""Refused"", ""9"": ""Don't know""}",,,1.0,7.0
171,Q44L,Q44l. Pay bribe to receive police assistance,float64,1200,0,5,"{""-1"": ""Missing"", ""0"": ""Never"", ""1"": ""Once or twice"", ""2"": ""A few times"", ""3"": ""Often"", ""7"": ""Not applicable"", ""8"": ""Refused"", ""9"": ""Don't know""}",,,0.0,7.0
172,Q44M,Q44m. Contact with police in other situations,float64,1200,0,4,"{""-1"": ""Missing"", ""0"": ""Never"", ""1"": ""Once or twice"", ""2"": ""A few times"", ""3"": ""Often"", ""8"": ""Refused"", ""9"": ""Don't know""}",,,0.0,3.0
173,Q44N,Q44n. Pay bribe to avoid problem with police,float64,1200,0,6,"{""-1"": ""Missing"", ""0"": ""Never"", ""1"": ""Once or twice"", ""2"": ""A few times"", ""3"": ""Often"", ""7"": ""Not applicable"", ""8"": ""Refused"", ""9"": ""Don't know""}",,,0.0,8.0
174,Q45,Q45. Higher taxes w/more services vs. lower taxes w/fewer services,float64,1200,0,6,"{""-1"": ""Missing"", ""1"": ""Agree very strongly with 1"", ""2"": ""Agree with 1"", ""3"": ""Agree with 2"", ""4"": ""Agree very strongly with 2"", ""5"": ""Agree with neither"", ""8"": ""Refused"", ""9"": ""Don't know""}",,,1.0,9.0
175,Q46A,Q46a. Difficulty to find out what taxes or fees to pay,float64,1200,0,6,"{""-1"": ""Missing"", ""1"": ""Very easy"", ""2"": ""Easy"", ""3"": ""Difficult"", ""4"": ""Very difficult"", ""8"": ""Refused"", ""9"": ""Don’t know""}",,,1.0,9.0
176,Q46B,Q46b. Difficulty to find out how government uses tax revenues,float64,1200,0,6,"{""-1"": ""Missing"", ""1"": ""Very easy"", ""2"": ""Easy"", ""3"": ""Difficult"", ""4"": ""Very difficult"", ""8"": ""Refused"", ""9"": ""Don’t know""}",,,1.0,9.0
177,Q46C,"Q46c. Taxes for ordinary people: too little, too much, or right amount",float64,1200,0,6,"{""-1"": ""Missing"", ""1"": ""Far too little"", ""2"": ""Somewhat too little"", ""3"": ""About the right amount"", ""4"": ""Somewhat too much"", ""5"": ""Far too much"", ""8"": ""Refused"", ""9"": ""Don’t know""}",,,1.0,9.0
178,Q46D,"Q46d. Taxes for the rich: too little, too much, or right amount",float64,1200,0,7,"{""-1"": ""Missing"", ""1"": ""Far too little"", ""2"": ""Somewhat too little"", ""3"": ""About the right amount"", ""4"": ""Somewhat too much"", ""5"": ""Far too much"", ""8"": ""Refused"", ""9"": ""Don’t know""}",,,1.0,9.0
179,Q47A,Q47a. Government should ensure informal sector pays taxes,float64,1200,0,6,"{""-1"": ""Missing"", ""1"": ""Strongly disagree"", ""2"": ""Disagree"", ""3"": ""Neither agree or disagree"", ""4"": ""Agree"", ""5"": ""Strongly agree"", ""8"": ""Refused"", ""9"": ""Don't know""}",,,1.0,9.0
180,Q47B,Q47b. Fair for rich to pay higher taxes,float64,1200,0,6,"{""-1"": ""Missing"", ""1"": ""Strongly disagree"", ""2"": ""Disagree"", ""3"": ""Neither agree or disagree"", ""4"": ""Agree"", ""5"": ""Strongly agree"", ""8"": ""Refused"", ""9"": ""Don't know""}",,,1.0,9.0
181,Q47C,Q47c. Taxes used by government for the well-being of citizens,float64,1200,0,7,"{""-1"": ""Missing"", ""1"": ""Strongly disagree"", ""2"": ""Disagree"", ""3"": ""Neither agree or disagree"", ""4"": ""Agree"", ""5"": ""Strongly agree"", ""8"": ""Refused"", ""9"": ""Don't know""}",,,1.0,9.0
182,Q47D,Q47d. How often people avoid paying taxes,float64,1200,0,6,"{""-1"": ""Missing"", ""0"": ""Never"", ""1"": ""Rarely"", ""2"": ""Often"", ""3"": ""Always"", ""8"": ""Refused"", ""9"": ""Don’t know""}",,,0.0,9.0
183,Q48PT1,Q48pt1. Most important problems - 1st response,float64,1200,0,30,"{""-1"": ""Missing"", ""0"": ""Nothing/ no problems"", ""1"": ""Management of the economy"", ""2"": ""Wages, incomes and salaries"", ""3"": ""Unemployment"", ""4"": ""Poverty/destitution"", ""5"": ""Rates and Taxes"", ""6"": ""Loans / credit"", ""7"": ""Farming/agriculture"", ""8"": ""Food shortage/famine"", ""9"": ""Drought"", ""10"": ""Land"", ""11"": ""Transportation"", ""12"": ""Communications"", ""13"": ""Infrastructure / roads"", ""14"": ""Education"", ""15"": ""Housing"", ""16"": ""Electricity"", ""17"": ""Water supply"", ""18"": ""Orphans/street children/homeless children"", ""19"": ""Services (other)"", ""20"": ""Health"", ""21"": ""AIDS"", ""22"": ""Sickness / Disease"", ""23"": ""Crime and Security"", ""24"": ""Corruption"", ""25"": ""Political violence"", ""26"": ""Political instability/political divisions/ ethnic tensions"", ""27"": ""Discrimination/ inequality"", ""28"": ""Gender issues / women’s rights"", ""29"": ""Democracy/political rights"", ""30"": ""War (international)"", ""31"": ""Civil war"", ""32"": ""Agricultural marketing"", ""33"": ""Climate change"", ""1580"": ""COVID-19"", ""9995"": ""Other responses"", ""9998"": ""Refused"", ""9999"": ""Don’t know""}",,,0.0,9999.0
184,Q48PT1OTHER,Q48pt1other. MIP - 1st response (verbatim),str,30,1170,24,,"[""CHAOS"", ""CITIZEN REFORM AND AWARENESS OF RESPONSIBILITY"", ""COMPETENCE"", ""CONDITIONS"", ""CREDIBILITY"", ""DISCIPLINE"", ""DISORDER"", ""FRANCE"", ""GOVERNOR SHOULD SUPPORT US"", ""IMMIGRANTS"", ""KEEP YOUTH AWAY FROM PRACTICAL LIFE"", ""MARGINALIZATION OF YOUTH"", ""MENTALITY"", ""MORALS VALUES"", ""NO CONTROL ON ALL SECTORS"", ""NON-RECOGNITION OF THE COMPETENCIES AND YOUTH"", ""PLANIFICATION"", ""RELIGION"", ""SOCIAL PROBLEMS"", ""STRIKES"", ""THE RICH PEOPLE DIVIDED US"", ""TRASH"", ""WE CAN NOT TRUST NO ONE"", ""YOUTH""]",,,
185,Q48PT2,Q48pt2. Most important problems - 2nd response,float64,1200,0,29,"{""-1"": ""Missing"", ""1"": ""Management of the economy"", ""2"": ""Wages, incomes and salaries"", ""3"": ""Unemployment"", ""4"": ""Poverty/destitution"", ""5"": ""Rates and Taxes"", ""6"": ""Loans / credit"", ""7"": ""Farming/agriculture"", ""8"": ""Food shortage/famine"", ""9"": ""Drought"", ""10"": ""Land"", ""11"": ""Transportation"", ""12"": ""Communications"", ""13"": ""Infrastructure / roads"", ""14"": ""Education"", ""15"": ""Housing"", ""16"": ""Electricity"", ""17"": ""Water supply"", ""18"": ""Orphans/street children/homeless children"", ""19"": ""Services (other)"", ""20"": ""Health"", ""21"": ""AIDS"", ""22"": ""Sickness / Disease"", ""23"": ""Crime and Security"", ""24"": ""Corruption"", ""25"": ""Political violence"", ""26"": ""Political instability/political divisions/ ethnic tensions"", ""27"": ""Discrimination/ inequality"", ""28"": ""Gender issues / women’s rights"", ""29"": ""Democracy/political rights"", ""30"": ""War (international)"", ""31"": ""Civil war"", ""32"": ""Agricultural marketing"", ""33"": ""Climate change"", ""1580"": ""COVID-19"", ""9995"": ""Other responses"", ""9996"": ""No further reply"", ""9998"": ""Refused""}",,,1.0,9996.0
186,Q48PT2OTHER,Q48pt2other. MIP - 2nd response (verbatim),str,20,1180,17,,"[""BRAINS DO NOT WORK"", ""CREDIBILITY"", ""CULTURE"", ""FACILITATE VISAS TO LEAVE THE COUNTRY"", ""IDENTITY"", ""ILLEGAL MIGRATION"", ""LAW ENFORCEMENT"", ""LOST YOUTH"", ""MORALS"", ""NO CONFIDENCE"", ""PEOPLE ILLUSION"", ""PEOPLE WOULD NOT WORK"", ""PROTECTING ENVIRONMENT"", ""RESPONSIBILITY"", ""SOCIAL"", ""STRIKES"", ""YOUTH DEVELOPMENT""]",,,
187,Q48PT3,Q48pt3. Most important problems - 3rd response,float64,1200,0,27,"{""-1"": ""Missing"", ""1"": ""Management of the economy"", ""2"": ""Wages, incomes and salaries"", ""3"": ""Unemployment"", ""4"": ""Poverty/destitution"", ""5"": ""Rates and Taxes"", ""6"": ""Loans / credit"", ""7"": ""Farming/agriculture"", ""8"": ""Food shortage/famine"", ""9"": ""Drought"", ""10"": ""Land"", ""11"": ""Transportation"", ""12"": ""Communications"", ""13"": ""Infrastructure / roads"", ""14"": ""Education"", ""15"": ""Housing"", ""16"": ""Electricity"", ""17"": ""Water supply"", ""18"": ""Orphans/street children/homeless children"", ""19"": ""Services (other)"", ""20"": ""Health"", ""21"": ""AIDS"", ""22"": ""Sickness / Disease"", ""23"": ""Crime and Security"", ""24"": ""Corruption"", ""25"": ""Political violence"", ""26"": ""Political instability/political divisions/ ethnic tensions"", ""27"": ""Discrimination/ inequality"", ""28"": ""Gender issues / women’s rights"", ""29"": ""Democracy/political rights"", ""30"": ""War (international)"", ""31"": ""Civil war"", ""32"": ""Agricultural marketing"", ""33"": ""Climate change"", ""1580"": ""COVID-19"", ""9995"": ""Other responses"", ""9996"": ""No further reply"", ""9998"": ""Refused""}",,,1.0,9996.0
188,Q48PT3OTHER,Q48pt3other. MIP - 3rd response (verbatim),str,14,1186,11,,"[""CLARITY AND TRANSPARENCY"", ""CULTURE"", ""ENVIRONMENT"", ""FACILITATE MIGRATION"", ""FACILITATE VISA"", ""ILLEGAL MIGRATION"", ""ILLITERACY"", ""MORALS"", ""ORDER"", ""PESSIMISM"", ""TV PROGRAMS WITHOUT ANY ADDITION""]",,,
189,Q49A,Q49a. Support more taxes for youth programs,float64,1200,0,7,"{""-1"": ""Missing"", ""1"": ""Strongly oppose"", ""2"": ""Somewhat oppose"", ""3"": ""Neither support nor oppose"", ""4"": ""Somewhat support"", ""5"": ""Strongly support"", ""6"": ""It depends"", ""8"": ""Refused"", ""9"": ""Don’t know""}",,,1.0,9.0
190,Q49B,Q49b. Priorities for investment in youth programs,float64,1200,0,8,"{""-1"": ""Missing"", ""0"": ""None of the above / Some other program"", ""1"": ""Job creation"", ""2"": ""Education"", ""3"": ""Jobs training"", ""4"": ""Business loans"", ""5"": ""Social services for youth"", ""6"": ""Government should not increase spending"", ""8"": ""Refused"", ""9"": ""Don’t know""}",,,0.0,9.0
191,Q50A,Q50a. Handling managing the economy,float64,1200,0,6,"{""-1"": ""Missing"", ""1"": ""Very badly"", ""2"": ""Fairly badly"", ""3"": ""Fairly well"", ""4"": ""Very well"", ""8"": ""Refused"", ""9"": ""Don't know""}",,,1.0,9.0
192,Q50B,Q50b. Handling improving living standards of the poor,float64,1200,0,6,"{""-1"": ""Missing"", ""1"": ""Very badly"", ""2"": ""Fairly badly"", ""3"": ""Fairly well"", ""4"": ""Very well"", ""8"": ""Refused"", ""9"": ""Don't know""}",,,1.0,9.0
193,Q50C,Q50c. Handling creating jobs,float64,1200,0,6,"{""-1"": ""Missing"", ""1"": ""Very badly"", ""2"": ""Fairly badly"", ""3"": ""Fairly well"", ""4"": ""Very well"", ""8"": ""Refused"", ""9"": ""Don't know""}",,,1.0,9.0
194,Q50D,Q50d. Handling keeping prices stable,float64,1200,0,6,"{""-1"": ""Missing"", ""1"": ""Very badly"", ""2"": ""Fairly badly"", ""3"": ""Fairly well"", ""4"": ""Very well"", ""8"": ""Refused"", ""9"": ""Don't know""}",,,1.0,9.0
195,Q50E,Q50e. Handling narrowing income gaps,float64,1200,0,6,"{""-1"": ""Missing"", ""1"": ""Very badly"", ""2"": ""Fairly badly"", ""3"": ""Fairly well"", ""4"": ""Very well"", ""8"": ""Refused"", ""9"": ""Don't know""}",,,1.0,9.0
196,Q50F,Q50f. Handling reducing crime,float64,1200,0,6,"{""-1"": ""Missing"", ""1"": ""Very badly"", ""2"": ""Fairly badly"", ""3"": ""Fairly well"", ""4"": ""Very well"", ""8"": ""Refused"", ""9"": ""Don't know""}",,,1.0,9.0
197,Q50G,Q50g. Handling improving basic health services,float64,1200,0,6,"{""-1"": ""Missing"", ""1"": ""Very badly"", ""2"": ""Fairly badly"", ""3"": ""Fairly well"", ""4"": ""Very well"", ""8"": ""Refused"", ""9"": ""Don't know""}",,,1.0,9.0
198,Q50H,Q50h. Handling addressing educational needs,float64,1200,0,6,"{""-1"": ""Missing"", ""1"": ""Very badly"", ""2"": ""Fairly badly"", ""3"": ""Fairly well"", ""4"": ""Very well"", ""8"": ""Refused"", ""9"": ""Don't know""}",,,1.0,9.0
199,Q50I,Q50i. Handling providing water and sanitation services,float64,1200,0,6,"{""-1"": ""Missing"", ""1"": ""Very badly"", ""2"": ""Fairly badly"", ""3"": ""Fairly well"", ""4"": ""Very well"", ""8"": ""Refused"", ""9"": ""Don't know""}",,,1.0,9.0
200,Q50J,Q50j. Handling fighting corruption,float64,1200,0,6,"{""-1"": ""Missing"", ""1"": ""Very badly"", ""2"": ""Fairly badly"", ""3"": ""Fairly well"", ""4"": ""Very well"", ""8"": ""Refused"", ""9"": ""Don't know""}",,,1.0,9.0
201,Q50K,Q50k. Handling maintaining roads and bridges,float64,1200,0,6,"{""-1"": ""Missing"", ""1"": ""Very badly"", ""2"": ""Fairly badly"", ""3"": ""Fairly well"", ""4"": ""Very well"", ""8"": ""Refused"", ""9"": ""Don't know""}",,,1.0,9.0
202,Q50L,Q50l. Handling providing a reliable supply of electricity,float64,1200,0,6,"{""-1"": ""Missing"", ""1"": ""Very badly"", ""2"": ""Fairly badly"", ""3"": ""Fairly well"", ""4"": ""Very well"", ""8"": ""Refused"", ""9"": ""Don't know""}",,,1.0,9.0
203,Q50M,Q50m. Handling preventing or resolving violent conflict,float64,1200,0,6,"{""-1"": ""Missing"", ""1"": ""Very badly"", ""2"": ""Fairly badly"", ""3"": ""Fairly well"", ""4"": ""Very well"", ""8"": ""Refused"", ""9"": ""Don't know""}",,,1.0,9.0
204,Q50N,Q50n. Handling addressing the needs of young people,float64,1200,0,6,"{""-1"": ""Missing"", ""1"": ""Very badly"", ""2"": ""Fairly badly"", ""3"": ""Fairly well"", ""4"": ""Very well"", ""8"": ""Refused"", ""9"": ""Don't know""}",,,1.0,9.0
205,Q50O,"Q50o. Handling protecting rights, promoting opportunities for disabled",float64,1200,0,6,"{""-1"": ""Missing"", ""1"": ""Very badly"", ""2"": ""Fairly badly"", ""3"": ""Fairly well"", ""4"": ""Very well"", ""8"": ""Refused"", ""9"": ""Don't know""}",,,1.0,9.0
206,Q50P_TUN,Q50p-TUN. Handling fighting tax evasion,float64,1200,0,6,"{""-1"": ""Missing"", ""1"": ""Very badly"", ""2"": ""Fairly badly"", ""3"": ""Fairly well"", ""4"": ""Very well"", ""8"": ""Refused"", ""9"": ""Don't know""}",,,1.0,9.0
207,Q51A,Q51a. Performance: President,float64,1200,0,6,"{""-1"": ""Missing"", ""1"": ""Strongly disapprove"", ""2"": ""Disapprove"", ""3"": ""Approve"", ""4"": ""Strongly approve"", ""8"": ""Refused"", ""9"": ""Don’t know""}",,,1.0,9.0
208,Q51B,Q51b. Performance: MP/National Assembly rep,float64,1200,0,6,"{""-1"": ""Missing"", ""1"": ""Strongly disapprove"", ""2"": ""Disapprove"", ""3"": ""Approve"", ""4"": ""Strongly approve"", ""8"": ""Refused"", ""9"": ""Don’t know""}",,,1.0,9.0
209,Q51C,Q51c. Performance: local government councillor,float64,1200,0,6,"{""-1"": ""Missing"", ""1"": ""Strongly disapprove"", ""2"": ""Disapprove"", ""3"": ""Approve"", ""4"": ""Strongly approve"", ""8"": ""Refused"", ""9"": ""Don’t know""}",,,1.0,9.0
210,Q51D,Q51d. Performance: traditional leader,float64,1200,0,1,"{""-1"": ""Missing"", ""1"": ""Strongly Disapprove"", ""2"": ""Disapprove"", ""3"": ""Approve"", ""4"": ""Strongly Approve"", ""7"": ""Not applicable"", ""8"": ""Refused"", ""9"": ""Don’t know or haven't heard enough to say"", ""94"": ""Not asked in the country""}",,,94.0,94.0
211,Q52A,Q52a. Who responsible: MPs do jobs,float64,1200,0,7,"{""-1"": ""Missing"", ""0"": ""The president / executive"", ""1"": ""The Parliament / county assembly"", ""2"": ""Their political party"", ""3"": ""The voters"", ""4"": ""No one"", ""8"": ""Refused"", ""9"": ""Don’t know""}",,,0.0,9.0
212,Q52B,Q52b. Who responsible: president does job,float64,1200,0,7,"{""-1"": ""Missing"", ""0"": ""The president / executive"", ""1"": ""The Parliament / county assembly"", ""2"": ""Their political party"", ""3"": ""The voters"", ""4"": ""No one"", ""8"": ""Refused"", ""9"": ""Don’t know""}",,,0.0,9.0
213,Q53A,Q53a. Elections ensure voters' views are reflected,float64,1200,0,6,"{""-1"": ""Missing"", ""0"": ""Not at all well"", ""1"": ""Not very well"", ""2"": ""Well"", ""3"": ""Very well"", ""8"": ""Refused"", ""9"": ""Don’t know""}",,,0.0,9.0
214,Q53B,Q53b. Elections enable voters to remove leaders from office,float64,1200,0,6,"{""-1"": ""Missing"", ""0"": ""Not at all well"", ""1"": ""Not very well"", ""2"": ""Well"", ""3"": ""Very well"", ""8"": ""Refused"", ""9"": ""Don’t know""}",,,0.0,9.0
215,Q53C,Q53c. Negative consequences if communities don't vote for ruling party,float64,1200,0,7,"{""-1"": ""Missing"", ""0"": ""Never"", ""1"": ""Rarely"", ""2"": ""Sometimes"", ""3"": ""Often"", ""4"": ""Always"", ""8"": ""Refused"", ""9"": ""Don’t know""}",,,0.0,9.0
216,Q54A,Q54a. Feared violence in neighbourhood,float64,1200,0,4,"{""-1"": ""Missing"", ""0"": ""No, never"", ""1"": ""Yes, feared but didn't experience"", ""2"": ""Yes, feared and experienced"", ""8"": ""Refused"", ""9"": ""Don't know""}",,,0.0,8.0
217,Q54B,Q54b. Feared violence during public protest,float64,1200,0,4,"{""-1"": ""Missing"", ""0"": ""No, never"", ""1"": ""Yes, feared but didn't experience"", ""2"": ""Yes, feared and experienced"", ""8"": ""Refused"", ""9"": ""Don't know""}",,,0.0,9.0
218,Q54C,Q54c.   Feared armed attack by political or religious extremists,float64,1200,0,4,"{""-1"": ""Missing"", ""0"": ""No, never"", ""1"": ""Yes, feared but didn't experience"", ""2"": ""Yes, feared and experienced"", ""8"": ""Refused"", ""9"": ""Don't know""}",,,0.0,9.0
219,Q55A,Q55a. Radio news,float64,1200,0,6,"{""-1"": ""Missing"", ""0"": ""Never"", ""1"": ""Less than once a month"", ""2"": ""A few times a month"", ""3"": ""A few times a week"", ""4"": ""Every day"", ""8"": ""Refused"", ""9"": ""Don't know""}",,,0.0,9.0
220,Q55B,Q55b. Television news,float64,1200,0,6,"{""-1"": ""Missing"", ""0"": ""Never"", ""1"": ""Less than once a month"", ""2"": ""A few times a month"", ""3"": ""A few times a week"", ""4"": ""Every day"", ""8"": ""Refused"", ""9"": ""Don't know""}",,,0.0,9.0
221,Q55C,Q55c. Newspaper news,float64,1200,0,6,"{""-1"": ""Missing"", ""0"": ""Never"", ""1"": ""Less than once a month"", ""2"": ""A few times a month"", ""3"": ""A few times a week"", ""4"": ""Every day"", ""8"": ""Refused"", ""9"": ""Don't know""}",,,0.0,9.0
222,Q55D,Q55d. Internet news,float64,1200,0,6,"{""-1"": ""Missing"", ""0"": ""Never"", ""1"": ""Less than once a month"", ""2"": ""A few times a month"", ""3"": ""A few times a week"", ""4"": ""Every day"", ""8"": ""Refused"", ""9"": ""Don't know""}",,,0.0,9.0
223,Q55E,Q55e. Social media news,float64,1200,0,6,"{""-1"": ""Missing"", ""0"": ""Never"", ""1"": ""Less than once a month"", ""2"": ""A few times a month"", ""3"": ""A few times a week"", ""4"": ""Every day"", ""8"": ""Refused"", ""9"": ""Don't know""}",,,0.0,9.0
224,Q56,Q56. How free is news media,float64,1200,0,5,"{""-1"": ""Missing"", ""0"": ""Not at all free"", ""1"": ""Not very free"", ""2"": ""Somewhat free"", ""3"": ""Completely free"", ""8"": ""Refused"", ""9"": ""Don’t know""}",,,0.0,9.0
225,Q57A,Q57a. Spread false information: government officials,float64,1200,0,6,"{""-1"": ""Missing"", ""0"": ""Never"", ""1"": ""Rarely"", ""2"": ""Sometimes"", ""3"": ""Often"", ""8"": ""Refused"", ""9"": ""Don't know""}",,,0.0,9.0
226,Q57B,Q57b. Spread false information: politicians and political parties,float64,1200,0,6,"{""-1"": ""Missing"", ""0"": ""Never"", ""1"": ""Rarely"", ""2"": ""Sometimes"", ""3"": ""Often"", ""8"": ""Refused"", ""9"": ""Don't know""}",,,0.0,9.0
227,Q57C,Q57c. Spread false information: news media and journalists,float64,1200,0,5,"{""-1"": ""Missing"", ""0"": ""Never"", ""1"": ""Rarely"", ""2"": ""Sometimes"", ""3"": ""Often"", ""8"": ""Refused"", ""9"": ""Don't know""}",,,0.0,9.0
228,Q57D,Q57d. Spread false information: social media users,float64,1200,0,6,"{""-1"": ""Missing"", ""0"": ""Never"", ""1"": ""Rarely"", ""2"": ""Sometimes"", ""3"": ""Often"", ""8"": ""Refused"", ""9"": ""Don't know""}",,,0.0,9.0
229,Q57E,Q57e. Spread false information: activists and interest groups,float64,1200,0,6,"{""-1"": ""Missing"", ""0"": ""Never"", ""1"": ""Rarely"", ""2"": ""Sometimes"", ""3"": ""Often"", ""8"": ""Refused"", ""9"": ""Don't know""}",,,0.0,9.0
230,Q58A,Q58a. Govt can prohibit sharing: news or information that is false,float64,1200,0,6,"{""-1"": ""Missing"", ""1"": ""Strongly disagree"", ""2"": ""Disagree"", ""3"": ""Neither agree or disagree"", ""4"": ""Agree"", ""5"": ""Strongly agree"", ""8"": ""Refused"", ""9"": ""Don't know""}",,,1.0,9.0
231,Q58B,"Q58b. Govt can prohibit sharing: news, information, or opinions that the government disapproves of",float64,1200,0,6,"{""-1"": ""Missing"", ""1"": ""Strongly disagree"", ""2"": ""Disagree"", ""3"": ""Neither agree or disagree"", ""4"": ""Agree"", ""5"": ""Strongly agree"", ""8"": ""Refused"", ""9"": ""Don't know""}",,,1.0,9.0
232,Q58C,Q58c. Govt can prohibit sharing: criticism of president,float64,1200,0,7,"{""-1"": ""Missing"", ""1"": ""Strongly disagree"", ""2"": ""Disagree"", ""3"": ""Neither agree or disagree"", ""4"": ""Agree"", ""5"": ""Strongly agree"", ""8"": ""Refused"", ""9"": ""Don't know""}",,,1.0,9.0
233,Q58D,Q58d. Govt can prohibit sharing: hate speech,float64,1200,0,6,"{""-1"": ""Missing"", ""1"": ""Strongly disagree"", ""2"": ""Disagree"", ""3"": ""Neither agree or disagree"", ""4"": ""Agree"", ""5"": ""Strongly agree"", ""8"": ""Refused"", ""9"": ""Don't know""}",,,1.0,9.0
234,Q59A,Q59a. Heard about social media,float64,1200,0,3,"{""-1"": ""Missing"", ""0"": ""No"", ""1"": ""Yes"", ""8"": ""Refused"", ""9"": ""Don't know""}",,,0.0,9.0
235,Q59B,Q59b. Social media: makes people more informed,float64,1200,0,8,"{""-1"": ""Missing"", ""1"": ""Strongly disagree"", ""2"": ""Disagree"", ""3"": ""Neither agree or disagree"", ""4"": ""Agree"", ""5"": ""Strongly agree"", ""7"": ""Not applicable"", ""8"": ""Refused"", ""9"": ""Don't know""}",,,1.0,9.0
236,Q59C,Q59c. Social media: makes people more likely to believe false news,float64,1200,0,8,"{""-1"": ""Missing"", ""1"": ""Strongly disagree"", ""2"": ""Disagree"", ""3"": ""Neither agree or disagree"", ""4"": ""Agree"", ""5"": ""Strongly agree"", ""7"": ""Not applicable"", ""8"": ""Refused"", ""9"": ""Don't know""}",,,1.0,9.0
237,Q59D,Q59d. Social media: helps people have more impact on politics,float64,1200,0,8,"{""-1"": ""Missing"", ""1"": ""Strongly disagree"", ""2"": ""Disagree"", ""3"": ""Neither agree or disagree"", ""4"": ""Agree"", ""5"": ""Strongly agree"", ""7"": ""Not applicable"", ""8"": ""Refused"", ""9"": ""Don't know""}",,,1.0,9.0
238,Q59E,Q59e. Social media: makes people more intolerant,float64,1200,0,8,"{""-1"": ""Missing"", ""1"": ""Strongly disagree"", ""2"": ""Disagree"", ""3"": ""Neither agree or disagree"", ""4"": ""Agree"", ""5"": ""Strongly agree"", ""7"": ""Not applicable"", ""8"": ""Refused"", ""9"": ""Don't know""}",,,1.0,9.0
239,Q59F,Q59f. Effects of social media on society,float64,1200,0,7,"{""-1"": ""Missing"", ""1"": ""Very negative"", ""2"": ""Somewhat negative"", ""3"": ""Neither positive nor negative"", ""4"": ""Somewhat positive"", ""5"": ""Very positive"", ""7"": ""Not applicable"", ""8"": ""Refused"", ""9"": ""Don’t know""}",,,1.0,9.0
240,Q60,Q60. Unrestricted access to the Internet vs regulated access,float64,1200,0,7,"{""-1"": ""Missing"", ""1"": ""Agree very strongly with 1"", ""2"": ""Agree with 1"", ""3"": ""Agree with 2"", ""4"": ""Agree very strongly with 2"", ""5"": ""Agree with neither"", ""8"": ""Refused"", ""9"": ""Don't know""}",,,1.0,9.0
241,Q61,Q61. Allow free movement in region vs limit cross-border movement,float64,1200,0,6,"{""-1"": ""Missing"", ""1"": ""Agree very strongly with 1"", ""2"": ""Agree with 1"", ""3"": ""Agree with 2"", ""4"": ""Agree very strongly with 2"", ""5"": ""Agree with neither"", ""8"": ""Refused"", ""9"": ""Don't know""}",,,1.0,9.0
242,Q62,Q62. Difficulty to move across borders,float64,1200,0,6,"{""-1"": ""Missing"", ""1"": ""Very difficult"", ""2"": ""Difficult"", ""3"": ""Easy"", ""4"": ""Very easy"", ""7"": ""Never try"", ""8"": ""Refused"", ""9"": ""Don’t know""}",,,1.0,9.0
243,Q63,Q63. Finance development from own resources vs use external loans,float64,1200,0,6,"{""-1"": ""Missing"", ""1"": ""Agree very strongly with 1"", ""2"": ""Agree with 1"", ""3"": ""Agree with 2"", ""4"": ""Agree very strongly with 2"", ""5"": ""Agree with neither"", ""8"": ""Refused"", ""9"": ""Don't know""}",,,1.0,9.0
244,Q64A,Q64a. Strict spending requirements on external loans vs govt decides,float64,1200,0,7,"{""-1"": ""Missing"", ""1"": ""Agree very strongly with 1"", ""2"": ""Agree with 1"", ""3"": ""Agree with 2"", ""4"": ""Agree very strongly with 2"", ""5"": ""Agree with neither"", ""8"": ""Refused"", ""9"": ""Don't know""}",,,1.0,9.0
245,Q64B,Q64b. Strict democracy conditions on external loans vs govt decides,float64,1200,0,7,"{""-1"": ""Missing"", ""1"": ""Agree very strongly with 1"", ""2"": ""Agree with 1"", ""3"": ""Agree with 2"", ""4"": ""Agree very strongly with 2"", ""5"": ""Agree with neither"", ""8"": ""Refused"", ""9"": ""Don't know""}",,,1.0,9.0
246,Q65A,Q65a. Know if country receives assistance from China,float64,1200,0,3,"{""-1"": ""Missing"", ""0"": ""No"", ""1"": ""Yes"", ""8"": ""Refused"", ""9"": ""Don't know""}",,,0.0,9.0
247,Q65B,Q65b. Government required to repay China for loans,float64,1200,0,4,"{""-1"": ""Missing"", ""0"": ""No"", ""1"": ""Yes"", ""7"": ""Not applicable"", ""8"": ""Refused"", ""9"": ""Don't know""}",,,0.0,9.0
248,Q65C,Q65c. Government borrowed too much money from China,float64,1200,0,4,"{""-1"": ""Missing"", ""0"": ""No"", ""1"": ""Yes"", ""7"": ""Not applicable"", ""8"": ""Refused"", ""9"": ""Don't know""}",,,0.0,9.0
249,Q65D,Q65d. China puts more or less conditions on assistance,float64,1200,0,8,"{""-1"": ""Missing"", ""0"": ""Far fewer requirements"", ""1"": ""Somewhat fewer requirements"", ""2"": ""About the same number of requirements"", ""3"": ""Somewhat more requirements"", ""4"": ""Many more requirements"", ""7"": ""Not applicable"", ""8"": ""Refused"", ""9"": ""Don’t know""}",,,0.0,9.0
250,Q66,Q66. Open trade for development vs protect local producers,float64,1200,0,6,"{""-1"": ""Missing"", ""1"": ""Agree very strongly with 1"", ""2"": ""Agree with 1"", ""3"": ""Agree with 2"", ""4"": ""Agree very strongly with 2"", ""5"": ""Agree with neither"", ""8"": ""Refused"", ""9"": ""Don't know""}",,,1.0,9.0
251,Q67,Q67. Only nationals trade vs allow foreigners to trade,float64,1200,0,6,"{""-1"": ""Missing"", ""1"": ""Agree very strongly with 1"", ""2"": ""Agree with 1"", ""3"": ""Agree with 2"", ""4"": ""Agree very strongly with 2"", ""5"": ""Agree with neither"", ""8"": ""Refused"", ""9"": ""Don't know""}",,,1.0,9.0
252,Q68,Q68. Diverse communities stronger vs similar communities stronger,float64,1200,0,6,"{""-1"": ""Missing"", ""1"": ""Agree very strongly with 1"", ""2"": ""Agree with 1"", ""3"": ""Agree with 2"", ""4"": ""Agree very strongly with 2"", ""5"": ""Agree with neither"", ""8"": ""Refused"", ""9"": ""Don't know""}",,,1.0,9.0
253,Q69A,Q69a. Best country model for development,float64,1200,0,12,"{""-1"": ""Missing"", ""0"": ""None of these / There is no role model"", ""1"": ""United States"", ""2"": ""China"", ""3"": ""Former colonial power (France)"", ""4"": ""Rwanda"", ""5"": ""South Africa"", ""6"": ""Ethiopia"", ""7"": ""We should follow our own country’s model"", ""1580"": ""Turkey"", ""1581"": ""Germany"", ""9995"": ""Other country"", ""9998"": ""Refused"", ""9999"": ""Don’t know""}",,,0.0,9999.0
254,Q69AOTHER,Q69aother. Best country model for development (verbatim),str,69,1131,30,,"[""AFRICA"", ""ALGERIA"", ""AUSTRALIA"", ""BELGIUM"", ""BRAZIL"", ""CANADA"", ""FINLAND"", ""GOLF COUNTRIES"", ""GREECE"", ""ISLAND"", ""ITALY"", ""JAPAN"", ""KSA"", ""LIBYA"", ""MALAYSIA"", ""MOROCCO"", ""NIGERIA"", ""NORTH KOREA"", ""NORWAY"", ""OMAN"", ""QATAR"", ""RUSSIA"", ""RWANDA"", ""SENEGAL"", ""SINGAPORE"", ""SOUTH KOREA"", ""SWEDEN"", ""SWITZERLAND"", ""UAE"", ""UK""]",,,
255,Q69B,Q69b. China's influence on economy,float64,1200,0,6,"{""-1"": ""Missing"", ""0"": ""None"", ""1"": ""A little"", ""2"": ""Some"", ""3"": ""A lot"", ""8"": ""Refused"", ""9"": ""Don’t know""}",,,0.0,9.0
256,Q70A,Q70a. Influence of organization: African Union,float64,1200,0,6,"{""-1"": ""Missing"", ""1"": ""Very negative"", ""2"": ""Somewhat negative"", ""3"": ""Neither positive nor negative"", ""4"": ""Somewhat positive"", ""5"": ""Very positive"", ""8"": ""Refused"", ""9"": ""Don’t know""}",,,1.0,9.0
257,Q70B,Q70b. Influence of organization: regional alliance (Arab Maghreb Union),float64,1200,0,7,"{""-1"": ""Missing"", ""1"": ""Very negative"", ""2"": ""Somewhat negative"", ""3"": ""Neither positive nor negative"", ""4"": ""Somewhat positive"", ""5"": ""Very positive"", ""8"": ""Refused"", ""9"": ""Don’t know""}",,,1.0,9.0
258,Q70C,Q70c. Influence of organization: United Nations agencies,float64,1200,0,7,"{""-1"": ""Missing"", ""1"": ""Very negative"", ""2"": ""Somewhat negative"", ""3"": ""Neither positive nor negative"", ""4"": ""Somewhat positive"", ""5"": ""Very positive"", ""8"": ""Refused"", ""9"": ""Don’t know""}",,,1.0,9.0
259,Q70D,Q70d. Influence of country: Former colonial power (France),float64,1200,0,6,"{""-1"": ""Missing"", ""1"": ""Very negative"", ""2"": ""Somewhat negative"", ""3"": ""Neither positive nor negative"", ""4"": ""Somewhat positive"", ""5"": ""Very positive"", ""8"": ""Refused"", ""9"": ""Don’t know""}",,,1.0,9.0
260,Q70E,Q70e. Influence of country: China,float64,1200,0,6,"{""-1"": ""Missing"", ""1"": ""Very negative"", ""2"": ""Somewhat negative"", ""3"": ""Neither positive nor negative"", ""4"": ""Somewhat positive"", ""5"": ""Very positive"", ""8"": ""Refused"", ""9"": ""Don’t know""}",,,1.0,9.0
261,Q70F,Q70f. Influence of country: United States,float64,1200,0,7,"{""-1"": ""Missing"", ""1"": ""Very negative"", ""2"": ""Somewhat negative"", ""3"": ""Neither positive nor negative"", ""4"": ""Somewhat positive"", ""5"": ""Very positive"", ""8"": ""Refused"", ""9"": ""Don’t know""}",,,1.0,9.0
262,Q70G,Q70g. Influence of country: regional superpower (Algeria),float64,1200,0,7,"{""-1"": ""Missing"", ""1"": ""Very negative"", ""2"": ""Somewhat negative"", ""3"": ""Neither positive nor negative"", ""4"": ""Somewhat positive"", ""5"": ""Very positive"", ""8"": ""Refused"", ""9"": ""Don’t know""}",,,1.0,9.0
263,Q70H,Q70g. Influence of country: Russia,float64,1200,0,7,"{""-1"": ""Missing"", ""1"": ""Very negative"", ""2"": ""Somewhat negative"", ""3"": ""Neither positive nor negative"", ""4"": ""Somewhat positive"", ""5"": ""Very positive"", ""8"": ""Refused"", ""9"": ""Don’t know""}",,,1.0,9.0
264,Q71,Q71. Most important international language,float64,1200,0,8,"{""-1"": ""Missing"", ""0"": ""None of these / No international language needed"", ""1"": ""English"", ""2"": ""French"", ""3"": ""Portuguese"", ""4"": ""Arabic"", ""5"": ""Chinese"", ""6"": ""Kiswahili"", ""95"": ""Other"", ""98"": ""Refused"", ""99"": ""Don’t know""}",,,1.0,99.0
265,Q71OTHER,Q71other. Most important international language (verbatim),str,13,1187,3,,"[""GERMAN"", ""ITALIAN"", ""SPANISH""]",,,
266,Q72A,Q72a. Heard about climate change,float64,1200,0,3,"{""-1"": ""Missing"", ""0"": ""No"", ""1"": ""Yes"", ""8"": ""Refused"", ""9"": ""Don't know""}",,,0.0,9.0
267,Q72B,Q72b. Climate change: affecting country,float64,1200,0,7,"{""-1"": ""Missing"", ""1"": ""Much better"", ""2"": ""Somewhat better"", ""3"": ""Neither/ no change / about the same"", ""4"": ""Somewhat worse"", ""5"": ""Much worse"", ""7"": ""Not applicable"", ""8"": ""Refused"", ""9"": ""Don’t know""}",,,1.0,9.0
268,Q73,Q73. Free to move when public security threatened vs impose curfews,float64,1200,0,7,"{""-1"": ""Missing"", ""1"": ""Agree very strongly with 1"", ""2"": ""Agree with 1"", ""3"": ""Agree with 2"", ""4"": ""Agree very strongly with 2"", ""5"": ""Agree with neither"", ""8"": ""Refused"", ""9"": ""Don't know""}",,,1.0,9.0
269,Q74,Q74. Government should monitor private communication vs right to privacy,float64,1200,0,6,"{""-1"": ""Missing"", ""1"": ""Agree very strongly with 1"", ""2"": ""Agree with 1"", ""3"": ""Agree with 2"", ""4"": ""Agree very strongly with 2"", ""5"": ""Agree with neither"", ""8"": ""Refused"", ""9"": ""Don't know""}",,,1.0,9.0
270,Q75,Q75. Absolute freedom of religion vs government regulates what is said,float64,1200,0,7,"{""-1"": ""Missing"", ""1"": ""Agree very strongly with 1"", ""2"": ""Agree with 1"", ""3"": ""Agree with 2"", ""4"": ""Agree very strongly with 2"", ""5"": ""Agree with neither"", ""8"": ""Refused"", ""9"": ""Don't know""}",,,1.0,9.0
271,Q76A_TUN,Q76A-TUN. Heard about the INLUCC,float64,1200,0,2,"{""-1"": ""Missing"", ""0"": ""No"", ""1"": ""Yes""}",,,0.0,1.0
272,Q76B_TUN,Q76B-TUN.The INLUCC effective fighting corruption,float64,1200,0,7,"{""-1"": ""Missing"", ""0"": ""Not at all effective"", ""1"": ""Not effective"", ""2"": ""Somewhat effective"", ""3"": ""Very effective"", ""7"": ""Not applicable"", ""8"": ""Refused"", ""9"": ""Don't know""}",,,0.0,9.0
273,Q76C_TUN,Q76C-TUN.  Trust the INLUCC,float64,1200,0,7,"{""-1"": ""Missing"", ""0"": ""Not at all"", ""1"": ""Just a little"", ""2"": ""Somewhat"", ""3"": ""A lot"", ""7"": ""Not applicable"", ""8"": ""Refused"", ""9"": ""Don't know""}",,,0.0,9.0
274,Q76D_TUN,Q76D-TUN. Performance of the INLUCC,float64,1200,0,7,"{""-1"": ""Missing"", ""0"": ""Not at all satisfied"", ""1"": ""Not very satisfied"", ""2"": ""Fairly satisfied"", ""3"": ""Very satisfied"", ""7"": ""Not applicable"", ""8"": ""Refused"", ""9"": ""Don't know""}",,,0.0,9.0
275,Q77A_TUN,Q77A-TUN. Smuggling is a problem in Tunisia today,float64,1200,0,4,"{""-1"": ""Missing"", ""0"": ""Not a problem at all"", ""1"": ""A minor problem"", ""2"": ""A major problem"", ""8"": ""Refused"", ""9"": ""Don't know""}",,,0.0,9.0
276,Q77B_TUN,Q77B-TUN. Government handling smuggline of goods,float64,1200,0,7,"{""-1"": ""Missing"", ""1"": ""Very Badly"", ""2"": ""Fairly Badly"", ""3"": ""Fairly Well"", ""4"": ""Very Well"", ""7"": ""Not applicable"", ""8"": ""Refused"", ""9"": ""Don't know""}",,,1.0,9.0
277,Q77C_TUN,"Q77C-TUN. More important to buy cheaper, smuggled goods vs legal, higher priced goods",float64,1200,0,6,"{""-1"": ""Missing"", ""1"": ""Agree very strongly with 1"", ""2"": ""Agree with 1"", ""3"": ""Agree with 2"", ""4"": ""Agree very strongly with 2"", ""5"": ""Agree with neither"", ""8"": ""Refused"", ""9"": ""Don't know""}",,,1.0,9.0
278,Q78A_TUN,Q78A_TUN. Punishable to buy smuggled good,float64,1200,0,5,"{""-1"": ""Missing"", ""1"": ""Not wrong at all"", ""2"": ""Wrong but understandable"", ""3"": ""Wrong and punishable"", ""8"": ""Refused"", ""9"": ""Don't know""}",,,1.0,9.0
279,Q78B_TUN,Q78B_TUN. Punishable to bribe officials to obtain public services,float64,1200,0,4,"{""-1"": ""Missing"", ""1"": ""Not wrong at all"", ""2"": ""Wrong but understandable"", ""3"": ""Wrong and punishable"", ""8"": ""Refused"", ""9"": ""Don't know""}",,,1.0,9.0
280,Q78C_TUN,Q78C_TUN. Punishable to work as a driver of smuggled goods,float64,1200,0,4,"{""-1"": ""Missing"", ""1"": ""Not wrong at all"", ""2"": ""Wrong but understandable"", ""3"": ""Wrong and punishable"", ""8"": ""Refused"", ""9"": ""Don't know""}",,,1.0,9.0
281,Q78D_TUN,Q78D_TUN. Punishable for civil servant to use official time to make extra cash,float64,1200,0,4,"{""-1"": ""Missing"", ""1"": ""Not wrong at all"", ""2"": ""Wrong but understandable"", ""3"": ""Wrong and punishable"", ""8"": ""Refused"", ""9"": ""Don't know""}",,,1.0,9.0
282,Q79_TUN,Q79-TUN.  Punishable for business to under-declare profits to evade tax,float64,1200,0,4,"{""-1"": ""Missing"", ""1"": ""Not wrong at all"", ""2"": ""Wrong but understandable"", ""3"": ""Wrong and punishable"", ""8"": ""Refused"", ""9"": ""Don't know""}",,,1.0,9.0
283,Q80A_TUN,Q80a-TUN. Confident government will address economic challenges in next 5 years,float64,1200,0,6,"{""-1"": ""Missing"", ""0"": ""Not at all confident"", ""1"": ""Not confident"", ""2"": ""Somewhat confident"", ""3"": ""Very confident"", ""8"": ""Refused"", ""9"": ""Don't know""}",,,0.0,9.0
284,Q80B_TUN,Q80b_TUN. Confident government will address political challenges in next 5 years,float64,1200,0,6,"{""-1"": ""Missing"", ""0"": ""Not at all confident"", ""1"": ""Not confident"", ""2"": ""Somewhat confident"", ""3"": ""Very confident"", ""8"": ""Refused"", ""9"": ""Don't know""}",,,0.0,9.0
285,Q81,"Q81. Ethnic community, cultural group or tribe",float64,1200,0,1,"{""9994"": ""Not asked in country""}",,,9994.0,9994.0
286,Q82A,Q82a. Ethnic group treated unfairly by government,float64,1200,0,1,"{""-1"": ""Missing"", ""0"": ""Never"", ""1"": ""Sometimes"", ""2"": ""Often"", ""3"": ""Always"", ""7"": ""Not Applicable"", ""8"": ""Refused"", ""9"": ""Don’t know"", ""94"": ""Not asked in the country""}",,,94.0,94.0
287,Q82B,Q82b. Ethnic or national identity,float64,1200,0,1,"{""-1"": ""Missing"", ""1"": ""I feel only (ethnic group)"", ""2"": ""I feel more (ethnic group) than (national identity)"", ""3"": ""I feel equally (national identity) and (ethnic group)"", ""4"": ""I feel more (national identity) than (ethnic group)"", ""5"": ""I feel only (national identity)"", ""7"": ""Not applicable"", ""8"": ""Refused"", ""9"": ""Don't know"", ""94"": ""Not asked in the country""}",,,94.0,94.0
288,Q82C,Q82c. Comfortable speaking mother tongue in public,float64,1200,0,3,"{""-1"": ""Missing"", ""0"": ""No"", ""1"": ""Yes"", ""7"": ""Not applicable"", ""8"": ""Refused"", ""9"": ""Don’t know""}",,,0.0,7.0
289,Q82D,Q82d. Comfortable wearing  traditional or cultural dress in public,float64,1200,0,5,"{""-1"": ""Missing"", ""0"": ""No"", ""1"": ""Yes"", ""7"": ""Not applicable"", ""8"": ""Refused"", ""9"": ""Don’t know""}",,,0.0,9.0
290,Q83,Q83. Most people can be trusted,float64,1200,0,3,"{""-1"": ""Missing"", ""0"": ""Must be very careful"", ""1"": ""Most people can be trusted"", ""8"": ""Refused"", ""9"": ""Don’t know""}",,,0.0,9.0
291,Q84A,Q84a. Unfair treatment by other people based on economic status,float64,1200,0,5,"{""-1"": ""Missing"", ""0"": ""Never"", ""1"": ""Once or twice"", ""2"": ""Several times"", ""3"": ""Many times"", ""8"": ""Refused"", ""9"": ""Don't know""}",,,0.0,9.0
292,Q84B,Q84b. Unfair treatment by other people based on religion,float64,1200,0,5,"{""-1"": ""Missing"", ""0"": ""Never"", ""1"": ""Once or twice"", ""2"": ""Several times"", ""3"": ""Many times"", ""8"": ""Refused"", ""9"": ""Don't know""}",,,0.0,9.0
293,Q84C,Q84c. Unfair treatment by other people based on ethnicity,float64,1200,0,1,"{""-1"": ""Missing"", ""0"": ""Never"", ""1"": ""Once or twice"", ""2"": ""Several times"", ""3"": ""Many times"", ""8"": ""Refused"", ""9"": ""Don't Know"", ""94"": ""Not asked in the country""}",,,94.0,94.0
294,Q85,Q85. More that unites or more that divides people,float64,1200,0,5,"{""-1"": ""Missing"", ""1"": ""Much more that divides us"", ""2"": ""Somewhat more that divides us"", ""3"": ""Somewhat more that unites us"", ""4"": ""Much more that unites us"", ""8"": ""Refused"", ""9"": ""Don’t know""}",,,1.0,9.0
295,Q86A,Q86a. Neighbours: people of different religion,float64,1200,0,7,"{""-1"": ""Missing"", ""1"": ""Strongly  dislike"", ""2"": ""Somewhat Dislike"", ""3"": ""Would not care"", ""4"": ""Somewhat  like"", ""5"": ""Strongly like"", ""8"": ""Refused"", ""9"": ""Don’t know""}",,,1.0,9.0
296,Q86B,Q86b. Neighbours: people of different ethnicity,float64,1200,0,7,"{""-1"": ""Missing"", ""1"": ""Strongly  dislike"", ""2"": ""Somewhat dislike"", ""3"": ""Would not care"", ""4"": ""Somewhat  like"", ""5"": ""Strongly like"", ""8"": ""Refused"", ""9"": ""Don’t know""}",,,1.0,9.0
297,Q86C,Q86c. Neighbours: homosexuals,float64,1200,0,7,"{""-1"": ""Missing"", ""1"": ""Strongly  dislike"", ""2"": ""Somewhat dislike"", ""3"": ""Would not care"", ""4"": ""Somewhat  like"", ""5"": ""Strongly like"", ""8"": ""Refused"", ""9"": ""Don’t know""}",,,1.0,9.0
298,Q86D,Q86d. Neighbours: immigrants and foreign workers,float64,1200,0,6,"{""-1"": ""Missing"", ""1"": ""Strongly  dislike"", ""2"": ""Somewhat dislike"", ""3"": ""Would not care"", ""4"": ""Somewhat  like"", ""5"": ""Strongly like"", ""8"": ""Refused"", ""9"": ""Don’t know""}",,,1.0,9.0
299,Q86E,Q86e. Neighbours: people who support a different political party,float64,1200,0,7,"{""-1"": ""Missing"", ""1"": ""Strongly  dislike"", ""2"": ""Somewhat dislike"", ""3"": ""Would not care"", ""4"": ""Somewhat  like"", ""5"": ""Strongly like"", ""8"": ""Refused"", ""9"": ""Don’t know""}",,,1.0,9.0
300,Q87A,Q87a. Influence of traditional leaders: governing local community,float64,1200,0,1,"{""-1"": ""Missing"", ""1"": ""None"", ""2"": ""A small amount"", ""3"": ""Some"", ""4"": ""A lot"", ""8"": ""Refused"", ""9"": ""Don’t know"", ""94"": ""Not asked in the country""}",,,94.0,94.0
301,Q87B,Q87b. Influence of traditional leaders: allocating land,float64,1200,0,1,"{""-1"": ""Missing"", ""1"": ""None"", ""2"": ""A small amount"", ""3"": ""Some"", ""4"": ""A lot"", ""8"": ""Refused"", ""9"": ""Don’t know"", ""94"": ""Not asked in the country""}",,,94.0,94.0
302,Q87C,Q87c. Influence of traditional leaders: votes,float64,1200,0,1,"{""-1"": ""Missing"", ""1"": ""None"", ""2"": ""A small amount"", ""3"": ""Some"", ""4"": ""A lot"", ""8"": ""Refused"", ""9"": ""Don’t know"", ""94"": ""Not asked in the country""}",,,94.0,94.0
303,Q87D,Q87d. Influence of traditional leaders: solving disputes,float64,1200,0,1,"{""-1"": ""Missing"", ""1"": ""None"", ""2"": ""A small amount"", ""3"": ""Some"", ""4"": ""A lot"", ""8"": ""Refused"", ""9"": ""Don’t know"", ""94"": ""Not asked in the country""}",,,94.0,94.0
304,Q87E,Q87e. Traditional leaders more or less influence,float64,1200,0,1,"{""-1"": ""Missing"", ""1"": ""Decrease a lot"", ""2"": ""Decrease somewhat"", ""3"": ""Stay the same"", ""4"": ""Increase somewhat"", ""5"": ""Increase a lot"", ""8"": ""Refused"", ""9"": ""Don’t know"", ""94"": ""Not asked in the country""}",,,94.0,94.0
305,Q88,Q88. Who traditional leaders serve,float64,1200,0,1,"{""-1"": ""Missing"", ""0"": ""Do not agree with any of these statements"", ""1"": ""Statement 3: Traditional leaders mostly look out for their own personal interests."", ""2"": ""Statement 2: Traditional leaders mostly serve the interests of politicians and government officials."", ""3"": ""Statement 1: Traditional leaders mostly look out for what is best for the people in their communities."", ""8"": ""Refused to answer"", ""9"": ""Don't know"", ""94"": ""Not asked in the country""}",,,94.0,94.0
306,Q89A,Q89a. Traditional leaders advise on vote vs stay out of politics,float64,1200,0,1,"{""-1"": ""Missing"", ""1"": ""Agree Very Strongly with Statement 1"", ""2"": ""Agree with Statement 1"", ""3"": ""Agree with Statement 2"", ""4"": ""Agree Very Strongly with Statement 2"", ""5"": ""Agree with Neither"", ""8"": ""Refused to answer"", ""9"": ""Don't know"", ""94"": ""Not asked in the country""}",,,94.0,94.0
307,Q89B,Q89b. Traditional leaders in competition with elected leaders vs cooperation,float64,1200,0,1,"{""-1"": ""Missing"", ""1"": ""Agree Very Strongly with Statement 1"", ""2"": ""Agree with Statement 1"", ""3"": ""Agree with Statement 2"", ""4"": ""Agree Very Strongly with Statement 2"", ""5"": ""Agree with Neither"", ""8"": ""Refused to answer"", ""9"": ""Don't know"", ""94"": ""Not asked in the country""}",,,94.0,94.0
308,Q90,Q90. Traditional leaders bad or good for democracy,float64,1200,0,1,"{""-1"": ""Missing"", ""1"": ""Weaken democracy"", ""2"": ""Don’t make a difference"", ""3"": ""Strengthen democracy"", ""8"": ""Refused"", ""9"": ""Don’t know"", ""94"": ""Not asked in the country""}",,,94.0,94.0
309,Q91A,Q91a. Close to political party,float64,1200,0,4,"{""-1"": ""Missing"", ""0"": ""No, not close to any party"", ""1"": ""Yes, feels close to a party"", ""8"": ""Refused"", ""9"": ""Don't know""}",,,0.0,9.0
310,Q91B,Q91b. Which party,float64,1200,0,15,"{""-1"": ""Missing"", ""1580"": ""Ennahdha"", ""1581"": ""Qalb Tounes"", ""1582"": ""Democratic Current"", ""1583"": ""Dignity coalition"", ""1584"": ""Free Constitutional party"", ""1585"": ""People’s Movement"", ""1586"": ""Tahya Tounes"", ""1587"": ""Machrou Tounes"", ""1588"": ""Republican Popular Union party"", ""1589"": ""Nidaa Tounes"", ""1590"": ""Arrahma Party"", ""1591"": ""Al badil"", ""1592"": ""Afek Tounes"", ""1593"": ""Independent list Hope and work"", ""9995"": ""Other"", ""9997"": ""Not applicable"", ""9998"": ""Refused"", ""9999"": ""Don't know""}",,,1580.0,9999.0
311,Q91BOTHER,Q91bother. Which party (verbatim),str,25,1175,8,,"[""CPR"", ""CURRENT OF LOVE PARTY"", ""FARMERS PARTY"", ""GOVERNMENT COALITION"", ""OPPOSITION"", ""PARTY OF SAFI SAID"", ""PARTY OF THE PRESIDENT KAIS SAID"", ""POPULAR FRONT""]",,,
312,Q92A,Q92a. Own radio,float64,1200,0,4,"{""-1"": ""Missing"", ""0"": ""No, don’t own"", ""1"": ""Yes, someone else owns"", ""2"": ""Yes, do own"", ""8"": ""Refused"", ""9"": ""Don’t know""}",,,0.0,9.0
313,Q92B,Q92b. Own television,float64,1200,0,4,"{""-1"": ""Missing"", ""0"": ""No, don’t own"", ""1"": ""Yes, someone else owns"", ""2"": ""Yes, do own"", ""8"": ""Refused"", ""9"": ""Don’t know""}",,,0.0,9.0
314,Q92C,"Q92c. Own motor vehicle, car or motorcycle",float64,1200,0,4,"{""-1"": ""Missing"", ""0"": ""No, don’t own"", ""1"": ""Yes, someone else owns"", ""2"": ""Yes, do own"", ""8"": ""Refused"", ""9"": ""Don’t know""}",,,0.0,9.0
315,Q92D,Q92d. Own computer,float64,1200,0,4,"{""-1"": ""Missing"", ""0"": ""No, don’t own"", ""1"": ""Yes, someone else owns"", ""2"": ""Yes, do own"", ""8"": ""Refused"", ""9"": ""Don’t know""}",,,0.0,9.0
316,Q92E,Q92e. Own bank account,float64,1200,0,5,"{""-1"": ""Missing"", ""0"": ""No, don’t own"", ""1"": ""Yes, someone else owns"", ""2"": ""Yes, do own"", ""8"": ""Refused"", ""9"": ""Don’t know""}",,,0.0,9.0
317,Q92F,Q90f. Own mobile phone,float64,1200,0,3,"{""-1"": ""Missing"", ""0"": ""No, don’t own"", ""1"": ""Yes, someone else owns"", ""2"": ""Yes, do own"", ""8"": ""Refused"", ""9"": ""Don’t know""}",,,0.0,2.0
318,Q92G,Q90g. Mobile phone access to internet,float64,1200,0,4,"{""-1"": ""Missing"", ""0"": ""No (Does not have internet access)"", ""1"": ""Yes (Have internet)"", ""7"": ""Not applicable"", ""8"": ""Refused"", ""9"": ""Don't know""}",,,0.0,9.0
319,Q92H,Q90h. How often use a mobile phone,float64,1200,0,6,"{""-1"": ""Missing"", ""0"": ""Never"", ""1"": ""Less than once a month"", ""2"": ""A few times a month"", ""3"": ""A few times a week"", ""4"": ""Every day"", ""8"": ""Refused"", ""9"": ""Don't know""}",,,0.0,9.0
320,Q92I,Q90i. How often use the internet,float64,1200,0,6,"{""-1"": ""Missing"", ""0"": ""Never"", ""1"": ""Less than once a month"", ""2"": ""A few times a month"", ""3"": ""A few times a week"", ""4"": ""Every day"", ""8"": ""Refused"", ""9"": ""Don't know""}",,,0.0,9.0
321,Q93A,Q93a. Source of water for household use,float64,1200,0,15,"{""-1"": ""Missing"", ""1"": ""Piped water into dwelling"", ""2"": ""Piped water into yard, plot or compound"", ""3"": ""Public tap or standpipe"", ""4"": ""Tubewell or borehole"", ""5"": ""Protected dug well"", ""6"": ""Unprotected dug well"", ""7"": ""Protected spring"", ""8"": ""Unprotected spring"", ""9"": ""Rainwater collection"", ""10"": ""Bottled water"", ""11"": ""Purchased from a cart with a small tank or drum"", ""12"": ""Purchased from a tanker truck"", ""13"": ""Surface water, like a river, dam, lake, pond, stream, canal or irrigation channel"", ""95"": ""Other"", ""98"": ""Refused"", ""99"": ""Don’t know""}",,,1.0,99.0
322,Q93B,Q93b. Location of toilet or latrine,float64,1200,0,5,"{""-1"": ""Missing"", ""0"": ""No latrine"", ""1"": ""Inside the house"", ""2"": ""Inside the compound"", ""3"": ""Outside the compound"", ""8"": ""Refused"", ""9"": ""Don't know""}",,,0.0,9.0
323,Q94A,Q94a. Electric connection from mains,float64,1200,0,3,"{""-1"": ""Missing"", ""0"": ""No"", ""1"": ""Yes"", ""8"": ""Refused to Answer"", ""9"": ""Don't Know""}",,,0.0,9.0
324,Q94B,Q94b. Electricity available from mains,float64,1200,0,6,"{""-1"": ""Missing"", ""1"": ""Never"", ""2"": ""Occasionally"", ""3"": ""About half of the time"", ""4"": ""Most of the time"", ""5"": ""All of the time"", ""7"": ""Not Applicable"", ""8"": ""Refused"", ""9"": ""Don't know""}",,,1.0,7.0
325,Q94C,Q94c. Other source of electricity: available,float64,1200,0,3,"{""-1"": ""Missing"", ""0"": ""No"", ""1"": ""Yes"", ""8"": ""Refused to Answer"", ""9"": ""Don't Know""}",,,0.0,9.0
326,Q94D,Q94d. Other source of electricity: type,float64,1200,0,7,"{""-1"": ""Missing"", ""1"": ""Batteries or power bank"", ""2"": ""Generator"", ""3"": ""Solar panels"", ""4"": ""Wind power"", ""5"": ""Hydro power"", ""6"": ""Biogas"", ""95"": ""Other"", ""96"": ""Multiple sources"", ""97"": ""Not Applicable"", ""98"": ""Refused to answer"", ""99"": ""Don’t know""}",,,2.0,99.0
327,Q94E,Q94e. Other source of electricity: owner,float64,1200,0,4,"{""-1"": ""Missing"", ""1"": ""Owned by household"", ""2"": ""Owned outside of household"", ""3"": ""Get power from sources both within and outside of household"", ""7"": ""Not Applicable"", ""8"": ""Refused to answer"", ""9"": ""Don’t know""}",,,1.0,7.0
328,Q95A,Q95a. Employment status,float64,1200,0,4,"{""-1"": ""Missing"", ""0"": ""No (not looking)"", ""1"": ""No (looking)"", ""2"": ""Yes, part time"", ""3"": ""Yes, full time"", ""8"": ""Refused"", ""9"": ""Don’t know""}",,,0.0,3.0
329,Q95B,Q95b. Required to pay an income tax,float64,1200,0,4,"{""-1"": ""Missing"", ""0"": ""No, not required to pay"", ""1"": ""Yes,required to pay"", ""7"": ""Not applicable"", ""8"": ""Refused"", ""9"": ""Don’t know""}",,,0.0,9.0
330,Q95C,Q95c. Occupation of respondent,float64,1200,0,17,"{""-1"": ""Missing"", ""0"": ""Never had a job"", ""1"": ""Student"", ""2"": ""Housewife / homemaker"", ""3"": ""Agriculture / farming / fishing / forestry"", ""4"": ""Trader / hawker / vendor"", ""5"": ""Retail / Shop"", ""6"": ""Unskilled manual worker (e.g., cleaner, laborer, domestic help, unskilled manufacturing worker)"", ""7"": ""Artisan or skilled manual worker (e.g., trades like electrician, mechanic, machinist or skilled manufacturing worker)"", ""8"": ""Clerical or secretarial"", ""9"": ""Supervisor / Foreman / Senior Manager"", ""10"": ""Security services (police, army, private security)"", ""11"": ""Mid-level professional (e.g., teacher, nurse, mid-level government officer)"", ""12"": ""Upper-level professional (e.g., banker/finance, doctor, lawyer, engineer, accountant, professor, senior-level government"", ""1580"": ""Retired"", ""9995"": ""Other"", ""9998"": ""Refused"", ""9999"": ""Don’t know""}",,,0.0,9999.0
331,Q95COTHER,Q95cother. Occupation of respondent (verbatim),str,1,1199,1,,"[""ENTERTAINMENT INDUSTRY""]",,,
332,Q95D,Q95d. Employer of respondent,float64,1200,0,7,"{""-1"": ""Missing"", ""1"": ""Works for self"", ""2"": ""Private sector"", ""3"": ""Non Governmental Organizations / Civil society sector"", ""4"": ""Government"", ""7"": ""Not applicable"", ""8"": ""Refused"", ""9"": ""Don't know""}",,,1.0,9.0
333,Q96A,Q96a. Who decides how money is used,float64,1200,0,8,"{""-1"": ""Missing"", ""1"": ""You make the decisions yourself"", ""2"": ""Your spouse makes the decisions"", ""3"": ""You make the decisions jointly with your spouse"", ""4"": ""You make the decisions jointly with other family members"", ""5"": ""Other family members make the decisions without you"", ""6"": ""None of the above / Some other response"", ""7"": ""Not applicable, no earnings"", ""8"": ""Refused to Answer"", ""9"": ""Don’t know""}",,,1.0,9.0
334,Q96B,Q96b. Head of household,float64,1200,0,11,"{""-1"": ""Missing"", ""1"": ""You [respondent]"", ""2"": ""Respondent’s spouse"", ""3"": ""Respondent’s father"", ""4"": ""Respondent’s mother"", ""5"": ""Respondent’s son"", ""6"": ""Respondent’s daughter"", ""7"": ""Respondent’s grandfather"", ""8"": ""Respondent’s grandmother"", ""9"": ""Another male relative"", ""10"": ""Another female relative"", ""11"": ""Someone else"", ""12"": ""More than one person"", ""98"": ""Refused"", ""99"": ""Don’t know""}",,,1.0,99.0
335,Q96C,Q96c. Occupation of head of household,float64,1200,0,17,"{""-1"": ""Missing"", ""0"": ""Never had a job"", ""1"": ""Student"", ""2"": ""Housewife / homemaker"", ""3"": ""Agriculture / farming / fishing / forestry"", ""4"": ""Trader / hawker / vendor"", ""5"": ""Retail / Shop"", ""6"": ""Unskilled manual worker (e.g., cleaner, laborer, domestic help, unskilled manufacturing worker)"", ""7"": ""Artisan or skilled manual worker (e.g., trades like electrician, mechanic, machinist or skilled manufacturing worker)"", ""8"": ""Clerical or secretarial"", ""9"": ""Supervisor / Foreman / Senior Manager"", ""10"": ""Security services (police, army, private security)"", ""11"": ""Mid-level professional (e.g., teacher, nurse, mid-level government officer)"", ""12"": ""Upper-level professional (e.g., banker/finance, doctor, lawyer, engineer, accountant, professor, senior-level government"", ""95"": ""Other"", ""97"": ""Not Applicable"", ""98"": ""Refused"", ""99"": ""Don’t know""}",,,0.0,99.0
336,Q97,Q97. Education of respondent,float64,1200,0,11,"{""-1"": ""Missing"", ""0"": ""No formal schooling"", ""1"": ""Informal schooling only (including Koranic schooling)"", ""2"": ""Some primary schooling"", ""3"": ""Primary school completed"", ""4"": ""Intermediate school or Some secondary school / high school"", ""5"": ""Secondary school / high school completed"", ""6"": ""Post-secondary qualifications, other than university e.g. a diploma or degree from a polytechnic or college"", ""7"": ""Some university"", ""8"": ""University completed"", ""9"": ""Post-graduate"", ""98"": ""Refused"", ""99"": ""Don’t know""}",,,0.0,99.0
337,Q98A,Q98a. Religion of respondent,float64,1200,0,10,"{""-1"": ""Missing"", ""0"": ""None"", ""1"": ""Christian only (i.e., respondents says only “Christian”, without identifying a specific sub-group)"", ""2"": ""Roman Catholic"", ""3"": ""Orthodox"", ""4"": ""Coptic"", ""5"": ""Anglican"", ""6"": ""Lutheran"", ""7"": ""Methodist"", ""8"": ""Presbyterian"", ""9"": ""Baptist"", ""10"": ""Quaker / Friends"", ""11"": ""Mennonite"", ""12"": ""Evangelical"", ""13"": ""Pentecostal (e.g., “Born Again” and/or “Saved”)"", ""14"": ""Independent (e.g., “African Independent Church”)"", ""15"": ""Jehovah’s Witness"", ""16"": ""Seventh Day Adventist"", ""17"": ""Mormon"", ""18"": ""Muslim only (i.e., respondents says only “Muslim”, without identifying a specific sub-group)"", ""19"": ""Sunni only (i.e., respondents says only “Sunni” or “Sunni Muslim”, without identifying a specific sub-group)"", ""20"": ""Ismaeli"", ""21"": ""Mouridiya Brotherhood"", ""22"": ""Tijaniya Brotherhood"", ""23"": ""Qadiriya Brotherhood"", ""24"": ""Shia"", ""25"": ""Traditional / ethnic religion"", ""26"": ""Hindu"", ""27"": ""Bahai"", ""28"": ""Agnostic (Do not know if there is a God)"", ""29"": ""Atheist (Do not believe in a God)"", ""30"": ""Dutch Reformed"", ""31"": ""Calvinist"", ""32"": ""Church of Christ"", ""33"": ""Zionist Christian Church"", ""34"": ""Jewish"", ""9995"": ""Other"", ""9998"": ""Refused"", ""9999"": ""Don't know""}",,,0.0,9999.0
338,Q98AOTHER,Q98aother. Religion of respondent (verbatim),str,1,1199,1,,"[""TUNISIAN""]",,,
339,Q98B,Q98b. Religious group treated unfairly by government,float64,1200,0,7,"{""-1"": ""Missing"", ""0"": ""Never"", ""1"": ""Sometimes"", ""2"": ""Often"", ""3"": ""Always"", ""7"": ""Not applicable"", ""8"": ""Refused"", ""9"": ""Don’t know""}",,,0.0,9.0
340,Q99,Q99. Vote for which party,float64,1200,0,18,"{""-1"": ""Missing"", ""1580"": ""Ennahdha movement"", ""1581"": ""Heart of Tunisia"", ""1582"": ""Freedom Destourian Party"", ""1583"": ""Democratic current"", ""1584"": ""Dignity Coalition"", ""1585"": ""People’s Movement"", ""1586"": ""Tahya Tounes"", ""1587"": ""Republic People’s Union"", ""1588"": ""Machrouu Tounes"", ""1589"": ""Errahma"", ""1590"": ""Nidaa Tounes"", ""1591"": ""Afek Tounes"", ""1592"": ""The president Kais Said"", ""1593"": ""SAFI SAID"", ""9995"": ""Other"", ""9997"": ""Would not vote"", ""9998"": ""Refused to answer"", ""9999"": ""Don't know""}",,,1580.0,9999.0
341,Q99OTHER,Q99other. Vote for which party (verbatim),str,33,1167,16,,"[""COMPETENT CANDIDATE"", ""CURRENT OF LOVE"", ""CURRENT OF LOVE (HECHMI HAMDI)"", ""HIZB ALLAH"", ""IBRAHIM KASSAS"", ""INDEPENDENT CANDIDATE"", ""JALEL BRIK"", ""MOHAMED GHANNOUCHI"", ""MYSELF"", ""NO ONE"", ""PARTY BADIL (MAHDI JEMAA)"", ""PARTY HIRAK (MONCEF MARZOUKI)"", ""PARTY TAKATOL (ELYES FAKHFAKH)"", ""POPULAR FRONT"", ""POPULAR FRONT (HAMMA HAMMAMI)"", ""YOUNG CANDIDATE""]",,,
342,Q100,Q100. Perceived survey sponsor,float64,1200,0,14,"{""-1"": ""Missing"", ""0"": ""No one"", ""1"": ""Afrobarometer"", ""2"": ""Research Company"", ""3"": ""Non-government or religious organization"", ""4"": ""University / School / College"", ""5"": ""Private company"", ""6"": ""Media"", ""7"": ""Political party or politician"", ""8"": ""Government"", ""9"": ""International organization or another country"", ""10"": ""God"", ""95"": ""Other"", ""98"": ""Refused"", ""99"": ""Don’t know""}",,,0.0,99.0
343,ENDTIME,Time interview ended,object,1200,0,471,,,,,
344,LENGTH,Length of interview,float64,1200,0,90,,,,31.0,295.0
345,Q101,Q101.  Gender of respondent,float64,1200,0,2,"{""1"": ""Male"", ""2"": ""Female""}",,,1.0,2.0
346,Q102,Q102.  Race of respondent,float64,1200,0,6,"{""1"": ""Black / African"", ""2"": ""White / European"", ""3"": ""Coloured / Mixed race"", ""4"": ""Arab / Lebanese / North African"", ""5"": ""South Asian (Indian, Pakistani, etc.)"", ""6"": ""East Asian (Chinese, Korean, Indonesian, etc.)"", ""9995"": ""Other"", ""9999"": ""Don't know""}",,,1.0,9999.0
347,Q103,Q103. Language of interview,float64,1200,0,1,"{""1580"": ""Tunisian Arabic"", ""9995"": ""Other""}",,,1580.0,1580.0
348,Q104,Q104. Type of shelter of respondent,float64,1200,0,7,"{""1"": ""Non-traditional / formal house"", ""2"": ""Traditional house / hut"", ""3"": ""Temporary structure / shack"", ""4"": ""Flat in a block of flats"", ""5"": ""Single room in a larger dwelling structure or backyard"", ""7"": ""Hostel in an industrial compound or farming compound"", ""8"": ""Other""}",,,1.0,8.0
349,Q105,Q105. Roof of respondent’s home,float64,1200,0,7,"{""1"": ""Metal, aluminum, tin or zinc"", ""2"": ""Tiles"", ""3"": ""Shingles"", ""4"": ""Thatch or grass"", ""5"": ""Plastic sheets"", ""6"": ""Asbestos"", ""7"": ""Multiple materials"", ""8"": ""Concrete"", ""9"": ""Some other material"", ""10"": ""Could not tell / could not see""}",,,1.0,10.0
350,Q106,Q106. Others present,float64,1200,0,5,"{""1"": ""No one"", ""2"": ""Spouse only"", ""3"": ""Children only"", ""4"": ""A few others"", ""5"": ""Small crowd""}",,,1.0,5.0
351,Q107A,Q107a. Check with others,float64,1200,0,2,"{""0"": ""No"", ""1"": ""Yes""}",,,0.0,1.0
352,Q107B,Q107b. Influence by others,float64,1200,0,2,"{""0"": ""No"", ""1"": ""Yes""}",,,0.0,1.0
353,Q107C,Q107c. Approached by community/party representatives,float64,1200,0,2,"{""0"": ""No"", ""1"": ""Yes""}",,,0.0,1.0
354,Q107D,Q107d. Feel threatened,float64,1200,0,2,"{""0"": ""No"", ""1"": ""Yes""}",,,0.0,1.0
355,Q107E,Q107e. Physically threatened,float64,1200,0,2,"{""0"": ""No"", ""1"": ""Yes""}",,,0.0,1.0
356,Q108,Q108. Proportion difficulty answering,float64,1200,0,5,"{""0"": ""None"", ""1"": ""Few"", ""2"": ""Some"", ""3"": ""Most"", ""4"": ""All""}",,,0.0,4.0
357,Q110A,Q110a. Respondent friendly,float64,1200,0,3,"{""1"": ""Friendly"", ""2"": ""In between"", ""3"": ""Hostile""}",,,1.0,3.0
358,Q110B,Q110b. Respondent interested,float64,1200,0,3,"{""1"": ""Interested"", ""2"": ""In between"", ""3"": ""Bored""}",,,1.0,3.0
359,Q110C,Q110c. Respondent cooperative,float64,1200,0,3,"{""1"": ""Cooperative"", ""2"": ""In between"", ""3"": ""Uncooperative""}",,,1.0,3.0
360,Q110D,Q110d. Respondent patient,float64,1200,0,3,"{""1"": ""Patient"", ""2"": ""In between"", ""3"": ""Impatient""}",,,1.0,3.0
361,Q110E,Q110e. Respondent at ease,float64,1200,0,3,"{""1"": ""At ease"", ""2"": ""In between"", ""3"": ""Suspicious""}",,,1.0,3.0
362,Q110F,Q110f. Respondent honest,float64,1200,0,3,"{""1"": ""Honest"", ""2"": ""In between"", ""3"": ""Misleading""}",,,1.0,3.0
363,Q112,Q112. Interviewer Number,str,1200,0,23,,"[""TUN01"", ""TUN04"", ""TUN05"", ""TUN09"", ""TUN10"", ""TUN11"", ""TUN12"", ""TUN13"", ""TUN14"", ""TUN15"", ""TUN16"", ""TUN17"", ""TUN18"", ""TUN19"", ""TUN20"", ""TUN21"", ""TUN22"", ""TUN23"", ""TUN24"", ""TUN25"", ""TUN26"", ""TUN27"", ""TUN28""]",,,
364,Q113,Q113. Interviewer’s age,float64,1200,0,13,,,,18.0,40.0
365,Q114,Q114. Interviewer’s gender,float64,1200,0,2,"{""1"": ""Male"", ""2"": ""Female""}",,,1.0,2.0
366,Q115,Q115. Interviewer rural or urban,float64,1200,0,2,"{""1"": ""Rural"", ""2"": ""Urban"", ""3"": ""Semi-Urban""}",,,1.0,2.0
367,Q116,Q116. Interviewer's home language,float64,1200,0,1,"{""2"": ""French"", ""1580"": ""Arabic"", ""1581"": ""Amazigh"", ""9995"": ""Other""}",,,1580.0,1580.0
368,Q117,Q117. Interviewer's ethnic group or tribe,float64,1200,0,1,"{""9994"": ""Not asked in country""}",,,9994.0,9994.0
369,Q118,Q118. Interviewer's education,float64,1200,0,5,"{""3"": ""Primary school completed"", ""4"": ""Some secondary school / high school"", ""5"": ""Secondary school / high school completed"", ""6"": ""Post-secondary qualifications, other than university e.g. a diploma or degree from a polytechnic or college"", ""7"": ""Some university"", ""8"": ""University completed"", ""9"": ""Post graduate""}",,,4.0,8.0
370,Q119_1,Q119. Other spoken languages_first,float64,1200,0,1,"{""1"": ""English"", ""2"": ""French"", ""1580"": ""Arabic"", ""1581"": ""Amazigh"", ""9995"": ""Other""}",,,1580.0,1580.0
371,Q119_2,Q119. Other spoken languages_second,float64,1200,0,4,"{""1"": ""English"", ""2"": ""French"", ""1580"": ""Arabic"", ""1581"": ""Amazigh"", ""9995"": ""Other"", ""9996"": ""No further reply""}",,,1.0,9996.0
372,Q119_3,Q119. Other spoken languages_third,float64,1200,0,4,"{""1"": ""English"", ""2"": ""French"", ""1580"": ""Arabic"", ""1581"": ""Amazigh"", ""9995"": ""Other"", ""9996"": ""No further reply""}",,,1.0,9996.0
373,Q119_4,Q119. Other spoken languages_fourth,float64,1200,0,3,"{""1"": ""English"", ""2"": ""French"", ""1580"": ""Arabic"", ""1581"": ""Amazigh"", ""9995"": ""Other"", ""9996"": ""No further reply""}",,,1.0,9996.0
374,Q119_5,Q119. Other spoken languages_fifth,float64,1200,0,2,"{""1"": ""English"", ""2"": ""French"", ""1580"": ""Arabic"", ""1581"": ""Amazigh"", ""9995"": ""Other"", ""9996"": ""No further reply""}",,,9995.0,9996.0
375,Q119OTHER,Q119other. Other spoken languages (verbatim),str,299,901,3,,"[""GERMAN"", ""ITALIAN"", ""ITALIAN AND GERMAN""]",,,
376,withinwt_ea,"within country weighting factor, weights to EA level (""old AB withinwt"")",float64,1200,0,150,,,,0.696874206616113,1.44126247089616
377,withinwt_hh,"within country weighting factor, weights to HH level (""new AB withinwt"")",float64,1200,0,617,,,,0.228484905876845,3.36294576542438
