studyno,doi,version,edition,survey,caseid,uniqid,serialid,tnscntry,country,isocntry,w1,w2,w3,w4,w5,w6,w7,aa1,aa2_1,aa2_2,aa2_3,polintr,aa3,opls,aa4_1,aa4_2,aa4_3,aa4_4,aa5_1,aa5_2,aa5_3,aa5_4,aa5_5,aa6a,aa6b_1,aa6b_2,aa6b_3,aa6b_4,aa6b_5,aa6b_6,aa6b_7,aa6b_8,aa6b_9,aa6b_10,aa6b_11,aa6b_12,aa6b_13,aa6b_14,aa6b_15,aa6b_16,aa6b_17,aa6b_18,aa6b_19,aa6b_20,aa6b_21,aa6b_22,aa6b_23,aa6t_1,aa6t_2,aa6t_3,aa6t_4,aa6t_5,aa6t_6,aa6t_7,aa6t_8,aa6t_9,aa6t_10,aa6t_11,aa6t_12,aa6t_13,aa6t_14,aa6t_15,aa6t_16,aa6t_17,aa6t_18,aa6t_19,aa6t_20,aa6t_21,aa6t_22,aa6t_23,aa7_1,aa7_2,aa7_3,aa7_4,bf1,bf2ii,bf3ii_1,bf3ii_2,bf3ii_3,ab1,ab2,ab3,ab4,ab5_1,ab5_2,ab5_3,ab5_4,ab5_5,ab5_6,ab5_7,ab5_8,ab5_9,ab5_10,ab5_11,ab5_12,ab5_13,ab5_14,ab5_15,ab5_16,ab6_1,ab6_2,ab6_3,ab6_4,ab6_5,ab7_1,ab7_2,ab7_3,ab7_4,ab7_5,ab7_6,ab7_7,ab7_8,ab7_9,ab7_10,ab7_11,ab7_12,ab7_13,ab7_14,ab7_15,ab7_16,ab7_17,ab7_18,ac1_1,ac1_2,ac2_1,ac2_2,ac2_3,ac2_4,ac2_5,ac2_6,ac2_7,ac2_8,ac2_9,ac2_10,ac2_11,ac2_12,ac2_13,ac2_14,ac2_15,ac2_16,ac2_17,ac2_18,ac3_1,ac3_2,ac3_3,ac3_4,ac3_5,ac3_6,ac3_7,ac3_8,ac3_9,ac3_10,ac3_11,ac4_1,ac4_2,ac4_3,ac4_4,ac4_5,ac4_6,ac4_7,ac4_8,ac5_1,ac5_2,ac5_3,ac5_4,ac5_5,ac5_6,ac5_7,ac5_8,ac5_9,ac5_10,ac5_11,ac5_12,ac5_13,ac5_14,ac5_15,ac5_16,ac6_1,ac6_2,ac6_3,ac6_4,ac6_5,ac6_6,ac6_7,ac6_8,ac6_9,ac6_10,ac6_11,ac6_12,ac6_13,ac6_14,ac6_15,ac6_16,ad1_1,ad1_2,ad1_3,ad1_4,ad2_1,ad2_2,ad2_3,ad2_4,ad3_1,ad3_2,ad3_3,ad3_4,ad3_5,ad4a,ad4b,ad5_1,ad5_2,ad5_3,ad5_4,ad5_5,ad5_6,ad5_7,ad5_8,ad5_9,ad5_10,ad5_11,ad6_1,ad6_2,ad6_3,ad6_4,ad6_5,ad6_6,ad6_7,ad6_8,ad6_9,ad6_10,ad6_11,ad6_12,ad6_13,ad6_14,bk1,bk2_1,bk2_2,bk2_3,bk2_4,bk2_5,bk3_1,bk3_2,bk3_3,bk4,bk5_1,bk5_2,bk5_3,bk5_4,bk5_5,bk5_6,bk5_7,bk5_8,bk5_9,bk5_10,bk5_11,bk5_12,bk5_13,bk6_1,bk6_2,bk6_3,bk6_4,bk6_5,bk6_6,bk6_7,bk6_8,bk6_9,bk6_10,bk6_11,bk6_12,bk6_13,bk6_14,bk7,bk8_1,bk8_2,bk8_3,bk8_4,bk8_5,bk8_6,bk8_7,bk8_8,bk8_9,bk8_10,bk8_11,bk8_12,bk8_13,bk8_14,bk8_15,bk9,bk10,bk11_1,bk11_2,bk11_3,bk11_4,bk11_5,bk11_6,bk11_7,bk11_8,bk12,sd1,sd2,sd2r,sd3,sd3r,sd4,sd5a,sd5a_r,sd5b,sd5b_r,sd6_1,sd6_2,sd6_3,sd6_4,sd6_5,sd6_6,sd6t,sd7_1,sd7_2,sd7_3,sd7_4,sd7_5,sd7_6,sd7_7,sd7_8,sd7_9,sd7_10,sd7_11,sd7_12,sd7_13,sd7_14,sd7_15,sd7_16,sd7_17,sd7_18,sd7_19,sd7_20,sd7_21,sd7_22,sd7_23,sd7_24,sd7_25,sd7_26,sd7_27,sd7_28,sd7_29,sd7_30,sd8_1,sd8_2,sd8_3,sd8_4,sd8_5,sd8t,sd9,sd10,sd11a,sd11a_r,sd11b,sd11b_r,sd11c,sd11c_r,sd12a,sd12b,sd12t,sd13_1,sd13_2,sd13_3,sd13_4,sd13_5,sd13_6,sd13_7,sd13_8,sd13_9,sd13_10,sd14_1,sd14_2,sd14_3,sd15,ba9_1,ba9_2,ba9_3,ba9_4,ba9_5,ba9_6,ba9_7,ba9_8,ba10_1,ba10_2,ba10_3,ba10_4,ba10_5,ba10_6,ba10_7,ba10_8,p1d,p1m,p2h,p2m,p2h_b,p2m_b,p3,p4,p5,p6,p7,p7_ma,p7_dz,p7_tn,p7_ly,p7_eg,p7_il,p7_jo,p7_lb,p7_ps,p7_am,p7_az,p7_ge,p7_md,p7_ua,p7_by,p7_ru,p9,p10,p13
6291,doi:10.4232/1.12497,1.0.0 (2016-04-22),1,1,1,14000001,14089,14,3,TN,0.974653,1.377675,0.0,1.189387,1.499454,0.0,0.0,2,1,1,1,1,1,1,2,4,2,2,1,1,1,1,1,23,i,i,i,i,i,i,i,i,i,i,i,i,i,i,i,i,i,i,a,a,i,i,i,0,0,0,0,0,0,0,0,0,0,0,0,0,0,0,0,0,0,i,i,0,0,1,3,3,1,1,2,2,2,3,3,5,5,2,i,1,0,0,0,0,0,0,0,0,0,0,i,1,0,0,0,4,4,4,4,4,2,2,2,2,2,2,1,2,1,1,1,2,2,2,2,i,2,2,3,3,1,1,1,0,0,0,0,0,i,i,i,0,0,0,0,0,0,0,1,0,0,0,0,0,0,i,1,0,0,2,2,5,5,5,5,5,5,0,1,0,0,1,0,0,0,0,0,1,1,1,0,0,0,0,0,0,0,0,0,0,0,0,0,0,0,0,0,0,1,4,4,2,5,2,2,2,2,1,1,1,1,2,2,2,2,2,2,1,2,2,2,1,5,1,1,1,0,0,0,0,0,0,1,0,0,1,0,0,0,2,i,i,i,i,i,i,i,i,i,i,i,i,i,i,i,i,i,i,i,i,i,i,i,i,i,i,i,i,i,i,i,i,i,i,i,i,i,0,1,0,0,0,0,0,0,1,0,0,1,0,0,0,2,3,0,0,0,1,0,0,0,0,3,1,38,2,1,6,3,18,8,i,i,0,0,0,0,1,0,0,i,i,i,i,i,i,i,i,i,i,i,i,i,i,i,i,i,i,i,i,i,i,i,i,i,i,i,i,i,i,1,0,0,0,0,1,6,4,7,4,0,0,0,0,2,1,2,1,1,0,0,0,0,0,0,0,0,6,6,6,3,1,1,1,1,i,i,1,i,6,6,6,6,a,a,6,a,8,12,12,40,13,6,26,2,1,2,1,i,i,1,i,i,i,i,i,i,i,i,i,i,i,i,i,2,8,1
6291,doi:10.4232/1.12497,1.0.0 (2016-04-22),1,1,3,14000003,14090,14,3,TN,1.045059,1.377675,0.0,1.189387,1.499454,0.0,0.0,3,2,2,2,2,3,3,4,2,3,3,3,3,3,2,3,6,0,0,0,0,0,0,0,1,0,0,0,0,0,0,0,0,0,0,a,a,0,0,0,0,0,0,0,0,1,0,1,0,0,0,0,0,0,0,0,0,0,i,i,0,0,0,2,2,2,2,2,2,1,3,1,6,6,1,2,1,0,0,1,0,0,0,0,0,0,0,i,0,0,0,0,2,3,5,3,5,1,3,3,1,3,1,1,2,1,1,1,2,1,3,1,i,1,1,5,5,1,0,1,0,0,0,0,0,i,i,i,0,0,1,0,0,0,0,1,1,1,0,0,0,0,i,0,0,0,1,2,2,1,5,5,5,5,0,1,0,0,0,0,0,1,0,0,1,1,1,0,0,0,1,1,0,0,0,0,0,0,0,0,0,0,0,0,0,0,3,2,2,4,2,3,3,3,2,2,2,2,2,3,3,2,2,2,3,3,3,2,2,2,1,1,1,0,0,0,1,0,0,0,0,1,0,0,0,0,2,i,i,i,i,i,i,i,i,i,i,i,i,i,i,i,i,i,i,i,i,i,i,i,i,i,i,i,i,i,i,i,i,i,i,i,i,i,0,1,0,0,0,0,0,0,1,0,0,1,0,0,0,2,1,0,1,0,1,0,0,0,0,3,1,31,2,1,6,3,3,3,19,i,0,0,0,0,1,0,0,i,i,i,i,i,i,i,i,i,i,i,i,i,i,i,i,i,i,i,i,i,i,i,i,i,i,i,i,i,i,0,0,0,0,1,0,2,1,1,1,0,0,0,0,2,1,2,1,0,0,1,0,0,0,0,0,0,5,i,6,3,1,1,1,1,i,i,1,i,4,7,7,7,a,a,7,a,8,12,12,0,12,25,25,1,4,1,1,i,i,1,i,i,i,i,i,i,i,i,i,i,i,i,i,2,8,1
6291,doi:10.4232/1.12497,1.0.0 (2016-04-22),1,1,7,14000007,14091,14,3,TN,0.938221,1.377675,0.0,1.189387,1.499454,0.0,0.0,2,3,3,3,4,2,2,4,4,2,2,2,4,2,2,1,3,1,0,0,1,0,1,1,1,0,0,0,0,0,0,1,0,0,0,a,a,0,0,0,1,0,1,1,0,1,1,1,0,0,0,0,0,0,1,0,0,0,i,i,0,0,0,2,2,2,2,1,1,2,2,2,2,2,3,i,0,0,1,1,0,0,0,0,0,0,0,i,0,0,0,0,2,2,2,2,5,1,2,2,2,1,1,1,2,1,1,1,1,1,1,1,i,1,1,2,2,0,1,0,0,0,0,0,0,i,i,i,0,0,0,0,0,0,0,1,0,0,0,0,0,0,i,0,0,0,4,3,2,2,2,4,2,2,0,0,0,0,1,0,0,0,0,0,1,0,1,0,0,0,0,0,0,0,0,0,1,0,1,0,0,0,0,0,0,0,4,3,2,1,1,2,2,1,2,2,2,1,2,4,3,2,3,2,3,1,1,2,2,2,3,4,1,0,1,0,0,0,0,1,0,0,0,0,0,0,2,i,i,i,i,i,i,i,i,i,i,i,i,i,i,i,i,i,i,i,i,i,i,i,i,i,i,i,i,i,i,i,i,i,i,i,i,i,0,1,0,0,0,0,0,0,0,1,0,0,0,0,0,1,1,0,1,0,1,0,0,0,0,1,2,21,1,0,5,3,2,2,19,i,0,0,0,0,1,0,0,i,i,i,i,i,i,i,i,i,i,i,i,i,i,i,i,i,i,i,i,i,i,i,i,i,i,i,i,i,i,1,0,0,0,0,1,5,2,4,4,0,0,1,1,2,1,2,1,0,0,1,1,0,1,0,0,0,1,i,6,3,1,2,2,2,i,i,1,i,1,i,i,i,a,a,1,a,8,12,14,5,14,47,42,1,1,1,1,i,i,1,i,i,i,i,i,i,i,i,i,i,i,i,i,32,3,1
6291,doi:10.4232/1.12497,1.0.0 (2016-04-22),1,1,4,14000004,14092,14,3,TN,0.990676,1.377675,0.0,1.189387,1.499454,0.0,0.0,2,2,2,2,2,1,1,4,3,2,2,2,1,1,3,3,6,1,0,1,1,0,0,1,0,0,0,0,0,0,1,0,0,0,0,a,a,0,0,0,1,0,1,1,0,1,1,0,0,0,0,0,0,1,0,0,0,0,i,i,0,0,0,2,2,1,3,2,3,2,3,2,1,2,2,i,0,0,1,1,0,1,0,0,1,1,0,i,0,0,0,0,2,2,2,2,2,2,2,2,2,1,1,1,2,1,1,1,1,1,1,1,i,2,1,2,2,0,1,1,0,0,0,0,0,i,i,i,0,0,0,0,0,0,0,1,1,1,0,0,0,0,i,0,0,0,4,3,2,2,1,2,2,2,0,0,1,1,1,0,1,0,0,0,0,0,0,0,0,0,0,0,0,1,0,0,1,0,0,0,0,0,0,0,0,0,2,2,2,1,2,2,2,2,2,2,2,2,2,4,4,3,3,2,3,2,2,2,2,2,4,4,0,0,1,1,0,0,0,0,0,0,1,0,0,0,2,i,i,i,i,i,i,i,i,i,i,i,i,i,i,i,i,i,i,i,i,i,i,i,i,i,i,i,i,i,i,i,i,i,i,i,i,i,1,1,0,1,0,0,0,0,0,0,0,0,0,0,0,1,1,0,1,1,1,0,0,0,0,1,1,46,3,20,3,1,13,7,i,i,0,0,0,0,1,0,0,i,i,i,i,i,i,i,i,i,i,i,i,i,i,i,i,i,i,i,i,i,i,i,i,i,i,i,i,i,i,1,0,0,0,0,1,9,3,2,2,1,1,1,1,1,1,3,1,1,0,1,1,0,1,0,0,0,2,5,6,3,1,2,2,2,i,i,2,i,2,i,i,i,a,a,i,a,8,12,17,31,18,16,45,1,1,1,1,i,i,1,i,i,i,i,i,i,i,i,i,i,i,i,i,32,3,1
6291,doi:10.4232/1.12497,1.0.0 (2016-04-22),1,1,9,14000009,14093,14,3,TN,1.043815,1.377675,0.0,1.189387,1.499454,0.0,0.0,2,1,2,2,2,2,2,4,3,3,3,1,1,1,1,1,7,1,0,1,0,0,0,0,1,0,0,0,0,0,0,0,0,0,0,a,a,0,0,0,1,0,1,0,0,0,1,1,0,0,0,0,0,0,0,0,0,0,i,i,0,0,0,2,2,1,2,1,1,2,1,2,1,2,1,2,1,0,0,0,0,0,0,0,0,1,0,i,0,0,0,0,2,3,2,3,4,1,2,2,2,2,2,1,2,2,2,1,2,2,2,1,i,1,2,4,4,0,1,1,0,0,0,0,0,i,i,i,1,0,0,0,0,0,0,0,1,1,0,0,0,0,i,0,0,0,4,4,3,3,2,4,5,5,0,1,0,0,0,0,0,0,0,0,0,1,0,0,0,0,0,1,0,0,0,0,0,0,0,0,0,1,0,0,0,0,2,2,2,2,1,1,2,2,2,2,1,1,2,3,3,2,2,2,2,4,2,3,2,4,4,3,0,0,0,0,1,0,0,0,1,0,1,0,0,0,2,i,i,i,i,i,i,i,i,i,i,i,i,i,i,i,i,i,i,i,i,i,i,i,i,i,i,i,i,i,i,i,i,i,i,i,i,i,1,1,0,0,0,0,0,0,0,0,0,0,0,0,0,1,1,0,1,0,1,1,0,0,0,1,2,40,3,16,2,1,8,5,i,i,0,1,0,0,0,0,1,0,0,0,0,0,0,0,0,0,0,0,0,0,0,0,0,0,0,0,0,0,0,0,0,0,0,0,1,0,0,0,0,1,0,0,1,8,2,4,4,1,1,0,0,2,1,2,1,0,0,1,1,0,1,0,0,0,2,6,6,3,1,2,2,2,i,i,2,i,4,i,i,i,a,a,i,a,9,12,16,2,16,40,38,2,4,1,1,i,i,1,i,i,i,i,i,i,i,i,i,i,i,i,i,3,5,1
6291,doi:10.4232/1.12497,1.0.0 (2016-04-22),1,1,10,14000010,14094,14,3,TN,1.047391,1.377675,0.0,1.189387,1.499454,0.0,0.0,2,2,2,2,2,1,1,2,3,1,2,1,3,1,1,1,1,0,0,0,0,0,1,0,1,0,0,0,0,0,0,0,0,0,0,a,a,0,0,0,1,0,0,0,0,1,0,1,0,0,0,0,0,0,0,0,0,0,i,i,0,0,0,3,2,2,3,1,3,2,2,2,3,2,1,2,1,0,0,0,0,0,0,0,0,1,0,i,0,0,0,0,1,5,1,1,1,1,2,2,2,3,2,2,1,2,2,2,1,1,2,1,i,2,1,5,2,1,0,0,0,0,0,0,0,i,i,i,0,0,0,0,0,0,0,1,0,0,0,0,0,0,i,0,0,0,1,1,1,1,2,1,1,1,0,0,0,1,0,0,1,0,0,0,0,1,0,0,0,0,0,0,0,1,0,0,0,0,0,0,0,1,0,0,0,0,4,4,2,4,2,2,2,1,1,1,1,1,2,2,1,1,2,1,1,1,1,2,2,1,3,4,0,1,0,0,1,0,0,1,0,0,0,0,0,0,1,1,i,i,i,i,2,1,1,1,0,1,0,0,0,0,0,0,0,0,0,0,0,1,0,0,0,0,0,0,0,0,1,0,0,0,0,1,1,1,0,0,0,0,0,0,1,0,0,0,0,0,0,1,2,1,1,0,1,0,0,0,0,2,2,49,3,14,1,1,3,3,19,i,0,0,0,0,1,0,0,i,i,i,i,i,i,i,i,i,i,i,i,i,i,i,i,i,i,i,i,i,i,i,i,i,i,i,i,i,i,1,0,0,0,0,1,9,3,6,4,0,0,0,0,2,2,4,1,1,0,1,1,0,1,0,0,0,6,i,6,3,2,2,2,2,i,i,2,i,i,i,i,i,a,a,i,a,9,12,11,37,12,0,23,1,2,1,1,i,i,1,i,i,i,i,i,i,i,i,i,i,i,i,i,4,4,1
6291,doi:10.4232/1.12497,1.0.0 (2016-04-22),1,1,11,14000011,14095,14,3,TN,0.896175,1.377675,0.0,1.189387,1.499454,0.0,0.0,1,2,1,1,1,1,1,3,3,2,2,3,3,3,3,3,1,0,0,0,0,0,1,1,0,0,0,0,0,0,0,0,0,0,0,a,a,0,0,0,1,0,0,0,0,1,1,0,0,0,0,0,0,0,0,0,0,0,i,i,0,0,0,1,2,2,2,1,1,2,1,2,1,2,1,2,1,1,0,0,0,0,0,0,0,0,0,i,0,0,0,0,2,3,2,2,2,1,2,2,2,2,2,1,1,1,1,1,2,2,1,1,i,1,1,4,3,1,1,1,0,0,0,0,0,i,i,i,0,0,0,0,0,0,0,1,1,1,0,0,0,0,i,0,0,0,3,3,2,1,2,2,2,2,1,0,0,0,0,0,0,1,0,0,0,0,0,0,0,0,0,0,0,0,0,0,0,0,0,0,0,0,0,0,0,1,4,4,4,4,1,2,2,2,1,1,2,2,2,2,2,1,1,1,2,1,1,1,1,1,1,2,1,1,0,0,0,0,0,0,1,0,0,0,0,0,1,12,i,i,i,i,1,1,1,2,1,0,0,0,0,0,0,0,0,0,0,0,0,0,0,0,0,0,0,0,0,0,0,0,1,0,0,1,1,0,0,0,0,0,0,1,0,0,0,0,0,0,0,1,2,1,1,0,0,0,0,0,0,1,2,60,4,21,3,1,1,1,13,3,0,1,0,0,0,0,1,0,0,0,0,0,0,0,0,0,0,0,0,0,0,0,0,0,0,0,0,0,0,0,0,0,0,1,0,0,0,1,0,0,0,0,1,9,1,4,4,0,0,0,0,1,1,3,1,1,0,1,1,1,1,0,0,0,1,i,6,2,1,1,2,1,i,i,2,i,5,5,i,5,a,a,i,a,7,12,15,30,16,5,35,2,1,1,1,i,i,1,i,i,i,i,i,i,i,i,i,i,i,i,i,8,5,1
6291,doi:10.4232/1.12497,1.0.0 (2016-04-22),1,1,12,14000012,14096,14,3,TN,0.938221,1.377675,0.0,1.189387,1.499454,0.0,0.0,2,3,2,2,3,2,2,3,3,2,2,2,4,2,2,1,4,0,0,0,0,0,0,0,0,0,0,0,0,0,0,0,0,0,0,a,a,0,0,1,0,0,0,1,0,0,0,0,0,0,0,0,0,0,0,0,0,0,i,i,0,0,0,2,2,2,2,1,2,2,3,2,2,2,1,2,0,1,1,1,0,0,0,0,1,1,0,i,0,0,0,0,2,2,2,5,5,1,2,1,2,1,1,1,2,1,1,2,1,1,1,1,i,1,1,2,2,1,1,1,0,0,0,0,0,i,i,i,0,0,0,0,0,0,0,1,1,1,0,0,0,0,i,0,0,0,3,3,2,2,2,3,2,2,0,1,1,0,1,0,0,0,0,0,1,0,1,0,0,0,0,0,0,0,0,0,1,0,1,0,0,0,0,0,0,0,4,3,2,1,1,1,2,1,2,2,2,1,2,4,4,2,3,2,3,1,1,2,2,2,3,4,1,0,1,0,0,0,0,1,0,0,0,0,0,0,2,i,i,i,i,i,i,i,i,i,i,i,i,i,i,i,i,i,i,i,i,i,i,i,i,i,i,i,i,i,i,i,i,i,i,i,i,i,0,1,0,0,0,0,0,1,0,1,0,0,0,0,0,1,1,1,1,0,1,0,0,0,0,1,2,23,1,22,3,3,13,7,i,i,0,0,0,0,1,0,0,i,i,i,i,i,i,i,i,i,i,i,i,i,i,i,i,i,i,i,i,i,i,i,i,i,i,i,i,i,i,1,0,0,0,0,1,8,3,3,3,1,1,0,0,1,1,3,1,0,1,1,1,1,1,0,0,0,1,1,4,3,1,1,1,1,i,i,1,i,1,3,7,3,a,a,7,a,8,12,16,17,16,56,39,1,1,1,1,i,i,1,i,i,i,i,i,i,i,i,i,i,i,i,i,32,3,1
6291,doi:10.4232/1.12497,1.0.0 (2016-04-22),1,1,13,14000013,14097,14,3,TN,0.88508,1.377675,0.0,1.189387,1.499454,0.0,0.0,2,2,2,2,2,2,2,4,3,2,2,2,1,1,3,3,7,1,0,1,1,1,1,0,0,0,0,0,0,0,1,0,0,1,0,a,a,0,0,0,1,0,1,1,1,1,1,0,0,0,0,0,0,1,0,0,1,0,i,i,0,0,0,2,2,3,3,1,2,2,2,2,1,2,3,i,0,0,1,1,0,0,0,1,1,1,0,i,0,0,0,0,2,2,2,2,2,2,2,2,2,1,1,1,2,2,1,1,1,1,1,1,i,2,1,2,2,0,1,1,1,0,0,0,0,i,i,i,0,0,0,0,0,0,0,1,1,1,0,0,0,0,i,0,0,0,3,3,2,2,1,2,2,2,0,0,1,1,1,0,1,1,0,0,0,0,0,0,0,0,0,0,1,0,0,0,1,0,0,0,0,0,0,0,0,0,2,2,2,2,2,2,2,2,2,2,2,2,2,4,4,3,3,2,3,2,2,2,3,2,4,4,0,0,1,0,0,0,0,0,1,1,0,0,0,0,2,i,i,i,i,i,i,i,i,i,i,i,i,i,i,i,i,i,i,i,i,i,i,i,i,i,i,i,i,i,i,i,i,i,i,i,i,i,0,1,0,1,0,0,0,0,0,0,0,0,0,0,0,1,1,0,1,1,1,0,0,0,0,1,1,25,2,22,3,3,3,3,17,4,0,0,0,0,1,0,0,i,i,i,i,i,i,i,i,i,i,i,i,i,i,i,i,i,i,i,i,i,i,i,i,i,i,i,i,i,i,1,0,0,0,0,1,8,3,3,3,0,0,0,0,2,1,2,1,1,1,1,1,0,1,0,0,0,1,i,4,3,1,2,2,1,i,i,2,i,1,i,i,3,a,a,i,a,8,12,15,3,15,43,40,1,1,1,1,i,i,1,i,i,i,i,i,i,i,i,i,i,i,i,i,32,3,1
6291,doi:10.4232/1.12497,1.0.0 (2016-04-22),1,1,14,14000014,14098,14,3,TN,1.037705,1.377675,0.0,1.189387,1.499454,0.0,0.0,2,2,2,2,2,2,2,4,3,4,4,1,2,2,2,2,4,0,0,0,0,0,0,0,0,0,0,0,1,0,0,0,0,0,0,a,a,0,0,0,0,0,0,1,0,0,0,0,0,0,0,1,0,0,0,0,0,0,i,i,0,0,0,2,2,1,1,3,1,2,3,3,5,4,2,i,0,0,0,1,0,1,0,0,1,0,0,i,0,0,0,0,3,4,2,2,1,3,3,2,2,2,2,1,2,2,1,1,2,1,2,2,i,2,1,5,5,1,0,1,0,0,0,0,0,i,i,i,0,0,1,0,0,0,0,1,0,1,0,0,0,0,i,0,0,0,4,3,2,2,5,5,5,5,0,1,1,0,1,0,0,0,0,0,0,1,0,0,0,0,0,1,0,0,0,0,0,0,0,0,0,1,0,0,0,0,4,2,4,5,2,2,2,2,2,2,2,2,2,2,2,1,1,3,2,2,3,3,2,1,1,4,1,1,0,0,0,0,1,0,0,0,0,0,0,0,2,i,i,i,i,i,i,i,i,i,i,i,i,i,i,i,i,i,i,i,i,i,i,i,i,i,i,i,i,i,i,i,i,i,i,i,i,i,0,1,0,0,0,0,0,0,1,0,0,0,0,0,0,2,1,0,1,1,1,0,0,0,0,3,1,77,4,99,9,1,19,i,i,i,0,0,0,0,1,0,0,i,i,i,i,i,i,i,i,i,i,i,i,i,i,i,i,i,i,i,i,i,i,i,i,i,i,i,i,i,i,0,0,0,1,0,0,4,2,3,3,0,0,0,0,2,1,2,1,0,0,1,0,0,0,0,0,0,6,i,6,3,2,2,2,2,i,i,2,i,i,i,i,i,a,a,i,a,7,12,14,0,14,29,29,1,1,1,1,i,i,1,i,i,i,i,i,i,i,i,i,i,i,i,i,2,8,1
6291,doi:10.4232/1.12497,1.0.0 (2016-04-22),1,1,15,14000015,14099,14,3,TN,1.036446,1.377675,0.0,1.189387,1.499454,0.0,0.0,2,1,2,2,2,2,2,3,3,2,2,2,2,1,1,1,8,1,0,0,0,0,1,1,0,0,0,0,0,0,0,0,0,0,0,a,a,0,0,0,1,0,0,0,0,1,1,1,0,0,0,0,0,0,0,0,0,0,i,i,0,0,0,2,1,1,1,1,1,2,2,2,2,1,1,2,0,1,0,0,0,0,0,0,0,1,0,i,0,0,0,0,2,5,2,2,2,2,2,2,2,2,2,1,2,2,2,1,2,2,2,2,i,1,2,2,2,0,1,1,0,0,0,0,0,i,i,i,0,0,0,0,0,0,0,0,1,1,0,0,0,0,i,0,0,0,4,4,4,4,4,4,4,4,0,1,0,0,0,0,0,0,0,0,1,1,0,0,0,0,0,0,0,0,0,0,0,0,0,0,0,0,0,0,0,1,3,3,3,2,1,1,3,2,2,2,1,2,2,3,3,2,2,1,2,3,2,3,2,4,4,4,1,0,0,0,1,0,0,0,1,0,0,0,0,0,2,i,i,i,i,i,i,i,i,i,i,i,i,i,i,i,i,i,i,i,i,i,i,i,i,i,i,i,i,i,i,i,i,i,i,i,i,i,1,1,0,0,0,0,0,0,0,0,0,0,0,0,0,1,1,0,1,0,1,0,0,0,0,1,1,39,2,20,3,4,8,5,i,i,1,0,0,0,0,0,1,0,0,0,0,0,0,0,0,0,0,0,0,0,0,0,0,0,0,0,0,0,0,0,0,0,0,0,0,0,1,0,0,0,1,0,0,8,1,1,1,0,0,0,0,1,1,3,1,0,0,1,1,1,1,0,0,0,4,5,5,2,1,2,2,2,i,i,2,i,2,i,i,i,a,a,i,a,9,12,14,40,15,15,35,2,3,1,1,i,i,1,i,i,i,i,i,i,i,i,i,i,i,i,i,3,5,1
6291,doi:10.4232/1.12497,1.0.0 (2016-04-22),1,1,16,14000016,14100,14,3,TN,0.852056,1.377675,0.0,1.189387,1.499454,0.0,0.0,3,2,2,2,2,3,3,3,2,3,2,3,3,3,1,1,3,0,1,0,1,1,1,1,1,0,1,0,1,1,0,0,0,0,0,a,a,0,0,0,0,1,1,1,1,1,1,1,0,1,0,1,1,0,0,0,0,0,i,i,0,0,0,2,2,1,1,2,2,2,1,2,2,2,1,2,1,1,1,1,0,1,0,1,0,0,0,i,0,0,0,0,2,3,3,3,3,1,3,3,1,1,1,1,2,2,1,1,1,1,2,1,i,2,2,3,3,1,1,0,0,0,0,0,0,i,i,i,1,0,0,0,0,0,0,1,1,0,1,0,0,0,i,0,0,0,3,4,2,2,2,1,2,3,0,1,0,1,1,0,0,0,0,0,1,1,0,0,0,0,0,1,0,0,0,0,0,0,0,0,1,0,0,0,0,0,3,3,3,1,1,2,2,3,2,2,2,2,2,3,3,4,3,4,3,3,4,3,4,4,4,4,0,1,0,0,0,0,0,1,0,0,1,0,0,0,2,i,i,i,i,i,i,i,i,i,i,i,i,i,i,i,i,i,i,i,i,i,i,i,i,i,i,i,i,i,i,i,i,i,i,i,i,i,0,0,0,0,0,0,0,0,1,1,0,1,0,0,0,1,1,0,1,1,1,0,0,0,0,1,1,24,1,0,5,3,2,2,19,i,0,0,0,0,1,0,0,i,i,i,i,i,i,i,i,i,i,i,i,i,i,i,i,i,i,i,i,i,i,i,i,i,i,i,i,i,i,0,0,0,1,0,0,7,4,3,3,0,0,0,0,1,1,3,1,1,1,1,1,0,0,0,0,0,1,i,1,3,1,2,2,1,i,i,1,i,1,i,i,1,a,a,1,a,7,12,14,0,14,30,30,1,1,1,1,i,i,1,i,i,i,i,i,i,i,i,i,i,i,i,i,21,7,1
6291,doi:10.4232/1.12497,1.0.0 (2016-04-22),1,1,17,14000017,14101,14,3,TN,0.903623,1.377675,0.0,1.189387,1.499454,0.0,0.0,4,3,1,2,2,1,1,4,4,4,4,1,1,3,1,1,7,0,0,0,1,0,0,0,0,0,0,0,0,0,0,0,0,0,0,a,a,0,0,0,0,0,0,1,0,0,1,0,0,0,0,0,0,0,0,0,0,0,i,i,0,0,0,1,1,3,1,1,1,1,1,1,5,2,1,2,0,1,0,0,0,1,0,0,1,0,0,i,0,0,0,0,1,1,2,2,2,1,1,1,1,1,1,1,1,1,1,1,1,1,1,1,i,1,1,2,2,1,1,0,0,0,0,0,0,i,i,i,0,0,0,0,0,0,0,1,0,0,0,0,0,0,i,0,0,0,1,4,1,1,2,4,2,2,1,0,1,1,0,0,1,1,0,0,0,0,0,0,0,0,1,0,1,0,0,0,0,0,0,0,0,0,0,0,0,0,2,1,2,1,2,2,2,1,1,1,1,1,2,3,2,1,1,3,1,1,1,1,1,1,1,4,0,0,0,0,1,0,0,1,0,1,0,0,0,0,1,12,i,i,i,i,1,2,1,1,0,0,0,0,1,0,0,0,1,0,0,0,0,1,0,0,0,1,0,0,1,0,0,0,0,0,0,2,1,1,1,0,0,0,0,0,0,0,0,0,0,0,0,1,1,0,1,0,1,1,0,0,0,1,2,60,4,5,1,5,3,3,19,i,0,0,0,0,1,0,0,i,i,i,i,i,i,i,i,i,i,i,i,i,i,i,i,i,i,i,i,i,i,i,i,i,i,i,i,i,i,1,0,0,0,0,1,2,2,4,4,0,0,0,0,2,1,2,1,0,0,0,0,0,1,0,0,0,3,i,1,2,2,2,2,2,i,i,2,i,i,i,i,i,a,a,i,a,8,12,10,4,11,2,40,1,2,1,1,i,i,1,i,i,i,i,i,i,i,i,i,i,i,i,i,29,4,1
6291,doi:10.4232/1.12497,1.0.0 (2016-04-22),1,1,18,14000018,14102,14,3,TN,0.99407,1.377675,0.0,1.189387,1.499454,0.0,0.0,2,3,3,3,4,1,2,4,3,2,2,2,1,1,3,1,7,1,0,1,0,0,0,0,1,0,0,0,0,0,0,0,0,0,0,a,a,0,0,0,1,0,1,0,0,0,1,1,0,0,0,0,0,0,0,0,0,0,i,i,0,0,0,2,3,3,3,1,3,2,2,2,3,2,1,2,0,1,0,0,0,0,0,0,0,1,0,i,0,0,0,0,2,5,3,3,1,1,2,2,2,2,1,1,2,1,2,1,1,1,2,1,i,1,1,3,4,1,1,0,0,0,0,0,0,i,i,i,0,0,0,0,0,0,0,1,1,0,0,0,0,0,i,0,0,0,4,4,2,2,3,4,2,2,0,1,0,0,1,0,1,0,0,0,0,1,0,0,0,0,1,1,0,0,0,0,0,0,0,0,0,0,0,0,0,0,3,2,2,1,1,2,3,1,2,2,1,1,2,3,2,2,2,1,2,2,2,2,2,3,3,4,1,1,0,0,0,1,0,0,0,0,0,0,0,0,2,i,i,i,i,i,i,i,i,i,i,i,i,i,i,i,i,i,i,i,i,i,i,i,i,i,i,i,i,i,i,i,i,i,i,i,i,i,1,1,0,0,0,0,0,1,0,0,0,0,0,0,0,1,1,0,1,0,1,0,0,0,0,1,1,47,3,99,9,1,8,5,i,i,0,0,0,0,1,0,0,i,i,i,i,i,i,i,i,i,i,i,i,i,i,i,i,i,i,i,i,i,i,i,i,i,i,i,i,i,i,0,0,0,1,0,0,7,1,3,3,1,1,1,1,2,1,2,1,0,0,0,0,0,1,0,0,0,1,7,3,2,2,2,2,2,i,i,2,i,i,i,i,i,a,a,i,a,8,12,16,35,17,16,41,1,2,1,1,i,i,1,i,i,i,i,i,i,i,i,i,i,i,i,i,29,4,1
6291,doi:10.4232/1.12497,1.0.0 (2016-04-22),1,1,19,14000019,14103,14,3,TN,1.043815,1.377675,0.0,1.189387,1.499454,0.0,0.0,2,3,3,3,4,1,2,4,2,2,2,3,1,1,1,1,4,0,0,0,0,0,1,1,0,0,0,0,0,0,0,0,0,0,0,a,a,0,0,0,0,0,0,1,0,1,1,0,0,0,0,0,0,0,0,0,0,0,i,i,0,0,0,3,3,1,1,1,2,2,1,2,3,2,1,2,0,1,0,0,0,1,0,0,0,1,0,i,0,0,0,0,2,2,5,2,3,1,2,1,2,2,1,2,1,1,2,1,1,1,2,1,i,2,1,5,3,1,0,1,0,0,0,0,0,i,i,i,1,0,0,0,0,0,0,1,0,1,0,0,0,0,i,0,0,0,2,3,4,2,3,4,2,2,0,0,0,0,1,0,1,0,0,0,0,1,0,0,0,0,1,0,0,0,0,0,1,0,0,0,0,0,0,0,0,0,4,2,1,4,2,1,3,1,1,2,2,2,2,3,1,2,2,1,2,2,2,1,2,1,4,4,1,0,0,1,0,0,1,0,0,0,0,0,0,0,2,i,i,i,i,i,i,i,i,i,i,i,i,i,i,i,i,i,i,i,i,i,i,i,i,i,i,i,i,i,i,i,i,i,i,i,i,i,0,1,1,0,0,0,0,0,0,0,0,1,0,0,0,1,1,0,1,0,1,1,0,0,0,1,2,48,3,15,1,5,18,8,i,i,0,0,0,0,1,0,0,i,i,i,i,i,i,i,i,i,i,i,i,i,i,i,i,i,i,i,i,i,i,i,i,i,i,i,i,i,i,0,0,0,1,0,0,5,2,4,4,0,0,0,0,2,1,2,1,0,0,0,0,0,1,0,0,0,6,6,6,2,2,2,2,2,i,i,2,i,i,i,i,i,a,a,i,a,8,12,15,30,15,54,24,2,1,1,1,i,i,1,i,i,i,i,i,i,i,i,i,i,i,i,i,29,4,1
6291,doi:10.4232/1.12497,1.0.0 (2016-04-22),1,1,20,14000020,14104,14,3,TN,1.028575,1.377675,0.0,1.189387,1.499454,0.0,0.0,2,2,3,3,3,2,2,4,3,2,2,2,3,3,2,3,7,1,0,0,1,0,0,0,1,0,0,0,0,0,0,0,0,0,0,a,a,0,0,0,1,0,0,1,0,0,1,1,0,0,0,0,0,0,0,0,0,0,i,i,0,0,0,2,2,3,3,1,2,2,3,2,3,2,1,2,0,1,0,0,0,1,0,0,0,0,0,i,0,0,0,0,2,3,2,3,2,1,2,2,2,2,2,1,1,1,2,1,1,1,2,1,i,1,1,3,3,1,1,0,0,0,0,0,0,i,i,i,0,0,0,0,0,0,0,1,1,0,0,0,0,0,i,0,0,0,4,4,3,2,2,4,2,2,0,1,0,0,1,0,1,0,0,0,1,1,0,0,0,0,0,0,0,0,0,0,1,0,0,0,0,1,0,0,0,0,3,2,2,1,1,2,2,2,2,2,2,2,2,4,3,2,3,1,3,3,2,2,2,3,4,4,0,1,1,0,0,1,0,0,0,0,0,0,0,0,2,i,i,i,i,i,i,i,i,i,i,i,i,i,i,i,i,i,i,i,i,i,i,i,i,i,i,i,i,i,i,i,i,i,i,i,i,i,1,1,0,0,0,0,0,0,0,0,0,1,0,0,0,1,1,0,1,0,1,0,0,0,0,1,2,30,2,24,3,3,12,6,i,i,0,0,0,0,1,0,0,i,i,i,i,i,i,i,i,i,i,i,i,i,i,i,i,i,i,i,i,i,i,i,i,i,i,i,i,i,i,1,0,0,0,0,1,5,1,7,4,0,0,0,0,2,1,2,1,0,0,1,1,0,1,0,0,0,1,6,6,2,1,2,2,2,i,i,2,i,1,i,i,i,a,a,i,a,8,12,14,40,15,5,25,1,3,1,1,i,i,1,i,i,i,i,i,i,i,i,i,i,i,i,i,29,4,1
6291,doi:10.4232/1.12497,1.0.0 (2016-04-22),1,1,21,14000021,14105,14,3,TN,0.878359,1.377675,0.0,1.189387,1.499454,0.0,0.0,2,3,3,1,3,1,2,4,2,2,2,2,1,3,2,1,6,1,0,0,0,0,0,1,0,0,0,0,0,0,0,0,0,0,0,a,a,0,0,0,1,0,0,0,0,1,1,0,0,0,0,0,0,0,0,0,0,0,i,i,0,0,0,3,3,2,2,1,1,2,1,1,3,2,1,2,1,0,0,0,0,0,1,0,0,0,0,i,0,0,0,0,2,3,2,2,1,1,2,2,2,1,1,1,2,1,1,1,1,1,1,1,i,1,1,2,3,0,1,0,0,0,0,0,0,i,i,i,1,0,1,0,0,0,0,0,1,0,0,0,0,0,i,0,0,0,4,4,1,1,2,4,2,1,1,1,1,1,1,0,0,0,0,0,0,0,0,0,0,0,1,1,0,0,0,0,0,0,0,0,0,0,0,0,0,0,2,2,1,4,1,2,2,2,2,2,1,1,2,2,3,2,3,4,3,3,1,1,1,3,1,4,1,0,1,0,0,0,0,1,0,0,0,0,0,0,1,16,i,i,i,i,2,2,2,3,1,0,1,0,0,0,0,0,1,0,0,0,0,1,1,0,0,1,0,0,0,0,0,0,0,0,0,1,0,0,1,0,0,0,0,1,1,0,0,0,0,0,0,1,1,0,1,0,1,0,0,0,0,2,2,26,2,24,3,3,13,7,i,i,0,0,0,0,1,0,0,i,i,i,i,i,i,i,i,i,i,i,i,i,i,i,i,i,i,i,i,i,i,i,i,i,i,i,i,i,i,1,0,0,0,0,1,7,2,5,4,0,0,0,0,2,1,2,1,1,1,0,0,1,1,0,0,0,6,6,6,2,2,2,2,2,i,i,2,i,i,i,i,i,a,a,i,a,8,12,12,50,13,22,32,3,1,1,1,i,i,1,i,i,i,i,i,i,i,i,i,i,i,i,i,29,4,1
6291,doi:10.4232/1.12497,1.0.0 (2016-04-22),1,1,22,14000022,14106,14,3,TN,1.098675,1.377675,0.0,1.189387,1.499454,0.0,0.0,2,1,1,2,1,2,1,4,2,1,2,3,1,1,2,1,7,1,0,0,0,0,0,0,1,0,0,0,0,0,0,0,0,0,0,a,a,0,0,0,1,0,0,0,0,0,1,1,0,0,0,0,0,0,0,0,0,0,i,i,0,0,0,2,3,3,3,1,3,2,2,2,2,2,3,i,1,0,0,0,0,0,0,1,0,0,0,i,0,0,0,0,2,3,5,2,3,1,2,2,2,2,2,1,2,2,2,1,1,1,2,1,i,2,1,3,3,1,0,1,0,0,0,0,0,i,i,i,0,0,0,0,0,0,0,1,0,0,0,0,0,0,i,0,0,0,4,4,4,2,3,4,2,2,1,0,0,0,0,0,1,0,0,0,0,0,0,0,0,0,1,0,0,0,0,0,0,0,0,0,0,1,0,0,0,0,4,3,3,1,1,1,3,3,2,2,1,2,2,4,2,3,4,1,2,4,2,2,2,3,4,4,1,0,0,0,1,1,0,0,0,0,0,0,0,0,2,i,i,i,i,i,i,i,i,i,i,i,i,i,i,i,i,i,i,i,i,i,i,i,i,i,i,i,i,i,i,i,i,i,i,i,i,i,1,1,0,0,0,0,0,0,0,0,1,0,0,0,0,1,1,0,1,0,1,0,0,0,0,2,2,17,1,0,5,3,2,2,19,i,0,0,0,0,1,0,0,i,i,i,i,i,i,i,i,i,i,i,i,i,i,i,i,i,i,i,i,i,i,i,i,i,i,i,i,i,i,1,0,0,0,0,1,6,3,4,4,1,1,0,0,2,1,2,1,1,1,1,1,1,1,0,0,0,1,i,1,3,1,2,2,2,i,i,2,i,1,i,i,i,a,a,i,a,8,12,11,32,12,6,34,2,2,1,1,i,i,1,i,i,i,i,i,i,i,i,i,i,i,i,i,29,4,1
6291,doi:10.4232/1.12497,1.0.0 (2016-04-22),1,1,23,14000023,14107,14,3,TN,0.852056,1.377675,0.0,1.189387,1.499454,0.0,0.0,2,3,3,3,4,3,3,3,2,5,5,4,4,4,4,4,7,1,1,1,1,1,1,0,0,0,1,1,1,1,1,1,0,0,0,a,a,0,0,0,1,1,1,1,1,1,1,0,0,1,1,1,1,1,1,0,0,0,i,i,0,0,0,2,4,4,1,2,2,3,1,3,2,2,1,2,1,1,0,1,1,1,0,1,1,1,0,i,0,0,0,0,2,3,2,2,2,1,2,3,3,1,1,1,3,3,1,1,1,1,3,1,i,2,2,3,2,0,1,0,0,1,0,1,0,i,i,i,0,0,0,0,0,0,0,0,1,1,0,0,1,0,i,0,0,0,4,4,1,1,2,2,1,2,1,1,0,0,0,0,1,0,0,0,1,1,0,0,0,0,0,0,0,0,0,0,1,0,0,0,1,0,0,0,0,0,2,2,2,1,1,1,2,1,2,2,2,2,2,3,3,2,2,4,3,4,3,2,4,4,3,3,1,0,0,0,0,0,0,0,0,1,1,0,0,0,2,i,i,i,i,i,i,i,i,i,i,i,i,i,i,i,i,i,i,i,i,i,i,i,i,i,i,i,i,i,i,i,i,i,i,i,i,i,0,1,0,0,0,0,0,0,1,0,0,1,0,0,0,1,2,0,1,0,1,0,1,0,0,1,1,23,1,0,5,3,2,2,19,i,0,0,0,0,1,0,0,i,i,i,i,i,i,i,i,i,i,i,i,i,i,i,i,i,i,i,i,i,i,i,i,i,i,i,i,i,i,1,0,0,0,0,1,7,2,3,3,0,0,0,0,2,1,2,1,1,1,1,1,1,0,0,0,0,1,i,5,3,1,2,2,3,i,i,1,i,1,i,i,i,a,a,1,a,8,12,16,0,16,40,40,2,2,1,1,i,i,1,i,i,i,i,i,i,i,i,i,i,i,i,i,31,7,1
6291,doi:10.4232/1.12497,1.0.0 (2016-04-22),1,1,24,14000024,14108,14,3,TN,0.938221,1.377675,0.0,1.189387,1.499454,0.0,0.0,2,3,3,3,4,4,4,3,3,2,2,3,1,1,3,1,7,0,1,0,0,0,1,0,1,0,0,0,0,0,0,0,0,0,0,a,a,0,0,0,0,1,0,0,0,1,1,1,0,0,0,0,0,0,0,0,0,0,i,i,0,0,0,2,2,1,2,1,2,2,2,2,1,2,1,2,0,1,0,1,0,0,0,0,0,1,0,i,0,0,0,0,2,2,5,5,5,1,2,2,2,2,2,1,1,1,2,1,2,2,2,1,i,1,1,2,4,1,1,1,0,0,0,0,0,i,i,i,0,0,0,0,0,0,0,0,1,1,0,0,0,0,i,0,0,0,3,3,3,2,2,4,3,3,0,1,0,0,0,0,0,0,0,0,1,1,0,0,0,0,0,1,0,0,0,0,0,0,0,0,0,0,0,0,0,0,2,2,2,2,1,1,3,1,2,2,1,2,2,4,3,2,3,1,3,3,2,2,2,3,3,3,0,0,0,0,1,0,0,0,1,1,0,0,0,0,2,i,i,i,i,i,i,i,i,i,i,i,i,i,i,i,i,i,i,i,i,i,i,i,i,i,i,i,i,i,i,i,i,i,i,i,i,i,0,1,0,0,0,0,0,1,0,0,0,0,0,0,0,1,1,0,1,0,0,0,0,0,0,1,2,24,1,0,5,3,2,2,19,i,0,0,0,0,1,0,0,i,i,i,i,i,i,i,i,i,i,i,i,i,i,i,i,i,i,i,i,i,i,i,i,i,i,i,i,i,i,1,0,0,0,0,1,5,2,3,3,0,0,0,0,2,1,2,1,0,0,1,1,0,1,0,0,0,1,i,5,1,1,2,2,1,i,i,2,i,1,i,i,3,a,a,i,a,9,12,11,40,12,10,30,1,3,1,1,i,i,1,i,i,i,i,i,i,i,i,i,i,i,i,i,3,5,1
6291,doi:10.4232/1.12497,1.0.0 (2016-04-22),1,1,25,14000025,14109,14,3,TN,0.997774,1.377675,0.0,1.189387,1.499454,0.0,0.0,3,2,2,2,2,2,2,4,3,3,3,2,1,1,2,1,4,1,1,1,0,0,0,0,0,0,0,0,0,0,0,0,0,0,0,a,a,0,0,0,1,1,1,1,0,0,0,0,0,0,0,0,0,0,0,0,0,0,i,i,0,0,0,2,1,1,1,1,1,2,2,2,2,1,1,2,1,1,0,0,0,0,0,0,0,1,0,i,0,0,0,0,2,3,2,2,3,1,2,2,1,2,2,1,1,2,1,1,2,2,2,2,i,1,1,2,2,1,1,1,0,0,0,0,0,i,i,i,0,0,0,0,0,0,0,0,1,1,0,0,0,0,i,0,0,0,2,3,2,2,3,4,3,3,0,1,0,0,0,0,0,0,0,0,0,1,0,0,0,0,1,1,0,0,0,0,0,0,0,0,0,0,0,0,0,0,3,3,3,3,1,1,2,2,2,2,1,2,2,3,2,2,3,1,2,4,3,2,3,4,3,4,0,1,0,0,1,0,0,0,1,0,0,0,0,0,2,i,i,i,i,i,i,i,i,i,i,i,i,i,i,i,i,i,i,i,i,i,i,i,i,i,i,i,i,i,i,i,i,i,i,i,i,i,1,1,0,0,0,0,0,0,0,0,0,0,0,0,0,1,1,0,1,0,1,0,0,0,0,1,1,24,1,19,2,3,8,5,i,i,0,0,0,0,1,0,0,i,i,i,i,i,i,i,i,i,i,i,i,i,i,i,i,i,i,i,i,i,i,i,i,i,i,i,i,i,i,0,0,0,1,0,0,7,2,5,4,0,0,0,0,2,1,2,1,1,0,1,0,0,0,0,0,0,5,6,6,1,1,2,2,2,i,i,2,i,2,i,i,i,a,a,i,a,9,12,13,25,14,11,45,1,3,1,1,i,i,1,i,i,i,i,i,i,i,i,i,i,i,i,i,3,5,1
6291,doi:10.4232/1.12497,1.0.0 (2016-04-22),1,1,26,14000026,14110,14,3,TN,1.028575,1.377675,0.0,1.189387,1.499454,0.0,0.0,2,2,2,2,2,2,2,3,3,2,2,2,2,2,2,1,7,1,1,0,0,0,1,0,0,0,0,0,0,0,0,0,0,0,0,a,a,0,0,0,1,1,0,0,0,1,1,0,0,0,0,0,0,0,0,0,0,0,i,i,0,0,0,2,2,2,2,1,1,2,2,2,1,2,1,2,1,1,0,0,0,0,0,0,0,1,0,i,0,0,0,0,2,3,2,3,2,1,2,2,2,2,2,1,2,2,2,2,2,2,1,1,i,1,1,2,2,0,0,1,0,0,0,0,1,i,i,i,0,0,0,0,0,0,0,0,1,1,0,0,0,0,i,0,0,0,2,3,3,3,2,3,3,3,0,1,0,0,0,0,0,0,0,0,0,1,0,0,0,0,0,1,0,0,0,0,0,0,0,0,0,1,0,0,0,0,2,2,2,2,1,1,3,3,2,2,2,2,2,4,3,2,2,1,2,4,3,3,3,4,4,4,1,0,0,0,0,0,0,0,1,0,0,0,0,0,2,i,i,i,i,i,i,i,i,i,i,i,i,i,i,i,i,i,i,i,i,i,i,i,i,i,i,i,i,i,i,i,i,i,i,i,i,i,0,1,0,0,0,0,0,0,0,0,0,0,0,0,0,1,1,0,1,0,1,0,0,0,0,1,2,29,2,0,5,1,18,8,i,i,0,0,0,0,1,0,0,i,i,i,i,i,i,i,i,i,i,i,i,i,i,i,i,i,i,i,i,i,i,i,i,i,i,i,i,i,i,0,1,0,0,0,1,8,3,5,4,0,0,0,0,2,1,2,1,0,0,0,1,0,1,0,0,0,1,6,5,1,1,2,2,2,i,i,2,i,1,i,i,i,a,a,i,a,9,12,14,5,14,25,20,1,4,1,1,i,i,1,i,i,i,i,i,i,i,i,i,i,i,i,i,3,5,1
6291,doi:10.4232/1.12497,1.0.0 (2016-04-22),1,1,27,14000027,14111,14,3,TN,0.88508,1.377675,0.0,1.189387,1.499454,0.0,0.0,2,2,2,2,2,2,2,3,2,2,2,1,1,1,1,1,6,1,1,0,0,0,0,1,0,0,0,0,0,0,0,0,0,0,0,a,a,0,0,0,1,1,0,0,0,1,1,0,0,0,0,0,0,0,0,0,0,0,i,i,0,0,0,2,4,1,1,1,2,2,2,1,1,2,1,2,0,1,0,0,0,0,0,0,0,1,0,i,0,0,0,0,2,3,2,5,2,2,2,2,2,2,2,1,2,2,2,1,2,2,2,1,i,1,1,2,2,1,1,1,0,0,0,0,0,i,i,i,0,0,0,0,0,0,0,0,1,1,0,0,0,0,i,0,0,0,3,3,3,3,2,4,4,4,0,1,0,0,0,0,0,0,0,0,1,0,0,0,0,0,0,1,0,0,0,0,0,0,0,0,1,0,0,0,0,0,3,3,3,3,1,1,3,1,2,2,1,2,2,3,3,2,3,1,3,4,3,3,2,4,4,4,1,0,0,0,0,0,0,0,0,1,1,0,0,0,2,i,i,i,i,i,i,i,i,i,i,i,i,i,i,i,i,i,i,i,i,i,i,i,i,i,i,i,i,i,i,i,i,i,i,i,i,i,0,1,0,0,0,0,0,0,0,1,0,0,0,0,0,1,1,0,1,0,1,0,0,0,0,3,1,25,2,24,3,3,15,7,i,i,0,0,0,0,1,0,0,i,i,i,i,i,i,i,i,i,i,i,i,i,i,i,i,i,i,i,i,i,i,i,i,i,i,i,i,i,i,0,0,0,1,0,0,4,2,3,3,0,0,0,0,2,1,2,1,0,0,0,0,0,0,1,0,0,5,6,6,2,1,2,2,2,i,i,2,i,5,i,i,i,a,a,i,a,9,12,12,20,13,0,40,2,4,1,1,i,i,1,i,i,i,i,i,i,i,i,i,i,i,i,i,3,5,1
6291,doi:10.4232/1.12497,1.0.0 (2016-04-22),1,1,28,14000028,14112,14,3,TN,0.990676,1.377675,0.0,1.189387,1.499454,0.0,0.0,3,2,1,3,2,4,4,4,2,2,1,2,3,3,2,1,8,1,0,0,1,0,0,1,0,0,0,0,0,0,0,0,0,0,0,a,a,0,0,0,1,0,0,1,0,0,1,1,0,0,0,0,0,0,0,0,0,0,i,i,0,0,0,2,2,1,3,1,4,2,2,2,4,3,2,i,0,0,1,0,0,0,0,1,0,0,0,i,0,0,0,0,5,3,3,3,3,1,1,2,2,1,1,1,2,2,1,2,1,2,1,2,i,1,1,1,2,0,1,0,0,0,0,0,1,i,i,i,0,0,1,0,0,0,0,1,0,0,0,0,0,0,i,0,0,0,3,3,4,4,4,4,2,2,0,0,1,0,1,0,0,0,0,0,0,1,0,0,0,0,0,0,0,1,0,0,0,0,0,0,1,0,0,0,0,0,4,1,1,2,2,2,1,1,2,2,1,2,2,3,4,2,4,3,3,1,2,4,2,3,3,3,0,1,0,1,0,0,0,0,0,1,0,0,0,0,2,i,i,i,i,i,i,i,i,i,i,i,i,i,i,i,i,i,i,i,i,i,i,i,i,i,i,i,i,i,i,i,i,i,i,i,i,i,0,0,1,0,0,0,1,0,0,1,0,0,0,0,0,3,1,0,1,1,0,0,1,0,0,1,1,42,3,21,3,3,17,8,i,i,0,0,0,0,1,0,0,i,i,i,i,i,i,i,i,i,i,i,i,i,i,i,i,i,i,i,i,i,i,i,i,i,i,i,i,i,i,0,0,1,0,0,1,6,3,4,4,1,1,0,0,2,1,2,1,1,1,1,1,0,1,0,0,0,2,6,6,2,2,2,2,2,i,i,2,i,i,i,i,i,a,a,i,a,9,12,16,15,16,45,30,1,2,1,1,i,i,1,i,i,i,i,i,i,i,i,i,i,i,i,i,4,4,1
6291,doi:10.4232/1.12497,1.0.0 (2016-04-22),1,1,29,14000029,14113,14,3,TN,1.028575,1.377675,0.0,1.189387,1.499454,0.0,0.0,2,3,3,3,4,3,3,4,1,5,5,1,4,1,1,1,6,0,0,0,0,0,0,1,0,0,0,0,0,0,0,0,0,0,0,a,a,0,0,0,0,0,0,0,0,1,1,0,0,0,0,0,0,0,0,0,0,0,i,i,0,0,0,4,4,4,4,3,5,1,1,1,6,6,2,i,0,0,0,0,0,0,0,0,0,0,0,i,0,0,1,0,5,5,5,5,5,1,3,3,3,1,1,1,1,1,1,1,1,1,1,1,i,2,2,5,5,1,0,0,0,0,0,0,0,i,i,i,0,0,0,0,0,0,0,0,0,0,0,0,0,0,i,0,0,1,4,4,5,5,5,3,4,4,1,0,0,0,0,0,0,0,1,0,0,0,0,0,0,0,0,0,0,0,1,0,0,0,0,0,1,0,0,0,0,0,5,5,5,5,3,3,3,3,2,2,2,2,2,3,2,2,3,1,5,5,5,3,1,2,1,1,1,0,0,0,0,0,0,0,0,1,1,0,0,0,2,i,i,i,i,i,i,i,i,i,i,i,i,i,i,i,i,i,i,i,i,i,i,i,i,i,i,i,i,i,i,i,i,i,i,i,i,i,0,1,0,0,0,0,0,1,0,1,0,0,0,0,0,4,3,0,0,0,1,0,0,0,0,4,2,31,2,1,6,1,1,1,19,i,0,0,0,0,1,0,0,i,i,i,i,i,i,i,i,i,i,i,i,i,i,i,i,i,i,i,i,i,i,i,i,i,i,i,i,i,i,1,0,0,0,0,1,5,1,1,1,2,2,0,0,1,1,3,1,0,0,0,0,0,0,0,0,0,6,i,6,3,1,1,1,1,i,i,1,i,6,6,6,6,a,a,6,a,8,12,13,25,13,50,25,2,2,1,1,i,i,1,i,i,i,i,i,i,i,i,i,i,i,i,i,2,8,1
6291,doi:10.4232/1.12497,1.0.0 (2016-04-22),1,1,30,14000030,14114,14,3,TN,0.938221,1.377675,0.0,1.189387,1.499454,0.0,0.0,2,2,3,3,3,3,3,3,3,2,2,1,1,1,1,4,2,1,0,0,1,0,0,1,0,0,0,0,0,0,0,0,0,0,0,a,a,0,0,0,1,1,0,1,0,0,1,0,0,0,0,0,0,0,0,0,0,0,i,i,0,0,0,2,2,1,2,1,2,2,2,2,3,2,2,i,1,1,0,0,0,0,0,0,0,0,0,i,0,0,0,0,2,3,2,5,5,1,2,1,2,2,2,1,2,2,1,1,1,2,2,1,i,1,1,2,2,0,1,1,0,0,0,0,0,i,i,i,0,0,0,0,0,0,0,1,1,1,0,0,0,0,i,0,0,0,3,3,2,2,2,3,2,2,0,1,0,0,0,0,0,0,0,0,0,1,0,0,0,0,0,1,0,0,0,0,0,0,0,0,0,0,0,0,0,0,3,3,3,3,1,1,3,1,2,2,1,1,2,4,3,2,3,1,2,3,3,3,3,3,3,4,0,1,0,0,0,0,0,0,1,0,0,0,0,0,2,i,i,i,i,i,i,i,i,i,i,i,i,i,i,i,i,i,i,i,i,i,i,i,i,i,i,i,i,i,i,i,i,i,i,i,i,i,0,1,0,0,0,0,0,0,0,0,0,1,0,0,0,1,2,1,1,0,0,0,0,0,0,3,2,23,1,23,3,3,13,7,i,i,0,0,0,0,1,0,0,i,i,i,i,i,i,i,i,i,i,i,i,i,i,i,i,i,i,i,i,i,i,i,i,i,i,i,i,i,i,1,0,0,0,0,1,6,1,2,2,0,0,0,0,2,1,2,1,0,0,1,0,0,1,0,0,0,2,4,4,2,1,2,2,1,i,i,2,i,1,i,i,5,a,a,i,a,8,12,12,1,12,30,29,1,3,1,1,i,i,1,i,i,i,i,i,i,i,i,i,i,i,i,i,27,5,1
6291,doi:10.4232/1.12497,1.0.0 (2016-04-22),1,1,31,14000031,14115,14,3,TN,1.098675,1.377675,0.0,1.189387,1.499454,0.0,0.0,2,2,1,3,2,3,3,3,2,1,1,2,1,3,3,1,6,0,0,0,1,0,0,0,0,0,0,0,0,0,0,0,0,0,0,a,a,0,0,0,0,0,0,1,0,1,0,0,0,0,0,0,0,0,0,0,0,0,i,i,0,0,0,2,2,3,3,1,4,2,2,2,4,3,1,2,0,1,0,0,0,0,0,0,0,0,0,i,0,0,0,0,3,3,4,2,3,1,2,2,1,1,1,2,1,2,1,1,1,2,1,2,i,1,1,2,3,0,0,0,0,0,0,0,0,i,i,i,1,0,1,0,0,0,0,0,0,0,1,0,1,0,i,0,0,0,3,4,2,3,2,4,2,2,0,0,0,0,0,0,0,0,0,0,0,0,0,0,1,0,0,0,0,0,0,0,1,0,0,0,0,1,0,0,0,0,3,2,2,1,2,2,2,1,2,2,2,2,2,4,3,1,1,1,1,1,1,2,3,4,4,4,0,0,1,1,0,0,0,0,0,1,0,0,0,0,2,i,i,i,i,i,i,i,i,i,i,i,i,i,i,i,i,i,i,i,i,i,i,i,i,i,i,i,i,i,i,i,i,i,i,i,i,i,1,1,0,0,0,0,0,0,1,0,0,0,0,0,0,1,2,0,1,0,1,0,0,0,0,2,2,22,1,0,5,3,2,2,19,i,0,0,0,0,1,0,0,i,i,i,i,i,i,i,i,i,i,i,i,i,i,i,i,i,i,i,i,i,i,i,i,i,i,i,i,i,i,0,0,1,0,0,1,6,3,7,4,0,0,0,0,1,1,3,1,0,0,1,1,0,0,0,0,0,1,i,1,2,1,2,2,1,i,i,2,i,1,i,i,4,a,a,i,a,9,12,15,20,15,50,30,2,2,1,1,i,i,1,i,i,i,i,i,i,i,i,i,i,i,i,i,4,4,1
6291,doi:10.4232/1.12497,1.0.0 (2016-04-22),1,1,32,14000032,14116,14,3,TN,1.047391,1.377675,0.0,1.189387,1.499454,0.0,0.0,3,3,3,3,4,4,4,4,3,3,3,1,1,1,1,4,3,0,0,0,0,0,1,1,1,0,0,0,0,0,0,0,0,0,0,a,a,0,0,0,0,0,1,0,0,1,1,1,0,0,0,0,0,0,0,0,0,0,i,i,0,0,0,2,4,1,1,1,2,2,2,2,2,2,1,2,1,1,0,1,0,0,0,0,0,1,0,i,0,0,0,0,2,5,2,5,5,1,2,1,2,2,2,1,1,2,1,1,2,2,2,1,i,1,1,2,2,0,1,1,0,0,0,0,0,i,i,i,0,0,0,0,0,0,0,0,1,1,0,0,0,0,i,0,0,0,2,3,3,2,2,4,4,4,1,1,0,0,0,0,0,0,0,0,1,1,0,0,0,0,0,1,0,0,0,0,1,0,0,0,0,0,0,0,0,0,2,2,2,2,1,1,3,3,2,2,1,1,2,3,3,2,4,1,3,4,3,2,2,4,4,4,1,1,0,0,0,0,0,0,1,0,0,0,0,0,2,i,i,i,i,i,i,i,i,i,i,i,i,i,i,i,i,i,i,i,i,i,i,i,i,i,i,i,i,i,i,i,i,i,i,i,i,i,0,1,0,0,1,0,0,1,0,0,0,0,0,0,0,1,1,1,0,0,1,0,0,0,0,2,2,50,3,16,2,1,3,3,19,i,0,0,0,0,1,0,0,i,i,i,i,i,i,i,i,i,i,i,i,i,i,i,i,i,i,i,i,i,i,i,i,i,i,i,i,i,i,0,0,0,1,0,0,5,1,4,4,0,0,0,0,2,1,2,1,0,0,1,0,0,1,0,0,0,6,i,6,1,2,2,2,2,i,i,2,i,i,i,i,i,a,a,i,a,8,12,16,55,17,25,30,2,4,1,1,i,i,1,i,i,i,i,i,i,i,i,i,i,i,i,i,27,5,1
6291,doi:10.4232/1.12497,1.0.0 (2016-04-22),1,1,33,14000033,14117,14,3,TN,0.997774,1.377675,0.0,1.189387,1.499454,0.0,0.0,2,3,3,1,3,1,2,4,2,3,2,4,3,3,2,2,2,0,0,0,0,0,0,0,0,0,0,0,1,0,0,0,0,0,0,a,a,0,0,0,0,1,0,0,0,0,0,0,0,0,0,1,0,0,0,0,0,0,i,i,0,0,0,3,4,2,2,2,2,1,1,2,6,6,3,i,0,0,0,1,0,1,0,0,0,1,0,i,0,0,0,0,2,4,1,3,3,1,2,2,2,2,2,2,2,2,2,1,2,2,2,1,i,2,2,2,3,1,0,1,0,0,0,0,0,i,i,i,0,0,1,0,0,0,0,1,1,1,0,0,0,0,i,0,0,0,2,3,3,1,1,2,5,5,1,0,0,0,1,0,0,1,1,0,1,0,0,0,0,0,1,0,0,0,0,0,0,0,0,0,1,0,0,0,0,0,3,2,2,4,3,3,3,3,1,2,3,3,2,4,4,3,3,3,5,3,4,3,3,4,3,4,0,1,1,0,0,0,0,1,0,0,0,0,0,0,2,i,i,i,i,i,i,i,i,i,i,i,i,i,i,i,i,i,i,i,i,i,i,i,i,i,i,i,i,i,i,i,i,i,i,i,i,i,0,1,0,0,0,0,0,0,1,0,1,0,0,0,0,4,1,0,1,0,1,0,0,1,0,4,1,19,1,1,6,3,3,3,19,i,0,0,0,0,1,0,0,i,i,i,i,i,i,i,i,i,i,i,i,i,i,i,i,i,i,i,i,i,i,i,i,i,i,i,i,i,i,0,0,0,0,1,0,7,4,4,4,0,0,0,0,2,1,2,1,0,1,1,0,0,0,0,0,0,1,i,1,3,1,2,2,2,i,i,2,i,1,i,i,i,a,a,i,a,8,12,13,33,13,58,25,1,2,1,1,i,i,1,i,i,i,i,i,i,i,i,i,i,i,i,i,2,8,1
6291,doi:10.4232/1.12497,1.0.0 (2016-04-22),1,1,34,14000034,14118,14,3,TN,1.036446,1.377675,0.0,1.189387,1.499454,0.0,0.0,4,1,1,1,1,4,3,4,4,2,2,2,2,2,2,1,1,0,0,0,0,0,0,0,1,0,0,0,0,0,0,0,0,0,0,a,a,0,0,0,1,0,0,0,0,0,0,1,0,0,0,0,0,0,0,0,0,0,i,i,0,0,0,2,2,2,2,2,2,1,1,1,5,2,1,2,0,0,0,0,0,0,0,0,0,0,0,i,0,1,0,0,4,4,1,4,4,1,2,1,2,2,2,2,2,2,2,2,2,2,2,2,i,2,2,2,3,0,0,0,0,0,0,1,0,i,i,i,0,0,0,0,0,0,0,1,0,0,0,0,0,0,i,0,0,0,1,2,2,2,1,1,4,2,0,0,0,0,1,0,0,0,0,0,0,0,0,0,0,0,0,0,0,0,1,0,0,0,0,0,0,0,0,0,0,0,4,4,4,4,2,2,2,2,2,2,2,2,2,4,1,2,4,1,4,4,2,2,4,4,4,4,0,0,0,1,1,0,0,1,0,0,0,0,0,0,2,i,i,i,i,i,i,i,i,i,i,i,i,i,i,i,i,i,i,i,i,i,i,i,i,i,i,i,i,i,i,i,i,i,i,i,i,i,0,1,0,0,0,0,0,0,0,0,0,1,0,0,0,1,1,0,1,0,1,0,0,0,0,1,1,32,2,21,3,1,12,6,i,i,0,0,0,0,1,0,0,i,i,i,i,i,i,i,i,i,i,i,i,i,i,i,i,i,i,i,i,i,i,i,i,i,i,i,i,i,i,0,0,1,0,0,1,4,1,4,4,2,2,0,0,1,1,3,1,1,0,0,0,0,0,0,0,0,7,6,6,2,2,2,2,2,i,i,2,i,i,i,i,i,a,a,i,a,9,12,12,35,12,58,23,2,1,1,1,i,i,1,i,i,i,i,i,i,i,i,i,i,i,i,i,4,4,1
6291,doi:10.4232/1.12497,1.0.0 (2016-04-22),1,1,35,14000035,14119,14,3,TN,0.935083,1.377675,0.0,1.189387,1.499454,0.0,0.0,2,2,2,2,2,1,1,4,2,2,1,1,1,1,1,1,7,0,0,0,1,0,1,0,0,0,0,0,0,0,0,0,0,0,0,a,a,0,0,0,0,0,0,1,0,1,1,0,0,0,0,0,0,0,0,0,0,0,i,i,0,0,0,2,2,1,1,2,2,1,1,1,2,2,1,2,1,1,0,0,0,1,0,0,1,1,0,i,0,0,0,0,2,3,1,2,1,2,2,2,2,1,1,1,2,3,1,2,1,1,1,1,i,1,1,2,5,1,0,1,0,0,0,0,0,i,i,i,0,0,1,0,0,0,0,1,0,1,0,0,0,0,i,0,0,0,1,2,5,2,2,5,5,5,0,0,0,0,0,1,0,1,1,0,1,1,0,0,0,0,1,0,0,1,0,0,0,0,0,0,0,0,0,0,0,0,1,4,4,4,2,2,2,2,2,2,2,2,2,4,4,4,4,4,4,4,4,4,4,4,4,4,1,0,0,0,0,0,1,0,0,1,0,0,0,0,2,i,i,i,i,i,i,i,i,i,i,i,i,i,i,i,i,i,i,i,i,i,i,i,i,i,i,i,i,i,i,i,i,i,i,i,i,i,0,1,0,0,0,0,0,1,0,1,0,0,0,0,0,3,1,0,1,0,1,1,0,0,0,1,1,20,1,0,5,3,2,2,19,i,0,0,0,0,1,0,0,i,i,i,i,i,i,i,i,i,i,i,i,i,i,i,i,i,i,i,i,i,i,i,i,i,i,i,i,i,i,1,1,0,0,0,1,6,1,5,4,0,0,0,0,1,1,3,1,0,0,1,1,0,0,0,0,0,1,i,3,2,1,2,2,1,i,i,2,i,1,i,i,2,a,a,i,a,9,12,10,40,11,3,23,2,1,2,1,i,i,1,i,i,i,i,i,i,i,i,i,i,i,i,i,56,8,1
6291,doi:10.4232/1.12497,1.0.0 (2016-04-22),1,1,37,14000037,14120,14,3,TN,1.036446,1.377675,0.0,1.189387,1.499454,0.0,0.0,3,2,1,1,1,2,1,4,3,2,2,2,1,1,2,1,7,1,0,0,0,0,0,0,1,0,0,0,0,0,0,0,0,0,0,a,a,0,0,0,1,0,0,0,0,0,1,1,0,0,0,0,0,0,0,0,0,0,i,i,0,0,0,2,2,3,3,1,3,2,2,2,3,2,2,i,0,0,0,0,0,0,0,0,0,1,0,i,0,0,0,0,2,3,5,2,4,1,2,1,2,2,2,2,1,1,2,2,1,1,2,2,i,1,1,3,3,0,1,1,0,0,0,0,0,i,i,i,0,0,0,0,0,0,0,0,1,1,0,0,0,0,i,0,0,0,4,4,2,2,2,4,3,3,0,0,0,0,1,0,1,0,0,0,0,1,0,0,0,0,0,1,0,0,0,0,0,0,0,0,0,1,0,0,0,0,3,3,3,2,1,1,2,2,2,2,1,1,2,3,2,2,2,2,3,2,2,2,3,3,4,4,0,1,0,0,0,1,0,0,1,0,0,0,0,0,2,i,i,i,i,i,i,i,i,i,i,i,i,i,i,i,i,i,i,i,i,i,i,i,i,i,i,i,i,i,i,i,i,i,i,i,i,i,1,1,0,0,0,0,0,0,0,0,1,0,0,0,0,1,1,0,1,0,1,0,0,0,0,1,1,33,2,19,2,4,8,5,i,i,0,0,0,0,1,0,0,i,i,i,i,i,i,i,i,i,i,i,i,i,i,i,i,i,i,i,i,i,i,i,i,i,i,i,i,i,i,1,0,0,0,0,1,6,1,1,1,0,0,0,0,1,1,3,1,1,1,1,1,1,1,0,0,0,2,1,1,2,1,2,2,1,i,i,2,i,1,i,i,2,a,a,i,a,9,12,14,30,14,55,25,1,1,1,1,i,i,1,i,i,i,i,i,i,i,i,i,i,i,i,i,4,4,1
6291,doi:10.4232/1.12497,1.0.0 (2016-04-22),1,1,38,14000038,14121,14,3,TN,1.098675,1.377675,0.0,1.189387,1.499454,0.0,0.0,2,3,3,3,4,3,3,3,3,2,2,2,3,3,2,3,7,0,0,0,0,0,0,0,0,0,0,0,0,0,0,0,0,0,0,a,a,0,0,1,0,0,0,0,0,0,1,0,0,0,0,0,0,0,0,0,0,0,i,i,0,0,0,2,2,1,1,2,3,2,2,2,2,2,1,2,1,0,0,1,1,1,0,0,1,1,0,i,0,0,0,0,2,3,2,3,2,1,2,1,1,1,2,1,2,1,2,1,2,1,2,1,i,1,1,2,2,0,1,0,0,1,0,0,0,i,i,i,1,0,0,0,0,0,0,0,1,1,0,0,1,0,i,0,0,0,2,2,3,1,1,1,3,3,1,1,1,1,1,0,0,0,0,0,0,0,0,0,0,0,1,1,0,0,0,0,0,0,0,0,0,0,0,0,0,0,3,3,3,1,1,1,2,1,2,2,2,2,2,3,3,3,3,2,2,3,3,3,4,4,3,3,1,1,1,0,0,0,0,0,0,0,0,0,0,0,2,i,i,i,i,i,i,i,i,i,i,i,i,i,i,i,i,i,i,i,i,i,i,i,i,i,i,i,i,i,i,i,i,i,i,i,i,i,0,1,0,0,0,0,0,1,1,0,0,0,0,0,0,3,2,0,0,1,1,0,1,0,0,1,2,18,1,0,5,3,2,2,19,i,0,0,0,0,1,0,0,i,i,i,i,i,i,i,i,i,i,i,i,i,i,i,i,i,i,i,i,i,i,i,i,i,i,i,i,i,i,0,0,0,1,0,0,8,3,4,4,0,0,0,0,1,1,3,1,0,1,1,1,1,0,0,0,0,1,i,1,3,1,2,2,2,i,i,2,i,1,i,i,i,a,a,i,a,7,12,17,0,17,32,32,1,2,1,1,i,i,1,i,i,i,i,i,i,i,i,i,i,i,i,i,21,7,1
6291,doi:10.4232/1.12497,1.0.0 (2016-04-22),1,1,40,14000040,14122,14,3,TN,0.852056,1.377675,0.0,1.189387,1.499454,0.0,0.0,2,3,3,2,3,2,2,3,2,3,3,2,2,3,2,2,7,1,1,0,1,1,0,0,0,1,1,0,1,0,0,1,0,0,0,a,a,0,0,0,1,1,0,1,1,0,1,0,1,1,0,1,0,0,1,0,0,0,i,i,0,0,0,2,2,2,1,2,3,2,2,2,1,3,1,2,1,1,0,1,0,1,0,0,1,1,0,i,0,0,0,0,2,2,2,2,2,1,2,1,1,1,2,1,1,1,1,1,1,1,2,1,i,1,1,2,2,1,1,1,0,0,0,0,0,i,i,i,0,0,0,0,0,0,0,1,1,1,0,0,0,0,i,0,0,0,3,2,1,1,1,2,2,2,1,1,0,1,0,0,1,0,0,0,1,0,0,0,0,0,0,1,0,1,0,0,0,0,0,0,0,0,0,0,0,0,2,2,2,1,1,1,2,2,2,2,2,2,2,3,3,3,2,2,3,3,3,3,3,3,3,3,1,1,0,0,1,0,0,0,0,0,0,0,0,0,2,i,i,i,i,i,i,i,i,i,i,i,i,i,i,i,i,i,i,i,i,i,i,i,i,i,i,i,i,i,i,i,i,i,i,i,i,i,0,1,0,0,0,0,0,1,1,0,0,0,0,0,0,3,2,1,1,0,0,1,0,0,0,2,1,23,1,0,5,3,3,3,19,i,0,0,0,0,1,0,0,i,i,i,i,i,i,i,i,i,i,i,i,i,i,i,i,i,i,i,i,i,i,i,i,i,i,i,i,i,i,1,0,0,0,0,1,7,3,1,1,0,0,0,0,2,1,2,1,0,1,1,1,0,0,0,0,0,1,i,1,3,1,2,2,2,i,i,2,i,1,i,i,i,a,a,i,a,7,12,15,20,15,50,30,1,1,1,1,i,i,1,i,i,i,i,i,i,i,i,i,i,i,i,i,21,7,1
6291,doi:10.4232/1.12497,1.0.0 (2016-04-22),1,1,41,14000041,14123,14,3,TN,0.852056,1.377675,0.0,1.189387,1.499454,0.0,0.0,3,2,2,2,2,3,3,3,2,3,2,2,2,3,2,3,7,0,1,1,1,1,1,0,0,0,0,0,0,0,0,0,0,1,0,a,a,0,0,0,0,1,1,1,1,1,1,0,0,0,0,0,0,0,0,0,1,0,i,i,0,0,0,2,2,1,2,2,3,2,2,1,2,2,1,2,0,1,0,1,0,1,0,0,1,1,0,i,0,0,0,0,2,3,2,2,2,1,1,2,1,1,2,1,2,1,2,1,2,1,2,1,i,2,1,3,2,0,0,0,0,0,0,0,0,i,i,i,0,0,0,0,0,0,1,1,1,1,0,0,0,0,i,0,0,0,3,3,2,3,2,1,2,2,0,0,0,1,1,0,0,0,1,0,1,1,0,0,0,0,0,1,0,1,0,0,0,0,0,0,0,0,0,0,0,0,2,2,2,2,1,1,2,1,2,2,2,2,2,3,3,3,3,2,3,3,2,3,3,3,3,3,1,1,1,0,0,0,0,0,0,0,0,0,0,0,2,i,i,i,i,i,i,i,i,i,i,i,i,i,i,i,i,i,i,i,i,i,i,i,i,i,i,i,i,i,i,i,i,i,i,i,i,i,0,1,0,1,0,0,0,1,0,0,0,0,0,0,0,2,1,0,1,1,1,0,0,0,0,2,1,22,1,0,5,3,2,2,19,i,0,0,0,0,1,0,0,i,i,i,i,i,i,i,i,i,i,i,i,i,i,i,i,i,i,i,i,i,i,i,i,i,i,i,i,i,i,0,0,0,1,0,0,7,3,1,1,0,0,0,0,2,1,2,1,0,1,1,1,0,0,0,0,0,1,i,1,3,1,2,2,2,i,i,2,i,1,i,i,i,a,a,i,a,7,12,16,10,16,40,30,1,2,1,1,i,i,1,i,i,i,i,i,i,i,i,i,i,i,i,i,21,7,1
6291,doi:10.4232/1.12497,1.0.0 (2016-04-22),1,1,42,14000042,14124,14,3,TN,0.971325,1.377675,0.0,1.189387,1.499454,0.0,0.0,2,1,1,1,1,1,1,3,2,3,3,2,2,2,4,3,6,1,0,0,0,0,0,1,1,0,0,0,1,0,0,0,0,1,0,a,a,0,0,0,1,0,0,0,0,1,1,1,0,0,0,1,0,0,0,0,1,0,i,i,0,0,0,2,2,2,2,1,1,2,2,2,5,4,1,2,0,0,0,1,0,0,0,0,1,0,0,i,0,0,0,0,1,1,1,1,1,1,1,1,1,1,1,1,2,2,1,1,1,1,1,1,i,3,1,1,1,1,0,0,0,0,0,1,0,i,i,i,0,0,1,0,0,0,0,1,1,0,0,0,0,0,i,0,0,0,3,3,3,1,4,2,5,5,0,0,1,1,1,0,1,0,0,0,0,1,0,0,0,0,1,1,0,0,0,0,0,0,0,0,0,0,0,0,0,0,3,4,4,4,2,2,2,2,2,2,2,2,2,4,4,4,4,2,4,4,4,4,4,4,4,4,1,0,0,0,0,0,0,0,1,0,1,0,0,0,2,i,i,i,i,i,i,i,i,i,i,i,i,i,i,i,i,i,i,i,i,i,i,i,i,i,i,i,i,i,i,i,i,i,i,i,i,i,0,1,0,0,0,0,0,0,1,0,1,0,0,0,0,1,3,1,1,0,1,0,0,0,0,4,1,37,2,1,6,1,17,8,i,i,0,0,0,0,1,0,0,i,i,i,i,i,i,i,i,i,i,i,i,i,i,i,i,i,i,i,i,i,i,i,i,i,i,i,i,i,i,0,0,0,1,0,0,3,4,2,2,2,2,0,0,2,1,2,1,0,0,0,0,0,0,0,0,0,6,6,6,2,2,2,2,2,i,i,2,i,i,i,i,i,a,a,i,a,9,12,12,30,13,5,35,2,1,2,1,i,i,1,i,i,i,i,i,i,i,i,i,i,i,i,i,56,8,1
6291,doi:10.4232/1.12497,1.0.0 (2016-04-22),1,1,43,14000043,14125,14,3,TN,0.88508,1.377675,0.0,1.189387,1.499454,0.0,0.0,2,3,3,2,3,3,3,3,2,3,2,2,3,3,2,3,7,0,0,0,0,0,0,0,0,0,0,0,0,0,0,0,0,0,0,a,a,0,0,1,0,0,0,0,0,0,1,0,0,0,0,0,0,0,0,0,0,0,i,i,0,0,0,2,2,3,3,2,2,2,1,1,4,3,3,i,0,0,0,1,0,1,0,1,1,1,0,i,0,0,0,0,3,3,2,3,2,1,2,3,2,1,1,1,3,2,1,1,1,1,2,1,i,2,3,3,3,1,1,1,0,0,0,0,0,i,i,i,0,0,0,0,0,0,0,1,0,0,1,0,1,0,i,0,0,0,4,4,5,2,4,1,5,5,0,0,0,1,1,0,0,0,0,0,1,1,1,0,0,0,0,0,0,0,0,0,0,0,0,0,1,1,0,0,0,0,2,2,2,2,1,1,2,1,2,2,2,2,2,4,3,4,3,3,4,5,5,3,4,3,3,3,1,0,0,0,0,0,0,0,1,0,1,0,0,0,1,16,i,i,i,i,1,1,1,3,1,0,1,1,0,0,0,0,0,0,0,0,0,0,0,0,0,1,0,0,0,1,1,1,0,0,0,1,0,1,0,0,0,0,0,0,0,0,1,1,0,0,0,3,1,0,1,0,1,1,0,0,0,1,1,30,2,99,9,1,13,7,i,i,1,0,0,0,0,0,1,0,0,0,0,0,0,0,0,1,0,0,0,0,0,0,0,0,0,0,0,0,0,0,0,0,0,0,0,0,0,1,0,0,0,0,1,8,2,1,1,0,0,0,0,1,1,3,1,1,1,1,1,0,0,0,0,0,1,1,1,3,1,1,2,1,i,i,1,i,1,1,i,1,a,a,1,a,7,12,14,45,15,20,35,1,1,1,1,i,i,1,i,i,i,i,i,i,i,i,i,i,i,i,i,21,6,1
6291,doi:10.4232/1.12497,1.0.0 (2016-04-22),1,1,44,14000044,14126,14,3,TN,0.903623,1.377675,0.0,1.189387,1.499454,0.0,0.0,2,3,3,3,4,1,2,3,2,2,2,1,1,1,2,1,1,0,0,1,0,0,0,1,0,0,0,0,0,0,0,0,0,0,0,a,a,0,0,0,1,0,1,0,0,0,1,0,0,0,0,0,0,0,0,0,0,0,i,i,0,0,0,3,4,3,3,1,4,2,1,2,3,2,3,i,0,1,0,0,0,0,0,0,0,1,0,i,0,0,0,0,5,3,3,3,3,1,2,2,2,2,2,1,1,1,2,1,1,2,1,1,i,1,2,2,3,0,1,1,0,0,0,0,0,i,i,i,0,0,0,0,0,0,0,0,1,1,0,0,0,0,i,0,0,0,4,4,5,2,3,4,2,2,0,1,0,0,0,0,1,0,0,0,0,1,0,0,0,0,0,0,0,0,1,0,0,0,0,0,0,1,0,0,0,0,4,2,2,3,2,2,2,2,1,1,1,1,2,3,1,2,2,1,3,3,4,2,3,4,4,4,1,0,0,0,0,0,0,1,0,0,1,0,0,0,1,10,i,i,i,i,1,1,1,1,0,0,0,0,0,0,0,0,0,0,1,0,0,1,0,0,0,1,0,0,0,0,0,1,0,0,0,2,0,1,0,0,0,0,0,1,1,0,0,0,0,0,0,4,1,0,1,0,1,0,0,0,0,2,2,61,4,1,6,1,3,3,19,i,0,0,0,0,1,0,0,i,i,i,i,i,i,i,i,i,i,i,i,i,i,i,i,i,i,i,i,i,i,i,i,i,i,i,i,i,i,1,0,0,0,0,1,6,3,4,4,0,0,0,0,2,1,2,1,0,0,0,0,0,1,0,0,0,1,i,2,3,2,2,2,2,i,i,2,i,i,i,i,i,a,a,i,a,9,12,12,5,12,30,25,2,3,1,1,i,i,1,i,i,i,i,i,i,i,i,i,i,i,i,i,4,4,1
6291,doi:10.4232/1.12497,1.0.0 (2016-04-22),1,1,45,14000045,14127,14,3,TN,0.842745,1.377675,0.0,1.189387,1.499454,0.0,0.0,3,1,1,2,1,1,1,4,3,3,2,3,3,3,3,1,4,0,0,0,0,0,1,1,1,0,0,1,1,0,0,0,0,0,0,a,a,0,0,0,0,0,0,1,0,1,1,1,0,0,1,1,0,0,0,0,0,0,i,i,0,0,0,2,2,1,2,1,1,2,1,2,1,2,1,2,0,0,0,0,0,0,0,0,0,0,0,i,0,0,1,0,3,3,3,3,2,1,2,2,1,2,2,2,2,2,1,1,1,1,1,1,i,2,1,4,4,0,0,0,0,0,0,0,1,i,i,i,1,0,1,0,0,0,0,0,0,0,0,0,0,0,i,0,0,1,4,4,3,4,4,4,4,4,1,0,0,1,0,0,1,0,0,0,1,0,0,0,0,0,0,0,0,0,0,0,1,0,0,0,0,1,0,0,0,0,3,2,2,2,2,2,2,2,2,2,2,2,2,4,4,2,4,5,4,4,4,4,4,4,4,4,0,0,0,0,1,0,0,0,0,1,1,0,0,0,2,i,i,i,i,i,i,i,i,i,i,i,i,i,i,i,i,i,i,i,i,i,i,i,i,i,i,i,i,i,i,i,i,i,i,i,i,i,1,0,0,0,0,0,1,0,1,0,0,0,0,0,0,1,1,0,1,0,1,0,0,0,0,1,2,55,4,13,1,1,8,5,i,i,0,0,0,0,1,0,0,i,i,i,i,i,i,i,i,i,i,i,i,i,i,i,i,i,i,i,i,i,i,i,i,i,i,i,i,i,i,0,0,0,1,0,0,5,2,5,4,0,0,0,0,1,1,3,1,0,0,1,1,1,1,0,0,0,2,6,6,2,1,2,2,2,i,i,2,i,2,i,i,i,a,a,i,a,9,12,14,10,14,50,40,2,2,2,1,i,i,1,i,i,i,i,i,i,i,i,i,i,i,i,i,56,8,1
6291,doi:10.4232/1.12497,1.0.0 (2016-04-22),1,1,46,14000046,14128,14,3,TN,0.99407,1.377675,0.0,1.189387,1.499454,0.0,0.0,2,3,3,3,4,4,4,4,5,5,5,2,4,4,4,4,6,0,0,0,0,0,0,0,1,0,0,0,0,0,0,0,0,0,0,a,a,0,0,0,0,0,0,0,0,1,0,1,0,0,0,0,0,0,0,0,0,0,i,i,0,0,0,2,2,4,4,1,3,2,3,3,3,6,3,i,1,1,0,1,0,1,0,0,1,1,0,i,0,0,0,0,5,4,4,4,3,1,2,2,2,1,1,1,2,2,1,1,2,1,1,1,i,3,3,5,5,0,0,0,0,0,0,0,0,i,i,i,0,0,0,0,0,1,0,0,1,1,0,0,0,0,i,0,0,0,3,3,3,3,3,3,3,3,0,1,0,0,0,0,0,0,0,0,1,1,0,0,0,0,0,0,0,0,0,0,1,0,0,0,0,1,0,0,0,0,3,2,2,5,2,2,2,2,3,3,3,3,3,5,5,2,2,2,5,3,4,1,2,3,3,3,1,1,1,0,0,0,0,0,0,0,0,0,0,0,2,i,i,i,i,i,i,i,i,i,i,i,i,i,i,i,i,i,i,i,i,i,i,i,i,i,i,i,i,i,i,i,i,i,i,i,i,i,0,1,0,0,0,0,0,1,0,0,0,1,0,0,0,3,3,0,0,0,0,0,0,0,1,4,1,45,3,1,6,1,18,8,i,i,0,0,0,0,1,0,0,i,i,i,i,i,i,i,i,i,i,i,i,i,i,i,i,i,i,i,i,i,i,i,i,i,i,i,i,i,i,1,1,0,0,0,1,5,1,2,2,3,3,1,1,1,1,3,1,0,0,1,0,0,0,0,0,0,6,6,6,3,1,2,2,2,i,i,2,i,4,i,i,i,a,a,i,a,8,12,14,0,14,42,42,2,2,1,1,i,i,1,i,i,i,i,i,i,i,i,i,i,i,i,i,2,8,1
6291,doi:10.4232/1.12497,1.0.0 (2016-04-22),1,1,47,14000047,14129,14,3,TN,0.935083,1.377675,0.0,1.189387,1.499454,0.0,0.0,2,2,2,2,2,1,1,2,1,1,1,3,1,3,4,3,1,0,0,0,0,0,0,1,1,0,0,1,1,1,0,1,0,1,0,a,a,0,0,0,1,0,0,0,0,0,1,1,0,0,1,1,1,0,1,0,1,0,i,i,0,0,0,2,1,1,1,2,1,1,1,1,1,1,3,i,1,0,0,0,0,0,0,0,0,1,0,i,0,0,0,0,2,2,2,2,2,1,2,1,2,1,1,1,1,1,1,1,2,2,2,2,i,2,2,5,5,1,0,0,0,0,1,0,1,i,i,i,0,0,0,0,0,0,0,1,0,0,1,0,1,0,i,0,0,0,1,1,1,1,1,1,1,1,1,1,0,0,1,0,1,0,1,0,0,0,0,0,0,0,1,1,0,0,0,0,0,0,0,0,0,0,0,0,0,0,3,2,2,4,1,3,3,3,2,2,2,2,2,2,2,2,1,3,4,3,4,1,3,2,4,3,1,0,0,0,0,0,0,1,0,0,1,0,0,0,1,13,i,i,i,i,1,1,1,4,0,1,0,1,0,1,0,0,0,0,0,0,0,0,0,0,0,1,1,1,0,1,1,0,0,0,0,1,1,1,0,0,0,0,0,0,1,0,0,0,0,0,0,1,2,0,1,0,1,1,0,0,0,1,1,23,1,1,6,1,14,7,i,i,0,0,0,0,1,0,0,i,i,i,i,i,i,i,i,i,i,i,i,i,i,i,i,i,i,i,i,i,i,i,i,i,i,i,i,i,i,1,0,0,0,0,1,7,2,5,4,0,0,0,0,2,1,2,1,1,0,1,1,1,0,0,0,0,1,1,1,2,1,2,1,1,i,i,1,i,1,i,7,7,a,a,7,a,9,12,11,18,11,45,27,1,2,2,1,i,i,1,i,i,i,i,i,i,i,i,i,i,i,i,i,56,8,1
6291,doi:10.4232/1.12497,1.0.0 (2016-04-22),1,1,48,14000048,14130,14,3,TN,0.935083,1.377675,0.0,1.189387,1.499454,0.0,0.0,3,2,2,2,2,2,2,4,4,4,5,4,4,4,4,4,7,0,0,0,0,0,1,0,1,0,0,0,1,0,0,0,0,0,0,a,a,0,0,0,0,0,0,0,0,1,1,1,0,0,0,1,0,0,0,0,0,0,i,i,0,0,0,2,1,1,1,1,1,1,1,1,6,6,1,2,1,0,0,1,0,0,0,0,0,1,0,i,0,0,0,0,5,5,5,5,5,2,2,2,1,1,1,1,2,2,2,1,1,1,1,1,i,2,3,5,5,1,0,0,0,0,0,0,0,i,i,i,0,0,1,1,0,0,0,0,0,0,0,0,0,0,i,0,0,1,3,2,1,1,1,1,2,2,1,1,0,0,1,0,0,0,0,0,0,0,0,0,0,0,0,0,0,0,0,0,0,0,0,0,1,1,0,0,0,0,3,3,4,4,2,2,2,1,2,2,2,2,2,4,3,2,3,2,1,1,3,3,3,2,4,4,1,1,1,0,0,0,0,0,0,0,0,0,0,0,2,i,i,i,i,i,i,i,i,i,i,i,i,i,i,i,i,i,i,i,i,i,i,i,i,i,i,i,i,i,i,i,i,i,i,i,i,i,1,1,0,0,0,0,0,0,0,0,1,0,0,0,0,1,1,1,1,0,1,0,0,0,0,1,1,22,1,98,8,3,3,3,8,1,0,0,0,0,1,0,0,i,i,i,i,i,i,i,i,i,i,i,i,i,i,i,i,i,i,i,i,i,i,i,i,i,i,i,i,i,i,0,0,0,1,0,0,1,1,6,4,0,0,0,0,2,1,2,1,0,0,1,1,0,0,0,0,0,1,i,1,2,1,2,2,1,i,i,2,i,1,i,i,5,a,a,i,a,9,12,11,52,12,22,30,1,3,2,1,i,i,1,i,i,i,i,i,i,i,i,i,i,i,i,i,56,8,1
6291,doi:10.4232/1.12497,1.0.0 (2016-04-22),1,1,49,14000049,14131,14,3,TN,0.997774,1.377675,0.0,1.189387,1.499454,0.0,0.0,2,3,3,3,4,4,4,4,3,2,2,4,4,4,4,4,3,0,1,0,0,0,0,1,0,0,0,0,0,0,0,0,0,0,0,a,a,0,0,0,0,1,1,0,0,0,1,0,0,0,0,0,0,0,0,0,0,0,i,i,0,0,0,2,2,2,2,1,1,2,1,1,6,6,3,i,1,1,0,0,0,0,0,0,0,0,0,i,0,0,0,0,2,2,2,2,3,1,2,2,2,2,2,1,2,2,2,1,1,2,1,1,i,1,1,2,2,1,1,1,0,0,0,0,0,i,i,i,0,0,0,0,0,0,0,1,1,0,0,0,0,0,i,0,0,0,2,2,3,2,3,2,2,2,0,1,0,0,0,0,0,0,0,0,1,1,0,0,0,0,0,0,0,0,0,0,0,0,0,0,0,0,0,0,0,1,3,2,2,2,3,3,3,2,2,2,1,2,2,3,2,2,1,2,2,4,2,2,2,4,4,4,1,1,0,0,0,0,0,0,1,0,0,0,0,0,2,i,i,i,i,i,i,i,i,i,i,i,i,i,i,i,i,i,i,i,i,i,i,i,i,i,i,i,i,i,i,i,i,i,i,i,i,i,1,0,0,0,0,0,0,1,0,0,0,0,0,0,0,1,2,1,0,0,1,0,0,0,0,1,1,21,1,16,2,3,8,5,i,i,0,0,0,0,1,0,0,i,i,i,i,i,i,i,i,i,i,i,i,i,i,i,i,i,i,i,i,i,i,i,i,i,i,i,i,i,i,0,0,0,1,0,0,7,3,8,4,0,0,0,0,1,1,3,1,1,1,1,1,0,1,0,0,0,1,6,6,2,1,2,2,1,i,i,2,i,1,i,i,2,a,a,i,a,8,12,10,36,11,6,30,1,1,1,1,i,i,1,i,i,i,i,i,i,i,i,i,i,i,i,i,27,5,1
6291,doi:10.4232/1.12497,1.0.0 (2016-04-22),1,1,50,14000050,14132,14,3,TN,0.997774,1.377675,0.0,1.189387,1.499454,0.0,0.0,4,3,2,3,3,3,3,2,1,2,3,2,2,2,2,2,6,1,0,0,0,0,0,0,0,0,0,0,0,0,0,0,0,0,0,a,a,0,0,0,1,0,0,0,0,1,0,0,0,0,0,0,0,0,0,0,0,0,i,i,0,0,0,2,2,1,3,1,4,2,2,2,1,4,2,i,0,0,0,0,0,0,0,0,0,0,0,i,0,1,0,0,1,2,1,2,5,1,1,1,2,1,1,1,3,1,1,2,1,1,1,1,i,1,1,4,3,0,1,1,0,0,0,0,0,i,i,i,0,0,0,0,0,0,0,0,1,1,0,0,0,0,i,0,0,0,4,2,1,1,3,4,2,2,1,0,0,1,1,0,1,0,0,0,0,0,1,0,0,0,1,0,0,1,0,0,0,0,0,0,0,0,0,0,0,0,2,4,1,1,1,1,3,2,2,2,1,1,2,4,2,4,4,4,4,4,4,2,4,4,4,4,1,0,0,0,0,0,0,1,0,0,0,0,0,0,1,10,i,i,i,i,2,1,1,1,0,1,0,0,0,0,0,0,0,0,0,0,0,1,0,0,0,0,0,0,0,0,0,0,0,0,0,1,1,0,0,0,0,0,0,0,0,0,0,0,0,0,0,1,1,0,1,0,0,0,0,0,0,1,1,16,1,0,5,3,2,2,19,i,0,0,0,0,1,0,0,i,i,i,i,i,i,i,i,i,i,i,i,i,i,i,i,i,i,i,i,i,i,i,i,i,i,i,i,i,i,1,0,0,0,0,1,6,3,2,2,1,1,1,1,2,1,2,1,0,0,0,0,0,1,0,0,0,7,i,6,2,1,2,2,2,i,i,2,i,1,i,i,i,a,a,i,a,7,12,13,0,13,26,26,2,1,1,1,i,i,1,i,i,i,i,i,i,i,i,i,i,i,i,i,7,4,1
6291,doi:10.4232/1.12497,1.0.0 (2016-04-22),1,1,51,14000051,14133,14,3,TN,0.88508,1.377675,0.0,1.189387,1.499454,0.0,0.0,4,3,2,3,3,1,2,4,3,4,4,2,4,3,2,2,7,0,0,0,0,0,1,0,0,0,1,1,0,0,0,0,0,0,0,a,a,0,0,0,0,0,0,0,0,1,1,0,0,1,1,0,0,0,0,0,0,0,i,i,0,0,0,3,3,1,2,2,2,1,1,1,2,4,2,i,0,0,0,0,0,1,0,1,0,0,0,i,0,0,0,0,2,2,1,2,1,1,2,2,1,1,2,1,2,1,1,1,2,1,2,1,i,2,2,3,3,0,1,1,0,0,0,0,0,i,i,i,1,0,0,0,0,0,0,0,1,1,0,0,0,1,i,0,0,0,4,4,3,3,2,4,2,2,1,0,1,0,1,1,1,0,0,0,0,0,0,0,0,0,1,0,0,0,0,0,0,0,0,0,1,0,0,0,0,0,2,2,2,1,1,2,2,2,2,2,2,2,2,4,4,2,4,3,4,3,2,2,4,2,4,4,1,1,0,0,0,1,0,0,0,0,0,0,0,0,1,16,i,i,i,i,1,2,1,4,1,0,0,0,0,1,0,0,0,1,0,0,0,0,0,0,1,0,0,0,0,0,0,0,0,0,0,1,0,1,0,0,0,0,0,1,0,0,0,1,0,0,0,2,1,0,1,0,1,0,1,0,0,1,1,35,2,27,3,1,3,3,14,3,0,0,0,0,1,0,0,i,i,i,i,i,i,i,i,i,i,i,i,i,i,i,i,i,i,i,i,i,i,i,i,i,i,i,i,i,i,1,0,0,0,0,1,7,2,2,2,1,1,0,0,1,1,3,1,1,1,1,1,1,0,1,0,0,1,i,5,3,1,2,2,2,i,i,2,i,1,i,i,i,a,a,i,a,7,12,13,35,14,15,40,1,1,1,1,i,i,1,i,i,i,i,i,i,i,i,i,i,i,i,i,7,4,1
6291,doi:10.4232/1.12497,1.0.0 (2016-04-22),1,1,52,14000052,14134,14,3,TN,0.938221,1.377675,0.0,1.189387,1.499454,0.0,0.0,2,2,2,2,2,2,2,3,3,2,2,3,1,3,1,1,4,0,0,0,0,0,0,1,0,0,0,0,0,0,0,0,0,0,0,a,a,0,0,0,0,0,0,1,0,0,1,0,0,0,0,0,0,0,0,0,0,0,i,i,0,0,0,3,1,1,1,1,4,2,2,2,2,2,3,i,0,0,0,1,0,0,0,0,0,0,0,i,0,0,0,0,2,5,3,1,1,2,3,2,2,1,1,1,2,1,1,2,1,1,1,2,i,1,1,3,4,0,0,0,0,0,0,1,0,i,i,i,0,0,0,0,0,0,0,1,0,0,0,0,0,0,i,0,0,0,2,2,3,2,4,4,4,3,0,0,1,0,0,0,0,0,0,0,1,0,0,0,0,0,0,0,1,0,0,0,0,0,0,0,0,0,0,0,0,0,3,2,2,2,3,3,3,3,2,2,2,2,2,3,3,3,3,2,5,5,4,3,2,3,2,4,1,0,0,0,0,1,0,0,0,1,0,0,0,0,1,20,i,i,i,i,2,1,1,3,0,0,0,0,0,0,1,0,0,0,0,0,0,1,0,0,0,0,0,0,0,0,0,0,0,0,0,1,0,0,0,0,0,0,0,0,0,0,1,0,0,0,0,1,1,0,1,0,0,0,0,0,0,2,2,24,1,0,5,3,2,2,15,3,0,0,0,0,1,0,0,i,i,i,i,i,i,i,i,i,i,i,i,i,i,i,i,i,i,i,i,i,i,i,i,i,i,i,i,i,i,0,0,1,0,0,1,7,3,7,4,0,0,0,0,1,1,3,1,1,0,1,1,1,1,0,0,0,1,i,1,3,1,2,2,1,i,i,2,i,1,i,i,2,a,a,i,a,7,12,14,30,14,55,25,1,2,1,1,i,i,1,i,i,i,i,i,i,i,i,i,i,i,i,i,7,4,1
6291,doi:10.4232/1.12497,1.0.0 (2016-04-22),1,1,53,14000053,14135,14,3,TN,0.990676,1.377675,0.0,1.189387,1.499454,0.0,0.0,2,2,1,2,2,1,1,2,4,2,2,1,1,1,1,3,7,1,0,0,0,0,0,0,0,0,0,0,0,0,0,0,0,0,0,a,a,0,0,0,1,0,0,0,0,0,1,0,0,0,0,0,0,0,0,0,0,0,i,i,0,0,0,3,3,1,2,1,2,2,2,2,5,3,2,i,0,0,0,1,0,0,0,0,0,0,0,i,0,0,0,0,2,4,2,3,3,2,2,2,2,2,1,2,2,1,1,2,1,2,2,2,i,1,1,2,3,0,1,1,0,0,0,0,0,i,i,i,0,0,0,0,0,0,0,0,1,1,0,0,0,0,i,0,0,0,4,3,3,1,2,4,3,2,1,0,0,0,1,0,0,0,0,0,0,0,0,0,0,0,1,0,0,1,0,0,0,0,0,0,0,0,0,0,0,0,1,2,1,4,1,2,2,3,2,2,2,2,2,3,3,2,3,3,2,2,3,3,3,2,2,4,0,1,0,0,0,1,0,0,0,0,0,0,0,0,2,i,i,i,i,i,i,i,i,i,i,i,i,i,i,i,i,i,i,i,i,i,i,i,i,i,i,i,i,i,i,i,i,i,i,i,i,i,0,1,0,0,0,0,0,0,0,0,0,0,0,0,0,1,1,1,1,0,0,0,0,0,0,1,1,45,3,23,3,1,15,7,i,i,0,0,0,0,1,0,0,i,i,i,i,i,i,i,i,i,i,i,i,i,i,i,i,i,i,i,i,i,i,i,i,i,i,i,i,i,i,1,0,0,0,0,1,10,1,2,2,1,1,0,0,2,1,2,1,0,0,0,0,0,0,0,0,0,1,7,3,2,1,2,2,2,i,i,2,i,3,i,i,i,a,a,i,a,7,12,15,20,15,50,30,2,3,1,1,i,i,1,i,i,i,i,i,i,i,i,i,i,i,i,i,7,4,1
6291,doi:10.4232/1.12497,1.0.0 (2016-04-22),1,1,54,14000054,14136,14,3,TN,0.852056,1.377675,0.0,1.189387,1.499454,0.0,0.0,3,3,3,3,4,2,2,3,2,5,3,2,4,4,2,4,6,0,0,0,0,0,0,0,0,0,0,0,0,0,0,0,0,0,0,a,a,0,0,1,0,0,0,0,0,1,0,0,0,0,0,0,0,0,0,0,0,0,i,i,0,0,0,2,2,1,1,2,2,2,1,1,2,2,1,2,1,1,0,1,0,1,0,0,1,1,1,i,0,0,0,0,2,2,2,2,2,1,1,1,2,1,1,1,1,1,2,1,2,1,3,1,i,1,2,2,2,1,1,1,0,0,0,0,0,i,i,i,0,0,0,0,0,0,0,1,1,1,0,0,0,0,i,0,0,0,4,4,1,1,2,1,5,5,0,1,0,0,1,0,0,0,0,1,1,1,0,0,0,0,0,0,0,0,0,0,0,0,0,0,1,1,0,0,0,0,3,3,3,3,1,1,2,3,3,3,2,2,2,3,3,3,3,3,3,2,2,3,2,4,4,3,0,1,0,0,0,0,1,0,0,1,0,0,0,0,2,i,i,i,i,i,i,i,i,i,i,i,i,i,i,i,i,i,i,i,i,i,i,i,i,i,i,i,i,i,i,i,i,i,i,i,i,i,0,1,0,0,0,0,0,0,1,0,1,0,0,0,0,1,2,0,0,1,1,0,1,0,0,2,1,24,1,0,5,3,2,2,19,i,0,0,0,0,1,0,0,i,i,i,i,i,i,i,i,i,i,i,i,i,i,i,i,i,i,i,i,i,i,i,i,i,i,i,i,i,i,0,0,0,1,0,0,7,4,3,3,0,0,0,0,1,1,3,1,1,1,1,1,0,0,0,0,0,1,i,1,3,1,2,2,1,i,i,2,i,1,i,i,1,a,a,i,a,8,12,14,20,14,55,35,1,1,1,1,i,i,1,i,i,i,i,i,i,i,i,i,i,i,i,i,31,7,1
6291,doi:10.4232/1.12497,1.0.0 (2016-04-22),1,1,55,14000055,14137,14,3,TN,0.88508,1.377675,0.0,1.189387,1.499454,0.0,0.0,2,3,3,3,4,3,3,4,4,5,5,2,4,4,4,4,7,1,1,1,1,1,1,0,0,0,0,1,1,0,0,1,0,0,0,a,a,0,0,0,1,1,1,1,1,1,1,0,0,0,1,1,0,0,1,0,0,0,i,i,0,0,0,2,3,1,1,2,2,3,3,3,2,2,1,2,1,1,0,1,0,1,1,0,1,1,0,i,0,0,0,0,2,2,2,2,2,1,2,2,2,2,2,1,2,1,2,1,2,1,3,3,i,1,1,3,2,0,1,1,0,0,0,0,0,i,i,i,1,0,0,0,0,0,0,0,1,1,0,0,0,0,i,1,0,0,3,4,2,1,1,2,5,5,0,1,0,0,1,0,1,0,0,0,1,1,0,0,0,0,0,0,0,0,0,0,0,0,0,0,1,1,0,0,0,0,2,2,2,1,1,1,2,3,2,2,2,2,2,3,3,3,3,4,4,3,2,2,2,3,2,4,1,1,0,0,0,0,0,1,0,0,0,0,0,0,2,i,i,i,i,i,i,i,i,i,i,i,i,i,i,i,i,i,i,i,i,i,i,i,i,i,i,i,i,i,i,i,i,i,i,i,i,i,1,1,0,0,0,0,0,0,0,1,0,0,0,0,0,1,2,0,1,1,1,0,0,0,0,2,1,25,2,0,5,3,2,2,19,i,0,0,0,0,1,0,0,i,i,i,i,i,i,i,i,i,i,i,i,i,i,i,i,i,i,i,i,i,i,i,i,i,i,i,i,i,i,1,0,0,0,0,1,8,2,3,3,0,0,0,0,2,1,2,1,1,0,1,1,1,0,0,0,0,1,i,1,3,1,2,2,1,i,i,2,i,1,i,i,1,a,a,i,a,8,12,16,50,17,20,30,2,2,1,1,i,i,1,i,i,i,i,i,i,i,i,i,i,i,i,i,31,7,1
6291,doi:10.4232/1.12497,1.0.0 (2016-04-22),1,1,56,14000056,14138,14,3,TN,0.852056,1.377675,0.0,1.189387,1.499454,0.0,0.0,3,3,3,3,4,2,2,4,3,5,5,2,4,4,3,4,8,0,0,0,0,0,0,0,0,0,0,0,0,0,0,0,0,0,0,a,a,0,0,1,0,0,0,0,0,0,0,1,0,0,0,0,0,0,0,0,0,0,i,i,0,0,0,2,2,1,1,2,2,2,1,1,2,2,1,2,0,1,0,1,0,1,1,0,1,1,0,i,0,0,0,0,2,2,1,3,2,1,2,3,1,1,1,1,1,1,1,1,2,1,2,1,i,3,3,3,3,0,1,1,0,1,0,0,0,i,i,i,0,0,0,0,0,0,0,0,1,1,0,0,1,0,i,0,0,0,4,4,2,1,1,1,4,4,0,1,0,0,1,0,1,0,0,0,1,1,0,0,0,0,0,0,0,0,0,0,0,0,0,0,0,0,0,0,0,1,2,2,2,1,1,1,1,2,2,2,2,2,2,3,3,5,5,5,4,3,3,3,3,3,3,3,0,1,0,0,0,0,1,0,0,0,1,0,0,0,2,i,i,i,i,i,i,i,i,i,i,i,i,i,i,i,i,i,i,i,i,i,i,i,i,i,i,i,i,i,i,i,i,i,i,i,i,i,0,1,0,0,0,0,0,0,1,1,0,0,0,0,0,1,1,0,1,1,1,0,0,0,0,2,1,18,1,0,5,3,2,2,19,i,0,0,0,0,1,0,0,i,i,i,i,i,i,i,i,i,i,i,i,i,i,i,i,i,i,i,i,i,i,i,i,i,i,i,i,i,i,1,0,0,0,0,1,8,2,2,2,0,0,1,1,1,1,3,1,1,1,1,1,1,0,0,0,0,1,i,1,2,1,2,2,2,i,i,2,i,1,i,i,i,a,a,i,a,8,12,15,15,15,42,27,1,2,1,1,i,i,1,i,i,i,i,i,i,i,i,i,i,i,i,i,31,7,1
6291,doi:10.4232/1.12497,1.0.0 (2016-04-22),1,1,57,14000057,14139,14,3,TN,0.997774,1.377675,0.0,1.189387,1.499454,0.0,0.0,4,2,2,2,2,3,3,4,3,5,2,2,4,2,2,3,6,1,1,0,0,0,0,1,1,0,0,1,1,0,0,0,0,0,0,a,a,0,0,0,1,1,0,0,0,1,1,1,0,0,1,1,0,0,0,0,0,0,i,i,0,0,0,2,2,3,2,2,2,2,2,2,3,2,2,i,0,1,0,1,0,0,0,0,0,0,0,i,0,0,0,0,3,3,2,2,2,1,2,1,1,1,1,1,3,1,1,1,1,1,2,1,i,1,1,3,3,1,1,0,0,0,0,0,0,i,i,i,0,0,0,0,0,0,0,1,0,0,0,0,0,0,i,0,0,0,3,4,4,4,4,5,4,4,0,0,0,0,1,1,1,0,0,0,1,1,0,0,0,0,0,0,0,0,0,0,0,0,0,0,1,1,0,0,0,0,3,2,2,2,1,2,2,2,1,2,2,2,2,2,2,3,3,3,4,3,3,3,4,3,4,4,1,0,0,1,0,0,0,0,0,0,1,0,0,0,2,i,i,i,i,i,i,i,i,i,i,i,i,i,i,i,i,i,i,i,i,i,i,i,i,i,i,i,i,i,i,i,i,i,i,i,i,i,1,1,0,0,0,0,0,1,0,0,0,0,0,0,0,1,2,0,1,1,1,0,0,0,0,2,1,18,1,0,5,3,2,2,19,i,0,0,0,0,1,0,0,i,i,i,i,i,i,i,i,i,i,i,i,i,i,i,i,i,i,i,i,i,i,i,i,i,i,i,i,i,i,0,0,0,1,0,0,5,2,5,4,0,0,0,0,2,1,2,1,1,0,1,1,0,1,0,0,0,2,i,5,3,1,2,2,2,i,i,2,i,4,i,i,i,a,a,i,a,9,12,18,11,18,34,23,2,2,1,1,i,i,1,i,i,i,i,i,i,i,i,i,i,i,i,i,6,6,1
6291,doi:10.4232/1.12497,1.0.0 (2016-04-22),1,1,58,14000058,14140,14,3,TN,0.88508,1.377675,0.0,1.189387,1.499454,0.0,0.0,2,3,3,3,4,2,2,3,2,5,2,2,1,1,2,1,7,0,0,0,0,0,0,0,0,0,0,0,0,0,0,0,0,0,0,a,a,0,0,1,0,0,0,0,0,0,1,0,0,0,0,0,0,0,0,0,0,0,i,i,0,0,0,2,2,4,4,2,2,3,2,2,4,4,1,2,1,1,0,1,0,1,0,0,1,1,0,i,0,0,0,0,3,3,3,3,3,1,3,2,1,1,1,2,2,1,1,1,2,1,3,1,i,3,3,3,3,1,1,0,1,0,0,0,0,i,i,i,0,0,0,0,0,0,0,1,1,0,1,0,0,0,i,0,0,0,2,4,2,2,2,1,5,5,1,1,0,0,1,0,1,0,0,0,0,1,0,0,0,0,0,0,0,0,0,0,1,0,0,0,0,1,0,0,0,0,3,3,3,3,2,2,2,1,2,2,2,2,2,3,3,4,3,4,4,5,3,4,3,3,5,5,1,1,0,0,0,0,0,0,1,0,0,0,0,0,2,i,i,i,i,i,i,i,i,i,i,i,i,i,i,i,i,i,i,i,i,i,i,i,i,i,i,i,i,i,i,i,i,i,i,i,i,i,0,1,0,0,0,0,0,0,1,1,0,0,0,0,0,1,1,1,1,0,1,0,0,0,0,1,1,27,2,24,3,3,17,8,i,i,0,0,0,0,1,0,0,i,i,i,i,i,i,i,i,i,i,i,i,i,i,i,i,i,i,i,i,i,i,i,i,i,i,i,i,i,i,1,0,0,0,0,1,8,4,4,4,0,0,0,0,2,1,2,1,0,1,1,1,1,0,0,0,0,1,1,1,3,1,2,2,2,i,i,2,i,1,i,i,i,a,a,i,a,8,12,12,10,12,40,30,1,2,1,1,i,i,1,i,i,i,i,i,i,i,i,i,i,i,i,i,31,7,1
6291,doi:10.4232/1.12497,1.0.0 (2016-04-22),1,1,59,14000059,14141,14,3,TN,0.986361,1.377675,0.0,1.189387,1.499454,0.0,0.0,2,2,2,1,2,2,2,3,5,5,5,3,4,3,4,3,7,1,0,0,1,0,0,0,1,0,0,0,0,0,0,0,0,0,0,a,a,0,0,0,1,0,0,1,0,0,1,1,0,0,0,0,0,0,0,0,0,0,i,i,0,0,0,4,4,4,4,5,5,2,3,3,3,6,3,i,1,1,0,0,0,1,0,0,1,1,0,i,0,0,0,0,3,3,3,4,3,1,1,1,1,1,1,1,2,1,2,1,2,1,3,1,i,3,1,5,5,1,1,0,0,0,0,0,0,i,i,i,0,0,1,0,0,0,0,1,1,0,1,0,0,0,i,0,0,0,1,1,1,1,3,2,5,5,1,0,0,1,0,0,1,0,0,0,1,1,0,0,0,0,0,1,0,0,0,0,1,0,0,0,0,0,0,0,0,0,2,2,2,5,2,2,2,2,1,2,2,2,2,2,2,1,2,2,5,4,3,2,1,1,1,1,1,0,0,0,0,0,1,0,0,0,1,0,0,0,2,i,i,i,i,i,i,i,i,i,i,i,i,i,i,i,i,i,i,i,i,i,i,i,i,i,i,i,i,i,i,i,i,i,i,i,i,i,0,1,0,0,0,0,0,0,1,1,0,0,0,0,0,1,3,1,0,0,1,1,0,0,0,4,2,49,3,1,6,1,1,1,19,i,0,0,0,0,1,0,0,i,i,i,i,i,i,i,i,i,i,i,i,i,i,i,i,i,i,i,i,i,i,i,i,i,i,i,i,i,i,1,0,0,0,0,1,7,2,5,4,0,0,0,0,2,1,2,1,1,1,1,1,1,0,0,0,0,6,i,6,2,2,2,2,2,i,i,2,i,i,i,i,i,a,a,i,a,9,12,11,2,11,30,28,1,1,2,1,i,i,1,i,i,i,i,i,i,i,i,i,i,i,i,i,36,6,1
6291,doi:10.4232/1.12497,1.0.0 (2016-04-22),1,1,60,14000060,14142,14,3,TN,0.997774,1.377675,0.0,1.189387,1.499454,0.0,0.0,2,2,2,3,3,3,3,4,3,5,2,3,4,1,2,4,8,1,1,1,1,1,1,1,0,1,1,1,1,1,1,1,1,1,1,a,a,0,0,0,1,1,1,1,1,1,1,1,1,1,1,1,1,1,1,1,1,1,i,i,0,0,0,2,2,3,2,1,2,2,1,3,3,6,1,2,0,0,0,1,0,0,0,0,0,0,0,i,0,0,0,0,2,4,2,2,4,1,1,1,1,2,2,2,2,2,2,1,2,1,2,1,i,2,2,3,3,0,0,0,0,0,0,0,0,i,i,i,0,0,0,0,0,0,1,1,0,0,0,0,0,0,i,0,0,0,4,4,3,2,2,3,4,4,0,0,0,0,0,0,0,0,0,0,0,0,0,0,0,1,0,0,0,0,0,0,0,0,0,0,0,0,0,0,0,1,3,3,3,3,2,2,2,2,2,2,2,2,2,3,3,4,3,4,4,4,4,3,4,4,4,4,1,0,0,0,0,0,0,1,0,1,0,0,0,0,1,2,i,i,i,i,1,1,1,4,1,0,0,1,0,0,0,1,0,0,0,0,0,1,0,0,1,0,0,0,0,1,1,1,0,0,0,3,1,1,0,0,0,0,0,0,1,0,0,0,0,0,0,3,1,0,1,1,0,0,1,0,0,1,1,20,1,19,2,3,18,8,i,i,0,0,0,0,1,0,0,i,i,i,i,i,i,i,i,i,i,i,i,i,i,i,i,i,i,i,i,i,i,i,i,i,i,i,i,i,i,0,0,0,1,0,0,5,2,5,4,0,0,0,0,2,1,2,1,1,0,1,1,1,0,0,0,0,4,1,6,3,1,2,2,1,i,i,2,i,6,i,i,1,a,a,i,a,9,12,12,33,13,33,59,2,1,1,1,i,i,1,i,i,i,i,i,i,i,i,i,i,i,i,i,2,6,1
6291,doi:10.4232/1.12497,1.0.0 (2016-04-22),1,1,61,14000061,14143,14,3,TN,0.997774,1.377675,0.0,1.189387,1.499454,0.0,0.0,4,3,3,2,3,1,2,3,2,2,2,2,4,1,3,2,6,0,0,0,0,0,0,1,1,0,0,0,1,0,0,0,0,0,0,a,a,0,0,0,0,0,0,0,0,1,1,1,0,0,0,1,0,0,0,0,0,0,i,i,0,0,0,2,3,1,1,1,1,2,1,3,1,2,2,i,0,0,0,1,0,1,0,0,0,0,0,i,0,0,0,0,2,1,3,3,4,1,2,1,1,2,2,2,2,1,1,1,2,1,2,1,i,1,1,5,1,1,1,0,0,0,0,0,0,i,i,i,0,0,0,0,0,0,0,0,0,1,0,0,1,0,i,0,0,0,4,4,4,3,2,4,4,4,0,0,0,1,1,0,1,0,0,0,1,1,0,0,0,0,0,0,0,0,0,0,1,0,0,0,0,1,0,0,0,0,2,2,1,4,1,1,2,2,2,2,2,2,2,4,4,4,3,4,4,3,3,4,3,3,4,4,1,0,0,0,0,1,0,0,0,1,0,0,0,0,1,36,i,i,i,i,1,1,1,5,0,0,1,0,0,1,0,0,1,0,0,0,0,0,0,0,1,0,0,0,0,0,1,0,0,0,0,1,0,1,0,0,0,0,0,0,1,0,1,0,0,0,0,2,1,0,1,0,1,0,1,0,0,1,1,18,1,13,1,3,1,1,19,i,0,0,0,0,1,0,0,i,i,i,i,i,i,i,i,i,i,i,i,i,i,i,i,i,i,i,i,i,i,i,i,i,i,i,i,i,i,1,0,0,0,0,1,3,2,5,4,2,2,0,0,2,1,2,1,0,1,1,1,0,0,0,0,0,1,i,2,3,1,2,2,1,i,i,2,i,1,i,i,1,a,a,i,a,9,12,16,56,17,17,21,1,1,1,1,i,i,1,i,i,i,i,i,i,i,i,i,i,i,i,i,4,6,1
6291,doi:10.4232/1.12497,1.0.0 (2016-04-22),1,1,62,14000062,14144,14,3,TN,1.098675,1.377675,0.0,1.189387,1.499454,0.0,0.0,3,3,3,3,4,4,4,3,3,2,2,3,3,3,3,3,3,0,1,0,1,0,1,0,0,0,0,0,0,0,0,0,0,0,0,a,a,0,0,0,0,1,1,1,0,1,0,0,0,0,0,0,0,0,0,0,0,0,i,i,0,0,0,2,2,2,2,1,1,2,1,2,1,2,3,i,1,0,0,1,0,0,0,0,0,1,0,i,0,0,0,0,2,3,3,2,3,1,2,2,2,1,1,1,1,2,2,1,1,2,2,1,i,1,2,3,3,0,1,1,0,0,0,0,0,i,i,i,0,0,0,0,0,0,0,0,1,1,0,0,0,0,i,0,0,0,4,3,3,3,2,4,5,5,0,1,0,1,0,0,1,0,0,0,1,0,0,0,0,0,0,1,0,0,0,0,1,0,0,0,0,0,0,0,0,0,2,1,1,2,1,1,3,3,2,2,2,2,2,3,3,2,4,1,3,2,2,3,2,4,4,4,1,1,0,0,1,0,0,0,0,0,0,0,0,0,2,i,i,i,i,i,i,i,i,i,i,i,i,i,i,i,i,i,i,i,i,i,i,i,i,i,i,i,i,i,i,i,i,i,i,i,i,i,0,1,0,0,0,0,0,1,0,0,0,1,0,0,0,1,1,0,1,0,1,0,0,0,0,1,2,24,1,13,1,1,15,7,i,i,0,0,0,0,1,0,0,i,i,i,i,i,i,i,i,i,i,i,i,i,i,i,i,i,i,i,i,i,i,i,i,i,i,i,i,i,i,0,0,0,1,0,0,5,1,2,2,1,1,0,0,2,1,2,1,0,0,1,0,0,1,0,0,0,6,6,6,1,1,2,2,2,i,i,2,i,3,i,i,i,a,a,i,a,8,12,16,7,16,46,39,2,3,1,1,i,i,1,i,i,i,i,i,i,i,i,i,i,i,i,i,27,5,1
6291,doi:10.4232/1.12497,1.0.0 (2016-04-22),1,1,63,14000063,14145,14,3,TN,0.938221,1.377675,0.0,1.189387,1.499454,0.0,0.0,2,2,2,2,2,2,2,3,3,2,2,3,1,1,3,3,7,0,0,0,1,0,0,0,1,0,0,0,0,0,0,0,0,0,0,a,a,0,0,0,0,0,0,1,0,0,1,1,0,0,0,0,0,0,0,0,0,0,i,i,0,0,0,1,1,1,1,1,1,2,2,2,1,2,1,2,0,0,0,0,0,0,0,0,0,0,0,i,0,1,0,0,4,4,2,2,5,1,2,2,2,2,1,1,2,2,1,2,1,2,1,1,i,2,1,3,3,1,1,1,0,0,0,0,0,i,i,i,0,0,0,0,0,0,0,1,1,1,0,0,0,0,i,0,0,0,1,2,1,1,3,3,3,3,1,1,0,1,0,0,0,0,0,0,0,0,0,0,0,0,1,1,0,0,0,0,0,0,0,0,0,0,0,0,0,0,2,2,2,2,2,2,2,2,1,2,2,1,2,2,2,2,2,2,2,3,3,2,3,3,2,3,0,0,0,0,1,0,0,1,1,0,0,0,0,0,2,i,i,i,i,i,i,i,i,i,i,i,i,i,i,i,i,i,i,i,i,i,i,i,i,i,i,i,i,i,i,i,i,i,i,i,i,i,0,1,0,0,0,0,0,0,0,0,1,0,0,0,0,1,1,0,1,0,1,0,0,0,0,2,2,20,1,0,5,3,2,2,19,i,0,0,0,0,1,0,0,i,i,i,i,i,i,i,i,i,i,i,i,i,i,i,i,i,i,i,i,i,i,i,i,i,i,i,i,i,i,1,0,0,0,0,1,8,1,4,4,0,0,0,0,1,1,3,1,1,1,1,0,1,1,0,0,0,1,i,1,2,1,1,3,1,i,i,1,i,1,1,i,1,a,a,3,a,8,12,14,1,14,37,36,1,1,1,1,i,i,1,i,i,i,i,i,i,i,i,i,i,i,i,i,8,5,1
6291,doi:10.4232/1.12497,1.0.0 (2016-04-22),1,1,64,14000064,14146,14,3,TN,0.878359,1.377675,0.0,1.189387,1.499454,0.0,0.0,3,2,3,3,3,2,2,3,2,4,2,3,1,1,3,1,2,1,0,1,0,0,0,1,0,0,0,0,0,0,0,0,0,0,0,a,a,0,0,0,1,1,1,0,0,0,1,0,0,0,0,0,0,0,0,0,0,0,i,i,0,0,0,2,2,1,3,1,2,2,2,2,1,2,1,2,1,1,0,1,0,0,0,0,0,1,0,i,0,0,0,0,2,3,5,3,2,1,2,2,2,1,2,1,1,2,1,1,1,2,1,1,i,1,1,3,2,0,1,1,0,0,0,0,0,i,i,i,0,0,0,0,0,0,0,0,1,1,0,0,0,0,i,0,0,0,4,3,3,3,3,4,5,5,0,1,0,1,0,0,0,0,0,0,1,1,0,0,0,0,0,1,0,0,0,0,1,0,0,0,0,0,0,0,0,0,3,2,2,3,1,1,3,1,2,2,1,1,2,4,3,2,3,1,3,4,3,3,3,4,4,4,1,1,0,0,0,0,0,0,0,1,0,0,0,0,2,i,i,i,i,i,i,i,i,i,i,i,i,i,i,i,i,i,i,i,i,i,i,i,i,i,i,i,i,i,i,i,i,i,i,i,i,i,1,1,0,0,0,0,0,0,0,0,0,1,0,0,0,1,1,0,1,1,1,0,0,0,0,1,2,33,2,25,3,1,12,6,i,i,0,0,0,0,1,0,0,i,i,i,i,i,i,i,i,i,i,i,i,i,i,i,i,i,i,i,i,i,i,i,i,i,i,i,i,i,i,0,0,0,1,0,0,8,2,2,2,0,0,0,0,2,1,2,1,0,0,1,0,0,0,1,0,0,5,6,6,2,1,2,2,2,i,i,2,i,3,i,i,i,a,a,i,a,8,12,14,36,15,0,24,1,2,1,1,i,i,1,i,i,i,i,i,i,i,i,i,i,i,i,i,27,5,1
6291,doi:10.4232/1.12497,1.0.0 (2016-04-22),1,1,65,14000065,14147,14,3,TN,0.938221,1.377675,0.0,1.189387,1.499454,0.0,0.0,4,3,3,3,4,4,4,3,4,3,3,2,2,2,2,2,3,0,0,0,0,0,1,0,1,0,0,0,0,0,0,0,0,0,0,a,a,0,0,0,0,0,1,0,0,1,0,1,0,0,0,0,0,0,0,0,0,0,i,i,0,0,0,2,2,2,3,1,1,2,2,2,1,2,2,i,1,1,0,0,0,0,0,0,0,1,0,i,0,0,0,0,2,2,2,2,1,1,2,2,2,1,2,1,1,1,1,1,1,2,1,1,i,1,1,3,2,1,1,1,0,0,0,0,0,i,i,i,0,0,0,0,0,0,0,1,1,1,0,0,0,0,i,0,0,0,3,2,2,2,2,2,3,3,1,1,0,0,0,0,0,0,0,0,0,1,0,0,0,0,0,0,0,0,0,0,0,0,0,0,0,0,0,0,0,1,2,2,2,2,1,2,2,2,2,2,1,1,2,3,4,2,3,2,2,5,1,3,2,3,2,2,0,0,1,0,0,0,0,1,1,0,0,0,0,0,2,i,i,i,i,i,i,i,i,i,i,i,i,i,i,i,i,i,i,i,i,i,i,i,i,i,i,i,i,i,i,i,i,i,i,i,i,i,1,0,0,0,0,0,0,0,0,0,0,1,0,0,0,1,1,0,1,0,1,0,0,0,0,2,2,19,1,0,5,3,2,2,19,i,0,0,0,0,1,0,0,i,i,i,i,i,i,i,i,i,i,i,i,i,i,i,i,i,i,i,i,i,i,i,i,i,i,i,i,i,i,1,0,0,0,0,1,7,1,5,4,0,0,0,0,1,1,3,1,0,1,1,1,0,1,0,0,0,1,i,1,2,1,1,2,1,i,i,1,i,1,1,i,1,a,a,1,a,7,12,13,14,13,45,31,2,2,1,1,i,i,1,i,i,i,i,i,i,i,i,i,i,i,i,i,8,5,1
6291,doi:10.4232/1.12497,1.0.0 (2016-04-22),1,1,66,14000066,14148,14,3,TN,0.852056,1.377675,0.0,1.189387,1.499454,0.0,0.0,3,3,3,3,4,3,3,4,4,4,4,2,4,4,2,4,7,1,1,1,0,0,1,0,1,0,0,1,1,0,1,0,0,0,0,a,a,0,0,0,1,1,1,0,0,1,1,1,0,0,1,1,0,1,0,0,0,0,i,i,0,0,0,2,2,4,4,2,2,3,1,1,2,2,1,2,1,1,0,1,0,0,1,0,1,1,0,i,0,0,0,0,2,2,2,2,2,1,3,2,1,3,1,1,2,2,1,1,3,1,3,1,i,2,3,3,2,0,1,1,1,0,0,0,0,i,i,i,0,0,0,0,0,0,0,0,1,1,1,0,0,0,i,0,0,0,4,5,2,1,1,1,4,4,0,1,0,0,1,0,0,0,0,0,1,1,1,0,0,0,0,0,0,0,0,0,0,0,0,0,1,1,0,0,0,0,2,2,1,1,1,1,1,1,2,2,2,2,2,3,3,2,2,5,5,3,2,3,4,5,3,3,0,1,0,0,0,0,0,1,0,0,1,0,0,0,2,i,i,i,i,i,i,i,i,i,i,i,i,i,i,i,i,i,i,i,i,i,i,i,i,i,i,i,i,i,i,i,i,i,i,i,i,i,0,1,0,0,0,0,0,0,0,1,1,0,0,0,0,1,2,1,1,0,1,0,0,0,0,1,1,24,1,0,5,3,2,2,19,i,0,0,0,0,1,0,0,i,i,i,i,i,i,i,i,i,i,i,i,i,i,i,i,i,i,i,i,i,i,i,i,i,i,i,i,i,i,1,0,0,0,0,1,5,1,3,3,0,0,0,0,2,1,2,1,1,1,1,1,1,0,0,0,0,1,i,1,3,1,2,3,2,i,i,1,i,1,i,i,i,a,a,1,a,8,12,13,15,13,45,30,1,1,1,1,i,i,1,i,i,i,i,i,i,i,i,i,i,i,i,i,31,7,1
6291,doi:10.4232/1.12497,1.0.0 (2016-04-22),1,1,67,14000067,14149,14,3,TN,0.997774,1.377675,0.0,1.189387,1.499454,0.0,0.0,2,2,2,2,2,2,2,3,3,3,3,3,3,3,3,3,6,1,1,0,0,0,0,1,1,0,0,0,1,0,0,0,0,0,0,a,a,0,0,0,1,1,0,0,0,1,1,1,0,0,0,1,0,0,0,0,0,0,i,i,0,0,0,2,3,3,2,2,2,2,2,3,3,2,2,i,0,0,1,1,0,0,0,0,0,0,0,i,0,0,0,0,3,3,2,2,2,1,2,2,1,2,2,2,2,2,2,1,2,1,2,2,i,2,2,3,4,1,0,0,0,0,0,0,0,i,i,i,0,0,0,0,0,0,0,1,0,0,0,0,0,0,i,0,0,0,3,3,2,3,3,4,4,4,0,0,0,0,1,1,1,0,0,0,1,1,0,0,0,0,0,0,0,0,0,0,0,0,0,0,1,1,0,0,0,0,3,2,2,3,1,2,2,2,2,2,2,2,2,2,2,3,3,3,4,3,3,3,4,3,3,3,0,1,0,1,0,0,0,1,0,0,0,0,0,0,2,i,i,i,i,i,i,i,i,i,i,i,i,i,i,i,i,i,i,i,i,i,i,i,i,i,i,i,i,i,i,i,i,i,i,i,i,i,0,0,0,1,0,0,0,1,0,1,0,0,0,0,0,3,2,1,0,1,1,0,0,0,0,2,1,21,1,20,3,3,18,8,i,i,0,0,0,0,1,0,0,i,i,i,i,i,i,i,i,i,i,i,i,i,i,i,i,i,i,i,i,i,i,i,i,i,i,i,i,i,i,0,0,0,1,0,0,5,2,4,4,0,0,1,1,1,1,3,1,1,0,0,0,0,0,0,0,0,6,6,6,3,2,2,2,2,i,i,2,i,i,i,i,i,a,a,i,a,10,12,17,30,17,55,25,1,2,1,1,i,i,1,i,i,i,i,i,i,i,i,i,i,i,i,i,5,6,1
6291,doi:10.4232/1.12497,1.0.0 (2016-04-22),1,1,68,14000068,14150,14,3,TN,0.938221,1.377675,0.0,1.189387,1.499454,0.0,0.0,4,2,2,2,2,2,2,3,2,2,2,3,3,3,3,3,2,1,0,1,0,0,1,0,0,0,0,0,0,0,0,0,0,0,0,a,a,0,0,0,1,1,1,0,0,1,0,0,0,0,0,0,0,0,0,0,0,0,i,i,0,0,0,2,3,2,2,1,1,2,2,1,3,2,1,2,0,1,0,0,0,0,0,1,1,0,0,i,0,0,0,0,2,3,2,2,2,1,2,2,2,2,2,1,2,2,2,1,1,1,1,2,i,1,1,3,3,0,1,0,0,0,0,0,0,i,i,i,1,1,0,0,0,0,0,0,1,1,0,0,0,0,i,0,0,0,4,4,3,2,2,3,2,3,0,0,1,1,0,0,0,0,0,0,1,0,0,0,0,0,0,0,0,0,0,1,0,0,0,0,0,1,0,0,0,0,2,2,2,3,1,2,2,1,2,2,2,1,2,3,4,2,3,4,2,5,2,3,4,4,4,4,1,0,0,0,0,1,0,1,0,0,0,0,0,0,2,i,i,i,i,i,i,i,i,i,i,i,i,i,i,i,i,i,i,i,i,i,i,i,i,i,i,i,i,i,i,i,i,i,i,i,i,i,1,0,0,0,0,0,0,1,0,0,0,0,0,0,0,2,1,1,1,0,0,0,0,0,0,1,2,20,1,0,5,3,2,2,15,3,0,0,0,0,1,0,0,i,i,i,i,i,i,i,i,i,i,i,i,i,i,i,i,i,i,i,i,i,i,i,i,i,i,i,i,i,i,1,0,0,0,0,1,5,3,4,4,0,0,6,4,2,1,2,1,1,1,1,1,0,1,0,0,0,1,i,1,2,1,1,1,1,i,i,2,i,1,2,1,1,a,a,i,a,8,12,12,59,13,25,26,1,1,1,1,i,i,1,i,i,i,i,i,i,i,i,i,i,i,i,i,27,5,1
6291,doi:10.4232/1.12497,1.0.0 (2016-04-22),1,1,69,14000069,14151,14,3,TN,0.997774,1.377675,0.0,1.189387,1.499454,0.0,0.0,4,2,1,1,1,1,1,4,3,4,2,3,4,3,2,4,6,0,0,1,0,0,0,0,1,0,0,0,0,0,0,1,0,0,0,a,a,0,0,0,0,0,1,0,0,1,0,1,0,0,0,0,0,0,1,0,0,0,i,i,0,0,0,2,3,1,2,1,2,1,1,1,2,2,1,2,1,1,0,1,0,1,0,0,0,0,0,i,0,0,0,0,1,1,1,2,1,1,2,2,1,1,2,1,2,2,2,1,1,1,2,2,i,2,1,3,3,1,1,0,0,0,0,0,0,i,i,i,0,0,0,0,0,0,0,1,1,0,0,0,0,0,i,0,0,0,2,2,2,2,2,4,4,4,0,0,0,0,1,0,1,0,0,0,1,0,0,0,0,0,0,0,0,0,0,0,1,0,0,0,1,0,0,0,0,0,3,2,2,2,1,2,2,2,2,2,2,2,2,2,5,2,4,5,4,4,3,3,3,3,3,3,1,0,0,0,0,0,0,0,0,1,0,0,0,0,2,i,i,i,i,i,i,i,i,i,i,i,i,i,i,i,i,i,i,i,i,i,i,i,i,i,i,i,i,i,i,i,i,i,i,i,i,i,1,0,0,0,0,0,0,1,0,0,0,0,0,0,0,3,3,0,1,0,1,0,0,0,0,2,1,24,1,20,3,3,18,8,i,i,0,0,0,0,1,0,0,i,i,i,i,i,i,i,i,i,i,i,i,i,i,i,i,i,i,i,i,i,i,i,i,i,i,i,i,i,i,0,0,0,1,0,0,5,2,5,4,0,0,0,0,1,1,3,1,0,0,1,1,1,0,0,0,0,2,3,3,3,1,2,2,2,i,i,2,i,1,i,i,i,a,a,i,a,9,12,14,25,15,2,37,3,2,1,1,i,i,1,i,i,i,i,i,i,i,i,i,i,i,i,i,3,6,1
6291,doi:10.4232/1.12497,1.0.0 (2016-04-22),1,1,70,14000070,14152,14,3,TN,0.951905,1.377675,0.0,1.189387,1.499454,0.0,0.0,4,3,3,3,4,4,4,4,4,3,3,1,1,3,4,1,1,0,0,0,0,0,0,1,1,0,0,0,0,0,0,0,0,0,0,a,a,0,0,0,1,0,0,0,0,0,1,1,0,0,0,0,0,0,0,0,0,0,i,i,0,0,0,2,2,2,2,1,1,2,2,2,6,2,1,2,1,1,0,0,0,0,0,0,0,1,0,i,0,0,0,0,5,5,5,5,5,1,2,1,1,1,1,1,2,1,1,1,1,1,1,2,i,1,2,2,2,1,1,1,0,0,0,0,0,i,i,i,0,0,0,0,0,0,0,1,1,1,0,0,0,0,i,0,0,0,3,2,2,2,2,2,5,5,0,1,0,0,0,0,1,0,0,0,0,0,0,0,0,0,0,1,0,0,0,0,0,0,0,0,0,1,0,0,0,0,3,2,2,2,1,2,3,2,2,2,1,1,2,4,3,1,3,1,2,3,2,3,4,4,4,3,1,0,0,0,1,0,0,0,1,0,0,0,0,0,2,i,i,i,i,i,i,i,i,i,i,i,i,i,i,i,i,i,i,i,i,i,i,i,i,i,i,i,i,i,i,i,i,i,i,i,i,i,1,1,0,0,0,0,0,0,0,0,0,0,0,0,0,2,2,1,0,0,1,0,0,0,0,2,1,57,4,18,2,1,3,3,17,4,0,1,0,0,0,0,1,0,0,0,0,0,0,0,0,0,0,0,0,0,1,0,0,0,0,0,0,0,0,0,0,0,0,0,0,0,0,0,0,0,1,0,0,1,1,4,4,0,0,0,0,2,1,2,1,0,0,0,0,0,1,0,0,0,6,i,6,2,2,2,2,2,i,i,2,i,i,i,i,i,a,a,i,a,7,12,12,33,13,5,32,1,3,1,1,i,i,1,i,i,i,i,i,i,i,i,i,i,i,i,i,8,5,1
6291,doi:10.4232/1.12497,1.0.0 (2016-04-22),1,1,71,14000071,14153,14,3,TN,1.006066,1.377675,0.0,1.189387,1.499454,0.0,0.0,3,3,3,3,4,3,3,3,2,2,2,2,1,1,2,1,7,1,1,1,1,1,1,0,1,0,0,1,1,1,0,0,0,0,0,a,a,0,0,0,1,1,1,1,1,1,1,1,0,0,1,1,1,0,0,0,0,0,i,i,0,0,0,2,1,1,1,2,3,2,2,2,2,2,1,2,1,1,1,1,0,0,1,0,1,1,1,i,0,0,0,0,2,2,2,2,2,1,1,1,1,1,1,1,1,1,1,1,3,1,2,2,i,2,2,1,2,0,1,1,0,0,0,0,1,i,i,i,0,0,0,0,0,0,0,0,1,1,1,0,0,0,i,0,0,0,4,4,1,1,2,2,4,4,1,1,0,0,0,0,1,0,0,0,1,1,0,0,0,0,0,0,0,0,0,0,0,0,0,0,1,1,0,0,0,0,2,2,1,2,1,1,2,1,2,2,2,2,2,3,3,3,3,4,3,3,2,3,2,2,3,3,0,1,0,0,0,0,1,1,0,0,0,0,0,0,2,i,i,i,i,i,i,i,i,i,i,i,i,i,i,i,i,i,i,i,i,i,i,i,i,i,i,i,i,i,i,i,i,i,i,i,i,i,0,1,0,0,0,0,0,1,0,1,0,0,0,0,0,1,1,1,1,0,1,0,0,0,0,2,1,24,1,99,9,3,17,8,i,i,0,0,0,0,1,0,0,i,i,i,i,i,i,i,i,i,i,i,i,i,i,i,i,i,i,i,i,i,i,i,i,i,i,i,i,i,i,1,0,0,0,0,1,8,2,3,3,1,1,0,0,2,1,2,1,0,0,1,1,1,0,0,0,0,5,5,5,3,2,2,2,2,i,i,2,i,i,i,i,i,a,a,i,a,8,12,11,15,11,50,35,1,2,1,1,i,i,1,i,i,i,i,i,i,i,i,i,i,i,i,i,10,7,1
6291,doi:10.4232/1.12497,1.0.0 (2016-04-22),1,1,72,14000072,14154,14,3,TN,0.878359,1.377675,0.0,1.189387,1.499454,0.0,0.0,2,3,3,3,4,3,3,3,2,5,5,2,4,3,2,4,7,0,0,0,0,0,0,0,0,0,0,0,0,0,0,0,0,0,0,a,a,0,0,1,0,0,0,0,0,0,1,0,0,0,0,0,0,0,0,0,0,0,i,i,0,0,0,2,1,1,1,2,2,2,2,1,2,2,1,2,1,1,0,0,1,1,0,1,1,1,0,i,0,0,0,0,2,2,2,2,2,1,2,1,1,1,1,1,2,1,1,1,2,1,2,1,i,2,1,2,2,0,1,1,0,1,0,0,0,i,i,i,0,0,0,0,0,0,0,0,1,1,1,0,0,0,i,0,0,0,2,4,1,1,1,2,4,4,0,1,0,0,0,0,1,0,0,0,1,1,1,0,0,0,0,0,0,1,0,0,1,0,0,0,0,0,0,0,0,0,2,2,2,1,1,1,2,1,2,2,2,2,2,2,2,2,2,3,3,2,3,2,4,3,3,3,1,1,1,0,0,0,0,0,0,0,0,0,0,0,2,i,i,i,i,i,i,i,i,i,i,i,i,i,i,i,i,i,i,i,i,i,i,i,i,i,i,i,i,i,i,i,i,i,i,i,i,i,0,1,0,0,0,0,0,0,0,0,1,1,0,0,0,2,2,1,0,0,1,0,0,0,0,2,2,25,2,0,5,3,2,2,19,i,0,0,0,0,1,0,0,i,i,i,i,i,i,i,i,i,i,i,i,i,i,i,i,i,i,i,i,i,i,i,i,i,i,i,i,i,i,1,0,0,0,0,1,7,2,3,3,4,4,0,0,1,1,3,1,1,1,1,1,1,0,0,0,0,1,i,1,3,1,2,2,2,i,i,2,i,1,i,i,i,a,a,i,a,9,12,10,10,10,40,30,1,2,1,1,i,i,1,i,i,i,i,i,i,i,i,i,i,i,i,i,10,7,1
6291,doi:10.4232/1.12497,1.0.0 (2016-04-22),1,1,73,14000073,14155,14,3,TN,0.878359,1.377675,0.0,1.189387,1.499454,0.0,0.0,2,3,3,3,4,3,3,4,2,4,4,2,3,4,2,4,7,0,0,0,0,0,0,0,0,0,0,0,0,0,0,0,0,0,0,a,a,0,0,1,0,0,0,0,0,0,1,0,0,0,0,0,0,0,0,0,0,0,i,i,0,0,0,2,1,1,1,2,2,2,2,2,2,2,1,2,1,0,1,0,0,1,0,0,0,0,0,i,0,0,0,0,2,2,2,2,2,1,2,2,1,3,1,1,2,1,3,1,2,1,3,1,i,2,2,2,2,0,1,1,1,0,0,0,0,i,i,i,0,0,0,0,0,0,0,0,1,1,1,0,0,0,i,0,0,0,4,3,1,1,1,3,3,3,0,1,0,0,0,0,1,0,0,0,1,1,1,0,0,0,0,1,0,0,0,0,1,0,0,0,0,0,0,0,0,0,2,3,3,1,1,1,2,1,2,2,2,2,2,3,4,4,4,3,3,2,2,2,3,2,4,3,0,1,0,0,1,0,0,1,0,0,0,0,0,0,1,16,i,i,i,i,1,1,1,3,1,0,0,0,0,1,0,0,0,0,0,0,0,1,1,0,0,0,0,0,0,0,0,0,0,0,0,1,0,1,0,0,0,0,0,0,1,0,1,0,0,0,0,1,2,0,1,0,1,0,0,0,0,2,2,25,2,0,5,3,2,2,19,i,0,0,0,0,1,0,0,i,i,i,i,i,i,i,i,i,i,i,i,i,i,i,i,i,i,i,i,i,i,i,i,i,i,i,i,i,i,1,0,0,0,0,1,8,2,5,4,0,0,0,0,2,1,2,1,1,1,1,1,1,0,0,0,0,1,i,1,3,1,2,2,2,i,i,2,i,1,i,i,i,a,a,i,a,9,12,12,0,12,40,40,1,1,1,1,i,i,1,i,i,i,i,i,i,i,i,i,i,i,i,i,10,7,1
6291,doi:10.4232/1.12497,1.0.0 (2016-04-22),1,1,74,14000074,14156,14,3,TN,0.997774,1.377675,0.0,1.189387,1.499454,0.0,0.0,3,3,3,2,3,3,3,3,2,4,4,2,4,3,2,3,1,0,0,0,1,1,1,1,1,0,0,1,1,0,0,0,0,0,0,a,a,0,0,0,1,0,0,1,1,1,1,1,0,0,1,1,0,0,0,0,0,0,i,i,0,0,0,2,1,1,1,2,3,2,2,2,2,2,1,2,0,1,0,0,0,0,0,1,1,1,0,i,0,0,0,0,2,2,2,3,2,1,2,2,2,1,2,1,2,1,1,1,1,1,3,1,i,2,2,2,2,0,1,0,0,0,1,1,0,i,i,i,0,0,0,0,0,0,0,0,1,1,0,0,1,0,i,0,0,0,3,3,2,2,1,2,1,4,0,1,0,0,0,0,1,0,0,0,1,1,1,0,0,0,0,0,0,0,0,0,1,0,0,0,0,1,0,0,0,0,2,2,1,1,1,1,1,1,2,2,3,3,2,3,3,2,2,4,3,2,3,3,3,3,3,3,0,1,0,0,0,0,0,1,0,1,0,0,0,0,2,i,i,i,i,i,i,i,i,i,i,i,i,i,i,i,i,i,i,i,i,i,i,i,i,i,i,i,i,i,i,i,i,i,i,i,i,i,1,0,0,0,0,0,0,1,0,0,0,0,0,0,0,1,1,0,1,0,1,0,0,0,0,2,1,18,1,0,5,3,2,2,19,i,0,0,0,0,1,0,0,i,i,i,i,i,i,i,i,i,i,i,i,i,i,i,i,i,i,i,i,i,i,i,i,i,i,i,i,i,i,0,0,0,1,0,0,8,2,3,3,1,1,0,0,2,1,2,1,0,0,1,1,1,0,0,0,0,1,i,1,3,1,2,2,2,i,i,1,i,1,i,i,i,a,a,1,a,9,12,13,30,14,10,40,1,2,1,1,i,i,1,i,i,i,i,i,i,i,i,i,i,i,i,i,10,7,1
6291,doi:10.4232/1.12497,1.0.0 (2016-04-22),1,1,75,14000075,14157,14,3,TN,1.098675,1.377675,0.0,1.189387,1.499454,0.0,0.0,2,3,3,3,4,3,3,3,3,5,5,2,3,4,4,3,7,0,0,0,0,0,0,0,0,0,0,0,0,0,0,0,0,0,0,a,a,0,0,1,0,0,0,0,0,0,1,0,0,0,0,0,0,0,0,0,0,0,i,i,0,0,0,3,2,1,1,2,3,2,2,2,2,2,1,2,1,1,0,0,0,0,0,1,1,1,0,i,0,0,0,0,2,2,2,2,2,1,2,2,2,2,1,2,2,1,2,1,2,1,2,1,i,2,3,2,2,0,1,1,0,0,0,0,0,i,i,i,0,0,0,0,0,0,0,0,1,1,0,0,1,0,i,0,0,0,4,3,1,1,1,1,4,4,0,1,0,0,0,1,1,0,0,0,1,0,1,0,0,0,0,0,0,1,0,0,1,0,0,0,0,0,0,0,0,0,2,2,2,2,1,1,3,1,2,2,3,3,2,4,4,3,4,3,3,2,2,2,2,2,3,3,0,1,0,0,0,0,0,1,0,0,1,0,0,0,2,i,i,i,i,i,i,i,i,i,i,i,i,i,i,i,i,i,i,i,i,i,i,i,i,i,i,i,i,i,i,i,i,i,i,i,i,i,0,0,0,0,0,0,0,1,0,0,0,1,0,0,0,3,2,0,1,0,1,0,0,0,0,2,2,17,1,0,5,3,2,2,19,i,0,0,0,0,1,0,0,i,i,i,i,i,i,i,i,i,i,i,i,i,i,i,i,i,i,i,i,i,i,i,i,i,i,i,i,i,i,0,0,0,1,0,0,8,3,2,2,0,0,0,0,2,1,2,1,1,0,1,1,1,0,0,0,0,1,i,1,3,1,2,2,2,i,i,2,i,1,i,i,i,a,a,i,a,9,12,15,0,15,40,40,2,3,1,1,i,i,1,i,i,i,i,i,i,i,i,i,i,i,i,i,10,7,1
6291,doi:10.4232/1.12497,1.0.0 (2016-04-22),1,1,76,14000076,14158,14,3,TN,0.997774,1.377675,0.0,1.189387,1.499454,0.0,0.0,2,2,2,2,2,2,2,3,3,5,2,2,4,3,2,3,7,0,0,0,0,0,0,0,0,0,0,0,0,0,0,0,0,0,0,a,a,0,0,1,0,0,0,0,0,0,1,0,0,0,0,0,0,0,0,0,0,0,i,i,0,0,0,2,2,1,3,2,3,2,1,1,6,2,2,i,0,1,0,1,0,0,0,0,1,1,0,i,0,0,0,0,3,3,3,3,3,1,3,3,1,1,3,1,2,2,2,1,2,1,2,2,i,1,2,3,3,0,0,1,0,1,0,0,0,i,i,i,1,0,0,0,0,0,0,0,1,0,1,0,1,0,i,0,0,0,4,3,3,3,2,2,2,2,0,0,0,1,0,0,1,0,0,0,1,1,1,0,0,0,0,1,0,0,0,0,0,0,0,0,1,0,0,0,0,0,2,2,2,2,2,2,2,2,2,2,2,2,2,3,3,3,3,3,3,3,2,2,4,4,3,3,0,0,0,0,0,1,0,1,0,0,0,0,0,0,1,21,i,i,i,i,1,1,1,3,0,0,0,0,0,0,0,1,0,0,0,0,0,1,1,0,0,0,0,0,0,0,1,0,0,0,0,1,0,0,0,0,0,0,0,0,1,1,0,1,0,0,0,1,2,0,0,1,1,0,0,0,0,2,1,20,1,0,5,3,2,2,19,i,0,0,0,0,1,0,0,i,i,i,i,i,i,i,i,i,i,i,i,i,i,i,i,i,i,i,i,i,i,i,i,i,i,i,i,i,i,1,0,0,0,0,1,7,3,3,3,0,0,1,1,2,1,2,1,0,1,1,1,0,0,0,0,0,1,i,1,3,1,2,2,2,i,i,2,i,1,i,i,i,a,a,i,a,9,12,16,15,16,50,35,2,1,1,1,i,i,1,i,i,i,i,i,i,i,i,i,i,i,i,i,10,7,1
6291,doi:10.4232/1.12497,1.0.0 (2016-04-22),1,1,77,14000077,14159,14,3,TN,0.997774,1.377675,0.0,1.189387,1.499454,0.0,0.0,2,3,2,2,3,2,2,3,3,4,2,3,3,3,3,3,6,0,0,0,0,0,0,0,0,0,1,0,0,0,0,1,0,0,0,a,a,0,0,0,0,0,0,0,0,1,0,0,0,1,0,0,0,0,1,0,0,0,i,i,0,0,0,3,2,3,1,2,3,2,2,2,4,3,3,i,0,0,0,1,0,0,0,0,0,0,0,i,0,0,0,0,3,3,4,2,4,1,2,2,1,2,2,2,2,2,2,2,2,2,2,1,i,2,2,2,3,0,0,0,0,0,0,0,0,i,i,i,0,0,1,0,0,0,0,1,0,0,1,0,0,0,i,0,0,0,2,4,3,3,4,4,3,3,0,0,1,0,0,0,0,0,0,0,0,0,0,0,0,0,0,0,0,0,0,0,0,0,0,0,1,0,1,0,0,0,3,3,4,3,2,2,2,2,2,2,1,1,2,2,5,2,3,2,3,3,2,2,3,3,2,2,0,1,0,0,0,0,0,1,1,0,0,0,0,0,2,i,i,i,i,i,i,i,i,i,i,i,i,i,i,i,i,i,i,i,i,i,i,i,i,i,i,i,i,i,i,i,i,i,i,i,i,i,1,1,0,0,0,0,0,0,1,0,0,0,0,0,0,1,1,0,1,0,1,0,0,0,0,3,1,20,1,0,5,3,2,2,19,i,0,0,0,0,1,0,0,i,i,i,i,i,i,i,i,i,i,i,i,i,i,i,i,i,i,i,i,i,i,i,i,i,i,i,i,i,i,0,0,0,1,0,0,5,3,2,2,0,0,0,0,2,1,2,1,1,1,1,0,0,0,0,0,0,1,i,5,3,1,2,2,2,i,i,2,i,1,i,i,i,a,a,i,a,9,12,12,40,13,15,35,1,2,1,1,i,i,1,i,i,i,i,i,i,i,i,i,i,i,i,i,6,2,1
6291,doi:10.4232/1.12497,1.0.0 (2016-04-22),1,1,78,14000078,14160,14,3,TN,1.036446,1.377675,0.0,1.189387,1.499454,0.0,0.0,2,2,2,2,2,3,3,3,3,4,4,1,1,1,1,1,6,0,1,0,0,0,0,0,1,0,0,0,0,0,0,1,0,0,0,a,a,0,0,0,0,1,0,0,0,1,0,1,0,0,0,0,0,0,1,0,0,0,i,i,0,0,0,3,3,1,2,2,2,1,2,2,5,4,2,i,0,0,0,0,0,0,0,0,0,0,0,i,0,0,0,1,3,4,4,4,4,2,2,3,1,2,2,1,2,2,2,2,1,2,2,1,i,3,3,4,4,0,0,0,0,0,0,0,1,i,i,i,0,0,0,1,0,0,0,1,0,0,1,0,0,0,i,0,0,0,1,1,1,3,4,4,4,2,0,0,0,0,0,0,0,0,0,0,0,0,0,0,1,0,0,0,0,0,0,0,0,0,1,0,0,0,1,0,0,0,4,4,4,2,2,2,2,2,1,2,2,2,2,3,3,1,1,4,1,4,4,1,1,1,1,3,0,0,0,0,0,0,0,0,1,0,1,0,0,0,1,20,i,i,i,i,2,3,1,4,0,0,0,0,0,0,0,0,0,1,0,0,0,0,1,0,0,0,0,0,0,0,0,0,0,0,0,2,0,1,0,0,0,0,0,0,1,0,0,0,0,0,0,2,1,0,0,0,1,0,0,0,0,2,1,26,2,98,8,3,3,3,18,4,0,0,0,0,1,0,0,i,i,i,i,i,i,i,i,i,i,i,i,i,i,i,i,i,i,i,i,i,i,i,i,i,i,i,i,i,i,1,0,0,0,0,1,5,2,6,4,0,0,1,1,2,1,2,1,0,0,0,0,0,0,0,0,0,6,i,6,2,1,2,2,2,i,i,2,i,3,i,i,i,a,a,i,a,9,12,13,30,14,6,36,1,1,1,1,i,i,1,i,i,i,i,i,i,i,i,i,i,i,i,i,6,2,1
6291,doi:10.4232/1.12497,1.0.0 (2016-04-22),1,1,79,14000079,14161,14,3,TN,1.028575,1.377675,0.0,1.189387,1.499454,0.0,0.0,2,2,2,2,2,2,2,3,2,4,3,3,3,3,3,4,6,0,0,0,0,0,0,0,1,0,0,0,0,0,0,0,0,0,0,a,a,0,0,0,0,0,0,0,0,1,0,1,0,0,0,0,0,0,0,0,0,0,i,i,0,0,0,2,2,1,1,1,1,2,1,2,1,6,2,i,0,0,1,1,0,0,0,0,0,0,0,i,0,0,0,0,2,2,3,2,3,2,2,2,2,2,2,1,2,2,2,2,2,1,2,2,i,2,2,2,2,1,1,0,0,0,0,0,0,i,i,i,0,0,0,0,0,0,0,1,1,1,0,0,0,0,i,0,0,0,2,2,2,4,4,4,3,3,0,0,0,0,0,0,0,0,0,0,0,0,1,0,0,0,0,0,0,0,0,1,0,0,0,0,1,0,0,0,0,0,3,2,4,2,1,2,1,2,2,2,2,1,2,3,2,2,3,2,3,3,3,3,2,3,3,4,0,1,0,0,0,1,0,0,1,0,0,0,0,0,2,i,i,i,i,i,i,i,i,i,i,i,i,i,i,i,i,i,i,i,i,i,i,i,i,i,i,i,i,i,i,i,i,i,i,i,i,i,0,1,0,0,0,0,0,0,0,0,0,0,0,0,0,3,2,1,0,0,0,0,0,0,0,2,2,39,2,99,9,1,1,1,19,i,0,1,0,0,0,0,1,0,0,0,0,0,0,0,0,0,0,0,0,0,0,0,0,0,0,0,0,0,0,0,0,0,0,0,1,0,0,0,0,0,1,0,0,6,3,4,4,2,2,0,0,1,1,3,1,1,1,0,0,0,0,0,0,0,3,i,6,3,2,2,2,2,i,i,2,i,i,i,i,i,a,a,i,a,9,12,15,40,16,15,35,1,2,1,1,i,i,1,i,i,i,i,i,i,i,i,i,i,i,i,i,6,2,1
6291,doi:10.4232/1.12497,1.0.0 (2016-04-22),1,1,80,14000080,14162,14,3,TN,0.997774,1.377675,0.0,1.189387,1.499454,0.0,0.0,1,3,3,2,3,1,2,4,2,5,2,3,4,3,3,1,7,0,0,0,0,0,0,0,0,0,0,0,1,0,0,1,0,0,0,a,a,0,0,0,0,0,0,0,0,0,1,0,0,0,0,1,0,0,1,0,0,0,i,i,0,0,0,2,3,1,1,1,4,2,2,2,1,2,1,2,0,0,1,1,0,0,0,0,0,0,0,i,0,0,0,0,2,2,2,2,2,1,2,2,2,2,2,1,2,2,2,1,3,3,3,1,i,2,3,3,2,1,1,0,1,0,0,0,0,i,i,i,0,0,0,0,0,0,0,1,0,0,1,0,1,0,i,0,0,0,2,2,2,2,4,4,4,4,0,1,1,0,1,0,0,0,0,0,0,0,1,0,0,0,0,1,1,0,0,0,0,0,0,0,0,0,0,0,0,0,2,1,2,2,1,2,2,2,2,2,2,2,2,3,3,1,3,3,3,3,1,3,3,3,3,4,0,1,0,0,0,0,0,1,0,1,0,0,0,0,2,i,i,i,i,i,i,i,i,i,i,i,i,i,i,i,i,i,i,i,i,i,i,i,i,i,i,i,i,i,i,i,i,i,i,i,i,i,1,0,0,0,0,0,0,0,0,0,0,1,0,0,0,1,2,0,1,1,1,0,0,0,0,2,1,17,1,0,5,3,2,2,19,i,0,0,0,0,1,0,0,i,i,i,i,i,i,i,i,i,i,i,i,i,i,i,i,i,i,i,i,i,i,i,i,i,i,i,i,i,i,0,0,0,1,0,0,7,3,3,3,0,0,1,1,1,1,3,1,1,0,1,0,0,0,0,0,0,1,i,5,3,1,1,2,2,i,i,2,i,1,1,i,i,a,a,i,a,9,12,14,50,15,30,40,2,1,1,1,i,i,1,i,i,i,i,i,i,i,i,i,i,i,i,i,6,2,1
6291,doi:10.4232/1.12497,1.0.0 (2016-04-22),1,1,81,14000081,14163,14,3,TN,0.951905,1.377675,0.0,1.189387,1.499454,0.0,0.0,1,2,2,2,2,2,2,2,3,2,2,1,1,1,1,1,3,0,0,0,1,0,0,0,0,0,0,0,0,0,1,0,0,0,0,a,a,0,0,0,0,0,1,1,0,0,0,0,0,0,0,0,0,1,0,0,0,0,i,i,0,0,0,3,3,3,3,2,2,2,2,2,4,5,2,i,0,0,0,0,0,0,0,0,0,0,0,i,0,1,0,0,4,4,4,4,4,2,2,2,2,2,2,2,2,2,2,2,2,2,2,1,i,2,2,5,5,0,0,0,1,0,0,0,0,i,i,i,0,0,0,0,0,0,0,1,0,0,1,0,0,0,i,0,0,0,1,2,1,2,2,2,2,2,0,0,0,0,0,0,0,0,0,0,0,0,0,0,1,0,0,0,0,0,0,0,0,0,0,0,0,0,0,0,1,0,2,2,4,4,2,2,2,1,1,3,1,1,2,2,2,2,2,2,1,2,2,1,2,1,2,3,0,0,0,1,1,0,0,0,0,1,0,0,0,0,2,i,i,i,i,i,i,i,i,i,i,i,i,i,i,i,i,i,i,i,i,i,i,i,i,i,i,i,i,i,i,i,i,i,i,i,i,i,0,1,0,0,0,0,0,1,0,0,1,0,0,0,0,3,2,1,0,0,0,0,0,0,0,2,1,64,4,99,9,1,8,5,i,i,0,0,0,0,1,0,0,i,i,i,i,i,i,i,i,i,i,i,i,i,i,i,i,i,i,i,i,i,i,i,i,i,i,i,i,i,i,0,0,0,1,0,0,7,3,2,2,0,0,0,0,2,1,2,1,1,1,1,0,0,1,0,0,0,6,6,6,3,2,2,2,2,i,i,2,i,i,i,i,i,a,a,i,a,9,12,11,35,12,20,45,1,1,1,1,i,i,1,i,i,i,i,i,i,i,i,i,i,i,i,i,6,2,1
6291,doi:10.4232/1.12497,1.0.0 (2016-04-22),1,1,82,14000082,14164,14,3,TN,0.997774,1.377675,0.0,1.189387,1.499454,0.0,0.0,3,2,2,2,2,2,2,3,2,3,3,2,2,3,2,3,7,1,0,1,0,1,0,0,0,0,0,0,0,0,0,0,0,0,0,a,a,0,0,0,1,0,1,0,1,0,1,0,0,0,0,0,0,0,0,0,0,0,i,i,0,0,0,2,2,1,1,1,2,1,1,1,2,2,1,2,1,1,0,0,0,0,0,0,0,1,0,i,0,0,0,0,2,3,2,2,2,1,2,2,1,1,1,1,1,1,1,2,1,1,1,1,i,1,1,3,3,0,1,1,0,0,0,0,0,i,i,i,1,0,0,0,0,0,0,1,1,1,0,0,0,0,i,0,0,0,2,2,2,2,2,4,4,4,0,1,0,1,0,0,0,0,0,0,0,0,1,0,0,0,0,0,0,0,0,1,1,0,0,0,0,0,0,0,0,0,2,2,2,2,2,2,2,2,2,2,2,2,2,2,2,3,2,3,2,3,3,3,2,3,3,2,0,0,0,0,0,0,0,0,0,0,0,0,0,1,2,i,i,i,i,i,i,i,i,i,i,i,i,i,i,i,i,i,i,i,i,i,i,i,i,i,i,i,i,i,i,i,i,i,i,i,i,i,0,1,0,0,0,0,0,1,0,0,0,0,0,0,0,1,2,0,1,0,1,0,0,0,0,1,1,24,1,19,2,3,3,3,19,i,0,0,0,0,1,0,0,i,i,i,i,i,i,i,i,i,i,i,i,i,i,i,i,i,i,i,i,i,i,i,i,i,i,i,i,i,i,0,0,0,1,0,0,5,2,4,4,0,0,0,0,2,1,2,1,1,1,1,1,0,0,0,0,0,1,i,1,3,1,2,2,1,i,i,2,i,1,i,i,1,a,a,i,a,9,12,15,10,11,45,35,1,1,1,1,i,i,1,i,i,i,i,i,i,i,i,i,i,i,i,i,9,9,1
6291,doi:10.4232/1.12497,1.0.0 (2016-04-22),1,1,83,14000083,14165,14,3,TN,1.036446,1.377675,0.0,1.189387,1.499454,0.0,0.0,4,1,1,1,1,1,1,4,3,4,3,2,3,3,3,3,6,0,0,0,0,0,0,1,1,0,0,0,0,0,0,0,0,0,0,a,a,0,0,0,0,0,0,0,0,1,1,1,0,0,0,0,0,0,0,0,0,0,i,i,0,0,0,2,2,2,2,1,2,2,1,2,5,5,2,i,0,0,0,1,0,0,0,0,0,0,0,i,0,0,0,0,3,4,3,3,3,1,2,2,1,2,2,2,2,2,2,2,2,1,2,2,i,2,2,3,3,0,0,0,0,1,0,1,0,i,i,i,0,0,0,0,0,0,0,1,0,1,0,1,0,0,i,0,0,0,2,3,3,3,3,3,3,3,0,0,0,0,0,0,0,0,0,0,0,0,0,0,1,0,0,0,0,0,1,0,0,0,0,0,1,0,0,0,0,0,3,3,3,2,2,2,2,2,2,2,1,1,2,3,2,2,3,2,3,4,3,3,3,4,3,4,0,0,0,0,1,0,0,0,1,1,0,0,0,0,2,i,i,i,i,i,i,i,i,i,i,i,i,i,i,i,i,i,i,i,i,i,i,i,i,i,i,i,i,i,i,i,i,i,i,i,i,i,1,0,0,0,0,0,0,0,0,1,0,1,0,0,0,1,2,0,1,0,1,0,0,0,0,2,1,29,2,17,2,3,3,3,18,4,0,0,0,0,1,0,0,i,i,i,i,i,i,i,i,i,i,i,i,i,i,i,i,i,i,i,i,i,i,i,i,i,i,i,i,i,i,1,0,0,0,0,1,3,1,2,2,0,0,1,1,2,1,2,1,1,1,0,0,0,1,0,0,0,6,i,6,3,2,2,2,2,i,i,2,i,i,i,i,i,a,a,i,a,9,12,16,40,17,20,40,1,3,1,1,i,i,1,i,i,i,i,i,i,i,i,i,i,i,i,i,6,2,1
6291,doi:10.4232/1.12497,1.0.0 (2016-04-22),1,1,84,14000084,14166,14,3,TN,0.997774,1.377675,0.0,1.189387,1.499454,0.0,0.0,2,2,2,2,2,3,3,3,3,3,3,2,2,3,3,3,7,1,0,0,0,0,0,0,1,0,0,0,0,0,0,0,0,0,0,a,a,0,0,0,1,0,0,0,0,0,1,1,0,0,0,0,0,0,0,0,0,0,i,i,0,0,0,2,2,1,1,2,4,2,2,2,4,2,1,2,1,0,0,0,0,0,0,0,1,0,0,i,0,0,0,0,3,3,2,3,2,1,2,2,1,1,1,1,2,2,1,2,1,1,1,2,i,1,1,3,3,1,1,0,0,0,0,0,0,i,i,i,0,0,0,0,0,0,0,1,1,0,0,0,0,0,i,0,0,0,3,3,3,2,3,3,4,4,0,1,0,0,0,0,0,0,0,0,0,1,0,0,0,0,0,0,0,0,0,0,0,0,0,0,0,0,0,0,0,1,2,2,2,2,2,2,2,1,2,2,2,2,2,3,3,3,2,2,2,3,3,3,3,2,3,3,1,0,0,0,1,0,0,0,1,0,0,0,0,0,2,i,i,i,i,i,i,i,i,i,i,i,i,i,i,i,i,i,i,i,i,i,i,i,i,i,i,i,i,i,i,i,i,i,i,i,i,i,0,1,0,0,0,0,0,1,0,0,0,0,0,0,0,1,1,0,0,0,1,0,0,0,0,1,1,23,1,16,2,3,3,3,19,i,0,0,0,0,1,0,0,i,i,i,i,i,i,i,i,i,i,i,i,i,i,i,i,i,i,i,i,i,i,i,i,i,i,i,i,i,i,0,0,0,1,0,0,4,2,5,4,0,0,0,0,2,1,2,1,1,1,1,1,0,0,0,0,0,1,i,1,3,1,2,2,1,i,i,2,i,1,i,i,3,a,a,i,a,9,12,14,5,14,45,40,1,1,1,1,i,i,1,i,i,i,i,i,i,i,i,i,i,i,i,i,9,9,1
6291,doi:10.4232/1.12497,1.0.0 (2016-04-22),1,1,85,14000085,14167,14,3,TN,0.997774,1.377675,0.0,1.189387,1.499454,0.0,0.0,2,3,3,3,4,2,2,3,2,5,2,3,3,3,3,3,7,0,0,0,0,0,1,0,0,0,0,0,0,0,0,0,0,0,0,a,a,0,0,0,0,0,0,0,0,1,1,0,0,0,0,0,0,0,0,0,0,0,i,i,0,0,0,2,3,1,3,1,2,2,2,2,4,2,1,2,1,1,0,0,0,0,0,0,1,0,0,i,0,0,0,0,3,3,3,3,3,2,2,2,2,1,1,1,2,2,1,2,1,1,1,2,i,1,1,3,3,0,1,0,0,0,0,0,0,i,i,i,0,0,0,0,0,0,0,0,0,0,0,1,0,0,i,0,0,0,2,2,2,2,4,4,4,4,0,1,0,1,0,0,0,0,0,0,0,1,0,0,0,0,0,1,1,0,0,0,0,0,0,0,0,0,0,0,0,0,2,2,2,2,1,2,2,1,2,2,2,2,2,3,3,2,2,2,3,3,3,2,2,3,2,2,1,1,1,0,0,0,0,0,0,0,0,0,0,0,2,i,i,i,i,i,i,i,i,i,i,i,i,i,i,i,i,i,i,i,i,i,i,i,i,i,i,i,i,i,i,i,i,i,i,i,i,i,1,0,0,0,0,0,0,1,0,0,0,0,0,0,0,1,1,0,1,0,1,0,0,0,0,1,1,18,1,0,5,3,2,2,19,i,0,0,0,0,1,0,0,i,i,i,i,i,i,i,i,i,i,i,i,i,i,i,i,i,i,i,i,i,i,i,i,i,i,i,i,i,i,0,0,0,1,0,0,5,2,4,4,0,0,0,0,2,1,2,1,1,1,1,1,0,0,0,0,0,1,i,1,3,1,2,2,1,i,i,2,i,1,i,i,1,a,a,i,a,9,12,12,5,13,30,40,1,1,1,1,i,i,1,i,i,i,i,i,i,i,i,i,i,i,i,i,9,9,1
6291,doi:10.4232/1.12497,1.0.0 (2016-04-22),1,1,86,14000086,14168,14,3,TN,0.997774,1.377675,0.0,1.189387,1.499454,0.0,0.0,2,2,2,2,2,2,2,4,3,3,3,2,3,3,2,3,7,0,0,0,0,0,0,0,1,0,0,0,0,0,0,0,0,1,0,a,a,0,0,0,0,0,0,0,0,0,1,1,0,0,0,0,0,0,0,0,1,0,i,i,0,0,0,2,2,1,2,2,2,2,2,2,4,2,1,2,1,0,0,0,0,0,0,0,0,0,0,i,0,0,0,0,2,3,4,3,3,1,2,2,1,1,2,1,2,2,1,2,2,2,1,1,i,2,1,3,3,0,1,0,0,0,0,0,0,i,i,i,1,0,0,0,0,0,0,0,0,0,0,0,0,0,i,0,0,1,4,4,3,2,2,4,4,4,0,1,0,1,0,0,1,0,0,0,0,1,1,0,0,0,0,0,0,0,0,0,0,0,0,0,0,0,0,0,0,1,2,2,2,2,2,2,2,2,2,2,2,2,2,2,2,3,3,3,2,2,2,2,3,2,2,4,1,0,1,0,0,1,0,0,0,0,0,0,0,0,2,i,i,i,i,i,i,i,i,i,i,i,i,i,i,i,i,i,i,i,i,i,i,i,i,i,i,i,i,i,i,i,i,i,i,i,i,i,1,1,0,0,0,0,0,1,0,0,0,0,0,0,0,1,2,0,1,0,1,0,0,0,0,2,1,24,1,0,5,3,2,2,19,i,0,0,0,0,1,0,0,i,i,i,i,i,i,i,i,i,i,i,i,i,i,i,i,i,i,i,i,i,i,i,i,i,i,i,i,i,i,0,0,0,1,0,0,10,3,6,4,0,0,0,0,2,1,2,1,1,1,1,1,0,0,0,0,0,1,i,1,3,1,2,2,2,i,i,2,i,1,i,i,i,a,a,i,a,9,12,10,0,10,40,40,1,1,1,1,i,i,1,i,i,i,i,i,i,i,i,i,i,i,i,i,9,9,1
6291,doi:10.4232/1.12497,1.0.0 (2016-04-22),1,1,87,14000087,14169,14,3,TN,0.88508,1.377675,0.0,1.189387,1.499454,0.0,0.0,2,2,2,2,2,3,3,3,3,3,3,2,2,3,2,3,7,1,0,0,1,0,1,0,0,0,0,0,0,0,0,0,0,0,0,a,a,0,0,0,1,0,0,1,0,1,1,0,0,0,0,0,0,0,0,0,0,0,i,i,0,0,0,2,2,1,2,2,2,2,2,2,3,2,1,2,1,0,0,1,0,0,0,0,1,0,0,i,0,0,0,0,2,3,2,3,3,1,2,2,1,1,1,1,2,2,1,2,1,1,1,2,i,1,1,3,3,0,1,0,0,0,0,0,1,i,i,i,1,0,0,0,0,0,0,0,0,1,0,1,0,0,i,0,0,0,2,2,2,1,4,4,4,2,1,1,1,0,1,0,0,0,0,0,0,0,1,0,0,0,0,1,0,1,0,0,0,0,0,0,0,0,0,0,0,0,2,2,2,2,1,2,1,1,2,2,2,2,2,3,3,2,2,2,2,2,2,2,3,2,3,3,1,1,1,0,0,0,0,0,0,0,0,0,0,0,2,i,i,i,i,i,i,i,i,i,i,i,i,i,i,i,i,i,i,i,i,i,i,i,i,i,i,i,i,i,i,i,i,i,i,i,i,i,1,1,0,0,0,0,0,1,0,0,0,0,0,0,0,1,1,0,0,0,1,0,0,0,0,1,1,26,2,0,5,3,3,3,19,i,0,0,0,0,1,0,0,i,i,i,i,i,i,i,i,i,i,i,i,i,i,i,i,i,i,i,i,i,i,i,i,i,i,i,i,i,i,1,0,0,0,0,1,5,3,3,3,0,0,0,0,2,1,2,1,1,1,1,1,0,0,0,0,0,1,i,1,3,1,2,2,2,i,i,2,i,1,i,i,i,a,a,i,a,9,12,11,15,11,50,35,1,1,1,1,i,i,1,i,i,i,i,i,i,i,i,i,i,i,i,i,9,9,1
6291,doi:10.4232/1.12497,1.0.0 (2016-04-22),1,1,88,14000088,14170,14,3,TN,0.891373,1.377675,0.0,1.189387,1.499454,0.0,0.0,3,1,1,2,1,2,1,4,3,2,2,2,3,3,2,3,4,1,0,0,0,0,0,0,0,0,0,0,0,0,0,1,0,0,0,a,a,0,0,0,1,0,0,1,0,0,0,0,0,0,0,0,0,0,1,0,0,0,i,i,0,0,0,1,2,2,2,2,2,2,1,2,4,3,1,2,1,0,0,0,1,0,0,0,0,0,0,i,0,0,0,0,3,2,2,2,2,1,1,1,2,2,1,1,1,1,1,1,1,1,2,1,i,1,1,3,2,1,1,0,0,0,0,0,0,i,i,i,0,0,0,0,0,0,0,1,1,1,0,0,0,0,i,0,0,0,2,4,2,2,2,4,2,2,1,1,1,0,0,0,0,0,0,0,0,0,0,0,0,0,1,1,0,0,0,0,0,0,0,0,0,0,0,0,0,0,3,2,2,3,1,2,2,1,2,2,1,1,2,2,2,2,2,3,4,4,3,2,2,4,4,1,1,0,1,0,0,0,0,1,0,0,0,0,0,0,2,i,i,i,i,i,i,i,i,i,i,i,i,i,i,i,i,i,i,i,i,i,i,i,i,i,i,i,i,i,i,i,i,i,i,i,i,i,0,1,0,0,0,0,0,0,0,0,1,0,0,0,0,1,2,1,1,1,0,0,0,0,0,2,2,40,3,27,3,1,12,6,i,i,0,0,0,0,1,0,0,i,i,i,i,i,i,i,i,i,i,i,i,i,i,i,i,i,i,i,i,i,i,i,i,i,i,i,i,i,i,1,0,0,0,0,1,6,3,2,2,2,2,0,0,2,1,2,1,0,0,1,0,1,0,1,0,0,5,5,6,2,2,2,2,2,i,i,2,i,i,i,i,i,a,a,i,a,9,12,12,10,12,40,30,1,1,1,1,i,i,1,i,i,i,i,i,i,i,i,i,i,i,i,i,5,1,1
6291,doi:10.4232/1.12497,1.0.0 (2016-04-22),1,1,89,14000089,14171,14,3,TN,1.036446,1.377675,0.0,1.189387,1.499454,0.0,0.0,1,2,2,2,2,2,2,3,3,2,2,1,1,1,2,1,3,0,0,0,0,0,1,1,0,0,0,0,0,0,0,0,0,0,0,a,a,0,0,0,0,0,1,0,0,1,1,0,0,0,0,0,0,0,0,0,0,0,i,i,0,0,0,2,2,1,2,1,1,1,1,2,3,2,2,i,0,0,0,1,0,0,0,0,1,0,0,i,0,0,0,0,2,3,2,3,3,1,2,2,2,1,2,2,1,1,1,1,1,1,1,1,i,1,1,2,2,1,0,0,0,0,0,0,1,i,i,i,0,0,0,1,0,0,0,1,1,0,1,0,0,0,i,0,0,0,2,2,2,2,2,2,2,2,0,0,1,0,1,0,0,0,0,0,0,0,1,0,0,0,0,0,0,0,0,0,1,0,0,0,0,1,0,0,0,0,4,2,2,1,2,2,2,1,1,2,1,2,2,2,2,1,1,2,2,4,3,2,3,3,2,4,0,1,0,1,0,0,1,0,0,0,0,0,0,0,2,i,i,i,i,i,i,i,i,i,i,i,i,i,i,i,i,i,i,i,i,i,i,i,i,i,i,i,i,i,i,i,i,i,i,i,i,i,1,1,0,0,0,0,0,0,0,0,0,0,0,0,0,2,1,0,1,0,1,1,0,0,0,1,1,26,2,17,2,3,3,3,19,i,0,0,0,0,1,0,0,i,i,i,i,i,i,i,i,i,i,i,i,i,i,i,i,i,i,i,i,i,i,i,i,i,i,i,i,i,i,1,0,0,0,0,1,3,2,8,4,0,0,0,0,1,1,3,1,0,0,1,1,0,0,0,0,0,1,i,5,2,1,2,2,2,i,i,2,i,1,i,i,i,a,a,i,a,9,12,11,2,11,38,36,1,2,1,1,i,i,1,i,i,i,i,i,i,i,i,i,i,i,i,i,5,1,1
6291,doi:10.4232/1.12497,1.0.0 (2016-04-22),1,1,90,14000090,14172,14,3,TN,0.812886,1.377675,0.0,1.189387,1.499454,0.0,0.0,2,2,1,1,1,4,3,4,3,1,2,1,3,3,2,3,7,0,0,1,1,0,0,0,0,0,0,0,0,0,0,0,0,0,0,a,a,0,0,0,0,0,1,1,0,0,1,0,0,0,0,0,0,0,0,0,0,0,i,i,0,0,0,2,1,1,1,1,3,2,2,2,1,3,2,i,1,1,0,1,0,0,0,0,0,0,0,i,0,0,0,0,2,1,1,1,1,1,1,2,1,1,2,1,1,1,1,2,1,2,1,2,i,2,2,1,1,0,1,0,0,0,0,0,0,i,i,i,1,0,0,0,0,0,0,0,1,1,0,0,0,1,i,0,0,0,2,3,1,2,4,4,4,4,1,1,0,1,0,0,0,0,1,0,0,0,0,0,0,0,1,1,0,0,0,0,0,0,0,0,0,0,0,0,0,0,4,4,3,1,1,1,2,2,2,2,2,1,1,2,2,1,2,2,2,3,3,1,1,1,4,4,1,0,1,0,0,0,1,0,0,0,0,0,0,0,2,i,i,i,i,i,i,i,i,i,i,i,i,i,i,i,i,i,i,i,i,i,i,i,i,i,i,i,i,i,i,i,i,i,i,i,i,i,0,0,0,0,0,0,0,0,0,0,0,1,0,0,0,1,1,0,1,0,1,0,0,0,0,2,1,63,4,26,3,1,4,4,16,4,0,0,0,0,1,0,0,i,i,i,i,i,i,i,i,i,i,i,i,i,i,i,i,i,i,i,i,i,i,i,i,i,i,i,i,i,i,1,0,0,0,0,1,6,3,3,3,0,0,0,0,1,1,3,1,1,0,1,0,1,1,0,0,0,5,i,6,3,2,2,2,2,i,i,2,i,i,i,i,i,a,a,i,a,9,12,12,45,13,24,39,1,1,1,1,i,i,1,i,i,i,i,i,i,i,i,i,i,i,i,i,5,1,1
6291,doi:10.4232/1.12497,1.0.0 (2016-04-22),1,1,91,14000091,14173,14,3,TN,1.036446,1.377675,0.0,1.189387,1.499454,0.0,0.0,2,2,2,2,2,4,4,3,3,4,3,2,2,1,2,2,3,0,0,0,0,0,1,1,0,0,0,0,0,0,0,0,0,0,0,a,a,0,0,0,0,0,1,0,0,1,1,0,0,0,0,0,0,0,0,0,0,0,i,i,0,0,0,2,2,1,2,2,3,2,2,2,2,2,1,2,1,0,0,1,0,0,0,1,0,0,0,i,0,0,0,0,2,3,2,2,2,1,2,2,2,1,2,1,1,1,2,1,1,1,2,1,i,1,1,2,3,0,1,1,1,0,0,0,0,i,i,i,0,0,0,0,0,0,0,1,1,1,0,0,0,0,i,0,0,0,3,3,2,2,2,4,2,2,1,1,0,0,0,0,0,0,0,0,0,0,0,0,0,0,0,0,1,0,0,0,0,0,0,0,0,1,0,0,0,0,3,3,3,3,1,1,2,2,2,2,1,1,2,4,3,1,2,2,2,3,3,1,2,3,3,3,1,1,0,0,0,0,0,0,1,0,0,0,0,0,1,2,i,i,i,i,1,2,1,4,0,0,1,0,0,0,0,0,0,0,0,0,0,1,0,0,1,0,0,0,0,0,0,0,0,0,0,1,1,1,0,0,0,0,0,0,0,0,0,0,0,0,0,1,1,0,0,0,1,1,0,0,0,1,1,30,2,17,2,3,18,8,i,i,0,0,0,0,1,0,0,i,i,i,i,i,i,i,i,i,i,i,i,i,i,i,i,i,i,i,i,i,i,i,i,i,i,i,i,i,i,1,0,0,0,0,1,2,1,4,4,1,1,0,0,2,1,2,1,0,0,1,1,0,0,0,0,0,1,6,5,2,1,2,2,2,i,i,2,i,1,i,i,i,a,a,i,a,9,12,13,50,14,22,32,1,3,1,1,i,i,1,i,i,i,i,i,i,i,i,i,i,i,i,i,5,1,1
6291,doi:10.4232/1.12497,1.0.0 (2016-04-22),1,1,92,14000092,14174,14,3,TN,1.036446,1.377675,0.0,1.189387,1.499454,0.0,0.0,1,2,2,1,2,1,1,3,3,1,2,3,3,3,3,3,8,1,0,1,1,0,0,1,0,0,0,0,0,0,0,0,0,0,0,a,a,0,0,0,1,0,1,1,0,0,1,1,0,0,0,0,0,0,0,0,0,0,i,i,0,0,0,2,2,1,1,1,3,2,2,2,1,1,1,2,0,1,0,1,0,1,0,1,1,1,1,i,0,0,0,0,1,1,1,1,2,1,1,1,1,1,1,1,1,1,1,1,1,1,1,1,i,1,1,1,1,0,1,1,0,0,0,0,1,i,i,i,0,0,0,0,0,0,0,1,1,1,0,0,0,0,i,0,0,0,3,3,3,2,1,4,1,1,0,0,0,0,1,0,1,1,0,0,1,1,0,0,0,0,0,0,0,0,0,1,0,0,1,0,0,0,0,0,0,0,2,2,1,1,1,1,1,1,2,2,1,1,2,3,3,2,2,2,2,2,2,2,2,2,2,3,0,0,0,1,0,0,1,1,0,0,0,0,0,0,1,16,i,i,i,i,1,1,1,1,0,0,0,0,0,0,0,0,0,0,1,0,0,0,0,0,0,0,0,0,0,0,0,0,0,1,0,2,0,1,0,0,0,0,0,1,1,0,0,0,0,0,0,1,1,1,1,1,0,0,0,0,0,1,1,30,2,18,2,3,8,5,i,i,0,0,0,0,1,0,0,i,i,i,i,i,i,i,i,i,i,i,i,i,i,i,i,i,i,i,i,i,i,i,i,i,i,i,i,i,i,1,0,0,0,0,1,10,3,4,4,0,0,0,0,1,1,3,1,1,1,1,1,1,1,0,0,0,1,1,5,3,1,2,2,1,i,i,2,i,1,i,i,2,a,a,i,a,9,12,10,13,10,54,41,1,1,1,1,i,i,1,i,i,i,i,i,i,i,i,i,i,i,i,i,23,3,1
6291,doi:10.4232/1.12497,1.0.0 (2016-04-22),1,1,93,14000093,14175,14,3,TN,0.812886,1.377675,0.0,1.189387,1.499454,0.0,0.0,2,2,1,3,2,2,2,2,3,2,2,1,3,3,2,3,7,0,0,1,0,0,1,0,0,0,0,0,0,0,0,0,0,0,0,a,a,0,0,0,0,0,1,0,0,1,1,0,0,0,0,0,0,0,0,0,0,0,i,i,0,0,0,1,2,1,2,1,3,2,2,2,4,2,2,i,0,1,1,0,0,0,0,0,0,0,0,i,0,0,0,0,2,2,2,3,1,1,1,1,1,2,2,2,1,2,2,1,2,1,2,1,i,1,1,2,2,0,1,0,1,0,0,0,0,i,i,i,0,0,0,0,0,0,0,1,1,0,1,0,0,0,i,0,0,0,1,4,1,1,2,4,1,2,1,0,1,1,0,0,1,0,0,0,0,0,0,0,0,0,1,0,0,0,1,0,0,0,0,0,0,0,0,0,0,0,4,4,4,2,1,2,2,2,1,1,2,2,2,3,3,2,1,2,1,2,2,2,1,1,1,4,1,0,0,1,1,0,0,0,0,0,0,0,0,0,2,i,i,i,i,i,i,i,i,i,i,i,i,i,i,i,i,i,i,i,i,i,i,i,i,i,i,i,i,i,i,i,i,i,i,i,i,i,1,1,0,0,0,0,0,1,0,0,0,0,0,0,0,2,1,0,0,1,1,0,0,0,0,1,1,60,4,26,3,1,4,4,12,2,0,0,0,0,1,0,0,i,i,i,i,i,i,i,i,i,i,i,i,i,i,i,i,i,i,i,i,i,i,i,i,i,i,i,i,i,i,1,0,0,0,0,1,5,3,5,4,0,0,0,0,1,1,3,1,0,0,1,1,1,1,0,0,0,5,i,7,2,2,2,2,2,i,i,2,i,i,i,i,i,a,a,i,a,9,12,14,30,14,59,29,1,1,1,1,i,i,1,i,i,i,i,i,i,i,i,i,i,i,i,i,5,1,1
6291,doi:10.4232/1.12497,1.0.0 (2016-04-22),1,1,94,14000094,14176,14,3,TN,1.028575,1.377675,0.0,1.189387,1.499454,0.0,0.0,2,2,2,1,2,3,3,3,3,2,2,2,1,1,3,1,1,0,0,1,0,0,1,1,1,0,0,0,1,1,0,1,0,1,0,a,a,0,0,0,1,0,1,0,0,1,1,1,0,0,0,1,1,0,1,0,1,0,i,i,0,0,0,2,2,1,1,1,2,2,2,2,2,2,3,i,0,0,1,1,0,1,0,0,1,1,0,i,0,0,0,0,2,2,1,2,5,1,2,2,2,1,1,1,2,2,2,1,1,1,1,1,i,1,1,2,2,0,1,1,0,0,0,0,0,i,i,i,0,0,0,0,0,0,0,1,1,0,0,0,0,0,i,0,0,0,3,3,2,2,1,2,2,2,0,0,1,0,1,0,0,0,0,0,0,1,0,0,0,0,0,0,0,1,0,0,1,0,0,0,0,0,0,0,0,0,3,3,2,1,1,2,2,1,2,2,2,1,2,3,3,3,3,3,3,2,2,3,4,2,3,3,0,0,0,1,1,0,0,1,0,0,0,0,0,0,2,i,i,i,i,i,i,i,i,i,i,i,i,i,i,i,i,i,i,i,i,i,i,i,i,i,i,i,i,i,i,i,i,i,i,i,i,i,0,1,0,0,0,0,0,0,0,1,1,0,0,0,0,1,1,1,1,0,1,0,0,0,0,2,2,25,2,21,3,3,3,3,19,i,0,0,0,0,1,0,0,i,i,i,i,i,i,i,i,i,i,i,i,i,i,i,i,i,i,i,i,i,i,i,i,i,i,i,i,i,i,1,0,0,0,0,1,10,3,5,4,0,0,0,0,2,1,2,1,1,1,1,1,0,0,1,0,0,1,i,4,3,1,2,2,2,i,i,2,i,1,i,i,i,a,a,i,a,9,12,14,59,15,37,38,1,1,1,1,i,i,1,i,i,i,i,i,i,i,i,i,i,i,i,i,23,3,1
6291,doi:10.4232/1.12497,1.0.0 (2016-04-22),1,1,96,14000096,14177,14,3,TN,0.997774,1.377675,0.0,1.189387,1.499454,0.0,0.0,1,2,2,1,2,1,1,3,3,2,2,3,1,1,3,3,3,1,0,0,1,0,0,1,1,0,0,0,1,1,0,0,0,0,0,a,a,0,0,0,1,0,1,1,0,0,1,1,0,0,0,1,1,0,0,0,0,0,i,i,0,0,0,2,2,1,4,1,3,2,2,2,1,1,1,2,0,1,0,1,0,1,0,0,1,1,0,i,0,0,0,0,2,2,2,1,2,1,2,1,1,1,1,1,2,1,1,1,1,1,1,1,i,1,1,1,2,0,1,1,0,0,0,0,0,i,i,i,0,0,0,0,0,0,0,0,1,1,0,0,0,0,i,0,0,0,3,3,3,2,1,4,1,1,0,0,0,0,1,0,0,1,0,0,1,1,0,0,0,0,0,0,0,1,0,0,1,0,0,0,0,0,0,0,0,0,2,2,1,1,1,1,3,1,2,2,2,1,2,4,3,2,2,2,2,2,2,2,2,2,3,3,0,0,0,1,0,0,1,1,0,0,0,0,0,0,2,i,i,i,i,i,i,i,i,i,i,i,i,i,i,i,i,i,i,i,i,i,i,i,i,i,i,i,i,i,i,i,i,i,i,i,i,i,0,1,0,0,0,0,0,1,1,0,0,0,0,0,0,1,1,0,1,1,1,0,0,0,0,1,1,20,1,0,5,3,2,2,8,1,0,0,0,0,1,0,0,i,i,i,i,i,i,i,i,i,i,i,i,i,i,i,i,i,i,i,i,i,i,i,i,i,i,i,i,i,i,1,0,0,0,0,1,8,3,5,4,1,1,0,0,1,1,3,1,1,1,1,1,1,1,0,0,0,1,i,4,3,1,1,2,1,i,i,2,i,1,4,i,3,a,a,i,a,9,12,13,45,14,27,42,1,1,1,1,i,i,1,i,i,i,i,i,i,i,i,i,i,i,i,i,23,3,1
6291,doi:10.4232/1.12497,1.0.0 (2016-04-22),1,1,97,14000097,14178,14,3,TN,1.036446,1.377675,0.0,1.189387,1.499454,0.0,0.0,2,2,1,1,1,1,1,4,3,2,3,1,1,3,2,1,5,0,0,0,0,0,0,1,1,0,0,0,0,0,0,0,0,0,0,a,a,0,0,0,0,0,0,0,1,0,1,1,0,0,0,0,0,0,0,0,0,0,i,i,0,0,0,2,2,1,2,1,1,2,1,1,1,2,1,2,1,1,0,0,0,0,0,0,0,0,0,i,0,0,0,0,2,1,2,3,2,1,2,2,2,1,1,1,1,1,2,1,1,1,1,1,i,1,1,2,2,1,1,0,0,0,0,0,0,i,i,i,0,0,0,0,0,0,0,1,0,0,0,0,0,0,i,0,0,0,1,4,2,2,2,4,2,2,1,1,1,0,0,0,0,0,0,0,1,1,0,0,0,0,0,0,0,0,0,0,0,0,0,0,0,1,0,0,0,0,4,4,4,2,2,2,2,2,1,1,1,1,2,2,2,1,1,1,1,2,2,1,2,2,3,3,1,0,0,0,1,0,0,1,0,0,0,0,0,0,2,i,i,i,i,i,i,i,i,i,i,i,i,i,i,i,i,i,i,i,i,i,i,i,i,i,i,i,i,i,i,i,i,i,i,i,i,i,1,1,0,0,0,0,0,0,0,0,0,1,0,0,0,1,1,0,0,0,1,0,0,0,0,1,1,26,2,17,2,3,18,8,i,i,0,0,0,0,1,0,0,i,i,i,i,i,i,i,i,i,i,i,i,i,i,i,i,i,i,i,i,i,i,i,i,i,i,i,i,i,i,1,0,0,0,0,1,6,2,7,4,0,0,0,0,1,1,3,1,1,0,1,1,0,0,0,0,0,1,1,1,2,1,2,2,2,i,i,2,i,1,i,i,i,a,a,i,a,9,12,15,2,15,39,37,1,3,1,1,i,i,1,i,i,i,i,i,i,i,i,i,i,i,i,i,5,1,1
6291,doi:10.4232/1.12497,1.0.0 (2016-04-22),1,1,99,14000099,14179,14,3,TN,1.036446,1.377675,0.0,1.189387,1.499454,0.0,0.0,2,2,2,2,2,2,2,3,3,2,2,2,1,1,3,1,6,1,0,1,0,1,0,1,1,0,0,0,1,0,0,1,0,1,0,a,a,0,0,0,1,0,1,0,1,1,1,1,0,0,0,1,0,0,1,0,1,0,i,i,0,0,0,2,2,1,1,1,2,2,2,2,2,2,3,i,0,0,1,1,0,1,0,0,1,1,0,i,0,0,0,0,2,2,1,2,5,1,2,2,2,1,1,2,2,1,1,1,1,1,1,1,i,1,1,2,2,0,1,0,0,0,0,0,0,i,i,i,0,0,0,0,0,0,0,1,1,0,0,0,0,0,i,0,0,0,4,4,2,2,2,2,2,2,0,1,0,0,1,0,0,0,0,0,1,1,0,0,0,0,0,0,1,0,0,0,1,0,0,0,0,0,0,0,0,0,3,3,2,2,1,2,2,1,2,2,2,1,2,3,3,3,3,3,3,2,2,3,4,2,3,3,0,0,0,1,1,0,0,1,0,0,0,0,0,0,2,i,i,i,i,i,i,i,i,i,i,i,i,i,i,i,i,i,i,i,i,i,i,i,i,i,i,i,i,i,i,i,i,i,i,i,i,i,0,1,0,0,0,0,0,0,1,1,0,0,0,0,0,1,1,0,1,0,1,0,0,0,0,2,1,28,2,22,3,3,12,6,i,i,0,0,0,0,1,0,0,i,i,i,i,i,i,i,i,i,i,i,i,i,i,i,i,i,i,i,i,i,i,i,i,i,i,i,i,i,i,1,1,0,0,0,1,8,3,5,4,0,0,0,0,2,1,2,1,1,0,1,1,0,1,0,0,0,2,6,5,3,1,2,2,2,i,i,2,i,1,i,i,i,a,a,i,a,9,12,11,30,12,10,40,1,1,1,1,i,i,1,i,i,i,i,i,i,i,i,i,i,i,i,i,23,3,1
6291,doi:10.4232/1.12497,1.0.0 (2016-04-22),1,1,100,14000100,14180,14,3,TN,0.997774,1.377675,0.0,1.189387,1.499454,0.0,0.0,1,2,2,2,2,2,2,4,2,2,2,2,1,1,1,1,6,0,0,0,0,0,0,1,1,0,0,0,0,0,0,0,0,0,0,a,a,0,0,0,0,0,0,0,0,1,1,1,0,0,0,0,0,0,0,0,0,0,i,i,0,0,0,2,2,1,1,1,3,2,2,2,2,2,1,2,0,0,0,0,0,0,0,0,1,1,0,i,0,0,0,0,2,3,2,2,2,1,2,1,2,1,1,1,1,1,1,1,1,1,1,1,i,1,1,2,2,1,1,0,0,0,0,0,0,i,i,i,0,0,0,0,0,0,0,1,1,1,0,0,0,0,i,0,0,0,2,4,2,2,3,4,2,2,0,0,0,1,0,0,0,0,0,0,0,1,1,0,0,0,0,0,0,0,0,0,0,0,0,0,0,1,1,0,0,0,3,3,3,1,1,1,2,2,1,1,2,2,2,2,2,2,2,1,1,2,2,2,2,3,3,3,0,0,0,0,1,0,0,1,0,0,1,0,0,0,1,13,i,i,i,i,2,1,1,1,0,0,0,0,0,0,0,0,1,0,0,0,0,0,0,0,1,0,0,0,0,0,0,0,0,0,0,1,0,1,0,0,0,0,0,1,0,0,1,0,0,0,0,1,1,0,1,0,1,1,0,0,0,1,1,18,1,0,5,3,2,2,19,i,0,0,0,0,1,0,0,i,i,i,i,i,i,i,i,i,i,i,i,i,i,i,i,i,i,i,i,i,i,i,i,i,i,i,i,i,i,1,0,0,0,0,1,6,3,6,4,0,0,0,0,1,1,3,1,1,1,1,1,1,1,0,0,0,1,i,2,2,1,2,2,2,i,i,2,i,1,i,i,i,a,a,i,a,10,12,13,55,14,20,25,1,2,1,1,i,i,1,i,i,i,i,i,i,i,i,i,i,i,i,i,42,1,1
6291,doi:10.4232/1.12497,1.0.0 (2016-04-22),1,1,101,14000101,14181,14,3,TN,1.036446,1.377675,0.0,1.189387,1.499454,0.0,0.0,2,2,1,2,2,2,2,3,3,2,2,2,3,1,2,1,7,0,0,0,1,0,1,0,0,0,0,0,0,0,0,0,0,0,0,a,a,0,0,0,0,0,0,1,0,1,1,0,0,0,0,0,0,0,0,0,0,0,i,i,0,0,0,1,2,1,1,1,3,2,2,2,2,2,1,2,0,1,0,1,0,1,0,0,1,0,0,i,0,0,0,0,2,3,2,2,3,1,2,2,2,1,1,2,1,1,2,1,1,1,2,1,i,2,2,2,3,1,0,0,1,0,0,0,0,i,i,i,1,0,0,0,0,0,0,1,1,1,0,0,0,0,i,0,0,0,2,3,2,2,2,4,2,2,0,0,0,1,0,1,0,0,0,0,1,1,1,0,0,0,0,0,0,0,0,1,0,0,0,0,0,1,0,0,0,0,3,3,3,3,2,2,2,2,1,1,1,1,2,2,2,1,1,1,1,2,2,1,2,3,3,3,0,1,0,0,1,0,0,0,1,0,0,0,0,0,2,i,i,i,i,i,i,i,i,i,i,i,i,i,i,i,i,i,i,i,i,i,i,i,i,i,i,i,i,i,i,i,i,i,i,i,i,i,1,1,0,0,0,0,0,0,0,0,0,1,0,0,0,1,1,0,1,0,1,1,0,0,0,1,1,32,2,22,3,1,15,7,i,i,0,0,0,0,1,0,0,i,i,i,i,i,i,i,i,i,i,i,i,i,i,i,i,i,i,i,i,i,i,i,i,i,i,i,i,i,i,1,0,0,0,0,1,6,3,2,2,1,1,0,0,2,1,2,1,0,0,1,1,0,0,0,0,0,3,6,5,3,1,2,2,2,i,i,2,i,3,i,i,i,a,a,i,a,10,12,16,13,16,45,32,1,3,1,1,i,i,1,i,i,i,i,i,i,i,i,i,i,i,i,i,24,1,1
6291,doi:10.4232/1.12497,1.0.0 (2016-04-22),1,1,102,14000102,14182,14,3,TN,1.036446,1.377675,0.0,1.189387,1.499454,0.0,0.0,2,1,1,3,2,1,1,3,2,2,2,3,1,1,3,1,3,0,0,0,1,0,0,1,0,0,0,0,0,0,0,0,0,0,0,a,a,0,0,0,0,0,1,1,0,0,1,0,0,0,0,0,0,0,0,0,0,0,i,i,0,0,0,2,1,1,1,1,2,2,2,2,2,2,1,2,0,0,0,1,0,0,0,0,0,1,0,i,0,0,0,0,1,3,1,1,1,1,2,2,2,2,1,1,1,2,2,1,1,1,2,1,i,2,1,3,3,1,0,0,0,0,0,0,0,i,i,i,0,0,0,0,0,0,0,1,1,1,0,0,0,0,i,0,0,0,1,2,1,1,4,4,3,3,1,1,0,1,1,0,0,0,0,0,1,0,0,0,0,0,1,0,0,0,1,0,0,0,0,0,0,0,0,0,0,0,2,2,2,1,1,1,2,2,2,2,2,2,2,4,4,2,3,3,3,3,3,3,3,3,3,4,1,0,0,0,1,0,0,0,0,1,0,0,0,0,2,i,i,i,i,i,i,i,i,i,i,i,i,i,i,i,i,i,i,i,i,i,i,i,i,i,i,i,i,i,i,i,i,i,i,i,i,i,1,1,1,0,0,0,0,0,0,0,0,0,0,0,0,3,1,0,1,0,1,0,1,0,0,1,1,32,2,23,3,3,8,5,i,i,0,0,0,0,1,0,0,i,i,i,i,i,i,i,i,i,i,i,i,i,i,i,i,i,i,i,i,i,i,i,i,i,i,i,i,i,i,1,0,0,0,0,1,5,3,2,2,0,0,0,0,2,1,2,1,1,1,0,1,1,0,0,0,0,6,2,6,3,1,2,2,1,i,i,2,i,2,i,i,2,a,a,i,a,10,12,11,30,12,4,34,1,1,1,1,i,i,1,i,i,i,i,i,i,i,i,i,i,i,i,i,42,1,1
6291,doi:10.4232/1.12497,1.0.0 (2016-04-22),1,1,103,14000103,14183,14,3,TN,0.99407,1.377675,0.0,1.189387,1.499454,0.0,0.0,3,3,3,3,4,3,3,4,3,4,4,2,2,2,2,2,3,0,0,0,0,0,0,1,1,0,0,0,0,0,0,0,0,0,0,a,a,0,0,0,0,0,1,0,0,0,1,1,0,0,0,0,0,0,0,0,0,0,i,i,0,0,0,2,1,1,1,3,3,2,2,2,2,3,1,2,0,0,0,0,0,0,0,0,0,0,0,i,0,0,1,0,2,3,1,3,3,2,2,2,2,2,1,2,2,1,1,2,2,2,2,1,i,2,1,2,2,0,0,1,0,0,0,0,0,i,i,i,1,0,0,0,0,0,0,1,1,0,1,0,0,0,i,0,0,0,3,4,2,2,4,4,4,3,0,0,0,1,0,0,0,1,0,0,0,0,0,0,0,0,0,0,0,0,0,0,0,0,0,0,0,1,1,0,0,0,4,2,2,3,2,2,2,2,2,1,2,2,1,3,3,4,4,3,2,2,2,1,1,1,4,4,1,0,0,0,0,1,0,0,1,0,0,0,0,0,2,i,i,i,i,i,i,i,i,i,i,i,i,i,i,i,i,i,i,i,i,i,i,i,i,i,i,i,i,i,i,i,i,i,i,i,i,i,0,1,0,0,0,0,0,1,0,0,0,0,0,0,0,1,1,1,0,0,1,0,0,0,0,1,1,52,3,12,1,1,7,5,i,i,0,0,0,0,1,0,0,i,i,i,i,i,i,i,i,i,i,i,i,i,i,i,i,i,i,i,i,i,i,i,i,i,i,i,i,i,i,1,0,0,0,0,1,5,1,2,2,3,3,1,1,2,1,2,1,0,0,0,0,1,1,0,0,0,6,6,6,3,2,2,2,2,i,i,2,i,i,i,i,i,a,a,i,a,9,12,12,40,13,15,35,1,1,1,1,i,i,1,i,i,i,i,i,i,i,i,i,i,i,i,i,42,1,1
6291,doi:10.4232/1.12497,1.0.0 (2016-04-22),1,1,104,14000104,14184,14,3,TN,0.998507,1.377675,0.0,1.189387,1.499454,0.0,0.0,3,3,1,2,2,4,4,3,2,2,3,2,3,2,2,3,7,0,0,0,0,0,0,0,0,0,0,0,0,0,0,0,0,0,0,a,a,0,0,1,0,0,0,0,0,0,1,0,0,0,0,0,0,0,0,0,0,0,i,i,0,0,0,2,2,1,1,1,3,2,2,2,3,3,1,2,1,0,0,0,0,0,0,0,0,1,0,i,0,0,0,0,2,2,2,2,2,1,2,1,1,1,1,1,1,1,1,1,1,1,1,1,i,1,1,2,2,1,1,0,1,0,0,0,0,i,i,i,0,0,0,0,0,0,0,1,1,0,1,0,0,0,i,0,0,0,1,2,1,1,1,1,1,1,0,1,0,0,1,0,0,0,0,0,1,1,0,0,0,0,0,1,0,0,0,0,0,0,0,0,0,1,0,0,0,0,2,1,2,4,1,1,1,1,1,1,1,1,2,2,2,2,2,1,2,2,2,2,2,1,1,3,1,1,0,0,0,0,0,0,0,1,0,0,0,0,2,i,i,i,i,i,i,i,i,i,i,i,i,i,i,i,i,i,i,i,i,i,i,i,i,i,i,i,i,i,i,i,i,i,i,i,i,i,0,1,0,0,0,0,0,0,0,0,0,0,0,0,0,1,1,0,1,0,1,0,0,0,0,2,2,72,4,1,6,5,1,1,19,i,0,0,0,0,1,0,0,i,i,i,i,i,i,i,i,i,i,i,i,i,i,i,i,i,i,i,i,i,i,i,i,i,i,i,i,i,i,1,0,0,0,0,1,5,2,3,3,0,0,0,0,2,2,4,1,0,0,0,0,1,1,0,0,0,6,i,6,2,2,2,2,2,i,i,2,i,i,i,i,i,a,a,i,a,9,12,13,35,13,55,20,1,2,1,1,i,i,1,i,i,i,i,i,i,i,i,i,i,i,i,i,42,1,1
6291,doi:10.4232/1.12497,1.0.0 (2016-04-22),1,1,105,14000105,14185,14,3,TN,1.092289,1.377675,0.0,1.189387,1.499454,0.0,0.0,4,2,2,2,2,4,4,3,3,3,3,1,1,1,1,1,6,1,0,0,1,0,0,0,0,0,0,0,0,0,0,0,0,0,0,a,a,0,0,0,1,0,0,1,0,1,0,0,0,0,0,0,0,0,0,0,0,0,i,i,0,0,0,2,4,1,4,1,1,2,2,2,2,2,1,2,0,1,0,0,0,0,0,0,0,0,0,i,0,0,0,0,4,2,5,3,2,1,2,2,1,1,1,1,2,1,1,1,2,2,1,2,i,2,2,3,4,1,0,0,0,0,0,0,0,i,i,i,0,0,0,0,0,0,0,1,0,0,0,0,0,0,i,0,0,0,2,2,1,2,1,1,5,5,0,0,0,0,0,0,0,0,0,0,0,0,0,0,1,0,0,0,0,0,0,0,0,0,0,0,0,0,0,0,1,0,2,2,2,2,1,1,1,2,2,2,2,2,2,3,3,1,1,2,3,3,1,2,2,3,3,3,0,1,1,0,1,0,0,0,0,0,0,0,0,0,2,i,i,i,i,i,i,i,i,i,i,i,i,i,i,i,i,i,i,i,i,i,i,i,i,i,i,i,i,i,i,i,i,i,i,i,i,i,1,0,0,0,0,0,0,1,0,0,0,0,0,0,0,1,2,0,1,0,0,0,0,0,0,2,2,18,1,0,5,3,2,2,19,i,0,0,0,0,1,0,0,i,i,i,i,i,i,i,i,i,i,i,i,i,i,i,i,i,i,i,i,i,i,i,i,i,i,i,i,i,i,0,0,0,1,0,0,5,2,7,4,0,0,1,1,1,1,3,1,0,0,1,1,1,1,0,0,0,2,i,1,3,1,2,2,2,i,i,2,i,2,i,i,i,a,a,i,a,9,12,12,5,12,50,25,1,2,1,7,i,i,7,i,i,i,i,i,i,i,i,i,i,i,i,i,132,11,1
6291,doi:10.4232/1.12497,1.0.0 (2016-04-22),1,1,106,14000106,14186,14,3,TN,1.042536,1.377675,0.0,1.189387,1.499454,0.0,0.0,4,1,1,2,1,1,1,3,2,3,3,2,3,3,1,3,9,0,0,1,1,0,0,0,0,0,0,0,1,0,0,0,0,0,0,a,a,0,0,0,0,0,1,1,0,0,0,0,1,0,0,1,0,0,0,0,0,0,i,i,0,0,0,2,2,1,1,1,1,2,2,2,3,2,3,i,0,0,0,1,0,1,0,0,0,0,0,i,0,0,0,0,4,2,2,2,2,1,2,2,2,2,2,1,2,2,2,1,1,1,1,2,i,2,1,3,3,0,0,0,0,0,0,0,0,i,i,i,1,0,0,0,0,0,0,0,0,0,0,0,0,1,i,0,0,0,3,3,2,2,2,4,3,3,0,1,0,0,1,0,0,0,0,1,1,1,0,0,0,0,0,0,0,1,0,0,0,0,0,0,0,0,0,0,0,0,2,2,2,2,1,3,3,3,2,1,2,2,1,2,2,1,1,2,3,3,2,1,1,2,3,2,0,0,0,1,0,0,0,1,0,0,0,0,0,0,2,i,i,i,i,i,i,i,i,i,i,i,i,i,i,i,i,i,i,i,i,i,i,i,i,i,i,i,i,i,i,i,i,i,i,i,i,i,0,0,0,0,0,0,0,0,1,0,0,1,0,0,0,1,1,0,1,0,1,0,0,0,0,2,1,54,3,9,1,1,18,8,i,i,0,0,0,0,1,0,0,i,i,i,i,i,i,i,i,i,i,i,i,i,i,i,i,i,i,i,i,i,i,i,i,i,i,i,i,i,i,0,0,0,1,0,0,5,1,4,4,0,0,1,1,2,1,2,1,0,0,0,0,0,0,1,0,0,6,6,6,3,2,2,2,2,i,i,2,i,i,i,i,i,a,a,i,a,8,12,14,55,15,30,35,1,3,1,6,i,i,6,i,i,i,i,i,i,i,i,i,i,i,i,i,126,11,1
6291,doi:10.4232/1.12497,1.0.0 (2016-04-22),1,1,107,14000107,14187,14,3,TN,1.036446,1.377675,0.0,1.189387,1.499454,0.0,0.0,3,3,3,3,4,3,3,1,1,1,2,3,3,3,2,3,7,1,1,1,1,1,1,0,0,0,0,0,1,0,0,0,0,0,0,a,a,0,0,0,1,1,1,1,1,1,1,0,0,0,0,1,0,0,0,0,0,0,i,i,0,0,0,4,2,4,4,1,1,2,1,2,1,2,2,i,0,0,0,0,0,1,0,0,0,0,0,i,0,0,0,0,5,5,2,5,1,1,2,2,1,1,1,1,1,2,1,1,1,1,1,2,i,1,1,3,4,0,0,0,0,0,0,0,0,i,i,i,1,0,1,1,0,0,0,1,1,0,0,0,0,0,i,0,0,0,1,2,1,1,2,1,2,2,0,0,0,1,0,0,0,0,0,0,0,1,0,0,0,0,0,0,0,1,0,0,1,0,0,0,0,0,0,0,0,0,2,2,2,2,2,2,2,2,2,2,2,2,2,2,2,2,2,3,2,2,1,2,3,3,2,3,0,1,1,0,0,0,0,0,1,0,0,0,0,0,2,i,i,i,i,i,i,i,i,i,i,i,i,i,i,i,i,i,i,i,i,i,i,i,i,i,i,i,i,i,i,i,i,i,i,i,i,i,0,0,0,0,0,0,0,0,0,0,0,0,0,1,0,1,2,0,1,0,0,0,0,0,0,2,1,26,2,22,3,3,12,6,i,i,0,0,0,0,1,0,0,i,i,i,i,i,i,i,i,i,i,i,i,i,i,i,i,i,i,i,i,i,i,i,i,i,i,i,i,i,i,0,0,0,1,0,0,5,1,5,4,0,0,0,0,1,1,3,1,0,0,0,0,0,0,1,0,0,6,1,1,3,1,2,2,2,i,i,2,i,1,i,i,i,a,a,i,a,9,12,14,24,14,49,25,1,3,1,1,i,i,1,i,i,i,i,i,i,i,i,i,i,i,i,i,126,11,1
6291,doi:10.4232/1.12497,1.0.0 (2016-04-22),1,1,108,14000108,14188,14,3,TN,0.986361,1.377675,0.0,1.189387,1.499454,0.0,0.0,4,1,1,1,1,2,1,4,4,3,3,4,4,4,4,4,7,0,0,0,0,0,1,0,0,0,0,0,0,0,0,0,0,0,0,a,a,0,0,0,0,0,0,0,0,1,1,0,0,0,0,0,0,0,0,0,0,0,i,i,0,0,0,4,4,4,4,5,5,1,1,1,6,6,3,i,1,1,0,1,0,0,0,0,1,1,0,i,0,0,0,0,5,5,5,5,5,1,1,1,1,1,2,1,3,3,3,3,3,3,2,1,i,2,1,5,5,0,0,0,0,0,0,0,0,i,i,i,0,0,0,0,0,0,1,0,0,0,0,0,0,0,i,0,0,1,2,2,2,2,2,2,2,2,1,0,0,0,1,1,1,0,1,0,0,0,0,0,0,0,0,0,0,0,0,0,0,0,0,0,1,1,0,0,0,0,3,1,1,5,2,2,3,3,1,3,3,3,3,1,3,2,2,5,5,2,3,3,2,1,1,1,1,0,0,0,0,0,0,1,0,0,1,0,0,0,2,i,i,i,i,i,i,i,i,i,i,i,i,i,i,i,i,i,i,i,i,i,i,i,i,i,i,i,i,i,i,i,i,i,i,i,i,i,1,1,1,0,0,0,0,0,0,0,0,0,0,0,0,1,3,0,0,0,0,0,0,0,1,4,2,47,3,1,6,3,18,8,i,i,0,0,0,0,1,0,0,i,i,i,i,i,i,i,i,i,i,i,i,i,i,i,i,i,i,i,i,i,i,i,i,i,i,i,i,i,i,1,0,0,0,0,1,4,1,3,3,0,0,0,0,2,1,2,1,0,0,0,0,0,0,0,0,0,6,6,6,2,2,2,2,2,i,i,2,i,i,i,i,i,a,a,i,a,9,12,13,38,14,6,29,1,2,2,1,i,i,1,i,i,i,i,i,i,i,i,i,i,i,i,i,56,8,1
6291,doi:10.4232/1.12497,1.0.0 (2016-04-22),1,1,109,14000109,14189,14,3,TN,1.10244,1.377675,0.0,1.189387,1.499454,0.0,0.0,4,2,2,2,2,1,1,4,3,5,2,1,1,1,1,1,6,0,0,1,0,0,0,0,1,0,0,1,1,1,1,0,1,1,1,a,a,0,0,0,0,0,1,0,0,1,0,1,0,0,1,1,1,1,0,1,1,1,i,i,0,0,0,3,3,1,1,2,2,2,1,2,3,2,1,2,0,0,0,1,0,0,0,0,0,0,0,i,0,0,0,0,2,3,3,2,2,1,1,1,1,1,1,1,1,1,1,1,1,1,1,1,i,1,1,3,2,1,1,1,0,0,0,0,0,i,i,i,0,0,0,0,0,0,0,1,0,0,0,0,0,0,i,0,0,0,3,3,3,3,3,3,3,3,0,0,0,1,0,0,0,0,0,0,0,0,0,0,0,0,0,0,0,0,0,0,0,0,0,0,0,0,0,0,0,1,3,3,2,4,2,2,2,2,2,2,2,2,2,3,3,2,2,2,2,3,3,3,2,2,2,2,0,1,0,1,1,0,0,0,0,0,0,0,0,0,1,14,i,i,i,i,1,2,1,5,0,1,0,0,0,0,0,0,0,0,0,0,0,1,0,0,0,1,0,0,0,0,0,0,0,0,0,1,1,1,0,0,0,0,0,0,1,0,0,0,0,0,0,1,1,0,1,0,1,0,0,0,0,1,2,18,1,18,2,3,2,2,19,i,0,0,0,0,1,0,0,i,i,i,i,i,i,i,i,i,i,i,i,i,i,i,i,i,i,i,i,i,i,i,i,i,i,i,i,i,i,1,0,0,0,0,1,5,2,2,2,0,0,3,3,2,1,2,1,0,0,1,1,0,1,0,0,0,2,i,2,3,1,2,2,2,i,i,1,i,2,i,i,i,a,a,1,a,12,12,14,40,15,8,28,1,1,1,1,i,i,1,i,i,i,i,i,i,i,i,i,i,i,i,i,16,2,1
6291,doi:10.4232/1.12497,1.0.0 (2016-04-22),1,1,110,14000110,14190,14,3,TN,1.10244,1.377675,0.0,1.189387,1.499454,0.0,0.0,3,3,3,3,4,3,3,4,4,4,4,2,2,3,4,2,6,1,0,0,0,0,0,0,0,0,0,0,0,0,1,0,0,0,0,a,a,0,0,0,1,0,0,0,0,1,0,0,0,0,0,0,0,1,0,0,0,0,i,i,0,0,0,2,3,3,3,1,4,2,2,2,3,5,2,i,0,0,0,0,0,0,0,0,0,0,0,i,0,1,0,0,3,3,4,2,4,1,2,2,2,2,2,2,2,2,2,1,2,2,2,1,i,2,2,2,2,1,0,0,1,0,0,0,0,i,i,i,0,0,0,0,0,0,0,1,0,0,0,0,0,0,i,0,0,0,3,4,3,3,4,3,2,2,0,0,0,0,0,0,0,0,0,0,0,0,0,0,1,0,0,0,0,0,0,0,1,0,0,0,0,1,0,0,0,0,3,3,2,2,2,2,2,1,2,2,1,1,2,3,2,1,1,3,4,3,2,1,3,3,3,4,0,1,0,0,0,0,0,0,1,1,0,0,0,0,1,10,i,i,i,i,1,2,1,4,0,1,0,0,0,0,0,0,0,0,0,0,0,0,0,0,1,0,0,0,0,0,0,0,0,0,0,1,1,1,0,0,0,0,1,0,0,0,0,0,0,0,0,1,2,0,1,1,1,0,0,0,0,2,2,15,1,0,5,3,2,2,19,i,0,0,0,0,1,0,0,i,i,i,i,i,i,i,i,i,i,i,i,i,i,i,i,i,i,i,i,i,i,i,i,i,i,i,i,i,i,1,0,0,0,0,1,6,2,4,4,0,0,0,0,1,1,3,1,1,1,1,0,0,1,0,0,0,1,i,1,2,1,2,2,2,i,i,2,i,1,i,i,i,a,a,i,a,12,12,12,50,13,22,32,1,1,1,1,i,i,1,i,i,i,i,i,i,i,i,i,i,i,i,i,16,2,1
6291,doi:10.4232/1.12497,1.0.0 (2016-04-22),1,1,111,14000111,14191,14,3,TN,1.046421,1.377675,0.0,1.189387,1.499454,0.0,0.0,1,2,2,2,2,2,2,2,1,3,2,1,2,1,2,1,1,0,0,0,0,0,1,1,1,0,0,0,1,0,0,0,0,0,0,a,a,0,0,0,1,0,0,0,0,1,1,1,0,0,0,1,0,0,0,0,0,0,i,i,0,0,0,1,2,1,1,3,4,2,1,2,3,2,1,2,0,0,0,1,0,0,0,0,1,0,0,i,0,0,0,0,3,4,1,1,3,1,2,2,2,1,1,2,2,2,2,1,1,1,2,2,i,2,1,3,3,1,0,1,0,0,0,0,0,i,i,i,0,0,0,0,0,0,0,1,0,0,0,0,0,0,i,0,0,0,1,1,3,2,2,4,1,2,0,0,0,1,1,0,0,1,0,0,1,0,0,0,0,0,0,1,0,0,1,0,0,0,0,0,0,0,0,0,0,0,4,4,3,2,2,1,3,2,1,1,2,3,2,2,1,3,1,3,3,3,1,1,3,4,1,2,0,1,0,0,0,0,0,0,0,1,0,0,0,0,2,i,i,i,i,i,i,i,i,i,i,i,i,i,i,i,i,i,i,i,i,i,i,i,i,i,i,i,i,i,i,i,i,i,i,i,i,i,0,1,0,0,0,0,0,0,1,1,0,0,0,0,0,1,1,0,1,0,1,0,0,0,0,1,1,16,1,0,5,3,2,2,19,i,0,0,0,0,1,0,0,i,i,i,i,i,i,i,i,i,i,i,i,i,i,i,i,i,i,i,i,i,i,i,i,i,i,i,i,i,i,1,0,1,0,0,1,6,3,5,4,0,0,0,0,2,1,2,1,0,0,0,0,0,1,0,0,0,1,i,1,3,1,2,2,2,i,i,2,i,1,i,i,i,a,a,i,a,8,12,13,0,13,30,30,1,1,1,6,i,i,6,i,i,i,i,i,i,i,i,i,i,i,i,i,126,11,1
6291,doi:10.4232/1.12497,1.0.0 (2016-04-22),1,1,112,14000112,14192,14,3,TN,1.094706,1.377675,0.0,1.189387,1.499454,0.0,0.0,3,2,2,1,2,2,2,3,5,3,3,2,2,2,2,2,8,1,0,1,1,1,0,1,0,0,0,1,1,0,0,0,0,0,0,a,a,0,0,0,1,0,1,1,1,0,1,1,0,0,1,1,0,0,0,0,0,0,i,i,0,0,0,2,2,1,4,1,1,2,2,2,2,2,2,i,0,0,0,0,0,0,0,0,0,0,0,i,0,0,1,0,3,3,3,2,3,1,2,2,2,1,1,1,2,1,1,1,1,1,1,1,i,1,1,3,3,0,1,0,0,1,0,0,0,i,i,i,0,0,0,0,0,0,0,0,1,0,0,0,0,0,i,0,0,0,2,2,1,1,3,3,5,5,0,1,0,0,0,0,0,0,0,0,1,1,0,0,0,0,0,0,0,0,0,0,0,0,0,0,1,0,0,0,0,0,2,2,2,2,1,3,3,2,2,2,2,2,2,3,3,2,3,3,3,3,3,2,3,3,3,4,1,0,0,0,0,0,0,1,0,0,0,0,0,0,2,i,i,i,i,i,i,i,i,i,i,i,i,i,i,i,i,i,i,i,i,i,i,i,i,i,i,i,i,i,i,i,i,i,i,i,i,i,0,1,0,0,0,0,0,0,0,0,0,0,0,0,0,1,1,0,1,0,1,0,0,0,0,1,2,47,3,99,9,1,18,8,i,i,0,0,0,0,1,0,0,i,i,i,i,i,i,i,i,i,i,i,i,i,i,i,i,i,i,i,i,i,i,i,i,i,i,i,i,i,i,1,0,0,0,0,1,6,1,4,4,0,0,0,0,2,1,2,1,0,0,0,0,0,1,0,0,0,7,7,7,3,2,2,2,2,i,i,2,i,i,i,i,i,a,a,i,a,8,12,12,10,12,45,35,1,3,1,6,i,i,6,i,i,i,i,i,i,i,i,i,i,i,i,i,126,11,1
6291,doi:10.4232/1.12497,1.0.0 (2016-04-22),1,1,113,14000113,14193,14,3,TN,1.039997,1.377675,0.0,1.189387,1.499454,0.0,0.0,4,2,2,2,2,1,1,4,3,3,2,2,2,2,2,2,6,0,0,0,0,0,0,0,1,0,1,0,0,0,0,0,0,0,0,a,a,0,0,0,0,0,0,0,0,1,0,1,0,1,0,0,0,0,0,0,0,0,i,i,0,0,0,2,2,2,2,1,1,2,2,2,3,4,2,i,0,0,0,0,0,0,0,0,0,0,0,i,0,1,0,0,3,3,3,4,4,2,2,2,2,2,2,2,2,2,2,1,2,2,2,2,i,2,2,3,3,0,1,1,0,0,1,0,0,i,i,i,0,0,0,0,0,0,0,0,1,1,0,0,1,0,i,0,0,0,2,2,2,2,2,1,1,1,1,1,0,0,0,1,1,0,0,0,0,0,0,0,0,0,1,0,0,0,0,1,0,0,0,0,0,0,0,0,0,0,3,3,3,3,2,2,2,2,2,2,2,2,2,4,4,3,3,4,4,3,3,3,3,2,2,2,0,0,1,0,0,1,0,0,0,0,0,0,0,0,2,i,i,i,i,i,i,i,i,i,i,i,i,i,i,i,i,i,i,i,i,i,i,i,i,i,i,i,i,i,i,i,i,i,i,i,i,i,0,1,0,0,0,0,1,0,0,0,0,0,0,0,0,1,1,0,1,0,1,0,0,0,0,1,1,26,2,14,1,3,3,3,19,i,1,0,0,0,0,0,1,0,0,0,0,0,0,0,0,0,0,0,0,0,1,0,0,0,0,0,0,0,0,0,0,0,0,0,0,0,0,1,0,0,0,0,1,1,1,9,4,0,0,0,0,2,1,2,1,1,1,0,0,0,1,0,0,0,2,i,2,3,2,2,2,1,i,i,2,i,i,i,i,2,a,a,i,a,12,12,11,55,12,30,35,1,2,1,1,i,i,1,i,i,i,i,i,i,i,i,i,i,i,i,i,16,2,1
6291,doi:10.4232/1.12497,1.0.0 (2016-04-22),1,1,114,14000114,14194,14,3,TN,1.078723,1.377675,0.0,1.189387,1.499454,0.0,0.0,4,2,1,1,1,2,1,4,3,4,4,2,2,2,2,2,6,1,1,0,0,0,0,1,1,0,0,1,1,0,0,1,0,0,0,a,a,0,0,0,1,1,0,0,0,1,1,1,0,0,1,1,0,0,1,0,0,0,i,i,0,0,0,2,2,1,2,1,1,1,2,1,2,2,2,i,0,0,0,0,0,0,0,0,0,0,0,i,0,1,0,0,4,2,4,2,4,1,1,2,1,1,2,1,2,2,2,1,1,1,1,1,i,2,1,3,4,0,0,0,0,1,0,0,0,i,i,i,1,0,0,0,0,0,0,1,0,0,0,0,0,0,i,0,0,0,4,4,3,4,2,4,3,4,1,1,0,1,0,0,0,0,0,0,1,1,0,0,0,0,0,0,0,0,0,0,0,0,0,0,1,1,0,0,0,0,2,2,2,1,1,1,2,2,2,2,2,2,2,4,4,4,4,3,4,4,1,2,4,4,4,4,1,0,1,0,0,0,0,1,0,0,0,0,0,0,2,i,i,i,i,i,i,i,i,i,i,i,i,i,i,i,i,i,i,i,i,i,i,i,i,i,i,i,i,i,i,i,i,i,i,i,i,i,0,0,0,0,0,0,0,0,0,0,0,0,1,0,0,1,1,0,1,0,1,0,0,0,0,1,2,27,2,26,3,3,3,3,17,4,0,0,0,0,1,0,0,i,i,i,i,i,i,i,i,i,i,i,i,i,i,i,i,i,i,i,i,i,i,i,i,i,i,i,i,i,i,0,0,1,0,0,1,3,1,4,4,0,0,0,0,2,1,2,1,1,1,1,1,1,0,0,0,0,1,i,6,3,1,2,2,1,i,i,2,i,1,i,i,1,a,a,i,a,8,12,11,3,12,5,59,1,1,1,6,i,i,6,i,i,i,i,i,i,i,i,i,i,i,i,i,126,11,1
6291,doi:10.4232/1.12497,1.0.0 (2016-04-22),1,1,115,14000115,14195,14,3,TN,1.028575,1.377675,0.0,1.189387,1.499454,0.0,0.0,4,3,3,3,4,2,2,4,4,5,2,1,3,1,3,1,7,0,0,1,0,0,0,0,0,0,0,0,0,0,0,0,0,0,0,a,a,0,0,0,0,0,1,0,0,0,1,0,0,0,0,0,0,0,0,0,0,0,i,i,0,0,0,2,2,3,3,1,2,2,2,2,3,4,2,i,0,0,0,0,0,0,0,0,0,0,0,i,0,1,0,0,2,2,4,2,4,1,2,2,2,2,2,2,2,2,2,1,2,2,1,2,i,1,1,4,4,1,1,0,0,0,0,0,0,i,i,i,0,0,0,0,0,0,0,1,0,0,1,0,0,0,i,0,0,0,4,4,4,3,3,4,4,4,0,0,0,0,0,0,0,0,0,0,0,0,0,0,1,0,0,0,0,0,1,0,0,0,0,0,0,1,0,0,0,0,3,3,2,4,1,1,2,2,2,2,2,2,2,3,4,1,2,3,4,2,1,1,3,3,4,4,1,0,1,0,0,0,0,1,0,0,0,0,0,0,2,i,i,i,i,i,i,i,i,i,i,i,i,i,i,i,i,i,i,i,i,i,i,i,i,i,i,i,i,i,i,i,i,i,i,i,i,i,0,1,0,0,1,0,0,1,0,0,0,0,0,0,0,3,2,0,1,0,1,0,1,0,0,2,2,37,2,21,3,1,1,1,19,i,0,0,0,0,1,0,0,i,i,i,i,i,i,i,i,i,i,i,i,i,i,i,i,i,i,i,i,i,i,i,i,i,i,i,i,i,i,0,0,0,1,0,0,5,1,2,2,2,2,0,0,2,1,2,1,0,0,0,0,0,0,1,0,0,6,i,6,2,1,1,1,1,i,i,1,i,6,6,6,6,a,a,6,a,12,12,15,15,15,46,31,1,1,1,1,i,i,1,i,i,i,i,i,i,i,i,i,i,i,i,i,16,2,1
6291,doi:10.4232/1.12497,1.0.0 (2016-04-22),1,1,116,14000116,14196,14,3,TN,1.039997,1.377675,0.0,1.189387,1.499454,0.0,0.0,4,2,2,2,2,2,2,4,4,4,4,2,3,1,2,1,6,0,0,0,0,0,0,0,1,0,1,0,0,0,0,0,0,0,0,a,a,0,0,0,0,0,0,0,0,1,0,1,0,1,0,0,0,0,0,0,0,0,i,i,0,0,0,2,2,2,2,1,1,2,1,1,5,4,2,i,0,0,0,0,0,0,0,0,0,0,0,i,0,1,0,0,4,4,4,2,4,1,2,2,2,2,2,2,2,2,2,1,1,2,2,1,i,1,1,4,3,1,0,0,0,0,0,0,0,i,i,i,0,0,1,1,0,0,0,1,0,0,0,0,0,0,i,0,0,0,4,4,2,2,4,4,2,4,0,0,0,0,0,0,0,0,0,0,0,0,0,0,1,0,0,0,0,1,0,0,0,0,0,0,0,1,0,0,0,0,2,2,2,4,2,2,2,2,2,2,2,2,2,4,2,3,3,2,4,3,2,2,2,4,4,4,0,0,0,1,0,0,0,0,1,0,0,0,0,0,1,2,i,i,i,i,1,2,1,2,1,0,0,0,0,1,0,0,0,0,0,0,0,0,0,0,1,0,0,0,0,0,0,0,0,0,0,2,0,1,0,0,0,0,0,0,1,0,0,0,0,0,0,1,2,0,0,0,1,0,0,1,0,2,1,31,2,13,1,1,17,8,i,i,1,0,0,0,0,0,1,0,0,0,0,0,0,0,0,0,0,0,0,0,1,0,0,0,0,0,0,0,0,0,0,0,0,0,0,0,0,0,0,1,0,0,1,1,1,8,4,0,0,0,0,2,1,2,1,0,0,0,0,0,1,0,0,0,6,6,6,2,2,2,2,2,i,i,2,i,i,i,i,i,a,a,i,a,12,12,11,0,11,40,40,1,1,1,1,i,i,1,i,i,i,i,i,i,i,i,i,i,i,i,i,16,2,1
6291,doi:10.4232/1.12497,1.0.0 (2016-04-22),1,1,117,14000117,14197,14,3,TN,1.036446,1.377675,0.0,1.189387,1.499454,0.0,0.0,2,2,2,2,2,3,3,3,3,2,2,1,1,1,1,1,7,0,1,0,0,0,1,0,1,0,0,0,0,0,0,0,0,0,0,a,a,0,0,0,0,1,0,0,0,1,1,1,0,0,0,0,0,0,0,0,0,0,i,i,0,0,0,2,2,4,4,2,3,2,2,2,3,3,1,2,1,0,0,0,0,0,0,0,1,1,0,i,0,0,0,0,3,3,2,3,3,1,2,2,2,2,1,1,2,2,2,2,2,2,1,2,i,1,1,3,3,1,0,0,1,0,0,0,0,i,i,i,0,0,0,0,0,0,0,1,0,1,0,1,0,0,i,0,0,0,2,4,4,2,4,2,4,4,1,0,0,1,1,0,0,0,0,0,0,1,0,0,0,0,0,0,0,1,0,0,0,0,0,0,0,1,0,0,0,0,3,3,3,3,2,2,2,1,1,1,1,1,2,2,2,2,2,3,3,3,3,3,3,3,3,4,1,0,0,0,1,0,0,1,0,0,0,0,0,0,2,i,i,i,i,i,i,i,i,i,i,i,i,i,i,i,i,i,i,i,i,i,i,i,i,i,i,i,i,i,i,i,i,i,i,i,i,i,1,1,0,0,0,0,0,1,0,0,0,0,0,0,0,2,2,0,0,1,1,0,0,0,0,1,1,28,2,99,9,1,8,5,i,i,0,0,0,0,1,0,0,i,i,i,i,i,i,i,i,i,i,i,i,i,i,i,i,i,i,i,i,i,i,i,i,i,i,i,i,i,i,0,0,0,1,0,0,5,3,2,2,0,0,0,0,1,1,3,1,1,1,0,0,0,0,0,0,0,6,6,6,3,2,2,2,2,i,i,2,i,i,i,i,i,a,a,i,a,11,12,11,43,12,20,37,1,1,1,1,i,i,1,i,i,i,i,i,i,i,i,i,i,i,i,i,37,9,1
6291,doi:10.4232/1.12497,1.0.0 (2016-04-22),1,1,118,14000118,14198,14,3,TN,1.05249,1.377675,0.0,1.189387,1.499454,0.0,0.0,3,2,2,2,2,3,3,3,3,3,3,2,2,2,2,2,7,0,0,1,0,0,1,0,0,0,0,0,0,0,0,0,0,0,0,a,a,0,0,0,0,0,1,0,0,1,1,0,0,0,0,0,0,0,0,0,0,0,i,i,0,0,0,2,2,4,2,2,2,2,1,2,3,2,2,i,1,0,0,0,0,0,0,0,1,0,0,i,0,0,0,0,3,3,3,2,2,2,2,2,2,2,2,2,2,2,1,2,2,1,1,2,i,2,2,3,3,1,0,0,1,0,0,0,0,i,i,i,0,0,0,0,0,0,0,1,0,0,0,0,0,0,i,0,0,0,2,2,2,2,2,2,2,2,0,0,0,0,0,0,0,0,0,0,0,0,0,0,0,1,0,0,0,0,0,0,0,0,0,0,0,0,0,0,0,1,2,2,2,2,2,2,2,1,2,2,2,2,2,3,3,2,2,2,2,2,2,2,2,2,4,4,0,0,0,0,0,0,0,0,0,0,0,0,1,0,2,i,i,i,i,i,i,i,i,i,i,i,i,i,i,i,i,i,i,i,i,i,i,i,i,i,i,i,i,i,i,i,i,i,i,i,i,i,1,1,0,0,0,0,0,0,0,0,0,0,0,0,0,1,1,0,1,0,1,0,0,0,0,1,2,49,3,99,9,1,1,1,19,i,0,0,0,0,1,0,0,i,i,i,i,i,i,i,i,i,i,i,i,i,i,i,i,i,i,i,i,i,i,i,i,i,i,i,i,i,i,0,0,0,1,0,0,4,2,4,4,0,0,0,0,2,2,4,1,1,1,0,0,0,0,0,0,0,7,i,7,3,3,1,1,1,i,i,1,i,i,7,7,7,a,a,7,a,11,12,13,28,14,0,32,1,1,1,1,i,i,1,i,i,i,i,i,i,i,i,i,i,i,i,i,37,9,1
6291,doi:10.4232/1.12497,1.0.0 (2016-04-22),1,1,119,14000119,14199,14,3,TN,1.028575,1.377675,0.0,1.189387,1.499454,0.0,0.0,2,3,3,3,4,2,2,3,3,3,3,2,1,1,2,1,6,0,0,0,0,0,0,1,1,0,0,0,0,0,0,0,0,0,0,a,a,0,0,0,0,0,0,0,0,1,1,1,0,0,0,0,0,0,0,0,0,0,i,i,0,0,0,2,2,2,2,2,3,2,2,2,4,2,1,2,1,0,0,0,0,0,0,0,1,1,0,i,0,0,0,0,2,3,2,2,2,1,2,2,1,1,1,1,1,2,1,2,2,2,1,1,i,1,1,3,3,0,1,1,0,0,0,0,0,i,i,i,0,0,0,0,0,0,0,1,1,1,0,0,0,0,i,0,0,0,2,2,2,2,2,2,2,2,0,1,1,1,0,0,0,0,0,0,0,1,0,0,0,0,0,0,0,0,0,0,0,0,0,0,0,1,1,0,0,0,2,2,2,2,2,2,2,2,2,2,2,2,2,2,2,2,2,2,2,2,2,2,2,2,2,4,0,0,0,0,0,0,0,0,0,0,0,0,0,1,2,i,i,i,i,i,i,i,i,i,i,i,i,i,i,i,i,i,i,i,i,i,i,i,i,i,i,i,i,i,i,i,i,i,i,i,i,i,1,1,0,0,0,0,0,1,0,0,0,0,0,0,0,1,1,0,1,1,1,0,0,0,0,1,2,26,2,99,9,3,1,1,19,i,0,0,0,0,1,0,0,i,i,i,i,i,i,i,i,i,i,i,i,i,i,i,i,i,i,i,i,i,i,i,i,i,i,i,i,i,i,0,0,0,1,0,0,6,2,3,3,0,0,0,0,2,1,2,1,1,1,1,1,0,0,0,0,0,1,i,1,3,1,1,1,1,i,i,1,i,1,6,6,2,a,a,6,a,11,12,15,40,16,5,25,1,1,1,1,i,i,1,i,i,i,i,i,i,i,i,i,i,i,i,i,37,9,1
6291,doi:10.4232/1.12497,1.0.0 (2016-04-22),1,1,120,14000120,14200,14,3,TN,1.028575,1.377675,0.0,1.189387,1.499454,0.0,0.0,4,2,1,4,2,2,2,4,2,4,4,1,4,2,1,4,7,1,0,0,0,0,0,0,0,0,0,0,0,0,0,0,0,0,0,a,a,0,0,0,1,0,0,0,0,0,1,0,0,0,0,0,0,0,0,0,0,0,i,i,0,0,0,2,2,2,2,1,2,1,2,2,3,2,1,2,0,1,0,0,0,0,0,0,0,0,0,i,0,0,0,0,2,5,2,2,2,1,2,2,1,1,1,1,3,3,1,1,1,1,1,3,i,1,1,2,2,0,1,1,0,0,0,0,0,i,i,i,1,0,0,0,0,0,0,0,1,1,0,0,0,0,i,0,0,0,3,4,2,2,5,5,5,5,1,1,0,1,0,0,0,1,0,0,0,1,0,0,0,0,0,0,1,1,0,0,0,0,0,0,0,0,0,0,0,0,2,3,3,1,2,3,2,1,2,2,2,2,2,3,3,2,2,3,2,3,4,3,3,4,4,4,1,1,0,0,0,0,1,0,0,0,0,0,0,0,3,i,i,i,i,i,i,i,i,i,i,i,i,i,i,i,i,i,i,i,i,i,i,i,i,i,i,i,i,i,i,i,i,i,i,i,i,i,0,0,0,0,0,0,0,0,1,1,0,1,0,0,0,1,1,0,1,0,1,0,1,0,0,4,2,27,2,0,5,3,1,1,19,i,0,0,0,0,1,0,0,i,i,i,i,i,i,i,i,i,i,i,i,i,i,i,i,i,i,i,i,i,i,i,i,i,i,i,i,i,i,1,0,0,0,0,1,10,3,1,1,1,1,0,0,1,1,3,1,1,1,1,0,0,0,0,0,0,1,i,1,3,1,1,1,1,i,i,1,i,1,2,7,7,a,a,2,a,11,12,16,15,16,35,30,2,2,1,1,i,i,1,i,i,i,i,i,i,i,i,i,i,i,i,i,37,9,1
6291,doi:10.4232/1.12497,1.0.0 (2016-04-22),1,1,121,14000121,14201,14,3,TN,1.036446,1.377675,0.0,1.189387,1.499454,0.0,0.0,3,3,3,3,4,2,2,4,4,4,3,3,3,3,3,3,1,0,0,0,0,0,1,1,0,0,0,0,0,0,0,0,0,0,0,a,a,0,0,0,1,0,0,0,0,1,1,0,0,0,0,0,0,0,0,0,0,0,i,i,0,0,0,2,2,2,2,2,2,2,2,2,3,2,1,2,1,0,0,0,0,1,0,0,1,1,0,i,0,0,0,0,2,3,2,3,3,1,2,2,3,1,1,1,1,2,1,1,2,2,2,2,i,1,1,3,3,0,1,1,0,0,0,0,0,i,i,i,0,0,0,0,0,0,0,1,0,1,0,1,0,0,i,0,0,0,2,2,2,3,3,2,2,2,0,1,0,1,0,0,0,0,0,0,1,1,0,0,0,0,0,1,0,0,1,0,0,0,0,0,0,0,0,0,0,0,3,3,3,3,2,2,2,2,2,2,2,2,2,3,3,2,2,2,2,2,2,2,2,2,2,4,0,0,0,0,0,0,0,0,0,0,0,0,0,1,2,i,i,i,i,i,i,i,i,i,i,i,i,i,i,i,i,i,i,i,i,i,i,i,i,i,i,i,i,i,i,i,i,i,i,i,i,i,1,1,0,0,0,0,0,0,0,0,0,0,0,0,0,1,1,0,1,0,1,0,0,0,0,1,1,27,2,0,5,3,14,7,i,i,0,0,0,0,1,0,0,i,i,i,i,i,i,i,i,i,i,i,i,i,i,i,i,i,i,i,i,i,i,i,i,i,i,i,i,i,i,0,0,0,1,0,0,5,2,2,2,0,0,0,0,2,1,2,1,1,1,1,1,0,0,0,0,0,2,2,2,3,1,2,2,1,i,i,2,i,2,i,i,2,a,a,i,a,11,12,11,0,11,35,35,1,1,1,1,i,i,1,i,i,i,i,i,i,i,i,i,i,i,i,i,37,9,1
6291,doi:10.4232/1.12497,1.0.0 (2016-04-22),1,1,122,14000122,14202,14,3,TN,0.990676,1.377675,0.0,1.189387,1.499454,0.0,0.0,4,3,3,3,4,1,2,4,2,4,4,3,3,1,2,1,6,0,0,0,1,0,0,0,0,0,1,0,0,0,0,0,0,0,0,a,a,0,0,0,0,0,0,1,0,1,0,0,0,1,0,0,0,0,0,0,0,0,i,i,0,0,0,2,2,1,1,1,1,1,1,1,3,3,1,2,0,0,0,0,0,1,0,0,0,1,0,i,0,0,0,0,2,2,2,2,2,1,1,1,1,1,1,1,1,1,1,1,1,1,1,1,i,1,1,3,3,1,0,0,0,0,0,0,0,i,i,i,0,0,0,0,0,0,0,1,0,0,0,0,0,0,i,0,0,0,1,1,1,1,1,1,1,1,1,0,1,0,1,1,1,0,0,0,0,0,0,0,0,0,0,0,0,0,1,0,0,0,0,0,0,1,0,0,0,0,2,2,2,1,1,1,1,2,2,2,1,2,2,4,2,2,3,2,2,3,3,2,3,3,3,4,1,1,1,0,0,0,0,0,0,0,0,0,0,0,2,i,i,i,i,i,i,i,i,i,i,i,i,i,i,i,i,i,i,i,i,i,i,i,i,i,i,i,i,i,i,i,i,i,i,i,i,i,0,1,0,0,0,0,0,0,1,1,0,0,0,0,0,1,1,1,1,0,1,0,0,0,0,1,1,41,3,99,9,3,3,3,14,3,0,0,0,0,1,0,0,i,i,i,i,i,i,i,i,i,i,i,i,i,i,i,i,i,i,i,i,i,i,i,i,i,i,i,i,i,i,1,0,0,0,0,1,1,1,1,1,0,0,0,0,2,1,2,1,1,0,0,0,0,0,0,0,0,6,i,4,3,1,2,2,2,i,i,2,i,4,i,i,i,a,a,i,a,10,12,15,30,16,2,32,1,3,1,1,i,i,1,i,i,i,i,i,i,i,i,i,i,i,i,i,42,1,1
6291,doi:10.4232/1.12497,1.0.0 (2016-04-22),1,1,123,14000123,14203,14,3,TN,1.152241,1.377675,0.0,1.189387,1.499454,0.0,0.0,3,3,2,2,3,1,2,3,3,3,3,2,2,2,2,2,6,0,1,0,1,0,0,1,0,0,0,0,0,0,0,0,0,0,0,a,a,0,0,0,0,1,0,1,0,1,1,0,0,0,0,0,0,0,0,0,0,0,i,i,0,0,0,2,2,2,2,1,1,2,1,1,2,2,1,2,1,0,0,1,0,0,0,0,0,1,0,i,0,0,0,0,2,2,2,2,2,1,2,2,2,1,1,2,2,2,2,2,2,2,1,2,i,2,2,3,3,0,0,0,0,0,0,0,0,i,i,i,0,0,0,0,0,0,1,0,0,0,0,0,0,0,i,0,0,1,2,2,2,1,2,5,1,1,0,1,0,1,0,0,0,0,0,0,0,1,0,0,0,0,0,1,0,1,0,0,0,0,0,0,0,0,0,0,0,0,2,2,2,2,1,1,3,1,1,1,1,1,3,3,3,1,2,3,3,5,2,5,3,5,5,4,1,0,0,0,0,0,0,0,0,0,0,0,0,0,2,i,i,i,i,i,i,i,i,i,i,i,i,i,i,i,i,i,i,i,i,i,i,i,i,i,i,i,i,i,i,i,i,i,i,i,i,i,0,0,0,0,0,0,0,1,0,0,0,0,0,0,0,1,2,0,1,0,0,0,0,0,0,2,2,16,1,0,5,3,2,2,19,i,0,0,0,0,1,0,0,i,i,i,i,i,i,i,i,i,i,i,i,i,i,i,i,i,i,i,i,i,i,i,i,i,i,i,i,i,i,0,0,0,1,0,0,5,1,3,3,0,0,1,1,2,1,2,1,0,0,0,0,0,0,1,0,0,1,i,1,3,1,2,2,2,i,i,2,i,1,i,i,i,a,a,i,a,10,12,12,10,12,35,25,1,2,1,6,i,i,6,i,i,i,i,i,i,i,i,i,i,i,i,i,135,11,1
6291,doi:10.4232/1.12497,1.0.0 (2016-04-22),1,1,124,14000124,14204,14,3,TN,1.037705,1.377675,0.0,1.189387,1.499454,0.0,0.0,1,3,3,3,4,3,3,2,2,2,2,1,1,1,1,1,2,0,0,0,0,0,1,0,1,0,0,0,0,0,0,0,0,0,0,a,a,0,0,0,0,1,0,0,0,1,0,1,0,0,0,0,0,0,0,0,0,0,i,i,0,0,0,1,2,2,2,1,1,2,2,2,1,1,2,i,1,0,0,0,0,0,0,0,1,0,0,i,0,0,0,0,2,2,2,2,2,1,1,2,2,1,2,2,1,2,2,1,2,2,2,2,i,2,2,1,2,1,0,0,0,0,0,0,0,i,i,i,0,0,0,0,0,0,0,1,0,0,0,0,0,0,i,0,0,0,1,1,1,1,2,4,1,1,1,1,0,0,0,0,0,0,0,0,0,1,0,0,0,0,0,1,0,0,0,0,1,0,0,0,0,0,0,0,0,0,4,4,4,4,1,1,1,2,1,1,1,1,1,2,3,1,1,2,3,3,2,3,2,3,3,3,1,1,0,0,0,0,0,1,0,0,0,0,0,0,2,i,i,i,i,i,i,i,i,i,i,i,i,i,i,i,i,i,i,i,i,i,i,i,i,i,i,i,i,i,i,i,i,i,i,i,i,i,1,1,0,0,0,0,0,0,0,0,0,0,0,0,0,2,2,0,1,0,0,0,0,0,0,2,1,65,4,1,6,1,4,4,14,3,0,0,0,0,1,0,0,i,i,i,i,i,i,i,i,i,i,i,i,i,i,i,i,i,i,i,i,i,i,i,i,i,i,i,i,i,i,0,0,0,1,0,0,5,1,6,4,0,0,0,0,2,2,4,1,0,0,1,1,1,1,0,0,0,6,i,6,3,2,2,2,2,i,i,2,i,i,i,i,i,a,a,i,a,9,12,12,55,13,37,42,1,3,1,1,i,i,1,i,i,i,i,i,i,i,i,i,i,i,i,i,132,11,1
6291,doi:10.4232/1.12497,1.0.0 (2016-04-22),1,1,125,14000125,14205,14,3,TN,0.943088,1.377675,0.0,1.189387,1.499454,0.0,0.0,4,2,1,1,1,1,1,4,3,3,3,1,1,1,1,1,4,0,1,1,0,0,0,0,0,1,0,1,0,0,0,0,0,0,0,a,a,0,0,0,0,1,1,1,0,0,0,0,1,0,1,0,0,0,0,0,0,0,i,i,0,0,0,2,2,2,2,1,1,2,2,2,6,6,2,i,0,0,0,0,0,0,0,0,0,0,0,i,0,1,0,0,4,4,4,3,4,2,2,2,1,1,1,2,2,1,2,2,2,1,2,2,i,2,2,3,3,0,0,1,0,1,0,0,0,i,i,i,0,0,0,0,0,0,0,1,0,0,0,0,0,0,i,0,0,0,1,1,1,1,1,2,1,1,0,1,0,0,0,0,1,0,0,0,0,0,0,0,0,0,0,1,0,0,0,0,0,1,0,0,0,0,0,0,0,0,3,3,3,3,1,1,3,2,1,1,1,1,2,3,3,2,2,2,3,2,2,2,2,3,1,2,1,0,1,0,0,0,0,0,0,0,1,0,0,0,2,i,i,i,i,i,i,i,i,i,i,i,i,i,i,i,i,i,i,i,i,i,i,i,i,i,i,i,i,i,i,i,i,i,i,i,i,i,0,1,0,0,0,0,0,1,0,0,0,0,0,0,0,1,1,0,1,0,0,0,0,0,0,2,2,64,4,9,1,5,3,3,19,i,0,0,0,0,1,0,0,i,i,i,i,i,i,i,i,i,i,i,i,i,i,i,i,i,i,i,i,i,i,i,i,i,i,i,i,i,i,0,0,0,1,0,0,6,1,6,4,2,2,1,1,2,2,4,1,0,0,0,0,1,1,0,0,0,6,i,6,3,2,2,2,2,i,i,2,i,i,i,i,i,a,a,i,a,9,12,11,58,12,20,22,2,3,1,6,i,i,6,i,i,i,i,i,i,i,i,i,i,i,i,i,132,11,1
6291,doi:10.4232/1.12497,1.0.0 (2016-04-22),1,1,126,14000126,14206,14,3,TN,1.090702,1.377675,0.0,1.189387,1.499454,0.0,0.0,2,2,2,2,2,2,2,3,2,2,2,3,3,3,3,3,8,1,1,1,1,1,0,0,0,0,0,1,1,1,0,0,0,0,0,a,a,0,0,0,1,1,1,1,1,0,0,1,0,0,1,1,1,0,0,0,0,0,i,i,0,0,0,2,2,2,2,1,1,2,2,2,2,2,2,i,0,0,0,1,0,0,0,0,0,0,0,i,0,0,0,0,3,3,3,5,5,1,2,2,2,1,1,1,2,2,2,2,2,2,2,2,i,2,2,3,3,0,0,0,0,0,0,0,0,i,i,i,0,0,0,0,0,0,1,0,0,0,0,0,0,0,i,0,0,1,2,5,5,2,2,5,4,4,0,1,1,0,0,0,0,0,0,0,0,0,0,0,0,0,1,0,0,0,0,0,1,0,0,0,0,0,0,0,0,0,2,2,2,2,2,2,2,2,1,1,2,2,2,2,2,2,2,2,2,2,2,2,2,2,2,2,1,0,0,0,0,0,0,1,0,0,0,0,0,0,2,i,i,i,i,i,i,i,i,i,i,i,i,i,i,i,i,i,i,i,i,i,i,i,i,i,i,i,i,i,i,i,i,i,i,i,i,i,0,1,0,0,0,0,0,0,0,0,0,0,0,0,0,1,1,0,1,0,0,0,0,0,0,1,1,35,2,99,9,3,18,8,i,i,0,0,0,0,1,0,0,i,i,i,i,i,i,i,i,i,i,i,i,i,i,i,i,i,i,i,i,i,i,i,i,i,i,i,i,i,i,1,0,0,0,0,1,6,1,5,4,0,0,1,1,1,1,3,1,1,0,1,1,0,1,0,0,0,2,6,6,3,1,2,2,2,i,i,2,i,2,i,i,i,a,a,i,a,10,12,11,55,12,22,27,1,2,1,6,i,i,6,i,i,i,i,i,i,i,i,i,i,i,i,i,135,11,1
6291,doi:10.4232/1.12497,1.0.0 (2016-04-22),1,1,127,14000127,14207,14,3,TN,1.088299,1.377675,0.0,1.189387,1.499454,0.0,0.0,3,3,3,3,4,3,3,4,3,3,3,2,2,2,2,2,4,0,0,0,0,0,1,1,1,0,0,0,0,0,0,0,1,0,0,a,a,0,0,0,0,0,0,1,0,1,1,1,0,0,0,0,0,0,0,1,0,0,i,i,0,0,0,2,2,2,2,1,1,2,2,2,2,3,1,2,0,0,0,0,0,1,0,0,1,1,0,i,0,0,0,0,3,2,2,5,3,1,1,1,1,1,1,1,1,1,1,1,1,1,1,2,i,2,3,3,3,1,0,0,0,0,0,0,0,i,i,i,0,0,0,0,0,0,0,1,0,0,0,0,0,0,i,0,0,0,4,3,2,2,2,3,3,3,0,0,0,1,0,0,1,0,0,0,0,0,0,0,0,0,0,0,0,1,0,0,0,0,0,0,0,0,0,0,0,0,4,4,4,4,1,2,2,2,2,2,2,2,2,3,3,2,2,2,3,3,2,3,3,2,3,3,1,0,0,0,0,0,0,0,0,0,0,0,0,0,2,i,i,i,i,i,i,i,i,i,i,i,i,i,i,i,i,i,i,i,i,i,i,i,i,i,i,i,i,i,i,i,i,i,i,i,i,i,0,1,0,0,0,0,0,1,0,0,0,0,0,0,0,1,1,0,1,0,0,0,0,0,0,1,1,74,4,1,6,1,4,4,17,4,0,0,0,0,1,0,0,i,i,i,i,i,i,i,i,i,i,i,i,i,i,i,i,i,i,i,i,i,i,i,i,i,i,i,i,i,i,0,0,0,1,0,0,7,1,4,4,0,0,0,0,1,1,3,1,0,0,1,1,0,1,0,0,0,6,i,6,3,2,2,2,2,i,i,2,i,i,i,i,i,a,a,i,a,10,12,11,26,11,49,23,1,3,1,6,i,i,6,i,i,i,i,i,i,i,i,i,i,i,i,i,135,11,1
6291,doi:10.4232/1.12497,1.0.0 (2016-04-22),1,1,128,14000128,14208,14,3,TN,0.998315,1.377675,0.0,1.189387,1.499454,0.0,0.0,3,2,2,2,2,1,1,4,3,3,3,1,1,1,1,1,4,0,1,0,0,0,1,1,0,0,0,0,0,0,0,0,0,0,0,a,a,0,0,0,0,1,0,1,0,1,1,0,0,0,0,0,0,0,0,0,0,0,i,i,0,0,0,2,2,2,3,1,1,2,2,2,3,3,2,i,0,0,0,0,0,0,0,0,0,0,0,i,0,1,0,0,3,4,4,4,4,2,2,2,2,2,2,2,2,2,2,2,2,2,2,2,i,2,2,3,3,1,0,0,0,0,0,0,0,i,i,i,0,0,0,0,0,0,0,1,0,0,0,0,0,0,i,0,0,0,1,2,2,1,3,3,2,2,0,0,0,0,0,0,0,0,0,0,0,0,0,0,1,0,0,0,0,0,0,0,0,0,0,0,0,0,0,0,1,0,4,4,4,4,1,1,2,2,1,1,1,1,2,3,3,1,1,1,2,1,1,1,1,2,2,1,0,0,1,0,0,0,0,1,0,0,1,0,0,0,2,i,i,i,i,i,i,i,i,i,i,i,i,i,i,i,i,i,i,i,i,i,i,i,i,i,i,i,i,i,i,i,i,i,i,i,i,i,1,0,0,0,0,0,0,0,0,0,0,0,0,0,0,2,2,0,1,0,0,0,0,0,0,2,1,59,4,98,8,1,4,4,8,1,0,0,0,0,1,0,0,i,i,i,i,i,i,i,i,i,i,i,i,i,i,i,i,i,i,i,i,i,i,i,i,i,i,i,i,i,i,0,0,0,1,0,0,7,2,4,4,0,0,0,0,1,1,3,1,0,0,1,1,1,1,0,0,0,6,i,6,3,2,2,2,2,i,i,2,i,i,i,i,i,a,a,i,a,9,12,11,20,11,55,35,1,1,1,6,i,i,6,i,i,i,i,i,i,i,i,i,i,i,i,i,132,11,1
6291,doi:10.4232/1.12497,1.0.0 (2016-04-22),1,1,129,14000129,14209,14,3,TN,1.050006,1.377675,0.0,1.189387,1.499454,0.0,0.0,2,3,3,3,4,1,2,3,2,2,2,2,1,1,3,2,12,1,0,0,0,0,1,1,0,0,0,0,0,0,0,0,0,0,0,a,a,0,0,0,1,0,0,0,0,1,1,0,0,0,0,1,0,0,0,0,0,0,i,i,0,0,0,2,3,1,3,1,1,2,2,2,1,1,3,i,1,0,0,1,0,1,1,0,0,0,0,i,0,0,0,0,1,3,3,4,4,1,1,1,1,1,1,1,1,1,1,1,1,1,1,1,i,1,1,1,1,0,1,0,0,0,0,0,0,i,i,i,0,0,0,0,0,0,0,0,1,0,0,0,0,0,i,0,0,0,4,4,3,2,2,4,4,4,0,0,0,0,0,0,0,0,0,0,0,0,1,0,0,0,0,0,0,0,0,0,0,0,0,0,0,1,0,0,0,0,4,4,4,4,1,2,2,1,2,2,2,2,2,2,2,2,2,2,2,2,3,3,2,1,3,3,1,0,0,0,0,0,0,0,0,0,0,0,0,0,1,16,i,i,i,i,3,3,3,6,0,0,0,0,0,0,0,0,0,0,0,0,1,0,0,0,0,0,0,0,0,0,0,0,0,0,1,3,1,0,0,0,0,0,0,1,0,0,0,0,0,0,0,1,1,0,1,0,0,0,0,0,0,2,1,21,1,17,2,3,17,8,i,i,0,0,0,0,1,0,0,i,i,i,i,i,i,i,i,i,i,i,i,i,i,i,i,i,i,i,i,i,i,i,i,i,i,i,i,i,i,1,0,0,0,0,1,6,1,4,4,0,0,0,0,1,1,3,1,1,0,1,1,0,1,0,0,0,2,6,6,3,1,2,2,2,i,i,2,i,2,i,i,i,a,a,i,a,10,12,11,0,11,25,25,1,1,1,6,i,i,6,i,i,i,i,i,i,i,i,i,i,i,i,i,135,11,1
6291,doi:10.4232/1.12497,1.0.0 (2016-04-22),1,1,130,14000130,14210,14,3,TN,1.103804,1.377675,0.0,1.189387,1.499454,0.0,0.0,3,3,3,3,4,2,2,3,3,3,2,2,2,2,2,2,11,0,1,1,0,0,0,0,0,1,0,0,0,0,0,0,0,0,0,a,a,0,0,0,0,1,1,0,0,0,0,0,1,0,1,0,0,0,0,0,0,0,i,i,0,0,0,2,2,1,1,1,1,2,3,3,1,2,3,i,0,0,1,0,0,0,0,0,1,1,0,i,0,0,0,0,3,3,5,2,5,1,1,1,1,1,1,1,1,1,1,1,1,1,1,1,i,1,1,3,3,0,1,0,0,0,0,0,0,i,i,i,1,0,0,0,0,0,0,0,1,0,0,0,0,0,i,0,0,0,2,2,1,5,5,4,3,3,0,0,0,1,1,0,1,0,0,0,0,0,0,0,0,0,0,0,0,0,0,0,0,0,0,0,1,0,0,0,0,0,3,3,3,5,1,1,1,1,1,2,1,1,2,2,2,2,2,2,3,2,2,2,2,2,3,2,0,0,0,1,0,0,0,1,0,0,1,0,0,0,2,i,i,i,i,i,i,i,i,i,i,i,i,i,i,i,i,i,i,i,i,i,i,i,i,i,i,i,i,i,i,i,i,i,i,i,i,i,0,0,0,0,0,0,0,1,0,0,0,0,0,0,0,1,1,0,1,0,0,0,0,0,0,2,2,40,3,1,6,3,18,8,i,i,0,0,0,0,1,0,0,i,i,i,i,i,i,i,i,i,i,i,i,i,i,i,i,i,i,i,i,i,i,i,i,i,i,i,i,i,i,0,0,0,1,0,0,3,1,4,4,0,0,2,2,2,1,2,1,0,0,0,0,0,0,1,0,0,6,6,6,3,2,2,2,2,i,i,2,i,i,i,i,i,a,a,i,a,8,12,15,32,15,56,24,1,3,1,6,i,i,6,i,i,i,i,i,i,i,i,i,i,i,i,i,126,11,1
6291,doi:10.4232/1.12497,1.0.0 (2016-04-22),1,1,131,14000131,14211,14,3,TN,0.973697,1.377675,0.0,1.189387,1.499454,0.0,0.0,4,1,1,1,1,1,1,3,2,2,2,2,1,1,2,1,8,0,0,0,1,0,0,1,0,0,0,1,0,0,0,0,0,0,0,a,a,0,0,0,0,0,0,1,0,0,1,1,0,0,1,0,0,0,0,0,0,0,i,i,0,0,0,2,2,1,1,1,1,1,1,1,1,3,1,2,0,1,0,0,0,0,0,0,1,1,0,i,0,0,0,0,1,1,1,2,1,2,2,2,2,1,1,1,2,2,2,2,2,1,1,2,i,1,1,3,3,0,1,0,0,0,0,0,0,i,i,i,0,0,0,0,0,0,0,0,0,1,0,0,0,0,i,0,0,0,4,4,2,3,2,4,4,4,0,1,0,0,0,0,1,0,0,0,0,1,1,0,0,0,0,0,0,1,0,0,0,0,0,0,0,0,0,0,0,0,4,4,4,3,1,1,1,1,2,2,2,2,2,4,2,1,1,1,3,1,1,2,3,3,4,4,0,0,0,0,0,0,0,0,1,0,0,0,0,0,1,2,i,i,i,i,1,1,1,1,0,0,0,0,0,0,0,0,0,0,1,0,0,1,0,0,0,0,0,0,0,0,0,0,0,0,0,1,1,1,0,0,0,0,0,0,0,0,0,0,0,0,0,1,1,0,1,0,0,0,0,0,0,1,1,53,3,18,2,1,8,5,i,i,0,0,0,0,1,0,0,i,i,i,i,i,i,i,i,i,i,i,i,i,i,i,i,i,i,i,i,i,i,i,i,i,i,i,i,i,i,1,0,0,0,0,1,8,2,2,2,1,1,1,1,1,1,3,1,1,1,1,1,1,0,1,0,0,1,1,1,3,1,2,2,1,i,i,2,i,1,i,i,1,a,a,i,a,9,12,16,20,17,0,40,2,2,2,6,i,i,6,i,i,i,i,i,i,i,i,i,i,i,i,i,133,11,1
6291,doi:10.4232/1.12497,1.0.0 (2016-04-22),1,1,132,14000132,14212,14,3,TN,1.090702,1.377675,0.0,1.189387,1.499454,0.0,0.0,4,2,1,2,2,1,1,4,2,2,2,1,3,1,3,1,15,0,0,1,0,0,1,0,0,0,0,0,0,0,0,0,0,0,0,a,a,0,0,0,0,0,1,0,0,1,0,0,0,0,0,0,0,0,1,0,0,0,i,i,0,0,0,2,2,1,3,1,2,2,1,2,2,2,1,2,0,0,0,1,0,0,0,0,0,0,0,i,0,0,0,0,1,1,1,1,1,1,2,1,1,2,2,1,2,2,1,1,1,1,2,1,i,1,1,1,3,0,1,0,0,0,0,0,0,i,i,i,1,0,1,0,0,0,0,1,0,0,0,0,0,0,i,0,0,0,2,4,1,1,2,4,4,4,0,0,0,0,1,0,0,1,0,0,1,1,1,0,0,0,0,0,0,0,0,0,0,0,0,0,1,1,0,0,0,0,2,2,2,4,2,2,2,2,2,2,2,2,2,4,4,2,1,2,1,1,2,1,1,1,1,1,0,0,0,0,1,0,0,0,1,1,0,0,0,0,1,2,i,i,i,i,1,1,1,2,0,0,0,0,0,1,0,0,0,0,0,0,0,0,0,0,0,0,0,0,0,0,0,0,0,0,1,1,0,1,0,0,0,0,0,1,1,0,0,0,0,0,0,1,1,0,1,0,1,0,1,0,0,1,1,33,2,99,9,1,16,8,i,i,1,0,0,0,0,0,1,0,0,0,0,0,0,0,0,0,0,0,0,0,0,0,0,0,0,0,0,0,0,0,0,0,0,0,0,0,1,1,0,0,0,0,1,7,1,2,2,1,1,0,0,2,1,2,1,0,0,1,0,0,1,0,0,0,7,1,2,2,1,2,2,2,i,i,2,i,2,i,i,i,a,a,i,a,9,12,13,50,14,12,22,1,1,1,6,i,i,6,i,i,i,i,i,i,i,i,i,i,i,i,i,139,12,1
6291,doi:10.4232/1.12497,1.0.0 (2016-04-22),1,1,133,14000133,14213,14,3,TN,1.047189,1.377675,0.0,1.189387,1.499454,0.0,0.0,4,3,2,2,3,1,2,3,1,2,2,3,3,3,3,3,3,0,0,0,0,0,0,1,1,0,0,0,1,0,0,0,0,0,0,a,a,0,0,0,0,0,1,0,0,0,1,1,0,0,0,1,0,0,0,0,0,0,i,i,0,0,0,2,2,1,2,1,3,3,2,3,2,6,2,i,0,0,0,0,0,0,0,0,0,0,0,i,0,0,1,0,5,5,5,5,5,1,1,3,1,1,2,2,2,2,2,1,1,2,2,3,i,2,1,4,5,1,1,0,0,0,0,0,0,i,i,i,1,0,0,0,0,0,0,1,0,0,0,0,0,0,i,0,0,0,4,4,1,2,2,3,5,5,0,0,0,0,0,0,0,0,0,0,0,0,0,0,0,1,1,0,0,0,0,0,0,0,0,0,0,1,0,0,0,0,4,1,3,5,2,2,2,1,1,2,3,3,2,4,4,2,1,3,4,2,2,1,4,1,4,4,1,0,0,0,0,0,1,0,0,0,1,0,0,0,2,i,i,i,i,i,i,i,i,i,i,i,i,i,i,i,i,i,i,i,i,i,i,i,i,i,i,i,i,i,i,i,i,i,i,i,i,i,0,1,0,0,0,0,0,0,1,1,0,0,0,0,0,1,2,0,0,0,1,0,0,0,0,2,2,67,4,1,6,5,1,1,19,i,0,0,0,0,1,0,0,i,i,i,i,i,i,i,i,i,i,i,i,i,i,i,i,i,i,i,i,i,i,i,i,i,i,i,i,i,i,0,0,0,1,0,0,7,3,4,4,2,2,1,1,1,2,1,1,0,0,1,1,1,1,0,0,0,6,i,6,3,2,2,2,2,i,i,2,i,i,i,i,i,a,a,i,a,8,12,13,55,14,37,42,2,1,1,6,i,i,6,i,i,i,i,i,i,i,i,i,i,i,i,i,134,13,1
6291,doi:10.4232/1.12497,1.0.0 (2016-04-22),1,1,134,14000134,14214,14,3,TN,1.042536,1.377675,0.0,1.189387,1.499454,0.0,0.0,2,3,3,3,4,2,2,3,3,2,2,1,1,1,1,1,6,0,0,0,1,0,0,1,0,0,0,0,0,0,0,0,0,0,0,a,a,0,0,0,0,0,0,1,0,1,1,0,0,0,0,0,0,0,0,0,0,0,i,i,0,0,0,1,2,1,3,2,4,2,2,2,1,2,1,2,0,0,0,1,0,0,0,0,0,0,0,i,0,0,0,0,3,3,3,3,3,1,2,2,1,2,2,1,2,1,1,1,1,1,2,2,i,2,2,1,2,1,1,0,0,0,0,0,0,i,i,i,0,0,0,0,0,0,0,1,1,0,0,0,0,0,i,0,0,0,2,3,5,5,5,5,5,5,0,0,1,0,1,0,0,0,1,0,1,0,1,0,0,0,0,0,0,0,0,0,0,0,0,0,1,0,1,0,0,0,4,2,2,3,1,1,2,2,1,2,1,2,2,3,3,2,1,4,4,4,4,4,4,4,4,4,1,0,0,0,0,0,0,0,1,0,1,0,0,0,1,24,i,i,i,i,1,1,1,1,0,0,0,0,0,0,0,0,0,1,0,0,0,0,0,0,1,0,0,0,0,0,0,0,0,0,0,2,1,1,0,0,0,0,0,0,1,0,0,0,0,0,0,2,2,1,0,0,1,0,0,0,0,2,1,54,3,1,6,1,8,5,i,i,1,0,0,0,0,0,1,0,0,0,0,0,0,0,0,0,0,0,0,0,1,0,0,0,0,0,0,0,0,0,0,0,0,0,0,0,0,1,0,0,0,0,1,6,2,2,2,0,0,0,0,1,1,3,1,0,0,0,0,1,1,0,0,0,7,6,6,3,2,2,2,2,i,i,2,i,i,i,i,i,a,a,i,a,9,12,11,0,12,0,59,1,2,1,6,i,i,6,i,i,i,i,i,i,i,i,i,i,i,i,i,139,12,1
6291,doi:10.4232/1.12497,1.0.0 (2016-04-22),1,1,135,14000135,14215,14,3,TN,1.094706,1.377675,0.0,1.189387,1.499454,0.0,0.0,3,2,2,2,2,1,1,3,3,2,3,3,3,1,1,1,3,0,0,0,1,0,1,0,0,0,1,0,0,0,0,0,0,0,0,a,a,0,0,0,0,0,1,1,0,1,0,0,0,1,0,0,0,0,0,0,0,0,i,i,0,0,0,2,2,1,3,2,2,1,1,1,4,2,2,i,0,1,0,0,0,1,0,0,1,0,0,i,0,0,0,0,3,3,1,2,2,1,2,2,2,2,2,2,2,2,2,1,1,1,2,1,i,2,2,1,1,1,1,0,0,0,0,0,0,i,i,i,0,0,0,0,0,0,0,1,1,0,0,0,0,0,i,0,0,0,1,3,1,1,1,2,1,2,0,0,1,0,0,0,0,0,0,0,1,1,1,0,0,0,0,0,0,0,0,0,0,0,0,0,1,0,1,0,0,0,2,2,2,4,1,1,2,2,2,2,1,1,2,4,3,3,2,1,1,3,2,2,1,4,4,4,1,0,0,0,0,0,0,0,1,0,1,0,0,0,2,i,i,i,i,i,i,i,i,i,i,i,i,i,i,i,i,i,i,i,i,i,i,i,i,i,i,i,i,i,i,i,i,i,i,i,i,i,1,0,0,0,0,0,0,0,1,1,0,0,0,0,0,1,2,0,1,0,0,1,0,0,0,2,2,42,3,20,3,1,16,8,i,i,0,0,0,0,1,0,0,i,i,i,i,i,i,i,i,i,i,i,i,i,i,i,i,i,i,i,i,i,i,i,i,i,i,i,i,i,i,0,0,0,1,0,0,6,2,5,4,1,1,2,2,2,1,2,1,0,0,0,0,0,1,0,0,0,7,6,6,2,2,2,2,2,i,i,2,i,i,i,i,i,a,a,i,a,9,12,12,10,12,40,30,1,1,1,6,i,i,6,i,i,i,i,i,i,i,i,i,i,i,i,i,139,12,1
6291,doi:10.4232/1.12497,1.0.0 (2016-04-22),1,1,136,14000136,14216,14,3,TN,1.038976,1.377675,0.0,1.189387,1.499454,0.0,0.0,4,4,4,4,4,3,3,4,2,3,3,2,2,2,2,2,7,0,0,0,0,0,0,0,1,0,0,0,0,0,0,0,0,0,0,a,a,0,0,0,0,0,0,0,0,0,1,1,0,0,0,0,0,0,0,0,0,0,i,i,0,0,0,2,2,1,1,1,1,2,2,2,3,2,1,2,0,1,0,0,0,1,0,0,0,0,0,i,0,0,0,0,5,2,1,5,3,1,1,2,2,2,3,1,1,3,1,2,3,1,1,3,i,1,1,3,2,1,0,0,0,0,0,0,0,i,i,i,0,0,0,0,0,0,0,1,0,0,0,0,0,0,i,0,0,0,2,4,3,5,2,4,4,4,1,0,0,1,0,0,0,0,0,0,0,0,0,0,0,0,1,0,0,0,0,1,0,0,0,0,0,0,0,0,0,0,3,4,4,2,2,2,2,2,2,2,2,2,2,3,3,2,3,3,4,3,2,2,4,3,4,4,1,0,0,0,1,0,0,1,0,0,0,0,0,0,2,i,i,i,i,i,i,i,i,i,i,i,i,i,i,i,i,i,i,i,i,i,i,i,i,i,i,i,i,i,i,i,i,i,i,i,i,i,1,0,0,0,0,0,0,0,0,1,0,1,0,0,0,1,1,0,1,0,1,0,1,0,0,2,1,54,3,17,2,1,13,7,i,i,0,0,0,0,1,0,0,i,i,i,i,i,i,i,i,i,i,i,i,i,i,i,i,i,i,i,i,i,i,i,i,i,i,i,i,i,i,1,0,0,0,0,1,3,1,4,4,0,0,1,1,2,1,2,1,1,0,1,0,0,0,1,0,0,6,6,6,3,2,2,2,2,i,i,2,i,i,i,i,i,a,a,i,a,8,12,13,0,13,16,16,1,1,1,6,i,i,6,i,i,i,i,i,i,i,i,i,i,i,i,i,127,10,1
6291,doi:10.4232/1.12497,1.0.0 (2016-04-22),1,1,137,14000137,14217,14,3,TN,1.006612,1.377675,0.0,1.189387,1.499454,0.0,0.0,4,3,2,2,3,2,2,4,3,3,3,1,1,3,3,1,6,0,0,1,0,0,0,1,0,0,0,0,0,0,0,0,0,0,0,a,a,0,0,0,0,0,1,0,0,1,1,0,0,0,0,0,0,0,0,0,0,0,i,i,0,0,0,2,2,1,3,1,3,2,2,2,1,2,1,2,0,0,0,1,0,1,0,1,0,1,0,i,0,0,0,0,2,3,1,2,1,1,2,2,1,2,2,1,2,2,1,2,1,1,2,1,i,2,1,2,3,1,0,0,0,0,0,0,0,i,i,i,0,1,1,0,0,0,0,1,0,0,0,0,0,0,i,0,0,0,2,4,1,1,2,2,2,2,0,1,0,0,1,0,0,0,0,0,1,1,1,0,0,0,0,0,0,0,1,0,0,0,0,0,0,0,1,0,0,0,2,2,1,4,1,1,2,2,1,1,2,2,2,3,3,3,2,1,1,3,2,2,2,2,3,4,0,0,0,0,1,0,0,0,1,0,1,0,0,0,2,i,i,i,i,i,i,i,i,i,i,i,i,i,i,i,i,i,i,i,i,i,i,i,i,i,i,i,i,i,i,i,i,i,i,i,i,i,0,0,0,0,0,0,0,1,1,1,0,0,0,0,0,1,2,1,0,1,0,1,0,0,0,2,1,64,4,1,6,1,18,8,i,i,0,0,0,0,1,0,0,i,i,i,i,i,i,i,i,i,i,i,i,i,i,i,i,i,i,i,i,i,i,i,i,i,i,i,i,i,i,1,0,0,0,0,1,3,1,5,4,0,0,0,0,2,2,4,1,0,0,0,0,0,1,0,0,0,7,6,6,2,2,2,2,2,i,i,2,i,i,i,i,i,a,a,i,a,9,12,12,55,13,35,40,1,3,1,6,i,i,6,i,i,i,i,i,i,i,i,i,i,i,i,i,139,12,1
6291,doi:10.4232/1.12497,1.0.0 (2016-04-22),1,1,138,14000138,14218,14,3,TN,1.082419,1.377675,0.0,1.189387,1.499454,0.0,0.0,1,3,2,2,3,2,2,3,3,2,2,1,1,1,3,1,6,0,0,0,0,0,0,1,0,0,0,0,1,0,0,0,0,0,0,a,a,0,0,0,0,0,0,0,0,1,1,0,0,0,0,1,0,0,0,0,0,0,i,i,0,0,0,3,3,1,3,2,2,2,1,2,1,2,1,2,0,1,0,0,0,1,0,0,0,0,0,i,0,0,0,0,2,3,2,2,3,1,2,1,1,1,2,2,2,2,1,1,1,1,1,1,i,2,2,4,3,0,0,0,0,0,0,0,0,i,i,i,0,0,0,0,0,0,1,1,0,0,0,0,0,0,i,0,0,0,4,4,2,2,3,2,3,3,0,0,0,0,1,0,0,0,0,0,0,0,0,0,0,0,0,0,0,0,1,0,0,0,0,0,0,0,0,0,0,0,4,2,3,4,2,2,2,2,1,1,2,2,2,4,4,2,2,2,2,4,2,3,3,4,1,4,0,1,0,0,1,1,0,0,0,0,0,0,0,0,2,i,i,i,i,i,i,i,i,i,i,i,i,i,i,i,i,i,i,i,i,i,i,i,i,i,i,i,i,i,i,i,i,i,i,i,i,i,0,1,0,0,0,0,0,1,1,0,0,0,0,0,0,1,1,0,1,0,1,0,0,0,0,2,2,37,2,12,1,1,17,8,i,i,0,0,0,0,1,0,0,i,i,i,i,i,i,i,i,i,i,i,i,i,i,i,i,i,i,i,i,i,i,i,i,i,i,i,i,i,i,1,0,0,0,0,1,5,3,3,3,1,1,1,1,1,1,3,1,1,0,1,1,0,0,1,0,0,2,2,6,3,1,2,2,1,i,i,2,i,2,i,i,4,a,a,i,a,9,12,11,5,11,25,20,2,1,1,6,i,i,6,i,i,i,i,i,i,i,i,i,i,i,i,i,130,10,1
6291,doi:10.4232/1.12497,1.0.0 (2016-04-22),1,1,139,14000139,14219,14,3,TN,0.893598,1.377675,0.0,1.189387,1.499454,0.0,0.0,2,1,1,1,1,1,1,3,2,2,2,3,3,3,2,3,7,0,0,1,0,0,1,0,0,0,0,0,0,0,0,0,0,0,0,a,a,0,0,0,0,0,1,0,0,1,1,0,0,0,0,0,0,0,0,0,0,0,i,i,0,0,0,2,2,1,1,1,2,2,2,2,3,2,1,2,0,0,0,0,0,1,0,0,1,0,0,i,0,0,0,0,3,4,2,2,2,2,2,1,2,1,1,1,3,1,1,1,1,1,1,1,i,1,1,4,4,0,1,0,0,0,0,0,0,i,i,i,1,0,0,0,0,0,0,1,0,1,0,0,0,0,i,0,0,0,3,4,4,1,5,4,4,4,1,0,1,1,0,0,0,0,0,0,0,0,0,0,0,0,0,0,1,0,0,0,0,0,0,0,0,0,1,0,0,0,4,2,2,4,3,3,2,2,2,2,2,2,2,3,3,2,3,2,2,4,2,2,2,3,4,4,1,0,0,0,1,0,0,0,1,0,0,0,0,0,1,24,i,i,i,i,1,1,1,4,0,0,1,0,0,1,0,0,0,0,0,0,0,0,0,0,1,0,0,0,0,0,0,0,0,0,0,1,0,0,0,0,0,0,0,1,0,0,1,1,0,0,0,1,1,0,1,0,1,0,0,0,0,1,1,23,1,0,5,3,2,2,19,i,0,1,0,0,0,0,1,0,0,0,0,0,0,0,0,0,0,0,0,0,0,0,0,0,1,0,0,0,0,0,0,0,0,0,0,0,0,1,1,0,0,0,1,6,3,3,3,0,0,0,0,1,1,3,1,1,1,1,1,1,1,0,0,0,1,i,2,3,1,2,2,1,i,i,2,i,1,i,i,1,a,a,i,a,8,12,14,20,14,46,26,1,1,1,6,i,i,6,i,i,i,i,i,i,i,i,i,i,i,i,i,127,10,1
6291,doi:10.4232/1.12497,1.0.0 (2016-04-22),1,1,140,14000140,14220,14,3,TN,0.934832,1.377675,0.0,1.189387,1.499454,0.0,0.0,1,2,2,2,2,2,2,4,2,1,2,2,1,1,2,1,7,0,0,0,0,0,1,0,0,0,0,0,0,0,0,1,0,0,0,a,a,0,0,0,0,0,0,0,0,1,1,0,0,0,0,0,0,0,1,0,0,0,i,i,0,0,0,2,2,1,1,1,2,1,2,2,1,6,1,2,0,0,0,1,0,0,0,0,0,0,0,i,0,0,0,0,2,4,2,2,2,1,1,3,1,3,1,1,1,2,1,1,3,1,1,2,i,1,1,2,3,0,0,0,0,0,0,0,0,i,i,i,0,0,1,0,0,0,0,0,0,0,0,0,0,0,i,0,1,0,2,4,2,3,5,4,4,4,0,1,0,0,1,0,0,0,0,0,0,0,1,0,0,0,0,1,0,0,0,0,0,0,0,0,0,0,1,0,0,0,2,1,3,1,3,2,2,2,2,2,2,2,2,4,4,4,4,2,4,4,2,4,4,4,4,4,1,0,0,0,1,0,0,0,0,1,0,0,0,0,2,i,i,i,i,i,i,i,i,i,i,i,i,i,i,i,i,i,i,i,i,i,i,i,i,i,i,i,i,i,i,i,i,i,i,i,i,i,1,0,0,0,0,0,0,0,0,1,0,0,0,0,0,1,1,0,0,0,1,0,0,0,0,1,2,40,3,23,3,1,12,6,i,i,0,0,0,0,1,0,0,i,i,i,i,i,i,i,i,i,i,i,i,i,i,i,i,i,i,i,i,i,i,i,i,i,i,i,i,i,i,1,0,0,0,0,1,7,3,2,2,0,0,0,0,1,1,3,1,1,0,1,1,1,1,0,0,0,1,6,6,3,1,2,2,1,i,i,2,i,1,i,i,3,a,a,i,a,9,12,11,40,12,0,20,1,1,1,6,i,i,6,i,i,i,i,i,i,i,i,i,i,i,i,i,130,10,1
6291,doi:10.4232/1.12497,1.0.0 (2016-04-22),1,1,141,14000141,14221,14,3,TN,1.046421,1.377675,0.0,1.189387,1.499454,0.0,0.0,1,2,2,2,2,2,2,4,4,3,3,1,1,1,1,1,7,0,0,1,0,0,1,0,0,0,0,0,0,0,0,0,0,0,0,a,a,0,0,0,0,0,1,0,0,1,1,0,0,0,0,0,0,0,0,0,0,0,i,i,0,0,0,2,2,1,1,2,2,1,2,2,2,2,2,i,0,0,0,1,0,0,0,0,1,1,0,i,0,0,0,0,2,2,3,2,3,2,1,1,1,1,1,2,3,1,1,2,2,1,1,2,i,1,1,2,3,0,0,1,0,0,0,0,0,i,i,i,0,0,1,0,0,0,0,0,1,1,0,0,0,0,i,0,0,0,4,3,2,2,3,2,2,4,1,0,0,1,0,0,1,0,0,0,0,0,0,0,0,0,0,0,0,0,0,0,0,0,0,0,0,0,0,0,0,1,4,4,4,2,1,1,2,2,2,2,2,2,2,4,2,2,4,3,3,4,2,2,2,4,4,4,1,1,0,1,0,0,0,0,0,0,0,0,0,0,1,7,i,i,i,i,1,1,1,4,1,0,0,0,0,1,0,0,1,0,0,0,0,0,1,0,0,1,0,0,0,0,0,0,0,0,0,1,1,1,0,0,0,0,0,0,1,0,0,0,0,0,0,1,1,0,1,0,1,0,1,0,0,1,1,17,1,17,2,3,3,3,17,4,0,0,0,0,1,0,0,i,i,i,i,i,i,i,i,i,i,i,i,i,i,i,i,i,i,i,i,i,i,i,i,i,i,i,i,i,i,1,0,0,0,0,1,5,1,2,2,7,4,0,0,2,1,2,1,1,0,0,0,0,0,1,0,0,1,i,1,3,1,2,2,1,i,i,2,i,1,i,i,1,a,a,i,a,8,12,13,0,13,28,28,1,1,1,6,i,i,6,i,i,i,i,i,i,i,i,i,i,i,i,i,127,10,1
6291,doi:10.4232/1.12497,1.0.0 (2016-04-22),1,1,142,14000142,14222,14,3,TN,1.082419,1.377675,0.0,1.189387,1.499454,0.0,0.0,2,2,2,2,2,2,2,3,3,3,3,1,1,1,2,2,7,0,0,1,0,0,1,0,0,0,0,0,0,0,0,0,0,0,0,a,a,0,0,0,0,0,1,0,0,1,1,0,0,0,0,0,0,0,0,0,0,0,i,i,0,0,0,2,2,1,1,2,1,2,2,2,2,2,1,2,0,1,0,0,0,1,0,0,0,0,0,i,0,0,0,0,2,3,3,2,2,1,2,1,1,1,1,2,1,1,1,1,2,1,1,1,i,1,1,2,3,1,1,0,0,0,0,0,0,i,i,i,0,0,0,0,0,0,0,1,0,0,0,0,0,0,i,0,0,0,4,4,2,2,3,3,3,3,0,0,1,0,1,0,0,0,0,0,0,0,0,0,0,0,1,0,0,0,0,0,0,0,0,0,1,0,0,0,0,0,3,2,2,2,1,1,2,1,2,2,2,2,2,4,4,2,2,2,4,4,2,2,4,3,4,4,1,0,0,0,0,0,1,0,0,1,0,0,0,0,1,13,i,i,i,i,1,1,1,1,0,1,0,0,0,0,0,0,0,0,0,0,0,0,0,0,0,0,0,0,0,0,1,0,0,0,0,2,0,1,0,0,0,0,0,0,0,0,0,0,0,0,0,1,1,0,1,0,0,1,0,0,0,1,2,39,2,11,1,1,14,7,i,i,0,0,0,0,1,0,0,i,i,i,i,i,i,i,i,i,i,i,i,i,i,i,i,i,i,i,i,i,i,i,i,i,i,i,i,i,i,1,0,0,0,0,1,5,1,3,3,0,0,1,1,2,1,2,1,0,0,0,0,0,0,1,0,0,6,6,6,3,2,2,2,2,i,i,2,i,i,i,i,i,a,a,i,a,9,12,12,10,12,30,20,1,1,1,6,i,i,6,i,i,i,i,i,i,i,i,i,i,i,i,i,130,10,1
6291,doi:10.4232/1.12497,1.0.0 (2016-04-22),1,1,143,14000143,14223,14,3,TN,0.887241,1.377675,0.0,1.189387,1.499454,0.0,0.0,1,3,2,3,3,2,2,3,5,1,2,1,2,2,1,2,3,0,0,0,1,0,0,1,0,0,0,0,0,0,0,0,0,0,0,a,a,0,0,0,0,0,1,1,0,0,1,0,0,0,0,0,0,0,0,0,0,0,i,i,0,0,0,3,3,3,4,1,1,2,2,2,6,6,1,2,1,0,0,0,0,0,0,0,0,0,0,i,0,0,0,0,5,5,5,5,5,1,3,3,3,3,3,3,3,3,3,3,3,3,3,3,i,3,3,3,3,0,0,0,0,0,0,0,0,i,i,i,0,0,1,0,0,0,0,1,0,0,0,0,0,1,i,0,0,0,3,5,2,2,5,4,5,2,1,1,0,1,0,0,0,0,0,0,0,1,0,0,0,0,0,0,0,0,0,0,0,0,0,0,0,0,0,0,0,1,4,2,2,4,3,1,2,2,1,2,1,1,2,2,2,4,1,3,3,4,2,2,4,4,3,4,1,1,0,0,0,0,1,0,0,0,0,0,0,0,2,i,i,i,i,i,i,i,i,i,i,i,i,i,i,i,i,i,i,i,i,i,i,i,i,i,i,i,i,i,i,i,i,i,i,i,i,i,1,0,0,0,0,0,0,0,0,1,1,0,0,0,0,1,2,0,1,1,0,0,1,0,0,2,1,40,3,25,3,1,16,8,i,i,0,0,0,0,1,0,0,i,i,i,i,i,i,i,i,i,i,i,i,i,i,i,i,i,i,i,i,i,i,i,i,i,i,i,i,i,i,1,0,0,0,0,1,5,3,2,2,0,0,0,0,2,1,2,1,0,0,0,0,1,1,0,0,0,6,5,6,3,1,2,2,2,i,i,2,i,3,i,i,i,a,a,i,a,8,12,12,36,13,8,28,1,1,1,6,i,i,6,i,i,i,i,i,i,i,i,i,i,i,i,i,127,10,1
6291,doi:10.4232/1.12497,1.0.0 (2016-04-22),1,1,144,14000144,14224,14,3,TN,1.046421,1.377675,0.0,1.189387,1.499454,0.0,0.0,4,2,2,2,2,4,4,4,1,4,2,2,1,3,3,2,6,0,0,0,0,0,0,0,0,0,0,0,1,0,0,0,0,0,0,a,a,0,0,0,0,0,0,0,0,1,0,0,0,0,0,1,0,0,0,0,0,0,i,i,0,0,0,2,2,1,1,2,2,2,2,2,1,6,1,2,0,0,0,1,0,0,0,0,0,0,0,i,0,0,0,0,5,3,2,2,2,1,1,3,1,1,1,3,3,1,1,1,3,1,1,1,i,1,1,1,2,0,1,1,0,0,0,0,0,i,i,i,0,0,0,0,0,0,0,0,1,1,0,0,0,0,i,0,0,0,4,4,4,4,4,5,4,4,0,1,0,0,1,0,0,0,0,0,0,0,0,0,0,0,0,1,0,0,1,0,0,0,0,0,0,0,0,0,0,0,4,2,2,2,1,1,3,2,2,2,2,2,2,4,4,2,2,2,5,4,2,2,2,5,4,4,1,1,0,0,0,0,0,1,0,0,0,0,0,0,1,29,i,i,i,i,1,1,1,5,1,0,0,0,0,1,0,0,0,0,0,0,0,0,0,0,0,0,0,0,0,0,0,0,0,1,0,1,0,1,0,0,0,0,0,0,0,0,0,0,0,0,0,1,1,0,1,0,0,0,0,0,0,2,1,18,1,0,5,3,2,2,17,4,0,0,0,0,1,0,0,i,i,i,i,i,i,i,i,i,i,i,i,i,i,i,i,i,i,i,i,i,i,i,i,i,i,i,i,i,i,1,0,0,0,0,1,4,3,4,4,1,1,0,0,1,1,3,1,0,0,1,1,0,1,0,0,0,1,i,6,3,1,1,2,1,i,i,2,i,1,1,i,1,a,a,i,a,9,12,12,35,12,57,22,1,1,1,6,i,i,6,i,i,i,i,i,i,i,i,i,i,i,i,i,130,10,1
6291,doi:10.4232/1.12497,1.0.0 (2016-04-22),1,1,145,14000145,14225,14,3,TN,1.090702,1.377675,0.0,1.189387,1.499454,0.0,0.0,4,3,3,3,4,3,3,4,4,4,4,1,1,1,1,1,6,0,0,0,0,0,0,0,0,0,0,0,1,0,0,0,0,0,0,a,a,0,0,0,0,0,0,0,0,1,0,0,0,0,0,1,0,0,0,0,0,0,i,i,0,0,0,2,2,1,2,5,5,1,2,2,5,2,3,i,0,0,0,1,0,0,0,0,0,0,0,i,0,0,0,0,3,3,3,5,3,2,2,3,2,2,2,2,2,1,2,1,3,2,2,3,i,2,2,4,5,0,0,0,0,0,0,0,0,i,i,i,0,0,0,1,0,0,0,0,0,0,0,0,0,0,i,0,1,0,1,4,2,2,4,5,5,2,1,0,0,0,0,0,0,0,0,0,0,0,0,0,0,0,0,0,0,0,0,0,0,0,0,0,1,1,0,0,0,0,4,2,4,2,2,2,2,1,2,2,2,3,2,3,3,4,4,2,4,4,4,4,2,4,4,4,0,0,0,0,0,0,0,1,0,1,0,0,0,0,1,38,i,i,i,i,1,1,1,6,0,0,0,0,0,1,0,0,0,0,0,0,0,0,0,0,0,0,0,0,0,1,0,0,0,0,0,2,0,0,0,0,0,0,0,0,0,1,0,0,0,0,0,4,2,0,1,0,0,0,0,0,0,1,1,30,2,18,2,1,3,3,17,4,0,0,0,0,1,0,0,i,i,i,i,i,i,i,i,i,i,i,i,i,i,i,i,i,i,i,i,i,i,i,i,i,i,i,i,i,i,1,0,0,0,0,1,1,1,2,2,0,0,0,0,2,1,2,1,1,0,0,0,0,0,1,0,0,6,i,2,3,1,2,2,2,i,i,2,i,1,i,i,i,a,a,i,a,8,12,12,10,12,30,20,1,1,1,6,i,i,6,i,i,i,i,i,i,i,i,i,i,i,i,i,127,10,1
6291,doi:10.4232/1.12497,1.0.0 (2016-04-22),1,1,146,14000146,14226,14,3,TN,1.086978,1.377675,0.0,1.189387,1.499454,0.0,0.0,1,3,3,3,4,1,2,4,4,2,2,1,1,1,2,1,7,0,0,0,1,0,0,0,0,0,0,0,0,0,0,0,0,0,0,a,a,0,0,0,0,0,0,1,0,0,1,0,0,0,0,0,0,0,0,0,0,0,i,i,0,0,0,2,1,1,3,1,1,2,1,2,3,2,1,2,0,0,0,0,0,0,0,0,0,0,1,i,0,0,0,0,2,2,2,2,1,1,1,2,2,1,1,1,2,1,1,1,1,1,1,1,i,1,1,2,3,1,0,0,0,0,0,0,0,i,i,i,0,0,1,0,0,0,0,1,0,0,1,0,0,0,i,0,0,0,4,4,2,2,3,4,3,3,1,0,0,0,0,0,0,0,0,0,0,0,0,0,0,0,1,0,0,0,0,0,0,0,0,0,0,0,0,0,0,0,4,2,2,1,1,1,1,1,2,2,2,2,2,4,4,2,2,1,4,2,2,3,2,4,4,4,1,0,1,0,1,0,0,0,0,0,0,0,0,0,2,i,i,i,i,i,i,i,i,i,i,i,i,i,i,i,i,i,i,i,i,i,i,i,i,i,i,i,i,i,i,i,i,i,i,i,i,i,0,1,0,0,0,0,0,1,0,0,0,0,0,0,0,1,1,0,1,0,0,0,0,0,0,2,1,30,2,16,2,3,6,5,i,i,0,0,0,0,1,0,0,i,i,i,i,i,i,i,i,i,i,i,i,i,i,i,i,i,i,i,i,i,i,i,i,i,i,i,i,i,i,0,0,0,1,0,0,5,1,1,1,0,0,0,0,2,1,2,1,0,0,1,1,1,0,1,0,0,2,6,6,3,1,2,2,1,i,i,2,i,3,i,i,3,a,a,i,a,9,12,10,30,10,54,25,2,1,1,6,i,i,6,i,i,i,i,i,i,i,i,i,i,i,i,i,130,10,1
6291,doi:10.4232/1.12497,1.0.0 (2016-04-22),1,1,147,14000147,14227,14,3,TN,1.078723,1.377675,0.0,1.189387,1.499454,0.0,0.0,4,2,2,2,2,2,2,4,5,3,3,1,3,3,2,3,7,0,0,0,0,0,0,0,0,0,0,0,0,0,0,0,0,0,0,a,a,1,0,0,0,0,0,0,0,0,1,0,0,0,0,0,0,0,0,0,0,0,i,i,1,0,0,2,2,2,2,1,2,2,1,2,3,5,2,i,0,0,0,0,0,0,0,0,0,0,0,i,0,1,0,0,2,3,3,5,5,2,2,2,2,1,2,1,1,2,1,2,1,1,1,2,i,1,1,2,3,0,1,0,0,0,0,0,0,i,i,i,1,0,0,0,0,0,0,1,0,0,0,0,0,0,i,0,0,0,4,4,2,2,2,4,3,3,0,0,1,0,0,0,0,0,0,0,0,0,1,0,0,0,0,0,0,0,1,0,0,0,0,0,1,0,0,0,0,0,3,3,2,3,2,2,2,2,2,2,2,2,2,4,4,2,3,2,3,4,2,2,3,4,4,4,1,0,0,0,1,0,0,0,0,1,0,0,0,0,1,3,i,i,i,i,1,1,1,5,0,0,0,0,0,0,1,1,0,0,0,0,0,0,0,0,1,0,0,0,1,0,0,0,0,0,0,1,0,1,0,0,0,0,0,1,0,0,0,0,0,0,0,1,1,0,1,0,1,0,0,0,0,1,2,30,2,18,2,1,1,1,13,3,0,0,0,0,1,0,0,i,i,i,i,i,i,i,i,i,i,i,i,i,i,i,i,i,i,i,i,i,i,i,i,i,i,i,i,i,i,1,0,0,0,0,1,6,1,2,2,2,2,0,0,2,1,2,1,0,0,1,1,1,1,0,0,0,2,i,6,3,1,2,2,1,i,i,2,i,2,i,i,2,a,a,i,a,8,12,11,35,12,0,25,1,2,1,6,i,i,6,i,i,i,i,i,i,i,i,i,i,i,i,i,127,10,1
6291,doi:10.4232/1.12497,1.0.0 (2016-04-22),1,1,148,14000148,14228,14,3,TN,1.01441,1.377675,0.0,1.189387,1.499454,0.0,0.0,4,4,4,4,4,4,4,4,2,4,2,2,2,2,2,2,8,1,0,0,0,0,1,1,0,0,0,0,1,0,0,0,0,0,0,a,a,0,0,0,1,0,0,0,0,1,1,1,0,0,0,1,0,0,0,0,0,0,i,i,0,0,0,2,3,2,3,1,2,2,1,1,3,2,1,2,0,0,0,1,0,0,0,0,0,1,0,i,0,0,0,0,2,4,5,3,2,1,1,2,1,1,1,1,2,2,2,2,2,2,1,2,i,2,1,3,3,1,0,0,0,0,0,0,0,i,i,i,0,0,0,0,0,0,0,1,0,0,0,0,0,0,i,0,0,0,3,4,2,3,3,4,2,2,1,0,0,1,0,0,0,0,1,0,0,0,0,0,0,0,0,0,0,1,0,0,1,0,0,0,0,0,0,0,0,0,1,1,1,1,3,3,2,2,2,2,1,2,3,2,2,2,2,2,3,5,2,2,3,2,2,3,1,0,1,0,0,0,0,0,0,0,1,0,0,0,2,i,i,i,i,i,i,i,i,i,i,i,i,i,i,i,i,i,i,i,i,i,i,i,i,i,i,i,i,i,i,i,i,i,i,i,i,i,1,0,0,0,0,0,0,1,0,0,0,0,0,0,0,1,2,0,1,0,0,0,0,0,0,2,2,29,2,99,9,3,14,7,i,i,0,0,0,0,1,0,0,i,i,i,i,i,i,i,i,i,i,i,i,i,i,i,i,i,i,i,i,i,i,i,i,i,i,i,i,i,i,0,0,0,1,0,0,5,1,4,4,0,0,0,0,2,1,2,1,0,0,0,0,0,0,1,0,0,6,6,6,1,2,2,2,2,i,i,2,i,i,i,i,i,a,a,i,a,11,12,15,35,16,0,25,1,2,2,6,i,i,6,i,i,i,i,i,i,i,i,i,i,i,i,i,138,11,1
6291,doi:10.4232/1.12497,1.0.0 (2016-04-22),1,1,149,14000149,14229,14,3,TN,1.08882,1.377675,0.0,1.189387,1.499454,0.0,0.0,2,3,3,3,4,2,2,2,1,2,1,1,1,1,1,1,4,0,0,0,0,0,1,0,0,0,0,1,0,0,1,0,0,0,0,a,a,0,0,0,0,0,0,1,0,1,0,0,0,0,1,0,0,1,0,0,0,0,i,i,0,0,0,1,1,1,1,2,3,2,2,2,3,6,3,i,0,0,0,0,0,1,0,0,0,1,0,i,0,0,0,0,2,5,2,2,2,1,2,2,2,1,1,1,2,2,2,1,2,2,2,2,i,2,2,3,3,1,0,0,0,0,0,0,0,i,i,i,0,0,0,0,0,0,0,1,0,0,0,0,0,0,i,0,0,0,4,1,2,2,2,5,5,5,0,0,0,0,0,0,0,0,1,0,0,1,0,0,0,0,0,0,0,0,0,0,1,0,0,0,0,0,0,0,0,0,2,2,2,2,1,1,1,1,1,1,1,1,1,2,2,1,1,1,1,1,1,1,1,1,1,1,1,0,1,0,0,0,0,1,0,0,0,0,0,0,2,i,i,i,i,i,i,i,i,i,i,i,i,i,i,i,i,i,i,i,i,i,i,i,i,i,i,i,i,i,i,i,i,i,i,i,i,i,0,1,0,0,0,0,0,0,0,0,0,0,0,0,0,1,2,0,1,0,0,0,0,0,0,2,2,16,1,1,6,3,5,5,i,i,0,0,0,0,1,0,0,i,i,i,i,i,i,i,i,i,i,i,i,i,i,i,i,i,i,i,i,i,i,i,i,i,i,i,i,i,i,0,0,0,1,0,0,7,2,4,4,0,0,1,1,1,1,3,1,0,0,0,0,0,1,0,0,0,6,6,6,1,2,2,2,2,i,i,2,i,i,i,i,i,a,a,i,a,11,12,16,7,16,32,25,1,2,2,6,i,i,6,i,i,i,i,i,i,i,i,i,i,i,i,i,138,11,1
6291,doi:10.4232/1.12497,1.0.0 (2016-04-22),1,1,150,14000150,14230,14,3,TN,1.01441,1.377675,0.0,1.189387,1.499454,0.0,0.0,4,2,2,2,2,2,2,4,3,3,3,2,2,2,2,2,6,1,1,0,0,0,0,1,1,0,0,0,1,0,0,0,0,0,0,a,a,0,0,0,1,1,0,0,0,1,1,1,0,0,0,1,0,0,0,0,0,0,i,i,0,0,0,2,1,1,1,1,1,2,1,2,3,2,1,2,0,0,0,0,0,0,0,0,0,1,0,i,0,0,0,0,2,3,3,3,2,1,2,2,2,1,1,2,2,1,2,2,2,2,2,2,i,2,2,2,2,1,0,0,0,0,0,0,0,i,i,i,0,0,0,0,0,0,0,1,0,0,0,0,0,0,i,0,0,0,4,4,4,4,4,4,4,4,0,1,0,1,0,0,0,0,0,0,0,1,0,0,0,0,0,0,0,0,1,0,0,0,0,0,0,0,0,0,0,0,1,1,1,1,1,2,2,2,2,2,2,2,2,2,2,2,2,2,3,3,3,2,2,2,3,2,1,0,1,0,0,0,0,1,0,0,0,0,0,0,2,i,i,i,i,i,i,i,i,i,i,i,i,i,i,i,i,i,i,i,i,i,i,i,i,i,i,i,i,i,i,i,i,i,i,i,i,i,0,1,0,0,0,0,0,1,0,0,0,0,0,0,0,1,2,0,1,0,0,0,0,0,0,2,2,25,2,99,9,3,14,7,i,i,0,0,0,0,1,0,0,i,i,i,i,i,i,i,i,i,i,i,i,i,i,i,i,i,i,i,i,i,i,i,i,i,i,i,i,i,i,0,0,0,1,0,0,6,1,3,3,0,0,1,1,2,1,2,1,0,0,0,0,0,0,1,0,0,6,6,6,1,2,2,2,2,i,i,2,i,i,i,i,i,a,a,i,a,11,12,14,12,14,47,35,1,2,2,6,i,i,6,i,i,i,i,i,i,i,i,i,i,i,i,i,138,11,1
6291,doi:10.4232/1.12497,1.0.0 (2016-04-22),1,1,151,14000151,14231,14,3,TN,1.083545,1.377675,0.0,1.189387,1.499454,0.0,0.0,4,3,3,3,4,3,3,4,3,3,3,1,1,1,1,1,6,0,1,0,1,0,0,1,1,0,0,0,0,0,0,0,0,0,0,a,a,0,0,0,0,1,0,1,0,1,1,1,0,0,0,0,0,0,0,0,0,0,i,i,0,0,0,1,1,1,1,1,2,2,1,2,4,5,2,i,0,0,0,0,0,0,0,0,0,0,0,i,0,0,1,0,3,3,3,3,3,1,3,1,1,1,1,3,3,1,1,1,3,3,3,3,i,1,3,3,3,1,0,0,0,0,0,0,0,i,i,i,0,0,0,0,0,0,0,1,0,0,0,0,0,0,i,0,0,0,1,2,5,2,5,2,5,5,0,1,0,0,0,0,1,0,0,0,0,0,0,0,0,0,0,0,0,1,0,0,0,0,0,0,0,0,0,0,0,0,2,2,2,2,1,1,1,1,1,1,3,3,1,2,2,2,2,2,2,2,2,2,2,2,2,2,0,0,0,1,0,0,0,0,0,0,0,0,0,0,2,i,i,i,i,i,i,i,i,i,i,i,i,i,i,i,i,i,i,i,i,i,i,i,i,i,i,i,i,i,i,i,i,i,i,i,i,i,0,1,0,0,0,0,0,0,0,0,0,0,0,0,0,1,2,0,1,0,0,0,0,0,0,2,2,19,1,99,9,3,18,8,i,i,0,0,0,0,1,0,0,i,i,i,i,i,i,i,i,i,i,i,i,i,i,i,i,i,i,i,i,i,i,i,i,i,i,i,i,i,i,0,0,0,1,0,0,4,1,5,4,2,2,2,2,2,1,2,1,0,0,0,0,0,1,0,0,0,6,6,6,1,2,2,2,2,i,i,2,i,i,i,i,i,a,a,i,a,11,12,14,52,15,29,37,1,2,2,6,i,i,6,i,i,i,i,i,i,i,i,i,i,i,i,i,138,11,1
6291,doi:10.4232/1.12497,1.0.0 (2016-04-22),1,1,152,14000152,14232,14,3,TN,1.083545,1.377675,0.0,1.189387,1.499454,0.0,0.0,3,3,2,2,3,2,2,2,2,3,3,1,1,1,1,1,12,1,1,0,1,0,0,0,0,0,1,0,0,0,0,1,0,0,0,a,a,0,0,0,1,1,0,1,0,0,0,0,0,1,0,1,0,0,1,0,0,0,i,i,0,0,0,3,2,1,1,1,1,2,2,2,1,2,3,i,0,0,0,0,0,1,0,0,0,0,1,i,0,0,0,0,2,5,2,2,5,1,2,2,2,2,2,1,2,2,2,1,1,2,1,1,i,1,1,3,3,1,0,0,0,0,0,0,0,i,i,i,0,0,0,0,0,0,0,1,0,0,0,0,0,0,i,0,0,0,4,1,2,2,2,2,2,2,0,1,0,0,0,0,1,0,0,0,0,0,0,0,0,0,0,0,0,0,0,0,1,0,0,0,0,0,0,0,0,0,2,2,2,2,1,1,1,1,1,1,1,1,1,2,2,2,2,2,3,3,3,2,3,3,4,4,0,0,1,0,0,0,1,1,0,0,0,0,0,0,2,i,i,i,i,i,i,i,i,i,i,i,i,i,i,i,i,i,i,i,i,i,i,i,i,i,i,i,i,i,i,i,i,i,i,i,i,i,0,0,0,0,0,0,0,1,0,0,0,0,0,0,0,1,2,0,1,0,0,0,0,0,0,2,2,15,1,12,1,3,18,8,i,i,0,0,0,0,1,0,0,i,i,i,i,i,i,i,i,i,i,i,i,i,i,i,i,i,i,i,i,i,i,i,i,i,i,i,i,i,i,0,0,0,1,0,0,5,1,3,3,1,1,1,1,2,2,4,1,0,0,0,0,0,1,0,0,0,6,6,6,1,2,2,2,2,i,i,2,i,i,i,i,i,a,a,i,a,11,12,12,57,13,20,23,1,2,2,6,i,i,6,i,i,i,i,i,i,i,i,i,i,i,i,i,140,11,1
6291,doi:10.4232/1.12497,1.0.0 (2016-04-22),1,1,153,14000153,14233,14,3,TN,1.02944,1.377675,0.0,1.189387,1.499454,0.0,0.0,4,2,2,2,2,2,2,3,2,3,3,1,1,1,1,1,8,0,0,0,1,0,1,0,0,0,0,0,0,1,0,1,0,0,0,a,a,0,0,0,0,0,0,1,0,1,0,1,0,0,0,0,1,0,1,0,0,0,i,i,0,0,0,4,1,2,4,1,1,1,1,1,2,2,2,i,0,1,0,1,0,0,0,0,0,1,0,i,0,0,0,0,2,2,2,2,2,1,1,1,1,1,1,1,1,1,1,2,1,1,3,3,i,1,3,3,3,1,0,0,0,0,0,0,0,i,i,i,0,0,0,0,0,0,0,1,0,0,0,0,0,0,i,0,0,0,2,1,1,1,1,1,1,1,1,0,0,1,0,0,0,0,0,0,0,1,0,0,0,0,1,1,0,0,0,0,0,0,0,0,0,0,0,0,0,0,2,2,2,2,1,1,1,1,1,1,1,1,1,2,2,2,2,2,2,2,2,2,2,2,2,2,1,0,0,0,0,0,0,1,0,0,0,0,0,0,2,i,i,i,i,i,i,i,i,i,i,i,i,i,i,i,i,i,i,i,i,i,i,i,i,i,i,i,i,i,i,i,i,i,i,i,i,i,0,0,0,0,0,0,0,0,0,1,0,0,0,0,0,1,2,0,1,0,0,0,0,0,0,2,2,43,3,99,9,1,18,8,i,i,0,0,0,0,1,0,0,i,i,i,i,i,i,i,i,i,i,i,i,i,i,i,i,i,i,i,i,i,i,i,i,i,i,i,i,i,i,0,0,0,1,0,0,4,1,2,2,0,0,1,1,2,1,2,1,0,0,0,0,0,1,0,0,0,6,6,6,1,2,2,2,2,i,i,2,i,i,i,i,i,a,a,i,a,11,12,11,40,12,15,35,1,3,2,6,i,i,6,i,i,i,i,i,i,i,i,i,i,i,i,i,140,11,1
6291,doi:10.4232/1.12497,1.0.0 (2016-04-22),1,1,154,14000154,14234,14,3,TN,0.943366,1.377675,0.0,1.189387,1.499454,0.0,0.0,2,2,2,2,2,2,2,3,1,3,2,1,3,3,3,3,8,1,0,0,1,0,1,0,0,0,0,0,0,0,0,0,0,0,0,a,a,0,0,0,1,0,0,1,0,1,0,1,0,0,0,0,0,0,0,0,0,0,i,i,0,0,0,2,2,4,2,2,2,2,2,2,3,5,1,2,0,1,0,0,0,0,0,0,1,0,0,i,0,0,0,0,2,2,2,2,2,1,2,2,1,1,2,2,3,3,3,1,1,1,1,3,i,1,1,1,3,1,0,0,0,0,0,0,0,i,i,i,0,0,0,0,0,0,0,1,0,0,0,0,0,0,i,0,0,0,1,2,2,3,2,1,2,2,1,1,0,1,0,0,0,0,0,0,0,0,0,0,0,0,0,0,0,1,0,0,0,0,0,0,0,0,0,0,0,0,3,3,3,3,2,2,2,1,1,1,1,1,1,2,2,2,2,2,3,2,2,2,2,3,2,2,1,0,0,0,0,0,0,1,0,0,0,0,0,0,2,i,i,i,i,i,i,i,i,i,i,i,i,i,i,i,i,i,i,i,i,i,i,i,i,i,i,i,i,i,i,i,i,i,i,i,i,i,0,1,0,0,0,0,0,0,0,0,0,0,0,0,0,1,2,0,1,0,0,0,0,0,0,2,1,64,4,1,6,1,4,4,18,4,0,0,0,0,1,0,0,i,i,i,i,i,i,i,i,i,i,i,i,i,i,i,i,i,i,i,i,i,i,i,i,i,i,i,i,i,i,0,0,0,1,0,0,7,3,4,4,0,0,0,0,2,2,4,1,0,0,0,0,0,1,0,0,0,6,i,6,1,2,2,2,2,i,i,2,i,i,i,i,i,a,a,i,a,11,12,10,35,11,5,30,2,3,2,6,i,i,6,i,i,i,i,i,i,i,i,i,i,i,i,i,140,11,1
6291,doi:10.4232/1.12497,1.0.0 (2016-04-22),1,1,155,14000155,14235,14,3,TN,1.034451,1.377675,0.0,1.189387,1.499454,0.0,0.0,2,1,1,1,1,4,3,2,3,3,3,2,2,2,2,2,8,0,1,0,0,1,1,1,0,0,0,1,1,0,0,0,0,0,0,a,a,0,0,0,0,1,0,0,1,1,1,1,0,0,1,1,0,0,0,0,0,0,i,i,0,0,0,2,2,2,4,1,1,2,2,2,4,3,2,i,0,1,1,0,0,0,0,0,0,0,0,i,0,0,0,0,2,2,5,5,5,1,2,1,1,1,1,1,1,1,1,1,1,1,1,1,i,1,1,3,3,1,0,0,0,0,0,0,0,i,i,i,0,0,0,0,0,0,0,1,0,0,0,0,0,0,i,0,0,0,1,2,2,2,2,2,2,2,1,0,0,0,0,0,1,0,0,0,0,0,0,0,0,0,0,0,0,0,0,0,1,0,0,0,0,0,0,0,0,0,2,2,2,5,1,1,1,1,1,1,1,1,1,2,2,1,1,2,2,1,1,5,2,2,2,3,1,0,0,1,0,0,0,0,0,0,0,0,0,0,2,i,i,i,i,i,i,i,i,i,i,i,i,i,i,i,i,i,i,i,i,i,i,i,i,i,i,i,i,i,i,i,i,i,i,i,i,i,1,1,0,0,0,0,0,1,0,0,0,0,0,0,0,1,2,0,1,0,0,0,0,0,0,2,2,54,3,1,6,1,18,8,i,i,0,0,0,0,1,0,0,i,i,i,i,i,i,i,i,i,i,i,i,i,i,i,i,i,i,i,i,i,i,i,i,i,i,i,i,i,i,0,0,0,1,0,0,7,2,4,4,0,0,0,0,1,1,3,1,0,0,1,1,0,1,0,0,0,6,6,6,1,2,2,2,2,i,i,2,i,i,i,i,i,a,a,i,a,11,12,9,50,10,20,30,1,3,2,6,i,i,6,i,i,i,i,i,i,i,i,i,i,i,i,i,140,11,1
6291,doi:10.4232/1.12497,1.0.0 (2016-04-22),1,1,156,14000156,14236,14,3,TN,1.034451,1.377675,0.0,1.189387,1.499454,0.0,0.0,4,2,2,2,2,2,2,4,3,4,4,2,2,2,2,2,4,1,0,0,0,0,1,1,1,1,0,0,0,0,0,0,0,0,0,a,a,0,0,0,1,0,0,1,0,1,1,1,1,0,0,0,0,0,0,0,0,0,i,i,0,0,0,2,2,1,1,1,1,2,2,2,1,2,3,i,0,0,0,1,0,0,0,0,0,0,0,i,0,0,0,0,1,1,2,5,3,1,1,1,1,1,1,1,1,1,1,1,1,1,1,1,i,1,1,1,2,0,1,0,0,0,0,0,0,i,i,i,0,0,0,0,0,0,0,0,1,0,0,0,0,0,i,0,0,0,2,4,5,4,5,4,5,5,0,0,1,0,0,0,0,0,0,0,0,1,0,0,0,0,0,0,1,0,0,0,0,0,0,0,0,1,0,0,0,0,3,3,3,3,1,1,3,2,2,2,2,2,2,3,3,4,5,4,4,4,4,4,4,4,4,4,1,0,1,0,0,0,0,0,0,0,0,0,0,0,2,i,i,i,i,i,i,i,i,i,i,i,i,i,i,i,i,i,i,i,i,i,i,i,i,i,i,i,i,i,i,i,i,i,i,i,i,i,0,0,0,0,0,0,0,1,0,0,0,0,0,0,0,1,1,0,1,0,0,0,0,0,0,1,2,47,3,1,6,1,18,8,i,i,0,0,0,0,1,0,0,i,i,i,i,i,i,i,i,i,i,i,i,i,i,i,i,i,i,i,i,i,i,i,i,i,i,i,i,i,i,0,0,0,1,0,0,4,1,4,4,1,1,2,2,2,2,4,1,0,0,0,0,0,0,1,0,0,6,6,6,1,2,2,2,2,i,i,2,i,i,i,i,i,a,a,i,a,11,12,12,17,12,54,37,1,2,2,6,i,i,6,i,i,i,i,i,i,i,i,i,i,i,i,i,140,11,1
6291,doi:10.4232/1.12497,1.0.0 (2016-04-22),1,1,157,14000157,14237,14,3,TN,1.022173,1.377675,0.0,1.189387,1.499454,0.0,0.0,4,3,3,3,4,4,4,4,4,4,4,2,4,4,2,4,3,0,0,0,0,0,1,1,1,0,0,0,0,0,0,0,0,0,0,a,a,0,0,0,0,0,1,0,0,1,1,1,0,0,0,0,0,0,0,0,0,0,i,i,0,0,0,2,2,2,2,1,1,2,3,3,3,6,1,2,0,0,0,1,0,0,0,0,1,0,0,i,0,0,0,0,3,4,2,5,5,1,2,2,1,1,1,1,3,3,2,3,1,1,1,3,i,2,1,1,2,1,0,0,0,0,0,0,0,i,i,i,0,0,0,0,0,0,0,1,0,0,0,0,0,0,i,0,0,0,2,4,1,3,5,4,2,2,0,1,0,1,0,0,0,0,0,0,0,1,1,0,0,0,0,1,0,0,0,0,0,0,0,0,0,1,0,0,0,0,3,3,3,3,1,2,2,3,2,2,3,3,2,4,4,1,4,2,3,4,2,4,4,4,4,4,0,0,0,0,1,0,1,0,0,1,0,0,0,0,2,i,i,i,i,i,i,i,i,i,i,i,i,i,i,i,i,i,i,i,i,i,i,i,i,i,i,i,i,i,i,i,i,i,i,i,i,i,0,1,0,0,0,0,0,0,0,0,0,1,0,0,0,1,2,0,0,0,1,0,0,0,0,3,1,38,2,98,8,1,18,8,i,i,0,0,0,0,1,0,0,i,i,i,i,i,i,i,i,i,i,i,i,i,i,i,i,i,i,i,i,i,i,i,i,i,i,i,i,i,i,0,0,0,1,0,0,5,2,2,2,1,1,1,1,2,1,2,1,0,0,0,0,0,1,0,0,0,6,6,6,3,1,2,2,2,i,i,2,i,1,i,i,i,a,a,i,a,10,12,15,40,16,2,22,1,3,2,6,i,i,6,i,i,i,i,i,i,i,i,i,i,i,i,i,136,11,1
6291,doi:10.4232/1.12497,1.0.0 (2016-04-22),1,1,158,14000158,14238,14,3,TN,1.019348,1.377675,0.0,1.189387,1.499454,0.0,0.0,3,2,2,2,2,2,2,3,2,3,3,2,2,2,2,2,11,1,0,0,1,0,1,1,0,0,0,0,0,0,0,0,0,0,0,a,a,0,0,0,1,0,0,1,0,1,1,0,0,0,1,0,0,0,0,0,0,0,i,i,0,0,0,2,2,2,2,1,1,2,2,2,2,2,2,i,1,0,1,1,0,0,0,0,0,1,0,i,0,0,0,0,3,3,4,3,4,1,1,1,3,3,1,3,1,2,2,1,2,1,1,1,i,3,3,3,4,1,0,0,0,0,0,0,0,i,i,i,0,0,0,0,0,0,0,1,0,0,0,0,0,0,i,0,0,0,4,2,2,1,2,4,4,4,0,1,0,0,0,1,0,0,0,0,1,0,0,0,0,0,0,1,0,0,0,0,0,1,0,0,0,0,0,0,0,0,3,3,3,3,1,1,1,2,1,1,2,2,2,3,3,2,2,3,2,2,3,2,2,2,3,3,0,0,1,0,0,0,0,1,0,0,0,0,0,0,2,i,i,i,i,i,i,i,i,i,i,i,i,i,i,i,i,i,i,i,i,i,i,i,i,i,i,i,i,i,i,i,i,i,i,i,i,i,0,1,0,0,0,0,0,1,0,0,0,0,0,0,0,1,1,0,1,0,0,0,0,0,0,1,2,32,2,1,6,3,3,3,19,i,0,0,0,0,1,0,0,i,i,i,i,i,i,i,i,i,i,i,i,i,i,i,i,i,i,i,i,i,i,i,i,i,i,i,i,i,i,0,0,0,1,0,0,4,1,6,4,0,0,0,0,2,2,4,1,0,0,0,0,0,1,0,0,0,6,i,6,3,2,2,2,2,i,i,2,i,i,i,i,i,a,a,i,a,10,12,15,0,15,27,27,1,3,2,6,i,i,6,i,i,i,i,i,i,i,i,i,i,i,i,i,136,11,1
6291,doi:10.4232/1.12497,1.0.0 (2016-04-22),1,1,159,14000159,14239,14,3,TN,0.869911,1.377675,0.0,1.189387,1.499454,0.0,0.0,2,3,2,2,3,3,3,3,5,2,2,2,1,1,2,2,7,0,1,0,1,1,0,0,0,1,0,0,1,0,0,0,0,0,0,a,a,0,0,0,0,1,0,1,1,0,1,0,1,0,0,1,0,0,0,0,0,0,i,i,0,0,0,2,2,1,1,1,1,2,2,2,4,3,2,i,0,1,0,1,0,1,0,0,0,0,0,i,0,0,0,0,2,3,3,3,3,1,3,3,3,1,1,2,2,2,1,1,1,1,2,1,i,2,3,3,3,1,0,0,0,0,0,0,0,i,i,i,0,0,0,0,0,0,0,1,0,0,0,0,0,0,i,0,0,0,4,3,3,3,3,3,3,3,0,0,0,0,0,0,0,0,0,0,0,1,0,0,0,0,0,0,0,0,0,0,0,0,0,0,0,0,0,0,1,0,3,3,3,3,2,2,2,2,2,2,2,2,2,2,2,1,3,1,3,2,2,1,3,2,1,3,1,0,1,0,0,0,0,0,0,0,0,0,0,0,2,i,i,i,i,i,i,i,i,i,i,i,i,i,i,i,i,i,i,i,i,i,i,i,i,i,i,i,i,i,i,i,i,i,i,i,i,i,0,1,0,0,0,0,0,0,0,0,0,0,0,0,0,1,2,0,1,0,0,0,0,0,0,2,1,33,2,99,9,3,18,8,i,i,0,0,0,0,1,0,0,i,i,i,i,i,i,i,i,i,i,i,i,i,i,i,i,i,i,i,i,i,i,i,i,i,i,i,i,i,i,0,0,0,1,0,0,8,1,7,4,0,0,0,0,1,1,3,1,1,0,1,1,1,1,0,0,0,2,6,6,3,2,2,2,1,i,i,2,i,i,i,i,2,a,a,i,a,10,12,14,32,14,57,25,1,3,2,6,i,i,6,i,i,i,i,i,i,i,i,i,i,i,i,i,136,11,1
6291,doi:10.4232/1.12497,1.0.0 (2016-04-22),1,1,160,14000160,14240,14,3,TN,1.079845,1.377675,0.0,1.189387,1.499454,0.0,0.0,3,3,3,3,4,2,2,3,3,2,2,2,3,1,2,3,8,0,0,0,0,1,1,0,0,0,0,0,0,0,0,0,0,0,0,a,a,0,0,0,0,0,0,0,1,1,0,1,0,0,0,0,0,0,0,0,0,0,i,i,0,0,0,2,2,1,1,1,1,2,2,2,2,2,3,i,0,1,0,1,0,1,0,0,0,0,0,i,0,0,0,0,2,2,2,2,2,1,2,2,2,2,1,1,2,2,2,2,2,2,2,2,i,2,1,3,3,0,1,0,0,0,0,0,0,i,i,i,0,0,0,0,0,0,0,1,0,0,0,0,0,0,i,0,0,0,2,1,2,1,1,2,2,2,0,0,0,1,0,0,0,0,0,0,1,0,0,0,0,0,0,0,0,1,0,0,0,0,0,0,0,0,0,0,0,0,4,4,4,3,1,1,1,2,3,3,2,2,2,3,4,1,1,2,4,2,2,2,2,2,3,4,0,1,1,0,0,0,0,0,1,0,0,0,0,0,2,i,i,i,i,i,i,i,i,i,i,i,i,i,i,i,i,i,i,i,i,i,i,i,i,i,i,i,i,i,i,i,i,i,i,i,i,i,0,1,0,0,0,0,0,0,0,0,0,0,0,0,0,1,2,0,1,0,0,0,0,0,0,2,2,17,1,0,5,3,2,2,19,i,0,0,0,0,1,0,0,i,i,i,i,i,i,i,i,i,i,i,i,i,i,i,i,i,i,i,i,i,i,i,i,i,i,i,i,i,i,0,0,0,1,0,0,5,2,5,4,0,0,0,0,2,1,2,1,0,0,0,0,0,1,0,0,0,6,i,1,3,1,2,2,2,i,i,2,i,1,i,i,i,a,a,i,a,9,12,15,30,16,0,30,1,2,2,6,i,i,6,i,i,i,i,i,i,i,i,i,i,i,i,i,133,11,1
6291,doi:10.4232/1.12497,1.0.0 (2016-04-22),1,1,161,14000161,14241,14,3,TN,1.01992,1.377675,0.0,1.189387,1.499454,0.0,0.0,4,3,3,3,4,3,3,3,3,3,3,2,2,2,2,2,3,0,0,0,0,0,1,1,0,0,0,1,0,0,0,1,0,0,0,a,a,0,0,0,0,0,1,0,0,1,1,0,0,0,1,0,0,0,1,0,0,0,i,i,0,0,0,2,2,2,2,1,1,2,2,2,2,2,3,i,0,1,1,0,0,0,0,0,1,1,0,i,0,0,0,0,3,3,3,3,3,1,2,2,2,1,1,2,2,2,2,2,2,2,2,2,i,2,1,3,3,0,1,0,0,0,0,0,0,i,i,i,0,0,0,0,0,0,0,1,0,0,0,0,0,0,i,0,0,0,3,2,3,2,3,3,3,3,0,1,1,0,0,0,0,0,0,1,0,0,0,0,0,0,0,1,1,0,0,0,0,0,0,0,0,0,0,0,0,0,4,4,4,4,1,1,1,1,1,1,2,2,2,2,2,2,2,2,2,3,2,2,2,2,2,2,0,0,1,0,0,0,0,1,0,0,0,0,0,0,2,i,i,i,i,i,i,i,i,i,i,i,i,i,i,i,i,i,i,i,i,i,i,i,i,i,i,i,i,i,i,i,i,i,i,i,i,i,0,1,0,0,0,0,0,0,0,0,0,0,0,0,0,1,2,0,1,0,0,0,0,0,0,2,1,66,4,1,6,1,18,8,i,i,0,0,0,0,1,0,0,i,i,i,i,i,i,i,i,i,i,i,i,i,i,i,i,i,i,i,i,i,i,i,i,i,i,i,i,i,i,0,0,0,1,0,0,3,1,4,4,0,0,0,0,2,2,4,1,0,0,0,0,0,1,0,0,0,6,6,6,3,2,2,2,2,i,i,2,i,i,i,i,i,a,a,i,a,9,12,14,30,14,55,25,1,3,2,6,i,i,6,i,i,i,i,i,i,i,i,i,i,i,i,i,133,11,1
6291,doi:10.4232/1.12497,1.0.0 (2016-04-22),1,1,162,14000162,14242,14,3,TN,0.977033,1.377675,0.0,1.189387,1.499454,0.0,0.0,4,2,1,1,1,2,1,4,4,4,4,2,2,2,2,3,3,1,0,0,1,1,1,1,1,0,1,1,0,0,0,0,0,0,0,a,a,0,0,0,1,0,1,1,1,1,1,1,0,1,1,0,0,0,0,0,0,0,i,i,0,0,0,2,2,1,3,2,2,2,3,3,3,2,2,i,0,0,0,0,0,0,0,0,0,0,0,i,0,1,0,0,1,4,3,2,3,1,2,2,1,2,2,2,2,2,2,2,2,2,2,2,i,2,2,3,2,0,0,0,0,0,0,0,0,i,i,i,0,0,1,0,0,0,0,1,0,0,0,0,0,0,i,0,0,0,1,4,1,3,1,4,3,3,0,0,0,0,0,0,0,0,0,0,0,0,1,0,0,0,0,0,0,0,0,0,0,0,0,0,0,1,1,0,0,0,4,4,4,4,2,2,2,2,2,2,2,2,2,4,4,3,2,2,4,4,3,2,4,4,4,4,1,0,0,0,0,0,0,1,0,0,0,0,0,0,2,i,i,i,i,i,i,i,i,i,i,i,i,i,i,i,i,i,i,i,i,i,i,i,i,i,i,i,i,i,i,i,i,i,i,i,i,i,0,1,0,0,0,0,0,1,0,0,0,0,0,0,0,1,1,1,0,1,1,0,0,0,0,1,1,46,3,0,5,1,9,5,i,i,0,0,1,0,0,0,1,0,0,0,0,0,0,0,0,1,1,0,0,0,1,0,0,0,0,0,0,0,0,0,0,0,0,0,1,0,0,1,0,1,0,0,1,9,2,4,4,0,0,0,0,1,1,3,1,1,1,1,1,1,1,0,0,0,1,1,1,3,1,2,2,1,i,i,1,i,1,i,i,1,a,a,1,a,10,12,14,0,14,30,30,1,1,2,6,i,i,6,i,i,i,i,i,i,i,i,i,i,i,i,i,136,11,1
6291,doi:10.4232/1.12497,1.0.0 (2016-04-22),1,1,163,14000163,14243,14,3,TN,0.883833,1.377675,0.0,1.189387,1.499454,0.0,0.0,4,3,3,1,3,3,3,4,4,4,4,2,2,2,2,2,8,0,0,0,1,1,0,0,0,0,0,0,1,0,0,0,1,0,0,a,a,0,0,0,0,0,0,1,1,0,0,1,0,0,0,1,0,0,0,1,0,0,i,i,0,0,0,2,2,2,2,1,1,2,2,2,1,1,1,2,1,0,0,0,1,0,1,0,0,0,0,i,0,0,0,0,3,1,3,3,3,2,2,2,1,1,2,2,2,2,1,2,2,2,2,2,i,2,2,3,3,1,0,0,0,0,0,0,0,i,i,i,0,0,0,0,0,0,0,1,0,0,0,0,0,0,i,0,0,0,2,4,4,4,4,4,4,4,0,0,1,0,0,1,1,0,1,0,0,0,0,0,0,0,0,0,0,1,0,0,0,0,0,0,0,0,0,0,0,0,4,4,4,4,1,1,1,1,2,2,2,2,2,2,3,2,2,2,2,2,2,2,4,2,2,2,1,0,0,0,0,0,0,1,0,0,0,0,0,0,2,i,i,i,i,i,i,i,i,i,i,i,i,i,i,i,i,i,i,i,i,i,i,i,i,i,i,i,i,i,i,i,i,i,i,i,i,i,0,1,0,0,0,0,0,1,0,0,0,0,0,0,0,1,1,0,1,0,0,0,0,0,0,2,2,56,4,99,9,4,18,8,i,i,0,0,0,0,1,0,0,i,i,i,i,i,i,i,i,i,i,i,i,i,i,i,i,i,i,i,i,i,i,i,i,i,i,i,i,i,i,0,0,0,1,0,0,3,1,4,4,0,0,0,0,2,2,4,1,0,0,0,0,0,0,1,0,0,6,6,6,3,2,2,2,2,i,i,2,i,i,i,i,i,a,a,i,a,9,12,15,10,15,35,25,1,3,2,6,i,i,6,i,i,i,i,i,i,i,i,i,i,i,i,i,133,11,1
6291,doi:10.4232/1.12497,1.0.0 (2016-04-22),1,1,164,14000164,14244,14,3,TN,1.090702,1.377675,0.0,1.189387,1.499454,0.0,0.0,4,2,1,1,1,2,1,4,3,4,2,2,2,4,2,4,6,0,0,1,0,0,0,1,0,0,1,1,1,0,0,0,0,0,0,a,a,0,0,0,0,0,1,0,0,1,1,0,0,1,1,1,0,0,0,0,0,0,i,i,0,0,0,2,2,2,2,1,1,2,1,3,1,1,1,2,0,1,1,1,0,1,0,0,1,0,0,i,0,0,0,0,1,2,1,5,1,1,2,3,1,1,1,1,2,1,1,1,1,1,1,3,i,1,1,3,3,0,1,0,0,0,0,0,0,i,i,i,0,0,0,0,0,0,0,1,0,0,0,0,0,0,i,0,0,0,5,4,2,3,5,4,2,2,1,1,0,1,0,0,1,0,0,0,0,1,0,0,0,0,0,0,0,1,0,0,0,0,0,0,0,1,0,0,0,0,2,2,2,2,1,3,2,2,2,2,2,2,2,4,4,2,4,2,3,2,1,4,4,2,4,4,1,1,0,0,1,0,0,0,0,0,0,0,0,0,1,3,i,i,i,i,1,2,1,5,1,0,0,0,0,1,0,0,0,0,0,0,0,0,0,0,1,0,1,0,0,0,1,0,0,0,0,1,1,0,0,0,0,0,0,1,1,0,0,0,0,0,0,1,1,0,1,0,1,0,0,0,0,3,1,26,2,0,5,3,18,8,i,i,0,0,0,0,1,0,0,i,i,i,i,i,i,i,i,i,i,i,i,i,i,i,i,i,i,i,i,i,i,i,i,i,i,i,i,i,i,1,0,0,0,0,1,7,1,2,2,0,0,0,0,1,1,3,1,1,1,1,1,1,1,0,0,0,1,6,2,3,1,2,2,2,i,i,2,i,1,i,i,i,a,a,i,a,10,12,13,5,13,30,25,1,2,1,6,i,i,6,i,i,i,i,i,i,i,i,i,i,i,i,i,135,11,1
6291,doi:10.4232/1.12497,1.0.0 (2016-04-22),1,1,165,14000165,14245,14,3,TN,1.098457,1.377675,0.0,1.189387,1.499454,0.0,0.0,3,3,2,2,3,4,4,4,3,3,2,2,3,3,2,3,7,0,0,1,0,1,0,0,0,0,0,1,1,0,0,1,0,0,0,a,a,0,0,0,0,0,1,0,1,0,1,0,0,0,1,1,0,0,1,0,0,0,i,i,0,0,0,2,2,3,3,1,2,2,3,3,2,1,1,2,0,0,0,1,0,0,0,0,0,0,0,i,0,0,0,0,2,2,1,2,1,1,2,1,1,1,1,1,2,1,1,2,1,1,1,1,i,2,1,2,3,0,1,0,0,0,0,0,0,i,i,i,0,0,0,0,0,0,0,1,0,0,0,0,0,0,i,0,0,0,4,4,1,2,3,4,2,2,0,0,0,1,0,0,1,0,0,0,0,1,1,0,0,0,0,0,0,0,0,0,0,0,0,0,0,1,0,0,0,0,3,3,3,3,1,2,3,2,2,2,2,2,2,4,4,1,4,2,4,4,1,3,4,4,4,4,0,1,0,0,1,0,0,1,0,0,0,0,0,0,2,i,i,i,i,i,i,i,i,i,i,i,i,i,i,i,i,i,i,i,i,i,i,i,i,i,i,i,i,i,i,i,i,i,i,i,i,i,1,0,0,0,0,0,0,0,1,0,0,0,0,0,0,1,1,0,0,0,1,0,0,0,0,3,2,42,3,9,1,1,1,1,19,i,0,0,0,0,1,0,0,i,i,i,i,i,i,i,i,i,i,i,i,i,i,i,i,i,i,i,i,i,i,i,i,i,i,i,i,i,i,0,0,0,1,0,0,6,1,5,4,0,0,1,1,2,2,4,1,1,0,1,0,1,0,0,0,0,7,i,6,3,2,2,2,2,i,i,2,i,i,i,i,i,a,a,i,a,10,12,12,37,13,1,24,1,2,1,6,i,i,6,i,i,i,i,i,i,i,i,i,i,i,i,i,135,11,1
6291,doi:10.4232/1.12497,1.0.0 (2016-04-22),1,1,166,14000166,14246,14,3,TN,1.103804,1.377675,0.0,1.189387,1.499454,0.0,0.0,3,3,2,2,3,3,3,4,4,4,4,2,2,2,2,2,3,0,0,0,1,0,0,0,1,0,0,1,0,0,0,0,0,0,0,a,a,0,0,0,0,0,1,1,0,0,0,1,0,0,1,0,0,0,0,0,0,0,i,i,0,0,0,2,2,1,1,1,1,2,2,2,2,2,3,i,0,1,0,0,0,1,0,0,1,1,0,i,0,0,0,0,3,3,3,3,3,1,2,2,1,1,2,1,2,2,2,2,2,2,2,2,i,2,1,3,3,1,0,0,0,0,0,0,0,i,i,i,0,0,0,0,0,0,0,1,0,0,0,0,0,0,i,0,0,0,4,1,1,1,1,1,1,1,1,0,0,1,0,0,0,0,0,0,0,0,0,0,0,0,0,1,0,0,0,0,1,0,0,0,0,0,0,0,0,0,2,2,2,5,1,1,3,3,1,1,1,1,1,3,3,3,3,2,4,3,3,3,3,3,3,3,1,0,1,0,0,0,1,0,0,0,0,0,0,0,2,i,i,i,i,i,i,i,i,i,i,i,i,i,i,i,i,i,i,i,i,i,i,i,i,i,i,i,i,i,i,i,i,i,i,i,i,i,0,1,0,0,0,0,0,1,0,0,0,0,0,0,0,1,2,0,1,0,0,0,0,0,0,2,2,50,3,1,6,5,18,8,i,i,0,0,0,0,1,0,0,i,i,i,i,i,i,i,i,i,i,i,i,i,i,i,i,i,i,i,i,i,i,i,i,i,i,i,i,i,i,0,0,0,1,0,0,3,1,3,3,0,0,0,0,2,2,4,1,0,0,0,0,0,0,1,0,0,6,6,6,3,2,2,2,2,i,i,2,i,i,i,i,i,a,a,i,a,9,12,13,40,14,10,30,1,3,1,6,i,i,6,i,i,i,i,i,i,i,i,i,i,i,i,i,132,11,1
6291,doi:10.4232/1.12497,1.0.0 (2016-04-22),1,1,167,14000167,14247,14,3,TN,1.078723,1.377675,0.0,1.189387,1.499454,0.0,0.0,4,3,2,2,3,1,2,3,3,3,2,2,3,2,2,1,6,0,0,1,0,0,0,0,1,0,0,0,1,0,0,1,0,0,0,a,a,0,0,0,0,0,1,0,0,1,0,1,0,0,0,1,0,0,1,0,0,0,i,i,0,0,0,3,3,1,3,1,1,2,1,1,2,2,1,2,0,1,0,1,0,0,0,1,1,0,0,i,0,0,0,0,2,2,1,2,2,1,1,3,1,3,1,1,2,1,2,1,1,3,2,1,i,2,1,2,3,0,1,0,0,0,0,1,1,i,i,i,0,0,0,0,0,0,0,1,1,1,0,0,0,0,i,0,0,0,4,3,2,2,5,3,5,2,1,0,1,1,0,0,0,0,0,0,1,1,0,0,0,0,0,0,0,1,0,0,0,0,0,0,1,0,0,0,0,0,3,2,2,1,1,2,2,2,2,2,2,1,2,3,3,3,3,2,3,2,2,2,3,3,3,4,1,0,1,0,0,0,1,0,0,0,0,0,0,0,2,i,i,i,i,i,i,i,i,i,i,i,i,i,i,i,i,i,i,i,i,i,i,i,i,i,i,i,i,i,i,i,i,i,i,i,i,i,0,0,0,0,0,0,0,1,1,0,1,0,0,0,0,1,1,0,1,0,1,0,0,0,0,1,2,29,2,21,3,3,18,8,i,i,0,0,0,0,1,0,0,i,i,i,i,i,i,i,i,i,i,i,i,i,i,i,i,i,i,i,i,i,i,i,i,i,i,i,i,i,i,1,0,0,0,0,1,6,1,3,3,0,0,0,0,2,1,2,1,0,0,1,0,0,0,0,0,0,6,6,5,3,1,2,2,2,i,i,2,i,1,i,i,i,a,a,i,a,8,12,15,30,15,53,23,1,1,1,6,i,i,6,i,i,i,i,i,i,i,i,i,i,i,i,i,129,13,1
6291,doi:10.4232/1.12497,1.0.0 (2016-04-22),1,1,168,14000168,14248,14,3,TN,0.983965,1.377675,0.0,1.189387,1.499454,0.0,0.0,1,3,2,2,3,1,2,4,2,5,2,2,4,1,1,1,3,0,0,0,1,1,0,0,0,0,0,1,0,0,0,0,0,0,0,a,a,0,0,0,0,0,1,1,1,0,0,0,0,0,1,0,0,0,0,0,0,0,i,i,0,0,0,2,4,4,1,1,2,3,3,3,1,2,2,i,0,0,1,0,0,0,0,1,1,0,0,i,0,0,0,0,2,5,2,1,2,1,1,2,1,1,2,2,1,1,2,1,1,1,2,1,i,1,1,3,5,0,1,1,1,0,0,0,0,i,i,i,0,0,0,0,0,0,0,1,1,0,1,0,0,0,i,0,0,0,1,4,2,2,3,4,5,5,1,0,1,0,1,0,0,0,0,0,0,1,1,0,0,0,1,0,0,0,0,0,0,0,0,0,0,1,0,0,0,0,4,4,4,2,1,1,3,1,2,2,2,1,2,4,4,3,2,2,2,2,3,3,2,2,2,4,0,0,0,1,0,0,0,1,1,0,0,0,0,0,2,i,i,i,i,i,i,i,i,i,i,i,i,i,i,i,i,i,i,i,i,i,i,i,i,i,i,i,i,i,i,i,i,i,i,i,i,i,0,0,0,0,0,0,0,1,1,1,0,0,0,0,0,1,1,0,1,1,1,0,0,0,0,1,2,24,1,0,5,3,2,2,19,i,0,0,0,0,1,0,0,i,i,i,i,i,i,i,i,i,i,i,i,i,i,i,i,i,i,i,i,i,i,i,i,i,i,i,i,i,i,1,0,0,0,0,1,7,1,5,4,0,0,0,0,2,1,2,1,0,0,1,1,1,0,0,0,0,1,i,5,3,1,2,2,1,i,i,2,i,1,i,i,1,a,a,i,a,8,12,17,45,18,6,21,1,1,1,6,i,i,6,i,i,i,i,i,i,i,i,i,i,i,i,i,129,13,1
6291,doi:10.4232/1.12497,1.0.0 (2016-04-22),1,1,169,14000169,14249,14,3,TN,0.921183,1.377675,0.0,1.189387,1.499454,0.0,0.0,4,2,2,3,3,2,2,4,2,3,2,3,1,1,3,4,7,1,0,1,1,0,1,0,0,0,0,0,1,0,0,1,0,0,0,a,a,0,0,0,1,0,1,1,0,1,1,0,0,0,0,1,0,0,1,0,0,0,i,i,0,0,0,2,2,1,1,1,2,2,1,1,1,2,1,2,0,1,0,1,0,1,1,1,0,0,0,i,0,0,0,0,2,3,2,3,2,1,2,2,1,3,3,1,3,1,1,1,1,1,1,1,i,2,1,3,3,0,1,1,0,0,0,0,0,i,i,i,1,0,0,0,0,0,0,0,1,1,0,1,0,0,i,0,0,0,3,4,1,3,1,3,5,5,1,0,0,0,1,1,0,0,0,0,1,1,0,0,0,0,1,0,0,0,1,0,0,0,0,0,0,0,0,0,0,0,4,2,4,2,1,2,2,2,2,2,2,2,2,3,3,2,3,3,3,3,2,1,4,4,4,4,0,0,0,1,1,0,0,1,0,0,0,0,0,0,2,i,i,i,i,i,i,i,i,i,i,i,i,i,i,i,i,i,i,i,i,i,i,i,i,i,i,i,i,i,i,i,i,i,i,i,i,i,0,0,0,0,0,0,0,1,1,1,0,0,0,0,0,1,1,0,0,0,1,0,0,0,0,1,2,30,2,23,3,3,17,8,i,i,0,0,0,0,1,0,0,i,i,i,i,i,i,i,i,i,i,i,i,i,i,i,i,i,i,i,i,i,i,i,i,i,i,i,i,i,i,1,0,0,0,0,1,6,1,6,4,0,0,0,0,2,1,2,1,0,0,0,0,0,1,0,0,0,6,6,5,3,1,2,2,2,i,i,2,i,3,i,i,i,a,a,i,a,8,12,16,50,17,17,27,1,3,1,6,i,i,6,i,i,i,i,i,i,i,i,i,i,i,i,i,129,13,1
6291,doi:10.4232/1.12497,1.0.0 (2016-04-22),1,1,170,14000170,14250,14,3,TN,1.078723,1.377675,0.0,1.189387,1.499454,0.0,0.0,4,1,2,2,2,1,1,4,2,4,3,2,1,1,2,1,6,1,0,1,1,0,0,0,1,0,0,0,1,0,0,0,0,0,0,a,a,0,0,0,1,0,1,1,0,1,0,1,0,0,0,1,0,0,0,0,0,0,i,i,0,0,0,2,3,1,3,1,1,1,1,1,2,2,1,2,0,0,0,0,0,0,0,1,0,0,0,i,0,0,0,0,2,3,2,3,3,1,2,2,1,1,1,1,2,2,3,1,3,1,1,1,i,1,1,3,5,0,1,1,0,0,0,0,0,i,i,i,1,0,0,0,0,0,0,1,1,0,0,1,0,0,i,0,0,0,3,3,2,2,3,3,5,5,1,1,0,0,0,0,1,0,0,0,1,0,1,0,0,0,1,0,0,0,0,0,0,0,0,0,1,0,0,0,0,0,4,4,4,3,2,2,2,2,2,2,2,2,2,3,3,2,3,2,3,3,4,2,3,3,3,4,1,0,1,1,0,0,0,0,0,0,0,0,0,0,1,40,i,i,i,i,1,1,1,3,1,0,0,0,0,1,0,0,0,0,0,0,0,0,0,0,1,0,0,1,0,0,0,0,0,0,0,1,0,0,0,0,0,0,0,1,1,0,0,0,0,0,0,1,1,0,1,1,0,0,0,0,0,1,2,31,2,19,2,3,3,3,18,4,0,0,0,0,1,0,0,i,i,i,i,i,i,i,i,i,i,i,i,i,i,i,i,i,i,i,i,i,i,i,i,i,i,i,i,i,i,1,0,0,0,0,1,6,1,5,4,0,0,0,0,2,1,2,1,1,0,0,0,0,0,0,0,0,6,i,6,3,1,2,2,2,i,i,2,i,2,i,i,i,a,a,i,a,8,12,16,5,16,42,37,1,1,1,6,i,i,6,i,i,i,i,i,i,i,i,i,i,i,i,i,129,13,1
6291,doi:10.4232/1.12497,1.0.0 (2016-04-22),1,1,171,14000171,14251,14,3,TN,1.086978,1.377675,0.0,1.189387,1.499454,0.0,0.0,4,2,2,1,2,1,1,4,3,4,2,2,3,1,1,1,6,0,1,0,1,0,0,1,1,0,0,0,1,0,0,0,0,0,0,a,a,0,0,0,0,1,0,1,0,1,1,1,0,0,0,1,0,0,0,0,0,0,i,i,0,0,0,3,2,1,3,2,2,2,1,1,1,2,1,2,0,0,0,1,0,0,0,0,1,0,0,i,0,0,0,0,2,3,2,2,3,1,2,2,1,1,1,1,3,1,1,1,3,2,2,3,i,2,1,3,5,1,1,0,0,0,0,0,0,i,i,i,1,0,0,0,0,0,0,1,0,0,1,0,1,0,i,0,0,0,2,4,2,2,1,2,5,5,0,0,1,0,0,1,1,0,0,0,1,1,0,0,0,0,0,0,1,0,0,0,0,0,0,0,1,0,0,0,0,0,3,2,2,1,2,2,2,1,2,2,3,3,2,3,3,2,2,5,5,2,2,2,1,2,5,1,1,1,0,0,0,0,0,1,0,0,0,0,0,0,2,i,i,i,i,i,i,i,i,i,i,i,i,i,i,i,i,i,i,i,i,i,i,i,i,i,i,i,i,i,i,i,i,i,i,i,i,i,0,0,0,0,0,0,0,0,0,0,0,0,0,1,0,1,1,1,1,0,1,0,0,0,0,1,1,25,2,17,2,3,8,5,i,i,0,0,0,0,1,0,0,i,i,i,i,i,i,i,i,i,i,i,i,i,i,i,i,i,i,i,i,i,i,i,i,i,i,i,i,i,i,1,0,0,0,0,1,7,1,6,4,3,3,0,0,1,1,3,1,1,1,1,1,1,1,0,0,0,1,6,1,3,1,1,1,1,i,i,1,i,1,3,6,4,a,a,4,a,8,12,13,35,14,7,32,1,1,1,6,i,i,6,i,i,i,i,i,i,i,i,i,i,i,i,i,129,13,1
6291,doi:10.4232/1.12497,1.0.0 (2016-04-22),1,1,172,14000172,14252,14,3,TN,1.042536,1.377675,0.0,1.189387,1.499454,0.0,0.0,4,2,2,2,2,1,1,4,2,2,2,3,1,1,3,3,7,1,0,1,0,0,1,0,1,0,0,0,0,0,0,0,0,0,0,a,a,0,0,0,1,0,1,0,0,1,1,1,0,0,0,0,0,0,0,0,0,0,i,i,0,0,0,2,2,1,1,1,1,2,2,2,1,2,1,2,0,0,0,1,0,1,0,0,0,0,0,i,0,0,0,0,2,2,2,3,3,1,2,1,1,1,2,2,1,1,2,1,1,1,1,1,i,1,1,2,2,0,1,1,0,0,0,0,0,i,i,i,0,0,0,0,0,0,0,0,1,0,0,0,0,0,i,0,0,0,3,4,2,3,4,4,2,4,0,1,0,0,1,0,0,0,0,0,0,0,0,0,0,0,0,0,0,0,1,0,1,0,0,0,0,0,0,0,0,0,4,2,2,2,1,1,2,2,2,2,2,2,2,4,4,2,2,2,3,4,2,3,2,4,4,4,1,0,0,0,1,0,0,1,0,0,0,0,0,0,2,i,i,i,i,i,i,i,i,i,i,i,i,i,i,i,i,i,i,i,i,i,i,i,i,i,i,i,i,i,i,i,i,i,i,i,i,i,0,1,0,0,0,0,0,1,0,0,0,0,0,0,0,1,1,0,1,0,1,0,0,0,0,2,1,50,3,14,1,1,8,5,i,i,1,1,0,0,0,0,1,0,0,0,0,0,0,0,0,0,0,0,0,0,1,0,0,0,0,0,0,0,0,0,0,0,0,0,0,0,0,1,0,0,0,0,1,4,3,2,2,0,0,2,2,1,1,3,1,0,0,0,0,0,1,0,0,0,6,6,6,2,2,3,3,3,i,i,3,i,i,i,i,i,a,a,i,a,10,12,13,0,13,30,30,1,1,1,6,i,i,6,i,i,i,i,i,i,i,i,i,i,i,i,i,137,10,1
6291,doi:10.4232/1.12497,1.0.0 (2016-04-22),1,1,173,14000173,14253,14,3,TN,1.078723,1.377675,0.0,1.189387,1.499454,0.0,0.0,2,1,1,1,1,1,1,4,2,2,2,1,3,1,3,3,4,0,1,0,0,0,0,0,0,0,0,0,0,0,0,0,0,0,0,a,a,0,0,0,0,1,0,1,0,0,0,0,0,0,0,0,0,0,0,0,0,0,i,i,0,0,0,2,2,1,1,2,2,2,2,2,2,2,1,2,0,0,0,1,0,1,0,0,0,0,0,i,0,0,0,0,2,2,2,2,2,1,1,1,1,2,1,1,2,2,1,1,1,1,1,1,i,1,1,3,3,0,1,0,0,0,0,0,0,i,i,i,0,0,1,0,0,0,0,1,0,0,0,0,0,0,i,0,0,0,4,4,2,2,2,4,2,2,0,0,0,0,1,0,0,0,0,0,0,1,0,0,0,0,0,0,0,0,1,0,0,0,0,0,0,1,0,0,0,0,2,1,3,2,1,1,2,2,2,2,2,2,2,4,4,2,3,2,3,4,3,3,3,3,4,4,1,1,0,0,0,0,0,0,0,0,1,0,0,0,2,i,i,i,i,i,i,i,i,i,i,i,i,i,i,i,i,i,i,i,i,i,i,i,i,i,i,i,i,i,i,i,i,i,i,i,i,i,1,0,0,0,0,0,0,1,0,0,0,0,0,0,0,1,1,0,1,1,0,0,0,0,0,2,2,38,2,22,3,1,9,5,i,i,0,0,0,0,1,0,0,i,i,i,i,i,i,i,i,i,i,i,i,i,i,i,i,i,i,i,i,i,i,i,i,i,i,i,i,i,i,1,0,0,0,0,1,5,2,2,2,3,3,0,0,1,1,3,1,1,0,1,1,0,1,0,0,0,1,1,6,2,1,2,2,1,i,i,1,i,1,i,i,1,a,a,5,a,10,12,12,30,12,51,21,1,4,1,6,i,i,6,i,i,i,i,i,i,i,i,i,i,i,i,i,137,10,1
6291,doi:10.4232/1.12497,1.0.0 (2016-04-22),1,1,174,14000174,14254,14,3,TN,1.079329,1.377675,0.0,1.189387,1.499454,0.0,0.0,2,1,1,1,1,1,1,4,2,2,2,1,3,3,3,3,3,1,0,0,0,0,0,0,0,0,0,0,0,0,0,0,0,0,0,a,a,0,0,0,1,0,1,0,0,0,0,0,0,0,0,0,0,0,0,0,0,0,i,i,0,0,0,2,2,2,2,2,2,2,2,2,2,2,1,2,1,0,0,0,0,0,0,0,0,0,0,i,0,0,0,0,2,2,2,1,1,1,2,1,1,1,1,1,1,1,1,1,1,1,1,2,i,1,1,2,2,1,1,0,1,0,0,0,0,i,i,i,0,0,0,0,0,0,0,1,0,0,0,0,0,0,i,0,0,0,4,3,2,2,2,4,4,4,0,1,0,0,1,0,0,0,0,0,1,1,0,0,0,0,0,1,0,0,0,0,0,0,0,0,0,1,0,0,0,0,3,3,3,3,1,1,1,2,2,2,2,2,2,4,4,3,3,3,3,4,3,2,2,4,4,4,1,0,0,0,1,0,0,0,0,1,0,0,0,0,2,i,i,i,i,i,i,i,i,i,i,i,i,i,i,i,i,i,i,i,i,i,i,i,i,i,i,i,i,i,i,i,i,i,i,i,i,i,1,0,0,0,0,0,0,1,0,1,0,0,0,0,0,1,1,0,1,0,1,0,0,0,0,1,1,76,4,22,3,1,4,4,12,2,0,1,0,0,0,0,1,0,0,0,0,0,0,0,0,1,0,0,0,0,1,0,0,0,0,0,0,0,0,0,0,0,0,0,0,0,0,0,0,0,1,0,0,5,2,3,3,0,0,0,0,1,1,3,1,0,0,1,1,0,1,0,0,0,6,i,6,2,2,3,3,3,i,i,3,i,i,i,i,i,a,a,i,a,10,12,11,55,12,12,17,1,1,1,6,i,i,6,i,i,i,i,i,i,i,i,i,i,i,i,i,137,10,1
6291,doi:10.4232/1.12497,1.0.0 (2016-04-22),1,1,175,14000175,14255,14,3,TN,1.156189,1.377675,0.0,1.189387,1.499454,0.0,0.0,1,3,3,3,4,2,2,4,4,5,4,3,3,3,3,3,6,0,0,0,1,0,0,0,0,0,0,0,0,0,0,0,0,0,0,a,a,0,0,0,0,0,0,1,0,1,0,0,0,0,0,0,0,0,0,0,0,0,i,i,0,0,0,2,4,4,4,1,2,2,2,2,6,6,2,i,0,0,1,1,0,0,0,0,0,1,0,i,0,0,0,0,5,5,5,5,5,3,3,3,3,3,3,3,3,3,3,3,3,3,3,3,i,3,3,5,5,1,0,0,0,0,0,0,0,i,i,i,0,0,0,0,0,0,0,1,0,0,0,0,0,0,i,0,0,0,2,4,2,5,4,4,4,4,0,0,0,0,1,0,0,0,0,0,0,0,0,0,0,0,0,0,0,0,1,0,0,0,0,0,0,0,0,0,0,0,2,5,4,2,3,3,3,3,2,2,2,2,2,4,4,4,5,4,4,5,4,5,4,4,4,4,1,0,1,0,0,0,0,0,0,1,0,0,0,0,2,i,i,i,i,i,i,i,i,i,i,i,i,i,i,i,i,i,i,i,i,i,i,i,i,i,i,i,i,i,i,i,i,i,i,i,i,i,0,0,0,0,0,0,0,1,0,0,0,0,0,0,0,4,1,0,1,0,1,0,0,0,0,2,2,22,1,13,1,1,1,1,17,4,0,0,0,0,1,0,0,i,i,i,i,i,i,i,i,i,i,i,i,i,i,i,i,i,i,i,i,i,i,i,i,i,i,i,i,i,i,1,0,0,0,0,1,5,2,3,3,0,0,0,0,2,1,2,1,0,0,0,0,0,0,1,0,0,6,i,6,2,2,2,2,2,i,i,2,i,i,i,i,i,a,a,i,a,10,12,11,33,11,46,31,2,1,1,6,i,i,6,i,i,i,i,i,i,i,i,i,i,i,i,i,137,10,1
6291,doi:10.4232/1.12497,1.0.0 (2016-04-22),1,1,176,14000176,14256,14,3,TN,1.152241,1.377675,0.0,1.189387,1.499454,0.0,0.0,2,3,3,3,4,1,2,4,2,4,2,1,3,3,3,3,7,0,0,1,1,0,0,0,1,0,0,0,0,0,0,0,0,0,0,a,a,0,0,0,0,0,1,1,0,0,1,1,0,0,0,0,0,0,0,0,0,0,i,i,0,0,0,2,2,1,1,2,3,2,2,2,2,2,2,i,0,1,0,1,0,1,0,0,0,0,0,i,0,0,0,0,3,2,1,2,1,1,3,3,2,1,1,1,3,1,1,1,1,1,1,3,i,1,1,5,5,1,0,0,0,0,0,0,0,i,i,i,0,0,1,0,0,0,0,0,0,0,0,0,0,0,i,0,1,0,3,4,2,2,2,4,3,3,0,1,0,1,1,0,0,0,0,0,0,0,0,0,0,0,1,0,0,1,0,0,0,0,0,0,0,0,0,0,0,0,4,4,4,2,1,1,3,3,2,2,3,3,2,4,4,2,2,2,5,5,2,2,2,4,4,4,0,0,0,0,0,0,0,1,1,0,1,0,0,0,2,i,i,i,i,i,i,i,i,i,i,i,i,i,i,i,i,i,i,i,i,i,i,i,i,i,i,i,i,i,i,i,i,i,i,i,i,i,0,1,0,0,0,0,1,1,0,0,0,0,0,0,0,1,1,0,0,1,1,0,0,0,0,2,2,15,1,0,5,3,2,2,19,i,0,0,0,0,1,0,0,i,i,i,i,i,i,i,i,i,i,i,i,i,i,i,i,i,i,i,i,i,i,i,i,i,i,i,i,i,i,1,0,0,0,0,1,8,3,4,4,0,0,0,0,1,1,3,1,1,1,1,1,0,1,0,0,0,1,i,6,2,1,1,3,1,i,i,3,i,1,4,i,4,a,a,i,a,10,12,11,15,11,32,17,1,1,1,6,i,i,6,i,i,i,i,i,i,i,i,i,i,i,i,i,137,10,1
6291,doi:10.4232/1.12497,1.0.0 (2016-04-22),1,1,177,14000177,14257,14,3,TN,1.156189,1.377675,0.0,1.189387,1.499454,0.0,0.0,4,2,2,2,2,2,2,4,2,4,4,2,2,2,2,2,7,0,0,0,1,0,0,0,0,0,0,0,0,0,0,0,0,0,0,a,a,0,0,0,0,0,0,1,0,0,1,0,0,0,0,0,0,0,0,0,0,0,i,i,0,0,0,2,2,1,1,1,1,2,2,2,2,2,1,2,0,0,0,1,0,0,0,0,0,1,0,i,0,0,0,0,2,2,2,2,2,1,2,1,1,1,1,3,1,2,2,2,1,1,1,1,i,1,1,2,2,1,1,0,0,0,0,0,0,i,i,i,1,0,0,0,0,0,0,1,1,0,0,0,0,0,i,0,0,0,4,4,5,5,5,5,4,4,1,0,0,0,1,0,0,0,0,0,0,0,0,0,0,0,1,0,0,0,1,0,0,0,0,0,0,0,0,0,0,0,1,1,2,3,1,1,3,2,2,2,2,2,2,4,4,2,1,2,4,4,2,2,3,3,4,4,1,0,1,0,0,0,0,1,0,0,0,0,0,0,2,i,i,i,i,i,i,i,i,i,i,i,i,i,i,i,i,i,i,i,i,i,i,i,i,i,i,i,i,i,i,i,i,i,i,i,i,i,0,1,0,0,0,0,0,1,0,0,0,0,0,0,0,1,1,0,1,0,1,0,0,0,0,1,2,24,1,10,1,1,1,1,19,i,0,0,0,0,1,0,0,i,i,i,i,i,i,i,i,i,i,i,i,i,i,i,i,i,i,i,i,i,i,i,i,i,i,i,i,i,i,1,0,0,0,0,1,1,1,2,2,3,3,0,0,2,1,2,1,0,0,0,0,0,0,1,0,0,6,i,6,2,2,2,2,2,i,i,2,i,i,i,i,i,a,a,i,a,10,12,10,54,11,12,18,1,1,1,6,i,i,6,i,i,i,i,i,i,i,i,i,i,i,i,i,137,10,1
6291,doi:10.4232/1.12497,1.0.0 (2016-04-22),1,1,178,14000178,14258,14,3,TN,0.943088,1.377675,0.0,1.189387,1.499454,0.0,0.0,1,3,3,3,4,2,2,4,5,2,2,1,3,3,2,3,6,0,0,0,0,0,0,1,1,0,0,0,0,0,0,0,0,0,0,a,a,0,0,0,0,0,0,0,0,1,1,1,0,0,0,0,0,0,0,0,0,0,i,i,0,0,0,2,2,4,4,1,1,2,2,2,6,6,2,i,0,0,0,1,0,0,0,0,0,0,0,i,0,0,0,0,5,5,5,4,4,1,3,3,3,1,1,1,1,1,1,1,1,1,1,1,i,1,1,3,3,1,1,0,0,0,0,0,0,i,i,i,0,0,0,0,0,0,0,1,0,0,1,0,0,0,i,0,0,0,4,4,2,2,4,4,4,4,0,0,0,0,1,0,0,0,0,0,0,0,0,0,0,0,0,0,0,0,1,0,0,0,0,0,0,0,0,0,0,0,2,2,2,5,3,3,3,2,2,2,2,2,2,4,4,3,3,2,3,4,2,5,5,5,4,4,1,0,0,0,1,1,0,0,0,0,0,0,0,0,1,3,i,i,i,i,1,1,1,1,0,0,0,0,0,0,0,0,0,0,1,0,0,0,0,0,0,0,0,0,0,0,1,0,0,0,0,2,0,1,0,0,0,0,0,0,0,0,0,0,0,0,0,1,1,0,1,0,0,0,0,0,0,1,2,57,4,14,1,4,4,4,16,4,0,0,0,0,1,0,0,i,i,i,i,i,i,i,i,i,i,i,i,i,i,i,i,i,i,i,i,i,i,i,i,i,i,i,i,i,i,1,0,0,0,0,1,5,2,4,4,0,0,0,0,1,1,3,1,0,0,1,1,0,1,0,0,0,6,i,6,3,2,2,2,2,i,i,2,i,i,i,i,i,a,a,i,a,9,12,14,30,14,50,20,1,1,1,6,i,i,6,i,i,i,i,i,i,i,i,i,i,i,i,i,131,10,1
6291,doi:10.4232/1.12497,1.0.0 (2016-04-22),1,1,179,14000179,14259,14,3,TN,0.939868,1.377675,0.0,1.189387,1.499454,0.0,0.0,2,3,2,3,3,3,3,4,5,5,2,1,3,3,2,1,7,0,0,0,0,0,1,0,1,0,0,0,0,0,0,0,0,0,0,a,a,0,0,0,0,0,0,0,0,1,1,1,0,0,0,0,0,0,0,0,0,0,i,i,0,0,0,2,2,4,4,2,2,2,2,2,6,6,1,2,0,0,0,1,0,1,0,0,0,0,0,i,0,0,0,0,2,2,2,5,5,1,3,3,3,3,3,3,3,3,3,1,3,3,3,3,i,3,3,5,5,0,1,1,0,0,0,0,0,i,i,i,0,0,0,0,0,0,0,0,1,0,0,0,0,0,i,0,0,0,3,4,2,5,5,5,5,5,0,0,0,0,1,0,0,0,0,0,0,0,0,0,0,0,0,0,0,0,1,0,0,0,0,0,0,0,0,0,0,0,2,2,2,5,1,1,3,2,2,2,2,2,2,4,4,5,5,5,5,4,5,5,5,5,5,4,0,0,0,0,0,0,0,0,0,0,0,0,0,1,2,i,i,i,i,i,i,i,i,i,i,i,i,i,i,i,i,i,i,i,i,i,i,i,i,i,i,i,i,i,i,i,i,i,i,i,i,i,0,1,0,0,0,0,0,0,0,0,0,0,0,0,0,1,1,0,1,0,0,0,0,0,0,2,2,60,4,20,3,5,4,4,13,3,0,1,0,0,0,0,1,0,0,0,0,0,0,0,0,0,1,0,0,0,1,0,0,0,0,0,0,0,0,0,0,0,0,0,0,0,0,1,0,0,0,0,1,6,3,6,4,0,0,0,0,1,1,3,1,0,0,1,1,1,0,1,0,0,6,i,6,3,2,2,2,2,i,i,2,i,i,i,i,i,a,a,i,a,9,12,14,0,14,16,16,1,3,1,6,i,i,6,i,i,i,i,i,i,i,i,i,i,i,i,i,131,10,1
6291,doi:10.4232/1.12497,1.0.0 (2016-04-22),1,1,180,14000180,14260,14,3,TN,0.928232,1.377675,0.0,1.189387,1.499454,0.0,0.0,2,1,1,2,1,1,1,3,2,3,3,1,1,1,3,3,3,0,0,0,0,0,0,1,0,0,0,0,0,0,0,1,0,0,0,a,a,0,0,0,0,0,1,0,0,0,1,0,0,0,0,0,0,0,1,0,0,0,i,i,0,0,0,1,2,1,1,2,2,2,2,2,1,2,2,i,0,0,0,0,0,1,1,0,1,0,0,i,0,0,0,0,2,2,1,2,1,1,1,1,2,1,2,1,2,1,1,1,1,1,2,1,i,1,1,3,2,0,1,0,0,0,0,0,0,i,i,i,1,0,0,0,0,0,0,1,1,0,0,0,0,0,i,0,0,0,4,3,1,1,1,2,2,2,1,1,0,1,1,1,0,0,0,0,0,0,0,0,0,0,0,0,0,1,0,0,1,0,0,0,0,0,0,0,0,0,2,2,1,1,1,1,2,2,1,1,1,1,1,2,2,2,1,1,1,1,1,1,1,1,1,2,1,0,0,0,0,0,0,1,0,1,0,0,0,0,1,3,i,i,i,i,1,1,1,1,0,0,0,0,0,0,1,0,0,0,0,0,0,1,0,0,0,0,0,0,0,0,0,0,0,0,0,1,0,0,0,0,0,0,0,0,1,1,0,0,0,0,0,1,2,1,0,0,0,1,0,0,0,2,1,25,2,0,5,3,2,2,19,i,0,0,0,0,1,0,0,i,i,i,i,i,i,i,i,i,i,i,i,i,i,i,i,i,i,i,i,i,i,i,i,i,i,i,i,i,i,1,0,0,0,0,1,5,2,6,4,1,1,0,0,2,1,2,1,1,0,0,0,0,1,0,0,0,7,i,2,3,1,2,2,2,i,i,2,i,1,i,i,i,a,a,i,a,8,12,18,10,18,50,40,1,1,1,6,i,i,6,i,i,i,i,i,i,i,i,i,i,i,i,i,128,12,1
6291,doi:10.4232/1.12497,1.0.0 (2016-04-22),1,1,181,14000181,14261,14,3,TN,1.047189,1.377675,0.0,1.189387,1.499454,0.0,0.0,2,3,3,3,4,3,3,3,3,5,5,3,3,3,3,3,4,0,0,0,0,0,0,0,1,0,0,0,0,0,0,0,0,0,0,a,a,0,0,0,0,0,0,1,0,0,0,1,0,0,0,0,0,0,0,0,0,0,i,i,0,0,0,2,2,4,4,2,2,2,2,2,3,6,2,i,0,0,0,0,0,0,0,0,0,0,0,i,0,0,1,0,5,5,5,5,5,3,3,3,3,3,3,1,3,3,3,1,3,3,3,3,i,3,3,5,5,1,0,0,0,0,0,0,0,i,i,i,0,0,0,0,0,0,0,0,0,0,0,0,0,0,i,0,0,1,4,4,2,4,4,4,4,4,0,0,0,0,1,0,0,0,0,0,0,0,0,0,0,0,0,0,0,0,1,0,0,0,0,0,0,0,0,0,0,0,2,2,2,5,3,3,3,3,2,2,2,2,2,4,4,5,5,5,5,5,5,5,5,5,4,4,0,0,0,0,0,0,0,0,0,0,0,0,0,1,2,i,i,i,i,i,i,i,i,i,i,i,i,i,i,i,i,i,i,i,i,i,i,i,i,i,i,i,i,i,i,i,i,i,i,i,i,i,0,1,0,0,0,0,0,0,0,0,0,0,0,0,0,1,1,0,1,0,0,0,0,0,0,2,2,78,4,1,6,5,1,1,19,i,0,0,0,0,1,0,0,i,i,i,i,i,i,i,i,i,i,i,i,i,i,i,i,i,i,i,i,i,i,i,i,i,i,i,i,i,i,1,0,0,0,0,1,9,3,1,1,1,1,1,1,2,1,2,1,0,0,1,1,1,1,0,0,0,6,i,6,3,2,2,2,2,i,i,2,i,i,i,i,i,a,a,i,a,9,12,13,29,13,55,26,1,3,1,6,i,i,6,i,i,i,i,i,i,i,i,i,i,i,i,i,131,10,1
6291,doi:10.4232/1.12497,1.0.0 (2016-04-22),1,1,182,14000182,14262,14,3,TN,0.893598,1.377675,0.0,1.189387,1.499454,0.0,0.0,2,3,2,1,2,2,2,3,2,3,3,1,1,1,2,1,3,0,0,0,0,0,1,1,1,0,0,0,0,0,0,0,0,0,0,a,a,0,0,0,0,0,1,0,0,1,1,1,0,0,0,0,0,0,0,0,0,0,i,i,0,0,0,3,2,1,3,2,3,2,2,2,1,2,1,2,1,1,0,1,0,1,0,1,0,0,0,i,0,0,0,0,3,2,2,2,2,1,2,2,1,2,2,1,2,2,1,1,1,1,2,2,i,2,2,1,3,1,1,0,0,0,0,0,0,i,i,i,0,0,0,0,0,0,0,1,1,0,0,0,0,0,i,0,0,0,1,2,1,1,2,2,2,3,1,1,0,1,1,1,0,0,0,0,0,0,0,0,0,0,0,0,0,0,1,1,0,0,0,0,0,0,0,0,0,0,1,2,2,3,1,1,2,2,1,1,2,2,2,2,4,2,2,1,1,2,2,2,1,2,2,4,1,0,1,0,1,0,0,0,0,0,0,0,0,0,1,13,i,i,i,i,1,1,1,4,0,0,0,0,0,0,1,0,1,0,0,0,0,1,0,0,0,0,0,0,0,0,0,0,0,0,0,1,0,1,0,0,0,0,0,0,1,1,0,0,0,0,0,1,1,0,1,0,1,0,0,0,0,2,1,24,1,0,5,3,2,2,19,i,0,0,0,0,1,0,0,i,i,i,i,i,i,i,i,i,i,i,i,i,i,i,i,i,i,i,i,i,i,i,i,i,i,i,i,i,i,1,0,0,0,0,1,7,2,6,4,0,0,0,0,2,1,2,1,0,0,1,0,0,1,0,0,0,7,i,2,3,1,2,2,2,i,i,2,i,1,i,i,i,a,a,i,a,8,12,17,0,17,30,30,1,1,1,6,i,i,6,i,i,i,i,i,i,i,i,i,i,i,i,i,128,12,1
6291,doi:10.4232/1.12497,1.0.0 (2016-04-22),1,1,183,14000183,14263,14,3,TN,1.046421,1.377675,0.0,1.189387,1.499454,0.0,0.0,4,2,2,2,2,2,2,4,1,4,2,2,2,3,2,1,8,1,0,0,0,0,1,0,0,0,0,0,0,0,0,0,0,0,0,a,a,0,0,0,1,0,0,0,0,1,0,1,0,0,0,0,0,0,0,0,0,0,i,i,0,0,0,2,2,1,1,1,1,2,2,2,1,2,2,i,0,0,0,1,0,1,0,0,0,0,0,i,0,0,0,0,3,3,3,2,2,2,2,1,1,1,1,2,2,2,1,1,1,1,2,1,i,2,2,3,3,0,0,1,0,0,0,0,0,i,i,i,0,0,0,0,0,0,0,0,1,1,0,0,0,0,i,0,0,0,4,4,4,4,4,4,4,4,0,0,0,0,1,0,0,0,0,0,0,0,0,0,0,0,0,0,0,0,1,0,0,0,0,0,0,0,0,0,0,0,4,4,4,1,1,1,2,2,2,2,2,2,2,4,4,2,2,4,4,4,2,2,1,4,4,4,1,0,0,0,0,0,0,0,1,0,1,0,0,0,1,36,i,i,i,i,1,1,1,2,0,1,0,0,0,0,0,0,0,0,0,0,0,1,0,0,0,0,0,0,0,0,0,0,0,0,0,1,0,0,0,0,0,0,0,1,0,0,0,0,0,0,0,1,1,0,1,0,1,0,0,0,0,1,1,19,1,0,5,3,2,2,19,i,0,0,0,0,1,0,0,i,i,i,i,i,i,i,i,i,i,i,i,i,i,i,i,i,i,i,i,i,i,i,i,i,i,i,i,i,i,1,0,0,0,0,1,2,2,3,3,0,0,0,0,1,1,3,1,0,0,1,1,0,1,0,0,0,1,i,1,3,1,2,2,1,i,i,2,i,1,i,i,1,a,a,i,a,9,12,13,6,13,21,15,1,1,1,6,i,i,6,i,i,i,i,i,i,i,i,i,i,i,i,i,131,10,1
6291,doi:10.4232/1.12497,1.0.0 (2016-04-22),1,1,184,14000184,14264,14,3,TN,0.893598,1.377675,0.0,1.189387,1.499454,0.0,0.0,2,2,2,2,2,2,2,4,2,4,4,3,1,1,2,1,15,0,0,1,1,0,1,1,1,0,0,0,0,0,0,0,0,0,0,a,a,0,0,0,0,0,1,1,0,1,1,1,0,0,0,0,0,0,1,0,0,0,i,i,0,0,0,2,2,1,3,1,3,2,2,2,1,5,2,i,0,1,0,0,0,1,0,0,0,0,0,i,0,0,0,0,2,2,2,2,2,1,2,1,1,1,2,2,2,2,2,2,1,1,2,2,i,2,2,2,4,0,1,1,0,0,0,0,0,i,i,i,0,0,0,0,0,0,0,1,1,0,0,0,0,0,i,0,0,0,2,2,2,2,4,2,2,2,0,0,0,0,1,0,1,1,0,0,0,1,1,0,0,0,0,0,0,0,1,0,1,0,0,0,0,0,0,0,0,0,2,2,1,4,1,1,2,1,1,2,2,2,2,3,3,1,1,1,1,1,1,1,1,1,1,1,1,1,0,0,0,0,0,1,0,0,0,0,0,0,1,3,i,i,i,i,1,1,1,5,0,0,0,0,0,1,0,0,1,0,0,0,0,1,0,0,0,0,0,0,0,0,0,0,0,0,0,1,0,1,0,0,0,0,0,0,1,1,0,0,0,0,0,1,1,0,1,0,0,1,0,0,0,2,1,24,1,0,5,3,2,2,19,i,0,0,0,0,1,0,0,i,i,i,i,i,i,i,i,i,i,i,i,i,i,i,i,i,i,i,i,i,i,i,i,i,i,i,i,i,i,1,0,0,0,0,1,2,1,6,4,0,0,0,0,2,1,2,1,0,0,0,0,0,0,0,0,0,7,i,2,3,1,2,2,2,i,i,2,i,1,i,i,i,a,a,i,a,8,12,16,0,16,45,45,1,1,1,6,i,i,6,i,i,i,i,i,i,i,i,i,i,i,i,i,128,12,1
6291,doi:10.4232/1.12497,1.0.0 (2016-04-22),1,1,185,14000185,14265,14,3,TN,1.090702,1.377675,0.0,1.189387,1.499454,0.0,0.0,4,4,4,4,4,2,2,2,1,4,2,1,2,1,1,1,6,1,0,0,0,0,0,1,1,0,0,0,0,0,0,0,0,0,0,a,a,0,0,0,1,0,0,0,0,1,1,1,0,0,0,0,0,0,0,0,0,0,i,i,0,0,0,3,2,1,3,2,4,2,2,2,1,2,1,2,1,1,0,1,1,1,0,0,1,0,0,i,0,0,0,0,3,2,1,3,2,1,2,2,2,2,2,1,1,1,1,1,1,1,2,1,i,2,2,1,2,1,1,0,0,0,0,0,0,i,i,i,0,0,0,0,0,0,0,1,1,0,0,0,0,0,i,0,0,0,4,3,1,2,2,2,2,3,1,1,1,0,1,1,0,0,0,0,0,0,0,0,0,0,0,0,0,0,1,1,0,0,0,0,0,0,0,0,0,0,3,2,2,3,1,2,2,2,1,1,2,2,2,3,4,2,2,1,1,2,4,4,1,4,4,4,1,0,0,0,1,0,0,0,1,0,0,0,0,0,1,12,i,i,i,i,1,1,1,4,1,0,1,0,0,0,0,0,0,0,0,0,0,1,0,0,0,0,0,0,0,0,0,0,0,0,0,1,0,1,0,0,1,0,0,0,1,0,0,0,0,0,0,1,1,0,1,0,1,0,0,0,0,2,1,27,2,98,8,4,3,3,19,i,0,0,0,0,1,0,0,i,i,i,i,i,i,i,i,i,i,i,i,i,i,i,i,i,i,i,i,i,i,i,i,i,i,i,i,i,i,1,1,0,0,0,1,6,2,6,4,0,0,0,0,2,1,2,1,1,1,0,0,0,0,0,0,0,5,i,3,3,1,2,2,1,i,i,2,i,1,i,i,5,a,a,i,a,8,12,14,10,14,55,45,1,2,1,6,i,i,6,i,i,i,i,i,i,i,i,i,i,i,i,i,128,12,1
6291,doi:10.4232/1.12497,1.0.0 (2016-04-22),1,1,186,14000186,14266,14,3,TN,1.038976,1.377675,0.0,1.189387,1.499454,0.0,0.0,4,1,1,1,1,1,1,2,2,2,2,1,1,1,1,1,2,0,0,0,1,0,0,1,1,0,0,0,1,1,1,1,0,0,0,a,a,0,0,0,0,1,0,1,0,0,1,1,0,0,0,1,1,1,1,0,0,0,i,i,0,0,0,3,3,1,1,1,1,2,2,2,1,2,1,2,1,0,0,1,0,0,0,0,1,1,0,i,0,0,0,0,1,1,1,1,1,2,2,2,1,2,1,2,2,1,1,1,1,1,1,1,i,1,1,4,4,1,0,0,0,0,0,0,0,i,i,i,1,0,1,0,0,0,0,1,0,0,0,0,0,0,i,0,0,0,2,4,1,1,1,1,1,1,1,1,1,1,0,0,0,0,0,0,0,1,0,0,0,0,1,0,0,0,0,0,0,0,0,0,0,1,0,0,0,0,4,4,4,2,2,2,2,2,2,2,1,1,2,4,4,2,2,2,3,3,2,1,3,3,3,4,1,1,0,0,0,0,1,0,0,0,0,0,0,0,2,i,i,i,i,i,i,i,i,i,i,i,i,i,i,i,i,i,i,i,i,i,i,i,i,i,i,i,i,i,i,i,i,i,i,i,i,i,0,1,0,0,0,0,0,0,0,0,0,1,0,0,0,1,1,0,1,1,1,0,0,0,0,1,1,47,3,18,2,1,8,5,i,i,0,0,0,0,1,0,0,i,i,i,i,i,i,i,i,i,i,i,i,i,i,i,i,i,i,i,i,i,i,i,i,i,i,i,i,i,i,1,0,0,0,0,1,5,1,5,4,0,0,0,0,2,1,2,1,0,0,1,1,1,1,0,0,0,4,6,6,3,2,2,2,2,i,i,2,i,i,i,i,i,a,a,i,a,8,12,12,40,13,10,30,1,1,1,6,i,i,6,i,i,i,i,i,i,i,i,i,i,i,i,i,134,13,1
6291,doi:10.4232/1.12497,1.0.0 (2016-04-22),1,1,187,14000187,14267,14,3,TN,1.046421,1.377675,0.0,1.189387,1.499454,0.0,0.0,3,2,2,2,2,1,1,4,2,2,2,1,1,1,2,1,6,0,0,1,0,0,0,0,0,0,0,0,1,0,0,0,0,0,0,a,a,0,0,0,0,0,1,0,0,1,0,0,0,0,0,1,0,0,0,0,0,0,i,i,0,0,0,2,3,1,1,1,1,3,2,3,2,2,1,2,0,0,0,1,0,0,0,0,0,0,0,i,0,0,0,0,3,3,3,2,3,1,3,1,2,1,3,2,1,1,1,1,1,1,2,1,i,1,1,3,4,1,1,1,0,0,0,0,0,i,i,i,0,0,0,0,0,0,0,1,1,0,0,0,1,0,i,0,0,0,2,2,1,2,1,2,3,2,1,0,1,1,0,0,0,0,0,0,1,1,0,0,0,0,0,0,0,0,0,0,0,0,0,0,1,1,0,0,0,0,3,2,2,2,1,2,2,1,2,2,2,2,2,4,4,1,1,2,2,1,1,1,1,1,1,3,1,0,0,1,0,0,1,0,0,0,0,0,0,0,2,i,i,i,i,i,i,i,i,i,i,i,i,i,i,i,i,i,i,i,i,i,i,i,i,i,i,i,i,i,i,i,i,i,i,i,i,i,0,0,0,0,0,0,0,1,1,1,0,0,0,0,0,1,1,0,1,0,1,0,0,0,0,2,1,21,1,0,5,3,2,2,19,i,0,0,0,0,1,0,0,i,i,i,i,i,i,i,i,i,i,i,i,i,i,i,i,i,i,i,i,i,i,i,i,i,i,i,i,i,i,1,0,0,0,0,1,5,1,3,3,2,2,0,0,2,1,2,1,0,0,1,0,0,1,0,0,0,4,i,2,3,1,2,2,2,i,i,2,i,2,i,i,i,a,a,i,a,8,12,11,55,12,14,19,1,1,1,6,i,i,6,i,i,i,i,i,i,i,i,i,i,i,i,i,134,13,1
6291,doi:10.4232/1.12497,1.0.0 (2016-04-22),1,1,188,14000188,14268,14,3,TN,0.893598,1.377675,0.0,1.189387,1.499454,0.0,0.0,2,3,2,3,3,2,2,4,2,3,4,1,1,1,2,1,6,0,0,1,0,0,0,1,1,0,0,0,0,0,0,0,0,0,0,a,a,0,0,0,0,0,1,0,0,1,1,1,0,0,0,0,0,0,0,0,0,0,i,i,0,0,0,2,2,1,3,2,1,1,1,1,1,3,1,2,0,0,0,0,0,0,1,0,0,1,0,i,0,0,0,0,1,1,1,4,1,1,1,1,2,2,2,2,2,1,2,1,1,1,2,1,i,2,2,1,3,0,1,0,0,0,0,1,1,i,i,i,0,0,0,0,0,0,0,1,1,0,0,1,0,0,i,0,0,0,1,4,1,1,1,1,1,1,0,0,0,1,1,0,1,1,0,0,1,0,0,0,0,0,0,0,0,1,1,0,0,0,0,0,0,0,0,0,0,0,4,4,4,2,2,2,2,2,2,2,2,2,2,3,3,2,1,4,1,4,1,2,2,4,2,2,1,1,0,0,1,0,0,0,0,0,0,0,0,0,1,3,i,i,i,i,1,1,1,5,1,0,0,0,0,0,1,0,1,0,0,0,0,0,0,0,0,1,0,0,0,0,0,0,0,0,0,1,0,0,0,0,0,0,0,1,1,0,0,0,0,0,0,1,1,0,1,0,0,1,1,0,0,2,1,22,1,22,3,3,2,2,5,1,0,0,0,0,1,0,0,i,i,i,i,i,i,i,i,i,i,i,i,i,i,i,i,i,i,i,i,i,i,i,i,i,i,i,i,i,i,1,1,0,0,0,1,7,2,11,4,0,0,0,0,1,1,3,1,1,1,1,0,1,1,0,0,0,1,i,2,3,1,1,2,1,i,i,2,i,1,2,i,3,a,a,i,a,8,12,12,5,12,45,40,1,1,1,6,i,i,6,i,i,i,i,i,i,i,i,i,i,i,i,i,128,12,1
6291,doi:10.4232/1.12497,1.0.0 (2016-04-22),1,1,189,14000189,14269,14,3,TN,1.042536,1.377675,0.0,1.189387,1.499454,0.0,0.0,2,3,2,1,2,3,3,3,5,4,3,2,2,3,2,2,6,1,0,0,0,0,0,1,0,0,0,0,1,0,0,0,1,0,0,a,a,0,0,0,1,0,0,0,0,1,1,0,0,0,0,1,0,0,0,1,0,0,i,i,0,0,0,2,2,1,3,1,1,2,3,3,4,2,1,2,0,1,0,1,0,0,0,0,1,0,0,i,0,0,0,0,2,2,2,3,1,1,1,2,1,1,3,2,2,1,3,1,1,3,2,1,i,3,1,3,5,1,1,0,0,0,0,0,0,i,i,i,0,0,0,0,0,0,0,1,1,0,0,0,0,0,i,0,0,0,2,3,1,2,1,4,5,5,1,0,1,0,1,0,0,0,0,0,0,0,0,0,0,0,1,0,1,0,0,0,0,0,0,0,0,0,0,0,0,0,3,1,2,5,2,2,2,2,1,2,3,1,2,4,4,2,2,4,2,2,1,1,3,1,2,4,0,0,0,1,0,0,0,1,1,0,0,0,0,0,2,i,i,i,i,i,i,i,i,i,i,i,i,i,i,i,i,i,i,i,i,i,i,i,i,i,i,i,i,i,i,i,i,i,i,i,i,i,0,1,0,0,0,0,0,1,1,0,0,0,0,0,0,2,1,0,0,1,1,0,0,0,0,1,1,43,3,15,1,1,18,8,i,i,0,0,0,0,1,0,0,i,i,i,i,i,i,i,i,i,i,i,i,i,i,i,i,i,i,i,i,i,i,i,i,i,i,i,i,i,i,1,0,0,0,0,1,5,1,2,2,4,4,1,1,2,1,2,1,0,0,0,0,0,1,0,0,0,6,6,6,3,2,2,2,2,i,i,2,i,i,i,i,i,a,a,i,a,9,12,11,25,11,50,25,1,1,1,6,i,i,6,i,i,i,i,i,i,i,i,i,i,i,i,i,134,13,1
6291,doi:10.4232/1.12497,1.0.0 (2016-04-22),1,1,190,14000190,14270,14,3,TN,0.893598,1.377675,0.0,1.189387,1.499454,0.0,0.0,4,3,2,3,3,2,2,3,2,4,2,3,3,3,2,1,3,0,0,0,1,0,1,1,0,0,0,0,0,0,0,0,0,0,0,a,a,0,0,0,0,0,1,1,0,1,1,0,0,0,0,0,0,0,0,0,0,0,i,i,0,0,0,2,3,3,3,2,2,2,2,2,1,5,1,2,1,0,0,0,0,0,0,0,0,0,1,i,0,0,0,0,2,1,1,4,2,1,1,2,1,1,1,1,1,1,1,2,2,1,2,2,i,1,1,4,5,0,1,1,0,1,0,0,0,i,i,i,0,0,0,0,0,0,0,1,1,0,0,0,0,0,i,0,0,0,4,4,2,2,3,4,3,4,1,0,0,0,1,0,0,0,0,0,1,0,0,0,0,0,1,0,0,0,1,0,0,0,0,0,0,0,0,0,0,0,2,2,2,3,1,1,2,3,2,2,2,1,3,2,2,2,4,1,2,4,2,4,2,1,4,4,1,1,0,0,0,1,0,0,0,0,0,0,0,0,1,23,i,i,i,i,1,1,1,4,1,0,0,1,0,0,0,0,0,1,0,0,0,0,1,0,1,0,0,0,0,1,0,0,0,0,0,1,0,0,0,0,0,0,0,1,1,0,0,0,0,0,0,1,1,1,1,0,1,0,0,0,0,1,1,24,1,24,3,3,2,2,19,i,0,0,0,0,1,0,0,i,i,i,i,i,i,i,i,i,i,i,i,i,i,i,i,i,i,i,i,i,i,i,i,i,i,i,i,i,i,1,1,0,0,0,1,6,1,4,4,0,0,0,0,2,1,2,1,0,0,0,0,0,0,0,0,0,6,i,2,3,1,2,2,1,i,i,2,i,1,i,i,3,a,a,i,a,8,12,9,30,10,15,45,1,1,1,6,i,i,6,i,i,i,i,i,i,i,i,i,i,i,i,i,128,12,1
6291,doi:10.4232/1.12497,1.0.0 (2016-04-22),1,1,191,14000191,14271,14,3,TN,1.047189,1.377675,0.0,1.189387,1.499454,0.0,0.0,2,4,3,3,4,4,4,5,5,5,5,3,4,4,3,1,23,i,i,i,i,i,i,i,i,i,i,i,i,i,i,i,i,i,i,a,a,i,i,i,0,0,0,0,0,0,0,0,0,0,0,0,0,0,0,0,0,0,i,i,0,0,1,1,1,4,4,5,5,2,2,2,5,6,3,i,0,0,0,0,0,0,0,0,0,0,0,i,0,0,1,0,3,3,5,5,5,1,2,2,2,2,2,2,2,2,2,2,2,2,2,2,i,3,3,5,4,1,0,0,0,0,0,0,0,i,i,i,0,0,0,0,0,0,0,1,0,0,0,0,0,0,i,0,0,0,2,2,2,2,2,3,5,5,0,0,0,0,0,0,0,0,0,0,0,0,0,0,0,1,0,0,0,0,0,0,0,0,0,0,0,0,0,0,0,1,4,1,1,5,3,3,3,1,1,1,2,2,2,1,4,5,5,5,5,5,5,5,5,5,5,5,1,0,0,0,0,0,0,0,0,0,1,0,0,0,2,i,i,i,i,i,i,i,i,i,i,i,i,i,i,i,i,i,i,i,i,i,i,i,i,i,i,i,i,i,i,i,i,i,i,i,i,i,0,0,0,0,0,0,0,0,1,1,0,0,0,0,0,1,3,0,0,0,1,0,0,0,0,2,2,71,4,1,6,5,3,3,19,i,0,0,0,0,1,0,0,i,i,i,i,i,i,i,i,i,i,i,i,i,i,i,i,i,i,i,i,i,i,i,i,i,i,i,i,i,i,0,0,0,1,0,0,6,4,6,4,0,0,0,0,2,1,2,1,0,0,1,0,1,0,0,0,0,6,i,6,2,3,3,3,3,i,i,3,i,i,i,i,i,a,a,i,a,9,12,14,20,15,4,44,1,3,1,6,i,i,6,i,i,i,i,i,i,i,i,i,i,i,i,i,139,12,1
6291,doi:10.4232/1.12497,1.0.0 (2016-04-22),1,1,192,14000192,14272,14,3,TN,1.156189,1.377675,0.0,1.189387,1.499454,0.0,0.0,4,3,3,3,4,2,2,4,1,2,2,2,1,1,1,1,12,1,0,1,0,0,0,1,0,0,0,0,0,0,0,0,0,0,0,a,a,0,0,0,1,0,1,0,0,0,1,0,0,0,0,1,0,0,0,0,0,0,i,i,0,0,0,2,2,1,1,1,2,3,2,3,1,2,1,2,0,0,0,1,1,0,0,0,1,0,0,i,0,0,0,0,2,2,1,3,2,1,1,3,1,1,2,2,2,2,2,1,1,2,1,1,i,3,1,2,5,1,1,0,0,0,0,0,1,i,i,i,0,0,0,0,0,0,0,1,1,0,0,0,0,0,i,0,0,0,4,4,2,3,2,3,2,2,1,0,1,1,0,0,0,0,0,0,1,1,0,0,0,0,0,0,0,0,0,0,0,0,0,0,1,1,0,0,0,0,3,1,1,1,1,2,2,1,2,2,1,1,2,3,5,2,1,1,3,2,1,1,3,1,3,3,1,0,1,0,0,0,0,1,0,0,0,0,0,0,1,3,i,i,i,i,1,1,1,4,0,1,0,0,0,0,0,0,0,0,0,0,0,1,0,0,1,0,0,0,0,0,1,0,0,0,0,1,0,1,0,0,0,0,0,0,1,1,0,0,0,0,0,1,1,0,0,0,1,0,0,0,0,1,2,24,1,16,2,1,1,1,19,i,0,0,0,0,1,0,0,i,i,i,i,i,i,i,i,i,i,i,i,i,i,i,i,i,i,i,i,i,i,i,i,i,i,i,i,i,i,1,0,0,0,0,1,7,2,4,4,0,0,0,0,2,1,2,1,0,0,1,1,1,1,0,0,0,1,i,5,3,1,2,2,2,i,i,2,i,1,i,i,i,a,a,i,a,8,12,14,40,15,0,20,1,1,1,6,i,i,6,i,i,i,i,i,i,i,i,i,i,i,i,i,134,13,1
6291,doi:10.4232/1.12497,1.0.0 (2016-04-22),1,1,193,14000193,14273,14,3,TN,0.928232,1.377675,0.0,1.189387,1.499454,0.0,0.0,4,2,3,1,2,1,1,4,3,5,2,2,4,2,3,2,3,1,0,0,0,0,1,1,1,0,0,0,1,0,0,0,0,0,0,a,a,0,0,0,1,0,1,0,0,1,1,1,0,0,0,1,0,0,0,0,0,0,i,i,0,0,0,2,2,1,1,1,2,3,1,3,1,2,1,2,0,1,0,1,0,0,0,0,1,0,0,i,0,0,0,0,2,2,1,2,2,1,2,1,1,1,2,1,2,3,2,1,1,2,2,1,i,2,1,3,3,1,1,1,0,0,0,0,0,i,i,i,0,0,0,0,0,0,0,1,1,1,0,0,0,0,i,0,0,0,1,3,2,1,1,3,2,2,1,1,1,1,0,0,0,0,0,0,1,0,0,0,0,0,1,0,1,0,0,0,0,0,0,0,0,0,0,0,0,0,3,2,2,4,1,1,2,2,2,2,2,2,2,3,3,3,3,2,3,3,3,2,3,3,4,3,1,0,0,0,1,0,1,0,0,0,0,0,0,0,2,i,i,i,i,i,i,i,i,i,i,i,i,i,i,i,i,i,i,i,i,i,i,i,i,i,i,i,i,i,i,i,i,i,i,i,i,i,0,0,0,1,0,0,0,1,1,0,0,0,0,0,0,1,1,0,1,0,1,0,0,0,0,1,1,25,2,0,5,3,2,2,19,i,0,0,0,0,1,0,0,i,i,i,i,i,i,i,i,i,i,i,i,i,i,i,i,i,i,i,i,i,i,i,i,i,i,i,i,i,i,1,0,0,0,0,1,6,1,7,4,0,0,1,1,1,1,3,1,0,0,1,1,1,1,0,0,0,1,i,3,3,1,2,3,2,i,i,3,i,1,i,i,i,a,a,i,a,8,12,14,15,14,50,35,1,2,1,6,i,i,6,i,i,i,i,i,i,i,i,i,i,i,i,i,129,13,1
6291,doi:10.4232/1.12497,1.0.0 (2016-04-22),1,1,194,14000194,14274,14,3,TN,1.039997,1.377675,0.0,1.189387,1.499454,0.0,0.0,2,3,2,2,3,1,2,4,3,1,1,1,1,1,1,1,4,1,0,1,0,0,0,1,0,0,0,0,0,1,0,0,0,0,0,a,a,0,0,0,1,0,1,1,0,0,1,0,0,0,0,0,1,0,0,0,0,0,i,i,0,0,0,2,2,3,3,1,2,2,2,2,1,2,3,i,0,0,1,1,0,1,0,0,0,0,0,i,0,0,0,0,2,2,2,2,2,1,2,1,2,1,1,2,2,2,2,1,1,1,1,1,i,1,1,2,2,0,1,1,0,1,0,0,0,i,i,i,0,0,0,0,0,0,0,1,1,0,0,0,0,0,i,0,0,0,2,3,2,2,2,2,2,2,0,0,1,0,1,0,0,0,0,0,1,0,0,0,0,0,1,0,0,0,0,0,1,0,0,0,0,0,0,0,0,0,3,3,3,2,1,1,3,1,2,2,1,1,2,4,3,2,2,2,3,2,2,2,2,2,3,3,1,1,0,0,0,0,0,1,0,0,0,0,0,0,2,i,i,i,i,i,i,i,i,i,i,i,i,i,i,i,i,i,i,i,i,i,i,i,i,i,i,i,i,i,i,i,i,i,i,i,i,i,0,1,0,0,0,0,0,0,1,1,0,0,0,0,0,1,1,0,1,1,1,0,0,0,0,2,1,27,2,15,1,3,8,5,i,i,0,0,0,0,1,0,0,i,i,i,i,i,i,i,i,i,i,i,i,i,i,i,i,i,i,i,i,i,i,i,i,i,i,i,i,i,i,0,0,0,1,0,0,7,3,4,4,0,0,0,0,1,1,3,1,0,0,1,1,0,1,0,0,0,1,1,5,3,1,2,2,2,i,i,2,i,1,i,i,i,a,a,i,a,11,12,11,45,12,27,42,1,1,1,1,i,i,1,i,i,i,i,i,i,i,i,i,i,i,i,i,39,3,1
6291,doi:10.4232/1.12497,1.0.0 (2016-04-22),1,1,195,14000195,14275,14,3,TN,1.039997,1.377675,0.0,1.189387,1.499454,0.0,0.0,3,2,2,2,2,1,1,4,3,3,3,2,1,1,1,1,6,1,1,1,1,0,0,1,1,0,0,0,0,1,0,0,0,1,0,a,a,0,0,0,1,1,1,1,0,1,1,1,0,0,0,0,1,0,0,0,1,0,i,i,0,0,0,2,2,3,3,1,1,2,2,2,1,2,3,i,0,0,0,1,0,1,0,0,1,1,0,i,0,0,0,0,2,2,2,5,5,1,1,1,1,1,1,1,1,1,1,1,1,1,1,1,i,1,1,2,2,1,1,1,0,0,0,0,0,i,i,i,0,0,0,0,0,0,0,1,1,1,0,0,0,0,i,0,0,0,1,4,2,2,2,3,2,2,1,0,0,1,1,0,0,0,0,0,1,1,0,0,0,0,0,0,0,0,0,0,1,1,0,0,0,0,0,0,0,0,4,4,3,3,1,1,3,1,2,2,2,2,2,4,3,2,2,3,3,3,3,3,3,2,2,2,1,1,0,1,0,0,0,0,0,0,0,0,0,0,2,i,i,i,i,i,i,i,i,i,i,i,i,i,i,i,i,i,i,i,i,i,i,i,i,i,i,i,i,i,i,i,i,i,i,i,i,i,1,1,0,0,0,0,0,0,0,0,1,0,0,0,0,3,1,1,1,1,0,0,0,0,0,2,1,26,2,14,1,3,3,3,19,i,0,0,0,0,1,0,0,i,i,i,i,i,i,i,i,i,i,i,i,i,i,i,i,i,i,i,i,i,i,i,i,i,i,i,i,i,i,1,0,0,0,0,1,5,3,5,4,0,0,0,0,1,1,3,1,0,0,1,1,1,1,0,0,0,1,i,5,3,1,2,2,2,i,i,2,i,1,i,i,i,a,a,i,a,11,12,12,55,13,35,40,1,2,1,1,i,i,1,i,i,i,i,i,i,i,i,i,i,i,i,i,39,3,1
6291,doi:10.4232/1.12497,1.0.0 (2016-04-22),1,1,196,14000196,14276,14,3,TN,0.951905,1.377675,0.0,1.189387,1.499454,0.0,0.0,4,2,2,2,2,3,3,4,3,3,2,3,3,3,3,1,6,0,0,1,0,0,0,0,0,0,1,0,0,0,0,0,0,0,0,a,a,0,0,0,0,0,1,0,0,1,0,0,0,1,0,0,0,0,0,0,0,0,i,i,0,0,0,3,3,3,3,2,3,2,2,2,3,5,2,i,0,0,0,0,0,0,0,0,0,0,0,i,0,1,0,0,2,3,3,2,4,1,2,2,2,2,2,2,2,2,2,2,2,2,2,1,i,2,2,2,2,1,1,0,0,0,0,0,0,i,i,i,0,0,0,0,0,0,0,1,0,0,0,0,1,0,i,0,0,0,3,3,2,2,4,4,4,4,0,0,0,0,0,0,0,0,0,0,0,0,0,0,1,0,0,0,0,0,1,0,0,0,0,0,0,1,0,0,0,0,3,2,2,3,1,2,1,2,2,2,2,2,2,3,4,3,3,3,4,3,3,2,3,4,4,4,1,0,0,1,0,0,0,0,0,1,0,0,0,0,2,i,i,i,i,i,i,i,i,i,i,i,i,i,i,i,i,i,i,i,i,i,i,i,i,i,i,i,i,i,i,i,i,i,i,i,i,i,0,1,0,0,0,0,0,0,0,0,0,0,0,0,0,1,2,0,1,0,1,0,0,0,0,2,1,58,4,17,2,1,4,4,14,3,0,0,0,0,1,0,0,i,i,i,i,i,i,i,i,i,i,i,i,i,i,i,i,i,i,i,i,i,i,i,i,i,i,i,i,i,i,1,0,0,0,0,1,6,3,1,1,0,0,0,0,1,1,3,1,1,1,1,1,0,1,0,0,0,1,i,5,2,2,1,2,2,i,i,2,i,i,1,i,i,a,a,i,a,11,12,11,5,11,46,41,1,1,1,1,i,i,1,i,i,i,i,i,i,i,i,i,i,i,i,i,50,2,1
6291,doi:10.4232/1.12497,1.0.0 (2016-04-22),1,1,197,14000197,14277,14,3,TN,1.10244,1.377675,0.0,1.189387,1.499454,0.0,0.0,3,2,2,2,2,1,1,4,3,3,3,2,1,1,1,1,6,1,1,1,1,0,0,1,1,0,0,0,0,0,0,0,0,0,0,a,a,0,0,0,1,1,1,1,0,1,1,1,0,0,0,0,0,0,0,0,0,0,i,i,0,0,0,2,2,3,3,1,1,2,2,2,1,2,3,i,0,0,1,1,0,1,0,0,0,0,0,i,0,0,0,0,2,2,2,5,5,1,2,1,1,1,1,1,2,1,2,1,1,1,1,1,i,2,1,2,2,1,1,1,0,0,0,0,0,i,i,i,0,0,0,0,0,0,0,1,1,1,0,0,0,0,i,0,0,0,4,4,2,2,2,3,2,2,0,0,1,1,1,0,0,0,0,0,0,0,0,0,0,0,0,0,0,0,0,0,1,0,0,0,0,1,0,0,0,0,4,4,3,3,1,1,3,1,2,2,2,2,2,4,3,2,2,3,3,3,3,3,3,2,2,2,1,1,1,0,0,0,0,0,0,0,0,0,0,0,2,i,i,i,i,i,i,i,i,i,i,i,i,i,i,i,i,i,i,i,i,i,i,i,i,i,i,i,i,i,i,i,i,i,i,i,i,i,1,1,0,0,0,0,0,0,0,0,0,1,0,0,0,3,1,0,1,1,1,0,0,0,0,2,2,22,1,14,1,3,3,3,19,i,0,0,0,0,1,0,0,i,i,i,i,i,i,i,i,i,i,i,i,i,i,i,i,i,i,i,i,i,i,i,i,i,i,i,i,i,i,0,0,0,1,0,0,7,3,4,4,0,0,1,1,1,1,3,1,1,0,1,1,0,1,0,0,0,1,i,5,3,1,2,2,2,i,i,2,i,1,i,i,i,a,a,i,a,11,12,18,5,18,44,39,1,2,1,1,i,i,1,i,i,i,i,i,i,i,i,i,i,i,i,i,39,3,1
6291,doi:10.4232/1.12497,1.0.0 (2016-04-22),1,1,198,14000198,14278,14,3,TN,0.998507,1.377675,0.0,1.189387,1.499454,0.0,0.0,1,3,3,3,4,4,4,4,5,5,2,4,3,3,3,3,4,0,0,0,0,0,1,1,1,0,0,0,0,0,0,0,1,0,0,a,a,0,0,0,0,0,0,1,0,1,1,1,0,0,0,0,0,0,0,1,0,0,i,i,0,0,0,2,4,4,4,5,4,2,2,2,6,1,3,i,0,0,0,0,0,0,0,0,0,0,0,i,0,0,0,1,5,5,1,5,5,1,1,1,1,1,1,1,1,1,1,1,1,1,1,1,i,1,1,5,5,1,0,0,1,0,0,0,0,i,i,i,0,0,0,0,0,0,0,1,0,0,1,0,0,0,i,0,0,0,3,5,5,5,5,5,5,5,0,0,0,0,0,0,0,0,0,0,0,0,0,0,0,1,0,0,0,0,0,0,0,0,0,0,0,0,0,0,0,1,5,4,4,5,1,3,3,3,2,2,2,1,2,3,2,5,5,5,5,5,5,5,5,5,5,5,1,0,0,0,0,0,0,0,0,0,0,0,0,0,2,i,i,i,i,i,i,i,i,i,i,i,i,i,i,i,i,i,i,i,i,i,i,i,i,i,i,i,i,i,i,i,i,i,i,i,i,i,0,0,0,0,0,0,0,0,0,0,0,0,0,0,1,3,2,0,0,0,0,0,0,0,1,2,2,67,4,1,6,5,3,3,19,i,0,0,0,0,1,0,0,i,i,i,i,i,i,i,i,i,i,i,i,i,i,i,i,i,i,i,i,i,i,i,i,i,i,i,i,i,i,0,0,0,1,0,0,5,2,3,3,0,0,0,0,2,1,2,1,0,0,1,1,0,0,0,0,0,6,i,6,3,1,2,2,2,i,i,2,i,7,i,i,i,a,a,i,a,11,12,13,58,14,45,47,1,3,1,1,i,i,1,i,i,i,i,i,i,i,i,i,i,i,i,i,39,3,1
6291,doi:10.4232/1.12497,1.0.0 (2016-04-22),1,1,199,14000199,14279,14,3,TN,1.032099,1.377675,0.0,1.189387,1.499454,0.0,0.0,2,3,2,2,3,2,2,4,3,2,2,2,1,1,1,1,6,1,1,1,1,0,0,1,1,0,0,0,0,0,0,0,1,1,0,a,a,0,0,0,1,1,1,1,0,1,1,1,0,0,0,0,0,0,0,1,1,0,i,i,0,0,0,2,2,4,4,1,2,2,2,3,1,2,3,i,0,0,0,1,0,0,0,0,0,0,0,i,0,0,0,0,2,2,2,2,2,1,1,1,1,1,1,1,1,1,1,1,1,1,1,1,i,2,1,2,3,1,1,1,0,0,0,0,0,i,i,i,0,0,0,0,0,0,0,1,1,1,0,0,0,0,i,0,0,0,4,3,2,2,2,2,2,2,0,0,0,0,1,0,0,1,0,0,1,0,0,0,0,0,1,0,0,0,0,0,1,0,0,0,0,0,0,0,0,0,3,3,2,2,1,1,3,1,2,2,2,1,2,3,3,2,3,2,3,2,3,2,3,2,3,4,0,0,1,1,0,0,0,1,0,0,0,0,0,0,2,i,i,i,i,i,i,i,i,i,i,i,i,i,i,i,i,i,i,i,i,i,i,i,i,i,i,i,i,i,i,i,i,i,i,i,i,i,1,1,0,0,0,0,0,1,0,0,0,0,0,0,0,1,1,0,1,0,1,0,0,0,0,2,2,27,2,14,1,3,3,3,19,i,0,0,0,0,1,0,0,i,i,i,i,i,i,i,i,i,i,i,i,i,i,i,i,i,i,i,i,i,i,i,i,i,i,i,i,i,i,1,1,0,0,0,1,6,3,5,4,0,0,0,0,1,1,3,1,1,0,1,1,0,0,0,0,0,1,i,5,3,1,2,2,2,i,i,2,i,1,i,i,i,a,a,i,a,11,12,15,27,16,8,41,1,2,1,1,i,i,1,i,i,i,i,i,i,i,i,i,i,i,i,i,39,3,1
6291,doi:10.4232/1.12497,1.0.0 (2016-04-22),1,1,200,14000200,14280,14,3,TN,1.039997,1.377675,0.0,1.189387,1.499454,0.0,0.0,2,3,2,2,3,1,2,4,3,1,1,1,1,1,1,1,4,1,0,1,0,0,0,1,0,0,0,0,0,1,0,0,0,0,0,a,a,0,0,0,1,0,1,1,0,0,1,0,0,0,0,0,1,0,0,0,0,0,i,i,0,0,0,2,2,3,3,1,2,2,2,2,1,2,3,i,0,0,1,1,0,1,0,0,0,1,0,i,0,0,0,0,2,2,2,2,5,1,2,1,1,1,1,2,2,2,2,1,1,1,1,1,i,1,1,2,2,0,1,1,0,0,0,0,0,i,i,i,0,0,0,0,0,0,0,1,1,0,0,0,0,0,i,0,0,0,5,3,2,2,2,2,2,2,0,0,1,0,1,0,0,1,0,0,1,1,0,0,0,0,1,0,0,1,0,0,0,0,0,0,0,0,0,0,0,0,3,3,3,2,1,1,3,1,2,2,1,1,2,4,3,2,2,2,3,2,2,2,2,2,3,3,1,1,0,0,0,0,0,0,0,1,0,0,0,0,2,i,i,i,i,i,i,i,i,i,i,i,i,i,i,i,i,i,i,i,i,i,i,i,i,i,i,i,i,i,i,i,i,i,i,i,i,i,0,0,0,0,0,0,1,0,1,1,0,0,0,0,0,1,1,0,1,0,1,1,0,0,0,1,1,28,2,13,1,3,8,5,i,i,0,0,0,0,1,0,0,i,i,i,i,i,i,i,i,i,i,i,i,i,i,i,i,i,i,i,i,i,i,i,i,i,i,i,i,i,i,0,0,0,1,0,0,8,3,3,3,0,0,0,0,1,1,3,1,1,0,1,1,0,1,0,0,0,1,2,5,3,1,2,2,2,i,i,2,i,1,i,i,i,a,a,i,a,11,12,16,40,17,22,42,1,2,1,1,i,i,1,i,i,i,i,i,i,i,i,i,i,i,i,i,39,3,1
6291,doi:10.4232/1.12497,1.0.0 (2016-04-22),1,1,201,14000201,14281,14,3,TN,0.998507,1.377675,0.0,1.189387,1.499454,0.0,0.0,3,3,3,3,4,3,3,4,4,4,4,3,3,3,3,3,6,0,0,0,0,0,0,1,0,0,0,0,0,0,0,0,0,0,0,a,a,0,0,0,0,0,0,0,0,1,1,0,0,0,0,0,0,0,0,0,0,0,i,i,0,0,0,2,2,1,1,1,3,2,2,2,3,5,2,i,0,0,0,0,0,0,0,0,0,0,0,i,0,0,1,0,4,4,4,4,4,2,2,2,2,2,2,2,2,2,2,2,2,1,2,1,i,2,2,4,4,1,0,0,1,0,0,0,0,i,i,i,0,0,0,0,0,0,0,1,0,0,1,0,0,0,i,0,0,0,5,4,4,4,4,4,4,4,0,0,0,0,0,0,0,0,0,0,0,0,0,0,1,0,0,0,0,0,0,0,1,0,0,0,0,1,0,0,0,0,3,3,2,5,2,2,2,1,2,2,2,2,2,3,3,2,2,2,4,2,2,2,2,4,4,4,0,0,0,1,0,0,0,0,1,1,0,0,0,0,2,i,i,i,i,i,i,i,i,i,i,i,i,i,i,i,i,i,i,i,i,i,i,i,i,i,i,i,i,i,i,i,i,i,i,i,i,i,0,1,0,0,0,0,0,0,0,0,0,0,0,0,0,1,2,0,0,0,1,0,0,0,0,2,2,71,4,1,6,1,1,1,19,i,0,0,0,0,1,0,0,i,i,i,i,i,i,i,i,i,i,i,i,i,i,i,i,i,i,i,i,i,i,i,i,i,i,i,i,i,i,1,0,0,0,0,1,4,1,2,2,0,0,0,0,2,1,2,1,0,0,0,0,0,1,0,0,0,6,i,6,2,2,2,2,2,i,i,2,i,i,i,i,i,a,a,i,a,11,12,11,55,12,33,38,1,2,1,1,i,i,1,i,i,i,i,i,i,i,i,i,i,i,i,i,50,2,1
6291,doi:10.4232/1.12497,1.0.0 (2016-04-22),1,1,201,14000201,14282,14,3,TN,0.99367,1.377675,0.0,1.189387,1.499454,0.0,0.0,3,3,3,3,4,3,3,4,4,4,4,3,3,3,3,3,6,0,0,0,0,0,0,1,0,0,0,0,0,0,0,0,0,0,0,a,a,0,0,0,0,0,0,0,0,1,1,0,0,0,0,0,0,0,0,0,0,0,i,i,0,0,0,2,2,1,1,1,3,2,2,2,3,5,2,i,0,0,0,0,0,0,0,0,0,0,0,i,0,0,1,0,4,4,4,4,4,2,2,2,2,2,2,2,2,2,2,2,2,1,2,1,i,2,2,4,4,1,0,0,1,0,0,0,0,i,i,i,0,0,0,0,0,0,0,1,0,0,1,0,0,0,i,0,0,0,4,4,4,4,4,4,4,4,0,0,0,0,0,0,0,0,0,0,0,0,0,0,1,0,0,0,0,0,0,0,1,0,0,0,0,1,0,0,0,0,3,3,2,5,2,2,2,1,2,2,2,2,2,3,3,2,2,2,4,2,2,2,2,4,4,4,0,0,0,1,0,0,0,0,1,1,0,0,0,0,2,i,i,i,i,i,i,i,i,i,i,i,i,i,i,i,i,i,i,i,i,i,i,i,i,i,i,i,i,i,i,i,i,i,i,i,i,i,0,1,0,0,0,0,0,0,0,0,0,0,0,0,0,1,2,0,0,0,1,0,0,0,0,2,2,71,4,1,6,1,1,1,19,i,0,0,0,0,1,0,0,i,i,i,i,i,i,i,i,i,i,i,i,i,i,i,i,i,i,i,i,i,i,i,i,i,i,i,i,i,i,1,0,0,0,0,1,4,1,2,2,0,0,0,0,2,1,2,1,0,0,0,0,0,1,0,0,0,6,i,6,2,2,2,2,2,i,i,2,i,i,i,i,i,a,a,i,a,11,12,11,55,12,33,38,1,2,1,1,i,i,1,i,i,i,i,i,i,i,i,i,i,i,i,i,50,2,1
6291,doi:10.4232/1.12497,1.0.0 (2016-04-22),1,1,202,14000202,14283,14,3,TN,1.032679,1.377675,0.0,1.189387,1.499454,0.0,0.0,4,3,3,3,4,4,4,4,2,4,4,2,3,3,2,3,7,0,0,0,1,0,0,0,0,0,0,0,0,0,0,0,0,0,0,a,a,0,0,0,0,0,0,1,0,0,1,0,0,0,0,0,0,0,0,0,0,0,i,i,0,0,0,2,3,3,3,1,1,2,1,2,3,3,2,i,0,0,0,0,0,0,0,0,0,0,0,i,0,1,0,0,3,4,4,4,4,1,2,2,3,3,3,3,3,3,3,3,3,3,3,3,i,3,3,3,3,1,0,0,1,0,0,0,0,i,i,i,0,0,0,0,0,0,0,1,0,0,1,0,0,0,i,0,0,0,3,4,3,4,4,4,4,4,0,0,0,0,0,0,0,0,0,0,0,0,0,0,1,0,0,0,0,0,0,0,1,0,0,0,0,1,0,0,0,0,4,4,4,4,2,2,2,1,2,2,2,2,2,3,4,3,3,2,4,2,2,2,4,4,4,4,0,0,0,0,0,0,0,0,1,1,1,0,0,0,2,i,i,i,i,i,i,i,i,i,i,i,i,i,i,i,i,i,i,i,i,i,i,i,i,i,i,i,i,i,i,i,i,i,i,i,i,i,0,1,0,0,0,0,0,0,0,1,0,0,0,0,0,1,2,0,0,0,1,0,0,0,0,2,1,65,4,99,9,1,8,5,i,i,0,0,0,0,1,0,0,i,i,i,i,i,i,i,i,i,i,i,i,i,i,i,i,i,i,i,i,i,i,i,i,i,i,i,i,i,i,0,0,0,1,0,0,4,1,3,3,0,0,0,0,2,1,2,1,1,1,0,0,0,1,0,0,0,6,6,6,2,2,2,2,2,i,i,2,i,i,i,i,i,a,a,i,a,11,12,12,40,13,11,31,1,2,1,1,i,i,1,i,i,i,i,i,i,i,i,i,i,i,i,i,50,2,1
6291,doi:10.4232/1.12497,1.0.0 (2016-04-22),1,1,203,14000203,14284,14,3,TN,0.990676,1.377675,0.0,1.189387,1.499454,0.0,0.0,3,3,2,2,3,2,2,3,3,2,2,1,3,1,1,1,10,0,0,0,0,0,1,1,0,0,0,0,0,0,0,0,0,0,0,a,a,0,0,0,0,0,0,0,0,1,1,0,0,1,0,0,0,0,0,0,0,0,i,i,0,0,0,3,2,3,3,2,3,2,2,2,3,3,2,i,0,0,0,1,0,0,0,0,0,0,0,i,0,0,0,0,2,2,3,2,4,1,1,2,2,1,3,3,1,1,1,1,1,1,1,1,i,1,2,2,2,1,1,0,0,0,0,0,0,i,i,i,0,0,0,0,0,0,0,1,0,0,0,0,0,0,i,0,0,0,2,4,3,3,4,4,3,3,0,0,0,0,0,0,0,0,0,0,0,0,0,0,1,0,0,0,0,0,1,0,0,0,0,0,0,1,0,0,0,0,3,2,2,4,1,2,2,2,1,2,1,1,2,2,2,2,3,2,4,4,2,2,4,4,4,4,0,0,0,0,0,0,0,0,1,0,1,0,0,0,2,i,i,i,i,i,i,i,i,i,i,i,i,i,i,i,i,i,i,i,i,i,i,i,i,i,i,i,i,i,i,i,i,i,i,i,i,i,1,1,0,0,0,0,0,0,0,0,0,0,0,0,0,1,2,0,0,0,1,0,0,0,0,2,1,52,3,17,2,1,4,4,13,3,0,0,0,0,1,0,0,i,i,i,i,i,i,i,i,i,i,i,i,i,i,i,i,i,i,i,i,i,i,i,i,i,i,i,i,i,i,0,0,0,1,0,0,5,1,3,3,1,1,1,1,2,1,2,1,1,0,1,1,0,0,0,0,0,6,i,6,2,2,2,2,2,i,i,2,i,i,i,i,i,a,a,i,a,11,12,14,40,15,13,33,1,2,1,1,i,i,1,i,i,i,i,i,i,i,i,i,i,i,i,i,50,2,1
6291,doi:10.4232/1.12497,1.0.0 (2016-04-22),1,1,204,14000204,14285,14,3,TN,1.036446,1.377675,0.0,1.189387,1.499454,0.0,0.0,4,1,1,2,1,2,1,4,3,4,3,2,3,3,2,2,6,0,0,1,1,0,0,0,1,0,0,0,0,0,0,1,0,0,0,a,a,0,0,0,0,0,1,1,0,1,0,1,0,0,0,0,0,0,1,0,0,0,i,i,0,0,0,2,3,3,3,2,1,2,1,2,2,4,2,i,0,0,0,1,0,0,0,0,0,0,0,i,0,0,0,0,2,2,4,1,4,1,1,1,1,1,1,1,1,1,1,1,1,1,1,1,i,1,1,2,2,1,1,1,0,0,0,0,0,i,i,i,0,0,0,0,0,0,0,1,0,0,1,0,0,0,i,0,0,0,4,4,4,4,4,4,4,4,0,0,0,0,0,0,0,0,0,0,0,0,0,0,1,0,0,0,0,0,1,0,0,0,0,0,0,1,0,0,0,0,2,3,3,2,1,1,1,1,2,2,2,2,2,4,3,4,3,2,4,4,2,2,4,4,4,4,0,0,0,1,0,0,0,0,0,1,1,0,0,0,1,14,i,i,i,i,1,2,1,5,0,0,0,0,0,1,0,0,0,0,0,0,0,0,0,0,1,0,0,0,0,0,1,0,0,0,0,2,0,0,0,0,0,0,0,0,0,1,0,1,0,0,0,1,2,0,1,0,1,0,0,0,0,2,1,25,2,98,8,3,3,3,19,i,0,0,0,0,1,0,0,i,i,i,i,i,i,i,i,i,i,i,i,i,i,i,i,i,i,i,i,i,i,i,i,i,i,i,i,i,i,1,0,0,0,0,1,5,2,6,4,0,0,0,0,1,1,3,1,1,0,1,1,0,1,0,0,0,1,i,2,2,1,1,2,2,i,i,2,i,1,1,i,i,a,a,i,a,11,12,13,20,14,1,41,1,2,1,1,i,i,1,i,i,i,i,i,i,i,i,i,i,i,i,i,50,2,1
6291,doi:10.4232/1.12497,1.0.0 (2016-04-22),1,1,205,14000205,14286,14,3,TN,0.998507,1.377675,0.0,1.189387,1.499454,0.0,0.0,2,3,3,3,4,3,3,4,4,4,4,3,3,3,3,3,4,0,0,0,0,0,0,1,0,0,0,0,0,0,0,0,0,0,0,a,a,0,0,0,0,0,0,1,0,0,1,0,0,0,0,0,0,0,0,0,0,0,i,i,0,0,0,3,3,1,1,1,2,2,2,2,3,5,2,i,0,0,0,0,0,0,0,0,0,0,0,i,0,1,0,0,3,3,3,2,3,1,3,3,3,2,2,2,3,3,3,3,3,3,3,1,i,1,1,3,3,1,0,0,1,0,0,0,0,i,i,i,0,0,0,0,0,0,0,1,0,0,1,0,0,0,i,0,0,0,3,4,4,4,4,4,4,4,0,0,0,0,0,0,0,0,0,0,0,0,0,0,1,0,0,0,0,0,1,0,0,0,0,0,0,0,0,0,0,0,2,2,2,5,2,2,2,1,2,2,2,2,2,2,2,1,2,2,4,4,1,1,1,3,2,4,0,0,0,0,0,0,0,0,1,0,1,0,0,0,2,i,i,i,i,i,i,i,i,i,i,i,i,i,i,i,i,i,i,i,i,i,i,i,i,i,i,i,i,i,i,i,i,i,i,i,i,i,0,1,0,0,0,0,0,0,0,0,0,0,0,0,0,1,2,0,0,0,1,0,0,0,0,2,2,81,4,1,6,5,19,i,i,i,0,1,0,0,0,0,1,0,0,0,0,0,0,0,0,0,0,0,0,0,0,0,0,0,0,0,0,0,0,0,0,0,0,0,0,0,1,1,0,0,0,0,1,4,1,3,3,2,2,0,0,2,2,4,1,0,0,0,0,0,1,0,0,0,6,i,6,2,1,1,1,1,i,i,1,i,6,6,6,6,a,a,6,a,11,12,15,25,16,3,38,1,2,1,1,i,i,1,i,i,i,i,i,i,i,i,i,i,i,i,i,50,2,1
6291,doi:10.4232/1.12497,1.0.0 (2016-04-22),1,1,206,14000206,14287,14,3,TN,1.036446,1.377675,0.0,1.189387,1.499454,0.0,0.0,3,2,2,1,2,3,3,3,3,3,2,4,4,4,4,4,1,0,0,0,0,0,0,0,0,0,0,0,0,0,0,0,0,0,0,a,a,0,0,1,1,0,0,0,0,0,0,0,0,0,0,0,0,0,0,0,0,0,i,i,0,0,0,4,4,4,4,2,2,2,2,2,6,6,3,i,0,0,0,0,0,0,0,0,0,0,0,i,0,0,1,0,5,5,5,5,5,2,2,2,2,2,2,1,2,2,2,1,2,2,2,2,i,2,1,5,5,1,0,0,0,0,0,0,0,i,i,i,0,0,0,0,0,0,0,1,0,0,0,0,0,0,i,0,0,0,2,2,2,2,2,2,2,2,0,1,0,0,0,0,0,0,0,0,1,1,0,0,0,0,0,0,0,0,0,0,0,0,0,0,1,1,0,0,0,0,3,3,3,3,3,3,3,3,2,2,2,2,2,3,3,3,3,3,3,3,3,3,3,3,3,3,0,1,0,0,0,0,0,0,1,0,1,0,0,0,2,i,i,i,i,i,i,i,i,i,i,i,i,i,i,i,i,i,i,i,i,i,i,i,i,i,i,i,i,i,i,i,i,i,i,i,i,i,0,1,0,0,0,0,0,0,1,0,0,1,0,0,0,4,2,0,1,0,0,0,0,0,0,2,1,26,2,19,2,3,3,3,19,i,0,0,0,0,1,0,0,i,i,i,i,i,i,i,i,i,i,i,i,i,i,i,i,i,i,i,i,i,i,i,i,i,i,i,i,i,i,0,0,0,1,0,0,6,3,4,4,0,0,0,0,1,1,3,1,1,0,1,1,0,0,0,0,0,1,i,7,2,1,2,2,2,i,i,2,i,1,i,i,i,a,a,i,a,9,12,11,13,11,46,32,1,2,1,1,i,i,1,i,i,i,i,i,i,i,i,i,i,i,i,i,51,14,1
6291,doi:10.4232/1.12497,1.0.0 (2016-04-22),1,1,207,14000207,14288,14,3,TN,1.036446,1.377675,0.0,1.189387,1.499454,0.0,0.0,2,2,2,2,2,2,2,3,2,4,3,3,1,1,3,1,7,0,0,0,0,0,0,0,0,0,0,0,0,0,0,0,0,0,0,a,a,0,0,1,0,0,0,0,0,0,1,0,0,0,0,0,0,0,0,0,0,0,i,i,0,0,0,2,1,2,2,1,3,1,2,2,2,3,1,2,1,0,0,0,0,0,0,0,0,0,0,i,0,0,0,0,2,3,1,2,3,1,2,2,2,1,2,1,2,2,2,1,1,2,2,1,i,1,1,3,3,0,1,0,0,0,0,0,0,i,i,i,0,0,1,0,0,0,0,0,1,0,0,0,0,0,i,0,0,0,2,2,3,2,1,5,5,5,0,1,0,1,0,0,1,0,0,0,1,1,0,0,0,0,0,0,0,1,0,0,0,0,0,0,1,0,0,0,0,0,3,3,3,3,3,3,3,3,3,3,3,3,3,2,3,3,3,3,3,3,3,3,3,3,3,3,0,1,0,0,1,0,0,0,1,0,0,0,0,0,3,i,i,i,i,i,i,i,i,i,i,i,i,i,i,i,i,i,i,i,i,i,i,i,i,i,i,i,i,i,i,i,i,i,i,i,i,i,1,0,0,0,0,0,0,0,1,1,0,0,0,0,0,4,1,0,1,0,1,0,0,0,0,3,1,26,2,99,9,3,3,3,19,i,0,0,0,0,1,0,0,i,i,i,i,i,i,i,i,i,i,i,i,i,i,i,i,i,i,i,i,i,i,i,i,i,i,i,i,i,i,0,0,0,1,0,0,5,4,4,4,0,0,0,0,2,1,2,1,1,0,1,0,0,0,0,0,0,7,i,2,2,1,2,2,2,i,i,2,i,2,i,i,i,a,a,i,a,9,12,10,30,11,8,38,1,2,1,1,i,i,1,i,i,i,i,i,i,i,i,i,i,i,i,i,51,14,1
6291,doi:10.4232/1.12497,1.0.0 (2016-04-22),1,1,208,14000208,14289,14,3,TN,0.959816,1.377675,0.0,1.189387,1.499454,0.0,0.0,4,3,3,3,4,4,4,4,4,4,4,2,2,2,2,2,6,0,0,0,0,0,0,0,0,0,0,0,0,0,0,0,0,0,0,a,a,0,0,1,0,0,0,0,0,1,0,0,0,0,0,0,0,0,0,0,0,0,i,i,0,0,0,4,4,4,4,1,1,2,2,2,6,6,3,i,0,0,0,0,0,0,0,0,0,0,0,i,0,0,1,0,5,5,5,5,5,3,3,3,3,3,3,3,3,3,3,3,3,3,3,3,i,3,3,5,5,1,0,0,0,0,0,0,0,i,i,i,0,0,0,0,0,0,0,1,0,0,0,0,0,0,i,0,0,0,4,4,4,4,4,4,4,4,0,0,0,0,0,0,0,0,0,0,0,0,0,0,0,1,0,0,0,0,0,0,0,0,0,0,0,0,0,0,0,1,4,4,4,4,3,3,3,3,1,2,2,2,2,4,4,4,4,4,4,4,4,4,4,4,4,4,0,0,0,0,0,0,0,0,0,0,0,0,0,1,2,i,i,i,i,i,i,i,i,i,i,i,i,i,i,i,i,i,i,i,i,i,i,i,i,i,i,i,i,i,i,i,i,i,i,i,i,i,0,0,0,0,0,0,0,0,0,0,0,0,0,0,1,4,3,0,0,0,0,0,0,0,1,4,1,56,4,1,6,1,4,4,18,4,0,0,0,0,1,0,0,i,i,i,i,i,i,i,i,i,i,i,i,i,i,i,i,i,i,i,i,i,i,i,i,i,i,i,i,i,i,0,0,0,1,0,0,3,3,5,4,0,0,0,0,2,1,2,1,0,0,1,0,0,0,0,0,0,7,i,7,2,1,1,1,1,i,i,1,i,6,6,6,6,a,a,6,a,9,12,11,51,12,30,39,1,4,1,1,i,i,1,i,i,i,i,i,i,i,i,i,i,i,i,i,51,14,1
6291,doi:10.4232/1.12497,1.0.0 (2016-04-22),1,1,209,14000209,14290,14,3,TN,1.036446,1.377675,0.0,1.189387,1.499454,0.0,0.0,2,3,3,3,4,4,4,5,5,5,5,4,4,4,4,4,7,0,0,0,0,0,0,0,0,0,0,0,0,0,0,0,0,0,0,a,a,0,0,1,0,0,0,0,0,0,1,0,0,0,0,0,0,0,0,0,0,0,i,i,0,0,0,4,4,4,4,2,2,2,2,2,6,6,3,i,0,0,0,0,0,0,0,0,0,0,0,i,0,0,1,0,5,5,5,5,5,3,3,3,3,3,3,3,3,3,3,3,3,3,3,3,i,3,3,5,5,1,0,0,0,0,0,0,0,i,i,i,0,0,0,0,0,0,0,1,0,0,0,0,0,0,i,0,0,0,2,3,2,2,2,2,2,2,0,0,0,0,0,0,0,0,0,0,0,0,0,0,0,1,0,0,0,0,0,0,0,0,0,0,0,0,0,0,0,1,4,4,4,4,3,3,3,3,1,1,1,1,1,2,2,5,5,5,5,5,5,5,5,5,5,5,0,0,0,0,0,0,0,0,0,0,0,0,0,1,2,i,i,i,i,i,i,i,i,i,i,i,i,i,i,i,i,i,i,i,i,i,i,i,i,i,i,i,i,i,i,i,i,i,i,i,i,i,0,0,0,0,0,0,0,0,0,0,0,0,0,0,1,4,3,0,0,0,0,0,0,0,1,2,1,34,2,18,2,3,8,5,i,i,0,0,0,0,1,0,0,i,i,i,i,i,i,i,i,i,i,i,i,i,i,i,i,i,i,i,i,i,i,i,i,i,i,i,i,i,i,0,0,0,1,0,0,7,3,8,4,0,0,0,0,1,1,3,1,1,0,1,1,0,0,0,0,0,1,5,5,2,1,2,2,2,i,i,2,i,1,i,i,i,a,a,i,a,9,12,12,35,13,6,31,1,1,1,1,i,i,1,i,i,i,i,i,i,i,i,i,i,i,i,i,51,14,1
6291,doi:10.4232/1.12497,1.0.0 (2016-04-22),1,1,210,14000210,14291,14,3,TN,0.997774,1.377675,0.0,1.189387,1.499454,0.0,0.0,2,2,2,3,3,2,2,3,2,2,3,3,3,3,3,3,7,1,0,0,0,0,0,0,0,0,0,0,0,0,0,0,0,0,0,a,a,0,0,0,1,0,0,0,0,0,1,0,0,0,0,0,0,0,0,0,0,0,i,i,0,0,0,3,1,1,1,1,2,2,2,2,2,2,1,2,1,0,0,0,0,0,0,0,0,0,0,i,0,0,0,0,2,3,2,2,2,1,2,2,2,2,2,1,2,2,2,1,2,2,2,1,i,1,1,4,4,1,0,0,0,0,0,0,0,i,i,i,0,0,0,0,0,0,0,1,0,0,0,0,0,0,i,0,0,0,4,4,4,4,4,4,4,4,0,0,0,0,0,0,0,0,0,0,0,0,0,0,0,1,0,0,0,0,0,0,0,0,0,0,0,0,0,0,0,1,3,3,3,3,2,2,2,2,1,3,3,3,3,2,2,3,3,3,3,3,3,3,3,3,3,3,0,1,0,0,1,0,0,0,1,0,0,0,0,0,2,i,i,i,i,i,i,i,i,i,i,i,i,i,i,i,i,i,i,i,i,i,i,i,i,i,i,i,i,i,i,i,i,i,i,i,i,i,0,1,0,0,0,0,0,0,1,0,0,0,0,0,0,4,3,0,1,0,1,0,0,0,0,3,1,18,1,0,5,3,19,i,i,i,0,0,0,0,1,0,0,i,i,i,i,i,i,i,i,i,i,i,i,i,i,i,i,i,i,i,i,i,i,i,i,i,i,i,i,i,i,0,0,0,1,0,0,6,4,8,4,0,0,0,0,2,1,2,1,0,0,1,1,0,0,0,0,0,1,i,1,2,1,2,2,2,i,i,2,i,1,i,i,i,a,a,i,a,9,12,13,51,14,28,36,1,1,1,1,i,i,1,i,i,i,i,i,i,i,i,i,i,i,i,i,51,14,1
6291,doi:10.4232/1.12497,1.0.0 (2016-04-22),1,1,211,14000211,14292,14,3,TN,1.028575,1.377675,0.0,1.189387,1.499454,0.0,0.0,4,3,3,3,4,4,4,3,3,3,3,3,3,3,3,3,4,0,0,0,0,0,0,0,0,0,0,0,0,0,0,0,0,0,0,a,a,0,0,1,0,0,0,1,0,0,0,0,0,0,0,0,0,0,0,0,0,0,i,i,0,0,0,4,4,4,4,5,5,2,2,2,6,6,3,i,0,0,0,0,0,0,0,0,0,0,0,i,0,0,0,1,5,5,5,5,5,3,3,3,3,3,3,3,3,3,3,3,3,3,3,3,i,3,3,5,5,0,0,0,0,0,0,0,0,i,i,i,0,0,0,0,0,0,1,0,0,0,0,0,0,0,i,0,0,1,5,5,5,5,5,5,5,5,0,0,0,0,0,0,0,0,0,0,0,0,0,0,0,1,0,0,0,0,0,0,0,0,0,0,0,0,0,0,0,1,4,4,4,4,2,2,2,2,2,2,2,2,2,4,4,5,5,5,5,5,5,5,5,5,5,5,0,0,0,0,0,0,0,0,0,0,0,0,0,1,2,i,i,i,i,i,i,i,i,i,i,i,i,i,i,i,i,i,i,i,i,i,i,i,i,i,i,i,i,i,i,i,i,i,i,i,i,i,0,0,0,0,0,0,0,0,0,0,0,0,0,0,1,4,3,0,1,0,0,0,0,0,0,4,2,30,2,98,8,3,3,3,19,i,0,0,0,0,1,0,0,i,i,i,i,i,i,i,i,i,i,i,i,i,i,i,i,i,i,i,i,i,i,i,i,i,i,i,i,i,i,0,0,0,0,1,0,5,4,7,4,0,0,0,0,2,1,2,1,1,0,1,0,0,0,0,0,0,7,i,7,2,2,2,2,2,i,i,2,i,i,i,i,i,a,a,i,a,9,12,13,11,13,46,35,2,3,1,1,i,i,1,i,i,i,i,i,i,i,i,i,i,i,i,i,51,14,1
6291,doi:10.4232/1.12497,1.0.0 (2016-04-22),1,1,212,14000212,14293,14,3,TN,1.010931,1.377675,0.0,1.189387,1.499454,0.0,0.0,2,3,3,3,4,2,2,3,2,3,3,2,2,2,2,2,11,0,0,0,0,0,1,0,0,0,0,0,0,0,0,0,0,0,0,a,a,0,0,0,0,0,0,0,0,1,0,0,0,0,1,0,0,0,0,0,0,0,i,i,0,0,0,2,1,1,1,1,1,2,2,2,1,2,1,1,0,1,1,1,0,0,0,0,0,0,1,i,0,0,0,0,2,3,2,3,3,1,2,2,2,2,2,2,2,2,2,2,2,2,2,2,i,2,2,2,3,1,1,0,0,0,1,0,0,i,i,i,0,0,0,0,0,0,0,1,1,1,0,0,0,0,i,0,0,0,4,4,4,4,4,4,4,4,0,0,1,1,0,0,1,0,0,0,0,0,0,0,0,0,1,1,0,0,0,0,0,0,0,0,0,0,0,0,0,0,1,1,1,1,1,1,1,1,2,2,2,2,2,4,4,2,2,4,3,3,3,3,3,3,3,3,0,0,0,0,1,1,0,1,0,0,0,0,0,0,2,i,i,i,i,i,i,i,i,i,i,i,i,i,i,i,i,i,i,i,i,i,i,i,i,i,i,i,i,i,i,i,i,i,i,i,i,i,0,1,0,0,0,0,0,1,0,0,0,1,0,0,0,1,3,0,1,1,0,0,1,0,0,3,2,44,3,1,6,3,13,7,i,i,0,0,0,0,1,0,0,i,i,i,i,i,i,i,i,i,i,i,i,i,i,i,i,i,i,i,i,i,i,i,i,i,i,i,i,i,i,0,0,0,1,0,0,5,1,5,4,0,0,0,0,2,1,2,1,0,0,0,0,0,0,0,0,0,7,6,6,2,2,2,2,2,i,i,2,i,i,i,i,i,a,a,i,a,17,12,16,3,16,25,22,1,1,2,4,i,i,4,i,i,i,i,i,i,i,i,i,i,i,i,i,100,26,1
6291,doi:10.4232/1.12497,1.0.0 (2016-04-22),1,1,213,14000213,14294,14,3,TN,1.064063,1.377675,0.0,1.189387,1.499454,0.0,0.0,2,3,3,3,4,3,3,2,2,5,5,3,4,1,4,3,1,0,0,0,0,0,1,1,1,0,0,0,0,1,0,0,0,0,0,a,a,0,0,0,1,0,0,0,0,1,1,1,0,0,0,0,1,0,0,0,0,0,i,i,0,0,0,1,1,1,1,5,5,2,2,2,3,6,3,i,1,0,0,1,0,1,0,0,0,1,1,i,0,0,0,0,2,3,2,3,2,2,2,2,1,1,1,1,2,2,2,1,1,1,1,1,i,1,1,3,2,1,1,0,1,0,0,0,0,i,i,i,0,0,0,0,0,0,0,1,1,1,0,0,0,0,i,0,0,0,2,3,2,3,3,3,3,3,1,0,0,0,0,1,1,0,0,0,0,1,1,0,0,0,1,0,0,0,0,0,1,0,0,0,0,0,0,0,0,0,2,2,2,2,2,2,2,2,2,1,1,1,1,2,1,1,1,2,1,1,1,1,1,1,1,1,1,1,0,0,0,0,0,0,0,0,1,0,0,0,2,i,i,i,i,i,i,i,i,i,i,i,i,i,i,i,i,i,i,i,i,i,i,i,i,i,i,i,i,i,i,i,i,i,i,i,i,i,0,1,0,1,0,0,1,0,0,0,0,0,0,0,0,4,2,1,0,0,1,1,0,0,0,2,2,20,1,0,5,3,3,3,19,i,0,0,0,0,1,0,0,i,i,i,i,i,i,i,i,i,i,i,i,i,i,i,i,i,i,i,i,i,i,i,i,i,i,i,i,i,i,0,0,0,1,0,0,8,3,6,4,0,0,0,0,2,1,2,1,1,0,1,1,0,0,0,0,0,1,i,6,2,1,2,2,2,i,i,2,i,1,i,i,i,a,a,i,a,17,12,14,3,14,25,22,1,2,2,4,i,i,4,i,i,i,i,i,i,i,i,i,i,i,i,i,100,26,1
6291,doi:10.4232/1.12497,1.0.0 (2016-04-22),1,1,214,14000214,14295,14,3,TN,1.010931,1.377675,0.0,1.189387,1.499454,0.0,0.0,3,1,2,2,2,2,2,3,2,3,3,3,2,2,2,2,7,0,0,0,0,0,0,0,1,0,0,0,0,0,0,0,0,0,0,a,a,0,0,0,0,0,0,0,0,0,1,1,0,0,0,0,0,0,0,0,0,0,i,i,0,0,0,3,1,1,1,1,4,2,2,2,3,2,1,1,0,1,0,0,0,0,0,0,1,1,0,i,0,0,0,0,4,3,4,4,3,2,2,2,2,2,2,2,2,2,2,2,2,2,2,2,i,2,2,3,2,1,1,1,0,0,0,0,0,i,i,i,0,0,0,0,0,0,0,1,0,1,1,0,0,0,i,0,0,0,2,3,2,3,2,3,3,3,0,0,0,1,0,1,0,1,0,0,0,0,0,0,0,0,1,0,0,0,1,0,0,0,0,0,0,0,0,0,0,0,2,2,2,2,1,2,2,2,2,2,2,2,2,3,4,3,2,2,2,2,2,2,2,2,3,3,1,0,0,0,1,0,0,0,0,1,0,0,0,0,1,6,i,i,i,i,3,3,3,1,0,0,1,1,1,0,0,0,0,0,0,0,0,1,1,1,1,1,0,0,0,0,0,1,0,0,0,1,0,1,0,0,0,0,0,0,1,1,0,0,0,0,0,2,3,1,0,0,1,1,0,0,0,4,2,46,3,1,6,1,13,7,i,i,0,0,0,0,1,0,0,i,i,i,i,i,i,i,i,i,i,i,i,i,i,i,i,i,i,i,i,i,i,i,i,i,i,i,i,i,i,1,0,0,0,0,1,5,3,5,4,0,0,1,1,1,1,3,1,0,0,1,1,1,0,0,0,0,1,6,1,2,1,2,2,2,i,i,2,i,1,i,i,i,a,a,i,a,17,12,15,45,16,0,15,3,1,2,4,i,i,4,i,i,i,i,i,i,i,i,i,i,i,i,i,100,26,1
6291,doi:10.4232/1.12497,1.0.0 (2016-04-22),1,1,215,14000215,14296,14,3,TN,0.963041,1.377675,0.0,1.189387,1.499454,0.0,0.0,3,2,2,2,2,2,2,3,3,3,3,3,2,2,2,2,7,1,0,0,0,0,1,0,1,0,0,0,0,0,0,0,0,0,0,a,a,0,0,0,1,0,0,0,0,1,1,1,0,0,0,0,0,0,0,0,0,0,i,i,0,0,0,2,1,1,1,2,2,1,2,2,2,2,1,1,1,0,0,1,0,0,0,0,0,1,0,i,0,0,0,0,3,5,5,4,5,1,2,2,1,1,1,1,2,1,1,1,1,1,1,1,i,1,1,3,5,1,1,0,1,0,0,0,0,i,i,i,0,0,0,0,0,0,0,1,0,1,1,0,0,0,i,0,0,0,3,2,3,3,3,3,3,3,1,0,0,0,0,0,1,0,0,0,1,1,1,0,0,0,0,1,0,0,0,0,1,0,0,0,0,0,0,0,0,0,3,2,2,2,2,3,3,3,1,2,2,1,2,3,3,2,3,3,4,3,2,3,4,3,2,1,1,0,0,0,1,0,0,0,0,1,0,0,0,0,2,i,i,i,i,i,i,i,i,i,i,i,i,i,i,i,i,i,i,i,i,i,i,i,i,i,i,i,i,i,i,i,i,i,i,i,i,i,1,0,0,0,0,0,0,1,0,1,0,0,0,0,0,4,3,1,1,0,1,0,0,0,0,4,1,24,1,1,6,3,3,3,19,i,0,0,0,0,1,0,0,i,i,i,i,i,i,i,i,i,i,i,i,i,i,i,i,i,i,i,i,i,i,i,i,i,i,i,i,i,i,0,0,0,1,0,0,4,1,4,4,0,0,0,0,2,1,2,1,1,0,1,1,0,0,0,0,0,1,i,1,1,1,2,2,2,i,i,2,i,1,i,i,i,a,a,i,a,17,12,13,33,13,57,20,1,2,2,4,i,i,4,i,i,i,i,i,i,i,i,i,i,i,i,i,100,26,1
6291,doi:10.4232/1.12497,1.0.0 (2016-04-22),1,1,216,14000216,14297,14,3,TN,0.996171,1.377675,0.0,1.189387,1.499454,0.0,0.0,3,3,3,3,4,2,2,3,3,2,2,2,2,1,1,1,7,0,0,0,0,0,0,0,0,0,0,0,0,0,0,0,0,0,0,a,a,0,0,1,0,0,0,0,0,0,1,0,0,0,0,0,0,0,0,0,0,0,i,i,0,0,0,2,2,3,3,1,2,2,2,2,1,1,2,i,0,1,0,1,1,1,0,1,0,1,0,i,0,0,0,0,2,2,2,2,2,1,2,2,2,1,1,1,1,1,1,1,1,1,1,1,i,1,1,1,1,1,1,1,0,0,0,0,0,i,i,i,0,0,0,0,0,0,0,1,1,1,0,0,0,0,i,0,0,0,5,5,4,4,2,2,5,5,0,1,0,0,1,0,0,0,0,1,0,1,0,0,0,0,1,1,0,0,0,0,0,0,0,0,0,0,0,0,0,0,1,1,1,1,1,1,2,2,2,2,2,2,2,3,3,1,1,1,1,1,1,1,1,2,2,2,1,1,0,0,0,0,1,0,0,0,0,0,0,0,2,i,i,i,i,i,i,i,i,i,i,i,i,i,i,i,i,i,i,i,i,i,i,i,i,i,i,i,i,i,i,i,i,i,i,i,i,i,0,1,0,0,1,0,1,0,0,0,0,0,0,0,0,1,2,0,1,0,1,1,0,0,0,2,2,27,2,99,9,1,1,1,19,i,0,0,0,0,1,0,0,i,i,i,i,i,i,i,i,i,i,i,i,i,i,i,i,i,i,i,i,i,i,i,i,i,i,i,i,i,i,0,0,0,1,0,0,7,2,2,2,0,0,0,0,2,1,2,1,1,1,1,1,0,1,0,0,0,5,i,5,1,2,2,2,2,i,i,2,i,i,i,i,i,a,a,i,a,16,12,13,45,14,20,35,1,2,2,4,i,i,4,i,i,i,i,i,i,i,i,i,i,i,i,i,93,7,1
6291,doi:10.4232/1.12497,1.0.0 (2016-04-22),1,1,217,14000217,14298,14,3,TN,0.959466,1.377675,0.0,1.189387,1.499454,0.0,0.0,3,1,1,1,1,1,1,4,3,4,4,3,3,3,3,3,7,0,0,1,1,0,1,0,0,0,0,0,0,0,0,0,0,0,0,a,a,0,0,0,0,0,1,1,0,1,1,0,0,0,0,0,0,0,0,0,0,0,i,i,0,0,0,2,2,2,2,1,1,2,2,2,4,2,3,i,1,0,1,1,0,0,0,0,0,0,0,i,0,0,0,0,2,2,2,5,5,1,2,1,1,1,1,1,1,1,1,1,1,1,1,1,i,1,1,5,5,0,1,1,0,0,0,0,0,i,i,i,0,0,0,0,0,0,0,1,1,1,0,0,0,0,i,0,0,0,4,4,3,3,2,3,2,3,0,0,0,0,1,0,0,1,1,0,0,0,0,0,0,0,0,0,0,1,0,0,1,0,0,0,0,0,0,0,0,0,2,2,1,3,1,1,3,1,2,2,2,2,2,3,3,2,2,2,3,2,2,2,3,2,4,4,0,0,0,1,0,0,1,1,0,0,0,0,0,0,2,i,i,i,i,i,i,i,i,i,i,i,i,i,i,i,i,i,i,i,i,i,i,i,i,i,i,i,i,i,i,i,i,i,i,i,i,i,0,0,0,0,0,0,0,1,1,1,0,0,0,0,0,1,1,0,1,0,1,0,1,0,0,2,1,54,3,1,6,3,3,3,8,1,0,0,0,0,1,0,0,i,i,i,i,i,i,i,i,i,i,i,i,i,i,i,i,i,i,i,i,i,i,i,i,i,i,i,i,i,i,0,0,0,1,0,0,3,1,3,3,0,0,0,0,1,1,3,1,1,0,0,0,0,1,0,0,0,7,i,7,3,2,2,2,2,i,i,2,i,i,i,i,i,a,a,i,a,16,12,14,38,15,8,30,1,2,2,4,i,i,4,i,i,i,i,i,i,i,i,i,i,i,i,i,91,3,1
6291,doi:10.4232/1.12497,1.0.0 (2016-04-22),1,1,218,14000218,14299,14,3,TN,1.003794,1.377675,0.0,1.189387,1.499454,0.0,0.0,4,3,3,3,4,4,4,3,3,3,3,2,3,3,3,3,6,0,0,0,0,0,0,0,0,0,0,0,0,0,0,0,0,0,0,a,a,0,0,1,0,0,0,0,0,1,0,0,0,0,0,0,0,0,0,0,0,0,i,i,0,0,0,2,2,2,2,1,1,1,1,1,3,2,2,i,0,1,0,0,0,1,1,1,0,0,0,i,0,0,0,0,5,5,5,5,5,1,2,2,2,2,2,2,2,1,1,1,1,1,3,3,i,3,3,5,5,0,1,1,0,0,1,0,0,i,i,i,0,0,0,0,0,0,0,0,1,1,1,0,0,0,i,0,0,0,4,4,4,4,4,4,4,4,0,1,0,0,0,0,0,0,0,0,1,1,0,0,0,0,0,1,0,0,0,0,0,0,0,0,1,0,0,0,0,0,4,4,4,4,2,2,2,2,3,3,3,3,3,4,4,1,1,1,1,1,2,2,2,2,2,2,0,1,0,0,0,0,0,0,0,1,0,0,0,0,1,6,i,i,i,i,1,1,1,3,0,0,0,1,0,0,0,0,1,0,0,0,0,1,0,0,0,0,0,0,0,0,1,0,0,0,0,1,0,1,0,0,0,0,0,0,1,0,0,0,0,0,0,1,1,0,1,0,0,0,0,0,0,1,1,27,2,99,9,3,3,3,19,i,0,0,0,0,1,0,0,i,i,i,i,i,i,i,i,i,i,i,i,i,i,i,i,i,i,i,i,i,i,i,i,i,i,i,i,i,i,0,0,0,1,0,0,3,1,6,4,0,0,0,0,2,1,2,1,1,1,0,0,0,1,0,0,0,7,i,6,1,1,2,2,2,i,i,2,i,4,i,i,i,a,a,i,a,16,12,14,30,15,10,40,2,2,2,4,i,i,4,i,i,i,i,i,i,i,i,i,i,i,i,i,93,7,1
6291,doi:10.4232/1.12497,1.0.0 (2016-04-22),1,1,219,14000219,14300,14,3,TN,1.003794,1.377675,0.0,1.189387,1.499454,0.0,0.0,3,3,3,3,4,3,3,4,2,4,4,2,2,3,3,3,1,0,1,1,1,0,1,1,0,0,1,1,0,0,0,0,0,0,0,a,a,0,0,0,1,1,1,1,0,1,1,0,0,1,1,0,0,0,0,0,0,0,i,i,0,0,0,2,3,3,3,2,1,1,1,1,2,2,2,i,0,1,0,0,0,1,0,1,1,1,0,i,0,0,0,0,2,2,2,2,2,1,2,2,2,2,2,1,2,1,2,1,2,1,1,1,i,1,1,2,2,1,1,1,0,0,0,0,0,i,i,i,0,0,0,0,0,0,0,1,1,1,0,0,0,0,i,0,0,0,3,3,3,1,1,5,5,5,0,1,0,0,0,0,1,0,0,0,1,1,0,0,0,0,0,1,0,0,1,0,0,0,0,0,0,0,0,0,0,0,2,3,3,3,1,1,3,1,3,3,3,3,3,4,4,3,3,5,5,5,3,3,3,2,2,2,1,1,0,0,1,0,0,0,0,0,0,0,0,0,1,13,i,i,i,i,1,1,1,3,0,1,1,0,0,0,0,0,0,0,0,0,0,1,0,0,0,0,0,0,0,1,0,0,0,0,0,1,0,1,0,0,0,0,0,0,1,1,0,0,0,0,0,1,2,0,1,0,1,0,0,0,0,1,1,30,2,98,8,3,18,8,i,i,0,0,0,0,1,0,0,i,i,i,i,i,i,i,i,i,i,i,i,i,i,i,i,i,i,i,i,i,i,i,i,i,i,i,i,i,i,0,0,0,1,0,0,3,1,8,4,0,0,0,0,2,1,2,1,1,1,1,0,0,1,0,0,0,7,3,3,1,1,2,2,2,i,i,2,i,2,i,i,i,a,a,i,a,16,12,15,20,15,55,40,1,2,2,4,i,i,4,i,i,i,i,i,i,i,i,i,i,i,i,i,93,7,1
6291,doi:10.4232/1.12497,1.0.0 (2016-04-22),1,1,220,14000220,14301,14,3,TN,1.000366,1.377675,0.0,1.189387,1.499454,0.0,0.0,3,2,2,1,2,2,2,4,3,4,4,3,3,3,2,2,3,0,0,0,0,0,0,0,0,0,0,0,0,0,0,0,0,0,0,a,a,0,0,1,0,0,1,0,0,0,0,0,0,0,0,0,0,0,0,0,0,0,i,i,0,0,0,2,2,1,1,1,1,2,2,2,1,1,1,2,0,1,0,0,0,1,0,1,1,1,0,i,0,0,0,0,2,2,2,1,1,1,2,3,3,3,3,1,1,1,1,1,1,1,1,1,i,1,1,1,1,0,1,1,0,0,0,0,0,i,i,i,1,0,0,0,0,0,0,0,1,1,0,0,0,0,i,0,0,0,1,2,2,2,2,2,2,2,1,0,1,0,0,0,0,0,0,0,1,1,1,0,0,0,1,1,0,0,0,0,0,0,0,0,0,0,0,0,0,0,3,3,3,3,1,2,2,2,2,2,2,2,2,4,4,1,1,2,2,2,2,1,1,1,1,1,1,0,0,0,1,0,1,0,0,0,0,0,0,0,1,13,i,i,i,i,1,1,1,3,1,0,1,0,0,0,0,0,0,0,0,0,0,1,0,0,0,0,0,0,0,0,0,1,0,0,0,2,0,1,0,0,0,0,0,1,0,0,1,0,0,0,0,1,1,0,1,0,1,0,0,0,0,2,1,39,2,99,9,3,8,5,i,i,0,0,0,0,1,0,0,i,i,i,i,i,i,i,i,i,i,i,i,i,i,i,i,i,i,i,i,i,i,i,i,i,i,i,i,i,i,0,0,0,1,0,0,6,2,6,4,0,0,0,0,1,1,3,1,1,1,1,1,1,1,0,0,0,1,5,1,1,1,2,2,2,i,i,2,i,1,i,i,i,a,a,i,a,16,12,13,0,13,35,35,1,3,2,4,i,i,4,i,i,i,i,i,i,i,i,i,i,i,i,i,93,7,1
6291,doi:10.4232/1.12497,1.0.0 (2016-04-22),1,1,221,14000221,14302,14,3,TN,1.023791,1.377675,0.0,1.189387,1.499454,0.0,0.0,4,3,3,3,4,2,2,3,3,3,3,1,3,3,3,3,7,0,0,0,1,0,1,0,0,0,0,0,0,0,0,0,0,0,0,a,a,0,0,0,0,0,0,1,0,1,1,0,0,0,0,0,0,0,0,0,0,0,i,i,0,0,0,1,1,1,1,2,2,1,1,1,4,3,2,i,1,0,0,0,0,0,0,0,1,0,0,i,0,0,0,0,2,2,2,2,2,1,1,1,1,1,1,1,1,1,1,1,1,1,1,1,i,1,1,2,2,1,1,0,0,0,0,0,0,i,i,i,0,0,0,0,0,0,0,1,1,0,1,0,0,0,i,0,0,0,3,3,4,3,3,3,3,3,0,1,0,0,0,0,0,0,0,0,0,0,1,0,0,0,1,1,0,0,0,0,0,0,0,0,0,0,0,0,0,0,2,2,2,2,1,2,2,2,2,2,2,2,2,3,3,2,2,3,3,3,3,3,3,3,3,3,1,1,0,0,1,0,0,0,0,0,0,0,0,0,2,i,i,i,i,i,i,i,i,i,i,i,i,i,i,i,i,i,i,i,i,i,i,i,i,i,i,i,i,i,i,i,i,i,i,i,i,i,1,0,0,0,0,0,0,0,0,0,0,0,0,0,0,2,1,0,1,0,1,0,0,0,0,2,1,43,3,11,1,1,3,3,19,i,0,0,0,0,1,0,0,i,i,i,i,i,i,i,i,i,i,i,i,i,i,i,i,i,i,i,i,i,i,i,i,i,i,i,i,i,i,0,0,0,1,0,0,5,2,5,4,0,0,0,0,2,1,2,1,1,1,0,0,0,0,0,0,0,7,i,6,2,2,2,2,2,i,i,2,i,i,i,i,i,a,a,i,a,15,12,14,20,14,55,35,1,1,1,4,i,i,4,i,i,i,i,i,i,i,i,i,i,i,i,i,90,9,1
6291,doi:10.4232/1.12497,1.0.0 (2016-04-22),1,1,222,14000222,14303,14,3,TN,1.076305,1.377675,0.0,1.189387,1.499454,0.0,0.0,4,3,3,2,3,2,2,4,2,4,4,2,3,2,2,2,2,0,0,0,0,0,1,1,0,0,0,0,0,0,0,0,0,0,0,a,a,0,0,0,0,1,0,0,0,1,1,0,0,0,0,0,0,0,0,0,0,0,i,i,0,0,0,2,1,1,1,1,2,2,2,2,2,2,1,2,1,0,0,1,1,0,0,0,0,0,0,i,0,0,0,0,3,3,3,3,3,1,1,1,1,1,1,1,1,1,1,1,1,1,1,1,i,1,1,3,3,1,1,0,0,0,0,0,0,i,i,i,0,0,0,0,0,0,0,1,0,0,0,0,0,0,i,0,0,0,2,2,2,2,3,3,2,2,1,0,0,1,0,0,1,0,1,1,0,0,0,0,0,0,1,0,0,0,0,0,1,0,0,0,0,0,0,0,0,0,4,2,2,4,1,2,2,2,2,2,2,2,2,3,3,2,2,2,2,3,3,2,2,3,3,3,1,0,1,0,0,0,0,0,0,0,1,0,0,0,1,10,i,i,i,i,2,2,1,3,1,0,1,0,0,0,0,0,0,0,0,0,0,0,0,0,0,0,0,0,0,0,1,0,0,0,0,2,0,1,0,0,0,0,0,1,1,0,0,0,0,0,0,2,1,0,1,0,1,0,0,0,0,2,1,26,2,1,6,3,18,8,i,i,0,0,0,0,1,0,0,i,i,i,i,i,i,i,i,i,i,i,i,i,i,i,i,i,i,i,i,i,i,i,i,i,i,i,i,i,i,0,0,0,1,0,0,3,1,3,3,0,0,0,0,2,1,2,1,0,0,0,0,0,1,0,0,0,7,6,6,2,2,2,2,2,i,i,2,i,i,i,i,i,a,a,i,a,10,12,14,30,15,15,45,1,2,1,4,i,i,4,i,i,i,i,i,i,i,i,i,i,i,i,i,96,1,1
6291,doi:10.4232/1.12497,1.0.0 (2016-04-22),1,1,223,14000223,14304,14,3,TN,1.001582,1.377675,0.0,1.189387,1.499454,0.0,0.0,3,2,2,2,2,3,3,3,2,2,2,3,2,2,1,1,1,0,0,0,1,1,1,1,1,1,0,0,0,0,0,0,0,0,0,a,a,0,0,0,1,0,0,1,1,1,1,1,1,0,0,0,0,0,0,0,0,0,i,i,0,0,0,2,4,4,4,2,2,2,2,2,2,1,1,2,0,1,0,1,1,0,0,0,1,1,0,i,0,0,0,0,2,2,2,2,2,1,2,2,1,1,1,1,1,1,2,2,2,2,1,1,i,1,1,2,2,1,1,1,0,0,0,0,0,i,i,i,0,0,0,0,0,0,0,1,1,1,0,0,0,0,i,0,0,0,4,4,1,1,2,2,2,2,1,1,1,0,0,0,0,0,0,0,1,0,0,0,0,0,1,0,0,1,0,0,0,0,0,0,0,0,0,0,0,0,3,3,3,3,1,1,1,1,2,2,2,3,3,4,4,3,3,2,2,2,2,3,3,3,3,3,1,1,0,0,0,0,0,0,0,0,0,0,0,0,2,i,i,i,i,i,i,i,i,i,i,i,i,i,i,i,i,i,i,i,i,i,i,i,i,i,i,i,i,i,i,i,i,i,i,i,i,i,1,0,1,0,0,0,0,0,1,0,0,0,0,0,0,1,1,1,1,0,0,0,0,0,0,1,1,70,4,1,6,1,4,4,5,1,1,0,0,0,0,0,1,0,0,0,0,0,0,0,0,0,0,0,0,0,0,0,0,0,0,0,0,0,0,0,0,0,0,0,0,0,1,0,0,0,1,0,0,5,2,4,4,0,0,0,0,2,1,2,1,0,1,0,0,0,0,1,0,0,7,i,6,4,2,2,2,2,i,i,2,i,i,i,i,i,a,a,i,a,16,12,10,10,10,40,30,1,2,2,4,i,i,4,i,i,i,i,i,i,i,i,i,i,i,i,i,92,7,1
6291,doi:10.4232/1.12497,1.0.0 (2016-04-22),1,1,224,14000224,14305,14,3,TN,0.95619,1.377675,0.0,1.189387,1.499454,0.0,0.0,2,1,1,1,1,1,1,3,2,2,2,2,1,1,1,1,1,0,0,0,0,0,0,0,0,0,0,0,0,0,0,0,0,0,0,a,a,0,0,1,1,0,0,0,0,0,0,0,0,0,0,0,0,0,0,0,0,0,i,i,0,0,0,3,3,3,3,1,1,2,2,2,3,2,1,2,0,1,0,0,0,0,1,1,1,1,0,i,0,0,0,0,2,2,2,2,2,1,2,2,2,1,2,1,2,1,1,1,1,1,1,1,i,1,1,2,2,1,1,1,0,0,0,0,0,i,i,i,0,0,0,0,0,0,0,0,1,0,0,0,1,0,i,0,0,0,4,4,3,3,3,2,2,2,1,1,0,0,0,0,0,0,0,1,1,1,0,0,0,0,1,1,0,0,0,0,0,0,0,0,0,0,0,0,0,0,3,3,3,3,3,2,1,2,2,2,2,2,2,3,3,2,2,3,3,2,2,1,1,1,1,1,1,1,0,0,0,0,0,0,1,0,0,0,0,0,2,i,i,i,i,i,i,i,i,i,i,i,i,i,i,i,i,i,i,i,i,i,i,i,i,i,i,i,i,i,i,i,i,i,i,i,i,i,0,1,0,0,0,0,0,1,1,0,0,0,0,0,0,1,2,0,1,0,0,1,0,0,0,2,1,45,3,99,9,1,8,5,i,i,0,0,0,0,1,0,0,i,i,i,i,i,i,i,i,i,i,i,i,i,i,i,i,i,i,i,i,i,i,i,i,i,i,i,i,i,i,0,0,0,1,0,0,7,2,1,1,1,1,1,1,2,1,2,1,1,0,1,0,0,0,0,0,0,7,6,6,1,2,2,2,2,i,i,2,i,i,i,i,i,a,a,i,a,16,12,10,45,11,15,30,1,2,2,4,i,i,4,i,i,i,i,i,i,i,i,i,i,i,i,i,92,7,1
6291,doi:10.4232/1.12497,1.0.0 (2016-04-22),1,1,225,14000225,14306,14,3,TN,1.067434,1.377675,0.0,1.189387,1.499454,0.0,0.0,2,2,1,2,2,2,2,4,3,2,2,1,3,3,2,1,7,0,0,1,1,0,1,0,0,0,0,0,0,0,0,0,0,0,0,a,a,0,0,0,0,0,1,1,0,1,1,0,0,0,0,0,0,0,0,0,0,0,i,i,0,0,0,1,2,1,1,1,1,2,2,2,2,4,1,1,0,0,0,1,1,1,1,0,0,1,0,i,0,0,0,0,2,2,1,1,2,1,1,1,1,1,1,1,1,1,1,1,1,1,1,1,i,1,1,2,2,1,1,1,0,0,0,0,0,i,i,i,0,0,0,0,0,0,0,1,1,1,0,0,0,0,i,0,0,0,2,4,2,1,2,1,1,1,1,1,1,0,0,0,0,0,0,0,0,0,0,0,0,0,1,0,0,0,0,0,0,0,0,0,0,1,0,0,0,0,2,2,2,2,1,1,2,2,2,2,2,2,2,3,3,2,2,2,3,3,3,2,3,3,2,4,1,1,0,0,1,0,0,0,0,0,0,0,0,0,1,9,i,i,i,i,1,1,1,1,0,0,0,0,0,0,0,0,1,0,0,0,0,1,0,0,0,0,0,0,0,0,0,0,0,0,0,2,0,1,0,0,0,0,0,1,1,0,0,0,0,0,0,2,1,1,0,1,1,0,0,0,0,2,1,39,2,22,3,1,12,6,i,i,0,0,0,0,1,0,0,i,i,i,i,i,i,i,i,i,i,i,i,i,i,i,i,i,i,i,i,i,i,i,i,i,i,i,i,i,i,1,0,0,0,0,1,7,2,3,3,0,0,1,1,2,1,2,1,0,1,1,1,0,1,1,0,0,5,6,6,2,1,2,2,2,i,i,2,i,5,i,i,i,a,a,i,a,16,12,15,20,15,45,25,1,1,1,4,i,i,4,i,i,i,i,i,i,i,i,i,i,i,i,i,96,1,1
6291,doi:10.4232/1.12497,1.0.0 (2016-04-22),1,1,226,14000226,14307,14,3,TN,0.905562,1.377675,0.0,1.189387,1.499454,0.0,0.0,2,3,3,3,4,2,2,3,3,4,4,3,3,2,2,2,4,0,0,0,0,0,0,0,0,0,0,0,0,0,0,0,0,0,0,a,a,0,0,1,0,0,0,1,0,0,0,0,0,0,0,0,0,0,0,0,0,0,i,i,0,0,0,2,3,3,3,1,1,2,2,2,1,1,1,2,0,1,0,0,0,1,1,0,1,1,0,i,0,0,0,0,2,1,1,1,1,2,2,2,1,1,1,1,1,1,1,1,1,1,1,1,i,1,1,1,1,1,1,1,0,0,0,0,0,i,i,i,0,0,0,0,0,0,0,1,1,1,0,0,0,0,i,0,0,0,1,1,1,2,2,2,2,1,1,0,0,0,0,1,1,0,0,0,1,1,0,0,0,0,1,0,0,0,0,0,0,0,0,0,1,0,0,0,0,0,2,2,2,2,1,1,1,1,2,2,2,2,2,3,3,1,1,1,2,2,2,2,2,2,2,2,1,1,0,0,0,0,0,0,0,0,0,0,0,0,2,i,i,i,i,i,i,i,i,i,i,i,i,i,i,i,i,i,i,i,i,i,i,i,i,i,i,i,i,i,i,i,i,i,i,i,i,i,0,1,0,0,0,0,0,1,0,1,0,0,0,0,0,1,2,0,1,0,1,1,0,0,0,2,2,21,1,0,5,3,2,2,19,i,0,0,0,0,1,0,0,i,i,i,i,i,i,i,i,i,i,i,i,i,i,i,i,i,i,i,i,i,i,i,i,i,i,i,i,i,i,0,0,0,1,0,0,7,2,3,3,0,0,0,0,2,1,2,1,1,0,1,1,0,1,0,0,0,1,i,1,1,1,2,2,2,i,i,2,i,1,i,i,i,a,a,i,a,16,12,11,20,11,55,35,1,2,2,4,i,i,4,i,i,i,i,i,i,i,i,i,i,i,i,i,92,7,1
6291,doi:10.4232/1.12497,1.0.0 (2016-04-22),1,1,227,14000227,14308,14,3,TN,0.95908,1.377675,0.0,1.189387,1.499454,0.0,0.0,3,3,3,3,4,2,2,3,4,4,4,4,4,3,3,3,4,0,0,0,0,0,0,0,0,0,0,0,0,0,0,0,0,0,0,a,a,0,0,1,0,0,0,1,0,0,0,0,0,0,0,0,0,0,0,0,0,0,i,i,0,0,0,2,3,3,3,2,2,2,2,2,2,1,2,i,1,1,0,0,1,1,0,1,1,0,0,i,0,0,0,0,2,2,2,2,2,1,3,3,2,1,1,1,1,1,1,1,1,1,1,1,i,1,1,2,2,1,1,1,0,0,0,0,0,i,i,i,0,0,0,0,0,0,0,1,1,1,0,0,0,0,i,0,0,0,5,5,5,5,5,5,5,5,0,1,0,0,0,0,1,0,0,0,1,1,0,0,0,0,1,1,0,0,0,0,0,0,0,0,0,0,0,0,0,0,3,3,3,3,2,2,2,2,3,3,3,3,3,4,4,1,1,3,3,3,2,2,2,2,2,2,1,0,0,0,1,1,0,0,0,0,0,0,0,0,2,i,i,i,i,i,i,i,i,i,i,i,i,i,i,i,i,i,i,i,i,i,i,i,i,i,i,i,i,i,i,i,i,i,i,i,i,i,0,1,0,0,0,0,0,0,0,1,1,0,0,0,0,1,1,1,1,0,1,0,0,0,0,2,2,76,4,1,6,1,1,1,19,i,0,0,0,0,1,0,0,i,i,i,i,i,i,i,i,i,i,i,i,i,i,i,i,i,i,i,i,i,i,i,i,i,i,i,i,i,i,0,0,0,1,0,0,5,1,2,2,1,1,0,0,1,2,1,1,1,1,1,1,0,0,0,0,0,6,i,7,1,2,2,2,2,i,i,2,i,i,i,i,i,a,a,i,a,16,12,12,0,12,35,35,2,2,2,4,i,i,4,i,i,i,i,i,i,i,i,i,i,i,i,i,92,7,1
6291,doi:10.4232/1.12497,1.0.0 (2016-04-22),1,1,228,14000228,14309,14,3,TN,1.064063,1.377675,0.0,1.189387,1.499454,0.0,0.0,2,2,2,2,2,2,2,4,2,2,2,1,1,1,1,1,1,0,0,0,1,0,1,1,1,0,0,0,1,0,1,1,0,0,0,a,a,0,0,0,1,0,0,1,0,1,1,1,0,0,0,1,0,1,1,0,0,0,i,i,0,0,0,2,1,1,1,1,3,2,1,2,2,2,2,i,0,0,0,0,0,1,1,0,0,0,0,i,0,0,0,0,2,3,2,2,3,1,1,1,1,1,1,1,1,2,2,1,1,1,1,1,i,1,1,3,3,1,1,1,0,0,0,0,0,i,i,i,0,0,0,0,0,0,0,1,1,0,0,0,0,0,i,0,0,0,3,3,3,3,3,4,4,4,0,0,0,0,0,1,0,0,0,0,0,0,0,0,0,0,0,0,0,0,1,0,1,0,0,0,0,0,0,0,0,0,2,2,1,1,1,1,2,2,2,2,2,2,2,3,3,1,3,3,3,2,2,2,3,3,3,3,0,0,1,0,0,0,0,1,0,0,1,0,0,0,1,12,i,i,i,i,1,1,1,3,0,1,0,0,0,0,0,0,0,0,0,0,0,1,0,0,1,0,0,0,0,0,1,0,0,0,0,1,0,0,0,0,0,0,0,1,0,0,0,1,0,0,0,1,1,1,1,0,1,0,0,0,0,1,2,19,1,0,5,3,2,2,19,i,0,0,0,0,1,0,0,i,i,i,i,i,i,i,i,i,i,i,i,i,i,i,i,i,i,i,i,i,i,i,i,i,i,i,i,i,i,1,1,0,0,0,1,6,3,3,3,0,0,0,0,2,1,2,1,0,0,0,0,0,1,0,0,0,7,i,1,2,1,2,2,2,i,i,2,i,1,i,i,i,a,a,i,a,17,12,14,50,15,18,28,1,1,2,4,i,i,4,i,i,i,i,i,i,i,i,i,i,i,i,i,95,2,1
6291,doi:10.4232/1.12497,1.0.0 (2016-04-22),1,1,229,14000229,14310,14,3,TN,0.996171,1.377675,0.0,1.189387,1.499454,0.0,0.0,3,1,1,1,1,1,1,4,4,2,2,3,1,1,3,1,7,0,0,1,1,1,0,0,0,0,0,0,0,0,0,0,0,0,0,a,a,0,0,0,0,0,1,1,1,0,1,0,0,0,0,0,0,0,0,0,0,0,i,i,0,0,0,2,2,1,1,1,2,2,1,1,1,2,1,1,0,0,1,1,0,1,1,0,1,0,0,i,0,0,0,0,1,3,2,2,2,1,1,1,1,1,1,2,2,1,2,1,1,1,2,1,i,1,1,3,3,1,1,0,0,0,0,0,0,i,i,i,0,0,1,0,0,0,0,1,1,1,0,0,0,0,i,0,0,0,4,4,2,3,3,4,4,4,1,0,0,1,0,0,0,0,0,0,0,0,0,0,0,0,0,0,0,0,1,0,1,0,0,0,0,0,0,0,0,0,5,5,5,5,3,3,3,3,2,2,2,2,2,3,3,1,1,1,1,2,3,3,3,3,4,4,1,0,0,0,0,0,1,0,0,1,0,0,0,0,1,48,i,i,i,i,1,1,1,1,0,0,0,0,0,0,0,0,1,0,0,0,0,0,0,0,0,0,0,0,0,0,1,0,0,0,0,2,0,1,0,0,0,0,0,0,0,1,1,0,0,0,0,1,1,0,1,0,1,0,0,0,0,1,2,34,2,15,1,1,1,1,17,4,0,0,0,0,1,0,0,i,i,i,i,i,i,i,i,i,i,i,i,i,i,i,i,i,i,i,i,i,i,i,i,i,i,i,i,i,i,0,0,0,1,0,0,7,2,2,2,2,2,1,1,2,1,2,1,0,0,1,1,1,1,0,0,0,1,i,1,3,1,2,2,1,i,i,2,i,1,i,i,1,a,a,i,a,16,12,12,35,13,2,27,1,1,2,4,i,i,4,i,i,i,i,i,i,i,i,i,i,i,i,i,95,2,1
6291,doi:10.4232/1.12497,1.0.0 (2016-04-22),1,1,230,14000230,14311,14,3,TN,1.064063,1.377675,0.0,1.189387,1.499454,0.0,0.0,3,2,2,2,2,1,1,4,3,2,2,3,1,1,1,1,1,0,0,0,0,0,1,1,1,0,0,0,1,0,0,1,0,0,0,a,a,0,0,0,1,0,0,0,0,1,1,1,0,0,0,1,0,0,1,0,0,0,i,i,0,0,0,2,2,1,1,1,3,2,2,2,2,2,1,2,0,0,0,1,0,0,0,0,0,0,0,i,0,0,0,0,2,2,2,2,2,1,1,1,1,1,1,1,1,1,1,1,1,1,1,1,i,1,1,2,2,0,1,0,0,0,0,0,0,i,i,i,0,1,1,0,0,0,0,1,0,0,0,0,0,0,i,0,0,0,3,3,2,2,2,2,2,2,0,0,1,0,1,0,0,0,0,0,1,1,0,0,0,0,1,0,0,0,0,0,0,0,0,0,0,1,0,0,0,0,4,2,2,1,1,1,3,3,2,2,2,2,2,3,3,2,2,2,3,3,3,2,3,2,3,3,0,0,1,0,0,0,0,1,0,1,0,0,0,0,2,i,i,i,i,i,i,i,i,i,i,i,i,i,i,i,i,i,i,i,i,i,i,i,i,i,i,i,i,i,i,i,i,i,i,i,i,i,1,0,0,1,0,0,0,1,0,0,0,0,0,0,0,1,1,1,1,1,0,0,0,0,0,2,2,15,1,0,5,3,2,2,19,i,0,0,0,0,1,0,0,i,i,i,i,i,i,i,i,i,i,i,i,i,i,i,i,i,i,i,i,i,i,i,i,i,i,i,i,i,i,1,0,0,0,0,1,8,3,3,3,0,0,0,0,2,1,2,1,1,1,1,1,1,1,0,0,0,1,i,5,3,1,2,2,2,i,i,2,i,1,i,i,i,a,a,i,a,16,12,11,16,11,43,27,1,1,2,4,i,i,4,i,i,i,i,i,i,i,i,i,i,i,i,i,91,3,1
6291,doi:10.4232/1.12497,1.0.0 (2016-04-22),1,1,231,14000231,14312,14,3,TN,1.015852,1.377675,0.0,1.189387,1.499454,0.0,0.0,2,2,2,2,2,2,2,4,3,3,2,1,1,3,1,1,2,0,0,1,0,0,1,1,1,0,1,0,0,0,0,1,0,0,0,a,a,0,0,0,0,1,1,0,0,1,1,1,0,1,0,0,0,0,1,0,0,0,i,i,0,0,0,3,3,1,1,1,2,2,2,2,3,2,2,i,0,0,0,0,0,0,0,0,0,0,0,i,0,0,1,0,3,3,3,4,4,1,2,1,1,1,1,1,2,2,2,2,2,2,2,1,i,2,2,4,4,1,0,0,1,0,0,0,0,i,i,i,0,0,0,0,0,0,0,1,1,0,1,0,0,0,i,0,0,0,2,2,3,3,3,4,4,4,0,0,0,0,0,0,0,0,0,0,0,0,0,0,1,0,0,0,0,0,1,0,0,0,0,0,0,1,0,0,0,0,2,1,2,4,2,2,2,1,1,2,2,2,2,3,3,2,3,3,2,3,3,3,3,3,3,3,0,0,0,1,0,0,1,1,0,0,0,0,0,0,2,i,i,i,i,i,i,i,i,i,i,i,i,i,i,i,i,i,i,i,i,i,i,i,i,i,i,i,i,i,i,i,i,i,i,i,i,i,0,1,0,0,0,0,0,1,0,1,0,0,0,0,0,1,1,0,1,0,0,0,0,0,0,1,2,45,3,1,6,1,8,5,i,i,0,0,0,0,1,0,0,i,i,i,i,i,i,i,i,i,i,i,i,i,i,i,i,i,i,i,i,i,i,i,i,i,i,i,i,i,i,1,0,0,0,0,1,5,2,5,4,1,1,0,0,2,1,2,1,0,0,1,0,0,0,1,0,0,7,6,6,2,2,2,2,2,i,i,2,i,i,i,i,i,a,a,i,a,17,12,15,25,15,50,25,1,1,2,4,i,i,4,i,i,i,i,i,i,i,i,i,i,i,i,i,101,2,1
6291,doi:10.4232/1.12497,1.0.0 (2016-04-22),1,1,232,14000232,14313,14,3,TN,1.06043,1.377675,0.0,1.189387,1.499454,0.0,0.0,2,3,3,3,4,1,2,3,5,4,2,3,1,3,3,1,7,1,0,0,0,0,0,0,1,0,0,0,0,0,0,0,0,0,0,a,a,0,0,0,1,0,0,0,0,0,1,1,0,0,0,0,0,0,0,0,0,0,i,i,0,0,0,2,2,3,3,1,3,2,2,2,2,2,3,i,0,0,1,1,0,1,0,0,1,0,0,i,0,0,0,0,2,2,2,2,2,1,1,1,1,1,1,1,1,1,1,1,1,1,1,1,i,1,1,2,2,0,0,0,0,0,0,0,1,i,i,i,0,0,1,0,0,0,0,1,0,0,0,0,0,0,i,0,0,0,4,4,4,4,4,4,4,4,0,0,0,0,1,0,0,0,0,0,1,0,1,0,0,0,0,0,1,0,0,0,0,0,0,0,0,1,0,0,0,0,3,3,3,3,2,2,2,2,2,2,2,2,2,3,3,1,1,2,3,1,1,1,3,1,4,4,0,1,1,0,0,0,0,1,0,0,0,0,0,0,2,i,i,i,i,i,i,i,i,i,i,i,i,i,i,i,i,i,i,i,i,i,i,i,i,i,i,i,i,i,i,i,i,i,i,i,i,i,0,1,0,0,0,0,0,1,0,1,0,0,0,0,0,1,1,0,1,0,1,0,1,0,0,2,2,22,1,19,2,3,3,3,19,i,0,0,0,0,1,0,0,i,i,i,i,i,i,i,i,i,i,i,i,i,i,i,i,i,i,i,i,i,i,i,i,i,i,i,i,i,i,1,0,0,0,0,1,5,3,4,4,0,0,0,0,1,1,3,1,1,0,1,1,1,1,0,0,0,1,i,6,3,1,2,2,2,i,i,2,i,1,i,i,i,a,a,i,a,16,12,10,5,10,45,40,1,1,2,4,i,i,4,i,i,i,i,i,i,i,i,i,i,i,i,i,91,3,1
6291,doi:10.4232/1.12497,1.0.0 (2016-04-22),1,1,233,14000233,14314,14,3,TN,1.010931,1.377675,0.0,1.189387,1.499454,0.0,0.0,2,2,2,2,2,2,2,4,3,3,2,3,1,1,3,1,7,1,1,1,1,1,1,0,1,0,1,0,0,0,0,0,0,0,0,a,a,0,0,0,1,1,1,1,1,1,1,1,0,1,0,0,0,0,0,0,0,0,i,i,0,0,0,2,2,2,2,2,2,2,1,2,3,3,2,i,0,0,0,0,0,0,0,0,0,0,0,i,0,1,0,0,3,3,3,2,3,1,2,2,2,2,2,2,2,2,2,1,2,2,2,2,i,2,1,3,3,1,0,0,0,0,0,0,0,i,i,i,0,0,0,0,0,0,0,1,1,1,0,0,0,0,i,0,0,0,4,4,3,3,3,3,4,4,0,0,0,0,0,0,0,0,0,0,0,0,0,0,1,0,0,0,0,0,0,0,1,0,1,0,0,0,0,0,0,0,3,2,2,4,2,2,2,2,2,2,2,2,2,3,2,2,2,2,2,3,2,2,2,3,5,4,0,0,0,1,1,0,0,0,0,0,1,0,0,0,1,3,i,i,i,i,1,1,1,1,0,0,0,0,0,0,0,0,0,0,1,0,0,0,0,0,0,0,0,0,0,0,1,0,0,0,0,2,1,1,0,0,0,0,0,0,0,1,0,0,0,0,0,1,1,0,1,0,0,0,0,0,0,1,2,51,3,12,1,1,1,1,8,1,0,0,0,0,1,0,0,i,i,i,i,i,i,i,i,i,i,i,i,i,i,i,i,i,i,i,i,i,i,i,i,i,i,i,i,i,i,1,0,0,0,0,1,5,2,6,4,0,0,0,0,1,1,3,1,0,0,0,0,0,1,0,0,0,7,i,6,2,2,2,2,2,i,i,2,i,i,i,i,i,a,a,i,a,17,12,14,15,14,43,28,1,1,2,4,i,i,4,i,i,i,i,i,i,i,i,i,i,i,i,i,101,2,1
6291,doi:10.4232/1.12497,1.0.0 (2016-04-22),1,1,234,14000234,14315,14,3,TN,1.015852,1.377675,0.0,1.189387,1.499454,0.0,0.0,2,3,3,3,4,2,2,4,4,5,5,1,1,1,1,1,6,0,0,0,1,0,0,0,0,0,0,0,0,0,0,0,0,0,0,a,a,0,0,0,0,0,0,1,0,1,0,0,0,0,0,0,0,0,0,0,0,0,i,i,0,0,0,2,2,4,4,1,1,2,3,3,6,6,3,i,0,0,0,0,0,0,0,0,0,0,0,i,0,0,1,0,5,5,5,5,5,2,2,1,1,1,1,2,1,2,1,2,1,2,2,2,i,2,1,5,5,1,0,0,1,0,0,0,0,i,i,i,0,0,1,0,0,0,0,1,1,0,1,0,0,0,i,0,0,0,5,4,5,4,5,4,5,4,0,0,0,0,0,0,0,0,0,0,0,0,0,0,0,1,0,0,0,0,0,0,0,0,0,0,0,0,0,0,0,1,1,2,2,5,3,3,3,3,1,2,3,3,2,4,3,2,3,3,4,3,4,3,3,4,3,3,0,0,0,0,0,0,0,0,0,0,0,0,0,1,2,i,i,i,i,i,i,i,i,i,i,i,i,i,i,i,i,i,i,i,i,i,i,i,i,i,i,i,i,i,i,i,i,i,i,i,i,i,0,0,0,0,0,0,0,0,0,0,0,0,0,0,1,3,1,1,1,0,1,0,0,0,0,1,2,54,3,1,6,1,1,1,19,i,0,0,0,0,1,0,0,i,i,i,i,i,i,i,i,i,i,i,i,i,i,i,i,i,i,i,i,i,i,i,i,i,i,i,i,i,i,1,1,0,0,0,1,6,1,8,4,0,0,0,0,1,1,3,1,0,0,0,0,1,0,0,0,0,7,i,6,1,2,2,2,2,i,i,2,i,i,i,i,i,a,a,i,a,17,12,14,30,14,52,22,2,1,2,4,i,i,4,i,i,i,i,i,i,i,i,i,i,i,i,i,100,26,1
6291,doi:10.4232/1.12497,1.0.0 (2016-04-22),1,1,235,14000235,14316,14,3,TN,0.996171,1.377675,0.0,1.189387,1.499454,0.0,0.0,2,3,3,3,4,2,2,5,5,5,5,1,3,3,1,1,6,0,0,0,1,0,0,0,0,0,0,0,0,0,0,0,0,0,0,a,a,0,0,0,0,0,0,1,0,1,0,0,0,0,0,0,0,0,0,0,0,0,i,i,0,0,0,3,3,3,3,5,5,2,2,2,6,6,3,i,0,0,0,1,0,0,1,0,1,0,0,i,0,0,0,0,3,2,3,4,3,2,2,2,2,2,1,1,2,1,2,1,2,1,1,2,i,1,1,4,3,0,1,0,1,0,0,0,0,i,i,i,0,0,1,0,0,0,0,1,1,1,0,0,0,0,i,0,0,0,4,4,2,2,3,2,5,5,0,0,0,0,0,0,0,0,0,0,0,0,0,0,0,1,0,0,0,0,0,0,0,0,0,0,0,0,0,0,0,1,2,1,1,2,2,2,2,1,2,2,2,2,2,4,5,1,1,2,1,2,5,5,5,5,5,5,1,0,0,0,0,0,1,0,0,1,0,0,0,0,2,i,i,i,i,i,i,i,i,i,i,i,i,i,i,i,i,i,i,i,i,i,i,i,i,i,i,i,i,i,i,i,i,i,i,i,i,i,1,0,1,1,0,0,0,0,0,0,0,0,0,0,0,1,3,0,1,1,0,0,1,0,0,4,2,35,2,1,6,1,1,1,19,i,0,0,0,0,1,0,0,i,i,i,i,i,i,i,i,i,i,i,i,i,i,i,i,i,i,i,i,i,i,i,i,i,i,i,i,i,i,1,0,0,0,0,1,6,1,5,4,3,3,2,2,1,1,3,1,0,0,1,1,1,0,0,0,0,1,i,1,2,1,2,2,2,i,i,2,i,1,i,i,i,a,a,i,a,17,12,15,2,15,40,38,3,1,2,4,i,i,4,i,i,i,i,i,i,i,i,i,i,i,i,i,100,20,1
6291,doi:10.4232/1.12497,1.0.0 (2016-04-22),1,1,236,14000236,14317,14,3,TN,1.003794,1.377675,0.0,1.189387,1.499454,0.0,0.0,3,3,3,3,4,1,2,4,5,3,1,3,1,1,3,1,7,0,0,0,1,0,1,0,1,0,0,0,0,0,0,0,0,0,0,a,a,0,0,0,0,0,0,1,0,1,1,1,0,0,0,0,0,0,0,0,0,0,i,i,0,0,0,2,2,1,1,1,3,1,1,1,2,2,3,i,0,0,0,0,0,0,0,0,0,0,0,i,0,0,1,0,2,2,2,5,5,1,1,1,1,1,1,1,1,1,1,1,1,1,1,1,i,1,1,2,5,0,1,0,0,0,0,0,1,i,i,i,0,0,0,0,0,0,0,1,0,0,0,0,0,0,i,0,0,0,4,4,3,3,3,3,3,3,0,1,0,0,0,0,0,0,0,0,0,0,0,0,0,0,0,0,0,0,0,0,1,0,0,0,0,0,0,0,0,0,2,2,2,2,1,2,2,2,2,2,2,2,2,3,3,2,2,3,2,3,2,2,2,2,4,4,1,0,0,1,0,0,0,0,0,0,0,0,0,0,2,i,i,i,i,i,i,i,i,i,i,i,i,i,i,i,i,i,i,i,i,i,i,i,i,i,i,i,i,i,i,i,i,i,i,i,i,i,0,1,0,0,0,0,0,1,0,0,0,0,0,0,0,1,1,0,1,0,1,0,0,0,0,2,1,28,2,15,1,1,8,5,i,i,0,0,0,0,1,0,0,i,i,i,i,i,i,i,i,i,i,i,i,i,i,i,i,i,i,i,i,i,i,i,i,i,i,i,i,i,i,0,0,0,1,0,0,5,2,3,3,0,0,0,0,2,2,4,1,1,1,0,0,0,1,0,0,0,7,6,6,3,2,3,3,3,i,i,3,i,i,i,i,i,a,a,i,a,16,12,15,40,16,26,46,1,1,2,4,i,i,4,i,i,i,i,i,i,i,i,i,i,i,i,i,91,3,1
6291,doi:10.4232/1.12497,1.0.0 (2016-04-22),1,1,237,14000237,14318,14,3,TN,1.010931,1.377675,0.0,1.189387,1.499454,0.0,0.0,2,2,2,2,2,2,2,3,3,2,2,1,1,1,1,1,7,0,0,0,1,0,1,0,1,0,0,0,1,0,0,0,0,0,0,a,a,0,0,0,0,0,0,1,0,1,1,1,0,0,0,1,0,0,0,0,0,0,i,i,0,0,0,3,2,1,1,2,2,1,1,1,2,2,1,2,0,0,1,1,0,0,0,0,1,1,0,i,0,0,0,0,2,3,2,2,3,1,2,1,1,1,1,1,1,1,2,1,1,1,1,1,i,1,1,3,3,1,1,1,0,0,0,0,0,i,i,i,0,0,0,0,0,0,0,1,1,1,0,0,0,0,i,0,0,0,3,3,2,2,2,3,3,3,0,0,1,0,0,0,0,0,0,0,0,0,1,0,0,0,1,0,0,0,0,0,0,0,1,0,0,0,0,0,0,0,2,2,1,2,1,1,2,2,1,1,2,2,2,2,2,1,1,2,2,1,3,2,3,3,2,3,0,0,0,1,1,0,0,0,0,0,1,0,0,0,1,13,i,i,i,i,2,2,1,1,0,0,0,0,0,0,0,0,1,0,0,0,0,0,0,0,1,0,0,0,0,0,1,0,0,0,0,1,0,1,0,0,0,0,0,0,1,0,0,1,0,0,0,1,2,0,1,0,1,0,0,0,0,2,2,40,3,98,8,1,1,1,17,4,0,0,0,0,1,0,0,i,i,i,i,i,i,i,i,i,i,i,i,i,i,i,i,i,i,i,i,i,i,i,i,i,i,i,i,i,i,1,1,0,0,0,1,5,2,2,2,2,2,0,0,2,1,2,1,0,0,1,1,0,1,0,0,0,3,i,6,2,2,2,2,1,i,i,2,i,i,i,i,3,a,a,i,a,17,12,16,30,16,57,27,1,1,2,4,i,i,4,i,i,i,i,i,i,i,i,i,i,i,i,i,101,2,1
6291,doi:10.4232/1.12497,1.0.0 (2016-04-22),1,1,238,14000238,14319,14,3,TN,0.966341,1.377675,0.0,1.189387,1.499454,0.0,0.0,4,3,2,2,3,2,2,4,2,4,2,3,3,3,3,1,1,0,0,1,1,0,1,0,1,0,0,1,1,0,0,1,0,0,0,a,a,0,0,0,1,0,1,1,0,1,0,1,0,0,1,1,0,0,1,0,0,0,i,i,0,0,0,2,2,1,1,1,3,2,2,2,1,2,1,2,0,0,1,1,0,1,0,0,0,1,0,i,0,0,0,0,2,2,2,2,3,1,2,1,1,2,1,1,2,1,2,1,2,1,2,1,i,2,1,3,3,0,1,0,0,0,0,0,1,i,i,i,0,0,1,0,0,0,0,1,1,0,1,0,0,0,i,0,0,0,3,3,1,2,3,4,2,2,0,0,0,0,1,0,0,0,0,0,0,1,0,0,0,0,0,0,0,0,0,0,1,0,0,0,1,0,0,0,0,0,3,2,3,2,1,2,2,2,2,2,2,2,2,3,2,1,3,3,3,2,2,2,2,3,4,4,1,1,0,0,0,0,0,0,0,0,0,0,0,0,1,18,i,i,i,i,2,2,1,3,1,0,0,0,0,0,0,0,0,0,0,0,0,1,0,0,0,0,0,0,0,0,1,0,0,0,0,1,1,1,0,0,0,0,0,1,0,0,0,0,0,0,0,1,1,0,1,1,0,0,0,0,0,2,1,16,1,0,5,3,2,2,19,i,0,0,0,0,1,0,0,i,i,i,i,i,i,i,i,i,i,i,i,i,i,i,i,i,i,i,i,i,i,i,i,i,i,i,i,i,i,1,0,0,0,0,1,4,2,3,3,0,0,0,0,2,1,2,1,0,0,0,0,0,1,0,0,0,7,i,3,2,1,2,2,2,i,i,2,i,3,i,i,i,a,a,i,a,17,12,13,37,14,8,33,1,1,2,4,i,i,4,i,i,i,i,i,i,i,i,i,i,i,i,i,101,2,1
6291,doi:10.4232/1.12497,1.0.0 (2016-04-22),1,1,239,14000239,14320,14,3,TN,0.95908,1.377675,0.0,1.189387,1.499454,0.0,0.0,2,3,3,3,4,5,4,4,5,4,4,2,2,2,3,2,6,0,0,1,0,0,0,1,0,0,0,0,0,0,0,0,0,0,0,a,a,0,0,0,0,0,1,0,0,1,1,0,0,0,0,0,0,0,0,0,0,0,i,i,0,0,0,2,2,1,3,1,3,2,2,2,2,2,3,i,1,0,0,0,0,1,0,0,0,1,0,i,0,0,0,0,5,2,2,2,5,1,1,1,1,1,1,1,1,1,1,1,1,1,1,1,i,1,1,2,5,1,1,1,0,0,0,0,0,i,i,i,0,0,0,0,0,0,0,1,1,1,0,0,0,0,i,0,0,0,4,4,4,4,4,4,4,4,1,1,0,1,0,0,0,0,0,0,0,0,0,0,0,0,0,0,1,0,0,0,0,0,0,0,0,1,0,0,0,0,5,5,5,5,2,2,2,2,2,2,2,2,2,4,4,5,5,5,5,5,5,5,5,5,5,5,0,0,0,1,0,0,0,0,0,0,0,0,0,0,2,i,i,i,i,i,i,i,i,i,i,i,i,i,i,i,i,i,i,i,i,i,i,i,i,i,i,i,i,i,i,i,i,i,i,i,i,i,0,1,0,0,0,0,0,0,0,0,0,0,0,0,0,4,3,0,1,0,0,0,0,0,0,2,2,78,4,1,6,5,3,3,19,i,0,0,0,0,1,0,0,i,i,i,i,i,i,i,i,i,i,i,i,i,i,i,i,i,i,i,i,i,i,i,i,i,i,i,i,i,i,0,0,0,1,0,0,3,1,2,2,0,0,2,2,2,2,4,1,0,0,0,0,0,1,0,0,0,7,i,7,3,3,3,3,3,i,i,3,i,i,i,i,i,a,a,i,a,16,12,13,11,13,57,46,1,2,2,4,i,i,4,i,i,i,i,i,i,i,i,i,i,i,i,i,91,3,1
6291,doi:10.4232/1.12497,1.0.0 (2016-04-22),1,1,240,14000240,14321,14,3,TN,0.99277,1.377675,0.0,1.189387,1.499454,0.0,0.0,2,3,3,3,4,2,2,4,3,2,2,1,1,1,1,1,7,1,1,1,1,0,1,0,0,0,0,0,0,0,0,0,0,0,0,a,a,0,0,0,1,1,1,1,0,1,1,0,0,0,0,0,0,0,0,0,0,0,i,i,0,0,0,3,3,1,1,2,3,2,2,2,2,2,1,2,0,0,0,1,0,1,0,0,0,0,0,i,0,0,0,0,2,3,3,2,3,1,1,2,2,2,1,1,2,2,2,2,2,1,2,2,i,2,2,4,4,1,1,0,0,0,0,0,0,i,i,i,0,0,0,0,0,0,0,1,1,1,0,0,0,0,i,0,0,0,3,3,4,3,3,4,3,3,0,0,0,0,1,0,0,0,0,0,0,0,1,0,0,0,1,0,0,0,1,0,0,0,0,0,0,0,0,0,0,0,2,2,2,2,2,1,2,1,1,1,2,2,2,2,2,1,2,2,2,3,2,2,2,3,2,4,1,0,0,0,1,0,0,0,0,1,0,0,0,0,1,13,i,i,i,i,1,1,1,5,0,0,1,0,0,0,1,0,0,0,0,0,0,0,0,0,0,0,0,0,0,0,0,0,0,1,0,1,1,1,0,0,0,0,1,0,0,0,0,0,0,0,0,1,1,0,1,0,1,0,0,0,0,1,2,36,2,20,3,1,10,6,i,i,0,0,0,0,1,0,0,i,i,i,i,i,i,i,i,i,i,i,i,i,i,i,i,i,i,i,i,i,i,i,i,i,i,i,i,i,i,1,1,0,0,0,1,6,3,2,2,1,1,1,1,1,1,3,1,0,0,0,1,1,1,0,0,0,1,7,6,2,1,2,2,1,i,i,2,i,1,i,i,1,a,a,i,a,17,12,15,55,16,20,25,1,1,2,4,i,i,4,i,i,i,i,i,i,i,i,i,i,i,i,i,101,2,1
6291,doi:10.4232/1.12497,1.0.0 (2016-04-22),1,1,241,14000241,14322,14,3,TN,1.06043,1.377675,0.0,1.189387,1.499454,0.0,0.0,1,3,3,2,3,1,2,4,3,2,2,1,3,1,1,1,7,0,0,1,1,1,0,0,0,0,0,0,0,0,0,0,0,0,0,a,a,0,0,0,0,0,1,1,1,0,1,0,0,0,0,0,0,0,0,0,0,0,i,i,0,0,0,2,3,1,1,1,3,2,1,2,3,3,1,2,0,0,1,0,0,1,0,0,0,0,0,i,0,0,0,0,2,2,2,2,2,1,1,1,1,1,1,1,1,1,2,2,1,1,1,2,i,1,1,3,3,1,0,0,0,0,0,0,0,i,i,i,0,0,1,0,0,0,0,1,0,0,1,0,0,0,i,0,0,0,3,3,2,2,3,4,3,3,0,0,1,0,0,0,0,0,0,0,0,0,1,0,0,0,0,0,0,0,0,0,1,0,0,0,0,1,0,0,0,0,2,2,3,2,2,2,2,2,1,1,2,2,2,3,2,1,1,2,2,3,2,1,1,3,2,4,0,1,0,0,0,0,0,0,1,1,0,0,0,0,2,i,i,i,i,i,i,i,i,i,i,i,i,i,i,i,i,i,i,i,i,i,i,i,i,i,i,i,i,i,i,i,i,i,i,i,i,i,0,1,0,0,0,0,1,0,0,0,0,1,0,0,0,1,1,0,0,0,1,0,0,0,0,1,2,16,1,0,5,3,2,2,19,i,0,0,0,0,1,0,0,i,i,i,i,i,i,i,i,i,i,i,i,i,i,i,i,i,i,i,i,i,i,i,i,i,i,i,i,i,i,0,0,1,0,0,1,6,2,4,4,2,2,0,0,2,1,2,1,0,0,0,0,0,1,0,0,0,7,i,6,2,2,2,2,2,i,i,2,i,i,i,i,i,a,a,i,a,16,12,14,10,14,38,28,1,1,2,4,i,i,4,i,i,i,i,i,i,i,i,i,i,i,i,i,95,2,1
6291,doi:10.4232/1.12497,1.0.0 (2016-04-22),1,1,242,14000242,14323,14,3,TN,0.971045,1.377675,0.0,1.189387,1.499454,0.0,0.0,4,2,1,2,2,4,4,3,2,4,4,2,2,2,2,2,11,1,0,0,0,0,0,1,1,0,0,0,0,1,1,0,0,0,0,a,a,0,0,0,1,0,0,0,0,0,1,1,0,0,1,0,1,1,0,0,0,0,i,i,0,0,0,2,1,1,1,1,1,1,3,3,2,2,3,i,0,1,0,0,0,0,0,0,1,1,0,i,0,0,0,0,3,5,5,4,3,1,2,2,2,1,1,1,1,1,2,1,1,1,2,1,i,2,2,3,2,0,0,0,1,0,1,0,0,i,i,i,1,0,0,0,0,0,0,0,0,1,1,0,1,0,i,0,0,0,3,2,3,2,3,2,3,2,1,1,0,0,0,0,0,0,0,0,0,1,0,0,0,0,0,0,0,0,1,0,1,0,0,0,0,0,0,0,0,0,3,3,3,3,3,3,3,3,2,3,3,3,3,4,3,3,4,3,4,3,4,3,4,3,2,2,0,1,0,0,0,0,0,0,1,0,1,0,0,0,2,i,i,i,i,i,i,i,i,i,i,i,i,i,i,i,i,i,i,i,i,i,i,i,i,i,i,i,i,i,i,i,i,i,i,i,i,i,0,1,0,0,0,0,0,1,0,0,0,1,0,0,0,1,3,1,0,0,1,1,0,0,0,4,1,22,1,1,6,3,5,5,i,i,0,0,0,0,1,0,0,i,i,i,i,i,i,i,i,i,i,i,i,i,i,i,i,i,i,i,i,i,i,i,i,i,i,i,i,i,i,0,0,0,1,0,0,6,1,4,4,0,0,0,0,2,1,2,1,0,0,0,0,0,0,0,0,0,7,6,6,1,1,2,2,2,i,i,2,i,1,i,i,i,a,a,i,a,16,12,14,30,14,50,23,2,2,2,4,i,i,4,i,i,i,i,i,i,i,i,i,i,i,i,i,97,8,1
6291,doi:10.4232/1.12497,1.0.0 (2016-04-22),1,1,243,14000243,14324,14,3,TN,0.99277,1.377675,0.0,1.189387,1.499454,0.0,0.0,1,3,3,3,4,4,4,4,4,2,2,3,1,1,1,1,7,0,1,0,0,0,0,0,1,0,0,0,1,0,0,0,0,0,0,a,a,0,0,0,0,1,0,0,0,0,1,1,0,0,0,1,0,0,0,0,0,0,i,i,0,0,0,2,2,1,2,1,1,2,2,2,1,2,3,i,0,0,0,1,0,1,0,0,0,0,0,i,0,0,0,0,2,2,2,2,2,1,1,1,1,1,1,1,1,1,1,1,1,1,1,1,i,1,1,2,2,1,1,1,0,0,0,0,0,i,i,i,0,0,0,0,0,0,0,1,1,0,1,0,0,0,i,0,0,0,3,3,3,3,3,3,3,3,0,0,0,0,1,0,0,0,0,0,0,0,1,0,0,0,0,0,0,0,0,0,1,0,0,0,0,0,0,0,0,0,4,3,2,1,1,1,3,1,2,2,2,2,2,4,4,2,2,2,3,2,2,2,3,2,3,3,1,1,1,0,0,0,0,0,0,0,0,0,0,0,2,i,i,i,i,i,i,i,i,i,i,i,i,i,i,i,i,i,i,i,i,i,i,i,i,i,i,i,i,i,i,i,i,i,i,i,i,i,1,1,0,0,0,0,0,1,0,0,0,0,0,0,0,1,1,0,1,0,1,0,0,0,0,2,2,26,2,22,3,3,17,8,i,i,0,0,0,0,1,0,0,i,i,i,i,i,i,i,i,i,i,i,i,i,i,i,i,i,i,i,i,i,i,i,i,i,i,i,i,i,i,1,0,0,0,0,1,8,2,5,4,0,0,0,0,2,1,2,1,1,0,1,1,0,1,0,0,0,1,6,6,3,1,2,2,2,i,i,2,i,1,i,i,i,a,a,i,a,16,12,12,18,12,52,34,1,1,2,4,i,i,4,i,i,i,i,i,i,i,i,i,i,i,i,i,91,3,1
6291,doi:10.4232/1.12497,1.0.0 (2016-04-22),1,1,244,14000244,14325,14,3,TN,1.000366,1.377675,0.0,1.189387,1.499454,0.0,0.0,2,3,3,3,4,2,2,3,3,3,2,3,3,1,3,3,2,0,0,0,1,0,1,0,0,0,0,0,0,0,0,1,0,0,0,a,a,0,0,0,0,1,0,1,0,1,0,0,0,0,0,0,0,0,1,0,0,0,i,i,0,0,0,3,2,1,1,3,3,2,1,1,4,3,1,1,0,0,1,0,0,0,0,1,0,0,0,i,0,0,0,0,2,3,3,2,3,1,2,1,2,2,1,2,2,1,2,2,1,1,2,2,i,1,1,3,2,1,1,0,0,0,0,0,0,i,i,i,0,0,0,0,0,0,0,1,1,0,0,0,0,0,i,0,0,0,2,3,3,3,2,2,4,4,0,0,0,0,1,0,0,0,0,0,0,0,1,0,0,0,0,0,0,0,1,0,1,0,0,0,0,0,0,0,0,0,4,4,2,2,1,2,2,1,1,1,2,2,2,2,2,2,2,2,1,1,2,1,2,2,2,3,0,1,0,0,0,0,0,1,1,0,0,0,0,0,2,i,i,i,i,i,i,i,i,i,i,i,i,i,i,i,i,i,i,i,i,i,i,i,i,i,i,i,i,i,i,i,i,i,i,i,i,i,1,1,0,0,0,0,0,0,1,0,0,0,0,0,0,3,2,1,0,0,1,0,0,0,0,2,1,29,2,17,2,3,17,8,i,i,0,0,0,0,1,0,0,i,i,i,i,i,i,i,i,i,i,i,i,i,i,i,i,i,i,i,i,i,i,i,i,i,i,i,i,i,i,0,0,0,1,0,0,6,2,4,4,0,0,0,0,2,1,2,1,0,0,1,1,0,0,0,0,0,2,6,2,2,1,2,2,2,i,i,2,i,2,i,i,i,a,a,i,a,16,12,14,46,15,14,30,1,1,2,4,i,i,4,i,i,i,i,i,i,i,i,i,i,i,i,i,95,2,1
6291,doi:10.4232/1.12497,1.0.0 (2016-04-22),1,1,245,14000245,14326,14,3,TN,0.847783,1.377675,0.0,1.189387,1.499454,0.0,0.0,4,2,2,2,2,1,1,4,3,4,2,3,3,3,3,3,6,0,0,1,1,0,0,1,0,0,0,0,0,0,0,0,0,0,0,a,a,0,0,0,0,0,1,1,0,1,1,0,0,0,0,0,0,0,0,0,0,0,i,i,0,0,0,2,2,1,1,1,1,1,1,1,2,3,1,2,0,0,0,0,0,0,0,0,1,1,0,i,0,0,0,0,2,3,2,2,2,1,2,1,1,1,1,1,1,2,1,1,1,1,1,1,i,1,1,3,2,1,0,1,0,0,0,0,0,i,i,i,0,0,1,0,0,0,0,1,0,0,1,0,0,0,i,0,0,0,3,4,3,3,3,4,4,4,0,0,0,0,1,0,0,0,0,0,0,1,0,0,0,0,0,0,0,0,0,0,0,0,0,0,0,1,1,0,0,0,2,2,2,3,2,2,2,2,2,2,2,2,2,3,3,2,2,2,1,2,2,2,2,3,3,4,0,1,0,1,1,0,0,0,0,0,0,0,0,0,1,10,i,i,i,i,1,1,1,3,0,1,0,0,0,0,0,0,0,0,0,0,0,1,0,0,0,0,0,0,0,0,0,0,0,0,0,2,0,1,0,0,0,0,1,0,1,0,0,0,0,0,0,1,1,0,1,0,1,0,1,0,0,1,2,25,2,22,3,3,3,3,13,3,0,1,0,0,0,0,1,0,0,0,0,0,0,0,0,0,0,0,0,0,0,0,0,0,0,0,0,0,0,0,0,0,0,0,1,0,0,1,0,0,0,0,1,6,1,3,3,1,1,0,0,2,1,2,1,0,0,1,1,0,0,1,0,0,1,i,6,2,1,1,2,1,i,i,2,i,1,6,i,1,a,a,i,a,16,12,13,5,13,34,29,2,1,2,4,i,i,4,i,i,i,i,i,i,i,i,i,i,i,i,i,95,2,1
6291,doi:10.4232/1.12497,1.0.0 (2016-04-22),1,1,246,14000246,14327,14,3,TN,0.926404,1.377675,0.0,1.189387,1.499454,0.0,0.0,3,3,3,3,4,2,2,3,3,4,3,1,3,1,1,1,6,0,0,0,1,0,0,1,0,0,0,0,0,0,0,0,0,0,0,a,a,0,0,0,0,0,0,1,0,1,1,0,0,0,0,0,0,0,0,0,0,0,i,i,0,0,0,2,2,1,1,1,1,1,2,1,3,2,1,2,0,0,0,1,0,0,0,0,0,0,0,i,0,0,0,0,2,2,2,2,2,1,1,1,1,1,1,1,1,2,2,1,1,1,2,1,i,1,1,3,2,1,1,1,0,0,0,0,0,i,i,i,0,0,0,0,0,0,0,1,0,0,0,0,0,0,i,0,0,0,4,4,3,3,4,4,4,4,0,0,0,0,1,0,0,0,0,0,0,0,0,0,0,0,0,0,0,0,1,0,1,0,0,0,0,0,0,0,0,0,1,1,1,4,1,1,2,2,1,1,2,1,1,2,2,1,2,2,2,2,2,2,2,1,1,2,0,0,0,1,0,0,0,0,0,0,1,0,0,0,2,i,i,i,i,i,i,i,i,i,i,i,i,i,i,i,i,i,i,i,i,i,i,i,i,i,i,i,i,i,i,i,i,i,i,i,i,i,0,1,0,0,0,0,1,0,0,0,0,0,0,0,0,4,2,1,1,1,0,0,0,0,0,2,1,60,4,1,6,1,18,8,i,i,0,0,0,0,1,0,0,i,i,i,i,i,i,i,i,i,i,i,i,i,i,i,i,i,i,i,i,i,i,i,i,i,i,i,i,i,i,0,0,0,1,0,0,5,2,8,4,0,0,2,2,2,1,2,1,0,0,0,0,0,0,1,0,0,7,6,6,2,2,2,2,2,i,i,2,i,i,i,i,i,a,a,i,a,16,12,10,16,10,43,27,1,1,2,4,i,i,4,i,i,i,i,i,i,i,i,i,i,i,i,i,94,2,1
6291,doi:10.4232/1.12497,1.0.0 (2016-04-22),1,1,247,14000247,14328,14,3,TN,0.955805,1.377675,0.0,1.189387,1.499454,0.0,0.0,4,1,1,1,1,1,1,4,4,2,2,1,3,1,1,1,1,0,0,1,1,0,1,1,0,0,0,0,0,0,0,0,0,0,0,a,a,0,0,0,1,0,1,1,0,1,1,0,0,0,0,0,0,0,0,0,0,0,i,i,0,0,0,1,2,1,2,1,3,2,2,2,3,1,1,2,1,0,0,1,0,0,0,0,1,0,0,i,0,0,0,0,2,2,2,1,1,1,1,1,1,1,2,2,1,1,1,1,1,1,2,1,i,1,1,2,3,0,1,1,0,0,0,0,0,i,i,i,1,0,0,0,0,0,0,1,1,1,0,0,0,0,i,0,0,0,2,4,2,2,3,3,2,2,0,0,0,0,1,1,0,0,0,1,1,0,0,0,0,0,1,0,0,0,0,0,1,0,0,0,0,0,0,0,0,0,2,2,2,1,2,2,2,2,2,2,2,2,2,2,2,1,2,2,2,2,2,2,2,2,2,2,0,0,0,0,0,0,0,0,1,1,1,0,0,0,2,i,i,i,i,i,i,i,i,i,i,i,i,i,i,i,i,i,i,i,i,i,i,i,i,i,i,i,i,i,i,i,i,i,i,i,i,i,1,1,0,0,0,0,0,0,0,0,0,0,0,0,0,1,1,1,1,0,1,0,0,0,0,2,2,65,4,20,3,1,16,8,i,i,0,0,0,0,1,0,0,i,i,i,i,i,i,i,i,i,i,i,i,i,i,i,i,i,i,i,i,i,i,i,i,i,i,i,i,i,i,1,1,0,0,0,1,7,1,3,3,0,0,0,0,2,1,2,1,1,0,1,1,0,1,0,0,0,5,2,6,2,2,2,2,2,i,i,2,i,i,i,i,i,a,a,i,a,16,12,14,45,15,5,20,1,2,2,4,i,i,4,i,i,i,i,i,i,i,i,i,i,i,i,i,99,26,1
6291,doi:10.4232/1.12497,1.0.0 (2016-04-22),1,1,248,14000248,14329,14,3,TN,1.000366,1.377675,0.0,1.189387,1.499454,0.0,0.0,2,2,2,2,2,2,2,3,3,3,2,1,1,1,1,1,8,1,0,0,1,0,1,1,0,0,0,0,0,0,0,0,0,0,0,a,a,0,0,0,1,0,0,1,0,1,1,1,0,0,0,0,0,0,0,0,0,0,i,i,0,0,0,1,2,1,2,2,2,2,2,2,4,2,1,2,0,0,1,1,0,1,0,0,0,0,0,i,0,0,0,0,2,3,2,2,3,1,2,2,2,2,2,2,2,2,2,2,2,1,2,2,i,2,2,2,3,1,1,0,0,0,0,0,0,i,i,i,0,0,0,0,0,0,0,1,0,0,1,0,0,0,i,0,0,0,3,4,3,2,3,4,3,3,0,0,0,0,1,0,0,0,0,0,1,0,0,0,0,0,0,0,0,0,0,0,0,0,0,0,0,1,1,0,0,0,3,3,3,3,2,2,2,2,1,1,2,2,2,2,2,1,1,2,1,3,3,2,3,3,2,4,1,0,0,0,0,0,0,1,0,0,1,0,0,0,1,3,i,i,i,i,1,1,1,1,0,0,0,0,0,0,0,0,0,0,0,1,0,0,0,0,0,0,0,0,0,0,1,0,0,0,0,2,1,1,0,0,0,0,0,1,0,0,0,0,0,0,0,1,2,0,1,0,0,0,0,0,0,2,1,34,2,17,2,1,3,3,17,4,0,0,0,0,1,0,0,i,i,i,i,i,i,i,i,i,i,i,i,i,i,i,i,i,i,i,i,i,i,i,i,i,i,i,i,i,i,1,0,0,0,0,1,5,2,2,2,2,2,0,0,2,1,2,1,0,0,1,1,0,1,0,0,0,2,i,6,3,1,2,2,1,i,i,2,i,2,i,i,2,a,a,i,a,16,12,10,50,11,22,32,1,1,2,4,i,i,4,i,i,i,i,i,i,i,i,i,i,i,i,i,94,2,1
6291,doi:10.4232/1.12497,1.0.0 (2016-04-22),1,1,249,14000249,14330,14,3,TN,0.963041,1.377675,0.0,1.189387,1.499454,0.0,0.0,3,2,2,2,2,2,2,4,3,2,3,2,3,3,2,3,4,0,0,1,0,0,0,0,0,0,0,0,0,0,0,0,0,0,0,a,a,0,0,0,0,0,1,1,0,0,0,0,0,0,0,0,0,0,0,0,0,0,i,i,0,0,0,2,2,1,1,1,2,2,1,2,3,3,1,2,0,0,1,1,0,0,0,0,0,0,0,i,0,0,0,0,2,3,2,2,3,1,1,1,1,1,1,2,1,1,2,1,2,1,2,1,i,2,1,3,2,1,0,0,1,1,0,0,0,i,i,i,0,0,0,0,0,0,0,1,0,0,1,0,0,0,i,0,0,0,4,4,3,3,3,4,4,4,0,0,0,0,1,0,0,0,0,0,0,0,1,0,0,0,0,0,1,0,0,0,1,0,0,0,0,0,0,0,0,0,4,4,4,4,2,2,2,1,2,2,2,2,2,3,3,2,3,2,2,3,3,2,3,2,4,4,1,1,0,0,0,0,0,0,0,1,0,0,0,0,1,7,i,i,i,i,2,2,1,3,0,0,0,0,0,0,1,0,0,0,0,0,0,1,0,0,0,0,0,0,0,0,1,0,0,0,0,2,0,1,0,0,0,0,0,1,0,0,1,0,0,0,0,1,1,0,1,0,1,0,0,0,0,1,1,18,1,0,5,3,2,2,19,i,0,0,0,0,1,0,0,i,i,i,i,i,i,i,i,i,i,i,i,i,i,i,i,i,i,i,i,i,i,i,i,i,i,i,i,i,i,1,0,0,0,0,1,4,2,5,4,0,0,0,0,2,1,2,1,0,0,1,1,0,1,0,0,0,3,i,3,3,1,2,2,1,i,i,1,i,3,i,i,3,a,a,3,a,16,12,11,28,11,59,31,1,1,2,4,i,i,4,i,i,i,i,i,i,i,i,i,i,i,i,i,94,2,1
6291,doi:10.4232/1.12497,1.0.0 (2016-04-22),1,1,250,14000250,14331,14,3,TN,0.847783,1.377675,0.0,1.189387,1.499454,0.0,0.0,3,2,1,1,1,2,1,3,3,3,2,1,1,1,1,1,4,0,0,1,0,0,1,1,0,0,1,0,0,0,0,0,0,0,0,a,a,0,0,0,0,0,1,1,0,1,1,0,0,1,0,0,0,0,0,0,0,0,i,i,0,0,0,1,1,1,1,1,1,2,2,2,2,2,1,2,0,0,1,0,0,0,0,0,1,0,0,i,0,0,0,0,2,2,2,2,2,1,1,1,1,1,1,1,1,1,1,1,1,1,1,1,i,1,1,3,3,1,1,0,0,0,0,0,0,i,i,i,0,0,0,0,0,0,0,1,1,1,0,0,0,0,i,0,0,0,3,3,2,2,2,4,2,4,1,0,1,0,0,0,0,1,0,0,0,0,0,0,0,0,1,0,0,0,0,1,0,0,0,0,0,0,0,0,0,0,3,3,3,3,1,1,1,1,2,2,2,2,2,4,3,2,3,1,1,3,3,3,3,3,3,3,1,0,0,0,1,0,0,0,0,0,1,0,0,0,2,i,i,i,i,i,i,i,i,i,i,i,i,i,i,i,i,i,i,i,i,i,i,i,i,i,i,i,i,i,i,i,i,i,i,i,i,i,1,1,0,0,0,0,0,1,0,0,0,0,0,0,0,1,1,1,1,0,1,0,0,0,0,2,2,38,2,25,3,1,3,3,19,i,0,0,0,0,1,0,0,i,i,i,i,i,i,i,i,i,i,i,i,i,i,i,i,i,i,i,i,i,i,i,i,i,i,i,i,i,i,1,1,0,0,0,1,6,2,2,2,2,2,0,0,2,1,2,1,1,0,1,1,0,1,0,0,0,2,i,6,2,2,2,2,2,i,i,2,i,i,i,i,i,a,a,i,a,16,12,15,10,15,33,23,1,1,2,4,i,i,4,i,i,i,i,i,i,i,i,i,i,i,i,i,99,26,1
6291,doi:10.4232/1.12497,1.0.0 (2016-04-22),1,1,251,14000251,14332,14,3,TN,1.001582,1.377675,0.0,1.189387,1.499454,0.0,0.0,3,2,2,2,2,2,2,4,2,4,3,3,3,3,3,3,7,0,0,1,1,0,0,0,0,0,0,0,1,0,0,0,0,0,0,a,a,0,0,0,0,0,1,1,0,0,1,0,0,0,0,1,0,0,0,0,0,0,i,i,0,0,0,2,3,1,3,2,2,2,2,2,3,5,1,2,0,0,0,0,0,0,0,0,0,0,0,i,0,1,0,0,3,4,4,3,4,1,2,2,2,1,2,2,2,2,2,2,2,2,2,2,i,2,2,3,3,1,0,0,0,0,0,1,0,i,i,i,0,0,0,0,0,0,0,1,0,0,1,0,0,0,i,0,0,0,3,3,3,4,4,4,4,3,0,0,0,0,0,0,0,0,0,0,0,0,0,0,1,0,0,0,0,0,0,0,1,0,0,0,0,1,0,0,0,0,2,2,3,4,2,2,2,1,1,1,1,1,2,3,3,2,2,1,3,2,1,1,2,3,3,3,0,1,0,0,0,0,0,0,1,0,1,0,0,0,2,i,i,i,i,i,i,i,i,i,i,i,i,i,i,i,i,i,i,i,i,i,i,i,i,i,i,i,i,i,i,i,i,i,i,i,i,i,1,1,0,0,0,0,0,1,0,0,0,0,0,0,0,1,2,0,1,0,0,0,0,0,0,2,1,82,4,1,6,1,4,4,5,1,0,0,0,0,1,0,0,i,i,i,i,i,i,i,i,i,i,i,i,i,i,i,i,i,i,i,i,i,i,i,i,i,i,i,i,i,i,1,1,0,0,0,1,7,2,7,4,0,0,0,0,2,1,2,1,0,0,0,0,1,1,0,0,0,6,i,6,3,2,2,2,2,i,i,2,i,i,i,i,i,a,a,i,a,16,12,12,4,12,32,28,2,1,2,4,i,i,4,i,i,i,i,i,i,i,i,i,i,i,i,i,94,2,1
6291,doi:10.4232/1.12497,1.0.0 (2016-04-22),1,1,252,14000252,14333,14,3,TN,0.822396,1.377675,0.0,1.189387,1.499454,0.0,0.0,1,2,2,2,2,2,2,3,2,2,2,1,1,1,1,1,6,0,0,1,1,0,0,0,0,0,0,0,0,0,0,1,0,0,0,a,a,0,0,0,0,0,1,1,0,1,0,0,0,0,0,0,0,0,1,0,0,0,i,i,0,0,0,1,2,1,1,1,3,2,2,2,1,2,1,2,1,0,1,0,0,1,0,0,1,0,0,i,0,0,0,0,1,3,1,1,2,1,2,1,1,1,1,1,1,2,2,1,1,1,2,1,i,1,1,3,3,1,1,0,0,0,0,0,0,i,i,i,1,0,0,0,0,0,0,1,0,0,0,0,0,0,i,0,0,0,2,4,2,2,2,3,2,2,0,0,0,1,0,0,1,0,0,0,1,0,1,0,0,0,0,0,0,0,0,1,0,0,0,0,0,0,1,0,0,0,3,2,2,2,1,1,2,1,1,1,1,1,2,2,2,1,1,1,1,2,2,2,1,3,2,3,0,0,0,0,1,0,0,0,1,1,0,0,0,0,1,5,i,i,i,i,1,1,1,3,1,1,1,0,0,0,0,0,0,0,0,0,0,1,1,0,1,0,0,0,0,0,0,0,0,0,0,1,1,0,0,0,0,0,0,0,0,1,0,1,0,0,0,1,1,1,1,0,0,0,0,0,0,1,1,24,1,0,5,3,2,2,19,i,0,0,0,0,1,0,0,i,i,i,i,i,i,i,i,i,i,i,i,i,i,i,i,i,i,i,i,i,i,i,i,i,i,i,i,i,i,1,1,0,0,0,1,7,3,5,4,0,0,1,1,1,1,3,1,1,1,1,1,1,1,0,0,0,1,i,2,2,1,2,2,1,i,i,2,i,1,i,i,1,a,a,i,a,16,12,16,0,16,20,20,1,2,2,4,i,i,4,i,i,i,i,i,i,i,i,i,i,i,i,i,99,26,1
6291,doi:10.4232/1.12497,1.0.0 (2016-04-22),1,1,253,14000253,14334,14,3,TN,1.027606,1.377675,0.0,1.189387,1.499454,0.0,0.0,2,3,3,2,3,2,2,4,3,2,2,2,3,1,2,1,4,0,0,0,0,0,1,0,0,0,0,0,0,0,0,1,0,0,0,a,a,0,0,0,0,0,0,1,0,1,0,0,0,0,0,0,0,0,1,0,0,0,i,i,0,0,0,2,4,4,4,1,3,2,2,2,2,3,1,2,0,1,1,1,0,1,0,0,0,1,0,i,0,0,0,0,2,3,2,1,2,1,2,1,2,1,1,2,2,2,1,1,2,1,1,1,i,1,1,3,3,0,1,0,1,0,0,0,0,i,i,i,1,0,0,0,0,0,0,1,0,0,0,0,0,0,i,0,0,0,2,4,2,4,2,4,2,2,0,0,0,1,1,0,0,0,0,0,1,0,0,0,0,0,0,0,0,0,1,0,0,0,0,0,0,1,0,0,0,0,4,4,4,2,1,2,2,1,2,2,1,1,2,4,2,1,3,2,2,4,4,4,1,4,4,4,1,0,0,0,1,0,0,1,0,0,0,0,0,0,2,i,i,i,i,i,i,i,i,i,i,i,i,i,i,i,i,i,i,i,i,i,i,i,i,i,i,i,i,i,i,i,i,i,i,i,i,i,0,1,0,0,0,0,0,1,0,0,0,1,0,0,0,1,1,1,1,0,0,0,0,0,0,2,1,17,1,0,5,3,2,2,19,i,0,0,0,0,1,0,0,i,i,i,i,i,i,i,i,i,i,i,i,i,i,i,i,i,i,i,i,i,i,i,i,i,i,i,i,i,i,1,1,0,0,0,1,7,3,3,3,1,1,2,2,1,1,3,1,1,0,1,1,1,1,1,0,0,1,i,2,2,1,2,2,2,i,i,2,i,1,i,i,i,a,a,i,a,16,12,11,10,11,45,35,1,1,1,4,i,i,4,i,i,i,i,i,i,i,i,i,i,i,i,i,96,1,1
6291,doi:10.4232/1.12497,1.0.0 (2016-04-22),1,1,254,14000254,14335,14,3,TN,1.068731,1.377675,0.0,1.189387,1.499454,0.0,0.0,4,3,1,1,2,1,1,4,3,2,3,1,3,3,1,1,7,0,0,0,1,0,1,0,0,0,0,0,0,0,0,0,0,0,0,a,a,0,0,0,0,0,0,1,0,1,1,0,0,0,0,0,0,0,0,0,0,0,i,i,0,0,0,2,1,1,1,1,1,2,2,2,1,3,1,2,0,0,1,1,0,0,1,0,0,0,0,i,0,0,0,0,2,2,2,2,2,1,1,1,1,1,1,1,1,1,1,1,1,1,1,1,i,1,1,2,2,1,1,0,1,0,0,0,0,i,i,i,0,0,0,0,0,0,0,1,0,1,1,0,0,0,i,0,0,0,1,3,1,1,1,1,1,1,1,0,0,0,0,0,1,1,0,0,0,1,1,0,0,0,1,0,0,0,0,0,1,0,0,0,0,0,0,0,0,0,2,2,2,2,1,1,1,1,1,1,1,1,2,2,2,2,2,2,2,3,3,3,3,3,3,4,1,0,0,0,1,0,0,0,1,0,0,0,0,0,1,48,i,i,i,i,2,2,1,1,1,1,0,0,0,0,0,0,0,0,0,0,0,0,0,0,0,0,0,0,0,0,0,0,0,1,0,1,0,1,0,0,0,0,0,1,0,0,0,1,0,0,0,1,1,1,1,0,1,0,0,0,0,1,1,65,4,1,6,1,4,4,18,4,0,0,0,0,1,0,0,i,i,i,i,i,i,i,i,i,i,i,i,i,i,i,i,i,i,i,i,i,i,i,i,i,i,i,i,i,i,1,1,0,0,0,1,5,2,5,4,7,4,0,0,2,1,2,1,0,0,0,0,0,1,0,0,0,7,i,6,2,2,2,2,2,i,i,2,i,i,i,i,i,a,a,i,a,16,12,12,35,13,10,35,1,2,1,4,i,i,4,i,i,i,i,i,i,i,i,i,i,i,i,i,96,1,1
6291,doi:10.4232/1.12497,1.0.0 (2016-04-22),1,1,255,14000255,14336,14,3,TN,1.020296,1.377675,0.0,1.189387,1.499454,0.0,0.0,2,2,1,1,1,2,1,2,2,2,2,1,1,1,1,1,6,0,1,0,0,0,0,1,0,0,0,0,0,0,0,0,0,0,0,a,a,0,0,0,0,1,0,0,0,1,1,0,0,0,0,0,0,0,0,0,0,0,i,i,0,0,0,1,2,1,1,1,2,2,2,2,2,2,1,2,1,1,0,1,0,0,0,0,0,0,0,i,0,0,0,0,1,2,3,2,2,1,1,1,2,2,2,1,2,2,2,2,2,2,2,1,i,1,1,2,2,1,1,0,0,0,0,0,0,i,i,i,1,0,0,0,0,0,0,1,0,0,0,0,0,0,i,0,0,0,1,4,3,2,1,4,1,2,1,1,0,0,0,0,1,0,0,0,0,1,1,0,0,0,1,0,0,0,0,0,1,0,0,0,0,0,0,0,0,0,4,3,3,3,2,2,2,2,1,1,1,1,2,2,2,1,2,1,3,3,3,3,3,4,3,4,1,0,0,0,1,0,0,0,0,0,1,0,0,0,2,i,i,i,i,i,i,i,i,i,i,i,i,i,i,i,i,i,i,i,i,i,i,i,i,i,i,i,i,i,i,i,i,i,i,i,i,i,0,1,0,0,0,0,0,1,0,0,0,1,0,0,0,2,1,0,1,0,0,0,0,0,0,1,1,53,3,19,2,1,8,5,i,i,0,0,0,0,1,0,0,i,i,i,i,i,i,i,i,i,i,i,i,i,i,i,i,i,i,i,i,i,i,i,i,i,i,i,i,i,i,1,0,0,0,0,1,6,3,6,4,1,1,0,0,2,1,2,1,1,0,1,0,1,1,0,0,0,7,6,6,2,2,2,2,2,i,i,2,i,i,i,i,i,a,a,i,a,16,12,10,25,11,0,35,1,2,1,4,i,i,4,i,i,i,i,i,i,i,i,i,i,i,i,i,96,1,1
6291,doi:10.4232/1.12497,1.0.0 (2016-04-22),1,1,256,14000256,14337,14,3,TN,1.010931,1.377675,0.0,1.189387,1.499454,0.0,0.0,2,2,1,1,1,1,1,4,3,2,2,1,1,1,2,1,6,0,0,1,1,0,0,0,0,0,0,0,0,0,0,0,0,0,0,a,a,0,0,0,0,0,1,1,0,1,0,0,0,0,0,0,0,0,0,0,0,0,i,i,0,0,0,1,1,1,1,1,1,2,2,1,2,2,2,i,1,0,0,1,0,1,0,0,0,0,0,i,0,0,0,0,2,4,2,2,2,1,2,2,1,1,1,2,1,2,2,1,2,1,2,1,i,2,2,3,3,1,0,0,1,0,0,0,0,i,i,i,1,0,0,0,0,0,0,1,1,1,0,0,0,0,i,0,0,0,2,3,2,2,2,4,2,2,0,0,0,0,1,1,1,0,0,0,0,0,0,0,0,0,0,0,0,0,0,1,1,0,0,0,0,0,0,0,0,0,3,2,2,1,1,1,2,1,1,1,1,2,2,2,3,2,2,1,1,3,3,3,3,3,2,3,0,0,1,0,1,0,0,0,1,0,0,0,0,0,2,i,i,i,i,i,i,i,i,i,i,i,i,i,i,i,i,i,i,i,i,i,i,i,i,i,i,i,i,i,i,i,i,i,i,i,i,i,0,1,0,0,0,0,1,0,0,1,0,0,0,0,0,1,1,1,1,0,0,0,0,0,0,2,2,41,3,17,2,1,8,5,i,i,0,0,0,0,1,0,0,i,i,i,i,i,i,i,i,i,i,i,i,i,i,i,i,i,i,i,i,i,i,i,i,i,i,i,i,i,i,1,1,0,0,0,1,8,2,2,2,2,2,1,1,1,1,3,1,0,0,1,1,1,1,0,0,0,1,1,6,2,1,2,2,2,i,i,2,i,1,i,i,i,a,a,i,a,16,12,15,35,15,55,20,1,4,2,4,i,i,4,i,i,i,i,i,i,i,i,i,i,i,i,i,99,26,1
6291,doi:10.4232/1.12497,1.0.0 (2016-04-22),1,1,257,14000257,14338,14,3,TN,1.068131,1.377675,0.0,1.189387,1.499454,0.0,0.0,4,3,3,3,4,4,4,4,4,3,4,2,3,2,2,3,7,1,0,0,0,0,0,0,1,0,0,0,0,0,0,0,0,0,0,a,a,0,0,0,1,0,0,0,0,0,1,1,0,0,0,0,0,0,0,0,0,0,i,i,0,0,0,2,2,2,2,1,1,2,2,2,4,3,2,i,0,0,0,1,0,1,0,0,0,1,1,i,0,0,0,0,3,3,3,3,3,1,1,1,1,1,1,1,1,1,1,1,1,1,1,1,i,1,1,3,3,1,0,0,0,0,0,0,0,i,i,i,0,0,0,0,0,0,0,1,0,0,0,0,0,0,i,0,0,0,1,1,1,1,1,1,1,1,1,1,0,1,1,1,0,0,0,0,0,0,0,0,0,0,1,0,0,0,0,0,1,0,0,0,0,0,0,0,0,0,4,4,4,4,2,2,2,2,1,1,1,1,2,3,3,1,1,1,1,1,1,1,1,1,1,1,1,1,1,0,0,0,0,0,0,0,0,0,0,0,2,i,i,i,i,i,i,i,i,i,i,i,i,i,i,i,i,i,i,i,i,i,i,i,i,i,i,i,i,i,i,i,i,i,i,i,i,i,0,1,0,0,0,0,0,0,0,0,0,0,0,0,0,3,2,0,1,0,1,0,0,0,0,2,2,25,2,1,6,3,3,3,18,4,0,0,0,0,1,0,0,i,i,i,i,i,i,i,i,i,i,i,i,i,i,i,i,i,i,i,i,i,i,i,i,i,i,i,i,i,i,1,1,0,0,0,1,3,1,7,4,0,0,0,0,2,1,2,1,0,0,0,0,0,1,0,0,0,7,i,6,1,2,2,2,2,i,i,2,i,i,i,i,i,a,a,i,a,16,12,11,30,12,19,49,1,4,1,4,i,i,4,i,i,i,i,i,i,i,i,i,i,i,i,i,96,1,1
6291,doi:10.4232/1.12497,1.0.0 (2016-04-22),1,1,258,14000258,14339,14,3,TN,0.872167,1.377675,0.0,1.189387,1.499454,0.0,0.0,4,2,2,3,3,3,3,4,4,4,4,2,2,2,2,2,8,0,0,0,0,0,0,1,0,0,0,0,0,0,0,0,0,0,0,a,a,0,0,0,0,0,0,0,0,0,1,1,0,0,0,0,0,0,0,0,0,0,i,i,0,0,0,2,2,1,1,5,5,3,3,3,3,2,3,i,1,0,0,0,0,0,0,0,1,1,0,i,0,0,0,0,5,5,5,5,5,1,2,1,2,1,1,2,1,1,1,1,1,1,1,1,i,3,3,5,5,1,1,1,0,0,0,0,0,i,i,i,0,0,0,0,0,0,0,1,1,1,0,0,0,0,i,0,0,0,4,4,4,4,4,4,4,4,1,0,0,0,1,0,1,0,0,0,1,1,0,0,0,0,0,1,0,0,0,0,1,0,0,0,0,0,0,0,0,0,4,4,4,4,1,1,3,3,2,2,2,2,2,3,4,3,4,3,2,3,2,3,2,3,4,5,1,0,0,0,0,0,0,0,0,1,1,0,0,0,2,i,i,i,i,i,i,i,i,i,i,i,i,i,i,i,i,i,i,i,i,i,i,i,i,i,i,i,i,i,i,i,i,i,i,i,i,i,0,1,0,0,0,1,0,0,0,0,0,1,0,0,0,4,3,1,0,0,1,1,0,0,0,4,2,60,4,1,6,1,1,1,19,i,0,0,0,0,1,0,0,i,i,i,i,i,i,i,i,i,i,i,i,i,i,i,i,i,i,i,i,i,i,i,i,i,i,i,i,i,i,0,0,0,1,0,0,4,1,5,4,0,0,0,0,2,2,4,1,0,0,0,0,0,0,0,0,0,7,i,6,1,2,2,2,2,i,i,2,i,i,i,i,i,a,a,i,a,16,12,10,35,11,0,25,2,2,2,4,i,i,4,i,i,i,i,i,i,i,i,i,i,i,i,i,97,8,1
6291,doi:10.4232/1.12497,1.0.0 (2016-04-22),1,1,259,14000259,14340,14,3,TN,1.06043,1.377675,0.0,1.189387,1.499454,0.0,0.0,2,3,3,3,4,3,3,4,3,4,3,2,3,1,1,1,1,0,1,0,0,0,1,1,1,0,0,1,1,0,1,0,1,0,0,a,a,0,0,0,1,1,0,0,0,1,1,1,0,0,1,1,0,1,0,1,0,0,i,i,0,0,0,1,1,1,1,5,5,2,2,2,3,6,3,i,1,1,0,1,0,1,0,0,0,1,0,i,0,0,0,0,5,5,5,5,5,1,2,1,2,2,1,2,1,2,1,1,2,1,2,1,i,2,1,5,5,0,0,1,0,1,0,0,0,i,i,i,0,0,0,1,0,0,0,1,0,1,1,0,0,0,i,0,0,0,2,3,2,4,2,4,2,1,1,1,0,0,0,0,1,0,0,1,0,1,0,0,0,0,0,0,0,0,0,0,0,0,0,0,1,1,0,0,0,0,2,2,2,1,3,3,2,1,3,3,3,3,3,2,3,3,2,3,2,3,2,4,3,2,2,1,0,0,0,0,0,0,0,0,1,1,1,0,0,0,2,i,i,i,i,i,i,i,i,i,i,i,i,i,i,i,i,i,i,i,i,i,i,i,i,i,i,i,i,i,i,i,i,i,i,i,i,i,0,1,0,0,1,0,1,0,0,0,0,0,0,0,0,1,3,0,0,0,0,0,0,0,1,4,2,18,1,0,5,3,3,3,19,i,0,1,0,0,0,0,1,0,0,0,0,0,0,0,0,0,0,0,0,0,0,0,0,0,0,0,0,0,0,0,0,0,0,0,1,0,0,1,0,0,0,0,1,8,1,6,4,0,0,0,0,1,1,3,1,1,1,1,1,1,0,0,0,0,1,i,1,1,1,2,2,2,i,i,2,i,1,i,i,i,a,a,i,a,16,12,14,56,15,11,20,1,1,2,4,i,i,4,i,i,i,i,i,i,i,i,i,i,i,i,i,97,8,1
6291,doi:10.4232/1.12497,1.0.0 (2016-04-22),1,1,260,14000260,14341,14,3,TN,1.023791,1.377675,0.0,1.189387,1.499454,0.0,0.0,4,2,1,1,1,2,1,3,3,4,3,1,1,1,1,1,4,0,0,0,0,0,0,1,1,0,0,0,0,0,0,0,0,0,0,a,a,0,0,0,0,0,0,1,0,0,1,1,0,0,0,0,0,0,0,0,0,0,i,i,0,0,0,2,2,2,2,1,2,2,1,2,1,3,1,2,1,0,0,1,1,0,0,0,1,1,0,i,0,0,0,0,2,2,2,2,2,1,2,2,1,1,1,1,1,1,2,1,1,1,2,1,i,2,2,2,2,1,1,0,1,0,0,0,0,i,i,i,0,0,0,0,0,0,0,1,0,0,0,0,0,0,i,0,0,0,2,3,2,2,2,4,2,2,1,1,0,1,0,0,1,0,0,0,0,0,1,0,0,0,0,0,0,0,1,0,1,0,0,0,0,0,0,0,0,0,2,2,2,2,1,2,2,1,2,2,1,1,2,4,3,1,1,3,3,2,4,4,4,3,4,2,1,0,0,0,0,0,1,1,0,0,0,0,0,0,1,3,i,i,i,i,1,1,1,1,1,0,1,0,0,0,0,0,0,0,0,0,0,0,0,0,0,1,0,0,0,0,1,0,0,0,0,2,1,1,0,0,0,0,0,0,1,0,0,0,0,0,0,1,1,1,1,0,1,0,0,0,0,2,1,42,3,18,2,1,18,8,i,i,0,0,0,0,1,0,0,i,i,i,i,i,i,i,i,i,i,i,i,i,i,i,i,i,i,i,i,i,i,i,i,i,i,i,i,i,i,1,0,0,0,0,1,3,1,7,4,3,3,0,0,2,1,2,1,0,0,0,0,1,1,0,0,0,7,6,6,1,2,2,2,2,i,i,2,i,i,i,i,i,a,a,i,a,17,12,12,50,13,10,20,1,4,1,4,i,i,4,i,i,i,i,i,i,i,i,i,i,i,i,i,98,26,1
6291,doi:10.4232/1.12497,1.0.0 (2016-04-22),1,1,261,14000261,14342,14,3,TN,0.822396,1.377675,0.0,1.189387,1.499454,0.0,0.0,2,2,2,1,2,3,3,3,2,3,5,3,2,4,3,3,6,0,0,0,0,0,0,1,0,0,0,1,1,0,0,0,0,0,0,a,a,0,0,0,0,0,0,0,0,1,1,0,0,0,1,1,0,0,0,0,0,0,i,i,0,0,0,2,1,1,4,5,5,2,3,3,3,2,3,i,1,0,0,0,0,1,0,0,1,1,0,i,0,0,0,0,5,5,5,5,5,2,1,2,1,1,1,2,1,3,3,2,1,2,3,3,i,3,3,2,3,0,0,0,1,0,1,1,0,i,i,i,0,0,0,0,0,0,0,0,0,0,1,1,1,0,i,0,0,0,2,3,2,3,2,3,3,2,0,0,0,0,0,1,0,0,0,1,1,1,1,0,0,0,0,0,0,0,0,0,0,0,0,0,1,1,0,0,0,0,2,2,2,1,3,3,3,3,2,2,2,2,2,2,3,2,1,4,3,2,3,2,4,2,2,1,0,1,0,0,1,0,0,0,0,0,1,0,0,0,2,i,i,i,i,i,i,i,i,i,i,i,i,i,i,i,i,i,i,i,i,i,i,i,i,i,i,i,i,i,i,i,i,i,i,i,i,i,0,1,0,0,0,0,1,0,0,1,0,0,0,0,0,4,3,0,0,0,1,1,1,0,0,4,1,21,1,0,5,3,2,2,19,i,0,0,0,0,1,0,0,i,i,i,i,i,i,i,i,i,i,i,i,i,i,i,i,i,i,i,i,i,i,i,i,i,i,i,i,i,i,0,0,0,1,0,0,6,1,5,4,0,0,0,0,2,1,2,1,1,0,1,1,0,0,0,0,0,1,i,1,1,1,2,2,2,i,i,2,i,1,i,i,i,a,a,i,a,16,12,12,10,12,33,20,2,2,2,4,i,i,4,i,i,i,i,i,i,i,i,i,i,i,i,i,97,8,1
6291,doi:10.4232/1.12497,1.0.0 (2016-04-22),1,1,262,14000262,14343,14,3,TN,0.921917,1.377675,0.0,1.189387,1.499454,0.0,0.0,3,2,2,2,2,2,2,4,3,4,4,2,2,2,2,2,8,1,0,0,0,0,1,1,0,0,0,0,0,0,0,1,0,0,0,a,a,0,0,0,1,0,0,0,0,1,1,1,0,0,0,0,0,0,1,0,0,0,i,i,0,0,0,2,2,1,1,2,1,2,2,2,1,1,1,1,0,0,0,1,0,0,0,0,0,1,1,i,0,0,0,0,3,2,3,4,3,2,2,2,2,2,2,2,2,2,2,2,2,2,2,2,i,2,2,3,2,1,0,0,1,0,0,0,0,i,i,i,0,0,1,0,0,0,0,1,1,0,1,0,0,0,i,0,0,0,2,2,4,4,4,4,4,4,1,1,0,0,0,0,1,0,0,0,1,0,1,0,0,0,0,1,0,0,0,0,0,0,0,0,0,1,0,0,0,0,2,3,4,5,1,1,1,2,2,2,2,2,2,3,3,3,2,3,2,3,2,3,2,3,2,1,1,0,0,0,1,0,0,0,0,0,1,0,0,0,2,i,i,i,i,i,i,i,i,i,i,i,i,i,i,i,i,i,i,i,i,i,i,i,i,i,i,i,i,i,i,i,i,i,i,i,i,i,0,1,0,0,0,1,0,1,0,0,0,0,0,0,0,4,3,1,0,0,1,1,0,0,0,4,1,58,4,1,6,1,17,8,i,i,1,0,0,0,0,0,1,0,0,0,0,0,0,0,0,1,0,0,0,0,0,0,0,0,0,0,0,0,0,0,0,0,0,0,0,0,0,1,0,0,0,0,1,6,1,2,2,0,0,0,0,2,1,2,1,0,0,0,0,0,0,0,0,0,7,6,6,1,2,2,2,2,i,i,2,i,i,i,i,i,a,a,i,a,16,12,11,35,12,0,25,1,1,2,4,i,i,4,i,i,i,i,i,i,i,i,i,i,i,i,i,97,8,1
6291,doi:10.4232/1.12497,1.0.0 (2016-04-22),1,1,263,14000263,14344,14,3,TN,0.922969,1.377675,0.0,1.189387,1.499454,0.0,0.0,4,3,1,1,2,3,3,4,1,2,1,2,3,2,2,2,1,0,0,1,1,0,0,0,0,0,0,0,0,0,0,0,0,0,0,a,a,0,0,0,1,0,1,1,0,0,0,0,0,0,0,0,0,0,0,0,0,0,i,i,0,0,0,1,2,2,2,1,2,1,2,2,5,4,1,2,0,0,1,1,0,0,0,0,0,0,0,i,0,0,0,0,4,4,4,3,4,1,1,1,1,1,1,2,2,2,2,1,2,1,2,1,i,2,2,3,3,1,1,0,0,0,0,0,0,i,i,i,0,1,0,0,0,0,0,0,1,1,1,0,0,0,i,0,0,0,4,4,1,2,2,4,2,2,0,0,0,0,1,0,0,0,0,0,1,0,0,0,0,0,1,0,0,0,0,0,0,0,0,0,1,0,0,0,0,0,2,4,4,2,2,1,2,2,2,2,2,2,2,4,4,1,1,1,1,3,3,3,3,4,4,4,1,0,0,0,1,0,0,0,0,0,1,0,0,0,2,i,i,i,i,i,i,i,i,i,i,i,i,i,i,i,i,i,i,i,i,i,i,i,i,i,i,i,i,i,i,i,i,i,i,i,i,i,0,0,0,0,0,0,0,0,0,0,0,1,0,0,0,1,1,0,1,0,0,0,0,0,0,2,2,62,4,19,2,3,4,4,8,1,0,0,0,0,1,0,0,i,i,i,i,i,i,i,i,i,i,i,i,i,i,i,i,i,i,i,i,i,i,i,i,i,i,i,i,i,i,1,0,0,0,0,1,1,2,3,3,0,0,0,0,2,1,2,1,1,0,0,0,0,0,0,0,0,7,i,4,2,2,2,2,2,i,i,2,i,i,i,i,i,a,a,i,a,16,12,13,20,13,40,20,1,1,1,4,i,i,4,i,i,i,i,i,i,i,i,i,i,i,i,i,98,26,1
6291,doi:10.4232/1.12497,1.0.0 (2016-04-22),1,1,264,14000264,14345,14,3,TN,0.963041,1.377675,0.0,1.189387,1.499454,0.0,0.0,2,1,1,1,1,2,1,3,3,3,3,3,3,3,4,3,6,1,0,0,0,0,0,0,0,0,0,0,1,0,0,0,0,0,0,a,a,0,0,0,1,0,0,0,0,1,0,0,0,0,0,1,0,0,0,0,0,0,i,i,0,0,0,3,4,1,1,2,2,2,1,3,2,2,1,1,1,0,0,0,0,0,0,0,1,1,0,i,0,0,0,0,2,2,2,2,2,1,1,2,1,1,1,2,1,1,2,1,1,2,1,2,i,1,1,2,1,1,0,0,1,0,0,1,0,i,i,i,0,0,0,0,0,0,0,0,1,0,1,0,1,0,i,0,0,0,3,2,3,2,3,2,5,5,0,1,0,0,0,0,0,0,0,0,1,1,0,0,0,0,0,0,0,0,0,0,0,0,0,0,0,1,1,0,0,0,2,2,2,1,1,1,2,1,2,3,3,3,3,2,2,2,3,3,2,3,2,3,2,1,1,1,1,1,0,0,0,0,0,0,0,1,0,0,0,0,2,i,i,i,i,i,i,i,i,i,i,i,i,i,i,i,i,i,i,i,i,i,i,i,i,i,i,i,i,i,i,i,i,i,i,i,i,i,0,1,0,0,0,0,0,1,0,0,1,0,0,0,0,2,2,0,0,1,1,1,0,0,0,2,1,24,1,98,8,3,18,8,i,i,0,0,0,0,1,0,0,i,i,i,i,i,i,i,i,i,i,i,i,i,i,i,i,i,i,i,i,i,i,i,i,i,i,i,i,i,i,0,0,0,0,1,0,7,4,5,4,0,0,0,0,2,1,2,1,0,0,1,1,0,0,0,0,0,1,7,1,1,1,2,2,2,i,i,2,i,1,i,i,i,a,a,i,a,16,12,11,10,11,30,20,1,1,2,4,i,i,4,i,i,i,i,i,i,i,i,i,i,i,i,i,97,8,1
6291,doi:10.4232/1.12497,1.0.0 (2016-04-22),1,1,265,14000265,14346,14,3,TN,1.078707,1.377675,0.0,1.189387,1.499454,0.0,0.0,2,3,2,1,2,2,2,4,2,2,2,1,3,1,1,1,4,1,0,0,0,0,0,1,1,0,0,0,0,0,0,0,0,0,0,a,a,0,0,0,1,0,0,1,0,0,1,1,0,0,0,0,0,0,0,0,0,0,i,i,0,0,0,2,2,1,2,1,1,2,2,2,1,4,1,2,0,0,0,1,0,1,0,0,0,0,0,i,0,0,0,0,3,3,3,2,2,1,1,1,1,1,1,1,1,1,1,1,1,1,1,1,i,1,1,2,2,1,1,0,1,0,0,0,0,i,i,i,0,0,0,0,0,0,0,1,1,0,0,0,0,0,i,0,0,0,3,4,2,3,2,4,2,2,0,0,1,0,0,0,1,0,0,0,1,0,0,0,0,0,1,0,0,0,0,0,1,0,0,0,0,0,0,0,0,0,1,1,1,1,1,1,2,2,2,2,2,2,2,4,3,2,3,1,3,3,3,3,2,3,2,3,0,0,1,0,0,0,0,0,1,0,1,0,0,0,2,i,i,i,i,i,i,i,i,i,i,i,i,i,i,i,i,i,i,i,i,i,i,i,i,i,i,i,i,i,i,i,i,i,i,i,i,i,0,1,0,0,0,0,0,1,0,0,0,1,0,0,0,1,1,1,1,0,0,0,0,0,0,2,2,52,3,9,1,5,1,1,19,i,0,0,0,0,1,0,0,i,i,i,i,i,i,i,i,i,i,i,i,i,i,i,i,i,i,i,i,i,i,i,i,i,i,i,i,i,i,0,0,0,1,0,0,5,1,4,4,0,0,1,1,2,1,2,1,0,0,1,1,0,1,0,0,0,7,i,6,2,2,2,2,2,i,i,2,i,i,i,i,i,a,a,i,a,16,12,13,45,14,6,21,1,3,1,4,i,i,4,i,i,i,i,i,i,i,i,i,i,i,i,i,98,26,1
6291,doi:10.4232/1.12497,1.0.0 (2016-04-22),1,1,266,14000266,14347,14,3,TN,1.062957,1.377675,0.0,1.189387,1.499454,0.0,0.0,2,3,3,2,3,3,3,4,3,2,2,1,1,1,1,1,4,0,0,0,0,0,1,1,0,0,0,0,0,0,0,0,0,0,0,a,a,0,0,0,0,0,0,1,0,1,1,0,0,0,0,0,0,0,0,0,0,0,i,i,0,0,0,2,2,2,2,1,2,2,2,2,1,2,1,2,1,1,0,1,0,0,0,0,1,0,0,i,0,0,0,0,1,2,1,1,2,1,1,1,1,1,1,1,1,1,1,1,1,1,1,1,i,1,1,2,2,1,1,0,0,0,0,0,0,i,i,i,1,0,0,0,0,0,0,1,1,1,0,0,0,0,i,0,0,0,2,4,2,2,2,2,2,2,0,0,0,1,1,1,1,0,0,0,0,0,0,0,0,0,1,0,1,0,0,0,0,0,0,0,0,0,0,0,0,0,2,1,1,4,1,1,2,2,1,3,3,3,3,2,3,1,2,1,2,3,3,3,3,2,3,4,1,0,1,0,0,0,0,1,0,0,0,0,0,0,2,i,i,i,i,i,i,i,i,i,i,i,i,i,i,i,i,i,i,i,i,i,i,i,i,i,i,i,i,i,i,i,i,i,i,i,i,i,1,1,0,0,0,0,0,0,0,0,0,0,0,0,0,1,1,1,1,0,0,0,0,0,0,1,2,37,2,13,1,1,18,8,i,i,0,0,0,0,1,0,0,i,i,i,i,i,i,i,i,i,i,i,i,i,i,i,i,i,i,i,i,i,i,i,i,i,i,i,i,i,i,0,0,0,1,0,0,6,2,2,2,2,2,1,1,2,1,2,1,0,0,0,0,0,1,0,0,0,7,7,7,2,2,2,2,2,i,i,2,i,i,i,i,i,a,a,i,a,16,12,14,10,14,33,23,1,2,1,4,i,i,4,i,i,i,i,i,i,i,i,i,i,i,i,i,98,26,1
6291,doi:10.4232/1.12497,1.0.0 (2016-04-22),1,1,267,14000267,14348,14,3,TN,1.068131,1.377675,0.0,1.189387,1.499454,0.0,0.0,3,3,3,3,4,3,3,3,3,3,3,1,4,2,2,2,7,0,0,0,1,0,1,0,1,0,0,0,0,0,0,0,0,0,0,a,a,0,0,0,0,0,0,1,0,1,1,1,0,0,0,0,0,0,0,0,0,0,i,i,0,0,0,1,4,4,4,2,2,2,2,2,3,6,2,i,0,0,0,0,0,0,0,0,0,0,0,i,0,0,0,1,5,5,5,5,5,3,3,3,3,3,3,3,3,3,3,3,3,3,3,3,i,3,3,5,5,0,0,0,0,0,0,0,0,i,i,i,0,0,0,0,0,0,1,0,0,0,0,0,0,0,i,0,0,1,3,3,4,4,4,4,4,4,0,0,0,0,0,0,0,0,0,0,0,0,0,0,0,1,0,0,0,0,0,0,0,0,0,0,0,0,0,0,0,1,1,1,1,3,1,1,1,1,2,2,2,2,2,3,3,2,2,2,2,2,2,2,2,2,2,4,0,1,1,0,0,0,0,1,0,0,0,0,0,0,2,i,i,i,i,i,i,i,i,i,i,i,i,i,i,i,i,i,i,i,i,i,i,i,i,i,i,i,i,i,i,i,i,i,i,i,i,i,0,1,0,0,0,0,0,0,0,0,0,0,0,0,0,1,1,0,1,0,1,0,0,0,0,1,2,39,2,0,5,1,1,1,19,i,0,0,0,0,1,0,0,i,i,i,i,i,i,i,i,i,i,i,i,i,i,i,i,i,i,i,i,i,i,i,i,i,i,i,i,i,i,0,0,0,1,0,0,5,2,2,2,0,0,1,1,2,1,2,1,1,1,1,0,0,0,1,0,0,6,i,6,2,2,2,2,2,i,i,2,i,i,i,i,i,a,a,i,a,15,12,15,25,15,50,25,1,1,1,4,i,i,4,i,i,i,i,i,i,i,i,i,i,i,i,i,90,9,1
6291,doi:10.4232/1.12497,1.0.0 (2016-04-22),1,1,268,14000268,14349,14,3,TN,1.023791,1.377675,0.0,1.189387,1.499454,0.0,0.0,4,2,2,2,2,2,2,4,2,4,4,2,2,2,2,2,7,0,0,0,1,1,1,0,1,0,0,0,0,0,0,0,0,0,0,a,a,0,0,0,0,0,0,1,1,1,1,1,0,0,0,0,0,0,0,0,0,0,i,i,0,0,0,2,2,3,3,2,2,1,1,1,3,2,1,2,1,0,0,0,0,0,0,0,1,0,0,i,0,0,0,0,2,2,2,2,2,1,2,2,1,1,1,1,2,2,2,2,2,2,1,1,i,1,1,3,3,1,1,0,0,0,0,0,0,i,i,i,0,0,0,0,0,0,0,0,1,0,0,0,0,0,i,0,0,0,2,2,2,2,2,2,2,2,0,1,0,1,0,0,1,0,0,0,0,0,1,0,0,0,0,0,0,0,0,0,0,0,0,0,0,0,0,0,0,1,3,3,3,3,1,2,2,1,2,2,2,2,2,3,3,3,1,2,2,2,2,2,2,2,4,4,0,0,1,0,1,0,0,1,0,0,0,0,0,0,2,i,i,i,i,i,i,i,i,i,i,i,i,i,i,i,i,i,i,i,i,i,i,i,i,i,i,i,i,i,i,i,i,i,i,i,i,i,1,1,0,0,0,0,0,0,0,0,0,0,0,0,0,1,1,0,1,0,1,0,0,0,0,2,1,52,3,13,1,1,3,3,19,i,0,0,0,0,1,0,0,i,i,i,i,i,i,i,i,i,i,i,i,i,i,i,i,i,i,i,i,i,i,i,i,i,i,i,i,i,i,0,0,0,1,0,0,5,2,1,1,0,0,2,2,1,1,3,1,1,1,0,0,0,0,0,0,0,7,i,6,2,2,2,2,2,i,i,2,i,i,i,i,i,a,a,i,a,16,12,10,30,11,5,35,1,1,1,4,i,i,4,i,i,i,i,i,i,i,i,i,i,i,i,i,90,9,1
6291,doi:10.4232/1.12497,1.0.0 (2016-04-22),1,1,269,14000269,14350,14,3,TN,1.071091,1.377675,0.0,1.189387,1.499454,0.0,0.0,3,3,3,3,4,3,3,3,1,3,3,1,1,1,1,1,7,0,0,1,1,0,1,0,1,0,0,0,0,0,0,0,0,0,0,a,a,0,0,0,0,0,1,1,0,1,1,1,0,0,0,0,0,0,0,0,0,0,i,i,0,0,0,2,2,1,2,2,2,1,1,2,3,2,2,i,1,0,0,0,0,0,0,0,0,0,0,i,0,0,0,0,2,2,2,2,2,1,2,2,2,1,1,1,2,2,2,2,2,2,1,2,i,1,1,2,2,0,1,1,1,0,0,0,0,i,i,i,0,0,0,0,0,0,0,1,1,1,0,0,0,0,i,0,0,0,4,4,4,4,4,4,4,4,0,0,0,0,0,0,1,0,0,0,0,1,0,0,0,0,0,0,0,0,0,0,0,0,0,0,0,0,0,0,0,1,3,3,3,3,2,2,2,2,2,2,2,2,2,3,3,2,2,2,2,2,2,2,2,2,2,4,0,1,0,1,1,0,0,0,0,0,0,0,0,0,2,i,i,i,i,i,i,i,i,i,i,i,i,i,i,i,i,i,i,i,i,i,i,i,i,i,i,i,i,i,i,i,i,i,i,i,i,i,0,1,0,0,0,0,0,0,0,0,0,0,0,0,0,1,1,0,1,0,1,0,0,0,0,2,1,33,2,11,1,1,3,3,18,4,0,0,0,0,1,0,0,i,i,i,i,i,i,i,i,i,i,i,i,i,i,i,i,i,i,i,i,i,i,i,i,i,i,i,i,i,i,0,0,0,1,0,0,4,2,4,4,2,2,0,0,2,1,2,1,1,1,0,0,0,0,0,0,0,7,i,6,2,2,2,2,2,i,i,2,i,i,i,i,i,a,a,i,a,15,12,13,30,14,0,30,1,1,1,4,i,i,4,i,i,i,i,i,i,i,i,i,i,i,i,i,94,9,1
6291,doi:10.4232/1.12497,1.0.0 (2016-04-22),1,1,270,14000270,14351,14,3,TN,1.027606,1.377675,0.0,1.189387,1.499454,0.0,0.0,3,3,3,3,4,3,3,3,2,2,2,1,4,3,2,3,7,0,0,0,1,0,1,0,1,0,0,0,0,0,0,0,0,0,0,a,a,0,0,0,0,0,0,1,0,1,1,1,0,0,0,0,0,0,0,0,0,0,i,i,0,0,0,2,2,1,2,2,3,2,2,2,3,2,1,2,1,1,0,0,0,0,0,0,1,1,0,i,0,0,0,0,2,2,2,2,2,1,2,1,1,1,1,1,1,1,1,1,1,1,1,1,i,1,1,3,3,1,1,0,0,0,0,0,0,i,i,i,0,0,0,0,0,0,0,0,1,1,0,0,0,0,i,0,0,0,4,4,2,2,4,4,4,4,0,1,0,0,0,1,0,0,0,0,0,0,0,0,0,0,0,0,0,0,0,0,0,0,0,0,0,0,0,0,0,1,3,3,3,2,1,2,2,2,2,2,2,2,2,3,3,2,2,2,2,2,2,2,2,2,2,4,1,0,1,0,1,0,0,0,0,0,0,0,0,0,2,i,i,i,i,i,i,i,i,i,i,i,i,i,i,i,i,i,i,i,i,i,i,i,i,i,i,i,i,i,i,i,i,i,i,i,i,i,0,1,0,0,0,0,0,0,0,0,0,0,0,0,0,1,1,0,1,1,1,0,0,0,0,2,1,20,1,0,5,3,2,2,19,i,0,0,0,0,1,0,0,i,i,i,i,i,i,i,i,i,i,i,i,i,i,i,i,i,i,i,i,i,i,i,i,i,i,i,i,i,i,0,0,0,1,0,0,5,3,4,4,0,0,0,0,1,1,3,1,1,1,1,0,0,0,0,0,0,1,i,1,2,1,2,2,1,i,i,2,i,1,i,i,1,a,a,i,a,15,12,12,45,13,15,30,1,1,1,4,i,i,4,i,i,i,i,i,i,i,i,i,i,i,i,i,90,9,1
6291,doi:10.4232/1.12497,1.0.0 (2016-04-22),1,1,271,14000271,14352,14,3,TN,1.027606,1.377675,0.0,1.189387,1.499454,0.0,0.0,3,2,2,2,2,2,2,3,3,3,3,2,4,2,2,2,7,0,0,1,0,0,1,0,1,0,0,0,0,0,0,0,0,0,0,a,a,0,0,0,0,0,1,0,0,1,1,1,0,0,0,0,0,0,0,0,0,0,i,i,0,0,0,2,2,1,1,2,2,2,2,2,3,3,1,2,1,1,0,0,0,0,0,0,1,1,0,i,0,0,0,0,2,2,2,2,2,1,2,2,1,1,1,1,2,2,1,1,1,2,1,2,i,1,1,2,2,1,1,0,1,0,0,0,0,i,i,i,0,0,0,0,0,0,0,0,0,0,0,0,0,0,i,0,0,1,4,4,4,2,4,2,2,2,0,1,0,1,0,0,1,0,0,0,0,1,0,0,0,0,0,0,0,0,0,0,0,0,0,0,0,0,0,0,0,1,3,2,3,2,2,2,2,2,2,2,2,2,2,3,3,2,2,2,2,2,2,2,2,2,2,4,0,0,0,0,0,0,0,0,0,0,0,0,0,1,2,i,i,i,i,i,i,i,i,i,i,i,i,i,i,i,i,i,i,i,i,i,i,i,i,i,i,i,i,i,i,i,i,i,i,i,i,i,1,1,0,0,0,0,0,1,0,0,0,0,0,0,0,1,1,0,1,0,1,0,0,0,0,1,1,21,1,0,5,3,2,2,19,i,0,0,0,0,1,0,0,i,i,i,i,i,i,i,i,i,i,i,i,i,i,i,i,i,i,i,i,i,i,i,i,i,i,i,i,i,i,0,0,0,1,0,0,6,3,1,1,1,1,0,0,2,1,2,1,1,1,0,0,0,0,0,0,0,7,i,6,2,2,2,2,2,i,i,2,i,i,i,i,i,a,a,i,a,15,12,11,15,11,45,30,1,1,1,4,i,i,4,i,i,i,i,i,i,i,i,i,i,i,i,i,90,9,1
6291,doi:10.4232/1.12497,1.0.0 (2016-04-22),1,1,272,14000272,14353,14,3,TN,1.037566,1.377675,0.0,1.189387,1.499454,0.0,0.0,2,3,3,3,4,3,3,4,4,3,3,1,4,3,3,1,8,1,0,1,1,0,1,1,0,0,0,0,0,0,0,0,0,0,0,a,a,0,0,0,1,0,1,1,0,1,1,1,0,0,0,0,0,0,0,0,0,0,i,i,0,0,0,2,2,2,2,2,3,2,2,2,2,2,1,2,0,1,0,1,0,0,0,0,0,0,0,i,0,0,0,0,2,2,3,4,4,1,2,2,2,1,1,2,2,1,2,1,2,2,1,2,i,2,1,3,3,1,0,0,0,0,0,0,0,i,i,i,0,0,0,0,0,0,0,1,1,1,0,0,0,0,i,0,0,0,2,3,1,1,3,4,3,4,1,1,1,0,0,0,0,0,0,0,0,0,0,0,0,0,0,0,0,0,0,0,1,0,0,0,1,0,0,0,0,0,3,2,3,3,2,2,2,2,2,2,2,2,2,3,3,3,4,4,4,3,3,2,4,4,3,4,1,0,1,0,0,0,1,0,0,0,0,0,0,0,2,i,i,i,i,i,i,i,i,i,i,i,i,i,i,i,i,i,i,i,i,i,i,i,i,i,i,i,i,i,i,i,i,i,i,i,i,i,0,0,0,0,0,0,0,0,1,1,0,0,0,0,0,1,2,0,1,0,0,0,0,0,0,1,2,35,2,1,6,3,3,3,19,i,0,0,0,0,1,0,0,i,i,i,i,i,i,i,i,i,i,i,i,i,i,i,i,i,i,i,i,i,i,i,i,i,i,i,i,i,i,0,0,0,1,0,0,4,1,5,4,0,0,0,0,1,1,3,1,0,0,1,0,0,1,0,0,0,7,i,7,3,2,2,2,2,i,i,2,i,i,i,i,i,a,a,i,a,15,12,12,0,12,30,30,1,2,1,8,i,i,8,i,i,i,i,i,i,i,i,i,i,i,i,i,197,16,1
6291,doi:10.4232/1.12497,1.0.0 (2016-04-22),1,1,273,14000273,14354,14,3,TN,0.999336,1.377675,0.0,1.189387,1.499454,0.0,0.0,2,3,2,3,3,2,2,3,3,3,3,1,3,3,3,3,4,1,0,0,0,1,0,1,1,0,0,0,0,0,0,0,0,0,0,a,a,0,0,0,1,0,0,1,1,0,1,1,0,0,0,0,0,0,0,0,0,0,i,i,0,0,0,2,2,2,2,2,4,2,2,2,2,2,1,2,0,1,1,1,0,0,0,1,0,0,0,i,0,0,0,0,2,2,3,3,3,1,1,2,2,2,1,1,2,1,2,2,2,1,1,2,i,1,1,3,3,1,0,0,0,0,0,0,0,i,i,i,0,0,0,0,0,0,0,1,1,1,0,0,0,0,i,0,0,0,2,4,1,2,3,4,3,3,1,1,0,1,0,0,0,0,0,0,0,1,1,0,0,0,1,0,0,0,0,0,1,0,0,0,0,0,0,0,0,0,2,2,3,4,2,2,2,2,2,2,1,1,2,3,3,2,3,3,3,3,4,2,2,3,4,4,1,1,0,0,0,0,1,0,0,0,0,0,0,0,2,i,i,i,i,i,i,i,i,i,i,i,i,i,i,i,i,i,i,i,i,i,i,i,i,i,i,i,i,i,i,i,i,i,i,i,i,i,1,0,0,0,0,0,0,0,1,1,0,0,0,0,0,1,2,0,1,0,0,0,0,0,0,1,1,42,3,1,6,1,18,8,i,i,0,0,0,0,1,0,0,i,i,i,i,i,i,i,i,i,i,i,i,i,i,i,i,i,i,i,i,i,i,i,i,i,i,i,i,i,i,1,0,1,0,0,1,5,1,4,4,1,1,1,1,1,1,3,1,1,0,0,0,1,1,0,0,0,7,6,6,3,2,2,2,2,i,i,2,i,i,i,i,i,a,a,i,a,15,12,12,36,13,5,29,1,1,1,8,i,i,8,i,i,i,i,i,i,i,i,i,i,i,i,i,197,16,1
6291,doi:10.4232/1.12497,1.0.0 (2016-04-22),1,1,274,14000274,14355,14,3,TN,1.03254,1.377675,0.0,1.189387,1.499454,0.0,0.0,1,1,2,3,2,1,1,4,2,5,2,2,3,2,2,1,4,0,0,0,0,1,0,0,0,0,0,0,0,0,0,0,0,0,0,a,a,0,0,0,0,0,0,1,1,0,0,0,0,0,0,0,0,0,0,0,0,0,i,i,0,0,0,2,1,1,3,1,1,2,2,2,3,2,1,2,0,0,0,1,0,1,0,0,1,0,0,i,0,0,0,0,2,2,2,3,2,1,2,2,2,1,1,2,2,2,2,1,1,1,2,1,i,2,2,3,3,0,0,0,0,0,0,0,1,i,i,i,0,0,1,0,0,0,0,1,0,0,0,0,0,0,i,0,0,0,1,1,1,1,1,2,2,2,1,1,0,1,1,0,0,0,0,0,1,0,0,0,0,0,1,0,0,0,0,0,0,0,0,0,1,0,0,0,0,0,3,3,3,3,2,2,2,2,2,2,2,2,2,4,2,3,3,2,4,3,3,3,3,4,4,4,0,1,0,0,0,0,0,1,0,1,0,0,0,0,2,i,i,i,i,i,i,i,i,i,i,i,i,i,i,i,i,i,i,i,i,i,i,i,i,i,i,i,i,i,i,i,i,i,i,i,i,i,1,1,0,0,0,0,0,0,0,0,0,1,0,0,0,1,1,1,1,0,0,0,0,0,0,1,2,37,2,12,1,1,1,1,18,4,0,0,0,0,1,0,0,i,i,i,i,i,i,i,i,i,i,i,i,i,i,i,i,i,i,i,i,i,i,i,i,i,i,i,i,i,i,1,1,0,0,0,1,5,2,3,3,1,1,1,1,2,1,2,1,0,0,0,0,0,1,0,0,0,7,i,7,3,2,2,2,2,i,i,2,i,i,i,i,i,a,a,i,a,15,12,14,58,15,32,34,1,1,1,8,i,i,8,i,i,i,i,i,i,i,i,i,i,i,i,i,181,15,1
6291,doi:10.4232/1.12497,1.0.0 (2016-04-22),1,1,275,14000275,14356,14,3,TN,1.102911,1.377675,0.0,1.189387,1.499454,0.0,0.0,3,1,1,1,1,3,2,3,3,3,3,1,1,1,1,1,7,0,0,1,0,0,1,0,0,0,0,0,0,0,0,0,0,0,0,a,a,0,0,0,0,0,1,0,0,1,1,0,0,0,0,0,0,0,0,0,0,0,i,i,0,0,0,2,2,1,1,3,3,2,2,2,3,5,2,i,0,0,0,0,0,0,0,0,0,0,0,i,0,0,1,0,5,5,5,5,5,1,3,3,3,3,3,3,3,3,3,1,1,1,3,3,i,3,3,5,5,1,0,0,0,0,0,0,0,i,i,i,0,0,0,0,0,0,0,1,0,0,0,0,0,0,i,0,0,0,2,2,2,2,2,2,2,2,0,0,0,0,0,0,0,0,0,0,0,0,0,0,0,1,0,0,0,0,0,0,0,0,0,0,0,0,0,0,0,1,4,4,4,4,2,2,2,2,2,2,2,2,2,3,3,2,2,2,2,2,2,2,2,2,2,2,1,0,0,0,1,0,0,0,1,0,0,0,0,0,2,i,i,i,i,i,i,i,i,i,i,i,i,i,i,i,i,i,i,i,i,i,i,i,i,i,i,i,i,i,i,i,i,i,i,i,i,i,0,1,0,0,0,0,0,1,1,0,0,0,0,0,0,1,2,0,1,0,1,0,0,0,0,2,2,24,1,1,6,3,1,1,19,i,0,0,0,0,1,0,0,i,i,i,i,i,i,i,i,i,i,i,i,i,i,i,i,i,i,i,i,i,i,i,i,i,i,i,i,i,i,0,0,0,1,0,0,3,3,6,4,1,1,1,1,1,1,3,1,0,0,0,0,0,1,0,0,0,7,i,6,3,2,2,2,2,i,i,2,i,i,i,i,i,a,a,i,a,10,12,20,40,21,25,45,1,1,1,8,i,i,8,i,i,i,i,i,i,i,i,i,i,i,i,i,178,18,1
6291,doi:10.4232/1.12497,1.0.0 (2016-04-22),1,1,276,14000276,14357,14,3,TN,0.878734,1.377675,0.0,1.189387,1.499454,0.0,0.0,2,1,1,1,1,3,2,3,3,3,3,1,1,1,1,1,7,0,0,0,1,0,1,0,0,0,0,0,0,0,0,0,0,0,0,a,a,0,0,0,0,0,0,1,0,1,1,0,0,0,0,0,0,0,0,0,0,0,i,i,0,0,0,2,2,2,2,2,2,2,2,2,2,2,1,2,0,1,0,1,0,1,0,0,0,1,0,i,0,0,0,0,2,2,2,2,2,1,2,2,2,2,1,1,2,2,2,1,1,1,2,1,i,2,1,2,2,1,0,0,0,0,0,0,0,i,i,i,0,0,0,0,0,0,0,1,1,0,0,0,1,0,i,0,0,0,2,2,2,2,2,2,2,2,0,0,0,0,1,0,0,0,0,0,1,1,0,0,0,0,0,0,0,0,1,0,0,0,0,0,1,0,0,0,0,0,2,2,2,2,1,2,2,2,2,2,2,2,2,3,3,2,3,4,4,4,3,3,3,4,4,4,1,1,0,0,0,1,0,0,0,0,0,0,0,0,2,i,i,i,i,i,i,i,i,i,i,i,i,i,i,i,i,i,i,i,i,i,i,i,i,i,i,i,i,i,i,i,i,i,i,i,i,i,0,1,0,0,0,0,0,1,0,1,0,0,0,0,0,1,2,0,1,0,0,0,0,0,0,2,2,35,2,0,5,3,2,2,19,i,0,0,0,0,1,0,0,i,i,i,i,i,i,i,i,i,i,i,i,i,i,i,i,i,i,i,i,i,i,i,i,i,i,i,i,i,i,1,0,0,0,0,1,5,2,4,4,0,0,0,0,2,1,2,1,0,0,1,1,0,0,1,0,0,7,i,5,3,1,2,2,2,i,i,2,i,5,i,i,i,a,a,i,a,10,12,20,5,20,35,30,1,1,1,8,i,i,8,i,i,i,i,i,i,i,i,i,i,i,i,i,178,18,1
6291,doi:10.4232/1.12497,1.0.0 (2016-04-22),1,1,277,14000277,14358,14,3,TN,0.878734,1.377675,0.0,1.189387,1.499454,0.0,0.0,4,1,2,1,1,1,1,4,3,2,2,2,2,1,2,1,7,1,0,1,1,0,1,0,0,0,0,0,0,0,0,0,0,0,0,a,a,0,0,0,1,0,1,1,0,1,1,0,0,0,0,0,0,0,0,0,0,0,i,i,0,0,0,2,2,2,3,1,2,1,1,1,2,2,1,1,0,0,1,0,0,0,0,0,0,1,0,i,0,0,0,0,2,4,1,1,3,1,2,2,1,1,1,2,1,1,1,1,2,1,2,2,i,2,1,4,3,1,0,0,0,0,0,0,0,i,i,i,1,0,1,0,0,0,0,1,1,0,0,0,0,0,i,0,0,0,4,4,2,2,4,4,4,4,1,1,1,1,1,0,0,0,0,0,0,0,0,0,0,0,1,0,0,1,0,0,0,0,0,0,0,0,0,0,0,0,3,1,4,4,2,2,2,2,2,2,2,2,2,4,4,1,3,2,4,4,2,2,4,4,4,4,0,0,0,0,0,0,0,1,0,1,1,0,0,0,1,24,i,i,i,i,1,1,1,5,0,0,0,0,0,0,1,0,0,0,0,0,0,1,0,0,1,1,1,0,0,0,1,0,0,0,0,1,0,0,0,0,0,0,0,0,0,0,1,0,0,0,0,1,1,0,1,1,1,0,0,0,0,1,2,26,2,24,3,3,8,5,i,i,0,0,0,0,1,0,0,i,i,i,i,i,i,i,i,i,i,i,i,i,i,i,i,i,i,i,i,i,i,i,i,i,i,i,i,i,i,0,0,1,0,0,1,5,1,4,4,0,0,0,0,2,1,2,1,1,1,1,1,1,1,0,0,0,1,6,5,3,1,2,2,1,i,i,2,i,1,i,i,1,a,a,i,a,10,12,11,11,11,30,30,1,1,1,8,i,i,8,i,i,i,i,i,i,i,i,i,i,i,i,i,199,17,1
6291,doi:10.4232/1.12497,1.0.0 (2016-04-22),1,1,278,14000278,14359,14,3,TN,0.891754,1.377675,0.0,1.189387,1.499454,0.0,0.0,2,2,1,2,2,1,1,4,3,2,2,3,3,3,2,3,7,0,0,0,1,0,1,0,0,0,1,0,0,0,0,0,0,0,0,a,a,0,0,0,0,0,0,1,0,1,1,0,0,1,0,0,0,0,0,0,0,0,i,i,0,0,0,2,3,1,1,2,4,2,2,2,2,2,1,1,0,0,0,1,0,1,1,0,1,0,0,i,0,0,0,0,2,2,1,2,2,1,1,1,1,1,1,1,2,2,1,2,1,1,1,2,i,1,1,3,3,1,1,0,0,0,0,0,0,i,i,i,0,0,0,0,0,0,0,1,1,0,0,0,0,0,i,0,0,0,4,4,1,2,2,4,4,4,0,1,1,0,1,0,0,0,0,0,1,0,0,0,0,0,0,1,0,1,0,0,0,0,0,0,0,0,0,0,0,0,2,2,2,2,1,2,2,2,2,2,2,2,2,4,4,2,2,2,2,2,2,1,4,2,4,2,0,0,0,0,1,1,0,0,1,0,0,0,0,0,2,i,i,i,i,i,i,i,i,i,i,i,i,i,i,i,i,i,i,i,i,i,i,i,i,i,i,i,i,i,i,i,i,i,i,i,i,i,0,0,0,0,0,0,0,0,1,0,0,0,0,0,0,1,1,0,0,0,1,0,0,0,0,1,2,41,3,38,3,1,13,7,i,i,0,0,0,0,1,0,0,i,i,i,i,i,i,i,i,i,i,i,i,i,i,i,i,i,i,i,i,i,i,i,i,i,i,i,i,i,i,1,0,0,0,0,1,6,3,3,3,2,2,1,1,1,1,3,1,1,1,1,1,1,1,0,0,0,4,6,5,4,1,2,2,2,i,i,2,i,5,i,i,i,a,a,i,a,10,12,12,52,13,25,32,2,1,1,8,i,i,8,i,i,i,i,i,i,i,i,i,i,i,i,i,198,17,1
6291,doi:10.4232/1.12497,1.0.0 (2016-04-22),1,1,279,14000279,14360,14,3,TN,0.878734,1.377675,0.0,1.189387,1.499454,0.0,0.0,3,2,1,2,2,4,4,4,2,2,2,2,3,2,2,3,7,0,0,1,0,0,0,0,0,0,0,0,0,0,0,0,0,0,0,a,a,0,0,0,0,0,1,0,0,0,1,0,0,0,0,0,0,0,0,0,0,0,i,i,0,0,0,2,2,1,3,1,2,2,2,2,5,3,3,i,0,0,0,0,0,0,0,0,0,0,0,i,0,1,0,0,3,3,2,3,2,1,1,1,1,1,1,2,1,2,1,1,2,1,1,2,i,2,1,3,3,0,1,0,0,0,0,0,0,i,i,i,0,0,0,0,0,0,0,1,0,0,0,0,0,0,i,0,0,0,4,4,2,2,5,4,5,5,0,0,0,1,1,0,0,0,0,0,0,0,0,0,0,0,0,0,0,1,1,0,0,0,0,0,0,0,0,0,0,0,2,5,3,3,2,2,2,2,2,2,2,2,2,3,3,2,3,3,3,3,2,2,4,3,5,4,1,1,0,0,0,0,0,0,1,0,0,0,0,0,2,i,i,i,i,i,i,i,i,i,i,i,i,i,i,i,i,i,i,i,i,i,i,i,i,i,i,i,i,i,i,i,i,i,i,i,i,i,0,1,1,0,0,0,1,0,0,0,0,0,0,0,0,1,1,0,1,0,0,0,1,0,0,2,2,39,2,25,3,4,12,6,i,i,0,0,0,0,1,0,0,i,i,i,i,i,i,i,i,i,i,i,i,i,i,i,i,i,i,i,i,i,i,i,i,i,i,i,i,i,i,1,0,0,0,0,1,5,1,4,4,2,2,0,0,2,1,2,1,1,0,1,1,0,1,0,0,0,2,5,6,4,1,2,2,2,i,i,2,i,5,i,i,i,a,a,i,a,10,12,13,52,14,17,25,1,1,1,8,i,i,8,i,i,i,i,i,i,i,i,i,i,i,i,i,198,17,1
6291,doi:10.4232/1.12497,1.0.0 (2016-04-22),1,1,280,14000280,14361,14,3,TN,0.878734,1.377675,0.0,1.189387,1.499454,0.0,0.0,3,1,1,1,1,2,1,4,3,4,3,3,2,3,2,1,7,0,0,1,1,0,0,0,0,0,0,0,0,0,0,0,0,0,0,a,a,0,0,0,0,0,1,1,0,0,1,0,0,0,0,0,0,0,0,0,0,0,i,i,0,0,0,2,2,4,4,2,3,2,2,2,3,6,1,2,0,0,0,1,0,1,0,0,0,0,0,i,0,0,0,0,3,3,2,2,2,1,2,1,1,1,2,1,2,2,2,1,2,1,2,1,i,2,1,3,3,1,0,0,0,0,0,1,0,i,i,i,0,1,0,0,0,0,0,1,0,0,0,0,0,0,i,0,0,0,4,4,3,2,3,4,4,4,0,1,0,1,1,0,0,1,0,0,1,0,0,0,0,0,0,0,0,0,1,0,0,1,0,0,0,0,0,0,0,0,3,2,3,4,2,2,2,2,2,2,2,2,2,4,4,2,3,2,1,3,1,2,4,3,4,4,1,0,0,0,0,1,0,0,1,0,0,0,0,0,2,i,i,i,i,i,i,i,i,i,i,i,i,i,i,i,i,i,i,i,i,i,i,i,i,i,i,i,i,i,i,i,i,i,i,i,i,i,0,1,0,0,0,0,0,0,0,0,0,0,0,0,0,3,1,0,0,0,1,0,0,0,0,2,2,29,2,21,3,3,1,1,19,i,0,0,0,0,1,0,0,i,i,i,i,i,i,i,i,i,i,i,i,i,i,i,i,i,i,i,i,i,i,i,i,i,i,i,i,i,i,0,0,0,1,0,0,4,1,5,4,0,0,0,0,2,1,2,1,0,0,0,0,0,0,0,0,0,7,i,7,3,2,2,2,2,i,i,2,i,i,i,i,i,a,a,i,a,10,12,15,0,15,39,39,1,2,1,8,i,i,8,i,i,i,i,i,i,i,i,i,i,i,i,i,198,17,1
6291,doi:10.4232/1.12497,1.0.0 (2016-04-22),1,1,281,14000281,14362,14,3,TN,1.029014,1.377675,0.0,1.189387,1.499454,0.0,0.0,3,2,2,2,2,3,3,3,3,2,2,3,3,3,3,1,7,0,0,0,0,0,1,0,0,0,0,0,0,0,0,0,0,0,0,a,a,0,0,0,0,0,0,0,0,1,1,0,0,0,0,0,0,0,0,0,0,0,i,i,0,0,0,2,2,1,1,2,2,2,2,2,2,2,1,2,0,1,0,0,0,1,0,0,0,1,0,i,0,0,0,0,2,2,2,2,2,1,2,2,2,2,2,1,2,2,2,1,2,2,1,2,i,2,1,3,4,1,0,0,0,0,0,0,0,i,i,i,0,0,0,0,0,0,0,1,1,0,0,0,0,1,i,0,0,0,3,3,3,3,3,3,3,3,0,0,0,0,0,0,0,0,0,0,1,1,0,0,0,0,0,0,0,0,0,0,0,0,0,0,1,1,0,0,0,0,2,2,2,3,1,2,3,3,2,2,2,2,2,3,3,3,3,3,3,3,3,3,3,3,3,3,1,0,0,0,0,0,0,0,1,0,1,0,0,0,1,24,i,i,i,i,1,1,1,4,1,0,1,0,0,1,0,0,0,0,0,0,0,1,0,0,0,0,0,0,0,1,0,1,0,0,0,1,0,1,0,0,0,0,0,1,1,0,0,0,0,0,0,3,2,0,1,0,1,0,0,0,0,2,2,27,2,98,8,3,18,8,i,i,0,0,0,0,1,0,0,i,i,i,i,i,i,i,i,i,i,i,i,i,i,i,i,i,i,i,i,i,i,i,i,i,i,i,i,i,i,1,0,0,0,0,1,4,1,5,4,0,0,0,0,2,1,2,1,0,1,0,0,0,0,1,0,0,7,1,1,3,1,1,2,2,i,i,2,i,1,1,i,i,a,a,i,a,10,12,17,0,17,30,30,1,1,1,8,i,i,8,i,i,i,i,i,i,i,i,i,i,i,i,i,178,18,1
6291,doi:10.4232/1.12497,1.0.0 (2016-04-22),1,1,282,14000282,14363,14,3,TN,0.998933,1.377675,0.0,1.189387,1.499454,0.0,0.0,2,2,2,2,2,3,3,3,3,3,3,1,1,1,1,1,7,0,0,0,0,0,1,0,0,0,0,0,0,0,0,0,0,0,0,a,a,0,0,0,0,0,0,0,0,1,1,0,0,0,0,0,0,0,0,0,0,0,i,i,0,0,0,2,2,2,2,3,3,2,2,2,6,6,3,i,0,0,0,0,0,0,0,0,0,0,0,i,0,0,1,0,5,5,5,5,5,1,2,2,2,2,2,2,2,2,2,1,2,2,2,2,i,2,2,4,4,1,0,0,0,0,0,0,0,i,i,i,0,0,0,0,0,0,0,1,1,1,0,0,0,0,i,0,0,0,3,3,3,3,3,3,3,3,0,0,0,0,0,0,0,0,0,0,0,0,0,0,1,0,0,0,0,0,0,0,0,0,0,0,0,1,0,0,0,0,2,2,2,5,2,2,2,2,2,2,2,2,2,3,3,3,3,4,4,4,4,4,4,4,4,4,1,0,0,0,1,0,0,0,1,0,0,0,0,0,2,i,i,i,i,i,i,i,i,i,i,i,i,i,i,i,i,i,i,i,i,i,i,i,i,i,i,i,i,i,i,i,i,i,i,i,i,i,0,1,0,0,0,0,0,1,0,0,0,0,0,0,0,3,2,0,1,0,0,0,0,0,0,2,2,65,4,1,6,1,1,1,19,i,0,0,0,0,1,0,0,i,i,i,i,i,i,i,i,i,i,i,i,i,i,i,i,i,i,i,i,i,i,i,i,i,i,i,i,i,i,0,0,0,1,0,0,5,2,3,3,0,0,0,0,1,2,1,1,0,0,0,0,0,0,1,0,0,7,i,6,3,2,2,2,2,i,i,2,i,i,i,i,i,a,a,i,a,10,12,19,15,19,40,25,1,1,1,8,i,i,8,i,i,i,i,i,i,i,i,i,i,i,i,i,178,18,1
6291,doi:10.4232/1.12497,1.0.0 (2016-04-22),1,1,283,14000283,14364,14,3,TN,1.036889,1.377675,0.0,1.189387,1.499454,0.0,0.0,2,2,1,3,2,2,2,4,3,2,2,2,3,2,1,1,3,0,0,0,0,0,1,1,0,0,0,0,0,0,0,0,0,0,0,a,a,0,0,0,0,0,1,0,0,1,1,0,0,0,0,0,0,0,0,0,0,0,i,i,0,0,0,2,3,1,1,1,4,2,2,2,2,2,2,i,0,0,0,0,0,1,0,1,1,0,0,i,0,0,0,0,2,2,2,3,3,1,2,1,2,2,2,2,2,2,1,1,2,1,2,1,i,1,1,2,3,1,0,0,0,0,0,0,0,i,i,i,1,0,1,0,0,0,0,1,0,0,0,0,0,0,i,0,0,0,4,4,2,2,3,4,4,4,0,0,0,1,1,0,0,1,0,0,0,0,1,0,0,0,0,0,0,0,1,0,0,0,0,0,0,0,1,0,0,0,2,2,4,3,2,2,2,2,2,2,2,2,2,3,3,2,2,2,2,3,2,2,4,3,4,4,0,0,0,1,0,0,0,0,1,0,1,0,0,0,2,i,i,i,i,i,i,i,i,i,i,i,i,i,i,i,i,i,i,i,i,i,i,i,i,i,i,i,i,i,i,i,i,i,i,i,i,i,1,0,0,0,0,0,0,0,0,0,1,0,0,0,0,3,1,0,0,0,0,0,1,0,0,2,1,26,2,98,8,3,3,3,19,i,0,0,0,0,1,0,0,i,i,i,i,i,i,i,i,i,i,i,i,i,i,i,i,i,i,i,i,i,i,i,i,i,i,i,i,i,i,0,0,0,1,0,0,7,3,7,4,0,0,1,1,2,1,2,1,0,0,1,1,0,1,0,0,0,1,i,1,3,1,2,2,2,i,i,2,i,1,i,i,i,a,a,i,a,12,12,16,30,17,2,32,1,1,1,8,i,i,8,i,i,i,i,i,i,i,i,i,i,i,i,i,189,17,1
6291,doi:10.4232/1.12497,1.0.0 (2016-04-22),1,1,284,14000284,14365,14,3,TN,0.998933,1.377675,0.0,1.189387,1.499454,0.0,0.0,3,2,2,2,2,2,2,3,3,3,3,3,3,3,3,3,3,0,0,0,0,0,1,1,1,0,0,0,0,0,0,0,0,0,0,a,a,0,0,0,0,0,1,0,0,1,1,1,0,0,0,0,0,0,0,0,0,0,i,i,0,0,0,2,2,2,2,2,2,2,2,2,2,2,1,2,1,1,0,0,0,1,0,0,0,1,0,i,0,0,0,0,3,3,3,3,3,1,2,2,2,2,2,2,2,2,2,2,2,2,2,2,i,2,2,3,3,1,0,0,0,0,0,0,0,i,i,i,0,0,0,0,0,0,0,1,0,0,0,0,0,0,i,0,0,0,3,3,3,3,3,3,3,3,0,0,0,0,1,1,0,0,0,0,1,1,0,0,0,0,0,0,0,0,0,0,0,0,0,0,1,1,0,0,0,0,4,4,4,4,2,2,2,2,2,2,2,2,2,4,4,2,2,2,2,2,2,2,2,2,2,2,1,1,0,0,0,0,0,0,1,0,0,0,0,0,2,i,i,i,i,i,i,i,i,i,i,i,i,i,i,i,i,i,i,i,i,i,i,i,i,i,i,i,i,i,i,i,i,i,i,i,i,i,0,1,0,0,0,0,0,1,1,0,0,0,0,0,0,2,2,0,1,1,1,0,0,0,0,2,2,66,4,0,5,1,1,1,19,i,0,0,0,0,1,0,0,i,i,i,i,i,i,i,i,i,i,i,i,i,i,i,i,i,i,i,i,i,i,i,i,i,i,i,i,i,i,0,0,0,1,0,0,5,2,3,3,0,0,0,0,1,1,3,1,0,0,1,0,0,1,0,0,0,6,i,6,3,2,2,2,2,i,i,2,i,i,i,i,i,a,a,i,a,14,12,11,0,12,0,59,1,1,1,8,i,i,8,i,i,i,i,i,i,i,i,i,i,i,i,i,182,18,1
6291,doi:10.4232/1.12497,1.0.0 (2016-04-22),1,1,285,14000285,14366,14,3,TN,1.052939,1.377675,0.0,1.189387,1.499454,0.0,0.0,3,3,4,4,4,2,2,4,2,3,3,2,2,2,2,2,23,i,i,i,i,i,i,i,i,i,i,i,i,i,i,i,i,i,i,a,a,i,i,i,0,0,0,0,0,0,0,0,0,0,0,0,0,0,0,0,0,0,i,i,0,0,1,2,2,2,2,2,1,2,2,2,3,2,2,i,0,1,0,0,0,0,0,1,0,1,0,i,0,0,0,0,3,2,4,2,2,2,2,2,2,1,2,2,2,2,2,1,2,1,2,2,i,1,2,2,2,1,1,0,0,0,0,0,0,i,i,i,0,0,0,0,0,0,0,1,0,0,0,0,0,0,i,0,0,0,3,2,3,3,2,4,3,2,0,1,0,0,1,0,0,0,0,0,0,0,0,0,0,0,0,0,0,0,1,0,0,0,0,0,0,0,0,0,0,0,3,3,3,3,2,2,2,2,2,2,2,2,2,3,3,2,2,2,2,2,2,2,2,2,2,2,0,0,1,0,0,0,1,0,1,0,0,0,0,0,2,i,i,i,i,i,i,i,i,i,i,i,i,i,i,i,i,i,i,i,i,i,i,i,i,i,i,i,i,i,i,i,i,i,i,i,i,i,0,1,0,1,0,0,1,0,0,0,0,0,0,0,0,3,2,0,0,0,1,0,0,0,0,2,2,54,3,1,6,1,1,1,19,i,0,0,0,0,1,0,0,i,i,i,i,i,i,i,i,i,i,i,i,i,i,i,i,i,i,i,i,i,i,i,i,i,i,i,i,i,i,0,0,0,1,0,0,6,3,2,2,0,0,0,0,1,2,1,1,1,1,0,0,0,1,0,0,0,7,i,7,3,2,2,2,2,i,i,2,i,i,i,i,i,a,a,i,a,11,12,12,15,12,50,35,1,3,1,8,i,i,8,i,i,i,i,i,i,i,i,i,i,i,i,i,180,17,1
6291,doi:10.4232/1.12497,1.0.0 (2016-04-22),1,1,286,14000286,14367,14,3,TN,1.001621,1.377675,0.0,1.189387,1.499454,0.0,0.0,2,1,1,2,1,2,1,4,3,3,2,2,1,1,2,1,3,0,1,0,0,0,0,0,1,0,0,0,0,0,0,0,0,0,0,a,a,0,0,0,0,1,1,0,0,0,0,1,0,0,0,0,0,0,0,0,0,0,i,i,0,0,0,2,2,2,2,1,1,2,1,2,5,3,2,i,0,0,0,1,0,0,0,0,0,0,0,i,0,0,0,0,2,2,2,3,3,1,1,1,1,2,2,2,2,1,1,1,1,1,2,2,i,2,2,3,2,0,0,0,0,0,0,0,0,i,i,i,0,0,1,0,0,0,0,1,0,0,0,0,0,0,i,0,0,0,2,4,1,3,4,1,2,2,0,0,0,0,1,0,0,0,0,0,1,1,1,0,0,0,0,0,0,0,0,0,0,0,0,0,1,1,0,0,0,0,3,3,3,3,2,2,2,2,1,1,1,1,2,2,2,3,2,2,2,3,2,1,3,3,3,3,1,0,0,0,1,0,0,0,1,0,0,0,0,0,1,48,i,i,i,i,1,1,1,2,0,0,0,0,0,0,0,0,0,0,1,0,0,0,0,0,0,0,0,0,0,0,0,0,1,0,0,2,0,1,0,0,0,0,0,0,0,0,0,1,0,0,0,2,1,0,1,1,0,0,0,0,0,2,1,20,1,12,1,3,8,5,i,i,0,0,0,0,1,0,0,i,i,i,i,i,i,i,i,i,i,i,i,i,i,i,i,i,i,i,i,i,i,i,i,i,i,i,i,i,i,0,0,1,0,0,1,10,3,2,2,2,2,2,2,1,1,3,1,1,1,1,1,1,1,0,0,0,1,1,6,3,1,1,2,1,i,i,2,i,5,5,i,2,a,a,i,a,11,12,9,52,10,28,36,1,1,1,8,i,i,8,i,i,i,i,i,i,i,i,i,i,i,i,i,180,17,1
6291,doi:10.4232/1.12497,1.0.0 (2016-04-22),1,1,287,14000287,14368,14,3,TN,0.846015,1.377675,0.0,1.189387,1.499454,0.0,0.0,1,1,1,1,1,4,3,4,4,2,1,3,3,1,2,3,3,0,0,0,0,0,0,1,0,0,0,0,0,0,0,0,0,0,0,a,a,0,0,0,0,0,1,0,0,0,1,0,0,0,0,0,0,0,0,0,0,0,i,i,0,0,0,2,2,1,2,1,2,2,1,1,3,3,2,i,0,0,0,0,0,0,0,0,1,0,1,i,0,0,0,0,2,3,2,3,4,1,2,2,2,1,2,2,2,2,2,2,2,2,2,2,i,2,1,2,2,1,1,1,0,0,0,0,0,i,i,i,0,0,0,0,0,0,0,1,0,0,0,0,0,0,i,0,0,0,4,4,3,3,3,4,4,4,1,0,0,1,1,0,0,0,1,0,0,0,1,0,0,0,0,0,0,0,1,0,0,0,0,0,0,0,1,0,0,0,3,2,2,4,2,2,2,2,2,2,2,2,2,3,3,2,2,3,2,2,2,1,2,4,4,4,0,0,1,0,0,1,0,0,1,0,0,0,0,0,2,i,i,i,i,i,i,i,i,i,i,i,i,i,i,i,i,i,i,i,i,i,i,i,i,i,i,i,i,i,i,i,i,i,i,i,i,i,0,1,0,0,0,0,1,0,0,1,0,0,0,0,0,3,2,0,0,0,1,0,0,0,0,2,2,65,4,24,3,1,4,4,12,2,0,0,0,0,1,0,0,i,i,i,i,i,i,i,i,i,i,i,i,i,i,i,i,i,i,i,i,i,i,i,i,i,i,i,i,i,i,0,0,0,1,0,0,8,3,2,2,0,0,0,0,2,1,2,1,1,1,1,1,0,1,0,0,0,1,i,7,3,2,2,2,2,i,i,2,i,i,i,i,i,a,a,i,a,11,12,11,40,12,10,30,1,3,1,8,i,i,8,i,i,i,i,i,i,i,i,i,i,i,i,i,180,17,1
6291,doi:10.4232/1.12497,1.0.0 (2016-04-22),1,1,288,14000288,14369,14,3,TN,0.998201,1.377675,0.0,1.189387,1.499454,0.0,0.0,3,2,1,2,2,2,2,4,4,4,3,3,1,3,2,1,6,0,0,1,0,0,0,1,0,0,0,0,0,0,0,0,0,0,0,a,a,0,0,0,0,0,1,0,0,1,1,0,0,0,0,0,0,0,0,0,0,0,i,i,0,0,0,2,2,2,2,1,2,2,1,2,3,2,2,i,1,0,0,0,0,0,0,0,1,1,0,i,0,0,0,0,2,2,2,2,4,1,1,1,2,2,2,1,2,2,2,2,2,1,1,2,i,1,1,2,2,1,1,1,0,0,0,0,0,i,i,i,0,0,0,0,0,0,0,1,0,0,0,0,0,0,i,0,0,0,4,4,2,2,3,4,4,4,1,0,0,1,1,0,0,1,0,0,0,0,0,0,0,0,0,0,0,0,1,0,0,1,0,0,0,0,0,0,0,0,3,3,3,3,2,2,2,2,2,2,2,2,2,3,3,2,2,2,2,2,2,2,4,3,4,4,1,0,0,0,1,0,0,0,1,0,0,0,0,0,2,i,i,i,i,i,i,i,i,i,i,i,i,i,i,i,i,i,i,i,i,i,i,i,i,i,i,i,i,i,i,i,i,i,i,i,i,i,0,1,0,0,0,0,0,0,1,0,0,0,0,0,0,3,1,0,0,0,1,0,0,0,0,1,1,22,1,19,2,3,3,3,19,i,0,0,0,0,1,0,0,i,i,i,i,i,i,i,i,i,i,i,i,i,i,i,i,i,i,i,i,i,i,i,i,i,i,i,i,i,i,0,0,0,1,0,0,6,3,3,3,0,0,0,0,2,1,2,1,0,0,1,1,0,1,0,0,0,1,i,7,3,1,2,2,1,i,i,2,i,1,i,i,3,a,a,i,a,11,12,14,45,15,15,30,1,1,1,8,i,i,8,i,i,i,i,i,i,i,i,i,i,i,i,i,180,17,1
6291,doi:10.4232/1.12497,1.0.0 (2016-04-22),1,1,289,14000289,14370,14,3,TN,1.099145,1.377675,0.0,1.189387,1.499454,0.0,0.0,1,1,1,3,2,1,1,4,2,2,2,3,1,3,2,3,3,0,0,0,0,0,1,1,0,0,0,0,0,0,0,0,0,0,0,a,a,0,0,0,0,0,1,0,0,1,1,0,0,0,0,0,0,0,0,0,0,0,i,i,0,0,0,2,2,2,2,1,3,2,2,1,1,2,2,i,0,0,0,0,0,1,0,0,1,0,0,i,0,0,0,0,3,2,2,3,2,2,1,1,2,2,1,2,1,1,1,2,1,1,2,1,i,2,1,2,2,1,1,1,0,0,0,0,0,i,i,i,0,0,0,0,0,0,0,1,0,0,0,0,0,0,i,0,0,0,4,4,2,2,3,4,4,4,1,0,0,0,1,0,0,0,0,0,0,1,0,0,0,0,0,0,0,0,1,0,0,0,0,0,0,1,0,0,0,0,2,2,2,2,2,2,2,2,2,2,2,2,1,3,3,2,2,1,1,3,2,1,3,3,3,2,1,0,0,0,1,0,0,0,1,0,0,0,0,0,1,41,i,i,i,i,1,1,1,2,0,0,0,0,0,1,0,0,0,0,0,0,0,1,0,0,1,0,0,0,0,0,0,0,0,0,0,2,0,0,0,0,0,0,0,0,1,0,0,1,0,0,0,3,1,0,0,0,1,0,0,0,0,2,2,21,1,14,1,3,2,2,19,i,0,0,0,0,1,0,0,i,i,i,i,i,i,i,i,i,i,i,i,i,i,i,i,i,i,i,i,i,i,i,i,i,i,i,i,i,i,1,0,0,0,0,1,7,3,2,2,0,0,0,0,2,1,2,1,1,1,1,1,0,0,0,0,0,1,i,1,3,1,2,2,1,i,i,2,i,1,i,i,1,a,a,i,a,11,12,16,0,16,30,30,1,1,1,8,i,i,8,i,i,i,i,i,i,i,i,i,i,i,i,i,180,17,1
6291,doi:10.4232/1.12497,1.0.0 (2016-04-22),1,1,290,14000290,14371,14,3,TN,1.102911,1.377675,0.0,1.189387,1.499454,0.0,0.0,2,3,3,3,4,4,4,4,4,3,3,3,3,3,3,3,7,1,0,0,0,0,1,0,1,0,0,0,0,0,0,0,0,0,0,a,a,0,0,0,1,0,0,0,0,1,1,1,0,0,0,0,0,0,0,0,0,0,i,i,0,0,0,2,2,2,2,2,2,2,2,2,2,2,1,2,0,0,0,1,0,0,0,0,0,0,0,i,0,0,0,0,2,2,3,3,3,1,1,2,2,2,1,1,1,1,1,1,1,2,2,2,i,1,1,3,3,1,1,1,0,0,0,0,0,i,i,i,0,0,0,0,0,0,0,1,1,0,1,0,0,0,i,0,0,0,2,2,1,2,3,3,3,3,1,1,0,0,0,0,1,0,0,0,0,0,0,0,0,0,0,0,0,0,0,0,0,0,0,0,0,1,0,0,0,0,3,3,3,3,2,2,2,2,2,2,2,2,2,3,3,3,4,3,3,3,3,3,3,4,4,4,1,1,0,0,0,1,0,0,0,0,0,0,0,0,2,i,i,i,i,i,i,i,i,i,i,i,i,i,i,i,i,i,i,i,i,i,i,i,i,i,i,i,i,i,i,i,i,i,i,i,i,i,0,0,0,0,0,0,0,0,1,1,0,0,0,0,0,3,2,0,1,0,1,0,0,0,0,2,2,17,1,12,1,3,1,1,19,i,0,0,0,0,1,0,0,i,i,i,i,i,i,i,i,i,i,i,i,i,i,i,i,i,i,i,i,i,i,i,i,i,i,i,i,i,i,0,0,1,0,0,1,5,1,4,4,0,0,0,0,1,1,3,1,0,0,1,1,1,0,0,0,0,1,i,2,3,1,2,2,2,i,i,2,i,1,i,i,i,a,a,i,a,15,12,15,5,15,39,34,1,1,1,8,i,i,8,i,i,i,i,i,i,i,i,i,i,i,i,i,197,16,1
6291,doi:10.4232/1.12497,1.0.0 (2016-04-22),1,1,291,14000291,14372,14,3,TN,1.03254,1.377675,0.0,1.189387,1.499454,0.0,0.0,2,3,3,3,4,4,4,3,3,3,3,3,3,3,3,3,7,1,0,0,1,1,1,0,1,0,0,0,0,0,0,0,0,0,0,a,a,0,0,0,1,0,0,1,1,1,1,1,0,0,0,0,0,0,0,0,0,0,i,i,0,0,0,2,2,2,2,2,2,2,2,2,2,2,1,2,1,1,0,1,0,0,0,0,0,0,0,i,0,0,0,0,2,2,3,3,3,1,1,2,2,1,1,1,1,1,2,1,1,2,1,2,i,1,1,3,3,1,0,0,0,0,0,0,0,i,i,i,0,0,0,0,0,0,0,1,1,1,0,0,0,0,i,0,0,0,2,2,2,1,2,3,3,3,1,1,0,0,0,0,1,0,0,0,0,0,0,0,0,0,0,0,1,0,0,0,1,0,0,0,0,0,0,0,0,0,3,3,3,3,2,2,2,2,2,2,2,2,2,3,3,3,3,3,3,4,4,3,4,3,3,3,1,1,0,0,0,0,1,0,0,0,0,0,0,0,2,i,i,i,i,i,i,i,i,i,i,i,i,i,i,i,i,i,i,i,i,i,i,i,i,i,i,i,i,i,i,i,i,i,i,i,i,i,0,0,0,0,0,0,0,0,1,1,0,1,0,0,0,3,1,0,1,0,1,0,0,0,0,2,2,38,2,10,1,1,3,3,19,i,0,0,0,0,1,0,0,i,i,i,i,i,i,i,i,i,i,i,i,i,i,i,i,i,i,i,i,i,i,i,i,i,i,i,i,i,i,0,0,0,1,0,0,3,1,3,3,0,0,0,0,2,2,4,1,0,0,0,0,0,1,0,0,0,6,i,6,2,2,2,2,2,i,i,2,i,i,i,i,i,a,a,i,a,15,12,13,15,13,45,30,1,2,1,8,i,i,8,i,i,i,i,i,i,i,i,i,i,i,i,i,197,16,1
6291,doi:10.4232/1.12497,1.0.0 (2016-04-22),1,1,292,14000292,14373,14,3,TN,0.994495,1.377675,0.0,1.189387,1.499454,0.0,0.0,3,1,1,1,1,1,1,3,3,3,3,1,1,1,1,1,3,0,0,0,1,0,1,1,0,0,0,0,0,0,0,0,0,0,0,a,a,0,0,0,0,0,1,1,0,1,1,0,0,0,0,0,0,0,0,0,0,0,i,i,0,0,0,2,2,1,1,2,2,2,2,2,2,2,1,2,0,1,0,0,0,1,0,0,0,1,0,i,0,0,0,0,2,2,2,2,2,1,2,2,2,2,2,2,2,2,2,1,1,1,2,2,i,2,2,2,2,1,0,0,0,0,0,0,0,i,i,i,0,0,0,0,0,0,0,1,0,0,0,0,0,0,i,0,0,0,3,4,3,3,3,3,3,3,0,0,0,0,1,0,0,0,0,0,1,1,0,0,0,0,0,0,0,0,0,0,0,0,0,0,1,1,0,0,0,0,2,2,2,3,1,2,2,2,2,2,2,2,2,4,4,2,2,3,3,3,3,3,3,3,3,3,1,1,0,0,0,0,0,0,1,0,0,0,0,0,2,i,i,i,i,i,i,i,i,i,i,i,i,i,i,i,i,i,i,i,i,i,i,i,i,i,i,i,i,i,i,i,i,i,i,i,i,i,0,0,0,0,0,0,0,1,1,1,0,0,0,0,0,1,2,1,1,0,1,0,0,0,0,2,1,54,3,98,8,1,8,5,i,i,0,0,0,0,1,0,0,i,i,i,i,i,i,i,i,i,i,i,i,i,i,i,i,i,i,i,i,i,i,i,i,i,i,i,i,i,i,0,0,0,1,0,0,5,2,5,4,0,0,0,0,2,1,2,1,0,0,1,0,0,1,0,0,0,6,6,6,3,2,2,2,2,i,i,2,i,i,i,i,i,a,a,i,a,14,12,18,45,19,30,48,1,1,1,8,i,i,8,i,i,i,i,i,i,i,i,i,i,i,i,i,182,18,1
6291,doi:10.4232/1.12497,1.0.0 (2016-04-22),1,1,293,14000293,14374,14,3,TN,0.994495,1.377675,0.0,1.189387,1.499454,0.0,0.0,3,1,1,1,1,2,1,3,3,3,3,3,3,3,3,3,4,0,0,1,0,0,1,0,1,0,0,0,0,0,0,0,0,0,0,a,a,0,0,0,0,0,1,1,0,1,0,1,0,0,0,0,0,0,0,0,0,0,i,i,0,0,0,2,2,4,4,2,2,2,2,2,2,2,1,2,0,1,0,0,0,1,0,0,0,1,0,i,0,0,0,0,2,2,2,2,2,1,2,2,2,2,2,2,2,2,2,1,1,1,2,2,i,2,2,3,3,1,0,0,0,0,0,0,0,i,i,i,0,0,0,0,0,0,0,1,0,0,0,0,0,0,i,0,0,0,4,4,3,3,3,3,3,3,0,0,0,0,1,0,0,0,0,0,1,1,0,0,0,0,0,0,0,0,1,0,0,0,0,0,0,1,0,0,0,0,3,3,3,3,1,2,2,2,2,2,2,2,2,4,4,3,3,3,3,3,3,3,3,3,3,3,1,1,0,0,1,0,0,0,0,0,0,0,0,0,2,i,i,i,i,i,i,i,i,i,i,i,i,i,i,i,i,i,i,i,i,i,i,i,i,i,i,i,i,i,i,i,i,i,i,i,i,i,0,0,0,0,0,0,0,0,1,1,1,0,0,0,0,3,2,0,1,0,1,0,1,0,0,2,1,42,3,98,8,1,16,8,i,i,0,0,0,0,1,0,0,i,i,i,i,i,i,i,i,i,i,i,i,i,i,i,i,i,i,i,i,i,i,i,i,i,i,i,i,i,i,0,0,0,1,0,0,5,2,4,4,0,0,1,1,2,1,2,1,1,0,0,0,0,1,0,0,0,6,7,6,3,2,2,2,2,i,i,2,i,i,i,i,i,a,a,i,a,14,12,20,0,20,45,45,1,1,1,8,i,i,8,i,i,i,i,i,i,i,i,i,i,i,i,i,182,18,1
6291,doi:10.4232/1.12497,1.0.0 (2016-04-22),1,1,294,14000294,14375,14,3,TN,1.006496,1.377675,0.0,1.189387,1.499454,0.0,0.0,2,3,2,2,3,2,2,3,2,2,2,2,3,1,1,1,7,1,0,0,0,0,1,0,1,0,0,0,0,0,0,0,0,0,0,a,a,0,0,0,1,0,0,0,0,1,1,1,0,0,0,0,0,0,0,0,0,0,i,i,0,0,0,2,2,1,1,1,3,2,2,2,2,2,1,2,1,0,0,1,0,1,0,0,1,1,0,i,0,0,0,0,2,2,3,3,2,1,2,2,2,2,2,2,2,2,2,1,1,1,2,1,i,2,1,3,3,0,1,0,0,0,0,0,1,i,i,i,0,0,1,0,0,0,0,0,1,0,0,0,0,0,i,0,0,0,2,3,2,3,3,3,2,2,1,1,0,0,1,0,0,0,0,0,1,0,0,0,0,0,1,0,0,0,0,0,0,0,0,0,1,0,0,0,0,0,3,2,3,3,1,2,2,2,2,2,1,1,2,3,2,3,3,3,4,2,2,2,3,2,2,2,0,1,0,0,0,0,0,0,1,0,1,0,0,0,2,i,i,i,i,i,i,i,i,i,i,i,i,i,i,i,i,i,i,i,i,i,i,i,i,i,i,i,i,i,i,i,i,i,i,i,i,i,1,1,0,0,0,0,0,0,0,0,0,0,0,0,0,1,1,0,1,0,1,0,0,0,0,1,1,20,1,1,6,3,3,3,19,i,0,0,0,0,1,0,0,i,i,i,i,i,i,i,i,i,i,i,i,i,i,i,i,i,i,i,i,i,i,i,i,i,i,i,i,i,i,1,0,0,0,0,1,6,2,3,3,0,0,0,0,1,1,3,1,0,0,0,0,0,1,0,0,0,7,i,2,3,1,2,2,2,i,i,2,i,1,i,i,i,a,a,i,a,16,12,12,40,13,15,35,1,1,1,8,i,i,8,i,i,i,i,i,i,i,i,i,i,i,i,i,181,15,1
6291,doi:10.4232/1.12497,1.0.0 (2016-04-22),1,1,295,14000295,14376,14,3,TN,1.006496,1.377675,0.0,1.189387,1.499454,0.0,0.0,2,3,2,2,3,2,2,3,3,3,2,2,1,1,2,1,6,0,0,1,0,0,0,1,1,0,0,0,0,0,0,0,0,0,0,a,a,0,0,0,0,0,1,0,0,1,1,1,0,0,0,0,0,0,0,0,0,0,i,i,0,0,0,2,2,1,1,1,3,2,2,2,1,2,1,2,0,1,0,1,0,1,0,0,1,0,0,i,0,0,0,0,2,2,3,3,2,1,2,2,2,1,1,1,2,2,2,1,1,1,2,1,i,2,2,3,3,0,1,0,0,0,0,0,1,i,i,i,0,0,1,0,0,0,0,0,1,0,0,0,0,0,i,0,0,0,2,3,2,2,3,3,2,2,1,1,0,0,1,0,0,0,0,0,1,0,0,0,0,0,1,1,0,0,0,0,0,0,0,0,0,0,0,0,0,0,3,2,2,4,1,2,2,2,2,2,1,1,2,3,2,3,3,3,4,2,2,2,3,3,3,4,0,1,0,0,0,0,0,1,0,0,1,0,0,0,2,i,i,i,i,i,i,i,i,i,i,i,i,i,i,i,i,i,i,i,i,i,i,i,i,i,i,i,i,i,i,i,i,i,i,i,i,i,0,1,0,0,0,0,0,1,0,0,0,0,0,0,0,1,1,0,1,0,1,0,0,0,0,1,1,18,1,1,6,3,18,8,i,i,0,0,0,0,1,0,0,i,i,i,i,i,i,i,i,i,i,i,i,i,i,i,i,i,i,i,i,i,i,i,i,i,i,i,i,i,i,1,0,0,0,0,1,6,2,5,4,0,0,0,0,1,1,3,1,0,0,0,0,0,1,0,0,0,7,5,5,3,1,2,2,2,i,i,2,i,2,i,i,i,a,a,i,a,15,12,12,5,12,36,31,1,1,1,8,i,i,8,i,i,i,i,i,i,i,i,i,i,i,i,i,181,15,1
6291,doi:10.4232/1.12497,1.0.0 (2016-04-22),1,1,296,14000296,14377,14,3,TN,1.036889,1.377675,0.0,1.189387,1.499454,0.0,0.0,2,1,1,1,1,2,1,3,3,3,3,3,3,3,3,3,7,0,0,0,1,0,1,0,0,0,0,0,1,0,0,0,0,0,0,a,a,0,0,0,0,0,0,1,0,1,1,0,0,0,0,1,0,0,0,0,0,0,i,i,0,0,0,2,2,1,1,2,2,2,2,2,2,2,1,2,0,1,0,0,0,1,0,0,0,1,0,i,0,0,0,0,3,3,3,3,3,1,2,2,2,2,2,2,2,2,2,2,2,2,2,2,i,2,2,4,4,1,0,0,0,0,0,0,0,i,i,i,0,0,0,0,0,0,0,1,0,0,0,0,0,0,i,0,0,0,3,3,3,3,3,3,3,3,0,0,0,0,1,0,0,0,0,0,1,1,0,0,0,0,0,0,0,0,0,0,0,0,0,0,1,1,0,0,0,0,2,2,2,2,2,2,2,2,2,2,2,2,2,3,3,2,2,3,3,3,2,2,3,3,3,3,1,1,0,0,1,0,0,0,0,0,0,0,0,0,2,i,i,i,i,i,i,i,i,i,i,i,i,i,i,i,i,i,i,i,i,i,i,i,i,i,i,i,i,i,i,i,i,i,i,i,i,i,0,1,0,0,0,0,0,1,1,0,0,0,0,0,0,3,2,1,1,0,1,0,0,0,0,2,1,31,2,98,8,3,14,7,i,i,0,0,0,0,1,0,0,i,i,i,i,i,i,i,i,i,i,i,i,i,i,i,i,i,i,i,i,i,i,i,i,i,i,i,i,i,i,0,0,0,1,0,0,4,2,3,3,0,0,0,0,1,1,3,1,1,0,1,1,0,1,0,0,0,1,1,1,3,1,2,2,2,i,i,2,i,1,i,i,i,a,a,i,a,14,12,8,0,8,35,35,1,1,1,8,i,i,8,i,i,i,i,i,i,i,i,i,i,i,i,i,182,18,1
6291,doi:10.4232/1.12497,1.0.0 (2016-04-22),1,1,297,14000297,14378,14,3,TN,1.102911,1.377675,0.0,1.189387,1.499454,0.0,0.0,4,2,2,2,2,4,4,3,3,3,3,3,3,3,3,3,4,0,0,1,0,0,1,1,0,0,0,0,0,0,0,0,0,0,0,a,a,0,0,0,0,0,1,1,0,1,1,0,0,0,0,0,0,0,0,0,0,0,i,i,0,0,0,2,2,2,2,2,2,2,2,2,2,2,1,2,0,1,0,0,0,0,0,0,0,0,0,i,0,0,0,0,4,4,4,4,4,1,2,2,2,2,2,2,2,2,2,1,1,1,2,2,i,2,2,3,3,1,0,0,0,0,0,0,0,i,i,i,0,0,0,0,0,0,0,1,0,0,0,0,0,0,i,0,0,0,3,3,3,3,3,3,3,3,0,0,0,0,1,0,0,0,0,0,1,1,0,0,0,0,0,0,0,0,1,1,0,0,0,0,0,0,0,0,0,0,3,3,3,5,2,2,2,2,2,2,2,2,2,4,4,2,2,2,2,2,2,2,2,2,2,2,0,1,0,0,0,0,0,0,1,0,1,0,0,0,2,i,i,i,i,i,i,i,i,i,i,i,i,i,i,i,i,i,i,i,i,i,i,i,i,i,i,i,i,i,i,i,i,i,i,i,i,i,0,1,0,0,0,0,0,1,1,0,0,0,0,0,0,3,2,0,0,1,1,0,1,0,0,2,2,24,1,98,8,1,17,8,i,i,0,0,0,0,1,0,0,i,i,i,i,i,i,i,i,i,i,i,i,i,i,i,i,i,i,i,i,i,i,i,i,i,i,i,i,i,i,0,0,0,1,0,0,4,2,2,2,0,0,0,0,2,1,2,1,0,0,0,0,0,0,1,0,0,7,6,6,3,2,2,2,2,i,i,2,i,i,i,i,i,a,a,i,a,14,12,10,0,10,31,31,1,1,1,8,i,i,8,i,i,i,i,i,i,i,i,i,i,i,i,i,182,18,1
6291,doi:10.4232/1.12497,1.0.0 (2016-04-22),1,1,298,14000298,14379,14,3,TN,1.102911,1.377675,0.0,1.189387,1.499454,0.0,0.0,3,2,2,2,2,2,2,3,3,3,3,3,3,3,3,3,4,0,0,1,0,0,0,1,1,0,0,0,0,0,0,0,0,0,0,a,a,0,0,0,0,0,1,1,0,0,1,1,0,0,0,0,0,0,0,0,0,0,i,i,0,0,0,2,2,2,2,2,2,2,2,2,3,2,1,2,0,1,0,0,0,0,0,1,0,1,0,i,0,0,0,0,2,2,2,2,2,1,2,2,2,2,2,2,2,2,2,1,2,1,2,1,i,2,2,3,3,1,0,0,0,0,0,0,0,i,i,i,0,0,0,0,0,0,0,1,0,0,0,0,0,0,i,0,0,0,4,4,3,3,3,3,3,3,0,0,0,0,1,1,1,0,0,0,1,1,0,0,0,0,0,0,0,0,0,0,0,0,0,0,1,1,0,0,0,0,3,3,3,3,2,2,2,2,2,2,2,2,2,4,4,2,2,2,2,2,2,2,2,2,2,2,1,1,0,0,1,0,0,0,0,0,0,0,0,0,2,i,i,i,i,i,i,i,i,i,i,i,i,i,i,i,i,i,i,i,i,i,i,i,i,i,i,i,i,i,i,i,i,i,i,i,i,i,0,1,0,0,0,0,0,1,1,0,0,0,0,0,0,3,2,1,1,0,0,0,1,0,0,2,2,24,1,98,8,3,18,8,i,i,0,0,0,0,1,0,0,i,i,i,i,i,i,i,i,i,i,i,i,i,i,i,i,i,i,i,i,i,i,i,i,i,i,i,i,i,i,0,0,0,1,0,0,3,2,4,4,0,0,0,0,1,1,3,1,0,0,0,1,0,1,0,0,0,1,5,5,3,1,2,2,2,i,i,2,i,1,i,i,i,a,a,i,a,14,12,8,45,9,45,59,1,1,1,8,i,i,8,i,i,i,i,i,i,i,i,i,i,i,i,i,182,18,1
6291,doi:10.4232/1.12497,1.0.0 (2016-04-22),1,1,299,14000299,14380,14,3,TN,1.108279,1.377675,0.0,1.189387,1.499454,0.0,0.0,2,2,2,2,2,2,2,3,2,2,2,2,1,1,2,1,6,1,0,0,0,0,0,1,1,0,0,0,0,0,0,0,0,0,0,a,a,0,0,0,1,0,0,0,0,1,1,1,0,0,0,0,0,0,0,0,0,0,i,i,0,0,0,2,1,1,1,1,4,2,2,2,1,2,1,2,0,1,0,1,0,1,0,0,1,1,0,i,0,0,0,0,2,2,3,2,2,1,2,2,2,1,1,1,2,2,2,1,1,1,2,1,i,2,2,3,3,0,1,0,0,0,0,0,1,i,i,i,0,0,1,0,0,0,0,0,1,0,0,0,0,0,i,0,0,0,2,3,2,4,2,3,2,2,1,1,0,0,1,0,1,0,0,0,1,0,0,0,0,0,1,0,0,0,0,0,1,0,0,0,0,0,0,0,0,0,3,2,3,4,1,1,2,2,2,2,1,1,2,2,2,2,2,3,3,2,2,2,3,4,4,4,0,1,0,0,0,0,0,1,0,0,1,0,0,0,2,i,i,i,i,i,i,i,i,i,i,i,i,i,i,i,i,i,i,i,i,i,i,i,i,i,i,i,i,i,i,i,i,i,i,i,i,i,0,1,0,0,0,0,0,1,0,0,0,0,0,0,0,1,1,0,1,0,1,0,0,0,0,1,2,22,1,1,6,3,18,8,i,i,0,0,0,0,1,0,0,i,i,i,i,i,i,i,i,i,i,i,i,i,i,i,i,i,i,i,i,i,i,i,i,i,i,i,i,i,i,0,0,0,1,0,0,5,2,4,4,0,0,0,0,1,1,3,1,0,0,1,0,0,1,0,0,0,7,2,5,3,1,2,2,2,i,i,2,i,2,i,i,i,a,a,i,a,15,12,13,25,14,1,36,1,1,1,8,i,i,8,i,i,i,i,i,i,i,i,i,i,i,i,i,181,15,1
6291,doi:10.4232/1.12497,1.0.0 (2016-04-22),1,1,300,14000300,14381,14,3,TN,0.994495,1.377675,0.0,1.189387,1.499454,0.0,0.0,3,1,1,1,1,2,1,3,3,3,3,2,2,2,2,2,7,0,0,0,1,0,1,0,0,0,0,0,0,0,0,0,0,0,0,a,a,0,0,0,0,0,0,1,0,1,1,0,0,0,0,0,0,0,0,0,0,0,i,i,0,0,0,2,2,1,1,2,2,2,2,2,2,2,1,2,0,1,0,0,0,0,0,0,0,1,0,i,0,0,0,0,2,2,2,2,2,1,2,2,2,2,2,1,2,2,2,1,1,1,2,1,i,2,1,3,3,1,0,0,0,0,0,0,0,i,i,i,0,0,0,0,0,0,0,1,1,1,0,0,0,0,i,0,0,0,3,3,2,2,2,3,3,3,0,0,0,0,0,0,0,0,0,0,1,1,0,0,0,0,0,0,0,0,0,0,0,0,0,0,1,1,0,0,0,0,2,2,2,2,2,2,2,2,2,2,2,2,2,3,3,2,2,2,2,1,1,2,1,1,2,2,1,1,0,0,0,0,0,0,1,0,0,0,0,0,2,i,i,i,i,i,i,i,i,i,i,i,i,i,i,i,i,i,i,i,i,i,i,i,i,i,i,i,i,i,i,i,i,i,i,i,i,i,0,1,0,0,0,0,0,1,1,0,0,0,0,0,0,3,2,0,1,0,0,0,0,0,0,2,1,50,3,1,6,1,14,7,i,i,0,0,0,0,1,0,0,i,i,i,i,i,i,i,i,i,i,i,i,i,i,i,i,i,i,i,i,i,i,i,i,i,i,i,i,i,i,1,0,0,0,0,1,3,2,3,3,0,0,0,0,1,1,3,1,0,1,1,1,0,0,1,0,0,6,6,6,3,2,2,2,2,i,i,2,i,i,i,i,i,a,a,i,a,10,12,18,30,19,0,30,1,2,1,8,i,i,8,i,i,i,i,i,i,i,i,i,i,i,i,i,178,18,1
6291,doi:10.4232/1.12497,1.0.0 (2016-04-22),1,1,301,14000301,14382,14,3,TN,0.998201,1.377675,0.0,1.189387,1.499454,0.0,0.0,4,3,1,3,3,3,3,4,3,4,4,2,1,3,2,3,7,0,0,1,0,0,1,0,0,0,0,0,0,0,0,0,0,0,0,a,a,0,0,0,0,0,1,0,0,1,1,0,0,0,0,0,0,0,0,0,0,0,i,i,0,0,0,2,3,3,3,1,1,1,1,1,4,2,2,i,0,0,0,1,0,1,0,0,0,1,0,i,0,0,0,0,2,4,2,3,3,1,2,1,2,2,2,1,2,2,1,1,2,1,2,2,i,2,2,2,3,1,0,0,0,0,0,0,0,i,i,i,0,0,0,0,0,0,0,1,0,0,0,0,0,0,i,0,0,0,4,4,3,3,3,3,4,4,0,0,0,0,1,0,0,1,0,0,1,0,0,0,0,0,0,0,0,0,1,0,0,1,0,0,0,0,0,0,0,0,4,2,2,2,2,2,2,2,2,2,2,2,2,4,4,1,3,3,3,3,3,1,4,3,4,4,1,0,0,0,0,1,0,0,1,0,0,0,0,0,2,i,i,i,i,i,i,i,i,i,i,i,i,i,i,i,i,i,i,i,i,i,i,i,i,i,i,i,i,i,i,i,i,i,i,i,i,i,1,0,0,0,0,0,0,0,0,0,1,0,0,0,0,3,1,0,1,0,0,0,0,0,0,1,1,21,1,18,2,3,3,3,8,1,0,0,0,0,1,0,0,i,i,i,i,i,i,i,i,i,i,i,i,i,i,i,i,i,i,i,i,i,i,i,i,i,i,i,i,i,i,1,0,0,0,0,1,4,1,6,4,0,0,0,0,2,1,2,1,0,0,0,0,0,1,0,0,0,7,i,7,3,1,2,2,2,i,i,2,i,3,i,i,i,a,a,i,a,12,12,16,30,16,59,29,1,1,1,8,i,i,8,i,i,i,i,i,i,i,i,i,i,i,i,i,179,17,1
6291,doi:10.4232/1.12497,1.0.0 (2016-04-22),1,1,302,14000302,14383,14,3,TN,0.955575,1.377675,0.0,1.189387,1.499454,0.0,0.0,2,2,1,2,2,1,1,3,2,2,3,1,3,3,1,3,4,0,0,0,0,0,1,1,0,0,0,0,0,0,0,0,0,0,0,a,a,0,0,0,0,0,0,1,0,1,1,0,0,0,0,0,0,0,0,0,0,0,i,i,0,0,0,2,3,1,1,2,3,2,2,2,2,3,2,i,1,1,1,0,0,1,0,0,0,1,0,i,0,0,0,0,3,2,4,2,3,1,2,2,2,2,1,1,1,1,2,1,1,1,2,2,i,2,1,3,3,1,0,0,0,1,0,0,0,i,i,i,0,0,0,0,0,0,0,1,1,0,1,0,0,0,i,0,0,0,4,4,1,1,2,2,2,3,1,0,0,0,0,0,0,1,0,0,1,0,0,0,0,0,0,0,0,0,1,1,0,0,0,0,0,0,0,0,0,0,4,2,4,4,2,2,2,1,2,2,1,1,2,4,4,3,4,4,2,2,3,1,1,3,2,4,0,0,0,0,0,1,0,1,0,0,1,0,0,0,2,i,i,i,i,i,i,i,i,i,i,i,i,i,i,i,i,i,i,i,i,i,i,i,i,i,i,i,i,i,i,i,i,i,i,i,i,i,0,0,0,0,0,0,0,0,1,0,0,1,0,0,0,3,1,0,1,0,0,0,0,0,0,1,1,58,4,99,9,1,4,4,5,1,1,0,0,0,0,0,1,0,0,0,0,0,0,0,0,0,0,0,0,0,1,0,0,0,0,0,0,0,0,0,0,0,0,0,0,0,0,0,0,0,1,0,0,5,1,4,4,0,0,0,0,1,1,3,1,0,0,1,1,1,1,0,0,0,4,i,6,3,2,2,2,2,i,i,2,i,i,i,i,i,a,a,i,a,10,12,11,40,12,18,38,1,1,1,8,i,i,8,i,i,i,i,i,i,i,i,i,i,i,i,i,200,16,1
6291,doi:10.4232/1.12497,1.0.0 (2016-04-22),1,1,303,14000303,14384,14,3,TN,1.044261,1.377675,0.0,1.189387,1.499454,0.0,0.0,2,2,2,2,2,4,4,3,3,2,2,1,3,3,2,3,7,1,0,0,1,0,0,0,1,0,0,0,0,0,0,0,0,0,0,a,a,0,0,0,1,0,0,1,0,0,1,1,0,0,0,0,0,0,0,0,0,0,i,i,0,0,0,2,1,1,3,3,4,2,2,2,2,5,2,i,0,0,0,1,0,0,0,1,0,0,0,i,0,0,0,0,4,3,4,4,4,1,1,1,1,1,1,1,2,2,2,2,1,1,1,2,i,2,1,4,3,1,1,0,0,0,0,0,0,i,i,i,0,0,0,0,0,0,0,1,0,0,1,0,1,0,i,0,0,0,3,4,2,2,4,3,3,3,1,0,0,1,0,0,1,0,0,0,0,0,0,0,0,0,0,1,0,0,0,0,0,0,0,0,0,1,0,0,0,0,3,2,4,3,2,2,2,1,2,2,2,1,2,4,3,2,3,2,3,3,2,2,2,3,3,3,1,0,0,0,0,1,0,0,0,0,1,0,0,0,2,i,i,i,i,i,i,i,i,i,i,i,i,i,i,i,i,i,i,i,i,i,i,i,i,i,i,i,i,i,i,i,i,i,i,i,i,i,0,1,0,0,0,0,0,1,0,0,0,0,0,0,0,1,2,0,1,1,0,0,0,0,0,2,2,49,3,16,2,1,1,1,19,i,0,0,0,0,1,0,0,i,i,i,i,i,i,i,i,i,i,i,i,i,i,i,i,i,i,i,i,i,i,i,i,i,i,i,i,i,i,0,0,0,1,0,0,7,3,4,4,0,0,0,0,1,1,3,1,0,0,1,1,1,1,0,0,0,6,i,6,2,2,2,2,2,i,i,2,i,i,i,i,i,a,a,i,a,10,12,15,25,16,0,35,1,1,1,8,i,i,8,i,i,i,i,i,i,i,i,i,i,i,i,i,183,16,1
6291,doi:10.4232/1.12497,1.0.0 (2016-04-22),1,1,304,14000304,14385,14,3,TN,0.998201,1.377675,0.0,1.189387,1.499454,0.0,0.0,2,3,3,3,4,1,2,3,3,2,2,3,3,3,3,4,7,0,0,1,0,0,0,0,1,0,0,0,0,0,0,0,0,0,0,a,a,0,0,0,0,0,1,0,0,0,1,1,0,0,0,0,0,0,0,0,0,0,i,i,0,0,0,1,2,4,2,2,4,2,2,2,3,6,3,i,0,0,0,0,0,0,0,0,1,0,0,i,0,0,0,0,2,3,2,2,2,1,2,1,2,1,1,2,1,2,1,1,1,1,1,1,i,2,2,4,4,0,0,0,0,0,0,0,1,i,i,i,0,0,0,0,0,0,0,0,0,0,0,0,0,0,i,0,1,0,2,4,1,1,1,4,1,1,0,0,1,0,0,0,0,0,0,0,0,0,0,0,0,0,1,0,0,0,0,0,0,0,0,0,1,0,0,0,0,0,3,1,3,3,2,2,2,2,2,2,1,1,2,2,2,2,3,2,2,3,3,3,3,3,2,3,1,1,0,0,1,0,0,0,0,0,0,0,0,0,2,i,i,i,i,i,i,i,i,i,i,i,i,i,i,i,i,i,i,i,i,i,i,i,i,i,i,i,i,i,i,i,i,i,i,i,i,i,0,0,0,0,0,0,0,1,0,0,0,1,0,0,0,2,1,0,1,0,0,0,1,0,0,1,1,23,1,98,8,3,18,8,i,i,0,0,0,0,1,0,0,i,i,i,i,i,i,i,i,i,i,i,i,i,i,i,i,i,i,i,i,i,i,i,i,i,i,i,i,i,i,0,1,0,0,0,1,5,3,4,4,0,0,0,0,1,1,3,1,0,0,1,1,0,1,0,0,0,1,6,6,3,1,2,2,2,i,i,2,i,1,i,i,i,a,a,i,a,10,12,14,50,15,30,40,1,1,1,8,i,i,8,i,i,i,i,i,i,i,i,i,i,i,i,i,200,15,1
6291,doi:10.4232/1.12497,1.0.0 (2016-04-22),1,1,305,14000305,14386,14,3,TN,1.047839,1.377675,0.0,1.189387,1.499454,0.0,0.0,1,3,3,2,3,4,4,4,2,2,2,3,1,1,3,1,1,0,0,0,0,0,1,1,1,0,0,0,0,0,0,0,0,0,0,a,a,0,0,0,1,0,0,0,0,1,1,1,0,0,0,0,0,0,0,0,0,0,i,i,0,0,0,2,2,1,1,1,3,2,2,2,2,2,1,2,0,1,0,1,0,0,0,0,1,0,0,i,0,0,0,0,2,2,2,2,1,1,2,2,2,1,1,2,2,2,2,1,1,1,2,1,i,2,1,3,3,0,1,0,0,0,0,0,1,i,i,i,0,0,0,0,0,0,0,1,1,0,0,0,0,0,i,0,0,0,2,3,1,2,2,3,2,2,1,0,1,0,1,0,0,0,0,0,0,0,0,0,0,0,1,0,0,0,0,0,0,0,0,0,1,0,0,0,0,0,2,1,2,5,1,2,2,1,2,2,1,1,2,2,1,2,2,2,2,2,2,1,3,2,3,2,0,0,0,0,0,0,0,1,1,1,0,0,0,0,2,i,i,i,i,i,i,i,i,i,i,i,i,i,i,i,i,i,i,i,i,i,i,i,i,i,i,i,i,i,i,i,i,i,i,i,i,i,0,1,0,0,0,0,0,1,0,0,0,1,0,0,0,4,1,0,1,0,1,0,0,0,0,2,2,53,3,11,1,1,1,1,19,i,0,0,0,0,1,0,0,i,i,i,i,i,i,i,i,i,i,i,i,i,i,i,i,i,i,i,i,i,i,i,i,i,i,i,i,i,i,0,1,0,0,0,1,5,3,6,4,0,0,0,0,2,1,2,1,0,0,1,1,1,1,0,0,0,5,i,6,3,2,2,2,2,i,i,2,i,i,i,i,i,a,a,i,a,10,12,16,0,16,36,36,1,1,1,8,i,i,8,i,i,i,i,i,i,i,i,i,i,i,i,i,200,15,1
6291,doi:10.4232/1.12497,1.0.0 (2016-04-22),1,1,306,14000306,14387,14,3,TN,1.036889,1.377675,0.0,1.189387,1.499454,0.0,0.0,2,3,2,3,3,3,3,4,3,3,2,3,3,3,2,3,8,0,0,1,0,0,1,1,0,0,0,0,0,0,0,0,0,0,1,a,a,0,0,0,0,0,1,0,0,1,1,1,0,0,0,0,0,0,0,0,0,1,i,i,0,0,0,2,3,3,2,1,4,2,2,2,4,5,2,i,0,0,0,1,0,1,0,0,0,0,0,i,0,0,0,0,3,3,3,3,3,1,1,1,2,2,2,1,1,1,2,1,1,2,2,1,i,1,1,3,4,1,0,0,0,0,0,0,0,i,i,i,0,0,0,0,0,0,0,1,0,0,0,0,0,0,i,0,0,0,3,4,1,1,2,4,3,3,0,0,0,0,1,0,0,0,0,0,0,0,0,0,0,0,1,0,0,0,0,0,0,0,0,0,1,0,0,0,0,0,4,3,4,4,1,2,2,2,2,2,2,2,2,3,3,4,4,3,3,3,4,4,4,4,4,4,0,1,0,0,0,1,1,0,0,0,0,0,0,0,2,i,i,i,i,i,i,i,i,i,i,i,i,i,i,i,i,i,i,i,i,i,i,i,i,i,i,i,i,i,i,i,i,i,i,i,i,i,0,0,0,0,0,0,1,0,1,0,0,0,0,0,0,1,2,0,0,0,0,0,1,0,0,2,1,37,2,15,1,1,8,5,i,i,0,0,0,0,1,0,0,i,i,i,i,i,i,i,i,i,i,i,i,i,i,i,i,i,i,i,i,i,i,i,i,i,i,i,i,i,i,0,0,0,1,0,0,7,2,2,2,2,2,0,0,2,1,2,1,0,0,1,1,1,0,1,0,0,2,1,6,3,1,2,2,2,i,i,2,i,3,i,i,i,a,a,i,a,10,12,16,10,16,42,32,1,1,1,8,i,i,8,i,i,i,i,i,i,i,i,i,i,i,i,i,200,16,1
6291,doi:10.4232/1.12497,1.0.0 (2016-04-22),1,1,307,14000307,14388,14,3,TN,0.999336,1.377675,0.0,1.189387,1.499454,0.0,0.0,2,2,2,2,2,2,2,3,2,3,3,2,1,1,1,1,6,0,0,1,1,0,0,1,1,0,0,0,0,0,0,0,0,0,0,a,a,0,0,0,0,0,1,1,0,1,1,1,0,0,0,0,0,0,0,0,0,0,i,i,0,0,0,2,2,1,1,1,3,2,2,2,1,2,1,2,0,1,0,1,0,1,0,0,1,0,0,i,0,0,0,0,2,2,3,3,2,1,2,2,2,2,1,2,2,2,2,1,1,1,2,1,i,2,2,3,3,0,1,0,0,0,0,0,1,i,i,i,0,0,1,0,0,0,0,0,1,0,0,0,0,0,i,0,0,0,2,3,2,2,3,3,2,2,0,0,0,1,1,0,1,0,0,0,1,1,0,0,0,0,0,0,0,1,0,0,1,0,0,0,0,0,0,0,0,0,3,2,3,4,1,2,2,2,2,2,1,1,2,3,3,2,3,2,3,3,3,2,3,2,2,3,1,0,0,0,1,1,0,0,0,0,0,0,0,0,2,i,i,i,i,i,i,i,i,i,i,i,i,i,i,i,i,i,i,i,i,i,i,i,i,i,i,i,i,i,i,i,i,i,i,i,i,i,0,1,0,0,0,0,0,0,0,0,0,1,0,0,0,1,1,0,1,0,1,0,0,0,0,1,1,40,3,1,6,1,18,8,i,i,0,0,0,0,1,0,0,i,i,i,i,i,i,i,i,i,i,i,i,i,i,i,i,i,i,i,i,i,i,i,i,i,i,i,i,i,i,0,0,0,1,0,0,5,2,2,2,2,2,0,0,1,1,3,1,0,0,1,0,0,1,0,0,0,7,7,7,3,2,2,2,2,i,i,2,i,i,i,i,i,a,a,i,a,10,12,16,40,17,16,36,1,2,1,8,i,i,8,i,i,i,i,i,i,i,i,i,i,i,i,i,183,15,1
6291,doi:10.4232/1.12497,1.0.0 (2016-04-22),1,1,308,14000308,14389,14,3,TN,1.029014,1.377675,0.0,1.189387,1.499454,0.0,0.0,1,3,2,2,3,1,2,4,3,2,2,2,3,3,3,3,18,0,0,0,1,0,1,1,1,0,0,0,0,0,0,1,0,0,0,a,a,0,0,0,0,0,0,1,0,1,1,1,0,0,0,0,0,0,1,0,0,1,i,i,0,0,0,2,2,3,3,4,4,2,2,2,5,5,2,i,0,0,0,1,0,0,0,1,0,0,0,i,0,0,0,0,2,2,4,3,3,1,1,1,1,1,1,1,1,1,2,1,1,1,1,1,i,1,1,4,4,1,0,0,0,0,0,0,1,i,i,i,1,0,0,0,0,0,0,1,0,1,0,0,0,1,i,0,0,0,4,4,2,1,4,4,2,3,1,1,0,0,0,0,1,0,0,0,0,1,0,0,0,0,0,0,1,0,0,0,1,0,0,0,0,0,0,0,0,0,4,4,4,4,2,2,2,2,2,2,2,1,2,4,3,3,4,2,4,4,3,3,3,4,3,2,1,0,0,0,0,1,1,0,0,0,0,0,0,0,2,i,i,i,i,i,i,i,i,i,i,i,i,i,i,i,i,i,i,i,i,i,i,i,i,i,i,i,i,i,i,i,i,i,i,i,i,i,1,0,0,0,0,0,0,0,1,0,0,0,0,0,0,2,2,0,0,1,0,0,1,0,0,2,2,39,2,14,1,1,1,1,19,i,0,0,0,0,1,0,0,i,i,i,i,i,i,i,i,i,i,i,i,i,i,i,i,i,i,i,i,i,i,i,i,i,i,i,i,i,i,0,0,0,1,0,0,8,2,3,3,0,0,1,1,1,1,3,1,1,0,1,1,1,0,1,0,0,6,i,6,3,2,2,2,2,i,i,2,i,i,i,i,i,a,a,i,a,10,12,16,48,18,15,27,1,1,1,8,i,i,8,i,i,i,i,i,i,i,i,i,i,i,i,i,200,16,1
6291,doi:10.4232/1.12497,1.0.0 (2016-04-22),1,1,309,14000309,14390,14,3,TN,1.03254,1.377675,0.0,1.189387,1.499454,0.0,0.0,2,2,2,2,2,2,2,3,2,2,2,2,1,1,2,1,4,0,0,0,0,0,0,1,1,0,0,0,0,0,0,0,0,0,0,a,a,0,0,0,0,0,0,1,0,0,1,1,0,0,0,0,0,0,0,0,0,0,i,i,0,0,0,2,2,1,1,1,3,2,2,2,1,2,1,2,0,0,0,1,0,1,0,0,0,1,0,i,0,0,0,0,2,2,2,3,2,1,2,2,1,1,1,1,2,1,2,1,1,1,2,1,i,2,1,3,3,0,1,0,0,0,0,0,1,i,i,i,0,0,1,0,0,0,0,0,1,0,0,0,0,0,i,0,0,0,2,2,2,2,3,3,2,2,1,1,0,1,1,0,0,0,0,0,1,0,0,0,0,0,1,0,0,1,0,0,0,0,0,0,0,0,0,0,0,0,3,2,2,4,1,1,2,2,2,2,1,2,2,2,2,2,3,2,4,3,3,3,4,3,4,4,0,1,0,0,0,0,0,1,0,1,0,0,0,0,2,i,i,i,i,i,i,i,i,i,i,i,i,i,i,i,i,i,i,i,i,i,i,i,i,i,i,i,i,i,i,i,i,i,i,i,i,i,0,1,0,0,0,0,0,1,0,0,0,0,0,0,0,3,1,0,1,0,0,0,0,0,0,1,2,34,2,10,1,3,13,7,i,i,0,0,0,0,1,0,0,i,i,i,i,i,i,i,i,i,i,i,i,i,i,i,i,i,i,i,i,i,i,i,i,i,i,i,i,i,i,0,0,0,1,0,0,6,2,2,2,1,1,1,1,1,1,3,1,0,0,1,0,0,1,0,0,0,7,7,7,3,1,2,2,2,i,i,2,i,2,i,i,i,a,a,i,a,10,12,17,18,17,50,32,1,1,1,8,i,i,8,i,i,i,i,i,i,i,i,i,i,i,i,i,183,15,1
6291,doi:10.4232/1.12497,1.0.0 (2016-04-22),1,1,310,14000310,14391,14,3,TN,1.047839,1.377675,0.0,1.189387,1.499454,0.0,0.0,1,3,2,2,3,4,4,4,4,2,2,3,3,3,3,3,4,0,0,1,0,0,1,0,1,0,0,0,0,0,0,0,0,0,0,a,a,0,0,0,0,0,1,1,0,1,0,1,0,0,0,0,0,0,0,0,0,0,i,i,0,0,0,2,2,2,2,2,3,2,2,2,2,5,2,i,0,0,0,0,0,0,0,0,0,0,0,i,0,1,0,0,2,2,3,3,4,1,2,2,2,1,1,1,1,1,1,1,1,1,1,1,i,2,1,2,3,1,0,0,0,0,0,0,0,i,i,i,0,0,0,0,0,0,0,0,0,0,1,0,1,0,i,0,0,0,4,4,3,1,4,3,3,3,0,0,1,0,0,0,0,0,0,0,0,1,0,0,0,0,0,1,0,0,0,0,1,0,0,0,0,0,0,0,0,0,2,1,4,4,2,2,3,1,2,2,1,1,2,4,5,2,3,3,3,4,2,2,3,3,3,2,1,0,1,0,0,0,0,0,0,1,0,0,0,0,2,i,i,i,i,i,i,i,i,i,i,i,i,i,i,i,i,i,i,i,i,i,i,i,i,i,i,i,i,i,i,i,i,i,i,i,i,i,0,0,0,0,0,0,0,1,1,0,0,0,0,0,0,3,2,0,1,0,1,0,0,0,0,2,2,52,3,99,9,1,1,1,19,i,0,0,0,0,1,0,0,i,i,i,i,i,i,i,i,i,i,i,i,i,i,i,i,i,i,i,i,i,i,i,i,i,i,i,i,i,i,0,0,0,1,0,0,6,2,5,4,0,0,0,0,1,1,3,1,0,0,1,1,1,1,0,0,0,6,i,6,3,2,2,2,2,i,i,2,i,i,i,i,i,a,a,i,a,10,12,17,23,18,0,37,1,2,1,8,i,i,8,i,i,i,i,i,i,i,i,i,i,i,i,i,200,16,1
6291,doi:10.4232/1.12497,1.0.0 (2016-04-22),1,1,311,14000311,14392,14,3,TN,1.045506,1.377675,0.0,1.189387,1.499454,0.0,0.0,2,3,2,2,3,2,2,3,2,2,2,1,1,1,1,1,7,0,0,0,1,0,0,0,1,0,0,0,0,0,0,1,0,0,0,a,a,0,0,0,0,0,0,1,0,0,1,1,0,0,0,0,0,0,1,0,0,0,i,i,0,0,0,2,2,1,1,1,3,2,2,2,2,2,1,2,0,0,0,1,0,1,0,0,1,0,0,i,0,0,0,0,2,2,2,2,2,1,2,2,1,1,1,1,2,2,2,1,1,1,2,1,i,2,2,3,3,1,1,0,0,0,0,0,1,i,i,i,0,0,0,0,0,0,0,1,1,0,0,0,0,0,i,0,0,0,2,3,3,3,2,3,2,2,1,0,0,1,0,0,1,0,0,0,1,1,0,0,0,0,1,0,0,1,0,0,0,0,0,0,0,0,0,0,0,0,3,2,3,4,1,2,2,1,1,2,1,1,2,2,2,3,3,2,3,2,2,2,3,4,4,4,0,1,0,0,0,0,0,1,1,0,0,0,0,0,2,i,i,i,i,i,i,i,i,i,i,i,i,i,i,i,i,i,i,i,i,i,i,i,i,i,i,i,i,i,i,i,i,i,i,i,i,i,0,1,0,0,0,0,0,0,0,0,0,1,0,0,0,1,1,0,1,0,1,0,0,0,0,1,1,28,2,1,6,3,18,8,i,i,0,0,0,0,1,0,0,i,i,i,i,i,i,i,i,i,i,i,i,i,i,i,i,i,i,i,i,i,i,i,i,i,i,i,i,i,i,0,0,0,1,0,0,6,1,2,2,1,1,0,0,1,1,3,1,0,0,1,0,0,1,0,0,0,7,7,7,3,2,2,2,2,i,i,2,i,i,i,i,i,a,a,i,a,10,12,18,0,18,32,32,1,1,1,8,i,i,8,i,i,i,i,i,i,i,i,i,i,i,i,i,189,15,1
6291,doi:10.4232/1.12497,1.0.0 (2016-04-22),1,1,312,14000312,14393,14,3,TN,0.986783,1.377675,0.0,1.189387,1.499454,0.0,0.0,1,2,2,2,2,2,2,2,1,1,1,1,1,1,1,1,7,1,0,1,0,0,0,0,0,0,0,0,1,0,0,0,0,0,0,a,a,0,0,0,1,0,1,0,0,0,1,0,0,0,0,1,0,0,0,0,0,0,i,i,0,0,0,1,1,1,1,2,3,2,2,2,2,1,1,2,0,0,0,1,0,1,0,0,1,0,0,i,0,0,0,0,2,2,2,2,1,1,2,2,1,1,1,2,2,1,2,1,1,1,2,1,i,2,1,3,3,1,1,0,0,0,0,0,1,i,i,i,0,0,0,0,0,0,0,1,1,1,0,0,0,0,i,0,0,0,2,3,2,2,2,3,2,2,0,0,0,1,1,0,0,0,0,0,1,1,0,0,0,0,1,0,1,0,0,0,0,0,0,0,0,0,0,0,0,0,2,2,3,3,1,1,1,1,1,2,1,1,1,2,1,2,2,1,2,2,1,1,2,1,2,2,0,0,0,0,1,0,0,1,1,0,0,0,0,0,2,i,i,i,i,i,i,i,i,i,i,i,i,i,i,i,i,i,i,i,i,i,i,i,i,i,i,i,i,i,i,i,i,i,i,i,i,i,0,1,0,0,0,0,0,0,0,0,0,1,0,0,0,1,1,0,1,0,0,0,0,0,0,2,2,43,3,17,2,1,1,1,19,i,0,1,0,0,0,0,1,0,0,0,0,0,0,0,0,1,0,0,0,0,0,0,0,0,0,0,0,0,0,0,0,0,0,0,0,0,0,1,0,0,0,0,1,7,2,4,4,0,0,0,0,1,1,3,1,0,0,1,1,1,0,1,0,0,2,i,6,1,1,2,2,2,i,i,2,i,2,i,i,i,a,a,i,a,11,12,18,45,19,20,35,1,1,2,8,i,i,8,i,i,i,i,i,i,i,i,i,i,i,i,i,199,15,1
6291,doi:10.4232/1.12497,1.0.0 (2016-04-22),1,1,313,14000313,14394,14,3,TN,1.03312,1.377675,0.0,1.189387,1.499454,0.0,0.0,3,1,1,1,1,1,1,4,4,3,3,1,1,1,1,1,3,0,0,0,0,0,1,1,0,0,0,0,0,0,0,0,0,0,0,a,a,0,0,0,0,0,1,0,0,1,1,0,0,0,0,0,0,0,0,0,0,0,i,i,0,0,0,2,2,3,3,2,2,2,2,2,2,2,1,2,0,1,0,0,0,1,0,0,0,1,0,i,0,0,0,0,2,2,2,3,3,1,2,2,2,2,2,1,2,2,2,1,2,1,2,2,i,2,1,2,2,1,0,0,0,0,0,0,0,i,i,i,0,0,0,0,0,0,0,1,1,1,0,0,0,0,i,0,0,0,2,3,2,2,2,2,2,2,0,0,0,0,1,0,0,0,0,0,1,1,0,0,0,0,0,0,0,0,0,0,0,0,0,0,1,1,0,0,0,0,2,2,2,2,1,2,2,2,2,2,2,2,2,3,3,2,2,3,3,3,3,3,3,3,3,3,0,0,0,0,1,1,0,0,0,0,1,0,0,0,2,i,i,i,i,i,i,i,i,i,i,i,i,i,i,i,i,i,i,i,i,i,i,i,i,i,i,i,i,i,i,i,i,i,i,i,i,i,0,1,0,0,0,0,0,1,0,0,0,0,0,0,0,3,2,0,1,1,0,0,0,0,0,2,1,65,4,1,6,1,8,5,i,i,0,0,0,0,1,0,0,i,i,i,i,i,i,i,i,i,i,i,i,i,i,i,i,i,i,i,i,i,i,i,i,i,i,i,i,i,i,0,0,0,1,0,0,4,2,5,4,0,0,0,0,1,1,3,1,0,0,0,0,0,1,0,0,0,6,6,6,3,2,2,2,2,i,i,2,i,i,i,i,i,a,a,i,a,10,12,11,20,11,55,35,1,1,1,8,i,i,8,i,i,i,i,i,i,i,i,i,i,i,i,i,177,18,1
6291,doi:10.4232/1.12497,1.0.0 (2016-04-22),1,1,314,14000314,14395,14,3,TN,0.986783,1.377675,0.0,1.189387,1.499454,0.0,0.0,3,3,2,1,2,1,1,4,2,3,3,2,2,3,2,2,6,1,0,1,1,0,0,0,0,0,0,0,0,0,0,0,0,0,0,a,a,0,0,0,1,0,1,1,0,1,0,0,0,0,0,0,0,0,0,0,0,0,i,i,0,0,0,2,2,1,1,1,2,2,1,2,1,2,1,2,0,1,0,1,0,1,0,0,0,1,0,i,0,0,0,0,2,2,3,3,2,1,2,2,2,1,1,2,2,2,2,1,1,1,2,1,i,1,1,3,3,0,1,0,0,0,0,0,1,i,i,i,0,0,1,0,0,0,0,1,1,1,0,0,0,0,i,0,0,0,2,3,2,2,3,3,3,3,0,0,0,1,1,0,1,0,0,0,1,1,0,0,0,0,0,0,0,0,0,0,1,0,0,0,1,0,0,0,0,0,3,2,2,4,1,1,1,2,2,2,2,2,2,3,3,3,4,3,4,3,3,3,3,3,3,3,0,1,0,1,0,0,0,0,1,0,0,0,0,0,2,i,i,i,i,i,i,i,i,i,i,i,i,i,i,i,i,i,i,i,i,i,i,i,i,i,i,i,i,i,i,i,i,i,i,i,i,i,0,1,0,0,0,0,0,0,0,0,0,1,0,0,0,2,1,0,1,0,1,0,0,0,0,2,2,45,3,1,6,3,3,3,18,4,0,0,0,0,1,0,0,i,i,i,i,i,i,i,i,i,i,i,i,i,i,i,i,i,i,i,i,i,i,i,i,i,i,i,i,i,i,0,0,0,1,0,0,5,1,4,4,0,0,0,0,2,1,2,1,0,0,0,0,0,0,1,0,0,7,i,6,2,2,2,2,2,i,i,2,i,i,i,i,i,a,a,i,a,11,12,18,3,18,35,32,1,2,2,8,i,i,8,i,i,i,i,i,i,i,i,i,i,i,i,i,199,15,1
6291,doi:10.4232/1.12497,1.0.0 (2016-04-22),1,1,315,14000315,14396,14,3,TN,1.036889,1.377675,0.0,1.189387,1.499454,0.0,0.0,2,2,3,3,3,2,2,3,3,3,3,3,3,3,3,2,6,0,0,0,0,0,0,1,0,0,0,0,1,0,0,1,0,0,0,a,a,0,0,0,0,0,0,0,0,1,1,0,0,0,0,1,0,0,1,0,0,0,i,i,0,0,0,3,3,2,2,2,1,2,1,1,3,2,2,i,0,0,1,0,0,0,0,0,0,0,0,i,0,0,0,0,3,3,3,3,3,2,2,2,1,1,1,2,2,2,2,1,1,2,2,2,i,2,1,3,3,1,0,0,0,0,0,0,0,i,i,i,1,1,0,0,0,0,0,1,0,0,0,0,0,0,i,0,0,0,1,1,1,1,1,2,2,2,1,0,0,1,1,0,0,0,0,0,0,0,0,0,0,0,1,0,0,0,1,0,0,0,0,0,0,0,0,0,0,0,3,3,3,2,2,2,2,2,2,2,2,2,2,3,4,3,3,3,3,4,4,4,3,3,4,3,1,1,0,0,0,0,1,0,0,0,0,0,0,0,2,i,i,i,i,i,i,i,i,i,i,i,i,i,i,i,i,i,i,i,i,i,i,i,i,i,i,i,i,i,i,i,i,i,i,i,i,i,0,1,0,1,0,0,0,0,0,0,0,1,0,0,0,2,2,0,0,0,0,0,0,0,1,2,1,31,2,17,2,3,8,5,i,i,0,0,0,0,1,0,0,i,i,i,i,i,i,i,i,i,i,i,i,i,i,i,i,i,i,i,i,i,i,i,i,i,i,i,i,i,i,0,0,0,1,0,0,5,1,7,4,0,0,0,0,2,1,2,1,0,0,0,0,0,0,0,0,0,7,6,6,3,2,2,2,2,i,i,2,i,i,i,i,i,a,a,i,a,12,12,17,10,17,40,30,1,1,1,8,i,i,8,i,i,i,i,i,i,i,i,i,i,i,i,i,179,17,1
6291,doi:10.4232/1.12497,1.0.0 (2016-04-22),1,1,316,14000316,14397,14,3,TN,0.952312,1.377675,0.0,1.189387,1.499454,0.0,0.0,2,1,1,1,1,3,2,3,2,2,2,1,1,1,1,1,4,0,0,0,0,0,0,1,1,0,0,0,0,0,0,0,0,0,0,a,a,0,0,0,0,0,0,1,0,0,1,1,0,0,0,0,0,0,0,0,0,0,i,i,0,0,0,3,2,1,2,2,2,2,2,2,2,2,1,2,0,0,0,0,0,0,1,0,0,0,0,i,0,0,0,0,2,2,2,2,2,1,2,2,2,1,1,2,2,2,2,2,2,2,2,2,i,2,2,2,2,1,0,0,0,0,0,0,0,i,i,i,0,0,0,0,0,0,0,1,1,1,0,0,0,0,i,0,0,0,2,2,2,2,2,2,2,2,0,0,0,0,0,0,0,0,0,0,0,1,0,0,0,0,0,0,0,0,0,0,0,0,0,0,1,1,0,0,0,0,2,2,2,2,2,2,2,2,2,2,2,2,2,3,3,3,3,3,2,2,2,2,2,2,2,2,1,0,0,0,0,1,1,0,0,0,0,0,0,0,2,i,i,i,i,i,i,i,i,i,i,i,i,i,i,i,i,i,i,i,i,i,i,i,i,i,i,i,i,i,i,i,i,i,i,i,i,i,0,1,0,0,0,0,0,1,0,0,0,0,0,0,0,1,2,0,1,0,1,0,0,0,0,2,1,59,4,99,9,1,10,6,i,i,1,0,0,0,0,0,1,0,1,0,0,0,0,0,0,0,1,0,0,0,0,0,0,0,0,0,0,0,0,0,0,0,0,0,0,0,0,1,1,0,0,0,1,7,2,2,2,0,0,0,0,2,1,2,1,1,1,1,1,1,1,0,0,0,1,1,1,3,1,1,2,2,i,i,2,i,2,2,i,i,a,a,i,a,10,12,16,0,16,45,45,1,1,1,8,i,i,8,i,i,i,i,i,i,i,i,i,i,i,i,i,177,18,1
6291,doi:10.4232/1.12497,1.0.0 (2016-04-22),1,1,317,14000317,14398,14,3,TN,0.885459,1.377675,0.0,1.189387,1.499454,0.0,0.0,2,1,1,1,1,2,1,3,3,3,3,1,1,1,1,1,7,0,0,0,1,0,0,0,1,0,0,0,0,0,0,0,0,0,0,a,a,0,0,0,0,0,0,1,0,0,1,1,0,0,0,0,0,0,0,0,0,0,i,i,0,0,0,2,2,1,1,2,3,2,2,2,3,2,1,2,0,0,0,0,0,0,0,0,0,0,0,i,0,0,1,0,3,3,3,3,3,1,2,1,3,2,2,2,3,2,2,1,3,1,1,3,i,2,1,3,3,1,0,0,0,0,0,0,0,i,i,i,0,0,0,0,0,0,0,1,1,0,0,0,1,0,i,0,0,0,3,4,3,3,2,4,4,4,0,0,1,0,0,0,0,0,0,0,1,1,0,0,0,0,0,0,0,0,0,0,0,0,0,0,1,1,0,0,0,0,2,2,2,3,2,2,2,2,2,2,2,2,2,4,4,2,3,2,3,2,2,2,2,2,3,3,1,0,0,0,0,1,0,0,0,0,1,0,0,0,2,i,i,i,i,i,i,i,i,i,i,i,i,i,i,i,i,i,i,i,i,i,i,i,i,i,i,i,i,i,i,i,i,i,i,i,i,i,1,1,0,0,0,0,0,0,1,0,0,0,0,0,0,3,2,0,1,0,1,1,0,0,0,2,1,26,2,0,5,3,2,2,19,i,0,0,0,0,1,0,0,i,i,i,i,i,i,i,i,i,i,i,i,i,i,i,i,i,i,i,i,i,i,i,i,i,i,i,i,i,i,0,0,0,1,0,0,5,2,6,4,1,1,0,0,1,1,3,1,0,1,1,1,1,1,0,0,0,1,i,6,3,1,2,2,2,i,i,2,i,1,i,i,i,a,a,i,a,10,12,14,20,15,5,45,1,2,1,8,i,i,8,i,i,i,i,i,i,i,i,i,i,i,i,i,177,18,1
6291,doi:10.4232/1.12497,1.0.0 (2016-04-22),1,1,318,14000318,14399,14,3,TN,1.036889,1.377675,0.0,1.189387,1.499454,0.0,0.0,2,2,1,2,2,2,2,4,3,4,3,3,3,2,3,1,3,0,0,0,0,0,1,1,0,0,0,0,0,0,0,0,0,0,0,a,a,0,0,0,0,0,1,0,0,1,1,0,0,0,0,0,0,0,0,0,0,0,i,i,0,0,0,2,2,1,2,2,3,2,2,2,3,2,1,2,0,1,0,0,0,0,0,0,1,0,0,i,1,0,0,0,2,2,2,3,2,1,2,1,1,1,1,1,2,2,1,2,2,1,2,2,i,1,2,3,3,1,1,1,0,0,0,0,0,i,i,i,0,0,0,0,0,0,0,1,0,0,0,0,0,0,i,0,0,0,4,4,3,3,4,4,4,4,1,0,0,0,1,0,0,1,0,0,0,0,0,0,0,0,0,0,0,0,1,0,0,1,0,0,0,0,0,0,0,0,2,2,2,2,2,2,2,2,2,2,2,2,2,3,3,2,2,1,1,2,1,1,4,3,3,3,0,1,0,0,0,1,0,0,0,1,0,0,0,0,2,i,i,i,i,i,i,i,i,i,i,i,i,i,i,i,i,i,i,i,i,i,i,i,i,i,i,i,i,i,i,i,i,i,i,i,i,i,0,1,0,0,0,0,0,0,0,0,0,0,0,0,0,3,1,0,0,0,1,0,0,0,0,1,1,28,2,20,3,3,8,5,i,i,0,0,0,0,1,0,0,i,i,i,i,i,i,i,i,i,i,i,i,i,i,i,i,i,i,i,i,i,i,i,i,i,i,i,i,i,i,0,0,0,1,0,0,6,3,4,4,0,0,0,0,2,1,2,1,1,1,1,0,0,1,0,0,0,6,1,7,3,1,2,2,2,i,i,2,i,1,i,i,i,a,a,i,a,12,12,17,45,18,15,30,1,1,1,8,i,i,8,i,i,i,i,i,i,i,i,i,i,i,i,i,179,17,1
6291,doi:10.4232/1.12497,1.0.0 (2016-04-22),1,1,319,14000319,14400,14,3,TN,0.994495,1.377675,0.0,1.189387,1.499454,0.0,0.0,3,2,1,2,2,1,1,4,4,4,4,2,2,2,2,2,3,0,0,0,0,0,1,0,0,0,0,0,0,0,0,0,0,0,0,a,a,0,0,0,0,0,1,0,0,1,0,0,0,0,0,0,0,0,0,0,0,0,i,i,0,0,0,2,2,2,2,3,2,2,2,2,3,2,2,i,1,0,0,0,0,1,0,0,0,1,0,i,0,0,0,0,2,2,2,2,2,2,2,2,2,2,2,2,2,2,2,2,2,1,2,2,i,2,1,2,2,1,1,0,0,0,0,0,0,i,i,i,0,0,0,0,0,0,0,1,0,0,0,0,0,0,i,0,0,0,4,4,3,3,4,4,4,4,0,0,0,0,1,0,0,0,0,0,0,1,0,0,0,0,0,0,0,0,1,0,0,0,0,0,0,0,0,0,0,0,3,3,3,3,2,2,2,2,2,2,2,2,2,3,3,2,2,2,2,2,2,2,2,3,3,3,1,0,0,0,0,0,1,0,0,0,1,0,0,0,2,i,i,i,i,i,i,i,i,i,i,i,i,i,i,i,i,i,i,i,i,i,i,i,i,i,i,i,i,i,i,i,i,i,i,i,i,i,0,1,0,0,0,0,0,0,0,0,0,0,0,0,0,3,1,0,0,0,1,0,0,0,0,2,1,54,3,12,1,1,18,8,i,i,0,0,0,0,1,0,0,i,i,i,i,i,i,i,i,i,i,i,i,i,i,i,i,i,i,i,i,i,i,i,i,i,i,i,i,i,i,1,0,0,0,0,1,3,3,3,3,0,0,0,0,2,1,2,1,0,0,0,0,0,0,0,0,0,7,7,7,3,2,2,2,2,i,i,2,i,i,i,i,i,a,a,i,a,12,12,18,30,19,0,30,1,2,1,8,i,i,8,i,i,i,i,i,i,i,i,i,i,i,i,i,179,17,1
6291,doi:10.4232/1.12497,1.0.0 (2016-04-22),1,1,320,14000320,14401,14,3,TN,0.955575,1.377675,0.0,1.189387,1.499454,0.0,0.0,2,1,1,1,1,1,1,3,3,2,2,1,1,1,1,1,6,0,0,0,0,1,0,1,0,0,0,0,0,0,0,0,0,0,0,a,a,0,0,0,0,0,0,0,1,1,1,0,0,0,0,0,0,0,0,0,0,0,i,i,0,0,0,2,2,2,2,2,2,2,2,2,4,2,1,2,0,1,0,0,0,0,0,0,0,1,0,i,0,0,0,0,2,2,2,2,2,1,2,2,2,2,2,1,2,1,2,1,2,2,2,2,i,1,2,2,2,1,0,0,0,0,0,0,0,i,i,i,0,0,0,0,0,0,0,1,1,0,1,0,0,0,i,0,0,0,1,3,3,3,2,3,3,3,0,0,0,0,0,0,0,0,0,0,0,1,0,0,0,0,0,0,0,0,0,0,0,0,0,0,1,1,0,0,0,0,2,2,2,2,1,2,2,2,2,2,2,2,2,3,3,2,2,2,2,2,2,2,2,2,2,2,0,1,0,0,1,0,0,0,0,0,1,0,0,0,2,i,i,i,i,i,i,i,i,i,i,i,i,i,i,i,i,i,i,i,i,i,i,i,i,i,i,i,i,i,i,i,i,i,i,i,i,i,0,0,0,0,0,0,0,1,1,1,0,0,0,0,0,3,2,0,0,0,1,0,0,0,0,2,1,55,4,1,6,1,18,8,i,i,0,0,0,0,1,0,0,i,i,i,i,i,i,i,i,i,i,i,i,i,i,i,i,i,i,i,i,i,i,i,i,i,i,i,i,i,i,0,0,0,1,0,0,4,2,1,1,0,0,0,0,1,1,3,1,0,0,1,1,0,0,0,0,0,1,7,7,3,1,2,2,2,i,i,2,i,1,i,i,i,a,a,i,a,10,12,10,20,11,0,40,1,1,1,8,i,i,8,i,i,i,i,i,i,i,i,i,i,i,i,i,177,18,1
6291,doi:10.4232/1.12497,1.0.0 (2016-04-22),1,1,321,14000321,14402,14,3,TN,0.878734,1.377675,0.0,1.189387,1.499454,0.0,0.0,2,2,2,2,2,3,3,4,3,2,2,1,1,1,1,1,7,0,0,0,0,0,0,0,1,0,0,0,0,0,0,0,0,0,0,a,a,0,0,0,0,0,0,0,0,0,1,1,0,0,0,0,0,0,0,0,0,0,i,i,0,0,0,2,2,1,1,2,2,2,2,2,2,2,1,2,0,0,0,0,0,0,1,0,0,1,0,i,0,0,0,0,2,2,2,2,2,1,2,2,2,1,1,2,2,1,1,1,1,1,1,2,i,2,2,2,2,1,0,0,0,0,0,0,0,i,i,i,0,0,0,0,0,0,0,1,0,0,0,0,0,0,i,0,0,0,2,3,3,3,3,3,3,3,0,0,0,0,0,1,0,0,0,0,0,0,0,0,0,0,0,0,0,0,0,0,0,0,0,0,0,1,0,0,0,0,2,2,2,2,2,2,2,2,2,2,2,2,2,4,4,3,3,3,3,3,3,3,3,3,3,3,1,0,0,0,1,0,0,0,1,0,0,0,0,0,2,i,i,i,i,i,i,i,i,i,i,i,i,i,i,i,i,i,i,i,i,i,i,i,i,i,i,i,i,i,i,i,i,i,i,i,i,i,0,1,0,0,0,0,0,1,0,0,0,0,0,0,0,3,2,0,1,0,0,0,0,0,0,2,2,25,2,0,5,1,2,2,19,i,0,0,0,0,1,0,0,i,i,i,i,i,i,i,i,i,i,i,i,i,i,i,i,i,i,i,i,i,i,i,i,i,i,i,i,i,i,0,0,0,1,0,0,4,2,2,2,0,0,0,0,2,1,2,1,0,0,1,1,0,0,1,0,0,3,i,5,3,1,2,2,2,i,i,2,i,5,i,i,i,a,a,i,a,10,12,13,10,13,30,20,1,2,1,8,i,i,8,i,i,i,i,i,i,i,i,i,i,i,i,i,177,18,1
6291,doi:10.4232/1.12497,1.0.0 (2016-04-22),1,1,322,14000322,14403,14,3,TN,0.852421,1.377675,0.0,1.189387,1.499454,0.0,0.0,2,2,2,3,3,1,2,3,3,2,2,3,3,3,3,3,8,1,0,0,0,0,0,1,0,0,0,0,1,0,0,0,0,0,0,a,a,0,0,0,1,0,0,0,0,0,1,1,0,0,0,1,0,0,0,0,0,0,i,i,0,0,0,2,2,2,2,2,4,2,2,2,3,2,2,i,1,1,0,0,0,0,0,0,0,1,0,i,0,0,0,0,3,3,3,3,3,2,2,2,2,2,1,1,2,2,2,2,1,2,2,1,i,2,2,3,3,1,0,0,0,0,0,0,0,i,i,i,0,1,0,0,0,0,0,1,1,0,0,1,0,0,i,0,0,0,4,4,2,2,3,4,3,4,1,1,0,0,0,0,0,0,0,0,0,0,1,0,0,0,0,1,0,0,0,0,0,0,0,0,0,0,0,0,0,0,4,3,3,4,1,2,2,1,2,2,1,1,2,3,2,3,3,3,3,3,2,1,1,2,1,2,1,1,0,0,0,0,0,0,1,0,0,0,0,0,2,i,i,i,i,i,i,i,i,i,i,i,i,i,i,i,i,i,i,i,i,i,i,i,i,i,i,i,i,i,i,i,i,i,i,i,i,i,1,1,0,0,0,0,0,1,0,0,0,0,0,0,0,2,1,0,1,1,0,0,0,0,0,1,1,23,1,0,5,3,2,2,19,i,0,0,0,0,1,0,0,i,i,i,i,i,i,i,i,i,i,i,i,i,i,i,i,i,i,i,i,i,i,i,i,i,i,i,i,i,i,0,0,0,1,0,0,5,3,5,4,1,1,0,0,1,1,3,1,0,0,1,1,1,1,0,0,0,1,i,1,3,1,2,2,2,i,i,2,i,1,i,i,i,a,a,i,a,10,12,14,25,15,8,43,1,2,1,8,i,i,8,i,i,i,i,i,i,i,i,i,i,i,i,i,183,16,1
6291,doi:10.4232/1.12497,1.0.0 (2016-04-22),1,1,323,14000323,14404,14,3,TN,0.896558,1.377675,0.0,1.189387,1.499454,0.0,0.0,1,2,3,3,3,1,2,4,2,2,2,3,3,3,3,1,3,0,0,0,0,0,0,1,0,0,0,0,0,0,0,0,0,0,0,a,a,0,0,0,0,0,1,0,0,0,1,0,0,0,0,0,0,0,0,0,0,0,i,i,0,0,0,2,3,4,2,2,3,2,2,2,2,2,1,1,0,0,1,1,0,1,1,1,0,0,0,i,0,0,0,0,3,2,3,2,3,2,2,2,2,2,2,2,1,2,1,2,2,1,2,2,i,1,1,5,3,0,0,0,0,0,0,0,0,i,i,i,0,0,0,0,0,0,1,1,0,0,0,0,0,0,i,0,0,0,4,4,3,2,2,5,2,2,0,1,1,0,1,0,0,0,1,0,0,0,1,0,0,0,0,0,0,0,0,0,0,0,0,0,0,0,0,0,0,1,2,1,1,3,2,2,2,2,2,2,1,2,1,4,4,1,2,2,1,3,1,1,2,3,3,3,0,0,0,0,0,0,0,1,0,1,1,0,0,0,2,i,i,i,i,i,i,i,i,i,i,i,i,i,i,i,i,i,i,i,i,i,i,i,i,i,i,i,i,i,i,i,i,i,i,i,i,i,0,1,0,0,0,0,0,0,0,0,1,0,0,0,0,3,2,0,1,0,0,0,0,0,0,2,2,60,4,17,2,1,3,3,19,i,0,1,0,0,0,0,1,0,0,0,0,0,1,0,0,0,0,0,0,0,0,0,0,0,0,0,0,0,0,0,0,0,0,0,0,0,0,0,0,1,0,0,1,7,1,4,4,0,0,0,0,1,1,3,1,0,0,0,0,0,1,0,0,0,7,i,7,3,2,2,2,2,i,i,2,i,i,i,i,i,a,a,i,a,12,12,15,54,16,24,30,1,1,1,8,i,i,8,i,i,i,i,i,i,i,i,i,i,i,i,i,179,17,1
6291,doi:10.4232/1.12497,1.0.0 (2016-04-22),1,1,324,14000324,14405,14,3,TN,1.040442,1.377675,0.0,1.189387,1.499454,0.0,0.0,3,1,1,1,1,2,1,3,3,3,3,1,1,1,1,1,7,0,0,1,1,0,0,0,0,0,0,0,0,0,0,0,0,0,0,a,a,0,0,0,0,0,1,1,0,0,1,0,0,0,0,0,0,0,0,0,0,0,i,i,0,0,0,2,2,1,1,2,3,2,2,2,2,2,2,i,0,0,0,0,0,0,0,0,0,0,0,i,0,1,0,0,5,5,5,5,5,3,3,3,3,3,3,3,3,3,3,3,3,3,3,3,i,3,3,4,4,1,0,0,0,0,0,0,0,i,i,i,0,0,0,0,0,0,0,1,1,1,0,0,0,0,i,0,0,0,3,4,3,3,3,3,3,3,0,0,0,0,0,0,0,0,0,0,1,1,0,0,0,0,0,0,0,0,0,1,0,0,0,0,0,1,0,0,0,0,3,3,3,3,2,2,2,2,2,2,2,2,2,3,3,2,2,3,3,3,3,3,3,3,3,3,1,0,0,1,1,0,0,0,0,0,0,0,0,0,2,i,i,i,i,i,i,i,i,i,i,i,i,i,i,i,i,i,i,i,i,i,i,i,i,i,i,i,i,i,i,i,i,i,i,i,i,i,0,1,0,0,0,0,0,1,1,0,0,0,0,0,0,3,2,0,1,0,1,0,0,0,0,2,1,25,2,1,6,3,14,7,i,i,0,0,0,0,1,0,0,i,i,i,i,i,i,i,i,i,i,i,i,i,i,i,i,i,i,i,i,i,i,i,i,i,i,i,i,i,i,0,0,1,0,0,1,3,2,3,3,0,0,0,0,1,1,3,1,0,1,1,1,0,0,1,0,0,2,6,6,3,1,2,2,2,i,i,2,i,2,i,i,i,a,a,i,a,10,12,17,40,18,20,20,1,1,1,8,i,i,8,i,i,i,i,i,i,i,i,i,i,i,i,i,178,18,1
6291,doi:10.4232/1.12497,1.0.0 (2016-04-22),1,1,325,14000325,14406,14,3,TN,0.93617,1.377675,0.0,1.189387,1.499454,0.0,0.0,2,3,2,2,3,2,2,3,2,2,2,1,1,1,2,1,7,1,0,1,1,0,0,0,0,0,0,0,0,0,0,0,0,1,0,a,a,0,0,0,1,0,1,1,0,0,1,0,0,0,0,0,0,0,0,0,1,0,i,i,0,0,0,2,2,1,1,2,3,2,2,2,2,2,1,2,0,0,0,1,0,1,0,0,1,0,0,i,0,0,0,0,2,2,3,3,2,1,2,2,2,1,1,2,2,1,2,1,1,1,2,1,i,2,2,3,3,1,1,0,0,0,0,0,0,i,i,i,0,0,1,0,0,0,0,1,1,0,0,0,0,0,i,0,0,0,2,3,2,3,3,3,2,2,0,0,1,0,1,0,1,0,0,0,1,0,0,0,0,0,0,0,0,0,1,0,0,0,0,0,1,0,0,0,0,0,2,2,3,3,1,2,2,2,2,2,1,1,2,3,2,2,2,3,3,3,2,2,2,3,3,3,0,0,0,1,0,1,0,1,0,0,0,0,0,0,2,i,i,i,i,i,i,i,i,i,i,i,i,i,i,i,i,i,i,i,i,i,i,i,i,i,i,i,i,i,i,i,i,i,i,i,i,i,1,1,0,0,0,0,0,0,0,0,0,1,0,0,0,3,1,0,1,0,0,0,0,0,0,1,2,69,4,1,6,6,1,1,19,i,0,1,0,0,0,0,1,0,0,0,0,0,0,0,0,1,0,0,0,0,0,0,0,0,0,0,0,0,0,0,0,0,0,0,0,0,0,1,0,0,0,0,1,6,2,3,3,0,0,0,0,1,1,3,1,0,0,0,0,0,1,0,0,0,7,i,6,1,2,2,2,2,i,i,2,i,i,i,i,i,a,a,i,a,11,12,17,25,18,0,35,1,2,2,8,i,i,8,i,i,i,i,i,i,i,i,i,i,i,i,i,199,15,1
6291,doi:10.4232/1.12497,1.0.0 (2016-04-22),1,1,326,14000326,14407,14,3,TN,0.935483,1.377675,0.0,1.189387,1.499454,0.0,0.0,1,3,2,2,3,2,2,4,2,2,3,1,1,1,1,1,6,0,0,0,0,0,0,1,0,0,0,0,1,0,0,0,0,0,0,a,a,0,0,0,0,0,0,0,0,1,1,0,0,0,0,1,0,0,0,0,0,0,i,i,0,0,0,2,2,1,1,2,2,2,2,2,2,2,1,2,0,1,0,1,0,0,0,0,1,1,0,i,0,0,0,0,1,1,1,3,2,1,2,1,1,1,1,2,2,2,2,1,1,1,2,1,i,2,2,3,3,0,1,0,0,0,0,0,1,i,i,i,0,0,1,0,0,0,0,0,1,0,0,0,0,0,i,0,0,0,2,3,2,3,3,3,2,2,0,0,1,0,1,0,0,0,0,0,1,1,0,0,0,0,0,0,0,0,0,0,1,0,0,0,0,1,0,0,0,0,4,2,2,2,2,2,2,2,2,2,1,1,2,3,3,2,2,2,3,3,2,2,3,2,3,3,0,1,0,0,0,0,0,0,1,0,0,0,0,0,2,i,i,i,i,i,i,i,i,i,i,i,i,i,i,i,i,i,i,i,i,i,i,i,i,i,i,i,i,i,i,i,i,i,i,i,i,i,0,1,0,0,0,0,0,1,0,0,0,0,0,0,0,2,1,0,1,1,0,0,0,0,0,1,1,20,1,18,2,3,18,8,i,i,0,0,0,0,1,0,0,i,i,i,i,i,i,i,i,i,i,i,i,i,i,i,i,i,i,i,i,i,i,i,i,i,i,i,i,i,i,0,1,0,0,0,1,5,1,8,4,0,0,0,0,2,1,2,1,0,0,0,0,0,1,0,0,0,7,6,6,2,1,2,2,2,i,i,2,i,2,i,i,i,a,a,i,a,11,12,16,45,17,20,35,1,1,2,8,i,i,8,i,i,i,i,i,i,i,i,i,i,i,i,i,199,15,1
6291,doi:10.4232/1.12497,1.0.0 (2016-04-22),1,1,327,14000327,14408,14,3,TN,0.928828,1.377675,0.0,1.189387,1.499454,0.0,0.0,1,3,3,2,3,3,3,3,2,3,3,2,2,2,2,3,4,0,0,1,0,0,1,1,1,0,0,0,0,0,0,0,0,0,0,a,a,0,0,0,0,0,1,1,0,1,1,1,0,0,0,0,0,0,0,0,0,0,i,i,0,0,0,2,2,1,1,2,2,1,1,1,2,1,1,2,0,0,0,1,0,1,0,0,1,0,0,i,0,0,0,0,1,1,1,2,2,1,2,2,1,1,1,1,2,1,2,1,1,1,2,1,i,2,1,3,3,0,1,1,0,0,0,0,0,i,i,i,0,0,0,0,0,0,0,1,1,1,0,0,0,0,i,0,0,0,3,4,2,2,3,3,2,2,0,1,0,1,0,0,1,0,0,0,0,1,0,0,0,0,0,1,0,0,0,0,0,0,0,0,0,1,0,0,0,0,4,4,4,2,1,2,2,2,2,2,2,2,2,4,3,3,3,3,4,3,2,2,3,3,3,3,0,0,0,1,0,0,0,1,0,0,1,0,0,0,2,i,i,i,i,i,i,i,i,i,i,i,i,i,i,i,i,i,i,i,i,i,i,i,i,i,i,i,i,i,i,i,i,i,i,i,i,i,1,1,0,0,0,0,0,0,0,0,0,0,0,0,0,2,1,0,1,0,1,0,0,0,0,1,1,40,3,18,2,1,18,8,i,i,1,0,0,0,0,0,1,0,0,0,0,0,0,0,0,0,0,0,0,0,1,0,0,0,0,0,0,0,0,0,0,0,0,0,0,0,0,1,0,0,0,0,1,4,1,3,3,0,0,0,0,2,1,2,1,1,0,1,1,0,0,1,0,0,1,6,6,2,1,1,2,2,i,i,2,i,1,1,i,i,a,a,i,a,11,12,16,7,16,40,33,1,1,2,8,i,i,8,i,i,i,i,i,i,i,i,i,i,i,i,i,199,15,1
6291,doi:10.4232/1.12497,1.0.0 (2016-04-22),1,1,328,14000328,14409,14,3,TN,0.896558,1.377675,0.0,1.189387,1.499454,0.0,0.0,2,1,1,1,1,1,1,3,3,2,2,1,1,1,1,1,7,0,0,0,0,0,1,0,0,0,0,0,0,0,0,0,0,0,0,a,a,0,0,0,0,0,0,0,0,1,1,0,0,0,0,0,0,0,0,0,0,0,i,i,0,0,0,2,2,1,2,2,4,2,2,2,2,2,1,2,0,1,0,0,0,1,0,0,0,1,0,i,0,0,0,0,2,2,2,2,2,1,2,2,2,1,1,1,2,1,1,1,1,2,1,2,i,2,2,3,3,1,0,0,0,0,0,0,0,i,i,i,0,0,0,0,0,0,0,1,1,1,0,0,0,0,i,0,0,0,2,3,3,3,3,3,3,3,0,0,0,0,1,0,0,0,0,0,0,1,0,0,0,0,0,0,0,0,0,0,0,0,0,0,1,1,0,0,0,0,2,2,3,3,1,2,2,2,1,2,2,2,2,2,2,2,2,2,2,2,2,2,2,2,2,2,1,1,0,0,1,0,0,0,0,0,0,0,0,0,2,i,i,i,i,i,i,i,i,i,i,i,i,i,i,i,i,i,i,i,i,i,i,i,i,i,i,i,i,i,i,i,i,i,i,i,i,i,0,0,0,0,0,0,0,0,1,1,0,0,0,0,0,2,2,0,1,1,1,0,0,0,0,2,2,59,4,99,9,1,4,4,16,4,0,1,0,0,0,0,1,0,0,0,0,0,0,0,0,0,0,0,0,0,1,0,0,0,0,0,0,0,0,0,0,0,0,0,0,0,0,1,1,0,0,0,1,7,2,2,2,0,0,0,0,2,1,2,1,1,1,1,1,0,1,0,0,0,1,i,6,3,1,2,2,2,i,i,2,i,1,i,i,i,a,a,i,a,10,12,12,15,13,0,45,1,1,1,8,i,i,8,i,i,i,i,i,i,i,i,i,i,i,i,i,177,18,1
6291,doi:10.4232/1.12497,1.0.0 (2016-04-22),1,1,329,14000329,14410,14,3,TN,0.964361,1.377675,0.0,1.189387,1.499454,0.0,0.0,1,2,2,2,2,3,3,2,2,2,2,1,1,1,1,1,7,1,0,1,1,1,1,0,0,0,0,0,0,0,0,0,0,0,0,a,a,0,0,0,1,0,1,1,1,1,1,0,0,0,0,0,0,0,0,0,0,0,i,i,0,0,0,2,2,1,1,1,3,2,2,2,1,1,2,i,0,0,0,1,0,1,0,0,1,1,0,i,0,0,0,0,2,2,2,2,2,1,2,2,2,1,1,2,2,2,2,1,1,1,2,1,i,2,2,3,3,0,1,0,0,0,0,0,1,i,i,i,0,0,1,0,0,0,0,1,1,0,0,0,1,0,i,0,0,0,1,2,1,2,2,1,1,2,0,0,1,0,1,0,0,0,0,0,1,0,0,0,0,0,0,0,0,0,1,0,0,0,0,0,1,0,0,0,0,0,4,2,2,2,1,2,2,2,2,2,1,1,2,2,2,2,2,2,3,3,3,2,2,3,2,3,0,1,0,0,0,0,0,1,1,0,0,0,0,0,2,i,i,i,i,i,i,i,i,i,i,i,i,i,i,i,i,i,i,i,i,i,i,i,i,i,i,i,i,i,i,i,i,i,i,i,i,i,1,1,0,0,0,0,0,0,0,0,0,1,0,0,0,2,1,0,0,0,1,0,0,0,0,1,2,26,2,18,2,4,19,i,i,i,0,0,0,0,1,0,0,i,i,i,i,i,i,i,i,i,i,i,i,i,i,i,i,i,i,i,i,i,i,i,i,i,i,i,i,i,i,1,0,0,0,0,1,8,3,6,4,0,0,2,2,2,1,2,1,0,0,1,1,1,1,0,0,0,1,i,1,2,1,2,2,1,i,i,2,i,1,i,i,7,a,a,i,a,11,12,15,30,16,3,33,1,2,2,8,i,i,8,i,i,i,i,i,i,i,i,i,i,i,i,i,199,15,1
6291,doi:10.4232/1.12497,1.0.0 (2016-04-22),1,1,330,14000330,14411,14,3,TN,1.044261,1.377675,0.0,1.189387,1.499454,0.0,0.0,2,2,2,2,2,2,2,3,2,2,2,1,1,1,1,1,7,1,0,1,0,1,0,0,0,0,0,0,0,0,0,0,0,0,0,a,a,0,0,0,1,0,1,0,1,0,1,0,0,0,0,0,0,0,0,0,0,0,i,i,0,0,0,2,2,1,2,1,3,2,2,2,2,2,1,2,0,1,0,1,0,1,0,0,1,0,0,i,0,0,0,0,2,2,3,3,2,1,2,2,1,1,1,1,2,2,2,1,1,1,2,1,i,1,1,3,3,0,1,0,0,0,0,0,0,i,i,i,0,0,1,0,0,0,0,0,1,0,0,0,0,0,i,0,0,0,2,3,3,3,2,3,3,3,1,0,0,1,1,0,0,0,0,0,1,1,0,0,0,0,1,0,0,1,0,0,0,0,0,0,0,0,0,0,0,0,3,3,3,3,1,2,2,2,2,2,1,1,2,2,2,3,3,3,4,3,4,3,4,4,4,4,0,1,0,0,0,0,0,1,1,0,0,0,0,0,2,i,i,i,i,i,i,i,i,i,i,i,i,i,i,i,i,i,i,i,i,i,i,i,i,i,i,i,i,i,i,i,i,i,i,i,i,i,1,1,0,0,0,0,0,0,0,0,0,0,0,0,0,1,1,0,1,0,1,0,0,0,0,1,2,44,3,17,2,1,13,7,i,i,0,0,0,0,1,0,0,i,i,i,i,i,i,i,i,i,i,i,i,i,i,i,i,i,i,i,i,i,i,i,i,i,i,i,i,i,i,1,0,0,0,0,1,7,2,2,2,1,1,1,1,1,1,3,1,0,0,1,1,1,1,0,0,0,1,2,5,3,1,2,2,2,i,i,2,i,1,i,i,i,a,a,i,a,14,12,14,1,14,35,34,1,1,1,8,i,i,8,i,i,i,i,i,i,i,i,i,i,i,i,i,184,15,1
6291,doi:10.4232/1.12497,1.0.0 (2016-04-22),1,1,331,14000331,14412,14,3,TN,0.998201,1.377675,0.0,1.189387,1.499454,0.0,0.0,2,3,3,3,4,1,2,4,4,3,3,3,3,3,1,3,8,1,0,0,1,0,1,1,0,0,0,0,1,0,0,0,0,0,0,a,a,0,0,0,1,0,0,1,0,1,1,1,0,0,0,1,0,0,0,0,0,0,i,i,0,0,0,2,2,2,2,2,2,2,2,2,3,5,1,2,1,1,0,1,0,0,0,0,0,0,0,i,0,0,0,0,2,2,3,3,3,1,1,2,2,2,1,1,1,1,1,1,1,1,2,2,i,1,1,3,3,1,0,0,0,0,0,0,0,i,i,i,0,0,0,0,0,0,0,1,1,1,0,0,0,0,i,0,0,0,4,4,1,1,2,3,3,3,0,0,1,0,0,0,1,0,0,0,1,0,0,0,0,0,1,1,0,0,0,0,0,0,0,0,0,0,0,0,0,0,3,3,3,3,2,2,2,2,2,2,2,2,2,3,3,4,4,3,3,4,2,2,3,3,4,4,1,1,0,0,0,0,1,0,0,0,0,0,0,0,2,i,i,i,i,i,i,i,i,i,i,i,i,i,i,i,i,i,i,i,i,i,i,i,i,i,i,i,i,i,i,i,i,i,i,i,i,i,0,0,0,0,0,0,0,0,1,0,0,1,0,0,0,1,2,0,1,0,0,0,1,0,0,1,1,17,1,0,5,3,2,2,19,i,0,0,0,0,1,0,0,i,i,i,i,i,i,i,i,i,i,i,i,i,i,i,i,i,i,i,i,i,i,i,i,i,i,i,i,i,i,0,0,0,1,0,0,4,1,3,3,1,1,0,0,1,1,3,1,0,0,1,0,1,1,0,0,0,7,i,5,3,1,2,2,2,i,i,2,i,2,i,i,i,a,a,i,a,14,12,12,5,12,37,32,1,2,1,8,i,i,8,i,i,i,i,i,i,i,i,i,i,i,i,i,184,16,1
6291,doi:10.4232/1.12497,1.0.0 (2016-04-22),1,1,332,14000332,14413,14,3,TN,1.006496,1.377675,0.0,1.189387,1.499454,0.0,0.0,2,3,3,3,4,2,2,3,3,2,2,1,3,3,1,3,8,1,1,0,1,0,1,1,0,0,1,0,0,0,0,0,0,0,1,a,a,0,0,0,1,1,0,1,0,1,1,1,0,1,0,0,0,0,0,0,0,1,i,i,0,0,0,3,3,1,1,2,4,2,2,2,4,5,1,2,0,0,1,1,0,0,0,1,0,0,0,i,0,0,0,0,2,2,3,4,4,1,2,2,2,2,2,2,2,1,1,1,1,2,2,1,i,1,1,3,3,1,0,0,0,0,0,0,0,i,i,i,0,0,0,0,0,0,0,1,1,0,1,0,0,0,i,0,0,0,2,3,1,1,2,3,3,4,0,1,0,0,0,0,1,0,0,0,0,1,0,0,0,0,1,0,0,0,0,0,0,0,0,0,1,0,0,0,0,0,2,2,3,2,1,2,2,1,2,2,2,1,2,3,3,3,4,3,3,4,3,3,4,4,4,4,1,0,1,0,0,0,1,0,0,0,0,0,0,0,2,i,i,i,i,i,i,i,i,i,i,i,i,i,i,i,i,i,i,i,i,i,i,i,i,i,i,i,i,i,i,i,i,i,i,i,i,i,0,1,0,0,0,0,0,0,1,1,0,0,0,0,0,1,2,1,1,1,0,0,0,0,0,1,1,20,1,1,6,3,3,3,18,4,0,0,0,0,1,0,0,i,i,i,i,i,i,i,i,i,i,i,i,i,i,i,i,i,i,i,i,i,i,i,i,i,i,i,i,i,i,0,0,0,1,0,0,5,1,3,3,0,0,0,0,1,1,3,1,0,0,1,1,1,1,0,0,0,1,i,3,3,1,2,2,2,i,i,2,i,1,i,i,i,a,a,i,a,14,12,12,42,13,15,33,1,2,1,8,i,i,8,i,i,i,i,i,i,i,i,i,i,i,i,i,184,16,1
6291,doi:10.4232/1.12497,1.0.0 (2016-04-22),1,1,333,14000333,14414,14,3,TN,0.972376,1.377675,0.0,1.189387,1.499454,0.0,0.0,2,3,2,3,3,3,3,4,3,3,3,3,3,3,3,3,8,1,0,0,1,1,1,0,0,0,0,0,0,0,0,0,0,0,0,a,a,0,0,0,1,0,0,1,1,1,0,1,0,0,0,0,0,0,0,0,0,0,i,i,0,0,0,3,3,3,2,2,3,2,2,2,2,2,1,2,0,0,0,1,0,0,0,1,0,0,0,i,0,0,0,0,2,2,3,3,4,1,2,2,2,1,1,1,1,1,2,2,1,1,1,2,i,1,1,3,3,1,1,0,1,0,0,0,0,i,i,i,0,0,0,0,0,0,0,1,0,0,0,0,0,0,i,0,0,0,3,3,1,2,3,3,2,3,0,1,0,0,0,0,0,0,0,0,1,0,1,0,0,0,1,0,0,0,0,0,1,0,0,0,0,0,0,0,0,0,4,2,3,4,1,2,2,1,2,2,2,2,2,4,2,2,3,3,3,4,3,4,4,3,4,4,0,1,0,0,1,0,1,0,0,0,0,0,0,0,2,i,i,i,i,i,i,i,i,i,i,i,i,i,i,i,i,i,i,i,i,i,i,i,i,i,i,i,i,i,i,i,i,i,i,i,i,i,0,0,0,0,0,0,0,1,1,0,0,0,0,0,0,3,2,0,1,0,1,0,0,0,0,2,2,38,2,1,6,1,1,1,19,i,0,0,0,0,1,0,0,i,i,i,i,i,i,i,i,i,i,i,i,i,i,i,i,i,i,i,i,i,i,i,i,i,i,i,i,i,i,0,0,0,1,0,0,5,2,3,3,0,0,1,1,1,2,1,1,0,0,1,1,1,1,0,0,0,6,i,6,3,2,2,2,2,i,i,2,i,i,i,i,i,a,a,i,a,14,12,15,42,16,15,33,1,2,2,8,i,i,8,i,i,i,i,i,i,i,i,i,i,i,i,i,202,16,1
6291,doi:10.4232/1.12497,1.0.0 (2016-04-22),1,1,334,14000334,14415,14,3,TN,1.099145,1.377675,0.0,1.189387,1.499454,0.0,0.0,1,3,2,2,3,3,3,4,3,2,2,2,1,3,3,1,7,0,1,1,0,0,0,0,0,0,0,0,0,0,0,0,0,0,0,a,a,0,0,0,0,1,1,0,0,0,1,0,0,0,0,0,0,0,0,0,0,0,i,i,0,0,0,1,1,1,1,2,4,2,2,2,3,2,1,2,0,1,0,1,0,0,1,0,1,0,0,i,0,0,0,0,2,3,3,2,2,1,2,2,2,1,2,2,2,2,2,2,1,2,2,2,i,2,2,3,3,0,1,1,0,0,0,0,0,i,i,i,0,0,0,0,0,0,0,0,1,0,0,0,0,0,i,0,0,0,2,3,1,2,2,3,2,2,0,0,1,0,1,0,0,0,0,0,1,0,0,0,0,0,1,1,0,0,0,0,0,0,0,0,0,0,0,0,0,0,2,2,3,3,1,2,2,1,2,2,1,1,2,2,1,2,2,2,3,2,2,1,2,2,2,2,0,0,0,0,1,0,1,1,0,0,0,0,0,0,2,i,i,i,i,i,i,i,i,i,i,i,i,i,i,i,i,i,i,i,i,i,i,i,i,i,i,i,i,i,i,i,i,i,i,i,i,i,1,1,0,0,0,0,0,0,0,0,0,1,0,0,0,3,1,0,1,0,1,0,0,0,0,2,2,23,1,0,5,3,2,2,19,i,0,0,0,0,1,0,0,i,i,i,i,i,i,i,i,i,i,i,i,i,i,i,i,i,i,i,i,i,i,i,i,i,i,i,i,i,i,0,1,0,0,0,1,7,3,4,4,0,0,0,0,1,1,3,1,1,0,1,1,1,1,0,0,0,1,i,2,3,1,2,2,2,i,i,2,i,1,i,i,i,a,a,i,a,10,12,14,10,14,45,35,1,2,1,8,i,i,8,i,i,i,i,i,i,i,i,i,i,i,i,i,183,15,1
6291,doi:10.4232/1.12497,1.0.0 (2016-04-22),1,1,335,14000335,14416,14,3,TN,1.038646,1.377675,0.0,1.189387,1.499454,0.0,0.0,3,3,3,3,4,4,4,4,5,3,3,1,3,2,4,1,6,0,0,0,1,0,0,0,1,0,0,0,0,0,0,0,0,0,0,a,a,0,0,0,0,0,0,1,0,1,0,1,0,0,0,0,0,0,0,0,0,0,i,i,0,0,0,2,2,4,4,5,2,2,2,2,6,6,3,i,0,0,0,0,0,0,0,0,1,0,0,i,0,0,0,0,5,2,3,3,3,1,2,2,2,2,2,2,2,2,2,2,2,2,2,2,i,2,2,3,3,1,0,0,0,0,0,0,0,i,i,i,0,0,0,0,0,0,0,1,0,0,0,0,0,0,i,0,0,0,4,4,3,3,2,3,2,3,0,0,1,0,0,0,0,1,0,0,0,0,0,0,0,0,0,0,0,0,0,0,0,0,0,0,0,0,0,0,0,1,3,2,3,2,2,2,2,2,1,2,2,2,2,4,4,2,2,2,2,2,3,3,2,2,3,2,0,0,0,1,0,0,0,1,0,0,0,0,0,0,2,i,i,i,i,i,i,i,i,i,i,i,i,i,i,i,i,i,i,i,i,i,i,i,i,i,i,i,i,i,i,i,i,i,i,i,i,i,0,0,0,1,0,0,0,1,0,0,0,0,0,0,0,3,2,0,0,1,0,0,0,0,0,2,2,22,1,1,6,3,1,1,19,i,0,0,0,0,1,0,0,i,i,i,i,i,i,i,i,i,i,i,i,i,i,i,i,i,i,i,i,i,i,i,i,i,i,i,i,i,i,0,0,0,1,0,0,3,3,3,3,8,4,0,0,2,1,2,1,0,0,0,0,0,1,0,0,0,7,i,7,3,2,2,2,2,i,i,2,i,i,i,i,i,a,a,i,a,14,12,10,45,11,15,30,1,4,2,8,i,i,8,i,i,i,i,i,i,i,i,i,i,i,i,i,186,17,1
6291,doi:10.4232/1.12497,1.0.0 (2016-04-22),1,1,336,14000336,14417,14,3,TN,0.986783,1.377675,0.0,1.189387,1.499454,0.0,0.0,2,2,2,2,2,3,3,3,3,3,3,3,3,3,3,3,7,0,0,1,0,0,1,0,0,0,0,0,1,0,0,0,0,0,0,a,a,0,0,0,0,0,1,0,0,1,1,0,0,0,0,1,0,0,0,0,0,0,i,i,0,0,0,2,2,2,2,3,4,2,2,2,3,6,1,2,0,1,0,0,0,1,0,0,0,1,0,i,0,0,0,0,4,4,4,4,4,1,2,2,2,2,2,2,2,2,2,1,1,1,2,1,i,2,2,4,4,1,0,0,0,0,0,0,0,i,i,i,0,0,0,0,0,0,0,1,0,0,0,0,0,0,i,0,0,0,4,4,3,3,3,3,3,3,0,0,0,0,1,1,0,0,0,0,1,1,0,0,0,0,0,0,0,0,0,0,0,0,0,0,1,1,0,0,0,0,4,4,4,4,2,2,2,2,2,2,2,2,2,2,2,3,3,3,3,3,3,3,3,3,3,3,1,1,0,0,0,0,0,0,1,0,0,0,0,0,1,48,i,i,i,i,2,2,1,3,0,0,0,0,0,0,0,1,1,0,0,0,0,1,0,1,1,1,0,0,0,1,1,0,0,0,0,1,0,1,0,0,0,0,0,0,1,1,0,0,0,0,0,3,2,0,1,1,1,0,0,0,0,2,2,40,3,98,8,3,1,1,19,i,0,0,0,0,1,0,0,i,i,i,i,i,i,i,i,i,i,i,i,i,i,i,i,i,i,i,i,i,i,i,i,i,i,i,i,i,i,0,0,0,1,0,0,5,2,4,4,0,0,0,0,1,1,3,1,1,0,0,1,0,1,0,0,0,1,i,1,1,1,2,2,2,i,i,2,i,1,i,i,i,a,a,i,a,13,12,14,28,15,10,48,1,1,2,8,i,i,8,i,i,i,i,i,i,i,i,i,i,i,i,i,196,18,1
6291,doi:10.4232/1.12497,1.0.0 (2016-04-22),1,1,337,14000337,14418,14,3,TN,0.97507,1.377675,0.0,1.189387,1.499454,0.0,0.0,2,2,2,2,2,2,2,3,3,3,3,2,2,2,2,2,7,0,0,1,1,0,0,0,0,0,0,0,1,0,0,0,0,0,0,a,a,0,0,0,0,0,1,1,0,0,1,0,0,0,0,1,0,0,0,0,0,0,i,i,0,0,0,2,2,1,1,2,2,2,2,2,2,3,2,i,0,0,0,0,0,0,0,0,0,0,0,i,0,0,1,0,4,4,4,4,4,3,3,3,3,3,3,3,3,3,3,3,3,3,3,3,i,3,3,4,4,1,0,0,0,0,0,0,0,i,i,i,0,0,0,0,0,0,0,1,0,0,0,0,0,0,i,0,0,0,3,3,3,3,3,3,3,3,0,0,0,0,1,1,0,0,0,0,1,1,0,0,0,0,0,0,0,0,0,0,0,0,0,0,0,0,0,0,0,1,4,4,4,4,2,2,2,2,2,2,2,2,2,3,5,3,3,3,3,3,3,3,3,3,3,3,0,1,0,0,1,0,0,0,1,0,0,0,0,0,2,i,i,i,i,i,i,i,i,i,i,i,i,i,i,i,i,i,i,i,i,i,i,i,i,i,i,i,i,i,i,i,i,i,i,i,i,i,0,1,0,0,0,0,0,0,1,1,0,0,0,0,0,3,2,1,1,0,1,0,0,0,0,2,1,38,2,98,8,3,6,5,i,i,0,0,0,0,1,0,0,i,i,i,i,i,i,i,i,i,i,i,i,i,i,i,i,i,i,i,i,i,i,i,i,i,i,i,i,i,i,0,0,0,1,0,0,4,2,4,4,0,0,0,0,2,1,2,1,0,0,0,0,0,1,0,0,0,6,6,6,1,2,2,2,2,i,i,2,i,i,i,i,i,a,a,i,a,13,12,15,20,16,30,59,1,1,2,8,i,i,8,i,i,i,i,i,i,i,i,i,i,i,i,i,196,18,1
6291,doi:10.4232/1.12497,1.0.0 (2016-04-22),1,1,338,14000338,14419,14,3,TN,1.001621,1.377675,0.0,1.189387,1.499454,0.0,0.0,2,2,2,2,2,2,2,2,2,2,2,1,1,1,3,1,7,1,0,0,0,0,0,0,1,0,0,0,0,0,0,0,0,0,0,a,a,0,0,0,1,0,0,0,0,0,1,1,0,0,0,0,0,0,0,0,0,0,i,i,0,0,0,2,2,1,1,2,4,2,2,2,2,2,1,2,0,1,0,1,0,1,0,0,1,0,0,i,0,0,0,0,2,2,2,3,3,1,2,2,2,1,2,2,2,2,2,1,1,1,2,1,i,2,2,3,3,0,1,0,0,0,0,0,0,i,i,i,0,0,0,0,0,0,0,0,1,0,0,0,0,0,i,0,0,0,2,3,1,2,2,3,2,2,1,1,0,1,1,0,0,0,0,0,1,0,0,0,0,0,1,1,0,0,0,0,0,0,0,0,0,0,0,0,0,0,3,2,2,3,1,2,2,2,2,2,1,1,2,2,2,2,3,2,3,3,2,2,3,3,4,4,0,1,0,0,0,0,0,1,0,1,0,0,0,0,2,i,i,i,i,i,i,i,i,i,i,i,i,i,i,i,i,i,i,i,i,i,i,i,i,i,i,i,i,i,i,i,i,i,i,i,i,i,0,1,0,0,0,0,0,0,0,0,0,1,0,0,0,3,1,0,1,0,1,0,0,0,0,1,1,18,1,8,1,3,18,8,i,i,0,0,0,0,1,0,0,i,i,i,i,i,i,i,i,i,i,i,i,i,i,i,i,i,i,i,i,i,i,i,i,i,i,i,i,i,i,1,1,0,0,0,1,7,3,4,4,0,0,0,0,1,1,3,1,0,1,1,0,1,1,0,0,0,1,7,2,3,1,2,2,2,i,i,2,i,1,i,i,i,a,a,i,a,14,12,14,40,15,14,34,1,1,1,8,i,i,8,i,i,i,i,i,i,i,i,i,i,i,i,i,182,15,1
6291,doi:10.4232/1.12497,1.0.0 (2016-04-22),1,1,339,14000339,14420,14,3,TN,0.936547,1.377675,0.0,1.189387,1.499454,0.0,0.0,2,2,2,2,2,2,2,3,3,3,3,3,3,3,3,3,7,0,0,1,1,0,1,0,0,0,0,0,0,0,0,0,0,0,0,a,a,0,0,0,0,0,1,1,0,1,1,0,0,0,0,0,0,0,0,0,0,0,i,i,0,0,0,2,2,1,1,2,2,2,2,2,3,2,1,2,0,1,1,1,0,1,0,0,0,1,0,i,0,0,0,0,4,4,4,4,4,1,2,2,2,2,2,2,2,2,2,1,2,1,2,2,i,2,2,4,4,1,0,0,0,0,0,0,0,i,i,i,0,0,0,0,0,0,0,1,0,0,0,0,0,0,i,0,0,0,4,3,3,3,3,3,3,3,0,0,0,0,1,1,1,0,0,0,1,1,0,0,0,0,0,0,0,0,1,0,0,0,0,0,0,1,0,0,0,0,2,2,2,3,1,2,2,2,2,2,2,2,2,3,3,2,2,3,3,3,3,3,3,3,3,3,0,1,0,0,1,0,0,0,1,0,0,0,0,0,1,3,i,i,i,i,1,1,1,3,0,0,1,1,0,0,0,0,1,0,0,0,0,1,0,0,1,0,1,0,0,0,0,1,0,0,0,1,0,1,0,0,0,0,0,0,1,1,0,0,0,0,0,3,2,1,1,0,1,0,0,0,0,2,1,54,3,1,6,1,4,4,16,4,1,1,0,0,0,0,1,0,1,0,0,0,0,0,0,1,1,0,0,0,0,0,0,1,0,1,0,0,0,0,0,1,0,0,0,0,0,1,1,0,0,0,1,7,2,3,3,0,0,0,0,2,1,2,1,0,0,0,0,0,0,0,0,0,2,i,6,1,1,2,2,2,i,i,2,i,1,i,i,i,a,a,i,a,13,12,17,0,17,30,30,1,1,2,8,i,i,8,i,i,i,i,i,i,i,i,i,i,i,i,i,196,18,1
6291,doi:10.4232/1.12497,1.0.0 (2016-04-22),1,1,340,14000340,14421,14,3,TN,1.03254,1.377675,0.0,1.189387,1.499454,0.0,0.0,2,3,2,3,3,2,2,4,3,3,3,1,3,1,1,3,7,1,0,0,1,0,1,0,1,0,0,0,0,0,0,0,0,0,0,a,a,0,0,0,1,0,0,1,0,1,1,1,0,0,0,0,0,0,0,0,0,0,i,i,0,0,0,1,3,1,3,2,3,2,2,2,2,2,1,2,0,1,1,1,0,0,0,0,0,1,0,i,0,0,0,0,2,2,2,3,3,1,2,2,2,2,1,1,2,1,1,1,1,1,1,2,i,2,1,3,3,1,0,0,0,0,0,0,0,i,i,i,0,0,0,0,0,0,0,1,1,0,1,0,0,0,i,0,0,0,2,3,1,1,2,3,2,3,1,0,0,0,0,0,1,0,0,0,0,0,0,0,0,0,0,1,0,0,0,0,0,0,0,0,0,0,1,0,0,0,2,2,2,3,2,2,2,2,2,2,1,1,2,4,3,3,3,3,3,4,3,3,3,4,4,4,1,0,0,0,0,1,1,0,0,0,0,0,0,0,2,i,i,i,i,i,i,i,i,i,i,i,i,i,i,i,i,i,i,i,i,i,i,i,i,i,i,i,i,i,i,i,i,i,i,i,i,i,0,0,0,0,0,0,0,0,1,1,0,0,0,0,0,3,2,0,1,1,0,0,0,0,0,2,2,26,2,12,1,3,18,8,i,i,0,0,0,0,1,0,0,i,i,i,i,i,i,i,i,i,i,i,i,i,i,i,i,i,i,i,i,i,i,i,i,i,i,i,i,i,i,0,0,0,1,0,0,6,1,4,4,0,0,1,1,1,1,3,1,0,0,1,1,0,1,0,0,0,1,7,2,3,1,2,2,2,i,i,2,i,1,i,i,i,a,a,i,a,14,12,13,20,13,50,30,1,1,1,8,i,i,8,i,i,i,i,i,i,i,i,i,i,i,i,i,184,16,1
6291,doi:10.4232/1.12497,1.0.0 (2016-04-22),1,1,341,14000341,14422,14,3,TN,0.968209,1.377675,0.0,1.189387,1.499454,0.0,0.0,2,3,2,2,3,3,3,2,2,2,2,1,1,3,3,3,3,0,0,0,1,0,1,0,1,0,0,0,0,0,0,0,0,0,0,a,a,0,0,0,0,0,1,1,0,1,0,1,0,0,0,0,0,0,0,0,0,0,i,i,0,0,0,1,1,1,1,2,4,2,2,2,2,2,1,2,0,0,0,1,0,1,0,0,1,0,0,i,0,0,0,0,2,2,2,3,2,1,2,2,2,1,2,2,2,1,2,1,1,1,2,2,i,2,1,3,3,1,1,0,1,0,0,0,0,i,i,i,0,0,0,0,0,0,0,1,1,0,1,0,0,0,i,0,0,0,2,3,2,2,2,3,2,2,0,0,0,1,1,0,1,0,0,0,0,1,0,0,0,0,0,0,0,0,0,0,1,0,0,0,0,1,0,0,0,0,2,1,2,5,1,1,2,1,1,2,1,1,2,2,2,2,2,2,3,3,2,2,2,2,3,3,0,1,0,1,0,0,0,1,0,0,0,0,0,0,2,i,i,i,i,i,i,i,i,i,i,i,i,i,i,i,i,i,i,i,i,i,i,i,i,i,i,i,i,i,i,i,i,i,i,i,i,i,1,1,0,0,0,0,0,0,0,0,0,0,0,0,0,3,1,0,1,0,0,0,0,0,0,2,1,84,4,11,1,1,3,3,18,4,0,0,0,0,1,0,0,i,i,i,i,i,i,i,i,i,i,i,i,i,i,i,i,i,i,i,i,i,i,i,i,i,i,i,i,i,i,0,0,0,1,0,0,6,1,3,3,0,0,0,0,2,1,2,1,0,0,0,0,0,1,0,0,0,7,i,6,2,2,2,2,2,i,i,2,i,i,i,i,i,a,a,i,a,11,12,13,53,14,38,44,1,1,2,8,i,i,8,i,i,i,i,i,i,i,i,i,i,i,i,i,195,15,1
6291,doi:10.4232/1.12497,1.0.0 (2016-04-22),1,1,342,14000342,14423,14,3,TN,0.938689,1.377675,0.0,1.189387,1.499454,0.0,0.0,4,3,3,3,4,2,2,2,2,2,2,2,1,1,2,1,4,1,0,0,0,0,1,1,0,0,0,0,0,0,0,0,0,0,0,a,a,0,0,0,1,0,0,1,0,1,1,0,0,0,0,0,0,0,0,0,0,0,i,i,0,0,0,2,2,1,1,2,2,2,1,2,3,3,1,2,0,0,0,1,0,1,0,0,1,0,0,i,0,0,0,0,2,2,3,3,2,1,2,2,2,1,1,2,2,2,2,1,1,1,2,1,i,2,2,3,3,0,1,0,0,0,0,0,1,i,i,i,0,0,1,0,0,0,0,0,1,0,0,0,0,0,i,0,0,0,2,3,2,3,3,3,2,2,0,0,0,0,1,0,1,0,0,0,1,0,0,0,0,0,0,0,0,0,1,0,1,0,0,0,0,0,0,0,0,0,3,2,2,3,1,1,2,2,2,2,1,1,2,3,2,2,2,2,3,3,2,3,3,3,2,4,0,1,0,1,0,0,0,1,0,0,0,0,0,0,2,i,i,i,i,i,i,i,i,i,i,i,i,i,i,i,i,i,i,i,i,i,i,i,i,i,i,i,i,i,i,i,i,i,i,i,i,i,1,0,0,0,0,0,0,0,0,0,0,0,0,0,0,1,1,0,1,0,1,0,0,0,0,1,1,24,1,12,1,3,18,8,i,i,0,0,0,0,1,0,0,i,i,i,i,i,i,i,i,i,i,i,i,i,i,i,i,i,i,i,i,i,i,i,i,i,i,i,i,i,i,1,0,0,0,0,1,6,2,5,4,0,0,0,0,1,1,3,1,1,0,1,0,0,0,0,0,0,7,7,7,3,2,2,2,2,i,i,2,i,i,i,i,i,a,a,i,a,14,12,16,55,17,31,36,1,1,2,8,i,i,8,i,i,i,i,i,i,i,i,i,i,i,i,i,202,15,1
6291,doi:10.4232/1.12497,1.0.0 (2016-04-22),1,1,343,14000343,14424,14,3,TN,0.971741,1.377675,0.0,1.189387,1.499454,0.0,0.0,2,3,2,3,3,4,4,3,3,2,3,1,3,3,2,3,6,0,0,0,1,0,0,0,1,0,0,0,0,0,0,0,0,0,0,a,a,0,0,0,0,0,0,1,0,1,0,1,0,0,0,0,0,0,0,0,0,0,i,i,0,0,0,2,2,2,2,2,2,2,1,2,3,5,1,2,0,1,0,1,0,0,0,0,0,0,0,i,0,0,0,0,2,2,5,4,4,1,1,2,2,1,1,1,1,1,1,1,1,1,2,2,i,2,1,3,3,1,0,0,0,0,0,0,0,i,i,i,0,0,0,0,0,0,0,1,1,0,0,0,0,0,i,0,0,0,4,4,1,2,4,4,3,3,1,0,1,0,0,0,1,0,0,0,0,1,0,0,0,0,0,1,0,0,0,0,1,0,0,0,0,0,0,0,0,0,2,2,4,2,1,2,2,1,2,2,2,2,2,4,3,4,4,3,4,4,2,3,3,4,4,3,1,1,0,0,0,0,1,0,0,0,0,0,0,0,2,i,i,i,i,i,i,i,i,i,i,i,i,i,i,i,i,i,i,i,i,i,i,i,i,i,i,i,i,i,i,i,i,i,i,i,i,i,1,0,0,0,0,0,0,1,1,0,0,0,0,0,0,1,2,0,1,0,1,0,0,0,0,1,1,27,2,21,3,3,5,5,i,i,0,0,0,0,1,0,0,i,i,i,i,i,i,i,i,i,i,i,i,i,i,i,i,i,i,i,i,i,i,i,i,i,i,i,i,i,i,1,0,0,0,0,1,3,1,6,4,0,0,0,0,2,1,2,1,0,0,0,0,0,1,0,0,0,7,6,6,1,2,2,2,2,i,i,2,i,i,i,i,i,a,a,i,a,11,12,16,15,16,42,28,1,1,2,8,i,i,8,i,i,i,i,i,i,i,i,i,i,i,i,i,194,16,1
6291,doi:10.4232/1.12497,1.0.0 (2016-04-22),1,1,344,14000344,14425,14,3,TN,0.93617,1.377675,0.0,1.189387,1.499454,0.0,0.0,1,3,2,3,3,4,4,4,5,3,3,1,3,3,1,3,6,0,0,0,1,1,0,0,1,0,0,0,0,0,0,0,0,0,0,a,a,0,0,0,0,0,0,1,1,1,0,1,0,0,0,0,0,0,0,0,0,0,i,i,0,0,0,1,3,1,2,2,2,2,2,2,2,5,1,2,0,0,0,1,0,0,0,0,0,0,0,i,0,0,0,0,3,3,4,4,4,1,2,2,2,1,1,1,1,1,2,2,1,1,1,2,i,1,1,4,4,1,0,0,0,0,0,0,0,i,i,i,0,0,0,0,0,0,0,1,0,0,0,0,0,0,i,0,0,0,4,4,2,1,3,2,3,3,1,0,0,0,0,0,1,0,0,0,0,0,0,0,0,0,0,1,0,0,0,0,0,0,0,0,0,0,0,0,0,0,2,1,3,5,1,2,3,1,2,2,2,2,2,4,5,3,4,2,3,4,3,3,4,3,4,4,0,1,0,1,0,0,1,0,0,0,0,0,0,0,2,i,i,i,i,i,i,i,i,i,i,i,i,i,i,i,i,i,i,i,i,i,i,i,i,i,i,i,i,i,i,i,i,i,i,i,i,i,0,1,0,0,0,0,0,0,1,0,0,0,0,0,0,1,2,0,0,1,0,0,0,0,0,1,2,69,4,1,6,1,4,4,19,i,0,0,0,0,1,0,0,i,i,i,i,i,i,i,i,i,i,i,i,i,i,i,i,i,i,i,i,i,i,i,i,i,i,i,i,i,i,0,0,0,1,0,0,3,1,3,3,0,0,0,0,2,2,4,1,0,0,0,0,0,1,0,0,0,7,i,6,1,2,2,2,2,i,i,2,i,i,i,i,i,a,a,i,a,11,12,18,15,18,48,33,1,2,2,8,i,i,8,i,i,i,i,i,i,i,i,i,i,i,i,i,194,16,1
6291,doi:10.4232/1.12497,1.0.0 (2016-04-22),1,1,345,14000345,14426,14,3,TN,0.97507,1.377675,0.0,1.189387,1.499454,0.0,0.0,3,2,1,2,2,3,3,2,3,3,3,1,3,3,2,3,6,0,0,1,1,0,0,1,1,0,0,1,0,0,0,0,0,0,0,a,a,0,0,0,0,0,1,1,0,1,1,1,0,0,1,0,0,0,0,0,0,0,i,i,0,0,0,2,2,2,2,2,2,1,1,1,5,4,1,2,0,0,0,1,0,1,0,0,0,0,0,i,0,0,0,0,2,2,3,2,3,1,1,2,2,1,1,2,2,2,1,1,2,1,1,1,i,2,1,3,3,1,0,0,0,0,0,0,0,i,i,i,0,0,0,0,0,0,0,1,1,0,0,0,0,0,i,0,0,0,4,4,1,2,4,3,2,3,1,0,1,0,0,0,1,0,0,0,1,0,0,0,0,0,0,1,0,0,0,0,1,0,0,0,0,0,0,0,0,0,4,4,4,4,2,2,2,1,2,2,2,2,2,4,4,4,4,3,3,4,2,2,3,4,4,3,1,1,0,0,0,0,0,1,0,0,0,0,0,0,2,i,i,i,i,i,i,i,i,i,i,i,i,i,i,i,i,i,i,i,i,i,i,i,i,i,i,i,i,i,i,i,i,i,i,i,i,i,0,1,0,0,0,0,0,1,0,0,0,0,0,0,0,2,1,0,1,1,0,0,1,0,0,1,1,37,2,12,1,1,3,3,8,1,0,0,0,0,1,0,0,i,i,i,i,i,i,i,i,i,i,i,i,i,i,i,i,i,i,i,i,i,i,i,i,i,i,i,i,i,i,1,0,0,0,0,1,3,1,12,4,0,0,0,0,1,1,3,1,0,0,0,0,0,1,0,0,0,7,i,6,1,2,2,2,2,i,i,2,i,i,i,i,i,a,a,i,a,11,12,16,58,17,35,37,1,2,2,8,i,i,8,i,i,i,i,i,i,i,i,i,i,i,i,i,194,16,1
6291,doi:10.4232/1.12497,1.0.0 (2016-04-22),1,1,346,14000346,14427,14,3,TN,1.030085,1.377675,0.0,1.189387,1.499454,0.0,0.0,2,3,3,3,4,3,3,3,4,3,3,1,3,3,3,1,8,1,0,0,0,0,1,1,0,0,0,0,0,0,0,0,0,0,0,a,a,0,0,0,1,0,0,0,0,1,1,1,0,0,0,0,0,0,0,0,0,0,i,i,0,0,0,2,2,2,2,2,3,2,2,2,2,5,1,2,1,0,1,1,0,0,0,1,0,0,0,i,0,0,0,0,2,2,3,3,3,1,2,1,1,1,1,2,2,1,2,1,1,1,1,2,i,2,1,4,4,1,0,0,0,0,0,0,0,i,i,i,0,0,0,0,0,0,0,1,1,0,0,0,0,1,i,0,0,0,2,3,2,2,4,4,2,3,0,0,1,0,0,0,0,0,0,0,1,0,0,0,0,0,1,0,0,0,0,0,0,0,0,0,0,0,0,0,0,0,2,3,3,4,2,2,2,2,2,2,2,2,2,3,5,3,4,3,4,3,3,4,4,4,4,4,0,1,0,0,1,0,1,0,0,0,0,0,0,0,2,i,i,i,i,i,i,i,i,i,i,i,i,i,i,i,i,i,i,i,i,i,i,i,i,i,i,i,i,i,i,i,i,i,i,i,i,i,0,1,0,0,0,0,0,1,0,0,0,1,0,0,0,3,2,0,1,1,0,0,0,0,0,1,2,19,1,0,5,3,2,2,19,i,0,0,0,0,1,0,0,i,i,i,i,i,i,i,i,i,i,i,i,i,i,i,i,i,i,i,i,i,i,i,i,i,i,i,i,i,i,0,0,1,0,0,1,5,2,4,4,0,0,1,1,1,1,3,1,1,0,1,0,0,1,0,0,0,7,i,3,1,1,2,2,2,i,i,2,i,3,i,i,i,a,a,i,a,11,12,18,59,19,35,36,1,1,2,8,i,i,8,i,i,i,i,i,i,i,i,i,i,i,i,i,194,16,1
6291,doi:10.4232/1.12497,1.0.0 (2016-04-22),1,1,347,14000347,14428,14,3,TN,0.935483,1.377675,0.0,1.189387,1.499454,0.0,0.0,2,3,2,3,3,3,3,4,5,2,3,1,3,3,3,3,4,0,0,1,0,0,0,1,1,0,0,0,0,0,0,0,0,0,0,a,a,0,0,0,0,0,1,1,0,0,1,1,0,0,0,0,0,0,0,0,0,0,i,i,0,0,0,2,2,1,3,2,3,2,2,1,2,5,1,2,1,1,0,1,0,0,0,1,0,0,0,i,0,0,0,0,2,2,3,3,3,1,2,1,2,1,1,1,1,1,2,2,1,1,2,2,i,1,1,3,3,1,0,0,0,0,0,0,0,i,i,i,0,0,0,0,0,0,0,1,1,0,0,0,0,0,i,0,0,0,4,4,2,1,4,3,2,3,1,0,0,0,0,0,1,0,0,0,1,1,0,0,0,0,1,0,0,0,0,0,1,0,0,0,0,0,0,0,0,0,2,2,3,4,1,2,2,1,2,2,1,2,2,4,5,2,3,3,3,4,2,2,3,4,3,3,1,1,0,0,0,1,0,0,0,0,0,0,0,0,2,i,i,i,i,i,i,i,i,i,i,i,i,i,i,i,i,i,i,i,i,i,i,i,i,i,i,i,i,i,i,i,i,i,i,i,i,i,0,0,0,0,0,0,0,1,0,0,1,0,0,0,0,1,1,0,1,0,1,0,0,0,0,1,1,22,1,16,2,3,8,5,i,i,0,0,0,0,1,0,0,i,i,i,i,i,i,i,i,i,i,i,i,i,i,i,i,i,i,i,i,i,i,i,i,i,i,i,i,i,i,1,0,0,0,0,1,5,3,4,4,0,0,1,1,1,1,3,1,1,0,1,1,0,1,0,0,0,2,6,5,1,1,2,2,2,i,i,2,i,3,i,i,i,a,a,i,a,11,12,17,41,18,12,31,1,2,2,8,i,i,8,i,i,i,i,i,i,i,i,i,i,i,i,i,194,16,1
6291,doi:10.4232/1.12497,1.0.0 (2016-04-22),1,1,348,14000348,14429,14,3,TN,0.982003,1.377675,0.0,1.189387,1.499454,0.0,0.0,2,3,3,3,4,4,4,3,2,3,3,2,3,3,3,3,4,1,0,1,0,0,0,1,0,0,0,0,0,0,0,0,0,0,0,a,a,0,0,0,1,0,1,1,0,0,1,0,0,0,0,0,0,0,0,0,0,0,i,i,0,0,0,2,2,1,2,2,3,2,2,2,6,2,2,i,0,0,0,1,0,1,0,0,0,0,0,i,0,0,0,0,2,2,3,5,2,1,2,2,2,1,1,2,2,1,2,1,1,1,2,2,i,2,2,3,3,0,1,1,0,0,0,0,0,i,i,i,0,0,0,0,0,0,0,1,0,0,0,0,0,0,i,0,0,0,2,3,2,2,2,3,3,3,0,0,1,0,0,0,1,0,0,0,1,0,0,0,0,0,1,0,0,0,0,0,1,0,0,0,0,0,0,0,0,0,2,1,2,5,1,2,2,2,2,2,1,1,2,3,2,2,2,2,3,3,2,2,3,3,3,2,0,0,0,1,0,0,0,1,0,1,0,0,0,0,2,i,i,i,i,i,i,i,i,i,i,i,i,i,i,i,i,i,i,i,i,i,i,i,i,i,i,i,i,i,i,i,i,i,i,i,i,i,0,1,0,0,0,0,0,0,0,0,0,1,0,0,0,3,1,1,0,0,1,0,0,0,0,2,2,43,3,9,1,1,1,1,19,i,0,0,0,0,1,0,0,i,i,i,i,i,i,i,i,i,i,i,i,i,i,i,i,i,i,i,i,i,i,i,i,i,i,i,i,i,i,0,0,1,0,0,1,5,2,2,2,2,2,0,0,2,1,2,1,0,0,0,0,0,0,1,0,0,7,i,6,2,2,2,2,2,i,i,2,i,i,i,i,i,a,a,i,a,11,12,13,16,13,48,38,1,2,2,8,i,i,8,i,i,i,i,i,i,i,i,i,i,i,i,i,195,15,1
6291,doi:10.4232/1.12497,1.0.0 (2016-04-22),1,1,349,14000349,14430,14,3,TN,0.97507,1.377675,0.0,1.189387,1.499454,0.0,0.0,2,2,2,3,3,2,2,2,2,2,2,1,1,1,1,1,8,1,0,0,1,1,0,0,0,0,0,0,0,0,0,0,0,0,0,a,a,0,0,0,1,0,0,1,1,0,0,1,0,0,0,0,0,0,0,0,0,0,i,i,0,0,0,1,1,3,3,3,3,2,2,2,3,5,2,i,0,0,1,1,0,0,0,0,0,0,0,i,0,0,0,0,3,3,3,3,3,1,1,1,2,1,1,1,1,1,2,1,1,1,2,2,i,2,1,4,4,1,0,0,0,0,0,0,0,i,i,i,0,0,0,0,0,0,0,1,1,0,0,0,1,0,i,0,0,0,3,4,1,2,3,3,2,3,0,0,1,0,0,0,0,0,0,0,1,0,0,0,0,0,1,1,0,0,0,0,0,0,0,0,0,0,0,0,0,0,2,1,2,3,2,2,2,2,2,2,1,1,2,4,2,2,4,2,3,4,3,3,3,4,4,3,0,1,0,0,1,1,0,0,0,0,0,0,0,0,2,i,i,i,i,i,i,i,i,i,i,i,i,i,i,i,i,i,i,i,i,i,i,i,i,i,i,i,i,i,i,i,i,i,i,i,i,i,0,1,0,0,0,0,0,1,1,0,0,0,0,0,0,1,2,0,1,0,1,0,0,0,0,1,1,36,2,99,9,1,14,7,i,i,0,0,0,0,1,0,0,i,i,i,i,i,i,i,i,i,i,i,i,i,i,i,i,i,i,i,i,i,i,i,i,i,i,i,i,i,i,1,0,0,0,0,1,10,2,2,2,2,2,2,2,1,1,3,1,0,0,1,1,0,1,0,0,0,2,6,6,2,2,2,2,2,i,i,2,i,i,i,i,i,a,a,i,a,11,12,15,10,15,40,30,1,2,2,8,i,i,8,i,i,i,i,i,i,i,i,i,i,i,i,i,194,16,1
6291,doi:10.4232/1.12497,1.0.0 (2016-04-22),1,1,350,14000350,14431,14,3,TN,1.037566,1.377675,0.0,1.189387,1.499454,0.0,0.0,3,2,2,2,2,3,3,3,3,3,3,3,3,3,3,3,7,0,0,1,1,0,0,0,0,0,0,0,0,0,0,0,0,0,0,a,a,0,0,0,0,0,1,1,0,0,1,0,0,0,0,0,0,0,0,0,0,0,i,i,0,0,0,2,2,2,2,3,3,2,2,2,3,6,2,i,0,0,0,0,0,0,0,0,0,0,0,i,0,1,0,0,5,5,5,5,5,1,2,2,2,2,2,2,2,2,2,2,1,2,2,2,i,2,2,4,4,1,0,0,0,0,0,0,0,i,i,i,0,0,0,0,0,0,0,1,0,0,0,0,0,0,i,0,0,0,2,2,2,2,2,2,2,2,0,0,0,0,0,0,0,0,0,0,0,1,0,0,0,0,0,0,0,0,0,0,0,0,0,0,1,1,0,0,0,0,3,3,3,4,2,2,3,3,2,2,2,2,2,4,4,3,3,3,3,3,3,3,3,3,3,3,1,1,0,0,1,0,0,0,0,0,0,0,0,0,2,i,i,i,i,i,i,i,i,i,i,i,i,i,i,i,i,i,i,i,i,i,i,i,i,i,i,i,i,i,i,i,i,i,i,i,i,i,0,1,0,0,0,0,0,1,1,0,0,0,0,0,0,1,2,0,1,0,0,0,0,0,0,2,2,39,2,1,6,1,1,1,19,i,0,0,0,0,1,0,0,i,i,i,i,i,i,i,i,i,i,i,i,i,i,i,i,i,i,i,i,i,i,i,i,i,i,i,i,i,i,0,0,0,1,0,0,3,2,6,4,1,1,1,1,2,1,2,1,0,0,0,0,0,1,0,0,0,6,i,6,3,2,2,2,2,i,i,2,i,i,i,i,i,a,a,i,a,11,12,14,30,15,0,30,1,1,1,8,i,i,8,i,i,i,i,i,i,i,i,i,i,i,i,i,203,18,1
6291,doi:10.4232/1.12497,1.0.0 (2016-04-22),1,1,351,14000351,14432,14,3,TN,1.099145,1.377675,0.0,1.189387,1.499454,0.0,0.0,2,3,3,2,3,2,2,4,2,5,2,3,4,1,1,1,15,0,0,0,0,0,0,0,0,0,0,0,0,0,0,0,0,0,0,a,a,0,1,0,0,0,0,0,0,0,0,0,0,0,0,0,0,0,1,0,0,0,i,i,0,1,0,2,4,4,1,2,1,2,2,2,2,2,3,i,0,0,0,0,0,0,0,0,0,0,0,i,0,0,1,0,2,2,2,2,4,1,1,2,2,1,1,2,1,1,2,1,2,1,2,2,i,2,1,2,3,0,0,0,0,0,0,0,1,i,i,i,1,0,1,0,0,0,0,1,0,0,0,0,0,0,i,0,0,0,2,4,2,1,2,2,4,1,1,0,0,1,1,0,0,0,0,0,0,0,1,0,0,0,0,0,0,0,0,0,0,0,0,0,0,0,0,0,0,1,3,2,1,4,1,1,2,2,1,2,1,1,2,3,3,1,1,1,3,1,1,2,1,1,3,1,1,0,1,0,0,1,0,0,0,0,0,0,0,0,1,38,i,i,i,i,1,2,2,2,0,0,0,0,0,1,1,0,0,0,0,0,0,1,0,0,0,0,0,0,0,0,0,0,0,0,0,1,1,0,0,0,0,0,0,0,0,0,0,1,0,0,0,3,1,0,0,0,1,0,0,0,0,1,2,15,1,0,5,3,2,2,19,i,0,0,0,0,1,0,0,i,i,i,i,i,i,i,i,i,i,i,i,i,i,i,i,i,i,i,i,i,i,i,i,i,i,i,i,i,i,1,0,0,0,0,1,4,2,4,4,1,1,1,1,1,1,3,1,0,0,1,1,1,0,0,0,0,1,i,5,4,2,2,2,1,i,i,2,i,i,i,i,1,a,a,i,a,10,12,12,14,12,41,27,1,1,1,8,i,i,8,i,i,i,i,i,i,i,i,i,i,i,i,i,198,17,1
6291,doi:10.4232/1.12497,1.0.0 (2016-04-22),1,1,352,14000352,14433,14,3,TN,0.994495,1.377675,0.0,1.189387,1.499454,0.0,0.0,2,3,2,2,3,1,2,3,3,3,3,1,3,3,1,1,4,1,0,0,0,1,1,1,1,0,0,0,0,0,0,0,0,0,0,a,a,0,0,0,1,0,0,1,1,1,1,1,0,0,0,0,0,0,0,0,0,0,i,i,0,0,0,2,2,2,2,2,2,2,2,2,2,2,1,2,0,1,1,1,0,0,0,1,0,0,0,i,0,0,0,0,2,2,3,3,3,1,2,2,1,1,1,1,1,1,2,1,1,2,2,2,i,1,1,2,3,1,1,0,0,0,0,0,0,i,i,i,0,0,0,0,0,0,0,1,1,0,1,0,0,0,i,0,0,0,3,4,2,1,2,3,3,3,0,0,1,1,0,0,1,0,0,0,0,0,0,0,0,0,1,1,0,0,0,0,0,0,0,0,0,0,0,0,0,0,3,3,3,3,2,2,2,2,2,2,1,1,2,3,3,2,4,3,3,3,2,3,2,4,4,3,1,1,0,0,0,0,1,0,0,0,0,0,0,0,2,i,i,i,i,i,i,i,i,i,i,i,i,i,i,i,i,i,i,i,i,i,i,i,i,i,i,i,i,i,i,i,i,i,i,i,i,i,1,0,0,0,0,0,0,0,1,1,0,0,0,0,0,1,2,0,1,0,0,0,1,0,0,1,1,44,3,1,6,1,4,4,18,4,0,0,0,0,1,0,0,i,i,i,i,i,i,i,i,i,i,i,i,i,i,i,i,i,i,i,i,i,i,i,i,i,i,i,i,i,i,0,0,0,1,0,0,5,1,3,3,1,1,1,1,1,1,3,1,0,0,1,1,1,1,0,0,0,2,i,2,3,1,2,2,2,i,i,2,i,2,i,i,i,a,a,i,a,15,12,13,20,13,55,35,1,1,1,8,i,i,8,i,i,i,i,i,i,i,i,i,i,i,i,i,197,16,1
6291,doi:10.4232/1.12497,1.0.0 (2016-04-22),1,1,353,14000353,14434,14,3,TN,1.102911,1.377675,0.0,1.189387,1.499454,0.0,0.0,2,3,2,3,3,3,3,3,3,3,3,1,1,1,1,1,7,1,0,1,1,0,0,0,1,0,0,0,0,0,0,0,0,0,0,a,a,0,0,0,1,0,1,1,0,0,1,1,0,0,0,0,0,0,0,0,0,0,i,i,0,0,0,2,2,2,2,2,2,2,2,2,2,2,1,2,0,0,1,1,0,0,0,0,0,0,0,i,0,0,0,0,2,2,3,3,3,1,1,2,2,2,1,1,1,1,1,2,1,1,2,2,i,1,1,3,3,1,0,0,0,0,0,0,0,i,i,i,0,0,0,0,0,0,0,1,1,0,1,0,0,0,i,0,0,0,4,4,1,2,3,4,3,3,1,0,0,0,0,0,1,0,0,0,0,0,0,0,0,0,0,1,1,0,0,0,0,0,0,0,0,0,0,0,0,0,3,2,3,3,2,2,2,2,2,2,2,2,2,3,3,2,4,3,3,3,2,3,3,3,3,3,1,1,0,0,0,1,0,0,0,0,0,0,0,0,2,i,i,i,i,i,i,i,i,i,i,i,i,i,i,i,i,i,i,i,i,i,i,i,i,i,i,i,i,i,i,i,i,i,i,i,i,i,0,1,0,0,0,0,0,0,1,1,0,0,0,0,0,3,2,0,1,0,0,0,0,0,0,2,2,23,1,11,1,3,18,8,i,i,0,0,0,0,1,0,0,i,i,i,i,i,i,i,i,i,i,i,i,i,i,i,i,i,i,i,i,i,i,i,i,i,i,i,i,i,i,0,0,0,1,0,0,3,1,3,3,1,1,1,1,1,1,3,1,1,0,1,0,0,1,0,0,0,7,7,4,3,1,2,2,2,i,i,2,i,2,i,i,i,a,a,i,a,15,12,14,5,14,38,33,1,1,1,8,i,i,8,i,i,i,i,i,i,i,i,i,i,i,i,i,197,16,1
6291,doi:10.4232/1.12497,1.0.0 (2016-04-22),1,1,354,14000354,14435,14,3,TN,1.102911,1.377675,0.0,1.189387,1.499454,0.0,0.0,2,3,2,2,3,2,2,3,2,3,2,2,1,1,1,1,6,1,0,0,0,0,0,0,1,0,0,1,0,0,0,0,0,0,0,a,a,0,0,0,1,0,0,0,0,1,0,1,0,0,1,0,0,0,0,0,0,0,i,i,0,0,0,2,1,1,1,2,3,2,2,2,2,2,1,2,0,1,0,1,0,1,0,0,1,1,0,i,0,0,0,0,2,2,3,2,2,1,2,2,2,1,1,2,2,2,2,1,1,1,1,1,i,1,1,3,3,0,1,0,0,0,0,0,1,i,i,i,0,0,0,0,0,0,0,0,1,0,0,0,0,0,i,0,0,0,2,3,1,2,2,3,3,3,1,1,0,0,1,0,1,0,0,0,1,0,0,0,0,0,1,0,0,0,0,0,1,0,0,0,0,0,0,0,0,0,3,2,2,4,1,2,2,2,2,2,1,1,1,3,2,2,3,3,4,3,3,2,3,3,4,4,0,1,0,0,0,0,0,0,1,0,1,0,0,0,2,i,i,i,i,i,i,i,i,i,i,i,i,i,i,i,i,i,i,i,i,i,i,i,i,i,i,i,i,i,i,i,i,i,i,i,i,i,1,1,0,0,0,0,0,0,0,0,0,0,0,0,0,1,1,0,1,0,1,0,0,0,0,1,2,20,1,1,6,3,3,3,19,i,0,0,0,0,1,0,0,i,i,i,i,i,i,i,i,i,i,i,i,i,i,i,i,i,i,i,i,i,i,i,i,i,i,i,i,i,i,0,0,0,1,0,0,5,2,5,4,0,0,0,0,1,1,3,1,0,0,1,1,0,1,0,0,0,2,i,3,3,1,2,2,2,i,i,2,i,2,i,i,i,a,a,i,a,15,12,14,5,14,43,38,1,1,1,8,i,i,8,i,i,i,i,i,i,i,i,i,i,i,i,i,181,15,1
6291,doi:10.4232/1.12497,1.0.0 (2016-04-22),1,1,355,14000355,14436,14,3,TN,1.102911,1.377675,0.0,1.189387,1.499454,0.0,0.0,3,2,2,2,2,2,2,4,3,5,2,2,1,1,2,2,8,1,0,0,1,0,0,1,0,0,0,0,0,0,0,0,0,0,0,a,a,0,0,0,1,0,0,1,0,0,1,1,0,0,0,0,0,0,0,0,0,0,i,i,0,0,0,2,2,2,2,1,2,2,1,1,2,3,1,2,0,1,0,1,0,0,0,0,0,0,0,i,0,0,0,0,2,3,3,3,3,1,1,2,2,2,1,1,1,1,1,1,1,2,2,2,i,1,1,3,3,1,1,1,0,0,0,0,0,i,i,i,0,0,0,0,0,0,0,1,1,0,1,0,0,0,i,0,0,0,4,4,1,2,3,3,3,3,1,0,0,0,0,0,1,0,0,0,0,0,0,0,0,0,0,1,0,0,0,0,0,0,0,0,0,0,0,0,0,0,3,2,4,2,2,2,2,2,2,2,2,2,2,4,3,3,3,3,3,3,2,4,4,3,4,4,0,1,0,0,1,0,0,0,1,0,0,0,0,0,2,i,i,i,i,i,i,i,i,i,i,i,i,i,i,i,i,i,i,i,i,i,i,i,i,i,i,i,i,i,i,i,i,i,i,i,i,i,1,1,0,0,0,0,0,1,0,0,0,0,0,0,0,2,1,0,1,0,1,0,0,0,0,1,2,24,1,12,1,1,1,1,18,4,0,0,0,0,1,0,0,i,i,i,i,i,i,i,i,i,i,i,i,i,i,i,i,i,i,i,i,i,i,i,i,i,i,i,i,i,i,1,0,0,0,0,1,4,2,2,2,1,1,0,0,2,1,2,1,1,0,1,1,0,1,0,0,0,3,i,6,3,2,2,2,2,i,i,2,i,i,i,i,i,a,a,i,a,15,12,15,45,16,22,37,1,1,1,8,i,i,8,i,i,i,i,i,i,i,i,i,i,i,i,i,181,15,1
6291,doi:10.4232/1.12497,1.0.0 (2016-04-22),1,1,356,14000356,14437,14,3,TN,0.852421,1.377675,0.0,1.189387,1.499454,0.0,0.0,3,2,2,3,3,2,2,4,3,5,2,3,4,3,3,1,3,0,0,0,1,0,1,0,0,0,0,0,0,0,0,0,0,0,0,a,a,0,0,0,0,0,1,1,0,1,0,0,0,0,0,0,0,0,0,0,0,0,i,i,0,0,0,2,2,1,3,3,2,2,2,2,4,4,2,i,0,0,0,0,0,0,0,0,0,0,0,i,0,1,0,0,3,3,2,3,3,2,2,1,1,2,2,2,2,1,2,1,2,2,2,1,i,2,2,3,3,1,0,0,0,0,0,0,0,i,i,i,0,0,1,0,0,0,0,1,0,0,0,0,0,0,i,0,0,0,3,4,2,3,4,3,3,4,0,0,0,0,1,1,0,0,0,0,0,1,1,0,0,0,0,0,0,0,0,0,0,0,0,0,0,0,1,0,0,0,2,2,4,1,2,2,2,2,2,2,2,2,2,3,2,2,3,4,2,2,1,1,1,2,3,5,1,0,0,0,1,0,0,1,0,0,0,0,0,0,1,24,i,i,i,i,1,1,2,3,0,0,0,0,0,1,1,0,0,0,0,0,0,1,0,0,1,0,1,0,0,0,0,0,0,0,0,1,1,1,0,0,0,0,0,0,0,0,1,0,0,0,0,3,1,0,0,0,1,0,0,0,0,1,1,20,1,0,5,3,2,2,19,i,0,0,0,0,1,0,0,i,i,i,i,i,i,i,i,i,i,i,i,i,i,i,i,i,i,i,i,i,i,i,i,i,i,i,i,i,i,1,0,0,0,0,1,5,2,6,4,0,0,2,2,2,1,2,1,1,0,1,0,0,0,0,0,0,7,i,2,2,1,2,2,1,i,i,2,i,1,i,i,2,a,a,i,a,10,12,11,35,12,5,30,1,1,1,8,i,i,8,i,i,i,i,i,i,i,i,i,i,i,i,i,198,17,1
6291,doi:10.4232/1.12497,1.0.0 (2016-04-22),1,1,357,14000357,14438,14,3,TN,1.099145,1.377675,0.0,1.189387,1.499454,0.0,0.0,2,3,3,2,3,2,2,3,2,2,2,1,1,1,1,1,7,1,0,1,0,0,0,0,1,0,0,0,0,0,0,0,0,0,0,a,a,0,0,0,1,0,1,0,0,0,1,1,0,0,0,0,0,0,0,0,0,0,i,i,0,0,0,2,2,1,1,2,4,2,2,2,1,2,1,2,0,1,0,1,0,1,0,0,1,0,0,i,0,0,0,0,2,2,3,2,3,1,2,2,2,2,1,1,2,2,2,1,1,1,2,1,i,2,2,3,3,0,1,0,0,0,0,0,1,i,i,i,0,0,0,0,0,0,0,0,1,0,0,0,0,0,i,0,0,0,2,3,2,3,3,3,2,2,1,0,0,1,1,0,1,0,0,0,1,0,0,0,0,0,1,0,0,1,0,0,0,0,0,0,0,0,0,0,0,0,3,2,2,4,1,2,2,2,2,2,1,1,2,2,2,2,2,3,4,3,2,2,3,4,4,4,0,1,0,1,0,1,0,0,0,0,0,0,0,0,2,i,i,i,i,i,i,i,i,i,i,i,i,i,i,i,i,i,i,i,i,i,i,i,i,i,i,i,i,i,i,i,i,i,i,i,i,i,0,1,0,0,0,0,0,0,0,0,0,1,0,0,0,2,1,0,1,0,1,0,0,0,0,1,2,24,1,17,2,3,13,7,i,i,0,1,0,0,0,0,1,0,0,0,0,0,0,0,0,0,0,0,0,0,1,0,0,0,0,0,0,0,0,0,0,0,0,0,0,0,0,0,0,0,1,0,0,7,3,5,4,0,0,0,0,1,1,3,1,1,0,1,1,1,1,0,0,0,1,7,3,3,1,2,2,2,i,i,2,i,1,i,i,i,a,a,i,a,14,12,15,20,15,55,35,1,1,1,8,i,i,8,i,i,i,i,i,i,i,i,i,i,i,i,i,184,15,1
6291,doi:10.4232/1.12497,1.0.0 (2016-04-22),1,1,358,14000358,14439,14,3,TN,0.928828,1.377675,0.0,1.189387,1.499454,0.0,0.0,4,2,1,1,1,1,1,4,1,2,2,2,3,2,2,2,6,1,0,0,0,0,0,0,1,0,0,0,0,0,0,0,0,0,0,a,a,0,0,0,1,0,0,0,0,1,0,1,0,0,0,0,0,0,0,0,0,0,i,i,0,0,0,2,2,1,1,1,2,1,1,1,1,1,1,2,0,1,0,1,0,1,0,0,1,0,0,i,0,0,0,0,1,1,1,2,2,1,2,1,1,1,1,1,1,1,1,2,1,1,1,1,i,1,1,2,3,0,1,1,0,0,0,0,1,i,i,i,0,0,0,0,0,0,0,0,1,1,0,0,0,0,i,0,0,0,4,4,3,4,3,4,3,3,1,1,1,0,1,0,0,0,0,0,1,0,0,0,0,0,1,0,0,0,0,0,1,0,0,0,0,0,0,0,0,0,2,1,1,5,1,1,1,2,2,2,2,2,2,4,3,3,3,2,3,3,2,3,3,3,3,3,0,0,0,0,1,0,0,1,1,0,0,0,0,0,2,i,i,i,i,i,i,i,i,i,i,i,i,i,i,i,i,i,i,i,i,i,i,i,i,i,i,i,i,i,i,i,i,i,i,i,i,i,0,0,0,0,0,0,0,0,0,0,0,1,0,0,0,1,1,0,1,0,1,0,0,0,0,1,1,53,3,18,2,1,5,5,i,i,0,1,0,0,0,0,1,0,0,0,0,0,0,0,0,1,0,0,0,0,0,0,0,0,0,0,0,0,0,0,0,0,0,0,0,0,0,0,1,0,0,0,1,9,2,3,3,0,0,0,0,1,1,3,1,0,0,0,0,1,1,0,0,0,7,6,6,2,2,2,2,2,i,i,2,i,i,i,i,i,a,a,i,a,11,12,10,0,10,33,33,1,1,2,8,i,i,8,i,i,i,i,i,i,i,i,i,i,i,i,i,195,15,1
6291,doi:10.4232/1.12497,1.0.0 (2016-04-22),1,1,359,14000359,14440,14,3,TN,1.038646,1.377675,0.0,1.189387,1.499454,0.0,0.0,2,2,2,2,2,2,2,3,3,3,3,3,3,3,3,3,6,0,0,1,1,0,0,0,0,0,0,0,1,0,0,0,0,0,0,a,a,0,0,0,0,0,1,1,0,1,0,0,0,0,0,1,0,0,0,0,0,0,i,i,0,0,0,2,2,1,4,2,2,2,2,2,3,2,1,2,0,1,0,1,0,0,1,1,0,1,0,i,0,0,0,0,4,4,4,4,4,1,2,2,2,2,2,2,2,2,2,2,2,2,2,2,i,2,2,3,3,1,0,0,0,0,0,0,0,i,i,i,0,0,0,0,0,0,0,1,0,0,0,0,0,0,i,0,0,0,3,4,3,3,3,3,3,3,0,0,0,0,1,1,0,0,0,0,1,1,0,0,0,0,0,0,0,0,1,0,0,0,0,0,0,1,0,0,0,0,3,3,3,3,1,2,2,2,2,2,2,2,2,3,3,2,1,4,4,4,4,4,4,4,4,4,0,1,0,0,0,0,0,0,0,0,0,0,0,0,2,i,i,i,i,i,i,i,i,i,i,i,i,i,i,i,i,i,i,i,i,i,i,i,i,i,i,i,i,i,i,i,i,i,i,i,i,i,0,1,0,0,0,0,0,1,1,0,0,0,0,0,0,3,2,0,1,0,1,1,0,0,0,2,2,24,1,1,6,1,1,1,19,i,0,0,0,0,1,0,0,i,i,i,i,i,i,i,i,i,i,i,i,i,i,i,i,i,i,i,i,i,i,i,i,i,i,i,i,i,i,0,0,0,1,0,0,3,2,2,2,0,0,0,0,2,1,2,1,1,0,0,0,0,0,1,0,0,7,i,6,1,2,2,2,2,i,i,2,i,i,i,i,i,a,a,i,a,13,12,8,0,8,45,45,1,2,2,8,i,i,8,i,i,i,i,i,i,i,i,i,i,i,i,i,196,18,1
6291,doi:10.4232/1.12497,1.0.0 (2016-04-22),1,1,360,14000360,14441,14,3,TN,0.971741,1.377675,0.0,1.189387,1.499454,0.0,0.0,2,3,3,3,4,3,3,3,2,3,2,2,1,1,1,1,7,0,0,1,0,0,1,0,1,0,0,0,0,0,0,0,0,0,0,a,a,0,0,0,0,0,1,0,0,1,1,1,0,0,0,0,0,0,0,0,0,0,i,i,0,0,0,1,1,1,1,2,3,2,2,1,2,2,1,2,0,1,0,1,0,1,0,0,1,0,0,i,0,0,0,0,2,2,3,3,3,1,2,2,1,1,2,2,1,2,2,1,1,1,2,1,i,2,2,3,3,0,1,0,0,0,0,0,1,i,i,i,0,0,0,0,0,0,0,1,1,0,0,0,0,0,i,0,0,0,2,3,2,2,3,4,2,2,0,0,0,0,1,0,1,0,0,0,1,1,0,0,0,0,0,0,0,0,1,0,0,0,0,0,1,0,0,0,0,0,3,2,3,4,1,1,2,1,1,2,1,1,2,2,2,2,3,3,4,2,3,3,4,4,4,3,0,1,0,0,0,0,1,0,1,0,0,0,0,0,2,i,i,i,i,i,i,i,i,i,i,i,i,i,i,i,i,i,i,i,i,i,i,i,i,i,i,i,i,i,i,i,i,i,i,i,i,i,0,1,0,0,0,0,0,0,0,0,0,0,0,0,0,1,1,0,0,0,1,0,0,0,0,1,1,27,2,13,1,1,8,5,i,i,0,1,0,0,0,0,1,0,0,0,0,0,0,0,0,0,0,0,0,0,1,0,0,0,0,0,0,0,0,0,0,0,0,0,0,0,0,1,1,0,0,0,1,7,1,3,3,1,1,0,0,2,1,2,1,1,0,1,1,1,0,1,0,0,2,5,5,2,1,2,2,2,i,i,2,i,2,i,i,i,a,a,i,a,14,12,17,35,18,7,32,1,1,2,8,i,i,8,i,i,i,i,i,i,i,i,i,i,i,i,i,202,15,1
6291,doi:10.4232/1.12497,1.0.0 (2016-04-22),1,1,361,14000361,14442,14,3,TN,0.843106,1.377675,0.0,1.189387,1.499454,0.0,0.0,2,3,3,2,3,3,3,3,1,3,2,3,3,1,3,3,3,1,0,0,0,0,0,1,1,0,0,0,0,0,0,0,0,0,0,a,a,0,0,0,1,0,1,0,0,0,1,1,0,0,0,0,0,0,0,0,0,0,i,i,0,0,0,2,2,1,1,2,3,2,2,2,1,1,2,i,0,1,0,1,0,0,0,0,1,0,0,i,0,0,0,0,2,2,2,2,2,1,2,2,2,1,1,2,2,1,2,1,1,1,2,2,i,2,1,3,3,0,1,0,0,0,0,0,1,i,i,i,0,0,1,0,0,0,0,1,1,0,1,0,0,0,i,0,0,0,3,4,2,2,3,3,2,2,0,0,0,0,1,0,0,0,0,0,1,1,1,0,0,0,1,0,0,0,0,0,0,0,0,0,1,0,0,0,0,0,2,1,1,5,1,1,2,2,2,2,2,1,2,3,2,2,2,2,3,3,2,2,2,3,3,3,0,0,0,0,0,0,1,1,0,0,1,0,0,0,2,i,i,i,i,i,i,i,i,i,i,i,i,i,i,i,i,i,i,i,i,i,i,i,i,i,i,i,i,i,i,i,i,i,i,i,i,i,1,1,0,0,0,0,0,0,0,0,0,0,0,0,0,3,2,0,1,0,1,0,0,0,0,1,2,58,4,12,1,5,1,1,19,i,0,0,0,0,1,0,0,i,i,i,i,i,i,i,i,i,i,i,i,i,i,i,i,i,i,i,i,i,i,i,i,i,i,i,i,i,i,0,0,0,1,0,0,5,2,2,2,0,0,0,0,1,1,3,1,0,0,0,0,0,1,0,0,0,7,i,6,2,2,2,2,2,i,i,2,i,i,i,i,i,a,a,i,a,11,12,12,5,12,38,33,1,1,2,8,i,i,8,i,i,i,i,i,i,i,i,i,i,i,i,i,195,15,1
6291,doi:10.4232/1.12497,1.0.0 (2016-04-22),1,1,362,14000362,14443,14,3,TN,1.038646,1.377675,0.0,1.189387,1.499454,0.0,0.0,2,3,3,3,4,3,3,4,3,3,3,1,1,1,3,3,8,1,0,0,1,1,1,1,0,0,0,0,0,0,1,0,0,0,0,a,a,0,0,0,1,0,0,1,1,1,1,1,0,0,0,0,0,1,0,0,0,0,i,i,0,0,0,2,3,1,2,2,3,2,2,2,2,2,1,2,0,0,0,1,0,0,0,1,0,0,0,i,0,0,0,0,3,3,4,4,4,1,1,2,2,2,1,1,2,1,2,2,1,1,1,2,i,2,1,3,3,1,0,0,0,0,0,0,0,i,i,i,0,0,0,0,0,0,0,1,1,0,1,0,0,0,i,0,0,0,2,3,1,2,4,4,3,4,0,0,1,0,0,0,1,0,0,0,1,0,0,0,0,0,1,0,0,0,0,0,0,0,0,0,0,0,0,0,0,0,2,3,3,4,1,2,2,1,2,2,2,2,2,3,3,3,3,3,3,4,3,4,3,4,4,4,1,1,1,0,0,0,0,0,0,0,0,0,0,0,2,i,i,i,i,i,i,i,i,i,i,i,i,i,i,i,i,i,i,i,i,i,i,i,i,i,i,i,i,i,i,i,i,i,i,i,i,i,0,0,0,0,0,0,0,0,1,1,0,1,0,0,0,3,2,0,1,0,0,0,0,0,0,2,2,21,1,1,6,3,18,8,i,i,0,0,0,0,1,0,0,i,i,i,i,i,i,i,i,i,i,i,i,i,i,i,i,i,i,i,i,i,i,i,i,i,i,i,i,i,i,0,0,0,1,0,0,5,2,4,4,0,0,1,1,1,1,3,1,0,0,1,1,0,1,0,0,0,1,6,6,2,1,2,2,2,i,i,2,i,2,i,i,i,a,a,i,a,14,12,16,19,16,50,31,1,2,2,8,i,i,8,i,i,i,i,i,i,i,i,i,i,i,i,i,202,16,1
6291,doi:10.4232/1.12497,1.0.0 (2016-04-22),1,1,363,14000363,14444,14,3,TN,0.932011,1.377675,0.0,1.189387,1.499454,0.0,0.0,2,1,1,1,1,2,1,3,3,3,3,1,1,1,1,1,8,0,0,1,1,0,0,0,0,0,1,0,0,0,0,0,0,0,0,a,a,0,0,0,0,0,1,1,0,0,0,1,0,1,0,0,0,0,0,0,0,0,i,i,0,0,0,1,2,1,1,2,3,2,1,1,4,2,1,2,0,1,0,0,0,0,0,1,0,1,0,i,0,0,0,0,4,4,3,3,3,1,2,2,2,2,2,2,2,2,2,1,2,2,2,2,i,2,2,4,4,1,0,0,0,0,0,0,0,i,i,i,0,0,0,0,0,0,0,1,0,0,0,0,0,0,i,0,0,0,4,4,3,3,3,3,3,3,0,0,0,0,1,1,1,0,0,0,1,1,0,0,0,0,0,0,0,0,1,1,0,0,0,0,0,0,0,0,0,0,2,2,2,2,2,2,2,2,2,2,2,2,2,4,4,2,1,3,3,3,3,3,3,3,3,3,1,0,0,0,1,0,0,0,0,0,1,0,0,0,2,i,i,i,i,i,i,i,i,i,i,i,i,i,i,i,i,i,i,i,i,i,i,i,i,i,i,i,i,i,i,i,i,i,i,i,i,i,0,1,0,0,0,0,0,1,0,0,0,1,0,0,0,1,1,0,1,1,0,0,1,0,0,1,1,40,3,98,8,3,17,8,i,i,0,0,0,0,1,0,0,i,i,i,i,i,i,i,i,i,i,i,i,i,i,i,i,i,i,i,i,i,i,i,i,i,i,i,i,i,i,1,1,0,0,0,1,4,2,3,3,0,0,0,0,1,1,3,1,1,0,1,0,0,1,0,0,0,6,2,2,1,1,1,2,2,i,i,2,i,2,2,i,i,a,a,i,a,13,12,9,0,9,45,45,1,1,2,8,i,i,8,i,i,i,i,i,i,i,i,i,i,i,i,i,196,18,1
6291,doi:10.4232/1.12497,1.0.0 (2016-04-22),1,1,364,14000364,14445,14,3,TN,0.971741,1.377675,0.0,1.189387,1.499454,0.0,0.0,2,2,1,1,1,2,1,4,3,2,2,2,3,3,2,4,3,0,0,0,0,0,0,1,0,0,0,0,0,0,0,0,0,0,0,a,a,0,0,0,0,0,1,0,0,0,1,0,0,0,0,0,0,0,0,0,0,0,i,i,0,0,0,2,2,2,2,1,1,2,2,1,4,4,2,i,0,1,0,1,0,0,0,0,0,0,0,i,0,0,0,0,3,2,2,2,3,1,1,1,1,2,2,2,1,2,2,1,2,1,2,1,i,1,2,2,2,1,1,0,0,0,0,0,0,i,i,i,0,0,0,0,0,0,0,1,0,0,0,0,0,0,i,0,0,0,4,4,2,2,3,4,4,4,0,0,0,0,1,0,0,0,0,0,1,0,0,0,0,0,0,0,0,0,1,0,0,0,0,0,0,0,0,0,0,0,1,2,2,4,2,2,2,2,2,2,2,2,2,3,3,2,2,2,2,3,2,1,2,2,4,3,1,0,0,0,1,0,0,0,1,0,0,0,0,0,2,i,i,i,i,i,i,i,i,i,i,i,i,i,i,i,i,i,i,i,i,i,i,i,i,i,i,i,i,i,i,i,i,i,i,i,i,i,0,1,0,0,0,0,0,1,0,0,0,0,0,0,0,3,1,0,0,0,1,0,0,0,0,1,1,32,2,19,2,1,9,5,i,i,0,0,0,0,1,0,0,i,i,i,i,i,i,i,i,i,i,i,i,i,i,i,i,i,i,i,i,i,i,i,i,i,i,i,i,i,i,0,0,0,1,0,0,7,2,2,2,0,0,0,0,2,1,2,1,1,1,1,1,1,1,0,0,0,2,1,4,3,1,2,2,1,i,i,2,i,1,i,i,2,a,a,i,a,14,12,15,55,16,19,24,1,1,2,8,i,i,8,i,i,i,i,i,i,i,i,i,i,i,i,i,186,17,1
6291,doi:10.4232/1.12497,1.0.0 (2016-04-22),1,1,365,14000365,14446,14,3,TN,1.099145,1.377675,0.0,1.189387,1.499454,0.0,0.0,2,1,1,1,1,2,1,3,3,3,3,1,1,1,1,1,7,0,0,1,0,0,1,0,0,0,0,0,0,0,0,0,0,0,0,a,a,0,0,0,0,0,1,0,0,1,1,0,0,0,0,0,0,0,0,0,0,0,i,i,0,0,0,2,2,1,1,2,2,2,2,2,2,2,1,2,1,1,0,0,0,0,0,0,0,1,0,i,0,0,0,0,2,2,2,2,2,1,2,2,2,2,1,1,2,2,2,1,1,1,2,1,i,2,2,2,2,1,0,0,0,0,0,0,0,i,i,i,0,0,0,0,0,0,0,1,0,0,0,0,0,0,i,0,0,0,2,4,3,3,3,3,3,3,0,0,0,0,1,0,0,0,0,0,1,1,0,0,0,0,0,0,0,0,0,1,0,0,0,0,0,1,0,0,0,0,2,2,2,3,1,2,2,2,2,2,2,2,2,3,3,2,2,3,3,3,3,2,3,2,3,3,1,1,0,0,1,0,0,0,0,0,0,0,0,0,2,i,i,i,i,i,i,i,i,i,i,i,i,i,i,i,i,i,i,i,i,i,i,i,i,i,i,i,i,i,i,i,i,i,i,i,i,i,0,1,0,0,0,0,0,1,1,0,0,0,0,0,0,1,2,1,1,0,1,0,0,0,0,2,2,23,1,98,8,3,1,1,19,i,0,0,0,0,1,0,0,i,i,i,i,i,i,i,i,i,i,i,i,i,i,i,i,i,i,i,i,i,i,i,i,i,i,i,i,i,i,0,0,0,1,0,0,3,1,6,4,0,0,0,0,2,1,2,1,0,1,1,1,0,0,1,0,0,1,i,6,3,1,2,2,2,i,i,2,i,1,i,i,i,a,a,i,a,11,12,11,5,11,25,30,1,1,1,8,i,i,8,i,i,i,i,i,i,i,i,i,i,i,i,i,203,18,1
6291,doi:10.4232/1.12497,1.0.0 (2016-04-22),1,1,366,14000366,14447,14,3,TN,0.971741,1.377675,0.0,1.189387,1.499454,0.0,0.0,3,2,2,2,2,2,2,4,2,2,2,2,1,1,1,1,6,1,0,0,0,0,0,1,1,0,0,0,0,0,0,0,0,0,0,a,a,0,0,0,1,0,0,0,0,1,1,1,0,0,0,0,0,0,0,0,0,0,i,i,0,0,0,2,1,1,1,1,2,1,1,1,2,3,2,i,0,1,0,1,0,1,0,0,1,0,0,i,0,0,0,0,2,2,3,3,3,1,2,2,2,1,2,2,2,2,2,1,1,1,2,1,i,2,2,3,3,0,1,0,0,0,0,0,1,i,i,i,0,0,1,0,0,0,0,0,1,0,0,0,0,0,i,0,0,0,2,3,2,2,2,3,3,2,0,0,0,1,1,0,1,0,0,0,1,1,0,0,0,0,0,0,0,0,0,0,1,0,0,0,1,0,0,0,0,0,3,2,3,4,1,1,2,1,2,2,1,1,2,3,2,2,2,3,3,3,3,4,4,3,4,4,0,1,0,0,0,0,0,1,0,1,0,0,0,0,2,i,i,i,i,i,i,i,i,i,i,i,i,i,i,i,i,i,i,i,i,i,i,i,i,i,i,i,i,i,i,i,i,i,i,i,i,i,0,1,0,0,0,0,0,0,0,0,0,0,0,0,0,1,1,0,1,0,0,0,0,0,0,1,1,26,2,19,2,1,18,8,i,i,0,0,0,0,1,0,0,i,i,i,i,i,i,i,i,i,i,i,i,i,i,i,i,i,i,i,i,i,i,i,i,i,i,i,i,i,i,1,1,0,0,0,1,5,2,2,2,0,0,0,0,2,1,2,1,1,0,1,1,0,0,1,0,0,2,6,2,3,1,1,2,1,i,i,2,i,2,2,i,2,a,a,i,a,14,12,18,10,18,45,35,1,1,2,8,i,i,8,i,i,i,i,i,i,i,i,i,i,i,i,i,202,15,1
6291,doi:10.4232/1.12497,1.0.0 (2016-04-22),1,1,367,14000367,14448,14,3,TN,1.047839,1.377675,0.0,1.189387,1.499454,0.0,0.0,2,2,2,2,2,3,3,3,2,3,3,1,1,1,1,1,7,0,0,1,1,0,0,0,0,0,0,0,0,0,0,0,0,0,0,a,a,0,0,0,0,0,1,1,0,0,1,0,0,0,0,0,0,0,0,0,0,0,i,i,0,0,0,2,2,2,2,2,2,2,2,2,2,2,1,2,0,1,0,0,0,0,0,0,0,1,0,i,0,0,0,0,2,2,2,2,2,1,2,2,2,2,2,1,2,2,2,1,1,1,2,1,i,1,1,2,2,1,0,0,0,0,0,0,0,i,i,i,0,0,0,0,0,0,0,1,0,0,0,0,0,0,i,0,0,0,3,3,3,3,3,3,3,3,0,0,0,0,0,1,0,0,0,0,1,1,0,0,0,0,0,0,0,0,0,1,0,0,0,0,1,0,0,0,0,0,2,2,2,2,1,2,2,2,2,2,2,2,2,3,3,2,2,4,4,4,4,4,4,4,4,4,1,1,0,0,0,0,0,0,0,0,1,0,0,0,2,i,i,i,i,i,i,i,i,i,i,i,i,i,i,i,i,i,i,i,i,i,i,i,i,i,i,i,i,i,i,i,i,i,i,i,i,i,0,1,0,0,0,0,0,1,0,0,1,0,0,0,0,1,2,1,1,0,1,0,0,0,0,2,2,40,3,99,9,1,18,8,i,i,0,0,0,0,1,0,0,i,i,i,i,i,i,i,i,i,i,i,i,i,i,i,i,i,i,i,i,i,i,i,i,i,i,i,i,i,i,0,0,1,0,0,1,3,1,3,3,0,0,1,1,2,1,2,1,0,0,0,0,0,0,1,0,0,7,6,6,3,2,2,2,2,i,i,2,i,i,i,i,i,a,a,i,a,11,12,13,0,13,35,35,1,1,1,8,i,i,8,i,i,i,i,i,i,i,i,i,i,i,i,i,203,18,1
6291,doi:10.4232/1.12497,1.0.0 (2016-04-22),1,1,368,14000368,14449,14,3,TN,1.040442,1.377675,0.0,1.189387,1.499454,0.0,0.0,3,3,1,2,2,2,2,4,2,2,2,1,1,2,3,2,3,0,0,0,0,1,0,0,0,0,0,1,0,0,0,0,0,0,0,a,a,0,0,0,0,0,1,0,1,0,0,0,0,0,1,0,0,0,0,0,0,0,i,i,0,0,0,2,2,2,2,1,2,2,2,2,3,3,2,i,1,0,0,1,0,1,0,0,0,0,0,i,0,0,0,0,2,2,2,2,2,1,2,1,2,2,1,1,2,1,1,1,2,1,1,2,i,1,1,3,3,1,1,0,0,0,0,0,0,i,i,i,0,0,0,0,0,0,0,1,1,0,0,0,0,0,i,0,0,0,3,4,3,3,3,4,4,3,0,1,0,0,0,1,0,0,0,0,1,0,0,0,0,0,0,0,0,0,0,1,0,0,0,1,0,0,0,0,0,0,3,3,3,2,2,2,2,2,2,2,2,2,2,3,4,4,4,3,3,3,3,3,3,3,4,4,0,1,1,0,1,0,0,0,0,0,0,0,0,0,2,i,i,i,i,i,i,i,i,i,i,i,i,i,i,i,i,i,i,i,i,i,i,i,i,i,i,i,i,i,i,i,i,i,i,i,i,i,1,0,1,1,0,0,0,0,0,0,0,0,0,0,0,3,2,1,1,0,0,0,0,0,0,2,1,25,2,11,1,3,3,3,19,i,0,0,0,0,1,0,0,i,i,i,i,i,i,i,i,i,i,i,i,i,i,i,i,i,i,i,i,i,i,i,i,i,i,i,i,i,i,0,0,0,1,0,0,4,1,4,4,0,0,0,0,2,1,2,1,0,0,0,1,0,0,0,0,0,2,i,6,3,1,2,2,2,i,i,2,i,2,i,i,i,a,a,i,a,14,12,13,35,14,2,27,1,1,1,8,i,i,8,i,i,i,i,i,i,i,i,i,i,i,i,i,186,17,1
6291,doi:10.4232/1.12497,1.0.0 (2016-04-22),1,1,369,14000369,14450,14,3,TN,0.967665,1.377675,0.0,1.189387,1.499454,0.0,0.0,2,2,2,2,2,2,2,3,2,2,3,3,3,3,3,3,1,0,0,1,0,0,1,1,0,0,0,0,0,0,0,0,0,0,0,a,a,0,0,0,1,0,1,0,0,1,1,0,0,0,0,0,0,0,0,0,0,0,i,i,0,0,0,2,2,1,2,2,3,2,2,2,2,2,1,2,0,1,0,1,0,1,0,0,1,0,0,i,0,0,0,0,2,2,3,3,2,1,2,2,2,1,1,2,2,2,2,1,1,1,2,2,i,2,1,3,3,0,1,0,0,0,0,0,1,i,i,i,0,0,0,0,0,0,0,1,1,0,0,0,0,0,i,0,0,0,3,3,2,2,3,3,2,2,0,0,0,0,1,0,0,0,0,0,1,0,0,0,0,0,1,0,0,1,0,0,0,0,0,0,0,0,0,0,0,0,2,1,2,3,1,1,2,2,2,2,2,1,2,3,2,2,2,2,3,3,2,2,3,3,3,3,0,1,0,0,0,0,0,1,1,0,0,0,0,0,2,i,i,i,i,i,i,i,i,i,i,i,i,i,i,i,i,i,i,i,i,i,i,i,i,i,i,i,i,i,i,i,i,i,i,i,i,i,0,1,0,0,0,0,0,0,0,0,0,1,0,0,0,1,1,0,1,0,1,0,0,0,0,2,2,36,2,13,1,1,1,1,19,i,0,0,0,0,1,0,0,i,i,i,i,i,i,i,i,i,i,i,i,i,i,i,i,i,i,i,i,i,i,i,i,i,i,i,i,i,i,0,0,0,1,0,0,6,1,2,2,2,2,1,1,1,1,3,1,0,0,0,0,0,0,1,0,0,7,i,6,2,2,2,2,2,i,i,2,i,i,i,i,i,a,a,i,a,11,12,10,45,11,20,40,1,1,2,8,i,i,8,i,i,i,i,i,i,i,i,i,i,i,i,i,195,15,1
6291,doi:10.4232/1.12497,1.0.0 (2016-04-22),1,1,370,14000370,14451,14,3,TN,1.038646,1.377675,0.0,1.189387,1.499454,0.0,0.0,2,3,3,3,4,3,3,2,2,2,2,2,2,2,2,2,6,0,0,0,0,0,0,0,0,0,0,0,1,0,0,0,0,0,0,a,a,0,0,0,0,0,0,0,0,1,0,0,0,0,0,1,0,0,0,0,0,0,i,i,0,0,0,2,2,2,2,3,2,2,2,2,3,2,2,i,0,0,0,0,0,0,0,0,0,0,0,i,0,0,1,0,3,3,3,2,3,2,1,1,2,1,2,1,1,1,2,1,1,2,1,2,i,1,2,3,3,0,0,0,0,1,0,0,0,i,i,i,0,0,0,0,0,0,0,1,1,0,0,0,0,0,i,0,0,0,3,3,2,2,3,2,2,3,0,0,0,1,0,0,0,1,0,0,0,0,0,0,0,0,0,0,0,1,0,0,0,0,0,0,0,0,0,0,0,0,3,3,3,3,1,1,1,1,1,1,2,2,2,3,3,2,2,2,2,1,2,2,2,2,2,2,0,1,0,0,1,0,0,0,1,0,0,0,0,0,1,48,i,i,i,i,2,2,2,5,0,0,0,0,0,0,0,0,0,0,1,0,0,0,0,0,1,0,0,0,0,0,0,0,0,0,0,2,0,0,0,0,0,0,0,1,0,0,0,0,0,0,0,2,2,0,0,0,1,0,0,0,0,2,2,23,1,1,6,3,1,1,19,i,0,0,0,0,1,0,0,i,i,i,i,i,i,i,i,i,i,i,i,i,i,i,i,i,i,i,i,i,i,i,i,i,i,i,i,i,i,0,0,0,1,0,0,4,2,2,2,3,3,0,0,2,1,2,1,0,0,1,0,0,0,0,0,0,7,i,7,3,2,2,2,2,i,i,2,i,i,i,i,i,a,a,i,a,15,12,12,45,13,17,32,1,4,2,8,i,i,8,i,i,i,i,i,i,i,i,i,i,i,i,i,186,17,1
6291,doi:10.4232/1.12497,1.0.0 (2016-04-22),1,1,371,14000371,14452,14,3,TN,0.967665,1.377675,0.0,1.189387,1.499454,0.0,0.0,2,3,2,3,3,2,2,4,5,4,4,2,4,4,2,4,4,1,0,0,0,0,0,0,0,0,0,0,0,0,0,0,0,0,0,a,a,0,0,0,1,0,0,1,0,0,0,0,0,0,0,0,0,0,0,0,0,0,i,i,0,0,0,2,4,4,4,1,1,2,2,2,6,6,2,i,0,0,0,1,0,1,0,0,0,0,0,i,0,0,0,0,5,5,5,3,2,1,2,2,2,2,2,2,2,2,2,1,3,1,2,2,i,2,1,5,5,0,0,0,1,0,0,0,0,i,i,i,0,0,0,0,0,0,0,1,0,0,0,0,0,0,i,0,0,0,4,4,3,3,5,4,5,5,0,0,0,0,1,0,0,0,0,0,0,0,0,0,0,0,0,0,0,0,1,0,0,0,0,0,0,0,0,0,0,0,4,4,4,4,2,2,2,2,1,2,2,1,2,2,3,2,2,2,1,2,2,1,1,1,2,2,0,1,0,0,1,0,0,0,0,0,1,0,0,0,2,i,i,i,i,i,i,i,i,i,i,i,i,i,i,i,i,i,i,i,i,i,i,i,i,i,i,i,i,i,i,i,i,i,i,i,i,i,0,1,0,0,0,0,0,1,0,0,0,0,0,0,0,4,2,0,0,0,1,0,0,0,0,2,2,28,2,99,9,3,1,1,19,i,0,0,0,0,1,0,0,i,i,i,i,i,i,i,i,i,i,i,i,i,i,i,i,i,i,i,i,i,i,i,i,i,i,i,i,i,i,0,0,0,1,0,0,5,4,4,4,0,0,0,0,2,1,2,1,0,0,0,0,0,1,0,0,0,7,i,7,3,1,2,2,2,i,i,2,i,2,i,i,i,a,a,i,a,15,12,19,0,15,30,30,1,3,2,8,i,i,8,i,i,i,i,i,i,i,i,i,i,i,i,i,186,17,1
6291,doi:10.4232/1.12497,1.0.0 (2016-04-22),1,1,372,14000372,14453,14,3,TN,0.93617,1.377675,0.0,1.189387,1.499454,0.0,0.0,3,2,2,2,2,3,3,3,3,3,3,3,3,3,3,3,4,0,0,1,0,0,1,1,0,0,0,0,0,0,0,0,0,0,0,a,a,0,0,0,0,0,1,1,0,1,1,0,0,0,0,0,0,0,0,0,0,0,i,i,0,0,0,2,2,2,2,3,4,2,2,2,6,6,2,i,0,1,0,0,0,0,0,1,0,1,0,i,0,0,0,0,4,4,4,4,4,1,3,3,3,3,3,3,3,3,2,2,2,2,2,2,i,2,2,4,4,1,0,0,0,0,0,0,0,i,i,i,0,0,0,0,0,0,0,1,0,0,0,0,0,0,i,0,0,0,4,4,3,3,3,3,3,3,0,0,0,0,0,1,0,0,0,0,1,1,0,0,0,0,0,0,0,0,1,1,0,0,0,0,0,0,0,0,0,0,4,4,4,5,3,3,3,3,2,2,2,2,2,4,4,3,3,5,5,5,5,5,5,5,5,5,1,1,0,0,0,0,0,0,1,0,0,0,0,0,2,i,i,i,i,i,i,i,i,i,i,i,i,i,i,i,i,i,i,i,i,i,i,i,i,i,i,i,i,i,i,i,i,i,i,i,i,i,0,1,0,0,0,0,0,1,1,0,0,0,0,0,0,4,2,0,0,0,0,0,0,0,1,2,2,66,4,1,6,1,1,1,19,i,0,0,0,0,1,0,0,i,i,i,i,i,i,i,i,i,i,i,i,i,i,i,i,i,i,i,i,i,i,i,i,i,i,i,i,i,i,0,0,0,1,0,0,4,2,2,2,0,0,0,0,1,1,3,1,0,0,0,0,0,1,0,0,0,7,i,6,1,1,2,2,2,i,i,2,i,7,i,i,i,a,a,i,a,13,12,18,20,19,30,50,1,1,2,8,i,i,8,i,i,i,i,i,i,i,i,i,i,i,i,i,196,18,1
6291,doi:10.4232/1.12497,1.0.0 (2016-04-22),1,1,373,14000373,14454,14,3,TN,0.972376,1.377675,0.0,1.189387,1.499454,0.0,0.0,3,3,3,3,4,3,3,3,3,3,3,2,2,2,2,2,6,0,0,0,1,0,0,0,0,0,0,0,0,0,0,0,0,0,0,a,a,0,0,0,0,0,0,1,0,1,0,0,0,0,0,0,0,0,0,0,0,0,i,i,0,0,0,2,2,2,2,3,3,2,2,2,3,3,2,i,0,0,0,0,0,1,0,0,0,0,0,i,0,0,0,0,3,3,3,3,3,1,2,2,1,2,1,1,2,2,1,2,2,2,1,2,i,1,2,3,3,1,1,0,0,0,0,0,0,i,i,i,0,0,0,0,0,0,0,1,0,0,0,0,0,0,i,0,0,0,4,4,4,3,3,4,4,3,0,1,0,0,0,0,1,0,0,0,0,0,0,0,0,0,0,0,0,0,0,0,1,0,0,0,0,0,0,0,0,0,2,2,2,4,2,2,2,2,1,2,2,2,1,2,3,2,2,2,2,2,2,2,3,2,3,2,0,0,0,1,0,0,0,1,0,1,0,0,0,0,2,i,i,i,i,i,i,i,i,i,i,i,i,i,i,i,i,i,i,i,i,i,i,i,i,i,i,i,i,i,i,i,i,i,i,i,i,i,0,1,0,0,0,0,0,0,0,0,0,0,0,0,0,2,1,0,0,0,1,0,0,0,0,2,2,25,2,1,6,3,1,1,19,i,0,0,0,0,1,0,0,i,i,i,i,i,i,i,i,i,i,i,i,i,i,i,i,i,i,i,i,i,i,i,i,i,i,i,i,i,i,0,0,0,1,0,0,4,2,5,4,0,0,0,0,2,1,2,1,0,0,0,0,0,1,0,0,0,7,i,7,4,2,2,2,2,i,i,2,i,i,i,i,i,a,a,i,a,15,12,10,0,10,30,30,1,3,2,8,i,i,8,i,i,i,i,i,i,i,i,i,i,i,i,i,186,17,1
6291,doi:10.4232/1.12497,1.0.0 (2016-04-22),1,1,374,14000374,14455,14,3,TN,0.932011,1.377675,0.0,1.189387,1.499454,0.0,0.0,3,3,2,2,3,2,2,3,3,3,2,3,3,2,3,1,1,0,0,0,0,0,1,0,1,0,0,0,0,0,0,0,0,0,0,a,a,0,0,0,1,0,0,0,0,1,0,1,0,0,0,0,0,0,0,0,0,0,i,i,0,0,0,2,2,1,2,1,2,2,2,2,2,2,1,2,0,1,0,1,0,1,0,0,0,0,0,i,0,0,0,0,2,2,3,3,2,1,2,2,1,1,1,2,2,1,2,1,1,1,2,2,i,2,2,3,3,1,1,0,0,0,0,0,0,i,i,i,0,0,1,0,0,0,0,1,1,0,0,0,0,0,i,0,0,0,2,3,2,2,3,3,2,2,0,0,1,0,1,0,0,0,0,0,1,1,1,0,0,0,0,0,1,0,0,0,0,0,0,0,0,0,0,0,0,0,2,1,1,5,1,1,2,2,2,2,2,1,2,2,2,2,2,2,3,3,2,2,3,3,2,3,0,0,0,0,1,0,0,1,1,0,0,0,0,0,2,i,i,i,i,i,i,i,i,i,i,i,i,i,i,i,i,i,i,i,i,i,i,i,i,i,i,i,i,i,i,i,i,i,i,i,i,i,0,1,0,0,0,0,0,0,0,0,0,1,0,0,0,3,2,1,1,0,0,0,0,0,0,2,1,51,3,11,1,3,3,3,18,4,0,0,0,0,1,0,0,i,i,i,i,i,i,i,i,i,i,i,i,i,i,i,i,i,i,i,i,i,i,i,i,i,i,i,i,i,i,0,0,0,1,0,0,7,2,3,3,0,0,0,0,2,1,2,1,0,0,0,0,0,1,0,0,0,7,i,6,2,2,2,2,2,i,i,2,i,i,i,i,i,a,a,i,a,11,12,11,30,12,1,31,1,1,2,8,i,i,8,i,i,i,i,i,i,i,i,i,i,i,i,i,195,15,1
6291,doi:10.4232/1.12497,1.0.0 (2016-04-22),1,1,375,14000375,14456,14,3,TN,0.998201,1.377675,0.0,1.189387,1.499454,0.0,0.0,2,2,2,2,2,3,3,4,3,3,3,3,3,3,3,3,7,0,0,1,0,0,1,0,0,0,0,0,0,0,0,0,0,0,0,a,a,0,0,0,0,0,1,0,0,1,1,0,0,0,0,0,0,0,0,0,0,0,i,i,0,0,0,2,2,2,2,2,3,2,2,2,2,2,1,2,1,0,0,0,0,1,0,0,0,1,0,i,0,0,0,0,2,2,2,2,2,1,2,2,2,2,1,1,2,2,2,1,1,1,2,2,i,2,2,2,2,1,0,0,0,0,0,0,0,i,i,i,0,0,0,0,0,0,0,1,0,0,0,0,0,0,i,0,0,0,2,2,2,2,2,2,2,2,0,0,0,0,1,0,0,0,0,0,0,1,0,0,0,0,0,0,0,0,0,0,0,0,0,0,0,1,0,0,0,0,2,2,2,4,3,3,3,3,2,2,2,2,2,3,3,2,2,3,3,3,3,3,3,3,3,3,1,1,0,0,0,0,1,0,0,0,0,0,0,0,2,i,i,i,i,i,i,i,i,i,i,i,i,i,i,i,i,i,i,i,i,i,i,i,i,i,i,i,i,i,i,i,i,i,i,i,i,i,0,1,0,0,0,0,0,1,1,0,0,0,0,0,0,1,2,0,1,0,0,0,0,0,0,2,1,16,1,0,5,3,2,2,19,i,0,0,0,0,1,0,0,i,i,i,i,i,i,i,i,i,i,i,i,i,i,i,i,i,i,i,i,i,i,i,i,i,i,i,i,i,i,1,0,0,0,0,1,4,3,4,4,1,1,1,1,2,1,2,1,0,0,0,0,1,0,1,0,0,7,i,6,3,2,2,2,2,i,i,2,i,i,i,i,i,a,a,i,a,11,12,13,50,14,20,30,1,1,1,8,i,i,8,i,i,i,i,i,i,i,i,i,i,i,i,i,203,18,1
6291,doi:10.4232/1.12497,1.0.0 (2016-04-22),1,1,376,14000376,14457,14,3,TN,0.978649,1.377675,0.0,1.189387,1.499454,0.0,0.0,3,2,1,1,1,1,1,4,4,4,3,2,2,2,2,2,6,0,0,0,1,0,0,0,1,0,0,0,0,0,0,1,1,0,0,a,a,0,0,0,0,0,0,1,0,1,0,1,0,0,0,0,0,0,1,1,0,0,i,i,0,0,0,2,2,1,3,1,1,2,2,2,3,2,2,i,0,0,0,0,0,0,0,0,0,0,0,i,0,0,1,0,2,2,2,2,2,1,1,1,1,1,1,1,1,1,1,1,1,1,1,1,i,1,1,3,3,1,0,0,0,0,0,0,0,i,i,i,0,0,0,0,0,0,0,1,0,0,0,0,0,0,i,0,0,0,1,1,1,1,1,4,3,3,0,0,0,0,1,0,0,0,0,0,1,1,0,0,0,0,0,0,0,0,0,0,0,0,0,0,1,1,0,0,0,0,2,2,2,1,1,2,2,2,2,2,2,2,2,4,4,3,3,1,3,4,3,2,2,3,3,3,1,0,0,0,1,0,0,0,0,0,1,0,0,0,2,i,i,i,i,i,i,i,i,i,i,i,i,i,i,i,i,i,i,i,i,i,i,i,i,i,i,i,i,i,i,i,i,i,i,i,i,i,1,1,0,0,0,0,0,0,0,0,0,1,0,0,0,2,1,0,1,0,1,0,0,0,0,1,2,42,3,16,2,1,15,7,i,i,0,0,0,0,1,0,0,i,i,i,i,i,i,i,i,i,i,i,i,i,i,i,i,i,i,i,i,i,i,i,i,i,i,i,i,i,i,1,0,0,0,0,1,4,1,4,4,0,0,0,0,2,1,2,1,0,0,0,0,0,1,0,0,0,7,7,7,3,2,2,2,2,i,i,2,i,i,i,i,i,a,a,i,a,13,12,15,25,16,55,30,1,2,2,8,i,i,8,i,i,i,i,i,i,i,i,i,i,i,i,i,185,16,1
6291,doi:10.4232/1.12497,1.0.0 (2016-04-22),1,1,377,14000377,14458,14,3,TN,0.972922,1.377675,0.0,1.189387,1.499454,0.0,0.0,1,3,3,3,4,1,2,3,3,2,2,1,3,3,1,3,7,0,0,0,0,0,0,0,1,0,0,0,0,0,0,0,0,0,0,a,a,0,0,0,0,0,0,0,0,0,1,1,0,0,0,0,0,0,0,0,0,0,i,i,0,0,0,2,2,1,2,2,4,2,2,2,1,2,3,i,0,0,0,0,0,0,0,0,0,0,0,i,0,1,0,0,2,2,2,2,2,1,2,1,2,2,1,1,1,2,1,1,3,1,1,2,i,1,1,3,2,1,1,0,0,1,0,0,0,i,i,i,0,0,0,0,0,0,0,1,0,0,0,0,0,0,i,0,0,0,3,4,3,3,4,4,3,3,0,0,0,0,1,0,0,0,0,0,0,0,1,0,0,0,0,0,0,0,1,0,0,0,0,0,0,0,0,0,0,0,2,5,2,2,1,2,2,2,1,2,1,1,2,4,4,3,3,3,3,3,3,3,3,2,3,3,1,0,0,0,1,0,0,0,0,0,1,0,0,0,2,i,i,i,i,i,i,i,i,i,i,i,i,i,i,i,i,i,i,i,i,i,i,i,i,i,i,i,i,i,i,i,i,i,i,i,i,i,0,1,0,0,1,0,0,0,0,1,0,0,0,0,0,3,2,0,1,0,0,0,0,0,0,4,1,68,4,1,6,1,4,4,11,2,0,0,0,0,1,0,0,i,i,i,i,i,i,i,i,i,i,i,i,i,i,i,i,i,i,i,i,i,i,i,i,i,i,i,i,i,i,0,0,0,1,0,0,4,2,2,2,0,0,0,0,2,1,2,1,0,0,0,0,0,0,0,0,0,7,i,7,3,2,2,2,2,i,i,2,i,i,i,i,i,a,a,i,a,15,12,12,0,12,30,30,1,1,2,8,i,i,8,i,i,i,i,i,i,i,i,i,i,i,i,i,186,17,1
6291,doi:10.4232/1.12497,1.0.0 (2016-04-22),1,1,378,14000378,14459,14,3,TN,0.84721,1.377675,0.0,1.189387,1.499454,0.0,0.0,3,3,2,2,3,3,3,4,3,4,3,1,3,3,3,3,7,0,0,0,0,1,1,0,0,0,0,0,0,0,0,0,0,0,0,a,a,0,0,0,0,0,0,0,1,1,1,0,0,0,0,0,0,0,0,0,0,0,i,i,0,0,0,3,2,1,1,2,4,2,2,2,3,2,2,i,0,0,0,0,0,0,0,0,0,0,0,i,0,0,0,1,3,3,4,3,3,1,1,1,1,1,1,1,2,1,2,1,1,1,2,2,i,1,1,4,4,1,0,0,0,0,0,0,0,i,i,i,0,0,0,0,0,0,0,1,0,0,1,0,0,0,i,0,0,0,2,3,1,1,3,3,2,3,1,0,0,0,0,0,1,0,0,0,0,0,0,0,0,0,0,1,0,0,0,0,0,0,0,0,1,0,0,0,0,0,3,3,4,4,2,2,2,2,2,2,2,2,2,4,3,4,4,3,4,4,3,3,3,4,4,4,1,1,0,0,0,0,1,0,0,0,0,0,0,0,2,i,i,i,i,i,i,i,i,i,i,i,i,i,i,i,i,i,i,i,i,i,i,i,i,i,i,i,i,i,i,i,i,i,i,i,i,i,0,0,0,0,0,0,0,1,1,0,0,0,0,0,0,3,2,0,1,0,0,0,0,0,0,2,2,63,4,1,6,3,1,1,19,i,0,0,0,0,1,0,0,i,i,i,i,i,i,i,i,i,i,i,i,i,i,i,i,i,i,i,i,i,i,i,i,i,i,i,i,i,i,0,0,0,1,0,0,4,1,3,3,0,0,0,0,2,2,4,1,0,0,0,0,0,1,0,0,0,7,i,6,2,2,2,2,2,i,i,2,i,i,i,i,i,a,a,i,a,11,12,12,0,12,42,42,1,3,2,8,i,i,8,i,i,i,i,i,i,i,i,i,i,i,i,i,201,16,1
6291,doi:10.4232/1.12497,1.0.0 (2016-04-22),1,1,379,14000379,14460,14,3,TN,0.968209,1.377675,0.0,1.189387,1.499454,0.0,0.0,3,2,2,2,2,3,3,4,3,3,3,1,3,3,1,1,6,1,0,0,0,0,0,1,1,0,0,0,0,0,0,0,0,0,0,a,a,0,0,0,1,0,0,0,0,1,1,1,0,0,0,0,0,0,0,0,0,0,i,i,0,0,0,3,3,3,3,2,3,2,2,2,2,2,1,2,0,0,1,1,0,0,0,0,0,0,0,i,0,0,0,0,2,3,3,3,3,1,1,1,2,1,1,1,1,1,2,2,1,1,2,1,i,1,1,3,3,1,0,0,0,0,0,0,0,i,i,i,0,0,0,0,0,0,0,1,1,0,0,0,0,0,i,0,0,0,2,2,1,1,2,4,3,3,1,0,0,0,0,0,1,0,0,0,0,1,0,0,0,0,0,1,0,1,0,0,0,0,0,0,0,0,0,0,0,0,2,2,3,3,2,2,2,2,2,2,2,1,2,3,2,4,4,3,4,4,2,3,3,3,3,4,0,1,0,0,0,1,1,0,0,0,0,0,0,0,2,i,i,i,i,i,i,i,i,i,i,i,i,i,i,i,i,i,i,i,i,i,i,i,i,i,i,i,i,i,i,i,i,i,i,i,i,i,0,0,0,0,0,0,0,1,1,0,0,0,0,0,0,3,2,0,1,0,1,0,0,0,0,1,1,66,4,13,1,1,4,4,18,4,0,1,0,0,0,0,1,0,0,0,0,0,0,0,0,1,0,0,0,0,0,0,0,0,0,0,0,0,0,0,0,0,0,0,0,0,0,1,0,0,0,0,1,6,1,3,3,0,0,0,0,1,1,3,1,1,0,0,0,0,1,0,0,0,6,i,6,2,2,2,2,2,i,i,2,i,i,i,i,i,a,a,i,a,11,12,12,45,13,17,28,1,2,2,8,i,i,8,i,i,i,i,i,i,i,i,i,i,i,i,i,201,16,1
6291,doi:10.4232/1.12497,1.0.0 (2016-04-22),1,1,380,14000380,14461,14,3,TN,0.840227,1.377675,0.0,1.189387,1.499454,0.0,0.0,2,2,2,1,2,3,3,3,3,4,3,1,3,3,2,3,7,0,1,0,0,0,1,0,0,1,0,0,0,0,0,1,0,0,0,a,a,0,0,0,0,1,0,0,0,1,1,0,1,0,0,0,0,0,1,0,0,0,i,i,0,0,0,1,2,3,3,2,3,2,2,2,2,2,2,i,0,0,1,1,0,0,0,1,0,0,0,i,0,0,0,0,3,2,3,2,3,1,2,2,2,2,1,1,2,1,2,1,1,2,1,1,i,2,1,3,3,1,0,0,0,0,0,0,0,i,i,i,0,0,0,0,0,0,0,1,1,0,0,0,0,0,i,0,0,0,2,3,2,3,3,4,3,3,1,0,1,0,0,0,0,0,0,0,0,0,0,0,0,0,0,0,0,0,0,0,1,0,0,0,0,0,0,0,0,0,2,2,3,3,2,2,2,2,2,2,2,2,2,4,3,3,3,2,3,3,2,3,4,4,4,3,1,1,0,0,0,0,0,0,0,0,1,0,0,0,2,i,i,i,i,i,i,i,i,i,i,i,i,i,i,i,i,i,i,i,i,i,i,i,i,i,i,i,i,i,i,i,i,i,i,i,i,i,1,0,0,0,0,0,0,0,1,0,0,1,0,0,0,3,2,0,1,1,0,0,0,0,0,2,2,60,4,20,3,5,4,4,19,i,0,0,0,0,1,0,0,i,i,i,i,i,i,i,i,i,i,i,i,i,i,i,i,i,i,i,i,i,i,i,i,i,i,i,i,i,i,0,0,1,0,0,1,5,2,3,3,0,0,0,0,1,1,3,1,0,0,0,0,1,1,0,0,0,7,i,6,2,2,2,2,2,i,i,2,i,i,i,i,i,a,a,i,a,11,12,11,16,11,55,39,1,2,2,8,i,i,8,i,i,i,i,i,i,i,i,i,i,i,i,i,201,16,1
6291,doi:10.4232/1.12497,1.0.0 (2016-04-22),1,1,381,14000381,14462,14,3,TN,0.998201,1.377675,0.0,1.189387,1.499454,0.0,0.0,2,2,2,2,2,2,2,3,3,2,2,1,1,1,1,1,3,0,0,0,0,0,1,1,1,0,0,0,0,0,0,0,0,0,0,a,a,0,0,0,0,0,1,0,0,1,1,1,0,0,0,0,0,0,0,0,0,0,i,i,0,0,0,2,2,1,2,1,3,2,2,2,2,2,1,2,0,0,0,1,0,0,0,0,0,0,0,i,0,0,0,0,2,3,2,2,2,1,2,1,2,1,1,1,1,1,1,1,1,1,2,1,i,2,1,3,3,1,1,0,0,0,0,0,0,i,i,i,0,0,0,0,0,0,0,1,1,0,0,0,0,0,i,0,0,0,1,3,1,1,1,4,4,4,1,1,0,1,1,0,0,0,0,0,0,0,0,0,0,0,0,0,0,0,1,1,0,0,0,0,0,0,0,0,0,0,3,3,3,2,2,2,2,2,2,2,2,2,2,3,3,2,2,2,3,4,2,2,2,4,3,4,1,1,0,0,1,0,0,0,0,0,0,0,0,0,2,i,i,i,i,i,i,i,i,i,i,i,i,i,i,i,i,i,i,i,i,i,i,i,i,i,i,i,i,i,i,i,i,i,i,i,i,i,1,1,0,0,0,0,0,0,0,1,0,0,0,0,0,3,1,1,1,0,0,0,1,0,0,2,1,23,1,18,2,3,8,5,i,i,0,0,0,0,1,0,0,i,i,i,i,i,i,i,i,i,i,i,i,i,i,i,i,i,i,i,i,i,i,i,i,i,i,i,i,i,i,1,0,0,0,0,1,4,2,4,4,1,1,1,1,1,1,3,1,0,0,1,1,1,1,0,0,0,1,5,3,3,1,2,2,2,i,i,2,i,1,i,i,i,a,a,i,a,13,12,16,55,17,33,38,1,1,1,8,i,i,8,i,i,i,i,i,i,i,i,i,i,i,i,i,185,16,1
6291,doi:10.4232/1.12497,1.0.0 (2016-04-22),1,1,382,14000382,14463,14,3,TN,0.971741,1.377675,0.0,1.189387,1.499454,0.0,0.0,2,2,1,1,1,2,1,4,3,4,3,3,1,1,2,1,4,0,0,1,0,0,1,1,0,0,0,0,0,1,0,0,0,0,0,a,a,0,0,0,0,0,1,1,0,1,1,0,0,0,0,0,1,0,0,0,0,0,i,i,0,0,0,2,2,1,2,1,2,2,1,1,3,3,1,2,0,0,0,1,0,0,0,0,1,0,0,i,0,0,0,0,2,4,2,2,1,2,2,2,1,1,1,2,2,1,2,1,1,1,1,1,i,2,1,3,3,1,0,0,0,0,0,0,0,i,i,i,1,0,1,0,0,0,0,1,0,0,0,0,0,0,i,0,0,0,1,2,1,1,2,4,2,3,0,0,1,0,0,0,0,0,0,0,0,0,1,0,0,0,1,0,0,0,1,0,0,0,0,0,0,0,0,0,0,0,4,3,4,2,2,2,2,2,2,2,2,2,2,3,4,2,2,1,3,3,2,1,2,2,3,4,0,1,0,0,1,0,0,0,0,0,1,0,0,0,1,7,i,i,i,i,1,2,1,4,1,0,0,0,0,1,0,0,0,0,0,0,0,1,0,0,1,0,0,0,0,0,0,1,0,0,0,1,0,0,0,1,0,0,0,0,1,1,0,0,0,0,0,3,1,1,1,0,0,0,1,0,0,1,1,30,2,17,2,3,14,7,i,i,0,0,0,0,1,0,0,i,i,i,i,i,i,i,i,i,i,i,i,i,i,i,i,i,i,i,i,i,i,i,i,i,i,i,i,i,i,1,0,0,0,0,1,5,2,4,4,1,1,1,1,2,1,2,1,0,0,1,1,1,1,0,0,0,6,6,6,3,2,2,2,2,i,i,2,i,i,i,i,i,a,a,i,a,13,12,10,15,10,45,30,1,1,2,8,i,i,8,i,i,i,i,i,i,i,i,i,i,i,i,i,185,16,1
6291,doi:10.4232/1.12497,1.0.0 (2016-04-22),1,1,383,14000383,14464,14,3,TN,0.967665,1.377675,0.0,1.189387,1.499454,0.0,0.0,3,3,3,3,4,2,2,4,3,3,4,3,3,3,3,3,1,0,0,0,0,0,0,1,0,0,0,1,0,0,0,0,0,0,0,a,a,0,0,0,1,0,0,0,0,0,1,0,0,0,1,0,0,0,0,0,0,0,i,i,0,0,0,2,2,2,2,3,3,2,2,2,3,3,2,i,0,0,0,1,0,0,0,0,0,1,0,i,0,0,0,0,3,3,3,1,2,2,2,2,2,1,2,1,2,1,2,1,2,1,1,1,i,1,1,3,3,1,1,0,0,0,0,0,0,i,i,i,0,0,0,0,0,0,0,1,0,0,0,0,0,0,i,0,0,0,3,2,2,2,2,2,2,2,0,0,0,0,0,0,0,1,0,0,0,0,0,0,0,0,0,0,0,0,0,0,0,1,0,0,0,0,0,0,0,0,2,2,2,2,2,2,2,2,2,1,2,2,2,3,4,2,2,2,1,2,1,2,2,1,2,2,0,0,1,0,1,0,0,1,0,0,0,0,0,0,2,i,i,i,i,i,i,i,i,i,i,i,i,i,i,i,i,i,i,i,i,i,i,i,i,i,i,i,i,i,i,i,i,i,i,i,i,i,0,0,0,0,1,0,0,0,0,0,0,0,0,0,0,3,2,0,0,1,0,0,0,0,0,2,2,33,2,99,9,3,1,1,19,i,0,0,0,0,1,0,0,i,i,i,i,i,i,i,i,i,i,i,i,i,i,i,i,i,i,i,i,i,i,i,i,i,i,i,i,i,i,0,0,0,1,0,0,6,3,3,3,2,2,0,0,2,1,2,1,0,0,0,0,0,1,0,0,0,7,i,7,3,2,2,2,2,i,i,2,i,i,i,i,i,a,a,i,a,15,12,16,15,16,50,35,1,3,2,8,i,i,8,i,i,i,i,i,i,i,i,i,i,i,i,i,186,17,1
6291,doi:10.4232/1.12497,1.0.0 (2016-04-22),1,1,384,14000384,14465,14,3,TN,0.994495,1.377675,0.0,1.189387,1.499454,0.0,0.0,2,2,1,2,2,2,2,3,3,2,1,2,1,3,2,1,3,0,0,0,0,0,0,0,1,0,0,0,1,0,0,0,0,0,0,a,a,0,0,0,0,0,1,0,0,0,0,1,0,0,0,1,0,0,0,0,0,0,i,i,0,0,0,2,2,1,3,1,3,2,2,2,2,6,1,2,0,0,0,0,0,1,0,0,1,0,0,i,0,0,0,0,2,2,1,3,2,1,2,1,2,1,1,1,2,2,1,2,2,1,2,2,i,1,1,2,2,1,1,1,0,0,0,0,0,i,i,i,0,0,0,0,0,0,0,1,0,0,0,0,0,0,i,0,0,0,2,2,3,3,3,4,4,4,0,0,0,1,1,0,0,1,0,0,0,0,0,0,0,0,0,0,0,0,1,0,0,0,0,0,0,0,0,0,0,0,2,3,3,4,2,2,2,2,1,2,2,2,2,3,3,2,2,2,2,3,2,1,3,4,4,4,0,0,0,0,1,0,0,1,1,0,0,0,0,0,2,i,i,i,i,i,i,i,i,i,i,i,i,i,i,i,i,i,i,i,i,i,i,i,i,i,i,i,i,i,i,i,i,i,i,i,i,i,0,1,0,0,0,0,0,0,0,0,0,0,0,0,0,3,1,0,0,0,1,0,0,0,0,2,1,43,3,16,2,3,8,5,i,i,0,0,0,0,1,0,0,i,i,i,i,i,i,i,i,i,i,i,i,i,i,i,i,i,i,i,i,i,i,i,i,i,i,i,i,i,i,0,0,1,0,0,1,5,3,2,2,0,0,0,0,2,1,2,1,0,0,1,1,1,0,0,0,0,3,7,7,3,1,2,2,2,i,i,2,i,2,i,i,i,a,a,i,a,14,12,14,15,14,45,30,1,3,1,8,i,i,8,i,i,i,i,i,i,i,i,i,i,i,i,i,186,17,1
6291,doi:10.4232/1.12497,1.0.0 (2016-04-22),1,1,385,14000385,14466,14,3,TN,0.972922,1.377675,0.0,1.189387,1.499454,0.0,0.0,3,2,2,2,2,2,2,3,3,3,2,2,2,2,2,2,6,0,1,0,1,0,0,0,0,0,1,0,0,1,1,1,1,1,0,a,a,0,0,0,0,1,0,1,0,1,0,0,0,1,0,0,1,1,1,1,1,0,i,i,0,0,0,2,2,2,2,4,3,2,1,1,3,2,2,i,0,0,0,1,0,1,0,0,0,0,0,i,0,0,0,0,2,2,3,3,3,1,2,2,1,1,1,2,2,2,2,1,1,1,2,2,i,2,2,2,2,1,0,0,0,0,0,0,0,i,i,i,1,0,1,0,0,0,0,1,0,0,0,0,0,0,i,0,0,0,1,1,1,1,1,1,1,1,0,0,1,1,0,1,0,1,0,0,0,0,0,0,0,0,0,0,0,0,0,0,0,0,0,0,1,1,0,0,0,0,3,3,3,2,2,2,2,2,2,2,2,2,2,3,4,2,2,1,2,3,2,1,2,3,3,3,1,0,0,0,1,0,0,0,0,0,1,0,0,0,2,i,i,i,i,i,i,i,i,i,i,i,i,i,i,i,i,i,i,i,i,i,i,i,i,i,i,i,i,i,i,i,i,i,i,i,i,i,0,1,0,1,0,0,0,1,0,0,0,0,0,0,0,3,2,0,1,0,1,0,0,0,0,1,1,78,4,1,6,5,4,4,18,4,0,0,0,0,1,0,0,i,i,i,i,i,i,i,i,i,i,i,i,i,i,i,i,i,i,i,i,i,i,i,i,i,i,i,i,i,i,0,0,0,1,0,0,5,2,1,1,0,0,0,0,2,1,2,1,0,0,0,0,1,0,0,0,0,7,i,6,3,2,2,2,2,i,i,2,i,i,i,i,i,a,a,i,a,13,12,11,15,11,45,30,1,1,2,8,i,i,8,i,i,i,i,i,i,i,i,i,i,i,i,i,185,16,1
6291,doi:10.4232/1.12497,1.0.0 (2016-04-22),1,1,386,14000386,14467,14,3,TN,1.029014,1.377675,0.0,1.189387,1.499454,0.0,0.0,2,1,1,1,1,2,1,3,3,3,3,1,1,1,1,1,7,0,0,1,0,0,1,0,0,0,0,0,0,0,0,0,0,0,0,a,a,0,0,0,0,0,1,0,0,1,1,0,0,0,0,0,0,0,0,0,0,0,i,i,0,0,0,2,2,2,2,2,2,2,2,2,2,2,1,2,0,1,0,0,0,1,0,0,0,1,0,i,0,0,0,0,2,2,2,2,2,1,2,2,2,2,2,1,2,2,2,1,1,1,2,1,i,2,2,3,3,1,0,0,0,0,0,0,0,i,i,i,0,0,0,0,0,0,0,1,0,0,0,0,0,0,i,0,0,0,2,2,2,2,2,2,2,2,0,0,0,0,1,0,0,0,0,0,1,1,0,0,0,0,0,0,0,0,0,1,0,0,0,0,0,1,0,0,0,0,2,2,2,3,1,2,2,2,2,2,2,2,2,3,3,2,2,3,3,3,3,2,3,2,3,3,1,0,0,0,0,0,0,0,1,0,1,0,0,0,2,i,i,i,i,i,i,i,i,i,i,i,i,i,i,i,i,i,i,i,i,i,i,i,i,i,i,i,i,i,i,i,i,i,i,i,i,i,0,1,0,0,0,0,0,1,1,0,0,0,0,0,0,1,2,0,1,0,0,0,0,0,0,2,2,38,2,98,8,1,18,8,i,i,0,0,0,0,1,0,0,i,i,i,i,i,i,i,i,i,i,i,i,i,i,i,i,i,i,i,i,i,i,i,i,i,i,i,i,i,i,0,0,0,1,0,0,5,2,2,2,0,0,0,0,2,1,2,1,0,1,0,0,0,0,0,0,0,6,6,5,3,2,2,2,2,i,i,2,i,i,i,i,i,a,a,i,a,11,12,10,0,10,20,20,1,1,1,8,i,i,8,i,i,i,i,i,i,i,i,i,i,i,i,i,203,18,1
6291,doi:10.4232/1.12497,1.0.0 (2016-04-22),1,1,387,14000387,14468,14,3,TN,0.994495,1.377675,0.0,1.189387,1.499454,0.0,0.0,1,1,1,2,1,2,1,3,2,2,2,1,1,1,3,1,1,0,0,1,0,0,0,1,0,0,0,0,0,0,0,0,0,0,0,a,a,0,0,0,1,0,1,0,0,0,1,0,0,0,0,0,0,0,0,0,0,0,i,i,0,0,0,3,2,1,3,1,3,2,2,2,2,2,1,1,0,0,0,0,0,0,0,0,0,0,0,i,0,1,0,0,2,2,2,2,3,1,1,1,1,1,1,1,2,1,1,1,1,1,1,1,i,1,1,3,2,0,1,0,0,1,0,0,0,i,i,i,0,0,1,0,0,0,0,1,0,0,0,0,0,0,i,0,0,0,2,4,1,2,4,4,3,3,0,1,0,0,1,0,0,0,0,0,0,1,1,0,0,0,0,0,0,0,1,0,0,0,0,0,0,0,1,0,0,0,2,1,3,2,1,2,2,2,2,2,2,2,2,4,3,3,2,1,2,2,1,1,3,3,4,4,1,1,0,0,0,0,0,0,1,0,0,0,0,0,1,3,i,i,i,i,1,1,1,3,0,0,0,0,0,0,0,0,0,1,0,0,0,0,0,0,0,0,0,0,0,0,0,0,0,1,0,1,0,1,0,0,0,0,0,1,0,0,0,0,0,0,0,1,1,0,1,0,1,0,0,0,0,1,1,52,3,99,9,1,14,7,i,i,0,0,0,0,1,0,0,i,i,i,i,i,i,i,i,i,i,i,i,i,i,i,i,i,i,i,i,i,i,i,i,i,i,i,i,i,i,1,0,0,0,0,1,7,3,5,4,0,0,0,0,1,1,3,1,1,1,1,1,0,1,0,0,0,5,6,6,3,2,2,2,2,i,i,2,i,i,i,i,i,a,a,i,a,14,12,14,50,15,15,25,1,1,1,8,i,i,8,i,i,i,i,i,i,i,i,i,i,i,i,i,186,17,1
6291,doi:10.4232/1.12497,1.0.0 (2016-04-22),1,1,388,14000388,14469,14,3,TN,0.972922,1.377675,0.0,1.189387,1.499454,0.0,0.0,4,2,2,2,2,3,3,4,4,4,4,3,3,3,3,3,23,i,i,i,i,i,i,i,i,i,i,i,i,i,i,i,i,i,i,a,a,i,i,i,0,0,0,0,0,0,0,0,0,0,0,0,0,0,0,0,0,0,i,i,0,0,1,2,4,4,4,5,5,2,2,2,6,6,2,i,0,0,0,0,0,0,0,0,1,0,0,i,0,0,0,0,5,5,5,5,5,2,2,2,2,1,2,2,2,2,2,2,2,2,2,2,i,2,2,5,5,1,0,0,0,0,0,0,0,i,i,i,0,0,0,0,0,0,0,1,0,0,0,0,0,0,i,0,0,0,1,1,1,1,1,3,3,3,0,0,0,0,0,0,0,0,0,0,0,0,0,0,0,1,0,0,0,0,0,0,0,0,0,0,0,1,0,0,0,0,4,2,2,5,2,2,2,2,2,2,2,2,2,2,2,2,2,1,3,3,3,3,3,2,3,3,1,0,1,0,0,0,0,0,0,0,1,0,0,0,2,i,i,i,i,i,i,i,i,i,i,i,i,i,i,i,i,i,i,i,i,i,i,i,i,i,i,i,i,i,i,i,i,i,i,i,i,i,0,1,0,0,0,0,0,0,0,0,0,0,0,0,0,3,2,1,1,0,0,0,0,0,0,1,1,79,4,1,6,5,4,4,18,4,0,0,0,0,1,0,0,i,i,i,i,i,i,i,i,i,i,i,i,i,i,i,i,i,i,i,i,i,i,i,i,i,i,i,i,i,i,0,0,0,1,0,0,4,1,2,2,0,0,0,0,2,1,2,1,0,0,0,0,0,0,0,0,0,7,i,7,3,2,2,2,2,i,i,2,i,i,i,i,i,a,a,i,a,13,12,12,0,12,38,38,1,1,2,8,i,i,8,i,i,i,i,i,i,i,i,i,i,i,i,i,185,16,1
6291,doi:10.4232/1.12497,1.0.0 (2016-04-22),1,1,389,14000389,14470,14,3,TN,1.040442,1.377675,0.0,1.189387,1.499454,0.0,0.0,3,2,1,3,2,3,3,3,3,2,2,1,1,1,1,1,7,0,0,1,0,0,0,0,0,0,0,0,1,0,0,0,0,0,0,a,a,0,0,0,0,0,1,0,0,0,1,0,0,0,0,1,0,0,0,0,0,0,i,i,0,0,0,2,2,2,2,2,4,2,1,1,3,3,2,i,0,0,0,1,0,0,0,0,1,0,0,i,0,0,0,0,2,2,2,3,3,1,1,1,2,2,1,1,2,2,1,1,1,1,1,2,i,1,1,2,2,1,1,0,0,0,0,0,0,i,i,i,0,0,0,0,0,0,0,1,0,0,0,0,0,0,i,0,0,0,3,4,2,2,2,4,3,3,1,0,0,0,1,0,0,0,1,0,0,0,0,0,0,0,0,0,0,0,1,0,0,0,0,0,0,0,0,0,0,0,2,1,1,1,2,2,2,2,1,1,2,2,2,3,3,2,2,3,2,1,1,2,1,1,2,2,0,0,0,0,1,0,0,1,0,0,1,0,0,0,2,i,i,i,i,i,i,i,i,i,i,i,i,i,i,i,i,i,i,i,i,i,i,i,i,i,i,i,i,i,i,i,i,i,i,i,i,i,0,1,0,0,0,0,0,0,0,0,0,0,0,0,0,1,2,0,1,0,0,0,0,0,0,2,1,25,2,99,9,3,3,3,19,i,0,0,0,0,1,0,0,i,i,i,i,i,i,i,i,i,i,i,i,i,i,i,i,i,i,i,i,i,i,i,i,i,i,i,i,i,i,0,0,0,1,0,0,5,2,5,4,0,0,0,0,2,1,2,1,1,1,1,1,0,0,0,0,0,1,i,7,3,1,2,2,1,i,i,2,i,1,i,i,1,a,a,i,a,14,12,13,0,13,30,30,1,1,1,8,i,i,8,i,i,i,i,i,i,i,i,i,i,i,i,i,186,17,1
6291,doi:10.4232/1.12497,1.0.0 (2016-04-22),1,1,390,14000390,14471,14,3,TN,0.998201,1.377675,0.0,1.189387,1.499454,0.0,0.0,3,2,2,2,2,1,1,4,4,4,3,2,3,3,3,3,6,0,0,1,1,0,0,0,0,0,0,0,0,0,0,0,0,0,0,a,a,0,0,0,0,0,1,1,0,1,0,0,0,0,0,0,0,0,0,0,0,0,i,i,0,0,0,2,2,1,2,1,2,2,2,2,4,3,2,i,0,1,0,1,0,1,0,0,1,0,0,i,0,0,0,0,3,3,3,3,3,2,2,2,1,1,1,2,2,2,2,2,2,2,2,2,i,2,2,3,3,1,0,0,0,0,0,0,0,i,i,i,1,0,1,0,0,0,0,1,1,0,0,0,0,0,i,0,0,0,1,1,1,1,1,3,3,3,1,0,0,0,1,1,0,0,0,0,1,1,0,0,0,0,0,0,0,0,0,1,0,0,0,0,0,1,0,0,0,0,3,3,3,4,1,1,1,2,2,2,1,1,2,4,4,2,2,1,2,4,1,1,3,3,3,4,0,0,1,0,1,0,0,0,0,0,1,0,0,0,2,i,i,i,i,i,i,i,i,i,i,i,i,i,i,i,i,i,i,i,i,i,i,i,i,i,i,i,i,i,i,i,i,i,i,i,i,i,0,1,0,1,0,0,0,0,0,1,0,0,0,0,0,3,1,0,1,0,1,0,0,0,0,1,1,21,1,17,2,3,8,5,i,i,0,0,0,0,1,0,0,i,i,i,i,i,i,i,i,i,i,i,i,i,i,i,i,i,i,i,i,i,i,i,i,i,i,i,i,i,i,0,0,0,1,0,0,5,2,3,3,0,0,1,1,2,1,2,1,0,0,1,1,1,0,1,0,0,4,6,4,3,1,2,2,2,i,i,2,i,4,i,i,i,a,a,i,a,13,12,16,2,16,38,36,1,2,1,8,i,i,8,i,i,i,i,i,i,i,i,i,i,i,i,i,185,16,1
6291,doi:10.4232/1.12497,1.0.0 (2016-04-22),1,1,391,14000391,14472,14,3,TN,0.935483,1.377675,0.0,1.189387,1.499454,0.0,0.0,3,3,3,3,4,2,2,4,3,3,2,2,2,3,3,1,7,0,0,0,1,0,1,0,1,0,0,0,0,0,0,0,0,0,0,a,a,0,0,0,0,0,0,1,0,1,1,1,0,0,0,0,0,0,0,0,0,0,i,i,0,0,0,2,3,3,2,2,4,2,2,2,1,5,1,2,0,1,1,1,0,0,0,1,0,0,0,i,0,0,0,0,2,2,3,4,4,1,1,1,1,1,1,2,2,1,1,1,1,1,2,2,i,1,1,4,4,1,0,0,0,0,0,0,0,i,i,i,0,0,0,0,0,0,0,1,1,1,0,0,0,0,i,0,0,0,3,4,2,1,2,4,2,3,0,1,0,0,1,0,0,0,0,0,1,0,0,0,0,0,1,0,0,0,0,0,1,0,0,0,0,0,0,0,0,0,3,2,4,4,2,2,2,2,2,2,1,2,2,3,3,3,4,4,3,3,4,4,4,4,3,3,0,1,0,0,0,0,1,1,0,0,0,0,0,0,2,i,i,i,i,i,i,i,i,i,i,i,i,i,i,i,i,i,i,i,i,i,i,i,i,i,i,i,i,i,i,i,i,i,i,i,i,i,1,0,0,0,0,0,0,0,1,0,0,1,0,0,0,1,2,0,1,0,0,0,0,0,0,1,1,18,1,0,5,3,2,2,19,i,0,1,0,0,0,0,1,0,0,0,0,0,0,0,0,0,0,0,0,0,0,0,0,0,0,0,0,0,0,0,0,1,0,0,0,0,0,0,0,0,1,0,0,7,2,3,3,1,1,0,0,1,1,3,1,0,0,1,1,1,1,0,0,0,1,i,1,3,1,2,2,2,i,i,2,i,1,i,i,i,a,a,i,a,14,12,15,5,15,38,33,1,1,2,8,i,i,8,i,i,i,i,i,i,i,i,i,i,i,i,i,202,16,1
6291,doi:10.4232/1.12497,1.0.0 (2016-04-22),1,1,392,14000392,14473,14,3,TN,0.999336,1.377675,0.0,1.189387,1.499454,0.0,0.0,2,2,2,2,2,3,3,4,3,3,3,3,3,3,3,3,7,0,0,1,0,0,1,0,0,0,0,0,0,0,0,0,0,0,0,a,a,0,0,0,0,0,1,0,0,1,1,0,0,0,0,0,0,0,0,0,0,0,i,i,0,0,0,2,2,4,4,3,3,2,2,2,3,6,3,i,0,0,0,0,0,0,0,0,0,0,0,i,0,0,1,0,5,5,5,5,5,3,3,3,3,3,3,3,3,3,3,3,3,3,3,3,i,3,3,4,4,1,0,0,0,0,0,0,0,i,i,i,0,0,0,0,0,0,0,1,0,0,0,0,0,0,i,0,0,0,4,4,3,3,3,3,3,3,0,0,0,0,0,0,0,0,0,0,0,1,0,0,0,0,0,0,0,0,0,0,0,0,0,0,0,1,0,0,0,0,3,3,3,3,3,3,3,3,2,2,2,2,2,3,3,4,4,4,4,4,4,4,4,4,4,4,0,1,0,0,1,1,0,0,0,0,0,0,0,0,2,i,i,i,i,i,i,i,i,i,i,i,i,i,i,i,i,i,i,i,i,i,i,i,i,i,i,i,i,i,i,i,i,i,i,i,i,i,0,1,0,0,0,0,0,0,0,0,0,0,0,0,0,1,2,0,1,0,0,0,0,0,0,2,1,53,3,1,6,3,18,8,i,i,0,0,0,0,1,0,0,i,i,i,i,i,i,i,i,i,i,i,i,i,i,i,i,i,i,i,i,i,i,i,i,i,i,i,i,i,i,1,0,0,0,0,1,3,2,6,4,1,1,1,1,2,1,2,1,0,0,0,0,0,1,0,0,0,6,6,6,3,2,2,2,2,i,i,2,i,i,i,i,i,a,a,i,a,11,12,15,0,15,30,30,1,2,1,8,i,i,8,i,i,i,i,i,i,i,i,i,i,i,i,i,203,18,1
6291,doi:10.4232/1.12497,1.0.0 (2016-04-22),1,1,393,14000393,14474,14,3,TN,1.001621,1.377675,0.0,1.189387,1.499454,0.0,0.0,3,3,3,3,4,2,2,4,2,3,4,2,2,1,2,1,4,0,0,1,0,0,0,1,1,0,0,0,0,0,0,0,0,0,0,a,a,0,0,0,0,0,1,1,0,0,1,1,0,0,0,0,0,0,0,0,0,0,i,i,0,0,0,2,2,1,1,2,1,2,2,2,4,3,1,1,1,0,0,0,0,1,0,0,0,0,0,i,0,0,0,0,4,4,2,3,2,1,2,1,1,1,1,1,2,1,1,1,1,2,1,1,i,1,1,2,2,1,1,1,0,0,0,0,0,i,i,i,0,0,0,0,0,0,0,1,0,0,0,0,0,0,i,0,0,0,4,4,3,3,2,4,4,4,0,0,0,1,0,0,0,1,0,0,0,1,0,0,0,0,0,0,0,0,1,0,0,1,0,0,0,0,0,0,0,0,2,2,2,2,2,2,2,2,2,2,2,2,2,3,4,2,2,2,2,2,2,2,2,2,4,4,0,1,0,0,0,0,0,1,0,0,1,0,0,0,2,i,i,i,i,i,i,i,i,i,i,i,i,i,i,i,i,i,i,i,i,i,i,i,i,i,i,i,i,i,i,i,i,i,i,i,i,i,0,1,1,0,0,0,0,0,0,0,0,0,0,0,0,3,1,0,0,0,1,0,0,0,0,2,1,22,1,10,1,3,8,5,i,i,0,0,0,0,1,0,0,i,i,i,i,i,i,i,i,i,i,i,i,i,i,i,i,i,i,i,i,i,i,i,i,i,i,i,i,i,i,0,0,0,1,0,0,5,3,3,3,2,2,1,1,2,1,2,1,1,1,1,0,0,0,0,0,0,7,7,7,3,1,2,2,2,i,i,2,i,3,i,i,i,a,a,i,a,14,12,16,30,17,0,30,1,1,1,8,i,i,8,i,i,i,i,i,i,i,i,i,i,i,i,i,186,17,1
6291,doi:10.4232/1.12497,1.0.0 (2016-04-22),1,1,394,14000394,14475,14,3,TN,0.932011,1.377675,0.0,1.189387,1.499454,0.0,0.0,4,2,1,2,2,4,4,4,2,2,2,1,3,3,1,3,7,0,1,0,0,0,1,0,0,0,0,0,0,0,0,0,0,0,0,a,a,0,0,0,0,1,0,0,0,1,1,0,0,0,0,0,0,0,0,0,0,0,i,i,0,0,0,2,3,3,3,1,4,2,2,2,3,5,2,i,0,1,0,0,0,0,0,0,0,0,0,i,0,0,0,0,2,2,3,3,3,1,1,2,2,1,1,1,2,2,1,1,2,2,1,1,i,1,1,2,3,1,1,0,0,0,0,0,0,i,i,i,0,0,0,0,0,0,0,1,1,0,1,0,0,0,i,0,0,0,1,2,1,1,3,4,2,3,1,0,0,0,0,0,1,0,0,0,0,0,0,0,0,0,0,1,0,0,0,0,0,0,0,0,0,1,0,0,0,0,2,2,2,3,2,2,2,2,2,2,1,1,2,3,2,4,4,3,3,3,2,2,2,4,3,4,1,1,0,0,0,1,0,0,0,0,0,0,0,0,2,i,i,i,i,i,i,i,i,i,i,i,i,i,i,i,i,i,i,i,i,i,i,i,i,i,i,i,i,i,i,i,i,i,i,i,i,i,0,0,0,0,0,0,0,1,0,0,0,1,0,0,0,1,1,0,1,0,0,0,1,0,0,2,1,54,3,12,1,1,8,5,i,i,0,0,0,0,1,0,0,i,i,i,i,i,i,i,i,i,i,i,i,i,i,i,i,i,i,i,i,i,i,i,i,i,i,i,i,i,i,0,0,1,0,0,1,7,2,5,4,1,1,0,0,1,1,3,1,0,0,1,1,1,0,0,0,0,3,6,6,2,2,2,2,2,i,i,2,i,i,i,i,i,a,a,i,a,11,12,12,0,10,32,32,1,1,2,8,i,i,8,i,i,i,i,i,i,i,i,i,i,i,i,i,201,16,1
6291,doi:10.4232/1.12497,1.0.0 (2016-04-22),1,1,395,14000395,14476,14,3,TN,0.97507,1.377675,0.0,1.189387,1.499454,0.0,0.0,2,3,3,3,4,3,3,3,3,3,3,1,3,3,3,3,4,0,0,0,0,0,1,0,1,0,0,0,0,0,0,0,0,0,0,a,a,0,0,0,0,0,0,1,0,1,0,1,0,0,0,0,0,0,0,0,0,0,i,i,0,0,0,2,2,2,3,2,3,2,2,2,3,5,2,i,0,0,0,1,0,0,0,0,0,0,0,i,0,0,0,0,3,3,3,3,3,2,2,2,2,2,1,2,2,2,2,1,1,2,2,1,i,2,1,4,4,1,0,0,0,0,0,0,0,i,i,i,0,0,0,0,0,0,0,1,0,0,1,0,0,0,i,0,0,0,3,3,1,1,3,3,2,3,1,0,0,0,0,0,1,0,0,0,0,0,0,0,0,0,0,0,1,0,0,0,0,0,0,0,0,1,0,0,0,0,2,2,2,5,2,2,2,2,2,2,2,1,2,4,4,4,4,2,3,4,3,3,3,4,4,4,0,1,0,0,0,0,1,0,1,0,0,0,0,0,2,i,i,i,i,i,i,i,i,i,i,i,i,i,i,i,i,i,i,i,i,i,i,i,i,i,i,i,i,i,i,i,i,i,i,i,i,i,0,1,0,0,0,0,0,1,0,0,0,0,0,0,0,2,2,0,1,0,1,0,0,0,0,2,1,35,2,12,1,1,6,5,i,i,0,0,0,0,1,0,0,i,i,i,i,i,i,i,i,i,i,i,i,i,i,i,i,i,i,i,i,i,i,i,i,i,i,i,i,i,i,1,0,0,0,0,1,5,1,3,3,1,1,0,0,2,1,2,1,0,1,0,0,0,1,0,0,0,7,6,6,2,2,2,2,2,i,i,2,i,i,i,i,i,a,a,i,a,11,12,13,30,14,9,39,1,2,2,8,i,i,8,i,i,i,i,i,i,i,i,i,i,i,i,i,201,16,1
6291,doi:10.4232/1.12497,1.0.0 (2016-04-22),1,1,396,14000396,14477,14,3,TN,0.978649,1.377675,0.0,1.189387,1.499454,0.0,0.0,2,3,2,2,3,3,3,4,2,2,2,1,3,3,3,3,7,1,0,0,1,0,1,0,0,0,0,0,0,0,0,0,0,0,0,a,a,0,0,0,1,0,0,1,0,1,1,0,0,0,0,0,0,0,0,0,0,0,i,i,0,0,0,2,2,3,3,1,4,2,2,2,2,2,2,i,0,1,1,0,0,0,0,0,0,0,0,i,0,0,0,0,3,3,3,3,3,1,2,2,2,2,1,1,2,1,2,2,2,2,2,1,i,2,1,3,4,1,0,0,0,0,0,0,0,i,i,i,0,0,0,0,0,0,0,1,1,0,1,0,0,0,i,0,0,0,1,3,2,1,3,4,2,3,1,0,0,0,0,0,0,0,0,0,0,0,0,0,0,0,0,1,0,0,0,0,1,0,0,0,0,0,0,0,0,0,4,2,2,3,2,2,2,2,2,2,2,1,2,4,4,3,4,2,4,4,3,3,2,4,3,3,1,1,0,0,0,0,0,0,1,0,0,0,0,0,2,i,i,i,i,i,i,i,i,i,i,i,i,i,i,i,i,i,i,i,i,i,i,i,i,i,i,i,i,i,i,i,i,i,i,i,i,i,0,0,0,0,0,0,0,0,1,0,0,1,0,0,0,1,2,0,1,1,0,0,0,0,0,2,2,44,3,17,2,1,1,1,14,3,0,1,0,0,0,0,1,0,0,0,0,0,0,0,0,1,0,0,0,0,0,0,0,0,0,0,0,0,0,0,0,0,0,0,0,0,0,0,0,1,0,0,1,7,2,3,3,0,0,0,0,1,1,3,1,0,0,1,1,1,0,0,0,0,3,i,6,2,2,2,2,2,i,i,2,i,i,i,i,i,a,a,i,a,11,12,10,36,11,12,36,1,1,2,8,i,i,8,i,i,i,i,i,i,i,i,i,i,i,i,i,201,16,1
6291,doi:10.4232/1.12497,1.0.0 (2016-04-22),1,1,397,14000397,14478,14,3,TN,0.957836,1.377675,0.0,1.189387,1.499454,0.0,0.0,4,3,3,2,3,2,2,4,2,4,3,2,2,1,1,1,7,0,0,0,0,0,0,0,0,0,0,0,0,0,0,0,0,0,0,a,a,0,0,1,0,0,0,0,0,0,1,0,0,0,0,0,0,0,0,0,0,0,i,i,0,0,0,2,2,1,1,1,1,2,2,2,1,2,1,2,0,0,0,0,0,1,0,0,0,1,0,i,0,0,0,0,2,3,1,1,2,1,1,1,1,2,1,1,2,2,1,1,1,1,1,1,i,1,1,3,2,1,1,1,0,0,0,0,0,i,i,i,0,0,0,0,0,0,0,1,1,0,1,0,0,0,i,0,0,0,3,3,3,1,3,3,3,3,0,1,0,1,0,0,0,0,0,0,1,0,0,0,0,0,0,1,0,1,0,0,0,0,0,0,0,0,0,0,0,0,3,3,2,1,2,2,2,2,2,2,2,2,2,2,2,3,3,3,1,3,3,3,3,3,3,4,1,0,0,0,0,1,0,1,0,0,0,0,0,0,1,48,i,i,i,i,1,1,1,3,1,0,1,1,0,0,0,0,0,0,0,0,0,1,0,0,0,1,0,0,0,0,1,0,0,0,0,1,0,1,0,0,0,0,0,1,0,1,0,0,0,0,0,1,1,0,1,0,1,0,1,0,0,1,1,29,2,19,2,3,3,3,19,i,0,0,0,0,1,0,0,i,i,i,i,i,i,i,i,i,i,i,i,i,i,i,i,i,i,i,i,i,i,i,i,i,i,i,i,i,i,1,0,0,0,0,1,3,1,10,4,0,0,0,0,1,1,3,1,1,0,1,1,0,1,0,0,0,4,i,4,2,1,2,2,2,i,i,2,i,4,i,i,i,a,a,i,a,13,12,14,0,14,40,40,1,1,1,10,i,i,10,i,i,i,i,i,i,i,i,i,i,i,i,i,202,20,1
6291,doi:10.4232/1.12497,1.0.0 (2016-04-22),1,1,398,14000398,14479,14,3,TN,0.953819,1.377675,0.0,1.189387,1.499454,0.0,0.0,2,3,2,2,3,1,2,4,2,2,4,3,1,1,3,1,6,0,0,0,0,0,0,0,0,0,0,0,0,0,0,0,0,0,0,a,a,0,0,1,0,0,0,0,0,1,0,0,0,0,0,0,0,0,0,0,0,0,i,i,0,0,0,2,2,1,2,1,1,2,2,2,4,2,1,2,0,0,0,1,0,1,0,0,0,0,0,i,0,0,0,0,3,3,3,2,3,1,2,1,1,1,1,1,2,2,2,1,1,1,2,1,i,2,2,3,3,0,0,1,0,0,0,1,1,i,i,i,0,0,0,0,0,0,0,1,1,1,0,0,0,0,i,0,0,0,4,4,4,3,3,4,4,4,1,0,1,1,0,0,1,0,0,0,0,1,0,0,0,0,0,1,0,1,0,0,0,0,0,0,0,0,0,0,0,0,2,2,2,2,2,2,2,1,2,2,2,2,2,3,3,2,3,2,3,3,2,2,2,2,3,3,1,0,0,0,0,0,0,0,0,1,1,0,0,0,2,i,i,i,i,i,i,i,i,i,i,i,i,i,i,i,i,i,i,i,i,i,i,i,i,i,i,i,i,i,i,i,i,i,i,i,i,i,1,1,0,0,0,0,0,1,0,0,0,0,0,0,0,3,2,0,1,1,1,0,0,0,0,2,2,34,2,99,9,3,1,1,19,i,0,0,0,0,1,0,0,i,i,i,i,i,i,i,i,i,i,i,i,i,i,i,i,i,i,i,i,i,i,i,i,i,i,i,i,i,i,1,0,0,0,0,1,5,1,3,3,0,0,0,0,2,1,2,1,0,0,0,0,0,1,0,0,0,7,i,3,3,1,2,2,2,i,i,2,i,3,i,i,i,a,a,i,a,12,12,14,30,15,15,45,1,1,1,10,i,i,10,i,i,i,i,i,i,i,i,i,i,i,i,i,198,2,1
6291,doi:10.4232/1.12497,1.0.0 (2016-04-22),1,1,399,14000399,14480,14,3,TN,0.957836,1.377675,0.0,1.189387,1.499454,0.0,0.0,3,2,2,3,3,2,2,4,3,4,3,2,3,3,2,3,7,0,0,0,0,0,0,0,0,0,0,0,0,0,0,0,0,0,0,a,a,0,0,1,0,0,0,0,0,0,1,0,0,0,0,0,0,0,0,0,0,0,i,i,0,0,0,2,2,1,1,1,2,1,2,2,2,2,1,2,0,0,1,0,0,1,0,0,0,0,0,i,0,0,0,0,3,2,2,3,3,1,2,1,2,2,1,1,2,2,2,1,1,1,2,1,i,2,1,3,2,0,1,1,0,1,0,0,0,i,i,i,0,0,0,0,0,0,0,0,1,1,0,0,1,0,i,0,0,0,3,3,2,2,3,2,2,2,0,0,0,1,1,0,1,0,0,1,1,0,0,0,0,0,1,0,0,0,0,0,1,0,0,0,0,0,0,0,0,0,2,3,3,2,1,1,1,2,2,2,2,2,2,3,3,3,3,2,3,3,2,3,3,3,3,3,1,0,1,0,0,0,0,1,0,0,0,0,0,0,1,5,i,i,i,i,1,1,1,5,0,1,0,0,0,1,0,0,0,1,0,0,0,1,1,0,0,1,0,0,0,0,0,0,0,0,0,1,1,1,0,0,0,0,0,1,0,0,0,0,0,0,0,2,1,0,1,1,1,0,0,0,0,1,1,34,2,99,9,3,1,1,19,i,0,0,0,0,1,0,0,i,i,i,i,i,i,i,i,i,i,i,i,i,i,i,i,i,i,i,i,i,i,i,i,i,i,i,i,i,i,1,0,0,0,0,1,1,1,4,4,0,0,0,0,1,1,3,1,1,1,1,1,1,0,0,0,0,1,i,1,3,1,2,2,2,i,i,2,i,1,i,i,i,a,a,i,a,12,12,9,0,9,38,38,2,1,1,10,i,i,10,i,i,i,i,i,i,i,i,i,i,i,i,i,198,2,1
6291,doi:10.4232/1.12497,1.0.0 (2016-04-22),1,1,400,14000400,14481,14,3,TN,0.967951,1.377675,0.0,1.189387,1.499454,0.0,0.0,4,3,2,1,2,2,2,3,3,3,3,3,3,3,3,3,7,0,0,0,0,0,0,0,0,0,0,0,0,0,0,0,0,0,0,a,a,0,0,1,0,0,0,0,0,0,1,0,0,0,0,0,0,0,0,0,0,0,i,i,0,0,0,2,2,1,1,1,1,2,1,2,2,3,2,i,1,0,0,0,0,1,0,0,0,0,0,i,0,0,0,0,3,4,4,2,3,1,2,1,2,2,1,2,2,2,2,1,1,1,2,1,i,2,2,3,3,0,1,0,0,0,0,0,0,i,i,i,1,0,1,0,0,0,0,1,0,1,0,1,0,0,i,0,0,0,2,3,2,2,2,2,2,2,1,0,0,1,1,1,0,0,0,0,1,0,0,0,0,0,1,0,0,0,0,0,0,0,0,0,0,1,0,0,0,0,3,2,2,3,1,1,2,1,2,2,2,2,2,3,3,2,2,2,1,2,2,2,2,2,2,2,0,0,0,0,1,1,0,0,1,0,0,0,0,0,2,i,i,i,i,i,i,i,i,i,i,i,i,i,i,i,i,i,i,i,i,i,i,i,i,i,i,i,i,i,i,i,i,i,i,i,i,i,1,1,0,0,0,0,0,0,0,1,0,0,0,0,0,1,1,0,1,1,1,0,0,0,0,2,2,45,3,99,9,1,1,1,19,i,0,0,0,0,1,0,0,i,i,i,i,i,i,i,i,i,i,i,i,i,i,i,i,i,i,i,i,i,i,i,i,i,i,i,i,i,i,0,0,0,1,0,0,1,1,2,2,1,1,1,1,2,1,2,1,1,1,0,0,0,0,0,0,0,7,i,7,3,2,2,2,2,i,i,2,i,i,i,i,i,a,a,i,a,12,12,13,45,14,15,30,1,1,1,10,i,i,10,i,i,i,i,i,i,i,i,i,i,i,i,i,198,2,1
6291,doi:10.4232/1.12497,1.0.0 (2016-04-22),1,1,401,14000401,14482,14,3,TN,0.817951,1.377675,0.0,1.189387,1.499454,0.0,0.0,2,2,1,1,1,1,1,2,2,1,1,1,1,1,1,1,2,0,0,0,0,0,0,0,0,0,0,0,0,0,0,0,0,0,0,a,a,0,0,1,0,1,0,0,0,0,0,0,0,0,0,0,0,0,0,0,0,0,i,i,0,0,0,2,2,2,2,1,2,1,1,1,2,2,1,2,0,0,0,1,0,1,0,0,0,0,0,i,0,0,0,0,1,2,2,1,1,1,1,1,1,1,1,1,1,1,1,1,1,1,1,1,i,1,1,2,2,0,1,1,0,0,0,0,0,i,i,i,1,0,0,0,0,0,0,1,1,0,0,0,0,1,i,0,0,0,2,2,1,1,1,2,2,2,1,1,0,0,1,0,0,1,0,0,1,0,0,0,0,0,0,0,0,0,1,0,0,0,0,0,1,0,0,0,0,0,2,2,2,1,1,2,2,2,2,2,1,1,2,3,3,2,2,2,3,3,2,1,2,2,3,3,1,1,1,0,0,0,0,0,0,0,0,0,0,0,2,i,i,i,i,i,i,i,i,i,i,i,i,i,i,i,i,i,i,i,i,i,i,i,i,i,i,i,i,i,i,i,i,i,i,i,i,i,0,1,0,1,0,0,0,0,1,0,0,0,0,0,0,1,1,0,1,0,1,0,1,0,0,1,1,30,2,25,3,1,3,3,19,i,1,0,0,1,0,0,1,0,1,0,0,0,0,0,0,1,1,0,0,0,1,0,0,0,0,0,0,0,0,0,0,0,0,0,0,0,0,1,0,0,0,0,1,5,2,2,2,0,0,0,0,2,1,2,1,1,1,1,1,1,1,0,0,0,1,i,6,2,1,2,2,2,i,i,2,i,1,i,i,i,a,a,i,a,12,12,9,43,10,30,47,1,1,1,10,i,i,10,i,i,i,i,i,i,i,i,i,i,i,i,i,198,2,1
6291,doi:10.4232/1.12497,1.0.0 (2016-04-22),1,1,402,14000402,14483,14,3,TN,0.835087,1.377675,0.0,1.189387,1.499454,0.0,0.0,4,2,2,2,2,2,2,4,2,3,3,2,3,3,3,3,7,0,0,0,0,0,0,0,0,0,0,0,0,0,0,0,0,0,0,a,a,0,0,1,0,0,0,0,0,0,1,0,0,0,0,0,0,0,0,0,0,0,i,i,0,0,0,2,2,1,1,1,1,2,2,2,2,2,1,2,0,1,0,1,0,1,0,0,0,0,0,i,0,0,0,0,2,3,2,2,2,1,2,1,2,2,1,1,2,1,2,1,1,1,2,1,i,2,2,2,2,1,0,0,0,0,0,1,0,i,i,i,1,0,0,0,0,0,0,1,0,0,1,0,1,0,i,0,0,0,2,2,2,2,2,2,2,2,0,0,0,0,1,0,1,0,0,0,1,1,1,0,0,0,0,0,0,0,1,0,0,1,0,0,0,0,0,0,0,0,2,2,2,2,1,1,2,1,1,2,1,1,2,3,2,2,3,2,2,2,2,2,2,2,2,3,0,0,0,0,1,0,0,1,1,0,0,0,0,0,2,i,i,i,i,i,i,i,i,i,i,i,i,i,i,i,i,i,i,i,i,i,i,i,i,i,i,i,i,i,i,i,i,i,i,i,i,i,1,1,0,0,0,0,0,1,0,0,0,0,0,0,0,1,2,0,1,0,1,0,1,0,0,2,2,55,4,1,6,5,1,1,19,i,0,0,0,0,1,0,0,i,i,i,i,i,i,i,i,i,i,i,i,i,i,i,i,i,i,i,i,i,i,i,i,i,i,i,i,i,i,0,0,0,1,0,0,3,1,3,3,0,0,0,0,2,1,2,1,0,0,0,0,0,1,0,0,0,7,i,6,3,2,2,2,2,i,i,2,i,i,i,i,i,a,a,i,a,15,12,15,30,16,10,40,1,3,1,10,i,i,10,i,i,i,i,i,i,i,i,i,i,i,i,i,197,19,1
6291,doi:10.4232/1.12497,1.0.0 (2016-04-22),1,1,403,14000403,14484,14,3,TN,0.835087,1.377675,0.0,1.189387,1.499454,0.0,0.0,2,3,3,3,4,3,3,4,4,2,2,1,1,1,1,1,1,0,0,0,0,0,0,0,0,0,0,0,0,0,0,0,0,0,0,a,a,0,0,1,1,0,0,0,0,0,0,0,0,0,0,0,0,0,0,0,0,0,i,i,0,0,0,2,1,1,1,1,3,2,2,2,2,2,1,2,0,0,0,1,0,1,0,0,0,0,1,i,0,0,0,0,2,2,2,2,2,1,1,2,2,2,2,1,2,2,1,1,1,1,2,2,i,2,2,2,2,0,1,0,0,0,1,0,0,i,i,i,0,0,0,0,0,0,0,1,0,1,0,0,0,1,i,0,0,0,2,2,2,2,2,2,2,2,0,1,0,1,1,0,1,1,0,0,0,0,0,0,0,0,0,0,0,0,1,1,0,0,0,0,0,0,0,0,0,0,1,1,1,3,1,1,1,1,1,2,2,2,2,2,2,1,2,3,3,3,3,3,3,3,3,3,1,0,0,0,1,0,0,1,0,0,0,0,0,0,2,i,i,i,i,i,i,i,i,i,i,i,i,i,i,i,i,i,i,i,i,i,i,i,i,i,i,i,i,i,i,i,i,i,i,i,i,i,1,1,0,0,0,0,0,1,0,0,0,0,0,0,0,1,1,0,1,0,1,1,0,0,0,1,2,60,4,1,6,1,1,1,19,i,0,0,0,0,1,0,0,i,i,i,i,i,i,i,i,i,i,i,i,i,i,i,i,i,i,i,i,i,i,i,i,i,i,i,i,i,i,0,0,0,1,0,0,7,3,3,3,0,0,1,1,2,1,2,1,0,0,0,0,1,1,0,0,0,7,i,6,2,2,2,2,2,i,i,2,i,i,i,i,i,a,a,i,a,15,12,16,17,17,0,43,1,1,1,10,i,i,10,i,i,i,i,i,i,i,i,i,i,i,i,i,197,19,1
6291,doi:10.4232/1.12497,1.0.0 (2016-04-22),1,1,404,14000404,14485,14,3,TN,0.867122,1.377675,0.0,1.189387,1.499454,0.0,0.0,2,2,1,1,1,2,1,3,3,2,3,1,1,1,1,1,4,0,0,0,0,0,0,0,0,0,0,0,0,0,0,0,0,0,0,a,a,0,0,1,0,0,0,1,0,0,0,0,0,0,0,0,0,0,0,0,0,0,i,i,0,0,0,2,2,1,1,1,1,2,2,2,1,1,1,2,0,0,0,1,0,0,0,0,1,1,0,i,0,0,0,0,2,2,2,1,2,1,1,1,2,2,2,2,1,2,2,2,1,1,2,2,i,2,2,2,3,0,1,0,1,0,1,0,0,i,i,i,0,0,0,0,0,0,0,1,1,1,0,0,0,0,i,0,0,0,2,2,1,1,1,2,2,2,0,0,1,1,1,0,0,0,0,0,0,1,1,0,0,0,0,0,0,1,0,0,0,0,0,0,0,1,0,0,0,0,2,2,2,1,1,2,2,2,2,2,2,2,2,3,3,1,2,1,2,2,2,2,2,3,3,3,1,0,0,1,0,0,1,0,0,0,0,0,0,0,2,i,i,i,i,i,i,i,i,i,i,i,i,i,i,i,i,i,i,i,i,i,i,i,i,i,i,i,i,i,i,i,i,i,i,i,i,i,1,1,0,0,0,0,0,1,0,0,0,0,0,0,0,1,1,0,1,0,1,1,0,0,0,1,1,19,1,13,1,3,2,2,19,i,0,0,0,0,1,0,0,i,i,i,i,i,i,i,i,i,i,i,i,i,i,i,i,i,i,i,i,i,i,i,i,i,i,i,i,i,i,0,0,0,1,0,0,8,2,5,4,0,0,0,0,2,1,2,1,0,0,0,0,0,1,0,0,0,1,i,1,1,1,2,2,2,i,i,2,i,1,i,i,i,a,a,i,a,14,12,13,10,13,41,31,1,1,2,10,i,i,10,i,i,i,i,i,i,i,i,i,i,i,i,i,201,19,1
6291,doi:10.4232/1.12497,1.0.0 (2016-04-22),1,1,405,14000405,14486,14,3,TN,0.954811,1.377675,0.0,1.189387,1.499454,0.0,0.0,1,2,1,1,1,2,1,3,2,5,2,1,1,1,1,1,4,0,0,0,0,0,0,0,0,0,0,0,0,0,0,0,0,0,0,a,a,0,0,1,0,0,0,1,0,0,0,0,0,0,0,0,0,0,0,0,0,0,i,i,0,0,0,2,2,1,1,1,3,2,2,2,2,2,1,1,0,0,0,1,0,0,0,1,1,0,0,i,0,0,0,0,1,2,1,1,2,1,2,2,2,1,1,1,2,1,1,1,1,1,1,2,i,1,1,2,3,0,1,1,1,0,0,0,0,i,i,i,0,0,0,0,0,0,0,1,1,0,1,0,0,0,i,0,0,0,3,3,2,2,2,1,1,1,0,1,1,0,0,0,1,0,0,0,0,1,0,0,0,0,0,0,0,1,0,0,1,0,0,0,0,0,0,0,0,0,2,1,2,3,2,2,2,1,1,2,1,1,2,2,2,1,1,2,2,1,1,1,3,2,3,3,0,1,0,1,0,0,1,0,0,0,0,0,0,0,1,7,i,i,i,i,1,1,1,5,0,0,1,1,0,1,0,0,0,0,0,0,0,1,1,0,1,0,0,0,0,0,0,0,0,0,0,1,0,1,0,0,0,0,0,1,0,1,0,0,0,0,0,1,1,0,1,0,1,0,1,0,0,1,2,24,1,12,1,3,1,1,19,i,0,0,0,0,1,0,0,i,i,i,i,i,i,i,i,i,i,i,i,i,i,i,i,i,i,i,i,i,i,i,i,i,i,i,i,i,i,1,0,0,0,0,1,8,3,6,4,0,0,1,1,2,1,2,1,0,0,0,0,1,1,0,0,0,1,i,7,1,1,2,2,2,i,i,2,i,1,i,i,i,a,a,i,a,14,12,11,1,11,33,32,2,1,2,10,i,i,10,i,i,i,i,i,i,i,i,i,i,i,i,i,201,20,1
6291,doi:10.4232/1.12497,1.0.0 (2016-04-22),1,1,406,14000406,14487,14,3,TN,0.9220969999999999,1.377675,0.0,1.189387,1.499454,0.0,0.0,3,1,3,3,3,1,2,4,2,4,4,2,1,1,3,1,4,0,0,0,0,0,0,0,0,0,0,0,0,0,0,0,0,0,0,a,a,0,0,1,0,0,0,1,0,0,0,0,0,0,0,0,0,0,0,0,0,0,i,i,0,0,0,2,2,1,1,1,1,2,2,2,2,2,2,i,0,0,0,1,0,1,0,0,0,0,0,i,0,0,0,0,2,2,2,2,2,1,1,1,1,1,1,2,1,1,1,2,2,1,1,1,i,1,1,3,3,0,1,1,0,0,0,0,0,i,i,i,0,0,0,0,0,0,0,1,1,1,0,0,0,0,i,0,0,0,1,1,2,1,2,2,2,2,0,0,0,1,1,0,0,0,0,1,0,0,0,0,0,0,1,0,0,0,0,0,1,0,0,0,0,0,0,0,0,0,3,2,2,2,1,1,1,2,2,2,1,1,2,3,3,3,3,3,3,3,2,2,3,3,3,4,0,1,0,0,0,1,0,0,1,0,0,0,0,0,2,i,i,i,i,i,i,i,i,i,i,i,i,i,i,i,i,i,i,i,i,i,i,i,i,i,i,i,i,i,i,i,i,i,i,i,i,i,0,0,0,0,0,0,0,0,1,0,1,0,0,0,0,1,1,0,1,0,1,0,0,0,0,1,1,21,1,16,2,3,3,3,19,i,0,0,0,0,1,0,0,i,i,i,i,i,i,i,i,i,i,i,i,i,i,i,i,i,i,i,i,i,i,i,i,i,i,i,i,i,i,1,0,0,0,0,1,1,1,7,4,4,4,0,0,2,1,2,1,0,0,0,0,1,0,1,0,0,7,i,6,2,2,2,2,2,i,i,2,i,i,i,i,i,a,a,i,a,13,12,12,25,13,5,40,1,2,1,10,i,i,10,i,i,i,i,i,i,i,i,i,i,i,i,i,202,20,1
6291,doi:10.4232/1.12497,1.0.0 (2016-04-22),1,1,407,14000407,14488,14,3,TN,0.831041,1.377675,0.0,1.189387,1.499454,0.0,0.0,3,1,1,1,1,2,1,4,2,4,3,1,3,1,1,1,6,0,0,0,0,0,0,0,0,0,0,0,0,0,0,0,0,0,0,a,a,0,0,1,0,0,0,0,0,1,0,0,0,0,0,0,0,0,0,0,0,0,i,i,0,0,0,2,1,1,1,1,1,2,2,2,1,1,1,1,0,0,0,1,0,1,0,0,0,0,0,i,0,0,0,0,1,2,1,1,1,1,2,2,2,2,2,1,2,2,2,2,2,1,2,2,i,2,2,2,2,1,1,0,1,0,0,0,0,i,i,i,0,0,0,0,0,0,0,1,1,0,1,0,0,0,i,0,0,0,3,3,1,1,2,2,2,2,0,1,0,0,1,0,1,0,0,0,1,1,0,0,0,0,0,0,0,0,1,0,0,0,0,0,0,1,0,0,0,0,1,1,1,5,1,1,2,1,2,2,2,2,2,3,3,3,3,3,2,3,2,2,3,3,3,4,1,1,0,0,1,0,0,0,0,0,0,0,0,0,1,3,i,i,i,i,1,1,1,1,1,0,1,0,0,0,0,0,0,0,1,0,0,0,0,0,0,1,0,0,1,0,1,0,0,0,0,1,0,1,0,0,0,0,0,1,1,0,0,0,0,0,0,2,1,0,1,0,1,0,1,0,0,1,2,55,4,11,1,5,1,1,19,i,0,0,0,0,1,0,0,i,i,i,i,i,i,i,i,i,i,i,i,i,i,i,i,i,i,i,i,i,i,i,i,i,i,i,i,i,i,1,0,0,0,0,1,5,1,4,4,0,0,0,0,2,1,2,1,0,0,0,0,0,0,1,0,0,7,i,6,2,2,2,2,2,i,i,2,i,i,i,i,i,a,a,i,a,13,12,11,0,11,35,35,2,2,1,10,i,i,10,i,i,i,i,i,i,i,i,i,i,i,i,i,202,20,1
6291,doi:10.4232/1.12497,1.0.0 (2016-04-22),1,1,408,14000408,14489,14,3,TN,0.953819,1.377675,0.0,1.189387,1.499454,0.0,0.0,2,2,2,2,2,2,2,4,2,4,2,1,1,1,1,1,1,0,0,0,0,0,0,0,0,0,0,0,0,0,0,0,0,0,0,a,a,0,0,1,1,0,0,0,0,0,0,0,0,0,0,0,0,0,0,0,0,0,i,i,0,0,0,2,2,1,1,2,1,2,2,2,3,2,1,2,0,0,0,1,0,0,0,0,0,1,0,i,0,0,0,0,2,2,2,2,2,1,1,2,2,1,2,1,2,2,2,1,1,1,2,1,i,1,2,2,2,1,1,0,0,1,0,0,0,i,i,i,0,0,0,0,0,0,0,1,1,0,1,0,0,0,i,0,0,0,1,2,1,2,1,1,2,1,1,0,0,0,1,0,1,0,1,0,1,0,0,0,0,0,0,0,0,0,0,0,1,0,0,0,1,0,0,0,0,0,3,2,2,2,1,2,2,1,1,2,1,1,2,2,2,2,2,2,2,2,2,3,2,3,2,3,1,1,1,0,0,0,0,0,0,0,0,0,0,0,1,48,i,i,i,i,1,1,1,3,0,0,1,1,0,1,0,0,0,0,0,0,0,0,0,0,0,1,0,0,0,0,0,0,0,0,0,2,0,1,0,0,1,0,0,0,0,0,0,0,0,0,0,2,1,1,1,0,1,0,0,0,0,1,2,31,2,17,2,1,1,1,19,i,0,0,0,0,1,0,0,i,i,i,i,i,i,i,i,i,i,i,i,i,i,i,i,i,i,i,i,i,i,i,i,i,i,i,i,i,i,0,0,0,1,0,0,2,1,3,3,2,2,1,1,2,1,2,1,0,0,0,0,0,0,1,0,0,7,i,7,2,2,2,2,2,i,i,2,i,i,i,i,i,a,a,i,a,12,12,15,0,15,35,35,1,2,1,10,i,i,10,i,i,i,i,i,i,i,i,i,i,i,i,i,201,19,1
6291,doi:10.4232/1.12497,1.0.0 (2016-04-22),1,1,409,14000409,14490,14,3,TN,0.954811,1.377675,0.0,1.189387,1.499454,0.0,0.0,2,2,2,2,2,2,2,2,3,3,3,1,1,1,1,1,7,0,0,0,0,0,0,0,0,0,0,0,0,0,0,0,0,0,0,a,a,0,0,1,0,0,0,0,0,0,1,0,0,0,0,0,0,0,0,0,0,0,i,i,0,0,0,2,2,1,1,1,2,2,2,2,2,2,1,2,0,0,1,0,0,1,0,0,0,0,0,i,0,0,0,0,2,2,2,2,2,1,2,2,1,1,1,2,2,1,1,2,1,1,1,1,i,1,1,2,2,1,1,1,0,0,0,0,0,i,i,i,0,0,0,0,0,0,0,1,0,1,0,0,1,0,i,0,0,0,2,2,2,2,2,3,3,3,0,0,0,0,1,0,1,1,0,0,1,1,0,0,0,0,0,0,0,0,0,0,1,0,0,0,0,1,0,0,0,0,2,2,2,2,1,1,2,1,1,2,1,1,2,3,2,2,2,2,2,2,2,2,2,2,2,3,1,0,0,0,1,1,0,0,0,0,0,0,0,0,2,i,i,i,i,i,i,i,i,i,i,i,i,i,i,i,i,i,i,i,i,i,i,i,i,i,i,i,i,i,i,i,i,i,i,i,i,i,1,1,0,0,0,0,0,1,0,0,0,0,0,0,0,1,1,0,1,0,1,0,1,0,0,2,2,24,1,13,1,3,1,1,19,i,0,0,0,0,1,0,0,i,i,i,i,i,i,i,i,i,i,i,i,i,i,i,i,i,i,i,i,i,i,i,i,i,i,i,i,i,i,0,0,0,1,0,0,3,2,6,4,0,0,0,0,2,1,2,1,0,0,0,0,1,1,0,0,0,2,i,2,1,1,2,2,2,i,i,2,i,1,i,i,i,a,a,i,a,14,12,11,45,12,21,36,1,2,2,10,i,i,10,i,i,i,i,i,i,i,i,i,i,i,i,i,201,20,1
6291,doi:10.4232/1.12497,1.0.0 (2016-04-22),1,1,410,14000410,14491,14,3,TN,0.811739,1.377675,0.0,1.189387,1.499454,0.0,0.0,2,1,1,1,1,1,1,4,2,4,3,1,1,1,1,1,3,0,0,0,0,0,0,0,0,0,0,0,0,0,0,0,0,0,0,a,a,0,0,1,0,0,1,0,0,0,0,0,0,0,0,0,0,0,0,0,0,0,i,i,0,0,0,2,2,1,1,1,1,3,1,2,1,2,1,2,0,0,0,1,0,0,0,0,1,0,0,i,0,0,0,0,2,2,1,2,1,1,2,2,2,2,1,1,2,1,1,2,1,1,1,1,i,1,1,3,3,0,1,1,0,0,0,0,0,i,i,i,0,0,0,0,0,0,0,1,1,0,1,0,0,0,i,0,0,0,3,3,1,1,1,2,2,3,1,1,1,1,0,0,0,0,0,0,0,1,0,0,0,0,0,1,0,0,0,0,0,0,0,0,0,1,0,0,0,0,3,1,2,3,1,2,2,1,2,2,2,1,2,3,2,3,3,2,1,3,3,3,2,3,3,3,1,1,0,0,0,0,0,1,0,0,0,0,0,0,2,i,i,i,i,i,i,i,i,i,i,i,i,i,i,i,i,i,i,i,i,i,i,i,i,i,i,i,i,i,i,i,i,i,i,i,i,i,1,0,0,0,0,0,0,0,0,1,0,1,0,0,0,1,1,0,1,0,1,0,1,0,0,1,2,27,2,24,3,3,1,1,19,i,0,0,0,0,1,0,0,i,i,i,i,i,i,i,i,i,i,i,i,i,i,i,i,i,i,i,i,i,i,i,i,i,i,i,i,i,i,1,0,0,0,0,1,5,2,6,4,0,0,0,0,1,1,3,1,0,1,1,1,0,1,0,0,0,1,i,6,2,1,1,2,2,i,i,2,i,1,1,i,i,a,a,i,a,12,12,10,3,10,45,42,1,1,1,10,i,i,10,i,i,i,i,i,i,i,i,i,i,i,i,i,204,19,1
6291,doi:10.4232/1.12497,1.0.0 (2016-04-22),1,1,411,14000411,14492,14,3,TN,0.964646,1.377675,0.0,1.189387,1.499454,0.0,0.0,3,2,2,2,2,3,3,4,3,3,3,3,3,3,3,3,7,0,0,0,0,0,0,0,0,0,0,0,0,0,0,0,0,0,0,a,a,0,0,1,0,0,0,0,0,0,1,0,0,0,0,0,0,0,0,0,0,0,i,i,0,0,0,2,2,1,1,1,2,2,2,2,2,2,1,2,0,0,1,0,0,1,0,0,0,0,0,i,0,0,0,0,2,2,2,2,2,1,2,1,2,2,1,2,1,2,2,1,1,1,2,1,i,1,1,2,2,1,0,0,1,0,0,1,0,i,i,i,0,0,0,0,0,0,0,1,1,0,1,0,0,0,i,0,0,0,3,3,2,2,2,3,2,2,0,0,1,0,1,0,0,1,0,0,1,0,1,0,0,0,0,0,0,0,0,0,0,1,0,0,1,0,0,0,0,0,3,2,3,3,1,2,2,2,2,2,2,2,2,3,3,2,3,2,2,3,2,2,2,3,3,3,1,0,0,0,1,0,0,0,0,1,0,0,0,0,2,i,i,i,i,i,i,i,i,i,i,i,i,i,i,i,i,i,i,i,i,i,i,i,i,i,i,i,i,i,i,i,i,i,i,i,i,i,0,1,0,0,0,0,0,1,0,1,0,0,0,0,0,3,1,0,1,1,1,0,0,0,0,2,2,45,3,99,9,3,1,1,19,i,0,0,0,0,1,0,0,i,i,i,i,i,i,i,i,i,i,i,i,i,i,i,i,i,i,i,i,i,i,i,i,i,i,i,i,i,i,0,0,0,1,0,0,8,2,10,4,0,0,0,0,2,1,2,1,1,1,0,0,0,0,0,0,0,7,i,6,2,2,2,2,2,i,i,2,i,i,i,i,i,a,a,i,a,12,12,11,50,11,30,40,1,2,1,10,i,i,10,i,i,i,i,i,i,i,i,i,i,i,i,i,204,19,1
6291,doi:10.4232/1.12497,1.0.0 (2016-04-22),1,1,412,14000412,14493,14,3,TN,0.959,1.377675,0.0,1.189387,1.499454,0.0,0.0,2,3,2,2,3,1,2,4,2,3,3,1,3,3,3,3,1,0,0,0,0,0,0,0,0,0,0,0,0,0,0,0,0,0,0,a,a,0,0,1,1,0,0,0,0,0,0,0,0,0,0,0,0,0,0,0,0,0,i,i,0,0,0,1,1,1,1,1,1,2,2,2,3,2,2,i,0,1,0,1,0,0,0,1,0,0,0,i,0,0,0,0,1,1,1,1,1,1,1,1,2,2,2,2,2,2,2,1,1,1,2,1,i,2,2,1,1,1,1,1,0,0,0,0,0,i,i,i,0,0,0,0,0,0,0,1,1,1,0,0,0,0,i,0,0,0,2,1,1,2,2,2,3,2,0,0,0,0,1,0,1,1,0,0,0,0,0,0,0,0,0,0,0,0,1,0,0,0,0,0,0,1,0,0,0,0,3,1,3,3,2,2,2,1,2,2,2,2,2,2,2,2,2,2,2,2,2,2,2,2,2,3,0,1,0,0,1,0,0,1,0,0,0,0,0,0,2,i,i,i,i,i,i,i,i,i,i,i,i,i,i,i,i,i,i,i,i,i,i,i,i,i,i,i,i,i,i,i,i,i,i,i,i,i,0,1,0,0,0,0,0,1,0,1,0,0,0,0,0,2,1,0,1,1,1,0,0,0,0,1,1,77,4,1,6,1,4,4,17,4,0,0,0,0,1,0,0,i,i,i,i,i,i,i,i,i,i,i,i,i,i,i,i,i,i,i,i,i,i,i,i,i,i,i,i,i,i,1,0,0,0,0,1,1,1,3,3,0,0,0,0,2,2,4,1,0,0,0,0,0,1,0,0,0,7,i,6,2,2,2,2,2,i,i,2,i,i,i,i,i,a,a,i,a,12,12,11,40,12,20,40,1,2,1,10,i,i,10,i,i,i,i,i,i,i,i,i,i,i,i,i,204,19,1
6291,doi:10.4232/1.12497,1.0.0 (2016-04-22),1,1,413,14000413,14494,14,3,TN,0.950562,1.377675,0.0,1.189387,1.499454,0.0,0.0,3,2,1,1,1,1,1,3,2,2,2,1,1,1,1,1,4,0,0,0,0,0,0,0,0,0,0,0,0,0,0,0,0,0,0,a,a,0,0,1,0,0,0,1,0,0,0,0,0,0,0,0,0,0,0,0,0,0,i,i,0,0,0,2,2,1,1,1,2,2,2,2,2,2,1,1,1,0,0,1,0,1,0,0,0,0,1,i,0,0,0,0,2,2,1,1,1,1,1,1,1,1,1,1,1,2,2,2,2,2,1,2,i,1,1,1,1,0,1,1,0,0,1,0,0,i,i,i,0,0,0,0,0,0,0,1,1,0,1,0,0,0,i,0,0,0,1,1,1,1,1,3,2,2,0,1,0,1,1,0,0,0,0,0,0,0,0,0,0,0,0,1,0,1,0,0,0,0,0,0,0,0,0,0,0,0,2,2,2,2,1,1,2,1,2,2,2,2,2,3,3,1,1,1,1,1,1,1,1,1,1,1,1,1,0,0,0,0,1,0,0,0,0,0,0,0,2,i,i,i,i,i,i,i,i,i,i,i,i,i,i,i,i,i,i,i,i,i,i,i,i,i,i,i,i,i,i,i,i,i,i,i,i,i,0,1,0,0,0,0,0,0,1,1,0,0,0,0,0,2,2,0,1,0,1,0,1,0,0,2,2,26,2,16,2,3,3,3,19,i,0,0,0,0,1,0,0,i,i,i,i,i,i,i,i,i,i,i,i,i,i,i,i,i,i,i,i,i,i,i,i,i,i,i,i,i,i,0,0,0,1,0,0,8,2,4,4,0,0,0,0,2,1,2,1,0,0,0,0,0,1,0,0,0,1,i,7,2,1,2,2,2,i,i,2,i,1,i,i,i,a,a,i,a,13,12,15,30,16,15,45,1,1,1,10,i,i,10,i,i,i,i,i,i,i,i,i,i,i,i,i,200,19,1
6291,doi:10.4232/1.12497,1.0.0 (2016-04-22),1,1,414,14000414,14495,14,3,TN,0.864796,1.377675,0.0,1.189387,1.499454,0.0,0.0,3,3,3,3,4,4,4,4,2,2,1,1,1,1,1,1,8,0,0,0,0,0,0,0,0,0,0,0,0,0,0,0,0,0,0,a,a,0,0,1,0,0,0,0,0,0,0,1,0,0,0,0,0,0,0,0,0,0,i,i,0,0,0,2,2,2,1,1,2,2,2,2,3,2,1,2,0,0,0,1,0,0,0,0,0,0,0,i,0,0,0,0,2,3,2,2,2,1,1,1,2,2,1,1,1,2,2,2,1,1,2,2,i,2,2,2,3,1,0,0,1,0,0,1,0,i,i,i,0,0,0,0,0,0,0,1,0,1,1,0,0,0,i,0,0,0,1,1,2,2,2,2,2,2,1,1,1,1,1,0,0,0,0,0,0,0,0,0,0,0,1,1,0,0,0,0,0,0,0,0,0,0,0,0,0,0,2,3,3,3,1,1,1,1,1,1,1,1,1,2,2,3,2,2,2,2,2,2,2,2,3,3,0,0,1,1,0,0,0,1,0,0,0,0,0,0,2,i,i,i,i,i,i,i,i,i,i,i,i,i,i,i,i,i,i,i,i,i,i,i,i,i,i,i,i,i,i,i,i,i,i,i,i,i,0,1,0,0,0,0,0,1,0,0,0,1,0,0,0,1,2,0,1,0,1,0,1,0,0,2,2,80,4,1,6,5,1,1,19,i,0,0,0,0,1,0,0,i,i,i,i,i,i,i,i,i,i,i,i,i,i,i,i,i,i,i,i,i,i,i,i,i,i,i,i,i,i,0,0,0,1,0,0,8,3,6,4,1,1,0,0,2,2,4,1,0,0,0,0,1,1,0,0,0,7,i,7,1,2,2,2,2,i,i,2,i,i,i,i,i,a,a,i,a,15,12,9,0,9,35,35,1,1,2,10,i,i,10,i,i,i,i,i,i,i,i,i,i,i,i,i,200,19,1
6291,doi:10.4232/1.12497,1.0.0 (2016-04-22),1,1,415,14000415,14496,14,3,TN,0.957836,1.377675,0.0,1.189387,1.499454,0.0,0.0,3,2,1,1,1,1,1,3,2,4,2,2,1,1,1,1,1,0,0,0,0,0,0,0,0,0,0,0,0,0,0,0,0,0,0,a,a,0,0,1,1,0,0,0,0,0,0,0,0,0,0,0,0,0,0,0,0,0,i,i,0,0,0,2,2,1,1,1,1,2,2,2,1,1,1,1,1,0,0,0,0,0,0,0,1,1,0,i,0,0,0,0,2,2,2,1,1,1,2,2,1,1,1,1,2,1,1,1,1,1,1,1,i,2,1,1,2,1,1,1,0,0,0,0,0,i,i,i,0,0,0,0,0,0,0,1,1,1,0,0,0,0,i,0,0,0,1,2,1,1,1,3,3,3,1,0,0,1,1,0,0,0,0,0,1,1,0,0,0,0,1,1,0,0,0,0,0,0,0,0,0,0,0,0,0,0,3,1,2,1,1,1,2,2,2,2,2,2,2,3,2,1,3,1,3,2,1,1,1,3,3,3,1,0,1,0,1,0,0,0,0,0,0,0,0,0,2,i,i,i,i,i,i,i,i,i,i,i,i,i,i,i,i,i,i,i,i,i,i,i,i,i,i,i,i,i,i,i,i,i,i,i,i,i,0,1,0,0,0,0,0,0,1,1,0,0,0,0,0,1,1,0,1,1,1,0,0,0,0,1,1,30,2,25,3,3,3,3,16,4,0,0,0,0,1,0,0,i,i,i,i,i,i,i,i,i,i,i,i,i,i,i,i,i,i,i,i,i,i,i,i,i,i,i,i,i,i,0,0,0,1,0,0,7,3,4,4,0,0,0,0,1,1,3,1,1,1,1,1,0,1,0,0,0,1,i,6,2,1,1,2,2,i,i,1,i,1,1,i,i,a,a,1,a,13,12,11,0,11,35,35,1,1,1,10,i,i,10,i,i,i,i,i,i,i,i,i,i,i,i,i,200,19,1
6291,doi:10.4232/1.12497,1.0.0 (2016-04-22),1,1,416,14000416,14497,14,3,TN,0.78183,1.377675,0.0,1.189387,1.499454,0.0,0.0,3,1,1,1,1,1,1,4,3,4,4,2,2,2,2,2,10,0,0,0,0,0,0,0,0,0,0,0,0,0,0,0,0,0,0,a,a,0,0,1,0,0,0,0,0,0,0,0,0,1,0,0,0,0,0,0,0,0,i,i,0,0,0,2,2,1,2,2,1,2,2,1,4,3,2,i,0,0,0,0,0,0,0,0,0,0,0,i,0,1,0,0,3,3,3,3,3,2,2,2,2,2,2,2,2,2,2,1,1,2,2,2,i,2,1,3,3,1,0,0,1,0,0,0,0,i,i,i,0,0,0,0,0,0,0,1,1,0,1,0,0,0,i,0,0,0,1,2,2,1,2,3,1,1,0,0,0,0,1,0,0,1,1,1,1,0,0,0,0,0,0,0,0,0,1,0,0,1,0,0,0,0,0,0,0,0,2,2,3,2,2,2,2,2,2,2,2,2,2,3,3,2,2,2,1,3,3,2,2,2,2,3,0,0,0,0,1,1,0,0,1,0,0,0,0,0,2,i,i,i,i,i,i,i,i,i,i,i,i,i,i,i,i,i,i,i,i,i,i,i,i,i,i,i,i,i,i,i,i,i,i,i,i,i,0,0,0,0,0,0,0,0,1,1,1,0,0,0,0,1,1,0,1,0,1,0,1,0,0,2,1,40,3,24,3,1,1,1,19,i,0,0,0,0,1,0,0,i,i,i,i,i,i,i,i,i,i,i,i,i,i,i,i,i,i,i,i,i,i,i,i,i,i,i,i,i,i,0,0,0,1,0,0,1,1,2,2,2,2,1,1,2,1,2,1,1,0,0,0,0,0,0,0,0,7,i,6,3,2,2,2,2,i,i,2,i,i,i,i,i,a,a,i,a,11,12,13,5,13,41,36,1,3,1,10,i,i,10,i,i,i,i,i,i,i,i,i,i,i,i,i,197,19,1
6291,doi:10.4232/1.12497,1.0.0 (2016-04-22),1,1,417,14000417,14498,14,3,TN,1.015345,1.377675,0.0,1.189387,1.499454,0.0,0.0,2,2,1,1,1,2,1,4,3,4,2,1,1,1,3,1,4,0,0,0,0,0,0,0,0,0,0,0,0,0,0,0,0,0,0,a,a,0,0,1,0,0,0,1,0,0,0,0,0,0,0,0,0,0,0,0,0,0,i,i,0,0,0,1,2,1,1,1,2,2,1,2,2,2,1,2,1,0,0,0,0,0,0,1,0,0,0,i,0,0,0,0,2,3,2,2,1,1,1,1,2,2,2,1,2,2,2,1,2,1,1,1,i,1,1,2,3,1,1,0,1,0,0,0,0,i,i,i,0,0,0,0,0,0,0,1,1,0,1,0,0,0,i,0,0,0,2,3,1,1,2,2,2,3,0,1,0,1,1,0,1,0,0,0,1,0,0,0,0,0,0,0,0,0,0,0,1,0,0,0,0,1,0,0,0,0,2,1,2,1,1,2,2,1,1,2,1,2,2,2,3,2,1,1,1,2,2,1,1,2,2,3,1,0,0,0,1,0,0,1,0,0,0,0,0,0,2,i,i,i,i,i,i,i,i,i,i,i,i,i,i,i,i,i,i,i,i,i,i,i,i,i,i,i,i,i,i,i,i,i,i,i,i,i,0,1,0,0,0,0,0,1,1,0,0,0,0,0,0,2,1,1,1,0,1,0,0,0,0,2,2,22,1,0,5,3,2,2,19,i,0,0,0,0,1,0,0,i,i,i,i,i,i,i,i,i,i,i,i,i,i,i,i,i,i,i,i,i,i,i,i,i,i,i,i,i,i,0,1,0,0,0,1,8,2,5,4,0,0,1,1,1,1,3,1,0,0,1,1,0,1,0,0,0,1,i,6,3,1,2,2,2,i,i,2,i,1,i,i,i,a,a,i,a,11,12,12,34,13,5,31,2,1,1,10,i,i,10,i,i,i,i,i,i,i,i,i,i,i,i,i,197,19,1
6291,doi:10.4232/1.12497,1.0.0 (2016-04-22),1,1,418,14000418,14499,14,3,TN,0.865144,1.377675,0.0,1.189387,1.499454,0.0,0.0,2,3,3,2,3,1,2,3,2,2,2,1,1,1,1,1,6,0,0,0,0,0,0,0,0,0,0,0,0,0,0,0,0,0,0,a,a,0,0,1,0,0,0,0,0,1,0,0,0,0,0,0,0,0,0,0,0,0,i,i,0,0,0,2,2,1,1,1,1,2,2,2,2,2,1,2,0,0,1,1,0,1,0,0,0,0,0,i,0,0,0,0,1,2,1,1,2,1,2,2,1,1,1,2,2,1,1,1,1,1,1,2,i,1,1,2,2,0,1,1,1,0,0,0,0,i,i,i,0,0,0,0,0,0,0,1,0,0,1,0,0,0,i,1,0,0,3,3,2,2,3,2,3,3,0,0,0,1,1,0,0,0,0,0,0,0,1,0,0,0,0,0,0,1,1,0,0,0,0,0,0,0,0,0,0,0,3,2,2,3,1,1,2,1,2,2,2,2,2,3,3,2,3,2,3,3,2,2,2,3,3,3,0,0,0,0,0,1,0,1,1,0,0,0,0,0,2,i,i,i,i,i,i,i,i,i,i,i,i,i,i,i,i,i,i,i,i,i,i,i,i,i,i,i,i,i,i,i,i,i,i,i,i,i,0,1,0,0,0,0,0,0,1,1,0,0,0,0,0,1,1,0,1,0,1,0,1,0,0,2,1,54,3,1,6,1,5,5,i,i,0,0,0,0,1,0,0,i,i,i,i,i,i,i,i,i,i,i,i,i,i,i,i,i,i,i,i,i,i,i,i,i,i,i,i,i,i,0,0,0,1,0,0,8,1,3,3,0,0,1,1,2,1,2,1,0,0,1,0,0,1,0,0,0,6,6,6,1,2,2,2,2,i,i,2,i,i,i,i,i,a,a,i,a,15,12,9,45,10,20,35,1,1,2,10,i,i,10,i,i,i,i,i,i,i,i,i,i,i,i,i,200,19,1
6291,doi:10.4232/1.12497,1.0.0 (2016-04-22),1,1,419,14000419,14500,14,3,TN,0.867061,1.377675,0.0,1.189387,1.499454,0.0,0.0,2,2,1,1,1,1,1,3,3,4,2,1,1,1,1,1,1,0,0,0,0,0,0,0,0,0,0,0,0,0,0,0,0,0,0,a,a,0,0,1,1,0,0,0,0,0,0,0,0,0,0,0,0,0,0,0,0,0,i,i,0,0,0,2,1,1,1,1,1,2,2,2,1,1,1,1,0,1,1,1,0,0,0,1,0,0,0,i,0,0,0,0,2,2,2,1,2,1,1,1,2,2,2,1,1,1,1,1,1,2,2,1,i,1,1,2,2,0,1,0,1,0,1,0,0,i,i,i,0,0,0,0,0,0,0,1,1,1,0,0,0,0,i,0,0,0,2,2,1,1,1,2,2,2,0,1,0,1,0,1,0,0,1,0,1,0,0,0,0,0,0,1,0,1,0,0,0,0,0,0,0,0,0,0,0,0,2,2,2,1,1,1,2,1,2,2,2,2,1,2,2,1,2,1,2,2,2,1,1,2,2,2,1,0,0,0,1,1,0,0,0,0,0,0,0,0,2,i,i,i,i,i,i,i,i,i,i,i,i,i,i,i,i,i,i,i,i,i,i,i,i,i,i,i,i,i,i,i,i,i,i,i,i,i,1,1,0,0,0,0,0,1,0,0,0,0,0,0,0,1,1,0,1,0,1,0,1,0,0,1,2,22,1,22,3,3,3,3,19,i,0,0,0,0,1,0,0,i,i,i,i,i,i,i,i,i,i,i,i,i,i,i,i,i,i,i,i,i,i,i,i,i,i,i,i,i,i,0,0,0,1,0,0,8,3,3,3,0,0,2,2,2,1,2,1,0,0,1,0,1,1,0,0,0,1,i,7,2,1,2,2,2,i,i,2,i,1,i,i,i,a,a,i,a,15,12,14,0,14,35,35,1,1,1,10,i,i,10,i,i,i,i,i,i,i,i,i,i,i,i,i,197,19,1
6291,doi:10.4232/1.12497,1.0.0 (2016-04-22),1,1,420,14000420,14501,14,3,TN,0.915537,1.377675,0.0,1.189387,1.499454,0.0,0.0,4,3,2,1,2,3,3,4,3,4,4,3,3,3,3,3,2,0,0,0,0,0,0,0,0,0,0,0,0,0,0,0,0,0,0,a,a,0,0,1,0,1,0,0,0,0,0,0,0,0,0,0,0,0,0,0,0,0,i,i,0,0,0,2,2,1,2,1,1,2,2,2,3,2,1,2,0,1,0,1,0,0,0,0,0,0,0,i,0,0,0,0,2,2,1,1,2,1,1,2,2,2,1,1,1,2,2,2,1,1,2,1,i,1,1,3,3,0,0,0,1,0,0,0,0,i,i,i,1,0,0,1,0,0,0,1,0,0,1,0,0,1,i,0,0,0,2,2,2,2,3,2,3,3,1,0,0,1,0,0,0,0,1,0,0,0,1,0,0,0,1,0,0,0,0,0,0,0,1,0,0,0,0,0,0,0,3,2,2,1,2,2,2,1,2,2,2,1,1,2,2,1,1,1,2,2,2,2,1,1,1,2,0,1,0,0,1,0,0,1,0,0,0,0,0,0,2,i,i,i,i,i,i,i,i,i,i,i,i,i,i,i,i,i,i,i,i,i,i,i,i,i,i,i,i,i,i,i,i,i,i,i,i,i,1,1,0,0,0,0,0,0,0,1,0,0,0,0,0,2,1,0,1,0,1,0,1,0,0,2,1,43,3,17,2,1,18,8,i,i,0,0,0,0,1,0,0,i,i,i,i,i,i,i,i,i,i,i,i,i,i,i,i,i,i,i,i,i,i,i,i,i,i,i,i,i,i,0,0,0,1,0,0,5,1,3,3,0,0,1,1,2,1,2,1,0,0,0,0,0,0,1,0,0,7,7,4,3,1,2,2,2,i,i,2,i,4,i,i,i,a,a,i,a,11,12,13,55,14,30,35,1,1,1,10,i,i,10,i,i,i,i,i,i,i,i,i,i,i,i,i,197,19,1
6291,doi:10.4232/1.12497,1.0.0 (2016-04-22),1,1,421,14000421,14502,14,3,TN,0.817951,1.377675,0.0,1.189387,1.499454,0.0,0.0,2,2,2,2,2,2,2,3,2,2,2,3,3,3,3,3,7,0,0,0,0,0,0,0,0,0,0,0,0,0,0,0,0,0,0,a,a,0,0,1,0,0,0,0,0,0,1,0,0,0,0,0,0,0,0,0,0,0,i,i,0,0,0,2,2,1,1,1,2,2,2,2,2,2,1,2,0,0,1,1,0,1,0,0,0,0,0,i,0,0,0,0,2,2,2,2,2,1,2,1,2,2,2,2,2,1,2,2,1,1,2,1,i,2,2,2,2,1,1,0,1,0,0,0,0,i,i,i,0,0,0,0,0,0,0,1,1,0,1,0,0,0,i,0,0,0,2,2,2,1,1,2,1,1,0,0,0,0,1,0,1,1,0,0,1,0,1,0,0,0,0,0,0,0,0,0,0,1,0,0,0,1,0,0,0,0,2,2,2,2,1,1,2,1,2,2,2,2,2,3,3,2,2,2,2,2,2,2,2,2,2,3,1,0,0,0,0,1,0,1,0,0,0,0,0,0,2,i,i,i,i,i,i,i,i,i,i,i,i,i,i,i,i,i,i,i,i,i,i,i,i,i,i,i,i,i,i,i,i,i,i,i,i,i,1,1,0,0,0,0,0,1,0,0,0,0,0,0,0,1,1,1,1,0,1,0,0,0,0,1,1,36,2,24,3,1,17,8,i,i,0,0,0,1,0,0,1,0,0,0,0,0,0,0,0,0,0,0,0,0,0,0,0,0,0,0,0,0,0,0,0,0,0,1,0,0,0,0,0,0,1,0,0,5,2,1,1,1,1,0,0,2,1,2,1,1,0,0,0,0,1,0,0,0,4,7,6,2,1,2,2,2,i,i,2,i,4,i,i,i,a,a,i,a,15,12,14,46,15,25,39,1,2,1,10,i,i,10,i,i,i,i,i,i,i,i,i,i,i,i,i,197,19,1
6291,doi:10.4232/1.12497,1.0.0 (2016-04-22),1,1,422,14000422,14503,14,3,TN,0.925257,1.377675,0.0,1.189387,1.499454,0.0,0.0,3,2,1,1,1,1,1,2,2,2,2,2,1,1,1,1,8,0,0,0,0,0,0,0,0,0,0,0,0,0,0,0,0,0,0,a,a,0,0,1,0,0,0,0,0,0,0,1,0,0,0,0,0,0,0,0,0,0,i,i,0,0,0,2,1,1,1,1,1,2,2,2,3,2,1,1,0,1,0,1,1,0,0,0,0,0,0,i,0,0,0,0,2,2,1,2,2,1,1,1,2,1,1,1,1,2,1,1,1,2,1,1,i,2,2,2,2,0,0,1,0,0,1,0,0,i,i,i,0,0,1,0,0,0,0,1,1,0,1,0,0,0,i,0,0,0,2,3,1,2,3,1,2,1,1,1,0,0,1,0,1,0,1,0,0,0,0,0,0,0,0,0,0,0,0,0,0,1,1,0,0,0,0,0,0,0,1,1,1,1,1,1,1,2,1,2,2,1,2,1,1,1,1,1,2,1,1,1,1,1,1,1,1,0,0,0,0,0,0,1,0,0,1,0,0,0,2,i,i,i,i,i,i,i,i,i,i,i,i,i,i,i,i,i,i,i,i,i,i,i,i,i,i,i,i,i,i,i,i,i,i,i,i,i,0,1,0,0,0,0,0,0,1,1,0,0,0,0,0,2,1,0,1,0,1,0,1,0,0,1,1,23,1,13,1,3,3,3,19,i,0,0,0,0,1,0,0,i,i,i,i,i,i,i,i,i,i,i,i,i,i,i,i,i,i,i,i,i,i,i,i,i,i,i,i,i,i,1,0,0,0,0,1,5,1,4,4,0,0,0,0,2,1,2,1,1,0,0,0,0,0,1,0,0,7,i,5,3,2,2,2,2,i,i,2,i,i,i,i,i,a,a,i,a,11,12,15,38,16,10,35,2,1,1,10,i,i,10,i,i,i,i,i,i,i,i,i,i,i,i,i,197,19,1
6291,doi:10.4232/1.12497,1.0.0 (2016-04-22),1,1,423,14000423,14504,14,3,TN,0.953819,1.377675,0.0,1.189387,1.499454,0.0,0.0,3,2,2,1,2,1,1,3,3,2,2,1,1,1,1,1,7,0,0,0,0,0,0,0,0,0,0,0,0,0,0,0,0,0,0,a,a,0,0,1,0,0,0,0,0,0,1,0,0,0,0,0,0,0,0,0,0,0,i,i,0,0,0,2,2,1,1,1,1,2,2,2,2,2,1,2,1,0,0,1,0,0,0,0,0,0,1,i,0,0,0,0,1,2,1,1,1,1,1,1,1,1,1,1,1,1,1,1,1,1,1,1,i,1,1,1,2,1,1,1,0,0,0,0,0,i,i,i,0,0,0,0,0,0,0,1,0,0,1,0,0,1,i,0,0,0,1,1,1,1,1,1,1,1,1,1,1,1,0,0,1,0,0,0,0,0,0,0,0,0,1,0,0,1,0,0,0,0,0,0,0,0,0,0,0,0,3,1,1,1,1,2,2,1,1,2,1,1,1,2,2,1,1,1,1,1,2,1,1,1,1,1,0,1,0,0,1,0,0,1,0,0,0,0,0,0,2,i,i,i,i,i,i,i,i,i,i,i,i,i,i,i,i,i,i,i,i,i,i,i,i,i,i,i,i,i,i,i,i,i,i,i,i,i,1,1,0,0,0,0,0,1,0,0,0,0,0,0,0,1,1,0,1,0,1,0,1,0,0,2,2,35,2,10,1,1,1,1,19,i,0,0,0,0,1,0,0,i,i,i,i,i,i,i,i,i,i,i,i,i,i,i,i,i,i,i,i,i,i,i,i,i,i,i,i,i,i,1,0,0,0,0,1,5,1,1,1,3,3,1,1,2,1,2,1,0,0,0,0,0,0,1,0,0,7,i,7,2,2,2,2,2,i,i,2,i,i,i,i,i,a,a,i,a,13,12,14,0,14,35,35,2,1,1,10,i,i,10,i,i,i,i,i,i,i,i,i,i,i,i,i,200,19,1
6291,doi:10.4232/1.12497,1.0.0 (2016-04-22),1,1,424,14000424,14505,14,3,TN,0.957836,1.377675,0.0,1.189387,1.499454,0.0,0.0,2,1,1,1,1,2,1,2,3,2,3,1,1,1,1,1,6,0,0,0,0,0,0,0,0,0,0,0,0,0,0,0,0,0,0,a,a,0,0,1,0,0,0,0,0,1,0,0,0,0,0,0,0,0,0,0,0,0,i,i,0,0,0,1,1,1,1,2,1,2,2,2,1,2,1,2,1,0,0,0,0,1,0,0,1,0,0,i,0,0,0,0,2,2,2,2,2,1,2,1,1,1,1,1,2,1,1,1,1,1,2,1,i,2,1,2,1,1,1,1,0,0,0,0,0,i,i,i,0,0,0,0,0,0,0,1,1,0,1,0,0,0,i,0,0,0,1,1,2,2,3,2,1,1,1,1,0,1,1,0,0,0,0,0,0,1,0,0,0,0,1,1,0,0,0,0,0,0,0,0,0,0,0,0,0,0,3,1,2,3,1,1,1,3,1,1,1,2,2,2,3,1,1,3,1,2,2,1,1,1,1,2,1,1,0,0,1,0,0,0,0,0,0,0,0,0,1,12,i,i,i,i,1,1,1,3,0,0,1,0,0,1,0,0,0,1,0,0,0,1,1,0,1,0,0,0,0,1,0,0,0,0,0,1,0,1,0,0,0,0,0,1,0,0,0,1,0,0,0,2,2,0,1,0,1,0,1,0,0,2,1,25,2,16,2,3,3,3,19,i,0,0,0,0,1,0,0,i,i,i,i,i,i,i,i,i,i,i,i,i,i,i,i,i,i,i,i,i,i,i,i,i,i,i,i,i,i,0,0,0,1,0,0,5,1,6,4,0,0,4,4,2,1,2,1,0,0,0,0,0,1,0,0,0,1,i,1,2,1,2,2,2,i,i,2,i,2,i,i,i,a,a,i,a,13,12,14,45,15,25,40,1,1,1,10,i,i,10,i,i,i,i,i,i,i,i,i,i,i,i,i,200,19,1
6291,doi:10.4232/1.12497,1.0.0 (2016-04-22),1,1,425,14000425,14506,14,3,TN,0.967951,1.377675,0.0,1.189387,1.499454,0.0,0.0,2,3,3,2,3,1,2,2,2,5,2,1,1,1,1,1,7,0,0,0,0,0,0,0,0,0,0,0,0,0,0,0,0,0,0,a,a,0,0,1,0,0,0,0,0,0,1,0,0,0,0,0,0,0,0,0,0,0,i,i,0,0,0,2,2,1,1,2,3,2,2,2,2,2,1,2,0,0,0,1,0,1,0,0,0,0,0,i,0,0,0,0,2,2,2,2,2,1,1,1,1,1,1,1,1,1,1,1,1,1,1,1,i,1,1,2,2,1,1,0,1,0,0,0,0,i,i,i,0,0,0,0,0,0,0,1,1,0,1,0,0,0,i,0,0,0,1,2,1,1,1,1,1,1,0,0,1,1,1,0,1,0,0,0,1,0,0,0,0,0,0,0,0,0,1,0,1,0,0,0,0,0,0,0,0,0,3,2,2,3,2,2,2,2,1,2,2,2,2,2,4,1,1,3,2,2,3,2,2,2,2,3,1,0,0,0,0,0,0,0,1,1,0,0,0,0,2,i,i,i,i,i,i,i,i,i,i,i,i,i,i,i,i,i,i,i,i,i,i,i,i,i,i,i,i,i,i,i,i,i,i,i,i,i,1,1,0,0,0,0,0,1,0,0,0,0,0,0,0,2,2,0,1,0,1,0,0,0,0,1,2,51,3,12,1,1,1,1,19,i,0,0,0,0,1,0,0,i,i,i,i,i,i,i,i,i,i,i,i,i,i,i,i,i,i,i,i,i,i,i,i,i,i,i,i,i,i,1,0,0,0,0,1,5,3,4,4,1,1,0,0,2,1,2,1,1,1,1,0,0,1,0,0,0,7,i,7,2,2,2,2,2,i,i,2,i,i,i,i,i,a,a,i,a,13,12,10,7,10,50,43,1,2,1,10,i,i,10,i,i,i,i,i,i,i,i,i,i,i,i,i,202,20,1
6291,doi:10.4232/1.12497,1.0.0 (2016-04-22),1,1,426,14000426,14507,14,3,TN,0.864161,1.377675,0.0,1.189387,1.499454,0.0,0.0,2,2,1,1,1,2,1,3,3,2,2,1,1,1,1,1,1,0,0,0,0,0,0,0,0,0,0,0,0,0,0,0,0,0,0,a,a,0,0,1,1,0,0,0,0,0,0,0,0,0,0,0,0,0,0,0,0,0,i,i,0,0,0,1,1,1,1,1,2,1,2,1,1,2,1,1,0,0,1,1,0,1,0,0,0,1,0,i,0,0,0,0,2,2,1,1,1,1,2,1,1,2,1,2,2,2,2,1,1,1,2,2,i,2,1,2,3,1,0,0,0,0,0,0,0,i,i,i,1,0,1,0,0,0,0,1,0,0,1,0,1,0,i,0,0,0,1,1,1,1,1,2,2,2,0,0,0,1,1,0,0,0,0,0,1,1,0,0,0,0,0,0,0,0,1,0,0,0,0,0,0,1,0,0,0,0,3,2,2,3,1,2,2,1,2,2,2,2,2,3,3,1,2,1,2,2,2,1,3,3,3,3,1,1,1,0,0,0,0,0,0,0,0,0,0,0,2,i,i,i,i,i,i,i,i,i,i,i,i,i,i,i,i,i,i,i,i,i,i,i,i,i,i,i,i,i,i,i,i,i,i,i,i,i,1,1,0,0,0,0,0,0,1,0,0,0,0,0,0,1,1,0,1,1,1,0,0,0,0,1,1,24,1,20,3,1,3,3,19,i,0,0,0,0,1,0,0,i,i,i,i,i,i,i,i,i,i,i,i,i,i,i,i,i,i,i,i,i,i,i,i,i,i,i,i,i,i,1,0,0,0,0,1,8,3,2,2,0,0,0,0,2,1,2,1,0,0,0,0,0,1,0,0,0,2,i,2,1,1,2,2,2,i,i,2,i,2,i,i,i,a,a,i,a,15,12,10,30,11,5,35,1,1,2,10,i,i,10,i,i,i,i,i,i,i,i,i,i,i,i,i,203,19,1
6291,doi:10.4232/1.12497,1.0.0 (2016-04-22),1,1,427,14000427,14508,14,3,TN,0.879707,1.377675,0.0,1.189387,1.499454,0.0,0.0,2,2,1,1,1,1,1,2,2,2,2,1,1,1,1,1,4,0,0,0,0,0,0,0,0,0,0,0,0,0,0,0,0,0,0,a,a,0,0,1,0,0,0,1,0,0,0,0,0,0,0,0,0,0,0,0,0,0,i,i,0,0,0,2,2,1,1,2,2,2,2,2,2,2,1,1,0,0,0,1,0,0,0,1,0,0,1,i,0,0,0,0,2,1,1,1,2,1,1,1,1,1,1,1,1,1,1,1,1,1,1,1,i,1,1,1,3,1,1,0,1,0,0,0,0,i,i,i,0,0,0,0,0,0,0,1,0,0,1,0,0,1,i,0,0,0,2,2,1,1,1,1,1,2,0,1,0,1,0,1,0,0,0,0,0,0,0,0,0,0,0,1,0,1,0,0,0,0,0,0,0,0,0,0,0,0,1,2,2,1,1,1,2,1,1,2,2,2,2,3,2,1,1,1,1,1,1,1,2,1,2,2,1,0,0,0,0,1,0,1,0,0,0,0,0,0,1,48,i,i,i,i,1,1,1,1,0,0,0,0,0,0,0,1,1,1,0,0,0,0,0,0,1,0,0,0,0,0,0,0,1,0,0,2,0,0,0,0,0,0,0,0,0,0,1,0,0,0,0,1,1,0,1,0,1,0,1,0,0,2,1,56,4,18,2,1,8,5,i,i,0,0,0,0,1,0,0,i,i,i,i,i,i,i,i,i,i,i,i,i,i,i,i,i,i,i,i,i,i,i,i,i,i,i,i,i,i,0,0,0,1,0,0,8,3,5,4,0,0,0,0,1,1,3,1,0,0,1,1,0,1,0,0,0,1,7,6,2,2,2,2,2,i,i,2,i,i,i,i,i,a,a,i,a,13,12,9,2,9,45,40,1,1,1,10,i,i,10,i,i,i,i,i,i,i,i,i,i,i,i,i,200,19,1
6291,doi:10.4232/1.12497,1.0.0 (2016-04-22),1,1,428,14000428,14509,14,3,TN,0.91155,1.377675,0.0,1.189387,1.499454,0.0,0.0,2,3,2,2,3,2,2,3,2,2,2,1,1,1,1,1,2,0,0,0,0,0,0,0,0,0,0,0,0,0,0,0,0,0,0,a,a,0,0,1,0,1,0,0,0,0,0,0,0,0,0,0,0,0,0,0,0,0,i,i,0,0,0,3,1,1,1,3,4,2,2,2,2,2,1,1,1,0,0,1,0,0,0,0,1,0,0,i,0,0,0,0,2,2,2,2,1,1,1,1,1,2,2,1,2,1,1,1,1,1,1,1,i,1,1,2,3,0,1,1,0,0,0,1,0,i,i,i,0,0,0,0,0,0,0,1,1,1,0,0,0,0,i,0,0,0,2,2,1,1,2,2,2,2,1,0,1,1,0,0,0,0,0,0,0,1,1,0,0,0,1,0,0,1,0,0,0,0,0,0,0,0,0,0,0,0,2,2,2,3,1,2,2,1,2,2,2,2,2,2,2,1,2,1,2,2,2,2,2,3,3,3,1,0,1,0,0,1,0,0,0,0,0,0,0,0,2,i,i,i,i,i,i,i,i,i,i,i,i,i,i,i,i,i,i,i,i,i,i,i,i,i,i,i,i,i,i,i,i,i,i,i,i,i,1,1,0,0,0,0,0,1,0,0,0,0,0,0,0,1,1,0,1,0,1,1,0,0,0,1,2,40,3,1,6,1,1,1,19,i,0,0,0,0,1,0,0,i,i,i,i,i,i,i,i,i,i,i,i,i,i,i,i,i,i,i,i,i,i,i,i,i,i,i,i,i,i,0,0,0,1,0,0,7,2,3,3,1,1,1,1,2,1,2,1,0,0,1,0,0,1,0,0,0,7,i,7,1,2,2,2,2,i,i,2,i,i,i,i,i,a,a,i,a,15,12,11,0,11,35,35,1,2,2,10,i,i,10,i,i,i,i,i,i,i,i,i,i,i,i,i,205,20,1
6291,doi:10.4232/1.12497,1.0.0 (2016-04-22),1,1,429,14000429,14510,14,3,TN,0.959,1.377675,0.0,1.189387,1.499454,0.0,0.0,2,1,1,1,1,1,1,4,2,3,4,1,1,1,1,1,4,0,0,0,0,0,0,0,0,0,0,0,0,0,0,0,0,0,0,a,a,0,0,1,0,0,0,1,0,0,0,0,0,0,0,0,0,0,0,0,0,0,i,i,0,0,0,2,1,1,1,1,1,2,2,2,1,1,1,2,0,0,1,1,0,1,0,0,0,0,1,i,0,0,0,0,1,1,1,1,1,1,1,1,1,1,1,1,1,1,1,1,1,1,1,1,i,1,1,2,1,1,1,0,1,0,0,0,0,i,i,i,0,0,0,0,0,0,0,1,0,1,0,0,0,1,i,0,0,0,2,2,1,1,2,3,1,1,1,0,0,1,1,1,0,0,0,0,0,0,1,0,0,0,1,0,0,0,0,1,0,0,0,0,0,0,0,0,0,0,2,2,2,3,1,2,2,2,2,2,2,2,2,2,5,1,1,1,1,1,1,1,1,1,1,1,1,0,0,0,0,0,1,0,0,0,1,0,0,0,2,i,i,i,i,i,i,i,i,i,i,i,i,i,i,i,i,i,i,i,i,i,i,i,i,i,i,i,i,i,i,i,i,i,i,i,i,i,0,1,0,0,0,0,0,1,0,1,0,0,0,0,0,2,1,0,1,0,1,0,1,0,0,1,1,76,4,1,6,1,4,4,17,4,0,0,0,0,1,0,0,i,i,i,i,i,i,i,i,i,i,i,i,i,i,i,i,i,i,i,i,i,i,i,i,i,i,i,i,i,i,0,0,0,1,0,0,3,1,7,4,0,0,0,0,2,2,4,1,0,0,0,0,0,1,0,0,0,7,i,7,2,2,2,2,2,i,i,2,i,i,i,i,i,a,a,i,a,12,12,14,0,14,50,50,1,1,1,10,i,i,10,i,i,i,i,i,i,i,i,i,i,i,i,i,204,19,1
6291,doi:10.4232/1.12497,1.0.0 (2016-04-22),1,1,430,14000430,14511,14,3,TN,0.9220969999999999,1.377675,0.0,1.189387,1.499454,0.0,0.0,2,3,2,1,2,1,1,4,2,1,1,3,1,1,3,1,3,0,0,0,0,0,0,0,0,0,0,0,0,0,0,0,0,0,0,a,a,0,0,1,0,0,1,0,0,0,0,0,0,0,0,0,0,0,0,0,0,0,i,i,0,0,0,2,2,1,1,1,2,2,1,1,1,2,1,1,0,0,0,1,0,0,1,0,0,1,0,i,0,0,0,0,3,3,1,1,1,1,1,1,1,1,2,1,1,2,1,1,2,1,2,1,i,2,1,3,3,1,1,0,0,0,0,0,0,i,i,i,0,0,1,0,0,0,0,1,1,0,1,0,0,0,i,0,0,0,2,2,1,2,1,2,1,1,1,1,0,0,1,0,0,0,0,0,0,1,0,0,0,0,0,0,0,0,1,0,1,0,0,0,0,0,0,0,0,0,2,1,1,2,1,2,3,1,2,2,2,2,2,2,3,1,1,1,1,1,1,1,3,2,1,3,1,1,0,0,0,0,0,0,0,1,0,0,0,0,1,3,i,i,i,i,1,1,1,1,0,0,0,0,0,0,0,0,0,0,1,0,0,0,0,0,0,0,0,0,0,0,0,0,0,1,0,1,0,0,0,0,0,0,0,1,1,1,0,0,0,0,0,2,1,1,1,0,1,0,0,0,0,1,1,23,1,21,3,3,1,1,19,i,0,0,0,0,1,0,0,i,i,i,i,i,i,i,i,i,i,i,i,i,i,i,i,i,i,i,i,i,i,i,i,i,i,i,i,i,i,1,0,0,0,0,1,7,3,4,4,2,2,1,1,1,1,3,1,0,0,1,1,1,1,0,0,0,1,i,6,3,1,2,2,1,i,i,1,i,1,i,i,1,a,a,1,a,11,12,14,28,14,58,30,1,1,1,10,i,i,10,i,i,i,i,i,i,i,i,i,i,i,i,i,197,19,1
6291,doi:10.4232/1.12497,1.0.0 (2016-04-22),1,1,431,14000431,14512,14,3,TN,0.867122,1.377675,0.0,1.189387,1.499454,0.0,0.0,2,2,2,1,2,1,1,3,2,4,2,1,1,1,1,1,4,0,0,0,0,0,0,0,0,0,0,0,0,0,0,0,0,0,0,a,a,0,0,1,0,0,0,1,0,0,0,0,0,0,0,0,0,0,0,0,0,0,i,i,0,0,0,2,2,1,1,1,3,2,2,2,1,2,1,1,0,1,0,0,0,0,0,0,0,0,0,i,0,0,0,0,2,3,1,2,1,1,2,2,2,2,2,1,1,2,2,2,1,2,2,2,i,2,2,2,2,1,1,0,1,0,0,0,0,i,i,i,0,0,0,0,0,0,0,1,0,0,1,0,1,0,i,0,0,0,2,2,2,2,2,2,2,2,1,1,0,0,1,0,1,0,1,0,0,0,0,0,0,0,1,0,0,0,1,0,0,0,0,0,0,0,0,0,0,0,2,2,2,2,1,1,2,1,2,2,1,1,2,2,2,1,2,2,2,2,2,2,1,1,1,1,1,0,1,0,0,0,1,0,0,0,0,0,0,0,2,i,i,i,i,i,i,i,i,i,i,i,i,i,i,i,i,i,i,i,i,i,i,i,i,i,i,i,i,i,i,i,i,i,i,i,i,i,0,1,0,0,1,0,0,0,0,1,0,0,0,0,0,1,2,0,1,0,1,0,1,0,0,2,1,19,1,15,1,3,3,3,19,i,0,0,0,0,1,0,0,i,i,i,i,i,i,i,i,i,i,i,i,i,i,i,i,i,i,i,i,i,i,i,i,i,i,i,i,i,i,1,0,0,0,0,1,8,3,5,4,0,0,2,2,2,1,2,1,0,0,0,0,0,1,0,0,0,1,i,6,1,1,2,2,2,i,i,2,i,1,i,i,i,a,a,i,a,15,12,11,45,12,21,36,1,1,2,10,i,i,10,i,i,i,i,i,i,i,i,i,i,i,i,i,205,20,1
6291,doi:10.4232/1.12497,1.0.0 (2016-04-22),1,1,432,14000432,14513,14,3,TN,0.864796,1.377675,0.0,1.189387,1.499454,0.0,0.0,1,3,2,2,3,1,2,4,2,5,2,1,1,1,1,1,4,0,0,0,0,0,0,0,0,0,0,0,0,0,0,0,0,0,0,a,a,0,0,1,0,0,0,1,0,0,0,0,0,0,0,0,0,0,0,0,0,0,i,i,0,0,0,2,2,1,1,1,2,2,2,2,2,2,1,2,0,1,0,1,0,0,0,0,0,0,1,i,0,0,0,0,2,3,2,2,2,1,1,1,1,2,1,2,1,1,1,2,1,1,1,1,i,1,1,2,2,0,1,1,1,0,0,0,0,i,i,i,0,0,0,0,0,0,0,1,1,0,1,0,0,0,i,0,0,0,2,2,2,2,2,2,3,3,1,0,1,1,1,0,0,0,1,0,0,0,0,0,0,0,0,0,0,1,0,0,0,0,0,0,0,0,1,0,0,0,3,2,3,3,1,1,2,1,2,2,1,1,2,4,4,2,2,2,2,3,2,2,3,3,3,3,1,1,1,0,0,0,0,0,0,0,0,0,0,0,2,i,i,i,i,i,i,i,i,i,i,i,i,i,i,i,i,i,i,i,i,i,i,i,i,i,i,i,i,i,i,i,i,i,i,i,i,i,1,1,0,0,0,0,0,0,1,0,0,0,0,0,0,1,1,0,1,0,1,1,0,0,0,1,2,65,4,1,6,1,1,1,19,i,0,0,0,0,1,0,0,i,i,i,i,i,i,i,i,i,i,i,i,i,i,i,i,i,i,i,i,i,i,i,i,i,i,i,i,i,i,0,0,0,1,0,0,9,3,4,4,0,0,0,0,2,1,2,1,0,0,1,0,0,1,0,0,0,6,i,6,1,2,2,2,2,i,i,2,i,i,i,i,i,a,a,i,a,15,12,10,30,11,3,33,1,2,2,10,i,i,10,i,i,i,i,i,i,i,i,i,i,i,i,i,200,19,1
6291,doi:10.4232/1.12497,1.0.0 (2016-04-22),1,1,433,14000433,14514,14,3,TN,0.867122,1.377675,0.0,1.189387,1.499454,0.0,0.0,2,3,3,2,3,1,2,4,3,4,2,3,1,1,2,1,3,0,0,0,0,0,0,0,0,0,0,0,0,0,0,0,0,0,0,a,a,0,0,1,0,0,1,0,0,0,0,0,0,0,0,0,0,0,0,0,0,0,i,i,0,0,0,1,2,1,1,1,1,2,2,2,1,2,1,1,0,0,0,1,0,0,0,1,0,0,0,i,0,0,0,0,2,3,2,2,2,1,2,1,2,2,2,1,1,1,1,2,1,1,1,2,i,1,1,3,3,0,1,0,1,0,0,0,1,i,i,i,0,0,0,0,0,0,0,1,1,0,1,0,0,0,i,0,0,0,1,1,2,2,3,3,2,2,0,0,0,0,1,0,1,0,0,0,1,1,1,0,0,0,0,0,0,0,0,0,1,0,0,0,0,1,0,0,0,0,2,2,1,2,1,2,2,1,1,1,1,1,1,2,2,3,2,2,3,3,2,2,2,2,2,3,0,1,0,0,0,0,0,1,0,0,1,0,0,0,1,41,i,i,i,i,1,1,1,4,0,0,0,1,0,1,0,0,1,0,0,0,0,1,0,0,0,1,0,0,0,0,1,0,0,0,0,1,0,1,0,0,0,0,0,1,0,1,0,0,0,0,0,1,1,1,1,0,1,0,0,0,0,1,1,23,1,15,1,3,3,3,19,i,0,0,0,0,1,0,0,i,i,i,i,i,i,i,i,i,i,i,i,i,i,i,i,i,i,i,i,i,i,i,i,i,i,i,i,i,i,1,0,0,0,0,1,7,3,6,4,0,0,1,1,2,1,2,1,0,0,0,0,1,1,0,0,0,7,i,7,1,2,2,2,2,i,i,2,i,i,i,i,i,a,a,i,a,14,12,12,30,13,4,34,1,1,2,10,i,i,10,i,i,i,i,i,i,i,i,i,i,i,i,i,201,20,1
6291,doi:10.4232/1.12497,1.0.0 (2016-04-22),1,1,434,14000434,14515,14,3,TN,1.028575,1.377675,0.0,1.189387,1.499454,0.0,0.0,2,3,3,3,4,4,4,4,4,4,4,3,3,3,3,1,3,0,0,0,0,0,0,1,1,0,0,0,0,0,0,0,0,0,0,a,a,0,0,0,0,0,1,0,0,0,1,1,0,0,0,0,0,0,0,0,0,0,i,i,0,0,0,2,2,2,2,1,2,2,2,2,3,3,2,i,0,0,0,1,0,0,0,0,0,0,0,i,0,0,0,0,3,3,2,2,4,1,2,2,2,2,2,2,2,1,2,1,2,1,2,2,i,2,2,3,3,1,1,0,0,1,0,0,0,i,i,i,0,0,0,0,0,0,0,1,0,0,0,0,0,0,i,0,0,0,3,4,4,4,4,4,4,4,0,0,0,0,1,0,1,0,0,0,1,1,0,0,0,0,0,0,1,1,0,0,0,0,0,0,0,0,0,0,0,0,2,3,3,2,1,2,2,2,2,2,2,2,2,3,3,3,3,2,3,3,3,3,4,3,3,4,0,1,0,1,0,0,0,0,0,1,0,0,0,0,2,i,i,i,i,i,i,i,i,i,i,i,i,i,i,i,i,i,i,i,i,i,i,i,i,i,i,i,i,i,i,i,i,i,i,i,i,i,0,1,0,0,0,0,0,0,0,0,0,0,0,0,0,3,2,1,0,0,1,0,0,0,0,2,2,37,2,98,8,1,1,1,17,4,0,0,0,0,1,0,0,i,i,i,i,i,i,i,i,i,i,i,i,i,i,i,i,i,i,i,i,i,i,i,i,i,i,i,i,i,i,1,0,0,0,0,1,6,2,2,2,1,1,0,0,2,1,2,1,0,0,1,1,0,0,1,0,0,5,i,6,3,1,2,2,2,i,i,2,i,1,i,i,i,a,a,i,a,10,12,12,35,13,10,35,1,1,1,1,i,i,1,i,i,i,i,i,i,i,i,i,i,i,i,i,41,2,1
6291,doi:10.4232/1.12497,1.0.0 (2016-04-22),1,1,435,14000435,14516,14,3,TN,0.918674,1.377675,0.0,1.189387,1.499454,0.0,0.0,3,2,1,1,1,1,1,3,2,2,3,1,1,1,1,1,4,0,0,0,0,0,0,0,0,0,0,0,0,0,0,0,0,0,0,a,a,0,0,1,0,0,0,1,0,0,0,0,0,0,0,0,0,0,0,0,0,0,i,i,0,0,0,2,2,2,2,1,1,2,2,2,1,1,1,2,0,0,0,1,0,1,0,0,0,0,1,i,0,0,0,0,1,1,1,1,1,1,1,1,1,1,1,1,1,1,1,1,1,1,1,1,i,1,1,2,1,1,1,0,0,0,0,0,0,i,i,i,0,1,0,0,0,0,0,1,0,1,0,0,0,1,i,0,0,0,2,3,2,2,3,2,2,2,1,1,1,1,1,0,0,0,0,0,0,0,0,0,0,0,0,0,0,0,0,0,1,0,0,1,0,0,0,0,0,0,2,1,1,3,1,1,2,2,2,2,2,2,2,2,2,1,1,1,2,2,1,1,1,1,1,1,1,0,0,1,0,1,0,0,0,0,0,0,0,0,2,i,i,i,i,i,i,i,i,i,i,i,i,i,i,i,i,i,i,i,i,i,i,i,i,i,i,i,i,i,i,i,i,i,i,i,i,i,0,1,0,0,0,0,0,0,0,1,1,0,0,0,0,1,2,0,1,0,1,1,0,0,0,2,1,47,3,10,1,1,18,8,i,i,0,0,0,0,1,0,0,i,i,i,i,i,i,i,i,i,i,i,i,i,i,i,i,i,i,i,i,i,i,i,i,i,i,i,i,i,i,0,0,0,1,0,0,5,1,2,2,3,3,0,0,2,1,2,1,0,0,0,0,0,1,0,0,0,1,7,7,2,1,2,2,2,i,i,2,i,1,i,i,i,a,a,i,a,13,12,10,0,10,45,45,1,1,1,10,i,i,10,i,i,i,i,i,i,i,i,i,i,i,i,i,200,19,1
6291,doi:10.4232/1.12497,1.0.0 (2016-04-22),1,1,436,14000436,14517,14,3,TN,0.91155,1.377675,0.0,1.189387,1.499454,0.0,0.0,2,3,2,2,3,2,2,3,2,2,2,1,1,1,1,1,1,0,0,0,0,0,0,0,0,0,0,0,0,0,0,0,0,0,0,a,a,0,0,1,1,0,0,0,0,0,0,0,0,0,0,0,0,0,0,0,0,0,i,i,0,0,0,2,1,1,1,1,3,2,2,2,1,1,1,2,0,0,0,1,1,0,1,1,0,0,0,i,0,0,0,0,2,2,2,2,2,1,1,1,1,2,2,2,2,2,2,1,1,2,2,2,i,2,2,2,2,0,1,1,0,0,0,0,0,i,i,i,1,0,0,0,0,0,0,1,1,0,0,0,0,1,i,0,0,0,2,2,2,1,2,2,1,1,0,0,1,1,0,0,1,0,1,0,1,0,0,0,0,0,0,0,0,1,0,0,0,0,0,0,1,0,0,0,0,0,2,2,2,2,1,2,2,2,2,2,2,2,2,3,3,1,2,1,3,3,3,2,2,3,3,3,1,1,0,1,0,0,0,0,0,0,0,0,0,0,2,i,i,i,i,i,i,i,i,i,i,i,i,i,i,i,i,i,i,i,i,i,i,i,i,i,i,i,i,i,i,i,i,i,i,i,i,i,1,1,0,0,0,0,0,1,0,0,0,0,0,0,0,2,1,0,1,1,0,1,0,0,0,2,2,54,3,1,6,1,1,1,19,i,0,0,0,0,1,0,0,i,i,i,i,i,i,i,i,i,i,i,i,i,i,i,i,i,i,i,i,i,i,i,i,i,i,i,i,i,i,0,0,0,1,0,0,8,3,4,4,0,0,0,0,2,1,2,1,0,0,0,0,1,1,0,0,0,7,i,7,1,2,2,2,2,i,i,2,i,i,i,i,i,a,a,i,a,15,12,9,0,9,38,38,1,1,2,10,i,i,10,i,i,i,i,i,i,i,i,i,i,i,i,i,205,20,1
6291,doi:10.4232/1.12497,1.0.0 (2016-04-22),1,1,437,14000437,14518,14,3,TN,0.951551,1.377675,0.0,1.189387,1.499454,0.0,0.0,2,3,3,2,3,2,2,4,2,4,1,3,1,1,1,1,2,0,0,0,0,0,0,0,0,0,0,0,0,0,0,0,0,0,0,a,a,0,0,1,0,1,0,0,0,0,0,0,0,0,0,0,0,0,0,0,0,0,i,i,0,0,0,1,1,1,1,2,1,2,1,2,2,2,1,1,1,1,0,1,0,1,0,0,0,0,0,i,0,0,0,0,2,2,1,2,1,1,1,2,2,2,2,1,2,2,1,1,2,1,1,1,i,1,1,3,3,1,1,0,1,0,0,0,0,i,i,i,0,0,0,0,0,0,0,1,1,0,1,0,0,0,i,0,0,0,3,3,1,1,2,2,2,2,0,1,0,1,1,0,1,0,0,0,0,1,0,0,0,0,0,0,0,0,0,0,1,0,0,0,0,1,0,0,0,0,2,2,2,1,1,2,2,1,2,2,2,2,1,2,2,2,2,2,1,3,2,2,2,3,3,3,1,0,0,0,1,0,0,0,1,0,0,0,0,0,2,i,i,i,i,i,i,i,i,i,i,i,i,i,i,i,i,i,i,i,i,i,i,i,i,i,i,i,i,i,i,i,i,i,i,i,i,i,0,1,0,0,0,0,0,1,1,0,0,0,0,0,0,1,1,1,1,0,1,0,0,0,0,1,2,22,1,22,3,3,1,1,19,i,0,0,0,0,1,0,0,i,i,i,i,i,i,i,i,i,i,i,i,i,i,i,i,i,i,i,i,i,i,i,i,i,i,i,i,i,i,1,0,0,0,0,1,7,2,6,4,0,0,0,0,2,1,2,1,0,0,1,0,0,1,0,0,0,1,i,1,1,1,2,2,2,i,i,2,i,1,i,i,i,a,a,i,a,15,12,11,10,11,37,27,1,1,2,10,i,i,10,i,i,i,i,i,i,i,i,i,i,i,i,i,205,20,1
6291,doi:10.4232/1.12497,1.0.0 (2016-04-22),1,1,438,14000438,14519,14,3,TN,0.867122,1.377675,0.0,1.189387,1.499454,0.0,0.0,2,2,1,1,1,1,1,3,3,1,1,1,1,1,3,1,7,0,0,0,0,0,0,0,0,0,0,0,0,0,0,0,0,0,0,a,a,0,0,1,0,0,0,0,0,0,1,0,0,0,0,0,0,0,0,0,0,0,i,i,0,0,0,2,2,1,1,1,2,2,2,2,1,2,1,1,0,0,0,1,0,0,0,0,0,1,0,i,0,0,0,0,2,2,2,1,2,1,1,1,1,1,1,1,1,2,2,2,1,1,1,1,i,2,2,2,2,0,1,1,0,0,1,0,0,i,i,i,0,0,0,0,0,0,0,1,1,0,1,0,0,0,i,0,0,0,2,2,1,1,1,2,2,2,1,0,1,1,0,1,0,0,0,0,0,0,0,0,0,0,1,0,0,0,0,0,0,0,0,0,0,0,1,0,0,0,2,2,2,2,1,2,2,2,2,2,2,2,2,2,2,1,2,2,2,2,2,2,2,2,1,1,1,0,0,1,0,0,0,1,0,0,0,0,0,0,2,i,i,i,i,i,i,i,i,i,i,i,i,i,i,i,i,i,i,i,i,i,i,i,i,i,i,i,i,i,i,i,i,i,i,i,i,i,0,1,0,0,0,0,0,0,0,1,1,0,0,0,0,1,1,0,1,0,1,0,1,0,0,2,1,17,1,14,1,3,2,2,19,i,0,0,0,0,1,0,0,i,i,i,i,i,i,i,i,i,i,i,i,i,i,i,i,i,i,i,i,i,i,i,i,i,i,i,i,i,i,0,0,0,1,0,0,5,3,4,4,0,0,1,1,2,1,2,1,0,0,1,0,0,1,0,0,0,1,i,6,1,1,2,2,2,i,i,2,i,1,i,i,i,a,a,i,a,15,12,12,40,13,13,33,1,1,2,10,i,i,10,i,i,i,i,i,i,i,i,i,i,i,i,i,205,20,1
6291,doi:10.4232/1.12497,1.0.0 (2016-04-22),1,1,439,14000439,14520,14,3,TN,0.898241,1.377675,0.0,1.189387,1.499454,0.0,0.0,2,2,1,1,1,2,1,2,2,5,2,1,1,1,1,1,4,0,0,0,0,0,0,0,0,0,0,0,0,0,0,0,0,0,0,a,a,0,0,1,0,0,0,1,0,0,0,0,0,0,0,0,0,0,0,0,0,0,i,i,0,0,0,2,2,1,1,1,2,2,2,2,1,1,1,1,0,1,0,1,0,1,0,0,0,0,0,i,0,0,0,0,2,2,2,2,1,1,2,2,2,2,2,1,2,2,2,1,1,1,2,1,i,2,2,3,3,1,1,0,1,0,0,0,0,i,i,i,0,0,0,0,0,0,0,1,1,0,1,0,0,0,i,0,0,0,2,3,1,1,2,2,2,2,0,0,0,0,1,0,0,0,0,0,0,1,0,1,0,0,0,0,0,0,0,0,0,0,0,0,1,1,0,0,0,0,3,1,2,3,2,2,2,1,2,2,2,2,2,2,2,3,3,2,2,2,2,3,3,3,3,4,1,0,0,0,1,0,0,0,0,0,1,0,0,0,2,i,i,i,i,i,i,i,i,i,i,i,i,i,i,i,i,i,i,i,i,i,i,i,i,i,i,i,i,i,i,i,i,i,i,i,i,i,0,1,0,0,0,0,0,1,1,0,0,0,0,0,0,1,1,0,1,0,1,0,1,0,0,1,2,39,2,1,6,1,1,1,19,i,0,0,0,0,1,0,0,i,i,i,i,i,i,i,i,i,i,i,i,i,i,i,i,i,i,i,i,i,i,i,i,i,i,i,i,i,i,1,0,0,0,0,1,5,2,3,3,1,1,0,0,2,1,2,1,1,1,1,0,0,1,0,0,0,6,i,6,1,2,2,2,2,i,i,2,i,i,i,i,i,a,a,i,a,14,12,10,7,10,45,38,2,2,2,10,i,i,10,i,i,i,i,i,i,i,i,i,i,i,i,i,201,19,1
6291,doi:10.4232/1.12497,1.0.0 (2016-04-22),1,1,440,14000440,14521,14,3,TN,0.831041,1.377675,0.0,1.189387,1.499454,0.0,0.0,3,1,1,1,1,1,1,4,2,3,3,1,1,1,1,1,6,0,0,0,0,0,0,0,0,0,0,0,0,0,0,0,0,0,0,a,a,0,0,1,0,0,0,0,0,1,0,0,0,0,0,0,0,0,0,0,0,0,i,i,0,0,0,1,2,1,1,1,1,2,1,2,1,1,1,1,0,0,0,0,0,0,0,0,0,0,0,i,0,1,0,0,1,1,1,1,1,1,1,2,2,2,2,2,2,2,2,2,1,1,2,1,i,1,1,1,3,0,0,0,1,0,0,0,0,i,i,i,1,0,1,0,0,0,0,1,0,1,1,0,0,0,i,0,0,0,3,4,1,1,2,5,3,2,0,0,0,1,0,0,1,0,0,0,1,1,1,0,0,0,0,0,0,0,0,0,1,0,0,0,0,1,0,0,0,0,3,1,1,1,1,1,1,1,1,1,1,1,2,3,3,3,3,1,1,3,2,3,3,2,3,3,0,0,0,0,1,0,0,1,0,0,1,0,0,0,2,i,i,i,i,i,i,i,i,i,i,i,i,i,i,i,i,i,i,i,i,i,i,i,i,i,i,i,i,i,i,i,i,i,i,i,i,i,0,1,0,0,0,0,0,0,1,1,0,0,0,0,0,2,1,0,1,0,1,0,1,0,0,1,2,63,4,12,1,1,1,1,19,i,0,0,0,0,1,0,0,i,i,i,i,i,i,i,i,i,i,i,i,i,i,i,i,i,i,i,i,i,i,i,i,i,i,i,i,i,i,0,0,0,1,0,0,7,2,4,4,0,0,0,0,1,1,3,1,0,0,1,1,0,1,0,0,0,6,i,6,2,2,2,2,2,i,i,2,i,i,i,i,i,a,a,i,a,13,12,11,45,12,20,35,2,1,1,10,i,i,10,i,i,i,i,i,i,i,i,i,i,i,i,i,202,20,1
6291,doi:10.4232/1.12497,1.0.0 (2016-04-22),1,1,441,14000441,14522,14,3,TN,0.918674,1.377675,0.0,1.189387,1.499454,0.0,0.0,3,2,1,1,1,2,1,3,2,2,2,2,2,2,2,2,4,0,0,0,0,0,0,0,0,0,0,0,0,0,0,0,0,0,0,a,a,0,0,1,0,0,0,1,0,0,0,0,0,0,0,0,0,0,0,0,0,0,i,i,0,0,0,2,2,1,1,2,2,2,2,2,1,2,1,2,1,0,0,0,0,0,0,0,0,0,0,i,0,0,0,0,1,1,1,1,1,1,1,1,1,1,1,1,1,1,1,2,2,1,1,1,i,1,1,1,1,0,1,1,0,0,1,0,0,i,i,i,0,0,0,0,0,0,0,1,1,1,0,0,0,0,i,0,0,0,2,2,2,1,2,2,1,2,1,1,0,1,0,1,0,0,1,0,0,0,0,0,0,0,0,0,0,1,0,0,0,0,0,0,1,0,0,0,0,0,2,1,1,1,1,1,1,2,2,1,2,2,2,2,5,1,2,2,2,2,1,1,2,2,2,2,1,0,0,0,1,0,0,1,0,0,0,0,0,0,2,i,i,i,i,i,i,i,i,i,i,i,i,i,i,i,i,i,i,i,i,i,i,i,i,i,i,i,i,i,i,i,i,i,i,i,i,i,0,1,0,0,1,0,0,0,0,1,0,0,0,0,0,2,2,0,1,0,1,0,1,0,0,2,1,49,3,13,1,1,13,7,i,i,0,0,0,0,1,0,0,i,i,i,i,i,i,i,i,i,i,i,i,i,i,i,i,i,i,i,i,i,i,i,i,i,i,i,i,i,i,1,0,0,0,0,1,5,2,4,4,1,1,0,0,2,1,2,1,1,0,0,0,0,1,0,0,0,7,7,7,2,2,2,2,2,i,i,2,i,i,i,i,i,a,a,i,a,12,12,13,12,13,50,38,1,1,1,10,i,i,10,i,i,i,i,i,i,i,i,i,i,i,i,i,204,19,1
6291,doi:10.4232/1.12497,1.0.0 (2016-04-22),1,1,442,14000442,14523,14,3,TN,0.867122,1.377675,0.0,1.189387,1.499454,0.0,0.0,1,2,1,1,1,1,1,2,2,3,2,1,1,1,1,1,1,0,0,0,0,0,0,0,0,0,0,0,0,0,0,0,0,0,0,a,a,0,0,1,1,0,0,0,0,0,0,0,0,0,0,0,0,0,0,0,0,0,i,i,0,0,0,2,2,1,1,2,3,2,2,2,1,1,1,2,0,0,0,1,0,1,0,0,0,0,1,i,0,0,0,0,2,1,1,1,1,1,1,1,1,2,2,2,2,2,2,2,2,2,2,2,i,2,2,2,2,0,1,1,0,0,1,0,0,i,i,i,0,0,0,0,0,0,0,1,1,1,0,0,0,0,i,0,0,0,1,1,1,1,2,2,1,1,0,0,0,1,1,0,0,0,1,0,1,1,0,0,0,0,0,0,0,1,1,0,0,0,0,0,0,0,0,0,0,0,2,2,2,1,1,1,2,1,2,2,2,2,2,2,2,1,2,1,2,2,2,1,1,2,2,2,1,0,0,1,0,1,0,0,0,0,0,0,0,0,2,i,i,i,i,i,i,i,i,i,i,i,i,i,i,i,i,i,i,i,i,i,i,i,i,i,i,i,i,i,i,i,i,i,i,i,i,i,1,1,0,0,0,0,0,1,0,0,0,0,0,0,0,1,1,0,1,0,1,1,0,0,0,1,1,17,1,13,1,3,2,2,19,i,0,0,0,0,1,0,0,i,i,i,i,i,i,i,i,i,i,i,i,i,i,i,i,i,i,i,i,i,i,i,i,i,i,i,i,i,i,0,0,0,1,0,0,7,3,3,3,1,1,1,1,2,1,2,1,0,0,1,0,0,1,0,0,0,1,i,1,1,1,2,2,2,i,i,2,i,7,i,i,i,a,a,i,a,14,12,13,56,14,30,34,1,1,2,10,i,i,10,i,i,i,i,i,i,i,i,i,i,i,i,i,201,19,1
6291,doi:10.4232/1.12497,1.0.0 (2016-04-22),1,1,443,14000443,14524,14,3,TN,0.867061,1.377675,0.0,1.189387,1.499454,0.0,0.0,2,3,2,1,2,2,2,3,2,4,2,1,1,1,1,1,7,0,0,0,0,0,0,0,0,0,0,0,0,0,0,0,0,0,0,a,a,0,0,1,0,0,0,0,0,0,1,0,0,0,0,0,0,0,0,0,0,0,i,i,0,0,0,2,2,1,2,1,2,2,2,2,2,1,1,2,0,0,0,1,0,0,0,1,0,0,0,i,0,0,0,0,1,1,1,1,1,1,1,1,1,1,1,2,2,2,1,1,1,1,1,1,i,1,1,2,2,1,1,0,0,0,0,0,1,i,i,i,0,0,0,0,0,0,0,1,1,0,1,0,0,0,i,0,0,0,1,2,1,1,1,2,2,2,0,1,0,0,1,0,1,0,0,0,1,1,0,0,0,0,0,0,0,0,0,0,1,0,0,0,0,1,0,0,0,0,2,2,1,1,1,2,2,1,1,2,2,2,2,2,2,2,1,1,1,2,2,1,1,1,2,2,1,0,0,0,1,0,0,1,0,0,0,0,0,0,2,i,i,i,i,i,i,i,i,i,i,i,i,i,i,i,i,i,i,i,i,i,i,i,i,i,i,i,i,i,i,i,i,i,i,i,i,i,0,1,0,0,0,0,0,0,1,0,0,1,0,0,0,1,1,0,1,1,1,0,0,0,0,1,2,24,1,22,3,3,3,3,19,i,0,0,0,0,1,0,0,i,i,i,i,i,i,i,i,i,i,i,i,i,i,i,i,i,i,i,i,i,i,i,i,i,i,i,i,i,i,1,0,0,0,0,1,10,2,8,4,0,0,0,0,2,1,2,1,1,1,1,1,0,1,0,0,0,1,i,6,3,1,2,2,2,i,i,2,i,1,i,i,i,a,a,i,a,11,12,14,45,15,30,45,1,1,1,10,i,i,10,i,i,i,i,i,i,i,i,i,i,i,i,i,197,19,1
6291,doi:10.4232/1.12497,1.0.0 (2016-04-22),1,1,444,14000444,14525,14,3,TN,0.961118,1.377675,0.0,1.189387,1.499454,0.0,0.0,3,1,1,1,1,1,1,2,3,4,2,1,1,1,1,1,7,0,0,0,0,0,0,0,0,0,0,0,0,0,0,0,0,0,0,a,a,0,0,1,0,0,0,0,0,0,1,0,0,0,0,0,0,0,0,0,0,0,i,i,0,0,0,1,1,1,1,1,1,1,2,2,1,1,1,1,0,0,0,1,0,0,0,0,1,0,1,i,0,0,0,0,1,1,1,1,1,1,1,1,1,1,1,1,1,1,1,1,1,1,1,1,i,1,1,1,1,1,1,1,0,0,0,0,0,i,i,i,0,0,0,0,0,0,0,1,1,1,0,0,0,0,i,0,0,0,1,2,1,1,2,1,2,2,0,1,1,0,1,1,0,0,0,0,0,1,0,0,0,0,0,0,0,1,0,0,0,0,0,0,0,0,1,0,0,0,2,1,2,1,1,1,2,2,2,2,2,2,2,1,2,1,1,1,1,2,1,1,2,1,2,1,1,1,0,0,1,0,0,0,0,0,0,0,0,0,1,7,i,i,i,i,1,1,1,5,1,0,1,1,0,0,0,0,0,0,0,0,0,0,0,0,0,1,0,0,0,1,1,1,0,0,0,1,0,1,0,0,0,0,1,1,0,0,0,0,0,0,0,2,1,0,1,0,1,0,1,0,0,1,1,28,2,10,1,1,3,3,19,i,0,0,0,0,1,0,0,i,i,i,i,i,i,i,i,i,i,i,i,i,i,i,i,i,i,i,i,i,i,i,i,i,i,i,i,i,i,1,0,0,0,0,1,5,1,2,2,1,1,0,0,2,1,2,1,0,0,0,0,0,0,1,0,0,7,i,1,2,1,2,2,2,i,i,2,i,1,i,i,i,a,a,i,a,12,12,10,38,11,15,35,1,1,1,10,i,i,10,i,i,i,i,i,i,i,i,i,i,i,i,i,198,2,1
6291,doi:10.4232/1.12497,1.0.0 (2016-04-22),1,1,445,14000445,14526,14,3,TN,0.950562,1.377675,0.0,1.189387,1.499454,0.0,0.0,2,1,1,1,1,1,1,2,2,2,3,1,1,1,1,1,7,0,0,0,0,0,0,0,0,0,0,0,0,0,0,0,0,0,0,a,a,0,0,1,0,0,0,0,0,0,1,0,0,0,0,0,0,0,0,0,0,0,i,i,0,0,0,1,1,1,1,1,1,2,2,2,3,1,1,2,0,0,0,1,0,1,0,0,0,0,0,i,0,0,0,0,1,1,1,1,1,1,1,1,1,1,1,2,2,1,1,2,2,1,1,1,i,1,1,1,1,0,1,0,0,1,0,1,0,i,i,i,0,0,0,0,0,0,0,1,1,0,1,0,0,0,i,0,0,0,1,1,1,1,2,1,1,1,1,0,0,1,1,1,0,0,0,0,0,1,0,0,0,0,1,0,1,0,0,0,0,0,0,0,0,0,0,0,0,0,2,1,2,2,1,1,2,1,2,2,1,1,2,2,2,2,2,1,1,2,1,1,1,2,2,2,1,1,0,0,0,1,0,0,0,0,0,0,0,0,1,3,i,i,i,i,1,1,1,5,1,0,1,1,0,0,0,0,0,0,0,0,0,0,0,0,0,1,1,0,0,1,1,0,0,0,0,1,0,1,0,0,0,0,1,1,0,0,0,0,0,0,0,2,1,0,1,0,1,0,1,0,0,1,2,26,2,18,2,3,1,1,19,i,0,0,0,0,1,0,0,i,i,i,i,i,i,i,i,i,i,i,i,i,i,i,i,i,i,i,i,i,i,i,i,i,i,i,i,i,i,0,1,0,0,0,1,8,2,5,4,0,0,1,1,1,1,3,1,1,0,1,1,0,1,0,0,0,1,i,5,2,1,2,2,2,i,i,2,i,1,i,i,i,a,a,i,a,12,12,11,20,12,0,40,1,1,1,10,i,i,10,i,i,i,i,i,i,i,i,i,i,i,i,i,198,2,1
6291,doi:10.4232/1.12497,1.0.0 (2016-04-22),1,1,446,14000446,14527,14,3,TN,1.030401,1.377675,0.0,1.189387,1.499454,0.0,0.0,3,1,2,1,1,3,2,2,3,2,3,2,2,3,2,2,6,0,1,0,0,0,0,0,0,1,0,0,0,0,1,0,0,0,0,a,a,0,0,0,0,1,0,0,0,1,0,0,1,0,0,0,0,1,0,0,0,0,i,i,0,0,0,2,2,1,2,5,5,1,1,2,3,3,2,i,0,0,0,0,0,1,0,0,0,1,0,i,0,0,0,0,3,2,3,2,3,1,1,2,1,2,1,1,1,2,1,1,1,1,2,1,i,1,1,2,3,1,1,0,0,0,0,0,0,i,i,i,0,0,0,0,0,0,0,1,0,0,0,0,0,0,i,0,0,0,1,2,2,3,2,2,2,2,1,0,0,0,0,0,1,0,0,0,0,0,0,0,0,0,1,0,0,0,0,0,0,0,0,0,0,1,0,0,0,0,2,2,1,2,1,1,2,1,1,1,1,1,2,4,3,2,3,2,3,2,3,2,3,2,2,3,1,0,0,0,0,0,0,0,0,0,0,0,0,0,2,i,i,i,i,i,i,i,i,i,i,i,i,i,i,i,i,i,i,i,i,i,i,i,i,i,i,i,i,i,i,i,i,i,i,i,i,i,0,1,0,0,0,0,0,0,0,0,0,0,0,0,0,1,1,1,0,0,1,0,0,0,0,2,2,25,2,98,8,3,18,8,i,i,0,0,0,0,1,0,0,i,i,i,i,i,i,i,i,i,i,i,i,i,i,i,i,i,i,i,i,i,i,i,i,i,i,i,i,i,i,0,0,0,1,0,0,8,3,5,4,0,0,1,1,1,1,3,1,1,1,1,0,0,1,0,0,0,6,5,3,2,1,2,2,2,i,i,2,i,4,i,i,i,a,a,i,a,14,12,13,50,14,17,27,1,2,1,9,i,i,9,i,i,i,i,i,i,i,i,i,i,i,i,i,216,22,1
6291,doi:10.4232/1.12497,1.0.0 (2016-04-22),1,1,447,14000447,14528,14,3,TN,1.027951,1.377675,0.0,1.189387,1.499454,0.0,0.0,3,2,2,2,2,2,2,4,3,4,2,2,3,1,3,3,7,1,0,1,1,1,1,0,1,0,0,1,1,1,1,1,0,0,0,a,a,0,0,0,1,0,1,1,1,1,1,1,0,0,1,1,1,1,1,0,0,0,i,i,0,0,0,2,2,2,2,1,1,2,2,2,5,5,2,i,0,0,0,0,0,1,0,0,0,0,0,i,0,0,0,0,1,4,4,2,4,1,1,1,1,1,1,1,1,1,1,1,1,1,2,1,i,1,1,4,4,1,0,0,0,0,0,0,0,i,i,i,0,0,0,0,0,0,0,1,0,0,0,0,0,0,i,0,0,0,1,2,2,2,2,4,3,3,0,0,0,0,1,0,1,0,0,0,1,1,1,0,0,0,0,0,0,0,0,0,0,0,0,0,0,0,0,0,0,1,4,2,2,4,2,2,2,2,1,2,2,2,2,1,1,1,2,2,4,2,2,2,3,3,2,4,1,1,0,0,0,0,0,1,0,0,0,0,0,0,2,i,i,i,i,i,i,i,i,i,i,i,i,i,i,i,i,i,i,i,i,i,i,i,i,i,i,i,i,i,i,i,i,i,i,i,i,i,0,0,0,0,0,1,0,0,1,1,0,0,0,0,0,1,1,1,0,1,1,0,0,0,0,2,2,24,1,21,3,3,3,3,19,i,0,0,0,0,1,0,0,i,i,i,i,i,i,i,i,i,i,i,i,i,i,i,i,i,i,i,i,i,i,i,i,i,i,i,i,i,i,0,0,0,1,0,0,6,3,6,4,0,0,1,1,2,1,2,1,0,0,1,1,0,1,0,0,0,1,i,5,1,1,2,2,2,i,i,2,i,2,i,i,i,a,a,i,a,15,12,11,11,11,32,21,1,2,2,9,i,i,9,i,i,i,i,i,i,i,i,i,i,i,i,i,205,22,1
6291,doi:10.4232/1.12497,1.0.0 (2016-04-22),1,1,448,14000448,14529,14,3,TN,0.979968,1.377675,0.0,1.189387,1.499454,0.0,0.0,2,3,2,2,3,2,2,3,5,2,2,1,1,1,1,1,8,0,0,0,1,0,1,1,0,0,0,0,0,0,0,0,0,0,0,a,a,0,0,0,0,0,0,1,0,1,1,1,0,0,0,0,0,0,0,0,0,0,i,i,0,0,0,1,2,2,2,2,4,2,2,2,3,3,3,i,1,1,0,1,0,0,0,0,0,0,0,i,0,0,0,0,3,4,2,2,4,1,1,2,2,2,2,2,2,1,2,1,2,1,2,2,i,2,1,3,2,1,1,0,0,1,0,0,0,i,i,i,0,0,0,0,0,0,0,1,1,0,0,0,1,0,i,0,0,0,3,3,4,4,4,4,4,4,0,0,1,1,1,1,0,0,0,0,0,1,0,0,0,0,0,0,0,0,1,0,0,0,0,0,0,1,0,0,0,0,4,4,4,4,2,2,2,2,1,1,1,1,1,2,2,1,1,1,1,1,1,1,1,1,1,1,0,1,0,0,1,0,1,0,0,0,0,0,0,0,2,i,i,i,i,i,i,i,i,i,i,i,i,i,i,i,i,i,i,i,i,i,i,i,i,i,i,i,i,i,i,i,i,i,i,i,i,i,1,1,0,0,0,0,0,0,1,0,0,0,0,0,0,1,1,0,1,0,1,0,0,0,0,2,2,53,3,10,1,1,8,5,i,i,0,0,0,0,1,0,0,i,i,i,i,i,i,i,i,i,i,i,i,i,i,i,i,i,i,i,i,i,i,i,i,i,i,i,i,i,i,0,0,0,1,0,0,4,2,6,4,0,0,1,1,1,2,1,1,0,1,0,0,0,0,1,0,0,7,7,7,2,2,2,2,2,i,i,2,i,i,i,i,i,a,a,i,a,13,12,14,55,15,15,20,1,3,2,9,i,i,9,i,i,i,i,i,i,i,i,i,i,i,i,i,218,21,1
6291,doi:10.4232/1.12497,1.0.0 (2016-04-22),1,1,449,14000449,14530,14,3,TN,0.93008,1.377675,0.0,1.189387,1.499454,0.0,0.0,2,3,2,2,3,3,3,3,3,3,3,1,3,1,1,1,3,1,0,0,0,0,1,1,1,0,0,0,1,0,0,0,0,1,1,a,a,0,0,0,1,0,1,0,0,1,1,1,0,0,0,1,0,0,0,0,1,1,i,i,0,0,0,3,2,1,3,1,3,2,2,2,3,3,1,2,1,0,1,1,0,0,0,0,1,0,0,i,0,0,0,0,3,3,3,2,3,1,2,1,1,1,2,1,2,1,2,1,1,1,2,1,i,2,2,3,2,1,0,0,0,0,0,0,0,i,i,i,0,0,0,0,0,0,0,1,1,0,0,0,1,0,i,0,0,0,3,3,3,3,3,3,3,3,0,1,1,0,1,0,1,0,0,0,0,0,1,0,0,0,0,0,0,0,0,0,0,0,0,0,1,1,0,0,0,0,2,2,3,1,1,2,2,2,2,2,2,1,2,3,4,2,3,3,1,3,2,2,3,2,4,3,0,0,0,0,0,0,0,1,0,1,1,0,0,0,2,i,i,i,i,i,i,i,i,i,i,i,i,i,i,i,i,i,i,i,i,i,i,i,i,i,i,i,i,i,i,i,i,i,i,i,i,i,0,1,0,0,0,0,0,0,1,1,0,0,0,0,0,3,2,1,1,0,1,0,0,0,0,2,1,53,3,99,9,1,5,5,i,i,0,0,0,0,1,0,0,i,i,i,i,i,i,i,i,i,i,i,i,i,i,i,i,i,i,i,i,i,i,i,i,i,i,i,i,i,i,1,1,0,0,0,1,5,2,4,4,1,1,0,0,2,1,2,1,1,1,0,0,0,1,0,0,0,7,6,6,1,2,2,2,2,i,i,2,i,i,i,i,i,a,a,i,a,15,12,14,20,14,40,20,2,3,2,9,i,i,9,i,i,i,i,i,i,i,i,i,i,i,i,i,205,22,1
6291,doi:10.4232/1.12497,1.0.0 (2016-04-22),1,1,450,14000450,14531,14,3,TN,1.038286,1.377675,0.0,1.189387,1.499454,0.0,0.0,3,2,2,2,2,3,3,3,3,3,3,2,1,1,1,1,3,1,0,0,0,0,1,1,1,0,1,0,1,0,0,0,0,1,1,a,a,0,0,0,1,0,1,0,0,1,1,1,0,1,0,1,0,0,0,0,1,1,i,i,0,0,0,2,2,2,2,1,2,2,1,1,4,4,2,i,0,0,0,0,0,0,0,0,0,0,0,i,0,1,0,0,3,3,4,3,3,1,1,2,1,1,1,2,2,2,2,1,1,1,2,1,i,2,2,2,2,1,0,0,0,1,0,1,0,i,i,i,0,0,0,0,0,0,0,1,1,1,0,0,0,0,i,0,0,0,3,3,4,3,3,4,4,4,0,0,0,0,0,0,1,0,0,0,1,0,1,0,0,0,0,0,0,0,0,0,0,0,0,0,1,1,0,0,0,0,2,3,2,3,1,2,2,2,1,1,2,2,2,2,2,2,2,1,1,3,3,4,3,2,3,4,1,1,0,0,0,0,0,0,0,0,1,0,0,0,2,i,i,i,i,i,i,i,i,i,i,i,i,i,i,i,i,i,i,i,i,i,i,i,i,i,i,i,i,i,i,i,i,i,i,i,i,i,0,1,0,0,0,0,0,0,1,1,0,0,0,0,0,1,1,0,1,0,1,1,0,0,0,1,1,26,2,24,3,3,3,3,19,i,0,0,0,0,1,0,0,i,i,i,i,i,i,i,i,i,i,i,i,i,i,i,i,i,i,i,i,i,i,i,i,i,i,i,i,i,i,0,0,0,1,0,0,6,4,4,4,0,0,0,0,1,1,3,1,1,1,1,1,1,0,1,0,0,1,i,4,2,1,2,2,2,i,i,2,i,1,i,i,i,a,a,i,a,13,12,15,15,15,40,25,1,3,1,9,i,i,9,i,i,i,i,i,i,i,i,i,i,i,i,i,210,22,1
6291,doi:10.4232/1.12497,1.0.0 (2016-04-22),1,1,451,14000451,14532,14,3,TN,0.97305,1.377675,0.0,1.189387,1.499454,0.0,0.0,2,2,2,2,2,2,2,4,3,2,2,3,3,3,2,3,6,0,0,0,1,0,0,0,1,0,1,0,1,0,0,1,0,0,0,a,a,0,0,0,0,0,0,1,0,1,0,1,0,1,0,1,0,0,1,0,0,0,i,i,0,0,0,2,2,2,2,2,2,2,2,2,2,2,1,2,1,0,0,1,0,1,0,0,1,0,0,i,0,0,0,0,2,2,2,2,2,1,1,1,2,1,1,1,1,1,1,1,1,1,1,1,i,1,1,3,3,1,0,0,0,0,0,0,0,i,i,i,1,0,0,0,0,0,0,1,1,0,0,0,1,0,i,0,0,0,1,1,2,1,3,3,3,3,1,0,0,1,1,0,1,0,0,0,1,0,0,0,0,0,1,0,0,0,0,0,1,0,0,0,0,0,0,0,0,0,3,3,3,3,2,2,2,2,2,2,2,2,2,3,3,2,3,2,2,3,2,2,3,3,3,3,1,0,0,0,1,0,0,1,0,0,0,0,0,0,2,i,i,i,i,i,i,i,i,i,i,i,i,i,i,i,i,i,i,i,i,i,i,i,i,i,i,i,i,i,i,i,i,i,i,i,i,i,0,1,0,0,0,0,0,0,1,1,0,0,0,0,0,1,1,0,1,0,1,0,1,0,0,1,1,25,2,99,9,3,18,8,i,i,0,0,0,0,1,0,0,i,i,i,i,i,i,i,i,i,i,i,i,i,i,i,i,i,i,i,i,i,i,i,i,i,i,i,i,i,i,1,0,0,0,0,1,7,4,6,4,0,0,0,0,1,1,3,1,1,0,1,1,1,1,0,0,0,2,7,5,1,1,2,2,2,i,i,2,i,2,i,i,i,a,a,i,a,15,12,13,40,14,10,30,2,3,2,9,i,i,9,i,i,i,i,i,i,i,i,i,i,i,i,i,205,22,1
6291,doi:10.4232/1.12497,1.0.0 (2016-04-22),1,1,452,14000452,14533,14,3,TN,0.93423,1.377675,0.0,1.189387,1.499454,0.0,0.0,2,2,1,1,1,2,1,4,3,2,2,2,3,1,3,1,7,1,0,1,1,1,1,0,1,0,0,0,0,0,0,0,0,0,0,a,a,0,0,0,1,0,1,1,1,1,1,1,0,0,0,0,0,0,0,0,0,0,i,i,0,0,0,2,2,2,2,1,1,2,2,2,5,5,2,i,0,0,0,0,0,1,0,0,0,0,0,i,0,0,0,0,1,3,1,2,4,1,2,2,2,1,1,1,2,2,2,1,1,1,2,1,i,2,2,4,3,1,0,0,0,0,0,0,0,i,i,i,0,0,0,0,0,0,0,1,0,0,0,0,0,0,i,0,0,0,1,2,1,1,1,3,3,3,0,0,0,0,1,0,0,0,0,0,1,1,0,0,0,0,0,0,0,0,0,1,0,0,0,0,0,1,0,0,0,0,2,2,2,4,2,2,2,2,1,2,2,2,2,2,2,1,2,2,4,3,1,1,4,2,2,4,1,1,0,0,0,0,0,0,0,0,1,0,0,0,2,i,i,i,i,i,i,i,i,i,i,i,i,i,i,i,i,i,i,i,i,i,i,i,i,i,i,i,i,i,i,i,i,i,i,i,i,i,0,0,0,0,0,0,0,0,0,0,0,0,0,0,1,1,1,0,1,0,1,0,0,0,0,2,2,67,4,1,6,5,1,1,19,i,0,0,0,0,1,0,0,i,i,i,i,i,i,i,i,i,i,i,i,i,i,i,i,i,i,i,i,i,i,i,i,i,i,i,i,i,i,0,0,0,1,0,0,6,2,2,2,0,0,0,0,2,1,2,1,0,0,0,0,0,1,0,0,0,7,i,6,2,2,2,2,2,i,i,2,i,i,i,i,i,a,a,i,a,15,12,10,0,10,30,30,2,3,2,9,i,i,9,i,i,i,i,i,i,i,i,i,i,i,i,i,205,22,1
6291,doi:10.4232/1.12497,1.0.0 (2016-04-22),1,1,453,14000453,14534,14,3,TN,0.997265,1.377675,0.0,1.189387,1.499454,0.0,0.0,2,2,2,2,2,3,3,3,3,2,1,1,1,1,1,1,6,0,0,0,1,1,0,1,1,0,0,0,1,0,1,1,0,1,1,a,a,0,0,0,0,0,0,1,1,1,1,1,0,0,0,1,0,1,1,0,1,1,i,i,0,0,0,1,2,1,2,2,3,2,2,1,3,3,1,1,0,0,1,1,0,1,0,0,1,0,0,i,0,0,0,0,2,2,3,3,3,1,2,1,1,1,2,2,1,1,2,1,1,1,2,1,i,2,1,3,3,1,1,1,0,0,0,0,0,i,i,i,0,0,0,0,0,0,0,1,1,1,0,0,0,0,i,0,0,0,2,2,2,2,2,2,2,2,0,0,1,0,0,0,0,0,0,0,1,1,1,0,0,0,0,0,0,1,1,0,0,0,0,0,0,0,0,0,0,0,2,2,2,2,1,2,2,2,1,1,2,1,2,2,2,2,2,2,2,2,2,2,2,2,2,2,1,0,0,0,1,0,0,0,0,0,1,0,0,0,2,i,i,i,i,i,i,i,i,i,i,i,i,i,i,i,i,i,i,i,i,i,i,i,i,i,i,i,i,i,i,i,i,i,i,i,i,i,0,0,0,0,0,0,0,0,1,0,0,0,0,0,0,1,1,1,1,0,1,0,0,0,0,2,1,50,3,99,9,1,5,5,i,i,0,0,0,0,1,0,0,i,i,i,i,i,i,i,i,i,i,i,i,i,i,i,i,i,i,i,i,i,i,i,i,i,i,i,i,i,i,0,0,0,1,0,0,7,2,2,2,1,1,1,1,2,1,2,1,1,1,1,0,0,0,1,0,0,7,6,6,2,2,2,2,2,i,i,2,i,i,i,i,i,a,a,i,a,12,12,13,50,14,20,30,2,3,1,9,i,i,9,i,i,i,i,i,i,i,i,i,i,i,i,i,206,22,1
6291,doi:10.4232/1.12497,1.0.0 (2016-04-22),1,1,454,14000454,14535,14,3,TN,0.890628,1.377675,0.0,1.189387,1.499454,0.0,0.0,2,2,1,1,1,1,1,4,3,2,2,1,3,1,1,1,6,1,0,1,1,0,0,0,0,0,0,0,1,0,1,1,0,0,0,a,a,0,0,0,1,0,1,1,0,1,0,0,0,0,0,1,0,1,1,0,0,0,i,i,0,0,0,1,2,1,3,2,2,2,2,2,4,2,1,2,0,1,1,0,0,0,0,1,0,0,0,i,0,0,0,0,3,4,2,2,3,1,1,2,1,2,2,2,2,2,2,1,2,1,2,1,i,2,2,3,3,1,1,0,0,0,0,0,0,i,i,i,0,0,1,0,0,0,0,1,1,0,0,0,1,0,i,0,0,0,2,3,4,3,4,4,3,4,0,0,0,0,0,0,0,0,0,0,0,0,1,0,0,0,0,0,0,0,0,0,1,0,0,0,1,0,0,0,0,0,2,2,2,2,2,2,2,2,1,2,1,2,2,2,1,2,2,1,1,3,2,1,3,4,3,4,1,0,0,0,0,0,1,1,0,0,0,0,0,0,2,i,i,i,i,i,i,i,i,i,i,i,i,i,i,i,i,i,i,i,i,i,i,i,i,i,i,i,i,i,i,i,i,i,i,i,i,i,0,1,0,0,0,0,0,0,1,1,0,0,0,0,0,1,2,0,1,0,1,0,0,0,0,2,1,61,4,20,3,1,4,4,16,4,0,0,0,0,1,0,0,i,i,i,i,i,i,i,i,i,i,i,i,i,i,i,i,i,i,i,i,i,i,i,i,i,i,i,i,i,i,0,0,0,1,0,0,7,2,7,4,0,0,0,0,2,1,2,1,1,0,1,1,0,1,0,0,0,5,i,6,2,2,2,2,2,i,i,2,i,i,i,i,i,a,a,i,a,15,12,12,0,12,30,30,2,1,2,9,i,i,9,i,i,i,i,i,i,i,i,i,i,i,i,i,205,22,1
6291,doi:10.4232/1.12497,1.0.0 (2016-04-22),1,1,455,14000455,14536,14,3,TN,0.950338,1.377675,0.0,1.189387,1.499454,0.0,0.0,1,3,2,2,3,1,2,2,3,3,3,1,1,1,1,1,6,0,0,1,1,0,0,1,0,0,0,0,0,0,0,0,0,0,0,a,a,0,0,0,0,0,1,1,0,1,1,0,0,0,0,0,0,0,0,0,0,0,i,i,0,0,0,1,2,1,1,3,4,2,2,2,3,4,2,i,0,1,0,1,0,1,0,0,0,0,0,i,0,0,0,0,4,2,1,1,4,1,2,2,2,2,2,2,2,1,2,1,2,2,2,2,i,1,2,3,3,1,1,0,0,0,0,0,0,i,i,i,1,0,0,0,0,0,0,1,1,0,0,0,0,0,i,0,0,0,2,3,3,2,3,3,3,3,0,0,0,0,1,1,1,0,0,0,0,0,0,0,0,0,0,0,0,0,1,0,1,0,0,0,0,0,0,0,0,0,4,4,4,4,1,2,2,2,1,1,1,1,1,2,2,1,2,2,3,2,1,1,1,1,1,1,1,0,0,0,1,1,0,0,0,0,0,0,0,0,2,i,i,i,i,i,i,i,i,i,i,i,i,i,i,i,i,i,i,i,i,i,i,i,i,i,i,i,i,i,i,i,i,i,i,i,i,i,1,1,0,0,0,0,0,0,0,0,0,0,0,0,0,2,1,0,1,0,1,0,0,0,0,1,1,61,4,18,2,3,8,5,i,i,0,0,0,0,1,0,0,i,i,i,i,i,i,i,i,i,i,i,i,i,i,i,i,i,i,i,i,i,i,i,i,i,i,i,i,i,i,1,0,0,0,0,1,7,2,8,4,0,0,0,0,1,1,3,1,0,1,1,1,0,1,0,0,0,2,7,7,2,1,1,2,2,i,i,2,i,1,3,i,i,a,a,i,a,14,12,9,28,10,5,32,2,1,1,9,i,i,9,i,i,i,i,i,i,i,i,i,i,i,i,i,27,21,1
6291,doi:10.4232/1.12497,1.0.0 (2016-04-22),1,1,456,14000456,14537,14,3,TN,0.936744,1.377675,0.0,1.189387,1.499454,0.0,0.0,3,2,2,2,2,2,2,4,4,3,2,1,1,1,1,1,6,1,0,1,1,0,0,0,0,0,0,0,0,0,1,0,0,1,0,a,a,0,0,0,1,0,1,1,0,1,0,0,0,0,0,0,0,1,0,0,1,0,i,i,0,0,0,2,2,2,2,1,1,2,2,2,3,2,1,2,0,0,0,0,0,0,0,0,0,0,0,i,0,1,0,0,3,3,3,3,3,1,2,2,1,2,2,2,2,2,2,1,2,2,2,1,i,2,2,2,3,1,0,0,0,0,0,0,0,i,i,i,0,0,0,0,1,0,0,1,0,0,1,0,0,1,i,0,0,0,2,4,3,2,3,4,4,4,0,0,0,0,0,0,0,0,0,0,1,0,1,0,0,0,0,0,0,0,0,0,0,0,0,0,0,1,1,0,0,0,2,2,2,2,2,2,2,2,1,2,2,1,2,3,3,2,1,2,1,2,3,2,3,2,4,4,1,0,0,0,0,0,0,1,0,1,0,0,0,0,2,i,i,i,i,i,i,i,i,i,i,i,i,i,i,i,i,i,i,i,i,i,i,i,i,i,i,i,i,i,i,i,i,i,i,i,i,i,0,1,0,0,0,0,0,1,1,0,0,0,0,0,0,1,2,0,1,0,1,0,0,0,0,2,1,20,1,99,9,3,3,3,18,4,0,0,0,0,1,0,0,i,i,i,i,i,i,i,i,i,i,i,i,i,i,i,i,i,i,i,i,i,i,i,i,i,i,i,i,i,i,1,0,0,0,0,1,5,4,6,4,1,1,1,1,1,1,3,1,1,1,1,1,1,1,0,0,0,2,i,2,2,1,2,2,2,i,i,2,i,2,i,i,i,a,a,i,a,15,12,13,5,13,36,31,1,3,2,9,i,i,9,i,i,i,i,i,i,i,i,i,i,i,i,i,205,22,1
6291,doi:10.4232/1.12497,1.0.0 (2016-04-22),1,1,457,14000457,14538,14,3,TN,0.883624,1.377675,0.0,1.189387,1.499454,0.0,0.0,2,1,1,1,1,3,2,3,3,3,1,3,3,3,3,3,3,1,0,0,0,0,1,1,1,0,0,0,0,0,0,0,0,0,0,a,a,0,0,0,1,0,1,0,0,1,1,1,0,0,0,0,0,0,0,0,0,0,i,i,0,0,0,2,2,2,2,2,2,1,3,3,3,3,2,i,0,0,0,1,0,0,0,0,0,0,0,i,0,0,0,0,3,4,2,3,3,1,2,2,2,2,2,1,2,2,2,1,1,1,2,2,i,2,1,3,3,1,0,0,0,0,0,0,0,i,i,i,0,0,0,0,0,0,0,1,0,0,0,0,0,0,i,0,0,0,2,3,2,4,4,2,4,3,0,0,0,0,1,0,0,0,0,0,1,1,0,0,0,0,0,0,0,0,1,0,0,0,0,0,0,1,0,0,0,0,3,3,3,2,2,3,3,2,1,1,2,2,2,3,3,1,1,2,2,1,1,1,3,3,3,4,0,1,0,0,1,0,0,0,0,0,1,0,0,0,2,i,i,i,i,i,i,i,i,i,i,i,i,i,i,i,i,i,i,i,i,i,i,i,i,i,i,i,i,i,i,i,i,i,i,i,i,i,1,1,0,0,0,0,0,0,1,0,0,0,0,0,0,4,3,0,1,0,1,0,0,0,0,4,1,39,2,23,3,1,11,6,i,i,0,0,0,0,1,0,0,i,i,i,i,i,i,i,i,i,i,i,i,i,i,i,i,i,i,i,i,i,i,i,i,i,i,i,i,i,i,0,0,0,1,0,0,5,2,2,2,2,2,0,0,2,1,2,1,0,1,1,1,1,0,0,0,0,2,6,6,2,1,2,2,2,i,i,2,i,3,i,i,i,a,a,i,a,12,12,11,30,12,10,40,2,3,1,9,i,i,9,i,i,i,i,i,i,i,i,i,i,i,i,i,206,21,1
6291,doi:10.4232/1.12497,1.0.0 (2016-04-22),1,1,458,14000458,14539,14,3,TN,1.038286,1.377675,0.0,1.189387,1.499454,0.0,0.0,3,2,2,2,2,1,1,3,3,3,3,3,3,3,3,3,6,0,0,0,0,0,0,1,1,0,0,0,1,0,0,1,0,1,0,a,a,0,0,0,0,0,0,0,0,1,1,1,0,0,0,1,0,0,1,0,1,0,i,i,0,0,0,2,2,2,2,2,2,2,2,2,3,3,2,i,0,0,0,0,0,0,0,0,0,0,0,i,0,1,0,0,3,3,3,3,3,1,1,2,1,1,2,1,2,2,2,1,2,1,2,1,i,2,2,4,4,1,0,0,0,0,0,0,0,i,i,i,0,0,0,0,0,0,0,1,0,0,0,0,0,0,i,0,0,0,3,3,3,3,3,3,3,3,0,0,0,0,0,0,0,0,0,0,0,0,1,0,0,0,0,0,0,0,0,0,0,0,0,0,1,1,0,0,0,0,3,3,3,3,2,2,2,2,2,2,2,2,2,3,3,2,2,2,1,3,2,4,3,4,3,4,1,1,1,0,0,0,0,0,0,0,0,0,0,0,2,i,i,i,i,i,i,i,i,i,i,i,i,i,i,i,i,i,i,i,i,i,i,i,i,i,i,i,i,i,i,i,i,i,i,i,i,i,0,0,0,0,0,0,0,1,1,1,0,0,0,0,0,1,1,0,1,0,1,0,0,0,0,2,1,38,2,99,9,1,6,5,i,i,0,0,0,0,1,0,0,i,i,i,i,i,i,i,i,i,i,i,i,i,i,i,i,i,i,i,i,i,i,i,i,i,i,i,i,i,i,0,0,0,1,0,0,5,1,1,1,2,2,1,1,2,1,2,1,0,0,0,0,1,0,1,0,0,7,6,6,2,2,2,2,2,i,i,2,i,i,i,i,i,a,a,i,a,12,12,16,0,16,23,23,2,2,1,9,i,i,9,i,i,i,i,i,i,i,i,i,i,i,i,i,206,22,1
6291,doi:10.4232/1.12497,1.0.0 (2016-04-22),1,1,459,14000459,14540,14,3,TN,1.045668,1.377675,0.0,1.189387,1.499454,0.0,0.0,3,1,1,1,1,2,1,3,2,4,4,3,1,1,1,1,6,0,0,1,1,0,0,1,0,0,0,0,0,0,0,0,0,0,0,a,a,0,0,0,0,0,1,1,0,1,1,0,0,0,0,0,0,0,0,0,0,0,i,i,0,0,0,1,2,1,1,2,3,2,2,2,3,3,2,i,0,0,0,1,0,1,0,0,0,1,0,i,0,0,0,0,3,3,1,1,4,1,2,2,2,2,2,2,2,1,2,1,1,1,2,2,i,2,1,3,3,1,1,1,0,0,0,0,0,i,i,i,0,0,0,0,0,0,0,1,1,0,1,0,0,0,i,0,0,0,2,4,4,3,3,3,4,4,0,1,0,0,1,0,0,0,0,0,1,1,0,0,0,0,0,0,0,0,0,0,0,0,0,0,1,1,0,0,0,0,3,2,2,4,1,1,2,2,2,2,3,3,2,3,5,1,1,1,3,4,1,1,1,3,4,2,0,1,0,0,0,0,1,0,1,0,0,0,0,0,2,i,i,i,i,i,i,i,i,i,i,i,i,i,i,i,i,i,i,i,i,i,i,i,i,i,i,i,i,i,i,i,i,i,i,i,i,i,0,1,0,0,0,0,0,0,1,1,0,0,0,0,0,1,2,0,1,0,0,0,0,0,0,2,2,47,3,1,6,1,17,8,i,i,0,0,0,0,1,0,0,i,i,i,i,i,i,i,i,i,i,i,i,i,i,i,i,i,i,i,i,i,i,i,i,i,i,i,i,i,i,0,0,0,1,0,0,4,2,4,4,0,0,0,0,1,1,3,1,0,0,1,1,0,1,0,0,0,5,6,6,2,2,2,2,2,i,i,2,i,i,i,i,i,a,a,i,a,16,12,16,15,16,39,24,2,2,1,9,i,i,9,i,i,i,i,i,i,i,i,i,i,i,i,i,306,21,1
6291,doi:10.4232/1.12497,1.0.0 (2016-04-22),1,1,460,14000460,14541,14,3,TN,0.996864,1.377675,0.0,1.189387,1.499454,0.0,0.0,2,2,1,1,1,2,1,3,3,4,2,1,3,1,3,3,4,0,0,0,0,0,0,1,1,0,0,0,0,0,0,0,0,0,0,a,a,0,0,0,0,0,0,1,0,0,1,1,0,0,0,0,0,0,0,0,0,0,i,i,0,0,0,1,4,4,2,3,4,2,2,2,3,2,3,i,0,0,0,1,0,1,0,0,0,1,0,i,0,0,0,0,3,5,1,1,5,2,2,2,2,1,1,1,2,2,2,1,1,1,2,2,i,2,2,4,4,1,0,0,0,0,0,0,0,i,i,i,0,0,0,0,0,0,0,1,0,0,0,0,0,0,i,0,0,0,1,2,1,1,5,3,5,5,0,0,0,0,1,0,0,0,0,0,1,0,0,0,0,0,1,0,0,0,0,0,0,0,0,0,0,1,0,0,0,0,2,2,2,5,1,1,2,2,1,1,3,3,1,2,2,1,1,4,5,1,1,1,1,1,1,4,1,1,0,0,0,0,1,0,0,0,0,0,0,0,2,i,i,i,i,i,i,i,i,i,i,i,i,i,i,i,i,i,i,i,i,i,i,i,i,i,i,i,i,i,i,i,i,i,i,i,i,i,0,1,0,0,0,0,0,0,0,0,0,1,0,0,0,1,2,0,1,0,1,0,0,0,0,2,2,65,4,1,6,1,18,8,i,i,0,0,0,0,1,0,0,i,i,i,i,i,i,i,i,i,i,i,i,i,i,i,i,i,i,i,i,i,i,i,i,i,i,i,i,i,i,0,0,0,1,0,0,1,1,3,3,0,0,0,0,1,2,1,1,0,0,0,0,0,1,0,0,0,7,7,6,2,2,2,2,2,i,i,2,i,i,i,i,i,a,a,i,a,12,12,14,30,15,2,32,2,4,1,9,i,i,9,i,i,i,i,i,i,i,i,i,i,i,i,i,205,21,1
6291,doi:10.4232/1.12497,1.0.0 (2016-04-22),1,1,461,14000461,14542,14,3,TN,0.979968,1.377675,0.0,1.189387,1.499454,0.0,0.0,3,2,1,1,1,1,1,3,3,2,3,4,3,3,1,1,6,0,0,0,1,0,0,0,0,0,0,0,0,0,0,1,0,1,0,a,a,0,0,0,0,0,0,1,0,1,0,0,0,0,0,0,0,0,1,0,1,0,i,i,0,0,0,2,2,1,2,2,3,2,2,2,2,1,1,1,1,1,0,0,0,0,0,1,0,1,0,i,0,0,0,0,1,2,5,3,3,1,2,2,1,1,2,2,2,2,2,1,2,1,2,1,i,2,1,2,2,1,0,0,0,0,0,0,0,i,i,i,0,0,0,0,0,0,0,1,1,0,1,0,0,0,i,0,0,0,1,1,2,1,2,1,2,1,1,1,0,1,1,0,0,0,1,0,0,0,0,0,0,0,0,0,0,0,0,0,0,0,0,0,1,1,0,0,0,0,2,1,1,2,2,2,2,1,2,2,1,1,2,2,1,2,2,2,1,3,2,2,2,5,2,3,1,1,1,0,0,0,0,0,0,0,0,0,0,0,2,i,i,i,i,i,i,i,i,i,i,i,i,i,i,i,i,i,i,i,i,i,i,i,i,i,i,i,i,i,i,i,i,i,i,i,i,i,0,1,0,0,0,0,0,0,0,0,0,0,0,0,0,3,1,0,1,0,1,0,1,0,0,2,2,45,3,13,1,3,3,3,8,1,0,0,0,0,1,0,0,i,i,i,i,i,i,i,i,i,i,i,i,i,i,i,i,i,i,i,i,i,i,i,i,i,i,i,i,i,i,1,0,0,0,0,1,5,1,2,2,0,0,0,0,1,1,3,1,0,0,0,0,0,1,0,0,0,7,i,6,2,2,2,2,2,i,i,2,i,i,i,i,i,a,a,i,a,13,12,12,35,13,10,35,1,2,2,9,i,i,9,i,i,i,i,i,i,i,i,i,i,i,i,i,218,22,1
6291,doi:10.4232/1.12497,1.0.0 (2016-04-22),1,1,462,14000462,14543,14,3,TN,0.897766,1.377675,0.0,1.189387,1.499454,0.0,0.0,2,3,2,2,3,3,3,4,5,4,3,1,3,1,3,3,7,0,0,0,1,0,1,0,1,0,0,0,0,0,0,0,0,0,0,a,a,0,0,0,0,0,0,1,0,1,1,1,0,0,0,0,0,0,0,0,0,0,i,i,0,0,0,2,4,4,4,2,4,1,1,3,3,2,3,i,0,0,0,1,0,1,0,0,0,0,0,i,0,0,0,0,4,5,1,1,4,1,2,1,2,2,1,1,3,1,1,1,1,1,2,3,i,2,1,4,5,1,0,1,0,0,0,0,0,i,i,i,0,0,0,0,0,0,0,1,0,0,0,0,0,0,i,0,0,0,2,2,2,2,5,5,5,5,0,0,0,0,1,0,0,0,0,0,1,1,0,0,0,0,0,0,0,0,0,0,0,0,0,0,1,1,0,0,0,0,2,1,1,4,1,1,2,2,1,1,3,3,2,2,2,2,1,4,2,5,1,1,1,1,1,4,0,1,0,0,0,0,1,0,1,0,0,0,0,0,2,i,i,i,i,i,i,i,i,i,i,i,i,i,i,i,i,i,i,i,i,i,i,i,i,i,i,i,i,i,i,i,i,i,i,i,i,i,0,0,0,0,0,0,0,1,1,1,0,0,0,0,0,1,2,0,1,0,1,0,0,0,0,2,2,61,4,1,6,1,12,6,i,i,0,0,0,0,1,0,0,i,i,i,i,i,i,i,i,i,i,i,i,i,i,i,i,i,i,i,i,i,i,i,i,i,i,i,i,i,i,0,0,1,0,0,1,5,1,6,4,0,0,0,0,1,1,3,1,0,0,1,0,0,1,0,0,0,7,6,6,2,2,2,2,2,i,i,2,i,i,i,i,i,a,a,i,a,12,12,16,5,16,30,25,2,1,1,9,i,i,9,i,i,i,i,i,i,i,i,i,i,i,i,i,208,21,1
6291,doi:10.4232/1.12497,1.0.0 (2016-04-22),1,1,463,14000463,14544,14,3,TN,0.962363,1.377675,0.0,1.189387,1.499454,0.0,0.0,2,2,2,2,2,3,3,2,3,2,2,1,1,1,1,1,4,1,0,0,0,0,1,1,1,0,0,1,1,0,0,0,0,1,0,a,a,0,0,0,1,0,0,1,0,1,1,1,0,0,1,1,0,0,0,0,1,0,i,i,0,0,0,1,3,3,1,3,3,2,2,2,3,6,2,i,1,1,1,1,0,1,0,0,0,1,0,i,0,0,0,0,5,5,2,1,5,1,1,1,1,2,2,2,2,1,1,1,2,1,1,1,i,1,1,4,4,1,1,1,0,0,0,0,0,i,i,i,0,0,0,0,0,0,0,1,0,0,0,0,0,0,i,0,0,0,3,3,2,2,2,2,5,5,0,0,0,0,1,0,1,0,1,0,0,0,0,0,0,0,0,0,0,0,1,0,0,0,1,0,0,0,0,0,0,0,1,1,1,4,1,1,2,2,1,1,1,1,1,2,2,1,1,1,1,1,1,1,1,3,3,4,0,1,1,0,0,0,1,0,0,0,0,0,0,0,2,i,i,i,i,i,i,i,i,i,i,i,i,i,i,i,i,i,i,i,i,i,i,i,i,i,i,i,i,i,i,i,i,i,i,i,i,i,0,0,0,0,0,0,0,0,1,0,0,0,0,0,0,2,2,0,1,0,0,0,0,0,0,2,2,30,2,22,3,3,3,3,9,1,0,0,0,0,1,0,0,i,i,i,i,i,i,i,i,i,i,i,i,i,i,i,i,i,i,i,i,i,i,i,i,i,i,i,i,i,i,0,0,1,0,0,1,6,2,5,4,0,0,0,0,1,1,3,1,0,0,1,1,0,1,0,0,0,1,i,6,2,1,2,2,2,i,i,2,i,1,i,i,i,a,a,i,a,13,12,11,25,12,5,40,4,2,2,9,i,i,9,i,i,i,i,i,i,i,i,i,i,i,i,i,218,21,1
6291,doi:10.4232/1.12497,1.0.0 (2016-04-22),1,1,464,14000464,14545,14,3,TN,1.050758,1.377675,0.0,1.189387,1.499454,0.0,0.0,2,2,2,2,2,2,2,4,3,2,2,2,1,1,2,1,7,1,1,1,1,0,1,0,1,0,0,0,1,0,0,0,0,0,0,a,a,0,0,0,1,1,1,1,0,1,1,1,0,0,0,1,0,0,0,0,0,0,i,i,0,0,0,2,2,2,2,1,1,2,2,2,4,6,3,i,1,0,0,0,0,0,0,0,0,0,0,i,0,0,0,0,2,4,3,2,3,1,2,1,2,1,1,1,2,1,1,1,1,1,2,1,i,1,1,4,4,1,1,0,0,0,0,0,0,i,i,i,1,0,0,0,0,0,0,1,0,0,0,0,0,0,i,0,0,0,1,3,3,2,1,4,3,3,0,0,0,1,1,0,1,0,0,0,1,0,1,0,0,0,0,0,0,0,0,1,0,0,0,0,0,1,0,0,0,0,3,3,2,4,2,2,2,2,1,2,2,2,2,2,2,1,1,2,3,3,1,1,3,3,2,3,1,1,0,1,0,0,0,0,0,0,0,0,0,0,2,i,i,i,i,i,i,i,i,i,i,i,i,i,i,i,i,i,i,i,i,i,i,i,i,i,i,i,i,i,i,i,i,i,i,i,i,i,1,0,0,0,0,0,0,0,1,0,0,1,0,0,0,1,2,1,0,1,1,0,0,0,0,1,2,40,3,1,6,4,18,8,i,i,0,0,0,0,1,0,0,i,i,i,i,i,i,i,i,i,i,i,i,i,i,i,i,i,i,i,i,i,i,i,i,i,i,i,i,i,i,0,0,0,1,0,0,4,3,2,2,0,0,0,0,2,1,2,1,0,0,1,1,0,0,0,0,0,7,6,6,2,2,2,2,2,i,i,2,i,i,i,i,i,a,a,i,a,16,12,11,0,11,35,35,2,1,1,9,i,i,9,i,i,i,i,i,i,i,i,i,i,i,i,i,306,22,1
6291,doi:10.4232/1.12497,1.0.0 (2016-04-22),1,1,465,14000465,14546,14,3,TN,0.96566,1.377675,0.0,1.189387,1.499454,0.0,0.0,4,1,1,1,1,1,1,4,4,4,4,1,3,3,4,4,7,1,0,1,1,0,0,0,0,0,0,0,1,0,0,1,0,0,0,a,a,0,0,0,1,0,1,1,0,0,1,0,0,0,0,1,0,0,1,0,0,0,i,i,0,0,0,2,2,1,1,3,3,2,2,2,3,6,2,i,1,0,0,1,0,1,0,0,0,0,0,i,0,0,0,0,5,5,2,2,5,1,1,2,1,1,1,1,1,2,2,2,2,1,1,1,i,3,1,4,4,0,1,0,0,0,0,0,0,i,i,i,0,0,0,0,0,0,0,0,1,0,0,0,0,0,i,0,0,0,3,4,3,3,3,4,4,4,1,0,1,0,1,0,1,0,1,0,0,0,0,0,0,0,0,0,1,0,0,0,1,0,0,0,0,0,0,0,0,0,2,1,1,4,1,2,3,2,1,1,3,3,1,2,3,2,1,3,5,5,1,1,2,2,2,4,1,1,1,0,0,0,0,0,0,0,0,0,0,0,2,i,i,i,i,i,i,i,i,i,i,i,i,i,i,i,i,i,i,i,i,i,i,i,i,i,i,i,i,i,i,i,i,i,i,i,i,i,0,1,0,0,1,0,0,0,0,0,0,0,0,0,0,1,1,0,1,0,0,0,0,0,0,2,2,39,2,99,9,1,8,5,i,i,0,0,0,0,1,0,0,i,i,i,i,i,i,i,i,i,i,i,i,i,i,i,i,i,i,i,i,i,i,i,i,i,i,i,i,i,i,1,0,0,0,0,1,5,2,2,2,0,0,1,1,2,1,2,1,0,1,1,1,0,1,0,0,0,5,6,6,2,1,2,2,2,i,i,2,i,5,i,i,i,a,a,i,a,13,12,10,45,11,10,25,2,3,2,9,i,i,9,i,i,i,i,i,i,i,i,i,i,i,i,i,218,21,1
6291,doi:10.4232/1.12497,1.0.0 (2016-04-22),1,1,466,14000466,14547,14,3,TN,0.876914,1.377675,0.0,1.189387,1.499454,0.0,0.0,3,2,1,1,1,1,1,3,3,2,2,1,3,3,3,1,7,0,1,1,1,1,0,0,1,0,0,0,1,0,0,0,1,0,0,a,a,0,0,0,0,1,1,1,1,0,1,1,0,0,0,1,0,0,0,1,0,0,i,i,0,0,0,2,2,1,3,1,3,2,2,2,1,2,3,i,0,0,1,0,0,1,0,0,0,0,0,i,0,0,0,0,2,3,2,1,2,1,2,2,2,1,1,2,2,3,2,1,1,1,2,1,i,2,1,3,3,1,0,0,0,0,0,0,0,i,i,i,1,0,1,0,0,0,0,1,0,0,0,0,0,0,i,0,0,0,1,2,2,1,3,4,4,2,0,0,0,0,1,0,1,0,0,0,1,1,1,0,0,0,0,0,0,0,1,0,1,0,0,0,0,0,0,0,0,0,2,2,1,3,1,1,2,2,1,2,2,2,2,4,4,1,1,2,3,2,1,1,4,4,4,4,1,1,0,0,0,1,0,0,0,0,0,0,0,0,2,i,i,i,i,i,i,i,i,i,i,i,i,i,i,i,i,i,i,i,i,i,i,i,i,i,i,i,i,i,i,i,i,i,i,i,i,i,1,0,0,0,0,0,0,0,1,0,0,1,0,0,0,1,1,1,0,0,1,0,1,0,0,1,2,31,2,20,3,1,12,6,i,i,0,0,0,0,1,0,0,i,i,i,i,i,i,i,i,i,i,i,i,i,i,i,i,i,i,i,i,i,i,i,i,i,i,i,i,i,i,1,0,0,0,0,1,6,2,5,4,0,0,0,0,2,1,2,1,1,0,1,1,1,1,0,0,0,1,5,6,2,1,2,2,2,i,i,2,i,1,i,i,i,a,a,i,a,16,12,12,5,12,30,25,2,1,1,9,i,i,9,i,i,i,i,i,i,i,i,i,i,i,i,i,306,22,1
6291,doi:10.4232/1.12497,1.0.0 (2016-04-22),1,1,467,14000467,14548,14,3,TN,1.026882,1.377675,0.0,1.189387,1.499454,0.0,0.0,3,2,2,2,2,3,3,3,5,2,2,2,3,1,4,1,7,1,0,1,1,0,0,0,0,0,0,0,0,0,1,0,0,1,0,a,a,0,0,0,1,0,1,1,0,0,1,0,0,0,0,0,0,1,0,0,1,0,i,i,0,0,0,3,2,2,1,1,3,2,2,2,3,2,3,i,0,1,0,1,0,0,0,0,0,0,0,i,0,0,0,0,2,5,2,1,2,1,2,3,2,2,1,1,2,1,1,2,1,1,1,1,i,2,3,2,2,1,0,0,0,0,0,1,0,i,i,i,1,0,0,0,0,0,0,1,0,0,0,0,0,1,i,0,0,0,2,3,5,1,3,4,4,4,0,0,0,1,1,0,0,0,1,0,0,0,1,0,0,0,0,0,0,0,0,0,1,0,0,0,0,1,0,0,0,0,2,1,2,4,2,2,2,2,1,2,1,2,2,2,2,1,1,2,3,2,2,2,3,3,3,4,0,0,1,0,0,1,0,1,0,0,0,0,0,0,2,i,i,i,i,i,i,i,i,i,i,i,i,i,i,i,i,i,i,i,i,i,i,i,i,i,i,i,i,i,i,i,i,i,i,i,i,i,0,1,0,0,0,0,0,1,1,0,0,0,0,0,0,1,1,0,1,1,1,0,0,0,0,1,2,33,2,22,3,1,13,7,i,i,0,0,0,0,1,0,0,i,i,i,i,i,i,i,i,i,i,i,i,i,i,i,i,i,i,i,i,i,i,i,i,i,i,i,i,i,i,0,0,1,0,0,1,7,3,2,2,2,2,0,0,1,1,3,1,1,0,1,1,1,1,0,0,0,1,6,6,2,1,2,2,2,i,i,2,i,1,i,i,i,a,a,i,a,16,12,12,45,13,30,45,2,1,1,9,i,i,9,i,i,i,i,i,i,i,i,i,i,i,i,i,306,22,1
6291,doi:10.4232/1.12497,1.0.0 (2016-04-22),1,1,468,14000468,14549,14,3,TN,0.989046,1.377675,0.0,1.189387,1.499454,0.0,0.0,3,2,1,1,1,2,1,4,4,3,3,3,1,1,3,1,1,0,0,0,0,1,1,1,1,0,0,0,0,1,0,0,0,0,0,a,a,0,0,0,1,0,0,0,1,1,1,1,0,0,0,0,1,0,0,0,0,0,i,i,0,0,0,2,2,2,2,1,2,1,1,1,5,3,2,i,0,0,0,1,0,0,0,0,0,0,0,i,0,0,0,0,2,3,2,2,3,1,2,2,2,2,2,1,1,1,1,1,1,1,2,1,i,1,1,4,4,0,0,0,0,1,0,0,0,i,i,i,1,0,1,0,0,0,0,1,0,0,0,0,0,0,i,0,0,0,2,4,2,2,3,4,3,3,0,0,0,1,1,0,1,0,0,0,1,1,0,0,0,0,0,0,0,0,1,0,0,0,0,0,1,0,0,0,0,0,2,2,2,3,2,2,2,2,2,2,2,2,2,4,3,2,2,2,3,3,3,2,2,3,3,3,0,0,0,0,1,1,0,0,1,0,0,0,0,0,2,i,i,i,i,i,i,i,i,i,i,i,i,i,i,i,i,i,i,i,i,i,i,i,i,i,i,i,i,i,i,i,i,i,i,i,i,i,1,1,0,0,0,0,0,0,0,1,0,0,0,0,0,1,1,0,1,1,1,0,0,0,0,2,1,41,3,25,3,1,13,7,i,i,0,0,0,0,1,0,0,i,i,i,i,i,i,i,i,i,i,i,i,i,i,i,i,i,i,i,i,i,i,i,i,i,i,i,i,i,i,1,0,0,0,0,1,5,1,2,2,2,2,0,0,2,1,2,1,1,1,0,0,0,0,0,0,0,1,1,1,2,1,2,2,2,i,i,2,i,1,i,i,i,a,a,i,a,16,12,10,10,10,45,35,1,1,1,9,i,i,9,i,i,i,i,i,i,i,i,i,i,i,i,i,306,22,1
6291,doi:10.4232/1.12497,1.0.0 (2016-04-22),1,1,469,14000469,14550,14,3,TN,0.936678,1.377675,0.0,1.189387,1.499454,0.0,0.0,2,2,2,2,2,4,4,4,4,4,2,3,1,1,3,1,7,0,0,0,0,0,0,0,0,0,0,0,1,0,1,0,0,0,1,a,a,0,0,0,0,0,0,0,0,0,1,0,0,0,0,1,0,1,0,0,0,1,i,i,0,0,0,2,2,1,2,1,2,2,1,1,3,2,1,2,0,1,0,1,0,0,0,0,1,1,0,i,0,0,0,0,2,3,2,3,3,1,2,1,2,1,2,1,2,1,2,1,2,1,1,2,i,2,2,2,2,1,1,0,0,0,0,0,1,i,i,i,0,0,0,0,0,0,0,1,1,0,0,1,0,0,i,0,0,0,2,3,2,3,5,2,3,4,0,1,0,0,1,0,0,0,0,0,0,1,1,0,0,0,0,0,0,0,0,0,0,0,0,0,0,1,1,0,0,0,4,3,3,4,1,2,2,2,2,2,2,2,2,4,4,1,1,1,1,2,2,4,2,2,2,2,1,1,0,0,1,0,0,0,0,0,0,0,0,0,2,i,i,i,i,i,i,i,i,i,i,i,i,i,i,i,i,i,i,i,i,i,i,i,i,i,i,i,i,i,i,i,i,i,i,i,i,i,1,1,0,0,0,0,0,0,1,0,0,0,0,0,0,1,1,1,0,0,1,0,0,0,0,2,2,21,1,0,5,3,2,2,19,i,0,0,0,0,1,0,0,i,i,i,i,i,i,i,i,i,i,i,i,i,i,i,i,i,i,i,i,i,i,i,i,i,i,i,i,i,i,1,0,0,0,0,1,8,1,5,4,0,0,0,0,1,2,1,1,1,1,1,1,0,1,0,0,0,1,i,3,2,1,2,2,2,i,i,2,i,1,i,i,i,a,a,i,a,14,12,15,30,16,0,30,1,2,1,9,i,i,9,i,i,i,i,i,i,i,i,i,i,i,i,i,216,22,1
6291,doi:10.4232/1.12497,1.0.0 (2016-04-22),1,1,470,14000470,14551,14,3,TN,0.8947,1.377675,0.0,1.189387,1.499454,0.0,0.0,2,1,1,1,1,2,1,3,5,2,2,2,1,1,1,1,7,1,0,1,1,0,1,0,1,0,0,0,0,0,1,1,0,0,0,a,a,0,0,0,1,0,1,1,0,1,1,1,0,0,0,0,0,1,1,0,0,0,i,i,0,0,0,2,2,2,2,1,3,2,2,2,3,3,2,i,0,1,1,1,0,0,0,0,0,0,0,i,0,0,0,0,1,3,1,2,2,1,2,1,1,2,2,2,2,1,1,2,1,1,2,1,i,2,1,3,2,1,1,0,0,0,0,0,1,i,i,i,0,0,0,0,0,0,0,1,0,0,0,0,0,1,i,0,0,0,2,3,3,1,3,4,4,4,0,0,0,1,1,1,1,0,0,0,0,0,1,0,0,0,0,0,0,1,1,0,0,0,0,0,0,0,0,0,0,0,2,1,1,4,2,2,2,2,1,2,1,2,2,2,2,1,1,2,3,2,2,2,3,3,2,4,1,1,1,0,0,0,0,0,0,0,0,0,0,0,2,i,i,i,i,i,i,i,i,i,i,i,i,i,i,i,i,i,i,i,i,i,i,i,i,i,i,i,i,i,i,i,i,i,i,i,i,i,1,0,0,1,0,0,0,0,1,0,0,0,0,0,0,1,1,1,0,1,0,1,0,0,0,1,2,56,4,98,8,1,13,7,i,i,0,0,0,0,1,0,0,i,i,i,i,i,i,i,i,i,i,i,i,i,i,i,i,i,i,i,i,i,i,i,i,i,i,i,i,i,i,0,1,0,0,0,1,7,3,2,2,0,0,0,0,2,1,2,1,1,1,1,1,1,0,0,0,0,1,6,6,2,1,2,2,2,i,i,2,i,1,i,i,i,a,a,i,a,13,12,10,0,10,40,40,1,1,1,9,i,i,9,i,i,i,i,i,i,i,i,i,i,i,i,i,210,22,1
6291,doi:10.4232/1.12497,1.0.0 (2016-04-22),1,1,471,14000471,14552,14,3,TN,1.03474,1.377675,0.0,1.189387,1.499454,0.0,0.0,2,3,3,3,4,1,2,4,2,1,1,4,3,3,2,3,4,0,0,1,0,0,1,1,1,0,0,0,0,0,0,0,0,0,0,a,a,0,0,0,0,0,1,1,0,1,1,1,0,0,0,0,0,0,0,0,0,0,i,i,0,0,0,1,2,1,1,3,3,2,2,2,3,2,2,i,1,0,0,1,0,0,0,0,0,1,0,i,0,0,0,0,2,1,1,2,1,1,2,2,2,2,2,2,2,2,2,1,2,1,2,2,i,2,2,2,2,1,1,0,0,0,0,0,0,i,i,i,0,0,1,0,0,0,0,1,1,0,0,0,0,0,i,0,0,0,2,3,2,2,3,2,4,4,1,0,1,0,1,0,0,0,0,0,1,1,0,0,0,0,1,0,0,0,1,0,0,0,0,0,0,0,0,0,0,0,2,1,1,4,1,1,2,2,1,1,1,1,2,2,2,1,2,3,3,3,1,1,1,2,2,2,0,1,0,0,1,0,1,0,0,0,0,0,0,0,2,i,i,i,i,i,i,i,i,i,i,i,i,i,i,i,i,i,i,i,i,i,i,i,i,i,i,i,i,i,i,i,i,i,i,i,i,i,0,1,0,1,0,0,0,1,0,0,0,0,0,0,0,1,2,0,1,0,1,0,0,0,0,2,1,25,2,20,3,3,12,6,i,i,0,0,0,0,1,0,0,i,i,i,i,i,i,i,i,i,i,i,i,i,i,i,i,i,i,i,i,i,i,i,i,i,i,i,i,i,i,0,0,0,1,0,0,5,3,3,3,1,1,0,0,2,1,2,1,0,0,1,1,0,1,0,0,0,1,6,6,2,1,2,2,2,i,i,2,i,1,i,i,i,a,a,i,a,14,12,11,0,11,21,21,1,1,1,9,i,i,9,i,i,i,i,i,i,i,i,i,i,i,i,i,217,21,1
6291,doi:10.4232/1.12497,1.0.0 (2016-04-22),1,1,472,14000472,14553,14,3,TN,0.996132,1.377675,0.0,1.189387,1.499454,0.0,0.0,2,3,3,3,4,2,2,3,2,1,3,1,1,1,1,1,9,0,0,0,1,0,1,1,1,0,0,0,0,0,0,0,0,0,0,a,a,0,0,0,0,0,0,1,0,1,1,1,1,0,0,0,0,0,0,0,0,0,i,i,0,0,0,1,2,1,1,3,4,2,2,2,3,6,2,i,1,1,0,1,0,0,0,0,0,0,0,i,0,0,0,0,1,1,1,1,1,1,1,1,1,1,1,1,1,1,1,1,1,1,1,1,i,1,1,3,3,1,1,0,0,1,0,0,0,i,i,i,0,0,0,0,0,0,0,1,0,0,0,0,0,0,i,0,0,0,3,3,3,3,3,3,3,3,0,0,0,0,1,0,1,0,0,0,0,1,0,0,0,0,0,0,0,0,1,0,0,0,0,0,0,1,0,0,0,0,2,2,2,2,1,1,2,1,1,1,1,1,1,2,2,1,1,1,1,1,1,1,1,1,1,1,1,1,1,0,0,0,0,0,0,0,0,0,0,0,2,i,i,i,i,i,i,i,i,i,i,i,i,i,i,i,i,i,i,i,i,i,i,i,i,i,i,i,i,i,i,i,i,i,i,i,i,i,0,1,0,0,0,0,1,1,0,0,0,0,0,0,0,1,1,0,1,0,1,0,0,0,0,1,1,24,1,22,3,3,12,6,i,i,0,0,0,0,1,0,0,i,i,i,i,i,i,i,i,i,i,i,i,i,i,i,i,i,i,i,i,i,i,i,i,i,i,i,i,i,i,1,0,0,0,0,1,4,2,5,4,0,0,0,0,1,1,3,1,0,0,1,0,0,0,1,0,0,7,7,6,2,1,2,2,2,i,i,2,i,4,i,i,i,a,a,i,a,14,12,11,35,11,53,18,2,2,1,9,i,i,9,i,i,i,i,i,i,i,i,i,i,i,i,i,27,21,1
6291,doi:10.4232/1.12497,1.0.0 (2016-04-22),1,1,473,14000473,14554,14,3,TN,0.977786,1.377675,0.0,1.189387,1.499454,0.0,0.0,2,2,2,2,2,2,2,3,2,4,3,1,1,1,3,1,8,0,0,0,1,0,1,1,0,0,0,0,0,0,0,0,0,0,0,a,a,0,0,0,0,0,0,1,0,1,1,1,0,0,0,0,0,0,0,0,0,0,i,i,0,0,0,1,2,2,2,4,4,2,2,2,3,2,2,i,0,0,0,1,0,1,0,0,0,1,0,i,0,0,0,0,2,4,1,1,2,1,2,2,2,2,2,1,2,2,2,1,1,1,2,2,i,2,2,2,2,1,1,0,0,0,0,0,0,i,i,i,1,0,0,0,0,0,0,1,1,0,0,0,0,0,i,0,0,0,2,4,4,4,4,4,4,4,0,0,0,0,1,0,0,0,0,0,1,1,0,0,0,0,0,0,0,0,1,0,0,0,0,0,1,0,0,0,0,0,2,2,2,2,1,2,2,2,1,1,1,1,1,2,2,1,1,1,1,1,1,1,1,1,1,1,0,1,1,0,0,0,1,0,0,0,0,0,0,0,2,i,i,i,i,i,i,i,i,i,i,i,i,i,i,i,i,i,i,i,i,i,i,i,i,i,i,i,i,i,i,i,i,i,i,i,i,i,0,1,0,0,0,0,0,1,0,0,0,0,0,0,0,1,2,0,1,0,0,0,0,0,0,2,1,25,2,0,5,3,16,8,i,i,0,0,0,0,1,0,0,i,i,i,i,i,i,i,i,i,i,i,i,i,i,i,i,i,i,i,i,i,i,i,i,i,i,i,i,i,i,0,0,0,1,0,0,5,2,6,4,0,0,0,0,2,1,2,1,0,0,0,0,0,1,0,0,0,7,2,7,2,1,2,2,2,i,i,2,i,2,i,i,i,a,a,i,a,15,12,14,30,14,55,25,1,1,2,9,i,i,9,i,i,i,i,i,i,i,i,i,i,i,i,i,316,21,1
6291,doi:10.4232/1.12497,1.0.0 (2016-04-22),1,1,474,14000474,14555,14,3,TN,1.100626,1.377675,0.0,1.189387,1.499454,0.0,0.0,2,3,2,2,3,2,2,1,1,3,3,1,1,1,1,1,4,0,0,1,0,1,1,1,1,0,0,0,0,0,0,0,0,0,0,a,a,0,0,0,0,0,1,1,1,1,1,1,0,0,0,0,0,0,0,0,0,0,i,i,0,0,0,1,2,1,1,5,3,2,2,2,4,3,2,i,0,0,1,1,0,1,0,0,1,0,0,i,0,0,0,0,2,2,2,2,2,1,1,2,1,1,2,1,1,1,1,1,2,1,2,1,i,2,1,3,3,1,0,0,0,0,0,0,0,i,i,i,1,0,0,0,0,0,0,1,0,0,0,0,0,0,i,0,0,0,2,2,2,2,2,2,2,2,0,0,0,0,1,0,0,0,0,0,1,0,0,0,0,0,0,0,0,0,1,0,0,0,0,0,1,0,0,0,0,0,2,2,2,4,2,1,2,2,1,1,1,1,1,2,2,2,2,4,4,2,2,2,2,2,2,2,1,1,0,0,0,0,1,0,0,0,0,0,0,0,2,i,i,i,i,i,i,i,i,i,i,i,i,i,i,i,i,i,i,i,i,i,i,i,i,i,i,i,i,i,i,i,i,i,i,i,i,i,0,1,0,0,0,0,0,1,0,0,0,0,0,0,0,1,2,0,1,0,1,0,0,0,0,2,2,20,1,0,5,1,8,5,i,i,0,0,0,0,1,0,0,i,i,i,i,i,i,i,i,i,i,i,i,i,i,i,i,i,i,i,i,i,i,i,i,i,i,i,i,i,i,0,0,0,1,0,0,5,2,5,4,1,1,0,0,2,1,2,1,0,0,1,1,0,1,0,0,0,1,6,6,2,1,2,2,2,i,i,2,i,1,i,i,i,a,a,i,a,14,12,12,15,12,35,20,2,2,1,9,i,i,9,i,i,i,i,i,i,i,i,i,i,i,i,i,217,21,1
6291,doi:10.4232/1.12497,1.0.0 (2016-04-22),1,1,475,14000475,14556,14,3,TN,0.977786,1.377675,0.0,1.189387,1.499454,0.0,0.0,3,3,3,3,4,2,2,3,2,3,2,1,1,1,1,1,6,0,0,1,1,0,0,1,0,0,0,0,0,0,0,0,0,0,0,a,a,0,0,0,0,0,1,1,0,1,1,0,0,0,0,0,0,0,0,0,0,0,i,i,0,0,0,1,3,3,3,3,4,2,2,2,2,2,2,i,0,1,0,1,0,1,0,0,0,1,0,i,0,0,0,0,2,4,1,1,4,2,2,2,2,2,2,1,2,1,2,1,2,1,2,2,i,2,2,2,2,1,0,0,0,0,0,0,0,i,i,i,0,0,0,1,0,0,0,1,0,0,0,0,0,0,i,0,0,0,2,2,3,3,3,3,3,3,1,1,0,0,1,0,0,0,0,0,1,1,0,0,0,0,0,1,0,0,1,0,0,0,0,0,0,0,0,0,0,0,4,4,4,4,1,2,2,2,1,1,1,1,1,2,3,2,3,3,3,2,1,1,3,1,2,4,0,1,0,0,0,0,1,0,0,0,1,0,0,0,2,i,i,i,i,i,i,i,i,i,i,i,i,i,i,i,i,i,i,i,i,i,i,i,i,i,i,i,i,i,i,i,i,i,i,i,i,i,0,1,0,0,0,0,0,1,0,0,0,0,0,0,0,1,1,0,1,0,0,0,0,0,0,1,1,30,2,1,6,3,8,5,i,i,0,0,0,0,1,0,0,i,i,i,i,i,i,i,i,i,i,i,i,i,i,i,i,i,i,i,i,i,i,i,i,i,i,i,i,i,i,0,0,0,1,0,0,4,2,6,4,2,2,3,3,1,1,3,1,0,0,0,0,0,1,0,0,0,7,6,6,1,1,3,3,3,i,i,3,i,5,i,i,i,a,a,i,a,15,12,10,15,10,35,20,1,1,2,9,i,i,9,i,i,i,i,i,i,i,i,i,i,i,i,i,316,21,1
6291,doi:10.4232/1.12497,1.0.0 (2016-04-22),1,1,476,14000476,14557,14,3,TN,0.984738,1.377675,0.0,1.189387,1.499454,0.0,0.0,2,3,3,1,3,3,3,1,5,5,5,1,1,1,3,3,7,1,0,1,1,0,0,0,0,0,0,0,0,0,0,0,0,0,0,a,a,0,0,0,1,0,1,1,0,0,1,0,0,0,0,0,0,0,0,0,0,0,i,i,0,0,0,1,2,1,1,4,4,2,2,2,1,6,2,i,0,0,1,0,0,1,0,0,0,1,0,i,0,0,0,0,2,2,2,2,1,1,1,1,1,1,1,1,1,1,1,1,1,1,1,1,i,1,1,4,2,1,1,0,0,0,0,0,0,i,i,i,0,0,0,0,0,0,0,1,1,0,0,0,0,0,i,0,0,0,2,2,2,1,5,5,5,5,1,1,0,0,1,0,0,0,0,0,0,1,0,0,0,0,0,0,0,0,1,0,0,0,0,0,0,1,0,0,0,0,1,1,1,4,1,1,3,3,1,1,1,1,1,1,1,1,1,1,1,1,1,1,1,1,1,1,0,1,0,0,0,0,1,0,0,0,1,0,0,0,2,i,i,i,i,i,i,i,i,i,i,i,i,i,i,i,i,i,i,i,i,i,i,i,i,i,i,i,i,i,i,i,i,i,i,i,i,i,0,1,0,0,0,0,0,1,0,0,0,0,0,0,0,1,2,0,1,0,1,0,0,0,0,2,2,46,3,1,6,1,1,1,19,i,0,0,0,0,1,0,0,i,i,i,i,i,i,i,i,i,i,i,i,i,i,i,i,i,i,i,i,i,i,i,i,i,i,i,i,i,i,0,0,0,1,0,0,5,2,4,4,2,2,0,0,2,1,2,1,0,0,0,0,1,1,0,0,0,7,i,6,2,2,2,2,2,i,i,2,i,i,i,i,i,a,a,i,a,15,12,15,5,15,30,25,1,2,2,9,i,i,9,i,i,i,i,i,i,i,i,i,i,i,i,i,316,21,1
6291,doi:10.4232/1.12497,1.0.0 (2016-04-22),1,1,477,14000477,14558,14,3,TN,1.100626,1.377675,0.0,1.189387,1.499454,0.0,0.0,2,2,1,1,1,2,1,3,2,2,2,1,1,1,1,1,6,0,0,1,1,1,0,1,0,0,0,0,1,0,0,0,0,0,0,a,a,0,0,0,0,0,1,1,1,1,1,0,0,0,0,1,0,0,0,0,0,0,i,i,0,0,0,1,2,1,1,1,3,2,2,2,3,2,2,i,0,1,1,1,0,1,0,0,0,0,0,i,0,0,0,0,2,2,2,2,4,1,1,2,1,1,2,1,2,2,2,1,2,1,1,2,i,2,2,2,2,1,0,0,0,0,0,0,0,i,i,i,0,0,0,0,0,0,0,1,0,0,0,0,0,0,i,0,0,0,2,4,4,4,4,4,4,4,0,0,0,0,1,0,1,0,0,0,1,1,0,0,0,0,0,0,0,0,0,0,1,0,0,0,0,1,0,0,0,0,2,2,2,2,1,2,2,2,1,1,1,1,1,2,2,2,2,2,2,2,2,2,2,2,2,2,0,1,0,0,0,0,1,1,0,0,0,0,0,0,2,i,i,i,i,i,i,i,i,i,i,i,i,i,i,i,i,i,i,i,i,i,i,i,i,i,i,i,i,i,i,i,i,i,i,i,i,i,0,1,0,0,0,0,0,1,0,0,0,0,0,0,0,1,1,0,1,0,0,0,0,0,0,2,2,24,1,10,1,3,8,5,i,i,0,0,0,0,1,0,0,i,i,i,i,i,i,i,i,i,i,i,i,i,i,i,i,i,i,i,i,i,i,i,i,i,i,i,i,i,i,0,0,0,1,0,0,5,2,6,4,0,0,0,0,2,1,2,1,0,0,1,1,0,1,0,0,0,1,7,7,2,1,2,2,2,i,i,2,i,2,i,i,i,a,a,i,a,15,12,11,30,11,50,20,1,2,1,9,i,i,9,i,i,i,i,i,i,i,i,i,i,i,i,i,209,21,1
6291,doi:10.4232/1.12497,1.0.0 (2016-04-22),1,1,478,14000478,14559,14,3,TN,1.027951,1.377675,0.0,1.189387,1.499454,0.0,0.0,2,3,3,3,4,2,2,2,2,2,2,1,1,1,1,1,6,0,0,1,1,1,0,0,0,0,0,0,1,0,0,0,0,0,0,a,a,0,0,0,0,0,1,1,1,1,0,0,0,0,0,1,0,0,0,0,0,0,i,i,0,0,0,1,3,3,3,2,1,1,2,2,3,2,2,i,0,0,0,1,0,1,0,0,0,1,0,i,0,0,0,0,2,2,2,1,4,1,2,2,2,2,2,2,2,1,2,1,2,1,2,2,i,2,2,2,3,1,1,0,0,0,0,0,0,i,i,i,0,0,0,0,0,0,0,1,0,0,0,0,0,0,i,0,0,0,1,2,2,2,3,3,4,4,0,0,0,0,1,1,1,0,0,0,1,1,0,0,0,0,0,0,0,0,0,1,1,0,0,0,0,0,0,0,0,0,2,2,2,4,1,2,2,2,1,1,1,1,1,2,2,1,1,1,1,1,1,1,1,1,1,1,0,1,1,0,0,0,1,0,0,0,0,0,0,0,2,i,i,i,i,i,i,i,i,i,i,i,i,i,i,i,i,i,i,i,i,i,i,i,i,i,i,i,i,i,i,i,i,i,i,i,i,i,0,1,0,0,0,0,0,1,0,0,0,0,0,0,0,1,1,0,1,0,0,0,0,0,0,2,2,24,1,16,2,3,8,5,i,i,0,0,0,0,1,0,0,i,i,i,i,i,i,i,i,i,i,i,i,i,i,i,i,i,i,i,i,i,i,i,i,i,i,i,i,i,i,0,0,0,1,0,0,5,1,4,4,1,1,2,2,2,1,2,1,0,1,0,0,0,1,0,0,0,7,7,6,1,1,2,2,2,i,i,2,i,5,i,i,i,a,a,i,a,15,12,12,15,12,35,20,1,1,2,9,i,i,9,i,i,i,i,i,i,i,i,i,i,i,i,i,316,21,1
6291,doi:10.4232/1.12497,1.0.0 (2016-04-22),1,1,479,14000479,14560,14,3,TN,1.100626,1.377675,0.0,1.189387,1.499454,0.0,0.0,3,2,2,2,2,2,2,2,2,2,2,1,1,1,1,1,4,0,0,1,0,1,1,1,1,0,0,0,0,0,0,0,0,0,0,a,a,0,0,0,0,0,1,1,1,1,1,1,0,0,0,0,0,0,0,0,0,0,i,i,0,0,0,1,1,1,1,5,4,2,2,2,2,3,2,i,0,1,0,1,0,1,0,0,1,1,0,i,0,0,0,0,3,3,1,2,2,1,2,2,2,2,2,2,2,1,2,1,2,1,1,1,i,2,2,2,4,1,0,0,0,0,0,0,0,i,i,i,0,1,1,0,0,0,0,1,0,0,0,0,0,0,i,0,0,0,2,2,2,2,3,3,3,3,0,0,0,0,1,1,1,0,0,0,1,1,0,0,0,0,0,0,0,0,1,0,1,0,0,0,0,0,0,0,0,0,1,1,1,4,1,2,2,2,1,1,1,1,1,2,2,1,1,1,1,1,1,1,1,1,1,1,0,1,1,0,0,0,1,0,0,0,0,0,0,0,2,i,i,i,i,i,i,i,i,i,i,i,i,i,i,i,i,i,i,i,i,i,i,i,i,i,i,i,i,i,i,i,i,i,i,i,i,i,0,1,0,0,0,0,0,1,1,0,0,0,0,0,0,2,1,0,1,0,1,0,0,0,0,2,2,23,1,10,1,3,8,5,i,i,0,0,0,0,1,0,0,i,i,i,i,i,i,i,i,i,i,i,i,i,i,i,i,i,i,i,i,i,i,i,i,i,i,i,i,i,i,0,0,0,1,0,0,5,2,4,4,0,0,0,0,2,1,2,1,0,1,1,1,0,1,0,0,0,2,7,6,2,1,2,2,2,i,i,2,i,2,i,i,i,a,a,i,a,15,12,14,30,14,55,25,1,3,1,9,i,i,9,i,i,i,i,i,i,i,i,i,i,i,i,i,209,21,1
6291,doi:10.4232/1.12497,1.0.0 (2016-04-22),1,1,480,14000480,14561,14,3,TN,0.876914,1.377675,0.0,1.189387,1.499454,0.0,0.0,3,3,3,3,4,3,3,3,3,4,2,3,3,1,2,1,6,0,0,0,1,0,0,1,0,0,0,0,0,0,0,1,0,0,0,a,a,0,0,0,0,0,0,1,0,1,1,0,0,0,0,0,0,0,1,0,0,0,i,i,0,0,0,1,2,2,2,1,1,1,2,2,2,2,1,2,0,1,0,0,0,0,1,0,0,0,0,i,0,0,0,0,2,3,1,2,2,1,3,1,1,1,1,2,2,2,1,1,1,1,2,3,i,3,3,4,4,1,0,0,0,0,0,0,0,i,i,i,0,0,0,0,0,0,0,1,0,0,0,0,0,0,i,0,0,0,2,2,2,2,5,5,5,3,0,0,0,0,1,0,1,0,0,0,0,1,0,0,0,0,0,0,0,0,0,0,1,0,0,0,0,0,0,0,0,0,2,2,2,2,3,3,3,3,1,1,3,3,2,4,5,1,1,3,2,1,1,1,1,4,2,4,0,1,1,0,0,0,1,0,0,0,0,0,0,0,2,i,i,i,i,i,i,i,i,i,i,i,i,i,i,i,i,i,i,i,i,i,i,i,i,i,i,i,i,i,i,i,i,i,i,i,i,i,0,1,0,0,0,0,0,1,1,0,0,0,0,0,0,1,1,0,1,0,1,0,0,0,0,1,2,28,2,25,3,1,3,3,17,4,0,0,0,0,1,0,0,i,i,i,i,i,i,i,i,i,i,i,i,i,i,i,i,i,i,i,i,i,i,i,i,i,i,i,i,i,i,0,0,0,1,0,0,5,2,2,2,0,0,0,0,1,1,3,1,0,1,1,0,0,1,0,0,0,7,i,7,2,1,2,2,2,i,i,2,i,1,i,i,i,a,a,i,a,12,12,10,25,11,10,45,2,4,1,9,i,i,9,i,i,i,i,i,i,i,i,i,i,i,i,i,206,21,1
6291,doi:10.4232/1.12497,1.0.0 (2016-04-22),1,1,481,14000481,14562,14,3,TN,1.026882,1.377675,0.0,1.189387,1.499454,0.0,0.0,3,1,1,1,1,2,1,4,3,4,2,3,3,3,3,3,6,0,0,1,1,0,0,1,0,0,0,0,1,0,1,1,0,1,0,a,a,0,0,0,0,0,1,1,0,1,1,0,0,0,0,1,0,1,1,0,1,0,i,i,0,0,0,2,2,3,2,2,2,2,2,2,4,3,2,i,0,0,0,0,0,0,0,0,0,0,0,i,0,1,0,0,3,3,4,3,3,1,1,2,1,2,2,2,2,2,2,1,2,1,2,1,i,2,2,4,2,1,1,0,0,0,0,0,0,i,i,i,1,0,0,0,0,0,0,1,0,0,0,0,0,0,i,1,0,0,1,1,2,2,4,2,2,2,0,0,0,0,0,1,0,1,0,0,1,0,1,0,0,0,0,0,0,0,0,0,0,0,0,0,1,1,0,0,0,0,2,2,3,2,2,2,2,2,2,2,2,2,2,4,3,2,3,2,1,3,2,1,2,3,3,3,1,0,0,0,1,0,0,1,0,0,0,0,0,0,2,i,i,i,i,i,i,i,i,i,i,i,i,i,i,i,i,i,i,i,i,i,i,i,i,i,i,i,i,i,i,i,i,i,i,i,i,i,1,0,0,0,0,0,0,1,1,0,0,0,0,0,0,1,1,1,1,0,1,0,0,0,0,1,2,39,2,98,8,1,8,5,i,i,0,0,0,0,1,0,0,i,i,i,i,i,i,i,i,i,i,i,i,i,i,i,i,i,i,i,i,i,i,i,i,i,i,i,i,i,i,0,0,0,1,0,0,7,2,2,2,1,1,1,1,2,1,2,1,1,1,1,1,1,1,0,0,0,5,6,6,2,1,2,2,2,i,i,2,i,5,i,i,i,a,a,i,a,14,12,11,0,11,40,40,1,1,1,9,i,i,9,i,i,i,i,i,i,i,i,i,i,i,i,i,216,22,1
6291,doi:10.4232/1.12497,1.0.0 (2016-04-22),1,1,482,14000482,14563,14,3,TN,0.996132,1.377675,0.0,1.189387,1.499454,0.0,0.0,4,2,2,1,2,2,2,3,3,4,2,2,2,2,2,2,2,0,0,0,0,0,1,1,0,0,0,0,1,0,0,0,0,1,0,a,a,0,0,0,0,1,0,0,0,1,1,0,0,0,0,1,0,0,0,0,1,0,i,i,0,0,0,2,2,2,2,3,1,2,1,2,3,2,1,2,0,0,0,1,0,0,0,0,0,0,0,i,0,0,0,0,4,2,4,2,3,1,1,2,1,2,2,2,1,1,2,1,2,1,2,1,i,2,1,2,2,0,0,0,1,0,0,0,1,i,i,i,0,0,1,0,0,0,0,1,1,0,1,0,0,0,i,0,0,0,3,3,3,2,4,3,3,3,0,0,0,1,0,0,1,0,0,0,1,1,1,0,0,0,0,0,0,0,0,0,0,0,0,0,1,1,0,0,0,0,3,2,2,2,1,2,2,1,2,2,2,2,2,2,2,2,2,2,1,3,2,2,3,2,3,2,1,0,0,0,0,0,0,1,0,0,1,0,0,0,1,24,i,i,i,i,2,2,1,4,0,0,1,1,0,0,0,0,0,0,0,0,0,1,0,0,1,1,0,0,0,1,0,0,0,0,0,2,1,0,0,0,0,0,0,1,0,1,0,0,0,0,0,1,1,1,1,0,1,0,0,0,0,2,1,24,1,20,3,3,3,3,19,i,0,0,0,0,1,0,0,i,i,i,i,i,i,i,i,i,i,i,i,i,i,i,i,i,i,i,i,i,i,i,i,i,i,i,i,i,i,0,0,0,1,0,0,6,2,4,4,0,0,0,0,1,1,3,1,1,1,1,1,0,1,0,0,0,1,i,6,2,1,1,2,1,i,i,2,i,1,1,i,2,a,a,i,a,13,12,13,4,13,34,30,1,1,1,9,i,i,9,i,i,i,i,i,i,i,i,i,i,i,i,i,210,22,1
6291,doi:10.4232/1.12497,1.0.0 (2016-04-22),1,1,483,14000483,14564,14,3,TN,0.996132,1.377675,0.0,1.189387,1.499454,0.0,0.0,4,3,3,3,4,3,3,3,5,4,4,2,2,2,2,4,6,0,0,0,1,0,0,1,1,0,1,0,1,0,0,1,0,1,1,a,a,0,0,0,0,0,0,1,0,1,1,1,0,1,0,1,0,0,1,0,1,1,i,i,0,0,0,2,2,2,2,4,4,2,2,2,4,3,1,2,0,0,0,0,0,0,0,0,0,0,0,i,0,1,0,0,3,3,3,3,3,1,2,1,1,1,1,1,2,2,2,1,1,1,2,1,i,1,1,3,3,1,0,1,0,0,0,0,0,i,i,i,1,0,0,0,0,0,0,1,0,1,0,1,0,0,i,0,0,0,2,3,3,3,3,4,3,3,0,0,0,0,1,0,0,0,0,0,1,1,0,0,0,0,0,0,0,0,1,1,0,0,0,0,0,0,0,0,0,0,4,4,3,2,2,2,2,1,2,2,2,2,2,2,3,1,3,2,3,1,3,1,2,1,1,2,1,1,0,0,0,0,0,0,0,0,1,0,0,0,2,i,i,i,i,i,i,i,i,i,i,i,i,i,i,i,i,i,i,i,i,i,i,i,i,i,i,i,i,i,i,i,i,i,i,i,i,i,0,0,0,0,0,0,0,0,1,1,0,0,0,0,0,3,1,0,1,0,1,0,0,0,0,1,1,19,1,0,5,3,2,2,19,i,0,0,0,0,1,0,0,i,i,i,i,i,i,i,i,i,i,i,i,i,i,i,i,i,i,i,i,i,i,i,i,i,i,i,i,i,i,0,0,0,1,0,0,1,2,5,4,0,0,1,1,1,2,1,1,0,0,0,0,0,1,0,0,0,6,i,2,2,1,2,2,2,i,i,2,i,3,i,i,i,a,a,i,a,14,12,12,11,12,41,30,2,2,1,9,i,i,9,i,i,i,i,i,i,i,i,i,i,i,i,i,216,22,1
6291,doi:10.4232/1.12497,1.0.0 (2016-04-22),1,1,484,14000484,14565,14,3,TN,0.996132,1.377675,0.0,1.189387,1.499454,0.0,0.0,3,2,2,1,2,1,1,4,2,3,2,2,2,2,2,2,7,1,0,0,1,0,0,0,0,0,0,1,0,0,0,0,0,1,0,a,a,0,0,0,1,0,0,1,0,0,1,0,0,0,1,0,0,0,0,0,1,0,i,i,0,0,0,1,2,1,1,3,4,2,2,2,3,4,2,i,0,1,1,1,0,0,0,0,1,1,0,i,0,0,0,0,3,1,1,2,3,1,1,1,1,2,2,2,1,1,1,1,1,1,1,2,i,2,2,4,4,1,1,0,0,0,0,0,0,i,i,i,0,0,0,0,0,0,0,1,0,0,0,0,0,0,i,0,0,0,2,4,4,4,4,4,4,4,0,0,0,0,0,0,1,0,0,0,1,1,1,0,0,0,0,0,0,0,0,0,1,0,0,0,0,1,0,0,0,0,2,2,2,2,1,2,2,2,1,1,1,1,1,2,2,1,1,1,1,1,1,1,1,1,1,1,0,1,1,0,0,0,1,0,0,0,0,0,0,0,2,i,i,i,i,i,i,i,i,i,i,i,i,i,i,i,i,i,i,i,i,i,i,i,i,i,i,i,i,i,i,i,i,i,i,i,i,i,1,0,1,0,0,0,0,1,0,0,0,0,0,0,0,1,1,0,1,0,1,0,0,0,0,1,1,18,1,0,5,3,2,2,19,i,0,0,0,0,1,0,0,i,i,i,i,i,i,i,i,i,i,i,i,i,i,i,i,i,i,i,i,i,i,i,i,i,i,i,i,i,i,0,0,1,0,0,1,3,2,4,4,1,1,0,0,2,1,2,1,0,0,0,0,0,1,0,0,0,7,i,6,2,1,1,2,1,i,i,2,i,1,1,i,5,a,a,i,a,13,12,14,0,14,30,30,1,1,1,9,i,i,9,i,i,i,i,i,i,i,i,i,i,i,i,i,210,21,1
6291,doi:10.4232/1.12497,1.0.0 (2016-04-22),1,1,485,14000485,14566,14,3,TN,1.030401,1.377675,0.0,1.189387,1.499454,0.0,0.0,2,2,1,1,1,1,1,1,1,1,1,1,1,1,1,1,7,1,0,1,1,0,0,0,0,1,1,0,0,0,0,1,0,1,0,a,a,0,0,0,1,0,1,1,0,0,1,0,1,1,0,0,0,0,1,0,1,0,i,i,0,0,0,1,2,2,2,1,2,2,2,2,2,3,2,i,1,1,1,1,0,1,0,0,0,1,0,i,0,0,0,0,3,2,2,2,2,1,1,1,1,1,2,2,1,2,2,1,1,1,2,1,i,2,1,3,3,1,1,0,0,0,0,0,0,i,i,i,0,0,0,0,0,0,0,1,1,0,0,0,0,0,i,0,0,0,1,1,1,1,4,4,4,4,1,0,0,0,1,0,1,0,0,0,1,1,0,0,0,0,1,0,0,0,1,0,0,0,0,0,0,0,0,0,0,0,3,3,3,3,1,1,2,2,1,1,2,2,2,2,4,1,1,1,5,5,1,1,1,1,1,1,0,1,0,0,1,0,1,0,0,0,0,0,0,0,2,i,i,i,i,i,i,i,i,i,i,i,i,i,i,i,i,i,i,i,i,i,i,i,i,i,i,i,i,i,i,i,i,i,i,i,i,i,1,1,0,0,0,0,0,0,1,0,0,0,0,0,0,1,2,0,1,0,1,0,0,0,0,2,2,37,2,98,8,1,9,5,i,i,0,0,0,0,1,0,0,i,i,i,i,i,i,i,i,i,i,i,i,i,i,i,i,i,i,i,i,i,i,i,i,i,i,i,i,i,i,1,0,0,0,0,1,7,3,2,2,1,1,1,1,1,1,3,1,1,1,1,1,1,1,0,0,0,3,1,6,2,1,2,2,2,i,i,2,i,1,i,i,i,a,a,i,a,13,12,16,10,16,30,20,2,2,1,9,i,i,9,i,i,i,i,i,i,i,i,i,i,i,i,i,201,21,1
6291,doi:10.4232/1.12497,1.0.0 (2016-04-22),1,1,486,14000486,14567,14,3,TN,0.93008,1.377675,0.0,1.189387,1.499454,0.0,0.0,3,1,1,1,1,2,1,3,2,3,3,1,1,1,1,1,4,1,0,0,0,0,1,0,1,0,0,0,0,0,0,0,0,1,0,a,a,0,0,0,1,0,0,1,0,1,0,1,0,0,0,0,0,0,0,0,1,0,i,i,0,0,0,1,2,1,1,3,3,2,3,3,2,3,2,i,0,1,0,1,0,0,0,0,0,1,0,i,0,0,0,0,3,4,1,1,5,1,1,2,1,2,2,2,2,1,2,1,1,1,2,2,i,2,1,2,2,1,1,1,0,0,0,0,0,i,i,i,0,0,0,0,0,0,0,1,1,0,0,0,0,0,i,0,0,0,2,4,2,2,3,3,3,3,0,0,1,0,1,0,0,0,0,0,1,1,1,0,0,0,0,0,0,0,0,0,0,0,0,0,1,1,0,0,0,0,4,2,2,4,1,1,2,2,1,1,1,1,2,2,4,1,1,2,2,4,1,1,1,4,3,4,0,1,0,0,0,0,1,0,0,0,1,0,0,0,2,i,i,i,i,i,i,i,i,i,i,i,i,i,i,i,i,i,i,i,i,i,i,i,i,i,i,i,i,i,i,i,i,i,i,i,i,i,0,1,1,1,0,0,0,0,0,0,0,0,0,0,0,1,1,0,1,0,1,0,0,0,0,2,1,43,3,18,2,1,8,5,i,i,0,0,0,0,1,0,0,i,i,i,i,i,i,i,i,i,i,i,i,i,i,i,i,i,i,i,i,i,i,i,i,i,i,i,i,i,i,0,0,0,1,0,0,5,1,2,2,2,2,0,0,2,1,2,1,0,0,0,0,0,0,1,0,0,7,6,6,2,2,2,2,2,i,i,2,i,i,i,i,i,a,a,i,a,13,12,10,6,10,30,24,2,2,2,9,i,i,9,i,i,i,i,i,i,i,i,i,i,i,i,i,218,21,1
6291,doi:10.4232/1.12497,1.0.0 (2016-04-22),1,1,487,14000487,14568,14,3,TN,0.989046,1.377675,0.0,1.189387,1.499454,0.0,0.0,3,1,1,1,1,1,1,2,3,2,2,3,3,3,3,3,7,0,0,0,0,0,0,0,1,0,0,0,0,0,0,0,0,0,0,a,a,0,0,0,0,0,0,0,0,0,1,1,0,0,0,0,0,0,0,0,0,0,i,i,0,0,0,2,2,1,3,1,4,2,2,2,4,3,3,i,1,0,0,1,0,1,0,0,0,0,0,i,0,0,0,0,3,3,1,1,4,1,2,2,1,1,2,1,1,1,1,1,1,1,2,1,i,2,2,3,3,0,1,1,0,0,0,0,0,i,i,i,0,1,0,0,0,0,0,0,0,0,0,0,0,0,i,1,0,0,2,4,3,4,2,2,5,5,0,1,1,1,0,0,0,0,0,0,0,0,0,0,0,0,0,0,0,0,0,0,1,0,0,0,1,0,0,0,0,0,4,4,4,4,2,2,2,2,1,1,2,2,2,2,5,1,1,1,1,4,2,1,2,4,4,4,1,1,0,0,0,0,1,0,0,0,0,0,0,0,2,i,i,i,i,i,i,i,i,i,i,i,i,i,i,i,i,i,i,i,i,i,i,i,i,i,i,i,i,i,i,i,i,i,i,i,i,i,0,0,0,0,0,0,0,1,1,1,0,0,0,0,0,1,1,1,1,0,1,0,0,0,0,2,1,53,3,14,1,1,4,4,7,1,0,0,0,0,1,0,0,i,i,i,i,i,i,i,i,i,i,i,i,i,i,i,i,i,i,i,i,i,i,i,i,i,i,i,i,i,i,0,0,0,1,0,0,5,1,4,4,0,0,0,0,1,1,3,1,0,0,1,1,0,1,0,0,0,6,i,6,2,2,2,2,2,i,i,2,i,i,i,i,i,a,a,i,a,12,12,15,10,15,55,45,2,2,1,9,i,i,9,i,i,i,i,i,i,i,i,i,i,i,i,i,208,21,1
6291,doi:10.4232/1.12497,1.0.0 (2016-04-22),1,1,488,14000488,14569,14,3,TN,0.970906,1.377675,0.0,1.189387,1.499454,0.0,0.0,4,3,3,2,3,4,4,4,4,2,3,1,3,3,1,1,3,0,0,0,0,0,1,1,0,0,0,0,1,0,0,0,0,1,0,a,a,0,0,0,0,0,1,0,0,1,1,0,0,0,0,1,0,0,0,0,1,0,i,i,0,0,0,2,2,3,3,1,4,2,2,2,3,3,1,2,0,0,0,0,0,0,0,0,0,0,0,i,0,0,1,0,2,3,4,3,3,1,2,2,3,3,3,3,3,3,3,3,3,3,3,3,i,3,3,3,2,1,0,0,0,0,0,0,0,i,i,i,1,0,1,0,0,0,0,1,0,0,0,0,0,0,i,0,0,0,1,1,3,3,3,2,2,2,0,0,1,0,1,0,0,0,0,0,1,1,1,0,0,0,0,0,0,1,0,0,1,0,0,0,0,0,0,0,0,0,5,2,2,5,2,2,2,2,2,2,2,2,2,4,4,4,4,2,2,3,2,2,3,3,3,4,1,1,0,0,0,0,0,0,0,0,1,0,0,0,2,i,i,i,i,i,i,i,i,i,i,i,i,i,i,i,i,i,i,i,i,i,i,i,i,i,i,i,i,i,i,i,i,i,i,i,i,i,0,1,0,0,0,0,0,1,1,0,0,0,0,0,0,1,2,0,1,0,1,0,0,0,0,2,1,82,4,1,6,1,8,5,i,i,0,0,0,0,1,0,0,i,i,i,i,i,i,i,i,i,i,i,i,i,i,i,i,i,i,i,i,i,i,i,i,i,i,i,i,i,i,1,0,0,0,0,1,5,3,5,4,0,0,0,0,2,2,4,1,0,0,0,0,0,1,0,0,0,7,6,6,2,2,2,2,2,i,i,2,i,i,i,i,i,a,a,i,a,13,12,13,25,14,0,35,2,3,2,9,i,i,9,i,i,i,i,i,i,i,i,i,i,i,i,i,218,22,1
6291,doi:10.4232/1.12497,1.0.0 (2016-04-22),1,1,489,14000489,14570,14,3,TN,0.936678,1.377675,0.0,1.189387,1.499454,0.0,0.0,4,3,2,3,3,3,3,4,3,3,2,1,1,1,2,1,6,0,0,1,1,0,0,1,0,0,0,0,0,0,0,0,0,0,0,a,a,0,0,0,0,0,1,1,0,1,1,0,0,0,0,0,0,0,0,0,0,0,i,i,0,0,0,2,2,3,2,2,2,2,2,2,1,5,2,i,0,0,1,0,0,1,0,0,0,1,0,i,0,0,0,0,1,2,1,1,2,1,2,1,1,1,1,2,2,2,2,1,1,1,2,1,i,2,2,3,3,0,0,0,0,0,0,0,1,i,i,i,0,1,1,0,0,0,0,1,0,0,0,0,0,0,i,0,0,0,2,3,2,2,2,4,3,3,0,0,0,0,1,0,0,0,0,0,1,1,1,0,0,0,0,0,0,0,0,1,1,0,0,0,0,0,0,0,0,0,3,2,2,4,2,2,2,2,1,2,2,2,2,2,2,1,1,1,4,3,1,1,3,3,2,4,1,0,0,0,0,1,0,0,0,1,0,0,0,0,2,i,i,i,i,i,i,i,i,i,i,i,i,i,i,i,i,i,i,i,i,i,i,i,i,i,i,i,i,i,i,i,i,i,i,i,i,i,1,0,0,0,0,0,1,0,1,0,0,0,0,0,0,1,1,0,1,0,1,1,0,0,0,2,2,20,1,25,3,3,13,7,i,i,0,0,0,0,1,0,0,i,i,i,i,i,i,i,i,i,i,i,i,i,i,i,i,i,i,i,i,i,i,i,i,i,i,i,i,i,i,0,0,0,1,0,0,7,2,6,4,0,0,1,1,1,2,1,1,1,1,1,1,0,1,0,0,0,1,2,5,2,1,2,2,2,i,i,2,i,1,i,i,i,a,a,i,a,14,12,13,0,13,20,20,2,1,1,9,i,i,9,i,i,i,i,i,i,i,i,i,i,i,i,i,216,22,1
6291,doi:10.4232/1.12497,1.0.0 (2016-04-22),1,1,490,14000490,14571,14,3,TN,0.999545,1.377675,0.0,1.189387,1.499454,0.0,0.0,2,1,1,3,2,1,1,3,3,3,3,1,1,1,1,1,3,0,0,0,1,0,1,0,0,0,0,0,1,0,0,0,0,0,0,a,a,0,0,0,0,0,1,1,0,1,0,0,0,0,0,1,0,0,0,0,0,0,i,i,0,0,0,1,1,1,2,2,2,1,2,2,1,1,1,2,1,0,0,1,0,0,0,0,1,0,0,i,0,0,0,0,3,3,3,3,3,1,1,2,1,2,2,1,2,2,2,1,1,1,2,1,i,1,1,2,2,0,1,1,0,0,0,0,0,i,i,i,0,0,0,0,0,0,0,1,1,0,0,0,0,0,i,0,0,0,1,1,4,2,2,2,2,4,0,0,0,0,1,0,1,0,0,0,1,1,1,0,0,0,0,0,0,0,0,0,1,0,0,0,0,1,0,0,0,0,2,2,2,2,1,1,2,2,1,2,1,2,2,3,3,2,2,3,2,2,2,2,3,2,1,2,1,1,0,0,0,0,0,0,1,0,0,0,0,0,2,i,i,i,i,i,i,i,i,i,i,i,i,i,i,i,i,i,i,i,i,i,i,i,i,i,i,i,i,i,i,i,i,i,i,i,i,i,0,1,0,0,0,0,0,0,0,0,0,0,0,0,0,1,1,0,1,0,1,0,0,0,0,1,1,24,1,20,3,3,18,8,i,i,0,0,0,0,1,0,0,i,i,i,i,i,i,i,i,i,i,i,i,i,i,i,i,i,i,i,i,i,i,i,i,i,i,i,i,i,i,0,0,0,1,0,0,5,3,4,4,0,0,1,1,1,1,3,1,1,0,1,1,0,1,0,0,0,1,6,6,2,1,2,2,2,i,i,2,i,1,i,i,i,a,a,i,a,14,12,10,10,10,40,30,1,1,1,9,i,i,9,i,i,i,i,i,i,i,i,i,i,i,i,i,216,22,1
6291,doi:10.4232/1.12497,1.0.0 (2016-04-22),1,1,491,14000491,14572,14,3,TN,1.035998,1.377675,0.0,1.189387,1.499454,0.0,0.0,2,2,1,1,1,1,1,2,1,1,1,1,1,1,1,1,4,0,0,1,0,0,0,1,1,0,0,0,0,0,0,0,0,0,0,a,a,0,0,0,0,0,1,1,0,0,1,1,0,0,0,0,0,0,0,0,0,0,i,i,0,0,0,2,2,1,1,3,4,2,2,2,2,2,2,i,0,1,0,1,0,1,0,0,0,0,0,i,0,0,0,0,2,1,1,2,2,1,1,1,1,1,2,2,1,1,1,1,1,1,2,1,i,1,1,2,2,1,0,0,0,0,0,0,0,i,i,i,0,0,0,0,0,0,0,1,0,0,0,0,0,0,i,0,0,0,2,2,2,2,2,2,2,2,0,0,0,0,1,0,0,0,0,0,1,1,0,0,0,0,0,0,0,0,1,0,1,0,0,0,0,0,0,0,0,0,1,1,1,1,1,1,1,2,1,1,1,1,1,2,2,1,1,1,1,1,1,1,1,1,1,1,0,1,0,0,0,0,1,0,0,0,1,0,0,0,2,i,i,i,i,i,i,i,i,i,i,i,i,i,i,i,i,i,i,i,i,i,i,i,i,i,i,i,i,i,i,i,i,i,i,i,i,i,0,1,0,0,0,0,0,1,0,0,0,0,0,0,0,1,1,0,1,0,1,0,0,0,0,1,1,65,4,1,6,1,8,5,i,i,0,0,0,0,1,0,0,i,i,i,i,i,i,i,i,i,i,i,i,i,i,i,i,i,i,i,i,i,i,i,i,i,i,i,i,i,i,0,0,0,1,0,0,5,2,5,4,1,1,1,1,2,1,2,1,0,1,0,0,1,1,0,0,0,7,7,7,2,2,2,2,2,i,i,2,i,i,i,i,i,a,a,i,a,15,12,10,50,11,15,25,1,1,1,9,i,i,9,i,i,i,i,i,i,i,i,i,i,i,i,i,209,21,1
6291,doi:10.4232/1.12497,1.0.0 (2016-04-22),1,1,492,14000492,14573,14,3,TN,0.99407,1.377675,0.0,1.189387,1.499454,0.0,0.0,2,2,2,2,2,2,2,4,3,3,3,3,3,3,2,3,1,0,0,0,0,0,1,1,1,0,0,0,0,0,0,0,0,0,0,a,a,0,0,0,1,0,0,0,0,1,1,1,0,0,0,0,0,0,0,0,0,0,i,i,0,0,0,3,2,1,1,1,1,2,2,2,6,6,3,i,0,0,0,0,0,0,0,0,0,0,0,i,0,0,1,0,2,2,2,2,2,1,1,1,1,1,1,1,1,1,1,1,1,1,1,1,i,1,1,5,5,1,0,1,0,0,0,0,0,i,i,i,0,0,1,0,0,0,0,1,1,1,0,0,0,0,i,0,0,0,4,4,1,1,1,1,1,1,0,1,0,0,1,0,0,1,0,0,1,0,1,0,0,0,1,1,0,0,0,0,0,0,0,0,0,0,0,0,0,0,3,2,2,4,2,2,2,2,2,2,2,2,2,4,5,2,1,2,2,1,1,2,1,2,1,2,0,0,0,0,1,0,0,0,1,1,0,0,0,0,2,i,i,i,i,i,i,i,i,i,i,i,i,i,i,i,i,i,i,i,i,i,i,i,i,i,i,i,i,i,i,i,i,i,i,i,i,i,0,1,0,0,0,1,0,1,0,0,0,0,0,0,0,1,3,1,1,0,0,1,0,0,0,4,1,47,3,1,6,1,12,6,i,i,0,0,0,0,1,0,0,i,i,i,i,i,i,i,i,i,i,i,i,i,i,i,i,i,i,i,i,i,i,i,i,i,i,i,i,i,i,0,0,0,1,0,0,7,1,2,2,1,1,2,2,2,1,2,1,0,0,1,1,1,0,0,0,0,1,1,1,2,1,1,1,1,i,i,2,i,1,2,1,2,a,a,i,a,14,12,12,42,13,3,21,1,1,1,1,i,i,1,i,i,i,i,i,i,i,i,i,i,i,i,i,65,8,1
6291,doi:10.4232/1.12497,1.0.0 (2016-04-22),1,1,493,14000493,14574,14,3,TN,1.037123,1.377675,0.0,1.189387,1.499454,0.0,0.0,4,1,2,1,1,1,1,4,4,4,4,3,2,2,3,2,7,0,0,0,0,0,0,0,1,0,0,0,0,0,0,0,0,0,0,a,a,0,0,0,0,0,0,0,0,0,1,1,0,0,0,0,0,0,0,0,0,0,i,i,0,0,0,2,2,1,1,1,1,2,1,3,3,2,3,i,1,1,0,0,0,1,0,0,1,1,0,i,0,0,0,0,3,5,5,4,3,2,1,2,1,2,1,2,1,2,1,1,2,1,2,1,i,1,1,4,4,1,1,1,0,0,0,0,0,i,i,i,0,0,0,0,0,0,0,0,1,0,1,0,1,0,i,0,0,0,2,3,2,3,2,3,2,2,1,1,0,0,1,0,1,0,0,0,0,0,1,0,0,0,0,1,0,0,0,0,0,0,0,0,1,0,0,0,0,0,4,4,4,1,1,2,2,2,2,2,2,2,2,2,2,2,1,3,2,3,2,3,2,2,3,2,1,0,0,0,0,0,0,0,1,0,1,0,0,0,2,i,i,i,i,i,i,i,i,i,i,i,i,i,i,i,i,i,i,i,i,i,i,i,i,i,i,i,i,i,i,i,i,i,i,i,i,i,0,1,0,0,0,0,0,1,0,1,0,0,0,0,0,1,3,1,0,0,1,1,0,0,0,4,2,26,2,99,9,3,1,1,19,i,0,0,0,0,1,0,0,i,i,i,i,i,i,i,i,i,i,i,i,i,i,i,i,i,i,i,i,i,i,i,i,i,i,i,i,i,i,0,0,0,1,0,0,5,1,4,4,0,0,0,0,2,1,2,1,0,0,0,1,0,0,0,0,0,1,i,6,2,1,2,2,2,i,i,2,i,1,i,i,i,a,a,i,a,14,12,14,10,14,32,22,1,1,1,1,i,i,1,i,i,i,i,i,i,i,i,i,i,i,i,i,65,8,1
6291,doi:10.4232/1.12497,1.0.0 (2016-04-22),1,1,494,14000494,14575,14,3,TN,1.10244,1.377675,0.0,1.189387,1.499454,0.0,0.0,2,2,2,2,2,3,3,4,2,4,2,2,3,3,3,3,6,0,0,0,0,0,0,0,1,0,0,0,0,0,0,0,0,0,0,a,a,0,0,0,0,0,0,0,0,1,0,1,0,0,0,0,0,0,0,0,0,0,i,i,0,0,0,1,2,1,3,1,1,2,1,2,3,2,1,2,0,0,0,1,0,0,0,0,1,1,0,i,0,0,0,0,2,3,2,3,2,1,2,1,1,1,2,1,1,2,1,1,2,1,1,1,i,1,1,5,5,0,0,0,0,0,0,0,0,i,i,i,0,0,0,0,0,0,1,1,0,1,1,0,0,0,i,0,0,0,2,2,2,2,2,2,2,2,0,1,0,0,0,0,0,0,0,0,1,1,0,0,0,0,0,0,0,0,0,0,0,0,0,0,1,1,0,0,0,0,3,2,2,2,1,3,3,3,2,2,2,2,2,2,3,2,1,3,2,2,4,3,2,3,2,3,1,0,0,0,0,0,1,0,0,0,1,0,0,0,2,i,i,i,i,i,i,i,i,i,i,i,i,i,i,i,i,i,i,i,i,i,i,i,i,i,i,i,i,i,i,i,i,i,i,i,i,i,0,1,0,0,0,0,0,0,0,1,0,1,0,0,0,1,1,1,0,0,1,1,0,0,0,4,2,18,1,98,8,3,1,1,19,i,0,1,0,0,0,0,1,0,0,0,0,0,0,0,0,0,0,0,0,0,0,0,0,0,0,0,0,0,0,0,0,0,0,0,0,0,1,0,0,0,0,1,0,7,1,3,3,0,0,0,0,2,1,2,1,1,0,1,1,1,0,0,0,0,1,i,2,2,1,2,2,2,i,i,2,i,1,i,i,i,a,a,i,a,14,12,13,50,14,12,22,1,1,1,1,i,i,1,i,i,i,i,i,i,i,i,i,i,i,i,i,65,8,1
6291,doi:10.4232/1.12497,1.0.0 (2016-04-22),1,1,495,14000495,14576,14,3,TN,1.037123,1.377675,0.0,1.189387,1.499454,0.0,0.0,2,1,1,2,1,1,1,4,3,3,5,2,2,4,2,3,6,1,0,0,0,0,0,0,0,0,0,0,0,0,0,0,0,0,0,a,a,0,0,0,1,0,0,0,0,1,0,0,0,0,0,0,0,0,0,0,0,0,i,i,0,0,0,2,3,1,4,1,1,1,3,3,3,6,3,i,1,0,0,1,0,0,0,0,1,1,0,i,0,0,0,0,2,3,2,3,2,1,2,1,1,1,1,2,2,2,1,1,1,1,2,1,i,2,1,3,4,0,1,0,0,0,0,1,0,i,i,i,1,0,0,0,0,0,0,1,1,0,0,1,0,0,i,0,0,0,4,4,2,2,2,4,4,4,0,0,1,0,1,0,1,0,0,0,1,1,0,0,0,0,1,0,0,1,0,0,0,0,0,0,0,0,0,0,0,0,2,2,2,1,1,2,1,2,2,2,3,2,2,3,5,2,1,2,1,2,3,2,3,2,2,3,1,0,1,0,0,1,0,0,0,0,0,0,0,0,2,i,i,i,i,i,i,i,i,i,i,i,i,i,i,i,i,i,i,i,i,i,i,i,i,i,i,i,i,i,i,i,i,i,i,i,i,i,1,0,0,0,0,0,0,1,0,0,1,0,0,0,0,4,3,0,1,0,1,1,0,0,0,4,2,36,2,1,6,1,1,1,19,i,0,1,0,0,0,0,1,0,0,0,0,0,0,0,0,1,0,0,0,0,0,0,0,0,0,0,0,0,0,0,0,0,0,0,0,0,0,0,0,0,1,0,0,6,2,3,3,0,0,1,1,2,1,2,1,0,0,1,0,0,0,0,0,0,7,i,6,2,2,2,2,2,i,i,2,i,i,i,i,i,a,a,i,a,14,12,11,25,12,5,35,1,2,1,1,i,i,1,i,i,i,i,i,i,i,i,i,i,i,i,i,65,8,1
6291,doi:10.4232/1.12497,1.0.0 (2016-04-22),1,1,496,14000496,14577,14,3,TN,0.899245,1.377675,0.0,1.189387,1.499454,0.0,0.0,3,3,3,2,3,2,2,2,2,2,2,1,1,1,1,1,6,0,0,0,0,0,0,1,0,0,0,1,0,0,0,0,0,0,0,a,a,0,0,0,0,0,0,0,0,1,1,0,0,0,1,0,0,0,0,0,0,0,i,i,0,0,0,1,2,2,1,2,3,2,2,2,2,2,1,2,0,0,0,0,0,0,0,0,0,1,0,i,0,0,0,0,3,2,2,2,2,1,1,1,1,1,1,1,1,1,1,1,1,1,1,1,i,1,1,3,3,1,0,0,0,0,0,0,0,i,i,i,0,0,0,0,0,0,0,1,0,0,0,0,0,0,i,0,0,0,1,2,2,2,3,4,3,3,1,1,0,0,0,0,0,0,0,0,0,0,0,0,0,0,0,0,0,0,0,0,1,0,0,0,0,1,0,0,0,0,3,2,2,4,1,1,2,1,1,1,1,1,2,4,2,1,1,1,1,1,1,1,1,3,3,4,1,0,0,0,0,1,0,0,1,0,0,0,0,0,1,48,i,i,i,i,1,2,1,1,0,0,0,0,0,0,0,0,0,0,1,0,0,0,0,0,0,0,0,0,0,0,1,0,0,0,0,1,0,1,0,0,0,0,0,1,0,0,0,1,0,0,0,1,1,0,1,0,1,0,0,0,0,1,2,57,4,9,1,5,1,1,19,i,0,0,0,0,1,0,0,i,i,i,i,i,i,i,i,i,i,i,i,i,i,i,i,i,i,i,i,i,i,i,i,i,i,i,i,i,i,1,0,0,0,0,1,8,1,4,4,0,0,0,0,2,1,2,1,0,0,0,0,0,0,0,0,0,7,i,6,3,2,2,2,2,i,i,2,i,i,i,i,i,a,a,i,a,11,12,14,35,15,10,35,1,2,1,1,i,i,1,i,i,i,i,i,i,i,i,i,i,i,i,i,49,1,1
6291,doi:10.4232/1.12497,1.0.0 (2016-04-22),1,1,497,14000497,14578,14,3,TN,1.028575,1.377675,0.0,1.189387,1.499454,0.0,0.0,3,3,2,2,3,2,2,3,2,4,4,2,4,4,2,4,12,0,0,0,0,0,0,0,0,0,0,0,0,0,0,0,0,0,0,a,a,0,0,1,0,0,0,0,0,0,0,0,0,0,0,1,0,0,0,0,0,0,i,i,0,0,0,3,2,1,1,2,2,1,1,1,2,2,1,2,1,1,0,0,0,1,1,0,0,0,0,i,0,0,0,0,3,3,3,3,3,1,2,2,1,2,2,1,2,1,2,1,2,1,2,1,i,2,2,3,3,0,0,1,0,0,0,1,0,i,i,i,1,0,0,0,0,0,0,0,0,1,1,0,0,0,i,0,0,0,4,3,1,1,1,3,5,5,1,1,0,0,0,0,0,0,0,0,1,1,1,0,0,0,0,0,0,1,1,0,0,0,0,0,0,0,0,0,0,0,3,3,3,3,2,2,2,2,2,2,2,2,2,3,3,4,5,5,4,3,3,3,2,2,3,3,0,1,0,0,0,0,1,0,0,0,1,0,0,0,2,i,i,i,i,i,i,i,i,i,i,i,i,i,i,i,i,i,i,i,i,i,i,i,i,i,i,i,i,i,i,i,i,i,i,i,i,i,0,1,0,0,0,0,0,0,1,0,0,0,0,0,0,2,2,0,1,0,1,0,0,0,0,2,2,26,2,99,9,3,3,3,19,i,0,0,0,0,1,0,0,i,i,i,i,i,i,i,i,i,i,i,i,i,i,i,i,i,i,i,i,i,i,i,i,i,i,i,i,i,i,0,0,0,1,0,0,8,3,4,4,0,0,0,0,2,1,2,1,0,0,0,1,1,0,0,0,0,2,i,2,3,1,2,2,2,i,i,2,i,2,i,i,i,a,a,i,a,11,12,12,10,12,45,35,2,2,1,1,i,i,1,i,i,i,i,i,i,i,i,i,i,i,i,i,38,1,1
6291,doi:10.4232/1.12497,1.0.0 (2016-04-22),1,1,498,14000498,14579,14,3,TN,1.032099,1.377675,0.0,1.189387,1.499454,0.0,0.0,3,3,2,2,3,2,2,3,3,4,4,3,3,1,3,1,4,0,0,0,0,0,0,1,0,0,0,1,0,0,0,0,0,0,0,a,a,0,0,0,0,0,0,1,0,0,1,0,0,0,1,0,0,0,0,0,0,0,i,i,0,0,0,2,2,1,1,1,3,2,2,2,2,2,1,2,1,0,0,1,0,0,0,1,1,1,0,i,0,0,0,0,2,2,2,2,2,1,2,2,2,1,1,1,1,1,1,1,1,1,1,1,i,1,1,2,2,1,1,1,0,0,0,0,0,i,i,i,0,0,0,0,0,0,0,1,1,1,0,0,0,0,i,0,0,0,2,3,2,2,2,4,2,2,1,1,1,0,0,0,0,0,0,0,0,0,0,0,0,0,0,0,0,0,0,0,0,0,0,0,0,1,0,0,0,0,3,2,2,2,1,1,2,1,1,1,1,1,2,2,2,1,1,1,2,2,1,1,1,2,1,3,1,0,1,0,0,0,0,0,1,0,0,0,0,0,2,i,i,i,i,i,i,i,i,i,i,i,i,i,i,i,i,i,i,i,i,i,i,i,i,i,i,i,i,i,i,i,i,i,i,i,i,i,0,1,0,0,0,0,0,0,0,0,0,1,0,0,0,1,1,0,0,0,1,0,0,0,0,2,2,30,2,12,1,1,18,8,i,i,0,0,0,0,1,0,0,i,i,i,i,i,i,i,i,i,i,i,i,i,i,i,i,i,i,i,i,i,i,i,i,i,i,i,i,i,i,0,1,1,0,0,1,5,2,2,2,1,1,0,0,2,1,2,1,1,1,0,0,0,0,0,0,0,7,6,6,2,1,2,2,2,i,i,2,i,4,i,i,i,a,a,i,a,11,12,12,5,12,30,25,1,4,1,1,i,i,1,i,i,i,i,i,i,i,i,i,i,i,i,i,49,1,1
6291,doi:10.4232/1.12497,1.0.0 (2016-04-22),1,1,499,14000499,14580,14,3,TN,0.959816,1.377675,0.0,1.189387,1.499454,0.0,0.0,4,3,1,2,2,2,2,4,3,2,2,3,2,2,2,3,7,0,0,1,1,0,0,0,0,0,0,0,0,0,0,0,0,0,0,a,a,0,0,0,0,0,1,1,0,0,1,0,0,0,0,0,0,0,0,0,0,0,i,i,0,0,0,2,2,2,2,1,3,2,2,2,4,3,2,i,1,0,0,1,0,0,0,0,0,1,0,i,0,0,0,0,3,3,2,2,2,1,1,1,1,1,1,1,1,1,1,1,1,1,1,1,i,1,1,4,4,1,1,1,0,0,0,0,0,i,i,i,0,0,0,0,0,0,0,1,1,0,0,0,0,0,i,0,0,0,2,2,2,2,2,4,2,2,0,1,0,0,0,0,0,0,0,0,0,1,0,0,0,0,0,0,0,0,0,0,1,0,0,0,0,1,0,0,0,0,4,1,1,4,1,1,1,1,2,2,2,2,2,3,2,1,1,1,1,1,1,1,1,1,1,1,1,1,1,0,0,0,0,0,0,0,0,0,0,0,2,i,i,i,i,i,i,i,i,i,i,i,i,i,i,i,i,i,i,i,i,i,i,i,i,i,i,i,i,i,i,i,i,i,i,i,i,i,1,1,0,0,0,0,0,0,0,0,1,0,0,0,0,1,1,0,0,0,1,0,0,0,0,2,1,58,4,1,6,1,15,7,i,i,0,0,0,0,1,0,0,i,i,i,i,i,i,i,i,i,i,i,i,i,i,i,i,i,i,i,i,i,i,i,i,i,i,i,i,i,i,1,0,0,0,0,1,4,1,2,2,0,0,0,0,2,1,2,1,0,0,0,0,0,0,0,0,0,7,6,6,3,2,2,2,2,i,i,2,i,i,i,i,i,a,a,i,a,11,12,11,15,12,0,45,1,3,1,1,i,i,1,i,i,i,i,i,i,i,i,i,i,i,i,i,49,1,1
6291,doi:10.4232/1.12497,1.0.0 (2016-04-22),1,1,500,14000500,14581,14,3,TN,0.955166,1.377675,0.0,1.189387,1.499454,0.0,0.0,4,2,1,2,2,2,2,4,3,3,3,2,2,2,2,2,3,0,0,0,0,0,0,1,0,0,1,0,0,0,0,0,0,0,0,a,a,0,0,0,0,0,1,0,0,0,1,0,0,1,0,0,0,0,0,0,0,0,i,i,0,0,0,2,2,1,1,1,1,1,2,2,3,3,2,i,0,0,0,1,0,1,0,0,0,1,0,i,0,0,0,0,2,2,2,2,2,1,2,1,1,1,1,1,1,1,1,1,1,1,1,1,i,2,2,3,3,1,1,0,0,0,0,0,0,i,i,i,0,0,0,0,0,0,0,0,0,0,0,1,1,0,i,0,0,0,4,4,2,2,2,4,2,2,0,1,1,0,0,0,0,0,0,0,1,1,0,0,0,0,1,0,0,0,0,0,1,0,0,0,0,0,0,0,0,0,2,4,3,2,1,1,1,2,2,2,2,2,2,3,3,1,1,1,2,2,2,3,3,4,4,4,0,0,0,0,1,0,0,0,1,0,1,0,0,0,2,i,i,i,i,i,i,i,i,i,i,i,i,i,i,i,i,i,i,i,i,i,i,i,i,i,i,i,i,i,i,i,i,i,i,i,i,i,0,1,0,0,0,0,0,0,0,0,1,1,0,0,0,1,1,1,0,0,1,0,0,0,0,1,1,58,4,99,9,1,18,8,i,i,0,0,0,0,1,0,0,i,i,i,i,i,i,i,i,i,i,i,i,i,i,i,i,i,i,i,i,i,i,i,i,i,i,i,i,i,i,1,0,0,0,0,1,3,1,5,4,0,0,0,0,2,1,2,1,0,0,1,0,0,1,0,0,0,7,6,6,2,2,2,2,2,i,i,2,i,i,i,i,i,a,a,i,a,11,12,12,55,13,27,32,1,3,1,1,i,i,1,i,i,i,i,i,i,i,i,i,i,i,i,i,49,1,1
6291,doi:10.4232/1.12497,1.0.0 (2016-04-22),1,1,501,14000501,14582,14,3,TN,0.899245,1.377675,0.0,1.189387,1.499454,0.0,0.0,2,2,1,1,1,2,1,4,4,3,2,1,2,2,1,1,4,0,0,0,0,0,0,1,0,0,0,0,0,0,0,0,0,0,0,a,a,0,0,0,0,0,0,1,0,0,1,0,0,0,0,0,0,0,0,0,0,0,i,i,0,0,0,2,2,1,1,1,3,2,2,2,2,2,1,2,1,1,0,0,0,0,0,0,1,1,0,i,0,0,0,0,2,2,2,2,2,1,1,1,1,1,1,1,1,1,1,1,1,1,1,1,i,1,1,3,3,1,1,0,1,0,0,0,0,i,i,i,0,0,0,0,0,0,0,1,1,0,0,0,0,0,i,0,0,0,1,1,1,3,4,4,3,3,1,1,1,1,0,0,1,0,0,0,0,0,0,0,0,0,1,0,0,0,0,0,0,0,0,0,0,0,0,0,0,0,1,2,2,4,1,2,2,1,1,2,1,2,2,3,2,1,1,1,3,3,3,3,1,2,2,4,0,0,0,0,1,0,0,1,1,0,0,0,0,0,1,13,i,i,i,i,1,1,2,1,0,1,0,0,0,0,0,0,0,0,1,0,0,1,0,0,1,0,0,0,0,0,1,0,0,0,0,1,0,1,0,0,0,0,0,1,0,0,0,0,0,0,0,1,1,0,1,0,1,0,0,0,0,1,2,60,4,99,9,1,1,1,19,i,0,1,0,0,0,0,1,0,1,0,0,0,0,0,0,0,0,0,0,0,0,0,0,0,0,0,0,0,0,0,0,0,0,0,0,0,0,1,0,0,0,0,1,6,2,3,3,0,0,0,0,1,1,3,1,0,0,1,1,1,1,0,0,0,5,i,5,3,2,2,2,2,i,i,2,i,i,i,i,i,a,a,i,a,11,12,13,45,14,25,40,1,2,1,1,i,i,1,i,i,i,i,i,i,i,i,i,i,i,i,i,49,1,1
6291,doi:10.4232/1.12497,1.0.0 (2016-04-22),1,1,502,14000502,14583,14,3,TN,1.10244,1.377675,0.0,1.189387,1.499454,0.0,0.0,2,2,2,3,3,2,2,4,3,2,2,2,3,3,1,1,6,0,0,0,0,1,0,0,1,0,0,0,0,0,0,0,0,0,0,a,a,0,0,0,0,0,0,0,1,1,0,1,0,0,0,0,0,0,0,0,0,0,i,i,0,0,0,2,3,3,3,1,4,2,2,2,3,2,1,1,0,1,0,1,0,0,0,0,0,1,0,i,0,0,0,0,2,3,2,2,2,1,2,1,1,1,1,1,1,1,1,1,1,1,2,1,i,1,1,3,2,1,0,0,0,0,0,0,0,i,i,i,0,0,0,0,0,0,0,1,0,0,0,0,0,0,i,0,0,0,4,3,3,2,4,4,4,4,0,1,1,0,0,0,0,0,0,0,0,0,0,0,0,0,0,1,0,1,0,0,0,0,0,0,0,0,0,0,0,0,2,2,2,1,2,2,2,1,2,2,2,2,2,2,2,3,4,2,3,3,3,4,4,4,4,4,1,0,0,0,0,1,0,0,0,1,0,0,0,0,1,3,i,i,i,i,1,2,1,5,0,1,0,0,0,0,0,0,0,0,0,0,0,1,0,0,0,0,0,0,0,1,0,0,0,0,0,1,0,0,1,0,0,0,0,0,0,1,0,0,0,0,0,3,1,1,1,0,0,0,0,0,0,1,2,20,1,13,1,3,8,5,i,i,0,0,0,0,1,0,0,i,i,i,i,i,i,i,i,i,i,i,i,i,i,i,i,i,i,i,i,i,i,i,i,i,i,i,i,i,i,1,0,0,0,0,1,6,2,3,3,1,1,1,1,2,1,2,1,0,0,1,0,1,1,0,0,0,1,6,6,2,1,2,2,2,i,i,2,i,1,i,i,i,a,a,i,a,11,12,14,45,15,10,25,2,3,1,1,i,i,1,i,i,i,i,i,i,i,i,i,i,i,i,i,14,4,1
6291,doi:10.4232/1.12497,1.0.0 (2016-04-22),1,1,503,14000503,14584,14,3,TN,0.998507,1.377675,0.0,1.189387,1.499454,0.0,0.0,4,3,1,2,2,2,2,3,2,2,2,3,3,3,3,3,7,0,0,0,1,0,0,0,0,0,0,0,0,1,0,0,0,0,0,a,a,0,0,0,0,0,0,1,0,0,1,0,0,0,0,0,1,0,0,0,0,0,i,i,0,0,0,2,2,3,3,1,3,2,2,2,6,4,3,i,1,0,0,0,0,0,0,0,0,0,0,i,0,0,0,0,5,3,3,3,3,1,2,1,1,2,2,1,1,1,2,1,1,1,2,1,i,1,1,4,4,1,0,0,0,0,0,0,0,i,i,i,0,0,0,0,0,0,0,1,0,0,0,0,0,0,i,0,0,0,4,4,4,4,4,4,4,4,1,0,0,0,0,0,0,0,0,0,0,0,0,0,0,0,1,1,0,0,0,0,0,0,0,0,0,0,0,0,0,0,3,2,2,4,1,1,1,1,2,2,2,2,2,4,4,1,1,3,3,2,3,2,3,1,4,4,1,1,1,0,0,0,0,0,0,0,0,0,0,0,2,i,i,i,i,i,i,i,i,i,i,i,i,i,i,i,i,i,i,i,i,i,i,i,i,i,i,i,i,i,i,i,i,i,i,i,i,i,1,0,0,0,0,0,0,1,0,0,0,0,0,0,0,1,2,0,1,0,0,0,0,0,0,2,2,72,4,1,6,5,3,3,18,4,0,0,0,0,1,0,0,i,i,i,i,i,i,i,i,i,i,i,i,i,i,i,i,i,i,i,i,i,i,i,i,i,i,i,i,i,i,0,0,0,1,0,0,5,1,1,1,0,0,0,0,2,2,4,1,0,0,0,0,0,1,0,0,0,7,i,6,2,2,2,2,2,i,i,2,i,i,i,i,i,a,a,i,a,11,12,12,0,12,30,30,1,4,1,1,i,i,1,i,i,i,i,i,i,i,i,i,i,i,i,i,14,4,1
6291,doi:10.4232/1.12497,1.0.0 (2016-04-22),1,1,504,14000504,14585,14,3,TN,1.037123,1.377675,0.0,1.189387,1.499454,0.0,0.0,4,2,2,2,2,2,2,4,4,2,2,1,1,1,1,1,7,0,0,1,0,0,1,0,0,0,0,0,0,0,0,0,0,0,0,a,a,0,0,0,0,0,1,0,0,1,1,0,0,0,0,0,0,0,0,0,0,0,i,i,0,0,0,2,2,2,2,1,1,1,1,1,3,3,2,i,0,1,0,0,0,1,0,0,0,0,0,i,0,0,0,0,4,4,4,4,4,1,1,1,1,1,2,2,1,1,1,1,1,2,2,1,i,1,1,3,4,1,0,1,0,0,0,0,0,i,i,i,0,0,0,0,0,0,0,1,0,0,0,0,0,0,i,0,0,0,4,3,2,2,2,3,3,3,0,0,1,0,0,0,0,0,0,0,0,1,0,0,0,0,1,1,0,0,0,0,0,0,0,0,0,0,0,0,0,0,3,2,2,4,2,2,2,1,2,2,1,1,2,3,4,2,2,1,3,3,3,3,2,3,4,3,1,1,0,0,0,0,0,0,0,0,1,0,0,0,2,i,i,i,i,i,i,i,i,i,i,i,i,i,i,i,i,i,i,i,i,i,i,i,i,i,i,i,i,i,i,i,i,i,i,i,i,i,0,1,0,0,0,0,0,0,0,0,0,0,0,0,0,1,1,1,1,1,0,0,0,0,0,1,2,28,2,1,6,1,18,8,i,i,0,0,0,0,1,0,0,i,i,i,i,i,i,i,i,i,i,i,i,i,i,i,i,i,i,i,i,i,i,i,i,i,i,i,i,i,i,0,0,0,1,0,0,2,3,6,4,2,2,0,0,2,1,2,1,0,0,0,0,0,0,0,0,0,7,6,6,2,2,2,2,2,i,i,2,i,i,i,i,i,a,a,i,a,11,12,12,45,13,15,30,2,3,1,1,i,i,1,i,i,i,i,i,i,i,i,i,i,i,i,i,14,4,1
6291,doi:10.4232/1.12497,1.0.0 (2016-04-22),1,1,505,14000505,14586,14,3,TN,1.032099,1.377675,0.0,1.189387,1.499454,0.0,0.0,2,3,3,3,4,1,2,3,3,2,2,3,3,3,3,3,4,1,0,1,0,0,0,0,1,0,0,0,0,0,0,0,0,0,0,a,a,0,0,0,1,0,1,1,0,0,0,1,0,0,0,0,0,0,0,0,0,0,i,i,0,0,0,2,2,1,1,2,2,2,2,2,1,2,1,2,0,1,0,0,0,0,0,0,1,1,0,i,0,0,0,0,4,3,3,2,2,1,2,2,1,1,1,1,2,2,2,2,2,2,2,1,i,1,1,2,2,0,1,1,0,0,0,0,0,i,i,i,0,0,0,0,0,0,0,1,1,1,0,0,0,0,i,0,0,0,4,3,3,3,3,4,5,5,0,1,0,0,0,0,1,0,0,0,0,0,0,0,0,0,0,1,0,0,0,0,0,0,0,0,0,1,0,0,0,0,2,2,2,2,1,1,3,1,2,2,2,2,2,4,3,1,2,1,1,3,2,3,3,4,4,4,0,0,0,0,1,0,0,0,1,0,0,0,0,0,2,i,i,i,i,i,i,i,i,i,i,i,i,i,i,i,i,i,i,i,i,i,i,i,i,i,i,i,i,i,i,i,i,i,i,i,i,i,1,1,0,0,0,0,0,0,0,0,0,0,0,0,0,1,1,1,1,0,0,0,0,0,0,1,2,33,2,12,1,1,1,1,19,i,0,0,0,0,1,0,0,i,i,i,i,i,i,i,i,i,i,i,i,i,i,i,i,i,i,i,i,i,i,i,i,i,i,i,i,i,i,0,0,0,1,0,0,6,2,2,2,3,3,2,2,1,1,3,1,0,0,1,1,0,1,0,0,0,1,i,6,2,2,2,2,2,i,i,2,i,i,i,i,i,a,a,i,a,11,12,15,10,15,31,21,1,3,1,1,i,i,1,i,i,i,i,i,i,i,i,i,i,i,i,i,13,5,1
6291,doi:10.4232/1.12497,1.0.0 (2016-04-22),1,1,506,14000506,14587,14,3,TN,1.10244,1.377675,0.0,1.189387,1.499454,0.0,0.0,3,2,2,2,2,3,3,4,3,3,3,3,2,1,1,1,4,1,0,1,0,0,0,0,1,0,0,0,0,0,0,0,0,0,0,a,a,0,0,0,1,0,1,1,0,0,0,1,0,0,0,0,0,0,0,0,0,0,i,i,0,0,0,2,2,2,2,2,2,2,2,2,2,2,1,2,0,1,0,0,0,0,0,0,0,1,0,i,0,0,0,0,2,3,3,2,3,1,2,2,2,1,2,1,2,2,1,2,1,2,2,1,i,1,1,2,2,0,1,1,0,0,0,0,0,i,i,i,0,0,0,0,0,0,0,1,0,1,0,0,0,0,i,0,0,0,4,4,3,3,2,4,4,4,0,1,0,0,0,0,1,0,0,0,0,0,0,0,0,0,0,1,0,0,0,0,0,0,0,0,0,0,0,0,0,0,3,2,2,2,1,1,2,2,2,2,2,2,2,4,3,1,2,2,2,3,2,2,2,4,4,4,1,1,0,0,0,1,0,0,0,0,0,0,0,0,2,i,i,i,i,i,i,i,i,i,i,i,i,i,i,i,i,i,i,i,i,i,i,i,i,i,i,i,i,i,i,i,i,i,i,i,i,i,1,1,0,0,0,0,0,1,0,0,0,0,0,0,0,1,1,0,1,0,1,0,0,0,0,2,2,21,1,15,1,3,18,8,i,i,0,0,0,0,1,0,0,i,i,i,i,i,i,i,i,i,i,i,i,i,i,i,i,i,i,i,i,i,i,i,i,i,i,i,i,i,i,0,0,0,1,0,0,5,3,4,4,2,2,0,0,2,1,2,1,1,0,0,0,0,1,0,0,0,7,5,6,2,1,2,2,2,i,i,2,i,1,i,i,i,a,a,i,a,11,12,14,35,15,0,25,1,3,1,1,i,i,1,i,i,i,i,i,i,i,i,i,i,i,i,i,13,5,1
6291,doi:10.4232/1.12497,1.0.0 (2016-04-22),1,1,507,14000507,14588,14,3,TN,1.10244,1.377675,0.0,1.189387,1.499454,0.0,0.0,4,2,2,2,2,1,1,5,3,1,1,1,1,1,1,1,1,0,0,0,1,0,1,1,0,0,0,0,0,0,0,0,0,0,0,a,a,0,0,0,1,0,0,1,0,1,1,0,0,0,0,0,0,0,0,0,0,0,i,i,0,0,0,2,2,1,2,1,1,2,2,2,2,4,2,i,0,0,0,1,0,0,0,0,1,0,0,i,0,0,0,0,2,3,2,2,1,1,2,1,2,1,1,1,2,2,1,2,1,1,1,2,i,1,1,3,2,0,1,1,0,0,0,0,0,i,i,i,0,0,0,0,0,0,0,1,0,0,1,0,1,0,i,0,0,0,4,4,4,4,2,4,5,5,1,0,0,0,0,0,0,1,0,0,0,0,0,0,0,0,1,0,0,1,0,0,0,0,0,0,0,0,0,0,0,0,2,2,2,1,1,1,2,2,2,2,2,2,2,4,2,1,4,1,4,1,4,4,4,4,4,4,0,0,1,0,0,0,0,1,0,0,0,0,0,0,1,3,i,i,i,i,1,1,1,3,0,0,0,0,0,1,1,1,0,0,0,0,0,1,1,0,0,0,0,0,0,0,1,0,0,0,0,1,1,0,0,0,0,0,0,0,0,0,0,0,0,0,0,2,1,1,1,0,0,0,0,0,0,1,2,18,1,0,5,3,18,8,i,i,0,0,0,0,1,0,0,i,i,i,i,i,i,i,i,i,i,i,i,i,i,i,i,i,i,i,i,i,i,i,i,i,i,i,i,i,i,1,0,0,0,0,1,9,3,7,4,0,0,0,0,2,1,2,1,1,1,1,1,1,1,0,0,0,1,6,1,2,1,2,2,2,i,i,2,i,1,i,i,i,a,a,i,a,10,12,13,40,14,0,20,1,3,1,1,i,i,1,i,i,i,i,i,i,i,i,i,i,i,i,i,13,5,1
6291,doi:10.4232/1.12497,1.0.0 (2016-04-22),1,1,508,14000508,14589,14,3,TN,1.043815,1.377675,0.0,1.189387,1.499454,0.0,0.0,3,1,1,2,1,2,1,4,4,3,2,2,3,3,2,1,7,0,0,1,0,0,0,0,0,0,0,0,0,0,0,0,0,0,0,a,a,0,0,0,0,0,1,0,0,0,1,0,0,0,0,0,0,0,0,0,0,0,i,i,0,0,0,2,2,2,2,2,2,2,2,2,3,3,2,i,0,0,0,0,0,0,0,0,0,0,0,i,0,1,0,0,3,3,2,2,4,1,2,2,2,2,2,2,1,2,2,2,2,1,2,2,i,2,2,3,3,1,1,0,0,0,0,0,0,i,i,i,1,0,0,0,0,0,0,1,0,1,0,0,0,0,i,0,0,0,2,3,2,3,3,3,3,3,0,0,0,0,0,0,0,0,0,0,0,0,0,0,1,0,0,0,0,0,0,0,0,0,0,0,0,1,1,0,0,0,2,2,2,2,1,2,2,2,2,2,2,2,2,3,3,3,3,3,3,3,3,3,4,4,4,4,0,1,0,0,1,0,0,0,1,0,0,0,0,0,2,i,i,i,i,i,i,i,i,i,i,i,i,i,i,i,i,i,i,i,i,i,i,i,i,i,i,i,i,i,i,i,i,i,i,i,i,i,0,1,0,0,0,0,0,1,1,0,0,0,0,0,0,3,2,0,1,0,1,1,0,0,0,2,2,50,3,99,9,1,1,1,19,i,0,0,0,0,1,0,0,i,i,i,i,i,i,i,i,i,i,i,i,i,i,i,i,i,i,i,i,i,i,i,i,i,i,i,i,i,i,1,1,0,0,0,1,6,1,3,3,0,0,0,0,2,1,2,1,0,0,1,1,1,0,0,0,0,2,i,6,2,1,2,2,2,i,i,2,i,2,i,i,i,a,a,i,a,10,12,15,2,15,40,38,1,3,1,1,i,i,1,i,i,i,i,i,i,i,i,i,i,i,i,i,41,2,1
6291,doi:10.4232/1.12497,1.0.0 (2016-04-22),1,1,509,14000509,14590,14,3,TN,1.032099,1.377675,0.0,1.189387,1.499454,0.0,0.0,1,3,3,3,4,2,2,3,3,1,2,1,1,1,1,1,7,1,0,0,0,0,0,0,0,0,0,0,0,0,0,0,0,0,0,a,a,0,0,0,1,0,0,0,0,0,1,0,0,0,0,0,0,0,0,0,0,0,i,i,0,0,0,3,3,4,4,1,4,2,2,2,3,2,1,2,0,0,0,0,0,0,0,0,0,0,0,i,0,0,1,0,5,3,3,2,3,1,1,1,1,1,1,1,2,2,2,1,2,1,2,1,i,2,1,3,3,1,0,0,0,0,0,0,0,i,i,i,0,0,0,0,0,0,0,1,0,0,0,0,0,0,i,0,0,0,2,2,1,1,3,3,2,2,0,0,0,0,0,0,0,0,0,0,0,1,0,0,0,0,0,1,0,0,0,0,0,0,0,0,0,0,0,0,0,0,1,1,1,1,1,1,2,1,1,1,1,1,1,4,3,1,1,1,2,2,2,2,2,2,2,3,0,0,1,0,1,0,0,0,0,0,1,0,0,0,1,24,i,i,i,i,1,1,1,1,0,0,0,0,0,0,0,0,0,0,0,1,0,0,0,0,1,0,0,0,0,0,1,0,0,0,0,2,0,1,0,0,0,0,0,0,0,0,0,1,0,0,0,1,2,0,1,0,1,0,0,0,0,2,2,26,2,8,1,3,18,8,i,i,0,0,0,0,1,0,0,i,i,i,i,i,i,i,i,i,i,i,i,i,i,i,i,i,i,i,i,i,i,i,i,i,i,i,i,i,i,1,0,0,0,0,1,10,3,6,4,1,1,2,2,2,1,2,1,1,1,1,1,0,1,0,0,0,6,6,6,2,1,2,2,2,i,i,2,i,6,i,i,i,a,a,i,a,10,12,13,0,13,40,40,2,3,1,1,i,i,1,i,i,i,i,i,i,i,i,i,i,i,i,i,32,4,1
6291,doi:10.4232/1.12497,1.0.0 (2016-04-22),1,1,510,14000510,14591,14,3,TN,0.997774,1.377675,0.0,1.189387,1.499454,0.0,0.0,2,2,2,2,2,2,2,3,3,3,3,2,2,3,2,3,7,1,1,0,0,1,1,0,0,0,0,1,1,0,0,0,0,0,0,a,a,0,0,0,1,1,0,0,1,1,1,0,0,0,1,1,0,0,0,0,0,0,i,i,0,0,0,3,2,3,1,2,2,2,2,2,2,2,1,2,0,1,0,0,0,1,0,0,1,1,0,i,0,0,0,0,2,2,2,2,2,1,2,2,1,2,2,1,2,2,1,1,2,1,2,1,i,3,3,2,2,0,1,1,0,0,0,0,1,i,i,i,0,0,0,0,0,0,0,0,1,1,0,0,0,1,i,0,0,0,4,4,2,1,2,1,4,4,1,0,0,0,0,0,1,0,0,0,1,1,0,0,0,0,0,0,1,0,0,1,0,0,0,0,0,0,0,0,0,0,2,2,3,1,1,1,2,1,2,2,3,3,2,3,3,4,3,4,4,3,2,2,3,2,2,3,0,1,0,0,0,0,1,0,0,1,0,0,0,0,2,i,i,i,i,i,i,i,i,i,i,i,i,i,i,i,i,i,i,i,i,i,i,i,i,i,i,i,i,i,i,i,i,i,i,i,i,i,1,1,0,0,0,0,0,0,0,0,1,0,0,0,0,1,2,0,1,0,1,0,0,0,0,2,1,17,1,0,5,3,2,2,19,i,0,1,0,0,0,0,1,0,0,0,0,0,0,0,0,1,0,0,0,0,0,0,0,0,0,0,0,0,0,0,0,0,0,0,0,0,0,1,1,0,0,0,1,9,3,1,1,0,0,0,0,1,1,3,1,1,1,1,1,1,0,0,0,0,1,i,1,3,1,2,2,2,i,i,2,i,1,i,i,i,a,a,i,a,10,12,11,30,12,12,42,2,2,1,1,i,i,1,i,i,i,i,i,i,i,i,i,i,i,i,i,44,7,1
6291,doi:10.4232/1.12497,1.0.0 (2016-04-22),1,1,511,14000511,14592,14,3,TN,0.978231,1.377675,0.0,1.189387,1.499454,0.0,0.0,4,3,3,3,4,2,2,4,4,4,4,2,3,3,2,1,4,1,0,1,0,0,0,1,1,0,0,0,0,0,0,0,0,0,0,a,a,0,0,0,1,0,1,1,0,0,1,1,0,0,0,0,0,0,0,0,0,0,i,i,0,0,0,2,2,1,1,1,2,2,1,1,4,3,2,i,0,0,0,0,0,0,0,0,0,0,0,i,0,1,0,0,3,3,3,5,3,2,2,2,2,2,2,2,2,2,2,2,1,2,2,1,i,1,1,3,3,1,0,0,0,0,0,0,0,i,i,i,0,0,0,0,0,0,0,1,0,0,0,0,0,0,i,0,0,0,4,4,4,2,2,4,3,3,0,0,0,0,0,0,0,0,0,0,0,1,0,0,0,0,0,1,0,0,1,0,0,0,0,0,0,0,0,0,0,0,4,2,1,4,2,2,2,2,2,2,1,1,2,4,4,2,3,2,3,4,2,3,2,3,3,4,0,0,1,0,0,0,0,0,1,0,1,0,0,0,2,i,i,i,i,i,i,i,i,i,i,i,i,i,i,i,i,i,i,i,i,i,i,i,i,i,i,i,i,i,i,i,i,i,i,i,i,i,0,0,1,0,0,1,0,0,0,1,0,0,0,0,0,1,1,0,1,0,1,0,0,0,0,1,2,46,3,17,2,1,8,5,i,i,0,0,0,0,1,0,0,i,i,i,i,i,i,i,i,i,i,i,i,i,i,i,i,i,i,i,i,i,i,i,i,i,i,i,i,i,i,0,0,0,1,0,0,5,1,3,3,1,1,1,1,2,1,2,1,0,0,0,0,0,1,0,0,0,7,7,6,2,2,2,2,2,i,i,2,i,i,i,i,i,a,a,i,a,10,12,14,36,15,0,24,2,2,2,1,i,i,1,i,i,i,i,i,i,i,i,i,i,i,i,i,33,4,1
6291,doi:10.4232/1.12497,1.0.0 (2016-04-22),1,1,512,14000512,14593,14,3,TN,0.935083,1.377675,0.0,1.189387,1.499454,0.0,0.0,2,1,1,2,1,2,1,3,2,4,4,2,2,2,3,2,7,1,0,0,1,0,0,0,1,0,0,0,0,0,0,0,0,0,0,a,a,0,0,0,1,0,0,1,0,0,1,1,0,0,0,0,0,0,0,0,0,0,i,i,0,0,0,2,3,3,3,1,1,2,2,2,3,3,1,2,0,0,0,0,0,0,0,1,0,1,0,i,0,0,0,0,3,2,4,3,3,1,2,1,2,2,1,1,2,1,1,2,1,2,1,1,i,2,2,3,3,1,0,0,0,0,0,0,0,i,i,i,1,0,0,0,0,0,0,1,0,0,0,0,0,0,i,0,0,0,4,3,2,1,2,4,2,2,0,0,0,0,0,0,1,0,0,0,0,0,0,0,0,0,1,1,0,0,0,0,0,0,0,0,0,0,0,0,0,0,4,4,4,4,2,2,2,2,2,2,2,2,2,4,4,3,3,1,3,3,4,4,4,4,3,4,0,1,1,0,0,0,0,0,0,0,1,0,0,0,1,7,i,i,i,i,1,2,1,5,0,0,0,0,0,1,0,0,0,0,0,0,0,1,0,0,0,0,0,0,0,0,0,0,0,0,0,2,0,0,0,0,0,0,0,0,0,0,1,1,0,0,0,1,1,0,0,0,1,0,0,0,0,1,1,16,1,15,1,3,3,3,18,4,0,0,0,0,1,0,0,i,i,i,i,i,i,i,i,i,i,i,i,i,i,i,i,i,i,i,i,i,i,i,i,i,i,i,i,i,i,0,0,0,1,0,0,1,1,5,4,0,0,0,0,2,1,2,1,0,0,0,0,0,1,0,0,0,7,i,2,1,1,2,2,2,i,i,2,i,1,i,i,i,a,a,i,a,10,12,15,55,16,20,25,2,3,2,1,i,i,1,i,i,i,i,i,i,i,i,i,i,i,i,i,32,4,1
6291,doi:10.4232/1.12497,1.0.0 (2016-04-22),1,1,513,14000513,14594,14,3,TN,0.997774,1.377675,0.0,1.189387,1.499454,0.0,0.0,2,2,2,2,2,3,3,3,3,2,2,2,3,3,3,3,7,0,0,0,1,0,1,0,1,0,0,0,0,0,0,0,0,0,0,a,a,0,0,0,0,0,0,1,0,1,1,1,0,0,0,0,0,0,0,0,0,0,i,i,0,0,0,2,2,1,1,2,4,2,1,2,3,2,1,2,1,0,0,0,0,0,0,0,1,0,0,i,0,0,0,0,2,4,2,4,4,1,2,1,1,1,1,1,1,2,1,2,1,2,1,1,i,1,1,2,2,0,1,1,0,0,0,0,0,i,i,i,0,0,1,0,0,0,0,0,0,1,0,1,0,0,i,0,0,0,3,3,3,2,2,3,3,3,1,1,0,1,0,0,0,0,0,0,0,0,0,0,0,0,1,1,0,0,0,0,0,0,0,0,0,0,0,0,0,0,2,2,2,2,2,2,2,2,2,2,2,2,2,2,2,2,2,2,2,3,2,3,3,3,3,3,1,0,1,0,0,0,0,0,1,0,0,0,0,0,2,i,i,i,i,i,i,i,i,i,i,i,i,i,i,i,i,i,i,i,i,i,i,i,i,i,i,i,i,i,i,i,i,i,i,i,i,i,1,0,0,0,0,0,0,1,1,0,0,0,0,0,0,1,1,0,0,0,1,0,0,0,0,1,1,20,1,0,5,3,2,2,19,i,0,0,0,0,1,0,0,i,i,i,i,i,i,i,i,i,i,i,i,i,i,i,i,i,i,i,i,i,i,i,i,i,i,i,i,i,i,0,0,0,1,0,0,8,3,2,2,1,1,0,0,2,1,2,1,1,1,1,1,1,0,0,0,0,1,i,1,3,1,1,2,1,i,i,2,i,1,2,i,1,a,a,i,a,10,12,13,15,13,45,30,1,1,1,1,i,i,1,i,i,i,i,i,i,i,i,i,i,i,i,i,42,9,1
6291,doi:10.4232/1.12497,1.0.0 (2016-04-22),1,1,514,14000514,14595,14,3,TN,1.001193,1.377675,0.0,1.189387,1.499454,0.0,0.0,2,2,2,2,2,2,2,3,3,3,3,2,3,3,2,3,8,0,0,0,0,0,1,1,0,0,0,0,0,0,0,0,0,0,0,a,a,0,0,0,0,0,0,0,0,1,1,1,0,0,0,0,0,0,0,0,0,0,i,i,0,0,0,2,1,1,1,3,3,2,2,2,3,2,1,2,1,1,0,0,0,0,0,0,1,0,0,i,0,0,0,0,2,3,2,3,3,1,1,1,2,1,1,1,2,1,1,2,1,1,1,2,i,1,1,2,2,0,1,0,0,0,0,0,1,i,i,i,0,0,1,0,0,0,0,0,1,1,0,0,0,0,i,0,0,0,2,2,2,3,3,2,3,3,0,1,0,0,0,0,0,0,0,0,0,1,0,0,0,0,1,1,0,0,0,0,0,0,0,0,0,0,0,0,0,0,2,2,2,2,2,2,2,1,2,2,2,2,2,3,3,2,2,2,2,2,2,2,2,2,4,4,1,1,0,0,1,0,0,0,0,0,0,0,0,0,2,i,i,i,i,i,i,i,i,i,i,i,i,i,i,i,i,i,i,i,i,i,i,i,i,i,i,i,i,i,i,i,i,i,i,i,i,i,1,1,0,0,0,0,0,1,0,0,0,0,0,0,0,1,2,1,1,0,1,0,0,0,0,2,1,15,1,0,5,3,2,2,19,i,0,0,0,0,1,0,0,i,i,i,i,i,i,i,i,i,i,i,i,i,i,i,i,i,i,i,i,i,i,i,i,i,i,i,i,i,i,0,0,0,1,0,0,7,3,1,1,0,0,0,0,2,1,2,1,1,1,1,1,1,0,0,0,0,1,i,1,3,1,1,2,1,i,i,2,i,1,3,i,1,a,a,i,a,10,12,14,10,14,45,35,1,1,1,1,i,i,1,i,i,i,i,i,i,i,i,i,i,i,i,i,42,9,1
6291,doi:10.4232/1.12497,1.0.0 (2016-04-22),1,1,515,14000515,14596,14,3,TN,0.997774,1.377675,0.0,1.189387,1.499454,0.0,0.0,2,2,2,2,2,2,2,3,3,2,2,2,3,3,2,3,7,0,0,0,0,0,0,0,0,0,0,0,0,0,0,0,0,0,0,a,a,0,0,1,0,0,0,0,0,0,1,0,0,0,0,0,0,0,0,0,0,0,i,i,0,0,0,2,2,1,1,2,2,2,2,2,4,2,1,2,1,0,0,0,0,0,0,0,1,0,0,i,0,0,0,0,2,4,2,3,3,1,2,1,1,1,1,1,2,2,1,1,2,1,1,1,i,1,1,2,2,1,1,0,0,0,0,0,0,i,i,i,0,0,0,0,0,0,0,0,1,1,1,0,0,0,i,0,0,0,2,3,2,3,3,3,3,3,0,1,0,1,1,0,1,0,0,0,0,0,0,0,0,0,0,0,1,0,0,1,0,0,0,0,0,0,0,0,0,0,3,3,3,3,2,2,2,1,2,2,2,2,2,2,2,3,3,3,3,3,3,3,2,2,2,3,1,1,0,0,0,1,0,0,0,0,0,0,0,0,2,i,i,i,i,i,i,i,i,i,i,i,i,i,i,i,i,i,i,i,i,i,i,i,i,i,i,i,i,i,i,i,i,i,i,i,i,i,1,1,0,0,0,0,0,1,0,0,0,0,0,0,0,1,1,0,1,0,0,0,0,0,0,1,1,19,1,98,8,3,2,2,19,i,0,0,0,0,1,0,0,i,i,i,i,i,i,i,i,i,i,i,i,i,i,i,i,i,i,i,i,i,i,i,i,i,i,i,i,i,i,0,0,0,1,0,0,8,3,3,3,0,0,0,0,2,1,2,1,1,1,1,1,1,0,0,0,0,1,i,1,3,1,1,2,1,i,i,2,i,1,2,i,1,a,a,i,a,10,12,10,30,11,5,35,1,1,1,1,i,i,1,i,i,i,i,i,i,i,i,i,i,i,i,i,42,9,1
6291,doi:10.4232/1.12497,1.0.0 (2016-04-22),1,1,516,14000516,14597,14,3,TN,0.938221,1.377675,0.0,1.189387,1.499454,0.0,0.0,4,1,1,1,1,2,1,3,3,3,3,2,3,3,2,3,7,0,0,0,0,0,1,0,1,0,0,0,1,0,0,0,0,0,0,a,a,0,0,0,0,0,0,0,0,1,1,1,0,0,0,1,0,0,0,0,0,0,i,i,0,0,0,2,2,3,2,2,2,2,2,2,2,2,2,i,0,0,0,0,0,0,0,0,0,0,0,i,0,1,0,0,3,3,2,3,3,1,2,2,2,2,2,1,2,2,2,2,1,2,1,2,i,2,2,3,3,0,0,0,1,1,0,0,0,i,i,i,0,0,0,0,0,0,0,0,1,1,0,0,0,0,i,0,0,0,3,3,2,2,2,2,2,2,0,1,0,1,0,0,1,0,0,0,0,0,0,0,0,0,0,1,0,0,0,0,0,0,0,0,0,1,0,0,0,0,2,2,2,2,2,2,2,1,2,2,2,2,2,3,3,2,2,2,2,2,2,2,2,2,2,3,0,1,1,0,1,0,0,0,0,0,0,0,0,0,1,48,i,i,i,i,1,1,1,2,0,0,0,0,0,1,0,0,0,0,0,0,0,0,1,0,0,0,0,0,0,1,0,0,0,0,0,2,0,1,0,0,0,0,0,1,0,0,0,0,0,0,0,1,2,0,0,0,1,0,0,0,0,2,2,24,1,0,5,3,2,2,19,i,0,0,0,1,0,0,1,0,0,0,0,0,0,0,0,1,0,0,0,0,0,0,0,0,0,0,0,0,0,0,0,0,0,0,0,0,0,0,0,0,1,0,0,8,3,3,3,0,0,0,0,1,1,3,1,1,1,1,1,0,0,0,0,0,1,i,6,3,1,2,2,2,i,i,2,i,1,i,i,i,a,a,i,a,10,12,15,40,16,10,30,1,2,1,1,i,i,1,i,i,i,i,i,i,i,i,i,i,i,i,i,42,9,1
6291,doi:10.4232/1.12497,1.0.0 (2016-04-22),1,1,517,14000517,14598,14,3,TN,1.036446,1.377675,0.0,1.189387,1.499454,0.0,0.0,3,1,2,2,2,2,2,4,3,3,3,3,2,2,3,2,7,1,1,0,0,0,1,0,1,0,0,0,1,0,0,0,0,0,0,a,a,0,0,0,1,1,0,0,0,1,1,1,0,0,0,1,0,0,0,0,0,0,i,i,0,0,0,2,2,1,2,1,1,2,2,2,1,1,1,2,1,0,0,0,0,0,0,0,0,1,0,i,0,0,0,0,2,3,2,5,3,1,2,2,2,1,2,1,1,2,2,2,2,2,2,2,i,1,1,2,2,0,1,1,0,0,0,0,0,i,i,i,0,0,0,0,0,0,0,0,1,1,0,0,0,0,i,0,0,0,3,3,2,2,5,4,4,4,0,1,0,0,0,0,0,0,0,0,0,1,0,0,0,0,0,1,0,0,0,0,0,0,0,0,0,1,0,0,0,0,4,4,4,4,1,1,2,2,2,2,2,2,2,3,4,1,2,1,2,3,2,3,2,4,4,4,0,1,0,0,1,0,0,0,0,1,0,0,0,0,1,48,i,i,i,i,1,1,1,2,0,1,0,0,0,0,0,0,0,0,0,0,0,1,1,0,0,0,0,0,0,0,0,0,0,0,0,1,0,1,0,0,0,0,0,1,0,0,0,0,0,0,0,1,1,0,1,0,1,0,0,0,0,2,1,32,2,18,2,3,8,5,i,i,1,0,0,0,0,0,1,0,0,0,0,0,0,0,0,0,0,0,0,0,1,0,0,0,0,0,0,0,0,0,0,0,0,0,1,0,0,1,0,0,0,0,1,6,1,7,4,0,0,0,0,2,1,2,1,1,0,1,0,1,1,0,0,0,1,6,6,1,1,2,2,2,i,i,2,i,1,i,i,i,a,a,i,a,10,12,12,10,12,50,40,1,3,1,1,i,i,1,i,i,i,i,i,i,i,i,i,i,i,i,i,33,5,1
6291,doi:10.4232/1.12497,1.0.0 (2016-04-22),1,1,518,14000518,14599,14,3,TN,0.935083,1.377675,0.0,1.189387,1.499454,0.0,0.0,2,2,2,2,2,3,3,4,3,2,2,2,3,3,2,3,3,0,0,0,1,0,0,0,0,0,0,0,0,0,0,0,0,0,0,a,a,0,0,0,0,0,1,1,0,0,0,0,0,0,0,0,0,0,0,0,0,0,i,i,0,0,0,2,2,2,2,1,4,2,2,2,3,6,2,i,0,0,1,0,0,0,0,0,0,0,0,i,0,0,0,0,2,3,3,3,2,1,2,2,2,1,1,1,1,2,2,2,1,2,1,1,i,1,1,1,2,1,0,0,0,0,0,0,0,i,i,i,0,0,0,0,0,0,0,1,0,0,0,0,0,0,i,0,0,0,3,2,4,4,4,4,3,3,0,0,0,1,0,0,0,0,0,0,1,0,0,0,0,0,1,1,0,0,0,0,0,0,0,0,0,0,0,0,0,0,3,2,4,1,1,1,2,1,2,2,1,1,2,3,3,1,1,2,2,1,2,3,1,1,4,4,0,0,0,0,0,1,1,1,0,0,0,0,0,0,2,i,i,i,i,i,i,i,i,i,i,i,i,i,i,i,i,i,i,i,i,i,i,i,i,i,i,i,i,i,i,i,i,i,i,i,i,i,0,0,0,0,0,0,0,0,0,0,1,1,0,0,0,3,1,0,0,1,1,0,0,0,0,2,1,17,1,0,5,3,2,2,19,i,0,0,0,0,1,0,0,i,i,i,i,i,i,i,i,i,i,i,i,i,i,i,i,i,i,i,i,i,i,i,i,i,i,i,i,i,i,0,0,0,1,0,0,6,3,4,4,1,1,1,1,2,1,2,1,1,1,1,0,0,1,0,0,0,1,i,2,3,1,2,2,2,i,i,2,i,1,i,i,i,a,a,i,a,10,12,12,0,12,30,30,1,3,2,1,i,i,1,i,i,i,i,i,i,i,i,i,i,i,i,i,32,4,1
6291,doi:10.4232/1.12497,1.0.0 (2016-04-22),1,1,519,14000519,14600,14,3,TN,0.997774,1.377675,0.0,1.189387,1.499454,0.0,0.0,3,3,3,3,4,3,3,3,2,5,3,2,3,3,4,3,7,1,0,1,1,0,0,0,1,0,1,1,0,0,0,0,0,0,0,a,a,0,0,0,1,0,1,1,0,0,1,1,0,1,1,0,0,0,0,0,0,0,i,i,0,0,0,2,3,1,1,1,2,2,2,2,3,2,2,i,1,1,0,0,0,0,0,0,1,1,0,i,0,0,0,0,3,3,3,2,3,1,2,2,1,2,1,1,2,2,1,2,1,3,1,1,i,2,2,3,3,0,0,1,1,0,0,0,0,i,i,i,0,0,0,0,0,0,0,0,1,1,0,0,1,0,i,0,0,0,4,2,2,3,2,3,2,2,1,1,0,0,0,0,1,0,1,0,1,0,0,0,0,0,0,1,0,1,0,0,0,0,0,0,0,0,0,0,0,0,2,2,2,2,1,1,1,1,2,2,2,2,2,3,3,2,3,4,3,2,3,3,3,3,4,4,0,1,0,1,0,0,0,1,0,0,0,0,0,0,2,i,i,i,i,i,i,i,i,i,i,i,i,i,i,i,i,i,i,i,i,i,i,i,i,i,i,i,i,i,i,i,i,i,i,i,i,i,0,1,0,0,0,0,0,0,0,0,1,0,0,0,0,1,2,0,1,0,1,0,0,0,0,2,1,18,1,0,5,3,2,2,19,i,1,0,0,0,0,0,1,0,0,0,0,0,0,0,0,1,0,0,0,0,0,0,0,0,0,0,0,0,0,0,0,0,0,0,0,0,0,1,1,0,0,0,1,8,2,6,4,1,1,2,2,1,1,3,1,1,1,1,1,1,0,0,0,0,1,i,1,3,1,2,2,2,i,i,2,i,1,i,i,i,a,a,i,a,10,12,10,45,11,20,40,2,2,1,1,i,i,1,i,i,i,i,i,i,i,i,i,i,i,i,i,44,7,1
6291,doi:10.4232/1.12497,1.0.0 (2016-04-22),1,1,520,14000520,14601,14,3,TN,1.098675,1.377675,0.0,1.189387,1.499454,0.0,0.0,2,3,3,3,4,4,4,4,4,4,2,3,3,3,3,3,7,0,0,0,0,0,0,0,0,0,0,1,1,0,0,0,0,0,0,a,a,0,0,0,0,0,0,0,0,0,1,0,0,0,1,1,0,0,0,0,0,0,i,i,0,0,0,2,3,2,2,2,3,2,2,2,2,5,2,i,0,0,0,0,0,0,0,0,0,0,0,i,0,1,0,0,4,4,4,2,4,1,1,1,1,1,1,1,1,1,1,1,1,1,1,1,i,1,1,3,3,1,1,1,0,0,0,0,0,i,i,i,0,0,0,0,0,0,0,1,0,0,0,0,0,0,i,0,0,0,2,2,2,2,2,2,2,2,0,0,0,0,0,0,0,0,0,0,0,0,0,0,1,0,0,0,0,0,0,0,0,0,0,0,1,0,0,0,0,0,2,2,2,2,1,1,1,2,2,2,2,2,2,3,3,4,4,4,4,3,4,2,4,4,4,4,1,0,1,0,0,0,0,0,1,0,0,0,0,0,2,i,i,i,i,i,i,i,i,i,i,i,i,i,i,i,i,i,i,i,i,i,i,i,i,i,i,i,i,i,i,i,i,i,i,i,i,i,0,1,0,0,0,0,1,0,0,0,0,0,0,0,0,1,2,1,1,0,0,0,0,0,0,2,2,16,1,0,5,3,2,2,19,i,0,0,0,0,1,0,0,i,i,i,i,i,i,i,i,i,i,i,i,i,i,i,i,i,i,i,i,i,i,i,i,i,i,i,i,i,i,1,0,0,0,0,1,6,2,4,4,1,1,0,0,1,1,3,1,1,0,1,0,0,1,0,0,0,7,i,1,2,1,2,2,2,i,i,2,i,1,i,i,i,a,a,i,a,10,12,12,5,12,30,25,1,1,1,1,i,i,1,i,i,i,i,i,i,i,i,i,i,i,i,i,41,2,1
6291,doi:10.4232/1.12497,1.0.0 (2016-04-22),1,1,521,14000521,14602,14,3,TN,0.896175,1.377675,0.0,1.189387,1.499454,0.0,0.0,1,2,2,2,2,2,2,4,2,5,2,3,3,3,3,1,3,0,0,0,0,0,1,0,0,0,1,0,0,0,0,0,0,0,0,a,a,0,0,0,0,0,1,0,0,1,0,0,0,1,0,0,0,0,0,0,0,0,i,i,0,0,0,2,2,2,2,2,2,2,1,2,2,4,2,i,0,0,0,0,0,0,0,0,0,0,0,i,0,0,1,0,2,2,3,2,4,1,2,2,2,2,2,2,2,2,2,1,2,1,2,2,i,2,2,3,2,0,0,1,0,0,0,0,0,i,i,i,0,0,0,0,0,0,0,1,0,0,0,0,0,0,i,0,0,0,2,4,2,4,4,4,4,4,0,0,0,0,0,0,0,0,0,0,0,0,0,0,1,0,0,0,0,0,1,0,0,0,0,0,0,1,0,0,0,0,2,2,2,5,1,2,2,2,2,2,2,2,2,3,3,3,3,3,3,3,2,2,3,3,3,4,1,1,0,0,1,0,0,0,0,0,0,0,0,0,2,i,i,i,i,i,i,i,i,i,i,i,i,i,i,i,i,i,i,i,i,i,i,i,i,i,i,i,i,i,i,i,i,i,i,i,i,i,0,1,0,0,0,0,0,1,0,0,0,1,0,0,0,1,2,0,1,0,1,0,0,0,0,2,2,59,4,99,9,1,4,4,13,3,0,0,0,0,1,0,0,i,i,i,i,i,i,i,i,i,i,i,i,i,i,i,i,i,i,i,i,i,i,i,i,i,i,i,i,i,i,0,1,0,0,0,1,6,3,1,1,0,0,0,0,1,1,3,1,1,0,1,1,1,1,0,0,0,6,i,6,3,2,2,2,2,i,i,2,i,i,i,i,i,a,a,i,a,10,12,14,0,14,40,40,1,1,1,1,i,i,1,i,i,i,i,i,i,i,i,i,i,i,i,i,41,2,1
6291,doi:10.4232/1.12497,1.0.0 (2016-04-22),1,1,522,14000522,14603,14,3,TN,1.098675,1.377675,0.0,1.189387,1.499454,0.0,0.0,2,3,3,2,3,3,3,4,4,4,3,2,1,1,1,1,6,0,0,1,1,0,0,1,0,0,0,0,1,1,0,0,0,0,0,a,a,0,0,0,0,0,1,1,0,1,1,0,0,0,0,1,1,0,0,0,0,0,i,i,0,0,0,2,2,1,1,1,4,1,3,2,1,2,3,i,0,0,1,1,0,0,0,0,0,1,0,i,0,0,0,0,2,1,1,2,5,1,2,1,1,1,1,1,1,1,1,1,1,1,1,1,i,2,1,2,2,0,1,1,0,0,0,0,0,i,i,i,0,0,0,0,0,0,0,1,1,1,0,0,0,0,i,0,0,0,4,4,2,2,2,3,3,3,0,0,1,0,1,0,0,1,0,0,1,1,0,0,0,0,1,0,0,0,0,0,1,0,0,0,0,0,0,0,0,0,4,3,2,1,1,1,3,2,2,2,2,2,2,4,4,3,3,3,3,2,2,2,3,2,3,4,0,1,0,1,0,0,0,1,0,0,0,0,0,0,2,i,i,i,i,i,i,i,i,i,i,i,i,i,i,i,i,i,i,i,i,i,i,i,i,i,i,i,i,i,i,i,i,i,i,i,i,i,1,1,0,0,0,0,0,0,1,0,0,0,0,0,0,1,1,0,1,0,1,0,1,0,0,1,2,20,1,0,5,3,2,2,19,i,0,0,0,0,1,0,0,i,i,i,i,i,i,i,i,i,i,i,i,i,i,i,i,i,i,i,i,i,i,i,i,i,i,i,i,i,i,1,0,0,0,0,1,10,3,4,4,0,0,0,0,2,1,2,1,1,0,1,1,0,0,0,0,0,2,i,4,3,1,2,2,2,i,i,2,i,2,i,i,i,a,a,i,a,10,12,15,31,16,15,44,1,2,1,1,i,i,1,i,i,i,i,i,i,i,i,i,i,i,i,i,40,3,1
6291,doi:10.4232/1.12497,1.0.0 (2016-04-22),1,1,523,14000523,14604,14,3,TN,0.990676,1.377675,0.0,1.189387,1.499454,0.0,0.0,2,1,1,1,1,1,1,3,3,2,2,3,1,1,3,1,10,0,1,1,0,0,0,0,0,0,0,0,0,0,0,0,0,0,0,a,a,0,0,0,0,1,1,0,0,0,0,0,0,1,0,0,0,0,0,0,0,0,i,i,0,0,0,3,3,3,3,2,3,2,2,2,3,4,2,i,0,0,0,0,0,0,0,0,0,0,0,i,0,1,0,0,3,4,4,2,4,1,2,2,2,2,1,2,2,2,2,2,2,1,2,2,i,2,2,2,3,1,0,0,0,0,0,0,0,i,i,i,1,0,0,0,0,0,0,1,0,0,0,0,0,0,i,0,0,0,2,4,2,2,4,4,4,4,0,0,0,0,0,0,0,0,0,0,0,0,0,0,1,0,0,0,0,0,1,0,0,0,0,0,0,1,0,0,0,0,2,2,2,2,2,2,2,2,2,2,2,2,2,3,3,2,2,3,3,3,2,2,3,4,4,4,1,0,0,0,1,0,0,0,0,1,0,0,0,0,2,i,i,i,i,i,i,i,i,i,i,i,i,i,i,i,i,i,i,i,i,i,i,i,i,i,i,i,i,i,i,i,i,i,i,i,i,i,1,1,0,0,0,0,0,0,0,0,0,0,0,0,0,1,2,1,1,0,1,0,0,0,0,2,1,47,3,98,8,1,13,7,i,i,0,0,0,0,1,0,0,i,i,i,i,i,i,i,i,i,i,i,i,i,i,i,i,i,i,i,i,i,i,i,i,i,i,i,i,i,i,1,1,0,0,0,1,6,2,1,1,1,1,1,1,1,1,3,1,1,1,1,0,0,0,1,0,0,7,6,6,3,2,2,2,2,i,i,2,i,i,i,i,i,a,a,i,a,10,12,15,50,16,30,40,1,2,1,1,i,i,1,i,i,i,i,i,i,i,i,i,i,i,i,i,41,2,1
6291,doi:10.4232/1.12497,1.0.0 (2016-04-22),1,1,524,14000524,14605,14,3,TN,0.896175,1.377675,0.0,1.189387,1.499454,0.0,0.0,3,2,2,2,2,3,3,3,3,3,3,3,3,3,1,3,6,1,0,0,0,0,0,0,0,0,0,0,1,0,0,0,0,0,0,a,a,0,0,0,1,0,0,0,0,1,0,0,0,0,0,1,0,0,0,0,0,0,i,i,0,0,0,3,2,3,3,1,1,2,2,2,2,3,2,i,0,0,0,1,0,0,0,0,0,0,0,i,0,0,0,0,2,2,2,2,3,1,2,1,2,1,2,2,2,2,2,1,2,1,2,2,i,2,2,2,3,1,1,0,1,0,0,0,0,i,i,i,0,0,0,0,0,0,0,1,0,0,0,0,0,0,i,0,0,0,3,4,4,4,4,4,4,4,0,0,0,0,1,0,0,0,0,0,1,1,1,0,0,0,0,0,0,0,0,0,0,0,0,0,0,1,0,0,0,0,3,3,3,3,1,2,1,1,2,2,2,2,2,3,3,1,3,3,3,4,4,2,3,3,3,4,0,0,1,1,0,0,0,0,0,0,1,0,0,0,2,i,i,i,i,i,i,i,i,i,i,i,i,i,i,i,i,i,i,i,i,i,i,i,i,i,i,i,i,i,i,i,i,i,i,i,i,i,0,1,0,0,0,0,0,0,0,0,0,1,0,0,0,3,2,0,1,0,1,0,0,0,0,2,2,60,4,18,2,1,1,1,19,i,0,0,0,0,1,0,0,i,i,i,i,i,i,i,i,i,i,i,i,i,i,i,i,i,i,i,i,i,i,i,i,i,i,i,i,i,i,1,0,0,0,0,1,5,1,2,2,0,0,0,0,1,2,1,1,0,0,1,1,0,1,0,0,0,6,i,6,2,2,2,2,2,i,i,2,i,i,i,i,i,a,a,i,a,10,12,11,20,12,0,40,1,1,1,1,i,i,1,i,i,i,i,i,i,i,i,i,i,i,i,i,41,2,1
6291,doi:10.4232/1.12497,1.0.0 (2016-04-22),1,1,525,14000525,14606,14,3,TN,1.036446,1.377675,0.0,1.189387,1.499454,0.0,0.0,2,2,1,1,1,1,1,4,3,2,2,2,1,1,3,1,6,1,0,1,1,0,0,1,1,0,0,0,0,0,0,0,0,0,0,a,a,0,0,0,1,0,1,1,0,1,1,1,0,0,0,0,0,0,0,0,0,0,i,i,0,0,0,2,2,1,4,1,2,2,3,1,2,2,3,i,0,0,1,1,0,1,0,0,0,0,0,i,0,0,0,0,2,2,2,3,3,1,2,1,1,1,1,1,2,2,1,1,1,1,1,1,i,1,1,2,2,0,1,1,0,0,0,0,0,i,i,i,0,0,0,0,0,0,0,1,1,1,0,0,0,0,i,0,0,0,4,3,2,2,2,2,2,2,0,0,1,0,1,0,0,0,0,0,1,1,1,0,0,0,0,0,0,0,0,0,1,0,1,0,0,0,0,0,0,0,3,2,2,1,1,1,3,1,2,2,2,1,2,4,3,3,3,2,3,1,2,2,3,2,3,4,0,0,0,0,0,0,0,1,0,1,1,0,0,0,2,i,i,i,i,i,i,i,i,i,i,i,i,i,i,i,i,i,i,i,i,i,i,i,i,i,i,i,i,i,i,i,i,i,i,i,i,i,1,0,0,0,0,0,0,0,1,1,0,0,0,0,0,3,1,1,1,0,1,0,0,0,0,1,1,30,2,18,2,3,3,3,8,1,0,0,0,0,1,0,0,i,i,i,i,i,i,i,i,i,i,i,i,i,i,i,i,i,i,i,i,i,i,i,i,i,i,i,i,i,i,1,0,0,0,0,1,5,3,4,4,0,0,0,0,1,1,3,1,1,1,1,1,1,1,0,0,0,1,i,5,3,1,1,2,1,i,i,2,i,1,1,i,1,a,a,i,a,10,12,14,30,15,12,42,1,1,1,1,i,i,1,i,i,i,i,i,i,i,i,i,i,i,i,i,40,3,1
6291,doi:10.4232/1.12497,1.0.0 (2016-04-22),1,1,526,14000526,14607,14,3,TN,1.036446,1.377675,0.0,1.189387,1.499454,0.0,0.0,2,2,1,1,1,1,1,4,3,2,2,2,1,1,3,1,7,1,0,1,1,0,1,0,0,0,0,0,1,1,0,1,0,1,0,a,a,0,0,0,1,0,1,1,0,1,1,0,0,0,0,1,1,0,1,0,1,0,i,i,0,0,0,2,2,1,1,1,2,2,3,1,2,2,1,2,0,0,1,1,0,1,0,0,0,0,0,i,0,0,0,0,3,2,1,3,3,1,2,1,2,1,1,1,2,2,1,1,1,1,1,1,i,1,1,2,2,0,1,1,1,0,0,0,0,i,i,i,0,0,0,0,0,0,0,1,1,0,1,0,0,0,i,0,0,0,4,3,2,2,2,2,2,2,0,0,1,0,1,0,0,0,0,0,1,1,0,0,0,0,0,0,0,0,0,0,1,0,0,0,0,0,1,0,0,0,3,2,2,1,1,1,3,1,2,2,2,1,2,4,3,3,3,2,3,1,2,2,3,2,3,4,0,0,0,0,0,0,0,1,0,1,1,0,0,0,2,i,i,i,i,i,i,i,i,i,i,i,i,i,i,i,i,i,i,i,i,i,i,i,i,i,i,i,i,i,i,i,i,i,i,i,i,i,1,0,0,0,0,0,0,0,1,1,0,0,0,0,0,1,1,1,1,0,1,0,0,0,0,1,1,27,2,20,3,3,8,5,i,i,0,0,0,0,1,0,0,i,i,i,i,i,i,i,i,i,i,i,i,i,i,i,i,i,i,i,i,i,i,i,i,i,i,i,i,i,i,0,0,0,0,1,0,8,3,4,4,0,0,0,0,2,1,2,1,0,0,1,1,0,1,0,0,0,2,7,5,3,1,2,2,2,i,i,2,i,2,i,i,i,a,a,i,a,10,12,11,6,11,47,41,1,1,1,1,i,i,1,i,i,i,i,i,i,i,i,i,i,i,i,i,40,3,1
6291,doi:10.4232/1.12497,1.0.0 (2016-04-22),1,1,527,14000527,14608,14,3,TN,1.039997,1.377675,0.0,1.189387,1.499454,0.0,0.0,4,2,2,2,2,2,2,3,3,2,2,3,1,1,1,1,7,1,1,0,1,0,0,0,0,0,1,0,0,0,0,0,0,0,0,a,a,0,0,0,1,1,0,1,0,0,1,0,0,1,0,0,0,0,0,0,0,0,i,i,0,0,0,2,2,1,1,2,2,2,2,2,2,1,3,i,0,1,0,1,0,1,0,0,1,1,0,i,0,0,0,0,2,2,2,2,2,1,2,2,2,1,1,2,2,2,2,1,2,1,2,2,i,1,1,2,5,0,1,0,0,0,0,0,0,i,i,i,0,0,0,0,0,0,0,0,1,1,0,0,0,0,i,0,0,0,3,3,3,3,3,4,3,3,0,1,0,0,0,0,1,0,0,0,0,1,0,0,0,0,0,1,0,0,0,0,0,0,0,0,1,0,0,0,0,0,3,3,2,3,1,1,3,1,2,2,2,2,2,4,4,2,2,3,2,2,2,2,3,3,4,4,0,1,0,0,1,0,0,0,1,0,0,0,0,0,2,i,i,i,i,i,i,i,i,i,i,i,i,i,i,i,i,i,i,i,i,i,i,i,i,i,i,i,i,i,i,i,i,i,i,i,i,i,0,1,0,0,0,0,0,1,0,0,0,0,0,0,0,1,1,0,1,0,1,0,0,0,0,1,1,32,2,14,1,3,3,3,7,1,0,0,0,0,1,0,0,i,i,i,i,i,i,i,i,i,i,i,i,i,i,i,i,i,i,i,i,i,i,i,i,i,i,i,i,i,i,0,0,0,1,0,0,3,1,7,4,0,0,0,0,2,1,2,1,1,1,1,1,0,1,0,0,0,1,i,6,1,1,1,2,1,i,i,2,i,2,5,i,5,a,a,i,a,10,12,15,50,16,20,30,2,3,1,1,i,i,1,i,i,i,i,i,i,i,i,i,i,i,i,i,33,5,1
6291,doi:10.4232/1.12497,1.0.0 (2016-04-22),1,1,528,14000528,14609,14,3,TN,0.997774,1.377675,0.0,1.189387,1.499454,0.0,0.0,2,3,3,3,4,3,3,4,2,4,5,2,3,1,3,4,8,0,0,0,0,1,1,1,0,0,0,0,1,1,0,0,0,0,0,a,a,0,0,0,0,0,0,0,1,1,1,1,0,0,0,1,1,0,0,0,0,0,i,i,0,0,0,2,3,1,1,2,2,2,2,2,2,2,1,2,0,1,1,0,1,0,1,0,1,1,0,i,0,0,0,0,2,2,2,2,2,1,3,3,1,2,2,1,2,1,2,1,2,2,2,1,i,1,1,2,2,0,1,1,0,0,0,0,0,i,i,i,1,0,0,0,0,0,0,0,1,1,0,0,0,1,i,0,0,0,2,2,1,1,2,1,4,4,1,1,0,1,0,0,0,0,0,0,1,1,0,0,0,0,0,1,0,1,0,0,0,0,0,0,0,0,0,0,0,0,3,3,3,3,1,1,2,1,2,2,2,2,2,4,4,4,2,3,3,2,2,2,2,3,3,3,0,1,0,0,0,0,1,0,0,0,0,0,0,0,2,i,i,i,i,i,i,i,i,i,i,i,i,i,i,i,i,i,i,i,i,i,i,i,i,i,i,i,i,i,i,i,i,i,i,i,i,i,1,0,0,1,0,0,0,1,0,0,0,0,0,0,0,1,2,0,1,1,0,0,0,0,0,1,1,18,1,0,5,3,2,2,19,i,0,0,0,0,1,0,0,i,i,i,i,i,i,i,i,i,i,i,i,i,i,i,i,i,i,i,i,i,i,i,i,i,i,i,i,i,i,1,1,0,0,0,1,8,3,3,3,1,1,0,0,1,1,3,1,0,1,1,1,1,0,0,0,0,1,i,1,3,1,2,2,2,i,i,2,i,1,i,i,i,a,a,i,a,10,12,12,0,12,40,40,1,2,1,1,i,i,1,i,i,i,i,i,i,i,i,i,i,i,i,i,44,7,1
6291,doi:10.4232/1.12497,1.0.0 (2016-04-22),1,1,529,14000529,14610,14,3,TN,1.098675,1.377675,0.0,1.189387,1.499454,0.0,0.0,2,3,3,3,4,4,4,4,2,1,2,3,1,1,3,1,4,0,0,0,0,0,0,1,0,0,0,0,0,0,0,0,0,0,0,a,a,0,0,0,0,0,0,1,0,0,1,0,0,0,0,0,0,0,0,0,0,0,i,i,0,0,0,2,1,1,2,2,4,2,2,2,2,3,1,2,0,0,1,0,0,0,0,0,0,1,0,i,0,0,0,0,1,3,1,2,1,1,2,1,1,2,3,3,2,2,1,1,1,1,1,2,i,1,1,1,1,1,0,0,0,0,0,0,0,i,i,i,1,0,0,0,0,0,0,1,0,0,0,0,0,0,i,0,0,0,3,3,2,2,2,4,4,4,0,0,1,0,0,0,1,0,0,0,1,1,0,0,0,0,0,1,0,0,0,0,0,0,0,0,0,0,1,0,0,0,2,2,3,2,2,2,2,2,2,2,2,2,2,3,2,1,2,1,3,3,2,2,2,2,2,3,0,1,0,0,0,0,0,1,0,0,1,0,0,0,2,i,i,i,i,i,i,i,i,i,i,i,i,i,i,i,i,i,i,i,i,i,i,i,i,i,i,i,i,i,i,i,i,i,i,i,i,i,0,1,0,0,0,0,0,0,0,0,0,1,0,0,0,1,2,0,1,0,1,0,0,0,0,2,2,18,1,0,5,3,2,2,19,i,0,0,0,0,1,0,0,i,i,i,i,i,i,i,i,i,i,i,i,i,i,i,i,i,i,i,i,i,i,i,i,i,i,i,i,i,i,0,0,0,1,0,0,9,3,4,4,1,1,0,0,1,1,3,1,1,1,1,1,1,1,0,0,0,1,i,5,2,1,2,2,2,i,i,2,i,1,i,i,i,a,a,i,a,10,12,13,55,14,25,30,1,1,1,1,i,i,1,i,i,i,i,i,i,i,i,i,i,i,i,i,32,4,1
6291,doi:10.4232/1.12497,1.0.0 (2016-04-22),1,1,530,14000530,14611,14,3,TN,0.997774,1.377675,0.0,1.189387,1.499454,0.0,0.0,2,3,3,3,4,4,4,3,2,5,5,2,3,3,2,4,6,0,0,1,1,0,0,1,1,0,0,0,0,0,0,0,0,0,0,a,a,0,0,0,0,0,1,1,0,1,1,1,0,0,0,0,0,0,0,0,0,0,i,i,0,0,0,2,4,1,1,2,2,2,2,2,3,2,2,i,0,1,0,1,0,1,0,0,1,1,0,i,0,0,0,0,3,3,3,3,3,1,2,2,1,1,1,1,2,1,1,1,1,1,2,1,i,3,3,3,3,0,0,1,0,0,0,1,0,i,i,i,1,0,0,0,0,0,0,0,0,1,0,0,1,1,i,0,0,0,3,3,1,1,4,4,5,5,1,1,0,0,0,0,0,0,1,0,1,1,0,0,0,0,0,1,0,1,0,0,0,0,0,0,0,0,0,0,0,0,3,3,3,3,2,1,1,2,2,2,2,2,2,3,3,2,2,3,2,2,2,2,2,3,3,3,0,1,0,0,0,0,1,0,0,0,0,0,0,0,1,12,i,i,i,i,1,1,1,3,1,0,0,0,0,1,0,0,0,0,0,0,0,1,0,0,0,0,0,0,0,0,1,0,0,0,0,2,0,1,0,0,0,0,0,0,0,0,1,1,0,0,0,1,1,0,0,1,1,0,0,0,0,1,1,18,1,0,5,3,2,2,19,i,0,0,0,0,1,0,0,i,i,i,i,i,i,i,i,i,i,i,i,i,i,i,i,i,i,i,i,i,i,i,i,i,i,i,i,i,i,0,0,0,1,0,0,8,3,2,2,0,0,0,0,1,1,3,1,0,1,1,1,1,0,0,0,0,1,i,1,3,1,2,2,2,i,i,2,i,1,i,i,i,a,a,i,a,10,12,14,15,14,55,35,1,2,1,1,i,i,1,i,i,i,i,i,i,i,i,i,i,i,i,i,44,7,1
6291,doi:10.4232/1.12497,1.0.0 (2016-04-22),1,1,531,14000531,14612,14,3,TN,1.098675,1.377675,0.0,1.189387,1.499454,0.0,0.0,2,3,3,2,3,3,3,3,3,5,3,2,3,3,2,2,6,0,0,0,0,0,0,1,1,0,0,1,1,0,0,0,0,0,0,a,a,0,0,0,0,0,0,0,0,1,1,1,0,0,1,1,0,0,0,0,0,0,i,i,0,0,0,3,3,2,3,2,2,2,2,2,2,2,1,2,0,1,0,1,0,1,0,0,1,1,0,i,0,0,0,0,3,2,3,3,3,1,2,2,2,1,2,1,2,1,2,1,1,2,2,1,i,2,2,3,3,0,0,1,0,1,0,0,0,i,i,i,1,0,0,0,0,0,0,0,1,0,0,0,1,1,i,0,0,0,5,2,1,1,4,4,4,4,1,0,0,0,1,0,0,0,0,0,1,1,0,0,0,0,0,1,1,0,0,0,0,0,0,0,0,0,0,0,0,0,3,3,3,3,1,1,3,1,2,2,2,2,2,3,3,4,4,3,3,2,2,2,2,3,3,3,0,1,0,0,0,0,0,1,0,1,0,0,0,0,2,i,i,i,i,i,i,i,i,i,i,i,i,i,i,i,i,i,i,i,i,i,i,i,i,i,i,i,i,i,i,i,i,i,i,i,i,i,1,0,0,0,0,0,0,0,1,1,0,0,0,0,0,3,1,0,0,1,1,0,0,0,0,2,2,19,1,0,5,3,2,2,19,i,0,0,0,0,1,0,0,i,i,i,i,i,i,i,i,i,i,i,i,i,i,i,i,i,i,i,i,i,i,i,i,i,i,i,i,i,i,0,0,0,1,0,0,9,3,1,1,1,1,1,1,1,1,3,1,0,0,1,1,1,0,0,0,0,1,i,1,3,1,2,2,2,i,i,2,i,1,i,i,i,a,a,i,a,10,12,15,30,16,15,45,1,2,1,1,i,i,1,i,i,i,i,i,i,i,i,i,i,i,i,i,44,7,1
6291,doi:10.4232/1.12497,1.0.0 (2016-04-22),1,1,532,14000532,14613,14,3,TN,0.935083,1.377675,0.0,1.189387,1.499454,0.0,0.0,2,2,2,2,2,3,3,4,3,3,3,3,3,1,1,1,6,1,1,1,0,0,0,1,0,0,0,0,1,0,0,0,0,0,0,a,a,0,0,0,1,1,1,0,0,1,1,0,0,0,0,1,0,0,0,0,0,0,i,i,0,0,0,2,1,1,2,1,1,2,2,2,2,1,1,2,0,1,0,0,0,0,0,0,0,1,0,i,0,0,0,0,2,3,2,2,1,1,2,2,2,2,1,1,1,2,2,2,2,2,2,2,i,1,1,2,2,0,1,1,0,0,0,0,0,i,i,i,0,0,0,0,0,0,0,0,1,1,0,0,0,0,i,0,0,0,4,4,3,3,3,3,3,3,0,1,0,0,0,0,0,0,0,0,1,1,0,0,0,0,0,0,0,0,0,0,0,0,0,0,1,1,0,0,0,0,2,2,2,2,1,1,3,3,2,2,2,2,2,4,3,2,2,2,3,4,3,3,3,4,4,4,0,0,0,0,1,0,0,0,0,1,1,0,0,0,2,i,i,i,i,i,i,i,i,i,i,i,i,i,i,i,i,i,i,i,i,i,i,i,i,i,i,i,i,i,i,i,i,i,i,i,i,i,0,1,0,0,0,0,0,1,0,0,0,0,0,0,0,1,1,1,1,0,0,0,0,0,0,1,1,18,1,17,2,3,14,7,i,i,0,0,0,0,1,0,0,i,i,i,i,i,i,i,i,i,i,i,i,i,i,i,i,i,i,i,i,i,i,i,i,i,i,i,i,i,i,1,0,0,0,0,1,3,3,4,4,0,0,1,1,2,1,2,1,1,1,1,1,0,1,0,0,0,1,6,4,1,1,2,2,1,i,i,2,i,1,i,i,4,a,a,i,a,10,12,15,20,15,50,30,2,2,2,1,i,i,1,i,i,i,i,i,i,i,i,i,i,i,i,i,32,4,1
6291,doi:10.4232/1.12497,1.0.0 (2016-04-22),1,1,533,14000533,14614,14,3,TN,1.039997,1.377675,0.0,1.189387,1.499454,0.0,0.0,2,3,4,4,4,4,4,5,5,5,4,3,3,4,3,2,6,0,1,0,0,1,0,1,0,0,0,0,0,0,0,0,0,0,0,a,a,0,0,0,0,1,0,0,1,1,1,0,0,0,0,0,0,0,0,0,0,0,i,i,0,0,0,3,4,4,4,1,2,2,3,1,6,6,3,i,0,0,0,1,0,0,0,0,0,1,0,i,0,0,0,0,5,5,5,2,5,2,2,3,3,3,3,3,2,2,3,1,3,3,2,1,i,2,1,5,5,0,0,0,0,0,0,0,0,i,i,i,0,0,0,0,0,0,1,1,0,0,0,0,0,0,i,0,0,0,5,4,2,5,5,5,5,5,0,0,0,0,0,0,0,0,0,0,0,0,0,0,0,1,0,0,0,0,0,0,0,0,0,0,1,1,0,0,0,0,2,5,1,5,3,3,3,3,2,3,3,3,2,4,5,1,2,1,5,5,1,2,5,5,5,5,0,1,0,0,0,0,0,0,1,0,1,0,0,0,2,i,i,i,i,i,i,i,i,i,i,i,i,i,i,i,i,i,i,i,i,i,i,i,i,i,i,i,i,i,i,i,i,i,i,i,i,i,0,1,0,0,0,0,0,0,1,0,0,1,0,0,0,1,1,0,1,1,0,0,1,0,0,1,1,28,2,98,8,7,8,5,i,i,0,0,0,0,1,0,0,i,i,i,i,i,i,i,i,i,i,i,i,i,i,i,i,i,i,i,i,i,i,i,i,i,i,i,i,i,i,1,0,0,0,0,1,2,1,6,4,0,0,0,0,2,1,2,1,1,0,1,0,0,0,0,0,0,6,6,6,2,2,2,2,2,i,i,2,i,i,i,i,i,a,a,i,a,10,12,12,18,12,48,30,1,2,1,1,i,i,1,i,i,i,i,i,i,i,i,i,i,i,i,i,52,14,1
6291,doi:10.4232/1.12497,1.0.0 (2016-04-22),1,1,534,14000534,14615,14,3,TN,1.098675,1.377675,0.0,1.189387,1.499454,0.0,0.0,2,2,1,1,1,1,1,4,4,2,1,2,1,1,3,1,7,1,1,1,1,0,1,0,1,0,0,0,0,1,0,1,0,1,0,a,a,0,0,0,1,1,1,1,0,1,1,1,0,0,0,0,1,0,1,0,1,0,i,i,0,0,0,2,2,1,4,1,2,2,2,2,1,2,3,i,0,0,1,1,0,1,0,0,0,0,0,i,0,0,0,0,2,2,2,2,2,1,2,1,2,1,1,1,2,2,2,1,1,1,1,1,i,2,1,2,2,0,1,1,0,0,0,0,0,i,i,i,0,0,0,0,0,0,0,1,1,1,0,0,0,0,i,0,0,0,4,4,3,3,3,3,3,3,0,0,0,0,1,0,0,1,0,0,1,0,1,0,0,0,0,1,0,0,0,0,1,0,0,0,0,0,0,0,0,0,4,4,3,2,1,1,2,2,2,2,2,1,2,4,3,2,2,3,3,2,2,2,3,2,4,4,0,1,1,1,0,0,0,0,0,0,0,0,0,0,2,i,i,i,i,i,i,i,i,i,i,i,i,i,i,i,i,i,i,i,i,i,i,i,i,i,i,i,i,i,i,i,i,i,i,i,i,i,0,1,0,0,0,0,0,0,1,1,0,0,0,0,0,1,1,0,1,0,1,0,0,0,0,1,2,21,1,0,5,3,2,2,19,i,0,0,0,0,1,0,0,i,i,i,i,i,i,i,i,i,i,i,i,i,i,i,i,i,i,i,i,i,i,i,i,i,i,i,i,i,i,1,0,0,0,0,1,9,3,4,4,0,0,1,1,1,1,3,1,1,1,1,1,1,1,0,0,0,1,i,5,3,1,1,2,1,i,i,2,i,1,2,i,2,a,a,i,a,10,12,13,11,13,50,39,1,1,1,1,i,i,1,i,i,i,i,i,i,i,i,i,i,i,i,i,40,3,1
6291,doi:10.4232/1.12497,1.0.0 (2016-04-22),1,1,535,14000535,14616,14,3,TN,1.001193,1.377675,0.0,1.189387,1.499454,0.0,0.0,2,2,2,3,3,2,2,3,2,3,3,2,3,3,2,3,1,0,0,0,0,0,0,0,1,0,0,0,0,0,0,0,0,0,0,a,a,0,0,0,1,0,0,0,0,0,0,1,0,0,0,0,0,0,0,0,0,0,i,i,0,0,0,2,2,1,1,1,2,2,2,2,1,2,1,2,1,0,0,0,0,0,0,0,0,0,0,i,0,0,0,0,2,3,3,2,3,1,2,2,2,2,2,1,2,2,2,1,1,1,2,1,i,1,1,2,3,0,1,0,0,0,0,0,0,i,i,i,0,0,0,0,0,0,0,0,1,0,0,0,0,0,i,0,0,0,3,3,3,3,2,2,2,2,0,1,0,0,0,0,0,0,0,0,0,0,0,0,0,0,0,0,0,0,0,0,0,0,0,0,1,0,0,0,0,0,3,3,3,2,1,1,2,2,2,2,2,2,2,3,3,1,3,1,3,3,3,3,4,4,4,4,1,1,0,0,1,0,0,0,0,0,0,0,0,0,2,i,i,i,i,i,i,i,i,i,i,i,i,i,i,i,i,i,i,i,i,i,i,i,i,i,i,i,i,i,i,i,i,i,i,i,i,i,0,1,0,0,0,0,0,0,0,0,0,0,0,0,0,1,1,0,0,1,0,0,0,0,0,2,1,19,1,98,8,3,3,3,19,i,0,0,0,0,1,0,0,i,i,i,i,i,i,i,i,i,i,i,i,i,i,i,i,i,i,i,i,i,i,i,i,i,i,i,i,i,i,0,0,0,1,0,0,6,1,3,3,0,0,0,0,2,1,2,1,0,0,0,0,0,0,0,0,0,7,i,5,2,1,2,2,2,i,i,2,i,2,i,i,i,a,a,i,a,11,12,10,30,11,2,28,1,2,1,1,i,i,1,i,i,i,i,i,i,i,i,i,i,i,i,i,52,14,1
6291,doi:10.4232/1.12497,1.0.0 (2016-04-22),1,1,536,14000536,14617,14,3,TN,1.098675,1.377675,0.0,1.189387,1.499454,0.0,0.0,3,2,1,1,1,2,1,4,3,3,3,1,1,1,1,1,7,1,1,1,1,0,0,0,1,0,0,0,0,0,0,0,0,0,0,a,a,0,0,0,1,1,1,1,0,0,1,1,0,0,0,0,0,0,0,0,0,0,i,i,0,0,0,2,2,1,2,2,1,2,2,1,1,1,1,2,0,1,0,0,0,0,0,0,0,1,1,i,0,0,0,0,2,3,2,2,2,1,2,2,2,1,1,1,2,2,2,1,2,2,2,2,i,2,2,2,2,0,1,1,0,0,0,0,0,i,i,i,0,0,0,0,0,0,0,0,1,1,0,0,1,0,i,0,0,0,2,2,3,3,2,3,4,4,0,1,0,0,0,0,0,0,0,0,0,1,0,0,0,0,0,0,0,0,0,0,1,0,0,0,0,1,0,0,0,0,2,2,2,2,1,1,3,3,2,2,1,1,2,4,3,2,3,2,1,4,3,3,2,4,3,4,0,1,0,0,1,0,0,0,0,1,0,0,0,0,2,i,i,i,i,i,i,i,i,i,i,i,i,i,i,i,i,i,i,i,i,i,i,i,i,i,i,i,i,i,i,i,i,i,i,i,i,i,0,1,0,0,0,0,0,1,0,0,0,0,0,0,0,1,1,0,1,0,1,0,0,0,0,1,2,24,1,21,3,3,13,7,i,i,0,0,0,0,1,0,0,i,i,i,i,i,i,i,i,i,i,i,i,i,i,i,i,i,i,i,i,i,i,i,i,i,i,i,i,i,i,0,0,1,0,0,1,5,2,4,4,0,0,0,0,2,1,2,1,0,0,1,1,0,1,0,0,0,1,1,1,2,1,2,2,1,i,i,2,i,1,i,i,3,a,a,i,a,10,12,15,10,15,40,30,1,3,1,1,i,i,1,i,i,i,i,i,i,i,i,i,i,i,i,i,33,5,1
6291,doi:10.4232/1.12497,1.0.0 (2016-04-22),1,1,537,14000537,14618,14,3,TN,1.032099,1.377675,0.0,1.189387,1.499454,0.0,0.0,3,3,3,3,4,1,2,4,5,4,3,3,3,3,4,4,3,0,0,0,0,0,0,0,0,0,0,1,1,0,1,1,0,0,0,a,a,0,0,0,0,0,1,0,0,0,0,0,0,0,1,1,0,1,1,0,0,0,i,i,0,0,0,2,4,4,4,1,2,2,1,1,6,6,1,2,0,0,0,1,0,0,0,0,0,1,0,i,0,0,0,0,5,5,5,5,5,2,2,2,3,3,3,2,3,2,2,1,1,1,3,1,i,3,3,5,5,0,0,0,0,0,0,0,0,i,i,i,0,0,0,0,0,0,1,0,0,0,0,0,0,0,i,0,0,1,5,5,3,5,3,5,5,5,0,0,0,0,1,0,1,0,0,0,0,1,0,0,0,0,0,0,0,0,0,0,1,0,0,0,0,1,0,0,0,0,4,5,5,3,3,3,3,3,2,2,3,3,2,5,5,3,2,3,5,5,5,5,5,5,5,5,1,1,0,0,0,0,0,0,0,1,0,0,0,0,2,i,i,i,i,i,i,i,i,i,i,i,i,i,i,i,i,i,i,i,i,i,i,i,i,i,i,i,i,i,i,i,i,i,i,i,i,i,0,1,0,0,0,0,0,1,0,0,0,1,0,0,0,1,1,1,1,0,0,0,1,0,0,1,2,26,2,99,9,1,3,3,19,i,0,0,0,0,1,0,0,i,i,i,i,i,i,i,i,i,i,i,i,i,i,i,i,i,i,i,i,i,i,i,i,i,i,i,i,i,i,0,1,1,0,0,1,3,2,5,4,0,0,0,0,1,1,3,1,0,0,0,0,0,0,1,0,0,7,i,5,2,2,2,2,2,i,i,2,i,i,i,i,i,a,a,i,a,11,12,11,42,12,13,31,1,3,1,1,i,i,1,i,i,i,i,i,i,i,i,i,i,i,i,i,52,14,1
6291,doi:10.4232/1.12497,1.0.0 (2016-04-22),1,1,538,14000538,14619,14,3,TN,1.028575,1.377675,0.0,1.189387,1.499454,0.0,0.0,4,3,3,3,4,4,4,4,3,4,4,3,3,3,3,3,7,1,1,1,0,0,1,0,0,0,0,0,1,0,0,0,0,0,0,a,a,0,0,0,1,1,1,0,0,1,1,0,0,0,0,1,0,0,0,0,0,0,i,i,0,0,0,2,2,1,2,5,5,2,2,2,1,2,1,2,0,1,0,1,0,0,0,0,0,0,0,i,0,0,0,0,2,3,2,2,2,1,2,2,1,2,2,2,2,2,2,1,2,2,2,2,i,1,1,2,2,0,1,1,0,0,0,0,0,i,i,i,0,0,0,0,0,0,0,0,1,1,0,0,0,0,i,0,0,0,4,4,4,4,4,4,4,4,1,0,0,0,0,0,0,0,0,0,1,1,0,0,0,0,0,1,0,0,0,0,0,0,0,0,0,1,0,0,0,0,2,2,2,2,1,1,3,1,2,2,2,2,2,4,3,2,2,2,3,4,3,3,3,4,4,4,1,1,0,0,1,0,0,0,0,0,0,0,0,0,2,i,i,i,i,i,i,i,i,i,i,i,i,i,i,i,i,i,i,i,i,i,i,i,i,i,i,i,i,i,i,i,i,i,i,i,i,i,0,1,0,0,0,0,0,0,0,0,0,1,0,0,0,1,1,0,1,0,1,0,0,0,0,1,2,26,2,25,3,3,15,7,i,i,0,0,0,0,1,0,0,i,i,i,i,i,i,i,i,i,i,i,i,i,i,i,i,i,i,i,i,i,i,i,i,i,i,i,i,i,i,0,0,0,1,0,0,5,1,4,4,0,0,0,0,2,1,2,1,0,0,0,0,0,1,0,0,0,7,6,6,1,1,2,2,2,i,i,2,i,1,i,i,i,a,a,i,a,10,12,14,0,14,25,25,1,2,1,1,i,i,1,i,i,i,i,i,i,i,i,i,i,i,i,i,33,5,1
6291,doi:10.4232/1.12497,1.0.0 (2016-04-22),1,1,539,14000539,14620,14,3,TN,0.997774,1.377675,0.0,1.189387,1.499454,0.0,0.0,4,2,2,2,2,2,2,4,3,2,2,3,2,2,2,2,4,1,1,1,0,0,1,0,1,0,0,0,0,0,0,0,0,0,0,a,a,0,0,0,1,1,1,1,0,1,0,1,0,0,0,0,0,0,0,0,0,0,i,i,0,0,0,2,1,1,1,1,1,2,2,2,1,2,1,2,0,1,0,1,0,0,0,0,0,1,0,i,0,0,0,0,2,2,2,2,2,1,2,2,2,1,2,1,1,2,2,1,2,2,2,2,i,1,1,2,2,0,1,1,0,0,0,0,0,i,i,i,0,0,0,0,0,0,0,0,1,1,0,0,0,0,i,0,0,0,4,4,4,4,3,3,3,3,0,1,0,0,0,0,0,0,0,0,0,1,0,0,0,0,0,1,0,0,0,0,0,0,0,0,0,1,0,0,0,0,3,2,2,2,1,1,2,2,2,2,2,2,2,4,3,1,2,2,2,3,3,3,3,4,4,4,1,0,0,0,0,0,0,0,1,0,0,0,0,0,2,i,i,i,i,i,i,i,i,i,i,i,i,i,i,i,i,i,i,i,i,i,i,i,i,i,i,i,i,i,i,i,i,i,i,i,i,i,0,1,0,0,0,0,0,1,0,0,0,1,0,0,0,1,1,0,1,0,1,0,0,0,0,1,1,19,1,18,2,3,3,3,19,i,0,0,0,0,1,0,0,i,i,i,i,i,i,i,i,i,i,i,i,i,i,i,i,i,i,i,i,i,i,i,i,i,i,i,i,i,i,0,0,0,1,0,0,5,1,3,3,0,0,1,1,2,1,2,1,0,0,0,0,0,1,0,0,0,6,i,7,2,1,2,2,2,i,i,2,i,1,i,i,i,a,a,i,a,10,12,14,33,15,1,32,2,3,1,1,i,i,1,i,i,i,i,i,i,i,i,i,i,i,i,i,33,5,1
6291,doi:10.4232/1.12497,1.0.0 (2016-04-22),1,1,540,14000540,14621,14,3,TN,0.99407,1.377675,0.0,1.189387,1.499454,0.0,0.0,2,1,1,4,2,3,3,2,2,2,2,1,1,3,1,1,12,1,0,0,0,0,0,0,0,0,0,0,0,0,0,0,0,0,0,a,a,0,0,0,1,0,0,0,0,0,0,0,0,0,0,1,0,0,0,0,0,0,i,i,0,0,0,1,1,1,1,2,2,2,2,2,1,1,2,i,0,1,0,0,0,0,0,0,0,0,0,i,0,0,0,0,2,2,1,1,1,1,2,2,2,2,2,1,2,2,2,1,1,1,2,1,i,1,1,2,2,0,0,1,0,0,0,0,0,i,i,i,0,0,0,0,0,0,0,0,1,0,0,0,0,0,i,0,0,0,1,2,2,2,1,1,2,2,0,0,0,0,0,0,0,0,0,0,1,0,0,0,0,0,0,1,0,0,0,0,0,0,0,0,0,0,0,0,0,0,1,1,2,1,1,1,2,2,1,1,1,1,2,1,2,1,2,1,2,2,2,2,2,1,2,2,0,0,0,0,1,1,0,0,1,0,0,0,0,0,2,i,i,i,i,i,i,i,i,i,i,i,i,i,i,i,i,i,i,i,i,i,i,i,i,i,i,i,i,i,i,i,i,i,i,i,i,i,0,0,0,0,0,0,0,1,0,0,0,0,0,0,0,1,2,1,0,0,0,0,0,0,0,2,1,51,3,99,9,1,8,5,i,i,0,0,0,0,1,0,0,i,i,i,i,i,i,i,i,i,i,i,i,i,i,i,i,i,i,i,i,i,i,i,i,i,i,i,i,i,i,0,0,0,1,0,0,4,2,8,4,0,0,0,0,2,1,2,1,0,0,1,0,0,0,0,0,0,7,7,7,2,2,2,2,2,i,i,2,i,i,i,i,i,a,a,i,a,11,12,11,7,11,37,30,1,2,1,1,i,i,1,i,i,i,i,i,i,i,i,i,i,i,i,i,52,14,1
6291,doi:10.4232/1.12497,1.0.0 (2016-04-22),1,1,541,14000541,14622,14,3,TN,0.997774,1.377675,0.0,1.189387,1.499454,0.0,0.0,3,2,2,2,2,3,3,3,2,2,2,2,3,3,2,3,7,1,0,0,1,0,0,0,1,0,0,0,0,0,0,0,0,0,0,a,a,0,0,0,1,0,0,1,0,0,1,1,0,0,0,0,0,0,0,0,0,0,i,i,0,0,0,2,2,1,1,3,3,2,1,2,3,2,1,2,1,0,0,0,0,0,0,0,0,0,0,i,0,0,0,0,2,3,2,3,3,1,1,2,2,2,2,2,2,2,1,1,1,1,1,1,i,1,1,1,1,0,1,1,1,0,0,0,0,i,i,i,0,0,0,0,0,0,0,0,1,0,1,0,0,0,i,0,0,0,2,2,2,2,2,2,2,2,0,1,0,1,0,0,0,0,0,0,0,0,0,0,0,0,0,0,0,0,0,0,0,0,0,0,0,0,0,0,0,1,2,2,2,2,2,2,2,1,2,2,2,2,2,2,2,2,2,3,2,2,2,2,3,2,2,3,1,1,0,0,1,0,0,0,0,0,0,0,0,0,2,i,i,i,i,i,i,i,i,i,i,i,i,i,i,i,i,i,i,i,i,i,i,i,i,i,i,i,i,i,i,i,i,i,i,i,i,i,1,1,0,0,0,0,0,1,0,0,0,0,0,0,0,1,1,0,1,0,0,0,0,0,0,1,1,19,1,0,5,3,2,2,19,i,0,0,0,0,1,0,0,i,i,i,i,i,i,i,i,i,i,i,i,i,i,i,i,i,i,i,i,i,i,i,i,i,i,i,i,i,i,0,0,0,1,0,0,8,3,4,4,0,0,0,0,2,1,2,1,1,1,1,1,1,0,0,0,0,1,i,1,3,1,1,2,1,i,i,1,i,1,2,i,1,a,a,1,a,10,12,11,30,12,0,30,1,1,1,1,i,i,1,i,i,i,i,i,i,i,i,i,i,i,i,i,42,9,1
6291,doi:10.4232/1.12497,1.0.0 (2016-04-22),1,1,542,14000542,14623,14,3,TN,0.997774,1.377675,0.0,1.189387,1.499454,0.0,0.0,2,2,2,2,2,2,2,4,3,2,1,1,1,1,1,1,6,1,1,0,0,0,0,1,1,0,0,0,0,0,0,0,0,0,0,a,a,0,0,0,1,1,0,0,0,1,1,1,0,0,0,0,0,0,0,0,0,0,i,i,0,0,0,2,2,1,2,1,1,2,2,2,2,2,1,2,1,1,0,1,0,0,0,0,0,0,0,i,0,0,0,0,2,2,2,2,1,1,2,2,2,2,2,1,2,2,2,2,2,2,2,2,i,1,1,2,2,0,1,1,0,0,0,0,0,i,i,i,0,0,0,0,0,0,0,0,1,1,0,0,0,0,i,0,0,0,2,3,2,2,2,4,3,3,0,1,0,0,0,0,0,0,0,0,0,1,0,0,0,0,0,1,0,0,0,0,0,0,0,0,0,1,0,0,0,0,2,2,2,2,1,1,2,2,2,2,1,1,2,3,4,1,2,2,2,4,3,3,3,4,4,4,0,1,1,0,1,0,0,0,0,0,0,0,0,0,1,13,i,i,i,i,1,1,1,6,0,1,0,0,0,0,0,0,0,0,0,0,0,1,0,0,0,0,0,0,0,0,0,0,0,0,0,1,1,1,0,0,0,0,0,0,0,0,0,0,0,0,0,1,1,1,1,0,1,0,0,0,0,2,1,17,1,0,5,3,2,2,19,i,0,1,0,0,0,0,1,0,0,0,0,0,0,0,0,1,0,0,0,0,1,0,0,0,0,0,0,0,0,0,0,0,0,0,0,0,0,0,0,1,0,0,1,8,2,3,3,0,0,0,0,2,1,2,1,1,1,1,1,1,1,0,0,0,1,i,5,2,1,2,2,2,i,i,2,i,3,i,i,i,a,a,i,a,10,12,13,11,13,44,33,2,3,1,1,i,i,1,i,i,i,i,i,i,i,i,i,i,i,i,i,33,5,1
6291,doi:10.4232/1.12497,1.0.0 (2016-04-22),1,1,543,14000543,14624,14,3,TN,1.032679,1.377675,0.0,1.189387,1.499454,0.0,0.0,2,1,2,2,2,1,1,4,4,2,2,2,4,4,2,4,8,1,0,0,0,0,1,1,0,0,0,0,0,0,0,0,0,0,0,a,a,0,0,0,1,0,0,0,0,1,1,1,0,0,0,0,0,0,0,0,0,0,i,i,0,0,0,2,2,1,1,1,2,2,2,2,1,4,2,i,1,0,0,1,0,0,0,0,1,1,0,i,0,0,0,0,2,3,2,3,2,2,2,2,2,2,2,2,2,2,2,2,2,2,2,2,i,2,2,2,3,1,1,0,0,0,0,0,0,i,i,i,0,0,1,0,0,0,0,1,1,1,0,0,0,0,i,0,0,0,2,2,3,3,2,3,2,3,1,1,0,0,1,0,0,0,0,0,1,1,0,0,0,0,1,0,0,0,0,0,1,0,0,0,0,0,0,0,0,0,3,2,2,5,1,2,2,2,2,2,2,2,2,3,3,2,1,2,2,1,2,2,2,1,1,2,1,0,0,0,0,0,0,0,0,1,1,0,0,0,2,i,i,i,i,i,i,i,i,i,i,i,i,i,i,i,i,i,i,i,i,i,i,i,i,i,i,i,i,i,i,i,i,i,i,i,i,i,1,0,0,0,1,1,0,0,0,0,0,0,0,0,0,1,1,1,0,0,1,1,0,0,0,1,1,74,4,1,6,1,4,4,17,4,0,1,0,0,0,0,1,0,0,0,0,0,0,0,0,1,1,0,0,0,0,0,0,0,0,0,0,0,0,0,0,0,0,0,0,0,0,0,0,0,0,1,0,7,3,7,4,0,0,0,0,2,1,2,1,0,0,1,0,1,0,0,0,0,7,i,6,2,2,2,2,2,i,i,2,i,i,i,i,i,a,a,i,a,14,12,12,7,12,30,23,1,1,1,1,i,i,1,i,i,i,i,i,i,i,i,i,i,i,i,i,65,8,1
6291,doi:10.4232/1.12497,1.0.0 (2016-04-22),1,1,544,14000544,14625,14,3,TN,1.032099,1.377675,0.0,1.189387,1.499454,0.0,0.0,4,3,3,3,4,2,2,3,3,2,2,3,3,3,3,3,4,0,0,0,0,0,0,0,0,0,0,0,0,0,0,0,0,0,0,a,a,0,0,1,0,0,0,1,0,0,0,0,0,0,0,0,0,0,0,0,0,0,i,i,0,0,0,4,4,4,4,3,2,2,2,2,3,2,2,i,0,0,0,1,0,0,0,1,0,0,0,i,0,0,0,0,4,2,2,3,2,1,2,2,1,2,2,1,1,2,2,1,1,2,1,1,i,2,1,2,3,0,1,0,0,1,0,0,0,i,i,i,1,0,0,0,0,0,0,1,0,0,0,0,0,0,i,0,0,0,2,2,2,1,3,2,5,5,0,0,1,0,0,0,0,0,0,0,0,0,1,0,0,0,0,0,1,0,0,0,0,0,0,0,1,0,0,0,0,0,2,2,2,2,2,1,3,3,1,1,1,1,1,1,2,1,2,1,2,2,2,1,2,3,3,2,1,1,0,0,0,0,1,0,0,0,0,0,0,0,2,i,i,i,i,i,i,i,i,i,i,i,i,i,i,i,i,i,i,i,i,i,i,i,i,i,i,i,i,i,i,i,i,i,i,i,i,i,0,1,0,0,0,0,0,1,0,1,0,0,0,0,0,1,1,0,1,0,1,1,0,0,0,2,2,27,2,98,8,1,3,3,19,i,0,0,0,0,1,0,0,i,i,i,i,i,i,i,i,i,i,i,i,i,i,i,i,i,i,i,i,i,i,i,i,i,i,i,i,i,i,0,0,0,1,0,0,5,3,2,2,0,0,0,0,2,1,2,1,1,0,0,0,0,0,1,0,0,7,i,7,2,2,2,2,2,i,i,2,i,i,i,i,i,a,a,i,a,11,12,12,53,13,30,37,2,1,1,1,i,i,1,i,i,i,i,i,i,i,i,i,i,i,i,i,52,14,1
6291,doi:10.4232/1.12497,1.0.0 (2016-04-22),1,1,545,14000545,14626,14,3,TN,1.001193,1.377675,0.0,1.189387,1.499454,0.0,0.0,3,3,3,2,3,3,3,4,4,4,3,2,1,1,1,1,6,0,0,1,1,0,0,1,0,0,0,0,1,1,0,0,0,0,0,a,a,0,0,0,0,0,1,1,0,1,1,0,0,0,0,1,1,0,0,0,0,0,i,i,0,0,0,2,2,1,1,1,1,1,3,2,1,2,3,i,0,0,1,1,0,0,0,0,0,1,0,i,0,0,0,0,2,1,1,2,5,1,1,1,1,1,1,1,1,1,1,1,1,1,1,1,i,1,1,2,2,0,1,1,0,0,1,0,0,i,i,i,0,0,0,0,0,0,0,1,1,1,0,0,0,0,i,0,0,0,4,4,2,2,2,3,3,3,0,0,1,0,1,0,0,1,0,0,1,1,0,0,0,0,0,0,0,0,0,0,1,0,1,0,0,0,0,0,0,0,4,3,2,1,1,1,3,2,2,2,2,2,2,4,4,3,3,3,3,2,2,2,3,2,4,4,0,0,0,1,0,0,1,1,0,0,0,0,0,0,2,i,i,i,i,i,i,i,i,i,i,i,i,i,i,i,i,i,i,i,i,i,i,i,i,i,i,i,i,i,i,i,i,i,i,i,i,i,1,1,0,0,0,0,0,0,1,0,0,0,0,0,0,1,1,0,1,1,1,0,0,0,0,1,1,22,1,16,2,3,3,3,8,1,0,0,0,0,1,0,0,i,i,i,i,i,i,i,i,i,i,i,i,i,i,i,i,i,i,i,i,i,i,i,i,i,i,i,i,i,i,1,1,0,0,0,1,5,2,4,4,0,0,0,0,2,1,2,1,1,0,1,0,0,0,0,0,0,7,i,2,3,1,2,2,2,i,i,2,i,2,i,i,i,a,a,i,a,10,12,12,6,12,47,41,1,2,1,1,i,i,1,i,i,i,i,i,i,i,i,i,i,i,i,i,40,3,1
6291,doi:10.4232/1.12497,1.0.0 (2016-04-22),1,1,546,14000546,14627,14,3,TN,1.028575,1.377675,0.0,1.189387,1.499454,0.0,0.0,1,3,2,2,3,1,2,4,3,3,3,2,1,1,3,1,4,1,0,1,0,0,1,1,1,0,0,0,1,1,0,0,0,1,0,a,a,0,0,0,1,0,1,1,0,1,1,1,0,0,0,1,1,0,0,0,1,0,i,i,0,0,0,2,2,1,1,1,2,1,2,2,1,2,1,2,0,0,1,1,0,0,0,0,0,0,0,i,0,0,0,0,2,2,2,2,2,1,2,2,2,1,1,2,2,2,2,1,1,1,1,1,i,2,1,2,2,0,1,1,1,0,0,0,0,i,i,i,0,0,0,0,0,0,0,1,1,1,0,0,0,0,i,0,0,0,3,3,2,2,2,2,2,2,1,0,0,0,1,0,0,1,0,0,0,0,0,0,0,0,0,1,0,0,0,0,1,0,0,0,0,0,0,0,0,0,4,4,2,1,1,1,3,1,2,2,2,1,2,3,3,2,3,3,3,2,2,2,2,3,2,3,1,1,0,1,0,0,0,0,0,0,0,0,0,0,2,i,i,i,i,i,i,i,i,i,i,i,i,i,i,i,i,i,i,i,i,i,i,i,i,i,i,i,i,i,i,i,i,i,i,i,i,i,0,0,0,0,0,0,0,1,1,1,0,0,0,0,0,1,1,0,1,0,1,0,0,0,0,1,2,28,2,18,2,1,3,3,13,3,0,0,0,0,1,0,0,i,i,i,i,i,i,i,i,i,i,i,i,i,i,i,i,i,i,i,i,i,i,i,i,i,i,i,i,i,i,1,0,0,0,0,1,5,3,3,3,1,1,0,0,1,1,3,1,1,0,1,1,0,1,0,0,0,2,i,5,3,1,2,2,2,i,i,2,i,1,i,i,i,a,a,i,a,10,12,17,3,17,54,51,1,1,1,1,i,i,1,i,i,i,i,i,i,i,i,i,i,i,i,i,40,3,1
6291,doi:10.4232/1.12497,1.0.0 (2016-04-22),1,1,547,14000547,14628,14,3,TN,1.039997,1.377675,0.0,1.189387,1.499454,0.0,0.0,3,2,3,3,3,2,2,4,3,2,2,3,1,1,1,1,4,0,0,0,0,1,0,0,1,0,0,1,0,0,0,0,0,0,0,a,a,0,0,0,0,0,0,1,1,0,0,1,0,0,1,0,0,0,0,0,0,0,i,i,0,0,0,2,2,1,2,1,2,2,2,2,1,2,1,2,0,1,0,1,0,0,0,0,0,0,0,i,0,0,0,0,2,3,1,1,1,1,2,2,2,2,2,1,2,2,2,2,2,2,1,2,i,1,1,2,2,0,1,1,0,0,0,0,0,i,i,i,0,0,0,0,0,0,0,1,1,1,0,0,0,0,i,0,0,0,4,3,3,3,2,4,5,5,0,1,0,0,0,0,0,0,0,0,0,1,0,0,0,0,0,1,0,0,0,0,1,0,0,0,0,0,0,0,0,0,3,3,3,3,1,1,3,1,2,2,1,1,2,3,3,1,2,2,2,3,2,3,3,4,4,4,1,1,1,0,0,0,0,0,0,0,0,0,0,0,2,i,i,i,i,i,i,i,i,i,i,i,i,i,i,i,i,i,i,i,i,i,i,i,i,i,i,i,i,i,i,i,i,i,i,i,i,i,1,1,0,0,0,0,0,0,0,0,0,0,0,0,0,1,1,0,1,0,0,0,0,0,0,1,1,27,2,13,1,3,18,8,i,i,0,1,0,0,0,0,1,0,0,0,0,0,0,0,0,0,0,0,0,0,0,0,0,0,0,0,0,0,0,0,0,0,0,0,1,0,0,0,0,0,1,0,0,8,2,7,4,0,0,0,0,2,1,2,1,0,0,0,0,0,1,0,0,0,7,6,6,2,2,2,2,2,i,i,2,i,i,i,i,i,a,a,i,a,11,12,12,15,12,33,18,1,3,1,1,i,i,1,i,i,i,i,i,i,i,i,i,i,i,i,i,13,5,1
6291,doi:10.4232/1.12497,1.0.0 (2016-04-22),1,1,548,14000548,14629,14,3,TN,1.10244,1.377675,0.0,1.189387,1.499454,0.0,0.0,4,3,3,3,4,4,4,2,3,2,2,1,1,1,1,1,7,1,0,0,0,0,0,0,0,1,0,0,0,0,0,0,0,0,0,a,a,0,0,0,1,0,0,0,0,0,1,0,1,0,0,0,0,0,0,0,0,0,i,i,0,0,0,2,4,1,3,2,2,2,2,1,2,2,1,2,0,0,0,1,0,0,0,0,1,0,0,i,0,0,0,0,4,5,1,1,2,1,1,2,1,1,1,1,2,1,1,1,2,2,1,2,i,2,1,5,3,0,1,1,0,0,0,0,0,i,i,i,0,0,0,0,0,0,0,1,1,1,0,0,0,0,i,0,0,0,4,2,1,1,5,4,4,2,1,1,1,0,0,0,0,0,0,0,0,0,0,0,0,0,0,1,0,0,0,0,0,0,0,0,0,0,0,0,0,0,2,1,1,1,1,1,3,1,2,2,2,2,2,4,2,1,1,1,5,2,1,1,1,1,4,4,1,1,1,0,0,0,0,0,0,0,0,0,0,0,1,10,i,i,i,i,1,1,1,2,0,1,0,0,0,0,0,0,0,0,0,0,0,1,0,0,0,1,0,0,0,0,0,0,0,0,0,1,1,1,0,0,0,0,0,1,0,0,0,0,0,0,0,2,1,0,1,0,1,1,0,0,0,2,2,20,1,0,5,3,1,1,19,i,0,0,0,0,1,0,0,i,i,i,i,i,i,i,i,i,i,i,i,i,i,i,i,i,i,i,i,i,i,i,i,i,i,i,i,i,i,1,0,0,0,0,1,5,3,4,4,2,2,1,1,2,1,2,1,1,0,0,0,0,1,0,0,0,7,i,5,2,1,2,2,2,i,i,2,i,1,i,i,i,a,a,i,a,11,12,14,8,14,31,23,2,2,1,1,i,i,1,i,i,i,i,i,i,i,i,i,i,i,i,i,13,5,1
6291,doi:10.4232/1.12497,1.0.0 (2016-04-22),1,1,549,14000549,14630,14,3,TN,1.047391,1.377675,0.0,1.189387,1.499454,0.0,0.0,4,2,2,2,2,1,1,2,2,2,2,1,1,1,1,1,7,1,0,1,1,0,0,0,1,0,0,0,0,0,0,0,0,0,0,a,a,0,0,0,1,0,1,1,0,0,1,1,0,0,0,0,0,0,0,0,0,0,i,i,0,0,0,2,2,4,2,1,2,2,2,2,2,3,1,2,0,0,0,1,0,0,0,0,0,0,0,i,0,0,0,0,3,3,3,3,3,1,2,2,1,1,1,2,1,2,2,2,2,2,2,2,i,2,2,5,5,0,1,1,0,0,0,0,0,i,i,i,0,0,0,0,0,0,0,1,1,1,0,0,0,0,i,0,0,0,4,4,3,3,2,4,2,2,0,1,0,1,1,0,0,0,0,0,0,0,0,0,0,0,0,0,0,0,0,1,1,0,0,0,0,0,0,0,0,0,3,2,1,3,1,2,3,2,2,2,2,2,2,4,4,3,2,1,2,3,3,2,3,4,4,4,0,1,0,0,1,0,0,0,1,0,0,0,0,0,2,i,i,i,i,i,i,i,i,i,i,i,i,i,i,i,i,i,i,i,i,i,i,i,i,i,i,i,i,i,i,i,i,i,i,i,i,i,1,1,0,0,0,0,0,0,0,0,0,0,0,0,0,1,1,1,1,0,1,0,0,0,0,1,2,42,3,17,2,1,15,7,i,i,0,0,0,0,1,0,0,i,i,i,i,i,i,i,i,i,i,i,i,i,i,i,i,i,i,i,i,i,i,i,i,i,i,i,i,i,i,1,0,0,0,0,1,6,3,2,2,2,2,1,1,2,1,2,1,1,1,1,1,0,1,0,0,0,6,6,6,2,2,2,2,2,i,i,2,i,i,i,i,i,a,a,i,a,15,12,11,12,11,33,21,2,3,1,1,i,i,1,i,i,i,i,i,i,i,i,i,i,i,i,i,72,4,1
6291,doi:10.4232/1.12497,1.0.0 (2016-04-22),1,1,550,14000550,14631,14,3,TN,0.959816,1.377675,0.0,1.189387,1.499454,0.0,0.0,4,2,2,2,2,2,2,4,3,3,3,1,1,1,1,1,4,1,0,1,0,0,1,0,0,0,0,0,0,0,0,0,0,0,0,a,a,0,0,0,1,0,1,1,0,1,0,0,0,0,0,0,0,0,0,0,0,0,i,i,0,0,0,2,2,1,2,1,1,2,2,2,2,2,1,2,1,1,0,0,0,0,0,0,0,1,0,i,0,0,0,0,2,2,2,2,1,1,2,2,2,1,1,1,2,2,2,2,2,2,1,2,i,1,1,2,2,0,1,1,0,0,0,0,0,i,i,i,0,0,0,0,0,0,0,0,1,1,0,0,0,0,i,0,0,0,4,4,2,2,2,2,5,5,0,1,0,0,0,0,1,0,0,0,0,1,0,0,0,0,0,1,0,0,0,0,0,0,0,0,1,0,0,0,0,0,3,3,3,3,1,1,3,3,2,2,3,3,2,4,3,2,3,3,2,4,3,3,2,4,4,4,0,1,0,0,1,0,0,0,1,0,0,0,0,0,2,i,i,i,i,i,i,i,i,i,i,i,i,i,i,i,i,i,i,i,i,i,i,i,i,i,i,i,i,i,i,i,i,i,i,i,i,i,1,1,0,0,0,0,0,0,0,0,0,0,0,0,0,1,1,0,1,0,1,0,0,0,0,1,1,63,4,0,5,1,4,4,16,4,1,0,0,0,0,0,1,0,0,0,0,0,0,0,0,0,0,0,0,0,0,0,0,0,0,0,0,0,0,0,0,0,0,0,1,0,0,0,0,0,1,0,0,6,1,3,3,0,0,0,0,2,1,2,1,1,1,0,0,0,1,0,0,0,7,i,7,1,2,2,2,2,i,i,2,i,i,i,i,i,a,a,i,a,11,12,11,20,11,50,30,1,3,1,1,i,i,1,i,i,i,i,i,i,i,i,i,i,i,i,i,13,5,1
6291,doi:10.4232/1.12497,1.0.0 (2016-04-22),1,1,551,14000551,14632,14,3,TN,1.037705,1.377675,0.0,1.189387,1.499454,0.0,0.0,3,1,1,1,1,1,1,3,4,5,2,2,1,1,1,1,6,0,0,0,0,0,0,0,0,0,0,0,0,0,0,0,0,0,0,a,a,0,0,1,0,0,0,0,0,1,0,0,0,0,0,0,0,0,0,0,0,0,i,i,0,0,0,2,1,1,1,1,1,2,1,1,1,1,1,1,0,1,0,0,0,1,0,0,1,1,0,i,0,0,0,0,2,2,2,1,1,1,2,2,2,1,2,1,2,2,2,1,1,1,3,1,i,3,3,2,2,1,1,1,0,0,0,0,0,i,i,i,0,0,0,0,0,0,0,0,1,0,0,0,1,1,i,0,0,0,2,2,1,1,1,5,5,4,1,0,0,0,0,0,1,0,0,0,1,1,0,0,0,0,1,1,0,0,0,0,0,0,0,0,0,0,0,0,0,0,1,1,1,1,1,1,1,1,2,2,3,2,2,3,4,1,1,2,2,2,1,1,1,2,2,2,1,0,0,0,0,1,0,1,0,0,0,0,0,0,2,i,i,i,i,i,i,i,i,i,i,i,i,i,i,i,i,i,i,i,i,i,i,i,i,i,i,i,i,i,i,i,i,i,i,i,i,i,0,1,0,0,0,0,0,0,1,0,0,1,0,0,0,1,1,1,0,0,1,0,0,0,0,2,1,67,4,99,9,1,4,4,17,4,0,0,0,0,1,0,0,i,i,i,i,i,i,i,i,i,i,i,i,i,i,i,i,i,i,i,i,i,i,i,i,i,i,i,i,i,i,0,0,0,1,0,0,7,2,4,4,0,0,0,0,1,2,1,1,0,1,0,0,0,0,0,0,0,7,i,7,3,2,2,2,2,i,i,2,i,i,i,i,i,a,a,i,a,15,12,13,10,13,50,40,1,3,1,1,i,i,1,i,i,i,i,i,i,i,i,i,i,i,i,i,76,7,1
6291,doi:10.4232/1.12497,1.0.0 (2016-04-22),1,1,552,14000552,14633,14,3,TN,1.036446,1.377675,0.0,1.189387,1.499454,0.0,0.0,4,3,3,3,4,2,2,4,2,4,4,2,4,4,2,4,4,0,0,0,0,0,0,0,0,0,0,0,0,0,0,0,0,0,0,a,a,0,0,1,0,0,0,1,0,0,0,0,0,0,0,0,0,0,0,0,0,0,i,i,0,0,0,2,3,1,1,1,1,1,1,1,2,2,1,2,0,1,0,0,0,0,0,1,1,1,0,i,0,0,0,0,2,2,2,2,2,1,2,2,2,1,1,1,2,1,1,1,2,1,1,1,i,1,1,2,2,0,1,1,1,0,0,0,0,i,i,i,0,0,0,0,0,0,0,1,1,1,0,0,0,0,i,0,0,0,4,3,3,3,3,2,5,5,1,1,0,0,0,0,0,0,0,0,1,1,0,0,0,0,0,1,0,1,0,0,0,0,0,0,0,0,0,0,0,0,3,3,3,3,1,1,1,1,2,2,3,3,2,4,4,2,3,3,3,2,2,2,4,3,3,3,0,1,0,0,0,0,0,1,0,0,0,0,0,0,1,5,i,i,i,i,1,1,1,3,1,0,1,0,0,0,0,0,0,0,0,0,0,1,0,0,0,0,1,0,0,0,0,0,0,0,0,1,0,1,0,0,0,0,0,0,1,1,0,0,0,0,0,1,1,0,1,0,1,0,0,0,0,1,1,28,2,98,8,3,3,3,19,i,0,0,0,0,1,0,0,i,i,i,i,i,i,i,i,i,i,i,i,i,i,i,i,i,i,i,i,i,i,i,i,i,i,i,i,i,i,1,0,0,0,0,1,6,2,3,3,0,0,0,0,2,1,2,1,0,1,1,1,1,0,0,0,0,3,i,3,3,1,2,2,2,i,i,2,i,3,i,i,i,a,a,i,a,11,12,15,50,16,25,35,1,2,1,1,i,i,1,i,i,i,i,i,i,i,i,i,i,i,i,i,38,7,1
6291,doi:10.4232/1.12497,1.0.0 (2016-04-22),1,1,553,14000553,14634,14,3,TN,0.903623,1.377675,0.0,1.189387,1.499454,0.0,0.0,3,3,3,3,4,3,3,3,2,5,5,2,3,3,2,3,4,0,0,0,0,0,0,0,0,0,0,0,0,0,0,0,0,0,0,a,a,0,0,1,0,0,0,1,0,0,0,0,0,0,0,0,0,0,0,0,0,0,i,i,0,0,0,2,1,1,1,1,1,2,2,2,2,2,1,2,0,1,0,0,0,1,0,0,0,1,0,i,0,0,0,0,2,2,2,2,2,1,2,2,2,1,2,2,1,1,2,1,2,2,2,1,i,2,2,2,2,0,0,1,1,0,0,0,0,i,i,i,0,0,0,0,0,0,0,0,1,1,0,0,1,0,i,0,0,0,2,2,1,1,1,2,5,5,0,1,0,0,0,0,0,0,0,0,1,1,1,0,0,0,0,1,0,1,0,0,0,0,0,0,0,0,0,0,0,0,4,4,4,4,1,1,1,1,2,2,3,2,3,3,4,4,4,3,3,2,2,3,3,2,2,2,0,1,0,1,0,0,0,0,0,0,0,0,0,0,2,i,i,i,i,i,i,i,i,i,i,i,i,i,i,i,i,i,i,i,i,i,i,i,i,i,i,i,i,i,i,i,i,i,i,i,i,i,0,1,0,0,0,1,0,0,1,0,0,0,0,0,0,1,1,0,0,1,1,0,0,0,0,2,2,56,4,1,6,1,19,i,i,i,0,0,0,0,1,0,0,i,i,i,i,i,i,i,i,i,i,i,i,i,i,i,i,i,i,i,i,i,i,i,i,i,i,i,i,i,i,0,0,0,1,0,0,7,2,7,4,0,0,0,0,2,1,2,1,0,0,1,0,1,0,0,0,0,7,i,7,3,2,2,2,2,i,i,2,i,i,i,i,i,a,a,i,a,11,12,16,40,17,30,50,2,2,1,1,i,i,1,i,i,i,i,i,i,i,i,i,i,i,i,i,38,7,1
6291,doi:10.4232/1.12497,1.0.0 (2016-04-22),1,1,554,14000554,14635,14,3,TN,1.036446,1.377675,0.0,1.189387,1.499454,0.0,0.0,3,1,1,1,1,2,1,3,3,2,2,2,1,1,2,1,4,0,0,0,0,0,0,0,0,0,0,0,0,0,0,0,0,0,0,a,a,0,0,1,0,0,0,1,0,0,0,0,0,0,0,0,0,0,0,0,0,0,i,i,0,0,0,2,1,1,1,2,3,2,2,2,2,2,1,1,0,1,0,1,0,0,0,1,1,1,0,i,0,0,0,0,2,2,2,2,2,1,3,3,1,1,1,1,1,1,1,1,2,1,3,1,i,3,3,2,2,0,1,1,0,0,0,1,0,i,i,i,0,0,0,0,0,0,0,0,1,1,0,0,0,1,i,0,0,0,4,4,1,1,1,3,3,3,0,1,0,1,1,0,0,0,0,0,1,1,0,0,0,0,0,0,0,0,1,0,1,0,0,0,0,0,0,0,0,0,2,2,2,2,1,1,2,1,2,2,2,2,2,4,4,2,2,4,2,2,3,2,2,3,2,2,0,1,0,0,0,0,1,0,0,1,0,0,0,0,2,i,i,i,i,i,i,i,i,i,i,i,i,i,i,i,i,i,i,i,i,i,i,i,i,i,i,i,i,i,i,i,i,i,i,i,i,i,0,1,0,0,0,0,0,0,1,0,0,0,0,0,0,1,1,0,1,0,1,0,0,0,0,1,1,35,2,99,9,1,17,8,i,i,0,0,0,0,1,0,0,i,i,i,i,i,i,i,i,i,i,i,i,i,i,i,i,i,i,i,i,i,i,i,i,i,i,i,i,i,i,0,0,0,1,0,0,8,2,2,2,3,3,0,0,2,1,2,1,1,1,1,0,1,0,0,0,0,2,2,2,3,1,2,2,2,i,i,2,i,2,i,i,i,a,a,i,a,10,12,15,0,15,40,40,1,1,1,1,i,i,1,i,i,i,i,i,i,i,i,i,i,i,i,i,38,7,1
6291,doi:10.4232/1.12497,1.0.0 (2016-04-22),1,1,555,14000555,14636,14,3,TN,1.032099,1.377675,0.0,1.189387,1.499454,0.0,0.0,3,1,1,2,1,1,1,4,3,2,2,3,3,3,3,3,1,0,0,1,1,1,1,1,1,0,0,0,0,0,0,0,0,0,0,a,a,0,0,0,1,0,1,1,1,1,1,1,0,0,0,0,0,0,0,0,0,0,i,i,0,0,0,2,3,3,3,1,3,2,1,1,5,3,2,i,0,0,0,0,0,0,0,0,0,0,0,i,0,1,0,0,4,4,4,5,5,1,2,1,1,2,1,1,2,2,1,1,1,1,2,2,i,2,2,2,4,1,0,1,0,0,0,0,0,i,i,i,0,0,0,0,0,0,0,1,1,1,0,0,0,0,i,0,0,0,3,3,3,4,4,4,4,4,1,1,0,0,0,0,0,0,0,0,0,0,0,0,0,0,0,0,1,0,1,0,0,0,0,0,0,0,0,0,0,0,1,1,1,3,1,1,2,1,2,2,2,1,2,2,4,2,2,2,2,2,2,2,2,2,3,3,1,0,1,0,0,0,1,0,0,0,0,0,0,0,2,i,i,i,i,i,i,i,i,i,i,i,i,i,i,i,i,i,i,i,i,i,i,i,i,i,i,i,i,i,i,i,i,i,i,i,i,i,1,1,1,0,0,0,0,0,0,0,0,0,0,0,0,2,1,0,1,0,1,0,0,0,0,2,2,32,2,12,1,1,17,8,i,i,0,0,0,0,1,0,0,i,i,i,i,i,i,i,i,i,i,i,i,i,i,i,i,i,i,i,i,i,i,i,i,i,i,i,i,i,i,0,0,0,1,0,0,7,2,2,2,1,1,1,1,2,1,2,1,0,0,0,0,0,1,0,0,0,7,6,6,2,2,2,2,2,i,i,2,i,i,i,i,i,a,a,i,a,11,12,15,20,15,50,30,1,3,1,1,i,i,1,i,i,i,i,i,i,i,i,i,i,i,i,i,14,4,1
6291,doi:10.4232/1.12497,1.0.0 (2016-04-22),1,1,556,14000556,14637,14,3,TN,1.047391,1.377675,0.0,1.189387,1.499454,0.0,0.0,2,3,3,3,4,1,2,4,2,2,2,1,1,1,1,1,7,0,0,0,1,0,0,0,0,0,0,0,0,0,0,0,0,0,0,a,a,0,0,0,0,0,0,1,0,0,1,0,0,0,0,0,0,0,0,0,0,0,i,i,0,0,0,2,3,3,3,1,2,2,2,2,3,2,1,1,0,1,1,0,0,0,0,0,0,0,0,i,0,0,0,0,5,3,2,2,3,1,1,1,2,2,1,1,2,1,1,2,1,1,2,2,i,1,1,2,2,1,0,0,0,0,0,0,0,i,i,i,0,0,0,0,0,0,0,1,0,0,0,0,0,0,i,0,0,0,4,4,2,3,3,4,3,3,0,0,0,0,0,0,1,0,0,0,0,1,0,0,0,0,1,0,0,1,0,0,0,0,0,0,0,0,0,0,0,0,2,2,2,1,2,2,2,1,2,2,2,2,2,2,3,2,2,1,4,2,3,2,4,3,4,4,0,1,0,0,1,0,0,1,0,0,0,0,0,0,1,48,i,i,i,i,1,2,1,1,0,0,0,0,0,0,0,0,0,0,0,1,0,1,0,0,1,0,0,0,0,0,0,0,0,0,0,2,0,0,1,0,0,0,0,0,0,0,1,1,0,0,0,1,1,0,1,0,1,0,0,0,0,1,2,43,3,12,1,1,8,5,i,i,0,0,0,0,1,0,0,i,i,i,i,i,i,i,i,i,i,i,i,i,i,i,i,i,i,i,i,i,i,i,i,i,i,i,i,i,i,0,0,1,0,0,1,3,2,4,4,1,1,0,0,2,1,2,1,1,1,1,1,1,1,0,0,0,2,2,6,2,1,2,2,2,i,i,2,i,2,i,i,i,a,a,i,a,11,12,14,0,14,35,35,2,2,1,1,i,i,1,i,i,i,i,i,i,i,i,i,i,i,i,i,14,4,1
6291,doi:10.4232/1.12497,1.0.0 (2016-04-22),1,1,557,14000557,14638,14,3,TN,1.036446,1.377675,0.0,1.189387,1.499454,0.0,0.0,3,2,2,2,2,2,2,3,1,2,2,2,1,1,2,1,4,0,0,0,0,0,0,0,0,0,0,0,0,0,0,0,0,0,0,a,a,0,0,1,0,0,0,1,0,0,0,0,0,0,0,0,0,0,0,0,0,0,i,i,0,0,0,3,2,1,1,2,2,2,2,2,3,2,1,2,1,1,1,0,0,0,0,1,0,0,0,i,0,0,0,0,2,2,2,2,2,1,2,2,2,1,2,1,2,2,2,1,2,2,2,1,i,2,2,2,2,1,1,1,0,0,0,0,0,i,i,i,0,0,0,0,0,0,0,1,1,1,0,0,0,0,i,0,0,0,5,5,2,1,2,1,4,4,0,0,0,1,0,0,0,0,0,0,1,1,1,0,0,0,0,1,0,1,0,0,0,0,0,0,0,0,0,0,0,0,2,2,2,1,1,1,3,3,2,2,2,2,2,3,3,2,2,3,3,2,2,3,3,2,2,2,0,1,0,0,0,0,0,0,1,0,0,0,0,0,2,i,i,i,i,i,i,i,i,i,i,i,i,i,i,i,i,i,i,i,i,i,i,i,i,i,i,i,i,i,i,i,i,i,i,i,i,i,0,1,0,0,0,0,0,0,0,1,0,0,0,0,0,1,2,0,1,0,1,0,0,0,0,2,1,26,2,99,9,3,17,8,i,i,0,0,0,0,1,0,0,i,i,i,i,i,i,i,i,i,i,i,i,i,i,i,i,i,i,i,i,i,i,i,i,i,i,i,i,i,i,0,0,0,1,0,0,8,3,3,3,0,0,0,0,2,1,2,1,1,0,0,1,1,0,0,0,0,2,2,2,3,1,2,2,2,i,i,2,i,3,i,i,i,a,a,i,a,11,12,14,0,14,40,40,1,2,1,1,i,i,1,i,i,i,i,i,i,i,i,i,i,i,i,i,38,7,1
6291,doi:10.4232/1.12497,1.0.0 (2016-04-22),1,1,558,14000558,14639,14,3,TN,1.037123,1.377675,0.0,1.189387,1.499454,0.0,0.0,4,3,3,3,4,3,3,4,4,4,4,2,2,2,2,2,7,1,0,0,1,0,0,0,0,0,0,0,0,0,0,0,0,0,0,a,a,0,0,0,1,0,0,1,0,0,1,0,0,0,0,0,0,0,0,0,0,0,i,i,0,0,0,2,2,2,2,1,1,2,1,1,3,2,1,2,0,1,0,0,0,0,0,0,0,0,0,i,0,0,0,0,3,3,3,2,3,1,1,1,1,1,1,1,1,1,1,1,1,1,2,2,i,1,2,3,4,1,0,0,0,0,0,0,0,i,i,i,0,0,0,0,0,0,0,1,0,0,0,0,0,0,i,0,0,0,4,4,4,1,2,3,1,1,0,0,0,0,0,0,0,0,0,0,0,1,0,0,0,0,0,1,0,0,0,0,0,0,0,0,0,0,0,0,0,0,2,2,2,3,2,2,2,2,2,2,2,2,2,4,4,3,3,1,3,2,2,3,2,2,4,3,1,0,0,1,1,0,0,0,0,0,0,0,0,0,2,i,i,i,i,i,i,i,i,i,i,i,i,i,i,i,i,i,i,i,i,i,i,i,i,i,i,i,i,i,i,i,i,i,i,i,i,i,1,1,0,0,0,0,0,0,0,0,0,0,0,0,0,1,2,0,1,0,1,0,0,0,0,2,2,36,2,1,6,1,3,3,19,i,0,0,0,0,1,0,0,i,i,i,i,i,i,i,i,i,i,i,i,i,i,i,i,i,i,i,i,i,i,i,i,i,i,i,i,i,i,0,0,0,1,0,0,2,1,4,4,1,1,2,2,2,1,2,1,0,0,0,0,0,0,0,0,0,7,i,6,2,2,2,2,2,i,i,2,i,i,i,i,i,a,a,i,a,11,12,15,56,16,20,24,1,4,1,1,i,i,1,i,i,i,i,i,i,i,i,i,i,i,i,i,14,4,1
6291,doi:10.4232/1.12497,1.0.0 (2016-04-22),1,1,559,14000559,14640,14,3,TN,1.032099,1.377675,0.0,1.189387,1.499454,0.0,0.0,3,3,3,3,4,2,2,4,2,5,4,3,3,3,3,3,4,0,0,0,0,0,0,0,0,0,0,0,0,0,0,0,0,0,0,a,a,0,0,1,0,0,0,1,0,0,0,0,0,0,0,0,0,0,0,0,0,0,i,i,0,0,0,2,3,1,1,2,2,1,1,1,2,2,1,2,1,1,0,0,1,1,0,1,0,0,0,i,0,0,0,0,3,3,3,3,3,1,2,2,1,1,1,1,1,1,1,1,2,1,1,1,i,1,1,3,3,0,0,1,0,0,0,0,0,i,i,i,0,1,1,0,0,0,0,0,0,1,0,0,1,1,i,0,0,0,3,5,1,1,2,4,4,4,1,1,0,0,0,0,1,0,0,0,0,1,0,0,0,0,0,1,0,1,0,0,0,0,0,0,0,0,0,0,0,0,3,3,3,3,2,2,3,3,2,2,2,3,3,3,3,3,2,2,3,2,2,3,2,4,4,3,0,1,0,0,0,0,1,0,0,1,0,0,0,0,2,i,i,i,i,i,i,i,i,i,i,i,i,i,i,i,i,i,i,i,i,i,i,i,i,i,i,i,i,i,i,i,i,i,i,i,i,i,0,1,0,0,0,0,0,0,0,1,0,0,0,0,0,1,2,0,1,0,1,0,0,0,0,2,2,32,2,99,9,3,13,7,i,i,0,0,0,0,1,0,0,i,i,i,i,i,i,i,i,i,i,i,i,i,i,i,i,i,i,i,i,i,i,i,i,i,i,i,i,i,i,0,0,0,1,0,0,8,3,5,4,0,0,0,0,2,1,2,1,1,1,1,1,0,0,0,0,0,1,1,1,3,1,2,2,2,i,i,2,i,2,i,i,i,a,a,i,a,11,12,13,0,13,40,40,1,2,1,1,i,i,1,i,i,i,i,i,i,i,i,i,i,i,i,i,38,7,1
6291,doi:10.4232/1.12497,1.0.0 (2016-04-22),1,1,560,14000560,14641,14,3,TN,1.010406,1.377675,0.0,1.189387,1.499454,0.0,0.0,3,2,2,2,2,2,2,3,3,3,3,2,2,2,2,2,7,0,0,0,0,0,1,0,0,0,0,0,0,0,0,0,0,0,0,a,a,0,0,0,0,0,0,0,0,1,1,0,0,0,0,0,0,0,0,0,0,0,i,i,0,0,0,2,4,4,4,2,2,2,2,2,6,6,3,i,0,0,0,0,0,0,0,0,0,0,0,i,0,0,1,0,5,5,5,5,5,3,3,3,3,3,3,3,3,3,3,3,3,3,3,3,i,3,3,5,5,0,1,1,0,0,0,0,0,i,i,i,0,0,0,0,0,0,0,1,0,1,0,0,0,0,i,0,0,0,2,2,2,2,2,2,2,2,0,0,0,0,0,0,1,0,0,0,0,1,0,0,0,0,0,0,0,0,0,0,0,0,0,0,0,1,0,0,0,0,5,2,2,5,3,3,3,3,2,2,2,2,2,5,5,1,1,1,1,2,2,2,2,2,4,4,1,0,0,0,0,0,0,0,1,0,0,0,0,0,2,i,i,i,i,i,i,i,i,i,i,i,i,i,i,i,i,i,i,i,i,i,i,i,i,i,i,i,i,i,i,i,i,i,i,i,i,i,0,1,0,0,0,0,0,0,0,0,0,0,0,0,0,1,1,0,0,0,1,0,0,0,0,1,2,72,4,99,9,1,1,1,19,i,0,0,0,0,1,0,0,i,i,i,i,i,i,i,i,i,i,i,i,i,i,i,i,i,i,i,i,i,i,i,i,i,i,i,i,i,i,0,0,0,1,0,0,5,2,2,2,0,0,0,0,2,2,4,1,1,1,0,0,0,0,0,0,0,7,i,6,2,2,2,2,2,i,i,2,i,i,i,i,i,a,a,i,a,18,12,16,0,16,30,30,1,1,1,2,i,i,2,i,i,i,i,i,i,i,i,i,i,i,i,i,110,30,1
6291,doi:10.4232/1.12497,1.0.0 (2016-04-22),1,1,561,14000561,14642,14,3,TN,0.971254,1.377675,0.0,1.189387,1.499454,0.0,0.0,2,3,3,3,4,2,2,3,3,3,3,3,3,3,3,3,6,0,0,0,0,0,0,0,1,0,0,0,0,0,0,0,0,0,0,a,a,0,0,0,0,0,0,0,0,1,0,1,0,0,0,0,0,0,0,0,0,0,i,i,0,0,0,4,4,4,4,2,2,2,2,2,6,6,3,i,0,0,0,0,0,0,0,0,0,0,0,i,0,0,1,0,5,5,5,5,5,2,2,1,2,2,2,2,1,1,2,2,2,2,1,2,i,2,2,5,5,0,0,0,0,0,0,0,0,i,i,i,0,0,0,0,0,1,0,0,1,0,0,0,0,0,i,0,0,0,3,3,2,2,4,4,2,2,0,0,0,0,0,0,1,0,0,0,0,1,0,0,0,0,0,0,0,0,1,0,1,0,0,0,0,0,0,0,0,0,3,3,3,3,3,3,3,3,2,2,2,2,2,2,2,1,1,1,1,2,2,2,2,2,4,4,1,0,0,0,0,0,0,0,0,0,0,0,0,0,2,i,i,i,i,i,i,i,i,i,i,i,i,i,i,i,i,i,i,i,i,i,i,i,i,i,i,i,i,i,i,i,i,i,i,i,i,i,0,1,0,0,0,0,0,0,0,0,0,0,0,0,0,2,1,0,0,0,1,0,0,0,0,1,1,64,4,0,5,1,4,4,19,i,0,0,0,0,1,0,0,i,i,i,i,i,i,i,i,i,i,i,i,i,i,i,i,i,i,i,i,i,i,i,i,i,i,i,i,i,i,0,0,0,1,0,0,5,2,2,2,0,0,0,0,2,1,2,1,0,0,0,0,0,0,0,0,0,7,i,6,2,2,2,2,2,i,i,2,i,i,i,i,i,a,a,i,a,18,12,11,30,11,55,25,1,1,1,2,i,i,2,i,i,i,i,i,i,i,i,i,i,i,i,i,109,30,1
6291,doi:10.4232/1.12497,1.0.0 (2016-04-22),1,1,562,14000562,14643,14,3,TN,1.057513,1.377675,0.0,1.189387,1.499454,0.0,0.0,2,2,2,2,2,1,1,3,2,2,2,3,2,2,2,4,7,0,0,0,0,0,0,0,0,0,0,0,0,0,0,0,0,0,0,a,a,0,0,1,0,0,0,0,0,0,1,0,0,0,0,0,0,0,0,0,0,0,i,i,0,0,0,2,1,4,4,1,1,1,1,2,2,1,1,2,0,1,0,0,0,1,0,1,0,1,0,i,0,0,0,0,1,2,2,2,2,2,2,2,2,2,2,2,2,1,1,1,1,1,3,3,i,2,2,1,1,1,1,1,0,0,0,0,0,i,i,i,0,0,0,0,0,0,0,0,1,0,1,0,1,0,i,0,0,0,3,2,2,1,1,1,1,1,1,1,0,0,0,0,0,0,0,0,1,1,1,0,0,0,1,1,0,0,0,0,0,0,0,0,0,0,0,0,0,0,1,1,1,1,1,3,3,3,1,1,1,1,1,4,4,1,1,2,2,2,3,3,3,3,3,3,1,1,0,0,0,0,0,0,0,0,0,0,0,0,1,24,i,i,i,i,1,1,1,4,1,1,0,0,0,0,0,0,0,0,0,0,0,1,0,0,0,0,0,0,0,0,1,0,0,0,0,1,0,1,0,0,0,0,0,1,0,1,0,0,0,0,0,1,1,0,1,0,1,0,0,0,0,2,1,27,2,0,5,3,18,8,i,i,0,0,0,0,1,0,0,i,i,i,i,i,i,i,i,i,i,i,i,i,i,i,i,i,i,i,i,i,i,i,i,i,i,i,i,i,i,0,0,0,1,0,0,3,1,4,4,0,0,0,0,2,1,2,1,0,0,0,1,1,0,0,0,0,3,2,3,1,1,2,2,2,i,i,2,i,3,i,i,i,a,a,i,a,19,12,12,30,13,10,40,2,1,1,2,i,i,2,i,i,i,i,i,i,i,i,i,i,i,i,i,113,29,1
6291,doi:10.4232/1.12497,1.0.0 (2016-04-22),1,1,563,14000563,14644,14,3,TN,1.115577,1.377675,0.0,1.189387,1.499454,0.0,0.0,2,3,3,3,4,2,2,3,3,2,2,2,2,1,2,1,7,0,0,0,0,0,1,0,0,0,0,0,0,0,0,0,0,0,0,a,a,0,0,0,0,0,0,0,0,1,1,0,0,0,0,0,0,0,0,0,0,0,i,i,0,0,0,2,2,2,2,2,2,2,2,2,3,2,3,i,0,0,0,0,0,0,0,0,1,1,0,i,0,0,0,0,5,5,5,5,5,2,1,1,2,1,1,2,2,1,1,2,1,2,2,2,i,2,2,3,2,0,0,0,0,0,0,0,0,i,i,i,0,0,0,0,0,0,1,1,0,0,0,0,0,0,i,0,0,0,2,2,2,2,2,4,2,2,0,0,0,0,0,0,1,0,0,0,1,0,0,0,0,0,1,0,0,0,0,0,1,0,0,0,0,0,0,0,0,0,2,2,2,2,2,2,2,2,2,2,2,2,2,3,3,1,1,1,1,1,1,1,1,1,4,4,1,0,0,0,0,0,0,0,0,0,0,0,0,0,2,i,i,i,i,i,i,i,i,i,i,i,i,i,i,i,i,i,i,i,i,i,i,i,i,i,i,i,i,i,i,i,i,i,i,i,i,i,0,1,0,0,0,0,0,0,0,0,0,0,0,0,0,1,1,0,0,0,1,0,0,0,0,1,2,15,1,0,5,3,2,2,19,i,0,0,0,0,1,0,0,i,i,i,i,i,i,i,i,i,i,i,i,i,i,i,i,i,i,i,i,i,i,i,i,i,i,i,i,i,i,0,0,0,1,0,0,5,3,3,3,1,1,1,1,2,1,2,1,1,1,1,0,0,0,0,0,0,1,i,1,2,1,1,2,1,i,i,2,i,1,1,i,1,a,a,i,a,19,12,16,0,16,25,25,1,1,1,2,i,i,2,i,i,i,i,i,i,i,i,i,i,i,i,i,110,30,1
6291,doi:10.4232/1.12497,1.0.0 (2016-04-22),1,1,564,14000564,14645,14,3,TN,1.018056,1.377675,0.0,1.189387,1.499454,0.0,0.0,4,2,2,2,2,1,1,4,3,5,5,2,1,1,1,1,1,0,0,1,1,0,0,1,1,1,0,0,1,1,1,0,0,0,0,a,a,0,0,0,1,0,1,1,0,0,1,1,1,0,0,1,1,1,0,0,0,0,i,i,0,0,0,2,4,4,4,1,2,2,2,2,1,1,2,i,0,1,1,0,0,1,0,0,1,1,0,i,0,0,0,0,1,1,1,1,1,1,2,2,2,2,2,2,2,2,2,2,2,1,1,1,i,1,1,5,5,0,1,1,0,0,0,1,0,i,i,i,0,0,0,0,0,0,0,1,1,1,0,0,0,0,i,0,0,0,5,2,1,1,1,3,3,3,1,0,0,1,0,0,0,0,1,0,1,1,0,0,0,0,1,0,1,0,0,0,0,0,0,0,0,0,0,0,0,0,1,1,1,1,1,2,2,2,2,1,1,1,2,5,4,1,1,2,2,2,2,3,3,3,3,3,1,1,0,0,0,0,0,0,0,0,0,0,0,0,1,48,i,i,i,i,1,1,1,3,1,0,1,0,0,0,0,0,0,0,0,0,0,0,0,0,0,0,1,0,0,0,0,1,0,0,0,1,0,1,0,0,0,0,0,0,1,1,0,0,0,0,0,1,2,0,1,0,1,0,0,0,0,1,1,24,1,98,8,3,18,8,i,i,0,0,0,0,1,0,0,i,i,i,i,i,i,i,i,i,i,i,i,i,i,i,i,i,i,i,i,i,i,i,i,i,i,i,i,i,i,0,0,0,1,0,0,4,1,6,4,0,0,0,0,2,1,2,1,0,0,0,0,1,1,0,0,0,7,6,6,1,2,2,2,2,i,i,2,i,i,i,i,i,a,a,i,a,19,12,11,46,12,20,40,1,1,1,2,i,i,2,i,i,i,i,i,i,i,i,i,i,i,i,i,113,29,1
6291,doi:10.4232/1.12497,1.0.0 (2016-04-22),1,1,565,14000565,14646,14,3,TN,1.040832,1.377675,0.0,1.189387,1.499454,0.0,0.0,2,3,2,3,3,1,2,2,5,4,2,1,3,3,1,3,4,1,0,0,0,0,0,0,0,0,0,0,0,0,0,0,0,0,0,a,a,0,0,0,1,0,0,1,0,0,0,0,0,0,0,0,0,0,0,0,0,0,i,i,0,0,0,2,4,4,4,1,1,2,2,2,3,2,2,i,0,0,0,1,0,0,0,0,0,0,0,i,0,0,0,0,3,3,2,1,1,2,1,2,2,2,1,2,1,2,1,1,1,2,1,1,i,1,1,3,3,1,1,1,0,0,0,0,0,i,i,i,0,0,0,0,0,0,0,1,1,1,0,0,0,0,i,0,0,0,3,2,3,2,3,2,2,2,0,0,0,0,0,0,0,0,0,0,0,0,0,1,0,0,0,0,0,0,0,0,0,0,0,0,0,0,0,0,0,1,3,3,2,2,2,2,2,2,2,2,2,2,2,3,2,2,1,4,3,3,4,3,3,3,3,3,0,1,1,1,0,0,0,0,0,0,0,0,0,0,3,i,i,i,i,i,i,i,i,i,i,i,i,i,i,i,i,i,i,i,i,i,i,i,i,i,i,i,i,i,i,i,i,i,i,i,i,i,0,0,1,0,0,0,1,1,0,0,0,0,0,0,0,1,3,0,1,1,1,0,0,0,0,4,2,25,2,23,3,3,1,1,19,i,0,0,0,0,1,0,0,i,i,i,i,i,i,i,i,i,i,i,i,i,i,i,i,i,i,i,i,i,i,i,i,i,i,i,i,i,i,1,0,0,0,0,1,5,1,4,4,0,0,0,0,2,1,2,1,0,0,1,1,0,0,0,0,0,2,i,2,2,1,2,2,1,i,i,2,i,1,i,i,2,a,a,i,a,20,12,13,50,14,30,35,1,1,1,2,i,i,2,i,i,i,i,i,i,i,i,i,i,i,i,i,119,25,1
6291,doi:10.4232/1.12497,1.0.0 (2016-04-22),1,1,566,14000566,14647,14,3,TN,1.111768,1.377675,0.0,1.189387,1.499454,0.0,0.0,1,1,1,1,1,2,1,2,2,2,2,1,1,1,1,1,2,0,0,0,0,0,0,0,1,0,0,0,0,0,0,0,0,0,0,a,a,0,0,0,0,1,0,0,0,0,0,1,0,0,0,0,0,0,0,0,0,0,i,i,0,0,0,1,2,1,2,1,2,2,1,2,4,3,2,i,0,0,0,0,0,0,0,0,0,0,0,i,0,1,0,0,3,3,3,4,4,1,1,1,1,1,1,2,2,1,2,2,2,1,2,2,i,1,1,4,4,1,0,0,0,0,0,0,0,i,i,i,0,0,1,0,0,0,0,1,1,1,0,0,0,0,i,0,0,0,2,3,2,2,3,3,3,3,0,0,0,0,0,0,0,0,0,0,0,0,0,0,1,0,0,0,0,0,0,0,0,0,0,0,0,1,1,0,0,0,2,3,3,2,2,2,1,1,1,1,1,1,2,2,2,3,2,3,4,3,3,2,2,3,2,4,1,0,0,0,1,0,0,0,1,0,0,0,0,0,1,3,i,i,i,i,1,1,1,1,0,0,0,0,0,0,0,0,1,0,0,0,0,1,0,0,0,0,0,0,0,0,0,0,0,0,0,2,0,1,0,0,0,0,0,0,0,1,0,0,0,0,0,1,1,0,1,0,0,0,1,0,0,1,2,18,1,0,5,3,2,2,19,i,0,0,0,0,1,0,0,i,i,i,i,i,i,i,i,i,i,i,i,i,i,i,i,i,i,i,i,i,i,i,i,i,i,i,i,i,i,1,0,0,0,0,1,6,2,3,3,1,1,0,0,2,1,2,1,0,0,0,0,0,1,0,0,0,7,i,2,2,1,2,2,2,i,i,2,i,2,i,i,i,a,a,i,a,20,12,11,20,11,47,27,1,1,1,2,i,i,2,i,i,i,i,i,i,i,i,i,i,i,i,i,121,27,1
6291,doi:10.4232/1.12497,1.0.0 (2016-04-22),1,1,567,14000567,14648,14,3,TN,1.013124,1.377675,0.0,1.189387,1.499454,0.0,0.0,2,3,3,3,4,2,2,3,2,2,2,1,1,1,1,1,7,0,0,0,0,0,1,0,1,0,0,0,0,0,0,0,0,0,0,a,a,0,0,0,0,0,0,0,0,1,1,1,0,0,0,0,0,0,0,0,0,0,i,i,0,0,0,2,3,1,1,3,3,2,2,2,2,2,1,2,0,0,1,0,0,0,0,0,1,0,0,i,0,0,0,0,2,2,2,2,2,1,2,1,1,1,1,2,2,1,1,2,1,1,1,1,i,1,1,3,3,1,1,1,0,0,0,0,0,i,i,i,0,0,0,0,0,0,0,1,0,0,0,0,0,0,i,0,0,0,2,2,1,1,2,2,2,2,0,0,0,0,0,0,0,0,0,0,0,0,1,0,0,0,1,0,0,0,0,0,0,0,0,0,0,1,0,0,0,0,2,2,1,1,1,1,2,1,2,1,1,1,1,2,2,1,1,1,1,1,1,2,2,3,3,3,0,0,0,0,0,0,0,1,0,1,1,0,0,0,2,i,i,i,i,i,i,i,i,i,i,i,i,i,i,i,i,i,i,i,i,i,i,i,i,i,i,i,i,i,i,i,i,i,i,i,i,i,0,0,0,0,0,0,0,1,0,1,0,1,0,0,0,1,1,0,1,0,0,0,0,0,0,1,1,15,1,0,5,3,2,2,18,4,0,0,0,0,1,0,0,i,i,i,i,i,i,i,i,i,i,i,i,i,i,i,i,i,i,i,i,i,i,i,i,i,i,i,i,i,i,1,0,0,0,0,1,7,3,3,3,0,0,1,1,2,1,2,1,0,0,1,1,1,1,0,0,0,2,i,2,2,1,2,2,2,i,i,2,i,2,i,i,i,a,a,i,a,20,12,12,2,12,30,28,1,1,1,2,i,i,2,i,i,i,i,i,i,i,i,i,i,i,i,i,121,27,1
6291,doi:10.4232/1.12497,1.0.0 (2016-04-22),1,1,568,14000568,14649,14,3,TN,1.065032,1.377675,0.0,1.189387,1.499454,0.0,0.0,2,3,3,3,4,3,3,4,5,3,3,1,3,3,3,3,4,0,0,1,0,0,1,1,0,0,0,0,0,0,1,0,1,0,0,a,a,0,0,0,0,0,1,1,0,1,1,0,0,0,0,0,0,1,0,1,0,0,i,i,0,0,0,2,2,4,4,2,4,2,3,3,1,2,3,i,0,0,1,1,0,0,0,0,0,0,0,i,0,0,0,0,5,5,2,5,5,1,1,1,1,1,1,1,1,1,1,1,1,1,1,1,i,1,1,5,5,1,1,1,0,0,0,0,0,i,i,i,0,0,0,0,0,0,0,1,1,1,0,0,0,0,i,0,0,0,3,3,3,3,3,3,3,3,0,0,0,0,0,0,0,0,0,0,0,0,0,0,0,1,0,0,0,0,0,0,1,0,0,0,0,0,0,0,0,0,4,4,4,5,1,1,3,2,2,2,2,2,2,4,4,2,2,2,2,2,2,2,2,2,3,3,0,0,1,1,0,0,0,1,0,0,0,0,0,0,2,i,i,i,i,i,i,i,i,i,i,i,i,i,i,i,i,i,i,i,i,i,i,i,i,i,i,i,i,i,i,i,i,i,i,i,i,i,1,1,0,0,0,0,0,0,0,0,0,0,0,0,0,3,1,0,1,0,0,0,0,0,0,2,2,52,3,1,6,1,3,3,8,1,0,0,0,0,1,0,0,i,i,i,i,i,i,i,i,i,i,i,i,i,i,i,i,i,i,i,i,i,i,i,i,i,i,i,i,i,i,0,0,0,1,0,0,7,2,5,4,1,1,0,0,2,1,2,1,1,0,0,0,0,1,0,0,0,7,i,6,2,2,2,2,2,i,i,2,i,i,i,i,i,a,a,i,a,20,12,17,33,18,18,45,1,2,1,2,i,i,2,i,i,i,i,i,i,i,i,i,i,i,i,i,124,28,1
6291,doi:10.4232/1.12497,1.0.0 (2016-04-22),1,1,569,14000569,14650,14,3,TN,1.059873,1.377675,0.0,1.189387,1.499454,0.0,0.0,2,3,3,3,4,3,3,3,2,2,2,1,1,1,1,1,6,1,0,0,1,0,0,1,1,0,0,0,0,0,0,0,0,0,0,a,a,0,0,0,1,0,0,1,0,1,1,1,0,0,0,0,0,0,0,0,0,0,i,i,0,0,0,3,3,1,1,2,2,2,2,2,3,2,1,2,0,0,0,1,0,0,0,0,0,0,0,i,0,0,0,0,3,3,2,3,3,1,2,1,1,2,2,2,2,2,2,2,2,1,2,2,i,2,2,3,4,1,1,0,0,0,0,0,0,i,i,i,0,0,0,0,0,0,0,1,1,1,0,0,0,0,i,0,0,0,2,2,3,2,2,3,3,3,0,0,0,0,0,0,0,0,0,0,0,0,0,1,0,0,0,0,0,0,1,0,1,0,0,0,0,0,0,0,0,0,2,2,2,2,1,1,2,1,1,2,2,2,1,2,2,1,1,2,1,3,1,1,1,2,2,4,0,0,1,1,0,0,0,0,0,0,1,0,0,0,2,i,i,i,i,i,i,i,i,i,i,i,i,i,i,i,i,i,i,i,i,i,i,i,i,i,i,i,i,i,i,i,i,i,i,i,i,i,0,1,0,0,0,0,0,1,0,0,0,0,0,0,0,2,2,0,1,0,0,0,1,0,0,2,2,42,3,12,1,1,1,1,17,4,0,0,0,0,1,0,0,i,i,i,i,i,i,i,i,i,i,i,i,i,i,i,i,i,i,i,i,i,i,i,i,i,i,i,i,i,i,1,0,0,0,0,1,6,3,4,4,1,1,0,0,2,1,2,1,0,0,1,0,0,1,0,0,0,7,i,6,2,2,2,2,2,i,i,2,i,i,i,i,i,a,a,i,a,20,12,13,22,13,51,29,1,1,1,2,i,i,2,i,i,i,i,i,i,i,i,i,i,i,i,i,121,27,1
6291,doi:10.4232/1.12497,1.0.0 (2016-04-22),1,1,570,14000570,14651,14,3,TN,1.013124,1.377675,0.0,1.189387,1.499454,0.0,0.0,3,2,2,2,2,2,2,3,3,3,3,1,1,1,1,1,7,0,0,0,0,0,1,0,0,0,0,0,0,0,0,0,0,0,0,a,a,0,0,0,0,0,0,0,0,1,1,0,0,0,0,0,0,0,0,0,0,0,i,i,0,0,0,2,2,4,4,2,2,1,1,1,2,6,3,i,0,0,0,0,0,0,0,0,0,0,0,i,0,0,1,0,5,5,5,5,5,3,3,3,3,3,3,3,3,3,3,3,3,3,3,3,i,3,3,5,5,0,0,0,0,0,0,0,0,i,i,i,0,0,0,0,0,0,1,0,0,0,0,0,0,0,i,0,0,1,3,3,2,2,4,4,4,4,0,0,0,0,1,0,0,0,0,0,0,1,0,0,0,0,0,0,0,0,1,0,0,0,0,0,0,0,0,0,0,0,3,2,2,2,3,3,3,3,2,2,2,2,2,3,3,1,1,2,2,2,1,1,1,2,4,4,1,0,0,0,1,0,0,0,0,0,0,0,0,0,2,i,i,i,i,i,i,i,i,i,i,i,i,i,i,i,i,i,i,i,i,i,i,i,i,i,i,i,i,i,i,i,i,i,i,i,i,i,0,1,0,0,0,0,0,0,0,0,0,0,0,0,0,1,1,0,1,0,0,0,0,0,0,1,1,24,1,8,1,3,8,5,i,i,0,0,0,0,1,0,0,i,i,i,i,i,i,i,i,i,i,i,i,i,i,i,i,i,i,i,i,i,i,i,i,i,i,i,i,i,i,0,0,0,1,0,0,4,2,4,4,0,0,0,0,2,1,2,1,1,1,0,0,0,0,0,0,0,7,6,6,2,2,2,2,2,i,i,2,i,i,i,i,i,a,a,i,a,18,12,12,55,13,20,25,1,1,1,2,i,i,2,i,i,i,i,i,i,i,i,i,i,i,i,i,118,30,1
6291,doi:10.4232/1.12497,1.0.0 (2016-04-22),1,1,571,14000571,14652,14,3,TN,1.044399,1.377675,0.0,1.189387,1.499454,0.0,0.0,2,3,1,3,3,2,2,4,5,2,2,2,3,3,3,1,12,1,0,1,0,0,1,0,0,0,0,0,0,0,0,0,0,1,0,a,a,0,0,0,1,0,1,0,0,1,0,0,0,0,0,1,0,0,0,0,1,0,i,i,0,0,0,2,2,1,4,1,1,2,2,2,1,2,3,i,0,0,1,0,0,1,0,0,0,0,0,i,0,0,0,0,2,2,2,5,5,1,1,1,1,1,1,1,1,1,2,1,1,1,1,1,i,1,1,2,3,0,0,0,0,0,0,0,1,i,i,i,1,0,1,0,0,0,0,1,0,0,0,0,0,0,i,0,0,0,2,2,2,2,2,2,2,2,0,0,0,0,0,0,0,1,1,0,1,0,0,0,0,0,0,0,0,1,0,0,0,0,0,0,0,1,0,0,0,0,2,2,2,2,1,2,2,1,2,2,1,1,2,3,3,2,2,2,2,2,2,2,2,2,3,3,0,1,0,1,1,0,0,0,0,0,0,0,0,0,2,i,i,i,i,i,i,i,i,i,i,i,i,i,i,i,i,i,i,i,i,i,i,i,i,i,i,i,i,i,i,i,i,i,i,i,i,i,1,1,0,0,0,0,0,1,0,0,0,0,0,0,0,1,1,0,0,0,0,0,1,0,0,1,2,28,2,15,1,1,3,3,19,i,0,0,0,0,1,0,0,i,i,i,i,i,i,i,i,i,i,i,i,i,i,i,i,i,i,i,i,i,i,i,i,i,i,i,i,i,i,1,0,0,0,0,1,7,3,3,3,0,0,0,0,2,1,2,1,1,0,1,1,0,1,0,0,0,1,i,6,3,1,2,2,2,i,i,2,i,1,i,i,i,a,a,i,a,19,12,14,40,15,18,38,1,1,1,2,i,i,2,i,i,i,i,i,i,i,i,i,i,i,i,i,105,28,1
6291,doi:10.4232/1.12497,1.0.0 (2016-04-22),1,1,572,14000572,14653,14,3,TN,0.888826,1.377675,0.0,1.189387,1.499454,0.0,0.0,3,2,2,1,2,1,1,4,2,2,2,3,1,1,3,1,13,1,0,1,1,0,0,1,1,0,0,0,1,0,0,0,0,0,0,a,a,0,0,0,1,0,1,1,0,0,1,1,0,0,0,1,1,0,0,0,0,0,i,i,0,0,0,2,3,3,3,1,1,2,3,2,1,1,1,2,0,1,0,1,0,0,0,0,0,0,0,i,0,0,0,0,2,2,2,2,2,1,1,1,1,1,1,1,1,2,1,1,1,1,2,1,i,1,1,2,3,1,1,1,0,0,0,0,0,i,i,i,0,0,0,0,0,0,0,1,1,1,0,0,0,0,i,0,0,0,3,3,2,2,2,4,2,2,0,0,0,0,1,0,0,1,0,0,1,0,0,0,0,0,1,0,0,0,0,0,0,0,1,0,0,0,0,0,0,0,2,2,1,1,1,1,3,2,2,2,1,1,2,4,3,1,1,2,4,1,1,2,2,2,4,4,1,0,0,0,0,0,0,0,1,1,0,0,0,0,2,i,i,i,i,i,i,i,i,i,i,i,i,i,i,i,i,i,i,i,i,i,i,i,i,i,i,i,i,i,i,i,i,i,i,i,i,i,0,1,0,0,1,0,0,1,0,0,0,0,0,0,0,3,1,0,1,0,0,0,1,0,0,1,2,27,2,24,3,3,3,3,19,i,0,0,0,0,1,0,0,i,i,i,i,i,i,i,i,i,i,i,i,i,i,i,i,i,i,i,i,i,i,i,i,i,i,i,i,i,i,1,1,0,0,0,1,8,3,4,4,0,0,0,0,2,1,2,1,1,0,1,1,1,1,0,0,0,1,i,5,3,1,2,2,1,i,i,2,i,1,i,i,1,a,a,i,a,19,12,15,30,16,12,42,1,1,1,2,i,i,2,i,i,i,i,i,i,i,i,i,i,i,i,i,105,28,1
6291,doi:10.4232/1.12497,1.0.0 (2016-04-22),1,1,573,14000573,14654,14,3,TN,1.111768,1.377675,0.0,1.189387,1.499454,0.0,0.0,3,2,2,2,2,2,2,3,3,2,2,3,3,2,3,3,7,0,0,0,0,0,0,0,1,0,0,0,0,0,0,0,0,0,0,a,a,0,0,0,0,0,0,0,0,0,1,1,0,0,0,0,0,0,0,0,0,0,i,i,0,0,0,2,4,4,4,2,3,2,2,2,3,6,3,i,0,0,0,0,0,0,0,0,0,0,0,i,0,0,1,0,5,5,5,5,5,1,1,2,1,1,1,1,1,2,2,1,1,1,2,1,i,1,1,5,5,0,0,0,0,0,0,0,0,i,i,i,0,0,0,0,0,0,1,0,0,0,0,0,0,0,i,0,0,1,3,3,3,3,3,3,3,3,0,0,0,0,0,0,0,0,0,0,0,0,0,0,0,1,0,0,0,0,0,0,0,0,0,0,0,0,0,0,0,1,2,2,2,2,3,3,3,3,2,2,2,2,2,3,3,1,1,1,1,2,2,2,2,2,4,4,1,0,0,0,1,0,0,0,0,0,0,0,0,0,2,i,i,i,i,i,i,i,i,i,i,i,i,i,i,i,i,i,i,i,i,i,i,i,i,i,i,i,i,i,i,i,i,i,i,i,i,i,0,1,0,0,0,0,0,0,0,0,0,0,0,0,0,1,1,0,1,0,0,0,0,0,0,1,2,20,1,0,5,3,2,2,19,i,0,0,0,0,1,0,0,i,i,i,i,i,i,i,i,i,i,i,i,i,i,i,i,i,i,i,i,i,i,i,i,i,i,i,i,i,i,0,0,0,1,0,0,7,3,4,4,0,0,0,0,2,1,2,1,1,1,1,1,1,0,0,0,0,1,i,1,2,1,2,2,2,i,i,2,i,1,i,i,i,a,a,i,a,18,12,14,10,14,40,30,1,1,1,2,i,i,2,i,i,i,i,i,i,i,i,i,i,i,i,i,118,30,1
6291,doi:10.4232/1.12497,1.0.0 (2016-04-22),1,1,574,14000574,14655,14,3,TN,1.009665,1.377675,0.0,1.189387,1.499454,0.0,0.0,3,2,2,2,2,2,2,4,3,3,3,2,2,2,2,2,7,0,0,0,0,0,1,0,0,0,0,0,1,0,0,0,0,0,0,a,a,0,0,0,0,0,0,0,0,1,1,0,0,0,0,1,0,0,0,0,0,0,i,i,0,0,0,2,2,2,2,2,2,2,2,2,2,2,1,2,0,1,0,0,0,0,0,0,0,0,0,i,0,0,0,0,5,5,5,3,3,2,2,2,1,2,2,2,2,2,2,1,2,2,2,2,i,2,2,3,3,1,0,0,0,0,0,0,0,i,i,i,0,0,0,0,0,0,0,1,0,0,0,0,0,0,i,0,0,0,4,4,3,4,4,2,2,2,0,0,0,0,0,0,0,0,0,0,0,1,0,0,0,0,0,0,0,0,0,0,0,0,0,0,1,0,0,0,0,0,3,3,3,3,1,1,1,1,2,2,2,2,2,3,3,2,2,1,1,1,1,2,2,2,4,4,1,0,0,0,0,0,0,0,0,0,0,0,0,0,1,41,i,i,i,i,1,2,1,5,0,0,1,0,0,0,0,0,0,0,0,0,0,0,0,0,0,1,0,0,0,0,0,0,0,0,0,2,0,1,0,0,0,0,0,0,0,0,0,0,0,0,0,1,1,0,0,0,1,0,0,0,0,1,1,17,1,0,5,3,2,2,19,i,0,0,0,0,1,0,0,i,i,i,i,i,i,i,i,i,i,i,i,i,i,i,i,i,i,i,i,i,i,i,i,i,i,i,i,i,i,0,0,0,1,0,0,5,3,6,4,0,0,0,0,2,1,2,1,1,1,0,0,0,0,0,0,0,7,i,1,2,1,2,2,2,i,i,2,i,1,i,i,i,a,a,i,a,19,12,14,30,15,0,30,1,1,1,2,i,i,2,i,i,i,i,i,i,i,i,i,i,i,i,i,110,30,1
6291,doi:10.4232/1.12497,1.0.0 (2016-04-22),1,1,575,14000575,14656,14,3,TN,1.111768,1.377675,0.0,1.189387,1.499454,0.0,0.0,3,2,1,3,2,1,1,3,5,2,2,3,3,3,3,3,7,0,0,0,0,0,1,0,0,0,0,0,0,0,0,0,0,0,0,a,a,0,0,0,0,0,0,0,0,1,1,0,0,0,0,0,0,0,0,0,0,0,i,i,0,0,0,2,4,4,4,2,4,2,2,2,6,4,3,i,0,0,0,0,0,0,0,0,0,0,0,i,0,0,1,0,5,5,5,5,5,3,3,3,3,3,3,3,3,3,3,3,3,3,3,3,i,3,3,4,3,1,1,0,0,0,0,0,0,i,i,i,0,0,0,0,0,0,0,1,1,1,0,0,0,0,i,0,0,0,2,3,2,2,2,2,2,2,0,0,0,0,0,0,0,0,0,0,0,0,0,0,0,1,0,0,0,0,0,0,0,0,0,0,0,0,0,0,0,1,2,2,2,2,3,3,3,3,2,2,2,2,2,3,3,1,1,1,1,2,2,1,1,2,4,4,1,0,1,0,0,0,0,0,0,0,0,0,0,0,1,24,i,i,i,i,1,2,1,3,0,1,0,0,0,0,0,0,0,0,0,0,0,0,0,0,1,0,0,0,0,0,0,0,0,0,0,1,1,0,0,0,0,0,0,0,0,0,0,0,0,0,0,1,1,0,1,0,0,0,0,0,0,1,2,20,1,0,5,3,1,1,19,i,0,0,0,0,1,0,0,i,i,i,i,i,i,i,i,i,i,i,i,i,i,i,i,i,i,i,i,i,i,i,i,i,i,i,i,i,i,0,0,0,1,0,0,6,2,2,2,0,0,0,0,2,1,2,1,1,1,0,1,1,1,0,0,0,1,i,1,2,1,1,2,1,i,i,2,i,1,1,i,1,a,a,i,a,18,12,13,30,14,0,30,1,1,1,2,i,i,2,i,i,i,i,i,i,i,i,i,i,i,i,i,118,30,1
6291,doi:10.4232/1.12497,1.0.0 (2016-04-22),1,1,576,14000576,14657,14,3,TN,0.946227,1.377675,0.0,1.189387,1.499454,0.0,0.0,3,2,1,1,1,2,1,3,2,3,3,2,2,2,2,2,4,1,0,1,0,0,0,0,0,0,0,1,0,0,0,0,0,0,0,a,a,0,0,0,1,0,1,1,0,0,0,0,0,0,1,0,0,0,0,0,0,0,i,i,0,0,0,2,3,1,1,2,2,2,2,2,3,2,2,i,1,0,0,1,0,1,0,0,0,0,1,i,0,0,0,0,5,5,5,5,5,1,2,2,2,2,2,2,2,2,2,2,2,2,2,2,i,2,2,5,5,0,0,0,1,0,1,0,1,i,i,i,0,0,0,0,0,0,0,1,1,0,1,0,0,0,i,0,0,0,2,1,1,1,1,2,5,5,0,0,0,0,0,0,0,0,0,0,1,1,1,0,0,0,0,1,0,1,0,0,0,0,0,0,0,0,0,0,0,0,5,5,2,2,3,3,3,3,2,2,3,3,2,3,2,1,2,2,2,3,3,1,1,2,2,2,1,1,0,0,0,0,0,0,0,0,1,0,0,0,2,i,i,i,i,i,i,i,i,i,i,i,i,i,i,i,i,i,i,i,i,i,i,i,i,i,i,i,i,i,i,i,i,i,i,i,i,i,0,1,0,0,0,1,0,1,0,0,0,0,0,0,0,3,3,1,0,1,0,1,0,0,0,4,1,18,1,0,5,3,2,2,19,i,0,0,0,0,1,0,0,i,i,i,i,i,i,i,i,i,i,i,i,i,i,i,i,i,i,i,i,i,i,i,i,i,i,i,i,i,i,0,0,0,1,0,0,8,1,6,4,0,0,0,0,2,1,2,1,1,1,1,1,1,0,1,0,0,1,i,1,1,1,2,2,1,i,i,2,i,1,i,i,2,a,a,i,a,20,12,10,50,11,13,23,1,2,2,2,i,i,2,i,i,i,i,i,i,i,i,i,i,i,i,i,120,25,1
6291,doi:10.4232/1.12497,1.0.0 (2016-04-22),1,1,577,14000577,14658,14,3,TN,1.065032,1.377675,0.0,1.189387,1.499454,0.0,0.0,2,2,1,2,2,3,3,4,2,2,2,1,1,1,1,1,1,0,0,0,1,0,1,1,0,0,0,0,0,0,0,0,0,0,0,a,a,0,0,0,1,0,0,1,0,1,1,0,0,0,0,0,0,0,0,0,0,0,i,i,0,0,0,2,2,2,2,1,1,2,2,2,2,2,1,2,0,0,1,1,0,0,0,0,1,0,0,i,0,0,0,0,2,2,1,1,1,1,2,2,2,1,1,1,1,1,1,1,1,1,2,1,i,1,1,3,3,1,1,0,0,0,0,0,0,i,i,i,0,0,0,0,0,0,0,1,1,0,0,0,0,0,i,0,0,0,2,4,2,2,2,4,2,3,0,1,0,1,0,0,1,0,1,0,0,1,0,0,0,0,1,1,0,0,0,0,0,0,0,0,0,0,0,0,0,0,3,2,2,4,1,1,2,2,1,2,1,1,2,2,2,1,1,2,2,3,3,3,3,3,3,3,1,0,0,0,1,1,0,0,0,0,0,0,0,0,2,i,i,i,i,i,i,i,i,i,i,i,i,i,i,i,i,i,i,i,i,i,i,i,i,i,i,i,i,i,i,i,i,i,i,i,i,i,1,0,0,0,0,0,0,1,0,0,0,0,0,0,0,1,1,1,1,0,0,0,1,0,0,2,2,47,3,1,6,1,1,1,19,i,0,0,0,0,1,0,0,i,i,i,i,i,i,i,i,i,i,i,i,i,i,i,i,i,i,i,i,i,i,i,i,i,i,i,i,i,i,1,1,0,0,0,1,8,3,5,4,0,0,1,1,2,2,4,1,0,0,1,1,1,1,0,0,0,6,i,6,2,2,2,2,2,i,i,2,i,i,i,i,i,a,a,i,a,19,12,16,0,16,30,30,2,1,1,2,i,i,2,i,i,i,i,i,i,i,i,i,i,i,i,i,111,26,1
6291,doi:10.4232/1.12497,1.0.0 (2016-04-22),1,1,578,14000578,14659,14,3,TN,1.005917,1.377675,0.0,1.189387,1.499454,0.0,0.0,3,3,2,2,3,1,2,4,1,2,2,2,1,1,2,1,4,1,1,1,0,0,1,1,1,0,0,1,1,1,1,1,1,1,0,a,a,0,0,0,1,1,1,1,0,1,1,1,0,0,1,1,1,1,1,1,1,0,i,i,0,0,0,2,2,3,3,1,2,2,3,1,3,2,3,i,1,0,0,0,0,0,0,0,0,0,0,i,0,0,0,0,2,2,2,5,5,1,1,1,1,1,1,1,1,1,1,1,1,1,1,1,i,1,1,2,5,0,1,0,0,0,0,0,0,i,i,i,0,0,0,0,0,0,0,1,1,1,0,0,0,0,i,0,0,0,3,3,3,3,3,3,2,1,0,0,1,0,0,0,0,0,0,0,1,1,0,0,0,0,0,0,0,0,1,0,1,0,0,0,0,0,0,0,0,0,4,4,2,2,1,1,3,3,2,2,2,2,2,4,4,2,2,2,3,1,2,2,3,1,4,4,1,0,0,0,0,1,0,0,0,1,0,0,0,0,2,i,i,i,i,i,i,i,i,i,i,i,i,i,i,i,i,i,i,i,i,i,i,i,i,i,i,i,i,i,i,i,i,i,i,i,i,i,0,0,0,0,0,0,0,0,1,1,0,0,0,0,0,1,1,0,1,0,0,0,1,0,0,1,1,40,3,14,1,3,13,7,i,i,0,0,0,0,1,0,0,i,i,i,i,i,i,i,i,i,i,i,i,i,i,i,i,i,i,i,i,i,i,i,i,i,i,i,i,i,i,1,1,0,0,0,1,8,2,4,4,0,0,1,1,2,1,2,1,1,0,1,1,0,1,0,0,0,1,1,6,2,1,2,2,1,i,i,2,i,1,i,i,1,a,a,i,a,20,12,15,36,16,14,39,1,1,1,2,i,i,2,i,i,i,i,i,i,i,i,i,i,i,i,i,124,28,1
6291,doi:10.4232/1.12497,1.0.0 (2016-04-22),1,1,579,14000579,14660,14,3,TN,1.044399,1.377675,0.0,1.189387,1.499454,0.0,0.0,2,2,1,1,1,2,1,4,3,3,2,2,3,3,4,4,4,1,0,1,0,0,1,1,1,0,0,1,0,0,0,0,0,1,0,a,a,0,0,0,1,0,1,1,0,1,1,1,0,0,1,0,0,0,0,0,1,0,i,i,0,0,0,2,2,4,3,1,1,2,2,2,2,2,3,i,1,0,1,1,0,0,0,0,0,0,0,i,0,0,0,0,2,3,2,2,2,1,1,1,1,1,1,1,1,2,1,2,1,1,1,1,i,1,1,3,4,0,0,1,0,0,0,0,0,i,i,i,0,1,1,0,0,0,0,1,0,0,0,0,0,0,i,0,0,0,4,4,2,4,2,4,4,4,0,1,0,1,0,0,0,1,0,0,0,1,1,0,0,0,0,0,0,1,0,0,0,0,0,0,0,1,0,0,0,0,4,2,1,4,2,2,2,2,2,1,2,2,2,4,3,2,4,2,3,3,2,2,3,2,4,3,0,1,0,1,0,0,0,1,0,0,0,0,0,0,3,i,i,i,i,i,i,i,i,i,i,i,i,i,i,i,i,i,i,i,i,i,i,i,i,i,i,i,i,i,i,i,i,i,i,i,i,i,1,0,0,0,0,0,0,0,1,1,0,0,0,0,0,1,1,0,1,0,1,0,1,0,0,2,2,28,2,15,1,3,8,5,i,i,0,0,0,0,1,0,0,i,i,i,i,i,i,i,i,i,i,i,i,i,i,i,i,i,i,i,i,i,i,i,i,i,i,i,i,i,i,1,0,0,0,0,1,10,2,6,4,0,0,0,0,2,1,2,1,1,0,0,0,0,1,0,0,0,7,5,5,2,1,2,2,2,i,i,2,i,7,i,i,i,a,a,i,a,20,12,16,31,17,11,40,1,1,1,2,i,i,2,i,i,i,i,i,i,i,i,i,i,i,i,i,124,28,1
6291,doi:10.4232/1.12497,1.0.0 (2016-04-22),1,1,580,14000580,14661,14,3,TN,1.048797,1.377675,0.0,1.189387,1.499454,0.0,0.0,2,3,2,2,3,2,2,3,2,2,2,2,1,1,2,3,1,0,1,1,1,0,1,1,1,0,0,0,0,0,0,0,0,0,0,a,a,0,0,0,1,1,1,1,0,1,1,1,0,0,0,0,0,0,0,0,0,0,i,i,0,0,0,2,4,4,4,2,3,2,3,3,1,1,1,2,1,0,0,0,0,0,0,0,0,0,1,i,0,0,0,0,5,2,2,3,2,1,2,1,1,1,1,1,2,1,2,1,1,1,1,1,i,2,1,3,3,0,1,1,0,0,0,0,0,i,i,i,0,0,0,0,0,0,0,1,0,0,0,0,0,0,i,0,0,0,2,2,2,2,2,4,2,2,0,0,1,0,0,0,0,0,0,0,0,0,1,0,0,0,0,0,0,0,0,0,1,0,0,0,0,0,0,0,0,0,3,2,2,2,1,1,3,2,2,2,2,1,2,3,2,1,2,2,3,1,1,1,3,1,2,3,1,0,0,0,0,0,0,0,0,1,1,0,0,0,2,i,i,i,i,i,i,i,i,i,i,i,i,i,i,i,i,i,i,i,i,i,i,i,i,i,i,i,i,i,i,i,i,i,i,i,i,i,1,1,0,0,0,0,0,0,0,0,0,0,0,0,0,1,1,1,1,1,0,0,0,0,0,2,1,25,2,18,2,3,8,5,i,i,0,0,0,0,1,0,0,i,i,i,i,i,i,i,i,i,i,i,i,i,i,i,i,i,i,i,i,i,i,i,i,i,i,i,i,i,i,1,0,0,0,0,1,9,3,4,4,1,1,0,0,2,1,2,1,1,0,1,1,1,1,0,0,0,1,1,5,3,1,2,2,2,i,i,2,i,1,i,i,i,a,a,i,a,19,12,12,5,12,49,44,1,1,1,2,i,i,2,i,i,i,i,i,i,i,i,i,i,i,i,i,105,28,1
6291,doi:10.4232/1.12497,1.0.0 (2016-04-22),1,1,581,14000581,14662,14,3,TN,1.057513,1.377675,0.0,1.189387,1.499454,0.0,0.0,2,3,3,2,3,4,4,2,2,2,2,1,1,1,1,1,7,0,0,1,1,0,0,0,0,0,0,0,0,0,0,0,0,0,0,a,a,0,0,0,0,0,1,1,0,0,1,0,0,0,0,0,0,0,0,0,0,0,i,i,0,0,0,2,2,2,2,2,3,2,2,2,2,2,2,i,1,1,1,0,0,0,0,0,0,0,0,i,0,0,0,0,2,2,2,2,2,1,1,2,2,2,2,2,2,2,2,2,1,1,1,1,i,1,1,2,3,1,0,0,1,0,0,0,0,i,i,i,1,0,0,0,0,0,0,1,0,0,0,0,0,0,i,0,0,0,2,2,2,2,2,2,2,2,1,0,0,0,1,0,1,0,0,0,1,0,0,0,0,0,1,0,0,0,0,1,0,0,0,0,0,0,0,0,0,0,4,4,4,4,2,2,2,2,2,2,2,2,2,2,2,1,1,2,2,3,3,3,3,3,3,3,1,0,0,1,0,0,1,0,0,0,0,0,0,0,1,29,i,i,i,i,2,2,1,1,0,0,0,0,0,0,0,0,0,0,1,0,0,0,0,0,0,0,0,0,0,0,1,0,0,0,0,2,1,1,0,0,0,0,0,0,0,0,0,0,0,0,0,1,1,1,0,0,1,0,1,0,0,2,1,29,2,1,6,1,16,8,i,i,0,0,0,0,1,0,0,i,i,i,i,i,i,i,i,i,i,i,i,i,i,i,i,i,i,i,i,i,i,i,i,i,i,i,i,i,i,0,0,0,1,0,0,3,2,2,2,1,1,0,0,2,1,2,1,1,1,0,0,0,0,1,0,0,7,6,6,2,2,2,2,2,i,i,2,i,i,i,i,i,a,a,i,a,20,12,14,0,14,25,25,1,3,1,2,i,i,2,i,i,i,i,i,i,i,i,i,i,i,i,i,26,1,1
6291,doi:10.4232/1.12497,1.0.0 (2016-04-22),1,1,582,14000582,14663,14,3,TN,0.975436,1.377675,0.0,1.189387,1.499454,0.0,0.0,2,2,2,2,2,1,1,3,3,1,2,4,1,1,1,1,4,0,0,0,0,0,1,0,0,0,0,0,0,0,0,0,0,0,0,a,a,0,0,0,0,0,0,1,0,1,0,0,0,0,0,0,0,0,0,0,0,0,i,i,0,0,0,2,4,4,4,1,1,2,2,2,3,6,1,2,1,0,0,0,0,1,0,0,0,1,0,i,0,0,0,0,2,2,2,2,2,3,3,3,3,3,3,3,3,3,3,3,3,1,3,3,i,3,3,5,5,1,0,1,1,0,0,0,0,i,i,i,0,0,0,0,0,0,0,1,1,1,0,0,0,0,i,0,0,0,2,3,2,3,2,3,3,4,0,1,0,0,1,0,0,1,0,0,0,1,1,0,0,0,0,0,0,0,0,0,1,0,0,0,0,0,1,0,0,0,2,2,2,2,3,3,3,3,1,2,2,2,2,2,2,2,1,2,1,2,1,2,1,2,1,1,1,0,0,0,0,1,0,0,0,0,1,0,0,0,2,i,i,i,i,i,i,i,i,i,i,i,i,i,i,i,i,i,i,i,i,i,i,i,i,i,i,i,i,i,i,i,i,i,i,i,i,i,0,1,0,0,0,0,0,1,0,0,0,1,0,0,0,4,3,1,1,0,1,0,0,0,0,4,2,30,2,98,8,1,1,1,19,i,0,1,0,0,0,0,1,0,0,0,0,0,0,0,0,0,0,0,0,0,1,0,0,0,0,0,0,0,0,0,0,0,0,0,0,0,0,0,0,0,0,1,0,10,3,2,2,1,1,0,0,1,1,3,1,1,0,1,1,1,0,0,0,0,1,i,1,2,1,1,2,1,i,i,2,i,1,1,i,1,a,a,i,a,19,12,14,30,14,46,16,1,1,2,2,i,i,2,i,i,i,i,i,i,i,i,i,i,i,i,i,108,26,1
6291,doi:10.4232/1.12497,1.0.0 (2016-04-22),1,1,583,14000583,14664,14,3,TN,1.005917,1.377675,0.0,1.189387,1.499454,0.0,0.0,3,1,1,1,1,1,1,4,2,4,3,1,1,1,1,1,6,1,0,0,0,0,0,0,0,0,0,0,0,1,0,1,0,0,0,a,a,0,0,0,1,0,0,0,0,1,0,0,0,0,0,0,1,0,1,0,0,0,i,i,0,0,0,1,3,1,1,1,1,1,1,1,1,1,3,i,0,0,0,1,0,0,0,0,0,0,0,i,0,0,0,0,4,3,1,2,2,1,2,1,2,2,2,2,2,2,2,2,2,2,2,2,i,1,1,3,2,1,1,1,0,0,0,0,0,i,i,i,0,0,0,0,0,0,0,1,1,1,0,0,0,0,i,0,0,0,1,1,1,1,1,1,1,1,1,1,0,0,1,0,0,0,0,0,1,1,0,0,0,0,1,0,0,0,0,0,1,0,0,0,0,0,0,0,0,0,2,2,2,5,1,1,3,2,2,2,2,2,2,3,4,2,1,3,2,3,2,3,2,3,2,2,1,0,0,0,0,1,0,0,0,0,1,0,0,0,2,i,i,i,i,i,i,i,i,i,i,i,i,i,i,i,i,i,i,i,i,i,i,i,i,i,i,i,i,i,i,i,i,i,i,i,i,i,0,1,0,0,0,0,0,1,0,0,1,0,0,0,0,2,1,1,0,1,1,0,0,0,0,1,1,40,3,18,2,1,18,8,i,i,1,0,0,0,0,0,1,0,0,0,0,0,0,0,0,0,0,0,0,0,1,0,0,0,0,0,0,0,0,0,0,0,0,0,0,0,0,0,0,0,0,1,0,5,1,3,3,1,1,2,2,1,1,3,1,0,0,0,0,0,0,0,0,0,7,6,6,2,1,2,2,2,i,i,2,i,6,i,i,i,a,a,i,a,20,12,13,25,13,46,21,1,2,1,2,i,i,2,i,i,i,i,i,i,i,i,i,i,i,i,i,119,25,1
6291,doi:10.4232/1.12497,1.0.0 (2016-04-22),1,1,584,14000584,14665,14,3,TN,0.832981,1.377675,0.0,1.189387,1.499454,0.0,0.0,4,2,2,2,2,1,1,4,3,2,2,1,1,1,1,1,6,0,0,0,0,0,0,0,0,0,0,0,1,0,0,0,0,0,0,a,a,0,0,0,0,0,0,0,0,1,0,0,0,0,0,1,0,0,0,0,0,0,i,i,0,0,0,2,2,2,2,2,4,2,2,2,2,2,3,i,0,0,0,0,0,0,0,0,1,1,1,i,0,0,0,0,3,2,3,3,2,1,2,1,2,1,1,1,1,2,2,2,1,2,2,1,i,1,1,3,2,1,0,0,0,0,0,1,0,i,i,i,0,0,1,0,0,0,0,1,0,1,1,0,0,0,i,0,0,0,3,2,3,3,1,1,2,2,1,0,1,1,0,0,0,0,0,0,0,1,0,1,0,0,0,0,0,0,1,0,0,0,0,0,0,1,0,0,0,0,2,2,2,2,2,3,3,3,1,2,2,2,2,2,2,2,3,3,2,3,3,3,3,3,3,3,1,1,0,0,0,0,0,0,0,0,1,0,0,0,2,i,i,i,i,i,i,i,i,i,i,i,i,i,i,i,i,i,i,i,i,i,i,i,i,i,i,i,i,i,i,i,i,i,i,i,i,i,0,1,0,0,0,0,0,0,1,0,1,0,0,0,0,4,3,0,0,0,0,0,0,0,1,4,2,39,2,99,9,1,12,6,i,i,0,1,0,0,0,0,1,0,0,0,0,0,0,0,0,0,0,0,0,0,0,0,0,0,0,0,0,0,0,0,0,0,0,0,1,0,0,0,0,0,1,0,0,7,1,2,2,2,2,0,0,2,1,2,1,0,0,1,1,0,0,0,0,0,1,6,3,2,1,2,2,1,i,i,2,i,1,i,i,6,a,a,i,a,19,12,13,50,14,23,33,2,1,2,2,i,i,2,i,i,i,i,i,i,i,i,i,i,i,i,i,108,26,1
6291,doi:10.4232/1.12497,1.0.0 (2016-04-22),1,1,585,14000585,14666,14,3,TN,1.005917,1.377675,0.0,1.189387,1.499454,0.0,0.0,2,3,3,3,4,2,2,3,3,3,3,3,3,3,3,3,7,0,0,0,1,0,1,0,0,0,0,0,0,0,0,0,0,0,0,a,a,0,0,0,0,0,0,1,0,1,1,0,0,0,0,0,0,0,0,0,0,0,i,i,0,0,0,2,1,1,1,2,2,1,1,1,3,6,2,i,0,0,0,0,0,0,0,0,0,0,0,i,0,0,1,0,5,5,5,5,5,2,1,1,2,2,1,1,2,2,2,2,1,1,2,1,i,1,2,5,5,0,0,0,0,0,0,0,0,i,i,i,0,0,0,0,0,1,0,0,0,0,0,0,0,0,i,0,1,0,2,2,2,1,4,4,2,2,0,0,0,0,0,0,0,0,0,0,0,0,0,0,1,0,0,0,0,0,0,0,0,0,0,0,0,0,0,0,1,0,3,2,2,5,2,2,2,2,2,2,2,2,2,3,3,1,1,1,1,2,2,2,2,2,4,4,1,0,0,0,0,0,0,0,0,0,0,0,0,0,2,i,i,i,i,i,i,i,i,i,i,i,i,i,i,i,i,i,i,i,i,i,i,i,i,i,i,i,i,i,i,i,i,i,i,i,i,i,0,1,0,0,0,0,0,0,0,0,0,0,0,0,0,1,1,0,1,0,0,0,0,0,0,1,1,48,3,14,1,1,7,5,i,i,0,0,0,0,1,0,0,i,i,i,i,i,i,i,i,i,i,i,i,i,i,i,i,i,i,i,i,i,i,i,i,i,i,i,i,i,i,0,0,0,1,0,0,6,3,3,3,2,2,0,0,2,1,2,1,1,1,1,0,0,0,0,0,0,7,1,6,2,2,2,2,2,i,i,2,i,i,i,i,i,a,a,i,a,18,12,12,0,12,20,20,1,1,1,2,i,i,2,i,i,i,i,i,i,i,i,i,i,i,i,i,109,30,1
6291,doi:10.4232/1.12497,1.0.0 (2016-04-22),1,1,586,14000586,14667,14,3,TN,1.052391,1.377675,0.0,1.189387,1.499454,0.0,0.0,3,3,2,2,3,2,2,4,3,2,2,3,4,4,4,4,7,0,0,0,0,0,0,0,0,0,0,0,0,0,0,0,0,0,0,a,a,0,0,1,0,0,0,0,0,0,1,0,0,0,0,0,0,0,0,0,0,0,i,i,0,0,0,2,1,1,1,1,1,2,2,1,1,1,2,i,0,1,0,1,0,0,0,0,1,1,0,i,0,0,0,0,1,1,1,2,2,1,2,2,2,2,2,2,2,1,1,1,1,2,2,1,i,1,1,2,2,1,1,1,0,0,0,0,0,i,i,i,0,0,0,0,0,0,0,0,1,1,0,0,0,1,i,0,0,0,2,2,2,2,4,4,2,2,1,1,0,1,0,0,0,0,0,0,1,1,0,0,0,0,1,1,0,0,0,0,0,0,0,0,0,0,0,0,0,0,3,3,3,3,1,2,2,2,2,2,3,3,3,3,3,1,1,2,2,2,2,2,3,3,3,3,1,1,0,0,0,0,0,0,0,0,0,0,0,0,2,i,i,i,i,i,i,i,i,i,i,i,i,i,i,i,i,i,i,i,i,i,i,i,i,i,i,i,i,i,i,i,i,i,i,i,i,i,0,1,0,0,0,0,0,1,0,1,0,0,0,0,0,1,1,0,1,0,0,0,0,0,0,2,1,30,2,99,9,1,14,7,i,i,0,0,0,0,1,0,0,i,i,i,i,i,i,i,i,i,i,i,i,i,i,i,i,i,i,i,i,i,i,i,i,i,i,i,i,i,i,0,0,0,1,0,0,6,1,2,2,2,2,0,0,2,1,2,1,1,1,0,0,1,1,0,0,0,7,6,6,1,2,2,2,2,i,i,2,i,i,i,i,i,a,a,i,a,19,12,13,20,13,55,35,1,1,1,2,i,i,2,i,i,i,i,i,i,i,i,i,i,i,i,i,113,29,1
6291,doi:10.4232/1.12497,1.0.0 (2016-04-22),1,1,587,14000587,14668,14,3,TN,1.111768,1.377675,0.0,1.189387,1.499454,0.0,0.0,4,2,2,3,3,3,3,4,3,4,4,4,4,4,2,3,7,1,1,0,1,1,0,0,0,1,1,1,0,0,0,0,0,0,0,a,a,0,0,0,1,1,0,1,1,0,1,0,1,1,1,0,0,0,0,0,0,0,i,i,0,0,0,2,3,3,3,1,1,1,1,1,1,1,1,2,0,1,0,1,0,1,1,0,1,0,0,i,0,0,0,0,1,1,1,1,1,1,3,3,3,3,3,1,1,1,1,1,1,1,1,1,i,1,1,1,1,0,1,1,0,0,0,1,0,i,i,i,0,0,0,0,0,0,0,0,1,1,1,0,0,0,i,0,0,0,5,5,5,4,4,4,4,4,1,0,0,1,1,0,0,0,0,0,1,1,0,0,0,0,1,1,0,0,0,0,0,0,0,0,0,0,0,0,0,0,3,3,3,3,1,2,2,2,2,2,2,2,2,4,4,3,3,3,3,2,2,2,2,2,2,2,1,1,0,0,0,0,0,0,0,0,0,0,0,0,2,i,i,i,i,i,i,i,i,i,i,i,i,i,i,i,i,i,i,i,i,i,i,i,i,i,i,i,i,i,i,i,i,i,i,i,i,i,0,1,0,0,0,0,0,1,0,0,0,0,0,0,0,1,1,0,1,0,1,0,0,0,0,1,2,22,1,99,9,3,3,3,14,3,0,0,0,0,1,0,0,i,i,i,i,i,i,i,i,i,i,i,i,i,i,i,i,i,i,i,i,i,i,i,i,i,i,i,i,i,i,0,0,0,1,0,0,6,2,5,4,2,2,0,0,2,1,2,1,0,0,1,1,1,0,0,0,0,3,i,3,1,1,2,2,2,i,i,2,i,2,i,i,i,a,a,i,a,19,12,10,20,10,55,35,1,1,1,2,i,i,2,i,i,i,i,i,i,i,i,i,i,i,i,i,113,29,1
6291,doi:10.4232/1.12497,1.0.0 (2016-04-22),1,1,588,14000588,14669,14,3,TN,0.942714,1.377675,0.0,1.189387,1.499454,0.0,0.0,4,1,1,1,1,1,1,4,2,5,5,2,2,1,1,1,4,1,1,1,0,1,1,1,1,1,1,1,1,1,1,0,0,0,0,a,a,0,0,0,1,1,1,1,1,1,1,1,1,1,1,1,1,1,0,0,0,0,i,i,0,0,0,2,2,1,1,1,1,2,1,1,1,1,1,1,0,1,0,1,0,1,0,0,1,1,0,i,0,0,0,0,1,1,1,1,1,1,2,2,2,2,2,2,2,2,2,2,2,1,1,1,i,1,1,1,1,1,1,1,0,0,0,0,0,i,i,i,0,0,0,0,0,0,0,1,1,1,0,0,0,0,i,0,0,0,1,2,2,1,1,1,1,1,1,1,0,0,1,0,0,0,0,0,1,1,0,0,0,0,1,1,0,0,0,0,0,0,0,0,0,0,0,0,0,0,2,2,2,1,1,2,2,2,1,1,2,2,1,4,4,1,2,2,2,1,1,2,3,3,3,3,0,1,0,0,0,0,0,1,1,0,0,0,0,0,2,i,i,i,i,i,i,i,i,i,i,i,i,i,i,i,i,i,i,i,i,i,i,i,i,i,i,i,i,i,i,i,i,i,i,i,i,i,0,1,0,0,0,0,0,1,0,0,0,0,0,0,0,1,1,0,1,0,1,0,0,0,0,1,1,54,3,99,9,1,13,7,i,i,0,0,0,0,1,0,0,i,i,i,i,i,i,i,i,i,i,i,i,i,i,i,i,i,i,i,i,i,i,i,i,i,i,i,i,i,i,0,0,0,1,0,0,6,2,7,4,0,0,0,0,2,1,2,1,1,0,1,1,0,1,0,0,0,3,2,3,1,2,2,2,2,i,i,2,i,i,i,i,i,a,a,i,a,19,12,14,0,14,30,30,1,1,2,2,i,i,2,i,i,i,i,i,i,i,i,i,i,i,i,i,114,29,1
6291,doi:10.4232/1.12497,1.0.0 (2016-04-22),1,1,589,14000589,14670,14,3,TN,1.111768,1.377675,0.0,1.189387,1.499454,0.0,0.0,3,3,3,3,4,1,2,4,4,2,2,3,1,1,3,1,7,0,0,1,0,0,1,0,1,0,0,0,1,0,0,0,0,0,0,a,a,0,0,0,0,0,1,0,0,1,1,1,0,0,0,1,0,0,0,0,0,0,i,i,0,0,0,2,2,3,3,2,2,2,1,2,3,3,2,i,0,0,0,0,0,0,0,0,0,0,0,i,0,1,0,0,2,3,3,2,3,2,2,2,1,1,1,1,1,1,1,2,2,1,1,2,i,1,1,3,3,1,0,0,0,0,0,0,0,i,i,i,0,0,0,0,0,0,0,1,0,0,1,0,0,0,i,0,0,0,3,3,3,3,3,3,3,3,0,0,0,0,0,0,0,0,0,0,0,0,0,0,1,0,0,0,0,0,1,0,1,0,0,0,0,0,0,0,0,0,3,3,2,3,2,2,2,2,2,2,2,2,2,3,3,3,3,3,3,3,3,3,3,3,3,3,1,1,0,0,0,0,0,1,0,0,0,0,0,0,1,48,i,i,i,i,1,1,1,1,0,0,0,0,0,0,0,0,1,0,0,0,0,1,0,0,0,0,0,0,0,0,0,0,0,0,0,1,0,1,0,0,0,0,0,1,0,0,0,0,0,0,0,3,2,1,0,0,1,0,0,0,0,2,2,18,1,17,2,3,18,8,i,i,0,0,0,0,1,0,0,i,i,i,i,i,i,i,i,i,i,i,i,i,i,i,i,i,i,i,i,i,i,i,i,i,i,i,i,i,i,1,0,0,0,0,1,5,2,3,3,2,2,1,1,2,1,2,1,0,0,1,1,0,1,0,0,0,1,6,6,3,1,2,2,2,i,i,2,i,1,i,i,i,a,a,i,a,19,12,13,1,13,25,24,1,1,1,2,i,i,2,i,i,i,i,i,i,i,i,i,i,i,i,i,106,27,1
6291,doi:10.4232/1.12497,1.0.0 (2016-04-22),1,1,590,14000590,14671,14,3,TN,1.045485,1.377675,0.0,1.189387,1.499454,0.0,0.0,2,3,3,3,4,3,3,4,3,2,2,3,3,3,2,1,7,0,0,0,1,0,0,0,0,0,0,0,0,0,0,1,0,0,0,a,a,0,0,0,0,0,0,1,0,0,1,0,0,0,0,0,0,0,1,0,0,0,i,i,0,0,0,2,2,1,2,2,3,2,2,2,2,2,1,2,0,1,0,1,0,0,0,1,0,0,0,i,0,0,0,0,2,3,2,2,2,1,1,1,2,1,1,1,1,1,1,1,1,1,1,1,i,1,1,3,3,1,1,1,0,0,0,0,0,i,i,i,0,0,0,0,0,0,0,0,1,0,0,0,0,0,i,0,0,0,2,4,2,3,3,3,3,4,1,0,0,0,0,1,0,0,0,0,1,0,1,0,0,0,1,0,0,0,0,0,0,0,0,0,0,0,1,0,0,0,2,1,2,1,1,2,2,2,2,2,1,1,2,4,3,1,2,1,1,2,2,2,2,2,2,2,1,0,0,0,1,0,0,0,0,0,1,0,0,0,2,i,i,i,i,i,i,i,i,i,i,i,i,i,i,i,i,i,i,i,i,i,i,i,i,i,i,i,i,i,i,i,i,i,i,i,i,i,1,1,0,0,0,0,0,1,0,0,0,0,0,0,0,1,1,1,1,0,1,0,0,0,0,2,2,15,1,0,5,3,2,2,19,i,0,0,0,0,1,0,0,i,i,i,i,i,i,i,i,i,i,i,i,i,i,i,i,i,i,i,i,i,i,i,i,i,i,i,i,i,i,1,1,0,0,0,1,5,2,4,4,0,0,0,0,2,1,2,1,1,1,1,1,0,1,0,0,0,1,i,2,2,1,2,2,2,i,i,2,i,1,i,i,i,a,a,i,a,19,12,10,30,11,0,30,1,2,2,2,i,i,2,i,i,i,i,i,i,i,i,i,i,i,i,i,112,26,1
6291,doi:10.4232/1.12497,1.0.0 (2016-04-22),1,1,591,14000591,14672,14,3,TN,0.984095,1.377675,0.0,1.189387,1.499454,0.0,0.0,4,2,1,2,2,4,4,4,3,4,3,2,3,3,2,3,1,0,0,1,1,0,0,1,0,0,0,0,0,0,0,0,0,0,0,a,a,0,0,0,1,0,1,1,0,0,1,0,0,0,0,0,0,0,0,0,0,0,i,i,0,0,0,2,2,1,2,2,2,2,1,2,2,2,1,2,0,0,0,1,0,1,1,0,0,0,0,i,0,0,0,0,2,2,2,2,3,1,1,1,1,1,1,1,1,1,1,1,1,1,1,1,i,1,1,3,3,1,1,1,0,0,0,0,0,i,i,i,0,0,0,0,0,0,0,1,1,1,0,0,0,0,i,0,0,0,3,4,3,3,3,4,3,3,1,0,0,0,1,0,1,0,0,0,1,1,0,0,0,0,1,0,0,0,0,1,0,0,0,0,0,0,0,0,0,0,2,2,2,4,1,1,1,2,2,2,2,1,2,2,2,2,2,3,3,3,3,3,2,2,2,2,0,1,0,0,1,0,0,0,1,0,0,0,0,0,2,i,i,i,i,i,i,i,i,i,i,i,i,i,i,i,i,i,i,i,i,i,i,i,i,i,i,i,i,i,i,i,i,i,i,i,i,i,1,0,0,0,0,0,0,0,0,0,0,1,0,0,0,1,1,1,1,0,1,0,0,0,0,2,1,65,4,1,6,1,4,4,19,i,0,0,0,0,1,0,0,i,i,i,i,i,i,i,i,i,i,i,i,i,i,i,i,i,i,i,i,i,i,i,i,i,i,i,i,i,i,1,0,0,0,0,1,3,1,10,4,1,1,2,2,2,1,2,1,0,0,0,0,0,1,0,0,0,7,i,6,2,2,2,2,2,i,i,2,i,i,i,i,i,a,a,i,a,19,12,11,45,12,15,30,1,2,2,2,i,i,2,i,i,i,i,i,i,i,i,i,i,i,i,i,112,26,1
6291,doi:10.4232/1.12497,1.0.0 (2016-04-22),1,1,592,14000592,14673,14,3,TN,0.993281,1.377675,0.0,1.189387,1.499454,0.0,0.0,2,3,1,2,2,2,2,4,3,2,3,1,1,1,1,1,4,0,0,0,0,0,0,1,1,0,0,0,0,0,0,0,0,0,0,a,a,0,0,0,0,0,0,1,0,0,1,1,0,0,0,0,0,0,0,0,0,0,i,i,0,0,0,1,1,1,1,1,1,2,2,2,2,2,1,2,1,0,0,0,0,1,0,0,1,1,0,i,0,0,0,0,2,2,2,2,2,1,2,2,2,1,1,1,1,1,1,1,1,1,1,1,i,1,1,3,3,1,0,1,0,0,0,0,0,i,i,i,0,0,0,0,0,0,0,1,0,0,0,0,0,0,i,0,0,0,2,3,2,2,3,4,3,3,1,0,1,0,0,1,0,0,1,0,1,0,0,0,0,0,1,0,0,0,0,0,1,0,0,0,0,0,0,0,0,0,4,2,2,4,2,2,2,2,1,2,1,1,2,2,2,1,1,2,3,3,3,3,3,3,3,4,1,0,0,0,1,0,0,0,1,0,0,0,0,0,1,42,i,i,i,i,1,2,1,1,0,0,0,0,0,0,0,0,0,0,1,0,0,0,0,0,0,0,0,0,0,0,1,0,0,0,0,2,1,1,0,0,0,0,0,1,0,0,0,0,0,0,0,1,1,1,1,0,1,0,0,0,0,2,2,50,3,13,1,4,1,1,18,4,0,0,0,0,1,0,0,i,i,i,i,i,i,i,i,i,i,i,i,i,i,i,i,i,i,i,i,i,i,i,i,i,i,i,i,i,i,1,1,0,0,0,1,5,2,5,4,0,0,0,0,2,1,2,1,0,0,0,0,0,0,0,0,0,7,i,6,2,2,2,2,2,i,i,2,i,i,i,i,i,a,a,i,a,19,12,12,30,13,0,30,1,3,2,2,i,i,2,i,i,i,i,i,i,i,i,i,i,i,i,i,112,26,1
6291,doi:10.4232/1.12497,1.0.0 (2016-04-22),1,1,593,14000593,14674,14,3,TN,0.975436,1.377675,0.0,1.189387,1.499454,0.0,0.0,2,2,1,3,2,1,1,4,2,2,2,2,1,1,2,1,1,0,0,1,1,0,1,0,1,0,0,0,0,0,0,0,0,0,0,a,a,0,0,0,1,0,1,1,0,1,0,1,0,0,0,0,0,0,0,0,0,0,i,i,0,0,0,2,2,1,1,1,2,2,1,2,3,2,1,2,0,1,0,1,0,1,0,0,0,0,0,i,0,0,0,0,2,2,2,3,3,1,2,2,2,1,2,2,2,2,2,1,1,1,2,1,i,1,1,1,2,1,1,0,0,0,0,0,0,i,i,i,1,0,0,0,0,0,0,1,1,0,0,0,0,0,i,0,0,0,3,3,3,3,3,3,3,3,1,0,1,0,0,0,1,0,0,1,0,1,0,0,0,0,1,0,0,0,0,0,1,0,0,0,0,0,0,0,0,0,3,3,3,1,2,2,2,2,2,2,2,2,2,4,4,1,1,1,2,2,2,2,1,2,2,3,1,0,0,0,1,1,0,0,0,0,0,0,0,0,2,i,i,i,i,i,i,i,i,i,i,i,i,i,i,i,i,i,i,i,i,i,i,i,i,i,i,i,i,i,i,i,i,i,i,i,i,i,0,1,0,0,0,0,0,1,0,0,0,0,0,0,0,1,1,0,1,0,0,0,1,0,0,2,2,28,2,18,2,1,1,1,19,i,0,0,0,0,1,0,0,i,i,i,i,i,i,i,i,i,i,i,i,i,i,i,i,i,i,i,i,i,i,i,i,i,i,i,i,i,i,1,1,0,0,0,1,7,3,2,2,1,1,0,0,2,1,2,1,1,0,0,0,0,1,0,0,0,6,i,2,2,1,2,2,2,i,i,2,i,2,i,i,i,a,a,i,a,19,12,11,10,11,30,20,1,2,2,2,i,i,2,i,i,i,i,i,i,i,i,i,i,i,i,i,112,26,1
6291,doi:10.4232/1.12497,1.0.0 (2016-04-22),1,1,594,14000594,14675,14,3,TN,1.048797,1.377675,0.0,1.189387,1.499454,0.0,0.0,2,2,2,2,2,2,2,3,2,3,3,1,1,1,1,1,7,0,0,0,0,0,1,0,1,0,0,0,0,0,0,0,0,0,0,a,a,0,0,0,0,0,0,0,0,1,1,1,0,0,0,0,0,0,0,0,0,0,i,i,0,0,0,1,2,1,1,2,2,1,1,1,2,3,2,i,0,0,0,0,0,0,0,0,0,0,0,i,0,0,1,0,5,5,5,5,5,3,3,3,3,3,3,3,3,3,3,3,3,3,3,3,i,3,3,5,5,0,0,0,0,0,0,0,0,i,i,i,0,0,0,0,0,1,0,0,0,0,0,0,0,0,i,0,0,1,4,4,4,4,4,4,4,4,0,0,0,0,0,0,0,0,0,0,0,0,0,0,0,1,0,0,0,0,0,0,0,0,0,0,0,0,0,0,0,1,2,1,1,4,1,2,2,2,1,2,2,2,1,2,2,2,2,2,2,2,2,2,1,1,4,4,0,0,0,0,0,0,0,0,0,0,0,0,1,0,2,i,i,i,i,i,i,i,i,i,i,i,i,i,i,i,i,i,i,i,i,i,i,i,i,i,i,i,i,i,i,i,i,i,i,i,i,i,0,1,0,0,0,0,0,0,0,0,0,0,0,0,0,2,1,0,1,0,0,0,0,0,0,1,1,37,2,22,3,1,7,5,i,i,0,0,0,0,1,0,0,i,i,i,i,i,i,i,i,i,i,i,i,i,i,i,i,i,i,i,i,i,i,i,i,i,i,i,i,i,i,0,0,0,1,0,0,5,2,2,2,1,1,0,0,2,1,2,1,1,1,0,0,0,0,0,0,0,7,6,6,2,2,2,2,2,i,i,2,i,i,i,i,i,a,a,i,a,18,12,13,30,13,55,25,1,1,1,2,i,i,2,i,i,i,i,i,i,i,i,i,i,i,i,i,109,30,1
6291,doi:10.4232/1.12497,1.0.0 (2016-04-22),1,1,595,14000595,14676,14,3,TN,0.90582,1.377675,0.0,1.189387,1.499454,0.0,0.0,2,2,3,3,3,3,3,3,2,2,2,3,3,3,3,3,2,1,0,0,0,0,0,0,0,0,0,0,0,0,0,1,0,0,0,a,a,0,0,0,1,1,0,0,0,0,0,0,0,0,0,0,0,0,1,0,0,0,i,i,0,0,0,3,3,3,3,5,5,2,2,2,3,2,3,i,1,1,0,1,0,0,0,0,0,0,1,i,0,0,0,0,3,2,3,3,2,2,2,2,2,2,3,3,1,1,1,1,1,2,2,2,i,2,2,5,5,0,0,0,0,0,0,0,0,i,i,i,0,0,0,0,0,0,1,0,0,0,0,0,0,0,i,0,0,1,4,4,4,4,4,4,4,4,0,0,0,0,0,0,0,0,0,0,0,0,0,0,0,1,0,0,0,0,0,0,0,0,0,0,0,0,0,0,0,1,2,2,2,4,2,2,2,2,2,2,2,2,2,4,4,3,3,3,3,3,3,3,3,3,3,3,1,0,0,0,0,0,0,0,0,1,1,0,0,0,2,i,i,i,i,i,i,i,i,i,i,i,i,i,i,i,i,i,i,i,i,i,i,i,i,i,i,i,i,i,i,i,i,i,i,i,i,i,1,1,0,0,0,0,1,0,0,0,0,0,0,0,0,4,3,0,0,0,0,0,0,0,1,4,1,56,4,99,9,1,8,5,i,i,0,0,0,0,1,0,0,i,i,i,i,i,i,i,i,i,i,i,i,i,i,i,i,i,i,i,i,i,i,i,i,i,i,i,i,i,i,1,0,0,0,0,1,5,1,5,4,0,0,0,0,2,1,2,1,0,0,1,1,0,0,0,0,0,7,6,6,2,2,2,2,2,i,i,2,i,i,i,i,i,a,a,i,a,19,12,14,55,15,21,21,1,3,2,2,i,i,2,i,i,i,i,i,i,i,i,i,i,i,i,i,108,26,1
6291,doi:10.4232/1.12497,1.0.0 (2016-04-22),1,1,596,14000596,14677,14,3,TN,1.048797,1.377675,0.0,1.189387,1.499454,0.0,0.0,3,2,2,2,2,2,2,4,4,4,4,3,3,3,3,3,7,0,0,0,0,0,1,0,0,0,0,0,0,0,0,0,0,0,0,a,a,0,0,0,0,0,0,0,0,1,1,0,0,0,0,0,0,0,0,0,0,0,i,i,0,0,0,2,2,1,1,2,2,1,1,1,4,4,2,i,1,0,0,0,0,0,0,0,1,0,0,i,0,0,0,0,2,2,2,2,2,1,2,2,1,1,1,1,2,2,1,1,1,1,1,1,i,1,1,2,2,0,1,0,0,0,0,0,0,i,i,i,0,0,0,0,0,0,0,0,1,0,0,0,0,0,i,0,0,0,2,2,2,3,3,3,3,3,1,1,0,1,0,0,0,0,0,0,0,0,0,0,0,0,0,0,0,0,1,0,1,0,0,0,0,0,0,0,0,0,1,1,1,1,1,1,1,1,2,2,2,2,2,3,3,1,1,1,1,1,2,2,2,2,4,4,1,0,0,0,0,0,0,1,0,0,0,0,0,0,2,i,i,i,i,i,i,i,i,i,i,i,i,i,i,i,i,i,i,i,i,i,i,i,i,i,i,i,i,i,i,i,i,i,i,i,i,i,0,1,0,0,0,0,0,0,0,0,0,0,0,0,0,2,1,0,0,0,1,0,0,0,0,1,1,32,2,10,1,3,3,3,19,i,0,0,0,0,1,0,0,i,i,i,i,i,i,i,i,i,i,i,i,i,i,i,i,i,i,i,i,i,i,i,i,i,i,i,i,i,i,0,0,0,1,0,0,4,2,6,4,0,0,0,0,2,2,4,1,1,1,0,0,0,0,0,0,0,7,i,6,2,2,2,2,2,i,i,2,i,i,i,i,i,a,a,i,a,18,12,11,0,11,25,25,1,1,1,2,i,i,2,i,i,i,i,i,i,i,i,i,i,i,i,i,109,30,1
6291,doi:10.4232/1.12497,1.0.0 (2016-04-22),1,1,597,14000597,14678,14,3,TN,1.009665,1.377675,0.0,1.189387,1.499454,0.0,0.0,2,2,2,2,2,2,2,4,1,2,2,2,1,1,3,1,12,0,0,1,0,0,0,1,1,0,0,1,0,0,0,0,0,0,0,a,a,0,0,0,0,0,1,0,0,0,1,1,0,0,1,1,0,0,0,0,0,0,i,i,0,0,0,2,2,1,1,1,2,2,2,2,1,2,3,i,0,0,0,1,0,1,0,0,0,0,0,i,0,0,0,0,2,2,2,5,5,2,2,1,1,1,1,1,1,1,1,1,1,1,1,1,i,2,1,2,5,0,0,0,0,0,0,0,1,i,i,i,1,1,0,0,0,0,0,1,1,0,0,0,0,0,i,0,0,0,3,3,3,3,3,3,3,3,0,1,1,0,0,0,0,0,0,0,0,0,0,0,0,0,1,0,0,0,0,0,1,0,0,0,0,0,0,0,0,0,4,3,2,1,1,1,3,2,2,2,1,1,2,4,3,2,2,2,3,2,2,2,3,2,3,3,0,0,0,1,0,0,1,1,0,0,0,0,0,0,2,i,i,i,i,i,i,i,i,i,i,i,i,i,i,i,i,i,i,i,i,i,i,i,i,i,i,i,i,i,i,i,i,i,i,i,i,i,1,1,0,0,0,0,1,0,0,0,0,0,0,0,0,3,1,0,1,0,0,0,1,0,0,2,1,21,1,0,5,3,2,2,19,i,0,0,0,0,1,0,0,i,i,i,i,i,i,i,i,i,i,i,i,i,i,i,i,i,i,i,i,i,i,i,i,i,i,i,i,i,i,0,0,0,1,0,0,5,3,4,4,0,0,2,2,2,1,2,1,0,0,1,0,0,1,0,0,0,7,i,5,3,1,2,2,2,i,i,2,i,1,i,i,i,a,a,i,a,19,12,11,15,11,54,39,2,1,1,2,i,i,2,i,i,i,i,i,i,i,i,i,i,i,i,i,105,28,1
6291,doi:10.4232/1.12497,1.0.0 (2016-04-22),1,1,598,14000598,14679,14,3,TN,0.888826,1.377675,0.0,1.189387,1.499454,0.0,0.0,2,3,3,3,4,2,2,3,3,3,3,3,3,3,3,3,6,0,0,0,1,0,0,0,0,0,0,1,0,0,0,0,0,0,0,a,a,0,0,0,0,0,0,1,0,1,0,0,0,0,1,0,0,0,0,0,0,0,i,i,0,0,0,2,2,2,2,2,2,1,1,1,6,6,3,i,1,0,0,0,1,0,0,0,1,0,0,i,0,0,0,0,3,2,3,4,3,2,1,2,1,2,1,2,2,1,1,2,1,2,1,1,i,1,1,3,2,1,0,0,0,1,0,0,0,i,i,i,0,0,1,0,0,0,0,1,1,1,0,0,0,0,i,0,0,0,3,2,3,3,2,2,2,2,1,0,0,0,1,0,0,1,0,0,1,0,1,0,0,0,1,0,0,0,0,0,0,0,0,0,1,0,0,0,0,0,3,3,3,3,2,2,2,2,2,2,2,2,2,3,3,2,3,3,3,2,2,2,2,2,2,2,1,0,0,0,0,1,0,0,0,1,0,0,0,0,2,i,i,i,i,i,i,i,i,i,i,i,i,i,i,i,i,i,i,i,i,i,i,i,i,i,i,i,i,i,i,i,i,i,i,i,i,i,1,0,0,1,0,0,0,0,0,1,0,0,0,0,0,1,1,0,0,0,1,0,0,0,0,1,2,26,2,24,3,3,18,8,i,i,0,0,0,0,1,0,0,i,i,i,i,i,i,i,i,i,i,i,i,i,i,i,i,i,i,i,i,i,i,i,i,i,i,i,i,i,i,0,0,0,1,0,0,5,2,5,4,2,2,0,0,1,1,3,1,0,0,1,1,1,0,0,0,0,1,4,1,2,1,2,2,1,i,i,2,i,1,i,i,1,a,a,i,a,18,12,12,55,13,25,30,1,1,1,2,i,i,2,i,i,i,i,i,i,i,i,i,i,i,i,i,109,30,1
6291,doi:10.4232/1.12497,1.0.0 (2016-04-22),1,1,599,14000599,14680,14,3,TN,1.013124,1.377675,0.0,1.189387,1.499454,0.0,0.0,2,3,3,3,4,3,3,2,5,4,2,3,3,3,3,3,6,0,0,0,0,0,0,1,0,0,0,0,0,0,0,0,0,0,0,a,a,0,0,0,0,0,0,0,0,1,1,0,0,0,0,0,0,0,0,0,0,0,i,i,0,0,0,2,1,1,1,2,2,2,2,2,2,2,3,i,0,0,0,0,0,0,0,0,0,1,0,i,0,0,0,0,5,5,5,5,5,2,2,1,2,2,2,1,2,2,2,2,2,1,2,2,i,2,2,3,2,1,0,0,0,0,0,0,0,i,i,i,0,0,0,0,0,0,0,1,0,0,0,0,0,0,i,0,0,0,2,3,3,2,3,2,2,2,0,0,0,0,0,0,0,0,0,0,0,1,0,0,0,0,0,0,0,0,1,0,0,0,0,0,0,1,0,0,0,0,1,5,1,3,1,1,1,1,2,2,2,2,2,5,5,2,2,2,2,2,2,2,2,2,4,4,1,0,0,0,0,0,0,0,0,0,0,0,0,0,2,i,i,i,i,i,i,i,i,i,i,i,i,i,i,i,i,i,i,i,i,i,i,i,i,i,i,i,i,i,i,i,i,i,i,i,i,i,0,1,0,0,0,0,0,0,0,0,0,0,0,0,0,1,1,0,0,0,1,0,0,0,0,1,1,17,1,0,5,3,2,2,19,i,0,0,0,0,1,0,0,i,i,i,i,i,i,i,i,i,i,i,i,i,i,i,i,i,i,i,i,i,i,i,i,i,i,i,i,i,i,0,0,0,1,0,0,5,3,4,4,2,2,0,0,2,1,2,1,1,1,0,0,0,0,0,0,0,1,i,1,2,1,2,2,2,i,i,2,i,1,i,i,i,a,a,i,a,19,12,15,30,15,25,25,1,1,1,2,i,i,2,i,i,i,i,i,i,i,i,i,i,i,i,i,110,30,1
6291,doi:10.4232/1.12497,1.0.0 (2016-04-22),1,1,600,14000600,14681,14,3,TN,1.002482,1.377675,0.0,1.189387,1.499454,0.0,0.0,2,3,3,3,4,2,2,4,2,2,2,3,3,3,3,3,7,0,0,0,0,0,1,0,0,0,0,0,0,0,0,0,0,0,0,a,a,0,0,0,0,0,0,0,0,1,1,0,0,0,0,0,0,0,0,0,0,0,i,i,0,0,0,2,2,1,1,2,3,1,1,1,4,3,1,2,1,0,0,0,0,0,0,0,0,0,0,i,0,0,0,0,2,2,2,2,2,1,2,2,1,1,1,1,1,1,1,1,1,1,1,1,i,1,1,2,2,0,1,0,0,0,0,0,0,i,i,i,0,0,0,0,0,0,0,0,1,0,0,0,0,0,i,0,0,0,2,2,4,2,4,2,2,2,1,1,0,1,0,0,0,0,0,0,0,0,0,0,0,0,0,0,0,0,0,0,0,0,0,0,1,1,0,0,0,0,3,2,2,2,2,2,2,2,2,2,2,2,2,3,3,1,1,1,1,2,2,2,2,2,4,4,1,0,0,0,0,0,0,0,0,0,0,0,0,0,2,i,i,i,i,i,i,i,i,i,i,i,i,i,i,i,i,i,i,i,i,i,i,i,i,i,i,i,i,i,i,i,i,i,i,i,i,i,0,1,0,0,0,0,0,0,0,0,0,0,0,0,0,1,1,0,1,0,0,0,0,0,0,1,1,45,3,18,2,1,7,5,i,i,0,0,0,0,1,0,0,i,i,i,i,i,i,i,i,i,i,i,i,i,i,i,i,i,i,i,i,i,i,i,i,i,i,i,i,i,i,0,0,0,1,0,0,5,3,1,1,1,1,0,0,2,1,2,1,1,1,1,0,0,0,0,0,0,7,6,6,2,2,2,2,2,i,i,2,i,i,i,i,i,a,a,i,a,18,12,14,0,14,25,25,1,1,1,2,i,i,2,i,i,i,i,i,i,i,i,i,i,i,i,i,110,30,1
6291,doi:10.4232/1.12497,1.0.0 (2016-04-22),1,1,601,14000601,14682,14,3,TN,0.963249,1.377675,0.0,1.189387,1.499454,0.0,0.0,3,1,1,1,1,2,1,3,2,2,2,1,1,1,1,1,4,0,0,0,0,0,1,1,1,0,1,0,0,0,0,0,0,0,0,a,a,0,0,0,0,0,0,1,0,1,1,1,0,1,0,0,0,0,0,0,0,0,i,i,0,0,0,2,3,1,1,1,2,2,1,2,2,2,1,1,0,0,1,1,0,0,0,0,0,0,0,i,0,0,0,0,1,2,1,2,3,1,2,1,1,2,2,1,1,1,1,2,1,1,1,1,i,1,1,3,2,1,1,1,0,0,0,0,0,i,i,i,0,0,0,0,0,0,0,1,1,1,0,0,0,0,i,0,0,0,4,4,2,2,2,4,4,4,0,0,0,0,0,0,0,0,0,0,0,0,1,1,0,0,1,0,0,0,0,0,0,0,0,0,0,1,0,0,0,0,2,3,2,2,1,1,2,2,2,2,2,2,2,2,2,1,2,3,2,3,1,1,2,3,3,4,1,0,0,0,1,0,0,1,0,0,0,0,0,0,2,i,i,i,i,i,i,i,i,i,i,i,i,i,i,i,i,i,i,i,i,i,i,i,i,i,i,i,i,i,i,i,i,i,i,i,i,i,0,0,0,0,0,0,1,1,0,0,0,0,0,0,0,1,1,0,1,0,0,0,1,0,0,1,1,64,4,20,3,1,4,4,14,3,0,0,0,0,1,0,0,i,i,i,i,i,i,i,i,i,i,i,i,i,i,i,i,i,i,i,i,i,i,i,i,i,i,i,i,i,i,1,0,0,0,0,1,6,2,6,4,0,0,0,0,2,1,2,1,0,0,0,0,0,1,0,0,0,7,i,6,3,2,2,2,2,i,i,2,i,i,i,i,i,a,a,i,a,20,12,12,45,13,15,30,1,1,1,2,i,i,2,i,i,i,i,i,i,i,i,i,i,i,i,i,121,27,1
6291,doi:10.4232/1.12497,1.0.0 (2016-04-22),1,1,602,14000602,14683,14,3,TN,1.002482,1.377675,0.0,1.189387,1.499454,0.0,0.0,2,2,1,2,2,1,1,4,3,2,2,1,3,1,1,1,6,0,0,1,1,0,0,0,0,0,0,0,0,0,0,0,0,1,0,a,a,0,0,0,0,0,1,1,0,1,0,0,0,0,0,0,0,0,0,0,1,0,i,i,0,0,0,1,2,1,1,1,3,2,2,1,2,2,1,1,1,1,0,1,0,0,0,1,0,0,0,i,0,0,0,0,2,2,2,2,2,1,1,1,2,2,1,1,1,1,2,1,1,1,2,1,i,2,1,2,2,0,1,1,0,0,0,0,0,i,i,i,1,0,0,0,0,0,0,1,1,1,0,0,0,0,i,0,0,0,2,4,2,2,2,4,2,2,0,0,1,0,0,1,0,0,1,0,1,1,0,0,0,0,0,0,1,0,0,0,0,0,0,0,0,0,1,0,0,0,4,2,1,3,1,1,2,2,1,2,1,1,2,1,1,3,3,3,3,3,3,3,3,3,3,3,1,0,0,0,1,0,0,0,1,0,0,0,0,0,1,24,i,i,i,i,1,1,2,1,0,0,0,0,0,0,0,1,1,0,0,0,0,0,0,0,0,0,0,0,0,0,1,0,0,0,0,1,1,1,0,0,0,0,0,0,0,1,0,0,0,0,0,1,1,0,1,0,1,0,0,0,0,2,1,53,3,21,3,4,12,6,i,i,0,0,0,0,1,0,0,i,i,i,i,i,i,i,i,i,i,i,i,i,i,i,i,i,i,i,i,i,i,i,i,i,i,i,i,i,i,1,0,0,0,0,1,6,3,8,4,1,1,0,0,2,1,2,1,0,0,1,1,0,0,0,0,0,7,6,6,2,2,2,2,2,i,i,2,i,i,i,i,i,a,a,i,a,20,12,15,15,15,40,25,1,2,1,2,i,i,2,i,i,i,i,i,i,i,i,i,i,i,i,i,115,26,1
6291,doi:10.4232/1.12497,1.0.0 (2016-04-22),1,1,603,14000603,14684,14,3,TN,1.009665,1.377675,0.0,1.189387,1.499454,0.0,0.0,4,3,3,3,4,4,4,4,1,2,2,2,3,3,2,3,4,0,1,1,0,0,1,0,0,0,0,0,0,0,0,0,0,0,0,a,a,0,0,0,0,1,1,1,0,1,0,0,0,0,0,0,0,0,0,0,0,0,i,i,0,0,0,2,2,1,1,3,3,2,2,2,1,2,2,i,0,0,0,1,1,1,1,0,0,0,0,i,0,0,0,0,3,3,3,2,2,1,2,2,2,1,2,2,1,2,2,1,1,1,2,1,i,2,2,3,3,1,0,0,0,0,0,0,0,i,i,i,0,0,0,0,0,0,0,1,1,1,0,0,0,0,i,0,0,0,2,4,3,3,3,4,3,3,1,0,1,0,1,0,0,0,1,0,1,0,0,0,0,0,1,1,0,0,0,0,0,0,0,0,0,0,0,0,0,0,4,4,4,2,1,1,2,2,2,2,2,2,2,4,3,1,1,1,1,3,3,3,2,2,2,4,1,0,0,0,0,0,0,1,0,1,0,0,0,0,2,i,i,i,i,i,i,i,i,i,i,i,i,i,i,i,i,i,i,i,i,i,i,i,i,i,i,i,i,i,i,i,i,i,i,i,i,i,0,1,0,0,0,0,0,0,0,0,0,1,0,0,0,1,1,0,0,0,0,0,1,0,0,1,1,21,1,0,5,3,2,2,19,i,0,0,0,0,1,0,0,i,i,i,i,i,i,i,i,i,i,i,i,i,i,i,i,i,i,i,i,i,i,i,i,i,i,i,i,i,i,1,1,0,0,0,1,6,3,4,4,0,0,1,1,2,1,2,1,1,0,1,0,1,1,0,0,0,7,i,2,2,1,2,2,1,i,i,2,i,2,i,i,2,a,a,i,a,20,12,14,35,15,0,25,1,2,1,2,i,i,2,i,i,i,i,i,i,i,i,i,i,i,i,i,118,26,1
6291,doi:10.4232/1.12497,1.0.0 (2016-04-22),1,1,604,14000604,14685,14,3,TN,0.888826,1.377675,0.0,1.189387,1.499454,0.0,0.0,3,3,3,3,4,1,2,3,3,2,2,1,1,1,1,1,6,0,0,0,0,0,0,0,0,0,0,0,0,0,0,0,0,0,0,a,a,0,0,1,0,0,0,0,0,1,0,0,0,0,0,0,0,0,0,0,0,0,i,i,0,0,0,2,1,1,1,1,1,2,2,2,1,2,1,1,0,1,0,1,0,0,0,1,0,1,0,i,0,0,0,0,1,1,1,1,1,1,2,2,2,2,2,1,1,1,1,1,1,1,1,1,i,1,1,1,1,0,1,0,0,1,0,0,0,i,i,i,1,0,0,0,0,0,0,0,1,1,0,0,1,0,i,0,0,0,4,4,3,3,3,2,2,2,0,1,0,0,1,0,0,0,0,0,1,1,0,0,0,0,1,1,0,0,0,0,0,0,0,0,0,0,0,0,0,0,2,2,2,2,1,2,2,2,2,2,2,2,2,4,4,1,2,2,2,1,1,1,2,2,2,2,1,1,0,0,0,0,0,1,0,0,0,0,0,0,2,i,i,i,i,i,i,i,i,i,i,i,i,i,i,i,i,i,i,i,i,i,i,i,i,i,i,i,i,i,i,i,i,i,i,i,i,i,0,1,0,0,0,0,0,0,1,1,0,0,0,0,0,1,2,0,1,0,0,0,0,0,0,2,2,26,2,0,5,3,2,2,19,i,0,0,0,0,1,0,0,i,i,i,i,i,i,i,i,i,i,i,i,i,i,i,i,i,i,i,i,i,i,i,i,i,i,i,i,i,i,0,0,0,1,0,0,4,1,10,4,0,0,0,0,2,1,2,1,1,1,1,0,0,1,0,0,0,3,i,4,3,1,2,2,2,i,i,2,i,1,i,i,i,a,a,i,a,20,12,14,50,15,20,30,2,2,1,2,i,i,2,i,i,i,i,i,i,i,i,i,i,i,i,i,118,29,1
6291,doi:10.4232/1.12497,1.0.0 (2016-04-22),1,1,605,14000605,14686,14,3,TN,0.966549,1.377675,0.0,1.189387,1.499454,0.0,0.0,4,1,3,3,3,2,2,3,2,2,2,2,2,2,2,2,6,0,0,0,0,0,0,0,0,0,0,0,0,0,0,0,0,0,0,a,a,0,0,1,0,0,0,0,0,1,0,0,0,0,0,0,0,0,0,0,0,0,i,i,0,0,0,2,2,1,1,1,1,2,1,2,1,1,1,1,0,1,0,0,0,1,0,0,1,1,0,i,0,0,0,0,2,2,2,2,2,1,2,2,2,2,2,2,2,1,1,1,1,1,1,1,i,1,1,2,2,0,1,1,0,0,0,0,1,i,i,i,0,0,0,0,0,0,0,0,1,1,0,0,0,0,i,0,0,0,2,4,4,4,2,2,2,2,0,1,0,0,1,0,0,0,0,0,1,1,0,0,0,0,0,0,0,0,0,0,0,0,0,0,0,0,0,0,0,1,3,3,3,3,1,2,2,2,2,2,2,2,2,4,4,2,2,2,1,1,1,2,2,2,2,2,0,0,0,0,0,0,0,0,0,0,0,0,0,1,2,i,i,i,i,i,i,i,i,i,i,i,i,i,i,i,i,i,i,i,i,i,i,i,i,i,i,i,i,i,i,i,i,i,i,i,i,i,0,1,0,0,0,0,0,0,1,1,0,0,0,0,0,1,2,0,1,0,1,0,0,0,0,1,1,55,4,98,8,1,8,5,i,i,0,0,0,0,1,0,0,i,i,i,i,i,i,i,i,i,i,i,i,i,i,i,i,i,i,i,i,i,i,i,i,i,i,i,i,i,i,0,0,0,1,0,0,6,2,6,4,0,0,0,0,2,1,2,1,1,1,1,1,1,0,0,0,0,5,5,5,3,2,2,2,2,i,i,2,i,i,i,i,i,a,a,i,a,20,12,13,0,13,30,30,2,2,1,2,i,i,2,i,i,i,i,i,i,i,i,i,i,i,i,i,115,29,1
6291,doi:10.4232/1.12497,1.0.0 (2016-04-22),1,1,606,14000606,14687,14,3,TN,1.044399,1.377675,0.0,1.189387,1.499454,0.0,0.0,2,1,1,1,1,2,1,4,2,2,2,2,2,1,2,1,1,0,0,1,1,0,1,1,0,0,0,0,0,0,0,0,0,0,0,a,a,0,0,0,1,0,1,1,0,1,1,0,0,0,0,0,0,0,0,0,0,0,i,i,0,0,0,1,2,1,2,1,1,1,1,1,4,2,1,2,1,0,1,0,1,0,0,1,0,0,1,i,0,0,0,0,3,3,2,3,3,2,1,2,1,1,2,1,1,2,2,1,1,1,2,1,i,2,2,3,3,0,0,0,0,0,0,0,0,i,i,i,1,0,0,0,0,0,0,0,1,1,1,0,0,0,i,0,0,0,4,4,2,3,3,4,4,4,1,0,0,0,0,1,1,1,0,0,0,1,0,0,0,0,1,0,0,0,0,0,0,0,0,0,0,1,0,0,0,0,2,2,2,4,2,2,2,2,2,2,2,2,2,2,3,2,1,1,3,3,2,1,3,3,3,4,1,0,1,0,0,0,0,0,1,0,0,0,0,0,2,i,i,i,i,i,i,i,i,i,i,i,i,i,i,i,i,i,i,i,i,i,i,i,i,i,i,i,i,i,i,i,i,i,i,i,i,i,1,1,0,0,0,0,0,1,0,0,0,0,0,0,0,1,1,0,1,0,0,0,0,1,0,2,2,38,2,13,1,1,3,3,17,4,0,0,0,0,1,0,0,i,i,i,i,i,i,i,i,i,i,i,i,i,i,i,i,i,i,i,i,i,i,i,i,i,i,i,i,i,i,1,0,0,0,0,1,5,2,3,3,1,1,1,1,2,1,2,1,0,0,0,0,0,1,0,0,0,1,i,6,2,1,2,2,2,i,i,2,i,2,i,i,i,a,a,i,a,20,12,15,50,16,15,25,1,2,1,2,i,i,2,i,i,i,i,i,i,i,i,i,i,i,i,i,115,26,1
6291,doi:10.4232/1.12497,1.0.0 (2016-04-22),1,1,607,14000607,14688,14,3,TN,0.914391,1.377675,0.0,1.189387,1.499454,0.0,0.0,4,3,3,3,4,2,2,2,2,2,2,1,1,1,1,1,4,0,0,0,0,0,0,0,0,0,0,0,0,0,0,0,0,0,0,a,a,0,0,1,0,0,0,1,0,0,0,0,0,0,0,0,0,0,0,0,0,0,i,i,0,0,0,2,1,1,1,1,1,2,2,2,1,1,2,i,1,1,0,0,0,0,0,1,0,1,0,i,0,0,0,0,2,2,2,2,2,1,3,3,3,3,2,2,2,1,1,2,2,1,1,1,i,1,1,1,1,1,1,1,0,0,0,0,0,i,i,i,0,0,0,0,0,0,0,1,1,1,0,0,0,0,i,0,0,0,5,5,5,3,3,2,2,2,1,1,0,0,0,0,0,0,0,0,1,1,0,0,0,0,1,1,0,0,0,0,0,0,0,0,0,0,0,0,0,0,3,3,3,3,1,2,2,2,2,2,2,2,2,4,4,3,3,4,4,4,3,3,2,2,2,2,0,1,0,0,0,0,0,1,0,0,1,0,0,0,2,i,i,i,i,i,i,i,i,i,i,i,i,i,i,i,i,i,i,i,i,i,i,i,i,i,i,i,i,i,i,i,i,i,i,i,i,i,0,1,1,0,0,0,0,1,0,0,0,0,0,0,0,1,2,0,1,0,1,0,0,0,0,1,2,58,4,0,5,1,1,1,18,4,0,0,0,0,1,0,0,i,i,i,i,i,i,i,i,i,i,i,i,i,i,i,i,i,i,i,i,i,i,i,i,i,i,i,i,i,i,0,0,0,1,0,0,3,1,6,4,0,0,1,1,2,2,4,1,1,0,0,0,1,1,0,0,0,7,i,6,3,2,2,2,2,i,i,2,i,i,i,i,i,a,a,i,a,20,12,11,10,11,40,30,1,2,1,2,i,i,2,i,i,i,i,i,i,i,i,i,i,i,i,i,118,29,1
6291,doi:10.4232/1.12497,1.0.0 (2016-04-22),1,1,608,14000608,14689,14,3,TN,1.009665,1.377675,0.0,1.189387,1.499454,0.0,0.0,2,1,1,1,1,1,1,4,1,2,2,3,1,1,3,1,12,0,0,1,1,0,1,1,1,0,0,0,0,1,0,1,0,1,0,a,a,0,0,0,0,0,1,1,0,1,1,1,0,0,0,1,1,0,1,0,1,0,i,i,0,0,0,2,2,1,1,1,3,2,2,2,1,1,1,2,1,0,1,1,0,1,0,0,1,1,0,i,0,0,0,0,2,1,1,2,2,1,2,1,1,1,1,1,2,1,1,1,1,1,1,1,i,1,1,2,2,0,1,1,0,0,0,0,1,i,i,i,0,0,0,0,0,0,0,1,1,1,0,0,0,0,i,0,0,0,3,3,2,2,2,4,2,2,0,1,0,0,1,0,0,1,0,0,1,0,0,0,0,0,1,0,0,0,0,0,0,0,0,0,0,1,0,0,0,0,4,3,2,1,1,1,2,2,2,2,1,1,2,3,2,1,1,1,3,1,1,1,3,2,3,4,0,1,0,0,0,0,1,1,0,0,0,0,0,0,1,24,i,i,i,i,1,1,1,3,0,1,0,0,0,0,1,0,1,0,0,0,0,1,0,0,0,0,0,0,0,0,0,0,0,0,0,1,0,1,0,0,0,0,0,0,1,1,0,0,0,0,0,1,1,0,1,0,1,0,1,0,0,1,1,24,1,22,3,3,13,7,i,i,0,0,0,0,1,0,0,i,i,i,i,i,i,i,i,i,i,i,i,i,i,i,i,i,i,i,i,i,i,i,i,i,i,i,i,i,i,1,1,0,0,0,1,9,3,5,4,0,0,0,0,2,1,2,1,1,0,1,1,1,1,0,0,0,1,1,5,2,1,2,2,1,i,i,2,i,1,i,i,1,a,a,i,a,20,12,12,3,12,41,38,1,1,1,2,i,i,2,i,i,i,i,i,i,i,i,i,i,i,i,i,123,28,1
6291,doi:10.4232/1.12497,1.0.0 (2016-04-22),1,1,609,14000609,14690,14,3,TN,1.111768,1.377675,0.0,1.189387,1.499454,0.0,0.0,2,3,2,2,3,2,2,4,1,2,2,2,1,1,3,1,6,1,1,1,1,0,0,1,1,0,0,0,0,0,0,0,0,0,0,a,a,0,0,0,1,1,1,1,0,1,1,1,0,0,0,0,0,0,0,0,0,0,i,i,0,0,0,2,4,4,4,1,3,2,2,2,1,2,2,i,1,0,1,0,0,1,0,0,0,0,0,i,0,0,0,0,2,2,2,3,5,1,2,1,2,1,2,1,2,1,2,1,1,1,2,1,i,2,1,2,2,0,1,0,0,0,0,0,1,i,i,i,0,0,1,0,0,0,0,1,1,0,0,0,0,0,i,0,0,0,4,4,3,2,2,3,2,2,0,0,0,1,1,0,0,0,0,1,0,0,0,0,0,0,1,0,1,0,0,0,0,0,0,0,0,0,0,0,0,0,2,2,2,1,1,1,2,2,2,2,1,1,2,4,3,2,2,2,3,1,2,2,3,2,3,3,0,1,1,1,0,0,0,0,0,0,0,0,0,0,2,i,i,i,i,i,i,i,i,i,i,i,i,i,i,i,i,i,i,i,i,i,i,i,i,i,i,i,i,i,i,i,i,i,i,i,i,i,0,1,0,0,0,0,0,1,0,0,0,1,0,0,0,1,1,0,1,0,1,0,1,0,0,2,2,22,1,20,3,3,3,3,19,i,0,0,0,0,1,0,0,i,i,i,i,i,i,i,i,i,i,i,i,i,i,i,i,i,i,i,i,i,i,i,i,i,i,i,i,i,i,1,0,0,0,0,1,8,3,4,4,0,0,0,0,2,1,2,1,1,0,1,1,0,1,0,0,0,1,i,5,2,1,2,2,2,i,i,2,i,1,i,i,i,a,a,i,a,20,12,10,15,10,54,39,1,1,1,2,i,i,2,i,i,i,i,i,i,i,i,i,i,i,i,i,123,28,1
6291,doi:10.4232/1.12497,1.0.0 (2016-04-22),1,1,610,14000610,14691,14,3,TN,1.056254,1.377675,0.0,1.189387,1.499454,0.0,0.0,2,3,3,3,4,1,2,4,5,5,5,1,3,3,1,1,6,0,0,1,1,0,0,0,0,0,0,0,0,0,0,0,0,0,0,a,a,0,0,0,0,0,1,1,0,1,0,0,0,0,0,0,0,0,0,0,0,0,i,i,0,0,0,1,3,1,1,2,2,2,2,2,3,2,3,i,0,0,0,1,0,0,0,0,0,0,0,i,0,0,0,0,5,5,5,5,5,3,3,3,3,3,3,3,3,3,3,1,3,1,3,3,i,3,3,5,5,0,0,0,0,0,0,0,0,i,i,i,0,0,0,0,0,0,1,1,1,1,0,0,0,0,i,0,0,0,1,1,1,1,1,2,5,5,0,0,0,0,1,0,0,1,0,0,0,1,0,0,0,0,0,0,0,0,0,0,1,0,0,0,1,0,0,0,0,0,2,2,4,4,3,3,3,3,1,1,1,1,1,5,5,2,2,3,2,3,3,2,5,3,2,3,1,0,0,0,0,0,1,0,0,0,1,0,0,0,2,i,i,i,i,i,i,i,i,i,i,i,i,i,i,i,i,i,i,i,i,i,i,i,i,i,i,i,i,i,i,i,i,i,i,i,i,i,0,1,0,0,0,0,0,1,1,0,0,0,0,0,0,3,2,0,0,1,1,1,0,0,0,2,2,53,3,18,2,1,1,1,19,i,0,0,0,0,1,0,0,i,i,i,i,i,i,i,i,i,i,i,i,i,i,i,i,i,i,i,i,i,i,i,i,i,i,i,i,i,i,0,0,0,1,0,0,5,1,4,4,0,0,0,0,1,1,3,1,0,0,1,1,0,0,0,0,0,7,i,6,2,2,2,2,2,i,i,2,i,i,i,i,i,a,a,i,a,20,12,15,10,15,35,25,1,1,1,2,i,i,2,i,i,i,i,i,i,i,i,i,i,i,i,i,119,25,1
6291,doi:10.4232/1.12497,1.0.0 (2016-04-22),1,1,611,14000611,14692,14,3,TN,0.949402,1.377675,0.0,1.189387,1.499454,0.0,0.0,2,3,3,3,4,2,2,3,1,1,1,2,1,1,1,1,4,0,0,0,0,0,0,0,0,0,0,0,0,0,0,0,0,0,0,a,a,0,0,1,0,0,0,1,0,0,0,0,0,0,0,0,0,0,0,0,0,0,i,i,0,0,0,2,2,1,1,2,2,2,2,2,2,2,2,i,0,1,0,1,0,0,0,0,1,1,0,i,0,0,0,0,1,1,1,1,1,1,2,2,2,2,2,1,1,1,1,1,1,1,1,1,i,1,1,1,1,1,1,1,0,0,0,0,0,i,i,i,0,0,0,0,0,0,0,1,1,1,0,0,0,0,i,0,0,0,2,2,1,1,1,5,5,5,0,1,0,0,1,0,0,0,0,0,1,0,1,0,0,0,1,1,0,0,0,0,0,0,0,0,0,0,0,0,0,0,1,1,1,1,1,1,2,2,2,2,2,2,2,3,3,2,1,1,2,2,1,2,2,2,2,2,1,1,0,0,0,1,0,0,0,0,0,0,0,0,2,i,i,i,i,i,i,i,i,i,i,i,i,i,i,i,i,i,i,i,i,i,i,i,i,i,i,i,i,i,i,i,i,i,i,i,i,i,0,1,0,0,1,0,0,0,0,1,0,0,0,0,0,1,1,0,1,0,1,0,0,0,0,2,2,18,1,9,1,3,2,2,19,i,0,0,0,0,1,0,0,i,i,i,i,i,i,i,i,i,i,i,i,i,i,i,i,i,i,i,i,i,i,i,i,i,i,i,i,i,i,0,0,0,1,0,0,6,2,3,3,2,2,0,0,1,1,3,1,1,1,1,1,1,1,0,0,0,1,i,2,3,1,2,2,2,i,i,2,i,1,i,i,i,a,a,i,a,20,12,10,20,10,55,40,1,1,1,2,i,i,2,i,i,i,i,i,i,i,i,i,i,i,i,i,117,29,1
6291,doi:10.4232/1.12497,1.0.0 (2016-04-22),1,1,612,14000612,14693,14,3,TN,0.947303,1.377675,0.0,1.189387,1.499454,0.0,0.0,4,2,1,2,2,1,1,4,4,2,2,1,1,1,1,1,6,0,0,1,1,0,0,1,0,0,0,0,0,0,0,0,0,0,0,a,a,0,0,0,0,0,1,1,0,1,1,0,0,0,0,0,0,0,0,0,0,0,i,i,0,0,0,2,2,2,2,1,2,1,1,1,2,2,1,2,1,1,0,1,0,1,1,0,0,0,0,i,0,0,0,0,3,3,2,2,2,1,1,1,1,1,1,1,1,1,1,1,1,1,1,1,i,1,1,3,3,1,1,0,0,0,0,0,0,i,i,i,0,0,0,0,0,0,0,1,1,0,0,0,0,0,i,0,0,0,3,4,2,3,3,4,3,3,1,1,0,0,0,1,1,0,0,0,0,0,0,0,0,0,1,0,0,0,0,1,0,0,0,0,0,0,0,0,0,0,2,1,2,4,1,2,2,2,2,2,2,2,2,3,4,1,1,1,1,1,1,1,1,1,1,1,1,1,1,0,0,0,0,0,0,0,0,0,0,0,2,i,i,i,i,i,i,i,i,i,i,i,i,i,i,i,i,i,i,i,i,i,i,i,i,i,i,i,i,i,i,i,i,i,i,i,i,i,1,0,0,0,0,0,0,0,0,0,1,1,0,0,0,1,1,1,1,0,0,0,0,0,0,1,1,43,3,1,6,1,3,3,18,4,0,0,0,0,1,0,0,i,i,i,i,i,i,i,i,i,i,i,i,i,i,i,i,i,i,i,i,i,i,i,i,i,i,i,i,i,i,1,0,0,0,0,1,5,2,2,2,3,3,0,0,2,1,2,1,0,0,1,1,0,0,0,0,0,7,i,6,2,2,2,2,2,i,i,2,i,i,i,i,i,a,a,i,a,20,12,12,0,12,25,25,1,2,2,2,i,i,2,i,i,i,i,i,i,i,i,i,i,i,i,i,110,26,1
6291,doi:10.4232/1.12497,1.0.0 (2016-04-22),1,1,613,14000613,14694,14,3,TN,1.059873,1.377675,0.0,1.189387,1.499454,0.0,0.0,4,2,2,2,2,2,2,3,2,2,2,1,1,1,1,1,2,0,0,0,0,0,0,0,0,0,0,0,0,0,0,0,0,0,0,a,a,0,0,1,0,1,0,0,0,0,0,0,0,0,0,0,0,0,0,0,0,0,i,i,0,0,0,2,2,1,1,1,1,1,2,2,2,2,2,i,0,1,0,1,1,0,0,0,1,1,0,i,0,0,0,0,1,1,1,1,1,1,2,2,2,2,2,2,2,2,2,1,1,1,1,1,i,1,1,1,1,1,1,1,0,0,0,0,0,i,i,i,0,0,0,0,0,0,0,0,1,1,0,0,0,1,i,0,0,0,4,4,5,5,5,5,3,3,0,1,0,0,1,0,1,0,0,0,1,0,0,0,0,0,0,1,0,1,0,0,0,0,0,0,0,0,0,0,0,0,2,2,2,2,1,2,2,2,2,2,3,3,3,4,4,1,1,2,2,2,2,2,2,2,2,2,0,1,1,0,0,0,0,1,0,0,0,0,0,0,2,i,i,i,i,i,i,i,i,i,i,i,i,i,i,i,i,i,i,i,i,i,i,i,i,i,i,i,i,i,i,i,i,i,i,i,i,i,0,1,0,0,0,0,0,1,0,0,0,1,0,0,0,1,1,0,1,0,1,0,0,0,0,1,2,45,3,9,1,1,3,3,18,4,0,0,0,0,1,0,0,i,i,i,i,i,i,i,i,i,i,i,i,i,i,i,i,i,i,i,i,i,i,i,i,i,i,i,i,i,i,0,0,0,1,0,0,4,1,3,3,0,0,0,0,2,1,2,1,1,1,0,0,0,0,0,0,0,4,i,4,3,1,2,2,2,i,i,2,i,3,i,i,i,a,a,i,a,10,12,12,0,12,40,40,1,1,1,2,i,i,2,i,i,i,i,i,i,i,i,i,i,i,i,i,118,29,1
6291,doi:10.4232/1.12497,1.0.0 (2016-04-22),1,1,614,14000614,14695,14,3,TN,0.901996,1.377675,0.0,1.189387,1.499454,0.0,0.0,3,2,2,2,2,2,2,3,2,2,3,2,1,1,1,1,6,0,0,0,0,0,0,1,1,0,0,0,0,0,0,0,0,0,0,a,a,0,0,0,0,0,0,0,0,1,1,1,0,0,0,0,0,0,0,0,0,0,i,i,0,0,0,2,2,1,1,2,4,1,1,1,4,3,2,i,1,0,0,0,0,0,0,0,0,0,0,i,0,0,0,0,2,3,3,2,2,1,2,2,2,2,1,1,1,1,1,1,2,2,1,1,i,1,1,3,3,0,1,0,0,0,0,0,0,i,i,i,0,0,0,0,0,0,0,0,1,0,0,0,0,0,i,0,0,0,4,4,4,4,4,4,4,4,0,1,0,1,0,0,1,0,0,0,0,0,0,0,0,0,1,0,0,0,1,0,0,0,0,0,0,0,0,0,0,0,2,3,3,3,2,2,2,2,2,2,2,2,2,3,3,1,1,2,2,2,1,1,1,2,4,4,0,0,1,0,1,0,0,1,0,0,0,0,0,0,1,11,i,i,i,i,1,2,1,2,0,1,0,0,0,0,0,0,0,0,0,0,0,0,0,0,1,0,0,0,0,0,0,0,0,0,0,1,1,0,0,0,0,0,0,0,0,0,0,0,0,0,0,1,1,0,1,0,0,0,0,0,0,1,2,42,3,22,3,1,7,5,i,i,0,0,0,1,0,0,1,0,0,0,0,0,0,0,0,1,0,0,0,0,0,0,0,0,0,0,0,0,0,0,0,0,0,0,0,0,0,1,0,0,0,0,1,6,2,2,2,0,0,1,1,2,1,2,1,1,1,1,1,0,0,0,0,0,1,1,1,2,1,2,2,1,i,i,2,i,1,i,i,1,a,a,i,a,19,12,11,5,11,35,30,1,1,1,2,i,i,2,i,i,i,i,i,i,i,i,i,i,i,i,i,118,30,1
6291,doi:10.4232/1.12497,1.0.0 (2016-04-22),1,1,615,14000615,14696,14,3,TN,0.839355,1.377675,0.0,1.189387,1.499454,0.0,0.0,2,1,1,1,1,2,1,3,2,3,2,2,2,3,2,2,2,1,0,0,0,0,0,0,0,0,0,1,1,0,0,0,0,0,0,a,a,0,0,0,1,1,0,0,0,0,0,0,0,0,1,1,0,0,0,0,0,0,i,i,0,0,0,2,2,1,3,3,5,2,3,3,3,6,2,i,1,0,0,1,0,0,0,0,0,1,0,i,0,0,0,0,4,5,5,2,3,1,2,2,2,1,2,2,2,1,1,1,1,1,1,2,i,2,1,3,2,1,1,0,1,0,0,0,0,i,i,i,0,0,0,0,0,0,0,0,0,0,1,1,1,0,i,0,0,0,4,3,4,3,3,4,3,3,1,0,0,0,1,0,1,0,0,0,0,0,0,0,0,0,0,0,0,0,1,0,1,0,0,0,0,0,0,0,0,0,2,2,2,1,3,3,3,3,1,1,3,3,3,2,2,2,1,2,1,2,2,2,2,2,2,2,0,0,0,0,0,0,0,0,0,0,0,0,0,1,3,i,i,i,i,i,i,i,i,i,i,i,i,i,i,i,i,i,i,i,i,i,i,i,i,i,i,i,i,i,i,i,i,i,i,i,i,i,1,1,0,0,0,0,0,1,0,0,0,0,0,0,0,2,1,1,0,0,1,1,0,0,0,2,1,25,2,0,5,3,8,5,i,i,0,0,0,0,1,0,0,i,i,i,i,i,i,i,i,i,i,i,i,i,i,i,i,i,i,i,i,i,i,i,i,i,i,i,i,i,i,0,0,0,1,0,0,6,2,4,4,0,0,1,1,2,1,2,1,0,0,0,1,1,0,0,0,0,1,2,1,1,1,2,2,1,i,i,2,i,1,i,i,1,a,a,i,a,20,12,12,32,12,52,20,2,2,2,2,i,i,2,i,i,i,i,i,i,i,i,i,i,i,i,i,120,25,1
6291,doi:10.4232/1.12497,1.0.0 (2016-04-22),1,1,616,14000616,14697,14,3,TN,1.050072,1.377675,0.0,1.189387,1.499454,0.0,0.0,2,3,3,3,4,2,2,4,4,2,2,3,3,3,3,3,4,1,0,0,0,0,0,1,1,0,0,0,0,0,0,0,0,0,0,a,a,0,0,0,1,0,0,1,0,0,1,1,0,0,0,0,0,0,0,0,0,0,i,i,0,0,0,3,3,1,1,3,3,2,2,2,3,5,2,i,0,0,0,0,0,0,0,0,0,0,0,i,0,1,0,0,3,3,3,4,4,2,2,2,1,1,1,1,2,2,2,2,2,1,2,2,i,2,2,4,4,1,0,0,0,0,0,0,0,i,i,i,0,0,0,0,0,0,0,1,0,0,0,0,0,0,i,0,0,0,3,4,4,4,4,4,4,4,0,0,0,0,0,0,0,0,0,0,0,0,0,0,1,0,1,0,0,0,0,0,0,0,0,0,0,1,0,0,0,0,4,3,2,4,2,2,2,2,1,1,2,2,2,2,2,1,1,1,1,2,2,2,2,2,2,2,0,1,0,1,0,0,0,0,0,0,1,0,0,0,2,i,i,i,i,i,i,i,i,i,i,i,i,i,i,i,i,i,i,i,i,i,i,i,i,i,i,i,i,i,i,i,i,i,i,i,i,i,0,1,0,0,0,0,0,0,0,0,0,0,0,0,0,1,2,0,0,0,1,0,0,0,0,2,1,82,4,1,6,1,4,4,5,1,0,0,0,0,1,0,0,i,i,i,i,i,i,i,i,i,i,i,i,i,i,i,i,i,i,i,i,i,i,i,i,i,i,i,i,i,i,0,0,0,1,0,0,4,2,3,3,0,0,0,0,2,2,4,1,0,0,1,0,0,1,0,0,0,7,i,6,2,2,2,2,2,i,i,2,i,i,i,i,i,a,a,i,a,20,12,15,5,15,35,30,1,2,1,2,i,i,2,i,i,i,i,i,i,i,i,i,i,i,i,i,122,27,1
6291,doi:10.4232/1.12497,1.0.0 (2016-04-22),1,1,617,14000617,14698,14,3,TN,0.946227,1.377675,0.0,1.189387,1.499454,0.0,0.0,3,3,3,3,4,2,2,3,4,3,3,4,3,2,4,3,6,0,1,0,0,0,0,1,1,0,0,0,0,0,0,0,0,0,0,a,a,0,0,0,0,1,0,0,0,1,1,1,0,0,0,0,0,0,0,0,0,0,i,i,0,0,0,2,2,1,1,5,2,2,3,3,2,6,3,i,1,0,0,1,0,0,0,0,0,1,1,i,0,0,0,0,3,2,3,3,2,2,1,1,1,1,1,1,2,3,3,1,2,1,3,1,i,3,3,3,2,0,0,1,1,0,0,0,0,i,i,i,0,0,1,0,0,0,0,0,0,1,1,0,1,0,i,0,0,0,3,3,2,3,5,4,3,4,1,0,0,0,0,0,0,1,0,0,1,1,0,0,0,0,1,0,0,1,0,0,0,0,0,0,0,0,0,0,0,0,2,2,1,2,1,1,1,1,2,2,2,2,2,2,2,2,1,2,1,3,2,4,4,3,3,1,1,1,0,0,0,0,0,0,0,1,0,0,0,0,2,i,i,i,i,i,i,i,i,i,i,i,i,i,i,i,i,i,i,i,i,i,i,i,i,i,i,i,i,i,i,i,i,i,i,i,i,i,0,1,0,0,0,0,0,0,1,1,0,0,0,0,0,1,2,0,0,1,1,1,0,0,0,2,1,19,1,0,5,3,1,1,19,i,0,0,0,0,1,0,0,i,i,i,i,i,i,i,i,i,i,i,i,i,i,i,i,i,i,i,i,i,i,i,i,i,i,i,i,i,i,0,0,0,1,0,0,4,1,4,4,0,0,0,0,2,1,2,1,0,0,0,0,0,0,0,0,0,1,i,1,1,1,2,2,1,i,i,2,i,1,i,i,3,a,a,i,a,20,12,11,38,12,58,25,1,3,2,2,i,i,2,i,i,i,i,i,i,i,i,i,i,i,i,i,120,25,1
6291,doi:10.4232/1.12497,1.0.0 (2016-04-22),1,1,618,14000618,14699,14,3,TN,1.115577,1.377675,0.0,1.189387,1.499454,0.0,0.0,4,3,3,3,4,2,2,3,2,2,2,2,1,1,1,1,7,0,0,0,0,0,0,0,0,0,0,0,0,0,0,0,0,0,0,a,a,0,0,1,0,0,0,0,0,0,1,0,0,0,0,0,0,0,0,0,0,0,i,i,0,0,0,2,1,1,1,1,1,2,1,1,1,1,2,i,1,1,0,0,0,0,0,1,0,1,0,i,0,0,0,0,1,1,1,1,1,1,2,2,2,2,2,2,1,1,1,1,1,1,1,1,i,1,1,1,1,1,1,1,0,0,0,0,0,i,i,i,0,0,0,0,0,0,0,1,1,0,0,0,0,1,i,0,0,0,2,3,3,3,2,2,2,2,1,0,0,0,1,0,1,0,0,0,0,1,0,0,0,0,1,0,0,1,0,0,0,0,0,0,0,0,0,0,0,0,3,3,3,3,1,2,2,2,2,3,3,3,3,4,4,1,1,2,2,2,2,2,1,1,1,1,1,0,0,0,0,1,0,0,0,0,0,0,0,0,2,i,i,i,i,i,i,i,i,i,i,i,i,i,i,i,i,i,i,i,i,i,i,i,i,i,i,i,i,i,i,i,i,i,i,i,i,i,0,1,0,0,0,0,0,0,0,1,0,1,0,0,0,1,1,0,1,0,0,0,1,0,0,1,2,24,1,98,8,3,8,5,i,i,0,0,0,0,1,0,0,i,i,i,i,i,i,i,i,i,i,i,i,i,i,i,i,i,i,i,i,i,i,i,i,i,i,i,i,i,i,0,0,0,1,0,0,6,2,7,4,0,0,0,0,2,1,2,1,1,1,0,0,1,1,0,0,0,7,7,5,3,1,2,2,2,i,i,2,i,3,i,i,i,a,a,i,a,20,12,14,0,14,35,35,1,1,1,2,i,i,2,i,i,i,i,i,i,i,i,i,i,i,i,i,118,29,1
6291,doi:10.4232/1.12497,1.0.0 (2016-04-22),1,1,619,14000619,14700,14,3,TN,1.052391,1.377675,0.0,1.189387,1.499454,0.0,0.0,2,1,1,1,1,2,1,4,2,2,2,3,1,1,3,3,6,1,0,1,0,0,0,1,1,0,0,0,0,0,0,1,0,0,0,a,a,0,0,0,1,0,1,0,0,1,1,1,0,0,0,0,0,0,1,0,0,0,i,i,0,0,0,2,2,1,1,1,1,2,2,2,1,1,1,2,0,0,0,1,0,0,0,0,0,0,0,i,0,0,0,0,2,1,1,2,3,1,2,1,1,1,1,2,2,2,1,1,1,1,1,1,i,1,1,2,2,0,1,1,0,0,0,0,0,i,i,i,1,0,0,0,0,0,0,1,1,1,0,0,0,0,i,0,0,0,3,3,2,2,2,3,3,3,0,0,0,0,1,0,0,1,0,0,1,0,0,0,0,0,1,0,0,1,0,0,0,0,0,0,0,0,0,0,0,0,2,2,1,1,1,1,3,1,2,2,2,1,2,4,3,1,2,2,3,1,1,1,4,2,4,4,1,0,0,1,0,0,0,1,0,0,0,0,0,0,2,i,i,i,i,i,i,i,i,i,i,i,i,i,i,i,i,i,i,i,i,i,i,i,i,i,i,i,i,i,i,i,i,i,i,i,i,i,0,0,0,0,0,0,0,0,1,1,0,1,0,0,0,1,1,0,1,0,1,1,0,0,0,1,1,26,2,16,2,3,3,3,19,i,0,0,0,0,1,0,0,i,i,i,i,i,i,i,i,i,i,i,i,i,i,i,i,i,i,i,i,i,i,i,i,i,i,i,i,i,i,1,0,0,0,0,1,6,2,5,4,0,0,0,0,2,1,2,1,1,0,1,1,0,1,0,0,0,1,i,6,2,1,2,2,2,i,i,2,i,1,i,i,i,a,a,i,a,20,12,14,38,15,20,42,1,1,1,2,i,i,2,i,i,i,i,i,i,i,i,i,i,i,i,i,124,28,1
6291,doi:10.4232/1.12497,1.0.0 (2016-04-22),1,1,620,14000620,14701,14,3,TN,1.009665,1.377675,0.0,1.189387,1.499454,0.0,0.0,2,2,1,2,2,2,2,4,3,4,2,1,1,1,2,1,6,0,0,0,0,0,0,1,1,0,1,0,0,0,0,0,0,0,0,a,a,0,0,0,0,0,0,0,0,1,1,1,0,1,0,0,0,0,0,0,0,0,i,i,0,0,0,1,2,1,1,1,2,2,2,2,2,2,1,2,1,0,0,1,0,1,0,0,1,0,0,i,0,0,0,0,2,2,3,2,3,1,2,1,1,1,2,2,1,2,2,1,1,1,2,1,i,2,2,3,4,1,0,0,1,0,0,0,0,i,i,i,1,0,0,0,0,0,0,1,0,0,1,0,0,0,i,0,0,0,2,3,2,2,3,3,2,2,1,0,1,0,0,0,1,0,0,0,1,1,0,0,0,0,1,0,0,0,0,0,0,0,0,0,0,1,0,0,0,0,3,3,3,2,1,1,2,1,1,1,1,1,2,3,2,1,1,2,2,2,2,2,2,2,2,2,1,0,0,0,0,1,0,1,0,0,0,0,0,0,1,48,i,i,i,i,1,1,1,3,1,0,0,0,0,0,0,0,0,0,0,0,0,1,0,0,1,0,0,0,0,0,1,0,0,0,0,1,0,1,0,0,0,0,0,0,0,0,0,0,0,0,0,1,1,1,1,0,0,0,0,0,0,2,1,24,1,17,2,3,3,3,19,i,0,0,0,0,1,0,0,i,i,i,i,i,i,i,i,i,i,i,i,i,i,i,i,i,i,i,i,i,i,i,i,i,i,i,i,i,i,1,1,0,0,0,1,5,3,5,4,0,0,0,0,2,1,2,1,1,0,1,1,1,1,0,0,0,1,i,2,2,1,2,2,2,i,i,2,i,1,i,i,i,a,a,i,a,19,12,16,35,17,0,25,1,2,1,2,i,i,2,i,i,i,i,i,i,i,i,i,i,i,i,i,111,26,1
6291,doi:10.4232/1.12497,1.0.0 (2016-04-22),1,1,621,14000621,14702,14,3,TN,1.013124,1.377675,0.0,1.189387,1.499454,0.0,0.0,2,2,2,2,2,2,2,3,2,5,2,3,3,3,3,3,8,0,0,0,0,0,0,1,0,0,0,0,0,0,0,0,0,0,0,a,a,0,0,0,0,0,0,0,0,0,1,1,0,0,0,0,0,0,0,0,0,0,i,i,0,0,0,2,1,1,1,2,2,2,2,2,2,2,3,i,0,0,0,0,0,0,0,0,0,0,0,i,0,0,1,0,2,2,2,2,2,1,2,2,1,1,1,1,1,1,1,1,1,1,1,1,i,1,1,3,3,0,1,0,0,0,0,0,0,i,i,i,0,0,0,0,0,0,0,0,1,0,0,0,0,0,i,0,0,0,4,4,2,2,4,4,4,4,0,1,0,1,0,0,0,0,0,0,0,1,0,0,0,0,0,0,0,0,0,0,0,0,0,0,0,0,0,0,0,1,3,3,2,3,1,1,2,1,2,2,2,2,2,3,3,1,1,1,1,1,2,2,2,2,4,4,0,0,0,0,0,0,0,0,0,0,0,0,0,1,2,i,i,i,i,i,i,i,i,i,i,i,i,i,i,i,i,i,i,i,i,i,i,i,i,i,i,i,i,i,i,i,i,i,i,i,i,i,0,1,0,0,0,0,0,0,0,0,0,0,0,0,0,1,1,1,1,0,0,0,0,0,0,1,1,18,1,16,2,3,3,3,19,i,0,0,0,0,1,0,0,i,i,i,i,i,i,i,i,i,i,i,i,i,i,i,i,i,i,i,i,i,i,i,i,i,i,i,i,i,i,0,0,0,1,0,0,5,2,3,3,0,0,0,0,2,1,2,1,1,1,0,0,0,0,0,0,0,7,i,6,2,1,2,2,2,i,i,2,i,1,i,i,i,a,a,i,a,18,12,11,45,12,15,30,1,1,1,2,i,i,2,i,i,i,i,i,i,i,i,i,i,i,i,i,118,30,1
6291,doi:10.4232/1.12497,1.0.0 (2016-04-22),1,1,622,14000622,14703,14,3,TN,0.989889,1.377675,0.0,1.189387,1.499454,0.0,0.0,2,2,2,2,2,2,2,4,3,2,2,3,3,3,1,1,6,0,0,0,1,0,0,1,0,0,0,0,0,0,1,1,0,0,0,a,a,0,0,0,0,0,0,1,0,1,1,0,0,0,0,0,0,1,1,0,0,0,i,i,0,0,0,3,3,1,3,1,2,2,2,1,2,2,1,2,0,1,1,1,0,1,1,0,0,1,0,i,0,0,0,0,2,2,2,1,3,1,2,1,2,1,2,1,1,2,2,2,1,1,2,1,i,2,1,3,3,1,1,1,0,0,0,0,0,i,i,i,0,0,0,0,0,0,0,1,0,0,1,0,0,0,i,0,0,0,4,4,2,3,3,4,4,4,0,0,0,0,1,0,0,0,0,0,0,1,0,0,0,0,0,0,0,0,1,0,1,0,0,0,0,0,0,0,0,0,2,2,2,2,2,2,2,2,2,2,2,2,2,3,2,1,3,1,3,3,2,2,3,3,3,4,0,0,0,0,1,0,0,0,1,1,0,0,0,0,1,42,i,i,i,i,1,1,1,1,0,0,0,0,0,0,0,0,1,0,0,0,0,1,0,0,0,0,0,0,0,0,0,0,0,0,0,1,1,1,0,0,0,0,0,0,0,0,0,1,0,0,0,1,1,0,1,1,0,0,1,0,0,1,2,40,3,17,2,1,1,1,14,3,0,0,0,0,1,0,0,i,i,i,i,i,i,i,i,i,i,i,i,i,i,i,i,i,i,i,i,i,i,i,i,i,i,i,i,i,i,1,1,0,0,0,1,4,1,2,2,2,2,1,1,1,1,3,1,0,0,1,1,0,0,1,0,0,1,i,6,2,1,2,2,2,i,i,2,i,1,i,i,i,a,a,i,a,20,12,15,45,16,14,29,1,1,2,2,i,i,2,i,i,i,i,i,i,i,i,i,i,i,i,i,111,27,1
6291,doi:10.4232/1.12497,1.0.0 (2016-04-22),1,1,623,14000623,14704,14,3,TN,0.942335,1.377675,0.0,1.189387,1.499454,0.0,0.0,3,3,1,2,2,2,2,4,2,2,2,1,3,1,2,1,7,0,0,1,1,0,1,0,0,0,0,0,0,0,0,0,1,0,0,a,a,0,0,0,0,0,1,1,0,1,1,0,0,0,0,0,0,0,0,1,0,0,i,i,0,0,0,2,1,1,1,1,1,2,2,2,2,2,1,2,1,0,0,1,0,0,0,1,0,0,0,i,0,0,0,0,2,2,2,2,2,1,2,1,1,1,1,1,1,1,1,1,1,1,1,1,i,1,1,3,3,1,0,0,0,0,0,0,1,i,i,i,1,0,0,0,0,0,0,1,0,0,0,0,0,0,i,0,0,0,2,4,2,2,2,4,2,2,1,1,0,0,0,1,0,0,0,0,0,0,0,0,0,0,1,0,0,0,0,0,1,0,0,0,0,0,0,0,0,0,1,2,1,4,2,2,2,2,2,2,2,2,2,3,3,1,1,1,2,3,3,3,3,3,3,3,1,0,0,0,1,0,0,0,1,0,0,0,0,0,1,3,i,i,i,i,1,1,1,1,0,0,0,0,0,0,0,0,0,0,1,0,0,0,0,1,0,0,0,0,0,0,1,0,0,0,0,1,0,1,0,0,0,0,0,1,0,0,0,0,0,0,0,2,1,1,1,0,0,0,0,0,0,1,2,67,4,14,1,1,1,1,19,i,0,0,0,0,1,0,0,i,i,i,i,i,i,i,i,i,i,i,i,i,i,i,i,i,i,i,i,i,i,i,i,i,i,i,i,i,i,1,1,0,0,0,1,7,2,2,2,0,0,0,0,1,1,3,1,0,0,0,0,1,1,0,0,0,7,i,6,2,2,2,2,2,i,i,2,i,i,i,i,i,a,a,i,a,19,12,10,0,10,25,25,1,2,2,2,i,i,2,i,i,i,i,i,i,i,i,i,i,i,i,i,112,26,1
6291,doi:10.4232/1.12497,1.0.0 (2016-04-22),1,1,624,14000624,14705,14,3,TN,0.849876,1.377675,0.0,1.189387,1.499454,0.0,0.0,2,2,1,2,2,1,1,3,3,2,2,1,3,3,1,3,2,0,0,0,1,0,1,1,0,0,0,0,0,0,0,0,0,0,0,a,a,0,0,0,0,1,0,1,0,1,1,0,0,0,0,0,0,0,0,0,0,0,i,i,0,0,0,1,1,2,2,1,2,2,2,2,2,2,1,2,0,0,1,1,0,0,0,1,0,1,0,i,0,0,0,0,2,3,2,1,3,1,1,1,1,1,1,2,1,1,1,1,1,1,1,1,i,1,1,1,1,1,1,1,0,0,0,0,0,i,i,i,0,0,0,0,0,0,0,1,0,0,0,0,0,0,i,0,0,0,2,4,2,2,3,4,3,3,1,0,1,1,0,0,1,0,0,0,1,0,0,0,0,0,1,0,0,0,1,0,0,0,0,0,0,0,0,0,0,0,2,2,2,3,1,1,2,1,1,1,1,1,2,2,2,1,1,1,1,2,2,2,1,2,2,3,1,0,0,0,1,0,0,0,1,0,0,0,0,0,1,24,i,i,i,i,1,1,1,1,0,1,0,0,0,0,0,0,0,0,0,0,0,0,0,0,1,0,0,0,0,0,1,0,0,0,0,1,0,0,0,0,0,0,0,0,0,0,1,1,0,0,0,1,1,0,1,0,1,0,0,0,0,2,2,64,4,19,2,1,1,1,19,i,0,0,0,0,1,0,0,i,i,i,i,i,i,i,i,i,i,i,i,i,i,i,i,i,i,i,i,i,i,i,i,i,i,i,i,i,i,1,1,0,0,0,1,7,2,4,4,0,0,0,0,1,1,3,0,0,0,0,1,1,0,0,0,0,7,i,6,1,2,2,2,2,i,i,2,i,i,i,i,i,a,a,i,a,20,12,11,32,11,52,20,1,2,2,2,i,i,2,i,i,i,i,i,i,i,i,i,i,i,i,i,2116,20,1
6291,doi:10.4232/1.12497,1.0.0 (2016-04-22),1,1,625,14000625,14706,14,3,TN,1.048797,1.377675,0.0,1.189387,1.499454,0.0,0.0,2,3,3,2,3,2,2,4,2,3,3,2,1,1,1,1,4,0,0,0,0,0,0,1,0,0,1,0,0,0,0,0,0,0,0,a,a,0,0,0,0,0,0,1,0,0,1,0,0,1,0,0,0,0,0,0,0,0,i,i,0,0,0,2,2,1,2,3,3,2,2,2,2,3,1,2,0,1,0,0,1,0,0,1,0,0,0,i,0,0,0,0,2,2,3,2,3,1,1,1,1,1,1,2,1,1,1,1,1,1,1,1,i,1,1,3,3,1,0,1,0,0,0,0,0,i,i,i,0,0,0,0,0,0,0,1,0,0,0,0,0,0,i,0,0,0,3,4,3,2,2,4,2,2,0,1,0,0,1,0,0,0,0,0,1,0,1,0,0,0,1,0,0,0,0,0,1,0,0,0,0,0,0,0,0,0,4,2,2,3,2,1,2,2,2,2,1,1,2,4,4,2,2,2,2,3,3,3,2,3,3,3,0,0,1,0,1,0,0,0,1,0,0,0,0,0,2,i,i,i,i,i,i,i,i,i,i,i,i,i,i,i,i,i,i,i,i,i,i,i,i,i,i,i,i,i,i,i,i,i,i,i,i,i,0,1,0,0,0,0,0,1,0,0,0,0,0,0,0,1,1,1,1,0,0,0,1,0,0,1,1,30,2,17,2,1,18,8,i,i,0,0,0,0,1,0,0,i,i,i,i,i,i,i,i,i,i,i,i,i,i,i,i,i,i,i,i,i,i,i,i,i,i,i,i,i,i,0,0,0,1,0,0,6,2,5,4,1,1,0,0,2,1,2,1,1,1,0,0,0,1,0,0,0,7,7,6,2,2,2,2,2,i,i,2,i,i,i,i,i,a,a,i,a,19,12,14,50,15,20,30,1,3,1,2,i,i,2,i,i,i,i,i,i,i,i,i,i,i,i,i,111,26,1
6291,doi:10.4232/1.12497,1.0.0 (2016-04-22),1,1,626,14000626,14707,14,3,TN,1.010406,1.377675,0.0,1.189387,1.499454,0.0,0.0,4,3,1,1,2,2,2,4,1,2,3,2,2,2,2,2,3,0,0,0,1,0,1,1,0,0,0,0,0,0,0,0,0,0,0,a,a,0,0,0,0,0,1,1,0,1,1,0,0,0,0,0,0,0,0,0,0,0,i,i,0,0,0,2,2,1,1,1,2,2,2,2,2,2,2,i,0,0,0,0,0,0,0,1,1,1,0,i,0,0,0,0,3,3,3,3,3,1,1,1,1,1,1,1,1,1,1,1,1,1,1,1,i,1,1,3,3,1,0,0,0,0,0,0,0,i,i,i,0,0,0,0,0,0,0,1,0,0,0,0,0,0,i,0,0,0,3,3,3,3,3,3,3,3,1,1,0,1,0,0,0,0,0,0,0,0,0,0,0,0,1,0,0,0,0,0,1,0,0,0,0,0,0,0,0,0,4,4,4,4,2,2,2,2,2,2,2,1,2,4,4,2,2,2,2,2,2,2,2,2,2,2,1,0,0,0,1,0,0,0,0,0,1,0,0,0,2,i,i,i,i,i,i,i,i,i,i,i,i,i,i,i,i,i,i,i,i,i,i,i,i,i,i,i,i,i,i,i,i,i,i,i,i,i,0,1,0,0,0,0,0,1,1,0,0,0,0,0,0,1,1,1,1,1,0,0,0,0,0,1,2,75,4,1,6,5,1,1,18,4,0,0,0,0,1,0,0,i,i,i,i,i,i,i,i,i,i,i,i,i,i,i,i,i,i,i,i,i,i,i,i,i,i,i,i,i,i,0,0,0,1,0,0,1,1,2,2,0,0,0,0,2,1,2,1,0,0,0,0,0,1,0,0,0,7,i,6,2,2,2,2,2,i,i,2,i,i,i,i,i,a,a,i,a,19,12,15,30,15,50,20,1,3,1,2,i,i,2,i,i,i,i,i,i,i,i,i,i,i,i,i,111,26,1
6291,doi:10.4232/1.12497,1.0.0 (2016-04-22),1,1,627,14000627,14708,14,3,TN,1.057513,1.377675,0.0,1.189387,1.499454,0.0,0.0,1,2,2,2,2,3,3,3,3,2,2,1,1,1,1,1,2,0,0,1,1,0,1,1,1,0,1,1,1,0,0,0,0,0,0,a,a,0,0,0,0,1,1,1,0,1,1,1,0,1,1,1,0,0,0,0,0,0,i,i,0,0,0,3,3,3,3,2,3,2,2,2,3,3,1,2,1,0,1,1,0,0,0,0,0,0,0,i,0,0,0,0,3,3,3,2,3,1,2,2,2,2,2,2,2,2,2,2,2,2,2,2,i,2,2,3,3,1,0,0,0,0,0,0,1,i,i,i,0,0,1,0,0,0,0,1,0,0,0,0,0,0,i,0,0,0,3,3,2,3,2,2,2,2,0,0,0,0,1,0,0,0,0,0,0,0,0,0,0,0,0,0,0,0,0,0,1,0,0,0,0,1,0,0,0,0,4,4,4,4,2,2,2,2,1,1,1,1,1,2,2,3,1,3,3,3,3,1,1,3,3,4,0,1,0,1,1,0,0,0,0,0,0,0,0,0,2,i,i,i,i,i,i,i,i,i,i,i,i,i,i,i,i,i,i,i,i,i,i,i,i,i,i,i,i,i,i,i,i,i,i,i,i,i,1,1,0,0,0,0,0,0,0,0,1,0,0,0,0,1,1,0,1,0,0,0,1,0,0,1,1,26,2,1,6,3,5,5,i,i,0,0,0,0,1,0,0,i,i,i,i,i,i,i,i,i,i,i,i,i,i,i,i,i,i,i,i,i,i,i,i,i,i,i,i,i,i,1,0,0,0,0,1,7,3,5,4,1,1,0,0,1,1,3,1,1,1,1,1,1,1,0,0,0,1,6,6,2,1,2,2,2,i,i,2,i,1,i,i,i,a,a,i,a,20,12,14,30,14,58,28,1,1,1,2,i,i,2,i,i,i,i,i,i,i,i,i,i,i,i,i,122,27,1
6291,doi:10.4232/1.12497,1.0.0 (2016-04-22),1,1,628,14000628,14709,14,3,TN,1.052391,1.377675,0.0,1.189387,1.499454,0.0,0.0,2,2,2,2,2,3,3,4,4,2,2,1,1,1,1,1,8,0,0,0,0,0,1,0,0,0,0,0,0,0,0,0,0,0,0,a,a,0,0,0,0,0,0,0,0,1,0,1,0,0,0,0,0,0,0,0,0,0,i,i,0,0,0,1,2,1,2,1,3,2,2,2,5,4,1,2,1,0,1,0,0,1,1,0,0,0,0,i,0,0,0,0,1,4,3,2,3,1,2,1,2,2,1,2,2,2,2,2,2,1,2,1,i,2,1,2,3,1,1,0,0,0,0,0,0,i,i,i,1,0,0,0,0,0,0,1,1,0,0,0,0,0,i,0,0,0,1,1,3,3,3,1,3,3,1,1,0,1,0,0,1,0,0,0,0,1,0,0,0,0,1,0,0,0,0,0,0,0,0,0,0,1,0,0,0,0,4,4,4,1,2,2,2,2,1,2,2,2,2,3,3,1,2,2,2,3,3,3,2,3,3,4,0,1,0,0,0,0,1,0,0,1,0,0,0,0,2,i,i,i,i,i,i,i,i,i,i,i,i,i,i,i,i,i,i,i,i,i,i,i,i,i,i,i,i,i,i,i,i,i,i,i,i,i,1,1,0,1,0,0,0,0,0,0,0,0,0,0,0,1,1,1,1,0,0,0,0,0,0,1,1,30,2,14,1,1,8,5,i,i,0,0,0,0,1,0,0,i,i,i,i,i,i,i,i,i,i,i,i,i,i,i,i,i,i,i,i,i,i,i,i,i,i,i,i,i,i,1,1,0,0,0,1,5,2,2,2,1,1,0,0,2,1,2,1,0,0,1,0,0,0,0,0,0,2,6,2,2,1,2,2,1,i,i,2,i,2,i,i,2,a,a,i,a,19,12,14,15,14,45,30,1,2,1,2,i,i,2,i,i,i,i,i,i,i,i,i,i,i,i,i,111,26,1
6291,doi:10.4232/1.12497,1.0.0 (2016-04-22),1,1,629,14000629,14710,14,3,TN,0.988292,1.377675,0.0,1.189387,1.499454,0.0,0.0,4,3,3,3,4,3,3,4,2,2,2,3,3,3,3,3,8,1,0,0,1,0,0,1,0,0,0,0,0,0,0,0,0,0,0,a,a,0,0,0,1,0,0,1,0,0,1,1,0,0,0,0,0,0,0,0,0,0,i,i,0,0,0,3,3,3,3,1,2,2,2,2,2,2,1,2,0,0,0,1,1,0,0,0,1,0,0,i,0,0,0,0,2,2,2,2,2,1,1,1,1,1,2,2,2,1,1,1,1,1,1,1,i,1,1,2,4,1,0,0,0,0,0,0,1,i,i,i,1,0,0,0,0,0,0,1,0,0,0,0,0,0,i,0,0,0,1,4,1,1,3,4,4,4,1,0,0,1,0,0,0,0,0,0,1,1,0,0,0,0,0,0,0,1,0,0,0,0,0,0,0,1,0,0,0,0,4,4,4,4,2,2,2,2,2,2,2,2,2,3,3,1,1,1,4,1,3,1,1,1,1,1,1,0,0,0,0,0,0,1,0,1,0,0,0,0,2,i,i,i,i,i,i,i,i,i,i,i,i,i,i,i,i,i,i,i,i,i,i,i,i,i,i,i,i,i,i,i,i,i,i,i,i,i,0,1,0,0,0,0,0,0,1,1,0,0,0,0,0,1,1,0,1,1,1,0,0,0,0,1,1,40,3,10,1,1,18,8,i,i,0,0,0,0,0,1,0,i,i,i,i,i,i,i,i,i,i,i,i,i,i,i,i,i,i,i,i,i,i,i,i,i,i,i,i,i,i,0,0,0,1,0,0,4,1,2,2,4,4,0,0,2,1,2,1,0,0,0,0,0,0,0,0,0,7,6,6,2,2,2,2,2,i,i,2,i,i,i,i,i,a,a,i,a,14,12,10,30,14,57,27,1,1,1,7,i,i,7,i,i,i,i,i,i,i,i,i,i,i,i,i,143,13,1
6291,doi:10.4232/1.12497,1.0.0 (2016-04-22),1,1,630,14000630,14711,14,3,TN,1.046372,1.377675,0.0,1.189387,1.499454,0.0,0.0,4,3,3,3,4,4,4,4,1,5,5,2,3,3,2,3,4,1,0,0,0,0,1,1,0,0,0,0,1,0,0,0,0,0,0,a,a,0,0,0,1,0,0,1,0,1,1,0,0,0,0,1,0,0,0,0,0,0,i,i,0,0,0,2,2,1,1,1,2,2,2,2,2,2,1,2,0,0,0,0,0,1,0,1,0,1,0,i,0,0,0,0,2,2,2,3,2,1,1,1,1,1,2,2,2,1,2,1,1,2,2,1,i,2,1,1,4,1,0,0,0,0,0,0,0,i,i,i,1,0,1,0,0,0,0,1,0,0,1,0,1,0,i,0,0,0,2,2,2,2,3,3,2,2,1,0,0,1,0,0,1,0,0,0,1,1,0,0,0,0,0,0,0,0,0,0,1,0,0,0,0,1,0,0,0,0,4,2,3,5,1,2,2,2,1,2,1,1,2,4,4,1,1,2,4,3,3,1,4,4,4,4,1,0,0,0,0,1,0,1,0,0,0,0,0,0,2,i,i,i,i,i,i,i,i,i,i,i,i,i,i,i,i,i,i,i,i,i,i,i,i,i,i,i,i,i,i,i,i,i,i,i,i,i,1,0,0,0,0,0,0,1,1,0,0,0,0,0,0,1,1,1,1,0,1,0,0,0,0,3,2,48,3,1,6,1,1,1,19,i,0,0,0,0,1,0,0,i,i,i,i,i,i,i,i,i,i,i,i,i,i,i,i,i,i,i,i,i,i,i,i,i,i,i,i,i,i,1,0,0,0,0,1,7,3,4,4,0,0,1,1,1,1,3,1,0,0,1,1,1,1,0,0,0,1,i,6,2,2,2,2,2,i,i,2,i,i,i,i,i,a,a,i,a,14,12,15,25,15,45,20,2,1,1,7,i,i,7,i,i,i,i,i,i,i,i,i,i,i,i,i,143,13,1
6291,doi:10.4232/1.12497,1.0.0 (2016-04-22),1,1,631,14000631,14712,14,3,TN,0.988292,1.377675,0.0,1.189387,1.499454,0.0,0.0,2,1,1,1,1,4,3,3,4,2,2,2,1,1,2,1,1,0,0,0,1,0,0,0,0,0,1,0,0,0,0,0,0,0,0,a,a,0,0,0,1,0,0,1,0,0,0,0,0,1,0,0,0,0,0,0,0,0,i,i,0,0,0,1,2,1,2,1,3,2,2,2,1,2,1,2,0,0,0,0,0,0,0,0,0,0,1,i,0,0,0,0,2,2,2,4,2,2,1,1,1,2,2,2,3,2,1,2,2,2,2,1,i,2,1,2,4,1,0,0,0,0,0,0,0,i,i,i,0,0,0,0,0,0,0,1,0,0,0,0,0,0,i,0,0,0,1,4,1,1,1,1,3,3,0,0,0,0,0,0,1,0,0,0,0,1,0,0,0,0,0,0,0,0,0,0,1,0,0,0,0,1,0,0,0,0,4,1,4,5,2,2,2,1,1,2,2,2,2,1,1,1,1,2,1,3,2,1,3,3,1,1,1,0,0,0,0,1,0,1,0,0,0,0,0,0,2,i,i,i,i,i,i,i,i,i,i,i,i,i,i,i,i,i,i,i,i,i,i,i,i,i,i,i,i,i,i,i,i,i,i,i,i,i,1,0,0,0,0,0,0,0,1,0,0,0,0,0,0,2,2,0,1,0,1,0,0,0,0,2,1,40,3,13,1,1,18,8,i,i,0,0,0,0,1,0,0,i,i,i,i,i,i,i,i,i,i,i,i,i,i,i,i,i,i,i,i,i,i,i,i,i,i,i,i,i,i,0,0,0,1,0,0,5,1,2,2,2,2,0,0,2,1,2,1,0,0,0,0,0,1,0,0,0,7,6,6,2,2,2,2,2,i,i,2,i,i,i,i,i,a,a,i,a,14,12,14,0,14,20,20,1,1,1,7,i,i,7,i,i,i,i,i,i,i,i,i,i,i,i,i,143,13,1
6291,doi:10.4232/1.12497,1.0.0 (2016-04-22),1,1,632,14000632,14713,14,3,TN,1.046372,1.377675,0.0,1.189387,1.499454,0.0,0.0,4,3,3,3,4,3,3,4,4,3,3,3,3,3,3,3,4,1,0,0,0,0,1,1,1,0,0,0,0,0,0,0,0,0,0,a,a,0,0,0,1,0,0,1,0,1,1,1,0,0,0,0,0,0,0,0,0,0,i,i,0,0,0,2,2,1,1,1,2,2,2,2,2,1,1,2,1,0,1,1,1,0,0,0,0,0,0,i,0,0,0,0,1,4,2,2,3,1,2,2,1,1,1,1,2,2,1,1,1,1,2,1,i,3,1,2,1,0,1,1,0,0,0,0,0,i,i,i,0,0,0,0,0,0,0,1,0,0,0,0,0,0,i,0,0,0,3,3,2,3,3,4,3,3,0,0,0,1,1,0,1,1,0,0,0,0,0,0,0,0,0,1,0,0,0,0,0,0,0,0,1,0,0,0,0,0,3,3,2,3,1,1,2,2,2,2,1,1,2,4,3,1,1,2,2,3,2,1,2,4,4,4,0,1,0,0,1,0,0,0,1,0,0,0,0,0,2,i,i,i,i,i,i,i,i,i,i,i,i,i,i,i,i,i,i,i,i,i,i,i,i,i,i,i,i,i,i,i,i,i,i,i,i,i,0,1,0,0,0,0,0,0,0,1,0,0,0,0,0,1,2,1,1,0,1,0,0,0,0,2,2,45,3,11,1,1,1,1,18,4,0,0,0,0,1,0,0,i,i,i,i,i,i,i,i,i,i,i,i,i,i,i,i,i,i,i,i,i,i,i,i,i,i,i,i,i,i,1,0,0,0,0,1,7,3,2,2,2,2,0,0,2,1,2,1,0,0,0,0,0,1,0,0,0,7,i,6,2,2,2,2,2,i,i,2,i,i,i,i,i,a,a,i,a,17,12,12,40,13,19,39,1,3,1,7,i,i,7,i,i,i,i,i,i,i,i,i,i,i,i,i,144,13,1
6291,doi:10.4232/1.12497,1.0.0 (2016-04-22),1,1,633,14000633,14714,14,3,TN,1.041303,1.377675,0.0,1.189387,1.499454,0.0,0.0,4,2,1,1,1,2,1,3,2,5,1,1,1,1,1,1,4,1,0,1,0,0,0,1,0,0,0,0,0,0,0,0,0,0,0,a,a,0,0,0,1,0,1,1,0,0,1,0,0,0,0,0,0,0,0,0,0,0,i,i,0,0,0,1,2,1,1,1,3,2,2,2,2,2,1,2,0,0,0,0,1,0,0,0,1,0,1,i,0,0,0,0,1,1,1,3,2,1,1,1,1,1,1,1,2,2,2,1,1,2,1,1,i,2,1,2,4,1,1,0,0,0,0,0,0,i,i,i,1,0,0,0,0,0,0,1,0,0,0,0,0,0,i,0,0,0,1,2,1,1,1,2,2,2,1,0,1,1,0,0,1,0,0,0,0,1,0,0,0,0,0,0,1,0,0,0,0,0,0,0,0,1,0,0,0,0,3,1,2,5,1,2,2,1,1,2,1,1,2,4,4,1,1,1,4,2,2,1,3,3,3,4,1,0,0,0,0,1,0,1,0,0,0,0,0,0,2,i,i,i,i,i,i,i,i,i,i,i,i,i,i,i,i,i,i,i,i,i,i,i,i,i,i,i,i,i,i,i,i,i,i,i,i,i,1,1,0,0,0,0,0,1,0,0,0,0,0,0,0,2,2,1,1,0,1,0,0,0,0,2,2,50,3,13,1,1,1,1,19,i,0,0,0,0,1,0,0,i,i,i,i,i,i,i,i,i,i,i,i,i,i,i,i,i,i,i,i,i,i,i,i,i,i,i,i,i,i,0,0,0,1,0,0,4,1,3,3,0,0,0,0,1,2,1,1,0,0,0,0,0,1,0,0,0,7,i,6,2,2,2,2,2,i,i,2,i,i,i,i,i,a,a,i,a,14,12,16,30,16,55,25,1,2,1,7,i,i,7,i,i,i,i,i,i,i,i,i,i,i,i,i,144,13,1
6291,doi:10.4232/1.12497,1.0.0 (2016-04-22),1,1,634,14000634,14715,14,3,TN,0.873743,1.377675,0.0,1.189387,1.499454,0.0,0.0,4,2,2,2,2,4,4,4,2,2,2,1,1,1,1,1,7,0,0,0,1,0,1,0,1,0,0,0,1,0,0,0,0,0,0,a,a,0,0,0,0,0,0,1,0,1,1,1,0,0,0,1,0,0,0,0,0,0,i,i,0,0,0,3,3,1,3,3,4,2,2,2,3,2,1,2,0,0,1,0,0,0,0,1,0,0,0,i,0,0,0,0,2,3,1,4,2,1,2,1,1,2,1,1,1,1,1,1,2,1,2,1,i,1,1,3,4,0,1,0,0,0,0,0,1,i,i,i,1,0,0,0,0,0,0,1,1,0,0,0,0,0,i,0,0,0,1,1,2,1,1,3,1,1,0,1,0,1,0,0,1,0,0,0,0,1,1,0,0,0,0,1,0,1,0,0,0,0,0,0,0,0,0,0,0,0,3,1,1,2,1,1,2,2,1,1,2,2,2,3,3,1,1,2,3,3,2,1,1,1,3,3,1,0,0,0,0,0,1,1,0,0,0,0,0,0,2,i,i,i,i,i,i,i,i,i,i,i,i,i,i,i,i,i,i,i,i,i,i,i,i,i,i,i,i,i,i,i,i,i,i,i,i,i,1,0,0,0,0,0,0,1,1,0,0,0,0,0,0,2,1,0,1,0,1,0,0,0,0,1,1,66,4,25,3,3,18,8,i,i,0,0,0,0,1,0,0,i,i,i,i,i,i,i,i,i,i,i,i,i,i,i,i,i,i,i,i,i,i,i,i,i,i,i,i,i,i,1,0,0,0,0,1,5,2,8,4,0,0,0,0,1,1,3,1,0,0,0,1,1,1,0,0,0,1,2,2,2,1,2,2,2,i,i,2,i,1,i,i,i,a,a,i,a,14,12,17,24,17,44,20,1,1,1,7,i,i,7,i,i,i,i,i,i,i,i,i,i,i,i,i,144,13,1
6291,doi:10.4232/1.12497,1.0.0 (2016-04-22),1,1,635,14000635,14716,14,3,TN,1.046372,1.377675,0.0,1.189387,1.499454,0.0,0.0,4,1,1,1,1,3,2,4,1,5,5,3,3,3,3,3,8,0,0,0,1,0,1,0,0,0,0,0,1,0,0,0,0,0,0,a,a,0,0,0,0,0,0,1,0,1,0,1,0,0,0,1,0,0,0,0,0,0,i,i,0,0,0,1,2,1,1,1,3,2,2,2,2,1,1,2,0,0,0,1,0,0,0,0,0,0,1,i,0,0,0,0,1,1,1,3,2,1,1,1,1,1,2,2,2,2,2,1,1,2,2,1,i,2,1,2,4,1,0,0,0,0,0,0,1,i,i,i,1,0,0,0,0,0,0,1,0,0,0,0,0,0,i,0,0,0,1,3,1,1,2,3,3,3,1,0,0,0,0,0,1,0,1,0,1,1,0,0,0,0,1,0,0,0,0,0,0,0,0,0,0,1,0,0,0,0,4,2,2,5,1,2,2,1,1,2,1,1,2,3,3,1,1,2,4,3,2,1,3,3,3,3,1,0,0,0,0,0,1,0,1,0,0,0,0,0,2,i,i,i,i,i,i,i,i,i,i,i,i,i,i,i,i,i,i,i,i,i,i,i,i,i,i,i,i,i,i,i,i,i,i,i,i,i,1,0,0,0,0,0,0,0,1,0,1,0,0,0,0,1,1,0,1,0,1,0,0,0,0,2,2,52,3,1,6,1,1,1,19,i,0,0,0,0,1,0,0,i,i,i,i,i,i,i,i,i,i,i,i,i,i,i,i,i,i,i,i,i,i,i,i,i,i,i,i,i,i,0,0,0,1,0,0,6,2,2,2,0,0,0,0,2,1,2,1,0,0,1,1,1,1,0,0,0,6,i,6,2,2,2,2,2,i,i,2,i,i,i,i,i,a,a,i,a,14,12,15,0,15,20,20,2,1,1,7,i,i,7,i,i,i,i,i,i,i,i,i,i,i,i,i,143,13,1
6291,doi:10.4232/1.12497,1.0.0 (2016-04-22),1,1,636,14000636,14717,14,3,TN,1.096031,1.377675,0.0,1.189387,1.499454,0.0,0.0,4,2,2,2,2,2,2,4,2,5,5,3,3,3,3,3,6,0,1,0,1,0,0,1,0,0,1,0,1,0,0,0,0,0,0,a,a,0,0,0,0,1,0,1,0,1,1,0,0,1,0,1,0,0,0,0,0,0,i,i,0,0,0,3,3,1,3,1,2,2,2,2,2,2,1,2,0,0,0,0,0,1,0,1,0,1,0,i,0,0,0,0,2,2,2,3,2,1,2,2,2,1,2,2,2,2,2,1,1,2,2,1,i,2,1,3,4,1,1,0,0,0,0,0,1,i,i,i,0,0,0,0,0,0,0,1,0,0,0,0,0,0,i,0,0,0,1,2,1,1,1,2,2,2,1,0,0,0,1,0,1,0,0,0,1,1,0,0,0,0,0,0,0,0,0,0,0,0,0,0,1,1,0,0,0,0,4,4,4,1,1,2,2,2,1,2,2,2,2,3,3,1,1,2,3,3,2,1,3,4,3,4,1,0,0,0,1,0,0,0,0,1,0,0,0,0,2,i,i,i,i,i,i,i,i,i,i,i,i,i,i,i,i,i,i,i,i,i,i,i,i,i,i,i,i,i,i,i,i,i,i,i,i,i,1,0,0,0,0,0,0,1,0,0,0,0,0,0,0,1,1,1,1,0,1,0,0,0,0,1,2,20,1,15,1,3,1,1,19,i,0,0,0,0,1,0,0,i,i,i,i,i,i,i,i,i,i,i,i,i,i,i,i,i,i,i,i,i,i,i,i,i,i,i,i,i,i,1,0,0,0,0,1,5,2,5,4,0,0,0,0,2,1,2,1,0,0,1,1,0,1,0,0,0,1,i,6,2,1,2,2,2,i,i,2,i,1,i,i,i,a,a,i,a,14,12,17,0,17,20,20,1,3,1,7,i,i,7,i,i,i,i,i,i,i,i,i,i,i,i,i,144,13,1
6291,doi:10.4232/1.12497,1.0.0 (2016-04-22),1,1,637,14000637,14718,14,3,TN,1.101366,1.377675,0.0,1.189387,1.499454,0.0,0.0,2,2,3,3,3,2,2,2,3,3,3,2,1,2,2,2,2,0,0,0,1,0,1,1,0,0,1,0,0,0,0,0,0,0,0,a,a,0,0,0,0,1,0,1,0,1,1,0,0,1,0,0,0,0,0,0,0,0,i,i,0,0,0,2,2,2,2,1,2,2,2,2,2,2,1,2,1,0,0,0,0,0,0,0,1,0,0,i,0,0,0,0,3,3,3,3,3,1,1,2,2,1,2,1,1,2,2,2,1,2,1,2,i,2,1,2,3,1,0,0,0,0,0,0,0,i,i,i,0,0,0,0,0,0,0,1,0,0,0,0,0,0,i,0,0,0,2,3,2,2,2,3,2,2,1,0,0,1,0,0,0,0,0,0,0,0,0,0,0,0,0,1,0,0,0,0,0,0,0,0,0,0,0,0,0,0,3,3,3,3,2,2,2,2,2,2,2,2,2,3,3,2,3,2,3,3,3,3,3,3,3,3,1,1,0,1,0,0,0,0,0,0,0,0,0,0,2,i,i,i,i,i,i,i,i,i,i,i,i,i,i,i,i,i,i,i,i,i,i,i,i,i,i,i,i,i,i,i,i,i,i,i,i,i,0,1,0,0,0,0,0,0,0,0,0,0,0,0,0,1,2,0,1,0,0,0,0,0,0,2,2,23,1,1,6,5,18,8,i,i,0,0,0,0,1,0,0,i,i,i,i,i,i,i,i,i,i,i,i,i,i,i,i,i,i,i,i,i,i,i,i,i,i,i,i,i,i,0,0,0,1,0,0,4,1,4,4,0,0,0,0,2,2,4,1,0,0,0,0,0,1,0,0,0,7,6,6,2,2,2,2,2,i,i,2,i,i,i,i,i,a,a,i,a,13,12,16,50,17,25,35,1,2,1,7,i,i,7,i,i,i,i,i,i,i,i,i,i,i,i,i,148,43,1
6291,doi:10.4232/1.12497,1.0.0 (2016-04-22),1,1,638,14000638,14719,14,3,TN,0.949614,1.377675,0.0,1.189387,1.499454,0.0,0.0,4,1,1,1,1,1,1,4,2,4,4,3,3,3,3,3,10,0,0,0,0,0,0,1,0,0,0,0,0,0,0,0,0,0,0,a,a,0,0,0,0,0,0,0,0,0,1,0,0,1,0,0,0,0,0,0,0,0,i,i,0,0,0,2,3,1,1,1,1,1,2,2,1,4,1,2,1,0,0,0,0,0,0,0,0,0,0,i,0,0,0,0,1,2,2,2,1,2,2,2,1,1,1,2,2,2,2,1,2,2,1,2,i,2,2,3,3,0,1,0,0,0,0,0,0,i,i,i,0,0,0,0,0,0,0,0,1,0,0,0,0,0,i,0,0,0,4,4,2,2,4,4,4,4,0,0,0,0,1,0,0,0,0,0,0,0,0,0,0,0,0,1,0,0,1,0,0,0,0,0,0,0,0,0,0,0,1,1,1,2,1,1,1,2,2,2,2,2,3,4,4,1,3,1,3,4,2,3,3,4,4,4,1,1,0,0,1,0,0,0,0,0,0,0,0,0,2,i,i,i,i,i,i,i,i,i,i,i,i,i,i,i,i,i,i,i,i,i,i,i,i,i,i,i,i,i,i,i,i,i,i,i,i,i,0,1,0,0,0,0,0,1,0,0,0,0,0,0,0,1,1,0,1,0,0,0,1,0,0,1,1,56,4,11,1,1,2,2,14,3,1,0,0,0,0,0,1,0,0,0,0,0,0,0,0,0,0,0,0,0,1,0,0,0,0,0,0,0,0,0,0,0,0,0,0,0,0,1,0,0,0,0,1,2,1,5,4,0,0,1,1,2,1,2,1,0,0,0,0,0,0,1,0,0,7,i,6,3,2,3,3,2,i,i,3,i,i,i,i,i,a,a,i,a,14,12,11,3,11,30,27,1,1,1,7,i,i,7,i,i,i,i,i,i,i,i,i,i,i,i,i,141,10,1
6291,doi:10.4232/1.12497,1.0.0 (2016-04-22),1,1,639,14000639,14720,14,3,TN,1.031094,1.377675,0.0,1.189387,1.499454,0.0,0.0,2,3,3,3,4,3,3,4,4,2,2,1,1,1,1,1,4,0,0,1,0,0,1,1,0,0,0,0,0,0,0,0,0,0,0,a,a,0,0,0,0,0,1,1,0,1,1,0,0,0,0,0,0,0,0,0,0,0,i,i,0,0,0,2,2,4,4,2,2,2,2,2,2,2,2,i,0,0,0,1,0,0,0,0,0,0,0,i,0,0,0,0,5,5,2,5,5,1,3,3,3,3,1,3,3,3,3,2,3,1,1,3,i,1,1,5,5,1,0,0,0,0,0,0,0,i,i,i,0,0,0,0,0,0,0,1,0,0,0,0,0,0,i,0,0,0,4,4,5,5,5,5,4,4,0,0,0,0,0,1,0,0,0,0,0,0,0,0,0,0,0,0,0,0,1,0,0,0,0,0,0,1,0,0,0,0,3,3,3,3,2,2,2,2,2,2,2,2,2,5,5,5,2,2,5,4,5,5,5,5,4,4,0,0,0,0,0,0,0,0,0,0,0,0,0,1,2,i,i,i,i,i,i,i,i,i,i,i,i,i,i,i,i,i,i,i,i,i,i,i,i,i,i,i,i,i,i,i,i,i,i,i,i,i,0,1,0,0,0,0,0,1,0,0,0,0,0,0,0,1,1,0,1,0,0,0,0,0,0,1,2,37,2,1,6,1,1,1,19,i,0,0,0,0,1,0,0,i,i,i,i,i,i,i,i,i,i,i,i,i,i,i,i,i,i,i,i,i,i,i,i,i,i,i,i,i,i,0,0,0,1,0,0,6,3,2,2,0,0,2,2,2,1,2,1,0,0,0,0,0,1,0,0,0,7,i,6,3,2,2,2,2,i,i,2,i,i,i,i,i,a,a,i,a,14,12,14,0,14,18,18,1,3,1,7,i,i,7,i,i,i,i,i,i,i,i,i,i,i,i,i,141,10,1
6291,doi:10.4232/1.12497,1.0.0 (2016-04-22),1,1,640,14000640,14721,14,3,TN,0.879935,1.377675,0.0,1.189387,1.499454,0.0,0.0,4,3,2,2,3,1,2,5,2,5,4,2,4,3,2,3,6,0,0,0,1,0,0,0,1,0,0,0,1,0,0,0,0,0,0,a,a,0,0,0,0,0,0,1,0,1,0,1,0,0,0,1,0,0,0,0,0,0,i,i,0,0,0,2,2,1,1,1,1,2,2,2,1,2,1,2,0,0,0,1,0,1,0,0,0,1,0,i,0,0,0,0,1,1,1,2,2,1,1,1,1,1,1,1,1,1,1,1,1,1,1,1,i,1,1,2,4,1,1,0,0,0,0,0,0,i,i,i,1,0,0,0,0,0,0,1,1,0,0,0,0,0,i,0,0,0,1,3,1,1,2,2,2,2,1,0,0,1,0,0,1,0,0,1,0,1,0,0,0,0,1,0,0,0,0,0,0,0,0,0,0,1,0,0,0,0,3,1,2,1,1,2,2,2,1,2,2,2,2,4,4,1,1,2,4,3,2,1,4,4,4,4,1,0,0,0,0,0,0,1,1,0,0,0,0,0,2,i,i,i,i,i,i,i,i,i,i,i,i,i,i,i,i,i,i,i,i,i,i,i,i,i,i,i,i,i,i,i,i,i,i,i,i,i,1,1,0,0,0,0,0,0,1,0,0,0,0,0,0,1,1,0,1,0,1,0,0,0,0,1,1,25,2,24,3,3,3,3,19,i,0,0,0,0,1,0,0,i,i,i,i,i,i,i,i,i,i,i,i,i,i,i,i,i,i,i,i,i,i,i,i,i,i,i,i,i,i,0,0,0,1,0,0,6,2,3,3,2,2,0,0,2,1,2,1,0,0,1,1,1,1,0,0,0,1,i,6,2,1,2,2,2,i,i,2,i,1,i,i,i,a,a,i,a,14,12,15,55,16,17,22,1,1,1,7,i,i,7,i,i,i,i,i,i,i,i,i,i,i,i,i,143,13,1
6291,doi:10.4232/1.12497,1.0.0 (2016-04-22),1,1,641,14000641,14722,14,3,TN,1.037747,1.377675,0.0,1.189387,1.499454,0.0,0.0,2,3,3,3,4,2,2,4,4,4,4,1,1,1,1,1,4,0,0,0,0,0,0,1,1,0,0,0,0,0,0,0,0,0,0,a,a,0,0,0,0,0,0,1,0,0,1,1,0,0,0,0,0,0,0,0,0,0,i,i,0,0,0,2,2,2,2,2,2,2,2,2,4,4,1,2,0,0,0,0,0,0,0,0,0,1,0,i,0,0,0,0,2,2,2,1,1,3,3,3,3,2,2,3,3,3,3,3,3,3,3,3,i,3,3,1,1,1,0,0,0,0,0,0,0,i,i,i,0,0,0,0,0,0,0,1,0,0,0,0,0,0,i,0,0,0,4,4,2,3,4,4,4,4,0,0,0,0,1,0,0,0,0,0,0,1,0,0,0,0,0,0,0,0,1,0,0,0,0,0,0,1,0,0,0,0,2,2,2,2,1,1,1,2,2,2,2,2,2,3,3,2,2,4,4,4,4,2,3,3,4,4,0,1,0,0,1,0,0,1,0,0,0,0,0,0,2,i,i,i,i,i,i,i,i,i,i,i,i,i,i,i,i,i,i,i,i,i,i,i,i,i,i,i,i,i,i,i,i,i,i,i,i,i,0,1,0,0,0,0,0,1,0,0,0,1,0,0,0,1,1,0,1,0,0,0,0,0,0,1,2,43,3,20,3,1,16,8,i,i,0,0,0,0,1,0,0,i,i,i,i,i,i,i,i,i,i,i,i,i,i,i,i,i,i,i,i,i,i,i,i,i,i,i,i,i,i,1,1,0,0,0,1,9,2,2,2,2,2,0,0,1,1,3,1,0,0,0,0,0,1,0,0,0,7,6,6,3,1,2,2,1,i,i,2,i,3,i,i,4,a,a,i,a,14,12,13,3,13,30,27,1,2,1,7,i,i,7,i,i,i,i,i,i,i,i,i,i,i,i,i,141,10,1
6291,doi:10.4232/1.12497,1.0.0 (2016-04-22),1,1,642,14000642,14723,14,3,TN,1.096031,1.377675,0.0,1.189387,1.499454,0.0,0.0,2,2,2,2,2,2,2,4,4,2,2,1,1,1,1,1,4,1,0,0,0,0,1,1,0,0,0,0,1,0,0,0,0,0,0,a,a,0,0,0,1,0,0,1,0,1,1,0,0,0,0,1,0,0,0,0,0,0,i,i,0,0,0,2,2,4,4,1,2,2,2,2,1,1,1,2,0,0,0,1,0,0,0,0,0,0,0,i,0,0,0,0,5,3,2,3,3,1,3,3,2,1,1,1,3,3,1,2,1,1,1,3,i,1,1,5,5,1,0,0,0,0,0,0,0,i,i,i,0,0,0,0,0,0,0,1,1,1,0,0,0,0,i,0,0,0,4,4,3,2,5,4,5,5,0,0,0,0,1,0,0,0,0,0,0,0,0,0,0,0,0,0,0,0,0,0,1,0,0,0,0,1,0,0,0,0,2,1,2,4,2,2,3,2,2,2,2,2,2,4,5,1,2,2,5,4,1,5,2,4,4,4,0,0,0,0,0,0,0,0,0,0,0,0,0,1,2,i,i,i,i,i,i,i,i,i,i,i,i,i,i,i,i,i,i,i,i,i,i,i,i,i,i,i,i,i,i,i,i,i,i,i,i,i,0,1,0,0,0,0,0,1,0,0,0,0,0,0,0,1,1,0,1,0,0,0,0,0,0,1,2,24,1,12,1,1,1,1,19,i,0,0,0,0,1,0,0,i,i,i,i,i,i,i,i,i,i,i,i,i,i,i,i,i,i,i,i,i,i,i,i,i,i,i,i,i,i,1,0,0,0,0,1,5,2,2,2,1,1,0,0,2,2,4,1,0,0,0,0,0,0,1,0,0,7,i,6,2,2,3,3,3,i,i,3,i,i,i,i,i,a,a,i,a,14,12,13,41,14,0,19,1,4,1,7,i,i,7,i,i,i,i,i,i,i,i,i,i,i,i,i,141,10,1
6291,doi:10.4232/1.12497,1.0.0 (2016-04-22),1,1,643,14000643,14724,14,3,TN,1.038984,1.377675,0.0,1.189387,1.499454,0.0,0.0,3,2,2,2,2,1,1,4,4,4,3,3,3,4,4,4,7,1,1,0,1,0,0,0,0,0,0,0,0,0,0,0,0,0,0,a,a,0,0,0,1,1,0,1,0,0,1,0,0,0,0,0,0,0,0,0,0,0,i,i,0,0,0,2,3,1,1,1,1,2,2,2,2,2,1,2,0,0,0,0,0,1,0,0,0,0,0,i,0,0,0,0,4,4,2,4,4,1,2,2,2,1,1,1,2,1,1,2,1,1,1,2,i,1,1,3,2,1,1,0,0,0,0,0,0,i,i,i,0,0,0,0,0,0,0,1,0,0,1,0,0,0,i,0,0,0,4,4,2,2,2,4,4,4,0,1,0,1,0,0,0,0,0,0,0,0,0,0,0,0,0,0,0,0,0,0,1,0,0,0,1,0,0,0,0,0,3,3,3,5,2,2,3,2,2,2,2,2,2,4,4,1,3,2,5,4,2,2,3,3,4,4,1,0,0,0,0,0,0,0,0,1,1,0,0,0,2,i,i,i,i,i,i,i,i,i,i,i,i,i,i,i,i,i,i,i,i,i,i,i,i,i,i,i,i,i,i,i,i,i,i,i,i,i,1,1,0,0,0,0,0,0,1,0,0,0,0,0,0,1,1,0,1,1,1,0,0,0,0,1,1,36,2,1,6,3,8,5,i,i,0,0,0,0,1,0,0,i,i,i,i,i,i,i,i,i,i,i,i,i,i,i,i,i,i,i,i,i,i,i,i,i,i,i,i,i,i,1,0,0,0,0,1,4,2,3,3,0,0,0,0,2,1,2,1,0,0,0,0,0,0,1,0,0,7,6,6,3,1,2,2,2,i,i,2,i,3,i,i,i,a,a,i,a,14,12,12,17,12,44,27,1,2,1,7,i,i,7,i,i,i,i,i,i,i,i,i,i,i,i,i,141,10,1
6291,doi:10.4232/1.12497,1.0.0 (2016-04-22),1,1,644,14000644,14725,14,3,TN,1.046372,1.377675,0.0,1.189387,1.499454,0.0,0.0,2,3,3,3,4,2,2,3,3,2,2,1,1,1,3,1,8,0,0,1,1,0,1,0,0,0,0,0,1,0,0,0,0,0,0,a,a,0,0,0,0,0,1,1,0,1,0,1,0,0,0,1,0,0,0,0,0,0,i,i,0,0,0,2,2,2,2,1,3,2,2,2,3,2,2,i,0,0,0,1,0,0,1,0,1,0,0,i,0,0,0,0,2,3,1,3,2,1,2,1,1,1,2,1,1,2,1,1,1,1,1,1,i,1,1,2,3,0,1,0,1,0,0,0,1,i,i,i,0,0,0,0,0,0,0,1,1,0,0,0,0,0,i,0,0,0,2,2,2,2,3,4,3,3,1,0,0,0,1,0,0,0,0,0,1,0,1,0,0,0,0,0,0,0,0,0,0,0,0,0,0,0,0,0,0,1,3,3,3,3,2,2,2,2,2,2,3,3,2,3,4,1,1,1,2,2,2,1,3,3,4,4,1,0,0,0,1,0,1,0,0,0,0,0,0,0,2,i,i,i,i,i,i,i,i,i,i,i,i,i,i,i,i,i,i,i,i,i,i,i,i,i,i,i,i,i,i,i,i,i,i,i,i,i,0,0,1,0,1,0,0,0,1,0,0,0,0,0,0,3,2,1,0,0,1,0,0,0,0,2,2,51,3,1,6,1,1,1,19,i,0,0,0,0,1,0,0,i,i,i,i,i,i,i,i,i,i,i,i,i,i,i,i,i,i,i,i,i,i,i,i,i,i,i,i,i,i,1,0,0,0,0,1,8,3,6,4,0,0,0,0,1,1,3,1,1,1,1,1,1,1,0,0,0,6,i,6,2,3,3,3,3,i,i,3,i,i,i,i,i,a,a,i,a,14,12,16,0,16,40,40,1,2,1,7,i,i,7,i,i,i,i,i,i,i,i,i,i,i,i,i,160,12,1
6291,doi:10.4232/1.12497,1.0.0 (2016-04-22),1,1,645,14000645,14726,14,3,TN,0.984917,1.377675,0.0,1.189387,1.499454,0.0,0.0,2,2,2,2,2,1,1,4,4,2,2,3,3,3,3,3,7,0,0,0,0,1,0,0,1,0,0,0,0,0,0,0,0,0,0,a,a,0,0,0,0,0,0,0,1,0,1,1,0,0,0,0,0,0,0,0,0,0,i,i,0,0,0,2,3,1,3,1,2,2,2,2,1,2,1,2,0,1,0,0,0,0,0,0,1,0,0,i,0,0,0,0,3,2,1,1,1,1,2,1,2,2,1,1,2,1,1,2,1,1,1,1,i,1,1,2,1,0,1,0,0,0,0,0,0,i,i,i,0,0,0,0,0,0,0,1,0,0,0,0,0,0,i,0,0,0,4,4,2,2,2,4,4,4,0,1,0,0,0,0,0,0,0,0,1,0,0,0,0,0,0,0,0,0,0,0,0,0,0,0,0,1,1,0,0,0,2,1,2,1,1,2,2,2,2,2,2,2,2,3,3,1,1,1,5,4,2,2,2,3,4,4,0,0,0,0,1,0,0,0,1,1,0,0,0,0,1,3,i,i,i,i,2,1,1,5,0,1,1,0,0,0,1,0,0,0,0,0,0,0,0,0,1,0,0,0,0,0,0,0,0,0,0,2,1,0,0,0,0,0,0,1,0,0,0,1,0,0,0,1,2,0,1,0,0,0,1,0,0,2,1,40,3,0,5,3,18,8,i,i,0,0,0,0,1,0,0,i,i,i,i,i,i,i,i,i,i,i,i,i,i,i,i,i,i,i,i,i,i,i,i,i,i,i,i,i,i,0,0,0,1,0,0,7,3,4,4,0,0,1,1,2,1,2,1,0,0,1,1,1,1,0,0,0,2,6,6,3,1,1,2,1,i,i,2,i,3,3,i,3,a,a,i,a,14,12,11,40,12,11,31,1,4,1,7,i,i,7,i,i,i,i,i,i,i,i,i,i,i,i,i,141,10,1
6291,doi:10.4232/1.12497,1.0.0 (2016-04-22),1,1,646,14000646,14727,14,3,TN,0.991974,1.377675,0.0,1.189387,1.499454,0.0,0.0,4,3,3,3,4,1,2,4,2,2,3,3,3,3,3,3,4,0,0,0,0,0,0,0,1,0,0,0,0,0,0,0,0,0,0,a,a,0,0,0,0,0,0,1,0,0,0,1,0,0,0,0,0,0,0,0,0,0,i,i,0,0,0,2,3,1,3,2,2,2,2,2,3,2,1,2,0,1,0,1,0,0,0,0,0,0,0,i,0,0,0,0,1,2,2,2,2,1,2,2,1,1,1,2,2,1,1,2,2,1,1,1,i,1,1,2,2,0,0,1,0,0,0,0,0,i,i,i,0,0,0,0,0,0,0,0,0,1,0,0,0,0,i,0,0,0,4,4,2,2,2,2,2,2,0,0,0,0,0,0,0,0,0,0,0,1,0,0,0,0,1,0,0,0,0,0,0,0,0,0,0,1,0,0,0,0,3,2,2,1,1,1,2,2,2,2,2,2,2,4,4,3,3,3,2,3,3,2,2,3,3,4,1,0,1,0,0,0,0,0,0,0,1,0,0,0,2,i,i,i,i,i,i,i,i,i,i,i,i,i,i,i,i,i,i,i,i,i,i,i,i,i,i,i,i,i,i,i,i,i,i,i,i,i,1,1,0,0,0,0,0,1,0,0,0,0,0,0,0,1,1,0,0,0,1,0,0,0,0,1,1,20,1,18,2,3,18,8,i,i,0,0,0,0,1,0,0,i,i,i,i,i,i,i,i,i,i,i,i,i,i,i,i,i,i,i,i,i,i,i,i,i,i,i,i,i,i,0,0,0,1,0,0,6,3,5,4,1,1,0,0,2,1,2,1,0,0,0,0,0,1,0,0,0,7,6,6,2,1,2,2,1,i,i,2,i,1,i,i,3,a,a,i,a,13,12,15,0,15,21,21,1,2,1,7,i,i,7,i,i,i,i,i,i,i,i,i,i,i,i,i,146,10,1
6291,doi:10.4232/1.12497,1.0.0 (2016-04-22),1,1,647,14000647,14728,14,3,TN,1.092289,1.377675,0.0,1.189387,1.499454,0.0,0.0,2,3,2,2,3,2,2,4,2,2,2,1,1,1,1,1,5,1,0,0,1,0,1,1,0,0,0,0,0,0,0,0,0,0,0,a,a,0,0,0,1,0,0,1,1,1,1,0,0,0,0,0,0,0,0,0,0,0,i,i,0,0,0,2,2,1,3,2,3,2,2,2,2,1,1,2,0,1,0,0,0,1,0,0,1,0,0,i,0,0,0,0,2,2,1,1,4,1,2,2,2,2,2,1,1,2,2,1,2,1,2,1,i,2,2,2,4,0,1,0,0,0,0,0,0,i,i,i,1,0,1,0,0,0,0,1,0,0,0,0,0,0,i,0,0,0,2,3,2,2,5,5,2,2,0,0,0,1,0,0,0,0,0,0,1,0,0,0,0,0,0,0,0,0,1,0,0,0,0,0,0,1,0,0,0,0,2,2,2,3,1,1,2,2,2,2,2,2,2,3,5,2,2,2,2,2,2,2,2,2,2,2,1,0,0,0,1,0,0,0,1,0,0,0,0,0,1,10,i,i,i,i,1,1,1,6,0,1,0,0,0,0,0,0,1,0,0,0,0,0,0,0,0,0,0,0,0,0,0,0,0,1,0,1,0,1,0,0,0,0,0,1,0,0,0,1,0,0,0,4,2,0,1,0,1,0,0,0,0,2,2,19,1,16,2,3,3,3,19,i,0,0,0,0,1,0,0,i,i,i,i,i,i,i,i,i,i,i,i,i,i,i,i,i,i,i,i,i,i,i,i,i,i,i,i,i,i,1,0,0,0,0,1,8,3,4,4,0,0,0,0,1,1,3,1,1,1,1,1,1,1,0,0,0,1,i,3,2,1,2,2,1,i,i,2,i,1,i,i,2,a,a,i,a,14,12,14,45,15,10,25,1,1,1,7,i,i,7,i,i,i,i,i,i,i,i,i,i,i,i,i,160,12,1
6291,doi:10.4232/1.12497,1.0.0 (2016-04-22),1,1,648,14000648,14729,14,3,TN,1.038984,1.377675,0.0,1.189387,1.499454,0.0,0.0,4,3,3,3,4,3,3,4,3,4,4,2,2,2,2,2,6,0,0,1,1,0,0,0,1,0,0,0,0,0,0,0,0,0,0,a,a,0,0,0,0,0,1,1,0,1,0,1,0,0,0,0,0,0,0,0,0,0,i,i,0,0,0,2,1,1,3,1,1,1,2,2,2,6,3,i,0,0,0,1,0,0,0,0,0,1,0,i,0,0,0,0,4,2,2,2,2,1,2,1,1,1,1,1,1,1,1,1,1,1,1,1,i,1,1,5,5,0,0,1,0,0,0,0,0,i,i,i,0,0,0,0,0,0,0,1,0,0,0,0,0,0,i,0,0,0,4,4,3,3,3,4,3,3,0,0,0,0,1,0,0,0,0,0,0,0,0,0,0,0,0,0,0,0,0,0,1,0,0,0,0,1,0,0,0,0,5,5,5,5,1,1,3,1,2,2,2,2,2,3,4,2,2,4,4,4,4,2,4,4,4,4,0,0,0,0,1,0,0,1,1,0,0,0,0,0,2,i,i,i,i,i,i,i,i,i,i,i,i,i,i,i,i,i,i,i,i,i,i,i,i,i,i,i,i,i,i,i,i,i,i,i,i,i,0,1,0,0,0,0,0,0,0,0,0,0,0,0,0,1,2,0,1,0,0,0,1,0,0,3,1,30,2,13,1,1,3,3,18,4,0,0,0,0,1,0,0,i,i,i,i,i,i,i,i,i,i,i,i,i,i,i,i,i,i,i,i,i,i,i,i,i,i,i,i,i,i,1,0,0,0,0,1,1,1,6,4,7,4,3,3,2,1,2,1,0,0,0,0,0,0,1,0,0,7,i,6,2,3,3,3,3,i,i,3,i,i,i,i,i,a,a,i,a,13,12,17,15,17,33,18,1,2,1,7,i,i,7,i,i,i,i,i,i,i,i,i,i,i,i,i,140,10,1
6291,doi:10.4232/1.12497,1.0.0 (2016-04-22),1,1,649,14000649,14730,14,3,TN,0.946371,1.377675,0.0,1.189387,1.499454,0.0,0.0,3,2,2,2,2,2,2,3,3,3,3,3,3,3,3,3,6,0,0,1,0,0,0,0,0,0,0,0,0,0,0,0,0,0,0,a,a,0,0,0,0,0,1,0,0,1,0,0,0,0,0,0,0,0,0,0,0,0,i,i,0,0,0,3,3,3,3,2,3,2,2,2,2,2,3,i,0,0,0,1,0,0,0,0,0,0,1,i,0,0,0,0,1,3,2,2,1,1,2,2,2,1,1,1,2,2,2,1,2,1,1,2,i,1,1,2,3,1,0,0,0,0,0,0,0,i,i,i,0,0,0,0,0,0,0,0,0,0,1,0,0,0,i,0,0,0,2,2,2,2,2,3,3,3,0,1,0,0,0,0,0,0,0,0,0,0,0,0,0,0,0,0,1,0,0,0,1,0,0,0,0,0,0,0,0,0,2,2,2,5,1,1,2,2,1,2,2,2,2,3,2,2,2,2,2,3,3,5,3,4,4,4,0,0,0,0,1,1,0,0,1,0,0,0,0,0,2,i,i,i,i,i,i,i,i,i,i,i,i,i,i,i,i,i,i,i,i,i,i,i,i,i,i,i,i,i,i,i,i,i,i,i,i,i,0,1,0,0,0,0,0,0,0,0,0,0,0,0,0,2,2,1,1,0,0,0,1,0,0,3,1,55,4,18,2,1,8,5,i,i,0,0,0,0,1,0,0,i,i,i,i,i,i,i,i,i,i,i,i,i,i,i,i,i,i,i,i,i,i,i,i,i,i,i,i,i,i,1,0,0,0,0,1,3,1,3,3,2,2,1,1,2,1,2,1,0,0,0,0,0,0,1,0,0,7,6,6,2,2,3,3,3,i,i,3,i,i,i,i,i,a,a,i,a,13,12,14,30,14,56,26,1,2,1,7,i,i,7,i,i,i,i,i,i,i,i,i,i,i,i,i,146,10,1
6291,doi:10.4232/1.12497,1.0.0 (2016-04-22),1,1,650,14000650,14731,14,3,TN,1.033952,1.377675,0.0,1.189387,1.499454,0.0,0.0,2,3,2,2,3,2,2,4,2,2,2,2,3,2,2,3,3,0,0,0,0,1,1,1,0,0,0,0,0,0,0,0,0,0,0,a,a,0,0,0,0,0,1,0,1,1,1,0,0,0,0,0,0,0,0,0,0,0,i,i,0,0,0,2,2,2,2,2,1,2,2,2,2,2,3,i,0,1,0,1,0,0,0,0,0,1,0,i,0,0,0,0,2,2,1,1,3,1,2,2,2,2,2,1,1,2,1,1,1,1,2,2,i,2,2,2,3,0,1,0,0,0,0,1,0,i,i,i,1,0,0,0,0,0,0,1,0,1,0,0,0,0,i,0,0,0,3,4,2,2,2,4,5,5,0,0,0,1,0,1,0,0,0,1,0,0,1,0,0,0,0,0,0,0,1,0,0,1,0,0,0,0,0,0,0,0,2,2,2,3,1,2,2,2,2,2,2,2,2,3,2,1,1,1,2,2,3,2,2,3,4,3,0,0,1,0,0,1,0,0,1,0,0,0,0,0,2,i,i,i,i,i,i,i,i,i,i,i,i,i,i,i,i,i,i,i,i,i,i,i,i,i,i,i,i,i,i,i,i,i,i,i,i,i,0,1,0,0,0,0,0,1,0,0,0,0,0,0,0,1,2,0,1,0,1,1,0,0,0,2,1,27,2,15,1,3,18,8,i,i,0,0,0,0,1,0,0,i,i,i,i,i,i,i,i,i,i,i,i,i,i,i,i,i,i,i,i,i,i,i,i,i,i,i,i,i,i,1,0,0,0,0,1,6,4,4,4,0,0,0,0,2,1,2,1,1,1,1,1,0,0,0,0,0,2,6,6,2,2,2,2,2,i,i,2,i,i,i,i,i,a,a,i,a,14,12,15,20,15,55,35,1,1,1,7,i,i,7,i,i,i,i,i,i,i,i,i,i,i,i,i,150,12,1
6291,doi:10.4232/1.12497,1.0.0 (2016-04-22),1,1,651,14000651,14732,14,3,TN,0.991974,1.377675,0.0,1.189387,1.499454,0.0,0.0,1,2,2,3,3,1,2,4,2,1,2,1,1,1,1,1,4,0,0,1,0,0,1,1,1,0,0,0,0,0,0,0,0,0,0,a,a,0,0,0,0,0,1,1,0,1,1,1,0,0,0,0,0,0,0,0,0,0,i,i,0,0,0,2,2,1,3,1,1,2,2,2,2,2,3,i,0,0,0,1,0,1,0,0,1,1,0,i,0,0,0,0,4,2,1,4,2,1,2,1,1,1,1,3,1,1,2,2,1,1,2,1,i,1,1,3,3,0,0,1,0,0,0,1,0,i,i,i,0,0,0,0,0,0,0,0,0,0,0,0,0,0,i,0,0,1,1,1,1,2,4,4,2,1,1,0,1,0,1,0,0,0,0,0,1,0,1,0,0,0,1,0,0,1,0,0,0,0,0,0,0,0,0,0,0,0,2,2,4,1,2,2,2,2,1,1,2,2,1,5,5,2,1,1,1,1,4,1,1,2,4,4,0,0,0,0,0,0,0,0,0,0,0,0,0,1,2,i,i,i,i,i,i,i,i,i,i,i,i,i,i,i,i,i,i,i,i,i,i,i,i,i,i,i,i,i,i,i,i,i,i,i,i,i,0,1,0,0,0,0,0,1,0,0,1,0,0,0,0,2,2,0,1,0,1,0,0,0,0,2,1,17,1,0,5,3,2,2,19,i,0,0,0,0,1,0,0,i,i,i,i,i,i,i,i,i,i,i,i,i,i,i,i,i,i,i,i,i,i,i,i,i,i,i,i,i,i,1,0,0,0,0,1,3,2,3,3,0,0,0,0,2,1,2,1,0,1,1,1,1,1,0,0,0,1,i,6,2,2,2,2,2,i,i,2,i,i,i,i,i,a,a,i,a,14,12,13,25,13,55,30,1,1,1,7,i,i,7,i,i,i,i,i,i,i,i,i,i,i,i,i,160,12,1
6291,doi:10.4232/1.12497,1.0.0 (2016-04-22),1,1,652,14000652,14733,14,3,TN,0.965679,1.377675,0.0,1.189387,1.499454,0.0,0.0,2,1,1,1,1,1,1,4,4,4,2,2,2,3,2,3,7,1,0,0,0,0,0,0,1,0,0,0,0,0,0,0,0,0,0,a,a,0,0,0,1,0,0,0,0,0,1,1,0,0,0,0,0,0,0,0,0,0,i,i,0,0,0,2,3,1,3,2,2,2,2,2,4,2,1,2,0,1,0,0,0,0,0,0,1,0,0,i,0,0,0,0,3,4,2,4,3,1,2,2,1,1,2,2,2,1,2,1,1,1,2,2,i,2,1,3,3,1,0,1,0,0,0,0,0,i,i,i,0,0,0,0,0,0,0,0,0,0,0,1,0,0,i,0,0,0,4,4,2,1,2,2,2,2,0,0,0,0,1,0,0,0,0,0,0,0,0,0,0,0,1,0,0,0,0,0,0,0,0,0,0,0,1,0,0,0,2,2,2,4,2,2,2,2,2,2,2,2,2,4,4,2,3,2,3,4,3,2,2,3,4,4,0,1,0,0,1,0,0,0,0,1,0,0,0,0,1,18,i,i,i,i,1,1,1,3,0,1,0,0,0,0,0,0,1,0,0,0,0,0,0,0,1,0,0,0,0,0,0,0,0,0,0,1,0,0,0,0,0,0,0,1,1,0,0,0,0,0,0,1,1,0,1,0,0,0,1,0,0,1,1,25,2,0,5,3,3,3,19,i,0,0,0,0,1,0,0,i,i,i,i,i,i,i,i,i,i,i,i,i,i,i,i,i,i,i,i,i,i,i,i,i,i,i,i,i,i,1,0,0,0,0,1,5,3,3,3,1,1,1,1,2,1,2,1,0,0,0,0,0,1,0,0,0,7,i,3,2,1,2,2,1,i,i,2,i,3,i,i,3,a,a,i,a,13,12,13,0,13,28,28,1,2,2,7,i,i,7,i,i,i,i,i,i,i,i,i,i,i,i,i,145,10,1
6291,doi:10.4232/1.12497,1.0.0 (2016-04-22),1,1,653,14000653,14734,14,3,TN,1.037747,1.377675,0.0,1.189387,1.499454,0.0,0.0,3,3,3,3,4,3,3,4,4,2,2,3,3,3,3,3,4,0,0,0,0,0,1,0,1,0,0,0,0,0,0,0,0,0,0,a,a,0,0,0,0,0,0,1,0,1,0,1,0,0,0,0,0,0,0,0,0,0,i,i,0,0,0,2,4,4,4,2,2,2,2,2,3,3,2,i,0,0,0,0,0,1,0,0,0,0,0,i,0,0,0,0,5,5,5,5,5,1,3,3,3,3,3,3,3,3,3,1,2,1,2,2,i,2,2,5,5,0,0,0,0,0,0,1,0,i,i,i,0,0,0,0,0,0,0,1,0,0,0,0,0,0,i,0,0,0,4,4,2,5,5,5,5,5,0,0,0,0,1,0,0,0,0,0,0,0,0,0,0,0,0,0,0,0,0,0,0,0,0,0,0,1,0,0,0,0,3,3,3,4,2,2,3,2,2,2,2,2,2,4,5,2,2,4,4,4,4,4,4,4,4,4,0,0,0,0,0,0,0,0,0,0,0,0,0,1,2,i,i,i,i,i,i,i,i,i,i,i,i,i,i,i,i,i,i,i,i,i,i,i,i,i,i,i,i,i,i,i,i,i,i,i,i,i,1,0,0,0,0,0,0,1,0,0,0,0,0,0,0,1,1,0,1,0,0,0,1,0,0,3,2,41,3,15,1,1,1,1,17,4,0,0,0,0,1,0,0,i,i,i,i,i,i,i,i,i,i,i,i,i,i,i,i,i,i,i,i,i,i,i,i,i,i,i,i,i,i,0,0,0,1,0,0,5,2,4,4,0,0,2,2,2,1,2,1,0,0,0,0,0,1,0,0,0,7,i,6,2,2,3,3,3,i,i,3,i,i,i,i,i,a,a,i,a,13,12,14,5,14,22,17,1,2,1,7,i,i,7,i,i,i,i,i,i,i,i,i,i,i,i,i,145,10,1
6291,doi:10.4232/1.12497,1.0.0 (2016-04-22),1,1,654,14000654,14735,14,3,TN,0.890965,1.377675,0.0,1.189387,1.499454,0.0,0.0,3,3,3,3,4,2,2,4,4,2,2,3,3,3,3,3,4,0,0,0,0,0,1,1,1,0,0,0,0,0,0,0,0,0,0,a,a,0,0,0,0,0,0,1,0,1,1,1,0,0,0,0,0,0,0,0,0,0,i,i,0,0,0,4,4,4,4,5,5,3,3,3,3,2,1,2,0,0,0,0,0,1,0,0,0,0,0,i,0,0,0,0,5,5,5,5,5,1,3,3,3,3,3,3,3,3,3,3,3,1,3,3,i,3,3,4,4,0,0,0,0,0,0,1,0,i,i,i,0,0,0,0,0,0,0,1,0,0,0,0,0,0,i,0,0,0,4,4,2,5,5,5,5,5,0,0,0,0,1,0,0,0,0,0,0,0,0,0,0,0,0,0,0,0,0,0,1,0,0,0,0,1,0,0,0,0,3,3,3,5,2,2,3,3,2,3,3,3,3,5,5,5,5,5,5,5,5,5,5,5,5,5,0,0,0,0,0,0,0,0,0,0,0,0,1,0,2,i,i,i,i,i,i,i,i,i,i,i,i,i,i,i,i,i,i,i,i,i,i,i,i,i,i,i,i,i,i,i,i,i,i,i,i,i,0,1,0,0,0,0,0,0,0,0,0,0,0,0,0,2,2,1,0,0,0,0,0,0,0,2,2,58,4,21,3,1,4,4,13,3,0,0,0,0,1,0,0,i,i,i,i,i,i,i,i,i,i,i,i,i,i,i,i,i,i,i,i,i,i,i,i,i,i,i,i,i,i,1,0,0,0,0,1,5,2,5,4,0,0,0,0,1,1,3,1,0,0,1,1,1,0,0,0,0,6,i,6,2,2,3,3,3,i,i,3,i,i,i,i,i,a,a,i,a,13,12,13,40,13,59,19,1,2,1,7,i,i,7,i,i,i,i,i,i,i,i,i,i,i,i,i,145,10,1
6291,doi:10.4232/1.12497,1.0.0 (2016-04-22),1,1,655,14000655,14736,14,3,TN,0.894018,1.377675,0.0,1.189387,1.499454,0.0,0.0,3,2,2,2,2,1,1,4,4,2,2,1,1,1,1,1,4,1,1,0,0,0,0,1,0,0,0,0,0,0,0,0,0,0,0,a,a,0,0,0,1,1,0,1,0,0,1,0,0,0,0,0,0,0,0,0,0,0,i,i,0,0,0,1,1,1,1,1,1,2,2,2,2,1,1,2,0,1,0,0,0,0,0,0,0,0,0,i,0,0,0,0,5,5,2,3,4,1,3,3,3,1,1,1,3,3,3,1,1,1,1,3,i,1,1,5,5,1,0,0,0,0,0,0,0,i,i,i,0,0,0,0,0,0,0,1,0,0,0,0,0,0,i,0,0,0,4,4,2,2,3,4,4,4,0,0,0,0,0,0,0,0,0,0,0,1,0,0,0,0,0,0,0,0,0,0,1,0,0,0,0,1,0,0,0,0,3,3,3,3,2,2,2,2,2,2,2,2,2,4,4,5,5,5,5,5,5,5,5,5,4,4,0,0,0,0,0,0,0,0,0,0,0,0,0,1,2,i,i,i,i,i,i,i,i,i,i,i,i,i,i,i,i,i,i,i,i,i,i,i,i,i,i,i,i,i,i,i,i,i,i,i,i,i,1,1,0,0,0,0,0,1,0,0,0,0,0,0,0,1,1,0,1,0,0,0,0,0,0,1,2,63,4,12,1,5,1,1,18,4,0,0,0,0,1,0,0,i,i,i,i,i,i,i,i,i,i,i,i,i,i,i,i,i,i,i,i,i,i,i,i,i,i,i,i,i,i,1,0,0,0,0,1,8,3,5,4,0,0,0,0,2,2,4,1,0,0,0,0,0,0,1,0,0,7,i,6,2,3,3,3,3,i,i,3,i,i,i,i,i,a,a,i,a,13,12,15,30,15,55,28,1,3,1,7,i,i,7,i,i,i,i,i,i,i,i,i,i,i,i,i,146,10,1
6291,doi:10.4232/1.12497,1.0.0 (2016-04-22),1,1,656,14000656,14737,14,3,TN,0.991974,1.377675,0.0,1.189387,1.499454,0.0,0.0,2,2,2,2,2,2,2,4,2,2,2,3,3,3,3,3,7,0,0,0,0,0,1,0,1,0,0,0,0,0,0,0,0,0,0,a,a,0,0,0,0,0,0,0,0,1,1,1,0,0,0,0,0,0,0,0,0,0,i,i,0,0,0,2,1,1,1,2,3,2,2,2,1,1,1,2,0,0,0,1,0,0,0,0,1,0,0,i,0,0,0,0,2,1,1,3,2,1,2,1,1,1,1,1,3,1,1,1,1,1,2,2,i,1,1,2,2,1,1,1,0,0,0,0,0,i,i,i,0,0,0,0,0,0,0,0,0,1,1,0,0,0,i,0,0,0,2,2,2,2,2,2,1,1,0,0,0,0,0,0,0,0,0,0,0,1,0,0,0,0,0,0,1,1,0,0,0,0,0,0,0,0,0,0,0,0,2,2,2,3,1,1,2,1,2,2,1,1,1,3,3,2,2,3,4,4,2,2,2,1,4,4,1,1,1,0,0,0,0,0,0,0,0,0,0,0,1,48,i,i,i,i,1,1,1,4,0,0,0,0,0,0,1,0,0,0,0,0,0,0,1,0,0,0,0,0,0,0,0,0,0,0,0,2,0,1,0,0,0,0,0,1,0,0,0,0,0,0,0,1,1,0,1,0,0,0,1,0,0,1,1,15,1,0,5,3,2,2,8,1,0,0,0,0,1,0,0,i,i,i,i,i,i,i,i,i,i,i,i,i,i,i,i,i,i,i,i,i,i,i,i,i,i,i,i,i,i,1,1,0,0,0,1,5,3,4,4,1,1,1,1,1,1,3,1,0,0,1,1,0,1,0,0,0,2,i,2,2,1,1,2,1,i,i,2,i,2,3,i,1,a,a,i,a,13,12,12,30,12,55,25,1,1,1,7,i,i,7,i,i,i,i,i,i,i,i,i,i,i,i,i,145,10,1
6291,doi:10.4232/1.12497,1.0.0 (2016-04-22),1,1,657,14000657,14738,14,3,TN,0.949614,1.377675,0.0,1.189387,1.499454,0.0,0.0,4,3,3,3,4,2,2,4,4,4,4,2,2,2,2,2,7,1,0,0,1,0,0,0,1,0,0,0,0,0,0,0,0,0,0,a,a,0,0,0,1,0,0,1,0,0,1,1,0,0,0,0,0,0,0,0,0,0,i,i,0,0,0,2,2,1,2,2,1,2,2,2,3,2,1,2,0,0,0,1,0,0,0,0,0,0,0,i,0,0,0,0,5,3,2,2,2,1,3,1,1,1,1,1,2,2,1,2,3,1,1,3,i,1,1,2,3,0,1,0,0,0,0,1,0,i,i,i,0,0,0,0,0,0,0,1,0,0,0,0,0,0,i,0,0,0,4,4,3,3,5,5,4,4,0,0,0,0,1,0,0,0,0,0,0,0,0,0,0,0,0,0,0,0,0,0,1,0,0,0,1,0,0,0,0,0,2,2,2,5,2,3,3,3,2,2,2,2,2,3,3,3,3,2,3,2,3,3,2,4,4,4,1,0,0,0,0,0,0,0,0,1,1,0,0,0,2,i,i,i,i,i,i,i,i,i,i,i,i,i,i,i,i,i,i,i,i,i,i,i,i,i,i,i,i,i,i,i,i,i,i,i,i,i,0,1,0,0,0,0,0,0,0,0,0,0,0,0,0,2,1,0,1,0,1,0,0,0,0,3,1,55,4,14,1,1,8,5,i,i,0,1,0,0,0,0,1,0,0,0,0,0,0,0,0,0,0,0,0,0,1,0,0,0,0,0,0,0,0,0,0,0,0,0,0,0,0,1,0,0,0,0,1,4,1,3,3,0,0,0,0,2,2,4,1,0,0,0,0,0,1,0,0,0,7,6,6,2,2,3,3,3,i,i,3,i,i,i,i,i,a,a,i,a,13,12,12,3,12,25,22,1,4,1,7,i,i,7,i,i,i,i,i,i,i,i,i,i,i,i,i,145,10,1
6291,doi:10.4232/1.12497,1.0.0 (2016-04-22),1,1,658,14000658,14739,14,3,TN,0.984917,1.377675,0.0,1.189387,1.499454,0.0,0.0,3,2,2,2,2,2,2,4,4,4,4,4,4,4,4,4,4,0,0,0,0,0,1,1,0,0,0,0,0,0,0,0,0,0,0,a,a,0,0,0,0,0,0,1,0,1,1,0,0,0,0,0,0,0,0,0,0,0,i,i,0,0,0,2,3,3,3,2,2,2,2,2,2,2,1,2,0,1,0,0,0,0,0,0,0,0,0,i,0,0,0,0,2,2,2,2,2,1,2,2,1,1,1,2,2,2,2,2,1,1,3,2,i,1,1,5,5,0,0,0,1,0,0,0,0,i,i,i,0,0,0,0,0,0,0,1,0,0,0,0,0,0,i,0,0,0,4,4,2,2,2,3,3,3,0,0,0,0,1,0,0,0,0,0,0,0,0,0,0,0,0,0,0,0,0,0,1,0,0,0,0,1,0,0,0,0,3,3,3,3,2,2,2,2,2,2,2,2,2,4,4,1,2,2,2,2,2,5,5,3,3,4,0,0,0,0,1,0,0,0,0,1,1,0,0,0,2,i,i,i,i,i,i,i,i,i,i,i,i,i,i,i,i,i,i,i,i,i,i,i,i,i,i,i,i,i,i,i,i,i,i,i,i,i,0,1,0,0,0,0,0,1,0,0,0,0,0,0,0,1,1,0,1,0,0,0,1,0,0,3,1,40,3,14,1,1,18,8,i,i,0,0,0,0,1,0,0,i,i,i,i,i,i,i,i,i,i,i,i,i,i,i,i,i,i,i,i,i,i,i,i,i,i,i,i,i,i,0,0,0,1,0,0,3,2,2,2,0,0,3,3,2,1,2,1,0,0,0,0,0,0,1,0,0,7,6,6,2,2,3,3,3,i,i,3,i,i,i,i,i,a,a,i,a,13,12,16,45,17,5,20,1,2,1,7,i,i,7,i,i,i,i,i,i,i,i,i,i,i,i,i,146,10,1
6291,doi:10.4232/1.12497,1.0.0 (2016-04-22),1,1,659,14000659,14740,14,3,TN,1.092289,1.377675,0.0,1.189387,1.499454,0.0,0.0,3,3,2,2,3,2,2,3,2,2,2,2,2,2,2,2,6,1,1,0,0,0,0,1,1,0,0,0,0,1,0,0,0,0,0,a,a,0,0,0,1,1,0,0,0,1,1,1,0,0,0,0,1,0,0,0,0,0,i,i,0,0,0,2,2,1,1,1,2,2,2,2,3,3,2,i,1,1,0,0,0,0,0,0,1,1,0,i,0,0,0,0,2,3,3,4,4,1,1,2,2,2,1,1,2,2,2,2,2,1,1,2,i,1,1,3,3,1,0,0,0,0,0,0,0,i,i,i,0,0,0,0,0,0,0,1,0,0,0,0,0,0,i,0,0,0,3,3,2,4,2,4,2,2,1,0,0,0,0,1,0,0,0,0,0,0,0,0,0,0,1,0,0,0,0,0,0,0,0,0,0,0,0,0,0,0,2,2,2,2,3,3,2,3,2,2,1,1,2,4,4,2,2,2,2,2,2,2,2,2,2,2,1,0,0,0,1,0,0,1,0,0,0,0,0,0,2,i,i,i,i,i,i,i,i,i,i,i,i,i,i,i,i,i,i,i,i,i,i,i,i,i,i,i,i,i,i,i,i,i,i,i,i,i,0,0,0,0,0,0,0,0,0,0,0,1,0,0,0,1,1,0,1,0,0,0,0,0,0,2,2,19,1,0,5,3,2,2,19,i,0,0,0,0,1,0,0,i,i,i,i,i,i,i,i,i,i,i,i,i,i,i,i,i,i,i,i,i,i,i,i,i,i,i,i,i,i,0,0,0,1,0,0,6,3,4,4,0,0,0,0,1,1,3,1,1,0,1,1,0,1,0,0,0,1,i,6,2,1,2,2,1,i,i,2,i,1,i,i,1,a,a,i,a,12,12,12,43,13,5,22,1,1,1,7,i,i,7,i,i,i,i,i,i,i,i,i,i,i,i,i,149,43,1
6291,doi:10.4232/1.12497,1.0.0 (2016-04-22),1,1,660,14000660,14741,14,3,TN,1.0261,1.377675,0.0,1.189387,1.499454,0.0,0.0,3,2,2,1,2,2,2,3,2,3,3,2,2,2,2,2,6,1,1,0,1,0,0,0,1,0,0,0,0,0,0,1,0,0,0,a,a,0,0,0,1,1,0,1,0,1,0,1,0,0,0,0,0,0,1,0,0,0,i,i,0,0,0,2,2,2,2,2,2,2,2,2,2,2,2,i,0,1,0,0,0,0,0,0,0,0,1,i,0,0,0,0,1,2,2,2,2,1,1,2,2,1,1,1,2,2,2,2,2,2,1,2,i,1,1,3,3,0,1,0,0,0,0,0,0,i,i,i,0,0,0,0,0,0,0,0,1,0,0,0,0,0,i,0,0,0,2,3,2,3,3,3,1,3,0,0,0,1,0,0,1,0,0,0,0,0,0,0,0,0,0,0,0,0,0,0,1,0,0,0,0,0,0,0,0,0,2,2,2,2,1,2,2,2,1,1,1,1,1,2,2,2,1,2,1,2,2,3,2,1,2,2,1,0,1,0,0,0,0,0,0,0,0,0,0,0,2,i,i,i,i,i,i,i,i,i,i,i,i,i,i,i,i,i,i,i,i,i,i,i,i,i,i,i,i,i,i,i,i,i,i,i,i,i,0,1,0,0,0,0,0,0,0,0,0,0,0,0,0,1,1,0,1,0,0,0,0,0,0,2,2,33,2,11,1,1,18,8,i,i,0,0,0,0,1,0,0,i,i,i,i,i,i,i,i,i,i,i,i,i,i,i,i,i,i,i,i,i,i,i,i,i,i,i,i,i,i,0,0,0,1,0,0,5,1,3,3,2,2,0,0,2,2,4,1,0,0,0,0,0,1,0,0,0,7,6,6,2,2,2,2,2,i,i,2,i,i,i,i,i,a,a,i,a,12,12,13,43,14,10,27,1,2,1,7,i,i,7,i,i,i,i,i,i,i,i,i,i,i,i,i,149,43,1
6291,doi:10.4232/1.12497,1.0.0 (2016-04-22),1,1,661,14000661,14742,14,3,TN,0.995373,1.377675,0.0,1.189387,1.499454,0.0,0.0,3,2,2,2,2,2,2,4,2,4,3,4,4,4,4,4,7,0,0,0,0,0,0,0,1,0,0,0,0,0,0,0,0,0,0,a,a,0,0,0,0,0,0,0,0,0,1,1,0,0,0,0,0,0,0,0,0,0,i,i,0,0,0,2,3,2,1,5,5,2,2,2,4,2,2,i,0,0,0,0,0,1,0,0,0,0,0,i,0,0,0,0,3,3,3,2,2,1,1,1,1,1,1,2,3,1,1,2,2,1,1,3,i,1,1,2,2,1,0,0,0,0,0,0,0,i,i,i,0,0,0,0,0,0,0,1,0,0,0,0,0,0,i,0,0,0,3,3,2,3,3,2,2,2,0,0,0,0,0,0,0,0,0,0,0,1,0,0,0,0,0,0,0,0,0,0,0,0,0,0,0,1,0,0,0,0,3,3,3,3,1,3,3,1,2,2,2,2,2,4,4,1,4,5,5,5,5,5,5,5,4,4,1,0,0,0,0,0,0,0,1,1,0,0,0,0,2,i,i,i,i,i,i,i,i,i,i,i,i,i,i,i,i,i,i,i,i,i,i,i,i,i,i,i,i,i,i,i,i,i,i,i,i,i,1,0,0,0,0,0,0,0,0,0,0,0,0,0,0,1,1,0,1,0,0,0,0,0,0,1,1,17,1,13,1,3,18,8,i,i,0,0,0,0,1,0,0,i,i,i,i,i,i,i,i,i,i,i,i,i,i,i,i,i,i,i,i,i,i,i,i,i,i,i,i,i,i,0,0,0,1,0,0,1,1,4,4,1,1,2,2,2,2,4,1,0,0,0,0,0,1,0,0,0,7,6,5,2,1,2,2,2,i,i,2,i,3,i,i,i,a,a,i,a,13,12,16,10,16,32,22,1,3,1,7,i,i,7,i,i,i,i,i,i,i,i,i,i,i,i,i,146,10,1
6291,doi:10.4232/1.12497,1.0.0 (2016-04-22),1,1,662,14000662,14743,14,3,TN,1.022596,1.377675,0.0,1.189387,1.499454,0.0,0.0,4,3,3,3,4,1,2,4,5,2,2,1,1,1,3,1,4,1,0,0,0,1,0,0,1,0,0,0,0,0,0,0,0,0,0,a,a,0,0,0,1,0,0,1,1,0,0,1,0,0,0,0,0,0,0,0,0,0,i,i,0,0,0,2,2,1,4,1,2,2,2,2,2,6,2,i,1,0,0,1,0,0,0,0,0,0,0,i,0,0,0,0,1,3,1,1,2,1,2,2,2,2,2,2,2,2,2,2,2,1,2,1,i,2,2,2,4,0,1,0,0,0,0,0,0,i,i,i,1,0,1,0,0,0,0,1,0,0,0,0,0,0,i,0,0,0,2,4,1,1,2,4,4,4,1,0,0,1,1,0,0,1,0,0,1,0,0,0,0,0,0,0,0,0,1,0,0,0,0,0,0,0,1,0,0,0,3,2,2,3,2,2,2,2,2,2,2,2,2,4,4,2,3,1,2,1,3,3,2,3,4,4,0,0,0,0,1,0,0,0,1,0,1,0,0,0,2,i,i,i,i,i,i,i,i,i,i,i,i,i,i,i,i,i,i,i,i,i,i,i,i,i,i,i,i,i,i,i,i,i,i,i,i,i,0,1,0,0,0,0,0,0,1,1,0,0,0,0,0,4,2,0,1,0,0,1,0,0,0,2,2,36,2,15,1,1,18,8,i,i,0,0,0,0,1,0,0,i,i,i,i,i,i,i,i,i,i,i,i,i,i,i,i,i,i,i,i,i,i,i,i,i,i,i,i,i,i,1,0,0,0,0,1,5,1,2,2,1,1,2,2,2,1,2,1,0,0,1,0,0,0,0,0,0,7,6,6,2,2,2,2,2,i,i,2,i,i,i,i,i,a,a,i,a,14,12,14,0,14,30,30,1,1,1,7,i,i,7,i,i,i,i,i,i,i,i,i,i,i,i,i,160,12,1
6291,doi:10.4232/1.12497,1.0.0 (2016-04-22),1,1,663,14000663,14744,14,3,TN,1.088299,1.377675,0.0,1.189387,1.499454,0.0,0.0,3,3,3,3,4,2,2,3,3,3,3,1,1,1,1,1,4,1,1,0,0,0,1,0,0,0,0,0,0,0,0,0,0,0,0,a,a,0,0,0,1,1,0,1,0,1,0,0,0,0,0,0,0,0,0,0,0,0,i,i,0,0,0,2,2,2,2,5,3,2,2,2,2,2,1,2,0,0,0,0,0,0,0,0,0,1,0,i,0,0,0,0,3,3,3,3,3,1,2,2,2,1,1,1,2,2,2,1,2,2,2,2,i,2,1,3,3,1,1,1,0,0,0,0,0,i,i,i,0,0,0,0,0,0,0,1,0,1,0,0,1,0,i,0,0,0,4,4,4,4,4,4,4,4,0,0,0,0,0,0,0,0,0,0,0,1,0,0,0,0,1,0,0,0,0,0,1,0,0,0,0,0,0,0,0,0,2,2,2,5,2,2,2,2,2,2,2,2,2,2,2,1,2,1,2,2,1,2,2,2,2,3,1,0,0,0,0,0,0,1,0,0,0,0,0,0,2,i,i,i,i,i,i,i,i,i,i,i,i,i,i,i,i,i,i,i,i,i,i,i,i,i,i,i,i,i,i,i,i,i,i,i,i,i,0,1,0,0,0,0,0,1,0,0,0,0,0,0,0,1,2,0,1,0,0,0,0,0,0,2,1,70,4,1,6,1,8,5,i,i,0,0,0,0,1,0,0,i,i,i,i,i,i,i,i,i,i,i,i,i,i,i,i,i,i,i,i,i,i,i,i,i,i,i,i,i,i,0,0,0,1,0,0,5,1,8,4,0,0,5,4,2,2,4,1,0,0,0,0,0,1,0,0,0,7,6,6,2,2,2,2,2,i,i,2,i,i,i,i,i,a,a,i,a,12,12,11,41,12,10,29,1,1,1,6,i,i,6,i,i,i,i,i,i,i,i,i,i,i,i,i,149,43,1
6291,doi:10.4232/1.12497,1.0.0 (2016-04-22),1,1,664,14000664,14745,14,3,TN,1.101366,1.377675,0.0,1.189387,1.499454,0.0,0.0,1,3,2,2,3,2,2,2,5,1,1,1,1,1,1,1,11,0,1,0,0,1,1,1,0,1,0,0,1,0,0,0,0,0,0,a,a,0,0,0,0,1,0,0,1,1,1,0,1,0,1,1,0,0,0,0,0,0,i,i,0,0,0,3,3,3,3,2,2,2,2,2,2,2,1,2,1,0,0,0,0,0,0,0,1,0,0,i,0,0,0,0,2,2,2,2,2,1,2,2,2,1,1,1,1,1,1,2,2,2,1,1,i,1,1,2,2,1,0,0,0,0,0,0,0,i,i,i,0,0,0,0,0,0,0,1,0,0,0,0,0,0,i,0,0,0,1,2,2,1,1,2,2,2,1,0,0,0,0,0,0,0,0,0,0,1,0,0,0,0,0,0,0,0,0,0,1,0,0,0,0,0,0,0,0,0,2,2,2,2,1,1,1,1,1,1,1,1,1,2,2,1,1,1,1,1,1,1,1,1,1,1,1,0,0,0,0,0,0,1,0,0,0,0,0,0,2,i,i,i,i,i,i,i,i,i,i,i,i,i,i,i,i,i,i,i,i,i,i,i,i,i,i,i,i,i,i,i,i,i,i,i,i,i,0,1,0,0,0,0,0,0,0,0,0,0,0,0,0,1,1,0,0,0,1,0,0,0,0,2,2,17,1,1,6,3,3,3,19,i,0,0,0,0,1,0,0,i,i,i,i,i,i,i,i,i,i,i,i,i,i,i,i,i,i,i,i,i,i,i,i,i,i,i,i,i,i,0,0,0,1,0,0,8,2,4,4,0,0,0,0,1,2,1,1,0,0,0,0,1,1,0,0,0,7,i,6,2,2,2,2,2,i,i,2,i,i,i,i,i,a,a,i,a,12,12,13,10,13,40,30,1,2,1,7,i,i,7,i,i,i,i,i,i,i,i,i,i,i,i,i,149,43,1
6291,doi:10.4232/1.12497,1.0.0 (2016-04-22),1,1,665,14000665,14746,14,3,TN,1.092289,1.377675,0.0,1.189387,1.499454,0.0,0.0,4,3,1,1,2,2,2,3,2,2,2,1,1,1,1,1,4,1,1,0,0,0,0,0,1,0,1,1,0,0,0,1,1,0,0,a,a,0,0,0,1,1,0,1,0,0,0,1,0,1,1,0,0,0,1,1,0,0,i,i,0,0,0,2,2,2,2,1,2,2,2,2,1,2,1,2,1,1,0,0,0,0,0,0,1,1,0,i,0,0,0,0,3,2,3,5,2,1,1,1,1,1,1,1,2,1,1,1,2,2,1,2,i,1,1,3,3,1,0,0,0,0,0,0,0,i,i,i,0,0,0,0,0,0,0,1,1,1,0,0,0,0,i,0,0,0,4,4,2,3,2,4,4,4,1,0,0,0,0,0,1,0,0,0,0,0,0,0,0,0,0,0,0,1,0,0,0,0,0,0,0,0,0,0,0,0,4,2,2,2,1,1,1,1,2,2,2,2,2,3,3,2,2,2,2,2,2,2,2,2,2,2,1,0,0,0,0,0,0,1,0,0,0,0,0,0,2,i,i,i,i,i,i,i,i,i,i,i,i,i,i,i,i,i,i,i,i,i,i,i,i,i,i,i,i,i,i,i,i,i,i,i,i,i,0,1,0,0,0,0,0,0,0,0,0,0,0,0,0,1,2,0,1,0,0,0,0,0,0,2,2,23,1,17,2,3,18,8,i,i,0,0,0,0,1,0,0,i,i,i,i,i,i,i,i,i,i,i,i,i,i,i,i,i,i,i,i,i,i,i,i,i,i,i,i,i,i,0,0,0,1,0,0,6,1,3,3,0,0,1,1,2,1,2,1,0,0,0,0,0,1,0,0,0,7,6,1,2,1,2,2,2,i,i,2,i,3,i,i,i,a,a,i,a,12,12,12,12,12,42,30,1,1,1,7,i,i,7,i,i,i,i,i,i,i,i,i,i,i,i,i,149,43,1
6291,doi:10.4232/1.12497,1.0.0 (2016-04-22),1,1,666,14000666,14747,14,3,TN,0.873743,1.377675,0.0,1.189387,1.499454,0.0,0.0,3,2,1,1,1,1,1,3,3,3,3,2,2,2,2,2,10,1,1,0,0,0,0,0,0,0,0,0,0,1,0,0,0,0,0,a,a,0,0,0,1,1,0,0,0,0,0,0,0,1,0,0,1,0,0,0,0,0,i,i,0,0,0,2,2,2,2,1,2,2,2,2,4,3,2,i,1,0,0,0,0,0,0,0,0,0,0,i,0,0,0,0,2,4,2,2,3,1,2,2,2,1,1,1,1,1,1,1,2,2,2,2,i,2,2,3,3,1,0,0,0,0,0,0,0,i,i,i,0,0,0,0,0,0,0,1,0,0,0,0,0,0,i,0,0,0,1,3,2,2,2,4,4,4,0,1,0,1,0,0,1,0,0,0,0,0,0,0,0,0,0,1,0,0,0,0,1,0,0,0,0,0,0,0,0,0,1,1,1,1,1,2,2,2,2,2,2,2,2,3,3,1,2,2,1,2,2,2,2,2,2,2,1,0,0,0,0,0,0,1,0,0,0,0,0,0,1,33,i,i,i,i,1,1,1,1,0,0,0,0,0,0,0,0,0,0,1,0,0,0,0,0,0,0,0,0,0,0,0,0,0,1,0,1,0,0,0,0,0,0,0,0,0,0,0,1,1,0,0,2,1,0,1,0,0,0,0,0,0,1,1,70,4,21,3,1,4,4,14,3,0,0,0,0,1,0,0,i,i,i,i,i,i,i,i,i,i,i,i,i,i,i,i,i,i,i,i,i,i,i,i,i,i,i,i,i,i,0,0,0,1,0,0,8,2,3,3,0,0,0,0,1,1,3,1,0,0,1,1,1,1,0,0,0,6,i,6,2,2,2,2,2,i,i,2,i,i,i,i,i,a,a,i,a,12,12,11,15,11,40,25,1,1,1,7,i,i,7,i,i,i,i,i,i,i,i,i,i,i,i,i,149,43,1
6291,doi:10.4232/1.12497,1.0.0 (2016-04-22),1,1,667,14000667,14748,14,3,TN,1.0261,1.377675,0.0,1.189387,1.499454,0.0,0.0,3,3,3,3,4,2,2,3,3,3,3,2,2,2,2,2,5,0,1,1,0,0,0,0,0,0,0,0,1,0,0,0,0,0,0,a,a,0,0,0,0,1,1,0,1,0,0,0,0,0,0,1,0,0,0,0,0,0,i,i,0,0,0,2,2,1,2,1,2,2,2,2,1,2,1,2,1,0,0,0,0,0,1,0,0,0,0,i,0,0,0,0,2,3,3,3,2,1,1,2,1,2,2,2,1,1,1,2,1,2,1,1,i,1,1,2,2,1,1,0,0,0,0,0,0,i,i,i,0,0,0,0,0,0,0,1,0,0,0,0,0,0,i,0,0,0,2,3,2,3,2,3,3,3,1,0,0,1,0,0,0,0,0,0,0,0,0,0,0,0,0,0,0,1,0,0,0,0,0,0,0,0,0,0,0,0,3,3,3,3,2,2,2,2,2,2,2,2,2,2,3,2,3,2,3,3,2,3,2,2,3,2,1,0,0,0,0,0,1,0,0,0,0,0,0,0,2,i,i,i,i,i,i,i,i,i,i,i,i,i,i,i,i,i,i,i,i,i,i,i,i,i,i,i,i,i,i,i,i,i,i,i,i,i,0,1,0,0,0,0,0,0,0,0,0,0,0,0,0,1,2,0,1,0,0,0,0,0,0,2,2,32,2,99,9,1,18,8,i,i,0,0,0,0,1,0,0,i,i,i,i,i,i,i,i,i,i,i,i,i,i,i,i,i,i,i,i,i,i,i,i,i,i,i,i,i,i,0,0,0,1,0,0,6,1,3,3,0,0,0,0,2,1,2,1,0,0,0,0,0,1,0,0,0,7,6,6,2,2,2,2,2,i,i,2,i,i,i,i,i,a,a,i,a,12,12,15,56,16,20,24,1,1,1,7,i,i,7,i,i,i,i,i,i,i,i,i,i,i,i,i,150,43,1
6291,doi:10.4232/1.12497,1.0.0 (2016-04-22),1,1,668,14000668,14749,14,3,TN,0.988292,1.377675,0.0,1.189387,1.499454,0.0,0.0,1,3,3,3,4,4,4,4,5,3,3,1,1,1,1,1,6,0,0,1,0,1,0,0,0,1,1,0,0,0,0,0,0,0,0,a,a,0,0,0,0,0,1,0,1,1,0,0,1,1,0,0,0,0,0,0,0,0,i,i,0,0,0,2,2,1,3,1,3,2,2,2,3,2,2,i,0,0,0,1,0,0,0,0,1,1,0,i,0,0,0,0,2,3,2,2,3,1,1,2,1,2,2,1,1,2,1,1,1,1,2,1,i,2,2,2,3,1,0,0,0,0,0,0,0,i,i,i,1,0,0,0,0,0,0,1,0,0,0,0,0,0,i,0,0,0,3,3,2,2,2,5,5,5,0,1,0,0,1,0,0,0,0,1,0,1,1,0,0,0,0,0,0,0,0,0,0,1,0,0,0,0,1,0,0,0,2,2,2,3,2,2,2,1,1,1,2,2,2,2,2,2,2,2,2,2,2,2,1,3,2,2,0,0,0,0,1,0,0,1,0,0,1,0,0,0,2,i,i,i,i,i,i,i,i,i,i,i,i,i,i,i,i,i,i,i,i,i,i,i,i,i,i,i,i,i,i,i,i,i,i,i,i,i,0,1,0,0,0,0,0,1,1,0,0,0,0,0,0,1,2,0,0,1,0,0,1,0,0,2,1,49,3,13,1,1,7,5,i,i,0,0,0,0,1,0,0,i,i,i,i,i,i,i,i,i,i,i,i,i,i,i,i,i,i,i,i,i,i,i,i,i,i,i,i,i,i,1,0,0,0,0,1,8,4,5,4,0,0,0,0,1,1,3,1,1,1,1,1,1,1,0,0,0,1,2,6,2,1,2,2,1,i,i,2,i,2,i,i,2,a,a,i,a,14,12,16,55,17,30,35,1,1,1,7,i,i,7,i,i,i,i,i,i,i,i,i,i,i,i,i,160,12,1
6291,doi:10.4232/1.12497,1.0.0 (2016-04-22),1,1,669,14000669,14750,14,3,TN,0.879935,1.377675,0.0,1.189387,1.499454,0.0,0.0,2,3,3,3,4,2,2,3,3,2,2,1,1,1,1,1,11,1,1,0,1,0,1,0,0,0,0,0,0,0,0,0,0,0,0,a,a,0,0,0,1,1,0,1,0,1,0,0,0,0,1,0,0,0,0,0,0,0,i,i,0,0,0,2,2,1,2,1,1,2,2,2,2,2,1,2,1,0,0,0,0,0,0,0,1,1,0,i,0,0,0,0,2,2,2,2,3,1,1,2,2,2,2,1,2,2,1,2,2,2,2,2,i,1,1,2,3,1,0,0,0,0,0,0,0,i,i,i,0,0,0,0,0,0,0,1,0,0,0,0,0,0,i,0,0,0,2,3,2,2,2,3,2,2,1,1,0,0,0,0,0,0,0,0,0,1,0,0,0,0,0,1,0,0,0,0,0,0,0,0,0,0,0,0,0,0,2,2,2,2,1,1,2,1,2,2,1,1,1,2,2,2,2,2,3,2,2,3,2,2,3,3,1,0,0,0,0,0,1,0,0,0,0,0,0,0,2,i,i,i,i,i,i,i,i,i,i,i,i,i,i,i,i,i,i,i,i,i,i,i,i,i,i,i,i,i,i,i,i,i,i,i,i,i,0,1,0,0,0,0,0,0,0,0,0,0,0,0,0,1,2,0,1,0,0,0,0,0,0,2,1,28,2,21,3,3,14,7,i,i,0,0,0,0,1,0,0,i,i,i,i,i,i,i,i,i,i,i,i,i,i,i,i,i,i,i,i,i,i,i,i,i,i,i,i,i,i,0,0,0,1,0,0,6,1,5,4,0,0,0,0,1,1,3,1,1,0,0,0,1,1,0,0,0,7,6,6,2,2,2,2,2,i,i,2,i,i,i,i,i,a,a,i,a,12,12,15,30,15,55,25,1,1,1,7,i,i,7,i,i,i,i,i,i,i,i,i,i,i,i,i,150,43,1
6291,doi:10.4232/1.12497,1.0.0 (2016-04-22),1,1,670,14000670,14751,14,3,TN,1.0261,1.377675,0.0,1.189387,1.499454,0.0,0.0,4,2,2,2,2,3,3,4,4,4,4,2,2,2,2,2,6,0,1,0,0,0,0,1,1,0,0,0,0,1,0,0,0,0,0,a,a,0,0,0,0,1,0,0,0,1,1,1,0,0,0,0,1,0,0,0,0,0,i,i,0,0,0,2,2,1,1,2,2,2,2,2,2,2,1,2,1,0,0,0,0,0,0,1,0,1,0,i,0,0,0,0,2,3,3,2,3,1,1,1,2,2,1,2,1,1,2,1,2,2,1,2,i,1,1,3,3,1,0,0,0,0,0,0,0,i,i,i,0,0,0,0,0,0,0,1,1,0,0,0,0,0,i,0,0,0,4,3,3,3,3,3,3,3,1,0,0,0,0,0,1,0,0,0,0,0,0,0,0,0,1,0,0,0,0,0,0,0,0,0,0,0,0,0,0,0,1,1,1,1,2,2,2,2,1,1,2,2,2,2,2,2,2,2,3,2,1,1,2,2,2,3,1,0,0,0,0,0,1,1,0,0,0,0,0,0,2,i,i,i,i,i,i,i,i,i,i,i,i,i,i,i,i,i,i,i,i,i,i,i,i,i,i,i,i,i,i,i,i,i,i,i,i,i,0,1,0,0,0,0,0,1,0,0,0,0,0,0,0,1,2,0,1,0,0,0,0,0,0,1,2,26,2,17,2,3,18,8,i,i,0,0,0,0,1,0,0,i,i,i,i,i,i,i,i,i,i,i,i,i,i,i,i,i,i,i,i,i,i,i,i,i,i,i,i,i,i,0,0,0,1,0,0,5,1,3,3,0,0,0,0,2,1,2,1,0,0,0,0,0,1,0,0,0,7,6,4,2,1,2,2,2,i,i,2,i,4,i,i,i,a,a,i,a,12,12,14,30,15,0,30,1,2,1,7,i,i,7,i,i,i,i,i,i,i,i,i,i,i,i,i,150,43,1
6291,doi:10.4232/1.12497,1.0.0 (2016-04-22),1,1,671,14000671,14752,14,3,TN,0.995373,1.377675,0.0,1.189387,1.499454,0.0,0.0,4,3,3,3,4,1,2,3,2,3,3,2,2,2,2,2,6,0,1,1,0,0,0,0,1,1,0,0,1,0,0,0,0,0,0,a,a,0,0,0,0,1,1,0,0,1,0,1,1,0,0,1,0,0,0,0,0,0,i,i,0,0,0,2,2,1,1,1,1,2,2,2,2,2,1,2,1,0,0,0,0,0,0,0,1,1,0,i,0,0,0,0,3,3,2,2,3,1,1,2,2,1,1,1,2,2,2,1,1,2,1,2,i,1,1,3,3,0,1,0,0,0,0,0,0,i,i,i,0,0,0,0,0,0,0,1,1,0,0,0,0,0,i,0,0,0,2,2,3,2,2,3,3,2,1,0,0,0,0,0,1,0,0,0,0,0,0,0,0,0,0,1,0,0,0,0,0,0,0,0,0,0,0,0,0,0,3,3,3,3,1,1,2,2,2,2,1,1,2,3,3,3,3,3,3,3,3,3,3,3,3,3,1,0,0,0,0,0,0,1,0,0,0,0,0,0,2,i,i,i,i,i,i,i,i,i,i,i,i,i,i,i,i,i,i,i,i,i,i,i,i,i,i,i,i,i,i,i,i,i,i,i,i,i,0,1,0,0,0,0,0,0,0,0,0,0,0,0,0,1,2,0,1,0,0,0,0,0,0,1,1,17,1,10,1,3,18,8,i,i,0,0,0,0,1,0,0,i,i,i,i,i,i,i,i,i,i,i,i,i,i,i,i,i,i,i,i,i,i,i,i,i,i,i,i,i,i,0,0,0,1,0,0,4,1,5,4,0,0,1,1,2,1,2,1,0,0,0,0,0,1,0,0,0,7,6,6,2,2,2,2,2,i,i,2,i,i,i,i,i,a,a,i,a,12,12,15,2,15,27,25,1,1,1,7,i,i,7,i,i,i,i,i,i,i,i,i,i,i,i,i,150,43,1
6291,doi:10.4232/1.12497,1.0.0 (2016-04-22),1,1,672,14000672,14753,14,3,TN,0.991974,1.377675,0.0,1.189387,1.499454,0.0,0.0,2,3,3,3,4,2,2,4,2,2,2,1,1,1,1,1,3,0,1,0,0,0,0,0,0,0,1,0,0,0,0,0,0,0,0,a,a,0,0,0,0,1,1,0,0,0,0,0,0,1,0,0,0,0,0,0,0,0,i,i,0,0,0,2,1,1,1,1,1,2,2,2,2,2,1,2,1,0,0,0,0,0,0,0,1,1,0,i,0,0,0,0,2,3,2,2,2,1,1,2,1,2,2,2,2,1,2,1,2,1,1,1,i,1,1,3,3,0,1,0,0,0,0,0,0,i,i,i,0,0,0,0,0,0,0,0,1,0,0,0,0,0,i,0,0,0,2,2,2,4,4,4,4,4,1,0,0,1,0,0,1,0,0,0,0,0,0,0,0,0,1,0,0,0,0,0,0,0,0,0,0,0,0,0,0,0,2,2,2,2,1,1,1,1,2,2,2,2,2,2,2,2,2,2,1,2,2,3,3,3,4,3,1,0,0,0,0,0,0,0,0,0,0,0,0,0,2,i,i,i,i,i,i,i,i,i,i,i,i,i,i,i,i,i,i,i,i,i,i,i,i,i,i,i,i,i,i,i,i,i,i,i,i,i,1,1,0,0,0,0,0,0,0,0,0,0,0,0,0,1,2,0,1,0,0,0,0,0,0,2,1,16,1,20,3,3,2,2,19,i,0,0,0,0,0,1,0,i,i,i,i,i,i,i,i,i,i,i,i,i,i,i,i,i,i,i,i,i,i,i,i,i,i,i,i,i,i,0,0,0,0,1,0,6,1,3,3,0,0,2,2,2,1,2,1,0,0,0,0,0,1,0,0,0,7,i,1,2,1,2,2,2,i,i,2,i,1,i,i,i,a,a,i,a,13,12,11,0,11,25,25,1,2,1,7,i,i,7,i,i,i,i,i,i,i,i,i,i,i,i,i,147,43,1
6291,doi:10.4232/1.12497,1.0.0 (2016-04-22),1,1,673,14000673,14754,14,3,TN,0.991974,1.377675,0.0,1.189387,1.499454,0.0,0.0,2,2,2,3,3,4,4,3,1,2,2,2,3,3,2,3,3,1,0,0,0,1,1,1,0,1,0,0,1,0,0,0,0,0,0,a,a,0,0,0,1,0,1,0,1,1,1,0,1,0,0,1,0,0,0,0,0,0,i,i,0,0,0,2,1,1,1,1,1,2,2,2,1,2,3,i,0,1,0,0,0,0,0,0,0,0,0,i,0,0,0,0,3,2,2,2,2,1,1,2,1,1,1,1,2,2,2,1,2,2,2,2,i,1,1,3,3,0,1,0,0,0,0,0,0,i,i,i,0,0,0,0,0,0,0,1,0,0,0,0,0,0,i,0,0,0,1,1,2,2,2,2,2,2,0,1,0,0,0,0,0,0,0,0,0,0,0,0,0,0,0,1,0,0,0,0,0,0,0,0,0,0,0,0,0,0,1,1,1,1,1,2,2,1,1,2,3,3,3,3,3,3,3,2,2,2,1,1,2,2,2,2,1,1,0,0,0,1,0,0,0,0,0,0,0,0,3,i,i,i,i,i,i,i,i,i,i,i,i,i,i,i,i,i,i,i,i,i,i,i,i,i,i,i,i,i,i,i,i,i,i,i,i,i,0,0,0,0,0,0,0,0,0,0,0,0,0,0,1,1,2,0,1,0,0,0,0,0,0,2,1,15,1,0,5,3,2,2,19,i,0,0,0,0,1,0,0,i,i,i,i,i,i,i,i,i,i,i,i,i,i,i,i,i,i,i,i,i,i,i,i,i,i,i,i,i,i,1,0,0,0,0,1,2,1,4,4,2,2,1,1,2,1,2,1,0,0,0,0,0,0,1,0,0,7,i,6,2,1,2,2,1,i,i,2,i,2,i,i,1,a,a,i,a,13,12,11,26,12,54,28,1,2,1,7,i,i,7,i,i,i,i,i,i,i,i,i,i,i,i,i,147,43,1
6291,doi:10.4232/1.12497,1.0.0 (2016-04-22),1,1,674,14000674,14755,14,3,TN,1.092289,1.377675,0.0,1.189387,1.499454,0.0,0.0,3,2,2,2,2,1,1,4,4,4,4,2,2,2,2,2,2,0,0,0,1,1,0,0,0,1,0,0,0,0,0,0,0,0,0,a,a,0,0,0,0,1,0,1,1,0,0,0,1,0,0,0,0,0,0,0,0,0,i,i,0,0,0,2,2,2,2,1,1,2,2,2,3,2,2,i,1,0,0,0,0,0,0,0,1,0,0,i,0,0,0,0,3,2,5,2,3,1,1,2,2,1,2,2,1,2,2,2,1,1,1,2,i,1,1,3,3,1,0,0,0,0,0,0,0,i,i,i,0,0,0,0,0,0,0,1,0,0,0,0,0,0,i,0,0,0,2,2,1,1,2,3,2,2,0,1,0,0,1,0,0,0,0,0,0,0,0,0,0,0,0,1,0,1,0,0,0,0,0,0,0,0,0,0,0,0,3,3,3,3,2,2,2,2,2,2,2,2,2,3,2,1,3,2,3,3,1,2,2,2,2,2,1,0,0,0,0,0,0,1,0,0,0,0,0,0,2,i,i,i,i,i,i,i,i,i,i,i,i,i,i,i,i,i,i,i,i,i,i,i,i,i,i,i,i,i,i,i,i,i,i,i,i,i,0,1,0,0,0,0,0,0,0,0,0,0,0,0,0,1,2,0,1,0,0,0,0,0,0,2,2,15,1,0,5,3,2,2,19,i,0,0,0,0,1,0,0,i,i,i,i,i,i,i,i,i,i,i,i,i,i,i,i,i,i,i,i,i,i,i,i,i,i,i,i,i,i,0,0,0,1,0,0,6,1,4,4,0,0,1,1,2,1,2,1,0,0,0,0,0,1,0,0,0,1,i,6,2,1,2,2,2,i,i,2,i,1,i,i,i,a,a,i,a,13,12,12,55,12,25,30,1,2,1,7,i,i,7,i,i,i,i,i,i,i,i,i,i,i,i,i,147,43,1
6291,doi:10.4232/1.12497,1.0.0 (2016-04-22),1,1,675,14000675,14756,14,3,TN,1.0261,1.377675,0.0,1.189387,1.499454,0.0,0.0,2,2,2,2,2,2,2,3,3,3,3,2,2,2,2,2,2,0,0,0,1,1,0,0,1,0,0,0,1,0,0,0,0,0,0,a,a,0,0,0,0,1,0,1,1,0,0,1,0,0,0,1,0,0,0,0,0,0,i,i,0,0,0,2,2,4,1,1,1,2,2,2,2,2,1,2,0,1,0,0,0,1,0,0,0,1,0,i,0,0,0,0,3,3,3,2,2,1,2,2,1,2,1,1,2,2,1,3,2,1,2,2,i,1,2,3,2,1,0,0,0,0,0,0,0,i,i,i,0,0,0,0,0,0,0,1,0,0,0,0,0,0,i,0,0,0,2,2,4,3,2,2,3,2,0,1,0,0,0,1,0,0,0,0,0,0,0,0,0,0,0,1,0,0,0,0,1,0,0,0,0,0,0,0,0,0,2,2,2,1,1,2,2,2,2,2,2,2,2,2,3,1,1,2,3,2,1,2,2,2,3,2,0,0,1,0,0,0,0,1,0,0,0,0,0,0,2,i,i,i,i,i,i,i,i,i,i,i,i,i,i,i,i,i,i,i,i,i,i,i,i,i,i,i,i,i,i,i,i,i,i,i,i,i,0,1,0,0,0,0,0,0,1,0,0,0,0,0,0,1,1,0,1,0,0,0,0,0,0,2,2,38,2,13,1,5,8,5,i,i,0,0,0,0,1,0,0,i,i,i,i,i,i,i,i,i,i,i,i,i,i,i,i,i,i,i,i,i,i,i,i,i,i,i,i,i,i,0,0,0,1,0,0,5,1,3,3,0,0,2,2,2,1,2,1,0,0,0,0,0,1,0,0,0,7,6,6,2,2,2,2,2,i,i,2,i,i,i,i,i,a,a,i,a,13,12,13,1,13,30,29,2,1,1,7,i,i,7,i,i,i,i,i,i,i,i,i,i,i,i,i,147,43,1
6291,doi:10.4232/1.12497,1.0.0 (2016-04-22),1,1,676,14000676,14757,14,3,TN,1.092289,1.377675,0.0,1.189387,1.499454,0.0,0.0,4,2,3,2,3,2,2,3,2,2,2,1,2,2,2,2,1,0,0,1,1,0,0,0,0,0,1,0,0,0,0,0,0,0,0,a,a,0,0,0,1,0,1,1,0,0,0,0,0,1,0,0,0,0,0,0,0,0,i,i,0,0,0,2,2,1,1,2,2,2,2,2,2,2,2,i,0,1,0,0,0,0,0,0,1,0,0,i,0,0,0,0,3,3,2,2,3,1,2,2,2,1,1,1,2,2,2,1,2,2,1,2,i,2,2,3,3,0,1,0,0,0,0,0,0,i,i,i,0,0,0,0,0,0,0,0,1,0,0,0,0,0,i,0,0,0,2,2,1,1,2,3,2,2,0,1,0,0,0,0,1,0,0,0,0,0,0,0,0,0,1,0,0,0,0,0,1,0,0,0,0,0,0,0,0,0,3,3,3,3,1,2,2,2,2,2,2,2,2,3,3,2,2,2,3,2,2,2,2,3,3,3,0,1,0,0,0,0,0,1,0,0,0,0,0,0,2,i,i,i,i,i,i,i,i,i,i,i,i,i,i,i,i,i,i,i,i,i,i,i,i,i,i,i,i,i,i,i,i,i,i,i,i,i,0,0,0,0,0,0,0,0,0,1,0,0,0,0,0,1,2,0,1,0,0,0,0,0,0,2,2,15,1,20,3,3,2,2,19,i,0,0,0,0,1,0,0,i,i,i,i,i,i,i,i,i,i,i,i,i,i,i,i,i,i,i,i,i,i,i,i,i,i,i,i,i,i,0,0,0,1,0,0,6,1,6,4,0,0,0,0,2,1,2,1,0,0,0,0,0,1,0,0,0,7,i,6,2,2,2,2,2,i,i,2,i,i,i,i,i,a,a,i,a,13,12,12,30,13,0,30,1,2,1,7,i,i,7,i,i,i,i,i,i,i,i,i,i,i,i,i,147,43,1
6291,doi:10.4232/1.12497,1.0.0 (2016-04-22),1,1,677,14000677,14758,14,3,TN,1.022596,1.377675,0.0,1.189387,1.499454,0.0,0.0,2,3,3,2,3,2,2,3,2,2,2,1,1,1,1,1,4,0,1,0,0,0,1,1,0,0,1,1,0,0,0,0,0,0,0,a,a,0,0,0,0,1,0,1,0,1,1,0,0,1,1,0,0,0,0,0,0,0,i,i,0,0,0,1,1,1,1,2,2,2,2,2,2,2,1,2,1,0,0,0,0,1,0,0,1,1,0,i,0,0,0,0,2,2,2,2,2,1,1,1,2,1,2,2,3,2,1,1,3,1,1,3,i,1,1,2,2,0,1,0,0,0,0,0,0,i,i,i,0,0,0,0,0,0,0,1,1,0,0,0,0,0,i,0,0,0,2,2,2,2,3,3,3,3,1,0,0,1,0,0,1,0,0,0,0,0,0,0,0,0,1,0,0,0,0,0,1,0,0,0,0,0,0,0,0,0,2,2,2,1,1,1,1,2,2,2,2,2,2,2,2,2,2,2,2,2,2,2,2,2,2,2,1,0,0,0,0,0,0,1,0,0,0,0,0,0,2,i,i,i,i,i,i,i,i,i,i,i,i,i,i,i,i,i,i,i,i,i,i,i,i,i,i,i,i,i,i,i,i,i,i,i,i,i,0,1,0,0,0,0,0,1,0,0,0,1,0,0,0,1,1,0,1,0,0,0,0,0,0,1,2,29,2,18,2,3,17,8,i,i,0,0,0,0,1,0,0,i,i,i,i,i,i,i,i,i,i,i,i,i,i,i,i,i,i,i,i,i,i,i,i,i,i,i,i,i,i,0,1,0,0,0,1,7,2,5,4,0,0,0,0,2,1,2,1,0,0,0,0,0,1,0,0,0,7,6,6,2,2,2,2,2,i,i,2,i,i,i,i,i,a,a,i,a,14,12,14,20,14,50,30,1,2,1,7,i,i,7,i,i,i,i,i,i,i,i,i,i,i,i,i,142,43,1
6291,doi:10.4232/1.12497,1.0.0 (2016-04-22),1,1,678,14000678,14759,14,3,TN,0.988292,1.377675,0.0,1.189387,1.499454,0.0,0.0,3,2,3,3,3,2,2,3,3,3,3,1,1,1,1,1,5,0,1,1,0,0,1,0,1,1,1,0,0,0,0,0,0,0,0,a,a,0,0,0,0,1,1,0,1,1,0,1,1,1,0,0,0,0,0,0,0,0,i,i,0,0,0,1,1,1,2,2,2,2,2,2,2,2,1,2,0,1,0,0,0,1,0,0,0,0,0,i,0,0,0,0,2,2,3,2,2,1,2,2,2,1,1,2,1,2,2,2,1,2,1,2,i,1,2,2,3,1,0,0,0,0,0,0,0,i,i,i,0,0,0,0,0,0,0,1,0,0,0,0,0,0,i,0,0,0,2,2,2,2,2,2,2,2,0,1,0,0,0,0,1,0,0,0,0,0,0,0,0,0,0,1,0,0,0,0,0,0,0,0,0,0,0,0,0,0,2,2,2,2,1,2,2,1,1,1,1,1,1,2,3,2,2,1,2,2,1,2,1,2,2,2,1,0,0,0,0,1,0,1,0,0,0,0,0,0,2,i,i,i,i,i,i,i,i,i,i,i,i,i,i,i,i,i,i,i,i,i,i,i,i,i,i,i,i,i,i,i,i,i,i,i,i,i,0,1,0,0,0,0,0,0,0,0,0,0,0,0,0,2,2,0,1,0,0,0,0,0,0,2,1,50,3,12,1,1,18,8,i,i,0,0,0,0,1,0,0,i,i,i,i,i,i,i,i,i,i,i,i,i,i,i,i,i,i,i,i,i,i,i,i,i,i,i,i,i,i,0,0,0,1,0,0,6,1,5,4,0,0,1,1,2,1,2,1,0,0,0,0,0,0,1,0,0,7,6,6,2,2,2,2,2,i,i,2,i,i,i,i,i,a,a,i,a,13,12,13,31,13,56,25,1,2,1,7,i,i,7,i,i,i,i,i,i,i,i,i,i,i,i,i,147,43,1
6291,doi:10.4232/1.12497,1.0.0 (2016-04-22),1,1,679,14000679,14760,14,3,TN,1.046372,1.377675,0.0,1.189387,1.499454,0.0,0.0,3,2,2,2,2,1,1,3,3,3,3,2,2,2,2,2,4,0,1,1,0,0,0,1,1,0,0,0,0,0,0,0,0,0,0,a,a,0,0,0,0,1,1,1,0,0,1,1,0,0,0,0,0,0,0,0,0,0,i,i,0,0,0,2,2,2,2,2,2,2,2,2,4,3,2,i,0,0,0,0,0,0,0,0,0,0,0,i,0,1,0,0,3,3,3,3,3,2,2,2,2,2,2,2,2,2,2,2,2,2,2,2,i,2,2,3,3,1,0,0,0,0,0,0,0,i,i,i,0,0,0,0,0,0,0,1,1,1,0,0,0,0,i,0,0,0,2,2,2,2,2,2,2,2,0,0,0,0,0,0,0,0,0,0,0,0,0,0,1,0,0,0,0,0,0,0,0,0,0,0,0,0,0,0,1,0,2,2,2,2,2,2,2,2,1,1,1,1,1,3,3,1,2,1,2,2,1,1,2,2,1,1,1,0,0,0,0,0,0,1,0,0,1,0,0,0,2,i,i,i,i,i,i,i,i,i,i,i,i,i,i,i,i,i,i,i,i,i,i,i,i,i,i,i,i,i,i,i,i,i,i,i,i,i,0,1,0,0,0,0,0,0,0,0,0,0,0,0,0,1,2,0,1,0,0,0,0,0,0,1,2,50,3,10,1,3,18,8,i,i,0,0,0,0,1,0,0,i,i,i,i,i,i,i,i,i,i,i,i,i,i,i,i,i,i,i,i,i,i,i,i,i,i,i,i,i,i,0,0,0,1,0,0,5,1,4,4,0,0,0,0,2,1,2,1,0,0,0,0,0,1,0,0,0,7,6,6,2,2,2,2,2,i,i,2,i,i,i,i,i,a,a,i,a,14,12,12,31,12,56,25,1,2,1,7,i,i,7,i,i,i,i,i,i,i,i,i,i,i,i,i,142,43,1
6291,doi:10.4232/1.12497,1.0.0 (2016-04-22),1,1,680,14000680,14761,14,3,TN,0.993102,1.377675,0.0,1.189387,1.499454,0.0,0.0,2,2,2,2,2,2,2,3,2,2,2,1,1,1,1,1,12,1,1,0,1,0,0,1,0,0,0,0,0,0,0,0,0,0,0,a,a,0,0,0,1,1,0,1,0,0,1,0,0,0,0,1,0,0,0,0,0,0,i,i,0,0,0,1,1,1,1,2,2,2,2,2,2,2,1,2,1,0,0,0,0,0,0,0,0,1,0,i,0,0,0,0,2,2,2,2,2,1,2,2,2,1,1,1,2,1,1,1,2,2,1,2,i,1,1,2,3,1,1,0,0,0,0,0,0,i,i,i,0,0,0,0,0,0,0,1,1,0,0,0,0,0,i,0,0,0,2,2,1,1,2,2,2,2,1,1,0,0,0,0,1,0,0,0,0,0,0,0,0,0,0,0,0,0,0,0,1,0,0,0,0,0,0,0,0,0,2,2,2,2,1,1,1,1,1,1,1,1,1,3,2,1,2,1,2,2,5,1,2,2,2,2,1,0,0,0,0,0,0,0,1,0,0,0,0,0,2,i,i,i,i,i,i,i,i,i,i,i,i,i,i,i,i,i,i,i,i,i,i,i,i,i,i,i,i,i,i,i,i,i,i,i,i,i,1,0,0,0,0,0,0,0,0,0,0,0,0,0,0,1,1,0,1,0,0,0,0,0,0,2,1,52,3,1,6,1,8,5,i,i,0,0,0,0,1,0,0,i,i,i,i,i,i,i,i,i,i,i,i,i,i,i,i,i,i,i,i,i,i,i,i,i,i,i,i,i,i,0,0,0,1,0,0,8,2,5,4,0,0,0,0,1,1,3,1,1,0,1,0,0,1,0,0,0,7,6,6,2,2,2,2,2,i,i,2,i,i,i,i,i,a,a,i,a,14,12,13,0,13,30,30,1,3,1,7,i,i,7,i,i,i,i,i,i,i,i,i,i,i,i,i,142,43,1
6291,doi:10.4232/1.12497,1.0.0 (2016-04-22),1,1,681,14000681,14762,14,3,TN,1.033952,1.377675,0.0,1.189387,1.499454,0.0,0.0,3,3,2,2,3,2,2,3,3,3,3,2,2,2,2,2,6,1,1,0,1,0,0,1,0,1,0,0,0,0,0,0,0,0,0,a,a,0,0,0,1,1,0,1,0,1,1,0,1,0,0,0,0,0,0,0,0,0,i,i,0,0,0,2,2,2,2,1,2,2,2,2,2,2,1,2,0,1,0,0,1,0,0,0,0,0,0,i,0,0,0,0,2,2,2,2,2,1,2,2,1,1,1,1,1,1,1,1,2,1,2,1,i,1,1,2,2,1,0,0,0,0,0,0,0,i,i,i,0,0,0,0,0,0,0,1,1,1,0,0,0,0,i,0,0,0,4,4,4,4,3,4,4,4,1,0,0,1,1,0,0,0,0,0,0,0,0,0,0,0,0,0,0,0,1,0,1,0,0,0,0,0,0,0,0,0,2,2,2,2,1,1,1,1,2,2,2,2,2,3,3,2,2,2,3,3,2,3,2,3,3,3,1,0,0,0,1,0,0,0,0,0,0,0,0,0,2,i,i,i,i,i,i,i,i,i,i,i,i,i,i,i,i,i,i,i,i,i,i,i,i,i,i,i,i,i,i,i,i,i,i,i,i,i,0,0,0,0,0,0,0,0,1,0,0,0,0,0,0,1,2,0,1,0,0,0,0,0,0,2,1,34,2,13,1,1,8,5,i,i,0,0,0,0,1,0,0,i,i,i,i,i,i,i,i,i,i,i,i,i,i,i,i,i,i,i,i,i,i,i,i,i,i,i,i,i,i,0,0,0,1,0,0,6,1,2,2,3,3,0,0,2,1,2,1,0,0,0,0,0,0,1,0,0,7,6,6,2,2,2,2,2,i,i,2,i,i,i,i,i,a,a,i,a,14,12,12,7,12,30,23,1,3,1,7,i,i,7,i,i,i,i,i,i,i,i,i,i,i,i,i,142,43,1
6291,doi:10.4232/1.12497,1.0.0 (2016-04-22),1,1,682,14000682,14763,14,3,TN,0.995373,1.377675,0.0,1.189387,1.499454,0.0,0.0,2,2,2,2,2,2,2,3,3,3,3,1,1,1,1,1,7,0,1,1,0,1,0,0,0,0,1,0,0,0,0,0,0,0,0,a,a,0,0,0,0,1,1,0,1,0,1,0,0,1,0,0,0,0,0,0,0,0,i,i,0,0,0,1,1,1,1,2,4,2,2,2,2,2,1,2,1,0,0,0,0,0,0,0,1,0,0,i,0,0,0,0,3,2,2,2,3,1,1,1,1,1,1,2,2,1,2,1,1,2,2,2,i,1,1,3,3,1,0,0,0,0,0,0,0,i,i,i,0,0,0,0,0,0,0,1,1,1,0,0,0,0,i,0,0,0,2,2,3,2,3,2,3,2,1,0,0,0,1,0,1,0,0,0,0,0,0,0,0,0,0,0,0,0,1,0,0,0,0,0,0,0,0,0,0,0,3,3,3,3,2,2,1,1,1,1,1,1,1,3,4,2,2,2,2,3,2,2,3,3,3,3,1,0,0,0,0,0,0,0,0,1,0,0,0,0,2,i,i,i,i,i,i,i,i,i,i,i,i,i,i,i,i,i,i,i,i,i,i,i,i,i,i,i,i,i,i,i,i,i,i,i,i,i,0,0,0,0,0,0,0,1,0,0,0,0,0,0,0,1,2,0,1,0,0,0,0,0,0,2,1,16,1,99,9,3,18,8,i,i,0,0,0,0,1,0,0,i,i,i,i,i,i,i,i,i,i,i,i,i,i,i,i,i,i,i,i,i,i,i,i,i,i,i,i,i,i,0,0,0,1,0,0,5,1,6,4,1,1,0,0,2,1,2,1,0,0,0,0,0,0,1,0,0,7,6,6,3,1,2,2,2,i,i,2,i,1,i,i,i,a,a,i,a,14,12,11,35,12,5,30,1,2,1,7,i,i,7,i,i,i,i,i,i,i,i,i,i,i,i,i,142,43,1
6291,doi:10.4232/1.12497,1.0.0 (2016-04-22),1,1,683,14000683,14764,14,3,TN,1.092289,1.377675,0.0,1.189387,1.499454,0.0,0.0,2,3,3,2,3,1,2,3,2,2,2,1,1,1,1,1,8,1,1,1,1,0,1,1,0,0,0,0,1,0,0,0,0,0,0,a,a,0,0,0,1,1,1,1,0,1,1,1,0,0,0,1,0,0,0,0,0,0,i,i,0,0,0,1,1,1,1,2,2,2,2,2,2,2,1,2,1,1,0,0,0,0,0,0,0,1,0,i,0,0,0,0,2,2,2,2,2,1,2,2,1,1,1,1,2,2,2,2,2,2,1,2,i,1,1,2,2,0,1,0,0,0,0,0,0,i,i,i,0,0,0,0,0,0,0,1,0,0,0,0,0,0,i,0,0,0,2,2,2,2,2,4,3,3,1,1,0,0,0,0,1,0,0,0,1,1,0,0,0,0,0,0,0,1,0,0,0,0,0,0,0,0,0,0,0,0,2,2,2,2,1,2,2,2,1,1,2,2,2,2,2,1,2,1,2,2,2,2,2,1,1,1,1,0,0,0,0,0,0,1,0,0,0,0,0,0,2,i,i,i,i,i,i,i,i,i,i,i,i,i,i,i,i,i,i,i,i,i,i,i,i,i,i,i,i,i,i,i,i,i,i,i,i,i,0,0,0,0,0,0,0,1,0,0,0,0,0,0,0,1,1,0,1,0,0,0,0,0,0,2,2,15,1,0,5,3,2,2,19,i,0,0,0,0,1,0,0,i,i,i,i,i,i,i,i,i,i,i,i,i,i,i,i,i,i,i,i,i,i,i,i,i,i,i,i,i,i,0,0,0,1,0,0,7,2,4,4,0,0,1,1,1,1,3,1,1,0,1,0,0,1,0,0,0,1,i,1,3,1,2,2,1,i,i,2,i,1,i,i,1,a,a,i,a,14,12,13,35,14,2,27,1,2,1,7,i,i,7,i,i,i,i,i,i,i,i,i,i,i,i,i,142,43,1
6291,doi:10.4232/1.12497,1.0.0 (2016-04-22),1,1,684,14000684,14765,14,3,TN,0.879935,1.377675,0.0,1.189387,1.499454,0.0,0.0,3,2,1,1,1,2,1,4,1,1,4,3,3,1,3,1,3,1,0,0,0,0,1,1,0,1,1,0,0,0,0,0,0,0,0,a,a,0,0,0,1,0,1,0,0,1,1,0,1,1,0,0,0,0,0,0,0,0,i,i,0,0,0,2,2,1,4,1,1,2,2,2,1,5,3,i,1,1,0,0,0,0,0,0,0,1,0,i,0,0,0,0,3,3,2,3,2,1,3,1,3,1,1,1,3,1,1,1,1,1,1,1,i,1,1,3,5,1,1,0,0,0,0,0,0,i,i,i,1,0,0,0,0,0,0,1,1,0,1,0,0,0,i,0,0,0,1,1,2,1,2,2,5,5,1,1,0,1,0,0,0,0,0,0,1,0,1,0,0,0,1,1,0,0,0,0,0,0,0,0,0,0,0,0,0,0,1,2,2,1,1,2,3,1,1,2,1,2,2,4,3,3,3,2,3,3,2,2,3,3,3,3,0,1,0,0,1,0,0,0,1,0,0,0,0,0,2,i,i,i,i,i,i,i,i,i,i,i,i,i,i,i,i,i,i,i,i,i,i,i,i,i,i,i,i,i,i,i,i,i,i,i,i,i,0,1,0,0,0,0,0,0,0,0,0,0,0,0,0,1,1,1,1,0,1,0,0,0,0,2,1,26,2,23,3,3,8,5,i,i,0,0,0,0,1,0,0,i,i,i,i,i,i,i,i,i,i,i,i,i,i,i,i,i,i,i,i,i,i,i,i,i,i,i,i,i,i,0,0,0,1,0,0,8,1,5,4,0,0,0,0,1,1,3,1,0,0,1,1,1,1,0,0,0,1,6,6,2,1,2,2,1,i,i,2,i,1,i,i,1,a,a,i,a,13,12,15,16,15,41,25,1,2,1,7,i,i,7,i,i,i,i,i,i,i,i,i,i,i,i,i,148,43,1
6291,doi:10.4232/1.12497,1.0.0 (2016-04-22),1,1,685,14000685,14766,14,3,TN,1.022596,1.377675,0.0,1.189387,1.499454,0.0,0.0,4,2,2,2,2,2,2,4,2,2,2,2,2,3,3,2,1,0,0,0,0,0,1,0,0,1,1,0,0,0,0,0,0,0,0,a,a,0,0,0,1,0,0,0,0,1,0,0,1,1,0,0,0,0,0,0,0,0,i,i,0,0,0,2,1,1,1,1,1,2,1,2,1,6,1,2,0,1,0,0,0,0,0,0,0,0,0,i,0,0,0,0,3,2,2,3,3,1,2,1,3,1,1,1,3,1,1,1,1,1,1,3,i,1,1,3,2,1,1,0,1,0,0,0,0,i,i,i,0,0,0,0,0,0,0,1,1,0,0,0,0,0,i,0,0,0,1,1,2,1,2,2,1,1,0,1,0,1,1,0,0,0,0,0,1,0,1,0,0,0,1,1,0,0,0,0,0,0,0,0,0,0,0,0,0,0,1,1,1,1,1,2,3,1,1,2,2,1,2,3,4,2,3,2,2,3,2,2,3,3,3,2,1,1,0,0,0,1,0,0,0,0,0,0,0,0,1,41,i,i,i,i,1,1,1,6,0,0,1,0,0,0,0,0,0,0,0,0,0,0,0,0,0,1,0,0,0,0,0,0,0,0,0,1,0,1,0,0,0,0,0,0,0,0,0,0,0,0,0,2,1,1,1,0,1,0,0,0,0,2,2,28,2,17,2,6,8,5,i,i,0,0,0,0,1,0,0,i,i,i,i,i,i,i,i,i,i,i,i,i,i,i,i,i,i,i,i,i,i,i,i,i,i,i,i,i,i,1,0,0,0,0,1,7,1,6,4,0,0,0,0,1,1,3,1,0,0,0,0,0,1,0,0,0,7,7,6,2,1,2,2,2,i,i,2,i,3,i,i,i,a,a,i,a,13,12,14,45,15,15,30,1,2,1,7,i,i,7,i,i,i,i,i,i,i,i,i,i,i,i,i,148,43,1
6291,doi:10.4232/1.12497,1.0.0 (2016-04-22),1,1,686,14000686,14767,14,3,TN,0.992702,1.377675,0.0,1.189387,1.499454,0.0,0.0,3,3,3,2,3,2,2,4,3,4,4,2,2,2,2,2,4,0,0,0,0,0,0,1,1,0,0,0,0,0,0,0,0,0,0,a,a,0,0,0,0,0,0,1,0,0,1,1,0,0,0,0,0,0,0,0,0,0,i,i,0,0,0,2,2,2,2,1,1,2,2,2,3,3,3,i,0,0,0,0,0,0,0,0,0,0,0,i,1,0,0,0,3,3,3,3,3,2,2,2,2,2,2,2,2,2,2,2,2,2,2,2,i,2,2,3,3,1,0,0,0,0,0,0,0,i,i,i,0,0,0,0,0,0,0,1,0,0,0,0,0,0,i,0,0,0,2,1,2,2,2,2,2,2,1,0,0,0,0,0,1,0,0,0,0,0,0,0,0,0,0,0,0,0,0,0,0,0,0,0,0,0,0,0,0,1,5,1,1,5,2,2,2,2,1,1,1,1,1,3,3,2,2,2,2,2,2,2,3,2,3,3,1,0,1,0,0,0,0,1,0,0,0,0,0,0,2,i,i,i,i,i,i,i,i,i,i,i,i,i,i,i,i,i,i,i,i,i,i,i,i,i,i,i,i,i,i,i,i,i,i,i,i,i,1,0,0,0,0,0,0,0,0,0,0,0,0,0,0,1,2,0,0,0,1,0,0,0,0,2,2,80,4,1,6,5,3,3,19,i,0,0,0,0,1,0,0,i,i,i,i,i,i,i,i,i,i,i,i,i,i,i,i,i,i,i,i,i,i,i,i,i,i,i,i,i,i,0,0,0,1,0,0,2,1,3,3,0,0,0,0,2,2,4,1,0,0,0,0,0,0,1,0,0,7,i,6,2,2,2,2,2,i,i,2,i,i,i,i,i,a,a,i,a,13,12,14,15,14,40,25,1,2,1,7,i,i,7,i,i,i,i,i,i,i,i,i,i,i,i,i,148,43,1
6291,doi:10.4232/1.12497,1.0.0 (2016-04-22),1,1,687,14000687,14768,14,3,TN,1.101366,1.377675,0.0,1.189387,1.499454,0.0,0.0,3,3,3,3,4,4,4,2,3,3,3,3,4,2,4,4,7,1,1,0,1,0,0,0,0,1,1,0,0,0,0,0,0,0,0,a,a,0,0,0,1,1,0,1,0,0,1,0,1,1,0,0,0,0,0,0,0,0,i,i,0,0,0,2,2,1,2,1,3,2,2,3,6,6,2,i,0,0,0,0,0,0,0,0,0,0,0,i,0,0,1,0,4,5,5,3,2,1,3,1,3,1,3,1,3,3,3,3,3,3,3,3,i,3,3,5,5,1,0,0,0,0,0,0,0,i,i,i,0,0,0,0,0,0,0,1,0,0,0,0,0,0,i,0,0,0,2,2,5,5,5,5,5,5,0,0,0,0,0,0,0,0,0,0,0,0,0,0,1,0,0,0,0,0,0,0,0,0,0,0,0,0,0,0,0,1,5,1,5,5,3,3,3,3,1,3,3,3,3,2,2,2,1,1,2,2,2,3,2,3,1,2,0,0,0,0,0,0,0,1,0,0,1,1,0,0,3,i,i,i,i,i,i,i,i,i,i,i,i,i,i,i,i,i,i,i,i,i,i,i,i,i,i,i,i,i,i,i,i,i,i,i,i,i,0,1,0,0,0,0,0,0,0,0,0,0,0,0,0,3,2,0,1,0,0,0,0,0,0,1,2,16,1,1,6,3,18,8,i,i,0,0,0,0,1,0,0,i,i,i,i,i,i,i,i,i,i,i,i,i,i,i,i,i,i,i,i,i,i,i,i,i,i,i,i,i,i,0,0,0,1,0,0,1,1,2,2,1,1,0,0,2,2,4,1,0,0,0,0,0,1,0,0,0,7,6,6,1,2,2,2,2,i,i,2,i,i,i,i,i,a,a,i,a,13,12,16,22,16,47,25,1,2,1,7,i,i,7,i,i,i,i,i,i,i,i,i,i,i,i,i,148,43,1
6291,doi:10.4232/1.12497,1.0.0 (2016-04-22),1,1,688,14000688,14769,14,3,TN,0.992702,1.377675,0.0,1.189387,1.499454,0.0,0.0,2,3,3,3,4,4,4,5,5,5,4,4,4,4,4,4,6,1,1,0,1,0,0,0,0,1,0,0,1,0,0,0,0,0,0,a,a,0,0,0,1,1,0,1,0,1,0,0,1,0,0,1,0,0,0,0,0,0,i,i,0,0,0,4,4,4,4,5,2,2,2,2,6,5,2,i,1,0,0,1,0,0,0,0,0,0,0,i,0,0,0,0,5,5,5,5,2,1,3,3,2,1,1,1,3,1,1,1,3,1,3,3,i,3,1,5,4,1,0,0,1,0,0,1,0,i,i,i,0,0,0,0,0,0,0,1,0,0,1,0,0,0,i,0,0,0,1,1,5,1,5,1,1,1,0,0,0,0,0,0,0,0,0,0,0,0,0,0,0,1,1,0,0,0,0,0,0,0,0,0,0,1,0,0,0,0,2,1,1,2,3,3,3,1,1,1,1,3,3,2,2,1,1,1,1,5,5,1,5,5,5,5,1,0,0,0,0,0,1,0,0,0,1,0,0,0,2,i,i,i,i,i,i,i,i,i,i,i,i,i,i,i,i,i,i,i,i,i,i,i,i,i,i,i,i,i,i,i,i,i,i,i,i,i,0,1,0,0,0,0,0,1,0,0,0,0,0,0,0,3,2,1,1,0,1,0,0,0,0,2,2,77,4,7,1,5,18,8,i,i,0,0,0,0,1,0,0,i,i,i,i,i,i,i,i,i,i,i,i,i,i,i,i,i,i,i,i,i,i,i,i,i,i,i,i,i,i,0,0,0,1,0,0,2,1,2,2,0,0,0,0,2,2,4,0,0,0,0,0,0,0,0,1,0,7,6,6,2,2,2,2,2,i,i,2,i,i,i,i,i,a,a,i,a,13,12,15,45,16,20,35,1,2,1,7,i,i,7,i,i,i,i,i,i,i,i,i,i,i,i,i,148,43,1
6291,doi:10.4232/1.12497,1.0.0 (2016-04-22),1,1,689,14000689,14770,14,3,TN,1.032099,1.377675,0.0,1.189387,1.499454,0.0,0.0,4,3,3,3,4,3,3,4,4,4,4,1,1,1,1,1,7,1,1,1,0,0,1,0,0,0,0,0,0,0,0,0,0,0,0,a,a,0,0,0,1,1,1,0,0,1,1,0,0,0,0,0,0,0,0,0,0,0,i,i,0,0,0,2,2,1,2,2,2,2,2,2,2,1,1,2,0,1,0,1,0,1,0,0,0,0,0,i,0,0,0,0,2,3,2,2,1,1,1,2,1,1,1,2,2,2,1,1,2,1,2,1,i,2,1,2,2,0,1,1,0,0,0,0,0,i,i,i,0,0,0,0,0,0,0,0,1,1,0,0,0,0,i,0,0,0,4,4,3,3,2,4,3,3,1,1,0,0,0,0,1,0,0,0,0,1,0,0,0,0,0,0,0,0,1,0,0,0,0,0,0,1,0,0,0,0,2,2,2,2,1,1,2,2,2,2,2,2,2,4,3,2,1,1,2,3,2,3,2,4,4,4,1,1,0,0,1,0,0,0,0,0,0,0,0,0,2,i,i,i,i,i,i,i,i,i,i,i,i,i,i,i,i,i,i,i,i,i,i,i,i,i,i,i,i,i,i,i,i,i,i,i,i,i,1,1,0,0,0,0,0,0,0,0,0,0,0,0,0,1,1,0,1,0,1,1,0,0,0,1,2,28,2,15,1,3,18,8,i,i,0,0,0,0,1,0,0,i,i,i,i,i,i,i,i,i,i,i,i,i,i,i,i,i,i,i,i,i,i,i,i,i,i,i,i,i,i,0,0,0,1,0,0,5,2,7,4,0,0,0,0,2,1,2,1,0,0,0,0,0,1,0,0,0,7,6,6,2,2,2,2,2,i,i,2,i,i,i,i,i,a,a,i,a,13,12,11,0,11,25,25,1,3,1,1,i,i,1,i,i,i,i,i,i,i,i,i,i,i,i,i,11,5,1
6291,doi:10.4232/1.12497,1.0.0 (2016-04-22),1,1,690,14000690,14771,14,3,TN,1.05249,1.377675,0.0,1.189387,1.499454,0.0,0.0,4,3,3,3,4,3,3,4,4,3,3,1,1,1,1,1,7,1,0,0,1,0,0,0,1,0,0,0,0,0,0,0,0,0,0,a,a,0,0,0,1,0,0,1,0,0,1,1,0,0,0,0,0,0,0,0,0,0,i,i,0,0,0,2,2,1,2,1,2,2,2,2,2,2,1,2,0,1,0,0,0,0,0,0,0,0,0,i,0,0,0,0,2,3,2,2,2,1,2,2,1,1,1,1,1,1,1,1,1,1,1,1,i,1,1,1,1,0,1,1,0,0,0,0,0,i,i,i,0,0,0,0,0,0,0,0,1,1,0,0,0,0,i,0,0,0,3,3,3,3,2,3,3,3,0,0,0,0,1,0,0,0,0,0,0,1,0,0,0,0,0,1,0,0,0,0,1,0,0,0,0,0,0,0,0,0,2,2,2,2,1,1,3,2,2,2,1,2,2,4,3,1,2,1,2,4,3,2,2,4,4,4,1,1,0,0,0,0,1,0,0,0,0,0,0,0,2,i,i,i,i,i,i,i,i,i,i,i,i,i,i,i,i,i,i,i,i,i,i,i,i,i,i,i,i,i,i,i,i,i,i,i,i,i,1,1,0,0,0,0,0,0,0,0,0,0,0,0,0,1,1,0,1,1,0,0,0,0,0,4,2,45,3,1,6,5,1,1,19,i,0,0,0,0,1,0,0,i,i,i,i,i,i,i,i,i,i,i,i,i,i,i,i,i,i,i,i,i,i,i,i,i,i,i,i,i,i,0,0,0,1,0,0,5,2,2,2,0,0,0,0,2,2,4,1,0,0,0,0,0,0,0,0,0,7,i,6,2,2,2,2,2,i,i,2,i,i,i,i,i,a,a,i,a,13,12,12,44,13,21,23,1,3,1,1,i,i,1,i,i,i,i,i,i,i,i,i,i,i,i,i,11,5,1
6291,doi:10.4232/1.12497,1.0.0 (2016-04-22),1,1,691,14000691,14772,14,3,TN,0.99407,1.377675,0.0,1.189387,1.499454,0.0,0.0,4,3,3,3,4,3,3,4,4,4,4,1,1,1,1,1,7,1,1,0,0,0,1,0,1,0,0,0,0,0,0,0,0,0,0,a,a,0,0,0,1,1,0,0,0,1,1,1,0,0,0,0,0,0,0,0,0,0,i,i,0,0,0,2,2,1,2,2,2,2,2,2,2,2,1,2,0,1,0,1,0,1,0,0,1,0,0,i,0,0,0,0,2,3,2,2,2,1,2,1,1,1,1,2,1,2,2,2,1,1,2,1,i,1,1,2,2,0,1,1,0,0,0,0,0,i,i,i,0,0,0,0,0,0,0,1,0,1,0,0,1,0,i,0,0,0,4,4,3,2,2,4,3,3,0,1,0,0,0,0,1,0,0,0,0,0,0,0,0,0,0,0,0,0,1,0,1,0,0,0,0,0,0,0,0,0,2,2,2,2,1,1,3,2,2,2,2,2,2,3,3,1,1,2,2,3,3,3,4,4,4,4,1,1,0,0,1,0,0,0,0,0,0,0,0,0,2,i,i,i,i,i,i,i,i,i,i,i,i,i,i,i,i,i,i,i,i,i,i,i,i,i,i,i,i,i,i,i,i,i,i,i,i,i,1,1,0,0,0,0,0,0,0,0,0,0,0,0,0,1,1,0,1,0,1,0,0,0,0,1,1,40,3,14,1,1,18,8,i,i,0,0,0,0,1,0,0,i,i,i,i,i,i,i,i,i,i,i,i,i,i,i,i,i,i,i,i,i,i,i,i,i,i,i,i,i,i,1,0,0,0,0,1,6,2,2,2,1,1,0,0,2,1,2,1,0,0,0,0,0,0,0,0,0,7,6,6,2,2,2,2,2,i,i,2,i,i,i,i,i,a,a,i,a,13,12,15,1,15,33,32,1,3,1,1,i,i,1,i,i,i,i,i,i,i,i,i,i,i,i,i,11,5,1
6291,doi:10.4232/1.12497,1.0.0 (2016-04-22),1,1,692,14000692,14773,14,3,TN,1.032099,1.377675,0.0,1.189387,1.499454,0.0,0.0,1,3,3,3,4,1,2,4,4,2,2,2,1,1,2,1,4,0,0,0,0,0,1,1,0,0,0,0,0,0,0,0,0,0,0,a,a,0,0,0,0,0,0,1,0,1,1,0,0,0,0,0,0,0,0,0,0,0,i,i,0,0,0,3,3,2,2,1,3,2,1,1,3,2,2,i,0,0,0,0,0,0,0,0,0,0,0,i,0,1,0,0,3,3,3,3,3,2,2,2,2,2,2,2,1,2,2,1,2,1,2,1,i,2,2,3,3,1,0,0,0,0,0,0,0,i,i,i,0,0,0,0,0,0,0,1,0,0,0,0,0,0,i,0,0,0,4,3,2,2,2,4,3,3,0,0,0,0,0,0,1,0,0,0,0,1,0,0,0,0,0,1,0,0,0,0,0,0,0,0,0,0,0,0,0,0,3,4,4,4,1,1,1,2,2,2,2,2,2,4,2,4,3,1,2,4,3,2,1,1,4,4,0,0,0,0,1,0,0,1,0,0,1,0,0,0,2,i,i,i,i,i,i,i,i,i,i,i,i,i,i,i,i,i,i,i,i,i,i,i,i,i,i,i,i,i,i,i,i,i,i,i,i,i,1,0,0,0,0,0,0,1,0,0,0,0,0,0,0,1,1,0,1,0,1,0,0,0,0,1,2,37,2,13,1,1,18,8,i,i,0,0,0,0,1,0,0,i,i,i,i,i,i,i,i,i,i,i,i,i,i,i,i,i,i,i,i,i,i,i,i,i,i,i,i,i,i,1,0,0,0,0,1,10,3,3,3,1,1,0,0,2,1,2,1,0,0,0,0,0,0,0,0,0,7,6,6,2,2,2,2,2,i,i,2,i,i,i,i,i,a,a,i,a,13,12,11,13,11,40,27,1,2,1,1,i,i,1,i,i,i,i,i,i,i,i,i,i,i,i,i,28,4,1
6291,doi:10.4232/1.12497,1.0.0 (2016-04-22),1,1,693,14000693,14774,14,3,TN,1.037123,1.377675,0.0,1.189387,1.499454,0.0,0.0,4,3,3,3,4,1,2,4,3,2,2,1,3,3,2,3,6,1,0,0,0,0,0,1,1,0,0,0,0,0,0,0,0,0,0,a,a,0,0,0,1,0,0,0,0,1,1,1,0,0,0,0,0,0,0,0,0,0,i,i,0,0,0,2,1,1,1,3,3,2,2,2,3,2,3,i,0,1,1,0,0,0,0,0,0,0,0,i,0,0,0,0,5,3,5,4,4,1,2,2,2,2,2,2,2,2,2,1,2,1,1,1,i,1,2,3,4,1,0,1,0,0,0,0,0,i,i,i,0,0,0,0,0,0,0,0,0,1,0,0,0,0,i,0,0,0,4,4,4,1,1,3,2,2,1,0,0,0,0,0,0,0,0,0,0,0,0,0,0,0,1,0,0,1,0,0,0,0,0,0,0,0,0,0,0,0,4,2,1,3,1,1,2,2,2,2,2,1,2,2,2,1,1,1,1,1,1,1,2,2,2,3,1,1,1,0,0,0,0,0,0,0,0,0,0,0,2,i,i,i,i,i,i,i,i,i,i,i,i,i,i,i,i,i,i,i,i,i,i,i,i,i,i,i,i,i,i,i,i,i,i,i,i,i,1,1,0,0,0,0,0,0,0,1,0,0,0,0,0,2,1,1,1,0,1,0,0,0,0,1,2,29,2,1,6,1,17,8,i,i,0,0,0,0,1,0,0,i,i,i,i,i,i,i,i,i,i,i,i,i,i,i,i,i,i,i,i,i,i,i,i,i,i,i,i,i,i,0,0,0,1,0,0,5,1,2,2,0,0,0,0,2,1,2,1,0,0,1,1,0,1,0,0,0,5,6,6,2,1,2,2,2,i,i,2,i,4,i,i,i,a,a,i,a,18,12,12,30,13,0,30,1,2,1,1,i,i,1,i,i,i,i,i,i,i,i,i,i,i,i,i,70,32,1
6291,doi:10.4232/1.12497,1.0.0 (2016-04-22),1,1,694,14000694,14775,14,3,TN,0.998507,1.377675,0.0,1.189387,1.499454,0.0,0.0,2,3,1,2,2,1,1,4,3,2,3,3,3,3,2,1,4,0,0,1,0,0,0,1,1,0,0,0,0,0,0,0,0,0,0,a,a,0,0,0,0,0,1,1,0,0,1,1,0,0,0,0,0,0,0,0,0,0,i,i,0,0,0,2,2,3,3,1,1,2,1,2,3,2,1,2,1,1,0,0,0,0,0,0,0,0,0,i,0,0,0,0,3,3,5,5,3,1,1,1,2,1,1,2,1,1,2,2,2,1,1,2,i,1,1,4,4,1,0,0,0,0,0,0,0,i,i,i,0,0,0,0,0,0,0,1,0,0,0,0,0,0,i,0,0,0,4,4,4,4,4,4,3,3,1,1,0,0,0,0,0,0,0,0,0,0,0,0,0,0,0,0,1,0,1,0,0,0,0,0,0,0,0,0,0,0,4,1,1,4,2,2,2,1,2,2,2,2,2,4,2,1,4,1,4,4,3,2,2,4,4,4,1,1,1,0,0,0,0,0,0,0,0,0,0,0,2,i,i,i,i,i,i,i,i,i,i,i,i,i,i,i,i,i,i,i,i,i,i,i,i,i,i,i,i,i,i,i,i,i,i,i,i,i,1,1,0,0,0,1,0,0,0,0,0,0,0,0,0,1,1,1,1,0,1,0,0,0,0,1,2,66,4,1,6,1,1,1,19,i,0,0,0,0,1,0,0,i,i,i,i,i,i,i,i,i,i,i,i,i,i,i,i,i,i,i,i,i,i,i,i,i,i,i,i,i,i,0,0,0,1,0,0,4,1,4,4,0,0,0,0,2,1,2,1,0,0,1,0,0,1,0,0,0,7,i,6,2,2,2,2,2,i,i,2,i,i,i,i,i,a,a,i,a,18,12,10,0,10,30,30,1,3,1,1,i,i,1,i,i,i,i,i,i,i,i,i,i,i,i,i,70,32,1
6291,doi:10.4232/1.12497,1.0.0 (2016-04-22),1,1,695,14000695,14776,14,3,TN,0.93577,1.377675,0.0,1.189387,1.499454,0.0,0.0,3,3,2,2,3,2,2,3,2,2,2,1,3,3,3,3,7,0,0,1,0,1,1,0,0,0,0,0,0,0,0,0,0,0,0,a,a,0,0,0,0,0,1,0,1,1,1,0,0,0,0,0,0,0,0,0,0,0,i,i,0,0,0,2,2,2,2,2,3,2,2,2,4,3,2,i,0,0,0,0,0,0,0,0,0,0,0,i,0,1,0,0,3,3,3,3,3,1,1,1,2,2,1,2,1,1,2,2,2,1,1,1,i,2,2,4,4,1,0,0,0,0,0,0,0,i,i,i,0,0,0,0,0,0,0,1,0,0,0,0,0,0,i,0,0,0,4,4,4,4,4,4,4,4,0,1,0,0,0,0,0,0,0,0,0,0,0,0,0,0,1,0,0,0,0,0,0,0,0,0,0,0,0,0,0,0,3,1,1,4,2,2,2,2,2,2,2,2,2,4,1,4,4,3,3,3,3,3,2,2,3,3,1,1,1,0,0,0,0,0,0,0,0,0,0,0,2,i,i,i,i,i,i,i,i,i,i,i,i,i,i,i,i,i,i,i,i,i,i,i,i,i,i,i,i,i,i,i,i,i,i,i,i,i,1,1,0,0,0,0,0,1,0,0,0,0,0,0,0,3,2,0,1,0,0,0,0,0,0,2,2,66,4,1,6,1,1,1,19,i,0,0,0,0,1,0,0,i,i,i,i,i,i,i,i,i,i,i,i,i,i,i,i,i,i,i,i,i,i,i,i,i,i,i,i,i,i,0,0,0,1,0,0,6,2,4,4,0,0,0,0,2,1,2,1,0,0,0,0,0,1,0,0,0,7,i,6,2,2,2,2,2,i,i,2,i,i,i,i,i,a,a,i,a,18,12,10,40,11,5,25,1,2,2,1,i,i,1,i,i,i,i,i,i,i,i,i,i,i,i,i,70,32,1
6291,doi:10.4232/1.12497,1.0.0 (2016-04-22),1,1,696,14000696,14777,14,3,TN,0.998507,1.377675,0.0,1.189387,1.499454,0.0,0.0,2,3,1,1,2,3,3,3,3,2,2,1,1,1,1,1,1,0,0,0,0,0,1,1,1,0,0,0,0,0,0,0,0,0,0,a,a,0,0,0,1,0,0,0,0,1,1,1,0,0,0,0,0,0,0,0,0,0,i,i,0,0,0,2,2,1,1,1,3,2,2,2,3,2,1,2,1,1,0,0,0,0,0,0,0,0,0,i,0,0,0,0,2,2,2,2,2,1,1,1,1,1,1,1,1,1,1,1,1,1,1,1,i,1,1,2,3,1,1,0,0,0,0,0,0,i,i,i,0,0,0,0,0,0,0,1,1,0,0,0,0,0,i,0,0,0,4,3,3,3,3,3,3,3,1,1,0,0,0,0,0,0,0,0,0,0,0,0,0,0,1,1,0,0,0,0,0,0,0,0,0,0,0,0,0,0,2,1,1,3,1,2,2,1,2,2,1,1,2,2,1,2,2,2,3,3,1,2,2,3,3,3,1,1,0,0,0,0,0,0,0,0,1,0,0,0,2,i,i,i,i,i,i,i,i,i,i,i,i,i,i,i,i,i,i,i,i,i,i,i,i,i,i,i,i,i,i,i,i,i,i,i,i,i,0,1,0,0,0,0,1,1,0,0,0,0,0,0,0,1,1,0,1,0,1,0,0,0,0,1,2,67,4,1,6,5,1,1,19,i,0,0,0,0,1,0,0,i,i,i,i,i,i,i,i,i,i,i,i,i,i,i,i,i,i,i,i,i,i,i,i,i,i,i,i,i,i,0,0,0,1,0,0,6,2,4,4,0,0,0,0,2,1,2,1,0,0,1,0,0,1,0,0,0,7,i,6,2,2,2,2,2,i,i,2,i,i,i,i,i,a,a,i,a,18,12,11,36,11,5,29,2,3,1,1,i,i,1,i,i,i,i,i,i,i,i,i,i,i,i,i,70,32,1
6291,doi:10.4232/1.12497,1.0.0 (2016-04-22),1,1,697,14000697,14778,14,3,TN,1.05249,1.377675,0.0,1.189387,1.499454,0.0,0.0,3,3,3,3,4,2,2,4,3,2,2,2,3,3,2,3,8,1,0,1,1,1,0,1,0,0,0,0,0,0,0,0,0,0,0,a,a,0,0,0,1,0,1,1,1,0,1,1,0,0,0,0,0,0,0,0,0,0,i,i,0,0,0,2,3,3,1,2,2,2,1,2,4,3,1,2,0,1,1,0,0,0,0,0,0,0,0,i,0,0,0,0,2,3,2,5,3,2,2,2,1,1,1,1,2,1,1,2,1,1,1,2,i,2,2,4,4,1,0,0,0,0,0,0,0,i,i,i,0,0,0,0,0,0,0,1,0,0,0,0,0,0,i,0,0,0,4,2,2,1,1,4,1,1,1,0,0,0,0,0,1,0,0,0,0,0,0,0,0,0,0,0,0,1,0,0,0,0,0,0,0,0,0,0,0,0,3,2,2,2,2,2,2,2,2,2,1,1,2,2,2,2,2,1,2,2,2,2,1,4,4,4,1,0,0,0,0,0,0,0,1,1,0,0,0,0,2,i,i,i,i,i,i,i,i,i,i,i,i,i,i,i,i,i,i,i,i,i,i,i,i,i,i,i,i,i,i,i,i,i,i,i,i,i,1,0,0,0,0,0,0,1,0,0,0,1,0,0,0,1,1,1,0,1,1,0,0,0,0,1,2,54,3,1,6,1,1,1,19,i,0,0,0,0,1,0,0,i,i,i,i,i,i,i,i,i,i,i,i,i,i,i,i,i,i,i,i,i,i,i,i,i,i,i,i,i,i,0,0,0,1,0,0,4,1,3,3,0,0,0,0,2,1,2,1,0,0,0,0,0,1,0,0,0,7,i,6,2,2,2,2,2,i,i,2,i,i,i,i,i,a,a,i,a,18,12,14,35,15,6,31,2,3,1,1,i,i,1,i,i,i,i,i,i,i,i,i,i,i,i,i,70,32,1
6291,doi:10.4232/1.12497,1.0.0 (2016-04-22),1,1,698,14000698,14779,14,3,TN,0.998909,1.377675,0.0,1.189387,1.499454,0.0,0.0,4,2,2,2,2,2,2,2,3,4,4,2,2,3,3,3,8,1,0,0,0,0,0,1,0,0,0,0,0,0,0,0,0,0,0,a,a,0,0,0,1,0,0,0,0,0,1,1,0,0,0,0,0,0,0,0,0,0,i,i,0,0,0,2,1,1,1,2,2,1,3,3,1,2,1,2,1,0,0,0,0,0,0,0,1,1,0,i,0,0,0,0,5,5,5,5,5,2,1,1,1,1,1,1,2,1,3,1,2,1,3,3,i,3,3,5,5,1,1,1,0,0,0,0,0,i,i,i,0,0,0,0,0,0,0,1,1,1,0,0,0,0,i,0,0,0,1,2,3,2,2,2,2,2,1,1,1,0,0,0,0,0,0,0,1,1,0,0,0,0,1,1,0,0,0,0,0,0,0,0,0,0,0,0,0,0,2,2,2,4,1,2,2,2,2,2,2,2,2,2,2,3,2,3,3,2,2,1,2,1,2,1,1,1,0,0,0,0,0,0,1,0,0,0,0,0,2,i,i,i,i,i,i,i,i,i,i,i,i,i,i,i,i,i,i,i,i,i,i,i,i,i,i,i,i,i,i,i,i,i,i,i,i,i,1,1,0,0,0,0,0,0,0,0,1,0,0,0,0,1,3,1,0,0,1,0,1,0,0,1,1,42,3,1,6,1,14,7,i,i,0,0,0,0,1,0,0,i,i,i,i,i,i,i,i,i,i,i,i,i,i,i,i,i,i,i,i,i,i,i,i,i,i,i,i,i,i,1,0,0,0,0,1,6,1,2,2,0,0,0,0,2,1,2,1,1,0,1,1,1,0,0,0,0,1,2,2,3,1,2,2,2,i,i,2,i,1,i,i,i,a,a,i,a,13,12,12,0,12,25,25,1,2,1,1,i,i,1,i,i,i,i,i,i,i,i,i,i,i,i,i,1,8,1
6291,doi:10.4232/1.12497,1.0.0 (2016-04-22),1,1,699,14000699,14780,14,3,TN,0.931612,1.377675,0.0,1.189387,1.499454,0.0,0.0,2,2,2,2,2,2,2,2,2,2,2,2,3,3,3,3,6,1,0,0,0,0,0,0,0,0,0,0,0,0,0,0,0,0,0,a,a,0,0,0,1,0,0,0,0,1,0,0,0,0,0,0,0,0,0,0,0,0,i,i,0,0,0,2,1,1,1,2,1,2,2,2,2,2,1,2,1,1,0,0,0,0,0,0,1,0,0,i,0,0,0,0,2,3,4,4,4,1,1,1,1,1,2,2,1,1,1,1,2,1,1,1,i,1,1,2,2,1,1,1,0,0,0,0,0,i,i,i,0,0,0,0,0,0,0,1,1,1,0,0,0,0,i,0,0,0,2,2,1,1,2,2,5,5,1,1,0,0,0,0,1,0,0,0,1,1,0,0,0,0,1,1,0,0,0,0,0,0,0,0,0,0,0,0,0,0,2,2,1,5,2,2,2,2,2,2,2,2,2,1,2,2,2,3,2,3,2,3,2,2,3,2,1,1,0,0,0,0,0,0,0,0,1,0,0,0,2,i,i,i,i,i,i,i,i,i,i,i,i,i,i,i,i,i,i,i,i,i,i,i,i,i,i,i,i,i,i,i,i,i,i,i,i,i,0,1,0,0,0,0,0,0,0,1,0,1,0,0,0,1,3,0,0,0,0,0,0,0,1,2,1,48,3,1,6,1,8,5,i,i,0,0,0,0,1,0,0,i,i,i,i,i,i,i,i,i,i,i,i,i,i,i,i,i,i,i,i,i,i,i,i,i,i,i,i,i,i,0,0,0,0,1,0,10,2,3,3,1,1,0,0,2,1,2,1,0,0,1,0,1,0,0,0,0,1,6,6,3,1,2,2,2,i,i,2,i,1,i,i,i,a,a,i,a,13,12,13,43,14,0,17,1,3,2,1,i,i,1,i,i,i,i,i,i,i,i,i,i,i,i,i,11,8,1
6291,doi:10.4232/1.12497,1.0.0 (2016-04-22),1,1,700,14000700,14781,14,3,TN,0.903623,1.377675,0.0,1.189387,1.499454,0.0,0.0,2,4,4,4,4,2,2,5,5,5,5,4,4,4,4,4,8,0,0,0,0,0,1,0,0,0,0,0,0,0,0,0,0,0,0,a,a,0,0,0,0,0,0,0,0,1,0,1,0,0,0,0,0,0,0,0,0,0,i,i,0,0,0,4,4,4,4,3,3,2,3,3,6,6,3,i,0,0,0,1,0,0,0,0,1,1,0,i,0,0,0,0,5,5,5,5,5,1,3,3,1,1,1,1,3,2,3,1,3,1,3,1,i,3,3,5,5,1,1,1,0,0,0,0,0,i,i,i,0,0,0,0,0,0,0,1,0,1,1,0,0,0,i,0,0,0,2,2,2,2,5,1,4,4,0,0,0,0,0,0,0,0,0,0,0,0,0,0,0,1,0,0,0,0,0,0,0,0,0,0,0,0,0,0,0,1,5,2,2,5,2,3,3,3,2,3,3,3,3,2,2,5,5,4,3,1,3,1,3,2,4,1,1,1,0,0,0,0,0,0,0,1,0,0,0,0,2,i,i,i,i,i,i,i,i,i,i,i,i,i,i,i,i,i,i,i,i,i,i,i,i,i,i,i,i,i,i,i,i,i,i,i,i,i,0,1,0,0,0,0,0,1,0,0,1,0,0,0,0,4,3,0,0,0,0,0,0,0,1,4,2,62,4,1,6,1,1,1,19,i,0,0,0,0,1,0,0,i,i,i,i,i,i,i,i,i,i,i,i,i,i,i,i,i,i,i,i,i,i,i,i,i,i,i,i,i,i,1,0,0,0,0,1,5,1,4,4,0,0,0,0,2,1,2,1,0,0,0,0,0,0,0,0,0,7,i,6,3,3,3,3,3,i,i,3,i,i,i,i,i,a,a,i,a,13,12,14,30,14,50,40,1,2,1,1,i,i,1,i,i,i,i,i,i,i,i,i,i,i,i,i,1,8,1
6291,doi:10.4232/1.12497,1.0.0 (2016-04-22),1,1,701,14000701,14782,14,3,TN,1.099127,1.377675,0.0,1.189387,1.499454,0.0,0.0,1,3,3,3,4,1,2,3,3,4,2,3,3,1,1,1,6,0,0,0,1,0,0,0,0,0,0,0,0,0,0,0,0,0,0,a,a,0,0,0,0,0,0,1,0,1,0,0,0,0,0,0,0,0,0,0,0,0,i,i,0,0,0,2,3,3,1,1,1,2,1,1,3,4,1,2,0,0,0,1,0,0,0,0,0,1,0,i,0,0,0,0,2,2,2,2,2,1,2,1,1,1,1,2,1,1,1,1,1,1,1,1,i,1,1,3,3,1,1,1,0,0,0,0,0,i,i,i,0,0,0,0,0,0,0,1,1,1,0,0,0,0,i,0,0,0,3,3,3,3,3,4,4,4,0,0,0,0,0,0,0,0,0,0,1,0,0,0,0,0,0,0,0,0,0,0,1,0,0,0,0,1,0,0,0,0,1,1,1,4,1,1,1,2,1,2,1,1,2,2,2,1,1,1,2,1,1,1,1,2,2,4,0,0,0,0,0,0,0,0,0,0,1,0,0,0,2,i,i,i,i,i,i,i,i,i,i,i,i,i,i,i,i,i,i,i,i,i,i,i,i,i,i,i,i,i,i,i,i,i,i,i,i,i,0,1,0,0,0,0,0,0,1,0,0,0,0,0,0,1,1,0,1,0,0,0,0,0,0,2,1,84,4,1,6,1,4,4,18,4,0,0,0,0,1,0,0,i,i,i,i,i,i,i,i,i,i,i,i,i,i,i,i,i,i,i,i,i,i,i,i,i,i,i,i,i,i,1,0,0,0,0,1,5,2,4,4,4,4,0,0,2,2,4,1,0,0,0,0,0,1,0,0,0,7,i,6,2,2,2,2,2,i,i,2,i,i,i,i,i,a,a,i,a,15,12,14,15,14,45,30,1,1,1,3,i,i,3,i,i,i,i,i,i,i,i,i,i,i,i,i,73,9,1
6291,doi:10.4232/1.12497,1.0.0 (2016-04-22),1,1,702,14000702,14783,14,3,TN,1.090589,1.377675,0.0,1.189387,1.499454,0.0,0.0,3,3,3,3,4,2,2,3,5,4,2,2,2,2,2,2,6,0,0,0,1,0,0,1,1,0,0,0,0,0,0,0,0,0,0,a,a,0,0,0,0,0,0,1,0,1,1,1,0,0,0,0,0,0,0,0,0,0,i,i,0,0,0,2,4,4,4,2,2,2,2,2,6,6,3,i,0,0,0,0,0,0,0,0,0,0,0,i,0,0,1,0,5,5,5,5,5,3,3,3,3,3,3,3,3,3,3,3,3,3,3,3,i,3,3,5,5,1,1,1,0,0,0,0,0,i,i,i,0,0,0,0,0,0,0,0,0,0,0,0,0,0,i,0,0,1,5,5,5,5,5,5,5,5,0,0,0,0,0,0,0,0,0,0,0,0,0,0,0,1,0,0,0,0,0,0,0,0,0,0,0,0,0,0,0,1,2,1,1,1,2,2,2,1,2,2,2,2,2,3,3,1,1,1,1,1,2,2,2,2,4,4,0,0,0,0,0,0,0,0,0,0,0,0,0,1,2,i,i,i,i,i,i,i,i,i,i,i,i,i,i,i,i,i,i,i,i,i,i,i,i,i,i,i,i,i,i,i,i,i,i,i,i,i,0,0,0,0,0,0,0,0,0,0,0,0,0,0,1,1,1,0,0,0,1,0,0,0,0,1,2,17,1,0,5,3,2,2,19,i,0,0,0,0,1,0,0,i,i,i,i,i,i,i,i,i,i,i,i,i,i,i,i,i,i,i,i,i,i,i,i,i,i,i,i,i,i,0,0,0,1,0,0,5,2,3,3,1,1,0,0,2,1,2,1,1,1,1,1,0,0,0,0,0,1,i,1,1,1,2,2,1,i,i,2,i,1,i,i,1,a,a,i,a,17,12,15,20,15,50,30,1,2,2,3,i,i,3,i,i,i,i,i,i,i,i,i,i,i,i,i,83,30,1
6291,doi:10.4232/1.12497,1.0.0 (2016-04-22),1,1,703,14000703,14784,14,3,TN,1.101554,1.377675,0.0,1.189387,1.499454,0.0,0.0,3,3,2,2,3,2,2,3,1,5,1,2,1,1,1,1,7,0,0,0,0,0,0,0,0,0,0,0,0,0,0,0,0,0,0,a,a,0,0,1,0,0,0,0,0,0,1,0,0,0,0,0,0,0,0,0,0,0,i,i,0,0,0,2,1,1,1,2,1,2,2,2,2,1,2,i,0,1,0,0,0,0,0,0,1,1,1,i,0,0,0,0,2,2,2,2,2,1,2,2,2,2,1,1,1,2,2,1,1,1,1,1,i,1,1,2,2,0,1,1,0,0,0,0,0,i,i,i,0,0,1,0,0,0,0,0,1,1,1,0,0,0,i,0,0,0,4,3,2,2,2,2,2,2,1,1,0,0,0,0,0,0,1,1,0,1,0,0,0,0,1,1,0,0,0,0,0,0,0,0,0,0,0,0,0,0,1,1,1,1,1,1,3,3,2,2,2,2,2,3,3,3,3,2,2,2,3,3,2,2,2,2,1,1,0,0,0,0,1,0,0,0,0,0,0,0,1,38,i,i,i,i,1,1,1,3,1,0,0,1,0,0,0,0,0,0,0,0,0,1,0,0,0,1,0,0,0,0,1,0,0,0,0,1,0,1,0,0,0,0,0,1,0,1,0,0,0,0,0,1,2,1,0,1,0,0,0,0,0,1,1,25,2,98,8,3,1,1,19,i,0,0,0,0,1,0,0,i,i,i,i,i,i,i,i,i,i,i,i,i,i,i,i,i,i,i,i,i,i,i,i,i,i,i,i,i,i,0,0,0,1,0,0,8,2,4,4,0,0,0,0,2,1,2,1,1,1,1,1,1,0,0,0,0,1,i,2,3,1,2,2,2,i,i,2,i,1,i,i,i,a,a,i,a,15,12,10,30,11,10,40,1,2,1,3,i,i,3,i,i,i,i,i,i,i,i,i,i,i,i,i,76,7,1
6291,doi:10.4232/1.12497,1.0.0 (2016-04-22),1,1,704,14000704,14785,14,3,TN,1.056832,1.377675,0.0,1.189387,1.499454,0.0,0.0,2,2,2,1,2,1,1,2,1,2,1,1,3,2,3,3,1,0,0,0,0,0,1,0,0,0,0,0,0,0,0,0,0,0,0,a,a,0,0,0,1,0,0,0,0,1,0,0,0,0,0,0,0,0,0,0,0,0,i,i,0,0,0,2,1,1,1,5,5,2,2,3,3,1,2,i,1,0,0,1,0,0,0,0,1,1,0,i,0,0,0,0,2,3,2,4,3,1,2,1,1,1,1,2,2,1,2,1,1,1,2,1,i,2,3,5,5,0,1,0,1,0,0,0,0,i,i,i,0,0,1,0,0,0,0,1,0,1,1,0,0,0,i,0,0,0,3,2,3,4,2,4,3,2,1,0,0,0,1,0,0,0,0,0,1,1,1,0,0,0,0,0,0,0,0,0,0,0,0,0,0,1,1,0,0,0,2,5,1,2,1,3,3,3,2,2,2,2,2,3,2,2,1,3,2,3,2,3,2,3,2,2,1,0,0,0,0,0,0,0,0,1,1,0,0,0,2,i,i,i,i,i,i,i,i,i,i,i,i,i,i,i,i,i,i,i,i,i,i,i,i,i,i,i,i,i,i,i,i,i,i,i,i,i,0,1,0,0,0,0,0,1,0,1,0,0,0,0,0,3,2,0,0,1,1,1,0,0,0,4,1,23,1,98,8,3,3,3,19,i,0,0,0,0,1,0,0,i,i,i,i,i,i,i,i,i,i,i,i,i,i,i,i,i,i,i,i,i,i,i,i,i,i,i,i,i,i,0,0,0,1,0,0,4,1,6,4,0,0,0,0,2,1,2,1,1,0,1,1,0,0,0,0,0,1,i,6,3,1,2,2,2,i,i,2,i,1,i,i,i,a,a,i,a,15,12,13,55,14,20,25,1,3,1,3,i,i,3,i,i,i,i,i,i,i,i,i,i,i,i,i,75,8,1
6291,doi:10.4232/1.12497,1.0.0 (2016-04-22),1,1,705,14000705,14786,14,3,TN,0.952471,1.377675,0.0,1.189387,1.499454,0.0,0.0,4,2,2,2,2,2,2,4,4,4,4,1,1,1,1,1,4,1,1,0,0,0,0,0,1,0,0,0,0,0,0,0,0,0,0,a,a,0,0,0,1,1,0,1,0,0,0,1,0,0,0,0,0,0,0,0,0,0,i,i,0,0,0,2,2,1,1,1,1,2,2,2,3,2,1,2,1,1,0,1,0,0,0,0,0,0,0,i,0,0,0,0,2,3,3,2,3,2,2,2,1,1,1,1,2,2,2,1,2,1,1,1,i,1,1,2,2,0,1,1,0,0,0,0,0,i,i,i,0,0,0,0,0,0,0,1,1,1,0,0,0,0,i,0,0,0,3,2,2,2,2,3,3,3,1,1,0,0,0,0,1,0,0,0,0,0,0,0,0,0,0,1,0,0,0,0,1,0,0,0,0,0,0,0,0,0,2,2,2,2,1,2,2,2,2,2,1,2,2,4,4,2,2,2,2,3,3,3,3,2,4,4,0,1,0,0,1,0,0,0,0,0,0,0,0,0,2,i,i,i,i,i,i,i,i,i,i,i,i,i,i,i,i,i,i,i,i,i,i,i,i,i,i,i,i,i,i,i,i,i,i,i,i,i,1,1,0,0,0,0,0,0,0,0,0,0,0,0,0,1,1,1,1,0,0,0,0,0,0,1,2,63,4,10,1,4,4,4,13,3,0,0,0,0,1,0,0,i,i,i,i,i,i,i,i,i,i,i,i,i,i,i,i,i,i,i,i,i,i,i,i,i,i,i,i,i,i,1,0,0,0,0,1,4,2,2,2,0,0,0,0,2,2,4,1,0,0,0,0,0,0,0,0,0,7,i,6,2,2,2,2,2,i,i,2,i,i,i,i,i,a,a,i,a,15,12,11,45,12,15,30,1,3,1,3,i,i,3,i,i,i,i,i,i,i,i,i,i,i,i,i,72,4,1
6291,doi:10.4232/1.12497,1.0.0 (2016-04-22),1,1,706,14000706,14787,14,3,TN,0.902489,1.377675,0.0,1.189387,1.499454,0.0,0.0,2,2,2,2,2,2,2,3,2,4,5,3,4,3,4,4,7,0,0,0,0,0,1,0,0,0,0,0,0,0,0,0,0,0,0,a,a,0,0,0,0,0,0,0,0,1,1,0,0,0,0,0,0,0,0,0,0,0,i,i,0,0,0,2,2,1,4,2,2,2,2,3,2,2,2,i,1,0,0,0,0,0,0,0,1,1,1,i,0,0,0,0,3,3,2,3,2,1,2,1,2,1,1,1,2,2,1,1,2,1,2,1,i,3,2,5,5,1,1,0,0,0,0,0,0,i,i,i,0,0,1,0,0,0,0,1,1,0,1,0,0,0,i,0,0,0,2,3,2,4,2,3,5,5,0,1,0,0,0,0,1,0,0,0,1,1,0,0,0,0,0,0,0,0,0,0,0,0,0,0,1,1,0,0,0,0,3,2,2,1,2,2,2,2,2,2,2,2,2,2,2,2,3,2,3,2,3,2,3,1,1,1,1,0,0,0,0,0,0,0,0,1,1,0,0,0,2,i,i,i,i,i,i,i,i,i,i,i,i,i,i,i,i,i,i,i,i,i,i,i,i,i,i,i,i,i,i,i,i,i,i,i,i,i,0,1,0,0,0,0,0,1,0,0,0,1,0,0,0,1,2,1,1,0,1,0,0,0,0,4,1,20,1,0,5,3,2,2,19,i,0,0,0,0,1,0,0,i,i,i,i,i,i,i,i,i,i,i,i,i,i,i,i,i,i,i,i,i,i,i,i,i,i,i,i,i,i,0,0,0,1,0,0,6,2,5,4,0,0,0,0,2,1,2,1,1,1,1,1,0,0,0,0,0,1,i,3,2,1,2,2,2,i,i,2,i,1,i,i,i,a,a,i,a,14,12,12,0,12,23,23,1,2,1,3,i,i,3,i,i,i,i,i,i,i,i,i,i,i,i,i,75,8,1
6291,doi:10.4232/1.12497,1.0.0 (2016-04-22),1,1,707,14000707,14788,14,3,TN,0.991158,1.377675,0.0,1.189387,1.499454,0.0,0.0,3,2,2,2,2,2,2,3,3,3,3,3,3,3,3,3,7,0,0,0,1,0,0,0,0,1,0,0,1,0,0,0,0,0,0,a,a,0,0,0,0,0,0,1,0,0,1,0,1,0,0,1,0,0,0,0,0,0,i,i,0,0,0,2,2,4,4,5,2,2,2,2,6,6,3,i,0,0,0,0,0,0,0,0,0,0,0,i,0,0,1,0,5,5,5,5,5,3,3,3,3,3,3,3,3,3,3,3,3,3,3,3,i,3,3,5,5,0,0,0,0,0,0,0,0,i,i,i,0,0,0,0,0,0,1,0,0,0,0,0,0,0,i,0,0,1,5,4,5,2,5,5,5,5,0,0,0,0,0,0,0,0,0,0,0,0,0,0,0,1,0,0,0,0,0,0,0,0,0,0,0,0,0,0,0,1,2,2,2,5,2,2,2,1,2,2,2,2,2,3,3,2,2,2,2,2,2,2,2,2,4,4,0,0,0,0,0,0,0,0,0,0,0,0,0,1,2,i,i,i,i,i,i,i,i,i,i,i,i,i,i,i,i,i,i,i,i,i,i,i,i,i,i,i,i,i,i,i,i,i,i,i,i,i,1,1,0,0,0,0,0,0,0,0,0,0,0,0,0,1,1,0,1,0,0,0,0,0,0,1,2,69,4,0,5,1,1,1,19,i,0,0,0,0,1,0,0,i,i,i,i,i,i,i,i,i,i,i,i,i,i,i,i,i,i,i,i,i,i,i,i,i,i,i,i,i,i,0,0,0,1,0,0,4,2,3,3,0,0,0,0,2,2,4,1,0,0,0,0,0,0,0,0,0,7,i,6,1,2,2,2,2,i,i,2,i,i,i,i,i,a,a,i,a,17,12,15,55,16,20,25,1,1,2,3,i,i,3,i,i,i,i,i,i,i,i,i,i,i,i,i,83,301,1
6291,doi:10.4232/1.12497,1.0.0 (2016-04-22),1,1,708,14000708,14789,14,3,TN,1.089456,1.377675,0.0,1.189387,1.499454,0.0,0.0,2,3,3,3,4,2,2,3,3,2,2,4,3,4,4,4,4,0,0,0,0,0,0,0,0,0,0,0,0,0,0,0,0,0,0,a,a,0,0,1,0,0,0,1,0,0,0,0,0,0,0,0,0,0,0,0,0,0,i,i,0,0,0,2,3,3,3,1,1,2,2,2,2,2,2,i,0,1,1,0,0,0,0,0,1,1,0,i,0,0,0,0,2,2,2,2,2,1,2,2,2,3,3,3,3,1,1,1,1,1,1,1,i,1,1,2,2,1,1,1,0,0,0,0,0,i,i,i,0,0,0,0,0,0,0,0,1,1,0,0,1,0,i,0,0,0,4,4,4,2,2,4,4,4,1,1,0,0,0,0,1,0,0,0,1,1,0,0,0,0,1,0,0,1,0,0,0,0,0,0,0,0,0,0,0,0,3,3,3,3,1,1,2,2,2,2,2,2,2,4,4,3,3,1,2,2,2,2,2,2,2,2,1,0,0,0,1,0,1,0,0,0,0,0,0,0,2,i,i,i,i,i,i,i,i,i,i,i,i,i,i,i,i,i,i,i,i,i,i,i,i,i,i,i,i,i,i,i,i,i,i,i,i,i,0,1,0,0,0,0,0,1,0,0,0,0,0,0,0,1,2,1,1,0,0,0,0,0,0,2,2,26,2,99,9,3,17,8,i,i,0,0,0,0,1,0,0,i,i,i,i,i,i,i,i,i,i,i,i,i,i,i,i,i,i,i,i,i,i,i,i,i,i,i,i,i,i,1,0,0,0,0,1,7,2,5,4,0,0,0,0,2,1,2,1,1,1,1,1,1,1,0,0,0,2,3,3,3,1,2,2,2,i,i,2,i,1,i,i,i,a,a,i,a,17,12,12,20,13,0,40,1,1,1,3,i,i,3,i,i,i,i,i,i,i,i,i,i,i,i,i,78,29,1
6291,doi:10.4232/1.12497,1.0.0 (2016-04-22),1,1,709,14000709,14790,14,3,TN,0.948137,1.377675,0.0,1.189387,1.499454,0.0,0.0,2,3,3,3,4,2,2,3,3,3,3,3,3,4,3,3,6,1,0,0,0,0,0,1,1,0,0,0,0,0,0,0,0,0,0,a,a,0,0,0,1,0,0,0,0,1,1,1,0,0,0,0,0,0,0,0,0,0,i,i,0,0,0,2,2,3,3,1,1,2,2,2,2,2,1,2,0,0,0,0,0,0,0,0,0,0,0,i,0,1,0,0,2,3,3,3,4,1,2,2,2,2,2,2,2,2,2,2,2,1,2,2,i,2,2,3,2,1,0,0,0,0,0,0,0,i,i,i,0,0,0,0,0,0,0,1,1,1,0,0,0,0,i,0,0,0,4,4,3,3,4,4,4,4,0,0,0,1,0,0,1,0,0,0,0,0,0,0,0,0,0,0,0,0,0,0,0,0,0,0,0,1,0,0,0,0,3,3,3,5,2,2,2,2,2,2,2,2,2,3,3,1,2,3,4,4,4,4,3,3,3,3,0,0,0,0,0,0,0,0,1,0,1,0,0,0,2,i,i,i,i,i,i,i,i,i,i,i,i,i,i,i,i,i,i,i,i,i,i,i,i,i,i,i,i,i,i,i,i,i,i,i,i,i,0,1,0,1,0,0,0,0,0,0,0,0,0,0,0,1,2,0,1,0,0,0,0,0,0,2,1,58,4,15,1,1,14,7,i,i,0,0,0,0,1,0,0,i,i,i,i,i,i,i,i,i,i,i,i,i,i,i,i,i,i,i,i,i,i,i,i,i,i,i,i,i,i,1,0,0,0,0,1,5,1,4,4,0,0,0,0,2,1,2,1,0,0,0,0,1,1,0,0,0,7,7,5,1,2,2,2,1,i,i,2,i,i,i,i,4,a,a,i,a,15,12,12,12,12,44,32,1,1,2,3,i,i,3,i,i,i,i,i,i,i,i,i,i,i,i,i,74,2,1
6291,doi:10.4232/1.12497,1.0.0 (2016-04-22),1,1,710,14000710,14791,14,3,TN,1.097793,1.377675,0.0,1.189387,1.499454,0.0,0.0,3,3,3,3,4,3,3,4,4,4,4,2,2,2,2,2,7,0,0,0,1,0,1,0,1,0,0,0,0,0,0,0,0,0,0,a,a,0,0,0,0,0,0,1,0,1,1,1,0,0,0,0,0,0,0,0,0,0,i,i,0,0,0,2,2,1,1,2,2,2,2,2,2,2,1,1,1,0,0,0,0,0,0,0,1,0,0,i,0,0,0,0,2,3,2,2,2,1,2,2,2,2,1,1,2,2,2,2,2,2,1,1,i,1,1,2,3,1,1,0,0,0,0,0,0,i,i,i,0,0,0,0,0,0,0,1,1,0,0,0,0,0,i,0,0,0,3,3,3,2,2,2,2,2,0,0,0,1,0,0,0,0,0,0,0,1,0,0,0,0,0,1,0,0,0,0,0,0,0,0,0,1,0,0,0,0,3,3,3,3,2,1,1,1,2,2,2,2,2,3,3,2,2,2,2,2,2,2,2,2,2,4,0,0,0,0,0,0,0,0,0,0,0,0,0,1,2,i,i,i,i,i,i,i,i,i,i,i,i,i,i,i,i,i,i,i,i,i,i,i,i,i,i,i,i,i,i,i,i,i,i,i,i,i,1,1,0,0,0,0,0,1,0,0,0,0,0,0,0,1,1,0,1,0,1,0,0,0,0,1,1,39,2,18,2,1,8,5,i,i,0,0,0,0,1,0,0,i,i,i,i,i,i,i,i,i,i,i,i,i,i,i,i,i,i,i,i,i,i,i,i,i,i,i,i,i,i,0,0,0,1,0,0,5,2,2,2,3,3,0,0,2,1,2,1,1,1,0,0,0,0,0,0,0,7,7,6,3,2,2,2,2,i,i,2,i,i,i,i,i,a,a,i,a,15,12,13,30,14,5,35,1,1,1,3,i,i,3,i,i,i,i,i,i,i,i,i,i,i,i,i,73,9,1
6291,doi:10.4232/1.12497,1.0.0 (2016-04-22),1,1,711,14000711,14792,14,3,TN,0.993824,1.377675,0.0,1.189387,1.499454,0.0,0.0,1,3,3,2,3,2,2,3,2,2,2,3,3,3,3,1,8,1,0,1,0,0,0,0,0,0,0,0,1,0,0,0,0,0,0,a,a,0,0,0,1,0,1,0,0,0,0,1,0,0,0,1,0,0,0,0,0,0,i,i,0,0,0,3,1,1,1,2,3,2,2,2,2,2,1,2,0,0,0,1,0,0,0,0,0,0,0,i,0,0,0,0,2,3,2,2,2,1,1,1,2,2,2,2,2,2,1,2,1,1,1,1,i,1,1,3,3,0,0,0,0,0,0,0,0,i,i,i,0,0,0,0,0,0,1,1,1,1,0,0,0,0,i,0,0,0,2,2,2,2,2,2,2,2,0,1,0,0,0,0,0,0,0,0,0,0,0,0,0,0,0,0,0,0,0,0,1,0,0,0,0,1,0,0,0,0,2,3,2,4,2,2,2,1,2,1,2,1,1,3,2,1,1,3,2,2,2,2,2,3,3,4,1,0,0,0,0,0,0,0,1,1,0,0,0,0,2,i,i,i,i,i,i,i,i,i,i,i,i,i,i,i,i,i,i,i,i,i,i,i,i,i,i,i,i,i,i,i,i,i,i,i,i,i,0,1,0,0,0,0,1,0,1,0,0,0,0,0,0,2,2,0,1,0,0,0,0,0,0,2,1,15,1,0,5,3,2,2,19,i,0,0,0,0,1,0,0,i,i,i,i,i,i,i,i,i,i,i,i,i,i,i,i,i,i,i,i,i,i,i,i,i,i,i,i,i,i,1,0,0,0,0,1,6,3,3,3,0,0,0,0,1,1,3,1,0,0,0,1,1,1,0,0,0,1,i,6,1,1,2,2,2,i,i,2,i,2,i,i,i,a,a,i,a,15,12,10,35,11,7,32,1,1,2,3,i,i,3,i,i,i,i,i,i,i,i,i,i,i,i,i,74,2,1
6291,doi:10.4232/1.12497,1.0.0 (2016-04-22),1,1,712,14000712,14793,14,3,TN,1.163705,1.377675,0.0,1.189387,1.499454,0.0,0.0,1,3,2,2,3,1,2,4,2,2,1,2,4,3,4,1,6,0,0,0,1,0,0,0,1,0,0,0,0,0,0,0,0,0,0,a,a,0,0,0,0,0,0,1,0,1,0,1,0,0,0,0,0,0,0,0,0,0,i,i,0,0,0,2,2,1,1,1,2,2,2,2,2,6,1,2,0,0,1,1,0,0,0,1,0,0,0,i,0,0,0,0,3,2,2,2,4,1,1,1,2,1,1,1,1,1,1,1,1,1,2,1,i,1,1,2,3,0,1,0,0,0,0,0,0,i,i,i,0,0,1,0,0,0,0,1,1,0,0,0,1,0,i,0,0,0,3,3,2,2,2,4,2,2,0,0,0,0,1,0,0,0,0,0,1,0,0,0,0,0,0,1,0,0,0,0,0,0,0,0,0,0,0,0,0,0,3,3,3,2,1,1,3,1,2,2,2,2,2,4,3,2,2,2,3,1,1,1,3,1,2,4,0,0,0,1,0,0,1,1,0,0,0,0,0,0,2,i,i,i,i,i,i,i,i,i,i,i,i,i,i,i,i,i,i,i,i,i,i,i,i,i,i,i,i,i,i,i,i,i,i,i,i,i,0,1,0,0,0,0,0,1,0,0,0,0,0,0,0,1,1,1,1,0,0,0,1,0,0,2,2,19,1,0,5,3,2,2,19,i,0,0,0,0,1,0,0,i,i,i,i,i,i,i,i,i,i,i,i,i,i,i,i,i,i,i,i,i,i,i,i,i,i,i,i,i,i,1,0,0,0,0,1,9,2,4,4,0,0,0,0,1,1,3,1,1,1,1,1,0,1,0,0,0,1,i,5,4,1,2,2,1,i,i,2,i,1,i,i,1,a,a,i,a,17,12,11,15,11,52,42,1,1,1,3,i,i,3,i,i,i,i,i,i,i,i,i,i,i,i,i,80,3,1
6291,doi:10.4232/1.12497,1.0.0 (2016-04-22),1,1,713,14000713,14794,14,3,TN,1.101554,1.377675,0.0,1.189387,1.499454,0.0,0.0,4,2,2,2,2,2,2,3,2,2,2,2,1,1,1,1,7,0,0,0,0,0,0,0,0,0,0,0,0,0,0,0,0,0,0,a,a,0,0,1,0,0,0,0,0,0,1,0,0,0,0,0,0,0,0,0,0,0,i,i,0,0,0,2,2,4,4,1,1,2,2,2,2,1,1,2,0,1,1,0,0,1,0,1,1,1,0,i,0,0,0,0,2,2,2,2,2,1,2,1,1,1,1,1,1,2,2,2,2,1,1,1,i,1,1,2,2,1,1,1,0,0,0,0,0,i,i,i,0,0,0,0,0,0,0,1,1,1,0,0,0,0,i,0,0,0,5,5,5,2,2,2,4,4,1,1,0,0,0,1,1,1,0,0,0,0,0,0,0,0,1,1,0,0,0,0,0,0,0,0,0,0,0,0,0,0,3,3,3,3,2,2,1,1,2,2,2,2,2,4,4,2,2,2,2,3,3,3,3,3,3,3,1,0,1,0,0,0,1,0,0,0,0,0,0,0,1,48,i,i,i,i,1,1,1,3,0,1,0,0,0,1,0,0,0,0,0,0,0,1,0,0,1,0,0,0,0,0,0,0,0,0,0,2,0,1,1,0,0,0,0,0,0,0,0,0,0,0,0,1,1,1,1,0,0,0,0,0,0,1,1,26,2,99,9,3,17,8,i,i,0,0,0,0,1,0,0,i,i,i,i,i,i,i,i,i,i,i,i,i,i,i,i,i,i,i,i,i,i,i,i,i,i,i,i,i,i,0,0,0,1,0,0,7,2,1,1,0,0,0,0,1,1,3,1,1,1,1,1,0,0,0,0,0,1,3,1,3,1,2,2,2,i,i,2,i,1,i,i,i,a,a,i,a,15,12,12,20,12,55,45,1,2,1,3,i,i,3,i,i,i,i,i,i,i,i,i,i,i,i,i,76,7,1
6291,doi:10.4232/1.12497,1.0.0 (2016-04-22),1,1,714,14000714,14795,14,3,TN,1.057608,1.377675,0.0,1.189387,1.499454,0.0,0.0,2,3,3,3,4,2,2,4,4,4,5,3,4,4,4,4,3,1,0,0,1,1,1,1,0,0,1,1,0,0,0,0,0,0,0,a,a,0,0,0,1,0,1,1,1,1,1,0,0,1,1,0,0,0,0,0,0,0,i,i,0,0,0,3,3,1,1,3,1,2,2,2,2,1,1,2,0,1,0,0,1,0,0,0,1,1,0,i,0,0,0,0,2,2,2,2,2,1,2,2,2,2,2,2,2,1,1,1,1,1,1,1,i,1,1,2,2,1,1,1,0,0,0,0,0,i,i,i,0,0,0,0,0,0,0,0,1,1,0,0,0,0,i,0,0,0,4,4,4,3,3,3,2,2,0,1,0,0,0,0,1,0,0,0,1,1,0,0,0,0,1,1,0,0,0,0,0,0,0,0,0,0,0,0,0,0,4,4,4,4,3,3,3,3,2,2,2,2,2,4,4,4,4,3,3,3,2,2,2,2,2,2,1,1,0,0,0,1,0,0,0,0,0,0,0,0,2,i,i,i,i,i,i,i,i,i,i,i,i,i,i,i,i,i,i,i,i,i,i,i,i,i,i,i,i,i,i,i,i,i,i,i,i,i,1,0,0,0,0,0,0,1,0,0,0,1,0,0,0,1,2,1,0,1,0,0,0,0,0,2,2,66,4,99,9,1,1,1,19,i,0,0,0,0,1,0,0,i,i,i,i,i,i,i,i,i,i,i,i,i,i,i,i,i,i,i,i,i,i,i,i,i,i,i,i,i,i,0,0,0,1,0,0,7,2,5,4,0,0,0,0,2,1,2,1,1,1,1,1,1,1,0,0,0,6,i,6,3,2,2,2,2,i,i,2,i,i,i,i,i,a,a,i,a,17,12,13,10,13,45,40,2,2,1,3,i,i,3,i,i,i,i,i,i,i,i,i,i,i,i,i,70,29,1
6291,doi:10.4232/1.12497,1.0.0 (2016-04-22),1,1,715,14000715,14796,14,3,TN,1.097793,1.377675,0.0,1.189387,1.499454,0.0,0.0,3,3,3,3,4,2,2,3,2,4,4,2,1,1,1,1,6,0,0,0,0,0,0,0,0,0,0,0,0,0,0,0,0,0,0,a,a,0,0,1,0,0,0,0,0,1,0,0,0,0,0,0,0,0,0,0,0,0,i,i,0,0,0,2,3,3,3,1,1,2,2,2,2,2,1,2,0,1,0,0,0,1,0,1,0,1,0,i,0,0,0,0,2,2,2,2,2,1,2,2,2,2,2,1,2,1,2,1,2,1,1,1,i,1,1,2,2,1,1,1,0,0,0,0,0,i,i,i,0,0,0,0,0,0,0,1,1,1,0,0,0,0,i,0,0,0,4,4,2,2,2,2,2,2,1,0,0,0,0,0,1,0,0,0,1,1,0,0,0,0,1,0,0,1,0,0,0,0,0,0,0,0,0,0,0,0,2,2,2,2,1,2,2,2,1,1,1,3,3,3,3,1,1,2,2,1,1,1,1,1,1,1,1,1,0,0,0,0,1,0,0,0,0,0,0,0,2,i,i,i,i,i,i,i,i,i,i,i,i,i,i,i,i,i,i,i,i,i,i,i,i,i,i,i,i,i,i,i,i,i,i,i,i,i,0,1,0,0,0,0,0,1,0,0,0,1,0,0,0,1,1,0,1,0,1,0,0,0,0,1,1,25,2,99,9,3,17,8,i,i,0,0,0,0,1,0,0,i,i,i,i,i,i,i,i,i,i,i,i,i,i,i,i,i,i,i,i,i,i,i,i,i,i,i,i,i,i,1,0,0,0,0,1,6,2,5,4,0,0,0,0,2,1,2,1,1,1,1,1,1,1,0,0,0,1,4,1,3,1,2,2,2,i,i,2,i,1,i,i,i,a,a,i,a,17,12,10,45,11,20,35,1,1,1,3,i,i,3,i,i,i,i,i,i,i,i,i,i,i,i,i,78,29,1
6291,doi:10.4232/1.12497,1.0.0 (2016-04-22),1,1,716,14000716,14797,14,3,TN,0.952752,1.377675,0.0,1.189387,1.499454,0.0,0.0,3,3,3,3,4,2,2,4,3,3,3,3,3,3,3,3,6,0,0,0,0,0,0,0,1,0,0,0,0,0,0,0,0,0,0,a,a,0,0,0,0,0,0,0,0,1,0,1,0,0,0,0,0,0,0,0,0,0,i,i,0,0,0,2,3,3,3,1,1,1,1,1,3,3,2,i,0,0,0,0,0,0,0,0,0,0,0,i,0,1,0,0,3,3,3,3,3,1,2,2,1,2,2,1,2,2,2,1,1,1,3,1,i,3,1,3,3,1,0,1,1,0,0,0,0,i,i,i,0,0,0,0,0,0,0,1,1,1,0,0,0,0,i,0,0,0,3,4,3,3,3,4,4,4,0,0,0,0,0,0,0,0,0,0,0,0,0,0,1,0,0,0,0,0,1,0,1,0,0,0,0,0,0,0,0,0,3,2,2,1,2,2,2,2,2,2,2,2,2,3,3,2,1,2,2,3,3,2,3,3,3,4,0,0,0,0,0,0,0,1,0,0,1,0,0,0,2,i,i,i,i,i,i,i,i,i,i,i,i,i,i,i,i,i,i,i,i,i,i,i,i,i,i,i,i,i,i,i,i,i,i,i,i,i,1,1,0,0,0,0,0,0,0,0,0,0,0,0,0,1,2,0,1,0,1,0,0,0,0,2,1,55,4,1,6,1,7,5,i,i,0,0,0,0,1,0,0,i,i,i,i,i,i,i,i,i,i,i,i,i,i,i,i,i,i,i,i,i,i,i,i,i,i,i,i,i,i,1,0,0,0,0,1,4,1,2,2,2,2,0,0,2,1,2,1,0,0,0,0,0,0,1,0,0,7,7,1,1,1,2,2,1,i,i,2,i,1,i,i,1,a,a,i,a,15,12,13,5,13,46,31,1,1,2,3,i,i,3,i,i,i,i,i,i,i,i,i,i,i,i,i,74,2,1
6291,doi:10.4232/1.12497,1.0.0 (2016-04-22),1,1,717,14000717,14798,14,3,TN,1.114786,1.377675,0.0,1.189387,1.499454,0.0,0.0,2,3,3,3,4,3,3,3,5,5,2,1,1,1,1,1,7,0,0,0,1,0,1,0,1,0,0,0,0,0,0,0,0,0,0,a,a,0,0,0,0,0,0,1,0,1,1,1,0,0,0,0,0,0,0,0,0,0,i,i,0,0,0,2,4,4,4,5,5,2,2,2,6,6,3,i,0,0,0,0,0,0,0,0,0,0,0,i,0,0,0,1,5,5,5,5,5,3,2,2,2,1,2,3,3,3,3,3,3,3,3,3,i,3,3,5,5,0,0,0,0,0,0,0,0,i,i,i,0,0,0,0,0,1,0,0,0,0,0,0,0,0,i,0,0,1,5,5,5,2,5,2,2,2,0,0,0,0,0,0,0,0,0,0,0,0,0,0,0,1,0,0,0,0,0,0,0,0,0,0,0,0,0,0,0,1,5,1,1,5,2,2,2,1,3,2,2,2,2,2,2,1,1,2,2,2,2,2,2,2,4,4,0,0,0,0,0,0,0,0,0,0,0,0,0,1,2,i,i,i,i,i,i,i,i,i,i,i,i,i,i,i,i,i,i,i,i,i,i,i,i,i,i,i,i,i,i,i,i,i,i,i,i,i,0,1,0,0,0,0,0,0,0,0,0,0,0,0,0,1,1,0,1,0,0,0,0,0,0,1,2,54,3,0,5,1,1,1,18,4,0,0,0,0,1,0,0,i,i,i,i,i,i,i,i,i,i,i,i,i,i,i,i,i,i,i,i,i,i,i,i,i,i,i,i,i,i,0,0,0,1,0,0,5,2,3,3,0,0,0,0,2,1,2,1,1,1,0,0,0,1,0,0,0,7,i,6,1,2,2,2,2,i,i,2,i,i,i,i,i,a,a,i,a,17,12,10,20,10,55,35,1,1,1,3,i,i,3,i,i,i,i,i,i,i,i,i,i,i,i,i,82,9,1
6291,doi:10.4232/1.12497,1.0.0 (2016-04-22),1,1,718,14000718,14799,14,3,TN,1.173377,1.377675,0.0,1.189387,1.499454,0.0,0.0,3,2,2,3,3,2,2,4,4,4,5,3,2,2,1,1,7,0,0,0,0,0,0,0,0,0,0,0,0,0,0,0,0,0,0,a,a,0,0,1,0,0,0,0,0,0,1,0,0,0,0,0,0,0,0,0,0,0,i,i,0,0,0,2,3,3,3,2,1,2,2,2,1,2,2,i,1,1,0,0,0,0,0,0,0,1,1,i,0,0,0,0,3,3,3,2,3,1,1,1,2,2,2,2,1,1,1,1,1,1,1,1,i,1,1,2,3,1,1,1,0,0,0,0,0,i,i,i,0,0,0,0,0,0,0,1,0,1,1,0,0,0,i,0,0,0,3,2,2,2,2,3,3,3,1,1,0,0,0,0,0,0,0,0,0,0,0,0,0,0,1,1,0,0,0,0,0,0,0,0,0,0,0,0,0,0,2,2,3,3,2,1,1,1,2,3,3,3,3,4,4,4,4,3,3,3,3,3,2,2,2,2,0,1,0,0,0,1,0,0,0,0,0,0,0,0,2,i,i,i,i,i,i,i,i,i,i,i,i,i,i,i,i,i,i,i,i,i,i,i,i,i,i,i,i,i,i,i,i,i,i,i,i,i,0,1,0,0,0,0,0,0,1,0,0,0,0,0,0,1,1,1,1,0,0,0,0,0,0,1,2,18,1,98,8,3,3,3,19,i,0,0,0,0,1,0,0,i,i,i,i,i,i,i,i,i,i,i,i,i,i,i,i,i,i,i,i,i,i,i,i,i,i,i,i,i,i,0,0,0,1,0,0,7,2,5,4,3,3,0,0,1,2,1,1,1,1,1,1,1,0,0,0,0,1,i,1,3,1,2,2,2,i,i,2,i,2,i,i,i,a,a,i,a,15,12,15,0,15,40,40,1,2,1,3,i,i,3,i,i,i,i,i,i,i,i,i,i,i,i,i,76,7,1
6291,doi:10.4232/1.12497,1.0.0 (2016-04-22),1,1,719,14000719,14800,14,3,TN,0.983385,1.377675,0.0,1.189387,1.499454,0.0,0.0,3,2,2,2,2,2,2,3,1,3,3,3,2,2,2,2,7,0,0,0,0,0,1,0,0,0,0,0,0,0,0,0,0,0,0,a,a,0,0,0,0,0,0,0,0,1,1,0,0,0,0,0,0,0,0,0,0,0,i,i,0,0,0,2,2,1,1,2,2,1,1,1,2,2,1,2,1,0,0,0,0,0,0,0,1,0,0,i,0,0,0,0,2,2,2,2,2,1,2,2,1,1,1,1,1,1,1,1,1,1,1,1,i,1,1,3,3,0,1,0,0,0,0,0,0,i,i,i,0,0,0,0,0,0,0,1,1,1,0,0,0,0,i,0,0,0,3,4,4,1,4,4,4,4,0,1,0,0,0,0,0,0,0,0,1,0,0,0,0,0,0,1,1,0,0,0,0,0,0,0,0,0,0,0,0,0,2,2,2,2,1,2,2,2,1,2,2,2,2,2,2,1,1,1,1,1,1,2,2,2,4,4,1,0,0,0,1,0,0,1,0,0,0,0,0,0,2,i,i,i,i,i,i,i,i,i,i,i,i,i,i,i,i,i,i,i,i,i,i,i,i,i,i,i,i,i,i,i,i,i,i,i,i,i,1,0,0,0,0,0,0,1,0,0,0,0,0,0,0,1,1,0,1,0,0,0,0,0,0,2,1,49,3,18,2,1,10,6,i,i,0,0,0,0,1,0,0,i,i,i,i,i,i,i,i,i,i,i,i,i,i,i,i,i,i,i,i,i,i,i,i,i,i,i,i,i,i,1,0,0,0,0,1,5,2,2,2,0,0,2,2,2,1,2,1,1,1,1,0,0,0,0,0,0,7,6,6,1,2,2,2,2,i,i,2,i,i,i,i,i,a,a,i,a,17,12,16,30,17,0,30,1,1,2,3,i,i,3,i,i,i,i,i,i,i,i,i,i,i,i,i,83,30,1
6291,doi:10.4232/1.12497,1.0.0 (2016-04-22),1,1,720,14000720,14801,14,3,TN,1.021005,1.377675,0.0,1.189387,1.499454,0.0,0.0,2,3,2,2,3,1,2,4,2,2,2,2,1,1,3,1,8,1,0,1,1,0,0,1,0,0,0,0,0,1,0,0,0,0,0,a,a,0,0,0,1,0,1,1,0,0,1,1,0,0,0,0,1,0,0,0,0,0,i,i,0,0,0,2,1,1,3,1,3,2,2,2,1,2,3,i,0,0,0,1,0,1,0,1,0,1,0,i,0,0,0,0,2,2,2,2,2,1,2,2,1,1,1,1,1,1,1,1,1,1,1,1,i,2,1,2,2,0,1,1,0,0,0,0,0,i,i,i,0,0,0,0,0,0,0,1,1,1,0,0,0,0,i,0,0,0,3,3,3,2,3,2,3,3,0,0,1,0,0,0,0,1,0,0,0,1,0,0,0,0,0,0,0,0,1,0,1,0,0,0,0,0,0,0,0,0,3,3,2,2,1,1,3,2,2,2,2,2,2,4,3,2,2,2,2,2,2,2,2,3,3,3,1,0,0,0,1,0,0,1,0,0,0,0,0,0,2,i,i,i,i,i,i,i,i,i,i,i,i,i,i,i,i,i,i,i,i,i,i,i,i,i,i,i,i,i,i,i,i,i,i,i,i,i,0,0,0,0,0,0,0,0,1,1,0,0,0,0,0,1,1,0,1,0,1,0,0,0,0,1,2,25,2,20,3,3,13,7,i,i,0,0,0,0,1,0,0,i,i,i,i,i,i,i,i,i,i,i,i,i,i,i,i,i,i,i,i,i,i,i,i,i,i,i,i,i,i,1,1,0,0,0,1,9,3,4,4,0,0,0,0,1,1,3,1,1,1,1,1,1,1,0,0,0,1,5,5,1,1,2,2,2,i,i,2,i,1,i,i,i,a,a,i,a,17,12,15,16,16,5,49,1,2,2,3,i,i,3,i,i,i,i,i,i,i,i,i,i,i,i,i,81,3,1
6291,doi:10.4232/1.12497,1.0.0 (2016-04-22),1,1,721,14000721,14802,14,3,TN,1.052909,1.377675,0.0,1.189387,1.499454,0.0,0.0,2,2,2,2,2,1,1,4,3,2,2,2,1,1,3,1,7,1,0,1,1,0,1,0,0,0,0,0,0,0,0,1,1,0,0,a,a,0,0,0,1,0,1,1,0,1,1,0,0,0,0,0,0,0,1,1,0,0,i,i,0,0,0,2,2,1,1,1,2,2,2,2,1,2,2,i,0,0,0,1,0,1,0,0,0,0,0,i,0,0,0,0,2,2,2,5,5,1,2,1,1,1,1,1,1,1,1,1,1,1,1,1,i,1,1,2,3,0,0,0,0,0,0,0,1,i,i,i,1,0,1,0,0,0,0,1,1,0,0,0,1,0,i,0,0,0,4,4,3,3,3,3,3,3,1,0,0,0,1,0,0,1,0,0,1,0,1,0,0,0,0,1,0,0,1,0,0,0,0,0,0,0,0,0,0,0,4,4,4,4,3,2,2,2,3,2,2,1,2,3,3,3,3,3,2,2,2,1,3,3,4,5,1,1,0,0,1,0,0,0,0,0,0,0,0,0,2,i,i,i,i,i,i,i,i,i,i,i,i,i,i,i,i,i,i,i,i,i,i,i,i,i,i,i,i,i,i,i,i,i,i,i,i,i,1,0,0,0,0,0,1,0,0,0,1,0,0,0,0,2,2,0,0,1,0,1,0,0,0,2,1,44,3,15,1,3,8,5,i,i,0,0,0,0,1,0,0,i,i,i,i,i,i,i,i,i,i,i,i,i,i,i,i,i,i,i,i,i,i,i,i,i,i,i,i,i,i,0,0,0,1,0,0,10,2,1,1,0,0,0,0,2,1,2,1,1,0,0,0,0,0,0,0,0,7,6,6,2,2,2,2,2,i,i,2,i,i,i,i,i,a,a,i,a,17,12,13,6,13,47,41,1,1,1,3,i,i,3,i,i,i,i,i,i,i,i,i,i,i,i,i,80,3,1
6291,doi:10.4232/1.12497,1.0.0 (2016-04-22),1,1,722,14000722,14803,14,3,TN,0.889579,1.377675,0.0,1.189387,1.499454,0.0,0.0,2,3,1,1,2,2,2,4,2,2,2,2,3,3,2,3,7,0,0,0,1,0,1,0,0,0,0,0,0,0,0,0,0,0,0,a,a,0,0,0,0,0,0,1,0,1,1,0,0,0,0,0,0,0,0,0,0,0,i,i,0,0,0,1,2,1,1,1,3,2,2,2,2,2,1,2,0,0,0,1,0,1,0,0,1,0,0,i,0,0,0,0,2,2,2,2,2,1,2,1,1,1,1,1,1,1,1,1,1,1,2,1,i,1,1,2,2,0,1,1,0,0,0,0,0,i,i,i,1,0,0,0,0,0,0,1,0,0,0,0,0,0,i,0,0,0,2,4,2,2,3,4,3,3,1,0,1,0,1,0,0,0,1,0,0,0,0,0,0,0,1,1,0,0,0,0,0,0,0,0,0,0,0,0,0,0,2,1,1,4,1,2,1,2,2,2,2,1,2,3,2,1,1,1,2,2,2,2,1,3,3,3,1,0,0,0,1,0,0,0,0,0,1,0,0,0,2,i,i,i,i,i,i,i,i,i,i,i,i,i,i,i,i,i,i,i,i,i,i,i,i,i,i,i,i,i,i,i,i,i,i,i,i,i,1,1,0,0,0,0,0,1,0,0,0,0,0,0,0,1,1,0,1,0,1,0,0,0,0,1,2,58,4,15,1,1,1,1,18,4,0,0,0,0,1,0,0,i,i,i,i,i,i,i,i,i,i,i,i,i,i,i,i,i,i,i,i,i,i,i,i,i,i,i,i,i,i,1,0,0,0,0,1,6,2,5,4,0,0,0,0,2,1,2,1,0,0,0,0,0,1,0,0,0,7,i,6,2,2,2,2,2,i,i,2,i,i,i,i,i,a,a,i,a,15,12,14,30,15,0,30,1,1,2,3,i,i,3,i,i,i,i,i,i,i,i,i,i,i,i,i,86,1,1
6291,doi:10.4232/1.12497,1.0.0 (2016-04-22),1,1,723,14000723,14804,14,3,TN,0.983385,1.377675,0.0,1.189387,1.499454,0.0,0.0,2,2,2,2,2,2,2,2,2,2,2,1,1,1,1,1,4,0,0,1,0,0,1,0,0,0,0,0,0,0,0,0,0,0,0,a,a,0,0,0,0,0,1,1,0,1,0,0,0,0,0,0,0,0,0,0,0,0,i,i,0,0,0,3,3,1,1,2,3,2,2,2,3,3,1,1,0,0,0,0,0,1,0,1,0,0,0,i,0,0,0,0,3,3,2,2,2,1,2,1,1,1,2,1,1,3,1,1,1,1,2,1,i,1,1,2,3,1,1,0,1,0,0,0,0,i,i,i,0,0,0,0,0,0,0,1,0,0,1,0,0,0,i,0,0,0,2,3,3,2,2,2,3,3,0,0,0,0,1,0,0,0,0,0,0,0,0,0,0,0,0,0,0,0,0,0,1,0,1,0,0,0,0,0,0,0,3,2,2,2,1,1,2,2,1,1,1,1,2,2,2,1,1,1,3,3,1,1,1,1,2,3,1,1,0,0,0,0,0,0,0,0,1,0,0,0,2,i,i,i,i,i,i,i,i,i,i,i,i,i,i,i,i,i,i,i,i,i,i,i,i,i,i,i,i,i,i,i,i,i,i,i,i,i,1,0,0,0,0,0,0,1,0,1,0,0,0,0,0,1,1,0,1,1,1,0,0,0,0,1,1,54,3,17,2,1,4,4,15,3,0,0,0,0,1,0,0,i,i,i,i,i,i,i,i,i,i,i,i,i,i,i,i,i,i,i,i,i,i,i,i,i,i,i,i,i,i,1,1,0,0,0,1,5,2,3,3,2,2,1,1,1,1,3,1,0,0,1,1,0,1,0,0,0,6,i,6,1,2,2,2,2,i,i,2,i,i,i,i,i,a,a,i,a,15,12,14,45,15,14,29,1,1,2,3,i,i,3,i,i,i,i,i,i,i,i,i,i,i,i,i,74,2,1
6291,doi:10.4232/1.12497,1.0.0 (2016-04-22),1,1,724,14000724,14805,14,3,TN,0.930349,1.377675,0.0,1.189387,1.499454,0.0,0.0,2,2,2,2,2,1,1,2,2,2,2,1,1,1,1,1,7,0,0,1,0,0,0,0,1,0,0,0,0,0,0,0,0,0,0,a,a,0,0,0,0,0,1,0,0,0,1,1,0,0,0,0,0,0,0,0,0,0,i,i,0,0,0,1,3,1,3,2,4,2,2,2,4,3,1,2,0,0,0,0,0,0,0,0,0,0,0,i,0,1,0,0,2,4,2,2,2,1,1,1,2,2,2,2,2,2,2,2,2,1,2,2,i,2,2,3,3,1,0,0,0,1,0,0,0,i,i,i,0,0,0,0,0,0,0,1,1,0,1,0,0,0,i,0,0,0,1,2,1,2,1,1,2,2,0,1,0,1,0,0,0,0,0,0,0,1,0,0,0,0,0,0,0,0,1,0,0,0,0,0,0,1,0,0,0,0,4,4,4,2,2,2,2,2,1,1,1,1,3,2,1,1,1,1,1,1,1,1,1,1,1,1,0,1,0,0,1,0,0,0,1,0,0,0,0,0,1,24,i,i,i,i,1,1,1,3,0,0,0,0,0,0,1,0,0,0,0,0,0,0,0,0,1,0,1,0,0,0,0,1,0,0,0,1,1,1,0,0,0,0,0,0,0,0,0,0,0,0,0,1,1,0,1,0,1,0,0,0,0,1,2,25,2,24,3,1,7,5,i,i,0,0,0,0,1,0,0,i,i,i,i,i,i,i,i,i,i,i,i,i,i,i,i,i,i,i,i,i,i,i,i,i,i,i,i,i,i,1,0,0,0,0,1,7,3,5,4,0,0,0,0,2,1,2,1,0,0,1,1,0,1,0,0,0,1,1,1,2,1,2,1,1,i,i,2,i,1,i,3,2,a,a,i,a,15,12,14,46,15,17,31,1,1,1,3,i,i,3,i,i,i,i,i,i,i,i,i,i,i,i,i,71,5,1
6291,doi:10.4232/1.12497,1.0.0 (2016-04-22),1,1,725,14000725,14806,14,3,TN,1.109386,1.377675,0.0,1.189387,1.499454,0.0,0.0,2,3,3,3,4,1,2,2,2,2,2,1,1,1,1,1,6,0,0,0,0,0,0,0,1,0,0,0,0,0,0,0,0,0,0,a,a,0,0,0,0,0,0,0,0,1,0,1,0,0,0,0,0,0,0,0,0,0,i,i,0,0,0,2,2,1,3,1,1,2,2,2,3,2,1,2,0,1,0,0,0,0,0,0,0,0,0,i,0,0,0,0,3,3,2,2,2,1,2,1,1,2,1,1,1,2,2,1,1,1,1,2,i,1,1,3,4,1,0,0,0,0,0,0,0,i,i,i,1,0,1,0,0,0,0,1,0,1,0,0,0,0,i,0,0,0,1,2,1,2,2,2,2,2,1,1,0,1,0,0,0,0,0,0,0,0,0,0,0,0,0,0,0,0,1,1,0,0,0,0,0,0,0,0,0,0,2,2,2,2,1,1,1,1,1,1,1,1,2,2,2,1,1,1,2,2,1,1,1,1,1,2,1,1,0,0,1,0,0,0,0,0,0,0,0,0,1,48,i,i,i,i,1,1,1,2,0,1,0,0,0,0,0,0,0,0,0,0,0,0,0,0,1,0,0,0,0,0,1,0,0,0,0,1,1,1,0,0,0,0,0,0,0,0,0,0,0,0,0,3,1,0,1,1,0,0,0,0,0,2,2,45,3,20,3,1,12,6,i,i,0,0,0,0,1,0,0,i,i,i,i,i,i,i,i,i,i,i,i,i,i,i,i,i,i,i,i,i,i,i,i,i,i,i,i,i,i,1,0,0,0,0,1,5,2,2,2,1,1,1,1,2,1,2,1,0,0,1,1,0,0,0,0,0,5,5,6,3,1,2,2,1,i,i,2,i,2,i,i,2,a,a,i,a,15,12,12,37,13,1,24,2,2,1,3,i,i,3,i,i,i,i,i,i,i,i,i,i,i,i,i,71,5,1
6291,doi:10.4232/1.12497,1.0.0 (2016-04-22),1,1,726,14000726,14807,14,3,TN,1.093189,1.377675,0.0,1.189387,1.499454,0.0,0.0,3,3,3,3,4,3,3,4,4,2,2,1,1,1,1,1,7,1,0,1,1,0,0,0,1,0,0,0,0,0,0,0,0,0,0,a,a,0,0,0,1,0,1,1,0,0,1,1,0,0,0,0,0,0,0,0,0,0,i,i,0,0,0,3,3,3,3,1,2,2,1,1,5,3,2,i,0,0,0,0,0,0,0,0,0,0,0,i,0,1,0,0,2,3,2,2,2,1,2,2,1,1,1,1,2,2,1,1,2,1,1,2,i,2,1,2,2,0,1,1,0,0,0,0,0,i,i,i,0,0,0,0,0,0,0,1,1,0,0,0,1,0,i,0,0,0,4,3,3,3,2,3,2,2,0,1,0,0,0,0,1,0,0,0,0,0,0,0,0,0,0,1,0,1,0,0,0,0,0,0,0,0,0,0,0,0,2,2,2,2,1,1,3,2,2,2,2,2,2,4,3,2,1,2,3,4,3,4,3,4,4,4,1,1,0,0,1,0,0,0,0,0,0,0,0,0,2,i,i,i,i,i,i,i,i,i,i,i,i,i,i,i,i,i,i,i,i,i,i,i,i,i,i,i,i,i,i,i,i,i,i,i,i,i,1,1,0,0,0,0,0,0,0,0,0,0,0,0,0,1,1,0,1,0,1,0,0,0,0,2,2,31,2,9,1,1,1,1,17,4,0,0,0,0,1,0,0,i,i,i,i,i,i,i,i,i,i,i,i,i,i,i,i,i,i,i,i,i,i,i,i,i,i,i,i,i,i,1,0,0,0,0,1,5,2,2,2,0,0,1,1,2,1,2,1,1,0,1,0,0,0,0,0,0,7,i,6,2,2,2,2,2,i,i,2,i,i,i,i,i,a,a,i,a,15,12,10,50,11,20,30,2,3,1,3,i,i,3,i,i,i,i,i,i,i,i,i,i,i,i,i,71,5,1
6291,doi:10.4232/1.12497,1.0.0 (2016-04-22),1,1,727,14000727,14808,14,3,TN,0.993755,1.377675,0.0,1.189387,1.499454,0.0,0.0,2,3,3,3,4,1,2,4,2,4,2,2,1,1,3,1,8,1,0,0,0,0,1,1,0,0,0,0,0,0,0,0,0,0,0,a,a,0,0,0,1,0,0,0,0,1,1,1,0,0,0,0,0,0,0,0,0,0,i,i,0,0,0,2,1,1,1,1,2,2,2,2,3,2,1,2,0,0,1,1,0,0,0,0,0,0,0,i,0,0,0,0,2,2,1,2,3,1,2,1,1,2,1,1,1,1,1,1,2,1,2,1,i,1,1,2,3,0,0,0,0,0,0,0,0,i,i,i,0,0,1,0,0,0,0,1,0,1,0,0,1,0,i,0,0,0,4,3,2,2,1,2,2,2,0,0,1,1,0,0,0,0,0,0,0,0,0,0,0,0,0,0,0,1,0,0,0,0,1,0,0,0,0,0,0,0,2,2,2,2,1,1,2,1,2,2,1,1,2,3,2,4,2,3,4,4,2,2,2,2,2,4,0,0,1,0,0,0,0,0,0,1,1,0,0,0,2,i,i,i,i,i,i,i,i,i,i,i,i,i,i,i,i,i,i,i,i,i,i,i,i,i,i,i,i,i,i,i,i,i,i,i,i,i,0,0,0,0,0,0,0,0,0,0,1,1,0,0,0,1,1,0,1,0,1,0,0,0,0,2,2,22,1,0,5,3,2,2,19,i,0,0,0,0,1,0,0,i,i,i,i,i,i,i,i,i,i,i,i,i,i,i,i,i,i,i,i,i,i,i,i,i,i,i,i,i,i,1,0,0,0,0,1,7,3,4,4,0,0,0,0,1,1,3,1,0,0,1,1,0,1,0,0,0,1,i,6,3,1,2,2,2,i,i,2,i,1,i,i,i,a,a,i,a,15,12,12,0,12,25,25,2,2,1,3,i,i,3,i,i,i,i,i,i,i,i,i,i,i,i,i,71,5,1
6291,doi:10.4232/1.12497,1.0.0 (2016-04-22),1,1,728,14000728,14809,14,3,TN,1.030068,1.377675,0.0,1.189387,1.499454,0.0,0.0,4,3,3,2,3,2,2,4,3,4,2,1,3,1,1,1,4,0,0,1,0,0,1,1,0,0,0,0,0,0,0,0,0,0,0,a,a,0,0,0,0,0,1,1,0,1,1,0,0,0,0,0,0,0,0,0,0,0,i,i,0,0,0,2,2,1,2,2,2,2,2,2,2,2,1,2,0,1,1,0,0,1,0,0,0,0,0,i,0,0,0,0,1,3,1,3,2,1,2,1,1,1,1,1,1,1,1,1,1,1,1,1,i,1,1,2,2,1,0,0,1,0,0,0,0,i,i,i,0,0,0,0,0,0,0,1,1,0,0,0,0,0,i,0,0,0,2,3,2,2,2,2,2,2,1,0,0,0,1,0,1,0,0,0,0,1,0,0,0,0,0,0,0,0,0,0,1,0,0,0,0,1,0,0,0,0,4,4,4,4,1,1,1,1,1,1,1,1,2,2,2,3,2,1,1,1,1,1,1,1,1,4,1,0,0,0,1,0,0,0,1,0,0,0,0,0,2,i,i,i,i,i,i,i,i,i,i,i,i,i,i,i,i,i,i,i,i,i,i,i,i,i,i,i,i,i,i,i,i,i,i,i,i,i,0,1,0,0,0,0,0,1,0,0,0,1,0,0,0,2,1,0,1,0,1,0,0,0,0,2,1,66,4,1,6,1,4,4,18,4,0,0,0,0,1,0,0,i,i,i,i,i,i,i,i,i,i,i,i,i,i,i,i,i,i,i,i,i,i,i,i,i,i,i,i,i,i,1,0,0,0,0,1,4,1,4,4,0,0,0,0,2,2,4,1,0,0,0,0,0,1,0,0,0,7,i,6,2,2,2,2,2,i,i,2,i,i,i,i,i,a,a,i,a,15,12,9,50,10,20,30,1,3,2,3,i,i,3,i,i,i,i,i,i,i,i,i,i,i,i,i,85,1,1
6291,doi:10.4232/1.12497,1.0.0 (2016-04-22),1,1,729,14000729,14810,14,3,TN,0.998662,1.377675,0.0,1.189387,1.499454,0.0,0.0,4,2,1,1,1,2,1,4,2,2,2,2,1,1,2,1,3,0,0,0,1,1,0,1,0,0,0,0,0,0,0,0,0,0,0,a,a,0,0,0,0,0,1,1,1,0,1,0,0,0,0,0,0,0,0,0,0,0,i,i,0,0,0,2,2,1,1,1,1,2,2,2,1,1,1,2,1,1,0,1,0,1,0,1,1,0,0,i,0,0,0,0,1,1,1,2,2,1,2,2,1,1,1,1,1,1,1,1,1,1,1,1,i,1,1,3,3,1,1,0,1,0,0,0,0,i,i,i,0,0,0,0,0,0,0,1,1,1,0,0,0,0,i,0,0,0,2,4,2,2,3,4,2,3,1,0,0,0,1,0,1,0,0,0,1,0,1,0,0,0,0,0,1,0,0,0,1,0,0,0,0,0,0,0,0,0,3,2,2,2,1,2,2,2,1,2,1,1,2,2,2,1,1,1,1,2,2,2,2,2,2,3,0,0,0,0,1,0,0,1,1,0,0,0,0,0,1,7,i,i,i,i,1,2,1,1,0,0,0,0,0,0,0,1,1,0,0,0,0,0,0,0,1,0,0,0,0,0,1,0,0,0,0,1,1,1,0,0,0,0,0,1,0,0,0,0,0,0,0,1,1,1,1,0,1,0,0,0,0,1,1,22,1,1,6,3,5,5,i,i,0,0,0,0,1,0,0,i,i,i,i,i,i,i,i,i,i,i,i,i,i,i,i,i,i,i,i,i,i,i,i,i,i,i,i,i,i,1,1,0,0,0,1,8,3,8,4,0,0,1,1,1,1,3,1,1,1,1,1,1,1,0,0,0,1,6,3,2,1,2,2,2,i,i,2,i,1,i,i,i,a,a,i,a,15,12,16,0,16,27,27,1,2,2,3,i,i,3,i,i,i,i,i,i,i,i,i,i,i,i,i,86,1,1
6291,doi:10.4232/1.12497,1.0.0 (2016-04-22),1,1,730,14000730,14811,14,3,TN,0.892627,1.377675,0.0,1.189387,1.499454,0.0,0.0,2,3,3,2,3,2,2,3,2,2,2,1,3,1,1,1,4,0,0,0,0,0,1,1,0,0,0,0,0,0,0,0,0,0,0,a,a,0,0,0,0,0,0,1,0,1,1,0,0,0,0,0,0,0,0,0,0,0,i,i,0,0,0,2,2,1,1,1,1,2,2,2,1,2,1,2,0,1,0,1,0,0,0,0,1,0,0,i,0,0,0,0,3,3,3,3,3,1,1,1,1,1,1,1,1,1,2,1,2,2,2,2,i,1,1,4,4,1,0,0,1,0,0,0,0,i,i,i,1,0,0,0,0,0,0,1,0,0,1,0,0,0,i,0,0,0,1,3,2,2,2,3,1,1,1,0,0,0,1,0,0,0,1,0,1,0,0,0,0,0,1,0,0,0,0,0,1,0,0,0,0,0,0,0,0,0,4,2,1,3,1,1,2,1,1,2,1,1,2,4,2,1,2,1,2,1,2,1,2,3,3,3,1,0,1,0,0,0,0,0,1,0,0,0,0,0,2,i,i,i,i,i,i,i,i,i,i,i,i,i,i,i,i,i,i,i,i,i,i,i,i,i,i,i,i,i,i,i,i,i,i,i,i,i,0,1,0,0,0,0,0,1,0,0,0,1,0,0,0,1,1,0,1,0,1,0,0,0,0,2,2,55,4,13,1,1,1,1,18,4,0,0,0,0,1,0,0,i,i,i,i,i,i,i,i,i,i,i,i,i,i,i,i,i,i,i,i,i,i,i,i,i,i,i,i,i,i,0,0,0,1,0,0,5,3,5,4,0,0,0,0,2,1,2,1,0,0,0,0,0,1,0,0,0,7,i,6,2,2,2,2,2,i,i,2,i,i,i,i,i,a,a,i,a,15,12,13,10,13,40,30,1,2,2,3,i,i,3,i,i,i,i,i,i,i,i,i,i,i,i,i,58,1,1
6291,doi:10.4232/1.12497,1.0.0 (2016-04-22),1,1,731,14000731,14812,14,3,TN,1.030068,1.377675,0.0,1.189387,1.499454,0.0,0.0,4,3,3,3,4,4,4,4,4,4,4,2,3,2,2,2,3,0,0,0,1,0,0,1,0,0,0,0,0,0,0,0,0,0,0,a,a,0,0,0,0,0,1,1,0,0,1,0,0,0,0,0,0,0,0,0,0,0,i,i,0,0,0,2,2,1,1,1,1,1,2,2,2,2,3,i,1,1,1,1,0,1,0,0,0,0,0,i,0,0,0,0,3,3,3,3,3,1,1,1,1,1,1,1,1,1,1,1,1,1,1,1,i,1,1,4,4,1,0,0,0,0,0,0,0,i,i,i,0,0,0,0,0,0,0,1,0,0,0,0,0,0,i,0,0,0,2,4,3,3,3,3,3,3,1,1,1,1,1,0,0,0,0,0,0,0,0,0,0,0,1,0,0,0,0,0,1,0,0,0,0,0,0,0,0,0,4,2,2,5,2,2,2,2,2,2,2,2,2,4,4,3,3,1,1,3,3,3,3,3,3,4,1,1,0,0,0,0,0,0,1,0,0,0,0,0,2,i,i,i,i,i,i,i,i,i,i,i,i,i,i,i,i,i,i,i,i,i,i,i,i,i,i,i,i,i,i,i,i,i,i,i,i,i,1,1,0,0,0,0,0,0,0,0,1,0,0,0,0,1,1,0,1,0,0,0,0,0,0,2,1,65,4,1,6,1,18,8,i,i,0,0,0,0,1,0,0,i,i,i,i,i,i,i,i,i,i,i,i,i,i,i,i,i,i,i,i,i,i,i,i,i,i,i,i,i,i,0,0,0,1,0,0,1,1,4,4,1,1,0,0,2,1,2,1,0,0,0,0,0,1,0,0,0,7,6,7,2,2,2,2,2,i,i,2,i,i,i,i,i,a,a,i,a,15,12,15,35,16,0,25,1,4,2,3,i,i,3,i,i,i,i,i,i,i,i,i,i,i,i,i,86,1,1
6291,doi:10.4232/1.12497,1.0.0 (2016-04-22),1,1,732,14000732,14813,14,3,TN,1.021578,1.377675,0.0,1.189387,1.499454,0.0,0.0,4,1,1,1,1,2,1,4,4,2,2,1,3,1,1,1,3,0,0,0,0,0,1,1,1,0,0,0,0,0,0,0,0,0,0,a,a,0,0,0,0,0,1,0,0,1,1,1,0,0,0,0,0,0,0,0,0,0,i,i,0,0,0,1,2,1,1,1,2,2,2,2,2,2,2,i,1,0,1,1,0,0,0,0,1,0,0,i,0,0,0,0,2,2,2,2,2,1,1,1,1,1,2,2,1,2,2,1,1,1,2,1,i,2,2,2,3,1,1,0,0,0,0,0,0,i,i,i,1,0,0,0,0,0,0,1,1,0,0,0,0,0,i,0,0,0,2,4,2,2,2,2,2,2,1,0,1,0,0,0,0,1,1,0,1,0,0,0,0,0,1,0,0,0,0,0,1,0,0,0,0,0,0,0,0,0,2,1,1,1,1,2,2,2,2,2,2,2,2,3,3,1,1,2,2,2,2,2,2,2,2,4,1,0,0,0,0,1,0,1,0,0,0,0,0,0,2,i,i,i,i,i,i,i,i,i,i,i,i,i,i,i,i,i,i,i,i,i,i,i,i,i,i,i,i,i,i,i,i,i,i,i,i,i,0,1,0,0,0,0,0,1,0,0,0,0,0,0,0,1,1,0,1,1,1,0,0,0,0,2,1,67,4,17,2,1,5,5,i,i,0,0,0,0,1,0,0,i,i,i,i,i,i,i,i,i,i,i,i,i,i,i,i,i,i,i,i,i,i,i,i,i,i,i,i,i,i,1,1,0,0,0,1,6,3,4,4,2,2,0,0,2,1,2,1,0,0,1,1,1,1,0,0,0,6,1,6,1,2,2,2,2,i,i,2,i,i,i,i,i,a,a,i,a,15,12,12,20,13,0,40,1,2,2,3,i,i,3,i,i,i,i,i,i,i,i,i,i,i,i,i,85,1,1
6291,doi:10.4232/1.12497,1.0.0 (2016-04-22),1,1,733,14000733,14814,14,3,TN,0.993824,1.377675,0.0,1.189387,1.499454,0.0,0.0,2,2,1,1,1,1,1,4,3,4,2,2,3,1,2,1,4,0,0,0,0,0,0,0,1,0,0,0,0,0,0,0,0,0,0,a,a,0,0,0,0,0,0,1,0,0,0,1,0,0,0,0,0,0,0,0,0,0,i,i,0,0,0,2,2,1,2,1,2,2,2,2,1,3,1,2,0,0,0,1,0,0,0,1,0,0,0,i,0,0,0,0,2,3,2,3,4,1,1,1,1,1,1,1,2,2,2,2,2,1,2,2,i,2,2,3,3,1,1,0,0,0,0,0,0,i,i,i,1,0,0,0,0,0,0,1,0,0,0,0,0,0,i,0,0,0,2,4,2,4,4,4,2,2,1,1,0,0,0,0,1,0,0,0,1,0,0,0,0,0,1,0,1,0,0,0,0,0,0,0,0,0,0,0,0,0,4,4,4,4,2,2,2,2,2,2,2,2,2,3,3,2,2,1,1,3,3,3,3,3,3,4,0,0,0,0,1,0,0,1,1,0,0,0,0,0,2,i,i,i,i,i,i,i,i,i,i,i,i,i,i,i,i,i,i,i,i,i,i,i,i,i,i,i,i,i,i,i,i,i,i,i,i,i,0,1,0,0,0,0,0,1,0,0,0,0,0,0,0,1,1,0,1,1,1,0,0,0,0,1,1,17,1,0,5,3,2,2,19,i,0,0,0,0,1,0,0,i,i,i,i,i,i,i,i,i,i,i,i,i,i,i,i,i,i,i,i,i,i,i,i,i,i,i,i,i,i,0,0,0,1,0,0,5,2,4,4,1,1,0,0,2,1,2,1,1,1,1,1,0,0,0,0,0,1,i,1,2,1,2,2,2,i,i,2,i,1,i,i,i,a,a,i,a,15,12,16,30,16,50,20,1,2,2,3,i,i,3,i,i,i,i,i,i,i,i,i,i,i,i,i,86,1,1
6291,doi:10.4232/1.12497,1.0.0 (2016-04-22),1,1,734,14000734,14815,14,3,TN,0.998662,1.377675,0.0,1.189387,1.499454,0.0,0.0,4,2,1,2,2,3,3,4,4,4,4,2,2,2,2,2,3,0,0,0,0,0,1,1,0,0,0,0,0,0,0,0,0,0,0,a,a,0,0,0,0,0,1,0,0,1,1,0,0,0,0,0,0,0,0,0,0,0,i,i,0,0,0,2,2,2,2,1,1,2,2,2,3,2,2,i,0,0,1,1,0,0,0,0,0,0,0,i,0,0,0,0,2,2,2,2,2,1,1,1,2,2,2,1,1,1,1,1,1,1,2,1,i,1,1,4,4,1,0,1,0,0,0,0,0,i,i,i,0,0,0,0,0,0,0,1,0,0,0,0,0,0,i,0,0,0,3,3,3,3,3,4,3,3,1,0,0,1,0,0,1,0,0,0,0,1,0,0,0,0,1,0,0,0,0,0,1,0,0,0,0,0,0,0,0,0,4,4,4,4,2,2,2,2,2,2,2,2,2,4,2,1,1,1,4,3,3,3,3,3,3,3,1,1,1,0,0,0,0,0,0,0,0,0,0,0,1,29,i,i,i,i,1,2,1,4,0,0,1,0,0,0,0,0,0,0,0,0,0,0,0,0,0,0,0,0,0,0,0,0,0,1,0,1,1,1,0,0,0,0,0,1,0,0,0,0,0,0,0,1,1,0,1,0,1,0,0,0,0,1,1,24,1,1,6,3,18,8,i,i,0,0,0,0,1,0,0,i,i,i,i,i,i,i,i,i,i,i,i,i,i,i,i,i,i,i,i,i,i,i,i,i,i,i,i,i,i,1,0,0,0,0,1,2,1,4,4,0,0,0,0,2,1,2,1,0,0,0,0,0,1,0,0,0,7,2,2,2,1,2,2,2,i,i,2,i,2,i,i,i,a,a,i,a,15,12,15,10,15,35,25,1,3,2,3,i,i,3,i,i,i,i,i,i,i,i,i,i,i,i,i,86,1,1
6291,doi:10.4232/1.12497,1.0.0 (2016-04-22),1,1,735,14000735,14816,14,3,TN,1.093189,1.377675,0.0,1.189387,1.499454,0.0,0.0,2,3,3,3,4,2,2,4,2,2,2,3,3,3,3,3,7,0,0,0,0,0,1,0,0,0,0,0,0,0,0,0,0,0,0,a,a,0,0,0,0,0,0,0,0,1,1,0,0,0,0,0,0,0,0,0,0,0,i,i,0,0,0,2,2,4,4,2,4,2,2,2,2,2,1,2,1,0,0,0,0,0,0,0,0,0,0,i,0,0,0,0,2,2,2,2,2,1,2,2,2,2,2,2,2,2,2,2,2,2,2,2,i,2,2,3,3,1,1,0,0,0,0,0,0,i,i,i,0,0,0,0,0,0,0,1,1,0,0,0,0,0,i,0,0,0,2,2,2,2,3,3,3,3,0,1,0,0,0,0,1,0,0,0,0,1,0,0,0,0,1,1,0,0,0,0,0,0,0,0,0,0,0,0,0,0,2,2,2,2,1,2,2,2,2,2,2,2,2,2,2,1,1,2,2,2,2,2,2,2,4,4,0,1,1,0,0,1,0,0,0,0,0,0,0,0,1,5,i,i,i,i,1,2,1,3,0,1,0,0,0,0,0,0,0,0,0,0,0,1,0,0,0,0,0,0,0,0,0,0,0,0,0,2,0,1,0,0,0,0,0,0,0,0,0,0,0,0,0,1,1,0,1,0,0,0,0,0,0,1,2,33,2,16,2,3,10,6,i,i,0,0,0,0,1,0,0,i,i,i,i,i,i,i,i,i,i,i,i,i,i,i,i,i,i,i,i,i,i,i,i,i,i,i,i,i,i,0,0,0,1,0,0,5,3,3,3,0,0,0,0,2,1,2,1,1,1,0,0,0,0,0,0,0,7,6,6,1,2,2,2,2,i,i,2,i,i,i,i,i,a,a,i,a,17,12,13,10,13,40,30,1,1,1,3,i,i,3,i,i,i,i,i,i,i,i,i,i,i,i,i,82,9,1
6291,doi:10.4232/1.12497,1.0.0 (2016-04-22),1,1,736,14000736,14817,14,3,TN,1.163705,1.377675,0.0,1.189387,1.499454,0.0,0.0,2,3,2,2,3,2,2,4,5,4,2,3,3,1,2,1,2,0,0,0,1,0,1,1,1,0,0,0,0,0,0,0,0,0,0,a,a,0,0,0,0,1,0,1,0,1,1,1,0,0,0,0,0,0,0,0,0,0,i,i,0,0,0,2,4,4,3,1,1,2,2,2,6,6,3,i,1,0,0,1,0,0,0,0,0,0,0,i,0,0,0,0,2,2,2,4,5,1,2,1,1,1,1,1,2,2,1,1,1,1,1,1,i,2,1,2,4,0,0,0,0,0,0,0,0,i,i,i,0,0,0,0,0,0,1,1,0,1,0,1,0,0,i,0,0,0,4,4,3,3,2,2,2,2,0,1,0,0,1,0,0,1,1,0,0,0,1,0,0,0,0,0,0,0,0,0,1,0,0,0,0,1,0,0,0,0,3,2,2,1,2,1,1,1,2,2,2,2,2,3,3,2,2,3,2,3,2,2,3,1,4,4,1,0,1,0,1,0,0,0,0,0,0,0,0,0,2,i,i,i,i,i,i,i,i,i,i,i,i,i,i,i,i,i,i,i,i,i,i,i,i,i,i,i,i,i,i,i,i,i,i,i,i,i,1,0,0,0,0,0,0,0,1,1,0,0,0,0,0,1,1,0,1,0,1,0,1,0,0,2,2,20,1,0,5,3,2,2,19,i,0,0,0,0,1,0,0,i,i,i,i,i,i,i,i,i,i,i,i,i,i,i,i,i,i,i,i,i,i,i,i,i,i,i,i,i,i,1,0,0,0,0,1,7,3,5,4,0,0,0,0,1,1,3,1,0,1,1,1,1,1,0,0,0,1,i,5,2,1,2,2,2,i,i,2,i,1,i,i,i,a,a,i,a,17,12,10,6,10,46,40,1,1,1,3,i,i,3,i,i,i,i,i,i,i,i,i,i,i,i,i,80,3,1
6291,doi:10.4232/1.12497,1.0.0 (2016-04-22),1,1,737,14000737,14818,14,3,TN,1.114786,1.377675,0.0,1.189387,1.499454,0.0,0.0,4,3,3,3,4,3,3,4,3,3,3,2,1,1,2,2,8,1,0,0,1,0,0,1,0,0,0,0,0,0,0,0,0,0,0,a,a,0,0,0,1,0,0,1,0,0,1,1,0,0,0,0,0,0,0,0,0,0,i,i,0,0,0,2,3,1,2,1,2,2,2,2,3,2,1,2,0,1,0,1,0,0,0,0,0,0,0,i,0,0,0,0,2,3,2,2,2,1,2,1,1,1,1,1,1,1,1,1,2,1,1,2,i,2,2,2,2,1,0,0,0,0,0,0,0,i,i,i,0,0,0,0,0,0,0,1,1,1,0,0,0,0,i,0,0,0,4,3,2,2,2,4,3,2,1,1,0,0,0,0,1,0,0,0,0,0,0,0,0,0,1,1,0,0,0,0,0,0,0,0,0,0,0,0,0,0,3,2,2,3,1,1,3,2,1,2,1,2,2,4,3,1,2,2,2,3,2,3,4,4,4,4,1,1,0,0,1,0,0,0,0,0,0,0,0,0,2,i,i,i,i,i,i,i,i,i,i,i,i,i,i,i,i,i,i,i,i,i,i,i,i,i,i,i,i,i,i,i,i,i,i,i,i,i,1,1,0,0,0,0,0,1,0,0,0,0,0,0,0,1,1,0,1,0,1,0,0,0,0,2,2,42,3,1,6,1,1,1,19,i,0,0,0,0,1,0,0,i,i,i,i,i,i,i,i,i,i,i,i,i,i,i,i,i,i,i,i,i,i,i,i,i,i,i,i,i,i,1,0,0,0,0,1,5,3,4,4,0,0,0,0,2,1,2,1,0,0,1,1,0,1,0,0,0,1,i,6,2,2,2,2,2,i,i,2,i,i,i,i,i,a,a,i,a,15,12,11,31,11,50,21,2,3,1,3,i,i,3,i,i,i,i,i,i,i,i,i,i,i,i,i,71,5,1
6291,doi:10.4232/1.12497,1.0.0 (2016-04-22),1,1,738,14000738,14819,14,3,TN,1.057608,1.377675,0.0,1.189387,1.499454,0.0,0.0,4,3,3,3,4,1,2,4,4,4,4,1,2,2,2,3,8,1,0,0,0,0,0,1,0,0,0,0,0,0,0,0,0,0,0,a,a,0,0,0,1,0,0,0,0,0,1,1,0,0,0,0,0,0,0,0,0,0,i,i,0,0,0,2,2,2,2,1,1,1,1,1,4,2,1,2,0,0,1,0,0,0,0,0,0,0,0,i,0,0,0,0,1,3,1,1,2,1,1,1,1,1,1,1,1,1,1,1,1,1,1,1,i,1,1,3,3,0,1,1,0,0,0,0,0,i,i,i,0,0,0,0,0,0,0,1,1,1,0,0,0,0,i,0,0,0,4,3,3,2,2,3,3,3,1,0,1,0,0,0,0,0,0,0,0,0,0,0,0,0,1,1,0,0,0,0,0,0,0,0,0,0,0,0,0,0,2,2,2,4,1,1,1,1,1,2,2,2,2,3,3,3,3,1,3,3,3,3,3,3,3,4,1,1,1,0,0,0,0,0,0,0,0,0,0,0,2,i,i,i,i,i,i,i,i,i,i,i,i,i,i,i,i,i,i,i,i,i,i,i,i,i,i,i,i,i,i,i,i,i,i,i,i,i,1,1,0,0,0,0,0,0,0,0,0,0,0,0,0,1,1,0,1,0,1,0,0,0,0,1,2,66,4,1,6,5,18,8,i,i,0,0,0,0,1,0,0,i,i,i,i,i,i,i,i,i,i,i,i,i,i,i,i,i,i,i,i,i,i,i,i,i,i,i,i,i,i,0,0,0,1,0,0,2,1,2,2,0,0,0,0,2,1,2,1,0,0,0,0,0,0,0,0,0,7,6,6,4,2,2,2,2,i,i,2,i,i,i,i,i,a,a,i,a,15,12,10,40,11,5,25,2,4,1,3,i,i,3,i,i,i,i,i,i,i,i,i,i,i,i,i,72,4,1
6291,doi:10.4232/1.12497,1.0.0 (2016-04-22),1,1,739,14000739,14820,14,3,TN,1.028818,1.377675,0.0,1.189387,1.499454,0.0,0.0,2,2,1,2,2,2,2,4,2,3,2,1,3,3,1,3,3,0,0,0,0,0,1,1,0,0,0,0,0,0,0,0,0,0,0,a,a,0,0,0,0,0,1,0,0,1,1,0,0,0,0,0,0,0,0,0,0,0,i,i,0,0,0,2,2,1,2,1,2,2,2,2,2,2,1,2,0,1,1,0,0,1,0,1,0,0,0,i,0,0,0,0,2,2,2,2,2,1,2,1,1,1,1,1,1,2,1,1,2,1,2,1,i,1,1,3,3,1,1,1,0,0,0,0,0,i,i,i,0,0,0,0,0,0,0,1,0,0,0,0,0,0,i,0,0,0,2,4,2,2,2,4,2,2,1,1,1,0,0,0,0,0,0,0,1,0,0,0,0,0,1,0,0,0,0,0,0,0,0,0,0,1,0,0,0,0,4,2,2,2,2,2,2,1,2,2,2,1,2,4,2,2,2,2,2,3,3,2,2,2,2,4,0,0,1,0,1,0,0,0,1,0,0,0,0,0,2,i,i,i,i,i,i,i,i,i,i,i,i,i,i,i,i,i,i,i,i,i,i,i,i,i,i,i,i,i,i,i,i,i,i,i,i,i,0,1,0,0,0,0,0,0,0,0,0,1,0,0,0,2,1,0,1,0,1,0,0,0,0,1,1,39,2,99,9,1,14,7,i,i,0,0,0,0,1,0,0,i,i,i,i,i,i,i,i,i,i,i,i,i,i,i,i,i,i,i,i,i,i,i,i,i,i,i,i,i,i,1,0,0,0,0,1,5,1,4,4,1,1,1,1,2,1,2,1,0,0,1,1,0,1,0,0,0,4,6,6,2,2,2,2,2,i,i,2,i,i,i,i,i,a,a,i,a,15,12,10,55,11,30,35,1,2,2,3,i,i,3,i,i,i,i,i,i,i,i,i,i,i,i,i,85,1,1
6291,doi:10.4232/1.12497,1.0.0 (2016-04-22),1,1,740,14000740,14821,14,3,TN,0.993824,1.377675,0.0,1.189387,1.499454,0.0,0.0,4,2,1,1,1,3,2,4,3,2,2,2,1,1,2,1,7,0,0,1,0,0,1,0,0,0,0,0,0,0,0,0,0,0,0,a,a,0,0,0,0,0,1,0,0,1,1,0,0,0,0,0,0,0,0,0,0,0,i,i,0,0,0,2,2,2,2,1,2,2,1,2,1,3,1,2,0,0,1,1,0,0,0,0,0,0,0,i,0,0,0,0,2,3,2,3,2,1,2,1,1,1,1,1,1,1,1,1,1,1,1,1,i,1,1,3,3,0,0,0,0,0,0,0,0,i,i,i,1,0,1,0,0,0,0,0,0,1,0,0,0,0,i,0,0,0,2,4,2,2,2,2,3,4,1,1,0,1,0,0,0,0,0,0,0,0,1,0,0,0,0,0,1,0,0,0,0,0,0,0,0,1,0,0,0,0,4,4,4,2,2,2,2,2,2,2,2,2,2,4,2,1,3,3,3,3,2,2,3,3,3,4,1,0,0,0,1,0,0,0,0,0,1,0,0,0,1,48,i,i,i,i,1,1,1,3,0,0,1,0,0,0,0,0,0,0,0,0,0,0,1,0,1,0,0,0,0,0,1,0,0,0,0,1,0,1,0,0,0,0,0,0,0,0,1,1,0,0,0,1,1,1,1,0,1,0,0,0,0,1,1,23,1,17,2,3,17,8,i,i,0,0,0,0,1,0,0,i,i,i,i,i,i,i,i,i,i,i,i,i,i,i,i,i,i,i,i,i,i,i,i,i,i,i,i,i,i,1,0,0,0,0,1,4,1,6,4,0,0,0,0,2,1,2,1,1,1,0,0,0,0,0,0,0,7,5,2,2,1,2,2,2,i,i,2,i,2,i,i,i,a,a,i,a,15,12,17,0,17,20,20,1,1,2,3,i,i,3,i,i,i,i,i,i,i,i,i,i,i,i,i,86,1,1
6291,doi:10.4232/1.12497,1.0.0 (2016-04-22),1,1,741,14000741,14822,14,3,TN,1.028818,1.377675,0.0,1.189387,1.499454,0.0,0.0,2,3,3,3,4,1,2,3,2,2,2,3,1,1,2,1,4,0,1,0,0,0,1,0,0,0,0,0,0,0,0,0,0,0,0,a,a,0,0,0,0,1,0,1,0,1,0,0,0,0,0,0,0,0,0,0,0,0,i,i,0,0,0,1,1,1,1,1,3,2,2,2,1,2,1,2,1,0,1,1,0,0,0,0,0,1,0,i,0,0,0,0,2,3,1,3,2,1,2,2,2,1,1,1,2,2,1,1,1,2,2,1,i,1,1,2,3,1,0,0,0,0,0,0,0,i,i,i,1,0,0,0,0,0,0,1,1,1,0,0,0,0,i,0,0,0,3,4,2,2,2,4,2,2,1,1,0,1,0,0,0,0,0,0,0,1,0,0,0,0,1,0,0,0,0,0,0,0,0,0,0,1,0,0,0,0,4,4,4,1,1,2,2,1,2,2,1,1,2,4,2,3,2,1,2,3,3,3,1,2,3,3,1,1,0,0,0,0,0,0,0,1,0,0,0,0,1,19,i,i,i,i,1,2,1,5,0,0,1,0,0,1,0,0,0,0,0,0,0,1,1,0,0,0,0,0,0,0,1,0,0,0,0,1,0,1,0,0,0,0,0,1,0,0,0,0,0,0,0,1,1,0,1,0,1,0,0,0,0,1,1,26,2,19,2,3,13,7,i,i,0,0,0,0,1,0,0,i,i,i,i,i,i,i,i,i,i,i,i,i,i,i,i,i,i,i,i,i,i,i,i,i,i,i,i,i,i,0,0,0,1,0,0,8,3,2,2,0,0,0,0,1,1,3,1,1,1,1,1,0,1,0,0,0,1,1,2,1,1,2,2,1,i,i,2,i,1,i,i,1,a,a,i,a,15,12,10,20,10,45,25,1,1,2,3,i,i,3,i,i,i,i,i,i,i,i,i,i,i,i,i,58,1,1
6291,doi:10.4232/1.12497,1.0.0 (2016-04-22),1,1,742,14000742,14823,14,3,TN,0.892627,1.377675,0.0,1.189387,1.499454,0.0,0.0,4,2,1,1,1,2,1,3,3,2,2,1,3,3,1,3,3,1,0,0,0,0,0,1,0,0,0,0,0,0,0,0,0,0,0,a,a,0,0,0,1,0,1,0,0,0,1,0,0,0,0,0,0,0,0,0,0,0,i,i,0,0,0,2,2,2,2,1,1,2,2,2,2,1,2,i,0,0,1,1,0,0,0,0,0,1,0,i,0,0,0,0,2,2,2,2,2,1,1,1,1,1,1,1,1,1,1,1,1,1,1,1,i,1,1,3,3,1,0,0,0,0,0,0,0,i,i,i,1,0,0,0,0,0,0,1,0,0,0,0,0,0,i,0,0,0,3,4,2,2,2,4,2,2,1,0,1,0,1,0,0,1,0,0,0,0,0,0,0,0,1,0,0,0,1,0,0,0,0,0,0,0,0,0,0,0,2,2,2,2,1,2,2,2,2,2,2,2,2,4,3,2,2,1,2,3,3,3,3,3,4,4,1,0,0,0,0,0,0,0,1,1,0,0,0,0,1,48,i,i,i,i,1,1,1,1,0,0,0,0,0,0,0,0,0,0,1,0,0,0,0,0,1,0,0,0,0,0,0,1,0,0,0,1,0,1,0,0,0,0,0,1,0,0,1,0,0,0,0,1,1,0,1,0,1,0,0,0,0,2,2,61,4,15,1,1,1,1,19,i,0,0,0,0,1,0,0,i,i,i,i,i,i,i,i,i,i,i,i,i,i,i,i,i,i,i,i,i,i,i,i,i,i,i,i,i,i,1,0,0,0,0,1,6,1,3,3,0,0,0,0,1,1,3,1,0,0,1,1,0,1,0,0,0,6,i,6,1,2,2,2,2,i,i,2,i,i,i,i,i,a,a,i,a,15,12,11,40,12,15,35,1,1,2,3,i,i,3,i,i,i,i,i,i,i,i,i,i,i,i,i,5,1,1
6291,doi:10.4232/1.12497,1.0.0 (2016-04-22),1,1,743,14000743,14824,14,3,TN,0.986754,1.377675,0.0,1.189387,1.499454,0.0,0.0,2,1,1,1,1,2,1,3,4,3,3,1,1,1,1,1,7,0,0,0,0,0,1,0,1,0,0,0,0,0,0,0,0,0,0,a,a,0,0,0,0,0,0,0,0,1,1,1,0,0,0,0,0,0,0,0,0,0,i,i,0,0,0,2,2,1,1,2,2,1,1,1,2,2,2,i,0,0,0,0,0,0,0,0,0,1,0,i,0,0,0,0,5,5,5,5,5,3,3,3,3,3,3,3,3,3,3,3,3,3,3,3,i,3,3,5,5,0,0,0,0,0,0,0,0,i,i,i,0,0,0,0,0,1,0,0,0,0,0,0,0,0,i,0,0,1,4,4,4,4,4,4,4,4,0,0,0,0,0,0,0,0,0,0,0,0,0,0,0,1,0,0,0,0,0,0,0,0,0,0,0,0,0,0,0,1,1,1,1,1,1,1,3,2,2,2,2,2,2,2,2,1,1,1,1,1,2,2,2,2,4,4,0,0,0,0,0,0,0,0,0,0,0,0,0,1,2,i,i,i,i,i,i,i,i,i,i,i,i,i,i,i,i,i,i,i,i,i,i,i,i,i,i,i,i,i,i,i,i,i,i,i,i,i,0,0,0,0,0,0,0,0,0,0,0,0,0,0,1,1,1,0,1,0,0,0,0,0,0,1,1,54,3,17,2,1,7,5,i,i,0,0,0,0,1,0,0,i,i,i,i,i,i,i,i,i,i,i,i,i,i,i,i,i,i,i,i,i,i,i,i,i,i,i,i,i,i,0,1,0,0,0,1,5,2,4,4,0,0,1,1,2,1,2,1,1,1,0,1,0,0,0,0,0,6,6,6,1,2,2,2,2,i,i,2,i,i,i,i,i,a,a,i,a,17,12,14,40,15,15,35,1,1,2,3,i,i,3,i,i,i,i,i,i,i,i,i,i,i,i,i,83,30,1
6291,doi:10.4232/1.12497,1.0.0 (2016-04-22),1,1,744,14000744,14825,14,3,TN,1.101554,1.377675,0.0,1.189387,1.499454,0.0,0.0,3,3,3,3,4,2,2,3,2,2,1,2,1,1,1,1,1,0,0,0,0,0,0,0,0,0,0,0,0,0,0,0,0,0,0,a,a,0,0,1,1,0,0,0,0,0,0,0,0,0,0,0,0,0,0,0,0,0,i,i,0,0,0,2,1,1,1,2,2,2,2,1,2,2,1,2,1,1,0,0,0,1,0,1,0,0,0,i,0,0,0,0,2,2,3,2,2,1,2,3,3,3,2,1,1,1,1,1,1,1,3,3,i,2,2,2,2,1,1,1,0,0,0,0,0,i,i,i,0,0,0,0,0,0,0,1,1,0,1,0,0,0,i,0,0,0,4,3,3,2,2,2,1,1,1,0,0,1,0,0,1,0,0,0,0,0,0,0,0,0,0,1,0,1,0,0,0,0,0,0,0,0,0,0,0,0,3,3,3,3,2,2,2,2,2,2,2,2,2,4,4,4,4,2,2,2,2,2,2,2,2,2,1,1,0,1,0,0,0,0,0,0,0,0,0,0,1,41,i,i,i,i,1,1,1,3,1,0,0,1,0,1,0,0,0,0,0,0,0,1,0,0,0,0,0,0,0,0,1,0,0,0,0,1,0,1,0,0,0,0,0,1,0,0,0,1,0,0,0,1,1,1,0,0,1,0,0,0,0,1,1,25,2,98,8,3,3,3,18,4,0,0,0,0,1,0,0,i,i,i,i,i,i,i,i,i,i,i,i,i,i,i,i,i,i,i,i,i,i,i,i,i,i,i,i,i,i,0,0,0,1,0,0,6,4,4,4,0,0,0,0,2,1,2,1,1,1,1,1,0,0,0,0,0,1,i,2,3,1,2,2,2,i,i,2,i,3,i,i,i,a,a,i,a,15,12,11,30,12,10,40,1,3,1,3,i,i,3,i,i,i,i,i,i,i,i,i,i,i,i,i,76,2,1
6291,doi:10.4232/1.12497,1.0.0 (2016-04-22),1,1,745,14000745,14826,14,3,TN,0.986754,1.377675,0.0,1.189387,1.499454,0.0,0.0,4,1,1,1,1,2,1,2,1,1,1,1,1,1,1,1,11,0,0,0,0,0,0,0,0,0,0,0,0,0,0,0,0,0,0,a,a,0,0,1,0,0,0,0,0,0,0,0,0,0,1,0,0,0,0,0,0,0,i,i,0,0,0,2,1,2,1,1,1,2,2,2,1,2,1,2,0,0,1,0,0,0,0,1,1,1,0,i,0,0,0,0,2,2,3,1,1,1,2,2,2,2,2,1,1,1,1,1,2,2,2,2,i,3,3,1,1,1,1,1,0,0,0,0,0,i,i,i,0,0,0,0,0,0,0,0,1,1,0,0,0,1,i,0,0,0,5,5,5,4,4,4,5,5,1,0,0,0,1,0,0,0,1,0,0,1,0,0,0,0,1,0,0,1,0,0,0,0,0,0,0,0,0,0,0,0,3,3,3,3,1,2,2,2,1,1,2,2,1,3,3,2,2,1,1,1,2,3,4,4,3,3,1,1,0,0,0,0,0,0,0,0,0,0,0,0,2,i,i,i,i,i,i,i,i,i,i,i,i,i,i,i,i,i,i,i,i,i,i,i,i,i,i,i,i,i,i,i,i,i,i,i,i,i,0,1,0,0,0,0,0,1,0,0,0,0,0,0,0,1,1,0,1,0,1,0,0,0,0,1,1,52,3,98,8,1,18,8,i,i,0,0,0,0,1,0,0,i,i,i,i,i,i,i,i,i,i,i,i,i,i,i,i,i,i,i,i,i,i,i,i,i,i,i,i,i,i,0,0,0,1,0,0,4,1,4,4,0,0,0,0,2,1,2,1,0,1,0,0,0,0,0,0,0,7,6,6,1,2,2,2,2,i,i,2,i,i,i,i,i,a,a,i,a,17,12,16,15,16,55,40,1,2,2,3,i,i,3,i,i,i,i,i,i,i,i,i,i,i,i,i,79,29,1
6291,doi:10.4232/1.12497,1.0.0 (2016-04-22),1,1,746,14000746,14827,14,3,TN,1.021005,1.377675,0.0,1.189387,1.499454,0.0,0.0,2,2,2,2,2,1,1,4,2,2,2,2,1,1,1,1,7,1,1,1,1,0,1,0,1,0,0,0,1,1,1,1,0,1,1,a,a,0,0,0,1,1,1,1,0,1,1,1,0,0,0,1,1,1,1,0,1,1,i,i,0,0,0,2,2,1,1,1,3,2,2,2,1,2,1,2,0,0,1,1,0,1,0,0,0,1,0,i,0,0,0,0,2,2,1,3,2,1,1,1,1,1,1,1,1,1,1,1,1,1,1,1,i,1,1,2,2,0,1,0,0,0,0,0,1,i,i,i,1,0,0,0,0,0,0,1,1,1,0,0,0,0,i,0,0,0,3,3,3,3,3,3,3,3,0,1,1,0,1,0,0,0,0,0,0,0,0,0,0,0,1,0,0,1,0,0,0,0,0,0,0,0,0,0,0,0,2,2,2,2,1,1,2,2,2,2,2,2,2,3,2,1,2,2,3,1,1,1,3,2,3,4,1,0,0,0,0,1,1,0,0,0,0,0,0,0,1,7,i,i,i,i,1,1,1,3,0,1,0,0,0,0,0,0,0,0,0,0,0,0,0,0,0,0,0,1,0,0,0,0,0,0,0,1,0,0,0,0,0,0,0,0,1,1,0,0,0,0,0,1,1,0,0,0,0,0,1,0,0,1,2,27,2,18,2,1,3,3,19,i,0,0,0,0,1,0,0,i,i,i,i,i,i,i,i,i,i,i,i,i,i,i,i,i,i,i,i,i,i,i,i,i,i,i,i,i,i,1,1,0,0,0,1,9,3,2,2,1,1,0,0,1,1,3,1,1,0,1,1,1,1,0,0,0,2,i,3,1,1,2,2,2,i,i,2,i,2,i,i,i,a,a,i,a,17,12,17,15,17,53,43,2,1,2,3,i,i,3,i,i,i,i,i,i,i,i,i,i,i,i,i,81,3,1
6291,doi:10.4232/1.12497,1.0.0 (2016-04-22),1,1,747,14000747,14828,14,3,TN,1.163705,1.377675,0.0,1.189387,1.499454,0.0,0.0,2,3,3,3,4,1,2,3,3,2,2,3,1,1,3,1,6,1,1,1,1,0,0,1,1,0,0,0,0,0,0,0,0,1,0,a,a,0,0,0,1,1,1,1,0,1,1,1,0,0,0,0,0,0,0,0,1,0,i,i,0,0,0,3,3,3,3,2,2,2,2,2,2,6,3,i,0,0,0,1,0,0,0,0,0,0,0,i,0,0,0,0,2,2,2,5,5,1,1,1,2,1,1,1,2,1,2,1,1,1,1,1,i,1,1,2,5,0,1,1,0,0,0,0,0,i,i,i,0,0,0,0,0,0,0,1,0,0,0,0,0,0,i,0,0,0,3,3,3,2,2,2,2,2,0,0,0,0,1,0,0,0,0,0,0,0,1,0,0,0,0,0,0,1,0,0,0,0,0,0,0,1,0,0,0,0,3,3,2,2,1,1,3,2,2,2,2,2,2,3,3,1,1,2,3,2,2,2,2,2,3,3,0,0,1,0,0,0,0,1,0,1,0,0,0,0,2,i,i,i,i,i,i,i,i,i,i,i,i,i,i,i,i,i,i,i,i,i,i,i,i,i,i,i,i,i,i,i,i,i,i,i,i,i,1,0,0,0,0,0,0,1,0,0,1,0,0,0,0,1,1,1,1,1,0,0,0,0,0,1,2,18,1,0,5,3,2,2,19,i,0,0,0,0,1,0,0,i,i,i,i,i,i,i,i,i,i,i,i,i,i,i,i,i,i,i,i,i,i,i,i,i,i,i,i,i,i,1,0,0,0,0,1,7,3,3,3,0,0,0,0,2,1,2,1,0,0,1,1,0,1,0,0,0,1,i,5,3,1,2,2,2,i,i,2,i,1,i,i,i,a,a,i,a,15,12,16,36,17,16,40,1,1,1,3,i,i,3,i,i,i,i,i,i,i,i,i,i,i,i,i,76,28,1
6291,doi:10.4232/1.12497,1.0.0 (2016-04-22),1,1,748,14000748,14829,14,3,TN,1.173377,1.377675,0.0,1.189387,1.499454,0.0,0.0,2,2,1,1,1,2,1,4,4,1,1,3,3,1,3,1,8,1,0,1,1,0,1,1,0,0,0,0,1,0,1,0,0,1,0,a,a,0,0,0,1,0,1,1,0,1,1,1,0,0,0,1,0,1,0,0,1,0,i,i,0,0,0,2,2,1,4,1,2,2,2,2,1,2,3,i,0,0,0,0,0,0,0,0,0,0,0,i,0,0,1,0,5,5,5,5,5,1,1,1,1,1,1,1,1,1,1,1,1,1,1,1,i,1,1,5,5,1,0,0,0,0,0,0,0,i,i,i,1,0,0,0,0,0,0,1,1,1,0,0,0,0,i,0,0,0,3,3,3,3,3,3,3,3,0,0,0,0,0,0,0,0,0,0,0,0,0,0,0,1,0,0,0,0,0,0,0,0,0,0,0,0,0,0,0,1,3,3,3,3,1,2,2,2,1,2,2,2,2,3,3,5,5,5,5,5,5,5,5,5,5,5,0,0,1,0,0,0,0,0,0,0,0,0,0,0,2,i,i,i,i,i,i,i,i,i,i,i,i,i,i,i,i,i,i,i,i,i,i,i,i,i,i,i,i,i,i,i,i,i,i,i,i,i,0,1,0,0,0,0,0,1,0,0,0,0,0,0,0,3,1,1,0,0,1,0,0,0,0,2,2,24,1,1,6,1,3,3,18,4,0,0,0,0,1,0,0,i,i,i,i,i,i,i,i,i,i,i,i,i,i,i,i,i,i,i,i,i,i,i,i,i,i,i,i,i,i,1,0,0,0,0,1,5,3,2,2,0,0,0,0,2,2,4,1,1,0,0,0,0,1,0,0,0,7,i,5,3,2,2,2,2,i,i,2,i,i,i,i,i,a,a,i,a,15,12,15,45,12,6,21,1,2,1,3,i,i,3,i,i,i,i,i,i,i,i,i,i,i,i,i,76,28,1
6291,doi:10.4232/1.12497,1.0.0 (2016-04-22),1,1,749,14000749,14830,14,3,TN,1.101554,1.377675,0.0,1.189387,1.499454,0.0,0.0,2,2,2,2,2,3,3,3,2,3,3,2,3,3,3,3,7,0,0,1,1,0,1,0,0,0,0,0,0,0,0,0,0,0,0,a,a,0,0,0,0,0,1,1,0,1,1,0,0,0,0,0,0,0,0,0,0,0,i,i,0,0,0,2,1,1,1,2,2,1,1,1,3,3,1,2,1,1,0,0,0,0,0,0,0,0,0,i,0,0,0,0,2,3,2,2,2,1,2,2,1,1,1,1,2,2,1,2,2,2,1,1,i,1,1,2,2,1,0,0,1,0,0,0,0,i,i,i,0,0,0,0,0,0,0,1,0,0,1,0,0,0,i,0,0,0,4,3,3,3,3,3,3,3,0,1,0,1,0,0,1,0,0,0,0,0,0,0,0,0,1,1,0,0,0,0,0,0,0,0,0,0,0,0,0,0,2,2,2,2,2,2,2,2,2,2,2,2,2,2,2,2,2,2,2,3,2,2,3,3,3,4,1,0,1,0,1,0,0,0,0,0,0,0,0,0,2,i,i,i,i,i,i,i,i,i,i,i,i,i,i,i,i,i,i,i,i,i,i,i,i,i,i,i,i,i,i,i,i,i,i,i,i,i,0,1,0,0,0,0,0,1,0,0,0,0,0,0,0,1,1,0,1,0,1,0,0,0,0,1,1,31,2,14,1,1,3,3,18,4,0,0,0,0,1,0,0,i,i,i,i,i,i,i,i,i,i,i,i,i,i,i,i,i,i,i,i,i,i,i,i,i,i,i,i,i,i,0,0,0,1,0,0,4,2,6,4,2,2,0,0,2,1,2,1,1,1,0,0,0,0,0,0,0,7,i,6,3,2,2,2,2,i,i,2,i,i,i,i,i,a,a,i,a,15,12,11,5,11,35,30,1,1,1,3,i,i,3,i,i,i,i,i,i,i,i,i,i,i,i,i,73,9,1
6291,doi:10.4232/1.12497,1.0.0 (2016-04-22),1,1,750,14000750,14831,14,3,TN,1.060453,1.377675,0.0,1.189387,1.499454,0.0,0.0,3,2,2,2,2,3,3,3,2,4,2,2,2,2,2,2,7,0,0,0,0,0,1,0,1,0,0,0,0,0,0,0,0,0,0,a,a,0,0,0,0,0,0,0,0,1,1,1,0,0,0,0,0,0,0,0,0,0,i,i,0,0,0,2,1,1,1,2,3,2,2,2,3,2,2,i,1,0,0,0,0,0,0,0,1,0,0,i,0,0,0,0,2,3,3,3,3,2,2,2,2,1,1,1,2,2,1,2,2,2,2,2,i,1,1,3,3,1,1,0,1,0,0,0,0,i,i,i,0,0,0,0,0,0,0,1,1,0,1,0,0,0,i,0,0,0,3,3,2,2,2,2,2,2,0,1,0,1,0,0,1,0,0,0,0,0,0,0,0,0,0,0,0,0,0,0,1,0,0,0,0,1,0,0,0,0,3,2,2,3,2,2,1,1,2,1,1,1,2,3,3,2,2,2,2,2,1,1,1,1,4,4,1,0,0,0,0,0,0,1,1,0,0,0,0,0,2,i,i,i,i,i,i,i,i,i,i,i,i,i,i,i,i,i,i,i,i,i,i,i,i,i,i,i,i,i,i,i,i,i,i,i,i,i,1,1,0,0,0,0,0,1,0,0,0,0,0,0,0,1,1,0,1,0,1,0,0,0,0,1,1,15,1,0,5,3,2,2,19,i,0,0,0,0,1,0,0,i,i,i,i,i,i,i,i,i,i,i,i,i,i,i,i,i,i,i,i,i,i,i,i,i,i,i,i,i,i,0,0,0,1,0,0,7,3,3,3,0,0,0,0,1,1,3,1,1,1,0,0,0,0,0,0,0,7,i,1,3,1,2,2,1,i,i,2,i,1,i,i,2,a,a,i,a,15,12,11,45,12,15,30,1,1,1,3,i,i,3,i,i,i,i,i,i,i,i,i,i,i,i,i,73,9,1
6291,doi:10.4232/1.12497,1.0.0 (2016-04-22),1,1,751,14000751,14832,14,3,TN,1.114786,1.377675,0.0,1.189387,1.499454,0.0,0.0,2,4,4,4,4,5,4,4,5,4,5,3,4,3,4,4,7,1,0,0,0,0,1,0,0,0,0,0,1,0,0,0,0,0,0,a,a,0,0,0,1,0,0,0,0,1,1,0,0,0,0,1,0,0,0,0,0,0,i,i,0,0,0,2,4,4,4,5,5,2,3,3,3,6,3,i,0,0,0,0,0,0,0,0,1,0,0,i,0,0,0,0,5,5,5,5,5,2,1,3,2,1,1,2,2,2,2,1,1,1,2,1,i,3,3,5,5,1,1,0,0,0,0,0,0,i,i,i,0,1,0,0,0,0,0,1,0,0,1,0,0,1,i,0,0,0,3,2,3,2,3,2,5,5,0,1,0,0,0,0,0,0,0,0,1,1,0,0,0,0,0,1,0,0,0,0,0,0,0,0,1,0,0,0,0,0,2,2,2,5,2,2,2,2,2,1,1,1,1,2,2,2,2,3,2,3,2,3,2,3,2,2,1,0,0,0,0,0,0,0,1,1,0,0,0,0,2,i,i,i,i,i,i,i,i,i,i,i,i,i,i,i,i,i,i,i,i,i,i,i,i,i,i,i,i,i,i,i,i,i,i,i,i,i,0,1,0,0,0,0,0,0,1,1,0,0,0,0,0,4,3,0,0,0,0,0,0,0,1,4,2,52,3,1,6,1,1,1,19,i,0,0,0,0,1,0,0,i,i,i,i,i,i,i,i,i,i,i,i,i,i,i,i,i,i,i,i,i,i,i,i,i,i,i,i,i,i,0,0,0,1,0,0,4,1,6,4,0,0,0,0,2,1,2,1,0,0,0,0,0,0,0,0,0,7,i,6,3,3,1,1,1,i,i,1,i,i,7,7,7,a,a,7,a,14,12,12,40,13,2,22,1,3,1,3,i,i,3,i,i,i,i,i,i,i,i,i,i,i,i,i,75,8,1
6291,doi:10.4232/1.12497,1.0.0 (2016-04-22),1,1,752,14000752,14833,14,3,TN,0.930349,1.377675,0.0,1.189387,1.499454,0.0,0.0,2,3,1,1,2,1,1,4,3,2,2,2,1,1,2,1,7,0,0,0,1,0,0,0,0,0,0,0,0,0,0,0,0,0,0,a,a,0,0,0,0,0,0,1,0,0,1,0,0,0,0,0,0,0,0,0,0,0,i,i,0,0,0,3,2,3,3,3,4,2,2,2,2,2,1,2,0,0,0,1,0,0,0,0,1,0,0,i,0,0,0,0,3,2,1,1,2,1,1,2,1,1,1,1,2,2,2,1,1,1,2,1,i,1,1,3,2,1,0,0,0,0,0,0,0,i,i,i,0,0,0,0,0,0,0,1,1,0,0,0,1,0,i,0,0,0,2,4,1,2,1,4,2,2,0,1,0,0,0,0,0,0,0,0,0,0,1,0,0,0,1,0,0,0,0,0,0,0,0,0,0,1,0,0,0,0,4,2,2,1,2,2,2,2,2,2,2,2,2,4,4,1,1,3,3,2,2,2,2,5,3,3,0,0,1,0,1,0,0,0,1,0,0,0,0,0,1,3,i,i,i,i,1,1,1,2,0,0,0,0,0,1,0,0,0,0,0,0,0,1,0,0,1,0,1,0,0,0,0,0,0,0,0,1,1,1,0,0,0,0,0,0,0,0,0,0,0,0,0,4,1,0,1,0,1,0,0,0,0,2,2,32,2,26,3,3,10,6,i,i,1,0,0,0,0,0,1,0,0,0,0,0,0,0,0,1,0,0,0,0,0,0,0,0,0,0,0,0,0,0,0,0,0,0,0,0,0,1,0,0,0,0,1,7,3,5,4,0,0,0,0,2,1,2,1,1,1,1,1,1,0,0,0,0,1,1,1,3,1,1,1,1,i,i,2,i,1,1,1,1,a,a,i,a,15,12,15,0,15,30,30,2,2,1,3,i,i,3,i,i,i,i,i,i,i,i,i,i,i,i,i,72,4,1
6291,doi:10.4232/1.12497,1.0.0 (2016-04-22),1,1,753,14000753,14834,14,3,TN,1.105598,1.377675,0.0,1.189387,1.499454,0.0,0.0,2,2,4,4,3,2,2,4,5,4,5,3,4,4,3,4,1,0,0,0,0,0,0,1,0,0,0,0,0,0,0,0,0,0,0,a,a,0,0,0,1,0,0,0,0,0,1,0,0,0,0,0,0,0,0,0,0,0,i,i,0,0,0,2,3,1,1,3,4,2,3,3,3,6,3,i,1,0,0,0,0,1,0,0,0,1,0,i,0,0,0,0,5,5,5,5,5,2,2,2,2,2,2,2,2,1,2,1,2,1,2,1,i,2,2,5,5,1,0,0,1,0,0,0,0,i,i,i,0,0,0,1,0,0,0,1,1,0,1,0,0,0,i,0,0,0,2,3,3,2,3,2,5,5,0,1,0,0,1,0,1,0,0,0,1,1,0,0,0,0,0,1,0,0,0,0,0,0,0,0,0,1,0,0,0,0,4,1,1,5,2,3,3,3,2,2,2,2,2,2,2,2,1,2,3,3,2,1,3,2,2,3,1,1,0,0,0,0,0,0,0,0,1,0,0,0,2,i,i,i,i,i,i,i,i,i,i,i,i,i,i,i,i,i,i,i,i,i,i,i,i,i,i,i,i,i,i,i,i,i,i,i,i,i,0,1,0,0,1,0,0,0,1,0,0,0,0,0,0,4,3,0,1,0,1,1,0,0,0,4,2,40,3,98,8,1,3,3,18,4,0,1,0,0,0,0,1,0,0,0,0,0,0,0,0,1,0,0,0,0,0,0,0,0,0,0,0,0,0,0,0,0,0,0,1,0,0,1,0,0,0,0,1,8,3,1,1,2,2,0,0,1,1,3,1,1,0,1,1,1,0,0,0,0,1,i,2,2,1,2,2,2,i,i,2,i,2,i,i,i,a,a,i,a,15,12,10,35,11,10,35,2,2,1,3,i,i,3,i,i,i,i,i,i,i,i,i,i,i,i,i,75,8,1
6291,doi:10.4232/1.12497,1.0.0 (2016-04-22),1,1,754,14000754,14835,14,3,TN,1.030401,1.377675,0.0,1.189387,1.499454,0.0,0.0,2,2,2,2,2,2,2,3,3,3,3,3,3,3,3,3,7,0,0,0,0,0,1,0,0,0,0,0,0,0,0,0,0,0,0,a,a,0,0,0,0,0,0,0,0,1,1,0,0,0,0,0,0,0,0,0,0,0,i,i,0,0,0,2,2,1,1,2,2,1,3,3,1,2,2,i,1,0,0,0,0,0,0,0,1,1,0,i,0,0,0,0,3,2,2,2,3,1,2,2,1,1,1,2,2,2,1,2,1,1,1,1,i,2,1,4,3,1,1,1,0,0,0,0,0,i,i,i,0,0,0,0,0,0,0,1,1,1,0,0,0,0,i,0,0,0,4,4,4,4,4,4,4,4,0,0,0,0,0,1,1,0,1,0,0,0,0,0,0,0,0,0,0,1,0,0,0,0,1,0,0,0,0,0,0,0,2,1,1,2,1,3,3,3,2,2,2,2,2,2,3,3,2,4,2,2,2,2,3,5,3,4,1,0,0,0,1,1,0,0,0,0,0,0,0,0,2,i,i,i,i,i,i,i,i,i,i,i,i,i,i,i,i,i,i,i,i,i,i,i,i,i,i,i,i,i,i,i,i,i,i,i,i,i,0,1,0,0,0,0,0,1,0,0,0,1,0,0,0,4,2,1,0,0,1,1,0,0,0,4,2,25,2,1,6,1,18,8,i,i,0,0,0,0,1,0,0,i,i,i,i,i,i,i,i,i,i,i,i,i,i,i,i,i,i,i,i,i,i,i,i,i,i,i,i,i,i,0,0,0,1,0,0,6,1,2,2,1,1,0,0,2,1,2,1,0,0,0,0,0,0,0,0,0,7,7,6,2,2,2,2,2,i,i,2,i,i,i,i,i,a,a,i,a,14,12,11,20,11,50,30,1,2,1,9,i,i,9,i,i,i,i,i,i,i,i,i,i,i,i,i,75,8,1
6291,doi:10.4232/1.12497,1.0.0 (2016-04-22),1,1,755,14000755,14836,14,3,TN,0.990431,1.377675,0.0,1.189387,1.499454,0.0,0.0,4,3,3,2,3,2,2,4,2,2,2,2,1,1,2,1,3,0,0,0,0,0,1,1,0,0,0,0,0,0,0,0,0,0,0,a,a,0,0,0,0,0,1,0,0,1,1,0,0,0,0,0,0,0,0,0,0,0,i,i,0,0,0,2,2,1,3,2,2,2,1,2,1,2,1,1,0,0,1,0,0,0,0,0,1,0,0,i,0,0,0,0,2,2,3,2,2,1,2,2,2,1,1,1,2,2,1,1,1,1,2,1,i,1,2,2,2,1,1,0,0,0,0,0,1,i,i,i,0,0,0,0,0,0,0,1,0,1,1,0,0,0,i,0,0,0,3,4,3,3,4,4,4,4,0,0,0,1,1,0,0,0,0,0,1,1,0,0,0,0,0,0,0,0,0,0,1,0,0,0,0,0,1,0,0,0,3,3,2,2,1,2,2,1,2,2,1,1,2,3,3,1,1,1,1,3,1,2,3,4,4,4,0,0,0,0,0,0,0,1,1,0,1,0,0,0,1,38,i,i,i,i,1,1,1,4,0,0,0,0,0,1,0,0,0,0,0,0,0,0,1,0,0,0,0,0,0,0,1,0,0,0,0,1,0,1,0,0,0,0,1,1,0,0,0,0,0,0,0,1,1,0,1,1,0,0,0,0,0,1,1,20,1,18,2,3,3,3,17,4,0,1,0,0,0,0,1,0,0,0,0,0,0,0,0,1,0,0,0,0,0,0,0,0,0,0,0,0,0,0,0,0,0,0,0,0,0,1,0,0,0,0,1,5,3,4,4,0,0,0,0,2,1,2,1,0,0,1,1,0,1,0,0,0,1,i,1,1,1,2,2,1,i,i,2,i,1,i,i,1,a,a,i,a,15,12,15,20,15,44,24,1,1,2,3,i,i,3,i,i,i,i,i,i,i,i,i,i,i,i,i,74,2,1
6291,doi:10.4232/1.12497,1.0.0 (2016-04-22),1,1,756,14000756,14837,14,3,TN,1.094326,1.377675,0.0,1.189387,1.499454,0.0,0.0,2,3,3,3,4,3,3,3,1,1,1,2,1,1,1,1,7,0,0,0,0,0,0,0,0,0,0,0,0,0,0,0,0,0,0,a,a,0,0,1,0,0,0,0,0,0,1,0,0,0,0,0,0,0,0,0,0,0,i,i,0,0,0,2,1,1,1,2,2,2,2,2,2,1,2,i,0,1,1,0,0,0,0,0,1,1,1,i,0,0,0,0,2,2,2,2,2,1,2,2,2,2,2,1,1,1,1,1,1,1,1,1,i,1,1,2,2,0,1,1,0,0,0,0,0,i,i,i,1,0,0,0,0,0,0,1,1,1,0,0,0,0,i,0,0,0,4,3,3,3,2,2,2,2,1,0,0,0,0,1,1,0,0,0,0,1,0,0,0,0,1,1,0,0,0,0,0,0,0,0,0,0,0,0,0,0,2,2,2,2,1,2,2,2,3,3,2,2,2,4,4,1,1,1,1,2,2,2,2,2,2,2,0,1,0,0,0,0,1,0,0,0,0,0,0,0,2,i,i,i,i,i,i,i,i,i,i,i,i,i,i,i,i,i,i,i,i,i,i,i,i,i,i,i,i,i,i,i,i,i,i,i,i,i,0,1,0,0,0,0,0,1,0,0,0,0,0,0,0,1,2,0,1,0,1,0,0,0,0,2,2,22,1,99,9,3,3,3,19,i,0,0,0,0,1,0,0,i,i,i,i,i,i,i,i,i,i,i,i,i,i,i,i,i,i,i,i,i,i,i,i,i,i,i,i,i,i,0,0,0,1,0,0,7,2,5,4,0,0,0,0,2,1,2,1,1,1,1,1,1,0,0,0,0,2,i,3,1,1,2,2,2,i,i,2,i,2,i,i,i,a,a,i,a,17,12,14,5,14,40,35,2,2,2,3,i,i,3,i,i,i,i,i,i,i,i,i,i,i,i,i,79,29,1
6291,doi:10.4232/1.12497,1.0.0 (2016-04-22),1,1,757,14000757,14838,14,3,TN,0.930349,1.377675,0.0,1.189387,1.499454,0.0,0.0,2,3,3,3,4,1,2,2,2,1,1,3,3,3,2,3,7,1,0,0,0,0,0,0,0,0,0,0,0,1,0,0,0,0,0,a,a,0,0,0,1,0,0,0,0,0,1,0,0,0,0,0,1,0,0,0,0,0,i,i,0,0,0,3,3,3,2,1,2,2,2,2,4,2,1,2,0,0,0,0,0,0,0,1,0,0,0,i,0,0,0,0,1,3,1,3,2,1,2,1,1,2,2,2,2,2,2,1,1,1,2,1,i,2,1,3,2,0,0,0,0,0,0,0,0,i,i,i,1,0,0,0,0,0,0,1,1,1,0,0,0,0,i,0,0,0,4,4,2,4,2,4,2,2,0,0,0,0,0,0,0,0,0,0,1,0,0,0,0,0,0,0,0,0,0,0,0,1,0,0,0,0,0,0,0,0,3,2,2,3,2,2,2,2,2,2,2,2,2,4,4,4,2,1,1,2,1,1,1,1,3,4,0,1,0,0,1,0,0,0,1,0,0,0,0,0,2,i,i,i,i,i,i,i,i,i,i,i,i,i,i,i,i,i,i,i,i,i,i,i,i,i,i,i,i,i,i,i,i,i,i,i,i,i,0,0,0,0,0,0,0,0,0,0,0,1,0,0,0,3,1,0,0,1,1,0,0,0,0,2,2,27,2,23,3,1,13,7,i,i,0,0,0,0,1,0,0,i,i,i,i,i,i,i,i,i,i,i,i,i,i,i,i,i,i,i,i,i,i,i,i,i,i,i,i,i,i,1,0,0,0,0,1,7,2,2,2,1,1,0,0,2,1,2,1,0,0,1,1,0,0,0,0,0,2,1,6,4,1,2,2,1,i,i,2,i,2,i,i,2,a,a,i,a,15,12,14,0,14,30,30,1,3,1,3,i,i,3,i,i,i,i,i,i,i,i,i,i,i,i,i,72,4,1
6291,doi:10.4232/1.12497,1.0.0 (2016-04-22),1,1,758,14000758,14839,14,3,TN,0.902489,1.377675,0.0,1.189387,1.499454,0.0,0.0,3,2,2,2,2,2,2,3,2,2,2,2,3,3,2,3,6,0,0,0,1,0,0,1,1,0,0,0,0,0,0,0,0,0,0,a,a,0,0,0,0,0,0,1,0,1,1,1,0,0,0,0,0,0,0,0,0,0,i,i,0,0,0,2,2,2,2,2,2,2,2,2,4,3,2,i,1,0,0,0,0,0,0,0,1,0,0,i,0,0,0,0,2,3,3,3,3,2,2,2,2,1,2,1,2,2,1,2,2,2,1,2,i,1,1,2,3,0,1,0,1,0,0,0,0,i,i,i,0,0,0,0,0,0,0,1,1,0,1,0,0,0,i,0,0,0,4,4,3,1,1,2,2,2,0,1,0,1,0,0,0,0,0,0,0,0,0,0,0,0,1,0,0,0,0,0,1,0,0,0,0,0,0,0,0,0,2,2,2,2,2,2,2,2,2,2,2,2,2,3,3,2,2,2,2,2,2,2,2,2,2,2,0,1,1,0,1,0,0,0,0,0,0,0,0,0,2,i,i,i,i,i,i,i,i,i,i,i,i,i,i,i,i,i,i,i,i,i,i,i,i,i,i,i,i,i,i,i,i,i,i,i,i,i,0,1,0,0,0,0,0,0,0,0,0,0,0,0,0,1,1,0,1,0,1,0,0,0,0,1,1,21,1,0,5,3,2,2,19,i,0,0,0,0,1,0,0,i,i,i,i,i,i,i,i,i,i,i,i,i,i,i,i,i,i,i,i,i,i,i,i,i,i,i,i,i,i,0,0,0,1,0,0,7,3,4,4,0,0,0,0,2,1,2,1,1,1,1,0,0,0,0,0,0,7,i,1,3,1,2,1,1,i,i,1,i,1,i,6,1,a,a,6,a,15,12,13,0,13,27,27,1,1,1,3,i,i,3,i,i,i,i,i,i,i,i,i,i,i,i,i,73,9,1
6291,doi:10.4232/1.12497,1.0.0 (2016-04-22),1,1,759,14000759,14840,14,3,TN,0.986754,1.377675,0.0,1.189387,1.499454,0.0,0.0,3,2,2,2,2,2,2,3,2,3,3,2,2,2,2,2,7,0,0,0,0,0,1,0,1,0,0,0,0,0,0,0,0,0,0,a,a,0,0,0,0,0,0,0,0,1,1,1,0,0,0,0,0,0,0,0,0,0,i,i,0,0,0,2,2,1,1,2,2,1,1,1,3,2,3,i,0,0,0,0,0,0,0,0,0,0,0,i,0,0,1,0,5,5,5,4,4,3,3,3,3,3,3,3,3,3,3,3,3,3,3,3,i,3,3,5,5,0,0,0,0,0,0,0,0,i,i,i,0,0,0,0,0,1,0,0,0,0,0,0,0,0,i,0,0,1,3,3,2,2,2,2,3,3,0,0,0,0,0,0,0,0,0,0,0,0,0,0,0,1,0,0,0,0,0,0,0,0,0,0,0,0,0,0,0,1,2,2,2,2,2,2,2,2,2,2,2,2,2,3,3,1,1,1,1,1,1,1,2,2,4,4,0,1,0,0,1,1,0,0,0,0,0,0,0,0,2,i,i,i,i,i,i,i,i,i,i,i,i,i,i,i,i,i,i,i,i,i,i,i,i,i,i,i,i,i,i,i,i,i,i,i,i,i,1,0,0,0,0,0,0,0,0,0,0,0,0,0,0,1,1,0,1,0,0,0,0,0,0,2,1,54,3,19,2,1,7,5,i,i,0,0,0,0,1,0,0,i,i,i,i,i,i,i,i,i,i,i,i,i,i,i,i,i,i,i,i,i,i,i,i,i,i,i,i,i,i,0,0,0,1,0,0,4,2,3,3,1,1,0,0,1,2,1,1,1,1,0,0,0,0,0,0,0,7,6,6,1,2,2,2,2,i,i,2,i,i,i,i,i,a,a,i,a,17,12,13,50,14,25,35,1,1,2,3,i,i,3,i,i,i,i,i,i,i,i,i,i,i,i,i,82,9,1
6291,doi:10.4232/1.12497,1.0.0 (2016-04-22),1,1,760,14000760,14841,14,3,TN,0.986754,1.377675,0.0,1.189387,1.499454,0.0,0.0,3,3,3,3,4,2,2,3,2,2,2,1,1,1,1,1,1,0,0,1,1,0,1,1,0,1,1,1,0,0,0,0,0,0,0,a,a,0,0,0,1,0,1,1,0,1,1,0,1,1,1,0,0,0,0,0,0,0,i,i,0,0,0,2,1,1,1,1,1,2,2,2,1,1,1,2,1,0,0,0,0,0,1,1,0,1,0,i,0,0,0,0,2,2,2,2,2,1,2,2,3,3,3,3,3,1,1,1,1,1,1,1,i,1,1,2,2,1,1,1,0,0,0,0,0,i,i,i,0,0,0,0,0,0,0,1,1,1,0,0,0,0,i,0,0,0,3,2,2,2,2,2,2,2,1,0,0,0,0,0,0,0,1,0,1,1,0,0,0,0,1,1,0,0,0,0,0,0,0,0,0,0,0,0,0,0,3,3,3,3,1,1,1,1,2,2,2,2,2,4,4,4,4,2,2,2,2,2,2,2,2,2,1,1,0,0,0,1,0,0,0,0,0,0,0,0,2,i,i,i,i,i,i,i,i,i,i,i,i,i,i,i,i,i,i,i,i,i,i,i,i,i,i,i,i,i,i,i,i,i,i,i,i,i,1,1,1,0,0,0,0,0,0,0,0,0,0,0,0,1,2,1,1,0,0,0,0,0,0,1,1,45,3,99,9,1,17,8,i,i,0,0,0,0,1,0,0,i,i,i,i,i,i,i,i,i,i,i,i,i,i,i,i,i,i,i,i,i,i,i,i,i,i,i,i,i,i,0,1,0,0,0,1,7,1,5,4,0,0,0,0,1,1,3,1,1,1,1,1,0,0,0,0,0,2,6,4,1,2,2,2,2,i,i,2,i,i,i,i,i,a,a,i,a,17,12,15,30,16,10,40,1,1,2,3,i,i,3,i,i,i,i,i,i,i,i,i,i,i,i,i,79,29,1
6291,doi:10.4232/1.12497,1.0.0 (2016-04-22),1,1,761,14000761,14842,14,3,TN,1.052909,1.377675,0.0,1.189387,1.499454,0.0,0.0,4,1,1,2,1,1,1,4,3,4,2,3,1,3,2,1,7,0,1,0,1,1,1,0,0,0,0,0,1,1,1,1,0,0,0,a,a,0,0,0,0,1,0,1,1,1,1,0,0,0,0,1,1,1,1,0,0,0,i,i,0,0,0,2,2,1,3,2,2,2,3,3,4,4,2,i,1,0,0,1,0,0,0,0,0,0,0,i,0,0,0,0,3,4,4,4,4,1,2,1,1,1,2,2,2,2,2,1,1,1,2,1,i,1,1,3,3,1,0,0,0,0,0,0,0,i,i,i,1,1,0,0,0,0,0,1,0,0,0,0,0,0,i,0,0,0,3,4,2,2,1,4,5,5,0,0,0,1,0,0,0,0,0,0,0,0,0,0,0,0,0,0,0,0,0,0,0,0,0,0,0,1,1,0,0,0,2,2,2,1,2,2,2,2,2,2,1,1,2,2,2,2,3,2,4,4,2,2,3,3,4,3,1,1,0,0,1,0,0,0,0,0,0,0,0,0,1,18,i,i,i,i,1,1,1,5,0,1,0,0,0,1,0,1,0,0,0,0,0,1,0,0,1,0,1,1,0,1,1,0,0,0,0,3,0,1,0,0,0,0,0,1,0,0,0,1,0,0,0,1,1,0,1,0,1,0,0,0,0,1,1,42,3,1,6,1,8,5,i,i,0,0,0,0,1,0,0,i,i,i,i,i,i,i,i,i,i,i,i,i,i,i,i,i,i,i,i,i,i,i,i,i,i,i,i,i,i,1,1,0,0,0,1,8,3,4,4,2,2,0,0,1,1,3,1,1,1,1,1,0,1,0,0,0,1,5,5,2,1,1,1,1,i,i,2,i,1,1,1,1,a,a,i,a,17,12,12,9,12,47,38,1,1,1,3,i,i,3,i,i,i,i,i,i,i,i,i,i,i,i,i,80,20,1
6291,doi:10.4232/1.12497,1.0.0 (2016-04-22),1,1,762,14000762,14843,14,3,TN,0.991557,1.377675,0.0,1.189387,1.499454,0.0,0.0,3,3,3,3,4,2,2,3,3,3,3,3,3,2,2,2,1,0,0,0,0,0,0,0,0,0,0,0,0,0,0,0,0,0,0,a,a,0,0,1,1,0,0,0,0,0,0,0,0,0,0,0,0,0,0,0,0,0,i,i,0,0,0,2,2,2,2,1,1,3,3,3,2,1,1,2,1,1,0,0,0,0,0,0,1,1,1,i,0,0,0,0,2,2,2,2,2,1,2,2,2,2,2,1,1,1,1,1,1,1,1,1,i,1,1,2,2,1,1,1,0,0,0,0,0,i,i,i,0,0,0,0,0,0,0,1,1,1,0,0,0,0,i,0,0,0,4,4,4,4,4,4,3,3,1,1,0,0,0,0,1,0,0,0,1,1,0,0,0,0,1,1,0,0,0,0,0,0,0,0,0,0,0,0,0,0,3,3,3,3,1,1,1,1,2,2,2,2,2,4,4,4,4,2,2,2,3,3,4,4,3,3,1,1,0,0,0,0,0,0,0,0,0,0,0,0,1,13,i,i,i,i,1,1,1,3,1,1,0,0,0,0,0,0,0,0,0,0,0,1,0,0,0,1,0,0,0,0,0,0,0,0,0,1,0,1,0,0,0,0,0,1,0,0,0,0,0,0,0,1,2,1,1,0,0,0,0,0,0,1,1,41,3,1,6,1,3,3,18,4,0,0,0,0,1,0,0,i,i,i,i,i,i,i,i,i,i,i,i,i,i,i,i,i,i,i,i,i,i,i,i,i,i,i,i,i,i,0,0,0,1,0,0,5,1,3,3,0,0,0,0,2,1,2,1,1,1,1,1,1,1,0,0,0,2,i,2,1,1,2,2,2,i,i,2,i,1,i,i,i,a,a,i,a,17,12,14,50,15,20,30,1,1,2,3,i,i,3,i,i,i,i,i,i,i,i,i,i,i,i,i,79,29,1
6291,doi:10.4232/1.12497,1.0.0 (2016-04-22),1,1,763,14000763,14844,14,3,TN,1.093189,1.377675,0.0,1.189387,1.499454,0.0,0.0,4,3,3,3,4,2,2,4,4,3,3,3,1,1,3,1,4,1,0,1,0,0,0,1,0,0,0,0,0,0,0,0,0,0,0,a,a,0,0,0,1,0,1,1,0,0,1,0,0,0,0,0,0,0,0,0,0,0,i,i,0,0,0,2,2,4,4,1,2,2,2,2,2,2,2,i,1,0,0,0,0,0,0,0,0,0,0,i,0,0,0,0,2,2,2,3,5,1,1,1,1,1,1,1,1,1,1,1,1,1,1,1,i,1,1,2,5,0,1,0,0,0,0,0,0,i,i,i,0,0,0,0,0,0,0,1,1,1,0,0,0,0,i,0,0,0,4,4,3,3,3,3,3,3,0,1,0,0,0,0,0,0,1,0,1,0,0,0,0,0,0,0,0,0,0,0,1,0,0,0,0,0,1,0,0,0,3,3,3,3,1,2,2,2,2,2,2,2,2,4,4,2,2,2,2,2,2,2,2,2,2,2,1,1,1,0,0,0,0,0,0,0,0,0,0,0,2,i,i,i,i,i,i,i,i,i,i,i,i,i,i,i,i,i,i,i,i,i,i,i,i,i,i,i,i,i,i,i,i,i,i,i,i,i,1,1,0,0,0,0,0,1,0,0,0,0,0,0,0,1,1,0,0,0,0,0,1,0,0,2,2,39,2,12,1,4,8,5,i,i,0,0,0,0,1,0,0,i,i,i,i,i,i,i,i,i,i,i,i,i,i,i,i,i,i,i,i,i,i,i,i,i,i,i,i,i,i,1,0,0,0,0,1,8,2,2,2,0,0,1,1,2,1,2,1,1,0,0,0,0,1,0,0,0,7,6,6,3,2,2,2,2,i,i,2,i,i,i,i,i,a,a,i,a,15,12,11,5,11,45,40,1,1,1,3,i,i,3,i,i,i,i,i,i,i,i,i,i,i,i,i,79,28,1
6291,doi:10.4232/1.12497,1.0.0 (2016-04-22),1,1,764,14000764,14845,14,3,TN,1.163705,1.377675,0.0,1.189387,1.499454,0.0,0.0,3,3,3,3,4,2,2,3,3,2,2,1,1,1,1,1,3,0,0,0,0,0,0,0,0,0,0,0,0,0,0,0,0,0,0,a,a,0,0,1,0,0,1,0,0,0,0,0,0,0,0,0,0,0,0,0,0,0,i,i,0,0,0,3,3,2,2,2,3,1,2,2,2,2,1,2,1,1,0,0,1,0,0,0,1,1,0,i,0,0,0,0,2,2,2,2,2,1,3,1,1,1,1,1,1,1,1,1,1,1,1,1,i,1,1,2,2,1,1,1,0,0,0,0,0,i,i,i,0,0,0,0,0,0,0,0,1,1,1,0,0,0,i,0,0,0,5,5,2,2,5,5,5,5,0,1,0,0,0,0,1,0,0,0,1,1,0,0,0,0,1,0,0,1,0,0,0,0,0,0,0,0,0,0,0,0,2,2,2,2,1,1,1,1,2,2,2,2,2,5,5,2,2,3,3,3,2,2,2,3,3,3,1,0,1,0,0,1,0,0,0,0,0,0,0,0,2,i,i,i,i,i,i,i,i,i,i,i,i,i,i,i,i,i,i,i,i,i,i,i,i,i,i,i,i,i,i,i,i,i,i,i,i,i,0,1,0,0,0,0,0,0,1,0,0,0,0,0,0,1,1,1,1,0,0,0,0,0,0,1,2,21,1,3,1,3,14,7,i,i,0,0,0,0,1,0,0,i,i,i,i,i,i,i,i,i,i,i,i,i,i,i,i,i,i,i,i,i,i,i,i,i,i,i,i,i,i,0,0,0,1,0,0,7,3,5,4,0,0,0,0,2,1,2,1,1,1,1,1,0,0,0,0,0,3,3,3,3,1,2,2,2,i,i,2,i,2,i,i,i,a,a,i,a,15,12,16,0,16,45,45,2,2,1,3,i,i,3,i,i,i,i,i,i,i,i,i,i,i,i,i,76,7,1
6291,doi:10.4232/1.12497,1.0.0 (2016-04-22),1,1,765,14000765,14846,14,3,TN,1.093189,1.377675,0.0,1.189387,1.499454,0.0,0.0,2,3,2,3,3,1,2,4,5,4,3,4,1,1,1,1,3,1,1,0,1,0,1,1,1,0,0,0,0,0,0,1,0,0,0,a,a,0,0,0,1,1,1,1,0,1,1,1,0,0,0,0,0,0,1,0,0,0,i,i,0,0,0,2,2,2,2,1,2,2,2,2,1,2,3,i,0,0,0,1,0,1,0,0,0,0,0,i,0,0,0,0,2,2,1,2,3,1,2,1,1,1,1,1,1,1,1,1,2,1,1,1,i,1,1,2,3,0,1,0,0,0,0,0,0,i,i,i,0,0,0,0,0,0,0,1,0,0,0,0,0,0,i,0,0,0,3,3,3,3,3,3,3,3,0,1,0,0,1,0,0,0,0,0,0,0,0,0,0,0,0,0,0,0,0,0,1,0,0,0,0,0,1,0,0,0,3,3,3,3,1,2,2,2,2,2,2,2,2,4,3,2,2,3,3,2,2,3,3,2,2,4,0,0,1,1,0,0,0,1,0,0,0,0,0,0,2,i,i,i,i,i,i,i,i,i,i,i,i,i,i,i,i,i,i,i,i,i,i,i,i,i,i,i,i,i,i,i,i,i,i,i,i,i,0,0,1,0,1,0,1,0,0,0,0,0,0,0,0,1,1,0,1,0,1,0,0,0,0,2,2,39,2,18,2,1,3,3,8,1,0,0,0,0,1,0,0,i,i,i,i,i,i,i,i,i,i,i,i,i,i,i,i,i,i,i,i,i,i,i,i,i,i,i,i,i,i,1,0,0,0,0,1,7,2,4,4,0,0,0,0,2,1,2,1,1,1,1,0,1,1,0,0,0,7,i,6,3,2,2,2,2,i,i,2,i,i,i,i,i,a,a,i,a,15,12,12,16,12,53,42,1,1,1,3,i,i,3,i,i,i,i,i,i,i,i,i,i,i,i,i,76,28,1
6291,doi:10.4232/1.12497,1.0.0 (2016-04-22),1,1,766,14000766,14847,14,3,TN,1.114786,1.377675,0.0,1.189387,1.499454,0.0,0.0,2,3,3,3,4,2,2,4,3,4,2,2,1,1,3,1,4,1,0,1,0,0,1,1,1,0,0,0,0,0,0,0,0,0,0,a,a,0,0,0,1,0,1,1,0,1,1,1,0,0,0,0,0,0,0,0,0,0,i,i,0,0,0,2,4,4,4,2,2,2,2,2,1,2,2,i,0,0,0,0,0,0,0,0,0,0,0,i,0,0,1,0,2,2,2,5,5,1,1,1,1,1,1,1,1,1,1,1,1,1,1,1,i,1,1,2,5,1,1,0,0,0,0,0,0,i,i,i,0,0,0,0,0,0,0,1,1,0,0,0,0,0,i,0,0,0,5,5,5,5,5,5,5,5,0,0,0,0,1,0,0,0,0,0,0,0,0,0,0,0,0,0,1,0,0,0,0,0,0,0,0,0,0,0,0,0,3,3,3,3,1,2,2,2,2,2,2,2,1,4,3,5,5,4,4,5,5,5,5,5,4,4,0,1,0,0,0,1,1,0,0,0,0,0,0,0,2,i,i,i,i,i,i,i,i,i,i,i,i,i,i,i,i,i,i,i,i,i,i,i,i,i,i,i,i,i,i,i,i,i,i,i,i,i,1,1,0,0,0,0,0,0,0,0,0,0,0,0,0,1,1,0,1,0,0,0,0,0,0,2,2,52,3,1,6,1,3,3,8,1,0,0,0,0,1,0,0,i,i,i,i,i,i,i,i,i,i,i,i,i,i,i,i,i,i,i,i,i,i,i,i,i,i,i,i,i,i,1,0,0,0,0,1,7,2,4,4,0,0,1,1,2,1,2,1,1,0,1,0,0,1,0,0,0,7,i,6,2,2,2,2,2,i,i,2,i,i,i,i,i,a,a,i,a,17,12,14,15,16,56,41,1,2,1,3,i,i,3,i,i,i,i,i,i,i,i,i,i,i,i,i,80,28,1
6291,doi:10.4232/1.12497,1.0.0 (2016-04-22),1,1,767,14000767,14848,14,3,TN,1.089456,1.377675,0.0,1.189387,1.499454,0.0,0.0,4,3,3,3,4,3,3,3,2,4,3,3,3,3,3,3,6,0,0,0,1,0,0,0,1,0,0,0,0,0,0,0,0,0,0,a,a,0,0,0,0,0,0,1,0,1,0,1,0,0,0,0,0,0,0,0,0,0,i,i,0,0,0,2,2,1,2,2,2,2,2,2,2,3,1,2,0,0,0,0,0,1,0,1,0,0,0,i,0,0,0,0,2,2,3,3,3,1,2,1,1,1,1,1,2,1,1,1,1,1,1,1,i,1,1,3,3,0,1,0,0,0,0,0,0,i,i,i,0,0,0,0,0,0,0,0,1,1,0,0,0,0,i,0,0,0,4,2,2,2,4,4,2,2,1,1,1,1,1,0,0,0,0,0,0,0,0,0,0,0,0,1,0,0,0,0,0,0,0,0,0,1,0,0,0,0,3,2,2,2,2,2,2,1,2,2,2,2,2,3,3,3,2,2,2,4,2,2,4,2,4,4,1,1,1,0,0,0,0,0,0,0,0,0,0,0,1,48,i,i,i,i,1,1,1,5,1,0,0,0,0,0,0,0,0,0,0,0,0,0,0,0,1,0,0,0,0,0,0,0,0,0,0,1,1,1,0,0,0,0,0,1,0,0,0,0,0,0,0,1,1,0,1,0,1,0,0,0,0,1,2,25,2,19,2,3,3,3,19,i,0,0,0,0,1,0,0,i,i,i,i,i,i,i,i,i,i,i,i,i,i,i,i,i,i,i,i,i,i,i,i,i,i,i,i,i,i,1,0,0,0,0,1,5,2,4,4,0,0,0,0,1,1,3,1,1,1,0,0,0,0,0,0,0,7,i,2,3,1,2,2,1,i,i,2,i,2,i,i,2,a,a,i,a,15,12,14,50,15,20,30,1,1,1,3,i,i,3,i,i,i,i,i,i,i,i,i,i,i,i,i,73,9,1
6291,doi:10.4232/1.12497,1.0.0 (2016-04-22),1,1,768,14000768,14849,14,3,TN,1.044744,1.377675,0.0,1.189387,1.499454,0.0,0.0,2,3,3,3,4,2,2,4,3,4,2,3,3,3,3,3,4,1,0,1,0,0,0,1,1,0,0,0,0,0,0,0,0,0,0,a,a,0,0,0,1,0,1,1,0,0,1,1,0,0,0,0,0,0,0,0,0,0,i,i,0,0,0,2,2,4,4,1,2,2,2,2,2,2,2,i,1,0,0,1,0,0,0,0,0,0,0,i,0,0,0,0,2,2,2,5,5,1,1,1,2,1,2,1,2,1,1,1,1,1,1,1,i,1,1,2,5,1,1,0,0,0,0,0,0,i,i,i,1,0,0,0,0,0,0,1,0,0,0,0,0,0,i,0,0,0,4,4,4,4,4,4,4,4,0,1,0,0,1,0,0,0,0,0,0,0,0,0,0,0,0,0,1,0,0,0,0,0,0,0,0,1,0,0,0,0,3,3,3,3,1,2,2,2,2,2,1,1,2,4,3,2,2,2,2,2,2,2,2,2,2,2,1,0,1,1,0,0,0,0,0,0,0,0,0,0,2,i,i,i,i,i,i,i,i,i,i,i,i,i,i,i,i,i,i,i,i,i,i,i,i,i,i,i,i,i,i,i,i,i,i,i,i,i,1,1,0,0,0,0,0,1,0,0,0,0,0,0,0,1,1,0,1,0,1,0,0,0,0,2,2,53,3,1,6,1,3,3,18,4,0,0,0,0,1,0,0,i,i,i,i,i,i,i,i,i,i,i,i,i,i,i,i,i,i,i,i,i,i,i,i,i,i,i,i,i,i,1,0,0,0,0,1,6,2,5,4,0,0,0,0,2,1,2,1,0,0,1,1,0,1,0,0,0,7,i,6,1,2,2,2,2,i,i,2,i,i,i,i,i,a,a,i,a,17,12,19,10,19,50,40,1,1,2,3,i,i,3,i,i,i,i,i,i,i,i,i,i,i,i,i,81,3,1
6291,doi:10.4232/1.12497,1.0.0 (2016-04-22),1,1,769,14000769,14850,14,3,TN,1.049314,1.377675,0.0,1.189387,1.499454,0.0,0.0,3,4,4,4,4,4,4,4,3,3,3,3,3,3,3,3,7,1,0,0,0,0,0,0,0,0,1,0,0,0,0,1,0,0,0,a,a,0,0,0,1,0,0,0,0,0,1,0,0,1,0,0,0,0,1,0,0,0,i,i,0,0,0,2,2,2,2,2,2,2,2,2,2,2,1,1,1,1,0,1,0,0,0,0,1,0,0,i,0,0,0,0,2,2,2,2,2,1,2,2,2,1,1,1,2,2,1,1,1,1,1,1,i,1,1,2,2,0,1,1,0,0,0,0,0,i,i,i,0,0,0,0,0,0,0,1,1,0,0,0,0,0,i,0,0,0,2,2,2,2,2,2,2,2,1,1,0,1,0,0,0,0,0,0,0,0,0,0,0,0,1,1,0,0,0,0,0,0,0,0,0,0,0,0,0,0,2,2,2,2,1,2,2,2,2,2,2,2,2,2,2,1,1,2,2,2,1,1,1,2,4,4,0,1,1,0,1,0,0,0,0,0,0,0,0,0,2,i,i,i,i,i,i,i,i,i,i,i,i,i,i,i,i,i,i,i,i,i,i,i,i,i,i,i,i,i,i,i,i,i,i,i,i,i,1,0,0,0,0,0,0,0,0,0,0,0,0,0,0,1,1,0,0,0,1,0,0,0,0,2,1,46,3,24,3,4,10,6,i,i,0,0,0,0,1,0,0,i,i,i,i,i,i,i,i,i,i,i,i,i,i,i,i,i,i,i,i,i,i,i,i,i,i,i,i,i,i,0,0,0,1,0,0,7,3,2,2,0,0,0,0,2,1,2,1,1,1,0,0,0,0,0,0,0,7,1,7,1,2,2,2,2,i,i,2,i,i,i,i,i,a,a,i,a,17,12,11,0,11,30,30,1,1,1,3,i,i,3,i,i,i,i,i,i,i,i,i,i,i,i,i,82,9,1
6291,doi:10.4232/1.12497,1.0.0 (2016-04-22),1,1,770,14000770,14851,14,3,TN,1.097793,1.377675,0.0,1.189387,1.499454,0.0,0.0,3,2,2,2,2,3,3,3,2,3,3,1,1,1,1,1,6,0,0,0,0,0,0,0,1,0,0,0,0,0,0,0,0,0,0,a,a,0,0,0,0,0,0,0,0,1,0,1,0,0,0,0,0,0,0,0,0,0,i,i,0,0,0,2,1,1,1,2,2,2,2,2,2,2,1,1,1,0,0,1,0,0,0,0,0,1,0,i,0,0,0,0,1,1,1,1,1,1,2,2,1,1,1,1,1,1,1,1,1,1,1,1,i,1,1,2,2,0,1,0,0,0,0,0,0,i,i,i,0,0,0,0,0,0,0,0,1,0,1,1,0,0,i,0,0,0,4,4,4,2,3,4,2,2,0,1,0,1,0,0,0,0,0,0,0,0,0,0,0,0,1,1,0,0,0,0,0,0,0,0,0,0,0,0,0,0,2,2,2,2,1,2,2,2,1,2,2,2,2,2,2,1,1,2,2,2,1,1,1,2,4,4,0,0,0,0,0,0,0,0,0,0,0,0,0,1,1,31,i,i,i,i,1,1,1,3,0,0,1,0,0,1,0,0,0,0,0,0,0,1,0,0,0,0,0,0,0,0,0,0,0,0,0,2,0,0,0,0,0,0,0,1,0,0,0,0,0,0,0,1,1,0,1,0,1,0,0,0,0,1,1,39,2,23,3,3,7,5,i,i,0,0,0,0,1,0,0,i,i,i,i,i,i,i,i,i,i,i,i,i,i,i,i,i,i,i,i,i,i,i,i,i,i,i,i,i,i,0,0,0,1,0,0,6,2,2,2,0,0,0,0,2,1,2,1,1,1,0,0,0,0,0,0,0,7,6,6,2,2,2,2,2,i,i,2,i,i,i,i,i,a,a,i,a,17,12,12,30,13,0,30,1,1,1,3,i,i,3,i,i,i,i,i,i,i,i,i,i,i,i,i,82,9,1
6291,doi:10.4232/1.12497,1.0.0 (2016-04-22),1,1,771,14000771,14852,14,3,TN,1.024503,1.377675,0.0,1.189387,1.499454,0.0,0.0,2,2,2,2,2,2,2,4,3,5,5,2,1,1,1,1,6,1,0,0,0,0,0,1,1,0,0,0,1,0,0,0,0,0,0,a,a,0,0,0,1,0,0,0,0,1,1,1,0,0,0,1,0,0,0,0,0,0,i,i,0,0,0,2,2,3,3,1,2,2,2,2,1,2,3,i,0,0,0,1,0,0,0,0,0,0,0,i,0,0,0,0,2,2,2,5,5,1,1,1,1,1,1,1,1,1,1,1,1,1,1,1,i,1,1,2,5,1,1,1,0,0,0,0,0,i,i,i,0,0,0,0,0,0,0,1,1,1,0,0,0,0,i,0,0,0,3,3,2,2,2,2,2,2,0,1,0,1,0,0,0,0,0,0,0,0,0,0,0,0,0,0,0,0,0,1,1,0,0,0,0,0,0,0,0,0,2,2,2,2,1,1,3,2,2,2,1,1,2,3,3,2,2,2,3,2,2,2,3,2,3,4,1,1,1,0,0,0,0,0,0,0,0,0,0,0,2,i,i,i,i,i,i,i,i,i,i,i,i,i,i,i,i,i,i,i,i,i,i,i,i,i,i,i,i,i,i,i,i,i,i,i,i,i,1,1,0,0,0,0,0,1,0,0,0,0,0,0,0,1,1,0,1,0,1,0,1,0,0,2,2,26,2,15,1,3,8,5,i,i,0,0,0,0,1,0,0,i,i,i,i,i,i,i,i,i,i,i,i,i,i,i,i,i,i,i,i,i,i,i,i,i,i,i,i,i,i,1,1,0,0,0,1,8,3,4,4,0,0,0,0,2,1,2,1,1,0,1,1,0,1,0,0,0,1,5,5,1,1,2,2,2,i,i,2,i,1,i,i,i,a,a,i,a,17,12,18,15,18,55,40,1,1,2,3,i,i,3,i,i,i,i,i,i,i,i,i,i,i,i,i,81,3,1
6291,doi:10.4232/1.12497,1.0.0 (2016-04-22),1,1,772,14000772,14853,14,3,TN,1.097793,1.377675,0.0,1.189387,1.499454,0.0,0.0,4,3,3,2,3,2,2,3,2,2,2,4,4,1,1,1,7,0,0,0,0,0,0,0,0,0,0,0,0,0,0,0,0,0,0,a,a,0,0,1,0,0,0,0,0,0,1,0,0,0,0,0,0,0,0,0,0,0,i,i,0,0,0,2,1,1,1,2,2,2,2,2,2,2,1,2,0,1,0,0,0,1,0,0,1,1,0,i,0,0,0,0,2,2,2,2,2,1,2,2,2,2,3,1,1,1,1,1,1,1,1,1,i,1,1,2,2,1,1,1,0,0,0,0,0,i,i,i,0,0,0,0,0,0,0,1,1,1,0,0,0,0,i,0,0,0,4,4,2,2,2,4,4,4,1,0,0,1,0,0,1,0,0,0,1,1,0,0,0,0,1,1,0,0,0,0,0,0,0,0,0,0,0,0,0,0,3,3,3,3,1,1,2,2,2,2,2,2,2,4,4,2,2,2,1,1,1,1,2,2,2,2,0,1,0,0,1,1,0,0,0,0,0,0,0,0,2,i,i,i,i,i,i,i,i,i,i,i,i,i,i,i,i,i,i,i,i,i,i,i,i,i,i,i,i,i,i,i,i,i,i,i,i,i,0,1,0,0,0,0,0,1,0,1,0,0,0,0,0,1,2,0,1,0,1,0,0,0,0,1,1,25,2,98,8,3,3,3,19,i,0,0,0,0,1,0,0,i,i,i,i,i,i,i,i,i,i,i,i,i,i,i,i,i,i,i,i,i,i,i,i,i,i,i,i,i,i,0,0,0,1,0,0,8,2,3,3,0,0,0,0,2,1,2,1,1,1,1,1,1,1,0,0,0,1,i,1,3,1,2,2,2,i,i,2,i,1,i,i,i,a,a,i,a,17,12,11,30,12,10,40,1,1,1,3,i,i,3,i,i,i,i,i,i,i,i,i,i,i,i,i,78,29,1
6291,doi:10.4232/1.12497,1.0.0 (2016-04-22),1,1,773,14000773,14854,14,3,TN,1.089456,1.377675,0.0,1.189387,1.499454,0.0,0.0,2,2,1,1,1,1,1,4,2,2,2,3,3,3,3,3,6,1,0,1,0,0,0,0,1,0,0,0,0,0,0,0,0,0,0,a,a,0,0,0,1,0,1,0,0,1,0,1,0,0,0,0,0,0,0,0,0,0,i,i,0,0,0,2,2,1,3,2,3,2,2,2,2,2,3,i,0,0,0,1,0,0,0,0,1,1,0,i,0,0,0,0,5,2,2,2,5,1,1,1,1,1,1,1,1,1,1,1,1,1,1,1,i,1,1,2,3,0,0,0,0,0,0,0,0,i,i,i,1,1,1,0,0,0,0,1,1,0,0,0,0,0,i,0,0,0,3,3,2,2,2,4,3,3,0,1,0,0,1,0,0,0,0,0,0,0,0,0,0,0,1,0,0,1,0,0,0,0,0,0,0,0,0,0,0,0,3,3,2,2,1,3,3,1,2,2,2,2,2,3,3,2,1,3,2,2,1,2,2,2,2,4,1,1,0,0,0,0,1,0,0,0,0,0,0,0,2,i,i,i,i,i,i,i,i,i,i,i,i,i,i,i,i,i,i,i,i,i,i,i,i,i,i,i,i,i,i,i,i,i,i,i,i,i,0,0,0,0,0,0,0,0,1,1,0,0,0,0,0,1,1,0,1,0,0,0,1,0,0,2,2,28,2,98,8,1,3,3,19,i,0,0,0,0,1,0,0,i,i,i,i,i,i,i,i,i,i,i,i,i,i,i,i,i,i,i,i,i,i,i,i,i,i,i,i,i,i,1,0,0,0,0,1,7,3,2,2,0,0,0,0,2,1,2,1,1,0,0,1,0,0,0,0,0,1,i,6,3,1,2,2,2,i,i,2,i,1,i,i,i,a,a,i,a,15,12,14,6,14,47,41,1,1,1,3,i,i,3,i,i,i,i,i,i,i,i,i,i,i,i,i,80,28,1
6291,doi:10.4232/1.12497,1.0.0 (2016-04-22),1,1,774,14000774,14855,14,3,TN,1.167693,1.377675,0.0,1.189387,1.499454,0.0,0.0,2,3,2,2,3,2,2,4,3,2,2,2,1,1,1,1,3,1,0,0,1,0,1,1,1,0,0,0,0,0,0,0,0,0,0,a,a,0,0,0,1,0,1,1,0,1,1,1,0,0,0,0,0,0,0,0,0,0,i,i,0,0,0,2,2,1,3,2,2,2,2,2,2,2,2,i,0,0,0,1,0,0,1,0,0,0,0,i,0,0,0,0,2,2,1,2,2,1,2,1,1,1,2,1,1,1,1,1,1,1,1,1,i,2,1,2,3,0,1,0,0,0,0,0,1,i,i,i,0,1,0,0,0,0,0,1,1,0,0,0,0,0,i,0,0,0,3,3,3,2,2,2,3,3,0,0,0,1,0,0,0,1,0,0,1,1,0,0,0,0,1,1,0,0,0,0,0,0,0,0,0,0,0,0,0,0,3,3,2,2,1,2,2,1,2,2,2,2,1,4,3,1,1,2,3,1,1,1,3,1,3,4,0,0,1,1,0,0,0,1,0,0,0,0,0,0,1,48,i,i,i,i,1,1,1,3,1,0,0,0,0,0,0,0,0,0,0,0,0,0,1,0,1,0,0,0,0,0,1,0,0,0,0,2,0,0,0,0,0,0,0,0,1,0,0,0,0,0,0,1,1,0,1,0,1,0,1,0,0,2,2,22,1,14,1,3,8,5,i,i,0,0,0,0,1,0,0,i,i,i,i,i,i,i,i,i,i,i,i,i,i,i,i,i,i,i,i,i,i,i,i,i,i,i,i,i,i,1,0,0,0,0,1,7,2,4,4,0,0,0,0,2,1,2,1,1,0,1,1,1,1,0,0,0,1,6,6,3,1,2,2,2,i,i,2,i,1,i,i,i,a,a,i,a,15,12,13,11,13,50,39,1,1,1,3,i,i,3,i,i,i,i,i,i,i,i,i,i,i,i,i,80,28,1
6291,doi:10.4232/1.12497,1.0.0 (2016-04-22),1,1,775,14000775,14856,14,3,TN,0.946227,1.377675,0.0,1.189387,1.499454,0.0,0.0,2,2,2,2,2,2,2,3,2,3,2,2,3,2,2,1,3,1,0,0,0,0,0,0,1,0,0,1,0,0,0,0,1,0,0,a,a,0,0,0,1,0,1,0,0,0,0,1,0,0,1,0,0,0,0,1,0,0,i,i,0,0,0,2,2,2,2,2,5,2,2,2,3,1,2,i,0,0,1,0,1,0,0,1,0,0,1,i,0,0,0,0,3,1,1,1,1,1,2,1,3,3,2,2,1,1,1,1,2,1,1,1,i,3,3,3,3,1,1,1,0,0,0,0,0,i,i,i,0,0,0,0,0,0,0,1,0,1,1,0,0,0,i,0,0,0,2,3,2,3,2,3,2,2,1,0,1,1,0,0,0,0,0,0,0,1,1,0,0,0,1,0,0,0,0,0,1,0,0,0,0,0,0,0,0,0,3,3,3,3,1,2,2,2,2,2,2,2,2,2,2,2,3,3,2,3,2,3,3,3,3,3,1,0,0,0,0,0,0,0,1,0,1,0,0,0,2,i,i,i,i,i,i,i,i,i,i,i,i,i,i,i,i,i,i,i,i,i,i,i,i,i,i,i,i,i,i,i,i,i,i,i,i,i,0,1,0,0,0,0,1,0,0,0,0,1,0,0,0,1,1,1,0,1,0,1,0,0,0,2,1,22,1,0,5,3,3,3,19,i,0,0,0,0,1,0,0,i,i,i,i,i,i,i,i,i,i,i,i,i,i,i,i,i,i,i,i,i,i,i,i,i,i,i,i,i,i,0,0,0,1,0,0,5,1,5,4,0,0,0,0,2,1,2,1,1,0,1,1,0,0,0,0,0,1,i,1,2,1,2,2,2,i,i,2,i,1,i,i,i,a,a,i,a,19,12,15,29,15,43,41,1,4,2,2,i,i,2,i,i,i,i,i,i,i,i,i,i,i,i,i,108,26,1
6291,doi:10.4232/1.12497,1.0.0 (2016-04-22),1,1,776,14000776,14857,14,3,TN,1.050072,1.377675,0.0,1.189387,1.499454,0.0,0.0,3,3,3,3,4,2,2,4,3,3,2,1,1,1,1,1,7,1,0,0,1,0,1,0,1,0,0,0,0,0,0,0,0,0,0,a,a,0,0,0,1,0,0,1,0,1,1,1,0,0,0,0,0,0,0,0,0,0,i,i,0,0,0,3,3,3,3,2,2,2,1,2,3,2,2,i,0,0,1,0,0,0,0,0,1,0,0,i,0,0,0,0,2,3,3,2,3,1,2,1,2,2,2,2,2,2,2,2,2,1,2,2,i,2,2,3,3,1,0,0,0,0,0,0,0,i,i,i,0,0,0,0,0,0,0,1,0,0,0,0,0,0,i,0,0,0,2,3,3,3,3,3,4,4,0,0,0,0,1,0,0,0,0,0,0,0,0,0,0,0,0,0,0,0,1,0,1,0,0,0,0,0,0,0,0,0,3,3,3,3,2,2,2,2,1,1,1,1,2,2,2,1,1,1,2,3,3,1,1,2,3,3,0,1,0,1,0,0,0,0,0,0,1,0,0,0,2,i,i,i,i,i,i,i,i,i,i,i,i,i,i,i,i,i,i,i,i,i,i,i,i,i,i,i,i,i,i,i,i,i,i,i,i,i,1,1,0,0,0,0,0,0,0,0,0,0,0,0,0,3,2,0,1,0,1,0,0,0,0,2,1,74,4,1,6,1,4,4,13,3,0,0,0,0,1,0,0,i,i,i,i,i,i,i,i,i,i,i,i,i,i,i,i,i,i,i,i,i,i,i,i,i,i,i,i,i,i,0,0,0,1,0,0,4,2,6,4,2,2,2,2,2,1,2,1,0,0,0,0,0,1,0,0,0,7,i,6,3,2,2,2,2,i,i,2,i,i,i,i,i,a,a,i,a,19,12,12,3,12,30,27,1,1,1,2,i,i,2,i,i,i,i,i,i,i,i,i,i,i,i,i,100,27,1
6291,doi:10.4232/1.12497,1.0.0 (2016-04-22),1,1,777,14000777,14858,14,3,TN,1.049482,1.377675,0.0,1.189387,1.499454,0.0,0.0,4,3,3,3,4,2,2,3,3,3,3,2,2,2,2,2,6,0,0,1,0,0,0,0,0,0,0,0,0,0,0,0,0,0,0,a,a,0,0,0,0,0,1,0,0,1,0,0,0,0,0,0,0,0,0,0,0,0,i,i,0,0,0,2,2,1,1,1,1,1,1,1,6,2,1,1,0,0,0,1,0,0,0,0,1,0,0,i,0,0,0,0,3,4,3,4,3,2,1,1,1,1,2,2,2,2,2,2,1,1,1,1,i,1,1,3,3,1,0,0,1,0,0,0,0,i,i,i,0,0,0,1,0,0,0,1,0,1,0,0,1,0,i,0,0,0,1,1,2,3,3,3,3,3,0,0,0,1,1,0,0,0,0,0,1,1,1,0,0,0,0,0,0,0,0,0,0,0,0,0,0,0,0,1,0,0,1,1,2,1,2,1,2,2,2,2,2,2,2,3,5,1,4,2,5,4,2,1,5,3,4,1,0,1,0,0,0,0,1,0,0,1,0,0,0,0,2,i,i,i,i,i,i,i,i,i,i,i,i,i,i,i,i,i,i,i,i,i,i,i,i,i,i,i,i,i,i,i,i,i,i,i,i,i,0,1,0,0,0,0,0,0,1,1,0,0,0,0,0,1,3,0,1,0,1,1,0,0,0,4,2,39,2,99,9,1,18,8,i,i,0,0,0,0,1,0,0,i,i,i,i,i,i,i,i,i,i,i,i,i,i,i,i,i,i,i,i,i,i,i,i,i,i,i,i,i,i,1,0,0,0,0,1,5,1,2,2,0,0,0,0,2,1,2,1,0,0,0,0,1,0,0,0,0,7,6,6,2,2,2,2,2,i,i,2,i,i,i,i,i,a,a,i,a,20,12,15,40,16,3,23,2,1,1,2,i,i,2,i,i,i,i,i,i,i,i,i,i,i,i,i,119,25,1
6291,doi:10.4232/1.12497,1.0.0 (2016-04-22),1,1,778,14000778,14859,14,3,TN,1.005917,1.377675,0.0,1.189387,1.499454,0.0,0.0,4,2,2,2,2,1,1,4,2,3,3,1,1,1,1,1,4,0,0,0,0,0,0,1,0,0,0,0,0,0,0,0,0,0,0,a,a,0,0,0,0,0,0,1,0,0,1,0,0,0,0,0,0,0,0,0,0,0,i,i,0,0,0,2,3,1,1,1,1,2,3,3,1,2,2,i,1,0,0,1,0,0,0,0,1,0,0,i,0,0,0,0,4,3,2,3,2,1,1,1,1,1,1,1,1,1,1,1,1,1,1,1,i,1,1,2,5,1,0,1,1,0,0,0,0,i,i,i,0,0,0,0,0,0,0,1,1,0,1,0,0,0,i,0,0,0,4,4,4,4,4,4,4,4,1,0,0,0,1,0,1,0,0,0,1,0,1,0,0,0,0,0,0,0,1,0,0,0,0,0,1,0,0,0,0,0,3,2,2,1,1,1,2,2,1,2,3,3,2,4,4,2,1,3,3,3,3,3,3,3,3,3,1,1,0,0,0,0,1,0,0,0,0,0,0,0,3,i,i,i,i,i,i,i,i,i,i,i,i,i,i,i,i,i,i,i,i,i,i,i,i,i,i,i,i,i,i,i,i,i,i,i,i,i,0,1,0,0,0,0,0,1,0,0,1,0,0,0,0,1,3,1,1,1,0,0,0,0,0,4,1,50,3,15,1,3,8,5,i,i,0,1,0,0,0,0,1,0,0,0,0,0,0,0,0,1,0,0,0,0,1,0,0,0,0,0,0,0,0,0,0,0,0,0,0,0,0,1,0,0,0,0,1,5,1,2,2,0,0,0,0,2,1,2,1,0,0,1,1,0,0,0,0,0,2,6,6,2,1,2,2,2,i,i,2,i,3,i,i,i,a,a,i,a,20,12,14,35,15,5,30,1,2,1,2,i,i,2,i,i,i,i,i,i,i,i,i,i,i,i,i,119,25,1
6291,doi:10.4232/1.12497,1.0.0 (2016-04-22),1,1,779,14000779,14860,14,3,TN,1.115577,1.377675,0.0,1.189387,1.499454,0.0,0.0,2,3,3,3,4,2,2,3,3,3,3,1,4,1,1,1,8,0,0,0,0,1,0,0,0,0,0,0,0,0,1,0,0,0,0,a,a,0,0,0,0,0,0,0,1,0,0,1,0,0,0,0,0,1,0,0,0,0,i,i,0,0,0,1,1,1,1,2,2,2,2,2,6,6,2,i,0,1,0,0,0,0,0,0,0,0,0,i,0,0,0,0,3,2,3,3,2,2,2,1,2,2,2,1,2,2,2,1,2,2,2,1,i,2,2,3,2,1,0,0,0,0,0,0,0,i,i,i,0,0,0,0,0,0,0,1,0,0,0,0,0,0,i,0,0,0,3,2,3,3,3,3,2,3,0,0,0,0,0,0,0,0,0,1,1,1,0,0,0,0,0,0,0,0,1,0,0,0,0,0,0,0,0,0,0,0,2,2,3,3,2,2,2,2,2,2,2,2,2,2,2,1,1,1,2,2,2,2,2,2,4,4,1,0,0,0,0,0,0,0,0,0,0,0,0,0,2,i,i,i,i,i,i,i,i,i,i,i,i,i,i,i,i,i,i,i,i,i,i,i,i,i,i,i,i,i,i,i,i,i,i,i,i,i,0,1,0,0,0,0,0,0,0,0,0,0,0,0,0,1,1,0,1,0,0,0,0,0,0,1,2,16,1,0,5,3,2,2,19,i,0,0,0,0,1,0,0,i,i,i,i,i,i,i,i,i,i,i,i,i,i,i,i,i,i,i,i,i,i,i,i,i,i,i,i,i,i,0,0,0,1,0,0,5,2,3,3,0,0,0,0,2,1,2,1,1,1,1,1,0,0,0,0,0,1,i,1,2,1,2,2,1,i,i,2,i,1,i,i,1,a,a,i,a,18,12,15,5,15,32,27,1,1,1,2,i,i,2,i,i,i,i,i,i,i,i,i,i,i,i,i,110,30,1
6291,doi:10.4232/1.12497,1.0.0 (2016-04-22),1,1,780,14000780,14861,14,3,TN,0.984095,1.377675,0.0,1.189387,1.499454,0.0,0.0,2,1,1,1,1,1,1,2,5,5,2,4,3,3,4,4,7,1,0,0,1,0,1,0,0,0,0,0,1,0,0,0,1,0,0,a,a,0,0,0,1,0,0,1,0,1,1,0,0,0,0,1,0,0,0,1,0,0,i,i,0,0,0,3,3,4,4,3,5,1,3,3,3,6,2,i,0,1,0,1,0,0,0,0,1,0,0,i,0,0,0,0,3,5,5,5,5,3,3,3,1,1,3,1,3,2,3,2,3,2,1,1,i,1,1,5,5,0,0,0,0,0,0,0,0,i,i,i,0,0,0,0,0,0,1,0,0,0,0,0,0,0,i,0,0,1,2,3,2,1,5,2,4,4,1,0,0,0,0,1,1,0,0,0,0,1,1,0,0,0,0,0,0,0,0,0,1,0,0,0,0,1,0,0,0,0,2,1,1,5,3,3,3,3,3,3,3,3,3,3,3,5,5,5,5,5,5,5,5,5,5,5,0,1,0,0,0,0,0,0,0,1,1,0,0,0,2,i,i,i,i,i,i,i,i,i,i,i,i,i,i,i,i,i,i,i,i,i,i,i,i,i,i,i,i,i,i,i,i,i,i,i,i,i,0,1,0,0,0,1,0,1,0,0,0,0,0,0,0,4,3,0,1,0,1,0,1,0,0,4,1,73,4,12,1,1,4,4,18,4,1,0,0,0,0,0,1,0,0,0,0,0,0,0,0,0,1,0,0,0,0,0,0,0,0,0,0,0,0,0,0,0,0,0,0,0,0,0,0,0,0,1,0,5,2,9,4,0,0,0,0,2,2,4,1,0,0,0,0,0,0,0,0,0,7,i,6,1,2,2,2,2,i,i,2,i,i,i,i,i,a,a,i,a,20,12,12,3,12,30,27,1,3,2,2,i,i,2,i,i,i,i,i,i,i,i,i,i,i,i,i,120,25,1
6291,doi:10.4232/1.12497,1.0.0 (2016-04-22),1,1,781,14000781,14862,14,3,TN,1.052391,1.377675,0.0,1.189387,1.499454,0.0,0.0,1,3,2,2,3,3,3,4,2,2,2,2,3,1,2,3,4,1,0,1,0,0,1,0,1,0,0,0,1,0,0,0,0,1,0,a,a,0,0,0,1,0,1,1,0,1,0,1,0,0,0,1,0,0,0,0,1,0,i,i,0,0,0,2,2,1,1,2,3,2,2,2,1,1,1,2,0,0,1,0,0,1,0,0,0,0,0,i,0,0,0,0,2,2,1,3,2,1,1,1,1,1,1,1,1,2,1,1,1,1,1,1,i,1,1,2,3,0,1,0,0,0,0,0,0,i,i,i,1,0,0,0,0,0,0,1,1,0,0,0,0,0,i,0,0,0,3,3,3,3,3,3,3,3,0,0,1,0,1,0,0,0,0,0,0,1,0,0,0,0,0,0,0,0,0,0,1,0,0,0,0,0,1,0,0,0,2,2,2,2,1,3,3,2,2,2,2,2,2,3,3,2,2,3,3,2,2,2,3,3,3,3,0,1,0,0,0,0,1,1,0,0,0,0,0,0,2,i,i,i,i,i,i,i,i,i,i,i,i,i,i,i,i,i,i,i,i,i,i,i,i,i,i,i,i,i,i,i,i,i,i,i,i,i,0,0,0,0,0,0,0,0,1,1,1,0,0,0,0,1,1,0,1,0,0,0,1,0,0,1,1,26,2,15,1,3,8,5,i,i,0,0,0,0,1,0,0,i,i,i,i,i,i,i,i,i,i,i,i,i,i,i,i,i,i,i,i,i,i,i,i,i,i,i,i,i,i,1,1,0,0,0,1,10,3,4,4,0,0,0,0,1,1,3,1,1,0,1,1,1,1,0,0,0,1,1,3,3,1,2,2,1,i,i,2,i,1,i,i,1,a,a,i,a,19,12,13,50,14,29,39,1,1,1,2,i,i,2,i,i,i,i,i,i,i,i,i,i,i,i,i,105,28,1
6291,doi:10.4232/1.12497,1.0.0 (2016-04-22),1,1,782,14000782,14863,14,3,TN,0.946227,1.377675,0.0,1.189387,1.499454,0.0,0.0,3,3,3,3,4,2,2,3,3,5,2,3,3,1,4,4,1,0,0,0,0,0,0,0,1,0,0,0,0,0,0,0,0,0,0,a,a,0,0,0,1,0,0,0,0,0,0,1,0,0,0,0,0,0,0,0,0,0,i,i,0,0,0,2,2,1,1,1,1,2,2,2,3,6,2,i,1,0,1,0,0,1,0,0,1,0,1,i,0,0,0,0,2,2,2,3,2,1,2,1,1,1,1,1,1,1,1,1,1,1,1,1,i,1,1,3,2,1,1,1,0,0,0,0,0,i,i,i,0,0,0,0,0,0,0,1,1,1,0,0,0,0,i,0,0,0,2,4,2,2,1,4,2,2,0,0,0,0,0,0,0,0,0,0,0,0,0,0,0,1,0,0,0,0,0,0,0,0,0,0,0,0,0,0,0,1,2,2,3,4,2,2,2,2,2,2,2,2,2,3,3,2,2,3,2,2,3,3,3,1,4,3,1,0,0,0,0,0,0,1,0,0,1,0,0,0,3,i,i,i,i,i,i,i,i,i,i,i,i,i,i,i,i,i,i,i,i,i,i,i,i,i,i,i,i,i,i,i,i,i,i,i,i,i,0,1,0,0,0,0,0,0,1,1,0,0,0,0,0,4,3,0,0,0,0,0,0,0,1,4,1,18,1,0,5,3,2,2,19,i,0,0,0,0,1,0,0,i,i,i,i,i,i,i,i,i,i,i,i,i,i,i,i,i,i,i,i,i,i,i,i,i,i,i,i,i,i,0,0,0,0,1,0,7,3,3,3,0,0,1,1,1,1,3,1,1,1,1,1,1,1,0,0,0,1,i,1,2,1,2,2,1,i,i,2,i,1,i,i,7,a,a,i,a,19,12,15,25,15,45,20,1,1,2,2,i,i,2,i,i,i,i,i,i,i,i,i,i,i,i,i,108,26,1
6291,doi:10.4232/1.12497,1.0.0 (2016-04-22),1,1,783,14000783,14864,14,3,TN,1.065032,1.377675,0.0,1.189387,1.499454,0.0,0.0,2,3,3,3,4,3,3,4,5,2,2,3,3,3,3,3,4,1,0,1,0,0,1,1,1,0,0,0,0,1,1,0,0,0,0,a,a,0,0,0,1,0,1,1,0,1,1,1,0,0,0,0,1,1,0,0,0,0,i,i,0,0,0,2,2,4,4,1,4,2,2,2,2,2,3,i,0,0,0,0,0,0,0,0,0,0,0,i,0,0,1,0,5,2,2,5,5,1,1,1,1,1,1,1,1,1,1,1,1,1,1,1,i,1,1,5,5,1,1,1,0,0,0,0,0,i,i,i,0,0,0,0,0,0,0,1,0,0,0,0,0,0,i,0,0,0,3,3,3,3,3,3,3,3,0,0,0,0,0,0,0,0,0,0,0,0,0,0,0,1,0,0,0,0,0,0,1,0,0,0,0,0,0,0,0,0,3,3,3,3,1,1,3,3,2,2,2,2,2,3,3,2,2,2,2,2,2,2,2,2,3,3,0,0,1,1,0,0,1,0,0,0,0,0,0,0,2,i,i,i,i,i,i,i,i,i,i,i,i,i,i,i,i,i,i,i,i,i,i,i,i,i,i,i,i,i,i,i,i,i,i,i,i,i,1,1,0,0,0,0,0,1,0,0,0,0,0,0,0,3,1,0,0,0,0,0,1,0,0,2,2,54,3,1,6,1,2,2,8,1,0,0,0,0,1,0,0,i,i,i,i,i,i,i,i,i,i,i,i,i,i,i,i,i,i,i,i,i,i,i,i,i,i,i,i,i,i,1,0,0,0,0,1,7,2,4,4,0,0,1,1,2,1,2,1,1,0,0,0,0,1,0,0,0,7,i,6,2,2,2,2,2,i,i,2,i,i,i,i,i,a,a,i,a,20,12,13,40,14,18,38,1,2,1,2,i,i,2,i,i,i,i,i,i,i,i,i,i,i,i,i,123,28,1
6291,doi:10.4232/1.12497,1.0.0 (2016-04-22),1,1,784,14000784,14865,14,3,TN,1.111768,1.377675,0.0,1.189387,1.499454,0.0,0.0,2,3,2,2,3,3,3,4,3,2,2,2,1,1,2,1,3,1,1,0,1,0,1,1,1,0,0,0,1,0,0,0,0,0,0,a,a,0,0,0,1,1,1,1,0,1,1,1,0,0,0,1,0,0,0,0,0,0,i,i,0,0,0,2,2,1,1,2,4,2,2,2,1,5,2,i,0,0,0,0,0,0,0,0,0,0,0,i,0,1,0,0,4,4,2,2,4,1,1,1,1,1,1,1,1,1,1,1,1,1,1,1,i,1,1,2,5,0,1,0,0,0,0,0,1,i,i,i,0,0,1,0,0,0,0,1,1,0,0,0,0,0,i,0,0,0,4,4,4,3,3,4,3,3,0,0,0,0,0,0,0,0,0,0,0,0,0,0,1,0,0,0,0,1,0,0,1,0,0,0,0,0,0,0,0,0,2,2,1,1,1,1,3,1,2,2,2,2,2,4,3,2,2,2,3,2,2,2,3,2,4,4,1,0,1,0,0,0,0,1,0,0,0,0,0,0,2,i,i,i,i,i,i,i,i,i,i,i,i,i,i,i,i,i,i,i,i,i,i,i,i,i,i,i,i,i,i,i,i,i,i,i,i,i,1,0,0,1,0,0,0,0,1,0,0,0,0,0,0,1,1,0,1,0,1,1,0,0,0,1,2,20,1,0,5,3,2,2,19,i,0,0,0,0,1,0,0,i,i,i,i,i,i,i,i,i,i,i,i,i,i,i,i,i,i,i,i,i,i,i,i,i,i,i,i,i,i,1,1,0,0,0,1,10,3,4,4,0,0,1,1,1,1,3,1,0,0,1,1,0,1,0,0,0,1,i,2,2,1,2,2,2,i,i,2,i,1,i,i,i,a,a,i,a,20,12,12,50,13,29,39,1,1,1,2,i,i,2,i,i,i,i,i,i,i,i,i,i,i,i,i,123,28,1
6291,doi:10.4232/1.12497,1.0.0 (2016-04-22),1,1,785,14000785,14866,14,3,TN,1.065032,1.377675,0.0,1.189387,1.499454,0.0,0.0,1,2,2,2,2,1,1,4,3,2,2,2,1,1,2,3,7,1,0,1,0,0,1,0,1,0,0,0,0,1,1,0,1,0,0,a,a,0,0,0,1,0,1,0,0,1,1,1,0,0,0,0,1,1,0,1,0,0,i,i,0,0,0,2,2,1,1,1,2,2,3,2,2,2,1,2,0,0,1,1,0,1,0,0,0,0,0,i,0,0,0,0,2,2,2,4,3,1,1,1,1,1,1,1,1,1,1,1,1,1,1,1,i,1,1,2,5,1,1,1,0,0,0,0,0,i,i,i,0,0,0,0,0,0,0,1,1,0,0,0,0,0,i,0,0,0,3,3,3,3,3,3,3,3,0,1,0,1,0,0,0,0,0,0,1,0,0,0,0,0,1,0,0,0,0,0,1,0,0,0,0,0,0,0,0,0,3,3,3,3,1,1,3,2,2,2,2,1,2,4,2,2,2,2,2,2,2,2,2,2,2,2,1,1,1,0,0,0,0,0,0,0,0,0,0,0,2,i,i,i,i,i,i,i,i,i,i,i,i,i,i,i,i,i,i,i,i,i,i,i,i,i,i,i,i,i,i,i,i,i,i,i,i,i,1,0,0,0,1,1,0,0,0,0,0,0,0,0,0,3,1,1,1,1,0,0,0,0,0,2,2,50,3,1,6,1,8,5,i,i,0,0,0,0,1,0,0,i,i,i,i,i,i,i,i,i,i,i,i,i,i,i,i,i,i,i,i,i,i,i,i,i,i,i,i,i,i,1,1,0,0,0,1,9,3,4,4,0,0,0,0,1,1,3,1,1,1,1,1,1,1,0,0,0,7,6,6,2,2,2,2,2,i,i,2,i,i,i,i,i,a,a,i,a,20,12,11,5,11,49,44,1,1,1,2,i,i,2,i,i,i,i,i,i,i,i,i,i,i,i,i,123,28,1
6291,doi:10.4232/1.12497,1.0.0 (2016-04-22),1,1,786,14000786,14867,14,3,TN,0.91023,1.377675,0.0,1.189387,1.499454,0.0,0.0,4,2,2,2,2,2,2,3,2,3,2,2,2,2,2,2,8,1,0,0,0,0,1,0,0,0,0,0,0,0,0,0,0,0,0,a,a,0,0,0,1,0,0,0,0,1,0,1,0,0,0,0,0,0,0,0,0,0,i,i,0,0,0,3,3,3,3,5,5,2,2,2,3,6,3,i,0,0,0,1,0,1,0,0,0,0,1,i,0,0,0,0,3,2,2,3,2,2,2,1,1,1,1,1,1,1,1,1,1,1,1,1,i,1,1,3,5,0,0,0,0,0,0,0,0,i,i,i,0,0,0,0,0,0,1,0,0,0,0,0,0,0,i,0,0,1,5,5,5,5,5,5,5,5,0,0,0,0,0,0,0,0,0,0,0,0,0,0,0,1,0,0,0,0,0,0,0,0,0,0,0,0,0,0,0,1,2,2,2,5,3,3,3,3,2,2,2,2,2,5,5,5,5,5,5,5,5,5,5,5,5,5,1,0,0,0,0,1,0,1,0,0,0,0,0,0,2,i,i,i,i,i,i,i,i,i,i,i,i,i,i,i,i,i,i,i,i,i,i,i,i,i,i,i,i,i,i,i,i,i,i,i,i,i,1,0,0,1,0,0,0,1,0,0,0,0,0,0,0,1,3,1,1,0,0,1,0,0,0,4,1,63,4,1,6,1,3,3,19,i,0,0,0,0,1,0,0,i,i,i,i,i,i,i,i,i,i,i,i,i,i,i,i,i,i,i,i,i,i,i,i,i,i,i,i,i,i,0,0,0,1,0,0,4,1,7,4,0,0,0,0,2,2,4,1,0,0,0,0,0,0,0,0,0,7,i,6,2,2,2,2,2,i,i,2,i,i,i,i,i,a,a,i,a,19,12,15,50,16,15,25,1,3,2,2,i,i,2,i,i,i,i,i,i,i,i,i,i,i,i,i,108,26,1
6291,doi:10.4232/1.12497,1.0.0 (2016-04-22),1,1,787,14000787,14868,14,3,TN,1.010406,1.377675,0.0,1.189387,1.499454,0.0,0.0,3,3,2,1,2,3,3,4,3,2,2,2,1,1,2,3,6,1,1,1,1,0,0,1,1,0,0,0,0,1,0,0,0,0,0,a,a,0,0,0,1,1,1,1,0,1,1,1,0,0,0,0,1,0,0,0,0,0,i,i,0,0,0,2,4,1,4,1,2,2,3,2,2,2,2,i,0,0,1,0,0,0,0,1,0,0,1,i,0,0,0,0,5,2,2,3,5,1,3,1,1,1,1,3,3,1,1,1,1,1,1,1,i,2,1,2,3,1,1,1,0,0,0,0,0,i,i,i,0,0,0,0,0,0,0,1,1,1,0,0,0,0,i,0,0,0,4,4,2,2,2,2,1,1,0,0,0,0,1,0,0,1,0,0,1,0,0,0,0,0,1,0,0,1,0,0,0,0,0,0,0,0,0,0,0,0,3,2,2,2,1,1,3,2,1,2,2,2,2,3,3,2,5,2,5,5,2,2,3,2,3,4,1,1,0,1,0,0,0,0,0,0,0,0,0,0,2,i,i,i,i,i,i,i,i,i,i,i,i,i,i,i,i,i,i,i,i,i,i,i,i,i,i,i,i,i,i,i,i,i,i,i,i,i,0,1,0,0,0,0,0,1,1,0,0,0,0,0,0,1,1,0,1,0,1,0,0,0,0,1,2,66,4,1,6,5,3,3,8,1,0,0,0,0,1,0,0,i,i,i,i,i,i,i,i,i,i,i,i,i,i,i,i,i,i,i,i,i,i,i,i,i,i,i,i,i,i,1,0,0,0,0,1,7,2,4,4,0,0,0,0,2,1,2,1,1,0,0,0,0,1,0,0,0,7,i,6,3,2,2,2,2,i,i,2,i,i,i,i,i,a,a,i,a,19,12,13,3,13,41,38,1,2,1,2,i,i,2,i,i,i,i,i,i,i,i,i,i,i,i,i,105,28,1
6291,doi:10.4232/1.12497,1.0.0 (2016-04-22),1,1,788,14000788,14869,14,3,TN,0.947303,1.377675,0.0,1.189387,1.499454,0.0,0.0,4,3,3,3,4,4,4,4,2,4,2,1,1,1,1,1,3,0,0,0,0,0,1,1,1,0,0,0,0,0,0,0,0,0,0,a,a,0,0,0,0,0,1,0,0,1,1,1,0,0,0,0,0,0,0,0,0,0,i,i,0,0,0,1,2,1,1,1,2,2,2,2,2,2,2,i,1,1,0,1,0,0,0,1,0,0,0,i,0,0,0,0,2,2,2,2,2,1,1,1,1,1,1,1,1,1,1,1,1,1,1,1,i,1,1,4,4,1,0,0,1,0,0,0,0,i,i,i,0,0,0,0,0,0,0,1,0,0,1,0,0,0,i,0,0,0,1,3,2,1,3,4,2,2,1,0,0,1,0,0,1,0,0,0,1,1,0,0,0,0,1,0,0,0,0,0,0,0,0,0,0,1,0,0,0,0,4,1,1,3,1,1,2,1,1,1,2,2,2,2,2,1,1,1,1,2,2,1,1,4,2,4,0,0,0,0,1,0,1,1,0,0,0,0,0,0,2,i,i,i,i,i,i,i,i,i,i,i,i,i,i,i,i,i,i,i,i,i,i,i,i,i,i,i,i,i,i,i,i,i,i,i,i,i,0,0,0,0,0,0,0,0,0,0,0,1,0,0,0,1,1,0,1,1,0,0,0,0,0,1,1,40,3,1,6,1,9,5,i,i,0,0,0,0,1,0,0,i,i,i,i,i,i,i,i,i,i,i,i,i,i,i,i,i,i,i,i,i,i,i,i,i,i,i,i,i,i,0,0,0,1,0,0,8,3,2,2,1,1,1,1,2,1,2,1,1,0,1,1,1,1,0,0,0,6,6,6,2,2,2,2,2,i,i,2,i,i,i,i,i,a,a,i,a,20,12,12,44,13,15,31,1,2,2,2,i,i,2,i,i,i,i,i,i,i,i,i,i,i,i,i,116,26,1
6291,doi:10.4232/1.12497,1.0.0 (2016-04-22),1,1,789,14000789,14870,14,3,TN,0.949469,1.377675,0.0,1.189387,1.499454,0.0,0.0,3,2,2,2,2,2,2,4,2,4,4,3,3,3,3,3,8,0,0,0,1,0,1,1,0,0,0,0,0,0,0,0,0,0,0,a,a,0,0,0,0,0,0,1,0,1,1,1,0,0,0,0,0,0,0,0,0,0,i,i,0,0,0,2,1,1,1,1,2,2,1,2,1,5,1,2,0,0,0,0,0,0,0,0,0,0,0,i,0,1,0,0,2,3,3,3,4,2,1,1,2,1,1,2,1,2,1,1,1,1,2,1,i,2,2,3,3,1,0,0,0,0,0,0,0,i,i,i,0,0,0,0,0,0,0,1,0,0,0,0,0,0,i,0,0,0,3,3,4,4,4,4,4,4,0,0,0,0,0,0,0,0,0,0,0,0,0,0,1,0,0,0,0,0,1,1,0,0,0,0,0,0,0,0,0,0,2,2,2,3,2,1,2,2,2,2,2,2,2,3,3,1,3,1,3,3,2,2,2,3,3,3,0,0,0,1,0,0,0,1,0,0,1,0,0,0,1,48,i,i,i,i,1,1,1,5,0,0,0,0,0,1,0,0,0,0,0,0,0,0,0,0,0,0,0,0,0,0,0,0,0,1,0,2,0,1,0,0,0,0,0,1,0,0,0,0,0,0,0,1,1,0,1,1,0,0,0,0,0,1,1,16,1,15,1,3,3,3,17,4,0,0,0,0,1,0,0,i,i,i,i,i,i,i,i,i,i,i,i,i,i,i,i,i,i,i,i,i,i,i,i,i,i,i,i,i,i,1,0,0,0,0,1,3,2,6,4,1,1,0,0,2,1,2,1,1,1,0,0,0,0,1,0,0,7,i,5,1,1,2,2,2,i,i,2,i,5,i,i,i,a,a,i,a,19,12,14,2,14,28,26,1,1,2,2,i,i,2,i,i,i,i,i,i,i,i,i,i,i,i,i,107,27,1
6291,doi:10.4232/1.12497,1.0.0 (2016-04-22),1,1,790,14000790,14871,14,3,TN,0.978779,1.377675,0.0,1.189387,1.499454,0.0,0.0,4,3,3,3,4,1,2,3,2,2,2,1,1,1,1,1,1,0,1,1,1,1,1,1,1,1,1,1,0,0,0,0,0,0,0,a,a,0,0,0,1,1,1,1,1,1,1,1,1,1,1,0,0,0,0,0,0,0,i,i,0,0,0,2,1,1,1,1,1,2,1,1,1,1,2,i,1,1,1,0,0,1,0,0,1,0,0,i,0,0,0,0,1,2,2,1,1,1,2,2,2,2,2,2,1,1,1,1,1,1,2,3,i,3,3,2,2,1,1,0,0,0,1,0,0,i,i,i,0,0,0,0,0,0,0,1,1,1,0,0,0,0,i,0,0,0,2,2,1,1,1,1,2,2,1,1,0,0,0,0,1,0,0,0,1,1,0,0,0,0,1,1,0,0,0,0,0,0,0,0,0,0,0,0,0,0,2,2,2,2,1,2,2,2,3,3,3,3,3,3,3,3,2,2,2,1,1,1,2,2,2,2,1,1,0,0,0,0,0,0,0,0,0,0,0,0,2,i,i,i,i,i,i,i,i,i,i,i,i,i,i,i,i,i,i,i,i,i,i,i,i,i,i,i,i,i,i,i,i,i,i,i,i,i,0,1,0,0,0,0,0,1,1,0,0,0,0,0,0,1,2,0,1,0,1,0,0,0,0,2,2,30,2,99,9,1,17,8,i,i,0,0,0,0,1,0,0,i,i,i,i,i,i,i,i,i,i,i,i,i,i,i,i,i,i,i,i,i,i,i,i,i,i,i,i,i,i,0,0,0,1,0,0,7,2,2,2,0,0,0,0,2,1,2,1,1,1,0,0,0,0,0,0,0,2,2,2,1,1,2,2,2,i,i,2,i,1,i,i,i,a,a,i,a,19,12,16,0,16,35,35,2,2,2,2,i,i,2,i,i,i,i,i,i,i,i,i,i,i,i,i,114,29,1
6291,doi:10.4232/1.12497,1.0.0 (2016-04-22),1,1,791,14000791,14872,14,3,TN,1.040832,1.377675,0.0,1.189387,1.499454,0.0,0.0,4,3,3,3,4,1,2,4,2,4,4,1,2,1,1,1,4,1,1,0,0,0,0,0,1,1,1,1,0,0,0,0,0,0,0,a,a,0,0,0,1,1,0,1,0,0,0,1,1,1,1,0,0,0,0,0,0,0,i,i,0,0,0,2,4,4,4,1,2,2,2,2,2,1,2,i,0,0,0,1,0,1,0,0,1,1,0,i,0,0,0,0,1,1,1,2,2,1,2,2,2,2,2,2,2,2,1,1,1,1,1,1,i,1,1,2,2,1,1,1,0,0,0,0,0,i,i,i,0,0,0,0,0,0,0,0,1,1,0,0,0,0,i,0,0,0,4,4,3,3,3,1,5,5,1,0,0,1,0,0,0,0,0,0,1,1,0,0,0,0,1,1,0,0,0,0,0,0,0,0,0,0,0,0,0,0,4,4,4,4,1,1,2,2,3,3,3,3,3,3,4,1,1,2,2,2,1,1,1,3,3,2,1,1,1,0,0,0,0,0,0,0,0,0,0,0,2,i,i,i,i,i,i,i,i,i,i,i,i,i,i,i,i,i,i,i,i,i,i,i,i,i,i,i,i,i,i,i,i,i,i,i,i,i,1,1,0,0,0,0,0,1,0,0,0,0,0,0,0,1,2,1,1,0,0,0,0,0,0,2,2,28,2,7,1,1,17,8,i,i,0,0,0,0,1,0,0,i,i,i,i,i,i,i,i,i,i,i,i,i,i,i,i,i,i,i,i,i,i,i,i,i,i,i,i,i,i,0,0,0,1,0,0,7,2,2,2,2,2,0,0,2,1,2,1,1,0,0,0,1,1,0,0,0,7,2,6,1,2,2,2,2,i,i,2,i,i,i,i,i,a,a,i,a,19,12,11,0,11,40,40,1,1,1,2,i,i,2,i,i,i,i,i,i,i,i,i,i,i,i,i,114,29,1
6291,doi:10.4232/1.12497,1.0.0 (2016-04-22),1,1,792,14000792,14873,14,3,TN,1.044399,1.377675,0.0,1.189387,1.499454,0.0,0.0,3,3,3,3,4,2,2,3,3,2,3,1,1,1,1,1,4,1,0,0,0,0,0,1,1,0,0,0,0,0,0,0,0,0,0,a,a,0,0,0,1,0,0,1,0,0,1,1,0,0,0,0,0,0,0,0,0,0,i,i,0,0,0,3,3,1,1,2,2,2,1,1,3,3,2,i,0,0,0,0,0,0,0,0,0,0,0,i,0,1,0,0,2,3,3,2,3,1,2,2,1,1,1,2,1,2,2,1,1,1,2,1,i,2,1,3,1,1,1,0,1,0,0,0,0,i,i,i,0,0,0,0,0,0,0,1,1,0,0,0,0,0,i,0,0,0,3,3,3,3,2,3,3,3,0,0,0,0,0,0,0,0,0,0,0,0,0,0,1,0,0,0,0,0,1,0,1,0,0,0,0,0,0,0,0,0,2,2,2,2,1,1,2,1,1,2,2,2,2,3,3,3,3,2,2,2,2,2,3,3,3,4,1,0,0,0,0,0,0,1,0,0,1,0,0,0,2,i,i,i,i,i,i,i,i,i,i,i,i,i,i,i,i,i,i,i,i,i,i,i,i,i,i,i,i,i,i,i,i,i,i,i,i,i,1,1,0,0,0,0,0,1,0,0,0,0,0,0,0,3,2,0,1,0,1,0,0,0,0,2,2,35,2,12,1,3,17,8,i,i,0,0,0,0,1,0,0,i,i,i,i,i,i,i,i,i,i,i,i,i,i,i,i,i,i,i,i,i,i,i,i,i,i,i,i,i,i,1,0,0,0,0,1,5,1,4,4,2,2,0,0,2,1,2,1,0,0,0,0,0,1,0,0,0,7,6,6,3,2,2,2,2,i,i,2,i,i,i,i,i,a,a,i,a,19,12,12,33,12,57,24,1,1,1,2,i,i,2,i,i,i,i,i,i,i,i,i,i,i,i,i,106,27,1
6291,doi:10.4232/1.12497,1.0.0 (2016-04-22),1,1,793,14000793,14874,14,3,TN,0.939495,1.377675,0.0,1.189387,1.499454,0.0,0.0,4,1,1,1,1,1,1,3,2,1,1,1,1,1,1,1,7,1,1,1,1,1,1,0,1,1,1,0,0,0,0,0,0,0,0,a,a,0,0,0,1,1,1,1,1,1,1,1,1,1,0,0,0,0,0,0,0,0,i,i,0,0,0,2,1,1,1,1,2,2,1,1,2,2,2,i,0,1,1,0,0,1,1,0,1,0,0,i,0,0,0,0,2,2,1,1,1,1,2,2,2,2,2,2,1,1,1,1,1,1,1,1,i,1,1,1,1,1,1,1,0,0,0,0,0,i,i,i,0,0,0,0,0,0,0,1,1,1,0,0,0,0,i,0,0,0,2,2,2,1,1,1,1,3,1,1,0,0,0,0,0,0,0,1,1,1,0,0,0,0,1,1,0,0,0,0,0,0,0,0,0,0,0,0,0,0,3,3,3,3,1,2,2,2,1,1,2,2,2,3,3,1,1,2,1,1,2,2,2,2,2,2,1,1,0,0,0,0,0,0,0,0,0,0,0,0,2,i,i,i,i,i,i,i,i,i,i,i,i,i,i,i,i,i,i,i,i,i,i,i,i,i,i,i,i,i,i,i,i,i,i,i,i,i,0,1,0,0,0,0,0,1,0,0,0,1,0,0,0,1,1,1,1,0,0,0,0,0,0,1,1,52,3,98,8,1,12,6,i,i,0,0,0,0,1,0,0,i,i,i,i,i,i,i,i,i,i,i,i,i,i,i,i,i,i,i,i,i,i,i,i,i,i,i,i,i,i,0,0,0,1,0,0,6,2,7,4,0,0,0,0,2,1,2,1,1,1,1,1,1,0,0,0,0,7,6,6,1,2,2,2,2,i,i,2,i,i,i,i,i,a,a,i,a,19,12,15,30,16,15,45,1,1,2,2,i,i,2,i,i,i,i,i,i,i,i,i,i,i,i,i,114,29,1
6291,doi:10.4232/1.12497,1.0.0 (2016-04-22),1,1,794,14000794,14875,14,3,TN,0.852788,1.377675,0.0,1.189387,1.499454,0.0,0.0,3,3,3,3,4,1,2,3,3,2,2,1,2,2,2,2,1,0,0,1,1,1,1,1,1,1,0,0,0,0,0,0,0,0,0,a,a,0,0,0,1,0,1,1,1,1,1,1,1,0,0,0,0,0,0,0,0,0,i,i,0,0,0,2,1,3,3,1,1,2,2,2,1,2,2,i,0,1,1,1,0,1,0,0,1,1,0,i,0,0,0,0,1,1,1,1,1,1,2,2,2,2,2,2,1,1,1,1,1,1,1,1,i,1,1,1,1,0,1,1,0,0,0,0,0,i,i,i,0,0,0,0,0,0,0,0,1,1,0,0,0,1,i,0,0,0,2,2,1,1,1,1,1,1,0,1,0,0,1,0,0,0,0,0,1,1,0,0,0,0,1,1,0,0,0,0,0,0,0,0,0,0,0,0,0,0,3,3,3,3,2,3,3,3,1,2,2,3,3,4,4,3,3,1,2,2,2,1,1,1,1,1,1,1,0,0,0,0,0,0,0,0,0,0,0,0,2,i,i,i,i,i,i,i,i,i,i,i,i,i,i,i,i,i,i,i,i,i,i,i,i,i,i,i,i,i,i,i,i,i,i,i,i,i,0,1,0,0,0,0,0,1,0,0,0,1,0,0,0,1,2,0,1,0,1,1,0,0,0,2,2,62,4,0,5,1,1,1,19,i,0,0,0,0,1,0,0,i,i,i,i,i,i,i,i,i,i,i,i,i,i,i,i,i,i,i,i,i,i,i,i,i,i,i,i,i,i,0,0,0,0,1,0,7,2,10,4,0,0,0,0,2,2,4,1,0,0,0,0,0,0,0,0,0,7,i,6,1,2,2,2,2,i,i,2,i,i,i,i,i,a,a,i,a,19,12,14,45,15,20,35,2,3,2,2,i,i,2,i,i,i,i,i,i,i,i,i,i,i,i,i,114,29,1
6291,doi:10.4232/1.12497,1.0.0 (2016-04-22),1,1,795,14000795,14876,14,3,TN,1.052391,1.377675,0.0,1.189387,1.499454,0.0,0.0,4,1,1,1,1,2,1,4,1,4,3,2,3,3,3,3,6,0,0,1,0,0,0,0,0,0,0,0,0,0,0,0,0,0,0,a,a,0,0,0,0,0,1,0,0,1,0,0,0,0,0,0,0,0,0,0,0,0,i,i,0,0,0,2,2,1,1,2,1,2,2,2,3,3,2,i,0,0,0,0,0,0,0,0,0,0,0,i,0,1,0,0,2,2,2,2,2,1,2,1,2,2,1,2,2,2,2,1,2,1,2,2,i,2,2,3,3,1,1,0,0,0,0,0,0,i,i,i,0,0,0,0,0,0,0,1,1,0,0,0,0,0,i,0,0,0,4,4,4,4,4,4,4,4,0,0,0,0,0,0,0,0,0,0,0,0,0,0,1,0,0,0,0,0,0,0,0,0,0,0,1,1,0,0,0,0,3,3,3,3,1,1,1,1,2,2,2,2,2,3,3,1,3,2,2,3,2,1,3,3,3,3,0,0,0,1,0,0,0,1,0,0,1,0,0,0,2,i,i,i,i,i,i,i,i,i,i,i,i,i,i,i,i,i,i,i,i,i,i,i,i,i,i,i,i,i,i,i,i,i,i,i,i,i,0,1,0,0,0,0,0,1,0,0,0,0,0,0,0,1,1,0,1,1,1,0,0,0,0,1,1,30,2,15,1,3,3,3,17,4,0,0,0,0,1,0,0,i,i,i,i,i,i,i,i,i,i,i,i,i,i,i,i,i,i,i,i,i,i,i,i,i,i,i,i,i,i,0,0,0,1,0,0,4,2,5,4,0,0,0,0,2,1,2,1,0,0,0,0,0,1,0,0,0,7,i,3,3,1,2,2,2,i,i,2,i,3,i,i,i,a,a,i,a,19,12,11,33,11,58,25,1,1,1,2,i,i,2,i,i,i,i,i,i,i,i,i,i,i,i,i,106,27,1
6291,doi:10.4232/1.12497,1.0.0 (2016-04-22),1,1,796,14000796,14877,14,3,TN,1.010406,1.377675,0.0,1.189387,1.499454,0.0,0.0,3,2,2,2,2,2,2,3,3,2,2,1,1,1,1,1,4,0,0,0,0,1,1,0,0,0,0,0,0,0,0,0,0,0,0,a,a,0,0,0,0,0,0,1,1,1,0,0,0,0,0,0,0,0,0,0,0,0,i,i,0,0,0,1,2,1,1,2,2,2,1,2,3,2,1,2,0,0,0,1,0,1,0,0,0,0,0,i,0,0,0,0,2,3,2,2,2,1,2,2,2,2,2,2,2,2,2,2,2,2,2,2,i,2,1,3,3,1,1,0,0,0,0,0,0,i,i,i,0,0,0,0,0,0,0,1,1,0,0,0,0,0,i,0,0,0,3,3,3,3,3,3,3,3,0,0,0,0,1,0,0,0,0,0,0,0,0,0,0,0,0,0,0,0,0,0,0,0,0,0,0,0,0,0,0,1,4,1,1,4,1,1,2,1,1,1,1,1,1,2,3,2,2,2,2,2,1,1,2,2,2,2,1,0,1,0,1,0,0,0,0,0,0,0,0,0,1,3,i,i,i,i,1,1,1,1,0,0,0,0,0,0,0,0,0,0,0,1,0,0,0,0,0,0,0,0,0,0,0,0,0,1,0,2,1,1,0,0,0,0,0,0,0,0,0,0,0,0,0,1,2,0,1,0,1,0,0,0,0,2,2,76,4,1,6,1,1,1,19,i,0,0,0,0,1,0,0,i,i,i,i,i,i,i,i,i,i,i,i,i,i,i,i,i,i,i,i,i,i,i,i,i,i,i,i,i,i,0,1,0,0,0,1,7,3,2,2,0,0,0,0,2,1,2,1,0,0,0,0,0,0,1,0,0,7,i,6,3,2,2,2,2,i,i,2,i,i,i,i,i,a,a,i,a,19,12,11,3,11,30,27,1,1,1,2,i,i,2,i,i,i,i,i,i,i,i,i,i,i,i,i,106,27,1
6291,doi:10.4232/1.12497,1.0.0 (2016-04-22),1,1,797,14000797,14878,14,3,TN,0.986268,1.377675,0.0,1.189387,1.499454,0.0,0.0,4,2,2,2,2,1,1,4,2,4,2,1,3,1,1,1,6,0,0,0,1,0,0,1,1,0,1,1,1,0,0,0,0,0,0,a,a,0,0,0,0,0,0,1,0,1,1,1,0,1,1,1,0,0,0,0,0,0,i,i,0,0,0,2,2,1,1,1,1,2,2,1,2,3,1,2,0,0,0,1,0,0,0,0,0,0,0,i,0,0,0,0,2,3,2,2,3,1,1,1,1,1,1,1,1,1,1,1,1,1,1,1,i,1,1,3,2,1,1,0,0,0,0,0,1,i,i,i,0,0,0,0,0,0,0,1,0,0,0,0,0,0,i,0,0,0,4,4,2,2,2,2,4,4,0,0,0,0,0,0,0,0,0,0,0,0,0,1,0,0,0,0,0,0,0,0,1,0,0,0,0,1,0,0,0,0,3,2,2,3,2,2,2,2,2,2,2,2,2,3,3,1,1,2,1,1,1,1,3,3,3,3,1,0,0,0,1,0,0,0,0,0,1,0,0,0,1,7,i,i,i,i,1,1,1,3,0,0,1,0,0,0,0,0,0,0,0,0,0,1,0,0,0,0,0,0,0,0,1,0,0,0,0,1,0,1,0,0,0,0,0,0,0,0,0,1,0,0,0,2,1,0,1,0,1,0,1,0,0,1,1,26,2,15,1,3,8,5,i,i,0,0,0,0,1,0,0,i,i,i,i,i,i,i,i,i,i,i,i,i,i,i,i,i,i,i,i,i,i,i,i,i,i,i,i,i,i,1,0,0,0,0,1,6,3,6,4,0,0,0,0,2,1,2,1,1,1,1,1,1,1,0,0,0,1,6,6,2,1,2,2,2,i,i,2,i,1,i,i,i,a,a,i,a,20,12,16,27,16,55,28,1,1,2,2,i,i,2,i,i,i,i,i,i,i,i,i,i,i,i,i,122,27,1
6291,doi:10.4232/1.12497,1.0.0 (2016-04-22),1,1,798,14000798,14879,14,3,TN,0.91023,1.377675,0.0,1.189387,1.499454,0.0,0.0,3,3,3,3,4,3,3,4,2,4,4,3,3,3,3,3,6,1,0,0,1,0,0,1,0,0,0,1,1,0,0,0,1,0,0,a,a,0,0,0,1,0,0,1,0,1,1,0,0,0,1,1,0,0,0,1,0,0,i,i,0,0,0,2,2,3,3,2,2,1,2,2,3,3,1,2,0,0,0,1,0,0,0,0,0,0,0,i,0,0,0,0,2,3,3,2,4,1,2,2,2,2,2,2,2,2,2,2,2,2,2,2,i,2,1,3,3,1,1,0,0,0,0,0,0,i,i,i,0,0,0,0,0,0,0,1,1,0,0,0,0,0,i,0,0,0,2,2,3,3,4,4,4,4,0,0,0,0,0,0,0,0,0,0,0,0,1,0,0,0,0,0,0,0,0,0,0,0,0,0,0,0,0,0,0,1,3,2,2,4,1,2,2,2,2,2,2,2,2,3,4,3,2,1,3,4,2,2,3,3,3,4,0,0,0,0,0,1,0,0,1,1,0,0,0,0,2,i,i,i,i,i,i,i,i,i,i,i,i,i,i,i,i,i,i,i,i,i,i,i,i,i,i,i,i,i,i,i,i,i,i,i,i,i,0,1,0,0,0,0,0,1,0,1,0,0,0,0,0,1,1,0,1,0,1,0,1,0,0,1,1,55,4,1,6,1,2,2,14,3,0,0,0,0,1,0,0,i,i,i,i,i,i,i,i,i,i,i,i,i,i,i,i,i,i,i,i,i,i,i,i,i,i,i,i,i,i,0,0,0,1,0,0,6,2,2,2,0,0,2,2,2,1,2,1,0,0,0,0,0,0,1,0,0,7,i,6,3,2,2,2,2,i,i,2,i,i,i,i,i,a,a,i,a,19,12,15,28,15,52,24,1,1,2,2,i,i,2,i,i,i,i,i,i,i,i,i,i,i,i,i,107,27,1
6291,doi:10.4232/1.12497,1.0.0 (2016-04-22),1,1,799,14000799,14880,14,3,TN,0.993281,1.377675,0.0,1.189387,1.499454,0.0,0.0,3,3,3,3,4,2,2,4,2,4,4,3,3,3,3,3,4,0,0,0,0,0,1,1,1,0,0,0,0,0,0,0,0,0,0,a,a,0,0,0,0,0,0,1,0,1,1,1,0,0,0,0,0,0,0,0,0,0,i,i,0,0,0,2,2,3,3,2,2,2,2,2,3,3,2,i,0,0,0,0,0,0,0,0,0,0,0,i,0,1,0,0,3,3,3,3,4,1,2,2,2,2,2,2,2,2,2,2,2,1,2,2,i,2,2,3,3,1,0,0,1,0,0,0,0,i,i,i,0,0,0,0,0,0,0,1,0,0,1,0,0,0,i,0,0,0,3,3,4,4,4,4,4,4,0,0,0,0,0,0,0,0,0,0,0,1,0,0,0,0,0,0,0,0,0,0,0,0,0,0,0,0,0,0,0,1,2,2,2,3,2,2,2,1,2,2,2,2,2,3,4,3,2,2,2,3,3,3,3,3,4,4,0,0,0,0,0,0,0,0,0,1,1,0,0,0,1,10,i,i,i,i,1,1,1,1,0,0,0,0,0,0,0,0,0,0,1,0,0,0,0,0,0,0,0,0,0,0,0,0,0,1,0,2,1,1,0,0,0,0,1,0,0,0,0,0,0,0,0,1,1,0,1,0,1,0,0,0,0,1,2,51,3,10,1,1,1,1,19,i,0,0,0,0,1,0,0,i,i,i,i,i,i,i,i,i,i,i,i,i,i,i,i,i,i,i,i,i,i,i,i,i,i,i,i,i,i,0,0,0,1,0,0,6,2,3,3,0,0,0,0,2,1,2,1,0,0,0,0,0,1,0,0,0,7,i,6,3,2,2,2,2,i,i,2,i,i,i,i,i,a,a,i,a,19,12,14,59,15,22,23,1,1,2,2,i,i,2,i,i,i,i,i,i,i,i,i,i,i,i,i,107,27,1
6291,doi:10.4232/1.12497,1.0.0 (2016-04-22),1,1,800,14000800,14881,14,3,TN,1.041915,1.377675,0.0,1.189387,1.499454,0.0,0.0,2,2,2,2,2,2,2,2,2,2,2,1,1,1,3,1,2,0,0,0,1,0,1,1,0,0,0,0,0,0,0,0,0,0,0,a,a,0,0,0,0,1,0,1,0,1,1,0,0,0,0,0,0,0,0,0,0,0,i,i,0,0,0,2,2,1,1,2,2,2,2,2,2,2,1,2,0,0,1,1,0,0,0,0,0,0,0,i,0,0,0,0,2,3,2,2,2,1,1,1,2,1,2,1,1,2,2,2,2,1,1,1,i,1,2,3,3,1,1,0,0,0,0,0,0,i,i,i,0,0,0,0,0,0,0,1,0,0,0,0,0,0,i,0,0,0,3,3,2,3,3,3,3,3,0,0,0,0,0,0,0,0,0,0,0,0,1,0,0,0,0,0,0,0,0,0,0,0,0,0,0,1,1,0,0,0,2,2,2,2,1,1,1,1,2,2,1,1,2,3,3,1,1,1,1,1,1,1,1,3,3,4,0,0,1,0,0,0,0,1,0,0,1,0,0,0,2,i,i,i,i,i,i,i,i,i,i,i,i,i,i,i,i,i,i,i,i,i,i,i,i,i,i,i,i,i,i,i,i,i,i,i,i,i,0,1,0,0,0,0,0,0,1,0,0,0,0,0,0,1,1,0,1,0,1,0,0,0,0,1,2,15,1,0,5,3,2,2,19,i,0,0,0,0,1,0,0,i,i,i,i,i,i,i,i,i,i,i,i,i,i,i,i,i,i,i,i,i,i,i,i,i,i,i,i,i,i,0,0,0,1,0,0,5,3,3,3,1,1,0,0,2,1,2,1,0,0,0,0,0,1,0,0,0,7,i,2,3,1,2,2,2,i,i,2,i,2,i,i,i,a,a,i,a,19,12,14,31,14,55,24,1,1,2,2,i,i,2,i,i,i,i,i,i,i,i,i,i,i,i,i,107,27,1
6291,doi:10.4232/1.12497,1.0.0 (2016-04-22),1,1,801,14000801,14882,14,3,TN,0.959816,1.377675,0.0,1.189387,1.499454,0.0,0.0,4,2,2,2,2,2,2,4,4,4,4,1,1,1,1,1,7,0,0,1,1,0,1,0,1,0,0,0,0,0,0,0,0,0,0,a,a,0,0,0,0,0,1,1,0,1,1,1,0,0,0,0,0,0,0,0,0,0,i,i,0,0,0,2,2,1,2,2,2,2,2,2,2,2,1,2,0,1,0,1,0,1,0,0,0,1,0,i,0,0,0,0,2,3,2,2,2,1,2,2,1,1,1,1,1,2,2,1,2,1,2,1,i,1,1,2,2,0,1,1,0,0,0,0,0,i,i,i,0,0,0,0,0,0,0,1,0,0,0,0,0,0,i,0,0,0,3,3,2,2,2,4,4,4,0,0,0,0,1,0,1,0,0,0,0,1,0,0,0,0,0,1,0,0,0,0,1,0,0,0,0,0,0,0,0,0,2,2,2,2,1,1,3,2,2,2,1,2,2,4,3,1,2,1,2,4,3,2,2,4,4,4,1,1,0,0,1,0,0,0,0,0,0,0,0,0,2,i,i,i,i,i,i,i,i,i,i,i,i,i,i,i,i,i,i,i,i,i,i,i,i,i,i,i,i,i,i,i,i,i,i,i,i,i,1,1,0,0,0,0,0,0,0,0,0,0,0,0,0,1,1,0,1,0,1,0,0,0,0,1,1,62,4,1,6,1,18,8,i,i,0,0,0,0,1,0,0,i,i,i,i,i,i,i,i,i,i,i,i,i,i,i,i,i,i,i,i,i,i,i,i,i,i,i,i,i,i,0,0,0,1,0,0,6,2,8,4,0,0,0,0,2,1,2,1,0,0,0,0,0,1,0,0,0,7,7,6,3,2,2,2,2,i,i,2,i,i,i,i,i,a,a,i,a,14,12,15,30,16,1,31,2,4,1,1,i,i,1,i,i,i,i,i,i,i,i,i,i,i,i,i,63,5,1
6291,doi:10.4232/1.12497,1.0.0 (2016-04-22),1,1,802,14000802,14883,14,3,TN,1.032679,1.377675,0.0,1.189387,1.499454,0.0,0.0,4,3,3,3,4,4,4,4,3,4,4,1,1,1,1,1,7,1,1,0,0,0,0,0,1,0,0,0,0,0,0,1,0,0,0,a,a,0,0,0,1,1,0,0,0,0,1,1,0,0,0,0,0,0,1,0,0,0,i,i,0,0,0,2,2,2,2,1,2,2,2,2,2,2,1,2,1,1,0,0,0,0,0,0,0,0,0,i,0,0,0,0,2,2,2,2,3,1,2,2,2,1,1,1,2,2,2,2,2,2,2,2,i,1,1,2,2,1,0,0,0,0,0,0,0,i,i,i,0,0,0,0,0,0,0,0,1,1,0,0,0,0,i,0,0,0,3,3,3,3,2,2,5,5,0,1,0,0,0,0,0,0,0,0,0,1,0,0,0,0,1,1,0,0,0,0,0,0,0,0,0,0,0,0,0,0,3,3,2,3,1,1,3,3,2,2,2,1,2,4,3,2,1,2,2,4,2,2,2,4,4,4,1,1,0,0,0,0,0,0,0,0,1,0,0,0,2,i,i,i,i,i,i,i,i,i,i,i,i,i,i,i,i,i,i,i,i,i,i,i,i,i,i,i,i,i,i,i,i,i,i,i,i,i,1,1,0,0,0,0,0,0,0,0,0,0,0,0,0,1,1,1,1,0,0,0,0,0,0,1,1,75,4,15,1,1,4,4,13,3,0,1,0,0,0,0,1,0,0,0,0,0,0,0,0,1,0,0,0,0,1,0,0,0,0,0,0,0,0,0,0,0,0,0,1,0,0,1,0,0,0,0,1,5,3,2,2,0,0,0,0,1,1,3,1,1,0,0,0,0,1,0,0,0,7,i,6,2,2,2,2,2,i,i,2,i,i,i,i,i,a,a,i,a,12,12,14,50,15,15,35,2,3,1,1,i,i,1,i,i,i,i,i,i,i,i,i,i,i,i,i,25,5,1
6291,doi:10.4232/1.12497,1.0.0 (2016-04-22),1,1,803,14000803,14884,14,3,TN,0.998507,1.377675,0.0,1.189387,1.499454,0.0,0.0,2,3,3,3,4,2,2,3,2,1,1,3,1,1,3,1,6,1,0,1,1,0,0,0,1,0,0,0,0,0,0,0,0,0,0,a,a,0,0,0,1,0,1,1,0,1,0,1,0,0,0,0,0,0,0,0,0,0,i,i,0,0,0,2,2,3,3,1,3,2,2,2,3,2,2,i,0,1,0,0,0,0,0,0,0,0,0,i,0,0,0,0,3,2,2,1,2,1,1,1,1,1,1,1,1,1,1,1,1,1,1,1,i,1,1,3,3,1,0,0,0,0,0,0,0,i,i,i,0,0,0,0,0,0,0,1,0,0,0,0,0,0,i,0,0,0,3,3,3,2,3,2,2,2,0,1,0,0,0,0,0,0,0,0,0,0,0,0,0,0,0,0,0,0,1,0,0,0,0,0,0,0,0,0,0,0,4,2,2,4,2,2,2,1,2,2,1,1,2,4,4,1,2,1,2,2,2,2,2,1,4,4,1,1,1,0,0,0,0,0,0,0,0,0,0,0,1,17,i,i,i,i,2,2,1,1,0,0,0,0,0,0,0,0,0,0,1,0,0,1,0,0,0,1,0,0,0,0,0,0,0,0,0,2,1,1,0,0,0,0,0,0,0,0,0,0,0,0,0,1,1,0,1,0,0,0,0,0,0,2,2,79,4,1,6,5,3,3,19,i,0,0,0,0,1,0,0,i,i,i,i,i,i,i,i,i,i,i,i,i,i,i,i,i,i,i,i,i,i,i,i,i,i,i,i,i,i,0,0,0,1,0,0,5,2,6,4,0,0,0,0,1,1,3,1,0,0,0,0,0,0,0,0,0,7,i,6,2,2,2,2,2,i,i,2,i,i,i,i,i,a,a,i,a,16,12,15,30,15,59,29,2,2,1,1,i,i,1,i,i,i,i,i,i,i,i,i,i,i,i,i,12,4,1
6291,doi:10.4232/1.12497,1.0.0 (2016-04-22),1,1,804,14000804,14885,14,3,TN,1.001193,1.377675,0.0,1.189387,1.499454,0.0,0.0,2,2,3,1,2,1,1,4,3,1,1,1,1,1,1,1,7,0,0,0,0,0,1,0,1,0,0,0,0,0,0,0,0,0,0,a,a,0,0,0,0,0,0,0,0,1,1,1,0,0,0,0,0,0,0,0,0,0,i,i,0,0,0,3,1,1,1,2,4,2,1,1,2,3,2,i,0,1,0,0,0,0,0,0,0,0,0,i,0,0,0,0,2,3,2,2,2,2,1,2,1,1,1,1,1,1,1,1,2,2,2,2,i,2,1,2,3,1,0,1,0,0,0,0,0,i,i,i,0,0,0,0,0,0,0,1,0,1,0,0,0,0,i,0,0,0,3,4,3,2,2,4,2,2,0,0,0,0,1,0,0,0,0,0,0,1,0,0,0,0,1,0,0,1,0,0,0,0,0,0,0,0,0,0,0,0,4,3,3,1,2,2,2,1,2,2,1,2,2,3,2,1,2,1,2,1,1,2,3,3,3,3,1,1,0,0,0,1,0,0,0,0,0,0,0,0,1,48,i,i,i,i,1,1,1,1,0,1,0,0,0,0,0,0,0,0,0,0,0,1,0,0,0,0,0,0,0,0,0,0,0,0,0,1,1,1,0,0,0,0,0,0,1,0,0,0,0,0,0,1,2,1,1,0,1,0,0,0,0,2,1,15,1,0,5,3,1,1,15,3,0,0,0,0,1,0,0,i,i,i,i,i,i,i,i,i,i,i,i,i,i,i,i,i,i,i,i,i,i,i,i,i,i,i,i,i,i,0,0,1,0,0,1,9,3,7,4,1,1,0,0,1,1,3,1,1,1,1,1,1,1,0,0,0,1,i,1,3,1,2,2,2,i,i,2,i,1,i,i,i,a,a,i,a,12,12,11,10,11,45,35,1,3,1,1,i,i,1,i,i,i,i,i,i,i,i,i,i,i,i,i,26,4,1
6291,doi:10.4232/1.12497,1.0.0 (2016-04-22),1,1,805,14000805,14886,14,3,TN,0.899245,1.377675,0.0,1.189387,1.499454,0.0,0.0,3,3,2,3,3,2,2,3,2,2,2,2,3,3,2,3,3,1,0,0,0,0,1,1,1,0,1,0,0,0,0,0,0,0,0,a,a,0,0,0,1,0,1,0,0,1,1,1,0,1,0,0,0,0,0,0,0,0,i,i,0,0,0,2,2,1,3,1,2,2,2,2,3,2,1,2,0,1,1,0,0,0,0,1,0,0,0,i,0,0,0,0,3,3,2,2,2,1,2,1,2,2,2,2,1,1,2,1,1,2,2,2,i,2,2,2,2,1,1,0,0,0,0,0,0,i,i,i,0,0,0,0,0,0,0,1,1,0,0,0,0,0,i,0,0,0,3,3,2,2,1,4,3,3,0,0,0,0,1,0,0,0,0,0,0,1,0,0,0,0,0,0,1,1,0,0,0,0,0,0,0,0,0,0,0,0,1,2,1,4,1,1,2,1,2,2,2,2,2,4,3,1,3,2,2,2,1,2,4,3,3,3,0,1,0,0,1,1,0,0,0,0,0,0,0,0,2,i,i,i,i,i,i,i,i,i,i,i,i,i,i,i,i,i,i,i,i,i,i,i,i,i,i,i,i,i,i,i,i,i,i,i,i,i,1,0,0,0,0,0,0,0,0,1,0,1,0,0,0,1,1,1,0,0,0,0,1,0,0,1,2,59,4,15,1,4,1,1,18,4,0,0,0,0,1,0,0,i,i,i,i,i,i,i,i,i,i,i,i,i,i,i,i,i,i,i,i,i,i,i,i,i,i,i,i,i,i,1,0,0,0,0,1,8,1,4,4,0,0,0,0,2,1,2,1,1,1,0,0,0,0,0,0,0,7,i,6,2,2,2,2,2,i,i,2,i,i,i,i,i,a,a,i,a,13,12,13,36,14,10,34,2,2,1,1,i,i,1,i,i,i,i,i,i,i,i,i,i,i,i,i,28,4,1
6291,doi:10.4232/1.12497,1.0.0 (2016-04-22),1,1,806,14000806,14887,14,3,TN,1.032099,1.377675,0.0,1.189387,1.499454,0.0,0.0,4,2,2,2,2,3,3,4,3,3,3,3,3,3,3,3,7,1,0,0,0,0,1,0,1,0,0,0,0,0,0,0,0,0,0,a,a,0,0,0,1,0,0,0,0,1,1,1,0,0,0,0,0,0,0,0,0,0,i,i,0,0,0,2,2,1,2,1,2,2,2,2,1,2,1,2,0,0,0,1,0,0,0,0,0,1,0,i,0,0,0,0,2,2,2,1,2,1,2,2,1,1,1,1,1,1,1,1,1,1,2,2,i,1,1,2,2,1,1,1,0,0,0,0,0,i,i,i,0,0,0,0,0,0,0,1,0,1,0,0,1,0,i,0,0,0,4,4,3,2,2,4,4,4,1,0,0,0,0,0,0,0,0,0,0,1,0,0,0,0,0,1,0,0,0,0,0,0,0,0,0,1,0,0,0,0,2,2,2,2,1,1,3,2,2,2,2,2,2,4,3,1,2,2,1,3,2,2,2,4,4,4,1,1,0,0,0,0,0,0,1,0,0,0,0,0,2,i,i,i,i,i,i,i,i,i,i,i,i,i,i,i,i,i,i,i,i,i,i,i,i,i,i,i,i,i,i,i,i,i,i,i,i,i,1,1,0,0,0,0,0,0,0,0,0,0,0,0,0,1,1,1,1,0,0,0,0,0,0,1,2,38,2,13,1,3,8,5,i,i,0,0,0,0,1,0,0,i,i,i,i,i,i,i,i,i,i,i,i,i,i,i,i,i,i,i,i,i,i,i,i,i,i,i,i,i,i,1,0,0,0,0,1,5,2,3,3,0,0,0,0,2,1,2,1,0,0,1,0,0,1,0,0,0,7,6,6,2,2,2,2,2,i,i,2,i,i,i,i,i,a,a,i,a,13,12,10,30,10,55,25,1,3,1,1,i,i,1,i,i,i,i,i,i,i,i,i,i,i,i,i,11,5,1
6291,doi:10.4232/1.12497,1.0.0 (2016-04-22),1,1,807,14000807,14888,14,3,TN,1.032099,1.377675,0.0,1.189387,1.499454,0.0,0.0,3,2,2,2,2,2,2,4,4,4,4,1,1,1,1,1,4,1,0,0,0,0,1,1,0,0,0,0,0,0,0,0,0,0,0,a,a,0,0,0,1,0,0,1,0,1,1,0,0,0,0,0,0,0,0,0,0,0,i,i,0,0,0,2,2,1,3,2,2,2,2,2,2,2,1,2,0,1,0,1,0,1,0,0,1,0,0,i,0,0,0,0,2,2,2,2,2,1,1,1,1,1,1,2,1,1,1,1,1,1,2,1,i,1,1,2,2,0,1,1,0,0,0,0,0,i,i,i,0,0,0,0,0,0,0,0,1,1,0,0,0,0,i,0,0,0,4,4,3,2,2,4,4,4,1,0,0,0,1,0,1,0,0,0,0,0,0,0,0,0,0,1,0,0,0,0,1,0,0,0,0,0,0,0,0,0,2,2,2,2,1,1,3,1,2,2,2,2,2,3,3,2,2,2,2,4,3,3,2,4,4,4,1,1,0,0,0,0,0,0,1,0,0,0,0,0,2,i,i,i,i,i,i,i,i,i,i,i,i,i,i,i,i,i,i,i,i,i,i,i,i,i,i,i,i,i,i,i,i,i,i,i,i,i,1,1,0,0,0,0,0,0,0,0,0,0,0,0,0,2,1,0,1,0,1,0,0,0,0,1,2,25,2,16,2,3,18,8,i,i,0,0,0,0,1,0,0,i,i,i,i,i,i,i,i,i,i,i,i,i,i,i,i,i,i,i,i,i,i,i,i,i,i,i,i,i,i,0,0,0,1,0,0,7,3,2,2,0,0,0,0,2,1,2,1,0,0,1,0,0,0,0,0,0,7,6,6,2,1,2,2,2,i,i,2,i,1,i,i,i,a,a,i,a,13,12,12,0,12,20,20,1,3,1,1,i,i,1,i,i,i,i,i,i,i,i,i,i,i,i,i,11,5,1
6291,doi:10.4232/1.12497,1.0.0 (2016-04-22),1,1,808,14000808,14889,14,3,TN,0.998909,1.377675,0.0,1.189387,1.499454,0.0,0.0,4,1,1,1,1,1,1,2,2,2,2,1,1,1,1,1,1,0,0,1,1,1,1,0,1,1,0,0,0,0,0,0,0,0,0,a,a,0,0,0,1,0,1,1,1,1,0,1,1,0,0,0,0,0,0,0,0,0,i,i,0,0,0,2,1,1,1,1,2,2,2,2,2,1,1,1,0,1,0,0,0,1,0,1,0,0,1,i,0,0,0,0,2,2,1,1,1,1,3,3,3,3,3,1,1,1,1,1,2,2,2,1,i,1,1,1,1,1,1,1,0,0,0,0,0,i,i,i,0,0,0,0,0,0,0,0,1,1,0,0,0,1,i,0,0,0,1,2,2,1,1,1,2,2,0,1,0,0,1,0,0,0,0,0,0,1,1,0,0,0,1,1,0,0,0,0,0,0,0,0,0,0,0,0,0,0,2,2,2,2,1,2,2,1,3,3,3,3,3,4,4,1,1,2,2,2,2,2,1,1,1,1,1,1,0,0,0,0,1,0,0,0,0,0,0,0,2,i,i,i,i,i,i,i,i,i,i,i,i,i,i,i,i,i,i,i,i,i,i,i,i,i,i,i,i,i,i,i,i,i,i,i,i,i,0,1,0,0,0,0,0,1,0,0,0,0,0,0,0,1,1,0,1,0,0,1,0,0,0,1,1,49,3,1,6,1,18,8,i,i,0,0,0,0,1,0,0,i,i,i,i,i,i,i,i,i,i,i,i,i,i,i,i,i,i,i,i,i,i,i,i,i,i,i,i,i,i,0,0,0,1,0,0,6,2,5,4,0,0,0,0,2,1,2,1,1,1,0,0,0,1,0,0,0,7,6,6,2,2,2,2,2,i,i,2,i,i,i,i,i,a,a,i,a,18,12,15,0,15,40,40,1,1,1,1,i,i,1,i,i,i,i,i,i,i,i,i,i,i,i,i,19,29,1
6291,doi:10.4232/1.12497,1.0.0 (2016-04-22),1,1,809,14000809,14890,14,3,TN,0.89951,1.377675,0.0,1.189387,1.499454,0.0,0.0,4,2,1,1,1,1,1,4,2,4,4,2,2,2,2,2,3,0,0,0,0,0,1,1,0,0,0,0,0,0,0,0,0,0,0,a,a,0,0,0,0,0,1,0,0,1,1,0,0,0,0,0,0,0,0,0,0,0,i,i,0,0,0,2,1,1,1,1,2,1,1,2,1,3,1,2,0,1,0,0,0,0,0,1,0,1,1,i,0,0,0,0,2,2,2,2,2,1,2,1,1,1,1,2,1,1,2,1,1,1,2,1,i,1,1,1,2,1,1,0,0,0,0,0,0,i,i,i,1,0,0,0,0,0,0,0,1,1,0,1,0,0,i,0,0,0,2,4,2,1,4,4,3,3,1,1,0,0,1,0,1,0,0,0,0,1,0,0,0,0,0,0,0,0,0,0,1,0,0,0,0,1,0,0,0,0,2,1,2,4,1,1,1,2,2,2,2,2,2,4,2,2,3,1,2,3,3,3,3,3,2,4,0,1,0,0,1,0,0,0,1,0,0,0,0,0,1,58,i,i,i,i,1,1,1,4,0,1,1,0,0,0,0,0,0,0,0,0,0,1,0,0,0,0,0,0,0,0,0,1,0,0,0,1,0,1,0,0,0,0,0,1,0,0,0,0,0,0,0,1,1,0,1,0,1,0,0,0,0,1,1,63,4,1,6,1,4,4,14,3,0,0,0,0,1,0,0,i,i,i,i,i,i,i,i,i,i,i,i,i,i,i,i,i,i,i,i,i,i,i,i,i,i,i,i,i,i,1,0,0,0,0,1,1,1,3,3,0,0,0,0,1,1,3,1,1,0,1,1,0,0,0,0,0,6,i,6,1,2,2,2,2,i,i,2,i,i,i,i,i,a,a,i,a,13,12,13,20,13,50,30,1,2,2,1,i,i,1,i,i,i,i,i,i,i,i,i,i,i,i,i,57,1,1
6291,doi:10.4232/1.12497,1.0.0 (2016-04-22),1,1,810,14000810,14891,14,3,TN,0.967252,1.377675,0.0,1.189387,1.499454,0.0,0.0,3,3,3,3,4,3,3,3,2,4,2,2,1,1,2,1,1,0,0,1,1,1,1,1,1,0,0,1,0,0,0,0,0,0,0,a,a,0,0,0,1,0,1,1,1,1,1,1,0,0,1,0,0,0,0,0,0,0,i,i,0,0,0,3,2,1,1,2,3,2,2,2,2,2,1,2,0,1,0,1,0,1,0,1,0,0,0,i,0,0,0,0,2,2,3,3,2,2,2,2,1,1,2,1,2,1,1,1,1,1,2,1,i,3,3,3,3,1,1,1,0,0,0,0,0,i,i,i,0,0,0,0,0,0,0,0,1,0,1,0,0,1,i,0,0,0,3,2,2,2,2,2,2,2,0,1,0,0,0,1,1,0,0,0,1,0,0,0,0,0,0,1,0,1,0,0,0,0,0,0,0,0,0,0,0,0,2,2,2,2,1,2,2,1,2,2,2,2,2,3,3,2,2,2,2,1,1,1,1,3,3,3,1,1,0,1,0,0,0,0,0,0,0,0,0,0,2,i,i,i,i,i,i,i,i,i,i,i,i,i,i,i,i,i,i,i,i,i,i,i,i,i,i,i,i,i,i,i,i,i,i,i,i,i,0,1,0,0,0,0,0,1,0,0,1,0,0,0,0,1,2,1,1,1,0,0,0,0,0,2,2,33,2,10,1,1,1,1,19,i,0,0,0,0,1,0,0,i,i,i,i,i,i,i,i,i,i,i,i,i,i,i,i,i,i,i,i,i,i,i,i,i,i,i,i,i,i,0,0,0,1,0,0,7,2,1,1,4,4,0,0,2,1,2,1,1,1,0,1,1,0,0,0,0,3,i,7,1,1,2,2,2,i,i,2,i,4,i,i,i,a,a,i,a,13,12,12,10,12,50,40,1,2,2,1,i,i,1,i,i,i,i,i,i,i,i,i,i,i,i,i,47,7,1
6291,doi:10.4232/1.12497,1.0.0 (2016-04-22),1,1,811,14000811,14892,14,3,TN,0.986361,1.377675,0.0,1.189387,1.499454,0.0,0.0,4,3,1,2,2,4,4,4,3,2,3,1,3,1,1,1,4,0,0,0,0,0,1,1,0,0,0,0,0,0,0,0,0,0,0,a,a,0,0,0,0,0,0,1,0,1,1,0,0,0,0,0,0,0,0,0,0,0,i,i,0,0,0,2,2,1,2,1,2,2,1,2,2,2,1,2,1,0,0,0,0,1,0,0,0,1,0,i,0,0,0,0,2,2,2,2,2,1,2,1,1,1,1,1,1,1,1,1,1,1,1,1,i,1,1,3,3,0,1,1,0,0,0,0,0,i,i,i,0,0,0,0,0,0,0,1,1,0,0,0,0,0,i,0,0,0,4,4,2,2,3,4,3,3,0,0,0,0,0,0,0,0,0,0,1,1,0,0,0,0,0,0,0,0,0,0,1,0,0,0,0,1,0,0,0,0,2,2,2,4,1,1,2,1,2,2,2,2,2,4,3,1,3,2,2,2,2,2,2,2,2,2,1,0,0,0,1,0,0,0,1,0,0,0,0,0,1,52,i,i,i,i,2,2,2,1,0,0,0,0,0,0,0,0,0,0,1,0,0,0,0,0,1,0,0,0,0,0,0,0,0,0,0,1,0,1,0,0,0,0,0,1,0,0,0,1,0,0,0,1,1,0,1,0,1,0,0,0,0,1,2,52,3,1,6,1,1,1,17,4,0,1,0,0,0,0,1,0,0,0,0,0,0,0,0,1,0,0,0,0,0,0,0,0,0,0,0,0,0,0,0,0,0,0,1,0,0,1,0,0,0,0,1,5,1,3,3,0,0,0,0,1,1,3,1,0,0,0,0,0,1,0,0,0,7,i,6,1,2,2,2,2,i,i,2,i,i,i,i,i,a,a,i,a,13,12,13,55,14,30,35,1,3,2,1,i,i,1,i,i,i,i,i,i,i,i,i,i,i,i,i,57,1,1
6291,doi:10.4232/1.12497,1.0.0 (2016-04-22),1,1,812,14000812,14893,14,3,TN,1.033173,1.377675,0.0,1.189387,1.499454,0.0,0.0,4,2,1,1,1,1,1,4,3,4,3,2,1,2,2,2,7,0,1,0,0,0,1,0,0,0,0,0,0,0,0,0,0,0,0,a,a,0,0,0,0,1,0,0,0,1,1,0,0,0,0,0,0,0,0,0,0,0,i,i,0,0,0,2,2,1,2,1,1,2,2,1,2,2,1,2,1,0,0,1,0,0,0,0,0,1,0,i,0,0,0,0,2,2,2,2,2,1,2,1,1,1,1,1,1,2,2,1,1,1,1,1,i,1,1,1,1,0,1,0,0,0,0,0,0,i,i,i,1,1,0,0,0,0,0,1,1,1,0,0,0,0,i,0,0,0,3,4,2,2,2,4,4,4,0,0,1,1,1,0,0,0,0,0,0,0,0,0,0,0,1,1,0,0,0,0,0,0,0,0,0,0,0,0,0,0,1,1,2,2,2,2,2,2,2,2,2,2,2,3,4,2,2,1,1,3,3,2,3,3,3,3,1,0,0,0,1,1,0,0,0,0,0,0,0,0,2,i,i,i,i,i,i,i,i,i,i,i,i,i,i,i,i,i,i,i,i,i,i,i,i,i,i,i,i,i,i,i,i,i,i,i,i,i,0,1,0,0,0,0,0,1,0,0,0,1,0,0,0,1,1,0,1,0,1,0,0,0,0,1,2,21,1,15,1,3,3,3,19,i,0,0,0,0,1,0,0,i,i,i,i,i,i,i,i,i,i,i,i,i,i,i,i,i,i,i,i,i,i,i,i,i,i,i,i,i,i,1,0,0,0,0,1,4,1,6,4,0,0,0,0,1,1,3,1,0,0,1,1,0,0,0,0,0,1,i,1,2,1,2,2,2,i,i,2,i,1,i,i,i,a,a,i,a,13,12,14,35,15,7,32,1,2,2,1,i,i,1,i,i,i,i,i,i,i,i,i,i,i,i,i,57,1,1
6291,doi:10.4232/1.12497,1.0.0 (2016-04-22),1,1,813,14000813,14894,14,3,TN,1.039997,1.377675,0.0,1.189387,1.499454,0.0,0.0,4,2,2,2,2,3,3,4,4,5,5,2,4,4,2,4,4,0,0,0,0,0,1,1,1,0,1,1,0,0,0,0,0,0,0,a,a,0,0,0,0,0,0,1,0,1,1,1,0,1,1,0,0,0,0,0,0,0,i,i,0,0,0,2,2,2,2,1,1,1,1,1,3,3,2,i,0,1,0,1,0,1,0,0,0,1,0,i,0,0,0,0,3,3,3,3,3,1,2,2,1,2,1,1,2,1,1,2,1,1,2,1,i,2,1,2,2,1,1,1,0,0,0,0,0,i,i,i,0,0,0,0,0,0,0,1,1,1,0,0,0,0,i,0,0,0,5,3,2,2,1,1,4,4,1,0,0,1,1,0,0,0,0,0,1,1,0,0,0,0,0,1,0,1,0,0,0,0,0,0,0,0,0,0,0,0,3,3,3,3,2,2,2,2,2,2,2,2,2,4,4,4,2,4,3,3,2,2,3,2,2,2,0,1,0,0,0,0,1,0,0,1,0,0,0,0,1,48,i,i,i,i,1,1,1,3,1,0,1,0,0,0,0,0,0,0,0,0,0,1,0,1,0,0,1,0,0,0,0,0,0,0,0,2,0,1,0,0,0,0,0,1,0,0,0,0,0,0,0,1,1,0,1,0,1,0,0,0,0,1,1,26,2,8,1,3,3,3,19,i,0,0,0,0,1,0,0,i,i,i,i,i,i,i,i,i,i,i,i,i,i,i,i,i,i,i,i,i,i,i,i,i,i,i,i,i,i,0,0,0,1,0,0,3,1,4,4,0,0,0,0,2,1,2,1,0,0,0,0,0,0,0,0,0,7,i,5,2,2,2,2,2,i,i,2,i,i,i,i,i,a,a,i,a,12,12,11,10,11,40,30,1,2,1,1,i,i,1,i,i,i,i,i,i,i,i,i,i,i,i,i,17,7,1
6291,doi:10.4232/1.12497,1.0.0 (2016-04-22),1,1,814,14000814,14895,14,3,TN,0.981583,1.377675,0.0,1.189387,1.499454,0.0,0.0,4,3,1,1,2,2,2,4,3,3,3,2,3,3,2,3,7,0,0,1,0,0,1,0,0,0,0,0,0,0,0,0,0,0,0,a,a,0,0,0,0,0,1,0,0,1,1,0,0,0,0,0,0,0,0,0,0,0,i,i,0,0,0,2,2,1,2,1,2,2,1,2,3,3,2,i,1,0,0,1,0,0,0,0,0,1,0,i,0,0,0,0,2,2,2,3,3,1,1,2,2,1,2,2,2,2,2,1,1,1,2,1,i,2,2,4,4,1,1,0,1,0,0,0,0,i,i,i,0,0,0,0,0,0,0,1,0,0,0,0,0,0,i,0,0,0,3,4,2,2,2,4,2,2,1,0,0,0,0,0,1,0,0,0,0,1,1,0,0,0,0,0,0,0,0,0,1,0,0,0,0,1,0,0,0,0,3,3,3,3,1,1,2,1,2,2,2,2,2,2,2,2,2,1,1,2,2,2,2,2,2,2,1,0,1,0,0,0,0,0,1,0,0,0,0,0,1,24,i,i,i,i,1,2,1,1,0,1,0,0,0,0,0,0,0,0,0,0,0,0,0,0,1,0,0,0,0,0,1,0,0,0,0,1,0,1,0,0,0,0,0,1,0,0,0,0,0,0,0,1,1,0,1,0,1,0,0,0,0,1,2,52,3,17,2,1,1,1,19,i,0,0,0,0,1,0,0,i,i,i,i,i,i,i,i,i,i,i,i,i,i,i,i,i,i,i,i,i,i,i,i,i,i,i,i,i,i,1,0,0,0,0,1,4,1,5,4,0,0,0,0,2,1,2,1,0,0,0,0,0,1,0,0,0,7,i,6,2,2,2,2,2,i,i,2,i,i,i,i,i,a,a,i,a,13,12,12,30,19,2,32,1,2,2,1,i,i,1,i,i,i,i,i,i,i,i,i,i,i,i,i,57,1,1
6291,doi:10.4232/1.12497,1.0.0 (2016-04-22),1,1,815,14000815,14896,14,3,TN,0.931612,1.377675,0.0,1.189387,1.499454,0.0,0.0,4,2,1,1,1,2,1,4,4,4,4,1,1,1,1,1,7,0,1,1,1,0,0,0,0,0,0,0,0,0,0,0,0,0,0,a,a,0,0,0,0,1,1,1,0,0,1,0,0,0,0,0,0,0,0,0,0,0,i,i,0,0,0,2,2,1,1,1,2,1,1,1,2,2,1,2,1,0,0,0,0,1,0,0,1,1,0,i,0,0,0,0,1,2,1,1,1,1,1,1,2,2,2,1,1,2,2,1,1,1,2,1,i,1,1,2,2,0,1,0,0,0,0,0,0,i,i,i,0,0,0,0,0,0,0,1,0,0,0,0,0,0,i,0,0,0,3,4,4,2,2,3,3,4,1,1,0,0,1,0,0,0,0,0,0,1,0,0,0,0,0,0,0,0,0,0,0,0,0,0,0,1,1,0,0,0,3,2,2,3,1,2,2,2,2,2,1,1,2,3,2,1,1,1,1,3,3,2,1,3,4,4,0,1,0,0,1,0,0,0,0,0,1,0,0,0,2,i,i,i,i,i,i,i,i,i,i,i,i,i,i,i,i,i,i,i,i,i,i,i,i,i,i,i,i,i,i,i,i,i,i,i,i,i,0,1,0,0,0,0,0,1,0,0,0,0,0,0,0,1,1,0,1,0,1,0,0,0,0,1,1,48,3,11,1,1,8,5,i,i,0,0,0,0,1,0,0,i,i,i,i,i,i,i,i,i,i,i,i,i,i,i,i,i,i,i,i,i,i,i,i,i,i,i,i,i,i,1,0,0,0,0,1,4,1,3,3,0,0,0,0,1,1,3,1,0,0,1,1,0,0,0,0,0,7,6,6,1,2,2,2,2,i,i,2,i,i,i,i,i,a,a,i,a,13,12,11,30,12,10,40,1,2,2,1,i,i,1,i,i,i,i,i,i,i,i,i,i,i,i,i,57,1,1
6291,doi:10.4232/1.12497,1.0.0 (2016-04-22),1,1,816,14000816,14897,14,3,TN,1.10244,1.377675,0.0,1.189387,1.499454,0.0,0.0,2,2,2,2,2,2,2,4,4,3,2,2,1,1,1,1,3,1,1,0,1,0,1,1,1,0,0,0,0,1,0,0,0,1,1,a,a,0,0,0,1,1,1,1,0,1,1,1,0,0,0,0,1,0,0,0,1,1,i,i,0,0,0,2,2,1,2,1,2,2,2,2,2,2,3,i,1,0,0,1,0,1,0,0,0,0,1,i,0,0,0,0,2,2,2,2,2,1,1,1,1,1,1,1,1,1,1,1,1,1,1,1,i,1,1,2,2,0,1,1,0,0,0,0,0,i,i,i,0,0,0,0,0,0,0,1,1,1,0,0,0,0,i,0,0,0,4,4,4,3,3,3,3,3,1,1,0,0,0,0,0,0,0,0,0,0,0,0,0,0,0,0,0,0,0,0,1,0,0,0,0,0,1,0,0,0,4,3,3,2,1,1,3,2,2,2,2,2,2,4,4,1,1,2,2,2,2,2,3,2,3,4,1,1,1,0,0,0,0,0,0,0,0,0,0,0,2,i,i,i,i,i,i,i,i,i,i,i,i,i,i,i,i,i,i,i,i,i,i,i,i,i,i,i,i,i,i,i,i,i,i,i,i,i,0,0,0,0,0,0,0,0,1,1,1,0,0,0,0,1,1,0,1,0,1,0,1,0,0,2,2,16,1,0,5,3,2,2,19,i,0,0,0,0,1,0,0,i,i,i,i,i,i,i,i,i,i,i,i,i,i,i,i,i,i,i,i,i,i,i,i,i,i,i,i,i,i,1,0,0,0,0,1,5,3,4,4,1,1,0,0,2,1,2,1,1,0,1,1,1,0,0,0,0,1,i,5,3,1,2,2,2,i,i,2,i,1,i,i,i,a,a,i,a,12,12,15,7,15,49,42,1,2,1,1,i,i,1,i,i,i,i,i,i,i,i,i,i,i,i,i,24,3,1
6291,doi:10.4232/1.12497,1.0.0 (2016-04-22),1,1,817,14000817,14898,14,3,TN,1.10244,1.377675,0.0,1.189387,1.499454,0.0,0.0,4,4,3,3,4,3,3,4,3,3,3,2,2,1,2,2,4,1,0,1,0,0,1,1,1,0,0,0,0,0,0,0,0,0,0,a,a,0,0,0,1,0,1,1,0,1,1,1,0,0,0,0,0,0,0,0,0,0,i,i,0,0,0,2,2,2,2,2,2,2,2,2,2,2,1,2,1,1,0,0,0,0,0,0,0,0,0,i,0,0,0,0,2,3,2,2,2,1,2,1,1,2,2,2,2,2,1,1,1,1,2,2,i,1,1,2,3,0,1,1,0,0,0,0,0,i,i,i,0,0,0,0,0,0,0,0,1,1,0,0,0,0,i,0,0,0,4,4,3,3,3,4,4,4,0,1,0,0,0,0,1,0,0,0,0,0,0,0,0,0,0,0,0,0,1,0,0,0,0,0,0,1,0,0,0,0,3,2,2,2,1,1,3,3,2,2,2,2,2,4,3,2,1,1,2,4,3,3,2,4,4,4,1,1,0,0,1,0,0,0,0,0,0,0,0,0,2,i,i,i,i,i,i,i,i,i,i,i,i,i,i,i,i,i,i,i,i,i,i,i,i,i,i,i,i,i,i,i,i,i,i,i,i,i,1,1,0,0,0,0,0,0,0,0,0,0,0,0,0,1,1,0,1,0,1,0,0,0,0,1,2,24,1,14,1,3,1,1,18,4,0,0,0,0,1,0,0,i,i,i,i,i,i,i,i,i,i,i,i,i,i,i,i,i,i,i,i,i,i,i,i,i,i,i,i,i,i,0,0,0,1,0,0,5,2,3,3,0,0,0,0,2,1,2,1,0,0,0,0,0,1,0,0,0,7,i,6,3,2,2,2,2,i,i,2,i,i,i,i,i,a,a,i,a,13,12,11,20,11,50,30,1,3,1,1,i,i,1,i,i,i,i,i,i,i,i,i,i,i,i,i,63,5,1
6291,doi:10.4232/1.12497,1.0.0 (2016-04-22),1,1,818,14000818,14899,14,3,TN,1.05249,1.377675,0.0,1.189387,1.499454,0.0,0.0,3,3,1,2,2,1,1,3,3,2,2,2,3,3,1,1,8,0,0,0,1,0,1,0,0,0,0,0,0,0,0,0,0,0,0,a,a,0,0,0,0,0,0,1,0,1,0,1,0,0,0,0,0,0,0,0,0,0,i,i,0,0,0,3,3,1,2,1,1,2,1,1,3,2,1,2,1,0,0,0,0,0,0,0,0,0,0,i,0,0,0,0,3,2,1,1,2,1,1,1,1,1,1,1,1,1,2,2,1,1,1,1,i,2,1,3,4,0,0,1,0,0,0,0,0,i,i,i,0,0,0,0,0,0,0,0,0,0,0,0,1,0,i,0,0,0,4,4,4,2,2,4,2,4,0,0,0,0,0,0,0,0,0,0,0,0,1,0,0,0,0,0,0,1,0,0,0,0,0,0,0,0,0,0,0,0,2,1,1,1,1,1,1,2,2,2,2,2,2,2,1,1,3,4,2,4,3,1,1,1,4,4,0,0,0,0,0,0,0,1,0,1,1,0,0,0,2,i,i,i,i,i,i,i,i,i,i,i,i,i,i,i,i,i,i,i,i,i,i,i,i,i,i,i,i,i,i,i,i,i,i,i,i,i,1,0,0,0,0,0,0,0,0,0,0,1,0,0,0,1,1,0,1,0,0,0,0,0,0,1,2,40,3,1,6,4,1,1,8,1,0,0,0,0,1,0,0,i,i,i,i,i,i,i,i,i,i,i,i,i,i,i,i,i,i,i,i,i,i,i,i,i,i,i,i,i,i,1,0,0,0,0,1,7,2,2,2,0,0,0,0,1,1,3,1,1,1,1,1,0,1,0,0,0,6,i,6,3,2,2,2,2,i,i,2,i,i,i,i,i,a,a,i,a,14,12,16,0,16,35,35,1,3,1,1,i,i,1,i,i,i,i,i,i,i,i,i,i,i,i,i,64,4,1
6291,doi:10.4232/1.12497,1.0.0 (2016-04-22),1,1,819,14000819,14900,14,3,TN,0.99407,1.377675,0.0,1.189387,1.499454,0.0,0.0,3,2,2,2,2,1,1,3,2,3,2,2,2,2,2,2,2,1,0,0,0,0,0,0,0,0,1,1,0,0,0,0,0,0,0,a,a,0,0,0,1,1,0,0,0,0,0,0,0,1,1,0,0,0,0,0,0,0,i,i,0,0,0,2,2,2,2,1,2,1,1,1,3,6,2,i,1,0,0,1,0,0,1,0,0,0,0,i,0,0,0,0,3,2,3,3,2,1,2,1,2,3,3,3,3,2,2,2,1,2,1,1,i,1,1,4,3,1,1,1,0,0,0,0,0,i,i,i,0,0,0,0,0,0,0,1,1,1,0,0,0,0,i,0,0,0,2,3,2,3,2,3,2,3,1,1,0,0,0,1,0,1,0,0,0,1,0,0,0,0,1,0,0,1,0,0,0,0,0,0,0,0,0,0,0,0,1,1,1,5,2,2,2,2,1,1,1,1,1,2,3,3,2,3,2,2,2,3,2,2,2,2,1,0,0,1,0,1,0,0,0,0,0,0,0,0,2,i,i,i,i,i,i,i,i,i,i,i,i,i,i,i,i,i,i,i,i,i,i,i,i,i,i,i,i,i,i,i,i,i,i,i,i,i,1,0,1,1,0,0,0,0,0,0,0,0,0,0,0,3,2,1,1,1,0,0,0,0,0,2,1,49,3,1,6,1,14,7,i,i,0,0,0,0,1,0,0,i,i,i,i,i,i,i,i,i,i,i,i,i,i,i,i,i,i,i,i,i,i,i,i,i,i,i,i,i,i,1,0,0,0,0,1,4,1,2,2,0,0,0,0,2,1,2,1,0,0,0,0,0,0,0,0,0,7,6,6,2,2,2,2,2,i,i,2,i,i,i,i,i,a,a,i,a,18,12,17,0,17,30,30,2,2,1,1,i,i,1,i,i,i,i,i,i,i,i,i,i,i,i,i,43,8,1
6291,doi:10.4232/1.12497,1.0.0 (2016-04-22),1,1,820,14000820,14901,14,3,TN,0.986361,1.377675,0.0,1.189387,1.499454,0.0,0.0,3,3,3,3,4,3,3,4,4,4,4,2,3,2,2,2,4,0,0,0,0,0,0,1,0,0,0,0,0,0,0,0,0,0,0,a,a,0,0,0,0,0,0,1,0,0,1,0,0,0,0,0,0,0,0,0,0,0,i,i,0,0,0,1,3,3,3,1,3,2,2,2,2,2,2,i,1,1,0,0,0,0,0,0,0,0,0,i,0,0,0,0,2,2,2,2,2,1,1,1,1,1,1,1,1,1,1,1,1,1,1,1,i,1,1,4,4,1,0,0,0,0,0,0,0,i,i,i,0,0,0,0,0,0,0,1,1,0,0,1,0,0,i,0,0,0,1,1,1,1,1,4,1,1,0,1,0,0,1,0,1,0,0,0,1,0,0,0,0,0,0,0,0,0,0,0,1,0,0,0,0,1,0,0,0,0,2,2,2,4,1,1,1,1,1,1,1,1,2,2,2,1,1,1,1,1,1,1,1,1,1,1,1,1,1,0,0,0,0,0,0,0,0,0,0,0,2,i,i,i,i,i,i,i,i,i,i,i,i,i,i,i,i,i,i,i,i,i,i,i,i,i,i,i,i,i,i,i,i,i,i,i,i,i,0,1,0,0,0,0,0,1,0,0,0,0,0,0,0,1,2,0,1,0,1,0,0,0,0,2,2,51,3,1,6,1,1,1,18,4,0,0,0,0,1,0,0,i,i,i,i,i,i,i,i,i,i,i,i,i,i,i,i,i,i,i,i,i,i,i,i,i,i,i,i,i,i,0,0,0,1,0,0,2,1,2,2,2,2,0,0,2,2,4,0,0,0,0,0,0,0,0,1,0,7,i,6,2,2,2,2,2,i,i,2,i,i,i,i,i,a,a,i,a,13,12,15,15,15,45,30,1,4,2,1,i,i,1,i,i,i,i,i,i,i,i,i,i,i,i,i,57,1,1
6291,doi:10.4232/1.12497,1.0.0 (2016-04-22),1,1,821,14000821,14902,14,3,TN,0.99407,1.377675,0.0,1.189387,1.499454,0.0,0.0,4,1,1,1,1,2,1,4,5,5,5,4,3,3,3,3,1,0,1,1,0,0,1,1,1,1,0,0,0,0,0,0,0,0,0,a,a,0,0,0,1,1,1,0,0,1,1,1,1,0,0,0,0,0,0,0,0,0,i,i,0,0,0,2,1,1,1,1,2,2,2,2,1,1,1,2,0,1,1,0,0,0,0,0,1,1,0,i,0,0,0,0,2,2,2,2,2,1,2,2,2,2,2,1,1,1,1,1,1,1,1,1,i,1,1,1,1,0,1,0,0,0,1,0,0,i,i,i,0,1,0,0,0,0,0,0,1,1,0,0,0,1,i,0,0,0,5,4,4,1,1,2,5,5,0,1,0,0,0,0,0,0,0,1,1,1,0,0,0,0,1,1,0,0,0,0,0,0,0,0,0,0,0,0,0,0,3,3,3,3,1,2,2,3,2,2,2,2,2,4,4,1,1,1,1,2,2,2,2,2,2,2,0,1,0,0,0,1,0,0,1,0,0,0,0,0,2,i,i,i,i,i,i,i,i,i,i,i,i,i,i,i,i,i,i,i,i,i,i,i,i,i,i,i,i,i,i,i,i,i,i,i,i,i,0,1,0,0,0,0,0,1,0,0,0,0,0,0,0,1,1,0,1,0,1,0,0,0,0,1,1,46,3,99,9,1,18,8,i,i,0,0,0,0,1,0,0,i,i,i,i,i,i,i,i,i,i,i,i,i,i,i,i,i,i,i,i,i,i,i,i,i,i,i,i,i,i,1,1,0,0,0,1,6,2,5,4,0,0,2,2,2,1,2,1,1,1,1,1,0,0,0,0,0,4,6,4,3,2,2,2,2,i,i,2,i,i,i,i,i,a,a,i,a,18,12,12,40,13,10,30,1,2,1,1,i,i,1,i,i,i,i,i,i,i,i,i,i,i,i,i,19,29,1
6291,doi:10.4232/1.12497,1.0.0 (2016-04-22),1,1,822,14000822,14903,14,3,TN,0.998909,1.377675,0.0,1.189387,1.499454,0.0,0.0,3,3,3,3,4,2,2,3,4,4,4,3,2,2,2,2,8,1,1,1,1,1,1,1,0,0,0,0,0,0,0,0,0,0,0,a,a,0,0,0,1,1,1,1,1,1,1,1,0,0,0,0,0,0,0,0,0,0,i,i,0,0,0,3,3,3,3,1,1,1,1,1,2,2,1,2,0,1,0,1,0,0,0,0,0,1,0,i,0,0,0,0,1,1,1,1,1,1,2,2,2,2,2,1,1,1,1,1,1,1,1,1,i,1,1,1,1,1,1,1,0,0,0,0,0,i,i,i,0,0,0,0,0,0,0,1,1,0,0,0,1,0,i,0,0,0,5,5,4,4,3,3,3,3,1,0,0,0,0,0,1,0,0,0,1,0,0,0,0,0,1,1,0,0,0,0,0,0,0,0,0,0,0,0,0,0,3,3,3,3,1,2,2,2,2,2,2,3,3,4,4,2,2,1,2,2,2,2,3,2,2,2,1,1,0,0,0,0,0,0,0,0,0,0,0,0,2,i,i,i,i,i,i,i,i,i,i,i,i,i,i,i,i,i,i,i,i,i,i,i,i,i,i,i,i,i,i,i,i,i,i,i,i,i,0,1,0,0,0,0,0,0,0,0,0,1,0,0,0,1,1,0,1,0,1,0,0,0,0,1,1,43,3,1,6,1,18,8,i,i,0,0,0,0,1,0,0,i,i,i,i,i,i,i,i,i,i,i,i,i,i,i,i,i,i,i,i,i,i,i,i,i,i,i,i,i,i,0,0,0,1,0,0,5,1,1,1,0,0,0,0,2,1,2,1,0,0,0,0,0,1,0,0,0,7,4,4,3,1,2,2,2,i,i,2,i,3,i,i,i,a,a,i,a,18,12,12,0,12,30,30,1,1,1,1,i,i,1,i,i,i,i,i,i,i,i,i,i,i,i,i,19,29,1
6291,doi:10.4232/1.12497,1.0.0 (2016-04-22),1,1,823,14000823,14904,14,3,TN,0.998909,1.377675,0.0,1.189387,1.499454,0.0,0.0,3,1,1,1,1,2,1,3,3,2,2,2,2,2,2,2,1,0,1,1,1,1,1,1,1,1,0,0,0,0,0,0,0,0,0,a,a,0,0,0,1,1,1,1,1,1,1,1,1,0,0,0,0,0,0,0,0,0,i,i,0,0,0,2,1,1,1,2,2,2,2,2,2,2,1,2,0,1,0,1,0,0,0,0,0,0,0,i,0,0,0,0,2,2,2,2,2,1,2,2,2,1,1,1,1,1,1,1,1,1,1,1,i,1,1,2,2,0,1,1,0,0,0,0,0,i,i,i,0,0,1,0,0,0,0,0,1,0,0,0,1,1,i,0,0,0,4,4,3,3,2,2,2,2,1,1,0,0,0,0,0,0,0,0,0,0,0,0,0,0,0,1,0,0,0,0,0,0,0,0,0,0,0,0,0,0,3,3,3,3,1,2,2,2,1,1,2,2,2,4,4,1,1,2,2,2,2,2,2,2,2,2,0,1,0,0,0,1,0,0,0,0,0,0,0,0,2,i,i,i,i,i,i,i,i,i,i,i,i,i,i,i,i,i,i,i,i,i,i,i,i,i,i,i,i,i,i,i,i,i,i,i,i,i,0,1,0,0,0,0,0,0,0,1,0,0,0,0,0,1,2,0,1,0,1,0,0,0,0,1,1,54,3,1,6,1,18,8,i,i,0,0,0,0,1,0,0,i,i,i,i,i,i,i,i,i,i,i,i,i,i,i,i,i,i,i,i,i,i,i,i,i,i,i,i,i,i,0,0,0,1,0,0,7,2,3,3,0,0,1,1,2,1,2,1,0,0,1,0,0,0,1,0,0,7,6,5,3,2,2,2,2,i,i,2,i,i,i,i,i,a,a,i,a,18,12,14,10,14,45,35,2,2,1,1,i,i,1,i,i,i,i,i,i,i,i,i,i,i,i,i,19,29,1
6291,doi:10.4232/1.12497,1.0.0 (2016-04-22),1,1,824,14000824,14905,14,3,TN,0.967252,1.377675,0.0,1.189387,1.499454,0.0,0.0,3,3,3,3,4,4,4,3,2,4,2,2,1,1,2,1,4,1,0,0,0,0,1,1,1,1,0,0,1,0,0,0,0,0,0,a,a,0,0,0,1,0,0,1,0,1,1,1,1,0,0,1,0,0,0,0,0,0,i,i,0,0,0,2,1,1,1,1,2,1,1,1,3,2,1,2,0,1,0,0,0,1,0,0,1,0,0,i,0,0,0,0,2,2,2,2,2,1,3,3,3,3,3,1,1,2,1,1,2,1,1,1,i,1,1,3,3,0,0,1,0,0,0,1,0,i,i,i,1,0,0,0,0,0,0,0,1,1,0,0,1,0,i,0,0,0,4,5,5,2,3,4,4,4,1,0,0,1,0,0,1,0,0,0,1,1,0,0,0,0,0,0,0,1,0,0,1,0,0,0,0,0,0,0,0,0,1,5,5,2,1,2,3,1,2,2,2,2,2,3,3,1,1,3,1,1,1,1,2,2,2,2,1,1,0,0,0,0,0,0,0,1,0,0,0,0,1,48,i,i,i,i,1,1,1,5,1,0,1,0,0,0,0,0,0,0,0,0,0,1,0,0,0,0,0,0,0,0,1,0,0,0,0,2,0,1,0,0,0,0,0,0,0,0,1,1,0,0,0,1,1,0,1,0,1,0,0,0,0,2,2,25,2,7,1,3,3,3,19,i,0,0,0,0,1,0,0,i,i,i,i,i,i,i,i,i,i,i,i,i,i,i,i,i,i,i,i,i,i,i,i,i,i,i,i,i,i,1,0,0,0,0,1,6,1,2,2,0,0,0,0,2,1,2,1,0,1,0,0,0,0,0,0,0,1,i,1,1,1,2,2,2,i,i,2,i,1,i,i,i,a,a,i,a,13,12,13,0,13,35,35,1,2,2,1,i,i,1,i,i,i,i,i,i,i,i,i,i,i,i,i,47,7,1
6291,doi:10.4232/1.12497,1.0.0 (2016-04-22),1,1,825,14000825,14906,14,3,TN,0.998909,1.377675,0.0,1.189387,1.499454,0.0,0.0,4,1,1,1,1,1,1,4,4,3,3,1,2,2,2,2,1,0,0,0,0,0,0,0,0,0,0,0,0,0,0,0,0,0,0,a,a,0,0,1,1,0,0,0,0,0,0,0,0,0,0,0,0,0,0,0,0,0,i,i,0,0,0,2,1,1,1,1,1,2,2,2,2,2,2,i,0,1,0,0,0,0,0,1,1,1,0,i,0,0,0,0,2,2,2,2,2,1,1,1,1,1,1,2,1,1,1,1,1,1,1,1,i,1,1,1,1,0,1,1,0,0,0,1,0,i,i,i,0,0,0,0,0,0,0,0,1,1,0,0,0,0,i,0,0,0,2,2,1,1,1,1,2,2,0,1,0,1,0,0,0,0,0,0,0,0,0,0,0,0,1,1,0,0,0,0,0,0,0,0,0,0,0,0,0,0,1,1,1,1,1,2,3,3,3,3,3,3,3,4,4,3,3,4,4,3,3,3,3,3,2,2,1,1,0,0,0,0,0,0,0,1,0,0,0,0,2,i,i,i,i,i,i,i,i,i,i,i,i,i,i,i,i,i,i,i,i,i,i,i,i,i,i,i,i,i,i,i,i,i,i,i,i,i,0,1,0,0,1,0,0,0,1,0,0,0,0,0,0,1,1,0,1,0,1,0,1,0,0,1,1,53,3,1,6,1,3,3,19,i,0,0,0,0,1,0,0,i,i,i,i,i,i,i,i,i,i,i,i,i,i,i,i,i,i,i,i,i,i,i,i,i,i,i,i,i,i,0,0,0,1,0,0,7,2,6,4,0,0,0,0,2,2,4,1,0,1,0,0,0,1,0,0,0,7,i,6,3,2,2,2,2,i,i,2,i,i,i,i,i,a,a,i,a,18,12,13,15,13,55,30,2,2,1,1,i,i,1,i,i,i,i,i,i,i,i,i,i,i,i,i,19,29,1
6291,doi:10.4232/1.12497,1.0.0 (2016-04-22),1,1,826,14000826,14907,14,3,TN,1.10244,1.377675,0.0,1.189387,1.499454,0.0,0.0,2,2,2,2,2,1,1,4,4,4,2,2,1,1,2,2,4,1,0,0,0,0,1,0,1,0,0,0,1,0,0,0,0,0,0,a,a,0,0,0,1,0,0,1,0,1,0,1,0,0,0,1,0,0,0,0,0,0,i,i,0,0,0,2,2,1,1,1,2,2,1,1,2,2,2,i,1,0,0,0,0,0,0,0,0,0,0,i,0,0,0,0,2,3,2,1,2,1,1,1,1,1,1,1,1,1,1,1,1,1,1,1,i,1,1,4,4,0,0,0,0,0,0,0,1,i,i,i,1,0,0,0,0,0,0,1,1,0,0,0,1,0,i,0,0,0,4,4,3,4,4,4,4,4,1,1,0,1,0,0,0,1,1,0,0,0,0,0,0,0,0,1,0,0,0,0,0,0,0,0,0,1,0,0,0,0,4,2,2,3,1,2,2,2,2,2,2,2,2,4,4,1,2,1,2,3,2,1,4,4,4,4,1,0,0,1,1,0,0,0,0,0,0,0,0,0,1,24,i,i,i,i,1,1,1,5,0,0,0,1,0,1,0,0,0,1,0,0,0,1,0,0,0,0,0,0,0,1,1,0,0,0,0,1,1,1,0,0,0,0,0,1,0,0,0,0,0,0,0,1,2,0,1,0,1,0,1,0,0,1,2,22,1,15,1,3,3,3,19,i,0,0,0,0,1,0,0,i,i,i,i,i,i,i,i,i,i,i,i,i,i,i,i,i,i,i,i,i,i,i,i,i,i,i,i,i,i,1,1,0,0,0,1,7,3,4,4,1,1,0,0,2,1,2,1,1,1,1,1,1,1,0,0,0,1,i,5,3,1,2,2,1,i,i,2,i,1,i,i,1,a,a,i,a,12,12,16,19,16,57,38,1,1,1,1,i,i,1,i,i,i,i,i,i,i,i,i,i,i,i,i,24,3,1
6291,doi:10.4232/1.12497,1.0.0 (2016-04-22),1,1,827,14000827,14908,14,3,TN,1.032099,1.377675,0.0,1.189387,1.499454,0.0,0.0,3,2,3,3,3,3,3,3,3,3,3,3,3,3,3,3,6,0,0,0,0,0,0,1,1,0,0,0,0,0,0,0,0,0,0,a,a,0,0,0,0,0,0,0,0,1,1,1,0,0,0,0,0,0,0,0,0,0,i,i,0,0,0,2,2,1,1,2,2,1,1,1,3,3,1,2,1,1,0,0,1,0,0,0,1,0,0,i,0,0,0,0,5,5,5,5,5,1,2,2,2,2,1,2,2,2,1,1,1,1,1,1,i,1,1,3,3,1,1,1,0,0,0,0,0,i,i,i,0,0,0,0,0,0,0,1,1,1,0,0,0,0,i,0,0,0,4,4,4,4,4,4,4,4,0,1,0,1,0,0,0,0,0,0,0,1,0,0,0,0,0,0,0,0,0,0,1,0,0,0,0,1,0,0,0,0,1,1,1,1,1,2,2,2,2,2,2,2,2,3,3,2,2,2,2,2,2,2,2,2,2,4,0,0,0,0,0,0,0,0,0,0,0,0,0,1,2,i,i,i,i,i,i,i,i,i,i,i,i,i,i,i,i,i,i,i,i,i,i,i,i,i,i,i,i,i,i,i,i,i,i,i,i,i,1,1,0,0,0,0,0,1,0,0,0,0,0,0,0,1,1,0,1,0,1,0,0,0,0,1,2,34,2,15,1,1,1,1,19,i,0,0,0,0,1,0,0,i,i,i,i,i,i,i,i,i,i,i,i,i,i,i,i,i,i,i,i,i,i,i,i,i,i,i,i,i,i,0,0,0,1,0,0,4,3,1,1,2,2,0,0,2,1,2,1,1,1,0,0,0,0,0,0,0,7,i,7,3,2,2,2,2,i,i,2,i,i,i,i,i,a,a,i,a,13,12,15,15,15,45,30,1,1,1,1,i,i,1,i,i,i,i,i,i,i,i,i,i,i,i,i,46,9,1
6291,doi:10.4232/1.12497,1.0.0 (2016-04-22),1,1,828,14000828,14909,14,3,TN,1.037705,1.377675,0.0,1.189387,1.499454,0.0,0.0,2,3,3,3,4,3,3,4,4,4,1,1,1,1,1,1,4,1,0,0,0,0,0,1,1,0,0,0,0,0,0,0,0,0,0,a,a,0,0,0,1,0,0,1,0,0,1,1,0,0,0,0,0,0,0,0,0,0,i,i,0,0,0,2,2,4,4,1,3,2,2,2,2,2,3,i,1,0,0,0,0,0,0,0,0,0,0,i,0,0,0,0,4,5,2,5,5,1,1,1,1,1,1,1,1,2,1,1,1,1,2,1,i,1,1,2,5,0,1,0,0,0,0,0,0,i,i,i,0,0,0,0,0,0,0,1,0,0,0,0,0,0,i,0,0,0,3,3,3,3,3,3,3,3,0,0,0,0,0,0,0,0,0,0,0,0,0,0,0,1,0,0,0,0,0,0,0,0,0,0,0,0,0,0,0,1,3,3,3,5,1,2,3,3,2,2,2,2,2,4,4,5,5,5,5,5,5,5,5,5,5,5,0,0,0,1,0,0,0,1,0,0,0,0,0,0,2,i,i,i,i,i,i,i,i,i,i,i,i,i,i,i,i,i,i,i,i,i,i,i,i,i,i,i,i,i,i,i,i,i,i,i,i,i,0,1,0,0,0,0,0,0,0,0,0,0,0,0,0,1,1,0,1,0,0,0,0,0,0,2,1,71,4,1,6,5,4,4,8,1,0,0,0,0,1,0,0,i,i,i,i,i,i,i,i,i,i,i,i,i,i,i,i,i,i,i,i,i,i,i,i,i,i,i,i,i,i,1,1,0,0,0,1,6,2,3,3,2,2,0,0,2,1,2,1,0,0,1,1,0,0,0,0,0,6,i,6,3,2,2,2,2,i,i,2,i,i,i,i,i,a,a,i,a,12,12,10,30,11,15,45,1,2,1,1,i,i,1,i,i,i,i,i,i,i,i,i,i,i,i,i,24,3,1
6291,doi:10.4232/1.12497,1.0.0 (2016-04-22),1,1,829,14000829,14910,14,3,TN,0.986361,1.377675,0.0,1.189387,1.499454,0.0,0.0,3,2,3,3,3,3,3,4,4,3,4,3,4,2,2,2,7,0,1,1,0,1,1,0,0,0,0,1,1,0,0,0,0,0,0,a,a,0,0,0,0,1,1,0,1,1,1,0,0,0,1,1,0,0,0,0,0,0,i,i,0,0,0,2,1,1,1,2,2,2,2,2,2,2,2,i,0,1,0,1,0,1,0,0,0,0,0,i,0,0,0,0,3,4,3,3,3,1,2,1,2,1,2,1,1,1,2,1,1,1,1,2,i,2,2,3,3,0,0,1,0,1,0,1,0,i,i,i,0,0,0,0,0,0,0,0,1,0,1,0,1,0,i,0,0,0,3,3,2,2,2,1,1,1,0,1,0,1,0,0,0,0,1,0,1,1,0,0,0,0,1,1,0,0,0,0,0,0,0,0,0,0,0,0,0,0,3,3,3,3,1,2,2,2,2,2,2,2,2,3,3,3,3,3,2,2,2,3,3,3,3,3,0,1,0,0,1,0,0,0,0,0,0,0,0,0,2,i,i,i,i,i,i,i,i,i,i,i,i,i,i,i,i,i,i,i,i,i,i,i,i,i,i,i,i,i,i,i,i,i,i,i,i,i,0,1,0,0,0,0,0,1,0,0,0,0,0,0,0,1,2,0,1,0,0,0,1,0,0,2,2,52,3,99,9,1,1,1,19,i,0,0,0,0,1,0,0,i,i,i,i,i,i,i,i,i,i,i,i,i,i,i,i,i,i,i,i,i,i,i,i,i,i,i,i,i,i,0,0,0,1,0,0,8,2,8,4,0,0,0,0,1,2,1,1,1,0,1,1,0,0,0,0,0,6,i,6,1,2,2,2,2,i,i,2,i,i,i,i,i,a,a,i,a,13,12,15,10,15,55,45,1,3,2,1,i,i,1,i,i,i,i,i,i,i,i,i,i,i,i,i,47,7,1
6291,doi:10.4232/1.12497,1.0.0 (2016-04-22),1,1,830,14000830,14911,14,3,TN,1.032099,1.377675,0.0,1.189387,1.499454,0.0,0.0,4,2,2,3,3,1,2,4,2,3,2,2,2,2,2,2,4,0,0,0,0,0,1,1,1,0,1,0,0,0,0,0,0,0,0,a,a,0,0,0,0,0,0,1,0,1,1,1,0,1,0,0,0,0,0,0,0,0,i,i,0,0,0,2,2,2,2,1,1,2,2,2,3,3,1,2,0,0,1,0,0,0,0,0,0,0,0,i,0,0,0,0,2,3,2,2,3,1,1,1,2,2,2,1,2,2,2,1,2,1,2,2,i,2,2,3,3,1,1,1,0,0,0,0,0,i,i,i,0,0,0,0,0,0,0,1,1,0,0,0,0,0,i,0,0,0,3,3,3,4,4,4,4,4,0,0,0,0,0,0,0,0,0,0,1,0,1,0,0,0,0,0,0,0,1,0,0,0,0,0,0,1,0,0,0,0,2,3,3,3,2,2,2,2,2,2,1,1,2,3,3,1,2,2,3,2,2,2,3,4,4,4,0,0,1,0,0,0,0,0,1,1,0,0,0,0,2,i,i,i,i,i,i,i,i,i,i,i,i,i,i,i,i,i,i,i,i,i,i,i,i,i,i,i,i,i,i,i,i,i,i,i,i,i,0,1,0,0,0,0,0,0,0,0,0,0,0,0,0,1,2,0,1,0,1,0,0,0,0,2,2,32,2,98,8,1,1,1,19,i,0,0,0,0,1,0,0,i,i,i,i,i,i,i,i,i,i,i,i,i,i,i,i,i,i,i,i,i,i,i,i,i,i,i,i,i,i,1,0,0,0,0,1,5,1,2,2,2,2,0,0,2,1,2,1,0,0,1,0,0,0,0,0,0,7,i,6,2,2,2,2,2,i,i,2,i,i,i,i,i,a,a,i,a,13,12,11,0,11,45,45,1,1,1,1,i,i,1,i,i,i,i,i,i,i,i,i,i,i,i,i,47,7,1
6291,doi:10.4232/1.12497,1.0.0 (2016-04-22),1,1,831,14000831,14912,14,3,TN,1.032099,1.377675,0.0,1.189387,1.499454,0.0,0.0,2,2,2,2,2,1,1,4,4,4,2,2,1,1,2,2,6,1,0,0,1,0,0,0,1,0,0,0,1,1,0,0,0,1,0,a,a,0,0,0,1,0,0,1,0,1,0,1,0,0,0,1,1,0,0,0,1,0,i,i,0,0,0,2,2,1,1,1,2,2,1,1,2,2,2,i,1,0,0,0,0,0,0,1,0,0,0,i,0,0,0,0,2,3,2,1,2,1,1,1,1,1,1,2,1,1,2,1,1,1,1,1,i,1,1,4,2,0,1,0,0,0,0,0,1,i,i,i,1,0,0,0,0,0,0,1,1,0,0,0,0,0,i,0,0,0,4,4,3,4,4,4,4,4,1,1,0,1,0,0,0,1,1,0,0,0,0,0,0,0,0,1,0,0,0,0,0,0,0,0,0,1,0,0,0,0,4,2,2,4,1,2,2,2,2,2,2,2,2,4,4,1,2,1,2,3,2,1,4,4,4,4,1,0,0,1,1,0,0,0,0,0,0,0,0,0,2,i,i,i,i,i,i,i,i,i,i,i,i,i,i,i,i,i,i,i,i,i,i,i,i,i,i,i,i,i,i,i,i,i,i,i,i,i,1,1,0,0,0,0,0,1,0,0,0,0,0,0,0,1,2,0,1,0,1,0,1,0,0,1,2,28,2,16,2,3,3,3,8,1,0,0,0,0,1,0,0,i,i,i,i,i,i,i,i,i,i,i,i,i,i,i,i,i,i,i,i,i,i,i,i,i,i,i,i,i,i,1,0,0,0,0,1,8,3,4,4,0,0,1,1,2,1,2,1,1,0,1,0,0,1,0,0,0,7,i,1,3,1,2,2,2,i,i,2,i,1,i,i,i,a,a,i,a,12,12,12,55,13,36,41,1,1,1,1,i,i,1,i,i,i,i,i,i,i,i,i,i,i,i,i,24,3,1
6291,doi:10.4232/1.12497,1.0.0 (2016-04-22),1,1,832,14000832,14913,14,3,TN,1.039997,1.377675,0.0,1.189387,1.499454,0.0,0.0,2,2,2,2,2,2,2,4,4,3,2,2,1,1,1,1,4,0,1,1,0,0,1,1,0,1,0,0,1,0,0,0,1,0,0,a,a,0,0,0,0,1,1,1,0,1,1,0,1,0,0,1,0,0,0,1,0,0,i,i,0,0,0,2,2,1,2,1,2,2,2,2,2,2,3,i,1,0,0,1,0,1,0,0,0,0,0,i,0,0,0,0,2,2,2,2,2,1,1,1,1,1,1,1,1,1,1,1,1,1,1,1,i,2,1,2,2,0,1,1,0,0,0,0,0,i,i,i,0,0,0,0,0,0,0,1,1,1,0,0,0,0,i,0,0,0,4,4,4,2,3,4,4,4,0,1,0,0,1,0,0,0,0,0,0,0,0,0,0,0,0,0,0,0,0,0,1,0,0,0,0,1,0,0,0,0,4,3,3,2,1,1,3,2,2,2,2,2,2,3,3,1,1,2,2,2,2,2,3,2,3,4,1,1,0,1,0,0,0,0,0,0,0,0,0,0,2,i,i,i,i,i,i,i,i,i,i,i,i,i,i,i,i,i,i,i,i,i,i,i,i,i,i,i,i,i,i,i,i,i,i,i,i,i,0,1,0,0,0,0,1,0,0,1,0,0,0,0,0,1,1,0,1,1,1,0,0,0,0,2,1,26,2,17,2,3,8,5,i,i,0,0,0,0,1,0,0,i,i,i,i,i,i,i,i,i,i,i,i,i,i,i,i,i,i,i,i,i,i,i,i,i,i,i,i,i,i,1,1,0,0,0,1,8,3,5,4,0,0,0,0,1,1,3,1,1,0,1,1,0,1,0,0,0,1,7,4,3,1,2,2,1,i,i,2,i,1,i,i,1,a,a,i,a,12,12,11,45,12,25,40,1,1,1,1,i,i,1,i,i,i,i,i,i,i,i,i,i,i,i,i,24,3,1
6291,doi:10.4232/1.12497,1.0.0 (2016-04-22),1,1,833,14000833,14914,14,3,TN,0.99407,1.377675,0.0,1.189387,1.499454,0.0,0.0,3,2,2,2,2,2,2,2,3,2,2,2,3,2,1,2,7,1,0,0,0,0,0,0,1,0,0,0,0,0,0,0,0,0,0,a,a,0,0,0,1,0,0,0,0,0,1,1,0,0,0,0,0,0,0,0,0,0,i,i,0,0,0,2,1,1,1,3,3,2,3,3,2,2,3,i,1,0,0,0,0,1,0,0,1,1,0,i,0,0,0,0,5,2,2,4,4,1,2,2,2,1,1,1,2,1,2,1,2,1,2,1,i,2,2,5,5,1,1,0,0,0,0,0,0,i,i,i,0,0,1,0,0,0,0,1,1,1,0,0,0,0,i,0,0,0,1,2,1,1,1,1,1,1,0,0,0,0,0,0,0,0,0,0,1,1,1,0,0,0,0,0,0,1,1,0,0,0,0,0,0,0,0,0,0,0,2,3,2,4,1,2,2,3,1,2,3,3,2,2,2,2,2,2,2,2,2,2,2,2,2,2,1,1,0,0,0,0,0,0,1,0,0,0,0,0,2,i,i,i,i,i,i,i,i,i,i,i,i,i,i,i,i,i,i,i,i,i,i,i,i,i,i,i,i,i,i,i,i,i,i,i,i,i,0,1,0,0,0,0,0,1,0,0,1,0,0,0,0,2,1,0,1,0,1,1,0,0,0,1,1,45,3,1,6,1,18,8,i,i,0,0,0,0,1,0,0,i,i,i,i,i,i,i,i,i,i,i,i,i,i,i,i,i,i,i,i,i,i,i,i,i,i,i,i,i,i,0,0,0,1,0,0,6,2,2,2,1,1,0,0,2,1,2,1,0,0,1,1,0,0,0,0,0,2,6,6,3,1,2,2,2,i,i,2,i,2,i,i,i,a,a,i,a,13,12,11,25,11,50,25,1,3,1,1,i,i,1,i,i,i,i,i,i,i,i,i,i,i,i,i,1,8,1
6291,doi:10.4232/1.12497,1.0.0 (2016-04-22),1,1,834,14000834,14915,14,3,TN,1.032099,1.377675,0.0,1.189387,1.499454,0.0,0.0,2,2,1,3,2,3,3,4,3,3,3,2,1,1,2,1,7,0,0,1,0,1,1,0,0,0,0,0,0,0,0,0,0,0,0,a,a,0,0,0,0,0,1,0,1,1,1,0,0,0,0,0,0,0,0,0,0,0,i,i,0,0,0,2,2,1,1,1,1,2,2,2,3,2,1,2,1,0,0,0,0,0,0,1,0,0,0,i,0,0,0,0,2,3,2,2,3,1,2,2,2,2,2,2,1,2,2,1,1,1,2,2,i,2,2,2,2,1,1,0,0,0,0,0,0,i,i,i,0,0,0,0,0,0,0,1,0,0,0,0,0,0,i,0,0,0,4,4,3,3,4,4,4,4,0,0,0,0,0,0,0,0,0,0,0,1,0,0,0,0,0,0,0,0,0,0,1,0,0,0,0,1,0,0,0,0,2,2,2,1,1,2,2,2,2,2,2,2,2,3,3,1,3,1,2,2,2,1,1,3,2,4,1,0,0,0,0,1,0,1,0,0,0,0,0,0,2,i,i,i,i,i,i,i,i,i,i,i,i,i,i,i,i,i,i,i,i,i,i,i,i,i,i,i,i,i,i,i,i,i,i,i,i,i,1,1,0,0,0,0,0,0,0,0,1,0,0,0,0,1,1,0,1,1,0,0,1,0,0,1,2,32,2,12,1,3,1,1,18,4,0,0,0,0,1,0,0,i,i,i,i,i,i,i,i,i,i,i,i,i,i,i,i,i,i,i,i,i,i,i,i,i,i,i,i,i,i,0,0,1,0,0,1,4,2,7,4,0,0,0,0,2,1,2,1,1,0,0,0,0,1,0,0,0,1,i,6,2,1,2,2,2,i,i,2,i,1,i,i,i,a,a,i,a,18,12,13,30,14,3,33,1,3,1,1,i,i,1,i,i,i,i,i,i,i,i,i,i,i,i,i,70,32,1
6291,doi:10.4232/1.12497,1.0.0 (2016-04-22),1,1,835,14000835,14916,14,3,TN,1.032099,1.377675,0.0,1.189387,1.499454,0.0,0.0,3,3,3,3,4,3,3,4,3,3,3,1,1,1,1,1,3,1,1,0,0,0,1,1,0,0,0,0,0,0,0,0,0,0,0,a,a,0,0,0,1,1,1,0,0,1,1,0,0,0,0,0,0,0,0,0,0,0,i,i,0,0,0,2,2,1,2,2,2,2,2,2,2,2,1,2,1,1,0,0,0,0,0,0,0,0,0,i,0,0,0,0,2,3,2,2,1,1,2,2,2,1,1,1,2,2,2,2,1,1,2,1,i,1,1,2,2,0,1,1,0,0,0,0,0,i,i,i,0,0,0,0,0,0,0,1,1,1,0,0,0,0,i,0,0,0,4,4,3,3,3,4,3,3,0,1,0,0,0,0,1,0,0,0,0,0,0,0,0,0,0,1,0,0,0,0,1,0,0,0,0,0,0,0,0,0,2,2,2,2,1,1,2,2,2,2,2,2,2,4,3,1,2,1,2,4,2,3,2,4,4,4,0,1,0,0,1,0,0,0,0,0,0,0,0,0,2,i,i,i,i,i,i,i,i,i,i,i,i,i,i,i,i,i,i,i,i,i,i,i,i,i,i,i,i,i,i,i,i,i,i,i,i,i,1,1,0,0,0,0,0,0,0,0,0,0,0,0,0,2,1,0,1,0,1,0,0,0,0,1,2,26,2,11,1,3,18,8,i,i,0,0,0,0,1,0,0,i,i,i,i,i,i,i,i,i,i,i,i,i,i,i,i,i,i,i,i,i,i,i,i,i,i,i,i,i,i,0,0,0,1,0,0,5,2,4,4,0,0,0,0,2,1,2,1,0,0,0,0,0,0,0,0,0,7,6,6,3,2,2,2,2,i,i,2,i,i,i,i,i,a,a,i,a,13,12,12,33,13,0,27,2,2,1,1,i,i,1,i,i,i,i,i,i,i,i,i,i,i,i,i,63,5,1
6291,doi:10.4232/1.12497,1.0.0 (2016-04-22),1,1,836,14000836,14917,14,3,TN,0.998909,1.377675,0.0,1.189387,1.499454,0.0,0.0,2,2,1,2,2,3,3,3,3,2,2,1,1,1,1,1,7,1,0,0,1,0,1,0,0,0,0,0,0,0,0,0,0,0,0,a,a,0,0,0,1,0,0,1,0,1,1,0,0,0,0,0,0,0,0,0,0,0,i,i,0,0,0,1,2,1,1,2,3,2,2,2,1,1,1,2,1,1,0,0,0,1,1,1,0,1,0,i,0,0,0,0,2,2,2,2,2,1,2,2,2,1,2,1,1,1,1,1,1,1,2,1,i,1,1,2,2,1,0,0,0,0,0,0,0,i,i,i,1,0,0,0,0,0,0,1,1,1,0,0,0,0,i,0,0,0,2,2,2,2,2,2,2,2,1,0,0,0,1,1,0,0,0,0,0,1,0,0,0,0,1,1,0,0,0,0,0,0,0,0,0,0,0,0,0,0,2,2,2,4,1,1,2,2,1,1,1,2,2,2,3,2,3,1,1,3,3,3,3,3,3,3,1,1,0,0,1,0,0,0,0,0,0,0,0,0,2,i,i,i,i,i,i,i,i,i,i,i,i,i,i,i,i,i,i,i,i,i,i,i,i,i,i,i,i,i,i,i,i,i,i,i,i,i,1,0,0,0,0,0,0,1,1,0,0,0,0,0,0,1,1,1,1,0,0,0,0,0,0,2,1,52,3,1,6,5,17,8,i,i,0,0,0,0,1,0,0,i,i,i,i,i,i,i,i,i,i,i,i,i,i,i,i,i,i,i,i,i,i,i,i,i,i,i,i,i,i,1,1,0,0,0,1,6,3,5,4,0,0,0,0,2,1,2,1,0,0,1,1,0,1,0,0,0,6,6,6,2,2,2,2,2,i,i,2,i,i,i,i,i,a,a,i,a,18,12,15,15,16,0,45,1,2,1,1,i,i,1,i,i,i,i,i,i,i,i,i,i,i,i,i,48,26,1
6291,doi:10.4232/1.12497,1.0.0 (2016-04-22),1,1,837,14000837,14918,14,3,TN,0.998909,1.377675,0.0,1.189387,1.499454,0.0,0.0,2,2,1,1,1,1,1,3,3,2,2,3,3,3,3,3,6,1,0,0,0,0,0,1,1,0,0,0,0,0,0,0,0,0,0,a,a,0,0,0,1,0,0,0,0,1,1,1,0,0,0,0,0,0,0,0,0,0,i,i,0,0,0,3,3,1,1,1,4,2,3,3,3,6,2,i,1,0,0,1,0,0,0,0,0,1,0,i,0,0,0,0,3,2,3,4,4,2,1,2,2,1,1,1,1,1,1,1,1,1,2,1,i,1,1,3,2,0,1,0,1,0,0,0,0,i,i,i,1,0,0,0,0,0,0,1,1,0,1,0,0,0,i,0,0,0,2,3,2,2,3,2,2,2,1,0,0,0,0,1,0,0,1,0,1,0,1,0,0,0,0,0,0,1,0,0,0,0,0,0,0,1,0,0,0,0,2,2,2,5,2,2,2,2,2,2,2,2,2,2,2,2,3,2,2,2,2,2,2,2,2,2,1,0,0,0,0,0,1,0,0,0,1,0,0,0,2,i,i,i,i,i,i,i,i,i,i,i,i,i,i,i,i,i,i,i,i,i,i,i,i,i,i,i,i,i,i,i,i,i,i,i,i,i,0,1,0,0,0,0,1,0,0,1,0,0,0,0,0,3,2,0,0,0,0,0,0,0,1,4,1,54,3,99,9,1,17,8,i,i,0,1,0,0,0,0,1,0,0,0,0,0,0,0,0,0,0,0,0,0,1,0,0,0,0,0,0,0,0,0,0,0,0,0,0,0,0,0,0,0,1,0,0,7,2,5,4,0,0,0,0,2,1,2,1,0,0,1,1,1,0,0,0,0,6,6,6,2,2,2,2,2,i,i,2,i,i,i,i,i,a,a,i,a,18,12,14,33,15,0,27,1,1,1,1,i,i,1,i,i,i,i,i,i,i,i,i,i,i,i,i,43,8,1
6291,doi:10.4232/1.12497,1.0.0 (2016-04-22),1,1,838,14000838,14919,14,3,TN,0.998909,1.377675,0.0,1.189387,1.499454,0.0,0.0,1,1,1,1,1,3,2,2,2,2,2,1,1,1,1,1,8,1,1,0,1,0,0,0,0,0,0,0,1,0,0,0,0,1,0,a,a,0,0,0,1,1,0,1,0,0,0,1,0,0,0,1,0,0,0,0,1,0,i,i,0,0,0,1,1,1,1,4,4,2,2,2,2,6,1,1,1,0,0,1,0,0,0,1,0,0,0,i,0,0,0,0,3,3,3,3,3,1,2,2,1,2,1,1,1,2,2,1,1,1,2,2,i,2,2,3,2,0,1,0,1,0,0,1,0,i,i,i,0,0,0,0,0,0,0,1,1,1,0,0,0,0,i,0,0,0,3,3,3,3,3,3,3,5,0,1,0,1,1,0,0,0,0,1,1,0,0,0,0,0,0,0,0,0,0,0,0,0,0,0,1,1,0,0,0,0,2,5,2,1,3,3,3,3,1,2,1,1,1,2,3,2,2,4,3,3,2,2,2,2,3,1,1,1,0,0,0,0,0,0,0,1,0,0,0,0,2,i,i,i,i,i,i,i,i,i,i,i,i,i,i,i,i,i,i,i,i,i,i,i,i,i,i,i,i,i,i,i,i,i,i,i,i,i,1,1,0,0,0,0,0,1,0,0,0,0,0,0,0,3,3,1,0,1,0,1,0,0,0,2,1,40,3,1,6,3,18,8,i,i,0,0,0,0,1,0,0,i,i,i,i,i,i,i,i,i,i,i,i,i,i,i,i,i,i,i,i,i,i,i,i,i,i,i,i,i,i,0,0,0,1,0,0,6,4,5,4,0,0,0,0,2,1,2,1,0,0,1,1,1,0,1,0,0,1,6,3,2,1,2,2,2,i,i,2,i,1,i,i,i,a,a,i,a,18,12,15,20,15,45,25,2,1,1,1,i,i,1,i,i,i,i,i,i,i,i,i,i,i,i,i,43,8,1
6291,doi:10.4232/1.12497,1.0.0 (2016-04-22),1,1,839,14000839,14920,14,3,TN,0.998909,1.377675,0.0,1.189387,1.499454,0.0,0.0,5,2,1,1,1,2,1,4,3,3,4,3,2,2,2,2,2,0,0,0,0,0,0,1,0,0,1,0,0,0,0,1,0,0,1,a,a,0,0,0,0,1,0,0,0,0,1,0,0,1,0,0,0,0,1,0,0,1,i,i,0,0,0,2,2,2,2,2,1,1,1,1,1,1,3,i,0,1,0,1,1,0,0,0,0,0,0,i,0,0,0,0,3,2,3,3,2,1,2,1,2,1,1,1,1,1,1,1,1,1,1,1,i,1,1,3,2,0,0,1,1,0,1,0,0,i,i,i,0,0,0,0,0,0,0,1,1,0,1,0,0,0,i,0,0,0,2,3,2,2,1,2,1,1,1,1,0,0,0,1,0,0,0,1,1,0,0,0,0,0,0,0,0,0,1,0,0,0,0,0,1,0,0,0,0,0,3,3,3,1,1,1,1,1,1,2,2,1,1,2,2,2,1,2,2,1,2,1,2,2,2,2,1,0,0,1,0,1,0,0,0,0,0,0,0,0,1,41,i,i,i,i,1,1,1,4,1,0,0,1,1,0,0,0,0,0,0,0,0,1,1,0,0,1,0,0,0,0,1,0,0,0,0,1,1,0,0,1,0,1,0,0,0,0,0,0,0,0,0,2,3,1,1,0,0,1,0,0,0,2,1,42,3,99,9,1,1,1,19,i,0,1,0,0,0,0,1,0,0,0,0,0,0,0,0,0,0,0,0,0,0,0,0,0,0,0,0,0,0,0,0,0,0,0,1,0,0,1,0,0,0,0,1,7,1,4,4,0,0,0,0,2,1,2,1,1,0,1,1,0,0,0,0,0,1,i,1,2,1,1,2,1,i,i,2,i,1,3,i,3,a,a,i,a,18,12,16,0,16,35,35,1,1,1,1,i,i,1,i,i,i,i,i,i,i,i,i,i,i,i,i,43,8,1
6291,doi:10.4232/1.12497,1.0.0 (2016-04-22),1,1,840,14000840,14921,14,3,TN,1.047391,1.377675,0.0,1.189387,1.499454,0.0,0.0,3,2,2,2,2,3,3,4,3,3,4,1,1,1,1,1,7,1,0,0,0,0,0,0,1,0,0,0,0,0,0,0,0,0,0,a,a,0,0,0,1,0,0,0,0,0,1,1,0,0,0,0,0,0,0,0,0,0,i,i,0,0,0,2,2,1,1,2,2,2,2,2,3,3,1,2,0,0,1,0,0,0,0,0,1,1,0,i,0,0,0,0,2,2,2,2,3,2,2,1,1,2,2,1,1,1,1,1,2,1,1,1,i,1,1,3,3,1,0,0,0,0,0,0,0,i,i,i,0,0,0,0,0,0,0,1,0,0,0,0,0,0,i,0,0,0,4,4,2,2,4,4,2,2,0,0,0,0,0,0,1,0,0,0,0,1,0,0,0,0,0,0,0,0,1,0,0,0,0,0,0,1,0,0,0,0,2,2,1,1,1,1,2,2,2,2,2,2,2,4,4,3,3,3,2,3,3,2,3,3,3,3,1,0,0,0,1,0,0,0,1,0,0,0,0,0,2,i,i,i,i,i,i,i,i,i,i,i,i,i,i,i,i,i,i,i,i,i,i,i,i,i,i,i,i,i,i,i,i,i,i,i,i,i,0,0,0,0,0,0,0,0,1,1,0,0,0,0,0,3,1,1,1,0,0,0,0,0,0,2,2,41,3,12,1,1,1,1,19,i,0,0,0,0,1,0,0,i,i,i,i,i,i,i,i,i,i,i,i,i,i,i,i,i,i,i,i,i,i,i,i,i,i,i,i,i,i,0,0,0,1,0,0,5,2,4,4,1,1,0,0,1,1,3,1,0,0,1,1,0,1,0,0,0,5,i,6,2,2,2,2,2,i,i,2,i,i,i,i,i,a,a,i,a,15,12,12,34,13,0,26,1,3,1,1,i,i,1,i,i,i,i,i,i,i,i,i,i,i,i,i,66,5,1
6291,doi:10.4232/1.12497,1.0.0 (2016-04-22),1,1,841,14000841,14922,14,3,TN,0.998909,1.377675,0.0,1.189387,1.499454,0.0,0.0,2,1,1,1,1,1,1,3,3,3,3,2,3,3,2,3,6,0,0,0,1,0,0,0,1,0,0,0,0,0,0,0,0,0,0,a,a,0,0,0,0,0,0,1,0,1,0,1,0,0,0,0,0,0,0,0,0,0,i,i,0,0,0,2,2,1,1,1,2,2,2,2,2,2,3,i,1,0,1,0,0,0,0,1,0,0,0,i,0,0,0,0,2,2,1,2,2,1,1,1,2,2,2,1,1,1,1,1,1,1,1,1,i,1,1,2,2,1,1,1,0,0,0,0,0,i,i,i,0,0,0,0,0,0,0,1,1,1,0,0,0,0,i,0,0,0,2,4,3,3,3,4,3,4,0,0,0,1,1,0,0,0,0,0,1,0,0,0,0,0,0,0,0,0,0,0,1,0,0,0,0,1,0,0,0,0,3,2,2,3,1,1,1,1,1,1,1,1,2,3,3,2,2,2,2,2,2,2,2,2,2,2,1,1,0,0,0,0,0,0,0,1,0,0,0,0,1,58,i,i,i,i,1,1,1,4,0,0,1,0,0,0,0,0,0,0,0,0,0,0,0,1,0,0,0,0,0,0,1,0,0,0,0,1,0,1,0,0,0,0,0,0,1,1,0,0,0,0,0,1,1,0,1,0,1,0,0,0,0,1,1,40,3,1,6,3,3,3,18,4,0,0,0,0,1,0,0,i,i,i,i,i,i,i,i,i,i,i,i,i,i,i,i,i,i,i,i,i,i,i,i,i,i,i,i,i,i,1,0,0,0,0,1,3,1,3,3,0,0,0,0,2,1,2,1,0,0,0,0,0,1,0,0,0,7,i,6,2,2,2,2,2,i,i,2,i,i,i,i,i,a,a,i,a,18,12,13,30,14,0,30,1,2,1,1,i,i,1,i,i,i,i,i,i,i,i,i,i,i,i,i,48,26,1
6291,doi:10.4232/1.12497,1.0.0 (2016-04-22),1,1,842,14000842,14923,14,3,TN,1.032099,1.377675,0.0,1.189387,1.499454,0.0,0.0,4,2,2,2,2,2,2,4,3,3,3,1,1,1,1,1,4,1,1,0,0,0,1,1,0,0,0,0,0,0,0,0,0,0,0,a,a,0,0,0,1,1,0,1,0,1,1,0,0,0,0,0,0,0,0,0,0,0,i,i,0,0,0,2,2,1,2,2,2,2,2,2,2,2,1,2,1,1,0,0,0,0,0,0,0,1,0,i,0,0,0,0,2,3,2,1,1,1,2,2,1,1,1,1,2,2,2,2,1,1,2,2,i,1,1,2,2,1,1,1,0,0,0,0,0,i,i,i,0,0,0,0,0,0,0,1,1,1,0,0,0,0,i,0,0,0,4,4,3,2,2,4,3,3,0,1,0,0,0,0,1,0,0,0,0,1,0,0,0,0,0,0,0,0,0,0,0,0,0,0,0,0,0,0,0,1,2,2,2,2,1,1,2,2,2,2,2,2,2,4,5,2,2,2,2,2,1,2,2,4,4,4,1,1,0,0,1,0,0,0,0,0,0,0,0,0,2,i,i,i,i,i,i,i,i,i,i,i,i,i,i,i,i,i,i,i,i,i,i,i,i,i,i,i,i,i,i,i,i,i,i,i,i,i,1,1,0,0,0,0,0,0,0,0,0,0,0,0,0,1,1,0,1,0,1,0,0,0,0,1,2,26,2,15,1,3,18,8,i,i,0,0,0,0,1,0,0,i,i,i,i,i,i,i,i,i,i,i,i,i,i,i,i,i,i,i,i,i,i,i,i,i,i,i,i,i,i,0,0,0,1,0,0,6,2,2,2,0,0,0,0,2,1,2,1,0,0,0,0,0,0,0,0,0,7,6,6,3,1,2,2,2,i,i,2,i,1,i,i,i,a,a,i,a,13,12,12,0,12,25,25,1,3,1,1,i,i,1,i,i,i,i,i,i,i,i,i,i,i,i,i,63,5,1
6291,doi:10.4232/1.12497,1.0.0 (2016-04-22),1,1,843,14000843,14924,14,3,TN,1.037705,1.377675,0.0,1.189387,1.499454,0.0,0.0,4,2,2,2,2,3,3,3,3,3,3,1,1,1,1,1,4,1,1,0,0,0,0,1,0,0,0,0,0,0,0,0,0,0,0,a,a,0,0,0,1,1,0,1,0,0,1,0,0,0,0,0,0,0,0,0,0,0,i,i,0,0,0,2,2,1,1,2,2,2,2,2,2,2,1,2,0,0,0,1,0,1,0,0,0,0,0,i,0,0,0,0,3,3,3,2,2,1,2,2,1,1,1,2,1,2,2,2,1,1,2,2,i,2,2,2,2,0,0,1,0,0,0,0,0,i,i,i,0,0,0,0,0,0,0,1,0,0,0,0,0,0,i,0,0,0,3,3,3,2,3,3,4,4,0,0,0,0,0,0,1,0,0,0,0,1,0,0,0,0,0,0,0,0,0,0,1,0,0,0,0,0,0,0,0,0,2,2,2,2,1,1,3,3,2,2,2,2,2,4,3,2,1,1,2,3,3,3,2,4,4,4,0,1,0,0,1,0,0,0,0,1,0,0,0,0,2,i,i,i,i,i,i,i,i,i,i,i,i,i,i,i,i,i,i,i,i,i,i,i,i,i,i,i,i,i,i,i,i,i,i,i,i,i,1,1,0,0,0,0,0,0,0,0,0,0,0,0,0,1,1,0,1,0,1,0,0,0,0,2,1,72,4,1,6,5,18,8,i,i,1,0,0,0,0,0,1,0,0,0,0,0,0,0,0,0,0,0,0,0,0,0,0,0,0,0,0,0,0,0,0,0,0,0,1,0,0,0,0,0,1,0,0,6,1,3,3,0,0,0,0,2,1,2,1,0,0,0,0,0,0,1,0,0,7,6,6,2,1,1,1,1,i,i,1,i,1,6,1,1,a,a,2,a,16,12,13,33,14,0,27,1,3,1,1,i,i,1,i,i,i,i,i,i,i,i,i,i,i,i,i,66,5,1
6291,doi:10.4232/1.12497,1.0.0 (2016-04-22),1,1,844,14000844,14925,14,3,TN,1.039997,1.377675,0.0,1.189387,1.499454,0.0,0.0,3,3,3,3,4,3,3,3,3,3,3,2,2,2,2,2,7,0,0,0,0,0,1,0,1,0,0,0,0,0,0,0,0,0,0,a,a,0,0,0,0,0,0,0,0,1,1,1,0,0,0,0,0,0,0,0,0,0,i,i,0,0,0,2,2,2,2,2,2,2,2,2,3,3,1,2,1,1,0,1,0,0,0,0,1,1,0,i,0,0,0,0,2,2,2,2,2,1,2,2,2,2,1,1,2,2,2,2,1,1,1,2,i,1,1,2,2,1,0,0,1,0,0,0,0,i,i,i,0,0,0,0,0,0,0,0,1,0,1,0,0,0,i,0,0,0,2,2,2,2,2,2,2,2,1,1,0,1,0,0,1,0,0,0,0,0,0,0,0,0,0,0,0,1,0,0,0,0,0,0,0,1,0,0,0,0,3,3,3,3,2,2,2,1,2,2,2,2,2,3,3,2,2,3,3,3,2,2,3,3,3,3,0,0,0,0,0,0,0,0,0,0,0,0,0,1,2,i,i,i,i,i,i,i,i,i,i,i,i,i,i,i,i,i,i,i,i,i,i,i,i,i,i,i,i,i,i,i,i,i,i,i,i,i,1,1,0,0,0,0,0,1,0,0,0,0,0,0,0,1,1,0,1,0,1,0,0,0,0,1,1,39,2,15,1,1,1,1,19,i,0,0,0,0,1,0,0,i,i,i,i,i,i,i,i,i,i,i,i,i,i,i,i,i,i,i,i,i,i,i,i,i,i,i,i,i,i,0,0,0,1,0,0,5,2,3,3,0,0,1,1,2,1,2,1,1,1,0,0,0,0,0,0,0,7,i,7,3,3,1,1,1,i,i,1,i,i,6,6,6,a,a,6,a,13,12,12,15,12,45,30,1,1,1,1,i,i,1,i,i,i,i,i,i,i,i,i,i,i,i,i,46,9,1
6291,doi:10.4232/1.12497,1.0.0 (2016-04-22),1,1,845,14000845,14926,14,3,TN,1.10244,1.377675,0.0,1.189387,1.499454,0.0,0.0,2,1,1,1,1,1,1,4,2,2,2,3,3,3,3,3,7,0,0,1,0,0,0,0,0,0,0,0,1,0,0,0,0,0,0,a,a,0,0,0,0,0,1,0,0,0,1,0,0,0,0,1,0,0,0,0,0,0,i,i,0,0,0,2,3,1,3,1,1,2,2,2,3,2,1,2,0,0,0,1,0,1,0,0,1,0,0,i,0,0,0,0,2,3,1,1,1,1,1,1,1,1,1,1,1,2,2,1,1,1,1,1,i,1,1,3,3,0,1,0,0,0,0,0,0,i,i,i,0,0,1,0,0,0,0,0,0,0,1,0,0,0,i,0,0,0,4,4,2,2,2,4,2,3,0,0,0,1,0,0,0,0,0,0,0,0,1,0,0,0,1,0,0,0,0,0,0,0,0,0,0,1,0,0,0,0,2,2,1,1,1,2,2,2,2,2,2,2,2,2,1,2,4,1,3,4,2,2,2,1,4,4,1,1,0,0,0,0,0,1,0,0,0,0,0,0,1,48,i,i,i,i,2,1,1,1,0,1,0,0,0,0,0,0,0,0,0,0,0,1,0,0,0,0,1,0,0,0,0,0,0,0,0,1,0,1,0,0,0,0,0,0,0,0,1,0,0,0,0,1,1,0,1,0,0,0,1,0,0,1,2,20,1,15,1,1,1,1,15,3,0,0,0,0,1,0,0,i,i,i,i,i,i,i,i,i,i,i,i,i,i,i,i,i,i,i,i,i,i,i,i,i,i,i,i,i,i,0,0,0,1,0,0,5,2,4,4,2,2,0,0,2,1,2,1,1,0,0,0,0,0,0,0,0,7,i,6,3,1,2,2,1,i,i,2,i,2,i,i,3,a,a,i,a,14,12,14,40,15,10,30,1,3,1,1,i,i,1,i,i,i,i,i,i,i,i,i,i,i,i,i,64,4,1
6291,doi:10.4232/1.12497,1.0.0 (2016-04-22),1,1,846,14000846,14927,14,3,TN,1.032099,1.377675,0.0,1.189387,1.499454,0.0,0.0,2,2,1,2,2,3,3,4,3,2,2,2,3,3,2,1,8,1,0,1,1,1,1,1,0,0,0,0,0,0,0,0,0,0,0,a,a,0,0,0,1,0,1,1,1,1,1,1,0,0,0,0,0,0,0,0,0,0,i,i,0,0,0,2,2,3,1,1,3,2,2,2,3,2,1,2,0,1,0,0,0,0,0,1,0,0,0,i,0,0,0,0,2,3,2,2,3,1,2,1,2,2,1,2,1,1,2,1,1,1,2,1,i,2,1,2,3,0,0,1,0,0,0,0,0,i,i,i,1,0,0,0,0,0,0,1,0,0,0,0,0,0,i,0,0,0,4,4,3,3,3,4,3,2,0,0,0,0,0,0,0,1,0,0,1,0,0,0,0,0,0,0,0,0,1,0,0,0,0,0,1,0,0,0,0,0,3,2,2,1,2,2,2,1,2,2,2,2,2,4,2,2,3,1,2,3,3,3,3,2,4,4,0,0,0,0,1,0,1,0,1,0,0,0,0,0,2,i,i,i,i,i,i,i,i,i,i,i,i,i,i,i,i,i,i,i,i,i,i,i,i,i,i,i,i,i,i,i,i,i,i,i,i,i,0,1,0,0,0,0,0,0,0,0,0,0,0,0,0,1,1,0,0,1,0,0,1,0,0,1,2,29,2,12,1,1,1,1,17,4,0,0,0,0,1,0,0,i,i,i,i,i,i,i,i,i,i,i,i,i,i,i,i,i,i,i,i,i,i,i,i,i,i,i,i,i,i,1,1,0,0,0,1,6,2,2,2,1,1,0,0,2,1,2,1,0,0,1,1,0,0,0,0,0,1,i,6,3,1,2,2,2,i,i,2,i,1,i,i,i,a,a,i,a,14,12,16,45,17,10,35,1,3,1,1,i,i,1,i,i,i,i,i,i,i,i,i,i,i,i,i,64,4,1
6291,doi:10.4232/1.12497,1.0.0 (2016-04-22),1,1,847,14000847,14928,14,3,TN,1.037705,1.377675,0.0,1.189387,1.499454,0.0,0.0,3,3,3,3,4,4,4,2,2,2,2,3,3,3,3,3,3,1,0,0,1,0,0,0,0,0,0,0,0,0,0,0,0,0,0,a,a,0,0,0,1,0,1,1,0,0,0,0,0,0,0,0,0,0,0,0,0,0,i,i,0,0,0,3,3,3,3,2,4,2,2,2,3,6,3,i,0,0,0,0,0,1,0,0,0,0,0,i,0,0,0,0,1,3,2,3,4,2,2,2,2,2,2,2,1,1,2,1,1,2,1,1,i,1,1,3,3,1,0,0,0,0,0,0,0,i,i,i,0,0,0,0,0,0,0,1,1,0,0,0,1,0,i,0,0,0,4,4,3,4,3,4,3,3,0,0,0,0,0,0,0,0,0,0,0,1,0,0,0,0,0,0,0,0,0,0,0,0,0,0,0,1,0,0,0,0,4,2,2,4,2,2,2,2,2,2,2,2,2,4,3,1,2,1,2,2,1,2,3,4,4,4,1,1,1,0,0,0,0,0,0,0,0,0,0,0,2,i,i,i,i,i,i,i,i,i,i,i,i,i,i,i,i,i,i,i,i,i,i,i,i,i,i,i,i,i,i,i,i,i,i,i,i,i,0,1,0,0,0,0,1,0,0,0,0,0,0,0,0,1,1,0,1,0,1,0,0,0,0,1,1,70,4,1,6,1,4,4,12,2,0,0,0,0,1,0,0,i,i,i,i,i,i,i,i,i,i,i,i,i,i,i,i,i,i,i,i,i,i,i,i,i,i,i,i,i,i,0,0,0,1,0,0,4,2,9,4,1,1,1,1,2,1,2,1,0,0,1,0,0,1,0,0,0,7,i,6,3,2,2,2,2,i,i,2,i,i,i,i,i,a,a,i,a,16,12,13,15,13,40,25,2,3,1,1,i,i,1,i,i,i,i,i,i,i,i,i,i,i,i,i,12,4,1
6291,doi:10.4232/1.12497,1.0.0 (2016-04-22),1,1,848,14000848,14929,14,3,TN,0.931612,1.377675,0.0,1.189387,1.499454,0.0,0.0,4,2,2,2,2,1,1,4,4,4,4,2,3,3,2,2,2,1,0,1,1,1,1,1,1,1,1,0,0,0,0,1,1,0,0,a,a,0,0,0,1,1,1,1,1,1,1,1,1,1,0,0,0,0,1,1,0,0,i,i,0,0,0,2,2,3,3,1,1,1,2,2,2,2,1,2,0,0,1,1,0,1,1,1,1,0,0,i,0,0,0,0,1,1,1,1,2,1,1,2,1,1,1,1,1,1,2,3,1,1,2,1,i,1,2,2,2,1,1,0,0,0,0,0,1,i,i,i,0,0,0,0,0,0,0,1,1,1,0,0,0,0,i,0,0,0,2,4,4,4,4,3,4,4,0,0,0,0,1,0,0,0,0,0,0,0,0,0,0,0,0,0,0,0,1,0,1,0,0,0,0,0,0,0,0,0,4,1,4,4,1,2,2,2,2,2,2,2,2,3,3,1,1,1,4,4,4,1,3,4,4,4,0,0,0,1,0,0,0,0,1,0,1,0,0,0,2,i,i,i,i,i,i,i,i,i,i,i,i,i,i,i,i,i,i,i,i,i,i,i,i,i,i,i,i,i,i,i,i,i,i,i,i,i,1,1,0,0,0,0,0,0,0,0,0,1,0,0,0,1,1,0,1,0,1,0,0,0,0,1,1,46,3,98,8,1,18,8,i,i,0,0,0,0,1,0,0,i,i,i,i,i,i,i,i,i,i,i,i,i,i,i,i,i,i,i,i,i,i,i,i,i,i,i,i,i,i,0,0,0,1,0,0,4,1,7,4,3,3,0,0,2,1,2,1,0,0,0,0,0,0,0,0,0,7,7,6,2,2,2,2,2,i,i,2,i,i,i,i,i,a,a,i,a,13,12,11,50,12,20,30,1,1,2,1,i,i,1,i,i,i,i,i,i,i,i,i,i,i,i,i,58,2,1
6291,doi:10.4232/1.12497,1.0.0 (2016-04-22),1,1,849,14000849,14930,14,3,TN,1.047391,1.377675,0.0,1.189387,1.499454,0.0,0.0,4,2,2,2,2,2,2,4,4,3,3,1,1,1,1,1,7,1,0,1,1,0,0,0,1,0,0,0,0,0,0,0,0,0,0,a,a,0,0,0,1,0,1,1,0,0,1,1,0,0,0,0,0,0,0,0,0,0,i,i,0,0,0,2,2,1,2,1,2,2,2,2,3,2,1,2,0,1,0,1,0,0,0,0,0,0,0,i,0,0,0,0,2,4,2,2,2,1,2,2,2,1,1,1,2,2,2,1,2,1,2,1,i,1,1,2,2,0,1,0,0,0,0,0,0,i,i,i,0,0,0,0,0,0,0,1,0,0,0,0,0,0,i,0,0,0,3,3,2,2,2,3,3,3,0,1,0,0,0,0,1,0,0,0,0,0,0,0,0,0,0,0,0,0,1,0,0,0,0,0,0,1,0,0,0,0,2,2,2,2,1,2,3,2,2,2,1,1,2,4,3,1,2,1,2,4,3,3,4,4,3,4,1,1,0,0,1,0,0,0,0,0,0,0,0,0,2,i,i,i,i,i,i,i,i,i,i,i,i,i,i,i,i,i,i,i,i,i,i,i,i,i,i,i,i,i,i,i,i,i,i,i,i,i,0,1,0,0,0,0,0,1,0,0,0,0,0,0,0,1,1,0,1,0,0,0,0,0,0,1,2,51,3,12,1,4,1,1,19,i,0,0,0,0,1,0,0,i,i,i,i,i,i,i,i,i,i,i,i,i,i,i,i,i,i,i,i,i,i,i,i,i,i,i,i,i,i,0,0,0,1,0,0,2,1,4,4,0,0,0,0,2,2,4,1,0,0,0,0,0,0,0,0,0,7,i,6,2,2,2,2,2,i,i,2,i,i,i,i,i,a,a,i,a,15,12,11,1,11,30,29,1,3,1,1,i,i,1,i,i,i,i,i,i,i,i,i,i,i,i,i,66,5,1
6291,doi:10.4232/1.12497,1.0.0 (2016-04-22),1,1,850,14000850,14931,14,3,TN,0.972506,1.377675,0.0,1.189387,1.499454,0.0,0.0,4,3,3,2,3,2,2,3,3,5,2,3,3,1,2,1,7,0,0,0,0,0,1,0,0,0,0,0,0,0,0,0,0,0,0,a,a,0,0,0,0,0,0,0,0,1,1,0,0,0,0,0,0,0,0,0,0,0,i,i,0,0,0,2,3,3,3,1,1,2,2,2,3,5,2,i,0,0,0,0,0,0,0,0,0,0,0,i,0,1,0,0,3,3,3,3,4,1,2,2,2,2,2,1,1,1,2,2,2,1,2,2,i,1,2,3,3,1,0,0,1,0,0,0,0,i,i,i,0,0,0,0,0,0,0,1,0,0,1,0,0,0,i,0,0,0,4,4,4,4,3,4,4,4,0,0,0,0,0,0,0,0,0,0,0,0,0,0,1,0,0,0,0,0,0,0,0,0,0,0,1,1,0,0,0,0,3,3,4,4,2,2,2,2,2,2,2,2,2,3,3,2,2,2,2,2,2,3,4,4,4,4,0,0,0,0,0,0,0,0,0,1,1,0,0,0,2,i,i,i,i,i,i,i,i,i,i,i,i,i,i,i,i,i,i,i,i,i,i,i,i,i,i,i,i,i,i,i,i,i,i,i,i,i,1,1,0,0,0,0,0,0,0,0,0,1,0,0,0,1,2,0,1,0,0,0,0,0,0,2,1,72,4,1,6,1,4,4,18,4,0,0,0,0,1,0,0,i,i,i,i,i,i,i,i,i,i,i,i,i,i,i,i,i,i,i,i,i,i,i,i,i,i,i,i,i,i,1,0,0,0,0,1,4,2,5,4,0,0,0,0,2,1,2,1,0,0,0,0,0,0,1,0,0,7,i,6,2,2,2,2,2,i,i,2,i,i,i,i,i,a,a,i,a,13,12,14,50,15,17,27,1,3,2,1,i,i,1,i,i,i,i,i,i,i,i,i,i,i,i,i,58,2,1
6291,doi:10.4232/1.12497,1.0.0 (2016-04-22),1,1,851,14000851,14932,14,3,TN,0.931612,1.377675,0.0,1.189387,1.499454,0.0,0.0,2,2,2,3,3,1,2,3,3,4,3,1,1,1,1,1,7,0,0,0,0,0,1,0,1,0,0,0,0,0,0,0,0,0,0,a,a,0,0,0,0,0,0,0,0,1,1,1,0,0,0,0,0,0,0,0,0,0,i,i,0,0,0,3,3,3,3,2,1,2,2,2,3,4,2,i,0,0,1,1,0,0,0,0,0,0,0,i,0,0,0,0,2,2,2,2,4,1,1,1,1,2,2,2,2,2,2,2,2,1,1,1,i,1,1,3,3,1,0,0,1,0,0,0,0,i,i,i,0,0,0,0,0,0,0,1,1,0,0,0,1,0,i,0,0,0,3,4,3,3,3,3,3,3,0,0,0,0,1,0,0,0,0,0,0,0,0,0,0,0,0,0,0,0,1,0,0,0,0,0,0,1,0,0,0,0,3,2,2,4,2,2,2,1,1,2,2,1,2,2,2,1,1,1,3,3,3,3,3,3,3,2,1,0,0,0,0,0,0,0,1,0,0,0,0,0,2,i,i,i,i,i,i,i,i,i,i,i,i,i,i,i,i,i,i,i,i,i,i,i,i,i,i,i,i,i,i,i,i,i,i,i,i,i,0,1,0,0,0,0,0,0,0,0,0,0,0,0,0,1,2,0,0,0,1,0,0,0,0,3,1,47,3,12,1,1,18,8,i,i,0,0,0,0,1,0,0,i,i,i,i,i,i,i,i,i,i,i,i,i,i,i,i,i,i,i,i,i,i,i,i,i,i,i,i,i,i,0,0,0,1,0,0,3,2,3,3,0,0,3,3,2,1,2,1,0,0,0,0,0,1,0,0,0,7,6,6,2,2,2,2,2,i,i,2,i,i,i,i,i,a,a,i,a,13,12,14,5,14,36,31,1,1,2,1,i,i,1,i,i,i,i,i,i,i,i,i,i,i,i,i,58,2,1
6291,doi:10.4232/1.12497,1.0.0 (2016-04-22),1,1,852,14000852,14933,14,3,TN,0.998507,1.377675,0.0,1.189387,1.499454,0.0,0.0,3,2,2,2,2,2,2,3,3,3,3,1,1,1,1,1,7,1,0,0,1,0,0,0,1,0,0,0,0,0,0,0,0,0,0,a,a,0,0,0,1,0,0,1,0,0,1,1,0,0,0,0,0,0,0,0,0,0,i,i,0,0,0,2,2,1,1,1,2,2,2,2,2,2,1,2,1,0,0,0,0,0,0,0,0,0,0,i,0,0,0,0,2,3,2,2,1,1,2,2,2,1,1,2,1,1,1,1,2,1,2,2,i,1,1,2,2,1,1,1,0,0,0,0,0,i,i,i,0,0,0,0,0,0,0,1,0,0,0,0,0,0,i,0,0,0,3,3,2,2,2,3,3,3,0,0,0,0,1,0,1,0,0,0,0,0,0,0,0,0,0,0,0,1,1,0,0,0,0,0,0,0,0,0,0,0,2,2,2,2,1,1,3,3,2,2,2,2,2,4,3,1,2,2,1,3,3,3,3,4,4,4,1,1,0,0,0,0,0,0,0,0,0,0,0,0,2,i,i,i,i,i,i,i,i,i,i,i,i,i,i,i,i,i,i,i,i,i,i,i,i,i,i,i,i,i,i,i,i,i,i,i,i,i,0,1,0,0,0,0,0,1,0,0,0,0,0,0,0,1,1,0,1,0,1,0,0,0,0,1,2,65,4,1,6,5,1,1,19,i,0,0,0,0,1,0,0,i,i,i,i,i,i,i,i,i,i,i,i,i,i,i,i,i,i,i,i,i,i,i,i,i,i,i,i,i,i,0,0,0,1,0,0,5,1,2,2,0,0,0,0,2,1,2,1,0,0,1,0,0,1,0,0,0,7,i,6,2,2,2,2,2,i,i,2,i,i,i,i,i,a,a,i,a,16,12,13,49,14,15,26,2,3,1,1,i,i,1,i,i,i,i,i,i,i,i,i,i,i,i,i,12,4,1
6291,doi:10.4232/1.12497,1.0.0 (2016-04-22),1,1,853,14000853,14934,14,3,TN,0.846848,1.377675,0.0,1.189387,1.499454,0.0,0.0,2,3,3,3,4,2,2,3,2,3,3,1,1,1,3,1,6,0,0,0,0,0,0,1,0,0,0,0,0,0,0,0,0,0,0,a,a,0,0,0,0,0,0,0,0,1,1,0,0,0,0,0,0,0,0,0,0,0,i,i,0,0,0,3,3,1,1,2,2,2,2,2,3,5,2,i,0,0,0,0,0,0,0,0,0,0,0,i,0,1,0,0,3,3,3,2,4,1,2,2,2,2,2,2,2,2,2,2,2,1,2,2,i,2,2,3,3,1,0,0,1,0,0,0,0,i,i,i,0,0,0,0,0,0,0,1,1,1,0,0,0,0,i,0,0,0,3,3,2,2,4,4,4,4,0,0,0,0,0,0,0,0,0,0,0,0,0,0,1,0,0,0,0,0,0,0,1,0,0,0,0,1,0,0,0,0,3,2,2,4,2,2,2,1,1,2,1,1,2,2,2,1,1,2,2,2,2,2,2,3,3,3,0,0,0,0,0,0,0,0,1,1,1,0,0,0,2,i,i,i,i,i,i,i,i,i,i,i,i,i,i,i,i,i,i,i,i,i,i,i,i,i,i,i,i,i,i,i,i,i,i,i,i,i,0,1,0,0,0,0,0,0,0,0,0,1,0,0,0,1,2,0,1,0,0,0,0,0,0,2,2,62,4,1,6,1,1,1,19,i,0,0,0,0,1,0,0,i,i,i,i,i,i,i,i,i,i,i,i,i,i,i,i,i,i,i,i,i,i,i,i,i,i,i,i,i,i,1,0,0,0,0,1,5,2,1,1,0,0,0,0,2,1,2,1,0,0,0,0,0,1,0,0,0,7,i,6,2,2,2,2,2,i,i,2,i,i,i,i,i,a,a,i,a,13,12,15,40,16,8,28,1,1,2,1,i,i,1,i,i,i,i,i,i,i,i,i,i,i,i,i,58,2,1
6291,doi:10.4232/1.12497,1.0.0 (2016-04-22),1,1,854,14000854,14935,14,3,TN,0.967252,1.377675,0.0,1.189387,1.499454,0.0,0.0,2,3,3,3,4,3,3,3,3,2,2,3,3,3,2,3,1,0,0,0,0,0,0,0,0,0,0,0,0,0,0,0,0,0,0,a,a,0,0,1,1,0,0,0,0,0,0,0,0,0,0,0,0,0,0,0,0,0,i,i,0,0,0,2,4,4,3,2,2,2,2,2,3,3,2,i,0,1,0,0,0,1,0,0,1,1,0,i,0,0,0,0,2,2,2,2,2,1,2,2,2,2,2,1,2,2,2,1,2,1,1,1,i,2,2,3,3,0,1,1,0,0,0,0,0,i,i,i,0,0,0,0,0,0,0,1,1,1,0,0,0,0,i,0,0,0,4,4,2,2,3,1,5,5,0,1,0,0,0,0,0,0,0,0,1,1,1,0,0,0,1,1,0,0,0,0,0,0,0,0,0,0,0,0,0,0,1,1,1,1,1,3,3,1,2,2,3,3,2,4,4,2,3,3,3,2,2,3,3,2,2,2,0,1,0,0,0,1,0,1,0,0,0,0,0,0,1,7,i,i,i,i,1,1,1,2,0,0,0,0,0,0,0,0,0,0,1,0,0,1,0,0,0,0,0,0,0,0,0,0,0,0,0,2,0,1,0,0,0,0,0,0,0,1,1,0,0,0,0,1,2,0,1,0,1,0,0,0,0,1,2,35,2,99,9,1,1,1,19,i,0,0,0,0,1,0,0,i,i,i,i,i,i,i,i,i,i,i,i,i,i,i,i,i,i,i,i,i,i,i,i,i,i,i,i,i,i,0,0,0,1,0,0,7,4,2,2,1,1,2,2,2,1,2,1,0,0,1,1,0,0,0,0,0,5,i,6,1,2,2,2,2,i,i,2,i,i,i,i,i,a,a,i,a,13,12,11,0,11,40,40,1,1,2,1,i,i,1,i,i,i,i,i,i,i,i,i,i,i,i,i,58,2,1
6291,doi:10.4232/1.12497,1.0.0 (2016-04-22),1,1,855,14000855,14936,14,3,TN,0.998909,1.377675,0.0,1.189387,1.499454,0.0,0.0,2,3,1,1,2,1,1,4,4,2,2,2,1,1,2,1,4,1,0,0,0,0,0,0,1,0,0,0,0,0,0,0,0,0,0,a,a,0,0,0,1,0,0,1,0,0,0,1,0,0,0,0,0,0,0,0,0,0,i,i,0,0,0,2,2,1,2,1,1,2,1,2,2,3,1,2,0,0,1,1,0,1,0,0,0,0,0,i,0,0,0,0,3,3,3,3,3,1,1,1,1,1,1,1,1,1,1,1,1,1,1,1,i,1,1,3,3,1,1,0,0,0,0,0,0,i,i,i,1,0,0,0,0,0,0,1,0,0,1,0,0,0,i,0,0,0,3,4,2,2,2,4,3,3,0,0,0,0,1,1,1,0,0,0,1,0,0,0,0,0,1,0,0,0,0,1,0,0,0,0,0,0,0,0,0,0,3,2,2,3,1,1,2,2,1,2,1,1,2,3,2,2,3,2,2,3,3,3,3,3,3,4,1,0,0,0,1,0,0,0,1,0,0,0,0,0,1,3,i,i,i,i,1,1,1,1,0,0,1,0,0,0,0,0,0,0,0,0,0,0,0,0,0,1,0,0,0,0,1,0,0,0,0,1,0,1,0,0,0,0,0,0,1,1,0,0,0,0,0,1,1,1,0,1,0,0,1,0,0,1,1,45,3,1,6,1,8,5,i,i,0,0,0,0,1,0,0,i,i,i,i,i,i,i,i,i,i,i,i,i,i,i,i,i,i,i,i,i,i,i,i,i,i,i,i,i,i,1,0,0,0,0,1,5,2,2,2,0,0,0,0,1,1,3,1,0,0,0,0,1,1,0,0,0,7,6,6,2,2,2,2,2,i,i,2,i,i,i,i,i,a,a,i,a,18,12,12,0,12,30,30,1,3,1,1,i,i,1,i,i,i,i,i,i,i,i,i,i,i,i,i,48,26,1
6291,doi:10.4232/1.12497,1.0.0 (2016-04-22),1,1,856,14000856,14937,14,3,TN,0.998909,1.377675,0.0,1.189387,1.499454,0.0,0.0,2,2,1,1,1,2,1,4,3,2,2,1,1,1,2,1,3,0,0,0,0,0,1,1,0,0,1,0,0,0,0,0,0,0,0,a,a,0,0,0,0,0,1,0,0,1,1,0,0,1,0,0,0,0,0,0,0,0,i,i,0,0,0,1,2,1,1,1,2,2,2,2,1,1,1,2,0,0,1,1,0,0,0,1,0,0,0,i,0,0,0,0,2,2,2,2,2,1,2,2,2,2,2,2,1,1,1,1,1,1,2,2,i,2,2,3,3,1,0,0,0,0,0,0,1,i,i,i,1,0,0,0,0,0,0,1,0,0,1,0,0,0,i,0,0,0,2,3,2,2,3,3,2,2,0,0,0,0,0,0,0,0,0,0,0,0,0,0,0,1,0,0,0,0,0,1,0,0,0,0,1,0,0,0,0,0,3,3,3,3,1,1,2,1,1,2,1,1,2,2,2,1,2,1,1,2,2,2,2,3,3,3,0,0,0,0,1,0,0,0,1,0,1,0,0,0,2,i,i,i,i,i,i,i,i,i,i,i,i,i,i,i,i,i,i,i,i,i,i,i,i,i,i,i,i,i,i,i,i,i,i,i,i,i,1,1,0,0,0,0,0,0,0,1,0,0,0,0,0,1,1,1,1,0,0,0,1,0,0,1,1,42,3,1,6,1,8,5,i,i,0,0,0,0,1,0,0,i,i,i,i,i,i,i,i,i,i,i,i,i,i,i,i,i,i,i,i,i,i,i,i,i,i,i,i,i,i,1,1,0,0,0,1,6,2,2,2,2,2,0,0,2,1,2,1,1,1,1,1,1,0,0,0,0,6,6,6,2,2,2,2,2,i,i,2,i,i,i,i,i,a,a,i,a,18,12,11,0,11,32,32,1,3,1,1,i,i,1,i,i,i,i,i,i,i,i,i,i,i,i,i,48,26,1
6291,doi:10.4232/1.12497,1.0.0 (2016-04-22),1,1,857,14000857,14938,14,3,TN,1.037705,1.377675,0.0,1.189387,1.499454,0.0,0.0,4,2,2,2,2,2,2,3,3,2,2,1,1,2,2,2,8,1,0,0,0,0,1,1,0,0,0,0,0,0,0,0,0,0,0,a,a,0,0,0,1,0,0,0,0,1,1,1,0,0,0,0,0,0,0,0,0,0,i,i,0,0,0,2,2,1,4,2,2,2,2,2,3,2,1,2,0,1,0,1,0,0,0,0,1,0,0,i,0,0,0,0,2,3,2,2,2,1,2,2,1,1,1,1,2,2,2,1,2,1,2,1,i,1,1,2,2,0,1,1,0,0,0,0,0,i,i,i,0,0,0,0,0,0,0,1,0,0,0,0,0,0,i,0,0,0,3,3,2,2,3,4,4,4,0,1,0,1,0,0,0,0,0,0,0,0,0,0,0,0,0,1,1,0,0,0,0,0,0,0,0,0,0,0,0,0,3,3,3,3,1,1,3,3,2,2,2,2,2,4,3,1,2,2,3,3,2,3,4,4,4,4,0,1,0,0,1,0,0,0,1,0,0,0,0,0,2,i,i,i,i,i,i,i,i,i,i,i,i,i,i,i,i,i,i,i,i,i,i,i,i,i,i,i,i,i,i,i,i,i,i,i,i,i,0,1,0,0,0,0,0,1,0,0,0,0,0,0,0,1,1,0,1,0,1,0,0,0,0,1,1,78,4,1,6,1,4,4,13,3,0,0,0,0,1,0,0,i,i,i,i,i,i,i,i,i,i,i,i,i,i,i,i,i,i,i,i,i,i,i,i,i,i,i,i,i,i,0,0,0,1,0,0,4,1,3,3,0,0,0,0,2,1,2,1,0,0,1,1,0,0,1,0,0,6,i,6,2,2,2,2,2,i,i,2,i,i,i,i,i,a,a,i,a,16,12,14,7,14,31,24,2,3,1,1,i,i,1,i,i,i,i,i,i,i,i,i,i,i,i,i,66,5,1
6291,doi:10.4232/1.12497,1.0.0 (2016-04-22),1,1,858,14000858,14939,14,3,TN,1.10244,1.377675,0.0,1.189387,1.499454,0.0,0.0,2,2,2,2,2,1,1,3,2,1,1,1,1,1,3,1,7,1,0,0,1,0,1,0,0,0,0,0,0,0,0,0,0,0,0,a,a,0,0,0,1,0,0,1,0,1,1,0,0,0,0,0,0,0,0,0,0,0,i,i,0,0,0,3,2,1,1,2,2,2,2,2,4,3,2,i,0,0,0,0,1,0,0,0,1,0,0,i,0,0,0,0,4,3,4,3,2,1,2,2,1,1,1,1,2,2,1,2,2,1,2,2,i,1,1,3,3,0,0,1,0,0,0,0,1,i,i,i,1,0,0,0,0,0,0,0,0,1,1,0,0,1,i,0,0,0,4,2,2,1,2,4,2,2,0,0,1,0,1,0,0,0,0,0,0,1,0,0,0,0,1,0,0,0,1,0,0,0,0,0,0,0,0,0,0,0,1,1,1,3,1,2,2,1,2,2,2,2,1,4,2,3,2,3,3,2,3,4,2,4,4,4,1,0,0,0,1,0,0,1,0,0,0,0,0,0,2,i,i,i,i,i,i,i,i,i,i,i,i,i,i,i,i,i,i,i,i,i,i,i,i,i,i,i,i,i,i,i,i,i,i,i,i,i,0,1,0,0,1,0,0,1,0,0,0,0,0,0,0,3,1,1,0,1,1,0,0,0,0,1,2,15,1,0,5,3,1,1,19,i,0,0,0,0,1,0,0,i,i,i,i,i,i,i,i,i,i,i,i,i,i,i,i,i,i,i,i,i,i,i,i,i,i,i,i,i,i,1,0,0,0,0,1,4,3,3,3,1,1,0,0,2,1,2,1,0,0,1,1,1,1,0,0,0,1,i,6,3,1,2,2,1,i,i,2,i,1,i,i,4,a,a,i,a,14,12,13,35,14,15,40,2,3,1,1,i,i,1,i,i,i,i,i,i,i,i,i,i,i,i,i,64,4,1
6291,doi:10.4232/1.12497,1.0.0 (2016-04-22),1,1,859,14000859,14940,14,3,TN,1.047391,1.377675,0.0,1.189387,1.499454,0.0,0.0,3,3,3,3,4,3,3,3,3,2,2,3,1,1,3,1,4,1,0,0,0,0,1,1,1,0,0,0,0,0,0,0,0,0,0,a,a,0,0,0,1,0,0,1,0,1,1,1,0,0,0,0,0,0,0,0,0,0,i,i,0,0,0,2,2,1,2,2,2,2,2,2,2,2,1,2,0,1,0,1,0,0,0,0,0,0,0,i,0,0,0,0,1,3,1,2,2,1,2,2,2,1,1,2,1,2,2,1,1,1,2,2,i,1,1,1,1,0,1,1,0,0,0,0,0,i,i,i,0,0,0,0,0,0,0,1,0,0,0,0,0,0,i,0,0,0,4,3,2,2,2,3,3,3,0,0,1,0,1,0,1,0,0,0,0,0,0,0,0,0,0,0,0,1,0,0,1,0,0,0,0,0,0,0,0,0,3,3,2,3,1,1,2,2,2,2,2,2,2,4,3,2,2,2,1,3,2,2,2,4,4,4,1,1,0,0,0,0,0,0,1,0,0,0,0,0,2,i,i,i,i,i,i,i,i,i,i,i,i,i,i,i,i,i,i,i,i,i,i,i,i,i,i,i,i,i,i,i,i,i,i,i,i,i,0,1,0,0,0,0,0,1,0,0,0,0,0,0,0,1,1,1,1,0,1,0,0,0,0,2,2,40,3,10,1,1,18,8,i,i,1,0,0,0,0,0,1,0,0,0,0,0,0,0,0,0,0,0,0,0,0,0,0,0,0,0,0,0,0,0,0,0,0,0,1,0,0,1,0,0,0,0,1,4,1,3,3,0,0,1,1,2,1,2,1,0,0,0,0,0,0,0,0,0,7,6,6,2,2,2,2,2,i,i,2,i,i,i,i,i,a,a,i,a,15,12,11,55,12,21,26,1,3,1,1,i,i,1,i,i,i,i,i,i,i,i,i,i,i,i,i,66,5,1
6291,doi:10.4232/1.12497,1.0.0 (2016-04-22),1,1,860,14000860,14941,14,3,TN,1.032099,1.377675,0.0,1.189387,1.499454,0.0,0.0,2,3,2,2,3,1,2,4,2,2,2,2,1,1,1,1,7,1,0,0,1,0,1,0,0,0,0,0,0,0,0,0,0,0,0,a,a,0,0,0,1,0,0,1,0,1,1,0,0,0,0,0,0,0,0,0,0,0,i,i,0,0,0,2,2,1,1,1,4,2,2,2,2,2,2,i,1,0,0,0,0,1,0,0,0,0,0,i,0,0,0,0,2,2,1,2,1,1,2,1,1,2,1,1,1,2,1,1,1,1,1,1,i,1,1,3,3,0,0,0,0,0,0,0,0,i,i,i,1,0,0,0,0,0,0,1,0,0,0,0,0,0,i,0,0,0,4,4,2,2,2,4,2,2,0,1,0,1,1,0,0,0,0,0,0,0,0,0,0,0,0,1,0,1,0,0,0,0,0,0,0,0,0,0,0,0,2,2,2,1,1,1,1,1,2,2,2,2,2,3,2,3,3,1,2,2,2,2,2,2,4,4,1,1,0,0,0,0,0,1,0,0,0,0,0,0,1,13,i,i,i,i,1,1,1,3,0,1,0,0,0,0,0,0,0,0,0,0,0,1,0,0,0,1,0,0,0,0,0,0,0,0,0,1,0,1,0,0,0,0,0,0,0,0,1,0,0,0,0,1,1,0,1,0,0,0,1,0,0,1,2,25,2,13,1,3,1,1,18,4,0,0,0,0,1,0,0,i,i,i,i,i,i,i,i,i,i,i,i,i,i,i,i,i,i,i,i,i,i,i,i,i,i,i,i,i,i,1,1,0,0,0,1,8,3,3,3,0,0,0,0,2,1,2,1,1,1,0,0,0,0,0,0,0,7,i,6,3,1,2,2,2,i,i,2,i,1,i,i,i,a,a,i,a,14,12,10,45,11,15,30,1,1,1,1,i,i,1,i,i,i,i,i,i,i,i,i,i,i,i,i,64,4,1
6291,doi:10.4232/1.12497,1.0.0 (2016-04-22),1,1,861,14000861,14942,14,3,TN,1.05249,1.377675,0.0,1.189387,1.499454,0.0,0.0,4,3,3,3,4,2,2,4,3,3,3,1,1,1,1,1,8,1,0,1,0,1,0,0,0,0,0,0,0,0,0,0,0,0,0,a,a,0,0,0,1,0,1,0,1,0,0,1,0,0,0,0,0,0,0,0,0,0,i,i,0,0,0,2,2,1,1,1,1,2,1,2,3,2,3,i,0,1,0,0,0,0,0,0,0,0,0,i,0,0,0,0,2,3,2,2,2,1,1,1,1,1,1,2,1,1,2,2,2,1,1,2,i,2,2,3,4,1,0,0,0,0,0,0,0,i,i,i,0,0,0,0,0,0,0,1,0,1,0,0,0,0,i,0,0,0,4,4,4,4,3,3,3,3,0,1,0,0,0,0,0,0,0,0,0,0,0,0,0,0,1,0,0,0,0,0,0,0,0,0,0,0,0,0,0,0,4,2,2,4,2,2,2,2,2,2,2,2,2,4,4,1,2,1,3,3,3,2,3,4,4,4,1,0,0,0,0,0,0,0,0,1,1,0,0,0,2,i,i,i,i,i,i,i,i,i,i,i,i,i,i,i,i,i,i,i,i,i,i,i,i,i,i,i,i,i,i,i,i,i,i,i,i,i,0,1,0,0,0,0,0,0,0,0,0,0,0,0,0,1,1,0,1,0,1,0,0,0,0,1,2,53,3,1,6,1,1,1,19,i,0,0,0,0,1,0,0,i,i,i,i,i,i,i,i,i,i,i,i,i,i,i,i,i,i,i,i,i,i,i,i,i,i,i,i,i,i,1,0,0,0,0,1,1,1,5,4,0,0,0,0,2,1,2,1,0,0,0,0,0,0,0,0,0,7,i,6,2,2,2,2,2,i,i,2,i,i,i,i,i,a,a,i,a,16,12,14,30,15,0,30,1,3,1,1,i,i,1,i,i,i,i,i,i,i,i,i,i,i,i,i,12,4,1
6291,doi:10.4232/1.12497,1.0.0 (2016-04-22),1,1,862,14000862,14943,14,3,TN,0.99407,1.377675,0.0,1.189387,1.499454,0.0,0.0,2,2,1,1,1,2,1,2,2,1,1,1,1,1,2,1,7,0,0,0,0,0,1,0,0,0,0,0,0,0,0,0,0,0,0,a,a,0,0,0,0,0,0,0,0,1,1,0,0,0,0,0,0,0,0,0,0,0,i,i,0,0,0,3,2,1,1,1,3,2,2,2,3,3,2,i,0,0,0,0,0,0,0,0,0,0,0,i,0,1,0,0,2,2,1,2,3,1,1,1,1,2,2,1,1,1,1,1,1,1,1,2,i,1,1,3,2,1,0,0,0,0,0,0,0,i,i,i,0,0,0,0,0,0,0,1,0,0,0,0,0,0,i,0,0,0,4,4,4,4,4,4,4,4,0,1,0,1,0,0,0,0,0,0,1,0,0,0,0,0,0,0,1,0,0,1,0,0,0,0,0,0,0,0,0,0,2,1,1,2,1,1,1,2,2,2,2,2,2,2,1,2,2,1,3,1,1,1,1,1,1,3,1,1,1,0,0,0,0,0,0,0,0,0,0,0,1,41,i,i,i,i,2,1,1,1,0,0,0,0,0,1,0,0,0,0,0,0,0,1,1,0,0,0,0,0,0,0,0,0,0,0,0,1,0,0,0,0,0,0,0,0,0,0,0,1,0,0,0,1,1,0,1,0,0,0,0,0,0,2,1,42,3,12,1,3,3,3,8,1,0,0,0,0,1,0,0,i,i,i,i,i,i,i,i,i,i,i,i,i,i,i,i,i,i,i,i,i,i,i,i,i,i,i,i,i,i,1,0,0,0,0,1,5,3,1,1,0,0,0,0,2,1,2,1,1,1,0,0,1,1,0,0,0,7,i,2,3,2,1,2,2,i,i,2,i,i,2,i,i,a,a,i,a,14,12,12,20,12,45,25,1,3,1,1,i,i,1,i,i,i,i,i,i,i,i,i,i,i,i,i,64,4,1
6291,doi:10.4232/1.12497,1.0.0 (2016-04-22),1,1,863,14000863,14944,14,3,TN,1.047391,1.377675,0.0,1.189387,1.499454,0.0,0.0,3,2,2,2,2,2,2,3,3,2,2,1,1,1,1,1,8,0,0,1,0,1,0,1,0,0,0,0,0,0,0,0,0,0,0,a,a,0,0,0,0,0,1,0,1,0,1,1,0,0,0,0,0,0,0,0,0,0,i,i,0,0,0,2,2,1,1,2,2,2,2,2,3,2,1,2,0,1,0,1,0,1,0,0,0,0,0,i,0,0,0,0,2,3,2,2,2,1,2,2,1,1,1,1,1,2,2,1,1,1,2,2,i,1,1,2,2,0,0,1,0,0,0,0,0,i,i,i,0,0,0,0,0,0,0,1,0,0,0,0,0,0,i,0,0,0,3,3,2,2,2,3,3,3,0,1,0,1,0,0,0,0,0,0,0,0,0,0,0,0,0,1,0,0,1,0,0,0,0,0,0,0,0,0,0,0,2,2,2,2,1,1,2,2,2,2,1,1,2,3,3,2,2,3,2,2,3,3,2,4,4,4,0,1,0,0,1,0,0,0,1,0,0,0,0,0,2,i,i,i,i,i,i,i,i,i,i,i,i,i,i,i,i,i,i,i,i,i,i,i,i,i,i,i,i,i,i,i,i,i,i,i,i,i,1,1,0,0,0,0,0,0,0,0,0,0,0,0,0,1,1,0,1,0,0,0,1,0,0,1,2,40,3,8,1,1,1,1,19,i,0,0,0,0,1,0,0,i,i,i,i,i,i,i,i,i,i,i,i,i,i,i,i,i,i,i,i,i,i,i,i,i,i,i,i,i,i,0,0,0,1,0,0,5,3,3,3,1,1,2,2,1,1,3,1,0,0,1,1,0,1,0,0,0,6,i,6,2,2,2,2,2,i,i,2,i,i,i,i,i,a,a,i,a,16,12,12,0,12,30,30,1,3,1,1,i,i,1,i,i,i,i,i,i,i,i,i,i,i,i,i,12,4,1
6291,doi:10.4232/1.12497,1.0.0 (2016-04-22),1,1,864,14000864,14945,14,3,TN,1.10244,1.377675,0.0,1.189387,1.499454,0.0,0.0,4,3,3,3,4,2,2,4,3,3,2,3,3,3,3,3,3,1,0,0,1,0,1,1,1,0,0,0,0,0,0,0,0,0,0,a,a,0,0,0,1,0,1,1,0,1,1,1,0,0,0,0,0,0,0,0,0,0,i,i,0,0,0,2,2,1,2,2,2,2,2,2,2,1,1,2,1,0,0,0,0,0,0,0,1,1,0,i,0,0,0,0,2,3,2,1,1,1,2,2,2,1,1,1,2,2,2,1,2,1,2,2,i,1,1,2,2,0,1,1,0,0,0,0,0,i,i,i,0,0,0,0,0,0,0,1,0,0,0,0,0,0,i,0,0,0,4,4,3,3,3,2,2,2,0,1,0,0,0,0,1,0,0,0,0,1,0,0,0,0,0,1,0,0,0,0,1,0,0,0,0,0,0,0,0,0,2,2,2,2,1,1,2,2,2,2,2,2,2,3,3,1,2,1,2,4,3,3,2,4,4,4,0,1,0,0,0,0,0,0,1,0,0,0,0,0,2,i,i,i,i,i,i,i,i,i,i,i,i,i,i,i,i,i,i,i,i,i,i,i,i,i,i,i,i,i,i,i,i,i,i,i,i,i,1,1,0,0,0,0,0,0,0,0,0,0,0,0,0,1,1,0,1,0,1,0,0,0,0,1,2,24,1,15,1,3,18,8,i,i,0,0,0,0,1,0,0,i,i,i,i,i,i,i,i,i,i,i,i,i,i,i,i,i,i,i,i,i,i,i,i,i,i,i,i,i,i,0,0,0,1,0,0,6,2,3,3,0,0,0,0,2,1,2,1,0,0,0,0,0,1,0,0,0,7,6,2,3,1,2,2,2,i,i,2,i,2,i,i,i,a,a,i,a,14,12,14,31,14,55,24,1,3,1,1,i,i,1,i,i,i,i,i,i,i,i,i,i,i,i,i,63,5,1
6291,doi:10.4232/1.12497,1.0.0 (2016-04-22),1,1,865,14000865,14946,14,3,TN,1.10244,1.377675,0.0,1.189387,1.499454,0.0,0.0,4,3,3,3,4,2,2,3,3,2,2,2,3,3,3,3,8,0,0,0,1,0,0,1,0,0,0,0,1,0,0,0,0,0,0,a,a,0,0,0,0,0,0,1,0,0,1,1,0,0,0,1,0,0,0,0,0,0,i,i,0,0,0,2,1,1,1,2,4,2,2,2,2,3,3,i,1,0,0,0,0,1,0,0,0,0,0,i,0,0,0,0,3,3,3,4,3,1,2,2,1,2,1,1,2,1,2,1,1,1,2,2,i,1,1,3,2,0,1,0,0,0,0,0,1,i,i,i,0,0,0,0,0,0,0,0,1,1,0,0,0,0,i,0,0,0,4,3,2,1,2,3,2,1,0,1,0,0,0,0,0,0,0,0,1,0,1,0,0,0,1,0,0,0,0,1,0,0,0,0,0,0,0,0,0,0,1,1,2,2,1,1,2,1,2,2,2,2,2,4,2,4,4,3,4,4,3,2,2,3,3,3,1,0,1,1,0,0,0,0,0,0,0,0,0,0,1,3,i,i,i,i,1,1,1,1,0,0,0,0,1,0,0,0,0,1,0,0,0,1,0,0,0,0,0,0,0,0,0,0,0,0,0,2,1,1,0,0,0,0,0,0,0,0,0,0,0,0,0,1,1,0,1,0,1,0,0,0,0,2,2,15,1,0,5,3,1,1,19,i,0,1,0,0,0,0,1,0,0,0,0,0,0,0,0,1,0,0,0,0,0,0,0,0,0,0,0,0,0,0,0,0,0,0,0,0,0,0,0,0,1,0,0,8,2,3,3,0,0,0,0,1,1,3,1,1,1,1,1,1,1,0,0,0,1,i,1,3,1,1,2,1,i,i,2,i,1,3,i,1,a,a,i,a,13,12,13,40,14,10,20,2,3,1,1,i,i,1,i,i,i,i,i,i,i,i,i,i,i,i,i,63,5,1
6291,doi:10.4232/1.12497,1.0.0 (2016-04-22),1,1,866,14000866,14947,14,3,TN,1.10244,1.377675,0.0,1.189387,1.499454,0.0,0.0,2,2,2,2,2,2,2,3,2,2,2,2,4,3,2,4,7,0,0,1,0,0,0,0,0,0,0,1,1,0,0,1,0,0,0,a,a,0,0,0,0,0,1,0,0,0,1,0,0,0,1,1,0,0,1,0,0,0,i,i,0,0,0,2,2,1,1,1,1,3,2,2,1,1,1,2,1,1,0,0,0,1,0,0,0,0,0,i,0,0,0,0,3,3,3,3,3,1,2,2,2,1,2,1,2,2,1,1,1,2,1,1,i,1,1,3,3,0,0,1,0,0,1,0,0,i,i,i,1,0,0,0,0,0,0,0,0,1,0,1,0,1,i,0,0,0,4,4,3,3,4,4,5,5,1,0,0,0,1,0,0,0,0,0,1,1,1,0,0,0,1,0,0,1,0,0,0,0,0,0,0,0,0,0,0,0,1,3,1,1,2,2,2,2,2,2,2,2,2,4,4,4,4,3,3,4,4,5,3,2,2,2,0,1,0,0,1,1,0,0,0,0,0,0,0,0,2,i,i,i,i,i,i,i,i,i,i,i,i,i,i,i,i,i,i,i,i,i,i,i,i,i,i,i,i,i,i,i,i,i,i,i,i,i,0,1,0,0,0,0,0,0,1,1,0,0,0,0,0,2,1,0,1,1,0,0,0,0,0,1,2,15,1,0,5,3,2,2,19,i,0,0,0,0,1,0,0,i,i,i,i,i,i,i,i,i,i,i,i,i,i,i,i,i,i,i,i,i,i,i,i,i,i,i,i,i,i,0,0,0,1,0,0,6,2,3,3,3,3,1,1,2,1,2,1,1,0,0,1,1,0,0,0,0,1,i,1,3,1,2,2,2,i,i,2,i,1,i,i,i,a,a,i,a,12,12,13,0,13,40,40,1,2,1,1,i,i,1,i,i,i,i,i,i,i,i,i,i,i,i,i,17,7,1
6291,doi:10.4232/1.12497,1.0.0 (2016-04-22),1,1,867,14000867,14948,14,3,TN,0.998507,1.377675,0.0,1.189387,1.499454,0.0,0.0,2,3,3,3,4,3,3,4,4,3,3,2,1,1,1,1,4,1,0,1,0,0,0,1,1,0,0,0,0,0,1,0,1,0,0,a,a,0,0,0,1,0,1,1,0,0,1,1,0,0,0,0,0,1,0,1,0,0,i,i,0,0,0,2,2,4,4,2,2,2,2,2,1,2,3,i,1,0,0,0,0,1,0,0,0,0,0,i,0,0,0,0,5,5,5,5,5,1,2,1,1,1,1,1,1,1,1,1,1,1,2,1,i,1,1,2,5,0,1,1,0,0,0,0,0,i,i,i,0,0,0,0,0,0,0,1,1,1,0,0,0,0,i,0,0,0,4,4,3,3,3,3,3,3,0,0,0,0,0,0,0,0,0,0,0,0,0,0,0,1,0,0,0,0,0,0,0,0,0,0,0,0,0,0,0,1,3,3,2,5,1,2,3,1,2,2,2,2,2,4,4,5,5,3,2,2,3,3,3,2,4,4,0,0,0,1,0,0,0,0,0,0,1,0,0,0,2,i,i,i,i,i,i,i,i,i,i,i,i,i,i,i,i,i,i,i,i,i,i,i,i,i,i,i,i,i,i,i,i,i,i,i,i,i,0,1,0,0,0,0,0,1,0,0,0,0,0,0,0,1,1,0,1,0,1,0,1,0,0,2,2,65,4,1,6,1,4,4,8,1,0,0,0,0,1,0,0,i,i,i,i,i,i,i,i,i,i,i,i,i,i,i,i,i,i,i,i,i,i,i,i,i,i,i,i,i,i,1,0,0,0,0,1,5,1,3,3,0,0,0,0,2,1,2,1,1,0,0,0,0,0,0,0,0,7,i,6,3,2,2,2,2,i,i,2,i,i,i,i,i,a,a,i,a,12,12,14,6,14,46,40,1,2,1,1,i,i,1,i,i,i,i,i,i,i,i,i,i,i,i,i,24,3,1
6291,doi:10.4232/1.12497,1.0.0 (2016-04-22),1,1,868,14000868,14949,14,3,TN,1.05249,1.377675,0.0,1.189387,1.499454,0.0,0.0,2,3,3,3,4,2,2,3,3,4,3,2,3,3,3,3,6,0,0,0,0,0,0,1,1,0,0,0,0,0,0,1,0,0,0,a,a,0,0,0,0,0,0,0,0,1,1,1,0,0,0,0,0,0,1,0,0,0,i,i,0,0,0,2,2,2,2,2,2,2,1,2,3,2,1,2,1,1,0,0,0,0,0,0,1,0,0,i,0,0,0,0,3,2,3,3,1,1,1,2,2,1,1,1,2,2,3,3,3,3,1,3,i,1,1,5,5,1,1,0,0,0,0,0,0,i,i,i,0,0,0,0,0,0,0,0,0,0,0,0,0,0,i,0,0,1,3,2,3,3,3,4,3,3,0,0,0,0,0,0,1,0,0,0,0,1,0,0,0,0,0,0,0,0,0,0,0,0,0,0,0,1,0,0,0,0,2,2,2,2,2,2,2,1,2,2,2,2,2,2,2,2,2,2,2,2,2,2,2,2,2,4,0,0,0,0,0,0,0,0,0,0,0,0,0,1,2,i,i,i,i,i,i,i,i,i,i,i,i,i,i,i,i,i,i,i,i,i,i,i,i,i,i,i,i,i,i,i,i,i,i,i,i,i,0,1,0,0,0,0,0,1,1,0,0,0,0,0,0,1,1,0,1,0,1,0,0,0,0,1,2,43,3,0,5,1,1,1,19,i,0,0,0,0,1,0,0,i,i,i,i,i,i,i,i,i,i,i,i,i,i,i,i,i,i,i,i,i,i,i,i,i,i,i,i,i,i,0,0,0,1,0,0,6,3,2,2,2,2,0,0,2,2,4,1,1,1,0,0,0,0,0,0,0,7,i,6,3,2,2,2,2,i,i,2,i,i,i,i,i,a,a,i,a,13,12,11,35,12,5,30,1,1,1,1,i,i,1,i,i,i,i,i,i,i,i,i,i,i,i,i,46,9,1
6291,doi:10.4232/1.12497,1.0.0 (2016-04-22),1,1,869,14000869,14950,14,3,TN,1.05249,1.377675,0.0,1.189387,1.499454,0.0,0.0,4,2,2,2,2,3,3,3,3,3,3,2,2,2,2,2,7,0,0,0,0,0,0,0,0,0,0,1,0,0,0,0,0,0,0,a,a,0,0,0,0,0,0,0,0,0,1,0,0,0,1,0,0,0,0,0,0,0,i,i,0,0,0,2,2,1,1,5,5,2,2,2,6,6,3,i,0,0,0,0,0,0,0,0,0,0,0,i,0,0,0,1,5,5,5,5,5,3,3,3,3,3,3,3,3,3,3,3,3,3,3,3,i,3,3,5,5,0,0,0,0,0,0,0,0,i,i,i,0,0,0,0,0,0,1,0,0,0,0,0,0,0,i,0,0,1,5,5,5,5,5,5,5,5,0,0,0,0,0,0,0,0,0,0,0,0,0,0,0,1,0,0,0,0,0,0,0,0,0,0,0,0,0,0,0,1,2,2,2,2,2,2,2,2,2,2,2,2,2,3,3,2,2,2,2,2,2,2,2,2,4,4,0,0,0,0,0,0,0,0,0,0,0,0,0,1,2,i,i,i,i,i,i,i,i,i,i,i,i,i,i,i,i,i,i,i,i,i,i,i,i,i,i,i,i,i,i,i,i,i,i,i,i,i,1,0,0,0,0,0,0,0,0,0,0,0,0,0,0,1,1,0,1,0,0,0,0,0,0,2,2,50,3,0,5,1,1,1,18,4,0,0,0,0,1,0,0,i,i,i,i,i,i,i,i,i,i,i,i,i,i,i,i,i,i,i,i,i,i,i,i,i,i,i,i,i,i,0,0,0,1,0,0,5,2,3,3,0,0,0,0,2,1,2,1,1,1,0,0,0,0,0,0,0,7,i,6,3,2,2,2,2,i,i,2,i,i,i,i,i,a,a,i,a,14,12,16,10,16,35,25,1,1,1,1,i,i,1,i,i,i,i,i,i,i,i,i,i,i,i,i,35,9,1
6291,doi:10.4232/1.12497,1.0.0 (2016-04-22),1,1,870,14000870,14951,14,3,TN,1.10244,1.377675,0.0,1.189387,1.499454,0.0,0.0,3,3,3,3,4,3,3,3,3,3,3,2,2,2,2,2,7,0,1,0,0,0,0,0,0,0,0,0,1,0,0,0,0,0,0,a,a,0,0,0,0,1,0,0,0,0,1,0,0,0,0,1,0,0,0,0,0,0,i,i,0,0,0,2,2,1,1,3,3,1,2,2,3,3,3,i,0,0,0,0,0,0,0,0,0,0,0,i,0,0,1,0,5,5,5,5,5,2,1,2,2,1,2,2,2,1,2,2,1,1,1,1,i,2,2,5,5,0,0,0,0,0,0,0,0,i,i,i,0,0,0,0,0,1,0,1,0,0,0,0,0,0,i,0,0,0,2,2,2,2,2,2,2,2,0,1,0,0,0,0,1,0,0,0,0,0,0,0,0,0,1,0,0,0,0,1,0,0,0,0,0,0,0,0,0,0,3,3,3,3,2,2,2,2,2,2,2,2,2,3,3,3,3,3,3,3,3,3,3,3,3,3,0,0,0,0,0,0,0,0,0,0,0,0,0,1,2,i,i,i,i,i,i,i,i,i,i,i,i,i,i,i,i,i,i,i,i,i,i,i,i,i,i,i,i,i,i,i,i,i,i,i,i,i,0,1,0,0,0,0,0,0,0,0,0,0,0,0,0,1,1,0,1,0,0,0,0,0,0,1,2,19,1,13,1,3,1,1,19,i,0,0,0,0,1,0,0,i,i,i,i,i,i,i,i,i,i,i,i,i,i,i,i,i,i,i,i,i,i,i,i,i,i,i,i,i,i,0,0,0,1,0,0,5,3,5,4,1,1,0,0,2,1,2,1,1,1,1,0,0,0,0,0,0,1,i,1,2,1,2,2,2,i,i,2,i,2,i,i,i,a,a,i,a,11,12,12,30,12,55,25,1,1,1,1,i,i,1,i,i,i,i,i,i,i,i,i,i,i,i,i,34,9,1
6291,doi:10.4232/1.12497,1.0.0 (2016-04-22),1,1,871,14000871,14952,14,3,TN,1.05249,1.377675,0.0,1.189387,1.499454,0.0,0.0,3,3,3,3,4,3,3,3,3,3,2,2,3,3,2,2,7,0,0,0,1,0,1,0,0,0,0,0,0,0,0,0,0,0,0,a,a,0,0,0,0,0,0,1,0,1,1,0,0,0,0,0,0,0,0,0,0,0,i,i,0,0,0,2,2,2,2,2,2,2,2,2,6,6,3,i,0,0,0,0,0,0,0,0,0,0,0,i,0,0,1,0,5,5,5,5,5,2,1,1,2,1,1,2,2,1,1,1,1,1,2,1,i,1,1,5,5,0,0,0,0,0,0,0,0,i,i,i,0,0,0,0,0,0,1,1,0,0,0,0,0,0,i,0,0,0,2,5,5,1,5,5,5,5,0,0,0,0,0,0,0,0,0,0,0,0,0,0,0,1,0,0,0,0,0,0,0,0,0,0,0,0,0,0,0,1,4,2,2,4,2,1,1,2,2,2,2,2,2,3,3,3,3,3,3,3,3,3,3,3,3,3,0,0,0,0,0,0,0,0,0,0,0,0,0,1,2,i,i,i,i,i,i,i,i,i,i,i,i,i,i,i,i,i,i,i,i,i,i,i,i,i,i,i,i,i,i,i,i,i,i,i,i,i,1,0,0,0,0,0,0,0,0,0,0,0,0,0,0,1,1,1,1,0,1,0,0,0,0,2,2,52,3,12,1,1,1,1,19,i,0,0,0,0,1,0,0,i,i,i,i,i,i,i,i,i,i,i,i,i,i,i,i,i,i,i,i,i,i,i,i,i,i,i,i,i,i,1,0,0,0,0,1,6,3,4,4,0,0,0,0,1,1,3,1,1,1,1,1,0,0,0,0,0,6,i,6,3,2,2,2,2,i,i,2,i,i,i,i,i,a,a,i,a,14,12,13,0,13,35,35,1,1,1,1,i,i,1,i,i,i,i,i,i,i,i,i,i,i,i,i,34,9,1
6291,doi:10.4232/1.12497,1.0.0 (2016-04-22),1,1,872,14000872,14953,14,3,TN,1.05249,1.377675,0.0,1.189387,1.499454,0.0,0.0,3,3,3,3,4,2,2,3,3,4,3,2,2,2,2,2,7,0,0,0,0,1,0,0,1,0,0,0,0,0,0,0,0,0,0,a,a,0,0,0,0,0,0,0,1,0,1,1,0,0,0,0,0,0,0,0,0,0,i,i,0,0,0,2,2,1,1,2,2,2,1,1,3,6,2,i,0,0,0,0,0,0,0,0,0,0,0,i,0,0,0,1,5,5,5,5,5,3,3,3,3,3,3,3,3,3,3,3,3,3,3,3,i,3,3,5,5,0,1,0,0,0,0,0,0,i,i,i,0,0,0,0,0,0,0,0,1,0,0,0,0,0,i,0,0,0,2,2,2,4,2,2,2,3,0,0,0,0,1,0,1,0,0,0,0,1,0,0,0,0,0,0,0,0,1,0,0,0,0,0,0,1,0,0,0,0,3,3,3,3,2,2,2,2,2,2,2,2,2,3,3,2,2,2,2,2,2,2,2,2,4,4,0,0,0,0,0,0,0,0,0,0,0,0,0,1,2,i,i,i,i,i,i,i,i,i,i,i,i,i,i,i,i,i,i,i,i,i,i,i,i,i,i,i,i,i,i,i,i,i,i,i,i,i,0,0,0,0,0,0,0,1,0,0,0,0,0,0,0,1,2,0,0,0,1,0,0,0,0,2,2,51,3,0,5,1,1,1,19,i,0,0,0,0,1,0,0,i,i,i,i,i,i,i,i,i,i,i,i,i,i,i,i,i,i,i,i,i,i,i,i,i,i,i,i,i,i,0,0,0,1,0,0,4,2,4,4,0,0,0,0,2,1,2,1,1,1,0,0,0,0,0,0,0,7,i,6,3,2,2,2,2,i,i,2,i,i,i,i,i,a,a,i,a,14,12,10,20,10,50,30,1,1,1,1,i,i,1,i,i,i,i,i,i,i,i,i,i,i,i,i,34,9,1
6291,doi:10.4232/1.12497,1.0.0 (2016-04-22),1,1,873,14000873,14954,14,3,TN,1.037705,1.377675,0.0,1.189387,1.499454,0.0,0.0,2,2,2,2,2,2,2,4,4,3,2,2,3,3,1,1,16,1,0,1,1,0,1,1,1,0,0,0,0,0,0,0,0,1,0,a,a,0,0,0,1,0,1,1,0,1,1,1,0,0,0,0,0,0,0,1,1,0,i,i,0,0,0,2,2,1,1,1,3,2,2,2,1,2,2,i,1,0,0,0,0,0,1,0,0,0,0,i,0,0,0,0,2,2,2,5,5,1,1,1,1,1,1,1,1,1,1,1,1,1,1,1,i,1,1,2,5,0,1,0,0,0,0,0,1,i,i,i,0,0,0,0,0,0,0,1,0,0,0,0,0,0,i,0,0,0,4,4,3,3,3,3,3,3,0,0,0,0,0,0,1,0,0,0,0,0,0,0,0,0,0,0,0,0,0,0,0,0,0,0,0,1,0,0,0,0,3,3,3,3,1,1,3,2,2,2,2,2,2,3,3,2,3,3,2,4,3,2,2,1,3,2,1,1,0,1,0,0,0,0,0,0,0,0,0,0,2,i,i,i,i,i,i,i,i,i,i,i,i,i,i,i,i,i,i,i,i,i,i,i,i,i,i,i,i,i,i,i,i,i,i,i,i,i,0,1,0,0,0,0,0,0,0,0,0,0,0,0,0,1,1,0,0,0,1,0,1,0,0,2,1,75,4,1,6,5,8,5,i,i,0,0,0,0,1,0,0,i,i,i,i,i,i,i,i,i,i,i,i,i,i,i,i,i,i,i,i,i,i,i,i,i,i,i,i,i,i,0,1,0,0,0,1,7,2,3,3,0,0,1,1,2,1,2,1,1,0,0,0,0,0,0,0,0,7,6,6,2,2,2,2,2,i,i,2,i,i,i,i,i,a,a,i,a,14,12,14,15,14,55,40,1,2,1,1,i,i,1,i,i,i,i,i,i,i,i,i,i,i,i,i,59,3,1
6291,doi:10.4232/1.12497,1.0.0 (2016-04-22),1,1,874,14000874,14955,14,3,TN,1.10244,1.377675,0.0,1.189387,1.499454,0.0,0.0,2,2,2,2,2,1,1,4,4,2,2,2,1,1,1,1,6,1,0,0,1,0,0,1,1,0,0,0,0,0,0,1,0,0,0,a,a,0,0,0,1,0,0,1,0,1,1,1,0,0,0,0,0,0,1,0,0,0,i,i,0,0,0,2,2,4,4,1,3,2,2,2,2,2,2,i,1,0,0,1,0,0,0,0,0,0,0,i,0,0,0,0,2,2,2,2,5,1,1,1,1,1,1,2,1,1,2,1,1,1,1,1,i,2,1,2,2,0,1,1,0,0,0,0,0,i,i,i,0,0,0,0,0,0,0,1,1,0,0,0,0,0,i,0,0,0,4,4,3,3,2,4,2,2,0,0,0,1,1,0,0,0,0,0,0,0,0,0,0,0,1,0,0,0,0,0,0,0,1,0,0,0,0,0,0,0,2,2,2,2,1,1,2,2,2,2,2,2,2,4,4,2,2,2,2,2,2,2,2,2,2,2,1,1,1,0,0,0,0,0,0,0,0,0,0,0,2,i,i,i,i,i,i,i,i,i,i,i,i,i,i,i,i,i,i,i,i,i,i,i,i,i,i,i,i,i,i,i,i,i,i,i,i,i,1,1,0,0,0,0,0,0,0,0,0,0,0,0,0,1,1,0,0,0,0,0,1,0,0,2,2,24,1,14,1,3,3,3,19,i,0,0,0,0,1,0,0,i,i,i,i,i,i,i,i,i,i,i,i,i,i,i,i,i,i,i,i,i,i,i,i,i,i,i,i,i,i,1,0,0,0,0,1,6,3,4,4,0,0,0,0,1,1,3,1,1,0,1,1,1,1,0,0,0,1,i,6,3,1,2,2,2,i,i,2,i,1,i,i,i,a,a,i,a,14,12,18,1,18,42,43,1,1,1,1,i,i,1,i,i,i,i,i,i,i,i,i,i,i,i,i,59,3,1
6291,doi:10.4232/1.12497,1.0.0 (2016-04-22),1,1,875,14000875,14956,14,3,TN,1.043815,1.377675,0.0,1.189387,1.499454,0.0,0.0,2,2,2,2,2,3,3,3,3,3,3,1,1,1,1,1,7,0,0,1,0,0,1,0,0,0,0,0,0,0,0,0,0,0,0,a,a,0,0,0,0,0,1,0,0,1,1,0,0,0,0,0,0,0,0,0,0,0,i,i,0,0,0,2,2,1,1,2,2,2,2,2,3,3,1,2,1,1,0,0,0,0,0,0,1,0,0,i,0,0,0,0,2,2,2,2,2,1,2,2,2,2,2,1,2,2,1,1,1,1,1,1,i,1,1,3,3,0,0,0,0,0,0,0,1,i,i,i,1,0,0,0,0,0,0,0,1,0,0,0,0,0,i,0,0,0,2,2,2,2,2,2,2,2,0,1,0,0,0,0,0,0,0,0,0,0,0,0,0,0,0,0,0,0,0,0,0,0,0,0,0,0,0,0,0,1,2,2,2,2,1,2,2,2,2,2,2,2,2,3,3,2,2,2,2,2,2,2,2,2,4,4,0,0,1,0,0,0,0,1,0,0,0,0,0,0,2,i,i,i,i,i,i,i,i,i,i,i,i,i,i,i,i,i,i,i,i,i,i,i,i,i,i,i,i,i,i,i,i,i,i,i,i,i,0,1,0,0,0,0,0,0,0,0,0,0,0,0,0,1,1,0,0,0,1,0,0,0,0,2,2,52,3,17,2,1,1,1,19,i,0,0,0,0,1,0,0,i,i,i,i,i,i,i,i,i,i,i,i,i,i,i,i,i,i,i,i,i,i,i,i,i,i,i,i,i,i,0,0,0,1,0,0,6,3,5,4,0,0,0,0,2,2,4,1,1,1,0,0,0,0,0,0,0,7,i,6,3,2,2,2,2,i,i,2,i,i,i,i,i,a,a,i,a,14,12,14,0,14,25,25,1,1,1,1,i,i,1,i,i,i,i,i,i,i,i,i,i,i,i,i,34,9,1
6291,doi:10.4232/1.12497,1.0.0 (2016-04-22),1,1,876,14000876,14957,14,3,TN,1.032099,1.377675,0.0,1.189387,1.499454,0.0,0.0,2,2,1,2,2,3,3,3,3,3,3,2,3,3,3,3,4,0,0,0,0,0,0,1,0,0,0,0,0,0,0,0,0,0,0,a,a,0,0,0,0,0,0,1,0,0,1,0,0,0,0,0,0,0,0,0,0,0,i,i,0,0,0,2,2,1,1,2,2,2,2,2,3,2,1,2,1,0,0,0,0,0,0,0,0,0,0,i,0,0,0,0,2,2,2,2,2,1,2,2,1,1,1,1,1,1,1,1,1,1,1,1,i,1,1,2,2,0,1,0,0,0,0,0,0,i,i,i,0,0,0,0,0,0,0,1,1,1,0,0,0,0,i,0,0,0,2,2,2,1,2,2,2,2,0,1,0,0,0,0,0,0,0,0,0,0,0,0,0,0,0,0,0,0,0,0,0,0,0,0,1,1,0,0,0,0,2,2,2,2,1,2,2,2,2,2,2,2,2,2,2,2,2,2,2,2,2,2,2,2,4,4,0,0,1,0,0,0,0,1,0,0,0,0,0,0,2,i,i,i,i,i,i,i,i,i,i,i,i,i,i,i,i,i,i,i,i,i,i,i,i,i,i,i,i,i,i,i,i,i,i,i,i,i,1,0,0,0,0,0,0,0,0,0,0,0,0,0,0,1,1,0,1,0,0,0,0,0,0,1,2,26,2,14,1,3,1,1,19,i,0,0,0,0,1,0,0,i,i,i,i,i,i,i,i,i,i,i,i,i,i,i,i,i,i,i,i,i,i,i,i,i,i,i,i,i,i,0,0,0,1,0,0,5,2,3,3,0,0,0,0,2,1,2,1,1,1,0,0,0,0,0,0,0,7,i,6,3,2,2,2,2,i,i,2,i,i,i,i,i,a,a,i,a,14,12,16,40,17,20,40,1,1,1,1,i,i,1,i,i,i,i,i,i,i,i,i,i,i,i,i,35,9,1
6291,doi:10.4232/1.12497,1.0.0 (2016-04-22),1,1,877,14000877,14958,14,3,TN,1.032099,1.377675,0.0,1.189387,1.499454,0.0,0.0,3,3,3,3,4,4,4,4,2,4,4,2,1,1,2,1,4,0,0,0,0,0,0,1,0,0,0,0,0,0,0,0,0,0,0,a,a,0,0,0,0,0,0,1,0,0,1,0,0,0,0,0,0,0,0,0,0,0,i,i,0,0,0,2,1,1,1,1,1,2,1,2,3,2,1,1,0,1,0,0,0,0,0,0,0,0,0,i,0,0,0,0,2,2,2,2,2,1,2,2,2,2,2,1,1,1,1,1,1,1,1,1,i,2,1,4,3,1,0,0,0,0,0,0,0,i,i,i,0,0,0,0,0,0,0,1,0,1,1,0,0,0,i,0,0,0,4,3,1,1,2,2,4,4,0,1,0,0,0,0,0,0,0,0,0,0,0,0,0,0,0,0,0,0,0,0,1,0,0,0,0,0,0,0,0,0,4,2,2,4,2,2,2,2,2,2,2,2,2,4,4,1,1,3,3,2,2,1,1,1,3,4,0,0,0,0,0,0,1,0,1,1,0,0,0,0,2,i,i,i,i,i,i,i,i,i,i,i,i,i,i,i,i,i,i,i,i,i,i,i,i,i,i,i,i,i,i,i,i,i,i,i,i,i,0,1,0,0,0,0,0,0,0,0,0,0,0,0,0,1,1,1,1,0,1,0,0,0,0,2,2,28,2,13,1,3,3,3,19,i,0,0,0,0,1,0,0,i,i,i,i,i,i,i,i,i,i,i,i,i,i,i,i,i,i,i,i,i,i,i,i,i,i,i,i,i,i,0,0,0,1,0,0,6,2,4,4,0,0,1,1,2,1,2,1,0,0,0,0,0,0,0,0,0,7,i,6,2,2,2,2,2,i,i,2,i,i,i,i,i,a,a,i,a,12,12,14,35,15,5,30,2,3,1,1,i,i,1,i,i,i,i,i,i,i,i,i,i,i,i,i,26,4,1
6291,doi:10.4232/1.12497,1.0.0 (2016-04-22),1,1,878,14000878,14959,14,3,TN,1.032099,1.377675,0.0,1.189387,1.499454,0.0,0.0,3,2,2,2,2,2,2,3,3,3,3,3,3,3,3,3,7,0,0,0,0,1,1,0,0,0,0,0,0,0,0,0,0,0,0,a,a,0,0,0,0,0,0,0,1,1,1,0,0,0,0,0,0,0,0,0,0,0,i,i,0,0,0,2,2,1,1,2,2,2,2,2,2,2,1,2,1,0,0,0,0,0,0,0,0,0,0,i,0,0,0,0,2,2,2,2,2,1,2,2,1,1,1,1,1,2,2,2,2,2,2,2,i,2,2,2,2,0,1,0,0,0,0,0,0,i,i,i,0,0,0,0,0,0,0,0,1,0,1,0,0,0,i,0,0,0,2,2,2,2,2,2,2,2,0,1,0,0,0,0,0,0,0,0,0,0,1,0,0,0,1,1,0,0,0,0,0,0,0,0,0,0,0,0,0,0,2,2,2,2,1,2,2,1,2,2,2,2,2,3,3,2,2,2,2,2,2,2,2,2,4,4,0,1,0,0,1,0,0,1,0,0,0,0,0,0,2,i,i,i,i,i,i,i,i,i,i,i,i,i,i,i,i,i,i,i,i,i,i,i,i,i,i,i,i,i,i,i,i,i,i,i,i,i,1,0,0,0,0,0,0,0,0,0,0,0,0,0,0,1,1,0,1,0,0,0,0,0,0,1,2,25,2,14,1,1,1,1,19,i,0,0,0,0,1,0,0,i,i,i,i,i,i,i,i,i,i,i,i,i,i,i,i,i,i,i,i,i,i,i,i,i,i,i,i,i,i,1,0,0,0,0,1,5,2,2,2,2,2,0,0,2,1,2,1,1,1,0,0,0,0,0,0,0,7,i,6,3,2,2,2,2,i,i,2,i,i,i,i,i,a,a,i,a,14,12,14,25,14,55,30,1,1,1,1,i,i,1,i,i,i,i,i,i,i,i,i,i,i,i,i,35,9,1
6291,doi:10.4232/1.12497,1.0.0 (2016-04-22),1,1,879,14000879,14960,14,3,TN,0.903623,1.377675,0.0,1.189387,1.499454,0.0,0.0,2,3,1,1,2,1,1,4,2,2,2,2,2,2,2,1,7,1,0,1,1,0,0,0,0,0,0,0,0,0,0,0,0,0,0,a,a,0,0,0,1,0,1,1,0,0,1,0,0,0,0,0,0,0,0,0,0,0,i,i,0,0,0,2,3,1,1,1,4,2,2,2,3,2,1,2,0,1,1,0,0,0,0,0,0,0,0,i,0,0,0,0,2,2,2,2,2,1,1,1,1,1,1,1,1,1,1,1,1,2,2,2,i,2,2,2,2,1,0,0,0,0,0,0,0,i,i,i,0,0,0,0,0,0,0,1,0,0,1,1,0,0,i,0,0,0,4,4,2,4,3,4,4,4,0,0,0,0,0,0,1,0,0,0,0,0,0,0,0,0,0,0,0,0,0,0,1,0,0,0,0,0,0,0,0,0,2,1,2,4,2,2,2,2,2,2,2,2,2,4,4,2,2,1,2,2,2,2,2,2,4,4,0,0,1,0,0,1,0,0,1,0,0,0,0,0,2,i,i,i,i,i,i,i,i,i,i,i,i,i,i,i,i,i,i,i,i,i,i,i,i,i,i,i,i,i,i,i,i,i,i,i,i,i,0,0,0,0,0,0,0,0,1,0,0,0,0,0,0,1,1,0,1,0,1,0,0,0,0,2,2,60,4,1,6,6,3,3,19,i,0,1,0,0,0,0,1,0,1,0,0,0,0,0,0,0,0,0,0,0,0,0,0,0,0,0,0,0,0,0,0,0,0,0,0,0,0,0,0,1,0,0,1,3,3,3,3,0,0,0,0,2,1,2,1,0,0,0,0,0,0,0,0,0,7,i,6,2,2,2,2,2,i,i,2,i,i,i,i,i,a,a,i,a,12,12,12,0,12,20,20,1,1,1,1,i,i,1,i,i,i,i,i,i,i,i,i,i,i,i,i,26,4,1
6291,doi:10.4232/1.12497,1.0.0 (2016-04-22),1,1,880,14000880,14961,14,3,TN,1.10244,1.377675,0.0,1.189387,1.499454,0.0,0.0,2,2,2,2,2,1,1,2,2,1,1,1,1,1,3,1,4,0,0,0,0,0,1,0,0,0,0,0,0,0,0,0,0,0,0,a,a,0,0,0,0,0,0,1,0,1,0,0,0,0,0,0,0,0,0,0,0,0,i,i,0,0,0,3,1,1,3,2,4,2,2,2,1,3,2,i,0,0,0,0,0,0,0,1,0,0,0,i,0,0,0,0,2,2,5,2,2,1,1,1,2,2,2,1,1,1,1,2,2,1,2,2,i,2,1,2,2,0,0,1,0,0,0,0,0,i,i,i,0,0,0,0,0,0,0,0,1,0,0,0,0,0,i,0,0,0,3,3,2,2,1,1,2,2,0,0,0,0,0,0,0,0,0,0,0,1,0,0,0,0,0,0,0,0,0,0,0,0,0,0,0,1,0,0,0,0,1,2,1,1,2,1,2,1,1,1,1,1,2,2,1,3,2,2,2,1,1,2,2,3,3,3,1,1,1,0,0,0,0,0,0,0,0,0,0,0,1,3,i,i,i,i,1,1,2,1,0,0,0,0,0,0,0,0,1,0,0,0,0,1,0,0,0,0,0,0,0,0,0,1,0,0,0,1,1,0,0,0,0,0,0,0,0,0,1,0,0,0,0,2,2,0,0,0,1,0,0,0,0,2,2,15,1,0,5,3,1,1,19,i,0,0,0,0,1,0,0,i,i,i,i,i,i,i,i,i,i,i,i,i,i,i,i,i,i,i,i,i,i,i,i,i,i,i,i,i,i,1,0,0,0,0,1,9,3,4,4,0,0,0,0,1,1,3,1,1,1,1,1,0,1,0,0,0,1,i,6,2,1,2,2,1,i,i,2,i,1,i,i,1,a,a,i,a,12,12,12,28,13,0,32,1,3,1,1,i,i,1,i,i,i,i,i,i,i,i,i,i,i,i,i,26,4,1
6291,doi:10.4232/1.12497,1.0.0 (2016-04-22),1,1,881,14000881,14962,14,3,TN,0.931612,1.377675,0.0,1.189387,1.499454,0.0,0.0,2,3,3,3,4,3,3,3,2,3,3,3,3,3,2,2,3,0,0,0,0,0,0,0,1,0,0,0,0,0,0,0,0,0,0,a,a,0,0,0,0,0,1,0,0,0,0,1,0,0,0,0,0,0,0,0,0,0,i,i,0,0,0,2,2,1,1,1,2,2,2,1,2,2,3,i,0,0,1,0,0,0,0,0,0,0,0,i,0,0,0,0,2,2,1,1,1,1,3,3,3,3,3,1,3,1,2,1,1,2,2,2,i,1,1,1,1,1,0,0,0,0,0,0,0,i,i,i,0,0,0,0,0,0,0,1,0,0,0,0,0,0,i,0,0,0,2,2,1,1,1,3,3,3,0,0,0,0,0,0,1,0,0,0,0,0,0,0,0,0,0,0,0,1,0,0,0,0,0,0,0,0,0,0,0,0,1,1,1,1,2,2,2,2,2,2,3,3,2,2,4,1,1,5,1,1,1,2,2,1,2,2,0,1,1,1,0,0,0,0,0,0,0,0,0,0,2,i,i,i,i,i,i,i,i,i,i,i,i,i,i,i,i,i,i,i,i,i,i,i,i,i,i,i,i,i,i,i,i,i,i,i,i,i,0,1,0,0,0,0,0,1,0,0,0,0,0,0,0,1,3,0,0,0,1,0,0,0,0,4,1,43,3,14,1,1,8,5,i,i,0,0,0,0,1,0,0,i,i,i,i,i,i,i,i,i,i,i,i,i,i,i,i,i,i,i,i,i,i,i,i,i,i,i,i,i,i,0,0,0,1,0,0,5,3,3,3,0,0,0,0,2,1,2,1,1,1,0,0,0,0,0,0,0,7,7,7,1,2,2,2,2,i,i,2,i,i,i,i,i,a,a,i,a,12,12,11,47,12,20,32,1,2,2,1,i,i,1,i,i,i,i,i,i,i,i,i,i,i,i,i,54,14,1
6291,doi:10.4232/1.12497,1.0.0 (2016-04-22),1,1,882,14000882,14963,14,3,TN,0.998507,1.377675,0.0,1.189387,1.499454,0.0,0.0,4,1,2,2,2,2,2,4,3,2,2,1,1,1,1,1,7,1,0,1,0,0,0,0,1,0,0,0,0,0,0,0,0,0,0,a,a,0,0,0,1,0,1,0,0,0,1,1,0,0,0,0,0,0,0,0,0,0,i,i,0,0,0,2,2,1,2,1,2,2,2,2,3,6,3,i,0,0,0,1,0,0,0,0,1,0,0,i,0,0,0,0,2,3,5,5,5,1,2,2,1,1,1,1,2,2,2,2,2,2,2,2,i,1,1,2,2,0,1,1,0,0,0,0,0,i,i,i,0,0,0,0,0,0,0,1,0,0,0,0,0,0,i,0,0,0,4,4,2,2,2,4,2,2,0,0,0,0,0,0,1,0,0,0,0,1,0,0,0,0,0,1,0,0,0,0,0,0,0,0,0,1,0,0,0,0,2,3,3,2,1,1,3,1,2,2,2,2,2,4,3,1,2,1,2,4,2,3,2,4,4,4,1,1,0,0,0,0,0,0,1,0,0,0,0,0,2,i,i,i,i,i,i,i,i,i,i,i,i,i,i,i,i,i,i,i,i,i,i,i,i,i,i,i,i,i,i,i,i,i,i,i,i,i,1,1,0,0,0,0,0,0,0,0,0,0,0,0,0,1,1,0,1,0,1,0,0,0,0,1,2,75,4,98,8,1,1,1,19,i,0,1,0,0,0,0,1,0,0,0,0,0,0,0,0,1,0,0,0,0,1,0,0,0,0,0,0,0,0,0,0,0,0,0,0,0,0,0,0,0,1,0,0,8,1,3,3,0,0,0,0,1,1,3,1,1,1,1,1,0,0,0,0,0,6,i,6,2,2,2,2,2,i,i,2,i,i,i,i,i,a,a,i,a,12,12,10,40,11,20,40,2,2,1,1,i,i,1,i,i,i,i,i,i,i,i,i,i,i,i,i,25,5,1
6291,doi:10.4232/1.12497,1.0.0 (2016-04-22),1,1,883,14000883,14964,14,3,TN,0.899245,1.377675,0.0,1.189387,1.499454,0.0,0.0,2,2,2,2,2,1,1,4,3,2,2,3,1,1,2,1,7,0,0,0,1,0,0,0,0,0,0,0,0,0,0,0,0,0,0,a,a,0,0,0,0,0,0,1,0,0,1,0,0,0,0,0,0,0,0,0,0,0,i,i,0,0,0,3,3,4,4,1,1,2,2,2,2,2,2,i,0,0,1,0,0,0,0,0,0,0,0,i,0,0,0,0,3,4,2,3,2,1,2,2,2,1,1,1,1,2,1,1,1,1,2,1,i,2,2,3,3,1,0,0,0,0,0,0,0,i,i,i,0,0,0,0,0,0,0,1,0,1,0,1,0,0,i,0,0,0,4,4,2,3,3,4,3,3,0,0,0,0,0,0,0,0,0,0,0,1,0,0,0,0,0,1,0,0,0,0,0,0,0,0,0,0,0,0,0,0,1,2,2,4,2,2,2,2,2,1,2,2,2,4,3,2,2,1,2,2,2,2,2,2,2,4,0,0,1,0,0,1,0,0,0,0,1,0,0,0,2,i,i,i,i,i,i,i,i,i,i,i,i,i,i,i,i,i,i,i,i,i,i,i,i,i,i,i,i,i,i,i,i,i,i,i,i,i,0,1,0,0,0,0,0,1,0,0,0,0,0,0,0,1,1,0,0,0,1,0,0,0,0,1,2,60,4,17,2,4,3,3,15,3,0,0,0,0,1,0,0,i,i,i,i,i,i,i,i,i,i,i,i,i,i,i,i,i,i,i,i,i,i,i,i,i,i,i,i,i,i,0,0,0,1,0,0,5,3,3,3,0,0,0,0,1,1,3,1,0,0,0,0,0,0,0,0,0,7,i,6,2,2,2,2,2,i,i,2,i,i,i,i,i,a,a,i,a,12,12,13,15,13,42,27,2,2,1,1,i,i,1,i,i,i,i,i,i,i,i,i,i,i,i,i,26,4,1
6291,doi:10.4232/1.12497,1.0.0 (2016-04-22),1,1,884,14000884,14965,14,3,TN,0.931612,1.377675,0.0,1.189387,1.499454,0.0,0.0,2,1,1,1,1,2,1,2,1,2,2,1,1,1,1,1,1,0,0,0,0,0,0,1,0,0,0,0,0,0,0,0,0,0,0,a,a,0,0,0,1,0,0,0,0,0,1,0,0,0,0,0,0,0,0,0,0,0,i,i,0,0,0,1,2,1,1,1,1,2,2,2,3,2,3,i,1,0,0,0,0,0,0,0,0,0,0,i,0,0,0,0,3,3,2,1,1,1,3,3,3,3,3,1,3,1,2,1,1,1,2,1,i,1,1,1,3,1,0,0,0,0,0,0,0,i,i,i,0,0,0,0,0,0,0,1,0,0,0,0,0,0,i,0,0,0,2,2,2,2,1,1,2,3,0,0,0,0,0,0,0,0,0,0,1,0,0,0,0,0,0,0,0,0,0,0,1,0,0,0,0,0,0,0,0,0,2,2,2,1,1,1,2,2,2,2,2,2,2,2,3,2,2,5,3,2,2,2,3,2,3,3,1,0,0,0,0,0,0,1,1,0,0,0,0,0,2,i,i,i,i,i,i,i,i,i,i,i,i,i,i,i,i,i,i,i,i,i,i,i,i,i,i,i,i,i,i,i,i,i,i,i,i,i,0,1,0,0,0,0,0,0,0,0,0,0,0,0,0,1,2,0,0,0,1,0,0,0,0,3,1,40,3,12,1,1,8,5,i,i,0,0,0,0,1,0,0,i,i,i,i,i,i,i,i,i,i,i,i,i,i,i,i,i,i,i,i,i,i,i,i,i,i,i,i,i,i,0,0,0,1,0,0,6,3,4,4,0,0,0,0,2,1,2,1,0,0,1,0,0,0,0,0,0,7,6,6,1,2,2,2,2,i,i,2,i,i,i,i,i,a,a,i,a,12,12,12,25,13,6,41,1,1,2,1,i,i,1,i,i,i,i,i,i,i,i,i,i,i,i,i,54,14,1
6291,doi:10.4232/1.12497,1.0.0 (2016-04-22),1,1,885,14000885,14966,14,3,TN,1.032099,1.377675,0.0,1.189387,1.499454,0.0,0.0,2,2,1,2,2,1,1,4,3,3,3,2,3,3,2,1,7,1,0,1,1,1,1,0,1,0,1,0,0,0,0,0,0,0,0,a,a,0,0,0,1,0,1,1,1,1,1,1,0,1,0,0,0,0,0,0,0,0,i,i,0,0,0,2,2,1,3,1,2,2,1,1,3,2,1,2,0,0,1,0,0,0,0,1,0,0,0,i,0,0,0,0,2,3,1,2,2,1,2,2,2,2,2,2,1,2,2,1,1,1,2,2,i,2,2,2,2,1,0,0,0,0,0,0,0,i,i,i,1,0,0,0,0,0,0,1,0,0,0,0,0,0,i,0,0,0,4,4,3,3,2,4,2,2,0,0,0,0,1,0,1,0,0,0,0,1,0,0,0,0,0,0,0,0,0,0,1,0,0,0,0,1,0,0,0,0,2,2,2,1,1,1,2,2,2,2,2,2,2,1,1,1,2,1,2,2,2,2,1,4,3,4,0,0,0,1,0,1,0,0,1,0,0,0,0,0,2,i,i,i,i,i,i,i,i,i,i,i,i,i,i,i,i,i,i,i,i,i,i,i,i,i,i,i,i,i,i,i,i,i,i,i,i,i,1,1,0,0,0,0,0,0,0,0,0,1,0,0,0,1,1,0,1,1,1,0,0,0,0,1,2,29,2,12,1,3,3,3,19,i,0,0,0,0,1,0,0,i,i,i,i,i,i,i,i,i,i,i,i,i,i,i,i,i,i,i,i,i,i,i,i,i,i,i,i,i,i,0,0,0,1,0,0,5,2,5,4,0,0,0,0,2,1,2,1,0,0,1,1,0,1,0,0,0,1,i,5,2,1,2,2,2,i,i,2,i,1,i,i,i,a,a,i,a,13,12,15,50,16,16,26,1,3,1,1,i,i,1,i,i,i,i,i,i,i,i,i,i,i,i,i,28,4,1
6291,doi:10.4232/1.12497,1.0.0 (2016-04-22),1,1,886,14000886,14967,14,3,TN,1.10244,1.377675,0.0,1.189387,1.499454,0.0,0.0,2,3,3,3,4,1,2,4,2,1,1,2,1,1,3,1,8,0,0,0,1,0,0,0,0,0,0,0,0,0,0,0,0,0,0,a,a,0,0,0,0,0,0,1,0,0,0,1,0,0,0,0,0,0,0,0,0,0,i,i,0,0,0,3,1,1,2,4,4,2,2,2,1,2,2,i,0,0,0,1,0,0,0,0,0,0,0,i,0,0,0,0,2,3,1,3,3,2,1,1,1,1,2,2,2,2,1,2,1,2,1,2,i,1,1,4,4,0,0,1,0,0,0,0,0,i,i,i,0,0,0,0,0,0,0,1,0,0,0,0,0,0,i,0,0,0,3,1,2,2,3,2,2,2,0,0,0,0,1,0,1,0,0,0,0,1,0,0,0,0,1,0,0,0,0,0,0,0,0,0,0,0,1,0,0,0,2,1,1,2,1,1,2,2,2,2,2,2,2,4,1,1,1,1,2,2,2,2,2,3,3,4,1,0,1,0,0,0,0,0,1,0,0,0,0,0,1,7,i,i,i,i,2,1,1,3,0,0,0,0,0,0,1,0,0,0,0,0,0,1,0,0,0,0,0,0,0,0,1,0,0,0,0,1,1,0,0,0,0,0,0,1,0,0,0,0,0,0,0,3,1,0,1,0,0,0,0,0,0,1,2,17,1,12,1,3,1,1,19,i,0,0,0,0,1,0,0,i,i,i,i,i,i,i,i,i,i,i,i,i,i,i,i,i,i,i,i,i,i,i,i,i,i,i,i,i,i,1,0,0,0,0,1,7,3,4,4,0,0,0,0,1,1,3,1,1,1,1,1,1,1,0,0,0,1,i,2,2,1,2,2,2,i,i,2,i,1,i,i,i,a,a,i,a,13,12,10,30,10,55,25,1,1,1,1,i,i,1,i,i,i,i,i,i,i,i,i,i,i,i,i,28,4,1
6291,doi:10.4232/1.12497,1.0.0 (2016-04-22),1,1,887,14000887,14968,14,3,TN,1.060246,1.377675,0.0,1.189387,1.499454,0.0,0.0,2,2,2,2,2,3,3,3,5,3,2,2,2,3,3,3,4,0,0,0,0,0,0,1,1,0,0,0,0,0,0,0,0,0,0,a,a,0,0,0,0,0,0,1,0,0,1,1,0,0,0,0,0,0,0,0,0,0,i,i,0,0,0,2,2,4,4,2,1,2,2,2,6,6,1,2,0,0,0,1,0,0,0,0,0,0,0,i,0,0,0,0,5,5,5,5,5,1,3,3,3,3,1,3,3,3,3,3,3,1,1,3,i,1,1,4,4,1,1,0,0,0,0,0,0,i,i,i,0,0,0,0,0,0,0,1,0,0,0,0,0,0,i,0,0,0,4,4,5,5,5,5,5,5,0,0,0,0,1,0,0,0,0,0,0,0,0,0,0,0,0,0,0,0,0,0,1,0,0,0,0,0,0,0,0,0,4,1,2,5,2,2,3,1,2,2,2,2,2,4,4,1,2,3,3,5,4,4,4,4,4,4,1,0,0,0,0,0,0,0,0,1,1,0,0,0,2,i,i,i,i,i,i,i,i,i,i,i,i,i,i,i,i,i,i,i,i,i,i,i,i,i,i,i,i,i,i,i,i,i,i,i,i,i,0,0,0,0,0,0,0,1,0,0,0,0,0,0,0,1,1,0,0,0,1,0,0,0,0,1,2,43,3,11,1,1,1,1,8,1,0,0,0,0,1,0,0,i,i,i,i,i,i,i,i,i,i,i,i,i,i,i,i,i,i,i,i,i,i,i,i,i,i,i,i,i,i,1,0,0,0,0,1,5,2,2,2,0,0,0,0,1,1,3,1,0,0,1,0,1,1,0,0,0,7,i,6,2,2,3,3,3,i,i,3,i,i,i,i,i,a,a,i,a,11,12,16,5,16,30,25,1,3,1,5,i,i,5,i,i,i,i,i,i,i,i,i,i,i,i,i,162,41,1
6291,doi:10.4232/1.12497,1.0.0 (2016-04-22),1,1,888,14000888,14969,14,3,TN,0.979673,1.377675,0.0,1.189387,1.499454,0.0,0.0,4,3,3,3,4,2,2,3,3,4,4,2,2,2,3,2,7,0,0,1,0,0,1,0,1,0,0,0,0,0,0,0,0,0,0,a,a,0,0,0,0,0,1,0,0,1,1,1,0,0,0,0,0,0,0,0,0,0,i,i,0,0,0,2,2,3,3,1,1,1,2,2,1,2,1,2,0,0,0,1,0,0,0,0,0,0,0,i,0,0,0,0,5,5,1,1,5,2,2,2,1,2,2,2,2,2,2,1,2,1,2,2,i,2,2,3,4,1,0,0,0,0,0,0,0,i,i,i,1,0,0,0,0,0,0,1,0,0,0,0,0,0,i,0,0,0,2,4,3,4,4,4,5,4,0,0,1,0,1,0,1,0,0,0,1,0,1,0,0,0,0,0,0,0,1,0,0,0,0,0,1,0,0,0,0,0,2,1,1,5,1,2,2,3,1,2,3,3,2,4,3,2,4,1,3,1,4,2,2,1,3,4,1,0,1,0,0,0,0,1,0,0,0,0,0,0,2,i,i,i,i,i,i,i,i,i,i,i,i,i,i,i,i,i,i,i,i,i,i,i,i,i,i,i,i,i,i,i,i,i,i,i,i,i,0,0,0,0,0,0,1,0,1,1,0,0,0,0,0,4,2,1,0,0,1,0,0,0,0,4,1,66,4,13,1,1,18,8,i,i,0,0,0,0,1,0,0,i,i,i,i,i,i,i,i,i,i,i,i,i,i,i,i,i,i,i,i,i,i,i,i,i,i,i,i,i,i,0,0,0,1,0,0,2,1,4,4,0,0,1,1,2,1,2,1,0,0,0,0,0,0,0,0,0,7,6,6,1,3,3,3,3,i,i,3,i,i,i,i,i,a,a,i,a,11,12,11,5,11,50,45,1,3,2,5,i,i,5,i,i,i,i,i,i,i,i,i,i,i,i,i,180,12,1
6291,doi:10.4232/1.12497,1.0.0 (2016-04-22),1,1,889,14000889,14970,14,3,TN,0.833274,1.377675,0.0,1.189387,1.499454,0.0,0.0,4,3,3,2,3,1,2,4,2,4,4,1,1,1,1,1,6,1,0,0,1,1,0,0,0,0,0,0,0,0,0,0,0,0,0,a,a,0,0,0,1,0,0,1,1,1,0,0,0,0,0,0,0,0,0,0,0,0,i,i,0,0,0,2,2,1,1,1,1,2,1,2,1,5,1,2,0,0,0,1,0,0,0,1,0,0,0,i,0,0,0,0,2,2,3,3,3,1,2,2,2,1,1,1,2,2,1,1,1,1,2,1,i,1,1,3,3,1,1,0,0,0,0,0,0,i,i,i,1,0,0,0,0,0,0,1,0,0,0,0,0,0,i,0,0,0,1,1,2,1,2,2,1,3,0,1,1,1,1,0,1,0,0,0,0,0,0,0,0,0,0,0,0,1,1,0,0,0,0,0,0,0,0,0,0,0,2,4,4,1,1,1,2,1,2,2,3,3,2,4,3,1,4,2,2,1,1,2,4,4,4,4,0,1,0,0,0,0,0,1,1,0,0,0,0,0,1,48,i,i,i,i,1,1,1,5,0,0,1,1,0,1,0,0,0,0,0,0,0,0,0,0,0,0,0,0,0,0,0,0,0,1,0,2,0,0,0,0,0,0,0,0,1,1,1,0,0,0,0,1,1,1,1,0,1,0,0,0,0,1,2,26,2,24,3,3,3,3,18,4,0,0,0,0,1,0,0,i,i,i,i,i,i,i,i,i,i,i,i,i,i,i,i,i,i,i,i,i,i,i,i,i,i,i,i,i,i,0,0,0,1,0,0,5,2,5,4,0,0,0,0,2,1,2,1,1,1,1,0,0,0,0,0,0,7,i,6,1,1,2,2,2,i,i,2,i,1,i,i,i,a,a,i,a,11,12,12,35,13,25,50,1,1,2,5,i,i,5,i,i,i,i,i,i,i,i,i,i,i,i,i,180,12,1
6291,doi:10.4232/1.12497,1.0.0 (2016-04-22),1,1,890,14000890,14971,14,3,TN,1.042282,1.377675,0.0,1.189387,1.499454,0.0,0.0,4,3,2,3,3,2,2,2,3,3,3,2,3,1,1,1,6,0,0,1,0,0,0,0,1,0,1,0,0,0,0,0,0,0,0,a,a,0,0,0,0,0,1,0,0,1,0,1,0,1,0,0,0,0,0,0,0,0,i,i,0,0,0,2,2,1,3,1,3,2,2,2,2,1,1,2,0,1,0,1,0,1,0,0,0,0,0,i,0,0,0,0,2,3,1,2,3,1,2,2,1,2,2,1,2,1,2,1,2,1,2,2,i,2,2,2,3,1,1,0,0,0,0,0,0,i,i,i,0,0,1,0,0,0,0,1,0,0,0,0,0,0,i,0,0,0,2,2,1,1,2,5,5,4,1,0,0,1,0,1,0,0,0,0,1,0,1,0,0,0,0,0,0,0,0,1,0,0,0,0,0,0,1,0,0,0,3,2,2,1,1,2,2,1,2,2,3,3,2,4,3,1,4,1,2,3,1,3,1,4,4,4,1,0,0,0,1,0,0,0,1,0,0,0,0,0,2,i,i,i,i,i,i,i,i,i,i,i,i,i,i,i,i,i,i,i,i,i,i,i,i,i,i,i,i,i,i,i,i,i,i,i,i,i,0,0,0,0,0,0,0,0,1,1,0,0,0,0,0,1,2,0,0,0,1,0,0,0,0,2,2,18,1,99,9,3,2,2,19,i,0,0,0,0,1,0,0,i,i,i,i,i,i,i,i,i,i,i,i,i,i,i,i,i,i,i,i,i,i,i,i,i,i,i,i,i,i,0,0,0,1,0,0,6,4,5,4,0,0,0,0,2,1,2,1,1,1,1,0,0,0,0,0,0,7,i,6,1,1,2,2,2,i,i,2,i,1,i,i,i,a,a,i,a,11,12,13,35,14,5,30,1,1,2,5,i,i,5,i,i,i,i,i,i,i,i,i,i,i,i,i,180,12,1
6291,doi:10.4232/1.12497,1.0.0 (2016-04-22),1,1,891,14000891,14972,14,3,TN,0.949803,1.377675,0.0,1.189387,1.499454,0.0,0.0,3,3,3,3,4,1,2,4,2,3,3,1,1,1,1,1,3,1,0,0,1,1,0,0,0,0,0,0,0,0,0,0,0,0,0,a,a,0,0,0,1,0,1,1,1,0,0,0,0,0,0,0,0,0,0,0,0,0,i,i,0,0,0,2,1,1,3,1,1,1,1,2,1,2,1,2,0,1,1,1,0,0,0,0,0,1,0,i,0,0,0,0,3,3,3,1,1,1,2,1,1,2,2,1,1,2,1,1,1,1,1,1,i,1,1,3,2,1,0,1,0,0,0,0,0,i,i,i,0,0,0,0,0,0,0,1,1,0,0,0,0,0,i,0,0,0,3,3,2,2,5,5,5,5,0,0,1,0,1,0,1,0,0,1,0,0,1,0,0,0,0,0,0,1,0,0,0,0,0,0,0,1,0,0,0,0,2,2,2,2,1,1,2,2,2,2,2,2,2,2,4,1,2,2,2,5,3,2,2,3,2,2,0,0,1,0,0,1,0,0,1,0,0,0,0,0,1,24,i,i,i,i,1,1,1,6,0,0,1,0,0,0,0,0,1,0,0,0,0,0,0,0,0,0,0,0,0,0,0,0,1,0,0,3,0,0,0,0,0,1,0,0,0,1,0,0,0,0,0,2,3,1,0,0,1,1,0,0,0,2,1,20,1,15,1,1,7,5,i,i,0,0,0,0,1,0,0,i,i,i,i,i,i,i,i,i,i,i,i,i,i,i,i,i,i,i,i,i,i,i,i,i,i,i,i,i,i,1,0,0,0,0,1,7,4,8,4,0,0,1,1,2,1,2,1,1,0,0,0,0,0,0,0,0,7,6,6,1,2,2,2,2,i,i,2,i,i,i,i,i,a,a,i,a,11,12,15,10,15,50,40,1,1,2,5,i,i,5,i,i,i,i,i,i,i,i,i,i,i,i,i,180,12,1
6291,doi:10.4232/1.12497,1.0.0 (2016-04-22),1,1,892,14000892,14973,14,3,TN,0.949803,1.377675,0.0,1.189387,1.499454,0.0,0.0,2,3,3,3,4,2,2,4,1,2,2,1,3,1,2,1,7,0,1,0,0,0,0,0,0,0,0,0,0,0,1,0,1,0,0,a,a,0,0,0,0,1,0,0,0,0,1,0,0,0,0,0,0,1,0,1,0,0,i,i,0,0,0,2,1,1,1,2,1,1,2,2,4,2,3,i,0,1,0,0,0,0,0,0,0,0,0,i,0,0,0,0,2,2,2,4,3,1,2,1,2,1,1,1,2,1,2,1,2,2,1,1,i,1,1,3,3,0,0,0,0,0,0,0,0,i,i,i,0,0,1,0,0,0,0,0,0,1,0,0,0,0,i,0,0,0,4,2,1,4,4,4,1,2,0,0,1,0,0,1,1,0,0,0,0,0,1,0,0,0,0,0,0,0,0,1,1,0,0,0,0,0,0,0,0,0,4,2,2,1,1,2,2,1,1,2,2,2,2,4,3,1,1,4,4,1,4,1,1,3,2,4,0,0,1,0,0,0,0,1,0,0,1,0,0,0,1,13,i,i,i,i,2,2,1,3,0,0,0,0,0,1,0,1,1,0,0,0,0,0,0,0,0,0,0,0,0,0,0,0,0,1,0,1,1,0,0,0,1,0,0,0,0,0,1,0,0,0,0,2,2,0,1,1,1,0,0,0,0,2,1,23,1,13,1,3,7,5,i,i,0,0,0,0,1,0,0,i,i,i,i,i,i,i,i,i,i,i,i,i,i,i,i,i,i,i,i,i,i,i,i,i,i,i,i,i,i,1,0,0,0,0,1,7,3,6,4,0,0,0,0,2,1,2,1,0,0,0,0,1,1,0,0,0,7,6,6,1,2,2,2,2,i,i,2,i,i,i,i,i,a,a,i,a,11,12,11,55,12,25,30,1,1,2,5,i,i,5,i,i,i,i,i,i,i,i,i,i,i,i,i,180,12,1
6291,doi:10.4232/1.12497,1.0.0 (2016-04-22),1,1,893,14000893,14974,14,3,TN,0.97578,1.377675,0.0,1.189387,1.499454,0.0,0.0,2,2,2,2,2,4,4,4,2,1,1,2,3,3,2,3,8,1,0,0,0,0,0,1,0,0,0,0,0,0,0,0,0,0,0,a,a,0,0,0,1,0,0,0,0,0,1,1,0,0,0,0,0,0,0,0,0,0,i,i,0,0,0,2,2,1,3,1,4,2,2,2,3,2,3,i,0,0,0,0,0,0,0,0,0,0,0,i,0,1,0,0,3,3,3,2,4,1,2,2,1,1,1,1,1,1,2,2,2,1,2,2,i,1,1,3,3,0,1,1,0,1,0,0,0,i,i,i,0,0,0,0,0,0,0,1,0,0,0,0,0,0,i,0,0,0,4,4,2,3,2,4,3,4,0,0,0,0,1,0,1,0,0,0,0,1,1,0,0,0,0,0,0,0,1,0,0,0,0,0,0,1,0,0,0,0,4,4,4,4,1,2,2,2,1,1,2,2,2,4,4,4,4,1,4,2,4,1,1,2,2,4,0,0,0,0,1,0,0,0,1,0,1,0,0,0,1,5,i,i,i,i,1,1,1,1,0,0,0,0,0,0,0,0,0,0,1,0,0,0,0,0,0,0,0,0,0,0,0,0,0,1,0,2,0,1,0,0,0,0,0,0,0,0,1,1,0,0,0,4,3,0,1,0,1,0,1,0,0,4,2,29,2,24,3,1,7,5,i,i,0,0,0,0,1,0,0,i,i,i,i,i,i,i,i,i,i,i,i,i,i,i,i,i,i,i,i,i,i,i,i,i,i,i,i,i,i,1,0,0,0,0,1,9,3,2,2,0,0,0,0,1,1,3,1,1,1,1,1,1,1,0,0,0,4,6,6,1,1,2,2,1,i,i,2,i,4,i,i,5,a,a,i,a,11,12,14,20,14,55,35,1,1,2,5,i,i,5,i,i,i,i,i,i,i,i,i,i,i,i,i,180,12,1
6291,doi:10.4232/1.12497,1.0.0 (2016-04-22),1,1,894,14000894,14975,14,3,TN,0.947255,1.377675,0.0,1.189387,1.499454,0.0,0.0,2,3,3,3,4,2,2,3,3,3,3,1,1,1,4,4,6,0,0,0,1,0,0,0,1,0,0,0,0,0,0,0,0,0,0,a,a,0,0,0,0,0,0,1,0,1,0,1,0,0,0,0,0,0,0,0,0,0,i,i,0,0,0,2,2,4,4,5,5,2,2,2,6,6,2,i,0,0,0,0,0,1,0,0,0,0,0,i,0,0,0,0,5,5,5,5,5,1,1,1,1,1,1,1,1,1,1,1,1,1,1,1,i,1,1,5,5,0,1,0,0,0,0,0,0,i,i,i,0,0,0,0,0,0,0,1,0,0,0,0,0,0,i,0,0,0,4,4,5,5,5,5,5,5,0,0,0,0,1,0,0,0,0,0,0,1,0,0,0,0,0,0,0,0,0,0,1,0,0,0,1,0,0,0,0,0,3,3,3,5,2,3,3,3,2,2,2,2,2,5,5,5,5,5,5,5,5,5,5,5,5,5,0,0,0,0,0,0,0,0,0,0,0,0,0,1,2,i,i,i,i,i,i,i,i,i,i,i,i,i,i,i,i,i,i,i,i,i,i,i,i,i,i,i,i,i,i,i,i,i,i,i,i,i,1,1,0,0,0,0,0,0,0,0,0,0,0,0,0,1,1,0,1,0,0,0,0,0,0,1,2,65,4,1,6,5,1,1,19,i,0,0,0,0,1,0,0,i,i,i,i,i,i,i,i,i,i,i,i,i,i,i,i,i,i,i,i,i,i,i,i,i,i,i,i,i,i,1,0,0,0,0,1,6,4,2,2,0,0,0,0,2,1,2,1,0,0,0,0,0,1,0,0,0,7,i,6,1,2,2,2,2,i,i,2,i,i,i,i,i,a,a,i,a,12,12,9,30,10,0,30,1,1,2,5,i,i,5,i,i,i,i,i,i,i,i,i,i,i,i,i,165,41,1
6291,doi:10.4232/1.12497,1.0.0 (2016-04-22),1,1,895,14000895,14976,14,3,TN,1.010761,1.377675,0.0,1.189387,1.499454,0.0,0.0,2,3,3,3,4,2,2,3,3,5,5,3,3,3,3,3,4,0,0,0,0,1,1,0,0,0,0,0,0,0,0,0,0,0,0,a,a,0,0,0,0,0,0,1,1,1,0,0,0,0,0,0,0,0,0,0,0,0,i,i,0,0,0,2,2,4,4,5,5,2,2,2,6,6,1,2,0,0,0,0,0,0,0,0,0,0,0,i,0,1,0,0,5,5,5,5,5,3,3,3,3,3,3,3,3,3,3,3,3,3,3,3,i,3,3,5,5,1,0,0,0,0,0,0,0,i,i,i,0,0,0,0,0,0,0,1,0,0,0,0,0,0,i,0,0,0,4,4,5,5,5,5,5,5,0,0,0,0,0,0,0,0,0,0,0,0,0,0,0,1,0,0,0,0,0,0,0,0,0,0,0,0,0,0,0,1,3,3,3,3,3,3,3,2,2,2,2,2,2,3,4,5,5,2,5,5,5,5,5,4,4,4,0,0,0,0,0,0,0,0,0,0,0,0,0,1,2,i,i,i,i,i,i,i,i,i,i,i,i,i,i,i,i,i,i,i,i,i,i,i,i,i,i,i,i,i,i,i,i,i,i,i,i,i,0,1,0,0,0,0,0,1,0,0,0,0,0,0,0,1,1,0,1,0,0,0,0,0,0,1,2,68,4,1,6,1,1,1,19,i,0,0,0,0,1,0,0,i,i,i,i,i,i,i,i,i,i,i,i,i,i,i,i,i,i,i,i,i,i,i,i,i,i,i,i,i,i,1,0,0,0,0,1,6,3,4,4,0,0,0,0,1,2,1,1,1,0,1,0,1,1,0,0,0,7,i,6,1,2,2,2,2,i,i,2,i,i,i,i,i,a,a,i,a,12,12,10,5,10,30,25,1,2,1,5,i,i,5,i,i,i,i,i,i,i,i,i,i,i,i,i,165,41,1
6291,doi:10.4232/1.12497,1.0.0 (2016-04-22),1,1,896,14000896,14977,14,3,TN,1.050441,1.377675,0.0,1.189387,1.499454,0.0,0.0,2,3,3,3,4,4,4,3,5,2,2,1,3,1,4,1,6,1,0,0,0,0,0,1,1,0,0,0,0,0,0,0,0,0,0,a,a,0,0,0,1,0,0,0,0,1,1,1,0,0,0,0,0,0,0,0,0,0,i,i,0,0,0,3,2,1,4,2,5,2,2,2,2,2,2,i,0,0,0,1,0,0,0,0,1,1,0,i,0,0,0,0,5,4,2,3,5,1,1,2,2,2,2,1,1,1,1,1,1,1,1,2,i,2,2,5,3,1,0,0,0,0,0,0,0,i,i,i,0,0,0,0,0,0,0,1,0,0,0,0,0,0,i,0,0,0,3,4,1,2,5,2,4,5,0,0,0,0,1,0,0,0,0,0,1,0,1,0,0,0,0,0,0,0,1,0,0,0,0,0,1,0,0,0,0,0,5,1,2,5,2,2,2,1,2,2,3,3,2,2,4,4,2,1,1,3,2,1,1,3,4,5,1,0,0,0,0,1,0,0,1,0,0,0,0,0,2,i,i,i,i,i,i,i,i,i,i,i,i,i,i,i,i,i,i,i,i,i,i,i,i,i,i,i,i,i,i,i,i,i,i,i,i,i,1,0,0,0,1,0,0,1,0,0,0,0,0,0,0,4,2,1,0,0,1,0,0,0,0,4,1,70,4,1,6,1,4,4,5,1,0,0,0,0,1,0,0,i,i,i,i,i,i,i,i,i,i,i,i,i,i,i,i,i,i,i,i,i,i,i,i,i,i,i,i,i,i,0,0,0,1,0,0,7,3,2,2,3,3,0,0,2,2,4,1,1,0,0,0,0,1,0,0,0,7,i,6,1,2,2,2,2,i,i,2,i,i,i,i,i,a,a,i,a,12,12,10,40,11,0,20,1,1,1,5,i,i,5,i,i,i,i,i,i,i,i,i,i,i,i,i,165,41,1
6291,doi:10.4232/1.12497,1.0.0 (2016-04-22),1,1,897,14000897,14978,14,3,TN,1.044766,1.377675,0.0,1.189387,1.499454,0.0,0.0,4,2,2,2,2,3,3,3,3,4,4,4,4,4,4,4,4,0,0,0,0,0,1,0,0,0,0,0,0,0,0,0,0,0,0,a,a,0,0,0,0,0,0,1,0,1,0,0,0,0,0,0,0,0,0,0,0,0,i,i,0,0,0,2,2,2,2,2,2,2,2,2,3,2,1,2,0,0,0,0,0,1,0,0,0,0,0,i,0,0,0,0,4,5,5,5,5,3,3,3,3,3,3,3,3,3,3,3,3,3,3,3,i,3,3,5,5,0,1,0,0,0,0,0,0,i,i,i,0,0,0,0,0,0,0,0,1,0,0,0,0,0,i,0,0,0,4,4,5,5,5,5,5,5,0,0,0,0,1,0,0,0,0,0,0,0,0,0,0,0,0,0,0,0,0,0,1,0,0,0,0,0,0,0,0,0,3,3,3,3,3,3,3,3,2,2,2,2,2,4,4,5,5,5,5,5,5,5,5,5,4,4,0,0,0,0,0,0,0,0,0,0,0,0,0,1,2,i,i,i,i,i,i,i,i,i,i,i,i,i,i,i,i,i,i,i,i,i,i,i,i,i,i,i,i,i,i,i,i,i,i,i,i,i,0,1,0,0,0,0,0,0,0,0,0,0,0,0,0,2,1,0,1,0,0,0,0,0,0,1,2,37,2,8,1,1,1,1,19,i,0,0,0,0,1,0,0,i,i,i,i,i,i,i,i,i,i,i,i,i,i,i,i,i,i,i,i,i,i,i,i,i,i,i,i,i,i,0,0,0,1,0,0,5,1,3,3,0,0,2,2,2,1,2,1,0,0,0,0,0,1,0,0,0,7,i,6,1,2,2,2,2,i,i,2,i,i,i,i,i,a,a,i,a,12,12,12,0,12,30,30,1,2,1,5,i,i,5,i,i,i,i,i,i,i,i,i,i,i,i,i,165,41,1
6291,doi:10.4232/1.12497,1.0.0 (2016-04-22),1,1,898,14000898,14979,14,3,TN,1.049852,1.377675,0.0,1.189387,1.499454,0.0,0.0,2,3,3,3,4,3,3,4,4,4,4,2,3,3,3,2,1,0,0,0,0,0,1,1,0,0,0,0,1,0,0,0,0,0,0,a,a,0,0,0,1,0,0,0,0,1,1,0,0,0,0,1,0,0,0,0,0,0,i,i,0,0,0,2,1,1,1,2,2,2,2,2,3,5,2,i,0,1,0,0,0,0,0,1,0,0,0,i,0,0,0,0,5,5,5,5,5,1,2,1,1,1,2,2,1,1,1,1,1,2,1,1,i,1,1,4,4,0,0,1,0,0,0,0,0,i,i,i,1,0,0,0,0,0,0,1,0,0,0,0,0,0,i,0,0,0,3,3,4,2,5,5,5,5,0,0,0,0,0,0,0,0,0,0,0,0,0,0,0,1,0,0,0,0,0,0,0,0,0,0,0,0,0,0,0,1,4,4,4,4,3,3,3,3,2,2,2,2,2,3,3,3,4,3,3,4,4,4,3,4,2,3,1,0,0,0,0,1,0,0,0,0,0,0,0,0,2,i,i,i,i,i,i,i,i,i,i,i,i,i,i,i,i,i,i,i,i,i,i,i,i,i,i,i,i,i,i,i,i,i,i,i,i,i,1,1,0,0,0,0,0,0,0,0,0,0,0,0,0,1,2,0,1,0,0,0,0,0,0,2,2,37,2,1,6,1,1,1,19,i,0,0,0,0,1,0,0,i,i,i,i,i,i,i,i,i,i,i,i,i,i,i,i,i,i,i,i,i,i,i,i,i,i,i,i,i,i,0,0,0,1,0,0,7,3,2,2,1,1,2,2,2,1,2,1,0,0,0,0,0,1,0,0,0,7,i,6,1,2,2,2,2,i,i,2,i,i,i,i,i,a,a,i,a,12,12,11,5,11,30,25,1,2,1,5,i,i,5,i,i,i,i,i,i,i,i,i,i,i,i,i,165,41,1
6291,doi:10.4232/1.12497,1.0.0 (2016-04-22),1,1,899,14000899,14980,14,3,TN,0.986616,1.377675,0.0,1.189387,1.499454,0.0,0.0,3,1,1,1,1,1,1,4,3,4,4,2,1,1,1,1,12,1,0,1,0,0,1,0,0,0,0,0,0,0,0,0,0,0,0,a,a,0,0,0,1,0,1,0,0,1,0,0,0,0,0,1,0,0,0,0,0,0,i,i,0,0,0,2,2,1,2,1,1,2,2,2,1,1,1,2,0,0,0,1,1,1,0,1,1,1,0,i,0,0,0,0,2,2,1,1,1,1,1,1,1,1,1,1,1,1,1,1,1,1,2,1,i,3,1,2,5,0,1,1,0,0,0,0,0,i,i,i,0,1,0,0,0,0,0,1,1,1,0,0,0,0,i,0,0,0,2,1,1,1,1,3,1,1,1,0,0,0,0,0,1,0,0,1,1,1,0,0,0,0,1,0,0,0,0,0,0,0,0,0,1,0,0,0,0,0,4,1,2,1,1,1,2,1,2,2,1,1,2,4,4,3,2,2,4,3,3,1,4,4,4,4,1,0,0,1,0,0,0,1,0,0,0,0,0,0,2,i,i,i,i,i,i,i,i,i,i,i,i,i,i,i,i,i,i,i,i,i,i,i,i,i,i,i,i,i,i,i,i,i,i,i,i,i,1,1,0,0,0,0,0,1,0,0,0,0,0,0,0,1,1,0,0,0,1,0,0,0,0,1,1,38,2,14,1,1,18,8,i,i,0,0,0,0,1,0,0,i,i,i,i,i,i,i,i,i,i,i,i,i,i,i,i,i,i,i,i,i,i,i,i,i,i,i,i,i,i,0,0,0,1,0,0,3,1,5,4,4,4,1,1,2,1,2,1,0,0,0,0,0,1,0,0,0,7,6,6,1,2,2,2,2,i,i,2,i,i,i,i,i,a,a,i,a,10,12,16,0,16,20,20,1,1,2,5,i,i,5,i,i,i,i,i,i,i,i,i,i,i,i,i,163,40,1
6291,doi:10.4232/1.12497,1.0.0 (2016-04-22),1,1,900,14000900,14981,14,3,TN,0.986616,1.377675,0.0,1.189387,1.499454,0.0,0.0,4,3,3,3,4,4,4,4,2,3,3,2,3,3,2,3,7,0,0,0,1,0,1,0,0,0,0,0,0,0,0,0,0,1,0,a,a,0,0,0,0,0,0,1,0,1,1,0,0,0,0,0,0,0,0,0,1,0,i,i,0,0,0,2,2,1,1,5,1,2,2,1,4,3,2,i,0,0,0,0,0,0,0,0,0,0,0,i,0,1,0,0,4,4,4,4,4,1,2,2,2,2,2,2,2,2,2,1,1,2,2,1,i,2,2,4,4,1,0,1,0,0,0,0,0,i,i,i,1,0,0,0,0,0,0,1,0,0,0,0,0,0,i,0,0,0,1,1,1,1,3,4,3,1,0,0,0,0,0,0,0,0,0,0,1,0,0,0,0,0,0,0,0,0,0,0,0,0,0,0,1,1,0,0,0,0,4,2,4,1,1,1,1,2,2,2,2,2,2,4,4,4,4,3,3,4,4,1,4,4,4,4,0,1,0,0,1,1,0,0,0,0,0,0,0,0,2,i,i,i,i,i,i,i,i,i,i,i,i,i,i,i,i,i,i,i,i,i,i,i,i,i,i,i,i,i,i,i,i,i,i,i,i,i,0,1,0,0,0,0,0,0,1,0,0,0,0,0,0,1,1,0,0,0,1,0,0,0,0,1,1,38,2,13,1,1,18,8,i,i,0,0,0,0,1,0,0,i,i,i,i,i,i,i,i,i,i,i,i,i,i,i,i,i,i,i,i,i,i,i,i,i,i,i,i,i,i,0,0,0,1,0,0,2,1,2,2,2,2,0,0,2,1,2,1,0,0,0,0,0,1,0,0,0,7,6,6,1,2,2,2,2,i,i,2,i,i,i,i,i,a,a,i,a,10,12,16,28,16,55,27,1,1,2,5,i,i,5,i,i,i,i,i,i,i,i,i,i,i,i,i,163,40,1
6291,doi:10.4232/1.12497,1.0.0 (2016-04-22),1,1,901,14000901,14982,14,3,TN,0.998467,1.377675,0.0,1.189387,1.499454,0.0,0.0,2,3,3,3,4,4,4,3,2,5,2,1,4,1,1,1,7,1,0,0,0,0,1,0,0,0,0,0,1,0,0,0,0,0,0,a,a,0,0,0,1,0,0,0,0,1,1,0,0,0,0,1,0,0,0,0,0,0,i,i,0,0,0,1,1,1,1,2,2,2,2,2,2,2,1,2,0,0,1,0,1,0,0,1,1,1,0,i,0,0,0,0,2,2,2,2,2,1,1,3,3,1,2,2,2,1,3,1,1,2,2,1,i,3,1,2,2,1,0,0,0,0,0,0,1,i,i,i,0,0,1,0,0,0,0,1,1,0,0,0,0,0,i,0,0,0,1,3,1,1,1,1,1,1,1,0,1,0,0,0,1,0,0,0,1,1,0,0,0,0,0,0,0,0,0,0,1,0,0,0,0,1,0,0,0,0,5,1,1,5,1,2,3,1,1,2,2,2,2,3,3,1,1,2,3,2,2,1,3,3,3,3,1,0,0,0,0,0,1,0,0,0,1,0,0,0,2,i,i,i,i,i,i,i,i,i,i,i,i,i,i,i,i,i,i,i,i,i,i,i,i,i,i,i,i,i,i,i,i,i,i,i,i,i,0,1,0,0,0,0,0,0,0,0,1,0,0,0,0,1,1,0,0,1,1,0,0,0,0,2,2,53,3,0,5,1,1,1,19,i,0,0,0,0,1,0,0,i,i,i,i,i,i,i,i,i,i,i,i,i,i,i,i,i,i,i,i,i,i,i,i,i,i,i,i,i,i,0,0,0,1,0,0,4,1,4,4,0,0,0,0,2,2,4,1,0,0,0,0,0,1,0,0,0,7,i,6,1,2,2,2,2,i,i,2,i,i,i,i,i,a,a,i,a,10,12,17,34,18,10,36,2,1,2,5,i,i,5,i,i,i,i,i,i,i,i,i,i,i,i,i,163,40,1
6291,doi:10.4232/1.12497,1.0.0 (2016-04-22),1,1,902,14000902,14983,14,3,TN,0.983247,1.377675,0.0,1.189387,1.499454,0.0,0.0,2,2,2,2,2,3,3,2,1,3,2,1,3,3,1,4,8,1,0,0,0,0,0,0,0,0,1,0,0,0,0,0,0,0,0,a,a,0,0,0,1,0,0,0,0,0,0,1,0,1,0,0,0,0,0,0,0,0,i,i,0,0,0,1,2,1,2,2,2,2,2,2,4,2,1,2,0,1,0,0,0,0,0,1,0,0,0,i,0,0,0,0,2,3,2,3,3,1,1,1,1,2,2,1,1,2,2,1,1,2,2,1,i,2,2,3,5,0,1,1,0,0,0,0,0,i,i,i,1,0,0,0,0,0,0,0,1,0,0,0,0,0,i,0,0,0,2,2,1,1,2,3,2,2,0,0,0,1,1,0,0,1,0,0,1,1,0,0,0,0,0,0,0,0,0,0,0,1,0,0,1,0,0,0,0,0,4,4,4,2,2,2,2,2,2,2,2,1,2,3,2,2,1,1,3,4,4,2,4,4,2,4,0,0,0,0,1,1,0,1,0,0,0,0,0,0,2,i,i,i,i,i,i,i,i,i,i,i,i,i,i,i,i,i,i,i,i,i,i,i,i,i,i,i,i,i,i,i,i,i,i,i,i,i,0,1,0,0,0,0,0,0,1,0,0,0,0,0,0,1,2,0,1,1,0,0,0,0,0,1,1,30,2,21,3,3,15,7,i,i,0,0,0,0,1,0,0,i,i,i,i,i,i,i,i,i,i,i,i,i,i,i,i,i,i,i,i,i,i,i,i,i,i,i,i,i,i,0,0,1,0,0,1,5,1,5,4,0,0,0,0,2,1,2,1,0,0,1,0,0,1,0,0,0,1,6,6,1,1,2,2,2,i,i,2,i,1,i,i,i,a,a,i,a,10,12,17,0,17,30,30,1,1,2,5,i,i,5,i,i,i,i,i,i,i,i,i,i,i,i,i,163,40,1
6291,doi:10.4232/1.12497,1.0.0 (2016-04-22),1,1,903,14000903,14984,14,3,TN,0.974653,1.377675,0.0,1.189387,1.499454,0.0,0.0,4,3,3,3,4,2,2,4,3,5,5,2,4,4,4,4,7,1,0,0,0,0,1,0,0,0,0,1,1,0,0,0,0,0,0,a,a,0,0,0,1,0,0,0,0,1,1,0,0,0,1,1,0,0,0,0,0,0,i,i,0,0,0,2,1,1,1,1,1,1,1,1,2,2,2,i,1,0,0,0,0,1,0,0,1,1,0,i,0,0,0,0,2,2,2,2,2,1,2,2,1,1,2,1,1,2,1,1,1,2,1,1,i,2,2,2,2,0,1,1,0,0,0,1,0,i,i,i,0,0,0,0,0,0,0,0,1,1,0,0,1,0,i,0,0,0,4,4,2,2,2,2,3,3,1,1,0,0,0,0,0,0,0,0,1,1,1,0,0,0,1,1,0,0,0,0,0,0,0,0,0,0,0,0,0,0,2,2,2,2,1,1,1,1,2,2,2,2,2,4,4,2,2,3,3,2,2,2,3,3,2,2,0,1,0,0,0,0,1,1,0,0,0,0,0,0,1,38,i,i,i,i,1,1,1,1,1,0,0,0,0,1,0,0,0,0,0,0,0,1,0,0,0,0,0,0,0,0,0,1,0,0,0,2,1,0,0,0,0,0,0,1,1,0,0,0,0,0,0,1,1,0,1,0,1,0,0,0,0,1,1,26,2,99,9,3,3,3,19,i,0,0,0,0,1,0,0,i,i,i,i,i,i,i,i,i,i,i,i,i,i,i,i,i,i,i,i,i,i,i,i,i,i,i,i,i,i,0,0,0,1,0,0,2,1,6,4,0,0,0,0,2,2,4,1,0,0,0,0,0,0,0,0,0,7,i,6,3,2,2,2,2,i,i,2,i,i,i,i,i,a,a,i,a,12,12,11,50,12,30,40,1,3,2,1,i,i,1,i,i,i,i,i,i,i,i,i,i,i,i,i,17,7,1
6291,doi:10.4232/1.12497,1.0.0 (2016-04-22),1,1,904,14000904,14985,14,3,TN,0.974653,1.377675,0.0,1.189387,1.499454,0.0,0.0,4,3,3,3,4,2,2,3,2,3,3,3,1,1,3,1,6,0,0,0,0,0,0,1,0,0,0,0,0,0,0,0,0,0,0,a,a,0,0,0,0,0,0,0,0,1,1,0,0,0,0,0,0,0,0,0,0,0,i,i,0,0,0,2,2,1,1,1,1,2,2,3,2,2,3,i,1,0,0,0,0,0,0,0,0,0,0,i,0,0,0,0,3,3,2,2,2,1,2,2,2,2,2,1,3,1,3,1,1,2,2,1,i,1,1,2,3,1,0,0,0,0,0,0,0,i,i,i,0,0,0,0,0,0,0,1,0,0,0,0,0,0,i,0,0,0,2,2,2,2,2,2,3,3,0,1,0,0,0,0,0,0,0,0,0,0,0,0,0,0,0,0,0,0,0,0,0,0,0,0,1,0,0,0,0,0,1,1,2,2,2,2,2,2,2,2,1,1,1,3,3,1,2,3,3,2,3,3,3,2,2,2,1,0,0,1,0,0,0,1,0,0,0,0,0,0,2,i,i,i,i,i,i,i,i,i,i,i,i,i,i,i,i,i,i,i,i,i,i,i,i,i,i,i,i,i,i,i,i,i,i,i,i,i,0,0,0,0,0,0,0,1,0,0,0,0,0,0,0,1,3,1,0,0,1,0,0,0,0,4,1,25,2,98,8,3,8,5,i,i,0,0,0,0,1,0,0,i,i,i,i,i,i,i,i,i,i,i,i,i,i,i,i,i,i,i,i,i,i,i,i,i,i,i,i,i,i,0,0,0,1,0,0,7,3,5,4,0,0,0,0,2,1,2,1,1,0,1,1,0,0,0,0,0,2,6,6,1,1,2,2,2,i,i,2,i,1,i,i,i,a,a,i,a,12,12,13,11,13,31,20,1,3,2,1,i,i,1,i,i,i,i,i,i,i,i,i,i,i,i,i,54,14,1
6291,doi:10.4232/1.12497,1.0.0 (2016-04-22),1,1,905,14000905,14986,14,3,TN,1.039997,1.377675,0.0,1.189387,1.499454,0.0,0.0,4,3,3,3,4,2,2,2,2,4,4,1,1,1,1,2,4,0,0,0,0,0,1,0,1,0,0,0,1,0,0,0,0,0,0,a,a,0,0,0,0,0,0,1,0,1,0,1,0,0,0,1,0,0,0,0,0,0,i,i,0,0,0,3,3,1,2,1,2,1,2,2,2,2,2,i,0,1,0,0,0,0,0,0,0,0,0,i,0,0,0,0,2,3,3,3,3,1,1,2,2,2,1,1,1,2,2,1,2,1,2,1,i,1,1,3,4,1,0,0,0,0,0,0,0,i,i,i,0,0,0,0,0,0,0,1,1,0,0,0,0,1,i,0,0,0,2,2,2,1,2,4,4,4,0,0,0,0,1,0,0,0,0,0,0,0,0,0,0,0,0,0,0,0,1,0,0,0,0,0,0,0,0,0,0,0,2,4,2,2,2,2,2,2,1,2,2,2,2,2,2,2,2,1,1,2,3,1,1,1,4,4,1,0,0,0,0,0,0,0,1,0,1,0,0,0,2,i,i,i,i,i,i,i,i,i,i,i,i,i,i,i,i,i,i,i,i,i,i,i,i,i,i,i,i,i,i,i,i,i,i,i,i,i,0,0,0,0,0,0,0,0,1,0,0,1,0,0,0,1,2,0,1,0,1,0,0,0,0,2,1,25,2,16,2,3,3,3,15,3,0,0,0,0,1,0,0,i,i,i,i,i,i,i,i,i,i,i,i,i,i,i,i,i,i,i,i,i,i,i,i,i,i,i,i,i,i,0,0,0,1,0,0,2,1,1,1,0,0,0,0,2,1,2,1,0,0,0,0,0,0,0,0,0,7,i,6,2,1,2,2,2,i,i,2,i,1,i,i,i,a,a,i,a,12,12,13,53,14,20,27,1,2,1,1,i,i,1,i,i,i,i,i,i,i,i,i,i,i,i,i,26,4,1
6291,doi:10.4232/1.12497,1.0.0 (2016-04-22),1,1,906,14000906,14987,14,3,TN,0.931612,1.377675,0.0,1.189387,1.499454,0.0,0.0,2,3,3,3,4,2,2,3,2,2,2,2,2,3,3,3,8,0,0,0,0,0,0,1,0,0,0,0,0,0,0,0,0,0,0,a,a,0,0,0,0,0,0,0,0,0,1,1,0,0,0,0,0,0,0,0,0,0,i,i,0,0,0,2,1,1,1,2,3,2,2,1,3,3,3,i,1,0,0,0,0,0,0,0,0,0,0,i,0,0,0,0,1,1,1,1,1,1,1,1,2,1,2,1,1,1,2,1,1,1,2,1,i,1,1,2,2,1,0,0,0,0,0,0,0,i,i,i,0,0,0,0,0,0,0,1,0,0,0,0,0,0,i,0,0,0,2,2,1,2,1,1,1,1,0,0,0,1,0,0,0,0,0,0,0,0,0,0,0,0,0,1,0,0,0,0,0,0,0,0,0,0,0,0,0,0,2,2,2,1,2,2,2,2,2,2,2,2,2,2,2,1,1,2,2,1,2,1,2,1,2,2,1,0,1,0,0,1,0,0,0,0,0,0,0,0,2,i,i,i,i,i,i,i,i,i,i,i,i,i,i,i,i,i,i,i,i,i,i,i,i,i,i,i,i,i,i,i,i,i,i,i,i,i,0,1,0,0,0,0,0,1,0,0,0,1,0,0,0,1,3,0,1,1,1,0,0,0,0,3,1,40,3,98,8,3,3,3,19,i,0,0,0,0,1,0,0,i,i,i,i,i,i,i,i,i,i,i,i,i,i,i,i,i,i,i,i,i,i,i,i,i,i,i,i,i,i,0,0,0,1,0,0,5,3,5,4,0,0,0,0,2,1,2,1,1,1,1,0,0,0,0,0,0,7,i,6,1,2,2,2,2,i,i,2,i,i,i,i,i,a,a,i,a,12,12,11,12,11,42,30,1,1,2,1,i,i,1,i,i,i,i,i,i,i,i,i,i,i,i,i,54,14,1
6291,doi:10.4232/1.12497,1.0.0 (2016-04-22),1,1,907,14000907,14988,14,3,TN,1.05249,1.377675,0.0,1.189387,1.499454,0.0,0.0,4,3,3,3,4,3,3,3,1,1,1,1,1,1,1,1,7,0,0,0,0,0,0,0,0,0,0,0,0,0,0,0,0,0,0,a,a,0,0,1,0,0,0,0,0,0,1,0,0,0,0,0,0,0,0,0,0,0,i,i,0,0,0,2,1,1,1,1,2,2,1,2,2,2,1,2,1,0,0,1,1,0,0,0,1,1,0,i,0,0,0,0,3,3,3,3,2,1,1,2,1,1,1,1,2,3,3,3,2,1,1,1,i,2,2,3,2,0,1,1,0,0,0,0,0,i,i,i,1,0,0,0,0,0,0,1,1,1,0,0,0,0,i,0,0,0,4,4,3,2,2,3,3,3,1,0,0,0,0,1,1,0,1,1,0,0,0,0,0,0,1,0,0,0,0,0,0,0,0,0,0,1,0,0,0,0,1,1,1,1,1,1,2,1,2,2,2,2,2,4,4,4,4,3,3,3,2,2,2,2,2,2,1,1,0,0,0,0,0,1,0,0,0,0,0,0,2,i,i,i,i,i,i,i,i,i,i,i,i,i,i,i,i,i,i,i,i,i,i,i,i,i,i,i,i,i,i,i,i,i,i,i,i,i,0,1,0,0,0,0,0,1,0,1,0,0,0,0,0,1,2,1,1,0,0,0,0,0,0,2,2,45,3,1,6,1,1,1,18,4,0,0,0,0,1,0,0,i,i,i,i,i,i,i,i,i,i,i,i,i,i,i,i,i,i,i,i,i,i,i,i,i,i,i,i,i,i,0,0,0,1,0,0,7,3,4,4,0,0,0,0,2,1,2,1,1,0,1,1,0,0,0,0,0,6,i,6,3,2,2,2,2,i,i,2,i,i,i,i,i,a,a,i,a,14,12,15,5,15,40,35,2,3,1,1,i,i,1,i,i,i,i,i,i,i,i,i,i,i,i,i,66,7,1
6291,doi:10.4232/1.12497,1.0.0 (2016-04-22),1,1,908,14000908,14989,14,3,TN,1.047391,1.377675,0.0,1.189387,1.499454,0.0,0.0,2,2,2,2,2,2,2,3,3,3,3,1,1,1,1,1,4,1,0,0,0,0,1,0,0,0,1,0,0,0,0,0,0,0,0,a,a,0,0,0,1,0,0,1,0,1,0,0,0,1,0,0,0,0,0,0,0,0,i,i,0,0,0,2,2,2,2,2,2,2,1,1,2,2,1,2,1,1,0,0,0,0,0,0,0,0,0,i,0,0,0,0,2,2,2,2,2,2,1,1,1,1,2,1,2,2,2,1,1,1,2,2,i,1,1,2,2,0,1,1,0,0,0,0,0,i,i,i,0,0,0,0,0,0,0,0,1,1,0,0,0,0,i,0,0,0,3,3,3,2,2,3,3,3,0,1,0,1,0,0,0,0,0,0,0,0,0,0,0,0,0,1,0,0,1,0,0,0,0,0,0,0,0,0,0,0,2,2,2,2,1,1,2,2,2,2,2,2,2,4,2,1,1,1,2,2,2,2,2,3,3,4,1,1,0,0,0,0,0,0,1,0,0,0,0,0,2,i,i,i,i,i,i,i,i,i,i,i,i,i,i,i,i,i,i,i,i,i,i,i,i,i,i,i,i,i,i,i,i,i,i,i,i,i,1,1,0,0,0,0,0,0,0,0,0,0,0,0,0,2,1,1,1,0,0,0,0,0,0,1,2,50,3,12,1,3,1,1,19,i,0,0,0,0,1,0,0,i,i,i,i,i,i,i,i,i,i,i,i,i,i,i,i,i,i,i,i,i,i,i,i,i,i,i,i,i,i,1,0,0,0,0,1,5,1,3,3,0,0,0,0,1,1,3,1,0,0,1,1,1,1,0,0,0,6,i,6,2,2,2,2,2,i,i,2,i,i,i,i,i,a,a,i,a,12,12,13,21,13,50,29,1,3,1,1,i,i,1,i,i,i,i,i,i,i,i,i,i,i,i,i,25,5,1
6291,doi:10.4232/1.12497,1.0.0 (2016-04-22),1,1,909,14000909,14990,14,3,TN,1.037705,1.377675,0.0,1.189387,1.499454,0.0,0.0,4,2,1,1,1,2,1,3,3,3,3,1,3,1,1,1,4,0,0,0,0,0,1,0,0,0,0,0,0,0,0,0,1,0,0,a,a,0,0,0,0,0,0,1,0,1,0,0,0,0,0,0,0,0,0,1,0,0,i,i,0,0,0,2,2,1,1,1,1,2,2,2,2,1,1,2,0,1,0,0,0,0,0,0,0,1,0,i,0,0,0,0,3,3,2,2,2,1,2,1,1,1,2,2,1,2,2,1,1,1,2,1,i,1,1,2,3,1,1,0,0,0,0,0,0,i,i,i,0,0,0,0,0,0,0,1,1,1,0,0,0,0,i,0,0,0,2,4,2,2,3,4,2,2,1,0,0,1,0,0,1,0,0,0,0,1,0,0,0,0,1,0,0,0,0,0,1,0,0,0,0,0,0,0,0,0,4,2,2,4,2,2,2,2,1,1,1,1,2,2,2,1,1,2,2,2,2,2,3,3,3,3,1,1,0,0,0,0,0,0,1,0,0,0,0,0,2,i,i,i,i,i,i,i,i,i,i,i,i,i,i,i,i,i,i,i,i,i,i,i,i,i,i,i,i,i,i,i,i,i,i,i,i,i,0,1,0,0,0,0,0,1,0,0,0,1,0,0,0,2,1,1,1,0,1,0,0,0,0,1,1,86,4,1,6,1,4,4,18,4,0,0,0,0,1,0,0,i,i,i,i,i,i,i,i,i,i,i,i,i,i,i,i,i,i,i,i,i,i,i,i,i,i,i,i,i,i,1,0,0,0,0,1,2,1,5,4,0,0,0,0,2,1,2,1,0,0,0,0,0,1,0,0,0,7,i,6,2,2,2,2,2,i,i,2,i,i,i,i,i,a,a,i,a,14,12,15,5,15,40,35,1,2,1,1,i,i,1,i,i,i,i,i,i,i,i,i,i,i,i,i,53,1,1
6291,doi:10.4232/1.12497,1.0.0 (2016-04-22),1,1,910,14000910,14991,14,3,TN,0.998507,1.377675,0.0,1.189387,1.499454,0.0,0.0,4,3,1,1,2,2,2,4,4,4,4,3,3,2,2,2,4,0,0,0,0,0,0,1,0,0,0,0,0,0,0,0,0,0,0,a,a,0,0,0,0,0,0,1,0,0,1,0,0,0,0,0,0,0,0,0,0,0,i,i,0,0,0,2,2,2,2,1,1,2,2,2,3,2,1,2,0,0,0,0,0,1,0,1,0,0,0,i,0,0,0,0,2,2,2,2,2,1,2,2,2,2,2,2,1,1,1,1,1,1,1,1,i,1,1,3,3,1,0,0,0,0,0,0,0,i,i,i,0,0,0,0,0,0,0,1,1,1,0,0,0,0,i,0,0,0,2,4,2,2,2,4,2,2,1,0,0,0,0,0,1,0,0,0,0,1,0,0,0,0,1,0,0,0,0,0,1,0,0,0,0,0,0,0,0,0,4,4,4,4,2,2,2,2,2,2,2,2,2,4,3,2,2,2,2,2,2,2,2,4,2,4,1,0,0,0,0,0,0,0,1,0,1,0,0,0,2,i,i,i,i,i,i,i,i,i,i,i,i,i,i,i,i,i,i,i,i,i,i,i,i,i,i,i,i,i,i,i,i,i,i,i,i,i,0,1,0,0,0,0,0,1,0,0,0,1,0,0,0,1,1,0,1,0,1,0,0,0,0,1,2,70,4,1,6,5,1,1,19,i,0,0,0,0,1,0,0,i,i,i,i,i,i,i,i,i,i,i,i,i,i,i,i,i,i,i,i,i,i,i,i,i,i,i,i,i,i,0,0,0,1,0,0,2,1,4,4,0,0,1,1,2,2,4,1,0,0,0,0,0,1,0,0,0,7,i,6,2,2,2,2,2,i,i,2,i,i,i,i,i,a,a,i,a,14,12,16,2,16,35,33,1,3,1,1,i,i,1,i,i,i,i,i,i,i,i,i,i,i,i,i,53,1,1
6291,doi:10.4232/1.12497,1.0.0 (2016-04-22),1,1,911,14000911,14992,14,3,TN,0.998507,1.377675,0.0,1.189387,1.499454,0.0,0.0,2,3,3,3,4,3,3,4,4,4,4,3,3,3,3,3,7,1,0,1,0,0,1,0,0,0,0,0,0,0,0,0,1,0,0,a,a,0,0,0,1,0,1,0,0,1,1,0,0,0,0,0,0,0,0,1,0,0,i,i,0,0,0,3,1,1,1,2,2,2,1,2,3,3,2,i,0,0,0,0,0,0,0,0,0,0,0,i,0,1,0,0,3,4,4,4,4,2,2,2,2,1,2,2,2,2,2,2,2,2,2,2,i,1,2,3,3,1,0,0,0,0,0,0,0,i,i,i,0,0,0,0,0,0,0,1,0,0,0,0,0,0,i,0,0,0,4,3,3,3,3,3,3,3,0,0,0,0,0,0,0,0,0,0,0,0,0,0,1,0,0,0,0,0,0,0,0,0,0,0,0,0,0,0,0,1,3,3,3,3,2,2,2,1,2,2,2,2,2,2,2,2,1,1,2,3,3,3,4,2,2,2,0,0,0,1,0,0,0,0,0,0,1,0,0,0,2,i,i,i,i,i,i,i,i,i,i,i,i,i,i,i,i,i,i,i,i,i,i,i,i,i,i,i,i,i,i,i,i,i,i,i,i,i,0,1,0,0,0,0,0,0,0,0,0,0,0,0,0,1,2,1,1,0,1,0,0,0,0,2,2,78,4,1,6,1,1,1,18,4,0,0,0,0,1,0,0,i,i,i,i,i,i,i,i,i,i,i,i,i,i,i,i,i,i,i,i,i,i,i,i,i,i,i,i,i,i,1,0,0,0,0,1,6,2,4,4,1,1,0,0,2,1,2,1,0,0,0,0,0,1,0,0,0,7,i,6,3,2,2,2,2,i,i,2,i,i,i,i,i,a,a,i,a,14,12,14,45,15,13,28,1,2,1,1,i,i,1,i,i,i,i,i,i,i,i,i,i,i,i,i,62,2,1
6291,doi:10.4232/1.12497,1.0.0 (2016-04-22),1,1,912,14000912,14993,14,3,TN,0.99407,1.377675,0.0,1.189387,1.499454,0.0,0.0,4,2,1,1,1,2,1,4,3,2,2,1,2,1,2,1,3,0,0,0,0,0,1,1,0,0,0,0,0,0,0,0,0,0,0,a,a,0,0,0,0,0,1,0,0,1,1,0,0,0,0,0,0,0,0,0,0,0,i,i,0,0,0,2,1,1,1,1,2,1,2,2,2,3,1,2,0,1,0,0,0,0,0,0,1,0,0,i,0,0,0,0,3,1,2,3,3,1,2,1,1,1,1,1,1,1,1,2,1,1,2,2,i,2,1,4,3,0,1,0,0,0,0,0,1,i,i,i,1,0,0,0,0,0,0,1,0,0,0,1,0,0,i,0,0,0,2,4,4,4,4,4,4,4,1,1,0,0,0,0,0,1,1,1,0,0,0,0,0,0,0,0,0,0,0,0,1,0,0,0,0,1,0,0,0,0,2,2,2,3,1,2,2,2,2,2,2,2,2,2,2,1,3,1,3,3,3,3,3,3,3,4,0,1,0,0,0,0,0,1,0,0,1,0,0,0,2,i,i,i,i,i,i,i,i,i,i,i,i,i,i,i,i,i,i,i,i,i,i,i,i,i,i,i,i,i,i,i,i,i,i,i,i,i,0,1,0,0,0,0,0,1,0,0,0,0,0,0,0,1,1,0,1,0,1,0,0,0,0,1,1,48,3,99,9,1,8,5,i,i,0,0,0,0,1,0,0,i,i,i,i,i,i,i,i,i,i,i,i,i,i,i,i,i,i,i,i,i,i,i,i,i,i,i,i,i,i,1,0,0,0,0,1,6,2,2,2,0,0,2,2,2,1,2,1,0,0,1,0,0,1,0,0,0,7,6,6,2,2,2,2,2,i,i,2,i,i,i,i,i,a,a,i,a,14,12,11,35,12,10,35,1,3,1,1,i,i,1,i,i,i,i,i,i,i,i,i,i,i,i,i,61,1,1
6291,doi:10.4232/1.12497,1.0.0 (2016-04-22),1,1,913,14000913,14994,14,3,TN,1.032679,1.377675,0.0,1.189387,1.499454,0.0,0.0,2,2,1,1,1,1,1,4,3,1,2,1,3,3,1,3,10,0,0,0,0,0,1,0,1,0,0,0,0,0,1,0,0,0,0,a,a,0,0,0,0,0,0,0,0,1,0,1,0,1,0,0,0,1,0,0,0,0,i,i,0,0,0,1,2,1,1,1,2,2,2,2,1,2,1,2,1,1,1,0,0,1,0,1,0,0,1,i,0,0,0,0,1,1,1,1,1,1,1,1,1,1,1,1,1,1,1,1,1,1,1,1,i,1,1,1,1,1,1,1,0,0,0,0,0,i,i,i,0,0,0,0,0,0,0,1,1,1,0,0,0,0,i,0,0,0,2,4,2,2,2,4,2,2,1,0,0,1,0,0,0,1,1,0,1,0,0,0,0,0,0,0,0,0,0,0,0,0,0,0,1,1,0,0,0,0,3,2,2,2,1,1,2,1,1,1,1,1,2,1,2,1,1,1,1,3,3,3,2,3,2,3,1,0,1,0,0,0,0,1,0,0,0,0,0,0,1,13,i,i,i,i,1,1,1,1,0,1,0,0,1,0,0,0,0,0,0,0,0,0,0,0,0,0,0,0,0,0,0,0,0,1,0,1,1,0,0,0,0,1,0,0,0,0,0,1,0,0,0,1,1,0,1,0,1,1,0,0,0,2,1,67,4,99,9,5,4,4,17,4,1,0,0,0,0,0,1,0,0,0,0,0,0,0,0,1,0,0,0,0,0,0,0,0,0,0,0,0,0,0,0,0,0,0,0,0,0,1,1,1,0,0,1,7,3,5,4,0,0,1,1,1,1,3,1,1,1,1,1,1,1,0,0,0,1,i,5,2,1,2,2,1,i,i,2,i,1,i,i,2,a,a,i,a,14,12,16,45,17,10,25,1,1,1,1,i,i,1,i,i,i,i,i,i,i,i,i,i,i,i,i,53,1,1
6291,doi:10.4232/1.12497,1.0.0 (2016-04-22),1,1,914,14000914,14995,14,3,TN,1.032099,1.377675,0.0,1.189387,1.499454,0.0,0.0,4,3,3,3,4,3,3,3,3,2,2,2,1,1,1,2,1,0,0,0,0,0,0,0,0,0,0,0,0,0,0,0,0,0,0,a,a,0,0,1,1,0,0,0,0,0,0,0,0,0,0,0,0,0,0,0,0,0,i,i,0,0,0,2,2,1,1,1,1,2,2,2,1,2,1,2,0,1,0,0,1,0,1,1,1,0,0,i,0,0,0,0,2,2,2,2,2,1,2,2,2,2,2,1,2,2,1,2,1,1,2,1,i,2,2,2,2,0,1,1,0,0,0,0,0,i,i,i,0,1,0,0,0,0,0,1,1,1,0,0,0,0,i,0,0,0,4,4,3,3,3,2,4,4,0,1,0,1,1,0,0,0,0,0,1,1,0,0,0,0,0,1,0,0,0,0,1,0,0,0,0,0,0,0,0,0,3,3,3,3,1,2,2,1,2,2,2,2,2,4,4,3,3,2,2,2,2,2,3,3,3,3,0,1,0,0,0,1,0,1,0,0,0,0,0,0,2,i,i,i,i,i,i,i,i,i,i,i,i,i,i,i,i,i,i,i,i,i,i,i,i,i,i,i,i,i,i,i,i,i,i,i,i,i,0,1,0,0,0,0,0,1,0,1,0,0,0,0,0,1,1,0,1,0,1,0,0,0,0,3,2,28,2,99,9,1,1,1,19,i,0,0,0,0,1,0,0,i,i,i,i,i,i,i,i,i,i,i,i,i,i,i,i,i,i,i,i,i,i,i,i,i,i,i,i,i,i,0,0,0,1,0,0,8,2,1,1,1,1,0,0,2,1,2,1,1,0,1,1,0,0,0,0,0,6,i,6,3,2,2,2,2,i,i,2,i,i,i,i,i,a,a,i,a,14,12,15,50,16,30,40,1,2,1,1,i,i,1,i,i,i,i,i,i,i,i,i,i,i,i,i,60,7,1
6291,doi:10.4232/1.12497,1.0.0 (2016-04-22),1,1,915,14000915,14996,14,3,TN,1.032099,1.377675,0.0,1.189387,1.499454,0.0,0.0,4,2,2,2,2,2,2,4,2,3,3,1,1,1,1,1,8,0,0,0,1,0,1,0,0,0,0,0,0,0,0,0,0,0,0,a,a,0,0,0,0,0,0,1,0,1,0,1,0,0,0,0,0,0,0,0,0,0,i,i,0,0,0,2,2,2,2,1,2,1,1,1,5,4,2,i,0,0,0,0,0,0,0,0,0,0,0,i,0,1,0,0,2,2,3,3,3,2,2,1,2,1,1,1,1,2,2,2,2,2,1,1,i,1,1,3,3,1,1,0,0,0,0,0,0,i,i,i,0,0,0,0,0,0,0,1,0,0,1,0,0,0,i,0,0,0,2,2,2,4,2,2,2,2,0,0,0,1,0,0,1,0,0,0,0,1,0,0,0,0,1,1,0,0,0,0,0,0,0,0,0,0,0,0,0,0,4,3,3,4,1,1,2,1,1,1,1,1,1,4,4,1,1,1,2,2,2,2,2,3,3,3,1,1,1,0,0,0,0,0,0,0,0,0,0,0,1,48,i,i,i,i,2,2,1,4,0,0,1,1,0,0,0,0,0,0,0,0,0,0,0,0,0,0,0,0,0,0,0,0,0,1,0,1,0,1,0,0,0,0,0,1,0,0,0,1,0,0,0,2,1,0,1,0,1,0,0,0,0,1,2,33,2,15,1,1,17,8,i,i,0,0,0,0,1,0,0,i,i,i,i,i,i,i,i,i,i,i,i,i,i,i,i,i,i,i,i,i,i,i,i,i,i,i,i,i,i,1,0,0,0,0,1,8,1,2,2,3,3,0,0,2,1,2,1,0,0,0,0,1,0,0,0,0,7,6,6,2,2,2,2,2,i,i,2,i,i,i,i,i,a,a,i,a,14,12,12,15,13,0,45,1,3,1,1,i,i,1,i,i,i,i,i,i,i,i,i,i,i,i,i,61,1,1
6291,doi:10.4232/1.12497,1.0.0 (2016-04-22),1,1,916,14000916,14997,14,3,TN,1.001193,1.377675,0.0,1.189387,1.499454,0.0,0.0,3,2,2,2,2,3,3,3,3,3,3,1,1,1,1,1,4,1,1,0,0,0,1,1,1,0,0,0,0,0,0,0,0,0,0,a,a,0,0,0,1,1,0,1,0,1,1,1,0,0,0,0,0,0,0,0,0,0,i,i,0,0,0,2,2,1,1,2,2,2,1,2,5,2,1,1,0,0,1,0,0,1,0,0,1,0,0,i,0,0,0,0,1,4,5,1,1,2,2,2,2,1,2,2,2,2,2,2,2,2,2,2,i,2,2,2,2,0,0,1,0,0,0,0,0,i,i,i,0,0,0,0,0,0,0,0,1,1,0,0,0,0,i,0,0,0,4,4,3,3,2,4,4,4,0,0,0,0,1,0,1,0,0,0,0,0,0,0,0,0,0,1,0,0,0,0,0,0,0,0,0,0,0,0,0,0,2,2,2,2,1,1,3,3,2,2,2,2,2,4,3,1,2,2,1,4,1,3,2,4,4,4,1,1,0,0,0,0,0,0,0,0,0,0,0,0,2,i,i,i,i,i,i,i,i,i,i,i,i,i,i,i,i,i,i,i,i,i,i,i,i,i,i,i,i,i,i,i,i,i,i,i,i,i,1,1,0,0,0,0,0,0,0,0,0,0,0,0,0,1,1,1,1,0,0,0,0,0,0,3,1,15,1,0,5,3,1,1,19,i,0,0,0,0,1,0,0,i,i,i,i,i,i,i,i,i,i,i,i,i,i,i,i,i,i,i,i,i,i,i,i,i,i,i,i,i,i,0,0,0,1,0,0,8,2,3,3,0,0,1,1,2,1,2,1,1,0,1,1,0,0,1,0,0,6,i,6,2,1,2,2,1,i,i,1,i,1,i,i,1,a,a,1,a,12,12,11,30,12,1,31,1,1,1,1,i,i,1,i,i,i,i,i,i,i,i,i,i,i,i,i,25,5,1
6291,doi:10.4232/1.12497,1.0.0 (2016-04-22),1,1,917,14000917,14998,14,3,TN,0.955166,1.377675,0.0,1.189387,1.499454,0.0,0.0,4,2,2,2,2,1,1,4,2,2,2,3,3,3,3,3,3,1,0,0,0,0,0,0,1,0,0,0,0,0,0,0,0,0,0,a,a,0,0,0,1,0,1,0,0,0,0,1,0,0,0,0,0,0,0,0,0,0,i,i,0,0,0,2,2,1,2,4,4,2,2,2,1,2,1,1,1,0,0,0,0,0,0,0,0,0,0,i,0,0,0,0,2,2,2,2,2,1,1,1,1,1,1,1,1,1,1,1,1,1,2,1,i,1,3,2,1,0,1,0,0,0,0,0,0,i,i,i,1,0,0,0,0,0,0,0,1,1,0,0,0,0,i,0,0,0,4,4,3,4,1,4,4,4,0,0,0,0,0,0,1,0,0,0,0,0,0,0,0,0,0,0,0,0,1,0,0,0,0,0,0,0,0,0,0,0,2,2,1,4,1,2,2,2,2,2,2,2,2,2,1,1,2,1,2,4,2,1,1,4,4,4,1,1,0,0,0,0,1,0,0,0,0,0,0,0,2,i,i,i,i,i,i,i,i,i,i,i,i,i,i,i,i,i,i,i,i,i,i,i,i,i,i,i,i,i,i,i,i,i,i,i,i,i,0,1,0,0,0,0,0,0,1,1,0,0,0,0,0,2,1,0,1,0,1,0,0,0,0,2,1,57,4,13,1,1,4,4,17,4,1,0,0,0,0,0,1,0,0,0,0,0,0,0,0,0,1,0,0,0,0,0,0,0,0,0,0,0,0,0,0,0,0,0,1,0,0,1,0,0,0,0,1,6,3,3,3,0,0,0,0,1,1,3,1,1,1,1,1,0,1,0,0,0,1,i,6,2,2,2,2,2,i,i,2,i,i,i,i,i,a,a,i,a,12,12,15,20,15,55,35,1,1,1,1,i,i,1,i,i,i,i,i,i,i,i,i,i,i,i,i,27,5,1
6291,doi:10.4232/1.12497,1.0.0 (2016-04-22),1,1,918,14000918,14999,14,3,TN,0.998507,1.377675,0.0,1.189387,1.499454,0.0,0.0,4,3,3,3,4,4,4,4,3,2,2,3,3,3,3,3,4,1,1,0,0,0,0,1,0,0,0,0,0,0,0,0,0,0,0,a,a,0,0,0,1,1,0,1,0,0,1,0,0,0,0,0,0,0,0,0,0,0,i,i,0,0,0,2,2,1,2,1,2,2,2,2,2,2,1,2,1,0,0,0,0,0,0,0,0,0,0,i,0,0,0,0,5,5,5,5,5,1,2,2,2,2,2,1,2,2,2,1,2,2,2,2,i,1,1,2,2,0,1,1,0,0,0,0,0,i,i,i,0,0,0,0,0,0,0,0,1,1,0,0,0,0,i,0,0,0,4,4,3,3,3,4,4,4,0,1,0,0,0,1,0,1,1,0,0,0,0,0,0,0,0,1,0,0,0,0,0,0,0,0,0,1,0,0,0,0,2,2,2,2,1,1,3,1,2,2,2,2,2,4,3,1,2,2,2,3,3,3,2,4,4,4,1,1,0,0,1,0,0,0,0,0,0,0,0,0,1,5,i,i,i,i,1,1,1,1,0,0,0,0,0,0,0,0,0,0,1,0,0,1,0,0,0,0,0,0,0,0,0,0,0,0,0,1,1,1,0,0,0,0,0,0,0,0,0,0,0,0,0,1,1,0,1,0,0,0,0,0,0,1,2,75,4,1,6,5,1,1,16,4,0,1,0,0,0,0,1,0,0,0,0,0,0,0,0,0,0,0,0,0,0,0,0,0,0,0,0,0,0,0,0,0,0,0,1,0,0,1,0,0,0,0,1,6,3,3,3,0,0,0,0,1,2,1,1,0,0,0,0,0,0,0,0,0,7,i,6,1,2,2,2,2,i,i,2,i,i,i,i,i,a,a,i,a,12,12,12,30,13,0,30,2,3,1,1,i,i,1,i,i,i,i,i,i,i,i,i,i,i,i,i,25,5,1
6291,doi:10.4232/1.12497,1.0.0 (2016-04-22),1,1,919,14000919,15000,14,3,TN,0.981583,1.377675,0.0,1.189387,1.499454,0.0,0.0,2,2,3,3,3,2,2,3,2,2,3,1,3,3,3,3,3,0,0,0,0,0,1,0,0,0,0,0,0,0,0,0,0,0,0,a,a,0,0,0,0,0,1,0,0,1,0,0,0,0,0,0,0,0,0,0,0,0,i,i,0,0,0,2,2,1,1,1,1,2,2,2,2,1,2,i,0,1,0,0,0,0,0,0,0,0,0,i,0,0,0,0,2,2,2,1,1,1,2,2,2,2,2,1,2,1,2,1,1,2,2,1,i,1,1,3,3,0,1,0,0,0,0,0,0,i,i,i,0,0,0,0,0,0,0,1,1,1,0,0,0,0,i,0,0,0,3,3,2,2,1,1,2,2,0,0,0,1,0,0,0,0,0,0,0,0,0,0,0,0,0,1,0,0,0,0,0,0,0,0,0,0,0,0,0,0,1,2,2,1,2,2,2,2,2,2,2,2,2,3,3,2,2,2,2,1,1,2,2,1,1,2,0,1,0,0,0,0,0,0,1,1,0,0,0,0,2,i,i,i,i,i,i,i,i,i,i,i,i,i,i,i,i,i,i,i,i,i,i,i,i,i,i,i,i,i,i,i,i,i,i,i,i,i,0,1,0,0,0,0,0,0,0,0,0,0,0,0,0,1,3,0,1,0,0,0,0,0,0,4,2,40,3,16,2,1,8,5,i,i,0,0,0,0,1,0,0,i,i,i,i,i,i,i,i,i,i,i,i,i,i,i,i,i,i,i,i,i,i,i,i,i,i,i,i,i,i,0,0,0,1,0,0,6,3,5,4,0,0,0,0,2,1,2,1,1,0,1,1,0,0,0,0,0,2,2,6,1,1,2,2,2,i,i,2,i,2,i,i,i,a,a,i,a,12,12,10,35,11,7,38,1,1,2,1,i,i,1,i,i,i,i,i,i,i,i,i,i,i,i,i,54,14,1
6291,doi:10.4232/1.12497,1.0.0 (2016-04-22),1,1,920,14000920,15001,14,3,TN,1.10244,1.377675,0.0,1.189387,1.499454,0.0,0.0,3,3,3,3,4,2,2,4,5,4,2,2,1,1,1,1,12,0,0,0,1,1,1,1,0,1,1,0,0,0,0,0,0,0,0,a,a,0,0,0,0,0,0,1,1,1,1,0,1,1,0,1,0,0,0,0,0,0,i,i,0,0,0,2,1,1,1,1,2,2,2,2,2,2,1,1,1,1,0,0,0,1,1,0,1,1,0,i,0,0,0,0,2,2,2,1,1,1,2,2,1,2,1,1,1,1,1,1,1,1,1,2,i,2,2,3,2,1,1,1,0,0,0,0,0,i,i,i,0,0,0,0,0,0,0,0,1,1,0,0,0,1,i,0,0,0,5,5,2,2,1,1,2,2,0,1,0,0,0,1,0,0,0,0,1,1,1,0,0,0,1,0,0,1,0,0,0,0,0,0,0,0,0,0,0,0,4,4,4,4,2,2,3,2,2,3,3,3,2,4,4,4,4,2,2,2,2,2,2,3,3,3,0,1,0,0,0,1,0,0,0,1,0,0,0,0,2,i,i,i,i,i,i,i,i,i,i,i,i,i,i,i,i,i,i,i,i,i,i,i,i,i,i,i,i,i,i,i,i,i,i,i,i,i,0,1,0,0,0,0,0,0,1,1,0,0,0,0,0,1,1,0,1,0,0,1,0,0,0,1,2,15,1,0,5,3,2,2,19,i,0,0,0,0,1,0,0,i,i,i,i,i,i,i,i,i,i,i,i,i,i,i,i,i,i,i,i,i,i,i,i,i,i,i,i,i,i,0,0,0,1,0,0,8,2,6,4,0,0,2,2,2,1,2,1,1,1,1,1,1,0,0,0,0,1,i,1,3,1,2,2,2,i,i,2,i,1,i,i,i,a,a,i,a,12,12,16,40,17,20,40,2,2,1,1,i,i,1,i,i,i,i,i,i,i,i,i,i,i,i,i,17,7,1
6291,doi:10.4232/1.12497,1.0.0 (2016-04-22),1,1,921,14000921,15002,14,3,TN,0.998909,1.377675,0.0,1.189387,1.499454,0.0,0.0,3,2,2,2,2,2,2,3,3,3,3,3,3,3,3,3,7,1,0,1,0,1,0,0,0,0,0,0,1,0,0,0,0,0,0,a,a,0,0,0,1,0,1,0,1,0,1,0,0,0,0,1,0,0,0,0,0,0,i,i,0,0,0,2,2,1,1,2,2,2,2,2,2,2,1,2,1,0,0,0,0,0,0,0,1,0,0,i,0,0,0,0,2,2,2,2,2,1,2,2,2,2,2,2,2,1,2,2,2,2,1,2,i,2,2,2,2,0,1,0,0,0,0,0,0,i,i,i,0,0,0,0,0,0,0,1,1,0,0,0,0,0,i,0,0,0,3,3,3,3,3,3,3,3,0,1,0,1,0,0,0,0,0,0,0,0,0,0,0,0,0,0,0,0,0,0,1,0,0,0,0,1,0,0,0,0,3,3,3,3,1,2,2,2,2,2,2,2,2,3,3,2,2,2,2,2,2,2,2,2,4,4,0,0,0,0,1,1,0,1,0,0,0,0,0,0,2,i,i,i,i,i,i,i,i,i,i,i,i,i,i,i,i,i,i,i,i,i,i,i,i,i,i,i,i,i,i,i,i,i,i,i,i,i,0,1,0,0,0,0,0,0,0,0,0,0,0,0,0,1,1,0,1,0,1,0,0,0,0,1,1,47,3,0,5,1,8,5,i,i,0,0,0,0,1,0,0,i,i,i,i,i,i,i,i,i,i,i,i,i,i,i,i,i,i,i,i,i,i,i,i,i,i,i,i,i,i,0,0,0,1,0,0,5,2,2,2,0,0,1,1,2,1,2,1,1,1,1,0,0,0,0,0,0,7,7,6,3,2,2,2,2,i,i,2,i,i,i,i,i,a,a,i,a,14,12,15,30,16,0,30,1,1,1,1,i,i,1,i,i,i,i,i,i,i,i,i,i,i,i,i,35,9,1
6291,doi:10.4232/1.12497,1.0.0 (2016-04-22),1,1,922,14000922,15003,14,3,TN,1.10244,1.377675,0.0,1.189387,1.499454,0.0,0.0,3,3,3,3,4,3,3,4,4,5,5,2,1,1,2,1,6,0,0,0,1,1,0,1,1,1,0,0,0,0,0,0,0,0,0,a,a,0,0,0,0,0,0,1,1,1,1,1,1,0,0,0,0,0,0,0,0,0,i,i,0,0,0,3,2,1,1,1,1,2,2,2,2,2,1,1,0,1,0,0,0,0,0,1,1,1,0,i,0,0,0,0,2,2,2,1,1,1,2,2,2,1,1,1,3,3,3,3,1,1,1,1,i,1,1,2,1,1,1,1,0,0,0,0,0,i,i,i,0,0,0,0,0,0,0,0,1,1,0,0,0,1,i,0,0,0,5,5,1,1,1,3,3,3,1,0,0,0,0,0,1,0,0,0,1,1,1,0,0,0,0,1,0,0,0,0,1,0,0,0,0,0,0,0,0,0,2,2,2,2,1,1,2,2,2,2,3,3,2,4,4,1,2,3,3,2,2,2,2,2,2,2,0,1,0,0,0,0,0,1,0,0,0,0,0,0,2,i,i,i,i,i,i,i,i,i,i,i,i,i,i,i,i,i,i,i,i,i,i,i,i,i,i,i,i,i,i,i,i,i,i,i,i,i,0,1,0,0,0,0,0,1,0,0,0,0,0,0,0,1,1,0,1,0,1,0,0,0,0,1,2,17,1,0,5,3,2,2,19,i,0,0,0,0,1,0,0,i,i,i,i,i,i,i,i,i,i,i,i,i,i,i,i,i,i,i,i,i,i,i,i,i,i,i,i,i,i,0,0,0,1,0,0,7,2,4,4,0,0,0,0,2,1,2,1,0,0,0,1,1,0,0,0,0,1,i,1,3,1,2,2,2,i,i,2,i,1,i,i,i,a,a,i,a,12,12,16,0,16,33,33,2,2,1,1,i,i,1,i,i,i,i,i,i,i,i,i,i,i,i,i,17,7,1
6291,doi:10.4232/1.12497,1.0.0 (2016-04-22),1,1,923,14000923,15004,14,3,TN,1.039997,1.377675,0.0,1.189387,1.499454,0.0,0.0,3,2,2,2,2,2,2,4,4,5,5,2,4,3,1,3,1,0,0,0,1,1,1,1,1,0,0,0,0,0,0,0,0,0,0,a,a,0,0,0,1,0,0,1,1,1,1,1,0,0,0,0,0,0,0,0,0,0,i,i,0,0,0,2,3,4,1,1,1,2,1,2,3,2,2,i,0,1,1,1,0,0,0,0,0,1,0,i,0,0,0,0,2,2,2,2,2,1,3,3,2,2,1,1,2,1,1,2,1,1,2,1,i,1,1,2,2,1,1,1,0,0,0,0,0,i,i,i,0,0,0,0,0,0,0,1,1,1,0,0,0,0,i,0,0,0,4,3,2,2,2,5,5,4,1,0,0,0,0,0,1,0,0,0,1,1,0,0,0,0,0,1,0,1,0,0,0,0,0,0,0,0,0,0,0,0,3,3,3,3,1,1,3,2,2,2,2,2,2,4,4,1,2,4,3,2,2,2,2,2,2,2,0,1,0,0,0,0,1,0,0,0,0,0,0,0,1,38,i,i,i,i,1,1,1,3,1,0,1,0,0,0,0,0,0,0,0,0,0,1,0,0,0,0,0,0,0,0,1,0,0,0,0,2,0,1,0,0,0,0,0,0,0,0,1,1,0,0,0,1,1,0,1,0,1,0,0,0,0,1,1,37,2,99,9,1,17,8,i,i,0,0,0,0,1,0,0,i,i,i,i,i,i,i,i,i,i,i,i,i,i,i,i,i,i,i,i,i,i,i,i,i,i,i,i,i,i,0,0,0,1,0,0,7,3,2,2,0,0,0,0,2,1,2,1,0,1,0,1,1,0,0,0,0,3,5,5,3,1,2,2,2,i,i,2,i,5,i,i,i,a,a,i,a,12,12,15,0,15,45,45,2,2,1,1,i,i,1,i,i,i,i,i,i,i,i,i,i,i,i,i,17,7,1
6291,doi:10.4232/1.12497,1.0.0 (2016-04-22),1,1,924,14000924,15005,14,3,TN,1.032099,1.377675,0.0,1.189387,1.499454,0.0,0.0,3,2,2,2,2,3,3,3,3,3,3,2,2,2,2,2,7,0,0,0,0,0,1,0,1,0,0,0,0,0,0,0,0,0,0,a,a,0,0,0,0,0,0,0,0,1,1,1,0,0,0,0,0,0,0,0,0,0,i,i,0,0,0,2,2,1,1,2,2,2,2,2,3,3,2,i,1,0,0,0,0,0,0,0,0,0,0,i,0,0,0,0,3,3,3,3,3,1,2,1,1,1,1,1,1,1,1,1,2,2,1,1,i,1,1,3,3,1,0,0,1,0,0,0,0,i,i,i,0,0,0,0,0,0,0,1,0,0,1,0,0,0,i,0,0,0,2,2,2,2,2,2,2,2,0,1,0,1,0,0,1,0,0,0,0,0,0,0,0,0,0,0,0,0,0,0,1,0,0,0,0,1,0,0,0,0,2,2,2,2,2,2,2,2,2,2,2,2,2,3,3,2,2,2,2,2,2,2,2,2,2,4,0,1,0,0,1,1,0,0,0,0,0,0,0,0,2,i,i,i,i,i,i,i,i,i,i,i,i,i,i,i,i,i,i,i,i,i,i,i,i,i,i,i,i,i,i,i,i,i,i,i,i,i,1,0,0,0,0,0,0,1,0,0,0,0,0,0,0,1,1,0,1,0,1,0,0,0,0,1,2,35,2,16,2,1,1,1,19,i,0,0,0,0,1,0,0,i,i,i,i,i,i,i,i,i,i,i,i,i,i,i,i,i,i,i,i,i,i,i,i,i,i,i,i,i,i,0,0,0,1,0,0,6,3,4,4,2,2,0,0,2,1,2,1,1,1,0,0,0,0,0,0,0,7,i,6,3,2,2,2,2,i,i,2,i,i,i,i,i,a,a,i,a,13,12,14,15,14,50,35,1,1,1,1,i,i,1,i,i,i,i,i,i,i,i,i,i,i,i,i,46,9,1
6291,doi:10.4232/1.12497,1.0.0 (2016-04-22),1,1,925,14000925,15006,14,3,TN,0.974653,1.377675,0.0,1.189387,1.499454,0.0,0.0,2,2,2,2,2,2,2,3,2,2,2,3,3,1,1,1,3,0,0,0,0,0,1,0,0,0,0,0,0,0,0,0,0,0,0,a,a,0,0,0,0,0,1,0,0,1,0,0,0,0,0,0,0,0,0,0,0,0,i,i,0,0,0,2,2,2,1,2,3,2,3,3,1,3,1,2,0,0,0,0,0,0,0,1,0,0,0,i,0,0,0,0,4,4,3,3,2,1,3,3,3,3,3,1,3,1,2,1,1,2,3,1,i,1,1,2,3,1,0,0,0,0,0,0,0,i,i,i,0,0,0,0,0,0,0,1,1,1,0,0,0,0,i,0,0,0,2,1,1,1,1,1,2,2,0,1,0,0,0,0,0,0,0,0,0,0,0,0,0,0,0,0,0,1,0,0,0,0,0,0,0,0,0,0,0,0,1,1,1,1,1,1,2,2,1,1,2,2,1,2,2,1,2,5,3,2,2,5,3,2,3,3,0,1,1,1,0,0,0,0,0,0,0,0,0,0,2,i,i,i,i,i,i,i,i,i,i,i,i,i,i,i,i,i,i,i,i,i,i,i,i,i,i,i,i,i,i,i,i,i,i,i,i,i,0,0,0,0,0,0,0,1,0,0,0,0,0,0,0,1,3,0,1,1,1,0,0,0,0,4,1,35,2,10,1,1,5,5,i,i,0,0,0,0,1,0,0,i,i,i,i,i,i,i,i,i,i,i,i,i,i,i,i,i,i,i,i,i,i,i,i,i,i,i,i,i,i,0,0,0,1,0,0,6,3,6,4,0,0,0,0,2,1,2,1,0,0,1,0,0,0,0,0,0,4,6,6,1,1,2,2,2,i,i,2,i,6,i,i,i,a,a,i,a,12,12,13,35,14,4,29,1,2,2,1,i,i,1,i,i,i,i,i,i,i,i,i,i,i,i,i,54,14,1
6291,doi:10.4232/1.12497,1.0.0 (2016-04-22),1,1,926,14000926,15007,14,3,TN,1.05249,1.377675,0.0,1.189387,1.499454,0.0,0.0,3,3,3,3,4,3,3,3,3,3,3,2,2,2,2,2,7,0,0,0,0,0,1,0,0,0,0,0,0,0,0,0,0,0,0,a,a,0,0,0,0,0,0,0,0,1,1,0,0,0,0,0,0,0,0,0,0,0,i,i,0,0,0,2,2,1,1,2,2,2,2,2,3,6,3,i,0,0,0,0,0,0,0,0,0,0,0,i,0,0,1,0,5,5,5,5,5,2,2,1,2,2,2,1,1,2,2,2,1,1,1,2,i,2,2,5,5,1,1,0,0,0,0,0,0,i,i,i,0,0,0,0,0,0,0,1,1,0,0,0,0,0,i,0,0,0,3,3,3,3,3,3,3,3,0,0,0,1,1,0,0,0,0,0,0,0,0,0,0,0,0,0,0,1,0,0,0,0,0,0,0,0,0,0,0,0,2,2,2,2,2,2,2,2,2,2,2,2,2,3,3,2,2,3,3,3,3,3,3,3,3,3,1,0,0,0,0,0,0,0,0,0,0,0,0,0,2,i,i,i,i,i,i,i,i,i,i,i,i,i,i,i,i,i,i,i,i,i,i,i,i,i,i,i,i,i,i,i,i,i,i,i,i,i,0,1,0,0,0,0,0,0,0,0,0,0,0,0,0,1,1,0,0,0,1,0,0,0,0,1,2,51,3,1,6,4,1,1,19,i,0,0,0,0,1,0,0,i,i,i,i,i,i,i,i,i,i,i,i,i,i,i,i,i,i,i,i,i,i,i,i,i,i,i,i,i,i,0,0,0,1,0,0,4,2,2,2,0,0,0,0,2,1,2,1,1,1,0,0,0,0,0,0,0,7,i,6,3,2,2,2,2,i,i,2,i,i,i,i,i,a,a,i,a,14,12,11,20,11,50,30,1,1,1,1,i,i,1,i,i,i,i,i,i,i,i,i,i,i,i,i,34,9,1
6291,doi:10.4232/1.12497,1.0.0 (2016-04-22),1,1,927,14000927,15008,14,3,TN,1.032099,1.377675,0.0,1.189387,1.499454,0.0,0.0,3,2,2,2,2,3,3,3,2,4,5,2,1,1,1,1,1,0,0,0,0,0,0,0,0,0,0,0,0,0,0,0,0,0,0,a,a,0,0,1,1,0,0,0,0,0,0,0,0,0,0,0,0,0,0,0,0,0,i,i,0,0,0,2,1,1,3,3,3,2,2,2,2,2,1,2,0,1,1,0,0,1,0,0,1,1,0,i,0,0,0,0,2,2,2,2,2,1,2,2,2,2,2,1,2,1,2,2,1,2,1,1,i,2,2,2,2,1,1,1,0,0,0,0,0,i,i,i,0,0,0,0,0,0,0,1,1,1,0,0,0,0,i,0,0,0,3,3,2,2,5,5,4,4,1,1,0,1,0,0,0,0,0,0,1,1,0,0,0,0,0,1,0,0,0,0,1,0,0,0,0,0,0,0,0,0,3,3,3,3,1,1,2,2,2,2,2,2,2,4,4,3,3,3,3,2,2,2,2,2,2,2,0,1,0,0,1,0,0,0,1,0,0,0,0,0,2,i,i,i,i,i,i,i,i,i,i,i,i,i,i,i,i,i,i,i,i,i,i,i,i,i,i,i,i,i,i,i,i,i,i,i,i,i,0,1,0,0,0,0,0,1,0,1,0,0,0,0,0,1,2,1,0,1,0,0,0,0,0,1,2,35,2,99,9,1,1,1,19,i,0,0,0,0,1,0,0,i,i,i,i,i,i,i,i,i,i,i,i,i,i,i,i,i,i,i,i,i,i,i,i,i,i,i,i,i,i,0,0,0,1,0,0,7,2,2,2,1,1,0,0,2,1,2,1,1,1,1,1,0,0,0,0,0,3,i,3,3,2,2,2,2,i,i,2,i,i,i,i,i,a,a,i,a,14,12,16,35,17,10,35,2,3,1,1,i,i,1,i,i,i,i,i,i,i,i,i,i,i,i,i,60,7,1
6291,doi:10.4232/1.12497,1.0.0 (2016-04-22),1,1,928,14000928,15009,14,3,TN,0.99407,1.377675,0.0,1.189387,1.499454,0.0,0.0,2,3,2,2,3,1,2,4,3,2,2,2,1,1,3,1,8,1,0,1,1,0,1,1,0,0,0,1,1,0,0,0,0,0,0,a,a,0,0,0,1,0,1,1,0,1,1,1,0,0,1,1,0,0,0,0,0,0,i,i,0,0,0,2,2,1,1,1,2,2,2,2,2,2,3,i,1,0,0,1,0,0,0,0,1,0,0,i,0,0,0,0,2,2,2,2,5,1,1,1,2,1,1,1,1,1,1,1,1,1,1,1,i,2,1,2,2,0,0,0,0,0,0,0,1,i,i,i,1,0,1,0,0,0,0,1,1,0,0,0,0,0,i,0,0,0,4,4,4,4,4,4,4,4,0,0,1,0,0,0,0,1,0,0,1,1,1,0,0,0,0,1,0,0,0,0,1,0,0,0,0,0,0,0,0,0,3,3,2,2,1,2,2,2,2,2,2,2,2,3,3,1,2,2,3,1,2,2,3,1,4,4,1,0,0,1,0,0,0,1,0,0,0,0,0,0,2,i,i,i,i,i,i,i,i,i,i,i,i,i,i,i,i,i,i,i,i,i,i,i,i,i,i,i,i,i,i,i,i,i,i,i,i,i,1,1,0,0,0,0,0,0,0,0,0,0,0,0,0,1,1,0,1,0,0,0,1,0,0,2,1,40,3,12,1,1,8,5,i,i,0,0,0,0,1,0,0,i,i,i,i,i,i,i,i,i,i,i,i,i,i,i,i,i,i,i,i,i,i,i,i,i,i,i,i,i,i,1,0,0,0,0,1,8,3,3,3,0,0,1,1,2,1,2,1,1,0,1,1,0,1,0,0,0,2,7,6,3,1,2,2,2,i,i,2,i,2,i,i,i,a,a,i,a,14,12,16,45,17,26,41,1,2,1,1,i,i,1,i,i,i,i,i,i,i,i,i,i,i,i,i,59,3,1
6291,doi:10.4232/1.12497,1.0.0 (2016-04-22),1,1,929,14000929,15010,14,3,TN,1.037123,1.377675,0.0,1.189387,1.499454,0.0,0.0,4,3,3,3,4,3,3,4,5,2,2,2,1,1,1,1,7,0,0,0,0,0,0,0,0,0,0,0,0,0,0,0,0,0,0,a,a,0,0,1,0,0,0,0,0,0,1,0,0,0,0,0,0,0,0,0,0,0,i,i,0,0,0,2,2,3,1,2,2,2,2,2,2,2,1,2,0,1,0,1,0,0,0,0,1,1,0,i,0,0,0,0,2,3,2,2,2,1,2,2,1,1,1,1,2,2,2,2,1,1,2,2,i,2,2,3,2,1,1,1,0,0,0,0,0,i,i,i,0,0,0,0,0,0,0,0,1,1,0,0,0,1,i,0,0,0,4,4,2,2,2,5,5,5,1,1,0,0,0,0,1,0,0,0,1,1,0,0,0,0,0,1,0,1,0,0,0,0,0,0,0,0,0,0,0,0,1,1,1,1,1,1,1,1,1,2,3,3,2,3,3,1,1,3,2,2,2,3,2,2,2,2,1,0,0,0,1,0,1,0,0,0,0,0,0,0,2,i,i,i,i,i,i,i,i,i,i,i,i,i,i,i,i,i,i,i,i,i,i,i,i,i,i,i,i,i,i,i,i,i,i,i,i,i,0,1,0,0,0,0,0,0,0,1,0,0,0,0,0,1,2,0,1,0,1,0,0,0,0,2,2,33,2,99,9,3,1,1,16,4,0,0,0,0,1,0,0,i,i,i,i,i,i,i,i,i,i,i,i,i,i,i,i,i,i,i,i,i,i,i,i,i,i,i,i,i,i,1,0,0,0,0,1,7,2,4,4,0,0,0,0,2,1,2,1,1,1,1,1,0,0,0,0,0,2,i,2,3,1,2,2,2,i,i,2,i,2,i,i,i,a,a,i,a,14,12,14,0,14,35,35,1,2,1,1,i,i,1,i,i,i,i,i,i,i,i,i,i,i,i,i,6,7,1
6291,doi:10.4232/1.12497,1.0.0 (2016-04-22),1,1,930,14000930,15011,14,3,TN,0.955166,1.377675,0.0,1.189387,1.499454,0.0,0.0,2,2,1,1,1,2,1,3,2,2,2,1,1,1,1,1,6,0,0,0,1,0,0,0,1,0,0,0,0,0,0,0,0,0,0,a,a,0,0,0,0,0,0,1,0,1,0,1,0,0,0,0,0,0,0,0,0,0,i,i,0,0,0,3,2,1,1,2,2,2,2,1,3,2,1,2,0,1,1,1,0,0,0,0,0,0,0,i,0,0,0,0,2,2,2,1,2,1,1,1,1,1,1,1,1,2,2,1,1,1,1,1,i,1,1,3,4,1,1,0,1,0,0,0,0,i,i,i,0,0,0,0,0,0,0,1,0,0,0,0,0,0,i,0,0,0,2,2,2,3,3,3,4,4,0,0,0,0,0,0,0,0,0,0,0,0,1,0,0,0,0,0,0,0,1,0,1,0,0,0,0,0,0,0,0,0,2,2,2,3,1,2,2,1,1,1,2,2,2,2,2,2,2,3,3,3,3,3,3,2,2,3,1,0,0,0,0,0,0,0,0,0,1,0,0,0,2,i,i,i,i,i,i,i,i,i,i,i,i,i,i,i,i,i,i,i,i,i,i,i,i,i,i,i,i,i,i,i,i,i,i,i,i,i,1,1,0,0,0,0,0,0,0,0,0,0,0,0,0,1,2,0,0,0,1,0,1,0,0,2,1,55,4,14,1,1,8,5,i,i,0,1,0,0,0,0,1,0,0,0,0,0,0,0,0,0,0,0,0,0,0,0,0,0,0,0,0,0,0,0,0,0,0,0,1,0,0,1,1,0,0,0,1,7,3,4,4,0,0,0,0,1,1,3,1,0,0,1,1,1,1,0,0,0,6,6,6,3,2,2,2,2,i,i,2,i,i,i,i,i,a,a,i,a,14,12,12,20,13,3,43,1,3,1,1,i,i,1,i,i,i,i,i,i,i,i,i,i,i,i,i,62,2,1
6291,doi:10.4232/1.12497,1.0.0 (2016-04-22),1,1,931,14000931,15012,14,3,TN,1.032679,1.377675,0.0,1.189387,1.499454,0.0,0.0,1,3,3,3,4,3,3,4,4,4,4,3,3,2,3,3,4,0,0,0,0,0,1,0,0,0,0,1,1,0,0,0,0,0,0,a,a,0,0,0,0,0,0,1,0,1,0,0,0,0,1,1,0,0,0,0,0,0,i,i,0,0,0,2,2,1,1,2,3,2,2,2,3,3,2,i,0,0,0,0,0,0,0,0,0,0,0,i,0,0,1,0,3,4,3,3,3,1,2,2,2,2,1,2,2,2,2,2,2,1,2,2,i,2,2,3,3,1,0,0,0,0,0,0,1,i,i,i,0,0,0,0,0,0,0,1,0,0,1,0,0,0,i,0,0,0,3,2,2,2,3,3,3,3,0,0,0,0,0,0,0,0,0,0,0,0,0,0,1,0,0,0,0,0,0,0,1,0,0,0,0,1,0,0,0,0,3,3,3,4,2,2,2,1,1,1,1,1,1,2,2,1,1,1,1,1,1,2,2,2,2,3,0,0,0,1,0,0,0,0,0,1,0,0,0,0,2,i,i,i,i,i,i,i,i,i,i,i,i,i,i,i,i,i,i,i,i,i,i,i,i,i,i,i,i,i,i,i,i,i,i,i,i,i,0,0,0,0,0,0,0,1,0,0,0,1,0,0,0,1,2,0,0,0,1,0,0,0,0,2,1,81,4,99,9,1,4,4,14,3,0,0,0,0,1,0,0,i,i,i,i,i,i,i,i,i,i,i,i,i,i,i,i,i,i,i,i,i,i,i,i,i,i,i,i,i,i,1,0,0,0,0,1,5,2,4,4,0,0,0,0,1,1,3,1,1,1,1,1,0,1,0,0,0,6,i,6,3,2,2,2,2,i,i,2,i,i,i,i,i,a,a,i,a,14,12,11,30,12,2,32,1,2,1,1,i,i,1,i,i,i,i,i,i,i,i,i,i,i,i,i,62,2,1
6291,doi:10.4232/1.12497,1.0.0 (2016-04-22),1,1,932,14000932,15013,14,3,TN,0.903623,1.377675,0.0,1.189387,1.499454,0.0,0.0,2,2,2,2,2,2,2,4,3,3,2,3,3,1,3,3,7,0,0,0,1,0,0,0,0,0,0,0,1,0,0,0,0,0,0,a,a,0,0,0,0,0,0,1,0,0,1,0,0,0,0,1,0,0,0,0,0,0,i,i,0,0,0,2,2,3,3,3,2,2,1,2,4,3,1,2,0,0,0,1,0,0,0,0,0,0,0,i,0,0,0,0,2,4,2,2,3,2,2,2,1,2,2,2,2,2,2,2,2,2,2,1,i,2,1,4,4,1,1,1,0,0,0,0,0,i,i,i,0,0,0,0,0,0,0,1,0,0,1,0,0,0,i,0,0,0,3,4,4,4,4,4,3,3,0,0,0,0,0,0,0,0,0,0,0,0,0,0,1,0,0,0,0,0,0,0,1,0,0,0,0,1,0,0,0,0,2,2,2,3,1,1,2,1,2,2,1,1,2,3,3,2,2,2,3,2,2,2,3,3,3,3,0,0,1,1,0,0,0,0,0,0,0,0,0,0,2,i,i,i,i,i,i,i,i,i,i,i,i,i,i,i,i,i,i,i,i,i,i,i,i,i,i,i,i,i,i,i,i,i,i,i,i,i,1,1,0,0,0,0,0,1,0,0,0,0,0,0,0,3,2,1,1,1,0,0,0,0,0,2,2,58,4,1,6,1,1,1,17,4,0,0,0,0,1,0,0,i,i,i,i,i,i,i,i,i,i,i,i,i,i,i,i,i,i,i,i,i,i,i,i,i,i,i,i,i,i,0,0,1,0,0,1,5,2,5,4,0,0,0,0,2,1,2,1,0,0,1,1,0,1,0,0,0,6,i,6,3,2,2,2,2,i,i,2,i,i,i,i,i,a,a,i,a,14,12,10,49,11,20,31,1,2,1,1,i,i,1,i,i,i,i,i,i,i,i,i,i,i,i,i,62,2,1
6291,doi:10.4232/1.12497,1.0.0 (2016-04-22),1,1,933,14000933,15014,14,3,TN,1.05249,1.377675,0.0,1.189387,1.499454,0.0,0.0,3,3,3,3,4,2,2,4,4,4,4,3,3,3,3,3,8,1,1,1,1,0,1,1,0,0,0,0,0,1,0,0,0,1,0,a,a,0,0,0,1,1,1,1,0,1,1,1,0,0,0,0,1,0,0,0,1,0,i,i,0,0,0,2,2,4,4,1,3,2,2,2,2,2,3,i,1,1,0,0,0,0,0,0,0,0,0,i,0,0,0,0,2,2,2,4,4,1,1,1,1,1,1,1,2,1,2,1,1,1,1,1,i,1,1,5,5,1,1,0,0,0,0,0,0,i,i,i,0,0,1,0,0,0,0,1,1,0,1,0,0,0,i,0,0,0,3,3,3,3,3,3,3,3,0,0,0,0,1,0,0,1,0,0,0,0,0,0,0,0,0,0,1,0,0,0,0,0,0,0,0,1,0,0,0,0,3,3,3,3,1,1,3,1,2,2,2,2,2,3,3,2,2,2,2,3,3,2,2,1,4,4,0,1,1,0,0,0,1,0,0,0,0,0,0,0,2,i,i,i,i,i,i,i,i,i,i,i,i,i,i,i,i,i,i,i,i,i,i,i,i,i,i,i,i,i,i,i,i,i,i,i,i,i,1,1,0,0,0,0,0,1,0,0,0,0,0,0,0,1,1,0,1,0,1,0,1,0,0,2,2,45,3,1,6,1,3,3,19,i,0,0,0,0,1,0,0,i,i,i,i,i,i,i,i,i,i,i,i,i,i,i,i,i,i,i,i,i,i,i,i,i,i,i,i,i,i,1,0,0,0,0,1,8,2,4,4,0,0,1,1,2,1,2,1,0,0,0,0,0,1,0,0,0,7,i,6,3,2,2,2,2,i,i,2,i,i,i,i,i,a,a,i,a,14,12,19,59,20,42,43,1,2,1,1,i,i,1,i,i,i,i,i,i,i,i,i,i,i,i,i,59,3,1
6291,doi:10.4232/1.12497,1.0.0 (2016-04-22),1,1,934,14000934,15015,14,3,TN,1.047391,1.377675,0.0,1.189387,1.499454,0.0,0.0,2,3,3,3,4,2,2,4,4,3,2,3,3,1,3,1,4,1,0,1,0,0,1,1,1,0,0,0,0,0,0,1,1,0,0,a,a,0,0,0,1,0,1,1,0,1,1,1,0,0,0,0,0,0,1,1,0,0,i,i,0,0,0,2,2,4,4,1,2,2,2,2,1,2,1,2,0,0,1,1,0,0,0,0,0,0,0,i,0,0,0,0,2,2,2,5,5,1,1,1,1,1,1,1,1,1,1,1,1,1,1,1,i,1,1,5,5,1,1,1,0,0,0,0,0,i,i,i,0,0,0,0,0,0,0,1,1,1,0,0,0,0,i,0,0,0,4,4,3,3,3,2,2,2,0,1,0,0,0,1,0,0,1,0,0,0,0,0,0,0,0,0,0,1,0,0,1,0,0,0,0,0,0,0,0,0,4,4,4,5,2,2,3,3,2,2,2,2,2,4,4,2,2,2,2,2,2,2,2,2,2,2,1,0,1,0,0,0,0,1,0,0,0,0,0,0,2,i,i,i,i,i,i,i,i,i,i,i,i,i,i,i,i,i,i,i,i,i,i,i,i,i,i,i,i,i,i,i,i,i,i,i,i,i,0,0,0,0,0,0,0,0,1,1,0,0,0,0,0,1,1,0,1,0,1,0,1,0,0,2,2,50,3,12,1,1,3,3,8,1,0,0,0,0,1,0,0,i,i,i,i,i,i,i,i,i,i,i,i,i,i,i,i,i,i,i,i,i,i,i,i,i,i,i,i,i,i,1,1,0,0,0,1,8,3,6,4,0,0,0,0,2,1,2,1,0,0,1,0,0,1,0,0,0,7,i,6,3,2,2,2,2,i,i,2,i,i,i,i,i,a,a,i,a,14,12,19,6,19,35,29,1,1,1,1,i,i,1,i,i,i,i,i,i,i,i,i,i,i,i,i,59,3,1
6291,doi:10.4232/1.12497,1.0.0 (2016-04-22),1,1,935,14000935,15016,14,3,TN,0.998507,1.377675,0.0,1.189387,1.499454,0.0,0.0,2,3,2,2,3,2,2,4,2,2,2,2,3,2,2,2,1,0,0,0,1,0,1,1,0,0,0,0,0,0,0,0,0,0,0,a,a,0,0,0,1,0,0,1,0,1,1,0,0,0,0,0,0,0,0,0,0,0,i,i,0,0,0,2,2,1,1,2,3,2,2,2,3,3,1,2,0,1,0,0,0,1,0,0,0,1,0,i,0,0,0,0,2,2,2,2,2,1,1,1,1,1,1,1,1,1,1,1,1,1,1,1,i,1,1,3,3,1,0,0,0,0,0,0,0,i,i,i,0,0,0,0,0,0,0,1,0,0,0,0,0,0,i,0,0,0,1,3,2,2,2,2,2,2,1,0,0,0,0,0,1,0,0,0,0,1,0,0,0,0,1,0,0,0,0,0,1,0,0,0,0,0,0,0,0,0,4,4,4,4,2,2,2,1,1,2,1,1,2,3,3,1,1,1,1,1,1,1,1,1,1,1,1,1,1,0,0,0,0,0,0,0,0,0,0,0,1,41,i,i,i,i,2,2,2,1,0,0,0,0,0,0,0,0,0,0,1,0,0,0,0,0,0,0,0,0,0,0,0,0,1,0,0,1,0,1,0,0,0,0,0,1,0,0,0,1,0,0,0,1,1,0,1,0,1,0,0,0,0,2,2,70,4,1,6,5,1,1,19,i,0,0,0,0,1,0,0,i,i,i,i,i,i,i,i,i,i,i,i,i,i,i,i,i,i,i,i,i,i,i,i,i,i,i,i,i,i,1,0,0,0,0,1,5,2,2,2,0,0,0,0,1,1,3,1,0,0,0,0,0,1,0,0,0,7,i,6,1,2,2,2,2,i,i,2,i,i,i,i,i,a,a,i,a,14,12,14,5,14,30,25,1,2,1,1,i,i,1,i,i,i,i,i,i,i,i,i,i,i,i,i,61,1,1
6291,doi:10.4232/1.12497,1.0.0 (2016-04-22),1,1,936,14000936,15017,14,3,TN,1.037705,1.377675,0.0,1.189387,1.499454,0.0,0.0,2,2,2,2,2,3,3,4,3,3,3,3,3,3,3,3,4,1,1,1,0,0,1,1,1,0,0,0,0,0,0,0,0,0,0,a,a,0,0,0,1,1,1,1,0,1,1,1,0,0,0,0,0,0,0,0,0,0,i,i,0,0,0,2,2,4,4,1,3,2,2,2,1,2,2,i,1,0,0,0,0,0,0,0,1,0,0,i,0,0,0,0,2,2,2,5,5,1,1,1,1,1,1,1,1,1,1,1,1,1,1,1,i,1,1,5,5,0,1,0,1,0,0,0,0,i,i,i,0,0,0,0,0,0,0,1,0,0,0,0,0,0,i,0,0,0,4,4,4,4,4,4,4,4,0,1,0,1,0,0,1,0,0,0,0,0,0,0,0,0,0,0,1,0,0,0,0,0,0,0,0,1,0,0,0,0,4,4,4,4,1,2,3,1,2,2,2,2,2,4,4,2,2,2,2,2,2,2,2,2,2,2,0,1,0,1,0,0,0,1,0,0,0,0,0,0,2,i,i,i,i,i,i,i,i,i,i,i,i,i,i,i,i,i,i,i,i,i,i,i,i,i,i,i,i,i,i,i,i,i,i,i,i,i,0,1,0,0,0,0,0,1,1,0,0,0,0,0,0,1,1,0,0,0,0,0,1,0,0,2,1,66,4,1,6,1,4,4,8,1,0,0,0,0,1,0,0,i,i,i,i,i,i,i,i,i,i,i,i,i,i,i,i,i,i,i,i,i,i,i,i,i,i,i,i,i,i,0,0,0,1,0,0,8,3,4,4,0,0,0,0,2,1,2,1,1,0,1,1,0,0,0,0,0,6,i,6,2,2,2,2,2,i,i,2,i,i,i,i,i,a,a,i,a,14,12,15,31,16,11,40,1,2,1,1,i,i,1,i,i,i,i,i,i,i,i,i,i,i,i,i,59,3,1
6291,doi:10.4232/1.12497,1.0.0 (2016-04-22),1,1,937,14000937,15018,14,3,TN,0.998507,1.377675,0.0,1.189387,1.499454,0.0,0.0,4,2,2,1,2,2,2,3,3,2,2,1,3,3,1,2,4,0,0,0,0,0,1,1,0,0,0,0,0,0,0,0,0,0,0,a,a,0,0,0,0,0,0,1,0,1,1,0,0,0,0,0,0,0,0,0,0,0,i,i,0,0,0,2,2,1,1,1,1,2,2,2,2,2,1,2,0,1,1,0,0,0,0,0,0,0,0,i,0,0,0,0,2,2,2,2,2,1,1,1,1,1,1,1,1,1,1,1,1,1,1,1,i,1,1,3,3,1,0,0,1,0,0,0,0,i,i,i,0,0,0,0,0,0,0,1,0,0,0,0,0,0,i,0,0,0,1,4,1,1,3,4,1,1,1,0,0,0,1,0,1,0,0,0,0,1,0,0,0,0,1,0,0,0,1,0,0,0,0,0,0,0,0,0,0,0,4,4,4,4,1,1,2,1,2,2,2,2,2,3,2,1,1,2,1,4,3,3,3,4,3,4,1,0,0,0,0,1,0,0,1,0,0,0,0,0,1,48,i,i,i,i,2,2,1,2,0,0,0,0,0,0,0,0,0,0,1,0,0,0,0,0,0,0,0,0,0,0,1,1,0,0,0,1,0,1,0,0,0,0,0,1,0,0,0,0,0,0,0,2,1,0,1,0,1,0,0,0,0,1,2,75,4,1,6,5,1,1,19,i,0,1,0,0,0,0,1,0,0,0,0,0,0,0,0,1,0,0,0,0,0,0,0,0,0,0,0,0,0,0,0,0,0,0,0,0,0,1,0,0,0,0,1,4,1,7,4,4,4,0,0,1,2,1,1,0,0,0,0,0,1,0,0,0,7,i,6,2,2,2,2,2,i,i,2,i,i,i,i,i,a,a,i,a,14,12,13,30,14,0,30,1,1,1,1,i,i,1,i,i,i,i,i,i,i,i,i,i,i,i,i,61,1,1
6291,doi:10.4232/1.12497,1.0.0 (2016-04-22),1,1,938,14000938,15019,14,3,TN,1.047391,1.377675,0.0,1.189387,1.499454,0.0,0.0,3,3,2,2,3,3,3,3,3,2,3,3,3,3,3,3,6,0,0,1,1,0,0,0,0,0,0,0,0,0,0,0,0,0,0,a,a,0,0,0,0,0,1,1,0,1,0,0,0,0,0,0,0,0,0,0,0,0,i,i,0,0,0,1,1,1,1,1,2,2,2,2,2,2,1,2,1,1,1,0,0,0,0,0,0,0,0,i,0,0,0,0,2,2,2,2,2,1,1,1,1,1,1,1,1,1,1,1,1,1,1,1,i,1,1,3,3,1,0,0,0,0,0,0,0,i,i,i,0,0,0,0,0,0,0,1,1,1,0,0,0,0,i,0,0,0,1,1,2,2,2,2,2,2,1,0,0,0,1,0,1,0,0,0,0,0,0,0,0,0,1,0,0,0,0,0,1,0,0,0,0,0,0,0,0,0,4,1,1,4,1,1,2,2,1,1,1,1,2,2,2,2,2,1,2,2,2,2,2,2,2,2,1,1,1,0,0,0,0,0,0,0,0,0,0,0,2,i,i,i,i,i,i,i,i,i,i,i,i,i,i,i,i,i,i,i,i,i,i,i,i,i,i,i,i,i,i,i,i,i,i,i,i,i,0,1,0,0,0,0,0,1,0,0,1,0,0,0,0,1,1,0,1,0,0,0,0,0,0,1,2,52,3,12,1,1,1,1,19,i,0,0,0,0,1,0,0,i,i,i,i,i,i,i,i,i,i,i,i,i,i,i,i,i,i,i,i,i,i,i,i,i,i,i,i,i,i,1,0,0,0,0,1,5,2,5,4,0,0,0,0,2,2,4,1,0,0,0,0,1,1,0,0,0,7,i,6,2,2,2,2,2,i,i,2,i,i,i,i,i,a,a,i,a,14,12,17,15,17,35,20,2,3,1,1,i,i,1,i,i,i,i,i,i,i,i,i,i,i,i,i,53,1,1
6291,doi:10.4232/1.12497,1.0.0 (2016-04-22),1,1,939,14000939,15020,14,3,TN,0.857241,1.377675,0.0,1.189387,1.499454,0.0,0.0,2,3,3,3,4,3,3,3,5,3,2,1,3,1,1,1,4,0,0,0,0,0,1,1,1,0,0,0,0,0,0,0,0,0,0,a,a,0,0,0,0,0,0,1,0,1,1,1,0,0,0,0,0,0,0,0,0,0,i,i,0,0,0,3,2,4,4,5,3,2,2,2,6,3,3,i,0,1,0,1,0,0,0,0,0,0,0,i,0,0,0,0,5,4,2,5,4,1,1,2,2,2,2,1,2,2,1,1,2,1,2,1,i,2,2,1,5,1,1,0,0,0,0,0,0,i,i,i,0,0,1,0,0,0,0,1,0,0,0,0,0,0,i,0,0,0,1,1,1,1,5,2,5,5,1,0,0,1,1,1,0,0,0,0,0,0,1,0,0,0,0,0,0,0,0,0,0,0,0,0,1,0,1,0,0,0,5,1,1,5,2,2,2,1,1,1,2,2,2,5,2,5,2,1,1,3,3,1,1,5,5,5,1,0,0,1,0,1,0,0,0,0,0,0,0,0,2,i,i,i,i,i,i,i,i,i,i,i,i,i,i,i,i,i,i,i,i,i,i,i,i,i,i,i,i,i,i,i,i,i,i,i,i,i,1,0,0,0,0,0,0,1,1,0,0,0,0,0,0,4,2,1,1,0,0,0,0,0,0,4,2,63,4,1,6,1,3,3,19,i,0,0,0,0,1,0,0,i,i,i,i,i,i,i,i,i,i,i,i,i,i,i,i,i,i,i,i,i,i,i,i,i,i,i,i,i,i,0,0,0,1,0,0,6,2,8,4,3,3,0,0,2,1,2,1,0,0,0,0,0,1,0,0,0,7,i,6,1,3,3,3,3,i,i,3,i,i,i,i,i,a,a,i,a,10,12,17,25,18,5,40,1,2,2,5,i,i,5,i,i,i,i,i,i,i,i,i,i,i,i,i,181,42,1
6291,doi:10.4232/1.12497,1.0.0 (2016-04-22),1,1,940,14000940,15021,14,3,TN,0.949803,1.377675,0.0,1.189387,1.499454,0.0,0.0,1,3,3,3,4,4,4,4,2,2,1,2,3,1,3,1,3,0,0,0,1,0,1,0,0,0,0,0,1,0,0,0,0,0,0,a,a,0,0,0,0,0,1,1,0,1,0,0,0,0,0,1,0,0,0,0,0,0,i,i,0,0,0,3,2,1,4,1,5,2,2,3,1,2,1,2,0,1,0,1,0,0,0,0,0,0,0,i,0,0,0,0,5,4,2,2,5,1,2,2,2,2,2,1,2,2,2,1,1,1,2,1,i,2,2,5,5,1,0,0,0,0,0,0,0,i,i,i,1,0,1,0,0,0,0,1,0,0,0,0,0,0,i,0,0,0,3,3,1,1,2,2,2,2,0,0,0,0,1,1,0,0,0,0,1,0,1,0,0,0,0,0,0,0,1,0,0,0,0,0,0,0,1,0,0,0,2,1,2,4,3,2,2,1,2,2,3,3,2,4,4,2,2,1,1,2,3,3,2,3,2,2,1,0,0,0,1,0,0,1,0,0,0,0,0,0,3,i,i,i,i,i,i,i,i,i,i,i,i,i,i,i,i,i,i,i,i,i,i,i,i,i,i,i,i,i,i,i,i,i,i,i,i,i,1,0,0,0,0,0,0,0,1,1,0,0,0,0,0,1,2,0,1,1,0,0,0,0,0,2,1,19,1,12,1,3,7,5,i,i,0,0,0,0,1,0,0,i,i,i,i,i,i,i,i,i,i,i,i,i,i,i,i,i,i,i,i,i,i,i,i,i,i,i,i,i,i,0,0,0,1,0,0,7,3,6,4,0,0,0,0,2,1,2,1,1,1,1,0,1,1,0,0,0,7,2,6,1,1,2,2,2,i,i,2,i,2,i,i,i,a,a,i,a,10,12,13,0,13,30,30,1,1,2,5,i,i,5,i,i,i,i,i,i,i,i,i,i,i,i,i,181,42,1
6291,doi:10.4232/1.12497,1.0.0 (2016-04-22),1,1,941,14000941,15022,14,3,TN,1.045853,1.377675,0.0,1.189387,1.499454,0.0,0.0,3,3,2,2,3,2,2,3,5,4,2,2,3,1,2,1,4,0,0,1,0,0,1,0,0,0,0,0,0,0,1,0,0,0,0,a,a,0,0,0,0,0,1,1,0,1,0,0,0,0,0,0,0,1,0,0,0,0,i,i,0,0,0,3,2,1,3,2,5,2,2,2,2,1,3,i,0,1,0,0,0,1,0,0,0,1,0,i,0,0,0,0,5,3,2,2,5,1,2,1,1,1,2,1,2,2,2,1,1,1,2,2,i,2,2,2,5,1,1,0,0,0,0,0,0,i,i,i,1,0,0,0,0,0,0,1,0,0,0,0,0,0,i,0,0,0,4,3,1,1,2,3,2,2,1,0,0,0,1,0,1,0,0,0,1,0,1,0,0,0,0,0,0,0,1,0,0,0,0,0,0,0,1,0,0,0,3,2,2,5,3,3,3,2,2,1,2,3,2,5,4,2,2,1,1,4,4,1,2,2,3,5,0,0,1,0,1,0,0,0,1,0,0,0,0,0,2,i,i,i,i,i,i,i,i,i,i,i,i,i,i,i,i,i,i,i,i,i,i,i,i,i,i,i,i,i,i,i,i,i,i,i,i,i,0,1,0,0,0,0,0,0,1,0,0,0,0,0,0,4,2,1,1,0,1,0,0,0,0,2,2,18,1,15,1,3,3,3,19,i,0,0,0,0,1,0,0,i,i,i,i,i,i,i,i,i,i,i,i,i,i,i,i,i,i,i,i,i,i,i,i,i,i,i,i,i,i,0,0,0,1,0,0,7,3,6,4,0,0,0,0,2,1,2,1,1,1,0,0,1,1,0,0,0,7,i,6,1,1,2,2,2,i,i,2,i,1,i,i,i,a,a,i,a,10,12,18,15,18,45,30,1,1,2,5,i,i,5,i,i,i,i,i,i,i,i,i,i,i,i,i,181,42,1
6291,doi:10.4232/1.12497,1.0.0 (2016-04-22),1,1,942,14000942,15023,14,3,TN,0.839651,1.377675,0.0,1.189387,1.499454,0.0,0.0,3,2,2,2,2,1,1,3,3,4,2,1,1,1,1,1,8,0,0,0,0,1,1,0,0,0,0,0,1,0,0,0,0,0,0,a,a,0,0,0,0,0,0,0,1,1,0,1,0,0,0,1,0,0,0,0,0,0,i,i,0,0,0,2,2,1,3,1,3,2,2,2,1,1,1,2,0,0,0,0,0,1,0,1,1,0,0,i,0,0,0,0,3,2,3,2,2,1,2,1,1,1,2,1,2,2,1,1,1,1,2,1,i,1,1,2,3,1,1,0,0,0,0,0,0,i,i,i,0,0,1,0,0,0,0,1,0,0,0,0,0,0,i,0,0,0,3,3,2,2,3,3,3,4,0,0,0,0,1,0,0,1,1,0,1,0,0,0,0,0,0,0,0,0,1,0,0,1,0,0,0,0,0,0,0,0,2,3,3,4,1,1,2,2,2,2,2,2,2,3,3,1,2,1,3,2,3,1,1,4,4,4,1,0,0,0,1,0,0,0,1,0,0,0,0,0,1,52,i,i,i,i,1,1,1,6,0,0,0,1,1,0,0,0,1,0,0,0,0,0,0,0,0,0,0,0,0,0,0,0,0,0,1,2,0,1,0,0,0,0,0,1,0,0,0,0,0,0,0,4,1,1,0,0,1,0,0,0,0,2,1,25,2,23,3,3,3,3,19,i,0,0,0,0,1,0,0,i,i,i,i,i,i,i,i,i,i,i,i,i,i,i,i,i,i,i,i,i,i,i,i,i,i,i,i,i,i,0,0,0,1,0,0,7,2,7,4,0,0,0,0,2,1,2,1,1,1,1,0,0,0,0,0,0,7,i,1,1,1,1,2,1,i,i,2,i,1,2,i,2,a,a,i,a,12,12,18,10,18,35,25,1,1,2,5,i,i,5,i,i,i,i,i,i,i,i,i,i,i,i,i,170,42,1
6291,doi:10.4232/1.12497,1.0.0 (2016-04-22),1,1,943,14000943,15024,14,3,TN,0.983889,1.377675,0.0,1.189387,1.499454,0.0,0.0,2,4,3,3,4,3,3,4,5,4,2,1,3,1,1,1,4,0,0,1,0,0,0,0,0,0,0,1,0,0,0,0,1,0,0,a,a,0,0,0,0,0,1,1,0,0,0,0,0,0,1,0,0,0,0,1,0,0,i,i,0,0,0,2,4,4,4,1,4,2,3,3,6,6,3,i,0,0,0,0,0,1,0,0,1,0,0,i,0,0,0,0,5,4,2,4,5,1,2,2,2,2,2,3,2,2,2,2,2,2,2,1,i,2,2,5,5,1,1,0,0,0,0,0,0,i,i,i,0,0,0,0,0,0,0,1,0,0,0,0,0,0,i,0,0,0,2,2,1,2,5,5,5,4,1,0,0,0,1,0,0,1,0,0,1,0,0,0,0,0,0,0,0,0,1,0,1,0,0,0,0,0,0,0,0,0,5,1,2,5,3,3,3,2,1,2,3,3,2,3,3,4,2,2,2,3,2,1,4,1,1,5,0,1,1,0,1,0,0,0,0,0,0,0,0,0,2,i,i,i,i,i,i,i,i,i,i,i,i,i,i,i,i,i,i,i,i,i,i,i,i,i,i,i,i,i,i,i,i,i,i,i,i,i,0,1,0,0,0,0,0,0,1,1,0,0,0,0,0,1,2,0,0,0,0,0,0,0,1,2,2,38,2,1,6,6,1,1,19,i,0,0,0,0,1,0,0,i,i,i,i,i,i,i,i,i,i,i,i,i,i,i,i,i,i,i,i,i,i,i,i,i,i,i,i,i,i,1,0,0,0,0,1,5,3,5,4,2,2,1,1,2,1,2,1,1,1,0,0,0,0,0,0,0,7,i,6,1,2,2,2,2,i,i,2,i,i,i,i,i,a,a,i,a,12,12,15,5,15,45,40,1,3,2,5,i,i,5,i,i,i,i,i,i,i,i,i,i,i,i,i,170,42,1
6291,doi:10.4232/1.12497,1.0.0 (2016-04-22),1,1,944,14000944,15025,14,3,TN,0.949803,1.377675,0.0,1.189387,1.499454,0.0,0.0,4,3,3,3,4,2,2,3,2,4,3,1,2,3,1,1,6,0,1,1,1,0,0,0,0,0,0,0,1,0,0,0,0,0,0,a,a,0,0,0,0,1,1,1,0,1,0,0,0,0,0,1,0,0,0,0,0,0,i,i,0,0,0,2,2,1,3,1,2,2,2,2,1,2,2,i,0,1,0,0,0,1,0,0,1,0,0,i,0,0,0,0,2,2,3,1,1,1,2,2,2,2,2,1,1,2,2,1,1,1,2,2,i,2,2,1,3,0,1,0,0,0,0,0,1,i,i,i,0,0,0,0,0,0,0,1,0,0,0,0,0,0,i,0,0,0,4,3,1,1,5,5,5,5,1,0,0,0,1,0,0,0,0,0,1,0,1,0,0,0,0,0,0,0,1,0,0,0,0,0,1,0,0,0,0,0,3,2,2,4,2,2,2,2,2,2,2,2,2,4,4,2,1,2,3,2,1,2,3,2,3,3,0,1,0,0,1,0,0,1,0,0,0,0,0,0,3,i,i,i,i,i,i,i,i,i,i,i,i,i,i,i,i,i,i,i,i,i,i,i,i,i,i,i,i,i,i,i,i,i,i,i,i,i,0,1,0,0,0,0,0,1,0,0,1,0,0,0,0,1,2,1,0,0,1,0,0,0,0,2,1,18,1,14,1,3,3,3,19,i,0,0,0,0,1,0,0,i,i,i,i,i,i,i,i,i,i,i,i,i,i,i,i,i,i,i,i,i,i,i,i,i,i,i,i,i,i,0,0,0,1,0,0,7,4,6,4,0,0,1,1,2,1,2,1,1,0,0,0,0,0,0,0,0,7,i,6,1,2,2,2,2,i,i,2,i,i,i,i,i,a,a,i,a,12,12,18,40,19,15,35,1,2,2,5,i,i,5,i,i,i,i,i,i,i,i,i,i,i,i,i,170,42,1
6291,doi:10.4232/1.12497,1.0.0 (2016-04-22),1,1,945,14000945,15026,14,3,TN,1.045853,1.377675,0.0,1.189387,1.499454,0.0,0.0,3,3,3,3,4,2,2,3,2,3,3,2,1,2,1,1,7,0,1,0,1,0,0,0,0,1,0,0,0,0,0,0,0,0,0,a,a,0,0,0,0,1,0,1,0,0,1,0,1,0,0,0,0,0,0,0,0,0,i,i,0,0,0,2,2,1,3,2,2,2,2,2,2,2,1,2,1,0,0,1,0,0,0,1,0,0,0,i,0,0,0,0,3,3,2,2,3,1,1,2,2,2,2,1,1,2,1,1,1,1,2,2,i,1,1,3,2,1,1,0,0,0,0,0,0,i,i,i,0,0,0,0,0,0,0,1,0,0,0,0,0,0,i,0,0,0,3,2,2,2,4,4,5,5,1,0,1,0,0,0,1,0,1,0,0,0,0,0,0,0,0,0,0,0,1,0,0,0,0,1,0,0,0,0,0,0,2,2,2,4,1,1,2,2,2,2,2,2,2,2,3,2,2,2,2,3,4,1,1,2,3,3,0,1,0,0,0,0,1,0,0,0,1,0,0,0,2,i,i,i,i,i,i,i,i,i,i,i,i,i,i,i,i,i,i,i,i,i,i,i,i,i,i,i,i,i,i,i,i,i,i,i,i,i,0,0,0,1,0,0,1,0,0,0,0,0,0,0,0,2,3,0,0,1,0,0,1,0,0,2,2,18,1,10,1,3,3,3,19,i,0,0,0,0,1,0,0,i,i,i,i,i,i,i,i,i,i,i,i,i,i,i,i,i,i,i,i,i,i,i,i,i,i,i,i,i,i,0,0,0,1,0,0,5,2,7,4,0,0,0,0,2,1,2,1,1,1,0,0,0,0,0,0,0,7,i,6,1,1,2,2,2,i,i,2,i,1,i,i,i,a,a,i,a,13,12,17,30,18,5,35,1,2,2,5,i,i,5,i,i,i,i,i,i,i,i,i,i,i,i,i,170,42,1
6291,doi:10.4232/1.12497,1.0.0 (2016-04-22),1,1,946,14000946,15027,14,3,TN,1.040832,1.377675,0.0,1.189387,1.499454,0.0,0.0,2,2,2,4,3,5,4,3,3,3,3,3,2,2,2,2,6,0,0,0,0,0,0,0,0,0,0,0,0,0,0,0,0,0,0,a,a,0,0,1,0,0,0,0,0,1,0,0,0,0,0,0,0,0,0,0,0,0,i,i,0,0,0,2,2,2,2,2,2,3,3,3,3,6,3,i,0,0,0,0,0,0,0,0,0,0,0,i,0,0,0,1,3,2,3,3,2,1,2,1,1,2,1,2,1,1,1,2,1,1,1,1,i,1,1,3,2,1,1,1,0,0,0,0,0,i,i,i,0,0,0,0,0,0,0,1,1,0,0,0,1,0,i,0,0,0,2,3,2,3,2,2,3,4,0,0,0,0,0,0,0,0,0,0,0,0,0,0,0,1,0,0,0,0,0,0,0,0,0,0,0,0,0,0,0,1,2,2,2,2,2,2,2,2,2,2,2,2,2,3,3,2,3,3,2,3,3,3,2,2,2,2,1,1,0,0,0,0,0,0,0,1,0,0,0,0,2,i,i,i,i,i,i,i,i,i,i,i,i,i,i,i,i,i,i,i,i,i,i,i,i,i,i,i,i,i,i,i,i,i,i,i,i,i,1,1,0,0,0,0,0,0,1,0,0,0,0,0,0,4,3,1,1,1,0,0,0,0,0,4,2,32,2,99,9,3,3,3,19,i,0,0,0,0,1,0,0,i,i,i,i,i,i,i,i,i,i,i,i,i,i,i,i,i,i,i,i,i,i,i,i,i,i,i,i,i,i,0,0,0,1,0,0,6,3,3,3,0,0,0,0,2,1,2,1,1,0,1,1,0,0,0,0,0,1,i,2,2,1,2,2,1,i,i,2,i,1,i,i,1,a,a,i,a,19,12,12,25,12,50,25,1,2,1,2,i,i,2,i,i,i,i,i,i,i,i,i,i,i,i,i,109,30,1
6291,doi:10.4232/1.12497,1.0.0 (2016-04-22),1,1,947,14000947,15028,14,3,TN,1.112159,1.377675,0.0,1.189387,1.499454,0.0,0.0,3,2,3,2,3,3,3,3,2,3,2,2,3,2,3,2,8,0,0,0,1,0,0,0,0,0,0,0,1,0,0,0,0,0,0,a,a,0,0,0,0,0,0,1,0,0,0,1,0,0,0,1,0,0,0,0,0,0,i,i,0,0,0,2,2,1,1,3,3,2,2,2,3,3,2,i,0,1,0,0,0,1,0,0,0,0,0,i,0,0,0,0,2,3,2,2,3,1,2,2,2,1,1,2,2,2,2,1,1,2,2,1,i,2,2,3,2,1,1,0,0,0,0,0,0,i,i,i,0,0,0,0,0,0,0,1,0,0,0,0,0,0,i,0,0,0,2,3,2,3,2,2,2,3,0,0,0,0,1,0,1,0,0,0,0,1,0,0,0,0,0,0,0,0,0,0,0,0,0,0,0,1,0,0,0,0,2,2,3,2,1,2,2,2,2,2,2,1,2,3,3,2,3,2,3,3,3,2,3,2,3,3,0,0,0,0,0,0,0,1,0,0,1,0,0,0,2,i,i,i,i,i,i,i,i,i,i,i,i,i,i,i,i,i,i,i,i,i,i,i,i,i,i,i,i,i,i,i,i,i,i,i,i,i,0,0,0,0,0,0,0,0,1,1,0,0,0,0,0,1,2,0,0,0,1,0,0,0,0,2,2,19,1,0,5,3,2,2,19,i,0,0,0,0,1,0,0,i,i,i,i,i,i,i,i,i,i,i,i,i,i,i,i,i,i,i,i,i,i,i,i,i,i,i,i,i,i,1,0,0,0,0,1,9,3,6,4,0,0,0,0,1,1,3,1,0,0,1,0,1,1,0,0,0,1,i,6,2,1,2,2,2,i,i,2,i,1,i,i,i,a,a,i,a,10,12,15,7,15,30,23,1,1,1,5,i,i,5,i,i,i,i,i,i,i,i,i,i,i,i,i,161,40,1
6291,doi:10.4232/1.12497,1.0.0 (2016-04-22),1,1,948,14000948,15029,14,3,TN,0.97578,1.377675,0.0,1.189387,1.499454,0.0,0.0,3,2,2,2,2,2,2,5,5,5,5,1,1,1,1,1,4,0,0,0,0,0,0,1,0,0,0,0,0,0,0,0,0,0,0,a,a,0,0,0,0,0,0,1,0,0,1,0,0,0,0,0,0,0,0,0,0,0,i,i,0,0,0,4,4,4,4,2,3,2,2,2,2,2,1,2,0,1,0,1,0,0,0,0,0,0,0,i,0,0,0,0,5,5,5,5,5,1,2,2,2,2,2,2,2,2,2,1,2,2,3,1,i,1,1,3,5,0,1,0,0,0,0,0,0,i,i,i,0,0,0,0,0,0,0,1,0,0,0,0,0,0,i,0,0,0,4,4,5,5,5,5,5,5,0,0,0,0,1,1,1,0,0,0,0,0,0,0,0,0,0,0,0,0,0,0,1,0,0,0,0,1,0,0,0,0,2,2,2,5,2,2,2,2,2,2,2,2,2,3,2,5,5,5,5,5,2,5,2,2,3,4,1,0,0,0,0,0,0,0,0,1,1,0,0,0,2,i,i,i,i,i,i,i,i,i,i,i,i,i,i,i,i,i,i,i,i,i,i,i,i,i,i,i,i,i,i,i,i,i,i,i,i,i,0,0,0,0,0,0,0,0,1,0,0,0,0,0,0,4,1,0,1,0,0,0,0,0,0,1,2,26,2,19,2,3,8,5,i,i,0,0,0,0,1,0,0,i,i,i,i,i,i,i,i,i,i,i,i,i,i,i,i,i,i,i,i,i,i,i,i,i,i,i,i,i,i,1,0,0,0,0,1,7,3,10,4,0,0,0,0,1,1,3,1,0,0,1,1,1,1,0,0,0,6,6,6,1,2,3,3,3,i,i,3,i,i,i,i,i,a,a,i,a,12,12,14,40,15,0,20,1,2,2,5,i,i,5,i,i,i,i,i,i,i,i,i,i,i,i,i,166,41,1
6291,doi:10.4232/1.12497,1.0.0 (2016-04-22),1,1,949,14000949,15030,14,3,TN,0.949803,1.377675,0.0,1.189387,1.499454,0.0,0.0,3,1,2,2,2,3,3,3,2,3,3,2,3,2,3,2,3,0,0,0,1,0,1,0,0,0,0,1,0,0,0,0,0,0,0,a,a,0,0,0,0,0,1,1,0,1,0,0,0,0,1,0,0,0,0,0,0,0,i,i,0,0,0,2,1,1,1,1,1,1,1,1,1,2,3,i,0,0,0,0,0,0,0,0,0,0,0,i,0,1,0,0,3,4,3,4,2,1,2,1,1,2,2,1,1,1,1,2,2,1,2,1,i,2,1,3,4,0,1,1,0,0,0,0,0,i,i,i,0,0,1,0,0,0,0,0,1,1,0,0,0,0,i,0,0,0,2,2,2,3,3,3,2,2,0,0,1,1,0,0,0,0,0,0,0,0,1,0,0,0,0,0,0,0,1,0,0,0,0,0,0,1,0,0,0,0,2,2,2,4,1,1,1,2,2,2,2,2,3,3,3,3,2,5,2,2,2,1,2,3,5,4,1,1,0,0,1,0,0,0,0,0,0,0,0,0,2,i,i,i,i,i,i,i,i,i,i,i,i,i,i,i,i,i,i,i,i,i,i,i,i,i,i,i,i,i,i,i,i,i,i,i,i,i,0,1,0,0,0,0,0,1,1,0,0,0,0,0,0,2,3,0,0,0,1,0,0,0,0,1,1,21,1,14,1,3,3,3,19,i,0,0,0,0,1,0,0,i,i,i,i,i,i,i,i,i,i,i,i,i,i,i,i,i,i,i,i,i,i,i,i,i,i,i,i,i,i,0,0,0,1,0,0,1,1,7,4,0,0,1,1,2,1,2,1,1,0,0,0,0,0,0,0,0,7,i,6,1,1,2,2,2,i,i,2,i,5,i,i,i,a,a,i,a,12,12,16,50,17,20,30,1,1,2,5,i,i,5,i,i,i,i,i,i,i,i,i,i,i,i,i,170,42,1
6291,doi:10.4232/1.12497,1.0.0 (2016-04-22),1,1,950,14000950,15031,14,3,TN,0.857241,1.377675,0.0,1.189387,1.499454,0.0,0.0,4,2,2,2,2,3,3,3,3,4,4,4,4,4,4,4,4,0,0,0,0,0,1,0,0,0,0,0,0,0,0,0,0,0,0,a,a,0,0,0,0,0,0,1,0,1,0,0,0,0,0,0,0,0,0,0,0,0,i,i,0,0,0,2,2,2,2,2,2,2,2,2,3,2,1,2,0,0,0,0,0,1,0,0,0,0,0,i,0,0,0,0,4,5,5,5,5,3,3,3,3,3,3,3,3,3,3,3,3,3,3,3,i,3,3,5,5,0,1,0,0,0,0,0,0,i,i,i,0,0,0,0,0,0,0,0,1,0,0,0,0,0,i,0,0,0,4,4,5,5,5,5,5,5,0,0,0,0,1,0,0,0,0,0,0,0,0,0,0,0,0,0,0,0,0,0,1,0,0,0,0,0,0,0,0,0,3,3,3,3,3,3,3,3,2,2,2,2,2,4,4,5,5,5,5,5,5,5,5,5,4,4,0,0,0,0,0,0,0,0,0,0,0,0,0,1,2,i,i,i,i,i,i,i,i,i,i,i,i,i,i,i,i,i,i,i,i,i,i,i,i,i,i,i,i,i,i,i,i,i,i,i,i,i,0,1,0,0,0,0,0,0,0,0,0,0,0,0,0,2,1,0,1,0,0,0,0,0,0,1,2,58,4,1,6,1,1,1,19,i,0,0,0,0,1,0,0,i,i,i,i,i,i,i,i,i,i,i,i,i,i,i,i,i,i,i,i,i,i,i,i,i,i,i,i,i,i,0,0,0,1,0,0,4,1,3,3,0,0,0,0,2,2,4,1,0,0,0,0,0,1,0,0,0,7,i,6,1,3,3,3,3,i,i,3,i,i,i,i,i,a,a,i,a,12,12,14,0,14,30,30,1,3,2,5,i,i,5,i,i,i,i,i,i,i,i,i,i,i,i,i,166,41,1
6291,doi:10.4232/1.12497,1.0.0 (2016-04-22),1,1,951,14000951,15032,14,3,TN,0.949803,1.377675,0.0,1.189387,1.499454,0.0,0.0,4,3,2,2,3,2,2,4,2,4,2,2,2,4,3,3,18,0,1,0,1,0,1,0,0,0,0,0,0,0,0,0,0,0,0,a,a,0,0,0,0,1,0,1,0,1,0,0,0,0,0,0,0,0,0,0,0,1,i,i,0,0,0,2,2,1,3,1,1,2,2,2,1,2,1,2,0,0,0,0,0,0,0,0,0,0,0,i,0,1,0,0,2,3,2,1,3,1,2,2,1,1,2,1,2,2,1,2,1,1,2,1,i,2,2,3,2,1,1,0,0,0,0,0,0,i,i,i,1,0,0,0,0,0,0,1,0,0,0,0,0,0,i,0,0,0,2,3,2,1,3,3,3,3,1,0,0,0,1,1,0,0,0,0,1,0,1,0,0,0,0,0,0,0,1,0,0,0,0,0,0,0,1,0,0,0,3,2,2,5,3,3,2,2,2,2,1,1,2,5,3,2,1,1,3,2,3,1,2,1,4,4,0,0,0,0,1,0,0,1,0,0,1,0,0,0,1,54,i,i,i,i,1,1,1,6,0,0,1,0,0,0,0,0,1,0,0,0,0,0,0,0,0,0,0,0,0,0,0,0,0,1,0,2,0,1,0,0,1,0,0,1,0,0,0,0,0,0,0,2,2,0,1,0,1,0,0,0,0,2,1,17,1,12,1,3,3,3,19,i,0,0,0,0,1,0,0,i,i,i,i,i,i,i,i,i,i,i,i,i,i,i,i,i,i,i,i,i,i,i,i,i,i,i,i,i,i,0,0,0,1,0,0,6,4,8,4,0,0,2,2,2,1,2,1,1,0,0,0,0,0,0,0,0,7,i,6,1,1,2,2,2,i,i,2,i,2,i,i,i,a,a,i,a,12,12,15,55,16,40,45,1,3,2,5,i,i,5,i,i,i,i,i,i,i,i,i,i,i,i,i,170,42,1
6291,doi:10.4232/1.12497,1.0.0 (2016-04-22),1,1,952,14000952,15033,14,3,TN,0.99363,1.377675,0.0,1.189387,1.499454,0.0,0.0,2,3,3,3,4,2,2,3,3,3,3,1,1,1,1,1,6,0,0,0,1,0,0,0,0,0,0,0,0,0,0,0,0,0,0,a,a,0,0,0,0,0,0,1,0,1,0,0,0,0,0,0,0,0,0,0,0,0,i,i,0,0,0,3,3,3,3,2,2,2,2,2,6,6,3,i,0,0,0,0,0,0,0,0,0,0,0,i,0,0,1,0,5,5,5,5,5,3,3,3,3,3,3,3,3,3,3,3,3,3,3,3,i,3,3,5,5,1,0,0,0,0,0,0,0,i,i,i,0,0,0,0,0,0,0,1,0,0,0,0,0,0,i,0,0,0,4,4,5,5,5,5,5,5,0,0,0,0,0,0,0,0,0,0,0,1,0,0,0,0,0,0,0,0,0,0,0,0,0,0,0,1,0,0,0,0,4,4,4,4,3,3,3,3,2,2,2,2,2,4,4,5,5,5,5,5,5,5,5,5,5,5,0,0,0,0,0,0,0,0,0,0,0,0,0,1,2,i,i,i,i,i,i,i,i,i,i,i,i,i,i,i,i,i,i,i,i,i,i,i,i,i,i,i,i,i,i,i,i,i,i,i,i,i,0,1,0,0,0,0,0,1,0,0,0,0,0,0,0,4,3,0,1,0,0,0,0,0,0,2,2,42,3,12,1,1,8,5,i,i,0,0,0,0,1,0,0,i,i,i,i,i,i,i,i,i,i,i,i,i,i,i,i,i,i,i,i,i,i,i,i,i,i,i,i,i,i,0,0,0,1,0,0,4,2,5,4,1,1,1,1,2,1,2,1,0,0,0,0,0,1,0,0,0,7,6,6,1,3,3,3,3,i,i,3,i,i,i,i,i,a,a,i,a,12,12,15,10,15,35,25,1,3,2,5,i,i,5,i,i,i,i,i,i,i,i,i,i,i,i,i,166,41,1
6291,doi:10.4232/1.12497,1.0.0 (2016-04-22),1,1,953,14000953,15034,14,3,TN,0.983247,1.377675,0.0,1.189387,1.499454,0.0,0.0,4,4,4,4,4,2,2,4,1,1,1,1,1,1,1,1,6,1,0,0,0,0,0,0,1,0,0,0,1,0,0,1,0,0,0,a,a,0,0,0,1,0,0,0,0,1,0,1,0,0,0,1,0,0,1,0,0,0,i,i,0,0,0,1,2,1,1,1,2,2,2,2,1,2,1,2,0,0,0,0,0,0,0,0,0,1,0,i,0,0,0,0,2,2,2,3,2,1,2,3,2,1,2,2,2,1,2,1,1,3,1,1,i,2,1,2,2,1,1,0,0,0,0,0,1,i,i,i,0,0,0,0,0,0,0,1,0,0,0,1,0,0,i,0,0,0,2,4,2,2,2,4,2,2,1,0,1,1,0,0,1,0,0,0,1,0,0,0,0,0,0,0,0,0,0,0,0,0,0,0,1,1,0,0,0,0,3,2,3,1,1,2,2,2,2,2,2,2,2,4,4,3,2,2,4,3,2,1,4,4,4,4,1,0,0,0,1,0,0,0,1,0,0,0,0,0,2,i,i,i,i,i,i,i,i,i,i,i,i,i,i,i,i,i,i,i,i,i,i,i,i,i,i,i,i,i,i,i,i,i,i,i,i,i,0,1,0,0,1,0,0,0,1,0,0,0,0,0,0,1,1,0,0,0,1,0,0,0,0,2,1,33,2,19,2,1,18,8,i,i,0,0,0,0,1,0,0,i,i,i,i,i,i,i,i,i,i,i,i,i,i,i,i,i,i,i,i,i,i,i,i,i,i,i,i,i,i,0,0,0,1,0,0,5,1,2,2,1,1,0,0,2,1,2,1,0,0,0,0,0,0,0,0,0,1,1,1,1,1,2,2,2,i,i,2,i,1,i,i,i,a,a,i,a,10,12,18,17,12,40,23,1,1,2,5,i,i,5,i,i,i,i,i,i,i,i,i,i,i,i,i,163,40,1
6291,doi:10.4232/1.12497,1.0.0 (2016-04-22),1,1,954,14000954,15035,14,3,TN,0.99363,1.377675,0.0,1.189387,1.499454,0.0,0.0,3,2,2,2,2,2,2,4,4,4,4,2,2,2,2,2,7,1,0,0,1,0,0,0,0,0,0,0,0,0,0,0,0,0,0,a,a,0,0,0,1,0,0,1,0,0,1,0,0,0,0,0,0,0,0,0,0,0,i,i,0,0,0,2,2,1,1,1,1,2,2,2,3,3,2,i,0,1,0,0,0,0,0,0,0,0,0,i,0,0,0,0,3,4,3,3,3,1,1,1,2,2,2,1,1,2,1,1,1,1,1,1,i,1,1,3,3,0,1,0,0,0,0,0,0,i,i,i,0,0,0,0,0,0,0,0,0,1,0,0,0,0,i,0,0,0,4,4,4,4,4,4,4,4,0,1,0,0,1,0,0,0,0,0,0,0,0,0,0,0,0,0,0,0,1,0,0,0,0,0,0,0,0,0,0,0,2,2,3,2,1,1,2,2,2,2,2,2,2,4,4,3,3,2,3,5,2,2,3,4,4,4,1,1,0,0,1,0,0,0,0,0,0,0,0,0,2,i,i,i,i,i,i,i,i,i,i,i,i,i,i,i,i,i,i,i,i,i,i,i,i,i,i,i,i,i,i,i,i,i,i,i,i,i,1,0,0,0,0,0,0,1,0,0,0,0,0,0,0,1,1,0,1,0,0,0,0,0,0,2,2,40,3,17,2,3,1,1,19,i,0,0,0,0,1,0,0,i,i,i,i,i,i,i,i,i,i,i,i,i,i,i,i,i,i,i,i,i,i,i,i,i,i,i,i,i,i,1,0,0,0,0,1,3,1,4,4,0,0,0,0,2,1,2,1,0,0,0,0,0,1,0,0,0,7,i,6,1,2,3,3,3,i,i,3,i,i,i,i,i,a,a,i,a,12,12,15,40,16,5,35,1,3,2,5,i,i,5,i,i,i,i,i,i,i,i,i,i,i,i,i,166,41,1
6291,doi:10.4232/1.12497,1.0.0 (2016-04-22),1,1,955,14000955,15036,14,3,TN,0.983889,1.377675,0.0,1.189387,1.499454,0.0,0.0,2,3,3,3,4,2,2,4,4,5,5,2,4,4,2,4,4,0,0,0,0,0,0,0,1,0,0,0,0,0,0,0,0,0,0,a,a,0,0,0,0,0,0,1,0,0,0,1,0,0,0,0,0,0,0,0,0,0,i,i,0,0,0,2,2,4,4,5,5,3,3,3,6,6,3,i,0,0,0,0,0,0,0,0,0,0,0,i,0,0,1,0,5,5,5,5,5,3,3,3,3,3,3,3,3,3,3,3,3,3,3,3,i,3,3,5,5,0,0,0,0,0,0,0,0,i,i,i,0,0,0,0,0,0,1,0,0,0,0,0,0,0,i,0,0,1,4,3,5,5,5,5,5,5,0,0,0,0,0,0,0,0,0,0,0,0,0,0,0,1,0,0,0,0,0,0,0,0,0,0,0,0,0,0,0,1,4,4,4,4,2,2,3,3,2,2,2,2,2,5,5,5,5,5,5,5,5,5,5,5,5,5,0,0,0,0,0,0,0,0,0,0,0,0,0,1,2,i,i,i,i,i,i,i,i,i,i,i,i,i,i,i,i,i,i,i,i,i,i,i,i,i,i,i,i,i,i,i,i,i,i,i,i,i,0,1,0,0,0,0,0,0,0,0,0,0,0,0,0,1,2,0,1,0,0,0,0,0,0,2,2,39,2,1,6,1,1,1,19,i,0,0,0,0,1,0,0,i,i,i,i,i,i,i,i,i,i,i,i,i,i,i,i,i,i,i,i,i,i,i,i,i,i,i,i,i,i,0,0,0,1,0,0,4,1,5,4,1,1,1,1,1,1,3,1,0,0,1,1,0,1,0,0,0,6,i,6,1,3,3,3,3,i,i,3,i,i,i,i,i,a,a,i,a,12,12,16,15,16,30,25,1,3,2,5,i,i,5,i,i,i,i,i,i,i,i,i,i,i,i,i,166,41,1
6291,doi:10.4232/1.12497,1.0.0 (2016-04-22),1,1,956,14000956,15037,14,3,TN,1.042282,1.377675,0.0,1.189387,1.499454,0.0,0.0,2,3,3,3,4,2,2,4,2,2,2,1,3,3,3,3,6,0,0,0,1,0,0,0,0,0,0,0,0,0,0,0,0,0,0,a,a,0,0,0,0,0,0,1,0,1,0,0,0,0,0,0,0,0,0,0,0,0,i,i,0,0,0,2,1,1,1,3,3,2,2,2,1,2,1,2,0,1,0,0,0,0,0,0,0,0,0,i,0,0,0,0,2,2,2,4,4,2,2,2,2,2,2,1,2,1,2,2,1,1,2,1,i,1,1,4,4,0,0,1,0,0,0,0,0,i,i,i,0,0,0,0,0,0,0,0,1,0,0,0,0,0,i,0,0,0,4,4,4,2,3,4,2,2,0,0,0,0,1,0,0,0,0,0,0,1,0,0,0,0,0,0,0,0,1,0,0,0,0,0,0,1,0,0,0,0,4,2,2,4,1,1,3,2,1,2,2,2,1,4,4,4,3,2,5,4,2,2,4,3,4,4,0,0,0,0,0,0,0,1,0,1,1,0,0,0,2,i,i,i,i,i,i,i,i,i,i,i,i,i,i,i,i,i,i,i,i,i,i,i,i,i,i,i,i,i,i,i,i,i,i,i,i,i,0,0,0,0,0,0,1,0,0,0,0,0,0,0,0,1,2,0,1,0,0,0,0,0,0,2,2,16,1,0,5,3,2,2,19,i,0,0,0,0,1,0,0,i,i,i,i,i,i,i,i,i,i,i,i,i,i,i,i,i,i,i,i,i,i,i,i,i,i,i,i,i,i,0,0,0,1,0,0,5,1,5,4,1,1,0,0,2,2,4,1,0,0,0,0,0,1,0,0,0,7,i,6,1,2,2,3,2,i,i,3,i,i,i,i,i,a,a,i,a,12,12,13,20,13,49,29,2,1,2,5,i,i,5,i,i,i,i,i,i,i,i,i,i,i,i,i,166,41,1
6291,doi:10.4232/1.12497,1.0.0 (2016-04-22),1,1,957,14000957,15038,14,3,TN,0.986616,1.377675,0.0,1.189387,1.499454,0.0,0.0,4,2,2,2,2,1,1,3,1,1,1,3,3,3,1,1,12,0,0,0,0,0,1,1,0,0,0,0,0,0,0,1,0,0,0,a,a,0,0,0,0,0,0,0,0,1,1,0,0,0,0,1,0,0,1,0,0,0,i,i,0,0,0,1,1,1,1,2,2,2,2,2,2,2,1,2,0,0,0,0,1,1,0,1,1,1,0,i,0,0,0,0,2,2,2,2,2,1,1,2,1,1,1,2,1,1,2,1,1,1,3,1,i,2,1,1,2,1,1,1,0,0,0,0,0,i,i,i,0,0,0,0,0,0,0,1,1,0,0,0,0,0,i,0,0,0,2,4,2,2,2,4,2,2,1,0,1,1,0,0,1,0,0,0,1,0,0,0,0,0,0,0,1,0,0,0,0,0,0,0,1,0,0,0,0,0,3,1,3,3,1,2,2,2,1,2,2,2,2,3,3,2,1,2,3,3,2,1,3,4,4,4,1,0,0,0,0,0,1,0,1,0,0,0,0,0,2,i,i,i,i,i,i,i,i,i,i,i,i,i,i,i,i,i,i,i,i,i,i,i,i,i,i,i,i,i,i,i,i,i,i,i,i,i,0,1,0,0,0,0,0,0,0,0,0,0,0,0,0,1,1,0,0,0,1,0,0,0,0,2,1,30,2,14,1,3,14,7,i,i,0,0,0,0,1,0,0,i,i,i,i,i,i,i,i,i,i,i,i,i,i,i,i,i,i,i,i,i,i,i,i,i,i,i,i,i,i,0,0,0,1,0,0,5,1,4,4,0,0,0,0,2,1,2,1,0,0,0,0,1,1,0,0,0,7,6,6,1,2,2,2,2,i,i,2,i,i,i,i,i,a,a,i,a,10,12,18,45,19,20,35,1,1,2,5,i,i,5,i,i,i,i,i,i,i,i,i,i,i,i,i,163,40,1
6291,doi:10.4232/1.12497,1.0.0 (2016-04-22),1,1,958,14000958,15039,14,3,TN,1.112159,1.377675,0.0,1.189387,1.499454,0.0,0.0,4,3,3,3,4,3,3,4,3,2,2,3,1,1,1,1,6,0,1,1,0,0,0,1,0,0,0,0,1,0,0,0,0,0,0,a,a,0,0,0,0,1,1,0,0,1,1,0,0,0,0,1,0,0,0,0,0,0,i,i,0,0,0,3,3,1,3,1,2,2,2,2,1,2,1,2,0,0,0,1,1,0,0,0,1,0,0,i,0,0,0,0,2,2,1,2,2,1,1,3,1,1,2,1,2,1,2,1,1,2,2,1,i,2,1,3,4,1,1,0,0,0,0,0,1,i,i,i,0,0,0,0,0,0,0,1,1,0,0,0,0,0,i,0,0,0,2,4,1,1,1,2,1,1,1,0,1,1,0,0,0,0,0,0,1,1,0,0,0,0,0,0,0,0,0,0,0,0,0,0,1,1,0,0,0,0,4,2,3,1,1,2,2,2,2,2,1,1,2,3,3,2,2,2,3,2,2,1,3,1,4,4,1,0,0,0,0,1,0,0,0,0,1,0,0,0,2,i,i,i,i,i,i,i,i,i,i,i,i,i,i,i,i,i,i,i,i,i,i,i,i,i,i,i,i,i,i,i,i,i,i,i,i,i,0,0,0,0,0,0,0,0,1,1,0,0,0,0,0,1,1,0,0,0,1,0,0,0,0,1,2,24,1,20,3,3,15,7,i,i,0,0,0,0,1,0,0,i,i,i,i,i,i,i,i,i,i,i,i,i,i,i,i,i,i,i,i,i,i,i,i,i,i,i,i,i,i,0,0,0,1,0,0,6,2,3,3,1,1,0,0,2,1,2,1,0,0,0,0,0,1,0,0,0,1,1,1,2,1,2,2,2,i,i,2,i,1,i,i,i,a,a,i,a,10,12,12,37,12,59,22,1,1,1,5,i,i,5,i,i,i,i,i,i,i,i,i,i,i,i,i,161,40,1
6291,doi:10.4232/1.12497,1.0.0 (2016-04-22),1,1,959,14000959,15040,14,3,TN,0.903045,1.377675,0.0,1.189387,1.499454,0.0,0.0,4,3,3,3,4,2,2,4,2,3,3,1,1,1,1,1,3,0,0,0,0,0,1,0,1,0,0,0,0,0,1,0,0,0,0,a,a,0,0,0,0,0,1,0,0,1,0,1,0,0,0,0,0,1,0,0,0,0,i,i,0,0,0,2,2,3,3,1,1,1,2,2,2,2,1,2,0,0,0,1,0,1,0,0,0,0,0,i,0,0,0,0,2,3,1,1,3,1,1,2,2,2,2,2,2,1,2,1,1,1,2,2,i,2,2,2,4,1,1,0,0,0,0,0,0,i,i,i,1,0,0,0,0,0,0,1,0,0,0,0,0,0,i,0,0,0,3,3,1,1,3,2,4,4,0,0,0,0,1,0,0,1,0,0,0,1,1,0,0,0,0,0,0,0,0,0,0,0,0,0,0,1,1,0,0,0,2,1,2,5,1,2,2,3,2,2,3,3,2,4,3,2,3,1,1,1,3,2,5,3,4,4,1,0,0,0,1,0,0,0,1,0,0,0,0,0,3,i,i,i,i,i,i,i,i,i,i,i,i,i,i,i,i,i,i,i,i,i,i,i,i,i,i,i,i,i,i,i,i,i,i,i,i,i,0,0,0,0,0,0,0,0,1,1,0,0,0,0,0,4,2,1,0,0,1,0,0,0,0,2,1,61,4,99,9,1,5,5,i,i,0,0,0,0,1,0,0,i,i,i,i,i,i,i,i,i,i,i,i,i,i,i,i,i,i,i,i,i,i,i,i,i,i,i,i,i,i,0,0,0,1,0,0,7,1,4,4,0,0,0,0,2,1,2,1,0,0,0,0,0,0,0,0,0,7,6,6,1,2,2,2,2,i,i,2,i,i,i,i,i,a,a,i,a,10,12,15,0,15,35,35,1,1,2,5,i,i,5,i,i,i,i,i,i,i,i,i,i,i,i,i,181,42,1
6291,doi:10.4232/1.12497,1.0.0 (2016-04-22),1,1,960,14000960,15041,14,3,TN,1.112159,1.377675,0.0,1.189387,1.499454,0.0,0.0,4,3,3,3,4,3,3,4,2,5,1,2,4,1,1,1,6,0,0,0,1,0,0,1,0,0,0,0,1,0,0,0,0,0,0,a,a,0,0,0,0,0,0,1,0,1,1,0,0,0,0,1,0,0,0,0,0,0,i,i,0,0,0,2,2,1,1,1,3,2,2,2,1,2,1,2,0,0,0,1,1,1,0,0,1,1,0,i,0,0,0,0,2,2,2,3,2,1,1,3,2,1,2,2,2,2,2,1,1,2,1,1,i,2,1,2,2,1,1,0,0,0,0,0,0,i,i,i,1,0,0,0,0,0,0,1,1,1,0,0,0,0,i,0,0,0,2,3,2,2,2,3,5,5,1,0,0,1,0,0,1,0,0,0,1,1,0,0,0,0,1,0,0,0,0,0,0,0,0,0,0,1,0,0,0,0,4,1,3,1,2,2,2,2,2,2,2,2,2,3,3,3,2,2,4,2,2,2,4,4,4,4,1,0,0,0,0,1,0,1,0,0,0,0,0,0,2,i,i,i,i,i,i,i,i,i,i,i,i,i,i,i,i,i,i,i,i,i,i,i,i,i,i,i,i,i,i,i,i,i,i,i,i,i,0,1,0,0,0,0,0,0,1,1,0,0,0,0,0,1,1,0,0,0,1,0,0,0,0,1,2,21,1,0,5,3,2,2,19,i,0,0,0,0,1,0,0,i,i,i,i,i,i,i,i,i,i,i,i,i,i,i,i,i,i,i,i,i,i,i,i,i,i,i,i,i,i,1,0,0,0,0,1,10,3,7,4,0,0,0,0,1,1,3,1,1,0,1,1,0,1,0,0,0,1,i,1,2,1,2,2,2,i,i,2,i,1,i,i,i,a,a,i,a,10,12,14,27,15,0,33,1,1,1,5,i,i,5,i,i,i,i,i,i,i,i,i,i,i,i,i,161,40,1
6291,doi:10.4232/1.12497,1.0.0 (2016-04-22),1,1,961,14000961,15042,14,3,TN,1.044766,1.377675,0.0,1.189387,1.499454,0.0,0.0,4,2,2,2,2,2,2,4,2,1,1,3,3,3,1,1,6,0,0,1,0,0,0,0,0,0,0,0,1,0,0,1,0,0,0,a,a,0,0,0,0,0,1,0,0,1,0,0,0,0,0,1,0,0,1,0,0,0,i,i,0,0,0,3,3,1,3,1,2,2,2,1,1,2,1,2,0,1,0,0,0,1,0,0,1,1,0,i,0,0,0,0,2,2,3,3,2,1,1,1,1,1,2,2,1,1,2,1,1,3,1,1,i,2,1,2,5,1,0,0,0,0,0,0,0,i,i,i,1,1,0,0,0,0,0,1,0,1,0,1,0,0,i,0,0,0,4,4,1,1,1,4,4,4,1,0,0,1,0,0,1,0,0,0,1,1,0,0,0,0,0,0,0,0,0,0,1,0,0,0,0,1,0,0,0,0,4,2,2,5,1,2,2,1,2,2,2,2,2,3,3,2,2,2,3,2,2,1,3,3,3,3,1,0,0,0,0,1,0,0,1,0,0,0,0,0,2,i,i,i,i,i,i,i,i,i,i,i,i,i,i,i,i,i,i,i,i,i,i,i,i,i,i,i,i,i,i,i,i,i,i,i,i,i,1,0,0,0,0,0,0,0,0,1,1,0,0,0,0,1,1,0,0,0,1,0,0,0,0,2,2,36,2,12,1,1,18,8,i,i,0,0,0,0,1,0,0,i,i,i,i,i,i,i,i,i,i,i,i,i,i,i,i,i,i,i,i,i,i,i,i,i,i,i,i,i,i,0,0,0,1,0,0,5,1,2,2,1,1,0,0,2,1,2,1,0,0,0,0,0,0,0,0,0,7,6,6,2,2,2,2,2,i,i,2,i,i,i,i,i,a,a,i,a,10,12,13,55,14,20,25,1,1,1,5,i,i,5,i,i,i,i,i,i,i,i,i,i,i,i,i,161,40,1
6291,doi:10.4232/1.12497,1.0.0 (2016-04-22),1,1,962,14000962,15043,14,3,TN,0.943046,1.377675,0.0,1.189387,1.499454,0.0,0.0,4,3,3,3,4,3,3,4,5,4,2,3,2,1,3,1,4,0,0,1,0,0,1,0,0,0,0,0,0,0,1,0,0,0,0,a,a,0,0,0,0,0,1,1,0,1,0,0,0,0,0,0,0,1,0,0,0,0,i,i,0,0,0,2,2,1,3,1,4,2,2,2,2,2,3,i,0,0,0,1,0,0,1,0,0,0,0,i,0,0,0,0,2,3,2,3,3,1,1,2,1,2,2,1,1,2,2,1,1,1,2,2,i,2,2,2,3,1,0,0,0,0,0,0,0,i,i,i,1,0,1,0,0,0,0,1,0,0,0,0,0,0,i,0,0,0,2,3,1,1,3,3,4,4,0,0,0,0,1,1,0,1,0,0,0,0,1,0,0,0,0,0,0,0,0,1,0,0,0,0,0,0,1,0,0,0,2,2,2,5,1,1,3,3,2,2,3,3,2,3,2,1,2,2,1,3,2,3,1,1,4,4,1,0,0,0,1,0,1,0,0,0,0,0,0,0,3,i,i,i,i,i,i,i,i,i,i,i,i,i,i,i,i,i,i,i,i,i,i,i,i,i,i,i,i,i,i,i,i,i,i,i,i,i,0,0,0,0,0,0,0,0,0,0,0,0,0,0,1,1,2,1,0,0,0,0,0,0,0,4,1,54,3,14,1,1,18,8,i,i,0,0,0,0,1,0,0,i,i,i,i,i,i,i,i,i,i,i,i,i,i,i,i,i,i,i,i,i,i,i,i,i,i,i,i,i,i,0,0,0,1,0,0,6,1,5,4,0,0,1,1,2,1,2,1,0,0,0,0,0,0,0,0,0,7,6,6,1,3,3,3,3,i,i,3,i,i,i,i,i,a,a,i,a,10,12,15,45,16,30,45,1,3,2,5,i,i,5,i,i,i,i,i,i,i,i,i,i,i,i,i,181,41,1
6291,doi:10.4232/1.12497,1.0.0 (2016-04-22),1,1,963,14000963,15044,14,3,TN,1.010761,1.377675,0.0,1.189387,1.499454,0.0,0.0,4,4,1,1,2,3,3,4,2,5,2,1,4,1,1,1,3,0,0,0,0,0,1,1,0,0,0,0,0,0,0,0,0,0,0,a,a,0,0,0,0,0,1,0,0,1,1,0,0,0,0,0,0,0,0,0,0,0,i,i,0,0,0,2,4,1,2,1,2,2,2,2,1,2,1,2,0,0,0,0,1,0,0,1,1,0,0,i,0,0,0,0,2,2,2,3,2,1,1,3,3,1,2,2,2,2,2,1,1,2,1,1,i,2,1,2,4,1,1,0,0,0,0,0,0,i,i,i,0,0,1,0,0,0,0,1,0,0,0,0,0,0,i,0,0,0,1,3,1,1,1,2,1,1,1,0,1,1,0,1,0,0,0,0,0,1,0,0,0,0,1,0,0,0,0,0,0,0,0,0,0,1,0,0,0,0,5,1,1,5,1,2,2,1,2,2,1,1,2,3,3,1,1,2,3,1,1,1,3,3,4,4,1,0,0,0,0,0,1,0,1,0,0,0,0,0,2,i,i,i,i,i,i,i,i,i,i,i,i,i,i,i,i,i,i,i,i,i,i,i,i,i,i,i,i,i,i,i,i,i,i,i,i,i,0,0,0,0,0,0,0,0,0,0,0,0,0,0,1,4,2,0,0,0,1,0,0,0,0,2,2,65,4,1,6,1,1,1,19,i,0,0,0,0,1,0,0,i,i,i,i,i,i,i,i,i,i,i,i,i,i,i,i,i,i,i,i,i,i,i,i,i,i,i,i,i,i,1,0,0,0,0,1,5,1,3,3,0,0,0,0,2,2,4,1,0,0,0,0,0,1,0,0,0,7,i,6,2,2,2,2,2,i,i,2,i,i,i,i,i,a,a,i,a,10,12,13,10,13,47,37,2,2,1,5,i,i,5,i,i,i,i,i,i,i,i,i,i,i,i,i,161,40,1
6291,doi:10.4232/1.12497,1.0.0 (2016-04-22),1,1,964,14000964,15045,14,3,TN,0.986616,1.377675,0.0,1.189387,1.499454,0.0,0.0,2,3,2,2,3,3,3,3,5,3,3,2,1,1,3,1,6,0,0,1,1,0,0,0,0,0,0,0,0,0,0,1,0,0,0,a,a,0,0,0,0,0,1,1,0,1,0,0,0,0,0,0,0,0,1,0,0,0,i,i,0,0,0,2,2,2,3,1,1,1,2,2,2,2,2,i,0,0,0,1,0,1,0,0,0,0,0,i,0,0,0,0,2,2,1,2,3,1,2,2,1,2,2,1,2,2,1,1,1,1,2,2,i,2,2,2,3,1,1,0,0,0,0,0,0,i,i,i,0,0,1,0,0,0,0,1,0,0,0,0,0,0,i,0,0,0,3,3,1,1,2,2,3,3,0,1,0,0,1,0,0,0,0,0,0,1,1,0,0,0,0,0,0,0,1,0,0,0,0,0,0,0,1,0,0,0,2,1,2,3,1,2,2,2,2,2,3,3,2,4,3,2,2,1,2,4,4,2,3,4,4,4,0,0,1,0,1,0,0,0,0,1,0,0,0,0,2,i,i,i,i,i,i,i,i,i,i,i,i,i,i,i,i,i,i,i,i,i,i,i,i,i,i,i,i,i,i,i,i,i,i,i,i,i,0,1,0,0,0,0,0,0,1,0,0,0,0,0,0,1,2,1,1,0,0,0,0,0,0,4,1,28,2,15,1,3,3,3,8,1,0,0,0,0,1,0,0,i,i,i,i,i,i,i,i,i,i,i,i,i,i,i,i,i,i,i,i,i,i,i,i,i,i,i,i,i,i,0,0,0,1,0,0,5,1,6,4,0,0,1,1,2,1,2,1,0,0,0,0,0,0,0,0,0,7,i,6,1,2,2,3,3,i,i,3,i,i,i,i,i,a,a,i,a,10,12,16,35,17,15,40,1,2,2,5,i,i,5,i,i,i,i,i,i,i,i,i,i,i,i,i,181,40,1
6291,doi:10.4232/1.12497,1.0.0 (2016-04-22),1,1,965,14000965,15046,14,3,TN,1.045353,1.377675,0.0,1.189387,1.499454,0.0,0.0,3,1,1,1,1,3,2,4,3,2,2,1,4,1,1,1,4,0,0,1,0,0,0,1,0,0,0,0,0,0,0,0,0,0,0,a,a,0,0,0,0,0,1,1,0,0,1,0,0,0,0,0,0,0,0,0,0,0,i,i,0,0,0,2,2,1,2,1,1,2,2,2,1,1,1,2,0,0,1,1,0,0,0,0,1,0,0,i,0,0,0,0,2,2,1,3,1,1,1,3,1,1,2,2,2,1,2,1,1,2,2,1,i,3,1,2,4,1,1,0,0,0,0,0,0,i,i,i,1,0,0,0,0,0,0,1,0,0,0,0,0,0,i,0,0,0,1,4,1,1,1,3,1,1,1,0,1,1,0,0,1,0,0,0,0,1,0,0,0,0,1,0,0,0,0,0,0,0,0,0,0,0,0,0,0,0,4,2,2,5,1,2,2,1,2,1,1,1,2,3,3,1,1,3,4,2,1,1,1,2,4,4,1,1,0,0,0,0,0,1,0,0,0,0,0,0,2,i,i,i,i,i,i,i,i,i,i,i,i,i,i,i,i,i,i,i,i,i,i,i,i,i,i,i,i,i,i,i,i,i,i,i,i,i,0,0,0,0,0,0,0,0,0,0,0,0,0,0,1,4,3,0,0,0,1,0,0,0,0,2,1,83,4,13,1,1,4,4,13,3,0,0,0,0,1,0,0,i,i,i,i,i,i,i,i,i,i,i,i,i,i,i,i,i,i,i,i,i,i,i,i,i,i,i,i,i,i,1,0,0,0,0,1,7,3,2,2,0,0,0,0,2,1,2,1,0,0,0,0,0,1,0,0,0,7,i,6,2,2,2,2,2,i,i,2,i,i,i,i,i,a,a,i,a,10,12,12,3,12,30,27,1,1,1,5,i,i,5,i,i,i,i,i,i,i,i,i,i,i,i,i,161,40,1
6291,doi:10.4232/1.12497,1.0.0 (2016-04-22),1,1,966,14000966,15047,14,3,TN,0.939826,1.377675,0.0,1.189387,1.499454,0.0,0.0,4,2,2,2,2,2,2,4,3,3,3,1,3,3,3,3,7,0,0,0,1,0,1,0,0,0,0,0,0,0,0,0,0,0,0,a,a,0,0,0,0,0,0,1,0,1,1,0,0,0,0,0,0,0,0,0,0,0,i,i,0,0,0,2,2,3,2,1,1,1,2,2,2,2,1,2,0,1,0,1,0,0,0,0,0,0,0,i,0,0,0,0,2,2,2,4,1,1,1,1,1,1,1,1,1,1,1,1,1,1,1,1,i,1,1,3,3,0,1,0,0,0,0,0,0,i,i,i,1,0,0,0,0,0,0,1,0,0,0,0,0,0,i,0,0,0,4,4,3,3,5,5,4,4,0,0,0,0,1,0,0,0,0,0,0,1,1,0,0,0,0,0,0,0,0,0,0,0,0,0,0,1,1,0,0,0,3,2,2,5,2,2,3,2,2,2,2,2,2,4,3,1,1,1,2,2,2,2,2,3,4,4,0,1,0,0,0,0,0,1,0,1,0,0,0,0,2,i,i,i,i,i,i,i,i,i,i,i,i,i,i,i,i,i,i,i,i,i,i,i,i,i,i,i,i,i,i,i,i,i,i,i,i,i,1,0,0,0,0,0,0,1,0,0,0,0,0,0,0,1,1,0,1,0,1,0,0,0,0,1,1,46,3,18,2,1,18,8,i,i,0,0,0,0,1,0,0,i,i,i,i,i,i,i,i,i,i,i,i,i,i,i,i,i,i,i,i,i,i,i,i,i,i,i,i,i,i,0,0,0,1,0,0,2,1,2,2,2,2,1,1,2,1,2,1,0,0,0,0,0,1,0,0,0,7,6,6,1,2,3,3,3,i,i,3,i,i,i,i,i,a,a,i,a,11,12,14,8,14,21,31,1,1,2,5,i,i,5,i,i,i,i,i,i,i,i,i,i,i,i,i,164,41,1
6291,doi:10.4232/1.12497,1.0.0 (2016-04-22),1,1,967,14000967,15048,14,3,TN,0.979123,1.377675,0.0,1.189387,1.499454,0.0,0.0,4,3,3,3,4,2,2,3,5,3,3,2,4,4,4,4,7,0,0,0,1,0,0,0,0,0,0,0,0,0,0,0,0,0,0,a,a,0,0,0,0,0,0,1,0,0,1,0,0,0,0,0,0,0,0,0,0,0,i,i,0,0,0,4,2,4,4,2,2,3,3,3,2,2,1,2,0,0,0,1,0,0,0,0,0,0,0,i,0,0,0,0,2,2,5,5,5,3,3,2,2,2,3,3,3,3,3,1,3,1,2,2,i,2,2,2,2,0,1,0,0,0,0,0,0,i,i,i,0,0,0,0,0,0,0,0,1,0,0,0,0,0,i,0,0,0,4,4,5,5,3,3,3,3,0,0,0,0,1,0,0,0,0,0,0,1,0,0,0,0,0,0,0,0,0,0,0,0,0,0,1,1,0,0,0,0,4,4,3,2,2,2,3,1,2,2,2,2,2,4,4,3,3,5,5,5,5,5,5,5,5,4,1,0,1,0,0,0,0,0,1,0,0,0,0,0,2,i,i,i,i,i,i,i,i,i,i,i,i,i,i,i,i,i,i,i,i,i,i,i,i,i,i,i,i,i,i,i,i,i,i,i,i,i,0,0,0,0,0,0,0,0,1,0,0,0,0,0,0,1,1,0,1,0,1,0,0,0,0,1,2,37,2,15,1,1,18,8,i,i,0,0,0,0,1,0,0,i,i,i,i,i,i,i,i,i,i,i,i,i,i,i,i,i,i,i,i,i,i,i,i,i,i,i,i,i,i,1,0,0,0,0,1,5,1,2,2,2,2,0,0,2,1,2,1,0,0,0,0,0,1,0,0,0,7,6,6,1,2,3,3,3,i,i,3,i,i,i,i,i,a,a,i,a,11,12,13,45,14,4,19,1,3,2,5,i,i,5,i,i,i,i,i,i,i,i,i,i,i,i,i,104,41,1
6291,doi:10.4232/1.12497,1.0.0 (2016-04-22),1,1,968,14000968,15049,14,3,TN,0.983247,1.377675,0.0,1.189387,1.499454,0.0,0.0,2,3,3,3,4,2,2,4,2,2,2,2,1,1,2,2,7,1,0,0,0,0,1,0,1,0,0,0,0,0,0,0,0,0,0,a,a,0,0,0,1,0,0,0,0,1,1,1,0,0,0,0,0,0,0,0,0,0,i,i,0,0,0,2,2,1,1,1,1,2,2,2,2,2,1,2,0,0,0,1,0,0,0,0,0,1,1,i,0,0,0,0,2,2,3,2,3,1,3,1,1,1,1,1,2,1,1,1,2,1,1,2,i,2,2,2,2,0,0,0,0,0,0,0,0,i,i,i,1,0,1,0,0,0,0,1,0,0,0,0,0,0,i,0,0,0,2,4,2,2,4,4,2,2,0,0,0,0,1,0,0,0,0,0,1,1,1,0,0,0,0,0,0,0,0,0,1,0,0,0,0,0,1,0,0,0,2,1,2,1,1,1,3,2,2,1,1,1,2,4,4,2,2,2,2,2,3,2,2,3,4,4,0,1,0,0,1,0,0,1,0,0,0,0,0,0,1,24,i,i,i,i,1,1,1,2,0,0,1,0,0,0,0,0,0,0,0,0,0,0,0,0,0,0,1,0,0,0,1,0,0,0,0,1,0,1,0,0,0,0,0,0,0,0,0,0,0,0,0,1,1,0,1,0,1,0,0,0,0,1,1,26,2,18,2,3,17,8,i,i,0,0,0,0,1,0,0,i,i,i,i,i,i,i,i,i,i,i,i,i,i,i,i,i,i,i,i,i,i,i,i,i,i,i,i,i,i,1,0,0,0,0,1,5,2,6,4,0,0,0,0,2,1,2,1,0,0,1,1,0,1,0,0,0,1,6,6,1,1,2,3,1,i,i,3,i,1,i,i,3,a,a,i,a,11,12,13,0,13,16,16,2,1,2,5,i,i,5,i,i,i,i,i,i,i,i,i,i,i,i,i,164,410,1
6291,doi:10.4232/1.12497,1.0.0 (2016-04-22),1,1,969,14000969,15050,14,3,TN,0.986616,1.377675,0.0,1.189387,1.499454,0.0,0.0,2,3,3,3,4,2,2,4,2,2,2,1,3,3,1,1,8,0,0,0,0,0,1,1,0,0,0,0,0,0,0,0,0,0,0,a,a,0,0,0,0,0,0,0,0,1,1,1,0,0,0,0,0,0,0,0,0,0,i,i,0,0,0,2,2,1,1,1,1,2,1,2,2,2,1,2,0,0,0,1,0,0,0,0,0,1,0,i,0,0,0,0,2,2,2,1,1,1,2,2,2,1,1,3,1,1,1,2,1,1,1,1,i,1,1,3,3,0,0,1,0,0,0,0,0,i,i,i,1,0,0,0,0,0,0,1,0,0,0,0,0,0,i,0,0,0,2,4,2,2,2,3,3,3,0,1,0,1,0,0,0,0,0,0,0,0,0,0,0,0,0,0,0,0,0,0,1,0,0,0,1,0,0,0,0,0,5,1,2,5,1,3,3,1,2,2,2,2,2,4,4,2,2,2,2,3,2,2,3,5,2,4,0,1,0,0,0,1,0,0,0,1,0,0,0,0,1,48,i,i,i,i,2,2,1,4,0,1,1,0,0,0,0,0,0,0,0,0,0,0,0,0,0,0,0,0,0,0,1,0,0,0,0,2,1,0,0,0,0,0,0,1,0,0,0,0,0,0,0,1,1,0,0,0,1,0,0,0,0,1,1,25,2,14,1,3,8,5,i,i,0,0,0,0,1,0,0,i,i,i,i,i,i,i,i,i,i,i,i,i,i,i,i,i,i,i,i,i,i,i,i,i,i,i,i,i,i,1,0,0,0,0,1,6,1,2,2,0,0,0,0,2,1,2,1,0,0,0,0,0,1,0,0,0,7,6,6,1,2,3,3,2,i,i,3,i,i,i,i,i,a,a,i,a,11,12,13,20,13,40,20,1,2,2,5,i,i,5,i,i,i,i,i,i,i,i,i,i,i,i,i,104,41,1
6291,doi:10.4232/1.12497,1.0.0 (2016-04-22),1,1,970,14000970,15051,14,3,TN,0.986616,1.377675,0.0,1.189387,1.499454,0.0,0.0,4,3,3,3,4,2,2,4,5,4,4,2,2,2,2,2,6,1,0,0,0,0,0,0,0,0,0,0,0,0,0,0,0,0,0,a,a,0,0,0,1,0,0,0,0,1,0,0,0,0,0,0,0,0,0,0,0,0,i,i,0,0,0,2,2,1,1,1,1,2,2,2,2,6,3,i,0,0,0,1,0,1,0,0,0,0,0,i,0,0,0,0,2,2,3,3,3,1,2,1,2,2,1,2,3,1,2,2,2,1,2,2,i,2,2,3,3,0,0,0,0,0,0,0,0,i,i,i,1,0,0,0,0,0,0,1,0,0,0,0,0,0,i,0,0,0,4,2,2,2,2,4,2,2,0,1,0,0,1,0,0,0,0,0,0,0,0,0,0,0,0,0,0,0,0,0,1,0,0,0,0,0,0,0,0,0,4,4,4,4,1,1,2,2,2,2,2,2,2,4,4,2,2,2,2,2,2,4,4,4,4,4,1,0,0,0,0,0,0,1,0,0,1,0,0,0,2,i,i,i,i,i,i,i,i,i,i,i,i,i,i,i,i,i,i,i,i,i,i,i,i,i,i,i,i,i,i,i,i,i,i,i,i,i,0,0,0,0,0,0,0,0,1,0,0,0,0,0,0,1,3,0,1,0,1,0,0,0,0,3,1,36,2,15,1,1,3,3,17,4,0,0,0,0,1,0,0,i,i,i,i,i,i,i,i,i,i,i,i,i,i,i,i,i,i,i,i,i,i,i,i,i,i,i,i,i,i,0,0,0,1,0,0,1,1,4,4,0,0,2,2,2,1,2,0,0,0,0,0,0,1,0,0,0,7,i,6,1,2,3,3,3,i,i,3,i,i,i,i,i,a,a,i,a,11,12,12,35,12,49,41,2,2,2,5,i,i,5,i,i,i,i,i,i,i,i,i,i,i,i,i,164,41,1
6291,doi:10.4232/1.12497,1.0.0 (2016-04-22),1,1,971,14000971,15052,14,3,TN,1.011169,1.377675,0.0,1.189387,1.499454,0.0,0.0,4,3,3,3,4,4,4,4,3,5,2,1,1,1,1,1,4,1,0,1,0,0,0,1,1,0,0,0,1,0,0,0,0,0,0,a,a,0,0,0,1,0,1,1,0,0,1,1,0,0,0,1,0,0,0,0,0,0,i,i,0,0,0,2,2,4,3,1,1,2,1,1,6,3,1,2,0,0,0,0,0,0,0,0,0,0,0,i,1,0,0,0,2,2,2,2,2,1,1,1,2,2,1,1,1,1,1,2,1,1,1,2,i,1,1,4,4,0,1,0,0,0,0,1,0,i,i,i,1,0,0,0,0,0,0,1,1,0,0,0,0,0,i,0,0,0,5,4,1,1,4,4,5,2,0,1,0,1,0,0,0,1,0,0,1,0,0,0,0,0,0,1,0,0,0,0,0,1,0,0,0,0,0,0,0,0,2,2,2,5,1,1,1,2,2,2,1,2,2,4,4,2,3,1,4,4,2,1,4,4,4,4,1,0,0,0,1,0,1,0,0,0,0,0,0,0,2,i,i,i,i,i,i,i,i,i,i,i,i,i,i,i,i,i,i,i,i,i,i,i,i,i,i,i,i,i,i,i,i,i,i,i,i,i,0,1,0,0,0,0,0,0,1,1,0,0,0,0,0,1,1,0,1,0,1,0,0,0,0,1,1,53,3,1,6,1,18,8,i,i,0,0,0,0,1,0,0,i,i,i,i,i,i,i,i,i,i,i,i,i,i,i,i,i,i,i,i,i,i,i,i,i,i,i,i,i,i,1,0,0,0,0,1,5,1,8,4,0,0,1,1,2,1,2,1,0,0,0,0,0,1,0,0,0,7,6,6,2,2,2,2,2,i,i,2,i,i,i,i,i,a,a,i,a,12,12,11,6,11,30,24,1,1,1,5,i,i,5,i,i,i,i,i,i,i,i,i,i,i,i,i,167,40,1
6291,doi:10.4232/1.12497,1.0.0 (2016-04-22),1,1,972,14000972,15053,14,3,TN,0.939826,1.377675,0.0,1.189387,1.499454,0.0,0.0,4,2,2,2,2,3,3,4,4,3,3,3,3,3,3,3,4,0,0,0,0,0,1,1,0,0,0,0,0,0,0,0,0,0,0,a,a,0,0,0,0,0,0,1,0,1,1,0,0,0,0,0,0,0,0,0,0,0,i,i,0,0,0,4,4,4,4,1,1,2,2,2,3,2,1,2,0,0,0,0,0,0,0,0,0,1,0,i,0,0,0,0,2,2,3,2,2,1,3,1,3,1,1,1,3,1,1,2,3,1,1,2,i,1,1,2,2,0,0,0,0,0,0,0,0,i,i,i,1,0,0,0,0,0,0,0,0,0,0,0,0,0,i,0,0,1,4,4,4,4,4,4,4,4,0,0,0,0,0,0,0,1,0,0,0,0,0,0,0,0,0,0,0,0,0,0,0,1,0,0,0,0,0,0,0,0,3,2,2,3,2,2,2,2,2,2,2,2,2,4,4,2,2,2,2,4,2,2,2,3,4,4,1,1,0,0,0,0,0,0,0,0,1,0,0,0,2,i,i,i,i,i,i,i,i,i,i,i,i,i,i,i,i,i,i,i,i,i,i,i,i,i,i,i,i,i,i,i,i,i,i,i,i,i,0,0,0,0,0,0,0,1,0,0,0,0,0,0,0,1,2,0,1,0,0,0,0,0,0,3,1,42,3,16,2,1,17,8,i,i,0,0,0,0,1,0,0,i,i,i,i,i,i,i,i,i,i,i,i,i,i,i,i,i,i,i,i,i,i,i,i,i,i,i,i,i,i,0,0,0,1,0,0,9,3,4,4,1,1,2,2,2,1,2,1,0,0,0,0,1,1,0,0,0,7,6,6,1,2,2,2,2,i,i,2,i,i,i,i,i,a,a,i,a,11,12,12,5,12,35,24,1,1,2,5,i,i,5,i,i,i,i,i,i,i,i,i,i,i,i,i,164,41,1
6291,doi:10.4232/1.12497,1.0.0 (2016-04-22),1,1,973,14000973,15054,14,3,TN,0.94656,1.377675,0.0,1.189387,1.499454,0.0,0.0,4,1,1,1,1,4,3,4,5,4,4,2,4,4,2,4,8,1,0,1,1,1,1,0,0,0,0,0,0,0,0,0,0,0,0,a,a,0,0,0,1,0,1,1,1,1,0,1,0,0,0,0,0,0,0,0,0,0,i,i,0,0,0,2,2,1,1,1,1,2,2,2,1,2,1,2,0,0,0,1,0,0,0,0,1,0,0,i,0,0,0,0,2,5,1,4,2,1,1,3,1,1,1,2,1,2,1,1,3,1,2,3,i,2,1,2,5,1,0,0,0,0,0,0,0,i,i,i,0,0,1,0,0,0,0,1,0,0,0,0,0,0,i,0,0,0,2,2,1,1,5,4,5,5,0,0,0,0,1,0,1,0,0,0,1,0,1,0,0,0,0,0,0,0,0,0,1,0,0,0,0,0,1,0,0,0,4,2,2,5,3,3,3,2,2,2,3,3,2,3,3,2,3,1,2,4,5,1,1,2,3,4,1,0,0,0,1,0,0,1,0,0,0,0,0,0,2,i,i,i,i,i,i,i,i,i,i,i,i,i,i,i,i,i,i,i,i,i,i,i,i,i,i,i,i,i,i,i,i,i,i,i,i,i,0,0,0,0,0,0,0,0,1,1,0,0,0,0,0,1,2,1,0,0,1,0,0,0,0,2,1,23,1,13,1,3,18,8,i,i,0,0,0,0,1,0,0,i,i,i,i,i,i,i,i,i,i,i,i,i,i,i,i,i,i,i,i,i,i,i,i,i,i,i,i,i,i,0,0,0,1,0,0,6,2,5,4,0,0,0,0,2,1,2,1,0,0,0,0,0,0,0,0,0,7,7,6,1,1,2,2,2,i,i,2,i,1,i,i,i,a,a,i,a,10,12,19,30,20,0,30,1,1,2,5,i,i,5,i,i,i,i,i,i,i,i,i,i,i,i,i,182,42,1
6291,doi:10.4232/1.12497,1.0.0 (2016-04-22),1,1,974,14000974,15055,14,3,TN,0.983889,1.377675,0.0,1.189387,1.499454,0.0,0.0,2,3,3,3,4,4,4,3,5,2,2,1,3,1,4,1,6,1,0,0,0,0,0,1,1,0,0,0,0,0,0,0,0,0,0,a,a,0,0,0,1,0,0,0,0,1,1,1,0,0,0,0,0,0,0,0,0,0,i,i,0,0,0,3,2,1,4,2,5,2,2,2,2,2,2,i,0,0,0,1,0,0,0,0,1,1,0,i,0,0,0,0,5,4,2,3,5,1,1,2,2,2,2,1,1,1,1,1,1,1,2,2,i,2,2,5,3,1,0,0,0,0,0,0,0,i,i,i,0,0,0,0,0,0,0,1,0,0,0,0,0,0,i,0,0,0,2,2,1,2,5,2,4,5,0,0,0,0,1,0,0,0,0,0,1,0,1,0,0,0,0,0,0,0,1,0,0,0,0,0,1,0,0,0,0,0,5,1,2,5,2,2,2,1,2,2,3,3,2,2,4,4,2,1,1,3,2,1,1,3,5,4,1,0,0,0,0,1,0,0,1,0,0,0,0,0,2,i,i,i,i,i,i,i,i,i,i,i,i,i,i,i,i,i,i,i,i,i,i,i,i,i,i,i,i,i,i,i,i,i,i,i,i,i,1,0,0,0,1,0,0,1,0,0,0,0,0,0,0,4,2,1,0,0,1,0,0,0,0,4,2,37,2,1,6,1,1,1,19,i,0,0,0,0,1,0,0,i,i,i,i,i,i,i,i,i,i,i,i,i,i,i,i,i,i,i,i,i,i,i,i,i,i,i,i,i,i,0,0,0,1,0,0,7,3,2,2,3,3,0,0,2,1,2,1,0,0,0,0,1,1,0,0,0,7,i,6,1,2,2,2,2,i,i,2,i,i,i,i,i,a,a,i,a,10,12,21,5,21,45,40,1,2,2,5,i,i,5,i,i,i,i,i,i,i,i,i,i,i,i,i,182,42,1
6291,doi:10.4232/1.12497,1.0.0 (2016-04-22),1,1,975,14000975,15056,14,3,TN,0.949803,1.377675,0.0,1.189387,1.499454,0.0,0.0,4,3,3,3,4,2,2,4,5,4,3,3,1,1,3,1,6,0,0,0,1,1,0,0,0,1,0,0,0,0,0,0,0,0,0,a,a,0,0,0,0,0,0,1,1,1,0,0,1,0,0,0,0,0,0,0,0,0,i,i,0,0,0,2,2,1,3,1,5,2,2,2,2,2,3,i,0,0,0,1,0,1,0,0,0,0,0,i,0,0,0,0,5,3,2,1,5,1,2,1,1,2,2,1,2,2,2,1,2,1,2,2,i,2,2,2,5,1,1,0,0,0,0,0,0,i,i,i,1,0,0,0,0,0,0,1,0,0,0,0,0,0,i,0,0,0,3,3,2,1,5,5,5,5,0,0,0,0,1,0,1,0,0,0,1,1,1,0,0,0,0,0,0,0,0,0,1,0,0,0,1,0,0,0,0,0,4,2,2,5,1,3,3,2,2,2,3,3,2,3,3,2,1,1,3,4,4,1,2,2,4,4,0,0,1,0,1,0,0,0,1,0,0,0,0,0,2,i,i,i,i,i,i,i,i,i,i,i,i,i,i,i,i,i,i,i,i,i,i,i,i,i,i,i,i,i,i,i,i,i,i,i,i,i,0,0,0,0,0,0,0,0,1,1,0,0,0,0,0,1,2,1,0,0,1,0,0,0,0,2,1,20,1,13,1,1,3,3,19,i,0,0,0,0,1,0,0,i,i,i,i,i,i,i,i,i,i,i,i,i,i,i,i,i,i,i,i,i,i,i,i,i,i,i,i,i,i,0,0,0,1,0,0,6,2,5,4,1,1,0,0,2,1,2,1,0,0,0,0,0,0,0,0,0,7,i,6,1,2,2,2,2,i,i,2,i,i,i,i,i,a,a,i,a,10,12,19,0,19,25,25,1,2,2,5,i,i,5,i,i,i,i,i,i,i,i,i,i,i,i,i,182,42,1
6291,doi:10.4232/1.12497,1.0.0 (2016-04-22),1,1,976,14000976,15057,14,3,TN,0.963588,1.377675,0.0,1.189387,1.499454,0.0,0.0,2,1,1,1,1,2,1,4,3,3,3,2,3,3,2,3,4,0,0,1,0,0,1,1,0,0,0,0,1,0,0,0,0,0,0,a,a,0,0,0,0,0,1,1,0,1,1,0,0,0,0,1,0,0,0,0,0,0,i,i,0,0,0,2,4,1,3,1,1,1,1,1,3,2,3,i,0,0,0,1,0,0,0,0,0,0,0,i,0,0,0,0,3,3,3,3,3,2,1,3,1,1,2,1,1,2,1,1,1,1,2,1,i,2,1,2,4,1,0,0,0,0,0,0,0,i,i,i,1,0,1,0,0,0,0,1,0,0,0,0,0,0,i,0,0,0,2,1,1,1,1,2,1,1,1,0,0,1,0,0,0,0,0,0,1,0,0,0,0,0,1,0,0,0,0,0,0,0,0,0,0,1,0,0,0,0,4,3,3,5,2,2,2,2,1,1,2,2,2,4,4,3,1,2,4,4,2,1,4,4,4,4,0,0,0,0,0,0,1,0,1,0,1,0,0,0,2,i,i,i,i,i,i,i,i,i,i,i,i,i,i,i,i,i,i,i,i,i,i,i,i,i,i,i,i,i,i,i,i,i,i,i,i,i,0,1,0,0,0,0,0,0,1,0,1,0,0,0,0,1,1,0,1,0,1,0,1,0,0,1,1,55,4,15,1,1,18,8,i,i,0,0,0,0,1,0,0,i,i,i,i,i,i,i,i,i,i,i,i,i,i,i,i,i,i,i,i,i,i,i,i,i,i,i,i,i,i,1,0,0,0,0,1,3,1,7,4,0,0,1,1,2,1,2,1,0,0,0,0,0,1,0,0,0,7,6,6,2,2,2,2,2,i,i,2,i,i,i,i,i,a,a,i,a,12,12,10,0,10,34,34,1,1,1,5,i,i,5,i,i,i,i,i,i,i,i,i,i,i,i,i,167,40,1
6291,doi:10.4232/1.12497,1.0.0 (2016-04-22),1,1,977,14000977,15058,14,3,TN,1.011169,1.377675,0.0,1.189387,1.499454,0.0,0.0,4,3,1,1,2,2,2,4,1,2,1,1,1,1,1,1,6,1,0,1,0,0,0,0,1,0,0,0,1,0,0,0,0,0,0,a,a,0,0,0,1,0,1,0,0,1,0,1,0,0,0,1,0,0,0,0,0,0,i,i,0,0,0,1,3,1,1,1,1,2,2,2,2,2,1,2,0,0,0,1,0,1,0,0,0,0,1,i,0,0,0,0,2,1,1,1,1,1,1,1,2,1,1,1,2,1,2,1,1,2,2,1,i,2,1,2,4,1,1,0,0,0,0,0,0,i,i,i,1,0,0,0,0,0,0,1,1,0,0,0,0,0,i,0,0,0,2,4,2,2,2,4,4,4,1,0,1,1,0,0,0,0,0,0,1,0,0,0,0,0,0,0,0,0,0,0,0,0,0,0,1,1,0,0,0,0,3,2,2,1,1,2,2,2,1,2,1,1,2,4,4,3,1,1,4,3,2,1,3,4,4,4,1,0,0,1,0,0,0,0,0,1,0,0,0,0,2,i,i,i,i,i,i,i,i,i,i,i,i,i,i,i,i,i,i,i,i,i,i,i,i,i,i,i,i,i,i,i,i,i,i,i,i,i,1,1,0,0,0,0,0,0,1,0,0,0,0,0,0,1,1,0,1,0,1,0,0,0,0,1,1,49,3,1,6,1,14,7,i,i,0,0,0,0,1,0,0,i,i,i,i,i,i,i,i,i,i,i,i,i,i,i,i,i,i,i,i,i,i,i,i,i,i,i,i,i,i,1,0,0,0,0,1,5,1,2,2,0,0,2,2,2,1,2,1,0,0,0,0,0,1,0,0,0,7,6,6,2,2,2,2,2,i,i,2,i,i,i,i,i,a,a,i,a,12,12,12,40,13,12,32,1,1,1,5,i,i,5,i,i,i,i,i,i,i,i,i,i,i,i,i,167,40,1
6291,doi:10.4232/1.12497,1.0.0 (2016-04-22),1,1,978,14000978,15059,14,3,TN,0.947255,1.377675,0.0,1.189387,1.499454,0.0,0.0,2,3,3,2,3,3,3,3,3,5,2,3,3,3,1,3,6,0,0,0,0,0,0,1,0,0,0,0,0,0,0,0,0,0,0,a,a,0,0,0,0,0,0,0,0,1,1,0,0,0,0,0,0,0,0,0,0,0,i,i,0,0,0,2,2,1,3,5,4,3,3,3,3,6,3,i,0,0,0,0,0,0,0,0,0,0,0,i,0,0,1,0,5,2,5,5,5,1,1,1,1,1,1,1,1,1,1,1,1,1,1,1,i,1,1,5,5,1,0,0,0,0,0,0,0,i,i,i,0,0,0,0,0,0,0,1,0,0,0,0,0,0,i,0,0,0,1,2,2,1,4,5,5,4,0,0,0,0,0,0,0,0,0,0,0,0,0,0,0,1,0,0,0,0,0,0,0,0,0,0,0,0,1,0,0,0,4,2,2,5,3,3,3,3,2,2,1,3,2,3,3,2,5,3,5,5,5,5,5,5,5,4,0,1,0,0,0,0,0,0,0,0,1,0,0,0,2,i,i,i,i,i,i,i,i,i,i,i,i,i,i,i,i,i,i,i,i,i,i,i,i,i,i,i,i,i,i,i,i,i,i,i,i,i,0,1,0,0,0,0,0,1,0,0,0,0,0,0,0,1,1,0,1,0,1,0,0,0,0,2,2,67,4,1,6,1,1,1,19,i,0,0,0,0,1,0,0,i,i,i,i,i,i,i,i,i,i,i,i,i,i,i,i,i,i,i,i,i,i,i,i,i,i,i,i,i,i,0,0,0,1,0,0,7,3,4,4,0,0,0,0,2,1,2,1,0,0,0,0,1,1,0,0,0,7,i,6,1,2,2,2,2,i,i,2,i,i,i,i,i,a,a,i,a,11,12,12,35,13,0,25,1,1,2,5,i,i,5,i,i,i,i,i,i,i,i,i,i,i,i,i,182,42,1
6291,doi:10.4232/1.12497,1.0.0 (2016-04-22),1,1,979,14000979,15060,14,3,TN,1.011169,1.377675,0.0,1.189387,1.499454,0.0,0.0,3,2,2,2,2,2,2,4,1,5,5,3,3,3,3,3,12,1,0,0,0,0,1,1,1,0,0,0,0,0,0,0,0,0,0,a,a,0,0,0,1,0,0,0,0,1,1,1,0,0,0,1,0,0,0,0,0,0,i,i,0,0,0,2,3,1,1,1,1,2,2,2,2,2,1,2,0,1,0,0,0,1,0,0,1,0,0,i,0,0,0,0,1,1,1,3,1,1,1,1,1,2,2,2,2,1,1,1,1,1,2,1,i,2,1,2,4,1,0,0,0,0,0,0,0,i,i,i,1,0,1,0,0,0,0,1,0,0,1,0,0,0,i,0,0,0,2,1,1,1,1,2,1,1,1,0,0,1,1,0,1,0,0,0,0,1,0,0,0,0,0,0,0,1,0,0,0,0,0,0,0,1,0,0,0,0,2,2,2,4,1,2,2,2,2,2,2,2,2,4,4,1,1,1,4,3,3,1,4,4,4,4,1,0,0,1,0,1,0,0,0,0,0,0,0,0,2,i,i,i,i,i,i,i,i,i,i,i,i,i,i,i,i,i,i,i,i,i,i,i,i,i,i,i,i,i,i,i,i,i,i,i,i,i,0,1,0,0,0,0,0,1,1,0,0,0,0,0,0,1,1,0,1,1,0,0,0,0,0,2,1,50,3,1,6,1,4,4,18,4,0,0,0,0,1,0,0,i,i,i,i,i,i,i,i,i,i,i,i,i,i,i,i,i,i,i,i,i,i,i,i,i,i,i,i,i,i,1,0,0,0,0,1,5,2,7,4,0,0,1,1,2,1,2,1,0,0,0,0,0,1,0,0,0,7,i,6,2,2,2,2,2,i,i,2,i,i,i,i,i,a,a,i,a,12,12,12,2,12,30,28,1,1,1,5,i,i,5,i,i,i,i,i,i,i,i,i,i,i,i,i,167,40,1
6291,doi:10.4232/1.12497,1.0.0 (2016-04-22),1,1,980,14000980,15061,14,3,TN,0.832981,1.377675,0.0,1.189387,1.499454,0.0,0.0,3,2,1,2,2,2,2,4,3,1,1,2,3,3,2,3,1,0,0,0,1,0,1,0,0,0,0,0,0,0,0,0,0,0,0,a,a,0,0,0,1,0,0,1,0,1,0,0,0,0,0,0,0,0,0,0,0,0,i,i,0,0,0,2,2,1,1,1,3,2,2,1,2,1,1,1,1,1,0,0,0,1,1,0,1,0,0,i,0,0,0,0,1,1,1,1,1,1,1,1,1,1,1,1,1,1,1,1,1,1,1,1,i,1,1,2,2,1,1,0,0,0,0,0,0,i,i,i,1,0,0,0,0,0,0,1,0,0,0,0,0,0,i,0,0,0,2,4,1,2,2,4,2,2,1,0,0,1,0,1,1,0,0,0,0,0,1,0,0,0,1,0,0,0,0,0,0,0,0,0,0,0,1,0,0,0,2,1,2,3,1,1,2,2,2,2,1,1,2,4,4,1,1,3,3,3,2,2,2,2,2,3,1,0,1,0,1,0,0,0,0,0,0,0,0,0,1,48,i,i,i,i,1,1,1,4,0,0,1,0,0,0,1,0,0,0,0,0,0,1,1,0,0,0,0,0,0,0,1,0,0,0,0,1,1,1,0,0,0,0,0,0,0,0,0,1,0,0,0,1,1,1,1,0,0,0,0,0,0,2,2,31,2,0,5,1,12,6,i,i,0,0,0,0,1,0,0,i,i,i,i,i,i,i,i,i,i,i,i,i,i,i,i,i,i,i,i,i,i,i,i,i,i,i,i,i,i,1,1,0,0,0,1,8,2,2,2,1,1,0,0,2,1,2,1,1,1,1,1,1,1,0,0,0,1,1,5,2,1,1,2,1,i,i,2,i,1,1,i,1,a,a,i,a,19,12,13,15,13,50,35,1,1,2,2,i,i,2,i,i,i,i,i,i,i,i,i,i,i,i,i,112,20,1
6291,doi:10.4232/1.12497,1.0.0 (2016-04-22),1,1,981,14000981,15062,14,3,TN,1.002835,1.377675,0.0,1.189387,1.499454,0.0,0.0,4,3,1,1,2,2,2,4,2,2,2,2,3,3,3,3,3,0,0,0,1,0,1,1,0,0,0,0,1,0,0,0,0,0,0,a,a,0,0,0,0,0,1,1,0,1,1,0,0,0,0,1,0,0,0,0,0,0,i,i,0,0,0,2,2,1,3,1,1,1,1,1,3,2,1,2,0,1,0,0,0,0,0,0,0,0,0,i,0,0,0,0,2,2,2,2,2,1,2,1,1,2,2,1,2,1,1,1,1,1,2,1,i,1,1,2,4,1,0,0,0,0,0,0,1,i,i,i,1,0,0,0,0,0,0,1,0,0,0,0,0,0,i,0,0,0,5,5,1,1,1,5,1,1,0,0,1,1,0,0,0,0,0,0,1,1,0,0,0,0,0,0,0,0,0,0,0,0,0,0,1,1,0,0,0,0,4,4,3,1,1,1,2,2,2,2,1,2,2,3,3,1,3,1,3,3,1,1,3,3,3,3,1,0,0,0,0,1,0,1,0,0,0,0,0,0,2,i,i,i,i,i,i,i,i,i,i,i,i,i,i,i,i,i,i,i,i,i,i,i,i,i,i,i,i,i,i,i,i,i,i,i,i,i,0,1,0,0,0,0,0,0,1,1,0,0,0,0,0,2,2,0,1,0,1,0,0,0,0,1,1,53,3,98,8,1,18,8,i,i,0,0,0,0,1,0,0,i,i,i,i,i,i,i,i,i,i,i,i,i,i,i,i,i,i,i,i,i,i,i,i,i,i,i,i,i,i,1,0,0,0,0,1,5,3,3,3,0,0,0,0,1,1,3,1,0,0,1,1,1,1,0,0,0,1,6,6,2,2,2,2,2,i,i,2,i,i,i,i,i,a,a,i,a,12,12,11,35,11,55,20,1,1,1,5,i,i,5,i,i,i,i,i,i,i,i,i,i,i,i,i,167,40,1
6291,doi:10.4232/1.12497,1.0.0 (2016-04-22),1,1,982,14000982,15063,14,3,TN,0.984442,1.377675,0.0,1.189387,1.499454,0.0,0.0,4,3,3,2,3,1,2,4,5,3,3,4,3,4,2,2,3,1,0,0,0,0,1,0,0,0,0,0,0,0,0,0,0,0,0,a,a,0,0,0,1,0,1,0,0,1,0,0,0,0,0,0,0,0,0,0,0,0,i,i,0,0,0,2,4,4,3,1,1,2,2,2,6,2,1,2,0,0,0,0,0,0,0,0,0,0,0,i,0,0,1,0,5,2,1,1,2,1,1,1,1,2,2,3,1,2,2,1,2,1,2,2,i,2,2,5,5,1,1,0,0,0,0,0,0,i,i,i,0,0,1,0,0,0,0,1,0,0,0,0,0,0,i,0,0,0,4,4,1,2,2,4,5,4,1,0,0,1,1,0,0,0,0,0,1,0,1,0,0,0,0,0,0,0,1,0,0,0,0,0,0,0,1,0,0,0,2,1,3,5,2,3,2,3,2,2,3,2,2,4,4,2,5,1,1,3,3,3,4,4,4,4,1,0,0,0,1,0,0,0,0,1,0,0,0,0,2,i,i,i,i,i,i,i,i,i,i,i,i,i,i,i,i,i,i,i,i,i,i,i,i,i,i,i,i,i,i,i,i,i,i,i,i,i,0,1,0,0,0,0,0,0,1,1,0,0,0,0,0,4,2,0,0,0,0,0,0,0,1,2,1,68,4,1,6,1,8,5,i,i,0,0,0,0,1,0,0,i,i,i,i,i,i,i,i,i,i,i,i,i,i,i,i,i,i,i,i,i,i,i,i,i,i,i,i,i,i,0,0,0,1,0,0,7,4,5,4,0,0,0,0,2,1,2,1,0,0,0,0,0,0,0,0,0,7,6,6,1,3,3,3,3,i,i,3,i,i,i,i,i,a,a,i,a,12,12,10,15,10,45,30,1,2,2,5,i,i,5,i,i,i,i,i,i,i,i,i,i,i,i,i,169,42,1
6291,doi:10.4232/1.12497,1.0.0 (2016-04-22),1,1,983,14000983,15064,14,3,TN,0.963588,1.377675,0.0,1.189387,1.499454,0.0,0.0,1,1,1,1,1,1,1,4,2,1,1,2,1,1,2,1,7,0,0,0,1,0,0,0,1,0,0,0,1,0,0,0,0,0,0,a,a,0,0,0,0,0,0,1,0,0,1,1,0,0,0,1,0,0,0,0,0,0,i,i,0,0,0,2,4,1,1,1,1,2,1,2,1,2,1,2,0,0,0,0,0,0,0,0,0,0,0,i,0,1,0,0,2,2,2,2,2,1,1,1,1,1,1,1,1,2,2,1,1,1,2,1,i,2,1,3,4,0,1,0,0,0,0,0,0,i,i,i,1,0,1,0,0,0,0,1,0,0,0,0,0,0,i,0,0,0,4,4,3,3,3,4,4,4,1,0,0,1,0,0,0,1,0,0,1,1,0,0,0,0,1,0,0,0,0,0,0,0,0,0,0,1,0,0,0,0,3,3,4,3,1,1,1,2,2,2,2,2,2,4,4,2,3,2,4,4,4,3,4,4,4,4,0,1,0,0,0,0,1,1,0,0,0,0,0,0,2,i,i,i,i,i,i,i,i,i,i,i,i,i,i,i,i,i,i,i,i,i,i,i,i,i,i,i,i,i,i,i,i,i,i,i,i,i,0,1,0,0,0,0,0,0,1,1,0,0,0,0,0,1,1,0,1,0,1,0,0,0,0,1,1,60,4,19,2,1,7,5,i,i,0,0,0,0,1,0,0,i,i,i,i,i,i,i,i,i,i,i,i,i,i,i,i,i,i,i,i,i,i,i,i,i,i,i,i,i,i,1,0,0,0,0,1,4,1,5,4,0,0,0,0,2,1,2,1,0,0,1,1,1,1,0,0,0,6,6,6,2,2,2,2,2,i,i,2,i,i,i,i,i,a,a,i,a,12,12,10,40,11,2,22,1,1,1,5,i,i,5,i,i,i,i,i,i,i,i,i,i,i,i,i,167,48,1
6291,doi:10.4232/1.12497,1.0.0 (2016-04-22),1,1,984,14000984,15065,14,3,TN,0.94656,1.377675,0.0,1.189387,1.499454,0.0,0.0,4,3,2,2,3,2,2,4,3,4,3,3,1,3,3,1,4,0,0,0,0,0,0,1,1,0,0,0,0,0,0,0,0,0,0,a,a,0,0,0,0,0,0,1,0,0,1,1,0,0,0,0,0,0,0,0,0,0,i,i,0,0,0,2,2,1,3,4,1,2,2,2,1,1,1,2,0,0,0,1,0,1,0,0,0,0,0,i,0,0,0,0,2,1,1,2,3,1,2,2,1,2,2,1,2,2,1,1,1,1,2,1,i,2,2,2,3,1,1,0,0,0,0,0,0,i,i,i,0,0,1,0,0,0,0,1,0,0,0,0,0,0,i,0,0,0,3,4,1,1,2,5,2,2,1,0,0,0,1,1,0,0,0,0,1,0,1,0,0,0,0,0,0,0,1,0,0,0,0,0,0,0,1,0,0,0,2,2,2,3,1,2,2,2,2,2,3,3,2,3,4,2,2,1,1,3,2,1,1,2,3,4,1,0,0,0,1,0,0,0,1,0,0,0,0,0,2,i,i,i,i,i,i,i,i,i,i,i,i,i,i,i,i,i,i,i,i,i,i,i,i,i,i,i,i,i,i,i,i,i,i,i,i,i,0,1,0,0,0,0,0,0,1,1,0,0,0,0,0,1,2,1,0,0,1,0,0,0,0,2,1,23,1,21,3,3,3,3,19,i,0,0,0,0,1,0,0,i,i,i,i,i,i,i,i,i,i,i,i,i,i,i,i,i,i,i,i,i,i,i,i,i,i,i,i,i,i,0,0,0,1,0,0,6,1,4,4,0,0,0,0,2,1,2,1,0,0,0,0,0,0,0,0,0,7,i,6,1,1,2,2,2,i,i,2,i,1,i,i,i,a,a,i,a,12,12,10,55,11,25,30,1,1,2,5,i,i,5,i,i,i,i,i,i,i,i,i,i,i,i,i,169,42,1
6291,doi:10.4232/1.12497,1.0.0 (2016-04-22),1,1,985,14000985,15066,14,3,TN,0.943046,1.377675,0.0,1.189387,1.499454,0.0,0.0,4,3,2,2,3,1,2,4,4,2,1,1,1,1,1,1,8,0,0,1,0,0,0,0,0,0,0,0,0,0,0,1,0,0,0,a,a,0,0,0,0,0,1,0,0,0,0,1,0,0,0,0,0,0,1,0,0,0,i,i,0,0,0,2,2,1,1,1,2,1,1,1,4,2,1,2,0,1,0,1,0,0,1,0,0,0,0,i,0,0,0,0,2,3,2,1,1,1,1,2,1,1,1,1,2,1,1,1,1,1,1,2,i,2,1,1,2,1,0,0,0,0,0,0,0,i,i,i,0,0,0,0,0,0,0,1,0,0,0,0,0,0,i,0,0,0,1,4,2,1,3,3,3,2,0,0,0,1,1,0,0,0,0,0,0,0,1,0,0,0,0,0,0,0,1,0,0,0,0,0,0,0,1,0,0,0,3,2,2,5,1,2,2,2,2,2,3,3,2,4,4,2,2,1,2,3,2,2,3,4,2,4,1,0,0,0,1,0,0,0,0,1,0,0,0,0,2,i,i,i,i,i,i,i,i,i,i,i,i,i,i,i,i,i,i,i,i,i,i,i,i,i,i,i,i,i,i,i,i,i,i,i,i,i,0,1,0,0,0,0,0,0,1,0,0,0,0,0,0,1,1,1,0,0,1,0,0,0,0,2,1,40,3,10,1,1,18,8,i,i,0,0,0,0,1,0,0,i,i,i,i,i,i,i,i,i,i,i,i,i,i,i,i,i,i,i,i,i,i,i,i,i,i,i,i,i,i,0,0,0,1,0,0,5,1,2,2,3,3,2,2,2,1,2,0,0,0,0,0,0,0,0,1,0,7,7,6,1,2,2,2,2,i,i,2,i,i,i,i,i,a,a,i,a,12,12,11,30,12,10,40,1,2,2,5,i,i,5,i,i,i,i,i,i,i,i,i,i,i,i,i,169,42,1
6291,doi:10.4232/1.12497,1.0.0 (2016-04-22),1,1,986,14000986,15067,14,3,TN,0.857241,1.377675,0.0,1.189387,1.499454,0.0,0.0,2,3,3,3,4,4,4,4,3,5,2,1,4,1,1,1,7,0,0,0,1,0,0,0,0,0,0,0,1,0,0,0,0,0,0,a,a,0,0,0,0,0,0,1,0,0,1,0,0,0,0,1,0,0,0,0,0,0,i,i,0,0,0,1,1,4,1,1,3,2,2,2,3,2,2,i,0,0,0,1,0,0,0,0,1,0,0,i,0,0,0,0,5,5,5,5,5,1,1,1,1,1,2,1,2,2,2,1,1,2,1,1,i,2,1,5,5,1,0,0,0,0,0,0,0,i,i,i,1,0,1,0,0,0,0,1,0,0,0,0,0,0,i,0,0,0,2,3,2,2,2,3,3,3,0,0,0,0,0,0,0,0,0,0,1,0,0,0,0,0,0,0,0,0,0,0,0,0,0,0,1,1,0,0,0,0,3,3,3,5,2,2,2,1,1,2,3,3,2,4,4,1,1,1,4,3,2,1,3,4,4,4,1,0,0,0,0,1,0,0,1,0,0,0,0,0,2,i,i,i,i,i,i,i,i,i,i,i,i,i,i,i,i,i,i,i,i,i,i,i,i,i,i,i,i,i,i,i,i,i,i,i,i,i,0,1,0,0,0,0,0,0,0,0,0,0,0,0,0,1,2,0,0,0,1,0,0,0,0,2,2,60,4,1,6,1,1,1,19,i,0,0,0,0,1,0,0,i,i,i,i,i,i,i,i,i,i,i,i,i,i,i,i,i,i,i,i,i,i,i,i,i,i,i,i,i,i,0,0,0,1,0,0,6,2,4,4,0,0,0,0,2,2,4,1,0,0,0,0,0,1,0,0,0,7,i,6,1,2,2,2,2,i,i,2,i,i,i,i,i,a,a,i,a,12,12,14,30,14,57,27,2,2,2,5,i,i,5,i,i,i,i,i,i,i,i,i,i,i,i,i,168,40,1
6291,doi:10.4232/1.12497,1.0.0 (2016-04-22),1,1,987,14000987,15068,14,3,TN,0.94656,1.377675,0.0,1.189387,1.499454,0.0,0.0,4,3,2,2,3,3,3,3,2,3,3,1,3,3,1,3,8,0,1,1,1,0,0,0,0,0,0,0,0,0,0,0,0,0,0,a,a,0,0,0,0,1,1,1,0,0,0,1,0,0,0,0,0,0,0,0,0,0,i,i,0,0,0,2,2,1,3,2,2,2,2,2,3,2,3,i,0,1,0,1,0,0,0,0,0,1,0,i,0,0,0,0,3,2,1,2,1,1,1,2,2,2,2,1,2,2,1,1,1,1,2,1,i,2,2,1,3,1,1,0,0,0,0,0,0,i,i,i,0,0,1,0,0,0,0,1,0,0,0,0,0,0,i,0,0,0,4,4,1,1,3,5,4,4,1,0,0,0,1,0,0,1,0,0,0,1,1,0,0,0,0,0,0,0,1,0,0,0,0,0,1,0,0,0,0,0,3,2,2,4,1,1,2,2,2,2,3,2,2,3,4,1,2,1,2,3,4,2,2,1,4,4,0,1,0,0,1,0,0,0,1,0,0,0,0,0,2,i,i,i,i,i,i,i,i,i,i,i,i,i,i,i,i,i,i,i,i,i,i,i,i,i,i,i,i,i,i,i,i,i,i,i,i,i,0,1,0,0,0,0,0,0,0,1,0,1,0,0,0,4,1,0,0,1,1,0,0,0,0,2,1,23,1,15,1,3,3,3,19,i,0,0,0,0,1,0,0,i,i,i,i,i,i,i,i,i,i,i,i,i,i,i,i,i,i,i,i,i,i,i,i,i,i,i,i,i,i,0,0,0,1,0,0,6,4,6,4,0,0,0,0,2,1,2,1,1,0,0,0,0,0,0,0,0,7,i,6,1,2,2,2,2,i,i,2,i,i,i,i,i,a,a,i,a,12,12,12,25,13,0,35,1,1,2,5,i,i,5,i,i,i,i,i,i,i,i,i,i,i,i,i,169,42,1
6291,doi:10.4232/1.12497,1.0.0 (2016-04-22),1,1,988,14000988,15069,14,3,TN,0.998467,1.377675,0.0,1.189387,1.499454,0.0,0.0,3,3,3,3,4,3,3,4,2,5,2,3,4,3,3,3,6,1,0,0,1,0,0,1,1,0,0,0,1,0,0,0,0,0,0,a,a,0,0,0,1,0,0,1,0,1,1,1,0,0,0,1,0,0,0,0,0,0,i,i,0,0,0,2,2,1,1,1,1,2,2,2,2,2,1,2,0,0,0,1,0,1,0,0,0,0,0,i,0,0,0,0,2,2,2,2,2,1,2,2,1,1,2,2,2,2,2,1,1,2,1,1,i,2,1,3,3,1,1,0,0,0,0,0,0,i,i,i,1,0,0,0,0,0,0,1,0,0,0,0,0,0,i,0,0,0,3,3,2,1,2,3,2,2,1,0,0,1,0,0,1,0,0,0,1,1,0,0,0,0,1,0,0,0,0,0,0,0,0,0,0,1,0,0,0,0,3,3,3,5,1,2,2,2,1,2,1,1,2,4,4,2,2,1,4,5,5,5,5,5,5,5,1,0,0,1,0,1,0,0,0,0,0,0,0,0,2,i,i,i,i,i,i,i,i,i,i,i,i,i,i,i,i,i,i,i,i,i,i,i,i,i,i,i,i,i,i,i,i,i,i,i,i,i,0,0,0,0,0,0,0,1,1,0,0,0,0,0,0,1,1,0,1,0,1,0,0,0,0,2,2,40,3,1,6,1,1,1,19,i,0,0,0,0,1,0,0,i,i,i,i,i,i,i,i,i,i,i,i,i,i,i,i,i,i,i,i,i,i,i,i,i,i,i,i,i,i,0,0,0,1,0,0,4,2,6,4,3,3,2,2,2,1,2,1,0,0,0,0,0,1,0,0,0,7,i,6,1,2,2,2,2,i,i,2,i,i,i,i,i,a,a,i,a,12,12,15,7,15,30,23,2,1,2,5,i,i,5,i,i,i,i,i,i,i,i,i,i,i,i,i,168,40,1
6291,doi:10.4232/1.12497,1.0.0 (2016-04-22),1,1,989,14000989,15070,14,3,TN,0.983889,1.377675,0.0,1.189387,1.499454,0.0,0.0,2,3,3,3,4,2,2,2,5,2,2,1,1,1,1,1,7,0,0,1,0,0,0,0,0,0,0,0,0,0,0,1,0,0,0,a,a,0,0,0,0,0,1,0,0,0,1,0,0,0,0,0,0,0,1,0,0,0,i,i,0,0,0,1,1,4,4,2,2,2,2,2,4,2,1,2,0,0,0,1,0,0,0,0,0,0,0,i,0,0,0,0,2,2,2,1,3,1,2,3,1,2,2,1,1,2,2,1,2,1,2,1,i,2,1,3,3,1,0,0,0,0,0,0,0,i,i,i,0,0,1,0,0,0,0,1,0,0,0,0,0,0,i,0,0,0,1,4,2,1,2,2,2,2,1,0,0,1,1,0,0,0,0,0,1,0,0,0,0,0,0,0,0,0,1,0,0,0,0,0,1,0,0,0,0,0,4,4,4,4,2,1,2,1,1,2,1,1,2,2,2,2,2,2,2,4,2,1,2,2,2,2,0,0,0,0,1,0,0,1,0,1,0,0,0,0,2,i,i,i,i,i,i,i,i,i,i,i,i,i,i,i,i,i,i,i,i,i,i,i,i,i,i,i,i,i,i,i,i,i,i,i,i,i,0,1,0,0,0,0,0,0,0,0,0,0,0,0,0,1,1,0,1,0,1,0,0,0,0,2,2,39,2,14,1,1,5,5,i,i,0,0,0,0,1,0,0,i,i,i,i,i,i,i,i,i,i,i,i,i,i,i,i,i,i,i,i,i,i,i,i,i,i,i,i,i,i,1,0,0,0,0,1,6,2,2,2,2,2,2,2,2,1,2,1,1,0,0,0,1,0,0,0,0,7,6,6,1,2,2,2,2,i,i,2,i,i,i,i,i,a,a,i,a,12,12,13,15,13,40,25,1,1,2,5,i,i,5,i,i,i,i,i,i,i,i,i,i,i,i,i,169,42,1
6291,doi:10.4232/1.12497,1.0.0 (2016-04-22),1,1,990,14000990,15071,14,3,TN,1.045853,1.377675,0.0,1.189387,1.499454,0.0,0.0,2,3,2,2,3,3,3,3,2,2,2,1,1,1,1,1,5,1,0,1,1,0,0,0,0,1,0,0,0,0,0,0,0,0,0,a,a,0,0,0,1,0,1,1,1,0,0,0,1,0,0,0,0,0,0,0,0,0,i,i,0,0,0,2,2,1,3,2,3,2,2,2,2,2,1,2,1,0,0,0,0,1,0,0,0,0,1,i,0,0,0,0,2,3,1,2,1,1,2,2,1,1,1,2,1,2,1,1,1,1,2,1,i,1,1,2,4,1,1,0,0,0,0,0,0,i,i,i,0,0,0,0,0,0,0,1,0,0,0,0,0,0,i,0,0,0,2,2,1,1,4,4,4,4,0,0,1,0,1,0,1,0,0,0,1,0,0,0,0,0,0,0,0,1,0,0,0,0,0,1,0,0,0,0,0,0,2,2,2,3,1,1,2,2,2,2,2,2,2,4,4,2,2,2,2,2,2,2,2,4,4,4,0,0,0,1,0,1,0,0,0,0,1,0,0,0,2,i,i,i,i,i,i,i,i,i,i,i,i,i,i,i,i,i,i,i,i,i,i,i,i,i,i,i,i,i,i,i,i,i,i,i,i,i,0,0,0,0,1,0,0,1,0,0,0,0,0,0,0,3,2,1,1,0,1,0,0,0,0,2,2,23,1,16,2,3,3,3,19,i,0,0,0,0,1,0,0,i,i,i,i,i,i,i,i,i,i,i,i,i,i,i,i,i,i,i,i,i,i,i,i,i,i,i,i,i,i,0,0,0,1,0,0,7,4,5,4,0,0,1,1,2,1,2,1,1,0,0,0,1,0,0,0,0,7,i,6,1,1,2,2,2,i,i,2,i,7,i,i,i,a,a,i,a,12,12,13,55,14,25,30,1,1,2,5,i,i,5,i,i,i,i,i,i,i,i,i,i,i,i,i,161,42,1
6291,doi:10.4232/1.12497,1.0.0 (2016-04-22),1,1,991,14000991,15072,14,3,TN,0.979123,1.377675,0.0,1.189387,1.499454,0.0,0.0,3,3,3,3,4,4,4,4,2,4,4,2,4,1,1,1,6,0,0,1,0,0,0,1,0,0,1,0,1,0,0,0,0,0,0,a,a,0,0,0,0,0,1,0,0,1,1,0,0,1,0,1,0,0,0,0,0,0,i,i,0,0,0,1,4,1,1,1,1,2,2,2,2,2,1,2,0,0,0,1,0,1,0,1,0,1,0,i,0,0,0,0,1,1,1,3,1,1,1,3,2,2,2,2,2,2,2,1,1,2,2,1,i,1,1,2,4,1,0,0,0,0,0,0,1,i,i,i,1,0,0,0,0,0,0,1,0,0,0,0,0,0,i,0,0,0,2,3,1,1,2,3,1,1,1,0,0,1,0,0,1,0,0,0,1,1,0,0,0,0,0,0,0,1,0,0,0,0,0,0,0,1,0,0,0,0,3,2,2,5,1,2,2,2,1,2,1,1,2,3,3,3,3,3,4,3,2,1,4,4,4,4,1,0,0,0,0,1,0,1,0,0,0,0,0,0,2,i,i,i,i,i,i,i,i,i,i,i,i,i,i,i,i,i,i,i,i,i,i,i,i,i,i,i,i,i,i,i,i,i,i,i,i,i,0,1,0,0,0,0,0,1,1,0,0,0,0,0,0,1,1,0,0,0,1,0,0,0,0,2,2,28,2,10,1,3,1,1,19,i,0,0,0,0,1,0,0,i,i,i,i,i,i,i,i,i,i,i,i,i,i,i,i,i,i,i,i,i,i,i,i,i,i,i,i,i,i,0,0,0,1,0,0,6,1,5,4,0,0,2,2,2,1,2,1,0,0,0,0,0,0,0,0,0,7,i,6,1,2,2,2,2,i,i,2,i,i,i,i,i,a,a,i,a,12,12,15,37,16,5,28,1,1,2,5,i,i,5,i,i,i,i,i,i,i,i,i,i,i,i,i,168,40,1
6291,doi:10.4232/1.12497,1.0.0 (2016-04-22),1,1,992,14000992,15073,14,3,TN,0.983889,1.377675,0.0,1.189387,1.499454,0.0,0.0,4,3,2,2,3,3,3,4,2,5,2,3,3,3,3,3,7,1,1,1,0,0,1,0,0,0,0,0,1,0,0,0,0,0,0,a,a,0,0,0,1,1,1,0,0,1,1,0,0,0,0,1,0,0,0,0,0,0,i,i,0,0,0,2,4,1,1,1,1,2,2,2,3,2,1,2,0,0,0,0,0,0,1,0,0,0,1,i,0,0,0,0,3,3,3,3,3,1,1,1,1,1,1,1,1,1,2,1,1,1,2,1,i,2,1,3,4,1,0,0,0,0,0,0,0,i,i,i,1,1,0,0,0,0,0,1,0,0,0,0,1,0,i,0,0,0,2,4,1,1,1,2,2,2,0,0,0,1,0,0,1,0,0,0,0,0,0,0,0,0,1,0,0,0,0,0,0,0,0,0,1,0,0,0,0,0,3,2,3,5,1,1,2,1,1,2,1,1,2,3,3,3,2,4,4,3,3,1,3,4,4,4,1,0,0,0,0,0,1,1,0,0,0,0,0,0,2,i,i,i,i,i,i,i,i,i,i,i,i,i,i,i,i,i,i,i,i,i,i,i,i,i,i,i,i,i,i,i,i,i,i,i,i,i,0,1,0,0,0,0,0,1,1,0,0,0,0,0,0,1,1,0,0,0,1,0,0,0,0,2,2,30,2,1,6,1,1,1,19,i,0,0,0,0,1,0,0,i,i,i,i,i,i,i,i,i,i,i,i,i,i,i,i,i,i,i,i,i,i,i,i,i,i,i,i,i,i,0,0,0,1,0,0,3,1,7,4,0,0,0,0,2,2,4,1,0,0,0,0,0,1,0,0,0,7,i,6,1,2,2,2,2,i,i,2,i,i,i,i,i,a,a,i,a,12,12,16,10,16,40,30,1,2,2,5,i,i,5,i,i,i,i,i,i,i,i,i,i,i,i,i,168,40,1
6291,doi:10.4232/1.12497,1.0.0 (2016-04-22),1,1,993,14000993,15074,14,3,TN,0.949803,1.377675,0.0,1.189387,1.499454,0.0,0.0,3,3,3,3,4,1,2,4,2,1,4,1,2,3,2,1,4,0,0,0,0,0,1,1,0,0,0,0,1,0,0,0,0,0,0,a,a,0,0,0,0,0,0,1,0,1,1,0,0,0,0,1,0,0,0,0,0,0,i,i,0,0,0,1,2,1,1,1,1,1,1,1,1,2,1,2,0,0,0,0,0,1,1,0,0,0,0,i,0,0,0,0,2,2,2,2,2,1,1,1,1,1,2,1,2,1,1,1,1,1,1,1,i,1,1,2,4,0,0,0,0,0,0,0,1,i,i,i,1,0,1,0,0,0,0,1,0,0,0,0,0,0,i,0,0,0,2,2,1,1,1,1,1,1,1,0,0,1,0,0,1,0,0,0,1,1,0,0,0,0,1,0,0,0,0,0,0,0,0,0,0,1,0,0,0,0,4,4,3,1,2,2,1,1,2,2,2,2,2,3,3,3,1,2,4,3,3,1,4,4,4,4,1,1,0,0,0,0,0,1,0,0,0,0,0,0,2,i,i,i,i,i,i,i,i,i,i,i,i,i,i,i,i,i,i,i,i,i,i,i,i,i,i,i,i,i,i,i,i,i,i,i,i,i,0,1,0,0,0,0,0,0,1,1,0,0,0,0,0,1,1,0,1,0,1,0,1,0,0,1,1,22,1,14,1,1,18,8,i,i,0,0,0,0,1,0,0,i,i,i,i,i,i,i,i,i,i,i,i,i,i,i,i,i,i,i,i,i,i,i,i,i,i,i,i,i,i,0,0,0,1,0,0,3,1,2,2,0,0,0,0,2,1,2,1,0,0,0,0,0,0,0,0,0,7,6,6,1,2,2,2,2,i,i,2,i,i,i,i,i,a,a,i,a,12,12,14,0,14,23,23,1,2,2,5,i,i,5,i,i,i,i,i,i,i,i,i,i,i,i,i,168,40,1
6291,doi:10.4232/1.12497,1.0.0 (2016-04-22),1,1,994,14000994,15075,14,3,TN,1.01002,1.377675,0.0,1.189387,1.499454,0.0,0.0,4,3,3,3,4,2,2,4,4,4,2,2,1,3,2,3,7,1,0,0,1,0,0,0,0,0,0,0,0,0,0,0,0,0,0,a,a,0,0,0,1,0,0,1,0,0,1,0,0,0,0,0,0,0,0,0,0,0,i,i,0,0,0,2,2,2,2,1,1,2,2,2,2,4,1,2,0,0,0,1,0,0,0,0,1,0,0,i,0,0,0,0,2,3,3,3,3,1,2,1,3,1,1,2,2,2,1,1,1,1,1,2,i,1,1,3,4,0,0,0,0,0,0,0,0,i,i,i,0,0,1,0,0,0,0,0,1,0,0,0,0,0,i,0,0,0,4,4,2,3,3,4,4,4,0,0,0,1,1,0,0,0,0,0,0,0,0,0,0,0,0,1,0,1,0,0,0,0,0,0,0,0,0,0,0,0,3,3,4,4,2,2,2,2,2,2,2,2,3,4,4,1,3,2,3,4,1,2,2,4,4,4,1,0,0,0,1,1,0,0,0,0,0,0,0,0,2,i,i,i,i,i,i,i,i,i,i,i,i,i,i,i,i,i,i,i,i,i,i,i,i,i,i,i,i,i,i,i,i,i,i,i,i,i,1,1,0,0,0,0,0,1,0,0,0,0,0,0,0,1,1,0,1,0,1,0,0,0,0,1,1,21,1,21,3,3,17,8,i,i,0,0,0,0,1,0,0,i,i,i,i,i,i,i,i,i,i,i,i,i,i,i,i,i,i,i,i,i,i,i,i,i,i,i,i,i,i,1,0,0,0,0,1,7,3,7,4,0,0,0,0,1,1,3,1,0,0,1,1,1,1,0,0,0,1,6,6,2,1,2,3,1,i,i,3,i,1,i,i,7,a,a,i,a,11,12,13,36,14,0,24,1,2,1,5,i,i,5,i,i,i,i,i,i,i,i,i,i,i,i,i,162,41,1
6291,doi:10.4232/1.12497,1.0.0 (2016-04-22),1,1,995,14000995,15076,14,3,TN,1.052761,1.377675,0.0,1.189387,1.499454,0.0,0.0,4,2,2,2,2,2,2,3,3,3,3,2,2,2,2,2,4,1,0,0,0,0,1,0,1,0,0,0,0,0,0,0,0,0,0,a,a,0,0,0,1,0,0,1,0,1,0,1,0,0,0,0,0,0,0,0,0,0,i,i,0,0,0,2,2,1,3,1,1,2,2,2,3,2,1,2,0,0,0,0,0,1,0,0,0,0,0,i,0,0,0,0,3,2,3,5,5,1,3,1,2,2,2,2,2,2,1,2,2,1,2,2,i,2,2,3,3,0,0,0,0,0,0,0,0,i,i,i,0,0,0,0,1,0,0,1,0,0,0,0,0,0,i,0,0,0,4,4,2,3,4,4,4,4,0,0,0,0,1,0,0,0,0,0,0,0,0,0,0,0,0,0,1,0,0,0,1,0,0,0,0,0,0,0,0,0,3,3,3,3,2,2,2,2,2,2,2,2,2,4,4,2,2,2,4,4,2,2,2,4,4,4,1,0,0,0,1,0,0,0,0,1,0,0,0,0,2,i,i,i,i,i,i,i,i,i,i,i,i,i,i,i,i,i,i,i,i,i,i,i,i,i,i,i,i,i,i,i,i,i,i,i,i,i,0,1,0,0,0,0,0,1,0,1,0,0,0,0,0,1,1,0,1,0,1,0,0,0,0,1,1,39,2,12,1,1,8,5,i,i,0,0,0,0,1,0,0,i,i,i,i,i,i,i,i,i,i,i,i,i,i,i,i,i,i,i,i,i,i,i,i,i,i,i,i,i,i,1,0,0,0,0,1,5,1,2,2,2,2,1,1,2,1,2,1,0,0,1,1,0,0,1,0,0,6,6,6,2,2,3,3,3,i,i,3,i,i,i,i,i,a,a,i,a,13,12,17,10,17,30,20,1,1,1,5,i,i,5,i,i,i,i,i,i,i,i,i,i,i,i,i,162,41,1
6291,doi:10.4232/1.12497,1.0.0 (2016-04-22),1,1,996,14000996,15077,14,3,TN,0.99363,1.377675,0.0,1.189387,1.499454,0.0,0.0,4,3,2,1,2,3,3,4,2,5,2,2,3,3,3,3,7,0,0,0,1,0,1,0,0,0,0,0,1,0,1,0,0,0,0,a,a,0,0,0,0,0,0,1,0,1,1,0,0,0,0,1,0,1,0,0,0,0,i,i,0,0,0,2,4,4,1,1,2,2,2,2,2,2,3,i,0,0,0,0,1,1,0,0,1,0,1,i,0,0,0,0,2,1,2,3,3,1,1,1,1,1,2,2,2,2,2,1,1,1,2,1,i,2,1,3,4,1,1,0,0,0,0,0,1,i,i,i,0,0,0,0,0,0,0,1,0,0,0,0,0,0,i,0,0,0,1,3,1,1,1,3,2,2,1,0,1,1,1,0,0,0,0,0,0,1,0,0,0,0,0,0,0,0,0,0,1,0,0,0,0,1,0,0,0,0,5,2,3,5,1,2,2,1,1,2,1,1,2,2,2,1,1,2,3,3,2,1,3,5,4,4,1,0,0,0,0,0,1,0,0,1,0,0,0,0,2,i,i,i,i,i,i,i,i,i,i,i,i,i,i,i,i,i,i,i,i,i,i,i,i,i,i,i,i,i,i,i,i,i,i,i,i,i,1,1,0,0,0,0,0,0,1,0,0,0,0,0,0,1,1,0,1,0,1,0,0,0,0,1,2,44,3,10,1,3,1,1,18,4,0,0,0,0,1,0,0,i,i,i,i,i,i,i,i,i,i,i,i,i,i,i,i,i,i,i,i,i,i,i,i,i,i,i,i,i,i,1,0,0,0,0,1,3,1,5,4,0,0,0,0,2,1,2,1,0,0,0,0,0,1,0,0,0,7,i,6,1,2,2,2,2,i,i,2,i,i,i,i,i,a,a,i,a,12,12,16,50,17,27,37,1,3,2,5,i,i,5,i,i,i,i,i,i,i,i,i,i,i,i,i,168,40,1
6291,doi:10.4232/1.12497,1.0.0 (2016-04-22),1,1,997,14000997,15078,14,3,TN,1.049166,1.377675,0.0,1.189387,1.499454,0.0,0.0,4,3,3,3,4,1,2,2,2,4,4,2,2,4,4,4,7,0,0,0,1,0,1,0,0,0,0,0,0,0,0,0,0,0,0,a,a,0,0,0,0,0,0,1,0,1,1,0,0,0,0,0,0,0,0,0,0,0,i,i,0,0,0,2,2,2,2,1,1,2,2,2,2,2,1,2,0,0,0,0,0,0,0,0,0,0,0,i,0,0,1,0,2,4,2,4,3,1,1,2,1,1,2,1,1,1,1,2,1,1,1,2,i,1,1,2,2,1,0,0,0,0,0,0,0,i,i,i,0,0,0,0,0,0,0,1,0,0,0,0,0,0,i,0,0,0,2,4,2,2,2,4,3,3,0,1,0,0,1,0,0,0,1,0,0,0,0,0,0,0,1,0,0,0,0,0,0,0,0,0,1,0,0,0,0,0,4,4,4,4,2,2,2,2,2,2,2,2,2,2,2,4,2,1,2,4,1,2,1,2,4,4,1,0,0,0,1,0,0,0,0,1,0,0,0,0,2,i,i,i,i,i,i,i,i,i,i,i,i,i,i,i,i,i,i,i,i,i,i,i,i,i,i,i,i,i,i,i,i,i,i,i,i,i,1,1,0,0,0,0,0,0,1,0,0,0,0,0,0,1,1,0,1,0,1,0,0,0,0,1,1,31,2,17,2,1,3,3,17,4,0,0,0,0,1,0,0,i,i,i,i,i,i,i,i,i,i,i,i,i,i,i,i,i,i,i,i,i,i,i,i,i,i,i,i,i,i,1,0,0,0,0,1,2,1,2,2,1,1,0,0,2,1,2,1,0,0,0,0,0,0,1,0,0,7,i,6,3,2,3,3,3,i,i,3,i,i,i,i,i,a,a,i,a,12,12,15,20,15,44,24,1,1,1,5,i,i,5,i,i,i,i,i,i,i,i,i,i,i,i,i,162,41,1
6291,doi:10.4232/1.12497,1.0.0 (2016-04-22),1,1,998,14000998,15079,14,3,TN,1.01002,1.377675,0.0,1.189387,1.499454,0.0,0.0,4,3,3,3,4,2,2,4,2,4,4,2,2,2,2,2,4,1,0,0,0,0,0,0,0,0,0,0,0,0,0,0,0,0,0,a,a,0,0,0,1,0,0,1,0,0,0,0,0,0,0,0,0,0,0,0,0,0,i,i,0,0,0,2,1,1,2,1,2,2,2,2,2,6,1,2,0,0,0,0,0,1,0,0,0,0,0,i,0,0,0,0,2,3,3,4,4,2,1,1,2,1,1,1,2,1,2,2,2,1,1,2,i,1,1,2,2,0,0,0,0,0,0,0,0,i,i,i,1,0,0,0,0,0,0,0,0,1,0,0,0,0,i,0,0,0,4,4,2,3,5,4,3,3,0,0,1,0,1,0,0,0,0,0,0,0,0,0,0,0,0,0,1,0,1,0,0,0,0,0,0,0,0,0,0,0,3,3,3,1,1,1,3,2,2,2,2,2,2,4,4,3,2,1,4,4,4,5,3,1,4,4,1,0,0,0,0,0,0,1,0,1,0,0,0,0,1,41,i,i,i,i,1,1,1,4,0,0,1,0,0,0,0,0,0,0,0,0,0,1,0,0,0,0,0,0,0,0,0,0,0,0,0,1,0,0,0,0,0,0,0,0,1,1,0,0,0,0,0,1,1,0,1,0,1,0,0,0,0,1,1,18,1,0,5,3,2,2,18,4,0,0,0,0,1,0,0,i,i,i,i,i,i,i,i,i,i,i,i,i,i,i,i,i,i,i,i,i,i,i,i,i,i,i,i,i,i,1,0,0,0,0,1,3,1,9,4,0,0,0,0,2,1,2,1,0,0,0,0,0,0,1,0,0,7,i,6,4,1,2,2,1,i,i,3,i,2,i,i,3,a,a,i,a,12,12,18,4,18,23,19,1,1,1,5,i,i,5,i,i,i,i,i,i,i,i,i,i,i,i,i,162,41,1
6291,doi:10.4232/1.12497,1.0.0 (2016-04-22),1,1,999,14000999,15080,14,3,TN,1.060246,1.377675,0.0,1.189387,1.499454,0.0,0.0,3,2,2,2,2,2,2,4,4,4,2,2,3,2,2,3,7,1,0,0,0,0,1,0,1,0,0,0,0,0,0,0,0,0,0,a,a,0,0,0,1,0,0,0,0,1,1,1,0,0,0,0,0,0,0,0,0,0,i,i,0,0,0,2,3,1,3,1,1,1,1,1,2,2,1,2,0,0,0,0,0,1,0,0,0,0,0,i,0,0,0,0,3,3,3,2,3,3,3,3,3,3,3,3,3,3,3,2,3,1,3,3,i,3,3,5,5,0,1,0,1,0,0,1,0,i,i,i,0,0,0,0,0,0,0,1,0,0,0,0,0,0,i,0,0,0,4,4,2,3,5,5,4,4,0,0,0,0,1,0,0,0,0,0,0,0,0,0,0,0,0,0,1,0,0,0,1,0,0,0,0,0,0,0,0,0,4,4,2,5,3,3,3,1,2,1,2,2,2,4,4,2,2,2,3,4,1,1,2,4,4,4,1,0,0,0,0,0,0,1,0,1,0,0,0,0,2,i,i,i,i,i,i,i,i,i,i,i,i,i,i,i,i,i,i,i,i,i,i,i,i,i,i,i,i,i,i,i,i,i,i,i,i,i,1,0,0,0,0,0,0,1,1,0,0,0,0,0,0,1,1,0,1,0,1,0,0,0,0,1,2,40,3,14,1,3,3,3,17,4,0,0,0,0,1,0,0,i,i,i,i,i,i,i,i,i,i,i,i,i,i,i,i,i,i,i,i,i,i,i,i,i,i,i,i,i,i,1,0,0,0,0,1,6,1,6,4,0,0,0,0,2,1,2,1,0,0,0,0,0,1,0,0,0,7,i,6,2,2,3,3,3,i,i,3,i,i,i,i,i,a,a,i,a,11,12,16,45,17,9,24,1,2,1,5,i,i,5,i,i,i,i,i,i,i,i,i,i,i,i,i,162,41,1
6291,doi:10.4232/1.12497,1.0.0 (2016-04-22),1,1,1000,14001000,15081,14,3,TN,1.033952,1.377675,0.0,1.189387,1.499454,0.0,0.0,4,3,2,2,3,2,2,3,3,3,3,2,2,2,2,2,5,0,1,1,0,0,0,0,1,0,0,0,0,0,0,0,0,0,0,a,a,0,0,0,0,1,1,0,1,0,0,1,0,0,0,0,0,0,0,0,0,0,i,i,0,0,0,2,2,2,2,1,2,2,2,1,1,2,1,2,1,0,0,0,0,1,0,1,0,0,0,i,0,0,0,0,2,3,2,2,2,2,2,1,2,1,1,1,2,1,2,1,1,2,1,2,i,1,1,3,3,1,0,0,0,0,0,0,0,i,i,i,0,0,0,0,0,0,0,1,0,0,0,0,0,0,i,0,0,0,2,2,2,2,2,2,2,2,1,0,0,0,1,0,0,1,0,0,0,0,0,0,0,0,0,0,0,0,0,0,0,0,0,0,0,0,0,0,0,1,3,3,3,3,1,2,2,2,2,2,2,2,2,3,3,2,3,2,3,2,1,1,2,3,3,2,1,0,0,0,0,0,1,1,0,0,0,0,0,0,2,i,i,i,i,i,i,i,i,i,i,i,i,i,i,i,i,i,i,i,i,i,i,i,i,i,i,i,i,i,i,i,i,i,i,i,i,i,0,1,0,0,0,0,0,0,0,0,0,0,0,0,0,1,1,0,1,0,0,0,0,0,0,1,1,25,2,0,5,3,18,8,i,i,0,0,0,0,1,0,0,i,i,i,i,i,i,i,i,i,i,i,i,i,i,i,i,i,i,i,i,i,i,i,i,i,i,i,i,i,i,0,0,0,1,0,0,6,1,3,3,0,0,2,2,2,2,4,1,0,0,0,0,0,1,0,0,0,6,6,6,2,2,2,2,2,i,i,2,i,i,i,i,i,a,a,i,a,12,12,16,56,17,23,27,1,2,1,7,i,i,7,i,i,i,i,i,i,i,i,i,i,i,i,i,150,43,1
6291,doi:10.4232/1.12497,1.0.0 (2016-04-22),1,1,1001,14001001,15082,14,3,TN,1.028575,1.377675,0.0,1.189387,1.499454,0.0,0.0,2,2,2,1,2,2,2,5,5,2,3,2,3,4,2,1,6,1,0,0,0,0,0,0,0,0,1,0,0,0,0,1,0,0,0,a,a,0,0,0,1,0,0,0,0,1,0,0,0,1,0,0,0,0,1,0,0,0,i,i,0,0,0,2,4,4,4,1,3,2,1,2,6,6,3,i,0,0,0,0,0,0,0,0,0,0,0,i,0,0,0,1,5,5,5,5,5,3,3,3,3,3,3,3,3,3,3,3,3,3,3,3,i,3,3,5,5,0,0,1,0,1,0,0,0,i,i,i,0,0,0,0,0,0,0,0,0,1,0,1,1,0,i,0,0,0,5,5,2,2,5,2,5,5,0,0,0,0,0,0,0,0,0,0,0,0,0,0,0,1,0,0,0,0,0,0,0,0,0,0,0,0,0,0,0,1,2,2,3,2,2,2,2,3,2,2,2,2,2,4,2,3,3,2,3,3,3,3,3,4,4,4,1,1,0,0,0,0,0,1,0,0,0,0,0,0,2,i,i,i,i,i,i,i,i,i,i,i,i,i,i,i,i,i,i,i,i,i,i,i,i,i,i,i,i,i,i,i,i,i,i,i,i,i,1,0,0,0,0,0,0,1,0,1,0,0,0,0,0,1,1,0,1,0,1,0,1,0,0,1,2,28,2,98,8,3,1,1,19,i,0,0,0,0,1,0,0,i,i,i,i,i,i,i,i,i,i,i,i,i,i,i,i,i,i,i,i,i,i,i,i,i,i,i,i,i,i,0,0,0,1,0,0,10,2,2,2,1,1,0,0,2,1,2,1,0,0,0,0,0,0,0,0,0,7,i,7,2,1,1,2,2,i,i,2,i,1,7,i,i,a,a,i,a,11,12,15,15,15,45,30,3,3,1,1,i,i,1,i,i,i,i,i,i,i,i,i,i,i,i,i,37,9,1
6291,doi:10.4232/1.12497,1.0.0 (2016-04-22),1,1,1002,14001002,15083,14,3,TN,0.986361,1.377675,0.0,1.189387,1.499454,0.0,0.0,4,2,2,2,2,2,2,4,4,3,3,2,1,1,2,1,8,0,0,1,0,0,0,1,0,0,0,0,0,0,0,0,0,0,0,a,a,0,0,0,0,0,1,0,0,0,1,1,0,0,0,0,0,0,0,0,0,0,i,i,0,0,0,3,2,1,1,3,1,2,2,2,2,3,1,2,0,0,0,1,0,0,0,0,0,0,0,i,0,0,0,0,2,4,1,5,5,1,1,1,1,1,1,2,1,1,1,1,2,2,1,1,i,1,1,4,4,1,0,0,0,0,0,0,0,i,i,i,0,0,0,0,0,0,0,1,0,0,0,0,0,0,i,0,0,0,4,4,3,3,2,4,2,2,0,1,0,0,1,0,1,0,0,0,0,0,0,0,0,0,0,0,0,0,1,0,0,0,0,0,1,0,0,0,0,0,4,2,2,2,2,2,2,2,2,2,2,2,2,4,4,4,4,1,1,3,3,2,2,4,4,4,1,0,0,0,0,1,0,0,0,0,1,0,0,0,2,i,i,i,i,i,i,i,i,i,i,i,i,i,i,i,i,i,i,i,i,i,i,i,i,i,i,i,i,i,i,i,i,i,i,i,i,i,1,1,0,0,0,0,0,0,0,0,0,0,0,0,0,1,1,0,1,0,1,0,0,0,0,2,2,48,3,1,6,1,1,1,19,i,0,0,0,0,1,0,0,i,i,i,i,i,i,i,i,i,i,i,i,i,i,i,i,i,i,i,i,i,i,i,i,i,i,i,i,i,i,0,0,0,1,0,0,2,1,3,3,0,0,1,1,2,1,2,1,0,0,1,0,0,1,0,0,0,7,i,6,2,2,2,2,2,i,i,2,i,i,i,i,i,a,a,i,a,17,12,12,0,12,30,30,2,3,2,1,i,i,1,i,i,i,i,i,i,i,i,i,i,i,i,i,68,32,1
6291,doi:10.4232/1.12497,1.0.0 (2016-04-22),1,1,1003,14001003,15084,14,3,TN,0.959816,1.377675,0.0,1.189387,1.499454,0.0,0.0,4,3,2,2,3,1,2,4,4,3,3,2,3,3,2,1,4,1,0,1,0,0,0,1,1,0,0,0,0,0,0,1,0,0,0,a,a,0,0,0,1,0,1,1,0,0,1,1,0,0,0,0,0,0,1,0,0,0,i,i,0,0,0,2,2,3,3,1,1,2,1,2,3,2,1,2,0,1,1,1,0,1,0,0,0,0,0,i,0,0,0,0,2,3,1,5,3,2,1,1,1,2,2,2,2,2,1,1,1,1,2,1,i,1,1,3,3,1,0,0,0,0,0,0,0,i,i,i,0,0,1,0,0,0,0,1,0,0,0,0,0,0,i,0,0,0,4,4,1,1,3,4,3,3,0,1,0,0,0,0,1,0,0,0,0,0,0,0,0,0,0,1,0,0,0,0,0,0,0,0,0,0,0,0,0,0,3,2,2,4,2,2,2,2,2,2,2,2,2,4,2,2,2,2,3,3,3,2,1,3,3,3,1,0,0,0,1,0,0,0,1,0,0,0,0,0,2,i,i,i,i,i,i,i,i,i,i,i,i,i,i,i,i,i,i,i,i,i,i,i,i,i,i,i,i,i,i,i,i,i,i,i,i,i,0,1,0,0,1,0,1,0,0,0,0,0,0,0,0,1,1,0,1,0,1,0,1,0,0,1,1,58,4,1,6,1,18,8,i,i,0,0,0,0,1,0,0,i,i,i,i,i,i,i,i,i,i,i,i,i,i,i,i,i,i,i,i,i,i,i,i,i,i,i,i,i,i,0,0,0,1,0,0,5,1,4,4,0,0,0,0,2,1,2,1,0,0,1,0,0,1,0,0,0,7,6,6,2,2,2,2,2,i,i,2,i,i,i,i,i,a,a,i,a,17,12,15,0,15,30,30,1,2,1,1,i,i,1,i,i,i,i,i,i,i,i,i,i,i,i,i,68,32,1
6291,doi:10.4232/1.12497,1.0.0 (2016-04-22),1,1,1004,14001004,15085,14,3,TN,1.05249,1.377675,0.0,1.189387,1.499454,0.0,0.0,4,2,3,3,3,2,2,3,3,2,2,1,1,1,1,1,4,1,0,0,0,0,1,1,0,0,0,0,0,0,0,0,0,0,0,a,a,0,0,0,1,0,0,1,0,1,1,0,0,0,0,0,0,0,0,0,0,0,i,i,0,0,0,2,2,4,4,2,2,2,2,2,2,2,1,2,0,0,0,1,0,0,0,0,1,1,0,i,0,0,0,0,2,3,2,2,2,2,2,2,1,1,1,1,2,2,1,1,1,1,2,2,i,1,1,2,2,0,1,1,0,0,0,0,0,i,i,i,0,0,0,0,0,0,0,1,0,0,0,0,0,0,i,0,0,0,4,3,2,2,3,3,3,3,0,1,0,0,1,0,1,0,0,0,1,0,0,0,0,0,0,0,0,0,1,0,1,0,0,0,0,0,0,0,0,0,2,2,2,2,1,1,3,3,2,2,2,2,2,4,3,2,2,2,2,4,3,3,3,3,4,4,1,1,1,0,0,0,0,0,0,0,0,0,0,0,2,i,i,i,i,i,i,i,i,i,i,i,i,i,i,i,i,i,i,i,i,i,i,i,i,i,i,i,i,i,i,i,i,i,i,i,i,i,1,1,0,0,0,0,0,0,0,0,0,1,0,0,0,1,1,0,1,0,1,1,0,0,0,2,2,43,3,1,6,1,1,1,19,i,0,0,0,0,1,0,0,i,i,i,i,i,i,i,i,i,i,i,i,i,i,i,i,i,i,i,i,i,i,i,i,i,i,i,i,i,i,0,0,0,1,0,0,2,1,7,4,1,1,0,0,2,1,2,1,0,0,0,0,0,0,0,0,0,7,i,6,2,2,2,2,2,i,i,2,i,i,i,i,i,a,a,i,a,17,12,12,36,12,0,36,1,3,1,1,i,i,1,i,i,i,i,i,i,i,i,i,i,i,i,i,68,32,1
6291,doi:10.4232/1.12497,1.0.0 (2016-04-22),1,1,1005,14001005,15086,14,3,TN,0.99407,1.377675,0.0,1.189387,1.499454,0.0,0.0,2,2,2,2,2,3,3,4,3,2,2,2,1,1,3,3,6,1,0,1,1,0,0,0,0,0,0,0,0,0,0,0,0,0,0,a,a,0,0,0,1,0,1,1,0,1,0,0,0,0,0,0,0,0,0,0,0,0,i,i,0,0,0,2,2,2,2,1,3,2,2,2,3,3,1,2,1,1,0,0,0,0,0,0,0,0,0,i,0,0,0,0,2,3,2,4,3,1,2,1,1,2,1,1,1,2,1,1,1,2,2,2,i,1,1,2,3,1,1,0,0,0,0,0,0,i,i,i,0,0,0,0,0,0,0,1,0,0,1,0,0,0,i,0,0,0,3,4,3,3,3,4,2,2,0,0,0,0,1,0,0,0,0,0,1,1,0,0,0,0,1,1,0,0,0,0,0,0,0,0,0,0,0,0,0,0,2,2,2,4,2,2,2,1,2,2,2,2,2,3,2,1,3,1,2,2,1,1,3,4,4,4,0,0,0,1,1,1,0,0,0,0,0,0,0,0,2,i,i,i,i,i,i,i,i,i,i,i,i,i,i,i,i,i,i,i,i,i,i,i,i,i,i,i,i,i,i,i,i,i,i,i,i,i,1,1,0,0,0,0,1,0,0,0,0,0,0,0,0,1,1,0,1,1,1,0,0,0,0,1,1,49,3,11,1,1,17,8,i,i,0,0,0,0,1,0,0,i,i,i,i,i,i,i,i,i,i,i,i,i,i,i,i,i,i,i,i,i,i,i,i,i,i,i,i,i,i,1,0,0,0,0,1,6,1,8,4,0,0,1,1,2,1,2,1,0,0,0,0,0,1,0,0,0,7,7,6,2,2,2,2,2,i,i,2,i,i,i,i,i,a,a,i,a,17,12,14,5,14,40,35,2,2,1,1,i,i,1,i,i,i,i,i,i,i,i,i,i,i,i,i,68,32,1
6291,doi:10.4232/1.12497,1.0.0 (2016-04-22),1,1,1006,14001006,15087,14,3,TN,0.957836,1.377675,0.0,1.189387,1.499454,0.0,0.0,2,1,1,1,1,1,1,3,2,3,2,1,1,1,1,1,6,0,0,0,0,0,0,0,0,0,0,0,0,0,0,0,0,0,0,a,a,0,0,1,0,0,0,0,0,1,0,0,0,0,0,0,0,0,0,0,0,0,i,i,0,0,0,2,2,1,1,1,2,2,2,2,2,2,1,1,0,0,0,1,0,1,0,0,0,1,0,i,0,0,0,0,2,2,2,2,1,1,2,2,2,2,2,1,2,1,2,1,2,1,2,1,i,2,1,2,2,1,1,0,1,0,0,0,0,i,i,i,0,0,0,0,0,0,0,1,1,0,1,0,0,0,i,0,0,0,3,3,1,1,2,3,3,3,0,1,0,1,1,0,1,0,0,0,0,1,0,0,0,0,0,0,0,0,0,0,1,0,0,0,0,1,0,0,0,0,2,1,2,1,1,1,2,1,2,2,1,2,2,3,3,3,3,2,1,3,3,3,2,2,3,4,1,0,0,0,1,0,0,0,1,0,0,0,0,0,2,i,i,i,i,i,i,i,i,i,i,i,i,i,i,i,i,i,i,i,i,i,i,i,i,i,i,i,i,i,i,i,i,i,i,i,i,i,0,1,0,0,0,0,0,0,1,1,0,0,0,0,0,1,1,0,1,0,1,0,1,0,0,1,1,29,2,17,2,3,3,3,19,i,0,0,0,0,1,0,0,i,i,i,i,i,i,i,i,i,i,i,i,i,i,i,i,i,i,i,i,i,i,i,i,i,i,i,i,i,i,0,0,0,1,0,0,7,2,3,3,0,0,0,0,2,1,2,1,0,0,1,1,0,1,0,0,0,1,i,5,2,1,2,2,2,i,i,2,i,1,i,i,i,a,a,i,a,13,12,14,48,15,30,42,1,1,1,10,i,i,10,i,i,i,i,i,i,i,i,i,i,i,i,i,202,20,1
6291,doi:10.4232/1.12497,1.0.0 (2016-04-22),1,1,1007,14001007,15088,14,3,TN,1.04334,1.377675,0.0,1.189387,1.499454,0.0,0.0,3,3,2,2,3,4,4,3,2,3,2,1,1,1,1,1,6,1,0,1,0,0,0,1,0,0,0,0,0,0,0,0,0,0,0,a,a,0,0,0,1,0,1,0,0,1,1,0,0,0,0,0,0,0,0,0,0,0,i,i,0,0,0,2,2,2,2,2,3,2,2,2,6,6,2,i,0,0,0,1,0,0,0,0,1,0,0,i,0,0,0,0,2,3,2,5,5,1,2,2,1,1,2,2,2,2,2,1,2,1,1,1,i,2,2,3,3,1,0,0,0,0,0,0,0,i,i,i,0,0,0,0,0,0,0,1,1,1,0,0,0,0,i,0,0,0,3,3,3,3,3,3,3,3,0,0,0,0,0,0,0,0,0,0,1,1,1,0,0,0,0,0,0,0,0,0,0,0,0,0,1,1,0,0,0,0,2,3,3,3,2,2,2,2,2,2,2,2,2,3,3,2,2,2,3,2,3,2,3,2,3,3,1,1,1,0,0,0,0,0,0,0,0,0,0,0,2,i,i,i,i,i,i,i,i,i,i,i,i,i,i,i,i,i,i,i,i,i,i,i,i,i,i,i,i,i,i,i,i,i,i,i,i,i,0,1,0,0,0,0,0,0,0,0,0,0,0,0,0,1,1,1,0,0,1,0,0,0,0,2,1,30,2,1,6,3,18,8,i,i,0,0,0,0,1,0,0,i,i,i,i,i,i,i,i,i,i,i,i,i,i,i,i,i,i,i,i,i,i,i,i,i,i,i,i,i,i,0,0,0,1,0,0,5,1,6,4,2,2,3,3,1,1,3,1,1,0,0,0,0,1,0,0,0,7,6,6,1,2,2,2,2,i,i,2,i,i,i,i,i,a,a,i,a,12,12,9,5,9,30,25,1,3,1,9,i,i,9,i,i,i,i,i,i,i,i,i,i,i,i,i,208,21,1
6291,doi:10.4232/1.12497,1.0.0 (2016-04-22),1,1,1008,14001008,15089,14,3,TN,0.951551,1.377675,0.0,1.189387,1.499454,0.0,0.0,2,2,1,2,2,1,1,3,2,3,2,1,1,1,1,1,3,0,0,0,0,0,0,0,0,0,0,0,0,0,0,0,0,0,0,a,a,0,0,1,0,0,1,0,0,0,0,0,0,0,0,0,0,0,0,0,0,0,i,i,0,0,0,1,2,1,1,1,3,2,2,2,1,2,1,2,0,1,0,0,0,0,0,1,0,0,0,i,0,0,0,0,2,2,2,2,2,1,2,2,2,2,2,2,1,1,2,2,1,2,2,1,i,2,2,2,2,0,1,0,0,1,0,1,0,i,i,i,0,0,0,0,0,0,0,1,0,0,1,0,1,0,i,0,0,0,2,3,2,2,2,3,1,2,1,0,0,0,0,0,1,0,0,0,1,0,0,0,0,0,0,0,1,0,0,0,0,0,0,0,0,1,0,0,0,0,2,1,1,1,1,1,2,1,2,2,1,2,1,2,2,1,2,1,1,1,1,1,1,2,2,1,1,0,0,0,0,1,1,0,0,0,0,0,0,0,2,i,i,i,i,i,i,i,i,i,i,i,i,i,i,i,i,i,i,i,i,i,i,i,i,i,i,i,i,i,i,i,i,i,i,i,i,i,1,1,0,0,1,0,0,0,0,0,0,0,0,0,0,1,1,1,1,0,1,0,0,0,0,1,2,24,1,20,3,3,3,3,19,i,0,0,0,0,1,0,0,i,i,i,i,i,i,i,i,i,i,i,i,i,i,i,i,i,i,i,i,i,i,i,i,i,i,i,i,i,i,1,0,0,0,0,1,8,3,6,4,0,0,0,0,2,1,2,1,0,0,0,0,1,1,0,0,0,2,i,6,1,1,2,2,2,i,i,2,i,2,i,i,i,a,a,i,a,15,12,10,4,10,37,33,1,1,2,10,i,i,10,i,i,i,i,i,i,i,i,i,i,i,i,i,205,20,1
6291,doi:10.4232/1.12497,1.0.0 (2016-04-22),1,1,1009,14001009,15090,14,3,TN,1.004411,1.377675,0.0,1.189387,1.499454,0.0,0.0,3,3,3,3,4,4,4,4,2,4,2,2,1,1,3,1,3,0,0,0,1,1,1,1,0,0,0,0,0,0,0,0,0,0,0,a,a,0,0,0,0,0,1,1,1,1,1,0,0,0,0,0,0,0,0,0,0,0,i,i,0,0,0,1,2,1,1,1,4,2,2,2,2,2,2,i,0,0,0,1,0,1,0,0,0,0,0,i,0,0,0,0,2,1,1,2,2,1,2,2,2,2,2,2,2,1,2,1,1,1,2,2,i,2,2,2,2,1,1,0,0,0,0,0,0,i,i,i,0,0,0,0,0,0,0,1,0,0,0,0,0,0,i,0,0,0,2,4,4,4,4,4,4,4,1,0,0,0,1,0,1,0,0,0,1,1,0,0,0,0,0,0,0,0,1,0,1,0,0,0,0,0,0,0,0,0,4,2,4,4,1,2,2,2,1,1,1,1,2,2,2,1,1,1,1,3,1,1,2,2,3,4,0,1,1,0,0,0,1,0,0,0,0,0,0,0,2,i,i,i,i,i,i,i,i,i,i,i,i,i,i,i,i,i,i,i,i,i,i,i,i,i,i,i,i,i,i,i,i,i,i,i,i,i,0,1,0,0,0,0,0,1,0,0,0,0,0,0,0,1,1,0,1,0,1,0,0,0,0,2,1,22,1,1,6,3,3,3,8,1,0,0,0,0,1,0,0,i,i,i,i,i,i,i,i,i,i,i,i,i,i,i,i,i,i,i,i,i,i,i,i,i,i,i,i,i,i,0,0,0,1,0,0,6,3,6,4,0,0,0,0,2,1,2,1,0,0,1,1,0,1,0,0,0,1,i,6,2,1,2,2,2,i,i,2,i,1,i,i,i,a,a,i,a,15,12,9,30,10,5,35,3,4,1,9,i,i,9,i,i,i,i,i,i,i,i,i,i,i,i,i,210,21,1
6291,doi:10.4232/1.12497,1.0.0 (2016-04-22),1,1,1010,14001010,15091,14,3,TN,1.0261,1.377675,0.0,1.189387,1.499454,0.0,0.0,4,3,3,3,4,4,4,4,1,2,1,3,3,3,3,3,4,1,0,0,0,0,1,1,0,0,0,0,1,0,0,0,0,0,0,a,a,0,0,0,1,0,0,1,0,1,1,0,0,0,0,1,0,0,0,0,0,0,i,i,0,0,0,3,3,3,3,2,3,2,2,2,2,2,1,2,0,0,0,1,0,0,0,0,0,0,0,i,0,0,0,0,2,2,2,3,2,1,1,1,2,2,1,2,1,1,1,1,1,2,2,1,i,1,1,2,4,1,0,0,0,0,0,0,0,i,i,i,1,0,1,0,0,0,0,1,1,0,0,0,0,0,i,0,0,0,1,2,1,1,1,2,1,1,1,0,0,1,0,0,1,0,0,0,1,1,0,0,0,0,1,0,0,1,0,0,0,0,0,0,0,0,0,0,0,0,4,4,4,4,2,2,2,2,2,2,2,2,2,4,4,1,1,2,3,2,1,1,3,3,3,3,0,0,0,0,1,0,0,0,1,0,0,0,0,0,2,i,i,i,i,i,i,i,i,i,i,i,i,i,i,i,i,i,i,i,i,i,i,i,i,i,i,i,i,i,i,i,i,i,i,i,i,i,1,0,0,0,0,0,0,1,0,0,0,0,0,0,0,3,2,0,1,0,1,0,0,0,0,1,2,30,2,15,1,1,1,1,19,i,0,0,0,0,1,0,0,i,i,i,i,i,i,i,i,i,i,i,i,i,i,i,i,i,i,i,i,i,i,i,i,i,i,i,i,i,i,0,0,0,1,0,0,4,2,2,2,3,3,0,0,1,1,3,1,0,0,0,0,0,1,0,0,0,6,i,6,2,2,2,2,2,i,i,2,i,i,i,i,i,a,a,i,a,14,12,18,0,18,15,15,1,4,1,7,i,i,7,i,i,i,i,i,i,i,i,i,i,i,i,i,144,13,1
6291,doi:10.4232/1.12497,1.0.0 (2016-04-22),1,1,1011,14001011,15092,14,3,TN,0.993102,1.377675,0.0,1.189387,1.499454,0.0,0.0,2,2,2,2,2,2,2,3,2,3,3,3,3,3,3,3,4,0,1,0,0,0,1,1,0,0,0,1,0,0,0,0,0,0,0,a,a,0,0,0,0,1,0,1,0,1,1,0,0,0,1,0,0,0,0,0,0,0,i,i,0,0,0,2,2,2,2,1,1,2,2,2,1,2,1,2,1,0,0,0,0,1,0,0,0,1,0,i,0,0,0,0,2,3,3,3,3,1,1,1,2,2,1,2,1,1,2,2,2,2,2,2,i,1,1,5,5,1,0,0,0,0,0,0,0,i,i,i,0,0,0,0,0,0,0,1,0,0,0,0,0,0,i,0,0,0,2,3,3,3,2,3,2,3,1,0,0,0,0,0,1,0,0,0,0,0,0,0,0,0,0,1,0,0,0,0,0,0,0,0,0,0,0,0,0,0,2,2,2,2,2,2,2,2,3,3,1,1,3,2,2,2,2,2,2,2,2,2,2,2,2,2,1,0,0,0,0,1,0,1,0,0,0,0,0,0,2,i,i,i,i,i,i,i,i,i,i,i,i,i,i,i,i,i,i,i,i,i,i,i,i,i,i,i,i,i,i,i,i,i,i,i,i,i,0,1,0,0,0,0,0,0,0,0,0,0,0,0,0,1,1,0,1,0,0,0,0,0,0,1,1,52,3,1,6,1,7,5,i,i,0,0,0,0,1,0,0,i,i,i,i,i,i,i,i,i,i,i,i,i,i,i,i,i,i,i,i,i,i,i,i,i,i,i,i,i,i,0,0,0,1,0,0,5,1,6,4,0,0,1,1,2,2,4,1,0,0,0,0,0,1,0,0,0,6,6,6,2,2,2,2,2,i,i,2,i,i,i,i,i,a,a,i,a,12,12,16,23,16,50,27,1,1,1,7,i,i,7,i,i,i,i,i,i,i,i,i,i,i,i,i,150,43,1
6291,doi:10.4232/1.12497,1.0.0 (2016-04-22),1,1,1012,14001012,15093,14,3,TN,0.982901,1.377675,0.0,1.189387,1.499454,0.0,0.0,3,2,2,2,2,3,3,4,2,4,2,2,3,3,3,1,7,1,1,1,1,1,0,0,0,1,1,1,0,0,1,1,1,1,1,a,a,0,0,0,1,1,1,1,1,0,1,0,1,1,1,0,0,1,1,1,1,1,i,i,0,0,0,2,2,2,2,1,1,1,2,1,4,2,2,i,0,0,0,1,0,0,0,0,0,1,0,i,0,0,0,0,3,3,2,2,4,1,1,1,1,1,1,1,1,2,2,1,1,1,2,1,i,1,1,4,3,1,1,0,1,0,0,0,0,i,i,i,0,0,0,0,0,0,0,1,0,0,0,0,0,0,i,0,0,0,2,4,2,2,3,3,4,4,0,0,0,0,1,0,0,0,0,0,0,1,0,0,0,0,0,0,0,0,0,0,1,0,0,0,0,1,0,0,0,0,2,2,2,4,2,2,2,1,1,1,1,1,2,3,3,3,3,3,2,3,3,2,3,3,3,4,0,1,0,0,0,1,0,0,1,0,0,0,0,0,1,3,i,i,i,i,1,1,1,3,0,0,1,0,0,0,0,0,0,0,0,0,0,1,0,0,0,0,0,0,0,0,0,0,0,0,0,1,0,1,0,0,0,0,0,1,0,0,0,1,0,0,0,1,1,0,1,0,1,0,0,0,0,1,1,30,2,16,2,3,3,3,14,3,0,0,0,0,1,0,0,i,i,i,i,i,i,i,i,i,i,i,i,i,i,i,i,i,i,i,i,i,i,i,i,i,i,i,i,i,i,0,0,1,0,0,1,6,2,3,3,0,0,0,0,1,1,3,1,0,0,1,1,0,1,0,0,0,1,i,6,2,1,2,2,2,i,i,2,i,1,i,i,i,a,a,i,a,19,12,15,56,16,18,22,1,1,2,2,i,i,2,i,i,i,i,i,i,i,i,i,i,i,i,i,107,27,1
6291,doi:10.4232/1.12497,1.0.0 (2016-04-22),1,1,1013,14001013,15094,14,3,TN,0.993281,1.377675,0.0,1.189387,1.499454,0.0,0.0,4,2,1,2,2,1,1,4,4,2,4,1,3,1,1,1,3,0,0,0,0,0,1,1,0,0,0,0,0,0,0,0,0,0,0,a,a,0,0,0,0,0,1,0,0,1,1,0,0,0,0,0,0,0,0,0,0,0,i,i,0,0,0,2,2,1,1,1,2,2,1,2,2,2,2,i,1,0,0,1,0,0,1,0,1,1,0,i,0,0,0,0,3,3,3,3,3,1,1,1,1,1,2,2,1,1,1,1,1,1,1,1,i,1,1,4,4,1,0,0,0,0,0,1,0,i,i,i,1,0,0,0,0,0,0,1,0,0,1,0,0,0,i,0,0,0,2,4,2,2,3,4,2,2,1,0,0,1,0,0,1,0,0,0,0,1,1,0,0,0,1,0,0,0,0,0,1,0,0,0,0,0,0,0,0,0,4,2,2,2,1,1,2,2,2,2,2,2,2,4,4,2,2,2,2,2,2,2,2,2,2,2,1,0,1,0,0,0,0,1,0,0,0,0,0,0,1,7,i,i,i,i,2,1,1,3,1,0,1,0,0,0,0,0,0,0,0,0,0,0,0,0,0,0,0,0,0,0,0,0,0,1,0,2,1,1,0,0,0,0,0,1,0,0,0,0,0,0,0,1,1,1,1,0,0,0,0,0,0,2,2,47,3,14,1,1,1,1,19,i,0,0,0,0,1,0,0,i,i,i,i,i,i,i,i,i,i,i,i,i,i,i,i,i,i,i,i,i,i,i,i,i,i,i,i,i,i,0,0,0,1,0,0,4,2,4,4,0,0,0,0,1,1,3,1,0,0,1,1,1,1,0,0,0,1,i,6,2,1,2,2,2,i,i,2,i,1,i,i,i,a,a,i,a,20,12,11,0,11,30,30,1,4,2,2,i,i,2,i,i,i,i,i,i,i,i,i,i,i,i,i,116,26,1
6291,doi:10.4232/1.12497,1.0.0 (2016-04-22),1,1,1014,14001014,15095,14,3,TN,1.005917,1.377675,0.0,1.189387,1.499454,0.0,0.0,3,2,2,2,2,2,2,3,2,3,3,3,3,3,3,3,7,0,0,0,0,0,1,0,0,0,0,0,0,0,0,0,0,0,0,a,a,0,0,0,0,0,0,0,0,1,1,0,0,0,0,0,0,0,0,0,0,0,i,i,0,0,0,2,2,4,4,2,2,1,1,1,6,6,3,i,0,0,0,0,0,0,0,0,0,0,0,i,0,0,0,1,5,5,5,5,5,3,3,3,3,3,3,3,3,3,3,3,3,3,3,3,i,3,3,5,5,0,0,0,0,0,0,0,0,i,i,i,0,0,0,0,0,0,1,0,0,0,0,0,0,0,i,0,0,1,4,4,2,2,2,2,2,2,0,0,0,0,0,0,0,0,0,0,0,0,0,0,0,1,0,0,0,0,0,0,0,0,0,0,0,0,0,0,0,1,5,2,2,5,3,3,3,3,2,2,2,2,2,3,3,2,2,2,2,2,2,2,2,2,2,2,0,0,0,0,0,0,0,0,0,0,0,0,0,1,3,i,i,i,i,i,i,i,i,i,i,i,i,i,i,i,i,i,i,i,i,i,i,i,i,i,i,i,i,i,i,i,i,i,i,i,i,i,1,0,0,0,0,0,0,0,0,0,0,0,0,0,0,1,1,0,1,0,0,0,0,0,0,1,1,52,3,10,1,1,8,5,i,i,0,0,0,0,1,0,0,i,i,i,i,i,i,i,i,i,i,i,i,i,i,i,i,i,i,i,i,i,i,i,i,i,i,i,i,i,i,0,0,0,1,0,0,4,2,4,4,0,0,1,1,2,2,4,1,0,0,0,0,0,0,0,0,0,7,6,6,2,2,2,2,2,i,i,2,i,i,i,i,i,a,a,i,a,18,12,16,0,16,30,30,1,1,1,2,i,i,2,i,i,i,i,i,i,i,i,i,i,i,i,i,118,30,1
6291,doi:10.4232/1.12497,1.0.0 (2016-04-22),1,1,1015,14001015,15096,14,3,TN,0.949469,1.377675,0.0,1.189387,1.499454,0.0,0.0,3,3,2,2,3,2,2,3,2,3,2,4,2,3,2,3,7,1,0,0,0,0,0,0,0,0,0,1,0,0,1,0,1,0,0,a,a,0,0,0,1,0,0,0,0,0,1,0,0,0,1,0,0,1,0,1,0,0,i,i,0,0,0,3,3,1,1,5,5,2,2,2,1,2,1,1,1,0,0,0,1,0,0,1,0,0,0,i,0,0,0,0,2,3,2,3,2,2,3,2,3,2,3,1,3,2,2,1,2,1,3,1,i,2,1,3,2,0,0,1,1,0,0,1,0,i,i,i,0,0,0,0,0,0,0,1,1,0,1,0,0,0,i,0,0,0,3,2,3,2,3,2,3,2,1,0,0,0,0,0,1,0,1,0,0,1,1,0,0,0,1,0,0,0,0,0,0,0,0,0,0,0,1,0,0,0,3,3,3,2,1,3,3,2,2,2,3,3,3,2,3,2,2,3,2,3,3,2,2,2,1,1,1,0,0,0,0,0,1,0,1,0,0,0,0,0,2,i,i,i,i,i,i,i,i,i,i,i,i,i,i,i,i,i,i,i,i,i,i,i,i,i,i,i,i,i,i,i,i,i,i,i,i,i,0,1,0,0,0,1,1,0,0,0,0,0,0,0,0,4,3,1,1,0,0,0,1,0,0,4,1,17,1,0,5,3,2,2,19,i,0,0,0,0,1,0,0,i,i,i,i,i,i,i,i,i,i,i,i,i,i,i,i,i,i,i,i,i,i,i,i,i,i,i,i,i,i,0,0,0,1,0,0,5,1,6,4,0,0,0,0,2,1,2,1,1,0,1,1,1,0,0,0,0,2,i,3,1,1,2,2,1,i,i,2,i,2,i,i,3,a,a,i,a,19,12,11,16,11,33,17,2,2,2,2,i,i,2,i,i,i,i,i,i,i,i,i,i,i,i,i,120,25,1
6291,doi:10.4232/1.12497,1.0.0 (2016-04-22),1,1,1016,14001016,15097,14,3,TN,0.845785,1.377675,0.0,1.189387,1.499454,0.0,0.0,4,2,2,2,2,2,2,4,3,4,2,1,1,1,1,1,6,1,0,1,0,0,0,0,1,0,0,0,0,0,0,0,0,0,0,a,a,0,0,0,1,0,1,0,0,1,0,1,0,0,0,0,0,0,0,0,0,0,i,i,0,0,0,3,2,1,1,1,1,2,2,2,2,2,1,1,0,0,0,1,0,0,0,0,1,0,0,i,0,0,0,0,2,2,2,2,2,1,1,1,1,1,1,1,1,1,1,1,2,1,2,2,i,2,2,2,2,1,1,1,0,0,0,0,0,i,i,i,0,0,0,0,0,0,0,1,1,0,0,0,0,0,i,0,0,0,3,3,3,3,3,3,3,3,0,0,1,0,0,0,0,1,0,0,0,0,1,0,0,0,0,0,0,0,1,0,0,0,0,0,0,1,0,0,0,0,2,2,2,2,1,1,1,2,2,2,2,2,2,3,3,3,3,3,3,3,3,4,4,4,4,4,1,0,1,0,0,0,0,0,0,0,1,0,0,0,1,41,i,i,i,i,1,1,1,2,0,0,0,0,0,0,1,0,0,0,0,0,0,0,1,0,0,0,0,0,0,0,0,0,0,0,0,2,1,1,0,0,0,0,0,0,0,0,0,0,0,0,0,1,2,0,1,0,1,0,1,0,0,2,1,24,1,0,5,3,2,2,17,4,0,0,0,1,0,0,1,0,0,0,0,0,0,0,0,0,0,0,0,0,0,0,0,0,0,0,0,0,0,0,0,0,0,0,1,0,0,1,0,0,0,0,1,5,3,3,3,0,0,0,0,2,1,2,1,0,0,0,0,0,0,1,0,0,7,i,4,1,1,1,1,1,i,i,2,i,4,4,4,4,a,a,i,a,15,12,11,12,11,45,33,1,1,2,3,i,i,3,i,i,i,i,i,i,i,i,i,i,i,i,i,74,2,1
