position,variable,label,storage_type,n_valid,n_missing,n_distinct,value_labels,observed_values,sentinel_codes,min,max
1,id,Identification number,float64,2000,0,2000,,,,2001.0,4000.0
2,country,Country,float64,2000,0,1,"{""1"": ""DZ"", ""2"": ""EG"", ""3"": ""LB"", ""4"": ""MA"", ""5"": ""TN""}",,,5.0,5.0
3,urban,Urban or rural area of residence,float64,2000,0,2,"{""1"": ""Urban"", ""2"": ""Rural"", ""3"": ""Do not Know"", ""4"": ""Refused to answer""}",,,1.0,2.0
4,int_d,Day of the interview,float64,2000,0,30,,,,1.0,30.0
5,int_m,Month of the interview,float64,2000,0,2,"{""1"": ""January"", ""2"": ""February"", ""3"": ""March"", ""4"": ""June"", ""5"": ""July"", ""6"": ""August"", ""7"": ""September"", ""8"": ""October"", ""9"": ""November"", ""10"": ""December""}",,,9.0,10.0
6,int_y,Year of the interview,float64,2000,0,1,,,,2015.0,2015.0
7,dweight,Design weight,float64,2000,0,58,,,,0.63,1.82
8,pweight,Population weight,float64,2000,0,1,,,,0.139,0.139
9,HM22_1,Family relationship: respondent,float64,2000,0,6,"{""1"": ""Head of household"", ""2"": ""Spouse of head of household"", ""3"": ""Children of head of household"", ""4"": ""Father or mother of head of household"", ""5"": ""Grandchild of head of household"", ""6"": ""Other relatives of head of household"", ""7"": ""Unrelated""}",,,1.0,7.0
10,HM22_2,Family relationship: 2nd  household member,float64,1984,16,6,"{""1"": ""Head of household"", ""2"": ""Spouse of head of household"", ""3"": ""Children of head of household"", ""4"": ""Father or mother of head of household"", ""5"": ""Grandchild of head of household"", ""6"": ""Other relatives of head of household"", ""7"": ""Unrelated""}",,,1.0,7.0
11,HM22_3,Family relationship: 3rd  household member,float64,1866,134,7,"{""1"": ""Head of household"", ""2"": ""Spouse of head of household"", ""3"": ""Children of head of household"", ""4"": ""Father or mother of head of household"", ""5"": ""Grandchild of head of household"", ""6"": ""Other relatives of head of household"", ""7"": ""Unrelated""}",,,1.0,7.0
12,HM22_4,Family relationship: 4th  household member,float64,1479,521,7,"{""1"": ""Head of household"", ""2"": ""Spouse of head of household"", ""3"": ""Children of head of household"", ""4"": ""Father or mother of head of household"", ""5"": ""Grandchild of head of household"", ""6"": ""Other relatives of head of household"", ""7"": ""Unrelated""}",,,1.0,7.0
13,HM22_5,Family relationship: 5th  household member,float64,961,1039,6,"{""1"": ""Head of household"", ""2"": ""Spouse of head of household"", ""3"": ""Children of head of household"", ""4"": ""Father or mother of head of household"", ""5"": ""Grandchild of head of household"", ""6"": ""Other relatives of head of household"", ""7"": ""Unrelated""}",,,2.0,7.0
14,HM22_6,Family relationship: 6th  household member,float64,449,1551,6,"{""1"": ""Head of household"", ""2"": ""Spouse of head of household"", ""3"": ""Children of head of household"", ""4"": ""Father or mother of head of household"", ""5"": ""Grandchild of head of household"", ""6"": ""Other relatives of head of household"", ""7"": ""Unrelated""}",,,2.0,7.0
15,HM22_7,Family relationship: 7th  household member,float64,173,1827,4,"{""1"": ""Head of household"", ""2"": ""Spouse of head of household"", ""3"": ""Children of head of household"", ""4"": ""Father or mother of head of household"", ""5"": ""Grandchild of head of household"", ""6"": ""Other relatives of head of household"", ""7"": ""Unrelated""}",,,3.0,6.0
16,HM22_8,Family relationship: 8th  household member,float64,70,1930,4,"{""1"": ""Head of household"", ""2"": ""Spouse of head of household"", ""3"": ""Children of head of household"", ""4"": ""Father or mother of head of household"", ""5"": ""Grandchild of head of household"", ""6"": ""Other relatives of head of household"", ""7"": ""Unrelated""}",,,3.0,6.0
17,HM22_9,Family relationship: 9th  household member,float64,32,1968,4,"{""1"": ""Head of household"", ""2"": ""Spouse of head of household"", ""3"": ""Children of head of household"", ""4"": ""Father or mother of head of household"", ""5"": ""Grandchild of head of household"", ""6"": ""Other relatives of head of household"", ""7"": ""Unrelated""}",,,3.0,6.0
18,HM22_10,Family relationship: 10th  household member,float64,14,1986,4,"{""1"": ""Head of household"", ""2"": ""Spouse of head of household"", ""3"": ""Children of head of household"", ""4"": ""Father or mother of head of household"", ""5"": ""Grandchild of head of household"", ""6"": ""Other relatives of head of household"", ""7"": ""Unrelated""}",,,3.0,6.0
19,HM22_11,Family relationship: 11th household member,float64,6,1994,2,"{""1"": ""Head of household"", ""2"": ""Spouse of head of household"", ""3"": ""Children of head of household"", ""4"": ""Father or mother of head of household"", ""5"": ""Grandchild of head of household"", ""6"": ""Other relatives of head of household"", ""7"": ""Unrelated""}",,,3.0,5.0
20,HM22_12,Family relationship: 12th  household member,float64,2,1998,2,"{""1"": ""Head of household"", ""2"": ""Spouse of head of household"", ""3"": ""Children of head of household"", ""4"": ""Father or mother of head of household"", ""5"": ""Grandchild of head of household"", ""6"": ""Other relatives of head of household"", ""7"": ""Unrelated""}",,,3.0,5.0
21,HM22_13,Family relationship: 13th  household member,float64,1,1999,1,"{""1"": ""Head of household"", ""2"": ""Spouse of head of household"", ""3"": ""Children of head of household"", ""4"": ""Father or mother of head of household"", ""5"": ""Grandchild of head of household"", ""6"": ""Other relatives of head of household"", ""7"": ""Unrelated""}",,,3.0,3.0
22,HM22_14,Family relationship: 14th  household member,float64,0,2000,0,"{""1"": ""Head of household"", ""2"": ""Spouse of head of household"", ""3"": ""Children of head of household"", ""4"": ""Father or mother of head of household"", ""5"": ""Grandchild of head of household"", ""6"": ""Other relatives of head of household"", ""7"": ""Unrelated""}",,,,
23,HM23_1,Gender: respondent,float64,2000,0,2,"{""1"": ""Male"", ""2"": ""Female""}",,,1.0,2.0
24,HM23_2,Gender: 2nd household member,float64,1984,16,2,"{""1"": ""Male"", ""2"": ""Female""}",,,1.0,2.0
25,HM23_3,Gender: 3rd household member,float64,1865,135,2,"{""1"": ""Male"", ""2"": ""Female""}",,,1.0,2.0
26,HM23_4,Gender: 4th household member,float64,1478,522,2,"{""1"": ""Male"", ""2"": ""Female""}",,,1.0,2.0
27,HM23_5,Gender: 5th household member,float64,961,1039,2,"{""1"": ""Male"", ""2"": ""Female""}",,,1.0,2.0
28,HM23_6,Gender: 6th household member,float64,449,1551,2,"{""1"": ""Male"", ""2"": ""Female""}",,,1.0,2.0
29,HM23_7,Gender: 7th household member,float64,173,1827,2,"{""1"": ""Male"", ""2"": ""Female""}",,,1.0,2.0
30,HM23_8,Gender: 8th household member,float64,70,1930,2,"{""1"": ""Male"", ""2"": ""Female""}",,,1.0,2.0
31,HM23_9,Gender: 9th household member,float64,32,1968,2,"{""1"": ""Male"", ""2"": ""Female""}",,,1.0,2.0
32,HM23_10,Gender: 10th household member,float64,14,1986,2,"{""1"": ""Male"", ""2"": ""Female""}",,,1.0,2.0
33,HM23_11,Gender: 11th household member,float64,6,1994,2,"{""1"": ""Male"", ""2"": ""Female""}",,,1.0,2.0
34,HM23_12,Gender: 12th household member,float64,2,1998,1,"{""1"": ""Male"", ""2"": ""Female""}",,,1.0,1.0
35,HM23_13,Gender: 13th household member,float64,1,1999,1,"{""1"": ""Male"", ""2"": ""Female""}",,,2.0,2.0
36,HM23_14,Gender: 14th household member,float64,0,2000,0,"{""1"": ""Male"", ""2"": ""Female""}",,,,
37,HM24_1,Year of birth:  respondent,float64,2000,0,15,,,,1986.0,2000.0
38,HM24_2,Year of birth: 2nd household member,float64,1938,62,77,,,,1919.0,2015.0
39,HM24_3,Year of birth: 3rd household member,float64,1820,180,80,,,,1919.0,2015.0
40,HM24_4,Year of birth: 4th household member,float64,1470,530,59,,,,1920.0,2015.0
41,HM24_5,Year of birth: 5th household member,float64,954,1046,58,,,,1924.0,2015.0
42,HM24_6,Year of birth: 6th household member,float64,444,1556,54,,,,1912.0,2015.0
43,HM24_7,Year of birth: 7th household member,float64,172,1828,39,,,,1935.0,2015.0
44,HM24_8,Year of birth: 8th household member,float64,70,1930,32,,,,1924.0,2015.0
45,HM24_9,Year of birth: 9th household member,float64,32,1968,19,,,,1925.0,2015.0
46,HM24_10,Year of birth: 10th household member,float64,14,1986,13,,,,1920.0,2015.0
47,HM24_11,Year of birth: 11th household member,float64,6,1994,6,,,,1979.0,2013.0
48,HM24_12,Year of birth: 12th household member,float64,2,1998,2,,,,1994.0,2015.0
49,HM24_13,Year of birth: 13th household member,float64,1,1999,1,,,,1983.0,1983.0
50,HM24_14,Year of birth: 14th household member,float64,0,2000,0,,,,,
51,HM25_1,Education level: respondent,float64,1999,1,6,"{""1"": ""No education"", ""2"": ""Pre-school"", ""3"": ""Primary"", ""4"": ""Middle"", ""5"": ""Secondary"", ""6"": ""Higher""}",,,1.0,6.0
52,HM25_2,Education level: 2nd household member,float64,1790,210,5,"{""1"": ""No education"", ""2"": ""Pre-school"", ""3"": ""Primary"", ""4"": ""Middle"", ""5"": ""Secondary"", ""6"": ""Higher""}",,,1.0,6.0
53,HM25_3,Education level: 3rd household member,float64,1615,385,5,"{""1"": ""No education"", ""2"": ""Pre-school"", ""3"": ""Primary"", ""4"": ""Middle"", ""5"": ""Secondary"", ""6"": ""Higher""}",,,1.0,6.0
54,HM25_4,Education level: 4th household member,float64,1101,899,5,"{""1"": ""No education"", ""2"": ""Pre-school"", ""3"": ""Primary"", ""4"": ""Middle"", ""5"": ""Secondary"", ""6"": ""Higher""}",,,1.0,6.0
55,HM25_5,Education level: 5th household member,float64,779,1221,5,"{""1"": ""No education"", ""2"": ""Pre-school"", ""3"": ""Primary"", ""4"": ""Middle"", ""5"": ""Secondary"", ""6"": ""Higher""}",,,1.0,6.0
56,HM25_6,Education level: 6th household member,float64,357,1643,5,"{""1"": ""No education"", ""2"": ""Pre-school"", ""3"": ""Primary"", ""4"": ""Middle"", ""5"": ""Secondary"", ""6"": ""Higher""}",,,1.0,6.0
57,HM25_7,Education level: 7th household member,float64,145,1855,5,"{""1"": ""No education"", ""2"": ""Pre-school"", ""3"": ""Primary"", ""4"": ""Middle"", ""5"": ""Secondary"", ""6"": ""Higher""}",,,1.0,6.0
58,HM25_8,Education level: 8th household member,float64,50,1950,4,"{""1"": ""No education"", ""2"": ""Pre-school"", ""3"": ""Primary"", ""4"": ""Middle"", ""5"": ""Secondary"", ""6"": ""Higher""}",,,1.0,6.0
59,HM25_9,Education level: 9th household member,float64,25,1975,5,"{""1"": ""No education"", ""2"": ""Pre-school"", ""3"": ""Primary"", ""4"": ""Middle"", ""5"": ""Secondary"", ""6"": ""Higher""}",,,1.0,6.0
60,HM25_10,Education level: 10th household member,float64,12,1988,3,"{""1"": ""No education"", ""2"": ""Pre-school"", ""3"": ""Primary"", ""4"": ""Middle"", ""5"": ""Secondary"", ""6"": ""Higher""}",,,1.0,6.0
61,HM25_11,Education level: 11th household member,float64,5,1995,4,"{""1"": ""No education"", ""2"": ""Pre-school"", ""3"": ""Primary"", ""4"": ""Middle"", ""5"": ""Secondary"", ""6"": ""Higher""}",,,1.0,5.0
62,HM25_12,Education level: 12th household member,float64,1,1999,1,"{""1"": ""No education"", ""2"": ""Pre-school"", ""3"": ""Primary"", ""4"": ""Middle"", ""5"": ""Secondary"", ""6"": ""Higher""}",,,6.0,6.0
63,HM25_13,Education level: 13th household member,float64,0,2000,0,"{""1"": ""No education"", ""2"": ""Pre-school"", ""3"": ""Primary"", ""4"": ""Middle"", ""5"": ""Secondary"", ""6"": ""Higher""}",,,,
64,HM25_14,Education level: 14th household member,float64,0,2000,0,"{""1"": ""No education"", ""2"": ""Pre-school"", ""3"": ""Primary"", ""4"": ""Middle"", ""5"": ""Secondary"", ""6"": ""Higher""}",,,,
65,HM26_1,Martial status: respondent,float64,2000,0,4,"{""1"": ""Single"", ""2"": ""Married"", ""3"": ""Divorced/ separated"", ""4"": ""Widow(er)""}",,,1.0,4.0
66,HM26_2,Martial status: 2nd household member,float64,1980,20,4,"{""1"": ""Single"", ""2"": ""Married"", ""3"": ""Divorced/ separated"", ""4"": ""Widow(er)""}",,,1.0,4.0
67,HM26_3,Martial status: 3rd household member,float64,1681,319,4,"{""1"": ""Single"", ""2"": ""Married"", ""3"": ""Divorced/ separated"", ""4"": ""Widow(er)""}",,,1.0,4.0
68,HM26_4,Martial status: 4th household member,float64,1147,853,4,"{""1"": ""Single"", ""2"": ""Married"", ""3"": ""Divorced/ separated"", ""4"": ""Widow(er)""}",,,1.0,4.0
69,HM26_5,Martial status: 5th household member,float64,587,1413,4,"{""1"": ""Single"", ""2"": ""Married"", ""3"": ""Divorced/ separated"", ""4"": ""Widow(er)""}",,,1.0,4.0
70,HM26_6,Martial status: 6th household member,float64,241,1759,4,"{""1"": ""Single"", ""2"": ""Married"", ""3"": ""Divorced/ separated"", ""4"": ""Widow(er)""}",,,1.0,4.0
71,HM26_7,Martial status: 7th household member,float64,94,1906,3,"{""1"": ""Single"", ""2"": ""Married"", ""3"": ""Divorced/ separated"", ""4"": ""Widow(er)""}",,,1.0,4.0
72,HM26_8,Martial status: 8th household member,float64,41,1959,4,"{""1"": ""Single"", ""2"": ""Married"", ""3"": ""Divorced/ separated"", ""4"": ""Widow(er)""}",,,1.0,4.0
73,HM26_9,Martial status: 9th household member,float64,21,1979,2,"{""1"": ""Single"", ""2"": ""Married"", ""3"": ""Divorced/ separated"", ""4"": ""Widow(er)""}",,,1.0,2.0
74,HM26_10,Martial status: 10th household member,float64,11,1989,2,"{""1"": ""Single"", ""2"": ""Married"", ""3"": ""Divorced/ separated"", ""4"": ""Widow(er)""}",,,1.0,2.0
75,HM26_11,Martial status: 11th household member,float64,4,1996,1,"{""1"": ""Single"", ""2"": ""Married"", ""3"": ""Divorced/ separated"", ""4"": ""Widow(er)""}",,,1.0,1.0
76,HM26_12,Martial status: 12th household member,float64,1,1999,1,"{""1"": ""Single"", ""2"": ""Married"", ""3"": ""Divorced/ separated"", ""4"": ""Widow(er)""}",,,1.0,1.0
77,HM26_13,Martial status: 13th household member,float64,1,1999,1,"{""1"": ""Single"", ""2"": ""Married"", ""3"": ""Divorced/ separated"", ""4"": ""Widow(er)""}",,,2.0,2.0
78,HM26_14,Martial status: 14th household member,float64,0,2000,0,"{""1"": ""Single"", ""2"": ""Married"", ""3"": ""Divorced/ separated"", ""4"": ""Widow(er)""}",,,,
79,HM27_1,Employment status: respondent,float64,2000,0,5,"{""1"": ""Employed (including military service)"", ""2"": ""Unemployed"", ""3"": ""Student/ schoolchild"", ""4"": ""Retired/ pensioner"", ""5"": ""Housewife"", ""6"": ""Other inactive""}",,,1.0,6.0
80,HM27_2,Employment status: 2nd household member,float64,383,1617,4,"{""1"": ""Employed (including military service)"", ""2"": ""Unemployed"", ""3"": ""Student/ schoolchild"", ""4"": ""Retired/ pensioner"", ""5"": ""Housewife"", ""6"": ""Other inactive""}",,,2.0,6.0
81,HM27_3,Employment status: 3rd household member,float64,1356,644,4,"{""1"": ""Employed (including military service)"", ""2"": ""Unemployed"", ""3"": ""Student/ schoolchild"", ""4"": ""Retired/ pensioner"", ""5"": ""Housewife"", ""6"": ""Other inactive""}",,,2.0,6.0
82,HM27_4,Employment status: 4th household member,float64,757,1243,4,"{""1"": ""Employed (including military service)"", ""2"": ""Unemployed"", ""3"": ""Student/ schoolchild"", ""4"": ""Retired/ pensioner"", ""5"": ""Housewife"", ""6"": ""Other inactive""}",,,2.0,6.0
83,HM27_5,Employment status: 5th household member,float64,436,1564,4,"{""1"": ""Employed (including military service)"", ""2"": ""Unemployed"", ""3"": ""Student/ schoolchild"", ""4"": ""Retired/ pensioner"", ""5"": ""Housewife"", ""6"": ""Other inactive""}",,,2.0,6.0
84,HM27_6,Employment status: 6th household member,float64,181,1819,4,"{""1"": ""Employed (including military service)"", ""2"": ""Unemployed"", ""3"": ""Student/ schoolchild"", ""4"": ""Retired/ pensioner"", ""5"": ""Housewife"", ""6"": ""Other inactive""}",,,2.0,6.0
85,HM27_7,Employment status: 7th household member,float64,78,1922,4,"{""1"": ""Employed (including military service)"", ""2"": ""Unemployed"", ""3"": ""Student/ schoolchild"", ""4"": ""Retired/ pensioner"", ""5"": ""Housewife"", ""6"": ""Other inactive""}",,,2.0,6.0
86,HM27_8,Employment status: 8th household member,float64,33,1967,4,"{""1"": ""Employed (including military service)"", ""2"": ""Unemployed"", ""3"": ""Student/ schoolchild"", ""4"": ""Retired/ pensioner"", ""5"": ""Housewife"", ""6"": ""Other inactive""}",,,2.0,6.0
87,HM27_9,Employment status: 9th household member,float64,19,1981,3,"{""1"": ""Employed (including military service)"", ""2"": ""Unemployed"", ""3"": ""Student/ schoolchild"", ""4"": ""Retired/ pensioner"", ""5"": ""Housewife"", ""6"": ""Other inactive""}",,,2.0,6.0
88,HM27_10,Employment status: 10th household member,float64,8,1992,3,"{""1"": ""Employed (including military service)"", ""2"": ""Unemployed"", ""3"": ""Student/ schoolchild"", ""4"": ""Retired/ pensioner"", ""5"": ""Housewife"", ""6"": ""Other inactive""}",,,2.0,5.0
89,HM27_11,Employment status: 11th household member,float64,3,1997,1,"{""1"": ""Employed (including military service)"", ""2"": ""Unemployed"", ""3"": ""Student/ schoolchild"", ""4"": ""Retired/ pensioner"", ""5"": ""Housewife"", ""6"": ""Other inactive""}",,,2.0,2.0
90,HM27_12,Employment status: 12th household member,float64,0,2000,0,"{""1"": ""Employed (including military service)"", ""2"": ""Unemployed"", ""3"": ""Student/ schoolchild"", ""4"": ""Retired/ pensioner"", ""5"": ""Housewife"", ""6"": ""Other inactive""}",,,,
91,HM27_13,Employment status: 13th household member,float64,0,2000,0,"{""1"": ""Employed (including military service)"", ""2"": ""Unemployed"", ""3"": ""Student/ schoolchild"", ""4"": ""Retired/ pensioner"", ""5"": ""Housewife"", ""6"": ""Other inactive""}",,,,
92,HM27_14,Employment status: 14th household member,float64,0,2000,0,"{""1"": ""Employed (including military service)"", ""2"": ""Unemployed"", ""3"": ""Student/ schoolchild"", ""4"": ""Retired/ pensioner"", ""5"": ""Housewife"", ""6"": ""Other inactive""}",,,,
93,HH11,Household:  type,float64,2000,0,4,"{""1"": ""Apartment building"", ""2"": ""Detached house/ villa"", ""3"": ""Traditional house"", ""4"": ""Gourbi/ bidonville"", ""5"": ""Other""}",,,1.0,4.0
94,HH11b,Household: Other type of household,float64,0,2000,0,"{""1"": ""foyer"", ""2"": ""garage""}",,,,
95,HH12,Household: occupancy status,float64,2000,0,5,"{""1"": ""Owner/ co-owner"", ""2"": ""Public tenancy (Marketing and Real Estate Office)"", ""3"": ""Private sector tenant"", ""4"": ""Free housing"", ""5"": ""Other""}",,,1.0,5.0
96,HH12b,Household: Other occupancy status household,float64,4,1996,1,"{""1"": ""Waqf rental""}",,,1.0,1.0
97,HH13,Household: Number of rooms,float64,1995,5,11,,,,1.0,11.0
98,HH14A,Household:  kitchen,float64,2000,0,2,"{""1"": ""Yes"", ""2"": ""No""}",,,1.0,2.0
99,HH14B,Household:  bathroom,float64,2000,0,2,"{""1"": ""Yes"", ""2"": ""No""}",,,1.0,2.0
100,HH14C,Household:  toilet,float64,2000,0,2,"{""1"": ""Yes"", ""2"": ""No""}",,,1.0,2.0
101,HH15,Household:  water source,float64,2000,0,4,"{""1"": ""Public water supply"", ""2"": ""Wells"", ""3"": ""Public fountain"", ""4"": ""Tank"", ""5"": ""Other""}",,,1.0,4.0
102,HH16,Household:  light source,float64,2000,0,5,"{""1"": ""Electric grid"", ""2"": ""Generator"", ""3"": ""Gas"", ""4"": ""Solar panels/ Windmill"", ""5"": ""Other""}",,,1.0,5.0
103,HH16b,Household: Other light source,float64,2,1998,1,"{""1"": ""il n'y pas""}",,,1.0,1.0
104,HH17,Household:  fuel source,float64,2000,0,3,"{""1"": ""Town gas"", ""2"": ""Bottled gas"", ""3"": ""Other fuel""}",,,1.0,3.0
105,HH18,Household: Sanitation source,float64,2000,0,4,"{""1"": ""Sewerage system"", ""2"": ""Septic tank"", ""3"": ""Open air"", ""4"": ""Other""}",,,1.0,4.0
106,HH18b,Household: Other sanitation source,float64,1,1999,1,"{""1"": ""trou""}",,,1.0,1.0
107,HH19,Household: Waste disposal,float64,2000,0,3,"{""1"": ""Collection (waste disposal service)"", ""2"": ""Unauthorised landfill"", ""3"": ""Other (specify)""}",,,1.0,3.0
108,HH19b,Household: Other waste disposal,float64,24,1976,4,"{""1"": ""bruler"", ""2"": ""Dans la vall???e"", ""3"": ""dans un trou"", ""4"": ""oued""}",,,1.0,4.0
109,HH110,Household: : TV,float64,2000,0,7,,,,0.0,9.0
110,HH111,Household: : Refrigerator,float64,2000,0,5,,,,0.0,4.0
111,HH112,Household: : Oven,float64,2000,0,4,,,,0.0,3.0
112,HH113,Household:  Heating,float64,2000,0,6,,,,0.0,7.0
113,HH114,Household:  Water heater/ boiler,float64,2000,0,5,,,,0.0,6.0
114,HH115,Household:  Satellite dish,float64,2000,0,6,,,,0.0,6.0
115,HH116,Household:  Air conditioning,float64,2000,0,9,,,,0.0,9.0
116,HH117,Household:  Washing machine,float64,2000,0,6,,,,0.0,6.0
117,HH118,Household:  Vacuum cleaner,float64,2000,0,3,,,,0.0,2.0
118,HH119,Household:  Passenger vehicle,float64,2000,0,5,,,,0.0,5.0
119,HH120,Household:  Motorcycle,float64,2000,0,5,,,,0.0,4.0
120,HH121,"Household:  Truck, Bus",float64,2000,0,5,,,,0.0,5.0
121,HH122,Household:  Land for construction,float64,2000,0,6,,,,0.0,5.0
122,HH123,Household:  Computer,float64,2000,0,6,,,,0.0,5.0
123,HH124,Household:  Mobile telephone,float64,1999,1,10,,,,0.0,9.0
124,HH125,Household:  Smartphone,float64,2000,0,10,,,,0.0,9.0
125,HH126,Household:  telephone line,float64,2000,0,2,"{""1"": ""Yes"", ""2"": ""No""}",,,1.0,2.0
126,HH127,Household:  internet connection,float64,2000,0,2,"{""1"": ""Yes"", ""2"": ""No""}",,,1.0,2.0
127,HH128,Household: Number of people,float64,2000,0,13,,,,1.0,13.0
128,HH129,Household: Number of eligible people,float64,2000,0,8,,,,1.0,8.0
129,INF12,Living with parents,float64,2000,0,3,"{""1"": ""I live with both my parents"", ""2"": ""I live with one of my parents"", ""3"": ""No, I don`t live with my parents""}",,,1.0,3.0
130,INF13,Reason for living with one parent,float64,206,1794,3,"{""1"": ""Father/mother deceased"", ""2"": ""My parents are divorced/separated"", ""3"": ""Other""}",,,1.0,3.0
131,INF13b,Other reason for living with one parent,float64,19,1981,4,"{""1"": ""mon p???re est ??? l'???tranger"", ""2"": ""mon p???re travaille dans u"", ""3"": ""Pour mes ???tudes"", ""4"": ""Sans r???ponse"", ""5"": ""Father stays in the village"", ""6"": ""Father/parents is travelling""}",,,1.0,4.0
132,INF14,Reason for not living with parents,float64,350,1650,4,"{""1"": ""My parents (father and mother) are deceased"", ""2"": ""I live with other relatives"", ""3"": ""I have my own accommodation"", ""4"": ""Other (specify)""}",,,1.0,4.0
133,INF14_a,DZ - Reason for not living with parents,float64,0,2000,0,"{""1"": ""My parents (father and mother) are deceased"", ""2"": ""I left my parents to join my huseband/wife"", ""3"": ""I live with other relatives"", ""4"": ""I have my own accommodation""}",,,,
134,INF14b,Other reason for not living with parents,float64,78,1922,8,"{""1"": ""Amis"", ""2"": ""Ils sont ??? l'???tranger"", ""3"": ""mariage"", ""4"": ""mon foyer"", ""5"": ""Pour l'independance"", ""6"": ""Pour le travail"", ""7"": ""Pour les etudes"", ""8"": ""Sans r???ponse"", ""9"": ""A place close to university"", ""10"": ""they live abroad"", ""11"": ""work""}",,,1.0,8.0
135,INF15,Availability of individual bedroom,float64,1999,1,2,"{""1"": ""Yes"", ""2"": ""No""}",,,1.0,2.0
136,INF16,Father's education level,float64,1998,2,5,"{""1"": ""No education"", ""2"": ""Primary"", ""3"": ""Middle"", ""4"": ""Secondary"", ""5"": ""Higher""}",,,1.0,5.0
137,INF17,Father's employment status,float64,1999,1,9,"{""1"": ""Employer"", ""2"": ""Tradesman, self-employed and artisan"", ""3"": ""Farmer"", ""4"": ""Professional and Senior Executive"", ""5"": ""Middle manager"", ""6"": ""Employee"", ""7"": ""Skilled labourer"", ""8"": ""Unskilled labourer"", ""9"": ""Inactive""}",,,1.0,9.0
138,INF17_e,EG - Father's employment status,float64,0,2000,0,"{""1"": ""Regular waged worker"", ""2"": ""Un-regular waged worker"", ""3"": ""Employer and has his own employees"", ""4"": ""Self-employed"", ""5"": ""Works for the family without income"", ""6"": ""Works for others without income"", ""7"": ""Inactive""}",,,,
139,INF18,Father insured by social security,float64,1999,1,2,"{""1"": ""Yes"", ""2"": ""No""}",,,1.0,2.0
140,INF19,Mother's education level,float64,1999,1,5,"{""1"": ""No education"", ""2"": ""Primary"", ""3"": ""Middle"", ""4"": ""Secondary"", ""5"": ""Higher""}",,,1.0,5.0
141,INF110,Mother's employment status,float64,2000,0,10,"{""1"": ""Employer"", ""2"": ""Tradesperson, self-employed and artisan"", ""3"": ""Farmer"", ""4"": ""Professional and Senior Executive"", ""5"": ""Middle manager"", ""6"": ""Employee"", ""7"": ""Skilled labourer"", ""8"": ""Unskilled labourer"", ""9"": ""Housewife"", ""10"": ""Inactive""}",,,1.0,10.0
142,INF110_e,EG - Mother's employment status,float64,0,2000,0,"{""1"": ""Regular waged worker"", ""2"": ""Un-regular waged worker"", ""3"": ""Employer and has his own employees"", ""4"": ""Self-employed"", ""5"": ""Works for the family without income"", ""6"": ""Works for others without income"", ""7"": ""House wife"", ""8"": ""Inactive""}",,,,
143,INF111,Mother being insured by social security,float64,2000,0,2,"{""1"": ""Yes"", ""2"": ""No""}",,,1.0,2.0
144,EDU21,Attended an education institution,float64,2000,0,4,"{""1"": ""Yes, currently"", ""2"": ""Yes, in the past"", ""3"": ""Yes, he/she has been home schooled"", ""4"": ""Never""}",,,1.0,4.0
145,EDU22A,Type of school: Public,float64,1979,21,2,"{""1"": ""Yes"", ""2"": ""No""}",,,1.0,2.0
146,EDU22B,Type of school: Private,float64,0,2000,0,"{""1"": ""Yes"", ""2"": ""No""}",,,,
147,EDU23,Main language of teaching,float64,1979,21,4,"{""1"": ""Arabic"", ""2"": ""French"", ""3"": ""English"", ""4"": ""Other (specify)""}",,,1.0,4.0
148,EDU23b,Main language of teaching: Other,float64,3,1997,3,"{""1"": ""allemand"", ""2"": ""Italien"", ""3"": ""russe""}",,,1.0,3.0
149,EDU24,Receiving private tutoring  (past/present),float64,1977,23,2,"{""1"": ""Yes"", ""2"": ""No""}",,,1.0,2.0
150,EDU25,Education level,float64,1979,21,4,"{""1"": ""Primary"", ""2"": ""Middle"", ""3"": ""Secondary"", ""4"": ""Higher""}",,,1.0,4.0
151,EDU26,Specialisation,float64,1082,918,10,"{""1"": ""Education (e.g. teacher training)"", ""2"": ""Humanities and arts"", ""3"": ""Social sciences, journalism and information"", ""4"": ""Natural sciences, mathematics and statistics"", ""5"": ""Business, administration and law"", ""6"": ""Information and communication technology"", ""7"": ""Agriculture, forestry, fisheries and veterinary sciences"", ""8"": ""Health and social care"", ""9"": ""Services (tourism, hostelry, etc.)"", ""10"": ""Other (specify)""}",,,1.0,10.0
152,EDU26b,Specialisation: Other,float64,72,1928,4,"{""1"": ""Accounting"", ""2"": ""Air conditioning"", ""3"": ""Archeologie"", ""4"": ""Architecture"", ""5"": ""Area engineering"", ""6"": ""Assurance des banques"", ""7"": ""Bac1"", ""8"": ""Biologie"", ""9"": ""Biotechnologie"", ""10"": ""BT"", ""11"": ""Child education"", ""12"": ""Chimie"", ""13"": ""Comptabilité"", ""14"": ""Construction and public works and area"", ""15"": ""Cosmetics - beauty .."", ""16"": ""Ecole technique"", ""17"": ""economics and sociology"", ""18"": ""Economie"", ""19"": ""Electrical engineering"", ""20"": ""Electricité"", ""21"": ""Electricity"", ""22"": ""Electro technique"", ""23"": ""Electronique"", ""24"": ""Finance"", ""25"": ""formation professionnelle"", ""26"": ""General engineering"", ""27"": ""Génie civil"", ""28"": ""Genie électrique"", ""29"": ""Genie mécanique"", ""30"": ""Geography"", ""31"": ""Gestion"", ""32"": ""Hospitality"", ""33"": ""Hydraulique"", ""34"": ""Industrie mécanique"", ""35"": ""interior design"", ""36"": ""International relations"", ""37"": ""Langues"", ""38"": ""LT"", ""39"": ""Mécanique"", ""40"": ""mechanical engineering"", ""41"": ""Mechanics"", ""42"": ""Medical Lab"", ""43"": ""Non  précisé"", ""44"": ""Pharmacy"", ""45"": ""Phd"", ""46"": ""Public Relations"", ""47"": ""Sciences de la matière"", ""48"": ""Sciences politiques"", ""49"": ""Sciences religieuses"", ""50"": ""Secondary"", ""51"": ""Sport"", ""52"": ""Technique urbaine"", ""53"": ""Technologie"", ""54"": ""Traduction"", ""55"": ""Translation"", ""56"": ""TS"", ""57"": ""Urbanisme""}",,,1.0,21.0
153,EDU27,Internship (past/present),float64,1979,21,2,"{""1"": ""Yes"", ""2"": ""No""}",,,1.0,2.0
154,EDU28,Internship useful for career,float64,383,1617,2,"{""1"": ""Yes"", ""2"": ""No""}",,,1.0,2.0
155,EDU29,Studies prepared for labour market,float64,1978,22,3,"{""1"": ""Yes"", ""2"": ""More or less"", ""3"": ""No""}",,,1.0,3.0
156,EDU211,Education level (detailed),float64,1318,682,7,"{""1"": ""General primary"", ""2"": ""Religious primary"", ""3"": ""First course of general secondary education"", ""4"": ""First course of religious secondary education"", ""5"": ""Second course of general secondary education"", ""6"": ""Second course of religious secondary education"", ""7"": ""Second course of professional secondary education"", ""8"": ""University - Degree level or equivalent"", ""9"": ""University - Master`s level or equivalent"", ""10"": ""University - Doctorate level or equivalent""}",,,1.0,10.0
157,EDU211_a,DZ - Education level (detailed),float64,0,2000,0,"{""1"": ""Primary"", ""2"": ""Middle"", ""3"": ""Secondary"", ""4"": ""University - Cycle 1"", ""5"": ""University - Cycle 2"", ""6"": ""University - Cycle 3""}",,,,
158,EDU212,Last education completion year,float64,1314,686,21,,,,1993.0,2015.0
159,EDU213,Reason for leaving school,float64,1314,686,11,"{""1"": ""Finished their studies"", ""2"": ""Excluded from school"", ""3"": ""The studies are difficult"", ""4"": ""School is far away"", ""5"": ""Lack of transport"", ""6"": ""School is not important for people of my gender"", ""7"": ""Health problem/ disability"", ""8"": ""To prepare myself for marriage"", ""9"": ""I must/ had to work to help my family"", ""10"": ""School fees too high"", ""11"": ""Other (specify)""}",,,1.0,11.0
160,EDU213b,Reason for leaving school: Other,float64,170,1830,9,"{""1"": ""A cause du comportement de l'enseignant"", ""2"": ""A refusé de poursuivre les études"", ""3"": ""A terminé ses études"", ""4"": ""Age ne permet de suivre les études"", ""5"": ""Aider la mère"", ""6"": ""Conditions de vie des parents"", ""7"": ""Desire to start work"", ""8"": ""Doesn`t want to continue"", ""9"": ""Echec au BAC"", ""10"": ""Echec au BEM"", ""11"": ""Family matters"", ""12"": ""Father/ mothers`s death"", ""13"": ""Foot ball"", ""14"": ""Je ne voulais plus étudier"", ""15"": ""Je voulais m'investir dans le foot"", ""16"": ""Les études sont difficiles"", ""17"": ""Ma famille ne voulait plus que je continue mes études"", ""18"": ""Mariage"", ""19"": ""Mère malade"", ""20"": ""Mon père ne voulait pas que je continue mes études"", ""21"": ""No specific reason"", ""22"": ""Opposition des frères"", ""23"": ""Opposition des parents"", ""24"": ""Parent ilness"", ""25"": ""Pas d'assistance"", ""26"": ""Pas de motivation pour les études"", ""27"": ""Pas de protection"", ""28"": ""Pas de réussite"", ""29"": ""Pas prête à repasser le BAC"", ""30"": ""Peur"", ""31"": ""Pour réaliser des projets"", ""32"": ""Pour suivre une formation"", ""33"": ""Pratique du sport"", ""34"": ""Prise en charge de la mère"", ""35"": ""Prise en charge des parents"", ""36"": ""Problèmes familiaux"", ""37"": ""Raisons personnelles"", ""38"": ""Redoublement"", ""39"": ""Security situation"", ""40"": ""Spécialité réussie pas intéressante"", ""41"": ""Travail"", ""42"": ""Travelling"", ""43"": ""Wasn`t convinced with the major"", ""44"": ""Won`t make a difference""}",,,7.0,43.0
161,EDU214,Likelihood to re-join school,float64,1318,682,3,"{""1"": ""Yes"", ""2"": ""No"", ""3"": ""Don`t know/ not sure""}",,,1.0,3.0
162,EDU215,Professional training,float64,1339,661,2,"{""1"": ""Yes"", ""2"": ""No""}",,,1.0,2.0
163,EDU216,Profes_ Training: Duration in months,float64,324,1676,11,,,,0.0,10.0
164,EDU216b,Profes_ Training: Duration in years,float64,324,1676,5,,,,0.0,4.0
165,EDU217,Highest qualification,float64,326,1674,3,"{""1"": ""Primary education"", ""3"": ""Upper secondary education"", ""5"": ""Bachelor or equivalent level"", ""6"": ""Bachelor's or equivalent level"", ""7"": ""Master's or equivalent level"", ""35"": ""Upper secondary vocational education"", ""43"": ""Post-secondary non-tertiary vocational education"", ""54"": ""Short-cycle tertiary general education"", ""55"": ""Short-cycle tertiary vocational education"", ""64"": ""Bachelorâs or equivalent level, academic"", ""999"": ""No answer""}",,,1.0,5.0
166,EDU217_a,DZ - Highest qualification,float64,0,2000,0,"{""1"": ""School teacher"", ""2"": ""Engineer"", ""3"": ""Master's degree"", ""4"": ""University degree"", ""5"": ""Bachelor's degree"", ""6"": ""Secondary education diploma"", ""7"": ""Grade in business administration"", ""8"": ""Higher technician diploma"", ""9"": ""School teacher (primary and secondary levels)"", ""10"": ""Baccalaureate"", ""11"": ""Technician Diploma"", ""12"": ""Vocational Diploma"", ""13"": ""Technical Officer diploma"", ""14"": ""Primary education diploma"", ""15"": ""Vocational Certification""}",,,,
167,EDU217_e,EG - Highest qualification,float64,0,2000,0,"{""301"": ""General Secondary"", ""534"": ""Commercial and Business Administration"", ""538"": ""Shari'a & law"", ""552"": ""Engineering and engineering industries""}",,,,
168,EDU218_a,DZ - Specialization,float64,0,2000,0,"{""1"": ""General education"", ""2"": ""Arts"", ""3"": ""Humanities"", ""4"": ""Social and behavioral sciences"", ""5"": ""Journalism and information"", ""6"": ""Business and Administration"", ""7"": ""Law"", ""8"": ""Physics"", ""9"": ""Mathematics and Statistics"", ""10"": ""Computer sciences"", ""11"": ""Engineering"", ""12"": ""Process industry"", ""13"": ""Architecture and construction"", ""14"": "" Agriculture, forestry and fisheries"", ""15"": ""Sciences vétérinaires"", ""16"": ""Health"", ""17"": ""Social care"", ""18"": ""Services to individuals (e.g. hairdresser)"", ""19"": ""Transportation services"", ""20"": ""Security services""}",,,,
169,EDU218_e,EG - Specialization,float64,0,2000,0,"{""1"": ""ICDL"", ""2"": ""Accounting"", ""3"": ""Operating machine"", ""4"": ""Welding"", ""5"": ""Leathers and alternatives"", ""6"": ""Air conditioning"", ""7"": ""Heavy Equipment"", ""8"": ""Other""}",,,,
170,EDU218_l,LB - Specialization,float64,0,2000,0,"{""1"": ""accounting"", ""2"": ""agricultural engineering"", ""3"": ""agriculture"", ""4"": ""Air conditioning"", ""5"": ""arabic literature"", ""6"": ""arts"", ""7"": ""buisness accounting"", ""8"": ""business"", ""9"": ""Carpentry"", ""10"": ""chemistry"", ""11"": ""Child education"", ""12"": ""decor"", ""13"": ""Electricity"", ""14"": ""Geography"", ""15"": ""Hair dresser/ cosmetics"", ""16"": ""history"", ""17"": ""Hospitality"", ""18"": ""industrial mechanics"", ""19"": ""Information system"", ""20"": ""Management"", ""21"": ""Mechanics"", ""22"": ""nursing"", ""23"": ""Programming / computer"", ""24"": ""Quilting"", ""25"": ""Social sciences"", ""26"": ""trade""}",,,,
171,EDU218_m,MA - Specialization,float64,0,2000,0,"{""1"": ""Agriculture"", ""2"": ""Aluminum"", ""3"": ""Biology"", ""4"": ""Office"", ""5"": ""Air conditioning"", ""6"": ""Knitting"", ""7"": ""Electricity"", ""8"": ""Hotel business"", ""9"": ""Computer stuff"", ""10"": ""Haircuts"", ""11"": ""Cuisine"", ""12"": ""Painting"", ""13"": ""Mecanics"", ""14"": ""Nursery"", ""15"": ""Plumber"", ""16"": ""Restaurants"", ""17"": ""Secretaries departmen""}",,,,
172,EDU218_t,TN - Specialization,float64,324,1676,134,,,,3131.0,4022020.0
173,EDU219,Never been at school: Reason,float64,21,1979,8,"{""1"": ""Long distance from school"", ""2"": ""Lack of transport"", ""3"": ""Education is not important to my parents"", ""4"": ""School fees, high"", ""5"": ""Health problem (disability, etc.)"", ""6"": ""Helping parents perform a task"", ""7"": ""Parents` opposition"", ""8"": ""Education is not important for people of my gender"", ""9"": ""Other (specify)""}",,,1.0,9.0
174,EDU219b,Never been at school: Other reason,float64,0,2000,0,,,,,
175,EDU220,Attended a literacy program,float64,21,1979,2,"{""1"": ""Yes: currently"", ""2"": ""Yes: in the past"", ""3"": ""No""}",,,2.0,3.0
176,EDU221,Would take part in a literacy program,float64,17,1983,3,"{""1"": ""Yes"", ""2"": ""No"", ""3"": ""Don't know/not sure""}",,,1.0,3.0
177,EDU222,Education level aspiration,float64,2000,0,8,"{""1"": ""Complete primary school"", ""2"": ""Complete secondary school"", ""3"": ""Complete middle school"", ""4"": ""University degree graduate"", ""5"": ""Receive a Masters degree"", ""6"": ""Receive a doctorate"", ""7"": ""Other (specify):"", ""8"": ""Don`t know""}",,,1.0,8.0
178,EDU222b,Education level aspiration: Other,float64,5,1995,3,"{""1"": ""BT"", ""2"": ""LT"", ""3"": ""TS degree""}",,,1.0,3.0
179,EDU223,Likelihood of the aspired educational level,float64,1799,201,4,"{""1"": ""Very likely"", ""2"": ""Quite likely"", ""3"": ""Unlikely"", ""4"": ""Very unlikely"", ""5"": ""Don't know""}",,,1.0,4.0
180,EMP32A,Informal activities : Agricultural and livestock work,float64,1583,417,2,"{""1"": ""Yes"", ""2"": ""No""}",,,1.0,2.0
181,EMP32B,Informal activities: Production of dairy products,float64,1583,417,1,"{""1"": ""Yes"", ""2"": ""No""}",,,2.0,2.0
182,EMP32C,Informal activities: Preparation of food products,float64,1583,417,1,"{""1"": ""Yes"", ""2"": ""No""}",,,2.0,2.0
183,EMP32D,Informal activities: Sewing/ embroidery/ crochet,float64,1583,417,2,"{""1"": ""Yes"", ""2"": ""No""}",,,1.0,2.0
184,EMP32E,Informal activities: Artisan products,float64,1583,417,2,"{""1"": ""Yes"", ""2"": ""No""}",,,1.0,2.0
185,EMP32F,Informal activities: Sale of goods (market/street/home),float64,1583,417,2,"{""1"": ""Yes"", ""2"": ""No""}",,,1.0,2.0
186,EMP32G,Informal activities: Construction work,float64,1583,417,2,"{""1"": ""Yes"", ""2"": ""No""}",,,1.0,2.0
187,EMP32H,Informal activities: Vehicle repair,float64,1583,417,2,"{""1"": ""Yes"", ""2"": ""No""}",,,1.0,2.0
188,EMP32I, Informal activities: Giving private classes,float64,1583,417,2,"{""1"": ""Yes"", ""2"": ""No""}",,,1.0,2.0
189,EMP32J,Informal activities: Childcare,float64,1583,417,2,"{""1"": ""Yes"", ""2"": ""No""}",,,1.0,2.0
190,EMP32K,Informal activities: Transport,float64,1583,417,2,"{""1"": ""Yes"", ""2"": ""No""}",,,1.0,2.0
191,EMP32_b,Other informal activities,float64,20,1980,16,"{""1"": ""assistant publinet"", ""2"": ""avec mon père"", ""3"": ""café"", ""4"": ""chez avocat"", ""5"": ""coiffure"", ""6"": ""Commerce"", ""7"": ""coursier"", ""8"": ""dans la mer"", ""9"": ""Entraineur"", ""10"": ""Femme de menage"", ""11"": ""GUIDE"", ""12"": ""informatique"", ""13"": ""medecin interne"", ""14"": ""ramassage du degla"", ""15"": ""serveur"", ""16"": ""serveur pour salle fete"", ""17"": ""SOUDEUR"", ""18"": ""stage sport"", ""19"": ""stagiaire"", ""20"": ""TRAVAILLE DANS UNE ASSOCIATION""}",,,1.0,19.0
192,EMP34,Availability to work in less than 2 weeks,float64,1479,521,2,"{""1"": ""Yes"", ""2"": ""No""}",,,1.0,2.0
193,EMP35,Accepting a job: even if,float64,0,2000,0,"{""1"": ""Badly paid"", ""2"": ""Arduous or unsanitary"", ""3"": ""Far from your place of residence"", ""4"": ""Different from your area of specialisation (retraining)"", ""5"": ""Beneath your skill level""}",,,,
194,EMP35A,Accepting a job: badly paid,float64,836,1164,2,"{""1"": ""Yes"", ""2"": ""No""}",,,1.0,2.0
195,EMP35B,Accepting a job: arduous/unsanitary,float64,836,1164,2,"{""1"": ""Yes"", ""2"": ""No""}",,,1.0,2.0
196,EMP35C,Accepting a job: far away,float64,836,1164,2,"{""1"": ""Yes"", ""2"": ""No""}",,,1.0,2.0
197,EMP35D,Accepting a job: different from specialization,float64,836,1164,2,"{""1"": ""Yes"", ""2"": ""No""}",,,1.0,2.0
198,EMP35E,Accepting a job: below skills,float64,836,1164,2,"{""1"": ""Yes"", ""2"": ""No""}",,,1.0,2.0
199,EMP35F,Accepting a job: against ethical principles,float64,836,1164,2,"{""1"": ""Yes"", ""2"": ""No""}",,,1.0,2.0
200,EMP36,Not working: Reason,float64,0,2000,0,"{""1"": ""Opposition of parents or husband"", ""2"": ""For health reasons/ disability"", ""3"": ""No good work opportunities"", ""4"": ""I prefer to dedicate my time to my housework and my children"", ""5"": ""No need to work as my family is well off"", ""6"": ""I am discouraged after a long period of looking for work"", ""7"": ""I don`t have the necessary skills to find a job"", ""8"": ""I don`t want to work"", ""9"": ""Other reasons (specify)""}",,,,
201,EMP36b,Not working: Other reason,float64,421,1579,10,"{""1"": ""consulter mon mari"", ""2"": ""continuer la formation"", ""3"": ""Elève son bébé"", ""4"": ""encore jeune"", ""5"": ""Encore jeune"", ""6"": ""engagement familial"", ""7"": ""Etudes"", ""8"": ""getting married"", ""9"": ""Je n'ai pensé au travail"", ""10"": ""Je veux continuer dans le foot"", ""11"": ""Je veux finir mes études"", ""12"": ""mon mari est malade"", ""13"": ""Ne veut pas travailler"", ""14"": ""Non précisé"", ""15"": ""Opposition des parents"", ""16"": ""Pas de travail"", ""17"": ""pas en tunisie"", ""18"": ""Personnel"", ""19"": ""Pour suivre mes études"", ""20"": ""Pregnant"", ""21"": ""Prendre soin de mes frère"", ""22"": ""Prise en charge d'un malade"", ""23"": ""Prise en charge de mon enfant"", ""24"": ""Prise en charge des parents"", ""25"": ""refus du fiancé"", ""26"": ""stage"", ""27"": ""To continue education"", ""28"": ""To take care of parents and siblings"", ""29"": ""Transport"", ""30"": ""underage/ too young"", ""31"": ""Va se marier""}",,,1.0,26.0
202,EMP37A,Source of money: Small tasks,float64,1479,521,2,"{""1"": ""Yes"", ""2"": ""No""}",,,1.0,2.0
203,EMP37B,Source of money: Father's assistance,float64,1479,521,2,"{""1"": ""Yes"", ""2"": ""No""}",,,1.0,2.0
204,EMP37C,Source of money: Mother's assistance,float64,1479,521,2,"{""1"": ""Yes"", ""2"": ""No""}",,,1.0,2.0
205,EMP37D,Source of money: Friends & relatives' assistance,float64,1479,521,2,"{""1"": ""Yes"", ""2"": ""No""}",,,1.0,2.0
206,EMP38,Age of the first job,float64,521,1479,20,,,,7.0,28.0
207,EMP39,Main job in the past weeks,float64,498,1502,80,"{""0"": ""Armed Forces Occupations"", ""1"": ""Managers"", ""2"": ""Professionals"", ""3"": ""Technicians and Associate Professionals"", ""4"": ""Clerical Support Workers"", ""5"": ""Services and Sales Workers"", ""6"": ""Skilled Agricultural, Forestry and Fishery Workers"", ""7"": ""Craft and Related Trades Workers"", ""8"": ""Plant and Machine Operators and Assemblers"", ""9"": ""Elementary Occupations"", ""23"": ""Teaching professionals"", ""33"": ""Business and administration associate professionals"", ""51"": ""Personal service workers"", ""52"": ""Sales workers"", ""73"": ""Handicraft and printing workers"", ""81"": ""Stationary plant and machine operators"", ""82"": ""Assemblers"", ""111"": ""Legislators and Senior Officials"", ""112"": ""Managing Directors and Chief Executives"", ""121"": ""Business Services and Administration Managers"", ""122"": ""Sales, marketing and development managers"", ""131"": ""Production Managers in Agriculture, Forestry and Fisheries"", ""132"": ""Manufacturing, Mining, Construction and Distribution Managers"", ""134"": ""Professional Services Managers"", ""141"": ""Hotel and Restaurant Managers"", ""142"": ""Retail and Wholesale Trade Managers"", ""143"": ""Other Services Managers"", ""211"": ""Physical and Earth Science Professionals"", ""212"": ""Mathematicians, Actuaries and Statisticians"", ""213"": ""Life Science Professionals"", ""214"": ""Engineering Professionals (excluding Electrotechnology)"", ""215"": ""Electrotechnology Engineers"", ""216"": ""Architects, Planners, Surveyors and Designers"", ""221"": ""Medical Doctors"", ""222"": ""Nursing and Midwifery Professionals"", ""223"": ""Traditional and Complementary Medicine Professionals"", ""224"": ""Paramedical Practitioners"", ""225"": ""Veterinarians"", ""226"": ""Other Health Professionals"", ""231"": ""University and Higher Education Teachers"", ""232"": ""Vocational education teachers"", ""233"": ""Secondary Education Teachers"", ""234"": ""Primary School and Early Childhood Teachers"", ""235"": ""Other Teaching Professionals"", ""241"": ""Finance professionals"", ""242"": ""Administration Professionals"", ""243"": ""Sales, Marketing and Public Relations Professionals"", ""251"": ""Software and Applications Developers and Analysts"", ""252"": ""Database and Network Professionals"", ""261"": ""Legal Professionals"", ""262"": ""Librarians, Archivists and Curators"", ""263"": ""Social and Religious Professionals"", ""264"": ""Authors, Journalists and Linguists"", ""265"": ""Creative and Performing Artists"", ""311"": ""Physical and Engineering Science Technicians"", ""312"": ""Mining, Manufacturing and Construction Supervisors"", ""313"": ""Process Control Technicians"", ""314"": ""Engineering Professionals (excluding Electrotechnology)"", ""321"": ""Medical and Pharmaceutical Technicians"", ""322"": ""Nursing and Midwifery Associate Professionals"", ""325"": ""Other health associate professionals"", ""331"": ""Financial and Mathematical Associate Professionals"", ""332"": ""Sales and Purchasing Agents and Brokers"", ""333"": ""Business Services Agents"", ""334"": ""Administrative and specialised secretaries"", ""335"": ""Regulatory government associate professionals"", ""341"": ""Legal, Social and Religious Associate Professionals"", ""342"": ""Sports and Fitness Workers"", ""343"": ""Artistic, Cultural and Culinary Associate Professionals"", ""351"": ""Information and Communications Technology Operations and User Support Technicians"", ""352"": ""Telecommunications and Broadcasting Technicians"", ""411"": ""General Office Clerks"", ""412"": ""Secretaries (general)"", ""413"": ""Keyboard Operators"", ""421"": ""Tellers, Money Collectors and Related Clerks"", ""422"": ""Client Information Workers"", ""431"": ""Numerical Clerks"", ""432"": ""Material recording and Transport Clerks"", ""441"": ""Other Clerical Support Workers"", ""511"": ""Travel attendants, conductors and guides"", ""512"": ""Cooks"", ""513"": ""Waiters and bartenders"", ""514"": ""Hairdressers, beauticians and related workers"", ""515"": ""Building and housekeeping supervisors"", ""516"": ""Other personal services workers"", ""521"": ""Street and Market Salespersons"", ""522"": ""Shop Salespersons"", ""523"": ""Cashiers and Ticket Clerks"", ""524"": ""Other sales workers"", ""531"": ""Child care workers and teachers' aides"", ""532"": ""Personal Care Workers in Health Services"", ""541"": ""Protective services workers"", ""611"": ""Market gardeners and crop growers"", ""612"": ""Animal producers"", ""613"": ""Mixed Crop and Animal Producers"", ""621"": ""Forestry and Related Workers"", ""622"": ""Fishery Workers, Hunters and Trappers"", ""631"": ""Subsistence Crop Farmers"", ""632"": ""Subsistence Livestock Farmers"", ""633"": ""Subsistence Mixed Crop and Livestock Farmers"", ""711"": ""Building frame and related trades workers"", ""712"": ""Building finishers and related trades workers"", ""713"": ""Painters, building structure cleaners and related trades workers"", ""721"": ""Sheet and Structural Metal Workers, Moulders and Welders, and Related Workers"", ""722"": ""Blacksmiths, toolmakers and related trades workers"", ""723"": ""Machinery mechanics and repairers"", ""731"": ""Precision-instrument makers and repairers"", ""732"": ""Printing Trades Workers"", ""741"": ""Electrical Equipment Installers and Repairers"", ""742"": ""Electronics and telecommunications installers and repairers"", ""751"": ""Food processing and related trades workers"", ""752"": ""Wood treaters, cabinet-makers and related trades workers"", ""753"": ""Garment and Related Trades Workers"", ""754"": ""Other Craft and Related Workers"", ""811"": ""Mining and Mineral Processing Plant Operators"", ""812"": ""Metal Processing and Finishing Plant Operators"", ""813"": ""Chemical and Photographic Products Plant and Machine Operators"", ""814"": ""Rubber, Plastic and Paper Products Machine Operators"", ""815"": ""Textile, Fur and Leather Products Machine Operators"", ""816"": ""Food and Related Products Machine Operators"", ""817"": ""Wood Processing and Papermaking Plant Operators"", ""818"": ""Other Stationary Plant and Machine Operators"", ""821"": ""Assemblers"", ""831"": ""Locomotive Engine Drivers and Related Workers"", ""832"": ""Car, van and motorcycle drivers"", ""833"": ""Heavy Truck and Bus Drivers"", ""834"": ""Mobile Plant Operators"", ""835"": ""Shipsï¿½ Deck Crews and Related Workers"", ""911"": ""Domestic, hotel and office cleaners and helpers"", ""912"": ""Vehicle, Window, Laundry and Other Hand Cleaning Workers"", ""921"": ""Agricultural, Forestry and Fishery Labourers"", ""931"": ""Mining and Construction Labourers"", ""932"": ""Manufacturing Labourers"", ""933"": ""Transport and Storage Labourers"", ""934"": """", ""935"": """", ""941"": ""Food Preparation Assistants"", ""951"": ""Street and Related Services Workers"", ""952"": ""Street Vendors (excluding Food)"", ""961"": ""Refuse Workers"", ""962"": ""Other elementary workers"", ""9999"": ""No answer""}",,,121.0,962.0
208,EMP310,Job position,float64,521,1479,6,"{""1"": ""Employer"", ""2"": ""Self-employed"", ""3"": ""Permanent contract"", ""4"": ""Temporary contract"", ""5"": ""Apprentice"", ""6"": ""Family support"", ""7"": ""Other""}",,,1.0,6.0
209,EMP311,Type of contract,float64,403,1597,4,"{""1"": ""Contract of indefinite duration"", ""2"": ""Fixed-term contract"", ""3"": ""Employment aid measures"", ""4"": ""No contract""}",,,1.0,4.0
210,EMP312,Sector of activity,float64,521,1479,8,"{""1"": ""Agriculture"", ""2"": ""Industry"", ""3"": ""Building and public works (construction)"", ""4"": ""Health services"", ""5"": ""Education"", ""6"": ""Trade"", ""7"": ""Other commercial services"", ""8"": ""Administration, non-commercial services""}",,,1.0,8.0
211,EMP313,Place of work,float64,521,1479,6,"{""1"": ""Establishment or premises"", ""2"": ""On a farm"", ""3"": ""On a building site"", ""4"": ""Street/ pavement/ market stall"", ""5"": ""At home"", ""6"": ""Other (specify)""}",,,1.0,6.0
212,EMP313b,Work place: Other,float64,29,1971,14,"{""1"": ""Airplane"", ""2"": ""avec un parent"", ""3"": ""Barraks"", ""4"": ""Building ( janitor)"", ""5"": ""chez les maisons clients"", ""6"": ""chez un cousin"", ""7"": ""chez un des voisins"", ""8"": ""dans la rue"", ""9"": ""Dans la rue"", ""10"": ""Driver /road"", ""11"": ""football"", ""12"": ""la mer"", ""13"": ""La plage"", ""14"": ""maison"", ""15"": ""No specific place"", ""16"": ""Non précisé"", ""17"": ""pas de local"", ""18"": ""Periodique"", ""19"": ""Port"", ""20"": ""Sans réponse"", ""21"": ""Sea"", ""22"": ""un des citoyens""}",,,2.0,22.0
213,EMP314,Job sector: Public/Private,float64,520,1480,2,"{""1"": ""Public"", ""2"": ""Private""}",,,1.0,2.0
214,EMP315,Job insured by the social security system,float64,521,1479,2,"{""1"": ""Yes"", ""2"": ""No""}",,,1.0,2.0
215,EMP316,Not insured by social security: Reason,float64,363,1637,5,"{""1"": ""Employer refuses to insure me"", ""2"": ""I am not interested"", ""3"": ""Reduction in my salary/ earnings"", ""4"": ""Employer is not insured"", ""5"": ""Other (specify)""}",,,1.0,5.0
216,EMP316b,Not insured by social security: Other Reason,float64,67,1933,17,"{""1"": ""Age non atteint"", ""2"": ""Aide familial"", ""3"": ""Buisness owner"", ""4"": ""Change souvent de travail"", ""5"": ""chercher autre travail"", ""6"": ""Déclaration en cours"", ""7"": ""Do not Know"", ""8"": ""Durée du travail"", ""9"": ""Emploi temporaire"", ""10"": ""encore jeune"", ""11"": ""Etudiant"", ""12"": ""Freelance"", ""13"": ""Has government insurance"", ""14"": ""Has insurance"", ""15"": ""horaires de travail"", ""16"": ""Indépendant"", ""17"": ""Je ne travaille qu'à la maison"", ""18"": ""Je ne travaille que temporairement"", ""19"": ""je suis etudiant"", ""20"": ""l'activit? est termin?"", ""21"": ""Law doesn`t allow it"", ""22"": ""Le local ne m'appartient pas"", ""23"": ""les conditions de travail"", ""24"": ""manque de comp?tence"", ""25"": ""N'a pas atteint l'âge"", ""26"": ""Ne dispose pas de local"", ""27"": ""New employee"", ""28"": ""Non précisé"", ""29"": ""not included in work"", ""30"": ""Not registered as establishment"", ""31"": ""Occasionnel"", ""32"": ""Part time employee"", ""33"": ""pas encore"", ""34"": ""Pas possible"", ""35"": ""periodique"", ""36"": ""Petits travaux"", ""37"": ""premier jour du travaille"", ""38"": ""process of registration and low admission rate"", ""39"": ""Saisonnier"", ""40"": ""sans contrat"", ""41"": ""Sans réponse"", ""42"": ""sivp"", ""43"": ""SIVP"", ""44"": ""Stagiaire"", ""45"": ""Trainee"", ""46"": ""Travail à domicile"", ""47"": ""Travail ambulant"", ""48"": ""Travail familial"", ""49"": ""Travail informel"", ""50"": ""Travail occasionnel"", ""51"": ""travail temporaire"", ""52"": ""travaille avec un parent"", ""53"": ""Vendeur au marché"", ""54"": ""Volontaire""}",,,5.0,52.0
217,EMP317,Worked hours/day in past 7 days,float64,520,1480,19,,,,0.0,24.0
218,EMP317b,Worked days/week in past 7 days,float64,520,1480,9,,,,0.0,8.0
219,EMP319,Working < 40 hours: Reason,float64,151,1849,5,"{""1"": ""The number of hours needed to do this work is fewer than 40."", ""2"": ""Casual work"", ""3"": ""Working conditions (drudgery, demands)"", ""4"": ""Part-time work"", ""5"": ""Other (specify)""}",,,1.0,5.0
220,EMP319b,Working < 40 hours: Other Reason,float64,7,1993,6,"{""1"": ""aide"", ""2"": ""hier j'ai commence"", ""3"": ""je suis blesse"", ""4"": ""Le magasin nous appartient je peux l'ouvrir quand je veux"", ""5"": ""sans réponse"", ""6"": ""terminer mes etudes"", ""7"": ""To continue education"", ""8"": ""un seul jour dÌs le debut""}",,,1.0,8.0
221,EMP320,How did you get your current job,float64,520,1480,11,"{""1"": ""Placement by the public employment office"", ""2"": ""Placement by private employment office"", ""3"": ""By answering an advertisement"", ""4"": ""Personal contact"", ""5"": ""Family contact"", ""6"": ""Sending my CV to employers"", ""7"": ""Competition or exam"", ""8"": ""Contacted by an employer"", ""9"": ""Allocated by school/ college after training"", ""10"": ""Creation of my business through my capital stock"", ""11"": ""Creation of my business through national employment funding""}",,,1.0,11.0
222,EMP321,Job satisfaction,float64,521,1479,4,"{""1"": ""Very satisfied"", ""2"": ""Satisfied"", ""3"": ""Dissatisfied"", ""4"": ""Very dissatisfied""}",,,1.0,4.0
223,EMP322A,Job satisfaction: Poor salary,float64,217,1783,2,"{""1"": ""Yes"", ""2"": ""No""}",,,1.0,2.0
224,EMP322B,Job satisfaction: Matching profile,float64,217,1783,2,"{""1"": ""Yes"", ""2"": ""No""}",,,1.0,2.0
225,EMP322C,Job satisfaction: Working conditions,float64,217,1783,2,"{""1"": ""Yes"", ""2"": ""No""}",,,1.0,2.0
226,EMP322D,Job satisfaction: Working environment,float64,217,1783,2,"{""1"": ""Yes"", ""2"": ""No""}",,,1.0,2.0
227,EMP322_b,Job dissatisfaction: Other reasons,float64,12,1988,12,"{""1"": ""aide"", ""2"": ""domaine qui me correspond"", ""3"": ""la fatigue"", ""4"": ""loin de moi"", ""5"": ""ma santé"", ""6"": ""pour le future"", ""7"": ""privé"", ""8"": ""temporaire"", ""9"": ""transport"", ""10"": ""travail étatique"", ""11"": ""travail saisonnier"", ""12"": ""travailler pour mon compt""}",,,1.0,12.0
228,EMP323,Search for a job,float64,521,1479,2,"{""1"": ""Yes"", ""2"": ""No""}",,,1.0,2.0
229,EMP324_a,Last month's income in Algerian dinars,float64,0,2000,0,,,,,
230,EMP324_e,Last month's income in Egyptian pounds,float64,0,2000,0,,,,,
231,EMP324_l,Last month's income in Lebanese pounds,float64,0,2000,0,,,,,
232,EMP324_m,Last month's income in Moroccan dirham,float64,0,2000,0,,,,,
233,EMP324_t,Last month's income in Tunisian dinars,float64,511,1489,76,,,,0.0,2000.0
234,EMP324,Purchasing power,float64,511,1489,76,,,,0.0,2469.14
235,EMP326A,Assistance in creation of business: Bank Ioan,float64,71,1929,2,"{""1"": ""Yes"", ""2"": ""No""}",,,1.0,2.0
236,EMP326B,Assistance in creation of business: Bank Ioan,float64,71,1929,2,"{""1"": ""Yes"", ""2"": ""No""}",,,1.0,2.0
237,EMP326C,Assistance in creation of business: Zakat funds,float64,0,2000,0,"{""1"": ""Yes"", ""2"": ""No""}",,,,
238,EMP326D,Assistance in creation of business: Parents,float64,71,1929,2,"{""1"": ""Yes"", ""2"": ""No""}",,,1.0,2.0
239,EMP326_b,Assistance in creation of business: Other,float64,25,1975,9,"{""1"": ""Aide de la famille"", ""2"": ""aides de mon frère"", ""3"": ""Amis"", ""4"": ""Aucune aide"", ""5"": ""autofinancement"", ""6"": ""chanteur"", ""7"": ""fond propre"", ""8"": ""Friends/relatives"", ""9"": ""Heritage from parents/ inheritance"", ""10"": ""Husband/ wife"", ""11"": ""les cousins"", ""12"": ""mari"", ""13"": ""mes amis"", ""14"": ""No one"", ""15"": ""Non précisé"", ""16"": ""Other tradors"", ""17"": ""own savings"", ""18"": ""par internet"", ""19"": ""Personnel"", ""20"": ""Refused to answer"", ""21"": ""sans aide"", ""22"": ""sold a piece of land""}",,,2.0,21.0
240,EMP327A,Problems faced in creation of business: Lack of information,float64,2000,0,2,"{""1"": ""Yes"", ""2"": ""No""}",,,1.0,2.0
241,EMP327B,Problems faced in  creation of business: Bureaucracy,float64,2000,0,2,"{""1"": ""Yes"", ""2"": ""No""}",,,1.0,2.0
242,EMP327C,Problems faced in  creation of business: Access to credit,float64,2000,0,2,"{""1"": ""Yes"", ""2"": ""No""}",,,1.0,2.0
243,EMP327D,"Problems faced in creation of business: Access to services (electricity, water,",float64,2000,0,2,"{""1"": ""Yes"", ""2"": ""No""}",,,1.0,2.0
244,EMP327E,Problems faced in creation of business: Property,float64,2000,0,2,"{""1"": ""Yes"", ""2"": ""No""}",,,1.0,2.0
245,EMP327F,Problems faced in creation of business: Commercialisation of the goods,float64,2000,0,2,"{""1"": ""Yes"", ""2"": ""No""}",,,1.0,2.0
246,EMP327_b,Problems faced in creation of business: Other,float64,14,1986,8,"{""1"": ""accident"", ""2"": ""aucun probleme"", ""3"": ""Aucun problème"", ""4"": ""climat"", ""5"": ""Finding lebanese workers"", ""6"": ""Funding"", ""7"": ""Informel"", ""8"": ""l'economie de gouvernorat"", ""9"": ""La revolution"", ""10"": ""les problems"", ""11"": ""manque de materiels"", ""12"": ""Non précisé"", ""13"": ""Nothing"", ""14"": ""Pas d'argent"", ""15"": ""Pas de local"", ""16"": ""pas de problÌme"", ""17"": ""Problèmes avec les client"", ""18"": ""Refused to answer"", ""19"": ""Travail à domicile""}",,,1.0,16.0
247,EMP328_a,Income in Algerian dinars,float64,0,2000,0,,,,,
248,EMP328_e,Income in Egyptian pounds,float64,0,2000,0,,,,,
249,EMP328_l,Income  in Lebanese pounds,float64,0,2000,0,,,,,
250,EMP328_m,Income in Moroccan durhams,float64,0,2000,0,,,,,
251,EMP328_t,Income in Tunisian dinars,float64,68,1932,18,,,,0.0,2000.0
252,EMP328,Purchasing power,float64,68,1932,18,,,,0.0,2469.14
253,EMP329A,Use of salary/income: personal needs,float64,521,1479,2,"{""1"": ""Yes"", ""2"": ""No""}",,,1.0,2.0
254,EMP329B,Use of salary/income: household expenses,float64,521,1479,2,"{""1"": ""Yes"", ""2"": ""No""}",,,1.0,2.0
255,EMP329C,Use of salary/income: assist family members,float64,521,1479,2,"{""1"": ""Yes"", ""2"": ""No""}",,,1.0,2.0
256,EMP329D,Use of salary/income: save,float64,521,1479,2,"{""1"": ""Yes"", ""2"": ""No""}",,,1.0,2.0
257,EMP329_b,Use of salary/income: Other,float64,2,1998,1,"{""1"": ""construction"", ""2"": ""Pay rent"", ""3"": ""Pay the loans(house, car,... )""}",,,1.0,1.0
258,EMP330,Reason for saving,float64,37,1963,4,"{""1"": ""To get married"", ""2"": ""To emigrate"", ""3"": ""No particular reason"", ""4"": ""Other (specify)""}",,,1.0,4.0
259,EMP330b,Reason for saving: Other,float64,2,1998,2,"{""1"": ""acheter une voiture"", ""2"": ""better future"", ""3"": ""Building/buy a house"", ""4"": ""buy a car"", ""5"": ""Children education"", ""6"": ""College"", ""7"": ""emergencies"", ""8"": ""Expanding the business"", ""9"": ""On sait pas se que nous cache l'avenir"", ""10"": ""Pour améliorer la qualité de mon travail"", ""11"": ""Pour assurer l'avenir"", ""12"": ""Sans réponse"", ""13"": ""Starting own business""}",,,1.0,12.0
260,EMP331,Look for a work,float64,1479,521,2,"{""1"": ""Yes"", ""2"": ""No""}",,,1.0,2.0
261,EMP332,Job search duration: Months,float64,415,1585,13,,,,0.0,12.0
262,EMP332b,Job search duration: Years,float64,415,1585,10,,,,0.0,9.0
263,EMP333A,Job search approach: Public employment office,float64,421,1579,2,"{""1"": ""Yes"", ""2"": ""No""}",,,1.0,2.0
264,EMP333B,Job search approach: Private employment office,float64,421,1579,2,"{""1"": ""Yes"", ""2"": ""No""}",,,1.0,2.0
265,EMP333C,Job search approach: Sending CV,float64,421,1579,2,"{""1"": ""Yes"", ""2"": ""No""}",,,1.0,2.0
266,EMP333D,Job search approach: Employment request,float64,421,1579,2,"{""1"": ""Yes"", ""2"": ""No""}",,,1.0,2.0
267,EMP333E,Job search approach: Travelling,float64,421,1579,2,"{""1"": ""Yes"", ""2"": ""No""}",,,1.0,2.0
268,EMP333F,Job search approach:  Newspaper,float64,421,1579,2,"{""1"": ""Yes"", ""2"": ""No""}",,,1.0,2.0
269,EMP333G,Job search approach: Internet,float64,421,1579,2,"{""1"": ""Yes"", ""2"": ""No""}",,,1.0,2.0
270,EMP333H,Job search approach: Parents,float64,421,1579,2,"{""1"": ""Yes"", ""2"": ""No""}",,,1.0,2.0
271,EMP333I,Job search approach: Waiting to be contacted,float64,421,1579,2,"{""1"": ""Yes"", ""2"": ""No""}",,,1.0,2.0
272,EMP333J,"Job search approach: Contact companies, etc_",float64,421,1579,2,"{""1"": ""Yes"", ""2"": ""No""}",,,1.0,2.0
273,EMP333K,Job search approach: Personal Contacts,float64,421,1579,2,"{""1"": ""Yes"", ""2"": ""No""}",,,1.0,2.0
274,EMP333L,Job search approach:  Own business,float64,421,1579,2,"{""1"": ""Yes"", ""2"": ""No""}",,,1.0,2.0
275,EMP333M,Job search approach: Attempts to work abroad,float64,421,1579,2,"{""1"": ""Yes"", ""2"": ""No""}",,,1.0,2.0
276,EMP333_b,Job search approach: Other,float64,4,1996,4,"{""1"": ""chez la municipalité"", ""2"": ""contact délégation"", ""3"": ""gouverneur"", ""4"": ""Sans réponse""}",,,1.0,4.0
277,EMP334,Job search time dedication,float64,421,1579,3,"{""1"": ""Less than an hour"", ""2"": ""Between one and three hours"", ""3"": ""More than three hours""}",,,1.0,3.0
278,EMP335,Preference of work,float64,421,1579,4,"{""1"": ""Salaried employment"", ""2"": ""Set up your own business"", ""3"": ""A job in the civil service"", ""4"": ""No preference: indifferent""}",,,1.0,4.0
279,EMP336,Worked in the past,float64,421,1579,2,"{""1"": ""Yes"", ""2"": ""No""}",,,1.0,2.0
280,EMP337,Last job,float64,235,1765,60,"{""0"": ""Armed Forces Occupations"", ""1"": ""Managers"", ""2"": ""Professionals"", ""3"": ""Technicians and Associate Professionals"", ""4"": ""Clerical Support Workers"", ""5"": ""Services and Sales Workers"", ""6"": ""Skilled Agricultural, Forestry and Fishery Workers"", ""7"": ""Craft and Related Trades Workers"", ""8"": ""Plant and Machine Operators and Assemblers"", ""9"": ""Elementary Occupations"", ""23"": ""Teaching professionals"", ""33"": ""Business and administration associate professionals"", ""51"": ""Personal service workers"", ""52"": ""Sales workers"", ""73"": ""Handicraft and printing workers"", ""81"": ""Stationary plant and machine operators"", ""82"": ""Assemblers"", ""111"": ""Legislators and Senior Officials"", ""112"": ""Managing Directors and Chief Executives"", ""121"": ""Business Services and Administration Managers"", ""122"": ""Sales, marketing and development managers"", ""131"": ""Production Managers in Agriculture, Forestry and Fisheries"", ""132"": ""Manufacturing, Mining, Construction and Distribution Managers"", ""134"": ""Professional Services Managers"", ""141"": ""Hotel and Restaurant Managers"", ""142"": ""Retail and Wholesale Trade Managers"", ""143"": ""Other Services Managers"", ""211"": ""Physical and Earth Science Professionals"", ""212"": ""Mathematicians, Actuaries and Statisticians"", ""213"": ""Life Science Professionals"", ""214"": ""Engineering Professionals (excluding Electrotechnology)"", ""215"": ""Electrotechnology Engineers"", ""216"": ""Architects, Planners, Surveyors and Designers"", ""221"": ""Medical Doctors"", ""222"": ""Nursing and Midwifery Professionals"", ""223"": ""Traditional and Complementary Medicine Professionals"", ""224"": ""Paramedical Practitioners"", ""225"": ""Veterinarians"", ""226"": ""Other Health Professionals"", ""231"": ""University and Higher Education Teachers"", ""232"": ""Vocational education teachers"", ""233"": ""Secondary Education Teachers"", ""234"": ""Primary School and Early Childhood Teachers"", ""235"": ""Other Teaching Professionals"", ""241"": ""Finance professionals"", ""242"": ""Administration Professionals"", ""243"": ""Sales, Marketing and Public Relations Professionals"", ""251"": ""Software and Applications Developers and Analysts"", ""252"": ""Database and Network Professionals"", ""261"": ""Legal Professionals"", ""262"": ""Librarians, Archivists and Curators"", ""263"": ""Social and Religious Professionals"", ""264"": ""Authors, Journalists and Linguists"", ""265"": ""Creative and Performing Artists"", ""311"": ""Physical and Engineering Science Technicians"", ""312"": ""Mining, Manufacturing and Construction Supervisors"", ""313"": ""Process Control Technicians"", ""314"": ""Engineering Professionals (excluding Electrotechnology)"", ""321"": ""Medical and Pharmaceutical Technicians"", ""322"": ""Nursing and Midwifery Associate Professionals"", ""325"": ""Other health associate professionals"", ""331"": ""Financial and Mathematical Associate Professionals"", ""332"": ""Sales and Purchasing Agents and Brokers"", ""333"": ""Business Services Agents"", ""334"": ""Administrative and specialised secretaries"", ""335"": ""Regulatory government associate professionals"", ""341"": ""Legal, Social and Religious Associate Professionals"", ""342"": ""Sports and Fitness Workers"", ""343"": ""Artistic, Cultural and Culinary Associate Professionals"", ""351"": ""Information and Communications Technology Operations and User Support Technicians"", ""352"": ""Telecommunications and Broadcasting Technicians"", ""411"": ""General Office Clerks"", ""412"": ""Secretaries (general)"", ""413"": ""Keyboard Operators"", ""421"": ""Tellers, Money Collectors and Related Clerks"", ""422"": ""Client Information Workers"", ""431"": ""Numerical Clerks"", ""432"": ""Material recording and Transport Clerks"", ""441"": ""Other Clerical Support Workers"", ""511"": ""Travel attendants, conductors and guides"", ""512"": ""Cooks"", ""513"": ""Waiters and bartenders"", ""514"": ""Hairdressers, beauticians and related workers"", ""515"": ""Building and housekeeping supervisors"", ""516"": ""Other personal services workers"", ""521"": ""Street and Market Salespersons"", ""522"": ""Shop Salespersons"", ""523"": ""Cashiers and Ticket Clerks"", ""524"": ""Other sales workers"", ""531"": ""Child care workers and teachers' aides"", ""532"": ""Personal Care Workers in Health Services"", ""541"": ""Protective services workers"", ""611"": ""Market gardeners and crop growers"", ""612"": ""Animal producers"", ""613"": ""Mixed Crop and Animal Producers"", ""621"": ""Forestry and Related Workers"", ""622"": ""Fishery Workers, Hunters and Trappers"", ""631"": ""Subsistence Crop Farmers"", ""632"": ""Subsistence Livestock Farmers"", ""633"": ""Subsistence Mixed Crop and Livestock Farmers"", ""711"": ""Building frame and related trades workers"", ""712"": ""Building finishers and related trades workers"", ""713"": ""Painters, building structure cleaners and related trades workers"", ""721"": ""Sheet and Structural Metal Workers, Moulders and Welders, and Related Workers"", ""722"": ""Blacksmiths, toolmakers and related trades workers"", ""723"": ""Machinery mechanics and repairers"", ""731"": ""Precision-instrument makers and repairers"", ""732"": ""Printing Trades Workers"", ""741"": ""Electrical Equipment Installers and Repairers"", ""742"": ""Electronics and telecommunications installers and repairers"", ""751"": ""Food processing and related trades workers"", ""752"": ""Wood treaters, cabinet-makers and related trades workers"", ""753"": ""Garment and Related Trades Workers"", ""754"": ""Other Craft and Related Workers"", ""811"": ""Mining and Mineral Processing Plant Operators"", ""812"": ""Metal Processing and Finishing Plant Operators"", ""813"": ""Chemical and Photographic Products Plant and Machine Operators"", ""814"": ""Rubber, Plastic and Paper Products Machine Operators"", ""815"": ""Textile, Fur and Leather Products Machine Operators"", ""816"": ""Food and Related Products Machine Operators"", ""817"": ""Wood Processing and Papermaking Plant Operators"", ""818"": ""Other Stationary Plant and Machine Operators"", ""821"": ""Assemblers"", ""831"": ""Locomotive Engine Drivers and Related Workers"", ""832"": ""Car, van and motorcycle drivers"", ""833"": ""Heavy Truck and Bus Drivers"", ""834"": ""Mobile Plant Operators"", ""835"": ""Shipsï¿½ Deck Crews and Related Workers"", ""911"": ""Domestic, hotel and office cleaners and helpers"", ""912"": ""Vehicle, Window, Laundry and Other Hand Cleaning Workers"", ""921"": ""Agricultural, Forestry and Fishery Labourers"", ""931"": ""Mining and Construction Labourers"", ""932"": ""Manufacturing Labourers"", ""933"": ""Transport and Storage Labourers"", ""934"": """", ""935"": """", ""941"": ""Food Preparation Assistants"", ""951"": ""Street and Related Services Workers"", ""952"": ""Street Vendors (excluding Food)"", ""961"": ""Refuse Workers"", ""962"": ""Other elementary workers"", ""9999"": ""No answer""}",,,141.0,962.0
281,EMP338,Last job position,float64,238,1762,7,"{""1"": ""Employer"", ""2"": ""Self-employed"", ""3"": ""Permanent contract"", ""4"": ""Temporary contract"", ""5"": ""Apprentice"", ""6"": ""Family support"", ""7"": ""Other (specify)""}",,,1.0,7.0
282,EMP338b,Last job position: Other,float64,2,1998,2,"{""1"": ""libre"", ""2"": ""suite à une maladie""}",,,1.0,2.0
283,EMP339,Last job: Sector of activity,float64,238,1762,8,"{""1"": ""Agriculture"", ""2"": ""Industry"", ""3"": ""Building and public works (construction)"", ""4"": ""Health services"", ""5"": ""Education"", ""6"": ""Trade"", ""7"": ""Other commercial services"", ""8"": ""Administration, non-commercial services""}",,,1.0,8.0
284,EMP340,Last job: Public/Private sector,float64,238,1762,2,"{""1"": ""Public"", ""2"": ""Private""}",,,1.0,2.0
285,EMP341,Last job insured by sse,float64,238,1762,2,"{""1"": ""Yes"", ""2"": ""No""}",,,1.0,2.0
286,EMP342,Reason for leaving last job,float64,238,1762,9,"{""1"": ""End of contract"", ""2"": ""End of company activity"", ""3"": ""Resignation"", ""4"": ""Dismissal"", ""5"": ""To continue with studies or training"", ""6"": ""Marriage"", ""7"": ""Family obligation"", ""8"": ""Illness/ disability"", ""9"": ""Other (specify)""}",,,1.0,9.0
287,EMP342b,Reason for leaving last job: Other,float64,67,1933,17,"{""1"": ""circonstancs"", ""2"": ""démenagement"", ""3"": ""déplacement vers tunis"", ""4"": ""Eloignement"", ""5"": ""encore stage"", ""6"": ""Faiblesse du salaire"", ""7"": ""Fin de contrat"", ""8"": ""Informel"", ""9"": ""la distance"", ""10"": ""les attentas du sousse"", ""11"": ""Les conditions du travail"", ""12"": ""Low salary"", ""13"": ""mort de pere"", ""14"": ""Nature du travail"", ""15"": ""Non confirmé"", ""16"": ""Non précisé"", ""17"": ""Pas de sécurité"", ""18"": ""pas de travail"", ""19"": ""pas disponible"", ""20"": ""Penibilité"", ""21"": ""Refus du patron de m'assurer"", ""22"": ""salaire"", ""23"": ""sans contrat"", ""24"": ""Sans réponse"", ""25"": ""Sécuirte"", ""26"": ""seul"", ""27"": ""suite Ë une maladie"", ""28"": ""The car owner wanted his car back"", ""29"": ""Travail occasionnel"", ""30"": ""Travail temporaire""}",,,1.0,29.0
288,EMP343,Reason for being unemployed,float64,421,1579,5,"{""1"": ""Lack of jobs"", ""2"": ""String pulling/ favouritism in recruitment"", ""3"": ""I don`t have the necessary skills"", ""4"": ""I haven`t found a job that fits my profile"", ""5"": ""Other (specify)""}",,,1.0,5.0
289,EMP343b,Reason for being unemployed: Other,float64,11,1989,7,"{""1"": ""Etudes"", ""2"": ""Faiblesse du salaire"", ""3"": ""Family problems"", ""4"": ""Fiance/ siblings disapproval"", ""5"": ""Je suis malade"", ""6"": ""je suis mes études"", ""7"": ""No skills or education to be qualified"", ""8"": ""Non précisé"", ""9"": ""Nouveau chômeur"", ""10"": ""pregnant"", ""11"": ""probleme administratif"", ""12"": ""refus de mon pÌre"", ""13"": ""salaire faible"", ""14"": ""Sans réponse"", ""15"": ""taking care of my family"", ""16"": ""Too young""}",,,5.0,14.0
290,EMP344,Reason for not looking for a job,float64,1058,942,9,"{""1"": ""I am studying or in training"", ""2"": ""I am waiting for the results of the approaches made"", ""3"": ""Health reasons/ serious disability"", ""4"": ""I do not want/ do not need to work"", ""5"": ""Discouraged after looking for work for a long time"", ""6"": ""No appropriate jobs on offer"", ""7"": ""Parents refusal"", ""8"": ""Spouse`s refusal"", ""9"": ""Other (specify)""}",,,1.0,9.0
291,EMP344b,Reason for not looking for a job: Other,float64,118,1882,28,"{""1"": ""cours en anglais"", ""2"": ""Education des enfants"", ""3"": ""Eloignement"", ""4"": ""Empechement personnel"", ""5"": ""encore jeune"", ""6"": ""Encore jeune"", ""7"": ""engagement familial"", ""8"": ""Grossesse"", ""9"": ""j'en ai mare"", ""10"": ""j'étais occupé"", ""11"": ""j'étais prisonnier"", ""12"": ""j'habite loin"", ""13"": ""Je joue au foot"", ""14"": ""je suis encore petit"", ""15"": ""je veux pas travailler"", ""16"": ""jeune diplomée"", ""17"": ""Mariage"", ""18"": ""Mère malade"", ""19"": ""Non précisé"", ""20"": ""nouveau accouchement"", ""21"": ""pas CIN"", ""22"": ""Pas de diplôme"", ""23"": ""pas de travail"", ""24"": ""pas du niveau"", ""25"": ""passer le permis de condu"", ""26"": ""Pour faire une formation"", ""27"": ""poursuivre mes etudes"", ""28"": ""pr?paration de travail"", ""29"": ""preparer mon mariage"", ""30"": ""pret pour enter centre"", ""31"": ""Prise en charge d'un malade"", ""32"": ""Prise en charge des enfants"", ""33"": ""Prise en charge des parents"", ""34"": ""Problem financier"", ""35"": ""probleme personnel"", ""36"": ""Raison familiale"", ""37"": ""Raison personnelle"", ""38"": ""refus de fiancé"", ""39"": ""s'occuper de la famille"", ""40"": ""Sans réponse"", ""41"": ""Situation économique"", ""42"": ""stage""}",,,1.0,42.0
292,EMP345,Job search attempts in the past,float64,1058,942,2,"{""1"": ""Yes"", ""2"": ""No""}",,,1.0,2.0
293,EMP346,Worked in the past,float64,1058,942,2,"{""1"": ""Yes"", ""2"": ""No""}",,,1.0,2.0
294,EMP347,Leave last job: Month,float64,248,1752,11,"{""1"": ""January"", ""2"": ""February"", ""3"": ""March"", ""4"": ""April"", ""5"": ""May"", ""6"": ""June"", ""7"": ""July"", ""8"": ""August"", ""9"": ""September"", ""10"": ""October"", ""11"": ""November"", ""12"": ""December""}",,,1.0,12.0
295,EMP347b,Leave last job: Year,float64,129,1871,9,"{""1"": ""1999"", ""2"": ""2003"", ""3"": ""2004"", ""4"": ""2006"", ""5"": ""2007"", ""6"": ""2008"", ""7"": ""2009"", ""8"": ""2010"", ""9"": ""2011"", ""10"": ""2012"", ""11"": ""2013"", ""12"": ""2014"", ""13"": ""2015"", ""14"": ""2016""}",,,1.0,13.0
296,EMP348,Reason for leaving last job,float64,259,1741,9,"{""1"": ""End of contract"", ""2"": ""End of company activity"", ""3"": ""Resignation"", ""4"": ""Health reasons/disability"", ""5"": ""Marriage"", ""6"": ""To pursue studies or training"", ""7"": ""Does not want to work, no need"", ""8"": ""Family obligation"", ""9"": ""Other (specify)""}",,,1.0,9.0
297,EMP348b,Reason for leaving last job : Other,float64,43,1957,19,"{""1"": ""Accident"", ""2"": ""accouchement"", ""3"": ""Aider les parents"", ""4"": ""continuer cette repture"", ""5"": ""crise  tourisme"", ""6"": ""enceinte"", ""7"": ""Enceinte"", ""8"": ""évènement de la révolutio"", ""9"": ""Faiblesse du salaire"", ""10"": ""Fin de contrat"", ""11"": ""garder mes enfants"", ""12"": ""insatisfait"", ""13"": ""Je le déteste"", ""14"": ""les conditions de travail"", ""15"": ""Licencié"", ""16"": ""liciencement"", ""17"": ""Non précisé"", ""18"": ""Pas d'assurance"", ""19"": ""Pas d'evolution"", ""20"": ""permis de conduite"", ""21"": ""pour terminer mes etudes"", ""22"": ""problemes personnels"", ""23"": ""Raison personnelle"", ""24"": ""Saisonnier"", ""25"": ""salaire"", ""26"": ""Sans réponse"", ""27"": ""terrorisme"", ""28"": ""Travail pénible"", ""29"": ""travail periodique"", ""30"": ""volontairement""}",,,2.0,30.0
298,EMP349,Would intend to work,float64,1056,944,2,"{""1"": ""Yes"", ""2"": ""No""}",,,1.0,2.0
299,EMP351A,Employment status: last job,float64,1018,982,9,"{""1"": ""Salaried employee"", ""2"": ""Employer"", ""3"": ""Self-employed"", ""4"": ""Family support"", ""5"": ""Apprentice"", ""6"": ""Unemployed"", ""7"": ""Housewife"", ""8"": ""Student"", ""9"": ""Does not want to work"", ""10"": ""Temporarily inactive"", ""11"": ""On leave""}",,,1.0,10.0
300,EMP351B,Employment status: penultimate job,float64,742,1258,9,"{""1"": ""Salaried employee"", ""2"": ""Employer"", ""3"": ""Self-employed"", ""4"": ""Family support"", ""5"": ""Apprentice"", ""6"": ""Unemployed"", ""7"": ""Housewife"", ""8"": ""Student"", ""9"": ""Does not want to work"", ""10"": ""Temporarily inactive"", ""11"": ""On leave""}",,,1.0,10.0
301,EMP351C,Employment status: antepenultimate job,float64,116,1884,5,"{""1"": ""Salaried employee"", ""2"": ""Self-employed"", ""3"": ""Family support"", ""4"": ""Apprentice"", ""5"": ""Unemployed"", ""6"": ""Housewife"", ""7"": ""Student"", ""8"": ""Temporarily inactive"", ""9"": ""On leave""}",,,1.0,7.0
302,EMP351A_a,DZ - Employment status: Last job,float64,0,2000,0,"{""1"": ""Salaried employee"", ""2"": ""Unemployed"", ""3"": ""Student"", ""4"": ""Housewife"", ""5"": ""Other inactive""}",,,,
303,EMP351B_a,DZ - Employment status: Penultimate job,float64,0,2000,0,"{""1"": ""Salaried employee"", ""2"": ""Unemployed"", ""3"": ""Student"", ""4"": ""Housewife""}",,,,
304,EMP351C_a,DZ - Employment status: Antepenultimate job,float64,0,2000,0,"{""1"": ""Salaried employee"", ""2"": ""Unemployed"", ""3"": ""Student""}",,,,
305,EMP352A,Start last job:  Month,float64,714,1286,12,"{""1"": ""January"", ""2"": ""February"", ""3"": ""March"", ""4"": ""April"", ""5"": ""May"", ""6"": ""June"", ""7"": ""July"", ""8"": ""August"", ""9"": ""September"", ""10"": ""October"", ""11"": ""November"", ""12"": ""December""}",,,1.0,12.0
306,EMP352Ab,Start last job:  Year,float64,734,1266,18,,,,1993.0,2015.0
307,EMP352B,Start penultimate job:  Month,float64,108,1892,11,"{""1"": ""January"", ""2"": ""February"", ""3"": ""March"", ""4"": ""April"", ""5"": ""May"", ""6"": ""June"", ""7"": ""July"", ""8"": ""August"", ""9"": ""September"", ""10"": ""October"", ""11"": ""November"", ""12"": ""December""}",,,1.0,12.0
308,EMP352Bb,Start penultimate job:  Year,float64,112,1888,15,,,,2000.0,2015.0
309,EMP352C,Start antepenultimate job:  Month,float64,20,1980,8,"{""1"": ""January"", ""2"": ""February"", ""3"": ""March"", ""4"": ""April"", ""5"": ""May"", ""6"": ""June"", ""7"": ""July"", ""8"": ""August"", ""9"": ""September"", ""10"": ""October"", ""11"": ""November"", ""12"": ""December""}",,,1.0,10.0
310,EMP352Cb,Start antepenultimate job:  Year,float64,20,1980,10,,,,2005.0,2015.0
311,EMP353A,Last job occupation,float64,730,1270,79,"{""0"": ""Armed Forces Occupations"", ""1"": ""Managers"", ""2"": ""Professionals"", ""3"": ""Technicians and Associate Professionals"", ""4"": ""Clerical Support Workers"", ""5"": ""Services and Sales Workers"", ""6"": ""Skilled Agricultural, Forestry and Fishery Workers"", ""7"": ""Craft and Related Trades Workers"", ""8"": ""Plant and Machine Operators and Assemblers"", ""9"": ""Elementary Occupations"", ""23"": ""Teaching professionals"", ""33"": ""Business and administration associate professionals"", ""51"": ""Personal service workers"", ""52"": ""Sales workers"", ""73"": ""Handicraft and printing workers"", ""81"": ""Stationary plant and machine operators"", ""82"": ""Assemblers"", ""111"": ""Legislators and Senior Officials"", ""112"": ""Managing Directors and Chief Executives"", ""121"": ""Business Services and Administration Managers"", ""122"": ""Sales, marketing and development managers"", ""131"": ""Production Managers in Agriculture, Forestry and Fisheries"", ""132"": ""Manufacturing, Mining, Construction and Distribution Managers"", ""134"": ""Professional Services Managers"", ""141"": ""Hotel and Restaurant Managers"", ""142"": ""Retail and Wholesale Trade Managers"", ""143"": ""Other Services Managers"", ""211"": ""Physical and Earth Science Professionals"", ""212"": ""Mathematicians, Actuaries and Statisticians"", ""213"": ""Life Science Professionals"", ""214"": ""Engineering Professionals (excluding Electrotechnology)"", ""215"": ""Electrotechnology Engineers"", ""216"": ""Architects, Planners, Surveyors and Designers"", ""221"": ""Medical Doctors"", ""222"": ""Nursing and Midwifery Professionals"", ""223"": ""Traditional and Complementary Medicine Professionals"", ""224"": ""Paramedical Practitioners"", ""225"": ""Veterinarians"", ""226"": ""Other Health Professionals"", ""231"": ""University and Higher Education Teachers"", ""232"": ""Vocational education teachers"", ""233"": ""Secondary Education Teachers"", ""234"": ""Primary School and Early Childhood Teachers"", ""235"": ""Other Teaching Professionals"", ""241"": ""Finance professionals"", ""242"": ""Administration Professionals"", ""243"": ""Sales, Marketing and Public Relations Professionals"", ""251"": ""Software and Applications Developers and Analysts"", ""252"": ""Database and Network Professionals"", ""261"": ""Legal Professionals"", ""262"": ""Librarians, Archivists and Curators"", ""263"": ""Social and Religious Professionals"", ""264"": ""Authors, Journalists and Linguists"", ""265"": ""Creative and Performing Artists"", ""311"": ""Physical and Engineering Science Technicians"", ""312"": ""Mining, Manufacturing and Construction Supervisors"", ""313"": ""Process Control Technicians"", ""314"": ""Engineering Professionals (excluding Electrotechnology)"", ""321"": ""Medical and Pharmaceutical Technicians"", ""322"": ""Nursing and Midwifery Associate Professionals"", ""325"": ""Other health associate professionals"", ""331"": ""Financial and Mathematical Associate Professionals"", ""332"": ""Sales and Purchasing Agents and Brokers"", ""333"": ""Business Services Agents"", ""334"": ""Administrative and specialised secretaries"", ""335"": ""Regulatory government associate professionals"", ""341"": ""Legal, Social and Religious Associate Professionals"", ""342"": ""Sports and Fitness Workers"", ""343"": ""Artistic, Cultural and Culinary Associate Professionals"", ""351"": ""Information and Communications Technology Operations and User Support Technicians"", ""352"": ""Telecommunications and Broadcasting Technicians"", ""411"": ""General Office Clerks"", ""412"": ""Secretaries (general)"", ""413"": ""Keyboard Operators"", ""421"": ""Tellers, Money Collectors and Related Clerks"", ""422"": ""Client Information Workers"", ""431"": ""Numerical Clerks"", ""432"": ""Material recording and Transport Clerks"", ""441"": ""Other Clerical Support Workers"", ""511"": ""Travel attendants, conductors and guides"", ""512"": ""Cooks"", ""513"": ""Waiters and bartenders"", ""514"": ""Hairdressers, beauticians and related workers"", ""515"": ""Building and housekeeping supervisors"", ""516"": ""Other personal services workers"", ""521"": ""Street and Market Salespersons"", ""522"": ""Shop Salespersons"", ""523"": ""Cashiers and Ticket Clerks"", ""524"": ""Other sales workers"", ""531"": ""Child care workers and teachers' aides"", ""532"": ""Personal Care Workers in Health Services"", ""541"": ""Protective services workers"", ""611"": ""Market gardeners and crop growers"", ""612"": ""Animal producers"", ""613"": ""Mixed Crop and Animal Producers"", ""621"": ""Forestry and Related Workers"", ""622"": ""Fishery Workers, Hunters and Trappers"", ""631"": ""Subsistence Crop Farmers"", ""632"": ""Subsistence Livestock Farmers"", ""633"": ""Subsistence Mixed Crop and Livestock Farmers"", ""711"": ""Building frame and related trades workers"", ""712"": ""Building finishers and related trades workers"", ""713"": ""Painters, building structure cleaners and related trades workers"", ""721"": ""Sheet and Structural Metal Workers, Moulders and Welders, and Related Workers"", ""722"": ""Blacksmiths, toolmakers and related trades workers"", ""723"": ""Machinery mechanics and repairers"", ""731"": ""Precision-instrument makers and repairers"", ""732"": ""Printing Trades Workers"", ""741"": ""Electrical Equipment Installers and Repairers"", ""742"": ""Electronics and telecommunications installers and repairers"", ""751"": ""Food processing and related trades workers"", ""752"": ""Wood treaters, cabinet-makers and related trades workers"", ""753"": ""Garment and Related Trades Workers"", ""754"": ""Other Craft and Related Workers"", ""811"": ""Mining and Mineral Processing Plant Operators"", ""812"": ""Metal Processing and Finishing Plant Operators"", ""813"": ""Chemical and Photographic Products Plant and Machine Operators"", ""814"": ""Rubber, Plastic and Paper Products Machine Operators"", ""815"": ""Textile, Fur and Leather Products Machine Operators"", ""816"": ""Food and Related Products Machine Operators"", ""817"": ""Wood Processing and Papermaking Plant Operators"", ""818"": ""Other Stationary Plant and Machine Operators"", ""821"": ""Assemblers"", ""831"": ""Locomotive Engine Drivers and Related Workers"", ""832"": ""Car, van and motorcycle drivers"", ""833"": ""Heavy Truck and Bus Drivers"", ""834"": ""Mobile Plant Operators"", ""835"": ""Shipsï¿½ Deck Crews and Related Workers"", ""911"": ""Domestic, hotel and office cleaners and helpers"", ""912"": ""Vehicle, Window, Laundry and Other Hand Cleaning Workers"", ""921"": ""Agricultural, Forestry and Fishery Labourers"", ""931"": ""Mining and Construction Labourers"", ""932"": ""Manufacturing Labourers"", ""933"": ""Transport and Storage Labourers"", ""934"": """", ""935"": """", ""941"": ""Food Preparation Assistants"", ""951"": ""Street and Related Services Workers"", ""952"": ""Street Vendors (excluding Food)"", ""961"": ""Refuse Workers"", ""962"": ""Other elementary workers"", ""9999"": ""No answer""}",,,6.0,9999.0
312,EMP353B,Penultimate job occupation,float64,115,1885,36,"{""0"": ""Armed Forces Occupations"", ""1"": ""Managers"", ""2"": ""Professionals"", ""3"": ""Technicians and Associate Professionals"", ""4"": ""Clerical Support Workers"", ""5"": ""Services and Sales Workers"", ""6"": ""Skilled Agricultural, Forestry and Fishery Workers"", ""7"": ""Craft and Related Trades Workers"", ""8"": ""Plant and Machine Operators and Assemblers"", ""9"": ""Elementary Occupations"", ""23"": ""Teaching professionals"", ""33"": ""Business and administration associate professionals"", ""51"": ""Personal service workers"", ""52"": ""Sales workers"", ""73"": ""Handicraft and printing workers"", ""81"": ""Stationary plant and machine operators"", ""82"": ""Assemblers"", ""111"": ""Legislators and Senior Officials"", ""112"": ""Managing Directors and Chief Executives"", ""121"": ""Business Services and Administration Managers"", ""122"": ""Sales, marketing and development managers"", ""131"": ""Production Managers in Agriculture, Forestry and Fisheries"", ""132"": ""Manufacturing, Mining, Construction and Distribution Managers"", ""134"": ""Professional Services Managers"", ""141"": ""Hotel and Restaurant Managers"", ""142"": ""Retail and Wholesale Trade Managers"", ""143"": ""Other Services Managers"", ""211"": ""Physical and Earth Science Professionals"", ""212"": ""Mathematicians, Actuaries and Statisticians"", ""213"": ""Life Science Professionals"", ""214"": ""Engineering Professionals (excluding Electrotechnology)"", ""215"": ""Electrotechnology Engineers"", ""216"": ""Architects, Planners, Surveyors and Designers"", ""221"": ""Medical Doctors"", ""222"": ""Nursing and Midwifery Professionals"", ""223"": ""Traditional and Complementary Medicine Professionals"", ""224"": ""Paramedical Practitioners"", ""225"": ""Veterinarians"", ""226"": ""Other Health Professionals"", ""231"": ""University and Higher Education Teachers"", ""232"": ""Vocational education teachers"", ""233"": ""Secondary Education Teachers"", ""234"": ""Primary School and Early Childhood Teachers"", ""235"": ""Other Teaching Professionals"", ""241"": ""Finance professionals"", ""242"": ""Administration Professionals"", ""243"": ""Sales, Marketing and Public Relations Professionals"", ""251"": ""Software and Applications Developers and Analysts"", ""252"": ""Database and Network Professionals"", ""261"": ""Legal Professionals"", ""262"": ""Librarians, Archivists and Curators"", ""263"": ""Social and Religious Professionals"", ""264"": ""Authors, Journalists and Linguists"", ""265"": ""Creative and Performing Artists"", ""311"": ""Physical and Engineering Science Technicians"", ""312"": ""Mining, Manufacturing and Construction Supervisors"", ""313"": ""Process Control Technicians"", ""314"": ""Engineering Professionals (excluding Electrotechnology)"", ""321"": ""Medical and Pharmaceutical Technicians"", ""322"": ""Nursing and Midwifery Associate Professionals"", ""325"": ""Other health associate professionals"", ""331"": ""Financial and Mathematical Associate Professionals"", ""332"": ""Sales and Purchasing Agents and Brokers"", ""333"": ""Business Services Agents"", ""334"": ""Administrative and specialised secretaries"", ""335"": ""Regulatory government associate professionals"", ""341"": ""Legal, Social and Religious Associate Professionals"", ""342"": ""Sports and Fitness Workers"", ""343"": ""Artistic, Cultural and Culinary Associate Professionals"", ""351"": ""Information and Communications Technology Operations and User Support Technicians"", ""352"": ""Telecommunications and Broadcasting Technicians"", ""411"": ""General Office Clerks"", ""412"": ""Secretaries (general)"", ""413"": ""Keyboard Operators"", ""421"": ""Tellers, Money Collectors and Related Clerks"", ""422"": ""Client Information Workers"", ""431"": ""Numerical Clerks"", ""432"": ""Material recording and Transport Clerks"", ""441"": ""Other Clerical Support Workers"", ""511"": ""Travel attendants, conductors and guides"", ""512"": ""Cooks"", ""513"": ""Waiters and bartenders"", ""514"": ""Hairdressers, beauticians and related workers"", ""515"": ""Building and housekeeping supervisors"", ""516"": ""Other personal services workers"", ""521"": ""Street and Market Salespersons"", ""522"": ""Shop Salespersons"", ""523"": ""Cashiers and Ticket Clerks"", ""524"": ""Other sales workers"", ""531"": ""Child care workers and teachers' aides"", ""532"": ""Personal Care Workers in Health Services"", ""541"": ""Protective services workers"", ""611"": ""Market gardeners and crop growers"", ""612"": ""Animal producers"", ""613"": ""Mixed Crop and Animal Producers"", ""621"": ""Forestry and Related Workers"", ""622"": ""Fishery Workers, Hunters and Trappers"", ""631"": ""Subsistence Crop Farmers"", ""632"": ""Subsistence Livestock Farmers"", ""633"": ""Subsistence Mixed Crop and Livestock Farmers"", ""711"": ""Building frame and related trades workers"", ""712"": ""Building finishers and related trades workers"", ""713"": ""Painters, building structure cleaners and related trades workers"", ""721"": ""Sheet and Structural Metal Workers, Moulders and Welders, and Related Workers"", ""722"": ""Blacksmiths, toolmakers and related trades workers"", ""723"": ""Machinery mechanics and repairers"", ""731"": ""Precision-instrument makers and repairers"", ""732"": ""Printing Trades Workers"", ""741"": ""Electrical Equipment Installers and Repairers"", ""742"": ""Electronics and telecommunications installers and repairers"", ""751"": ""Food processing and related trades workers"", ""752"": ""Wood treaters, cabinet-makers and related trades workers"", ""753"": ""Garment and Related Trades Workers"", ""754"": ""Other Craft and Related Workers"", ""811"": ""Mining and Mineral Processing Plant Operators"", ""812"": ""Metal Processing and Finishing Plant Operators"", ""813"": ""Chemical and Photographic Products Plant and Machine Operators"", ""814"": ""Rubber, Plastic and Paper Products Machine Operators"", ""815"": ""Textile, Fur and Leather Products Machine Operators"", ""816"": ""Food and Related Products Machine Operators"", ""817"": ""Wood Processing and Papermaking Plant Operators"", ""818"": ""Other Stationary Plant and Machine Operators"", ""821"": ""Assemblers"", ""831"": ""Locomotive Engine Drivers and Related Workers"", ""832"": ""Car, van and motorcycle drivers"", ""833"": ""Heavy Truck and Bus Drivers"", ""834"": ""Mobile Plant Operators"", ""835"": ""Shipsï¿½ Deck Crews and Related Workers"", ""911"": ""Domestic, hotel and office cleaners and helpers"", ""912"": ""Vehicle, Window, Laundry and Other Hand Cleaning Workers"", ""921"": ""Agricultural, Forestry and Fishery Labourers"", ""931"": ""Mining and Construction Labourers"", ""932"": ""Manufacturing Labourers"", ""933"": ""Transport and Storage Labourers"", ""934"": """", ""935"": """", ""941"": ""Food Preparation Assistants"", ""951"": ""Street and Related Services Workers"", ""952"": ""Street Vendors (excluding Food)"", ""961"": ""Refuse Workers"", ""962"": ""Other elementary workers"", ""9999"": ""No answer""}",,,143.0,962.0
313,EMP353C,Antepenultimate job occupation,float64,20,1980,16,"{""0"": ""Armed Forces Occupations"", ""1"": ""Managers"", ""2"": ""Professionals"", ""3"": ""Technicians and Associate Professionals"", ""4"": ""Clerical Support Workers"", ""5"": ""Services and Sales Workers"", ""6"": ""Skilled Agricultural, Forestry and Fishery Workers"", ""7"": ""Craft and Related Trades Workers"", ""8"": ""Plant and Machine Operators and Assemblers"", ""9"": ""Elementary Occupations"", ""23"": ""Teaching professionals"", ""33"": ""Business and administration associate professionals"", ""51"": ""Personal service workers"", ""52"": ""Sales workers"", ""73"": ""Handicraft and printing workers"", ""81"": ""Stationary plant and machine operators"", ""82"": ""Assemblers"", ""111"": ""Legislators and Senior Officials"", ""112"": ""Managing Directors and Chief Executives"", ""121"": ""Business Services and Administration Managers"", ""122"": ""Sales, marketing and development managers"", ""131"": ""Production Managers in Agriculture, Forestry and Fisheries"", ""132"": ""Manufacturing, Mining, Construction and Distribution Managers"", ""134"": ""Professional Services Managers"", ""141"": ""Hotel and Restaurant Managers"", ""142"": ""Retail and Wholesale Trade Managers"", ""143"": ""Other Services Managers"", ""211"": ""Physical and Earth Science Professionals"", ""212"": ""Mathematicians, Actuaries and Statisticians"", ""213"": ""Life Science Professionals"", ""214"": ""Engineering Professionals (excluding Electrotechnology)"", ""215"": ""Electrotechnology Engineers"", ""216"": ""Architects, Planners, Surveyors and Designers"", ""221"": ""Medical Doctors"", ""222"": ""Nursing and Midwifery Professionals"", ""223"": ""Traditional and Complementary Medicine Professionals"", ""224"": ""Paramedical Practitioners"", ""225"": ""Veterinarians"", ""226"": ""Other Health Professionals"", ""231"": ""University and Higher Education Teachers"", ""232"": ""Vocational education teachers"", ""233"": ""Secondary Education Teachers"", ""234"": ""Primary School and Early Childhood Teachers"", ""235"": ""Other Teaching Professionals"", ""241"": ""Finance professionals"", ""242"": ""Administration Professionals"", ""243"": ""Sales, Marketing and Public Relations Professionals"", ""251"": ""Software and Applications Developers and Analysts"", ""252"": ""Database and Network Professionals"", ""261"": ""Legal Professionals"", ""262"": ""Librarians, Archivists and Curators"", ""263"": ""Social and Religious Professionals"", ""264"": ""Authors, Journalists and Linguists"", ""265"": ""Creative and Performing Artists"", ""311"": ""Physical and Engineering Science Technicians"", ""312"": ""Mining, Manufacturing and Construction Supervisors"", ""313"": ""Process Control Technicians"", ""314"": ""Engineering Professionals (excluding Electrotechnology)"", ""321"": ""Medical and Pharmaceutical Technicians"", ""322"": ""Nursing and Midwifery Associate Professionals"", ""325"": ""Other health associate professionals"", ""331"": ""Financial and Mathematical Associate Professionals"", ""332"": ""Sales and Purchasing Agents and Brokers"", ""333"": ""Business Services Agents"", ""334"": ""Administrative and specialised secretaries"", ""335"": ""Regulatory government associate professionals"", ""341"": ""Legal, Social and Religious Associate Professionals"", ""342"": ""Sports and Fitness Workers"", ""343"": ""Artistic, Cultural and Culinary Associate Professionals"", ""351"": ""Information and Communications Technology Operations and User Support Technicians"", ""352"": ""Telecommunications and Broadcasting Technicians"", ""411"": ""General Office Clerks"", ""412"": ""Secretaries (general)"", ""413"": ""Keyboard Operators"", ""421"": ""Tellers, Money Collectors and Related Clerks"", ""422"": ""Client Information Workers"", ""431"": ""Numerical Clerks"", ""432"": ""Material recording and Transport Clerks"", ""441"": ""Other Clerical Support Workers"", ""511"": ""Travel attendants, conductors and guides"", ""512"": ""Cooks"", ""513"": ""Waiters and bartenders"", ""514"": ""Hairdressers, beauticians and related workers"", ""515"": ""Building and housekeeping supervisors"", ""516"": ""Other personal services workers"", ""521"": ""Street and Market Salespersons"", ""522"": ""Shop Salespersons"", ""523"": ""Cashiers and Ticket Clerks"", ""524"": ""Other sales workers"", ""531"": ""Child care workers and teachers' aides"", ""532"": ""Personal Care Workers in Health Services"", ""541"": ""Protective services workers"", ""611"": ""Market gardeners and crop growers"", ""612"": ""Animal producers"", ""613"": ""Mixed Crop and Animal Producers"", ""621"": ""Forestry and Related Workers"", ""622"": ""Fishery Workers, Hunters and Trappers"", ""631"": ""Subsistence Crop Farmers"", ""632"": ""Subsistence Livestock Farmers"", ""633"": ""Subsistence Mixed Crop and Livestock Farmers"", ""711"": ""Building frame and related trades workers"", ""712"": ""Building finishers and related trades workers"", ""713"": ""Painters, building structure cleaners and related trades workers"", ""721"": ""Sheet and Structural Metal Workers, Moulders and Welders, and Related Workers"", ""722"": ""Blacksmiths, toolmakers and related trades workers"", ""723"": ""Machinery mechanics and repairers"", ""731"": ""Precision-instrument makers and repairers"", ""732"": ""Printing Trades Workers"", ""741"": ""Electrical Equipment Installers and Repairers"", ""742"": ""Electronics and telecommunications installers and repairers"", ""751"": ""Food processing and related trades workers"", ""752"": ""Wood treaters, cabinet-makers and related trades workers"", ""753"": ""Garment and Related Trades Workers"", ""754"": ""Other Craft and Related Workers"", ""811"": ""Mining and Mineral Processing Plant Operators"", ""812"": ""Metal Processing and Finishing Plant Operators"", ""813"": ""Chemical and Photographic Products Plant and Machine Operators"", ""814"": ""Rubber, Plastic and Paper Products Machine Operators"", ""815"": ""Textile, Fur and Leather Products Machine Operators"", ""816"": ""Food and Related Products Machine Operators"", ""817"": ""Wood Processing and Papermaking Plant Operators"", ""818"": ""Other Stationary Plant and Machine Operators"", ""821"": ""Assemblers"", ""831"": ""Locomotive Engine Drivers and Related Workers"", ""832"": ""Car, van and motorcycle drivers"", ""833"": ""Heavy Truck and Bus Drivers"", ""834"": ""Mobile Plant Operators"", ""835"": ""Shipsï¿½ Deck Crews and Related Workers"", ""911"": ""Domestic, hotel and office cleaners and helpers"", ""912"": ""Vehicle, Window, Laundry and Other Hand Cleaning Workers"", ""921"": ""Agricultural, Forestry and Fishery Labourers"", ""931"": ""Mining and Construction Labourers"", ""932"": ""Manufacturing Labourers"", ""933"": ""Transport and Storage Labourers"", ""934"": """", ""935"": """", ""941"": ""Food Preparation Assistants"", ""951"": ""Street and Related Services Workers"", ""952"": ""Street Vendors (excluding Food)"", ""961"": ""Refuse Workers"", ""962"": ""Other elementary workers"", ""9999"": ""No answer""}",,,233.0,932.0
314,EMP354A,Last job sector of activity,float64,740,1260,8,"{""1"": ""Agriculture"", ""2"": ""Industry"", ""3"": ""Building and public works (construction)"", ""4"": ""Health services"", ""5"": ""Education"", ""6"": ""Trade"", ""7"": ""Other commercial services"", ""8"": ""Administration, non-commercial services""}",,,1.0,8.0
315,EMP354B,Penultimate job sector of,float64,116,1884,7,"{""1"": ""Agriculture"", ""2"": ""Industry"", ""3"": ""Building and public works (construction)"", ""4"": ""Health services"", ""5"": ""Education"", ""6"": ""Trade"", ""7"": ""Other commercial services"", ""8"": ""Administration, non-commercial services""}",,,1.0,8.0
316,EMP354C,Antepenultimate job sector of activity,float64,20,1980,6,"{""1"": ""Agriculture"", ""2"": ""Industry"", ""3"": ""Building and public works (construction)"", ""4"": ""Health services"", ""5"": ""Education"", ""6"": ""Trade"", ""7"": ""Other commercial services""}",,,1.0,7.0
317,EMP355A,Last job sector:  Public/private,float64,740,1260,2,"{""1"": ""Public sector"", ""2"": ""Private sector""}",,,1.0,2.0
318,EMP355B,Penultimate job sector: Public/private,float64,116,1884,2,"{""1"": ""Public sector"", ""2"": ""Private sector""}",,,1.0,2.0
319,EMP355C,Antepenultimate job public or private sector,float64,20,1980,2,"{""1"": ""Public sector"", ""2"": ""Private sector""}",,,1.0,2.0
320,EMP356A,Last job position,float64,740,1260,4,"{""1"": ""Permanent"", ""2"": ""Temporary"", ""3"": ""Seasonal"", ""4"": ""Casual""}",,,1.0,4.0
321,EMP356B,Penultimate job position,float64,740,1260,4,"{""1"": ""Permanent"", ""2"": ""Temporary"", ""3"": ""Seasonal"", ""4"": ""Casual""}",,,1.0,4.0
322,EMP356C,Antepenultimate job position,float64,740,1260,4,"{""1"": ""Permanent"", ""2"": ""Temporary"", ""3"": ""Seasonal"", ""4"": ""Casual""}",,,1.0,4.0
323,EMP357A,Last job work contract,float64,738,1262,2,"{""1"": ""Yes"", ""2"": ""No""}",,,1.0,2.0
324,EMP357B,Penultimate job work contract,float64,116,1884,2,"{""1"": ""Yes"", ""2"": ""No""}",,,1.0,2.0
325,EMP357C,Antepenultimate job work contract,float64,20,1980,1,"{""1"": ""Yes"", ""2"": ""No""}",,,2.0,2.0
326,EMP358A,Last job contract duration,float64,148,1852,2,"{""1"": ""Indefinite duration"", ""2"": ""Fixed term""}",,,1.0,2.0
327,EMP358B,Penultimate job contract duration,float64,14,1986,2,"{""1"": ""Indefinite duration"", ""2"": ""Fixed term""}",,,1.0,2.0
328,EMP358C,Antepenultimate job contract duration,float64,0,2000,0,"{""1"": ""Indefinite duration"", ""2"": ""Fixed term""}",,,,
329,EMP359A,Last job insured by SS,float64,147,1853,2,"{""1"": ""Yes"", ""2"": ""No""}",,,1.0,2.0
330,EMP359B,Penultimate job insured by SS,float64,13,1987,2,"{""1"": ""Yes"", ""2"": ""No""}",,,1.0,2.0
331,EMP359C,Antepenultimate  job insured by SS,float64,0,2000,0,"{""1"": ""Yes"", ""2"": ""No""}",,,,
332,EMP360A,Last job: in country/abroad,float64,739,1261,2,"{""1"": ""Yes"", ""2"": ""No""}",,,1.0,2.0
333,EMP360B,Penultimate job: in country/abroad,float64,116,1884,2,"{""1"": ""Yes"", ""2"": ""No""}",,,1.0,2.0
334,EMP360C,Antepenultimate job: in country/abroad,float64,20,1980,1,"{""1"": ""Yes"", ""2"": ""No""}",,,1.0,1.0
335,EMP361A,Country of the last job,float64,7,1993,4,"{""1"": ""BR"", ""2"": ""CV"", ""3"": ""DE"", ""4"": ""ER"", ""5"": ""ES"", ""6"": ""ET"", ""7"": ""KH"", ""8"": ""LY"", ""9"": ""QA"", ""10"": ""RB"", ""11"": ""SA"", ""12"": ""SN"", ""13"": ""US""}",,,2.0,9.0
336,EMP361B,Country of the penultimate job,float64,2,1998,1,"{""1"": ""BR"", ""2"": ""LY"", ""3"": ""US""}",,,2.0,2.0
337,EMP361C,Country of the antepenultimate job,float64,0,2000,0,"{""1"": ""ER"", ""2"": ""QA"", ""3"": ""SD""}",,,,
338,EMP362A_a,DZ - Region of the last job,float64,0,2000,0,"{""1"": ""ADRAR"", ""2"": ""CHLEF"", ""3"": ""LAGHOUAT"", ""4"": ""BATNA"", ""5"": ""BEJAIA"", ""6"": ""BISKRA"", ""7"": ""BECHAR"", ""8"": ""BLIDA"", ""9"": ""BOUIRA"", ""10"": ""TEBESSA"", ""11"": ""TIARET"", ""12"": ""TIZI OUZOU"", ""13"": ""ALGER"", ""14"": ""DJELFA"", ""15"": ""SETIF"", ""16"": ""SKIKDA"", ""17"": ""ANNABA"", ""18"": ""CONSTANTINE"", ""19"": ""MOSTAGANEM"", ""20"": ""MASCARA"", ""21"": ""ORAN"", ""22"": ""ILLIZI"", ""23"": ""B.B.ARRERIDJ"", ""24"": ""BOUMERDES"", ""25"": ""EL TARF"", ""26"": ""EL OUED"", ""27"": ""KHENCHELA"", ""28"": ""TIPAZA"", ""29"": ""MILA"", ""30"": ""AIN DEFLA"", ""31"": ""AIN TEMOUCHENT"", ""32"": ""GHARDAIA""}",,,,
339,EMP362B_a,DZ - Region of the penultimate job,float64,0,2000,0,"{""1"": ""BEJAIA"", ""2"": ""BECHAR"", ""3"": ""BLIDA"", ""4"": ""TIZI OUZOU"", ""5"": ""ALGER"", ""6"": ""DJELFA"", ""7"": ""SETIF"", ""8"": ""SKIKDA"", ""9"": ""ANNABA"", ""10"": ""EL TARF"", ""11"": ""EL OUED""}",,,,
340,EMP362C_a,DZ - Region  of the antepenultimate job,float64,0,2000,0,"{""1"": ""ALGER"", ""2"": ""SKIKDA"", ""3"": ""EL TARF""}",,,,
341,EMP362A_e,EG - Region  of the last job,float64,0,2000,0,"{""1"": ""Cairo"", ""2"": ""Alex."", ""3"": ""Port-Said"", ""4"": ""Suez"", ""5"": ""Damietta"", ""6"": ""Dakahlia"", ""7"": ""Sharkia"", ""8"": ""Kalyoubia"", ""9"": ""Kafr-Elsheikh"", ""10"": ""Gharbia"", ""11"": ""Menoufia"", ""12"": ""Behera"", ""13"": ""Ismailia"", ""14"": ""Giza"", ""15"": ""Beni-Suef"", ""16"": ""Fayoum"", ""17"": ""Menia"", ""18"": ""Asyout"", ""19"": ""Suhag"", ""20"": ""Qena"", ""21"": ""Aswan"", ""22"": ""Luxur"", ""23"": ""Red Sea"", ""24"": ""South sinai"", ""25"": ""DK""}",,,,
342,EMP362B_e,EG - Region  of the penultimate job,float64,0,2000,0,"{""1"": ""Cairo"", ""2"": ""Alex."", ""3"": ""Dakahlia"", ""4"": ""Sharkia"", ""5"": ""Kalyoubia"", ""6"": ""Kafr-Elsheikh"", ""7"": ""Gharbia"", ""8"": ""Menoufia"", ""9"": ""Behera"", ""10"": ""Ismailia"", ""11"": ""Giza"", ""12"": ""Beni-Suef"", ""13"": ""Fayoum"", ""14"": ""Menia"", ""15"": ""Asyout"", ""16"": ""Suhag"", ""17"": ""Qena"", ""18"": ""Aswan"", ""19"": ""Luxur"", ""20"": ""Red Sea"", ""21"": ""El-Wadi El-Gidid""}",,,,
343,EMP362C_e,EG - Region  of the penultimate job,float64,0,2000,0,"{""1"": ""Cairo"", ""2"": ""Alex."", ""3"": ""Sharkia"", ""4"": ""Kalyoubia"", ""5"": ""Kafr-Elsheikh"", ""6"": ""Gharbia"", ""7"": ""Behera"", ""8"": ""Giza"", ""9"": ""Beni-Suef"", ""10"": ""Menia"", ""11"": ""Suhag"", ""12"": ""Qena"", ""13"": ""Aswan""}",,,,
344,EMP362A_l,LB - Region  of the last job,float64,0,2000,0,"{""1"": ""Akkar"", ""2"": ""Baalbek & Hermel"", ""3"": ""Beirut"", ""4"": ""Bekaa"", ""5"": ""Mount Lebanon"", ""6"": ""Nabatieh"", ""7"": ""North"", ""8"": ""South""}",,,,
345,EMP362B_l,LB - Region  of the penultimate job,float64,0,2000,0,"{""1"": ""Akkar"", ""2"": ""Beirut"", ""3"": ""Bekaa"", ""4"": ""Mount Lebanon"", ""5"": ""Nabatieh"", ""6"": ""North"", ""7"": ""South""}",,,,
346,EMP362C_l,LB - Region  of the  antepenultimate job,float64,0,2000,0,"{""1"": ""Beirut"", ""2"": ""Bekaa"", ""3"": ""Mount Lebanon"", ""4"": ""Nabatieh"", ""5"": ""North"", ""6"": ""South""}",,,,
347,EMP362A_m,MA -Region  of the last job,float64,0,2000,0,"{""1"": ""Grand Casablanca"", ""2"": ""PR Skhirate-Temara"", ""3"": ""PR Rabat"", ""4"": ""PR Khemisset"", ""5"": ""PR Safi"", ""6"": ""PR El-Jadida"", ""7"": ""PR Beni Mellal"", ""8"": ""PR Meknes"", ""9"": ""PR Errachidia"", ""10"": ""PR El Hajeb"", ""11"": ""PR Fes"", ""12"": ""PR Tanger-Assilah"", ""13"": ""PR Chefchaouen"", ""14"": ""PR Laayoune"", ""15"": ""PR Ouarzazate"", ""16"": ""PR Kenitra"", ""17"": ""PR Khouribga"", ""18"": ""PR Benslimane"", ""19"": ""PR Marrakech"", ""20"": ""PR El Kelâa Des Sraghna"", ""21"": ""PR Ouajda-Angad"", ""22"": ""PR Nador"", ""23"": ""PR Taourirt"", ""24"": ""PR Berkane"", ""25"": ""PR Figuig""}",,,,
348,EMP362B_m,MA -Region  of penultimate job,float64,0,2000,0,"{""1"": ""Grand Casablanca"", ""2"": ""PR Safi"", ""3"": ""PR El-Jadida"", ""4"": ""PR El Hajeb"", ""5"": ""PR Fes"", ""6"": ""PR Laayoune"", ""7"": ""PR Ouajda-Angad""}",,,,
349,EMP362C_m,MA - Region  of the antepenultimate job,float64,0,2000,0,"{""1"": ""PR Safi"", ""2"": ""PR Marrakech""}",,,,
350,EMP362A_t,EMP362A.t,float64,730,1270,24,"{""1"": ""Tunis"", ""2"": ""Ariana"", ""3"": ""Ben Arous"", ""4"": ""Manouba"", ""5"": ""Nabeul"", ""6"": ""Zaghouan"", ""7"": ""Bizerte"", ""8"": ""Béjà"", ""9"": ""jendouba"", ""10"": ""Kef"", ""11"": ""Siliana"", ""12"": ""Sousse"", ""13"": ""Monastir"", ""14"": ""Mahdia"", ""15"": ""Sfax"", ""16"": ""Kairouan"", ""17"": ""Kasserine"", ""18"": ""Sidi Bouzid"", ""19"": ""Gabès"", ""20"": ""Médenine"", ""21"": ""Tataouine"", ""22"": ""Gafsa"", ""23"": ""Tozeur"", ""24"": ""Kébili""}",,,1.0,24.0
351,EMP362B_t,TN - Region  of the antepenultimate job,float64,114,1886,23,"{""1"": ""Tunis"", ""2"": ""Ariana"", ""3"": ""Ben Arous"", ""4"": ""Manouba"", ""5"": ""Nabeul"", ""6"": ""Zaghouan"", ""7"": ""Bizerte"", ""8"": ""Béjà"", ""9"": ""jendouba"", ""10"": ""Kef"", ""11"": ""Siliana"", ""12"": ""Sousse"", ""13"": ""Monastir"", ""14"": ""Mahdia"", ""15"": ""Sfax"", ""16"": ""Kairouan"", ""17"": ""Kasserine"", ""18"": ""Sidi Bouzid"", ""19"": ""Gabès"", ""20"": ""Médenine"", ""21"": ""Tataouine"", ""22"": ""Gafsa"", ""23"": ""Tozeur"", ""24"": ""Kébili""}",,,1.0,24.0
352,EMP362C_t,EMP362C.t,float64,20,1980,14,"{""1"": ""Tunis"", ""2"": ""Ariana"", ""3"": ""Ben Arous"", ""4"": ""Manouba"", ""5"": ""Nabeul"", ""6"": ""Zaghouan"", ""7"": ""Bizerte"", ""8"": ""Béjà"", ""9"": ""jendouba"", ""10"": ""Kef"", ""11"": ""Siliana"", ""12"": ""Sousse"", ""13"": ""Monastir"", ""14"": ""Mahdia"", ""15"": ""Sfax"", ""16"": ""Kairouan"", ""17"": ""Kasserine"", ""18"": ""Sidi Bouzid"", ""19"": ""Gabès"", ""20"": ""Médenine"", ""21"": ""Tataouine"", ""22"": ""Gafsa"", ""23"": ""Tozeur"", ""24"": ""Kébili""}",,,1.0,24.0
353,EMP363A,Reason for changing last job,float64,739,1261,9,"{""1"": ""End of contract"", ""2"": ""End of company activity"", ""3"": ""Resignation"", ""4"": ""Health reasons/ disability"", ""5"": ""Marriage"", ""6"": ""To pursue studies or training"", ""7"": ""Does not want to work, no need"", ""8"": ""Family obligation"", ""9"": ""Other (specify)""}",,,1.0,9.0
354,EMP363B,Reason for changing penultimate job,float64,116,1884,9,"{""1"": ""End of contract"", ""2"": ""End of company activity"", ""3"": ""Resignation"", ""4"": ""Health reasons/ disability"", ""5"": ""Marriage"", ""6"": ""To pursue studies or training"", ""7"": ""Does not want to work, no need"", ""8"": ""Family obligation"", ""9"": ""Other (specify)""}",,,1.0,9.0
355,EMP363C,Reason for changing antepenultimate job,float64,20,1980,6,"{""1"": ""End of contract"", ""2"": ""End of company activity"", ""3"": ""Resignation"", ""4"": ""Health reasons/ disability"", ""5"": ""Marriage"", ""6"": ""To pursue studies or training"", ""7"": ""Does not want to work, no need"", ""8"": ""Family obligation"", ""9"": ""Other (specify)""}",,,1.0,9.0
356,EMP363Ab,Reason for changing last job: Other,float64,84,1916,21,"{""1"": ""A trouvé un ravail meilleur"", ""2"": ""accouchement"", ""3"": ""Activité dangereuse"", ""4"": ""atents sousse"", ""5"": ""autre emploi"", ""6"": ""Baby delivery"", ""7"": ""Better opportunities"", ""8"": ""Cessation d'activité"", ""9"": ""changer"", ""10"": ""charge horaire"", ""11"": ""Chômeur"", ""12"": ""circonstances"", ""13"": ""Conditions of employment"", ""14"": ""conditions trav"", ""15"": ""d?placement"", ""16"": ""Didn`t like it"", ""17"": ""Difficulty of work"", ""18"": ""Entrée aux services de sécurité"", ""19"": ""Etudes"", ""20"": ""Expensive living in beirut"", ""21"": ""Fatigué"", ""22"": ""fin contrat"", ""23"": ""fin de travail"", ""24"": ""graduated"", ""25"": ""graduating and working in my profession"", ""26"": ""horaires trav"", ""27"": ""independence"", ""28"": ""insatisfait"", ""29"": ""je suis malade"", ""30"": ""Joined the army"", ""31"": ""la r?volution"", ""32"": ""Long working hours"", ""33"": ""low salary"", ""34"": ""machakel"", ""35"": ""Manque de travail"", ""36"": ""Moved from area"", ""37"": ""No social security"", ""38"": ""Non-honest contract"", ""39"": ""Non précisé"", ""40"": ""Pas assez rentable"", ""41"": ""pas disponible"", ""42"": ""pas niveau"", ""43"": ""Personal reason"", ""44"": ""Problème de rémnération"", ""45"": ""problems with the employer"", ""46"": ""projet"", ""47"": ""raison personel"", ""48"": ""Recherche d'un autre travail"", ""49"": ""Returning back home"", ""50"": ""salaire faible"", ""51"": ""Searching for better job"", ""52"": ""seasonal job"", ""53"": ""Service national"", ""54"": ""Starting own buisness"", ""55"": ""temporaire"", ""56"": ""travelling"", ""57"": ""work incident""}",,,2.0,55.0
357,EMP363Bb,Other reason for changing penultimate job,float64,19,1981,11,"{""1"": ""autre travail"", ""2"": ""Better opportunities"", ""3"": ""conditions trav"", ""4"": ""Didn`t like it"", ""5"": ""Difficulty of work"", ""6"": ""eb3ida"", ""7"": ""fin des travaux"", ""8"": ""garder mon p?re"", ""9"": ""Long working hours"", ""10"": ""low salary"", ""11"": ""No social security"", ""12"": ""non affili? CNS"", ""13"": ""Personal reason"", ""14"": ""pour voyager"", ""15"": ""problems with the employer"", ""16"": ""problÌme patron"", ""17"": ""revolution"", ""18"": ""salaire"", ""19"": ""Starting own buisness"", ""20"": ""travail tempora""}",,,1.0,20.0
358,EMP363Cb,Other reason for changing antepenultimate job,float64,6,1994,4,"{""1"": ""Better opportunities"", ""2"": ""conditions trav"", ""3"": ""Difficulty of work"", ""4"": ""insuportable cd"", ""5"": ""low salary"", ""6"": ""salaire"", ""7"": ""temporaire""}",,,2.0,7.0
359,CUL41A,Has radio,float64,2000,0,2,"{""1"": ""Yes"", ""2"": ""No""}",,,1.0,2.0
360,CUL41B,Has DVD player,float64,2000,0,2,"{""1"": ""Yes"", ""2"": ""No""}",,,1.0,2.0
361,CUL41C,Has Smartphone,float64,2000,0,2,"{""1"": ""Yes"", ""2"": ""No""}",,,1.0,2.0
362,CUL41D,Has laptop,float64,2000,0,2,"{""1"": ""Yes"", ""2"": ""No""}",,,1.0,2.0
363,CUL41E,Has MP3/iPod,float64,2000,0,2,"{""1"": ""Yes"", ""2"": ""No""}",,,1.0,2.0
364,CUL41F,Has videogames,float64,2000,0,2,"{""1"": ""Yes"", ""2"": ""No""}",,,1.0,2.0
365,CUL41G,Has personal car,float64,2000,0,2,"{""1"": ""Yes"", ""2"": ""No""}",,,1.0,2.0
366,CUL42,Internet use,float64,2000,0,2,"{""1"": ""Yes"", ""2"": ""No""}",,,1.0,2.0
367,CUL43,Time spent on internet: days/week,float64,1474,526,8,,,,0.0,7.0
368,CUL43b,Time spent on internet: hours/day,float64,1474,526,22,,,,0.0,24.0
369,CUL44,Place of internet use,float64,0,2000,0,"{""1"": ""At home"", ""2"": ""Internet cafe"", ""3"": ""School"", ""4"": ""Friends' houses"", ""5"": ""At work"", ""6"": ""Other (specify)""}",,,,
370,CUL44A,Place where use internet: At home,float64,1474,526,2,"{""1"": ""Yes"", ""2"": ""No""}",,,1.0,2.0
371,CUL44B,Place where use internet: Internet cafÃ©,float64,1474,526,2,"{""1"": ""Yes"", ""2"": ""No""}",,,1.0,2.0
372,CUL44C,Place where use internet: School,float64,1474,526,2,"{""1"": ""Yes"", ""2"": ""No""}",,,1.0,2.0
373,CUL44D,Place where use internet: Friends'houses,float64,1474,526,2,"{""1"": ""Yes"", ""2"": ""No""}",,,1.0,2.0
374,CUL44E,Place where use internet: At work,float64,1474,526,2,"{""1"": ""Yes"", ""2"": ""No""}",,,1.0,2.0
375,CUL44_b,Other places where use internet,float64,116,1884,7,"{""1"": ""3G"", ""2"": ""au café"", ""3"": ""Bibliotheque"", ""4"": ""Chez la famille"", ""5"": ""chez un membre famille"", ""6"": ""dans la rue"", ""7"": ""Dans les lieux publiques"", ""8"": ""internet mobile"", ""9"": ""maison des jeunes"", ""10"": ""Parents"", ""11"": ""publinet"", ""12"": ""Sans réponse"", ""13"": ""Sur le téléphone"", ""14"": ""Université""}",,,2.0,12.0
376,CUL45A,Frequency: Read/write emails,float64,1474,526,5,"{""1"": ""Daily"", ""2"": ""More than 4 times in a week"", ""3"": ""4 times in a week"", ""4"": ""Less than 4 times in a week"", ""5"": ""Never""}",,,1.0,5.0
377,CUL45B,Frequency: Chatting with a friend,float64,1474,526,5,"{""1"": ""Daily"", ""2"": ""More than 4 times in a week"", ""3"": ""4 times in a week"", ""4"": ""Less than 4 times in a week"", ""5"": ""Never""}",,,1.0,5.0
378,CUL45C,Frequency: Surfing general cultural sites,float64,1474,526,5,"{""1"": ""Daily"", ""2"": ""More than 4 times in a week"", ""3"": ""4 times in a week"", ""4"": ""Less than 4 times in a week"", ""5"": ""Never""}",,,1.0,5.0
379,CUL45D,Frequency: Surfing news websites,float64,1474,526,5,"{""1"": ""Daily"", ""2"": ""More than 4 times in a week"", ""3"": ""4 times in a week"", ""4"": ""Less than 4 times in a week"", ""5"": ""Never""}",,,1.0,5.0
380,CUL45E,Frequency: Downloading songs/films/TV prog_,float64,1474,526,5,"{""1"": ""Daily"", ""2"": ""More than 4 times in a week"", ""3"": ""4 times in a week"", ""4"": ""Less than 4 times in a week"", ""5"": ""Never""}",,,1.0,5.0
381,CUL45F,Frequency: Playing videogames,float64,1474,526,5,"{""1"": ""Daily"", ""2"": ""More than 4 times in a week"", ""3"": ""4 times in a week"", ""4"": ""Less than 4 times in a week"", ""5"": ""Never""}",,,1.0,5.0
382,CUL45G,Frequency: Going on social networks,float64,1474,526,5,"{""1"": ""Daily"", ""2"": ""More than 4 times in a week"", ""3"": ""4 times in a week"", ""4"": ""Less than 4 times in a week"", ""5"": ""Never""}",,,1.0,5.0
383,CUL45H,Frequency: Using adult websites,float64,1474,526,5,"{""1"": ""Daily"", ""2"": ""More than 4 times in a week"", ""3"": ""4 times in a week"", ""4"": ""Less than 4 times in a week"", ""5"": ""Never""}",,,1.0,5.0
384,CUL45I,Frequency: Using religious websites,float64,1474,526,5,"{""1"": ""Daily"", ""2"": ""More than 4 times in a week"", ""3"": ""4 times in a week"", ""4"": ""Less than 4 times in a week"", ""5"": ""Never""}",,,1.0,5.0
385,CUL45J,Frequency: Using dating websites,float64,1474,526,5,"{""1"": ""Daily"", ""2"": ""More than 4 times in a week"", ""3"": ""4 times in a week"", ""4"": ""Less than 4 times in a week"", ""5"": ""Never""}",,,1.0,5.0
386,CUL45K,Frequency: Using activist blogs and websites,float64,1474,526,5,"{""1"": ""Daily"", ""2"": ""More than 4 times in a week"", ""3"": ""4 times in a week"", ""4"": ""Less than 4 times in a week"", ""5"": ""Never""}",,,1.0,5.0
387,CUL45L,Frequency: Looking for work or sending CVs,float64,1474,526,5,"{""1"": ""Daily"", ""2"": ""More than 4 times in a week"", ""3"": ""4 times in a week"", ""4"": ""Less than 4 times in a week"", ""5"": ""Never""}",,,1.0,5.0
388,CUL45M,Frequency: Shopping online,float64,1474,526,5,"{""1"": ""Daily"", ""2"": ""More than 4 times in a week"", ""3"": ""4 times in a week"", ""4"": ""Less than 4 times in a week"", ""5"": ""Never""}",,,1.0,5.0
389,CUL46,Relationship status,float64,2000,0,2,"{""1"": ""Single"", ""2"": ""Not single (married, engaged, in a relationship)""}",,,1.0,2.0
390,CUL47,Place where met partner,float64,426,1574,9,"{""1"": ""At work"", ""2"": ""School or training institution"", ""3"": ""Family"", ""4"": ""Neighbours"", ""5"": ""Friend/ acquaintance"", ""6"": ""Group activities"", ""7"": ""Internet/ newspaper..."", ""8"": ""Imposed by family"", ""9"": ""Other (specify)""}",,,1.0,9.0
391,CUL47b,Place where met partner: Other,float64,29,1971,11,"{""1"": ""Au quartier"", ""2"": ""boulangerie"", ""3"": ""cafee"", ""4"": ""coincidence"", ""5"": ""Dans la rue"", ""6"": ""his work next to the house"", ""7"": ""in a social occassion"", ""8"": ""Marché"", ""9"": ""Mariage"", ""10"": ""Non précisé"", ""11"": ""On the beach"", ""12"": ""par hasard"", ""13"": ""par hasard dans la rue"", ""14"": ""par téléphone"", ""15"": ""same village"", ""16"": ""sans réponse"", ""17"": ""station sousse"", ""18"": ""Téléphone"", ""19"": ""University"", ""20"": ""voyage"", ""21"": ""work interaction with my parent""}",,,2.0,20.0
392,CUL48,Likelihood to marry,float64,1573,427,2,"{""1"": ""Yes"", ""2"": ""No""}",,,1.0,2.0
393,CUL49,Unlikelihood to marry: Reason,float64,1091,909,7,"{""1"": ""I don't want to"", ""2"": ""Cost of wedding"", ""3"": ""Responsibilities associated with marriage"", ""4"": ""To continue taking care of my parents"", ""5"": ""I have no work"", ""6"": ""Housing problems"", ""7"": ""Other (specify)""}",,,1.0,7.0
394,CUL49A,Does not want to get married,float64,0,2000,0,"{""1"": ""Yes"", ""2"": ""No""}",,,,
395,CUL49B,Wedding too expensive,float64,0,2000,0,"{""1"": ""Yes"", ""2"": ""No""}",,,,
396,CUL49C,Responsibilities associated with marriage,float64,0,2000,0,"{""1"": ""Yes"", ""2"": ""No""}",,,,
397,CUL49D,Taking care of parents,float64,0,2000,0,"{""1"": ""Yes"", ""2"": ""No""}",,,,
398,CUL49E,No work,float64,0,2000,0,"{""1"": ""Yes"", ""2"": ""No""}",,,,
399,CUL49F,Housing problems,float64,0,2000,0,"{""1"": ""Yes"", ""2"": ""No""}",,,,
400,CUL49_b,Unlikelihood to marry: Other Reason,float64,368,1632,15,"{""1"": ""Ce n'est pas le moment"", ""2"": ""Disbility"", ""3"": ""Divorced"", ""4"": ""Encore jeune"", ""5"": ""encore jeune et les etude"", ""6"": ""Etudes"", ""7"": ""Graduate and work"", ""8"": ""Handicap"", ""9"": ""Handicapé ou malade"", ""10"": ""havent found the right person yet"", ""11"": ""Health issues"", ""12"": ""il n'a y pas belle filles"", ""13"": ""J'ai divorcé"", ""14"": ""j'ai pas eu locasion"", ""15"": ""j'ai pas trouvé"", ""16"": ""je pense pas Ë ce sujet"", ""17"": ""Jeune"", ""18"": ""Manque d'argent"", ""19"": ""mariage"", ""20"": ""migration"", ""21"": ""N'a pas trouvé l'homme ideal"", ""22"": ""Ne pense pas au mariage"", ""23"": ""Ne sait pas"", ""24"": ""Ne veut pas"", ""25"": ""Ne veut plus se remarier"", ""26"": ""never thought about it"", ""27"": ""Non précisé"", ""28"": ""other priorities to attend to before marriage"", ""29"": ""pas  le temps"", ""30"": ""Pas d'emploi stable"", ""31"": ""Pas de confiance"", ""32"": ""Pas de postulent"", ""33"": ""Pas de travail"", ""34"": ""pas ma priorité"", ""35"": ""pas maintenaint"", ""36"": ""Prive"", ""37"": ""Refused to answer"", ""38"": ""Sans réponse"", ""39"": ""Starting own business first"", ""40"": ""Still young"", ""41"": ""taking care of my brother"", ""42"": ""Taking care of parent"", ""43"": ""terminer mes etudes"", ""44"": ""this is not a pre-planned situation if just happens with no prior notice"", ""45"": ""To continue eudcation"", ""46"": ""travail avant"", ""47"": ""Wants to travel""}",,,4.0,46.0
401,CUL410A,Gender difference: Pursue studies,float64,2000,0,3,"{""1"": ""Less possibility to"", ""2"": ""The same possibility to"", ""3"": ""More possibility to""}",,,1.0,3.0
402,CUL410B,Gender difference: Find a job,float64,2000,0,3,"{""1"": ""Less possibility to"", ""2"": ""The same possibility to"", ""3"": ""More possibility to""}",,,1.0,3.0
403,CUL410C,Gender difference: Live alone,float64,2000,0,3,"{""1"": ""Less possibility to"", ""2"": ""The same possibility to"", ""3"": ""More possibility to""}",,,1.0,3.0
404,CUL410D,Gender difference: Involvement in politics,float64,2000,0,3,"{""1"": ""Less possibility to"", ""2"": ""The same possibility to"", ""3"": ""More possibility to""}",,,1.0,3.0
405,CUL410E,Gender difference: Go out alone,float64,2000,0,3,"{""1"": ""Less possibility to"", ""2"": ""The same possibility to"", ""3"": ""More possibility to""}",,,1.0,3.0
406,CUL410F,Gender difference: Marry chosen person,float64,2000,0,3,"{""1"": ""Less possibility to"", ""2"": ""The same possibility to"", ""3"": ""More possibility to""}",,,1.0,3.0
407,CUL411A,Importance of education,float64,2000,0,4,"{""1"": ""Agree strongly"", ""2"": ""Agree"", ""3"": ""Disagree"", ""4"": ""Disagree strongly""}",,,1.0,4.0
408,CUL411B,Same upbringing for boys and girls,float64,2000,0,4,"{""1"": ""Agree strongly"", ""2"": ""Agree"", ""3"": ""Disagree"", ""4"": ""Disagree strongly""}",,,1.0,4.0
409,CUL411C,Men making the decisions,float64,2000,0,4,"{""1"": ""Agree strongly"", ""2"": ""Agree"", ""3"": ""Disagree"", ""4"": ""Disagree strongly""}",,,1.0,4.0
410,CUL411D,Married women working outside the house,float64,2000,0,4,"{""1"": ""Agree strongly"", ""2"": ""Agree"", ""3"": ""Disagree"", ""4"": ""Disagree strongly""}",,,1.0,4.0
411,CUL411E,Same job opportunities & salaries for men and women,float64,2000,0,4,"{""1"": ""Agree strongly"", ""2"": ""Agree"", ""3"": ""Disagree"", ""4"": ""Disagree strongly""}",,,1.0,4.0
412,CUL411F,Men being the main provider,float64,2000,0,4,"{""1"": ""Agree strongly"", ""2"": ""Agree"", ""3"": ""Disagree"", ""4"": ""Disagree strongly""}",,,1.0,4.0
413,CUL411G,Women's right to get involved in politics,float64,2000,0,4,"{""1"": ""Agree strongly"", ""2"": ""Agree"", ""3"": ""Disagree"", ""4"": ""Disagree strongly""}",,,1.0,4.0
414,CUL411H,Women travelling alone,float64,1999,1,4,"{""1"": ""Agree strongly"", ""2"": ""Agree"", ""3"": ""Disagree"", ""4"": ""Disagree strongly""}",,,1.0,4.0
415,CUL411I,Women's right to inheritance,float64,1999,1,4,"{""1"": ""Agree strongly"", ""2"": ""Agree"", ""3"": ""Disagree"", ""4"": ""Disagree strongly""}",,,1.0,4.0
416,CUL411J,Woman and man receiving the same inheritance,float64,1999,1,4,"{""1"": ""Agree strongly"", ""2"": ""Agree"", ""3"": ""Disagree"", ""4"": ""Disagree strongly""}",,,1.0,4.0
417,CUL411K,Same rights to divorce for men and women,float64,1999,1,4,"{""1"": ""Agree strongly"", ""2"": ""Agree"", ""3"": ""Disagree"", ""4"": ""Disagree strongly""}",,,1.0,4.0
418,CUL411L,Man having more right to a job in case of job scarcity,float64,1999,1,4,"{""1"": ""Agree strongly"", ""2"": ""Agree"", ""3"": ""Disagree"", ""4"": ""Disagree strongly""}",,,1.0,4.0
419,CUL411M,Man contributing to housework,float64,1999,1,4,"{""1"": ""Agree strongly"", ""2"": ""Agree"", ""3"": ""Disagree"", ""4"": ""Disagree strongly""}",,,1.0,4.0
420,CUL412AA,School performance-Father: frequency of speaking,float64,1998,2,5,"{""1"": ""Regularly"", ""2"": ""Often"", ""3"": ""Sometimes"", ""4"": ""Rarely"", ""5"": ""Never""}",,,1.0,5.0
421,CUL412BA, School performance-Mother: frequency of speaking,float64,1999,1,5,"{""1"": ""Regularly"", ""2"": ""Often"", ""3"": ""Sometimes"", ""4"": ""Rarely"", ""5"": ""Never""}",,,1.0,5.0
422,CUL412CA,School performance-Brother/sister: frequency of speaking,float64,1999,1,5,"{""1"": ""Regularly"", ""2"": ""Often"", ""3"": ""Sometimes"", ""4"": ""Rarely"", ""5"": ""Never""}",,,1.0,5.0
423,CUL412DA,School performance-Friends: frequency of speaking,float64,1998,2,5,"{""1"": ""Regularly"", ""2"": ""Often"", ""3"": ""Sometimes"", ""4"": ""Rarely"", ""5"": ""Never""}",,,1.0,5.0
424,CUL412EA,School performance-Husband/ wife: frequency of speaking,float64,1992,8,5,"{""1"": ""Regularly"", ""2"": ""Often"", ""3"": ""Sometimes"", ""4"": ""Rarely"", ""5"": ""Never""}",,,1.0,5.0
425,CUL412FA,School performance-Schoolmates/colleagues: frequency of speaking,float64,1996,4,5,"{""1"": ""Regularly"", ""2"": ""Often"", ""3"": ""Sometimes"", ""4"": ""Rarely"", ""5"": ""Never""}",,,1.0,5.0
426,CUL412GA,School performance-Others: frequency of speaking,float64,1998,2,5,"{""1"": ""Regularly"", ""2"": ""Often"", ""3"": ""Sometimes"", ""4"": ""Rarely"", ""5"": ""Never""}",,,1.0,5.0
427,CUL412AB,Friendship-Father: frequency of speaking,float64,1999,1,5,"{""1"": ""Regularly"", ""2"": ""Often"", ""3"": ""Sometimes"", ""4"": ""Rarely"", ""5"": ""Never""}",,,1.0,5.0
428,CUL412BB,Friendship-Mother: frequency of speaking,float64,2000,0,5,"{""1"": ""Regularly"", ""2"": ""Often"", ""3"": ""Sometimes"", ""4"": ""Rarely"", ""5"": ""Never""}",,,1.0,5.0
429,CUL412CB,Friendship-Brother/sister: frequency of speaking,float64,2000,0,5,"{""1"": ""Regularly"", ""2"": ""Often"", ""3"": ""Sometimes"", ""4"": ""Rarely"", ""5"": ""Never""}",,,1.0,5.0
430,CUL412DB,Friendship-Friends: frequency of speaking,float64,1999,1,5,"{""1"": ""Regularly"", ""2"": ""Often"", ""3"": ""Sometimes"", ""4"": ""Rarely"", ""5"": ""Never""}",,,1.0,5.0
431,CUL412EB,Friendship-Husband/ wife: frequency of speaking,float64,1991,9,5,"{""1"": ""Regularly"", ""2"": ""Often"", ""3"": ""Sometimes"", ""4"": ""Rarely"", ""5"": ""Never""}",,,1.0,5.0
432,CUL412FB,Friendship-Schoolmates/colleagues: frequency of speaking,float64,1996,4,5,"{""1"": ""Regularly"", ""2"": ""Often"", ""3"": ""Sometimes"", ""4"": ""Rarely"", ""5"": ""Never""}",,,1.0,5.0
433,CUL412GB,Friendship-Others: frequency of speaking,float64,1999,1,5,"{""1"": ""Regularly"", ""2"": ""Often"", ""3"": ""Sometimes"", ""4"": ""Rarely"", ""5"": ""Never""}",,,1.0,5.0
434,CUL412AC,Emotional relationships & sexuality-Father: frequency of speaking,float64,1998,2,5,"{""1"": ""Regularly"", ""2"": ""Often"", ""3"": ""Sometimes"", ""4"": ""Rarely"", ""5"": ""Never""}",,,1.0,5.0
435,CUL412BC,Emotional relationships & sexuality-Mother: frequency of speaking,float64,2000,0,5,"{""1"": ""Regularly"", ""2"": ""Often"", ""3"": ""Sometimes"", ""4"": ""Rarely"", ""5"": ""Never""}",,,1.0,5.0
436,CUL412CC,Emotional relationships & sexuality-Brother/sister:  frequency of speaking,float64,2000,0,5,"{""1"": ""Regularly"", ""2"": ""Often"", ""3"": ""Sometimes"", ""4"": ""Rarely"", ""5"": ""Never""}",,,1.0,5.0
437,CUL412DC,Emotional relationships & sexuality-Friends: frequency of speaking,float64,1999,1,5,"{""1"": ""Regularly"", ""2"": ""Often"", ""3"": ""Sometimes"", ""4"": ""Rarely"", ""5"": ""Never""}",,,1.0,5.0
438,CUL412EC,Emotional relationships & sexuality-Husband/wife: frequency of speaking,float64,1992,8,5,"{""1"": ""Regularly"", ""2"": ""Often"", ""3"": ""Sometimes"", ""4"": ""Rarely"", ""5"": ""Never""}",,,1.0,5.0
439,CUL412FC,Emotional relationships & sexuality-Schoolmates/ colleague:  frequency of speaki,float64,1997,3,5,"{""1"": ""Regularly"", ""2"": ""Often"", ""3"": ""Sometimes"", ""4"": ""Rarely"", ""5"": ""Never""}",,,1.0,5.0
440,CUL412GC,Emotional relationships & sexuality-Others: frequency of speaking,float64,1999,1,5,"{""1"": ""Regularly"", ""2"": ""Often"", ""3"": ""Sometimes"", ""4"": ""Rarely"", ""5"": ""Never""}",,,1.0,5.0
441,CUL412AD,Intimidation/harassment at school or work-Father: frequency of speaking,float64,1998,2,5,"{""1"": ""Regularly"", ""2"": ""Often"", ""3"": ""Sometimes"", ""4"": ""Rarely"", ""5"": ""Never""}",,,1.0,5.0
442,CUL412BD,Intimidation/harassment at school or work-Mother: frequency of speaking,float64,2000,0,5,"{""1"": ""Regularly"", ""2"": ""Often"", ""3"": ""Sometimes"", ""4"": ""Rarely"", ""5"": ""Never""}",,,1.0,5.0
443,CUL412CD,Brother/Sister-Intimidation/harassment at school or work: frequency of speaking,float64,2000,0,5,"{""1"": ""Regularly"", ""2"": ""Often"", ""3"": ""Sometimes"", ""4"": ""Rarely"", ""5"": ""Never""}",,,1.0,5.0
444,CUL412DD,Intimidation/harassment at school or work-Friends: frequency of speaking,float64,1999,1,5,"{""1"": ""Regularly"", ""2"": ""Often"", ""3"": ""Sometimes"", ""4"": ""Rarely"", ""5"": ""Never""}",,,1.0,5.0
445,CUL412ED,Intimidation/harassment at school or work-Husband/wife: frequency of speaking,float64,1991,9,5,"{""1"": ""Regularly"", ""2"": ""Often"", ""3"": ""Sometimes"", ""4"": ""Rarely"", ""5"": ""Never""}",,,1.0,5.0
446,CUL412FD,Intimidation/harassment at school or work-Schoolmates/colleagues: frequency of s,float64,1996,4,5,"{""1"": ""Regularly"", ""2"": ""Often"", ""3"": ""Sometimes"", ""4"": ""Rarely"", ""5"": ""Never""}",,,1.0,5.0
447,CUL412GD,Intimidation/harassment at school or work-Others: frequency of speaking,float64,1999,1,5,"{""1"": ""Regularly"", ""2"": ""Often"", ""3"": ""Sometimes"", ""4"": ""Rarely"", ""5"": ""Never""}",,,1.0,5.0
448,CUL412AE,Your future work-Father: frequency of speaking,float64,1998,2,5,"{""1"": ""Regularly"", ""2"": ""Often"", ""3"": ""Sometimes"", ""4"": ""Rarely"", ""5"": ""Never""}",,,1.0,5.0
449,CUL412BE,Your future work-Mother: frequency of speaking,float64,2000,0,5,"{""1"": ""Regularly"", ""2"": ""Often"", ""3"": ""Sometimes"", ""4"": ""Rarely"", ""5"": ""Never""}",,,1.0,5.0
450,CUL412CE,Your future work-Brother/Sister: frequency of speaking,float64,2000,0,5,"{""1"": ""Regularly"", ""2"": ""Often"", ""3"": ""Sometimes"", ""4"": ""Rarely"", ""5"": ""Never""}",,,1.0,5.0
451,CUL412DE,Your future work-Friends: frequency of speaking,float64,1999,1,5,"{""1"": ""Regularly"", ""2"": ""Often"", ""3"": ""Sometimes"", ""4"": ""Rarely"", ""5"": ""Never""}",,,1.0,5.0
452,CUL412EE,Your future work-Husband/ wife: frequency of speaking,float64,1991,9,5,"{""1"": ""Regularly"", ""2"": ""Often"", ""3"": ""Sometimes"", ""4"": ""Rarely"", ""5"": ""Never""}",,,1.0,5.0
453,CUL412FE,Your future work-Schoolmates/colleagues: frequency of speaking,float64,1996,4,5,"{""1"": ""Regularly"", ""2"": ""Often"", ""3"": ""Sometimes"", ""4"": ""Rarely"", ""5"": ""Never""}",,,1.0,5.0
454,CUL412GE,Your future work-Others: frequency of speaking,float64,1999,1,5,"{""1"": ""Regularly"", ""2"": ""Often"", ""3"": ""Sometimes"", ""4"": ""Rarely"", ""5"": ""Never""}",,,1.0,5.0
455,CUL413A,Going out with friends: frequency,float64,1999,1,6,"{""1"": ""Every day"", ""2"": ""More than twice a week"", ""3"": ""Once or twice a week"", ""4"": ""A few times a month"", ""5"": ""Rarely"", ""6"": ""Never""}",,,1.0,6.0
456,CUL413B,Excursions: frequency,float64,2000,0,6,"{""1"": ""Every day"", ""2"": ""More than twice a week"", ""3"": ""Once or twice a week"", ""4"": ""A few times a month"", ""5"": ""Rarely"", ""6"": ""Never""}",,,1.0,6.0
457,CUL413C,Cinema: frequency,float64,2000,0,6,"{""1"": ""Every day"", ""2"": ""More than twice a week"", ""3"": ""Once or twice a week"", ""4"": ""A few times a month"", ""5"": ""Rarely"", ""6"": ""Never""}",,,1.0,6.0
458,CUL413D,Theatre: frequency,float64,2000,0,6,"{""1"": ""Every day"", ""2"": ""More than twice a week"", ""3"": ""Once or twice a week"", ""4"": ""A few times a month"", ""5"": ""Rarely"", ""6"": ""Never""}",,,1.0,6.0
459,CUL413E,Mosque: frequency,float64,2000,0,6,"{""1"": ""Every day"", ""2"": ""More than twice a week"", ""3"": ""Once or twice a week"", ""4"": ""A few times a month"", ""5"": ""Rarely"", ""6"": ""Never""}",,,1.0,6.0
460,CUL413F,Library: frequency,float64,2000,0,6,"{""1"": ""Every day"", ""2"": ""More than twice a week"", ""3"": ""Once or twice a week"", ""4"": ""A few times a month"", ""5"": ""Rarely"", ""6"": ""Never""}",,,1.0,6.0
461,CUL413G,Concert/Festival: frequency,float64,2000,0,6,"{""1"": ""Every day"", ""2"": ""More than twice a week"", ""3"": ""Once or twice a week"", ""4"": ""A few times a month"", ""5"": ""Rarely"", ""6"": ""Never""}",,,1.0,6.0
462,CUL413H,Street performance: frequency,float64,2000,0,6,"{""1"": ""Every day"", ""2"": ""More than twice a week"", ""3"": ""Once or twice a week"", ""4"": ""A few times a month"", ""5"": ""Rarely"", ""6"": ""Never""}",,,1.0,6.0
463,CUL413I,Nightclub/bar: frequency,float64,2000,0,6,"{""1"": ""Every day"", ""2"": ""More than twice a week"", ""3"": ""Once or twice a week"", ""4"": ""A few times a month"", ""5"": ""Rarely"", ""6"": ""Never""}",,,1.0,6.0
464,CUL413J,CafÃ©/tea room: frequency,float64,2000,0,6,"{""1"": ""Every day"", ""2"": ""More than twice a week"", ""3"": ""Once or twice a week"", ""4"": ""A few times a month"", ""5"": ""Rarely"", ""6"": ""Never""}",,,1.0,6.0
465,CUL413K,Looking for a job: frequency,float64,2000,0,6,"{""1"": ""Every day"", ""2"": ""More than twice a week"", ""3"": ""Once or twice a week"", ""4"": ""A few times a month"", ""5"": ""Rarely"", ""6"": ""Never"", ""7"": ""Do not Know"", ""8"": ""Refused to answer""}",,,1.0,6.0
466,CUL413L,Museum: frequency,float64,2000,0,6,"{""1"": ""Every day"", ""2"": ""More than twice a week"", ""3"": ""Once or twice a week"", ""4"": ""A few times a month"", ""5"": ""Rarely"", ""6"": ""Never""}",,,1.0,6.0
467,CUL413M,Art exhibition: frequency,float64,2000,0,6,"{""1"": ""Every day"", ""2"": ""More than twice a week"", ""3"": ""Once or twice a week"", ""4"": ""A few times a month"", ""5"": ""Rarely"", ""6"": ""Never""}",,,1.0,6.0
468,CUL413N,Sport events: frequency,float64,2000,0,6,"{""1"": ""Every day"", ""2"": ""More than twice a week"", ""3"": ""Once or twice a week"", ""4"": ""A few times a month"", ""5"": ""Rarely"", ""6"": ""Never""}",,,1.0,6.0
469,CUL413O,Practise sport: frequency,float64,2000,0,6,"{""1"": ""Every day"", ""2"": ""More than twice a week"", ""3"": ""Once or twice a week"", ""4"": ""A few times a month"", ""5"": ""Rarely"", ""6"": ""Never""}",,,1.0,6.0
470,CUL413P,Travel: frequency,float64,2000,0,6,"{""1"": ""Every day"", ""2"": ""More than twice a week"", ""3"": ""Once or twice a week"", ""4"": ""A few times a month"", ""5"": ""Rarely"", ""6"": ""Never""}",,,1.0,6.0
471,CUL414A,Watching TV: hours per day,float64,2000,0,15,,,,0.0,20.0
472,CUL414Ab,Watching TV: minutes per day,float64,2000,0,12,,,,0.0,45.0
473,CUL414B,Listening the radio: hours per day,float64,2000,0,15,,,,0.0,24.0
474,CUL414Bb,Listening the radio: minutes per day,float64,2000,0,8,,,,0.0,30.0
475,CUL414C,Playing video games: hours per day,float64,2000,0,13,,,,0.0,20.0
476,CUL414Cb,Playing video games: minutes per day,float64,2000,0,9,,,,0.0,50.0
477,CUL414D,Reading book: hours per day,float64,2000,0,9,,,,0.0,10.0
478,CUL414Db,Reading book: minutes per day,float64,2000,0,9,,,,0.0,45.0
479,CUL415A,Local newspapers: frequency,float64,2000,0,6,"{""1"": ""Every day"", ""2"": ""More than twice a week"", ""3"": ""Once or twice a week"", ""4"": ""A few times a month"", ""5"": ""Rarely"", ""6"": ""Never""}",,,1.0,6.0
480,CUL415B,Foreign newspapers: frequency,float64,2000,0,6,"{""1"": ""Every day"", ""2"": ""More than twice a week"", ""3"": ""Once or twice a week"", ""4"": ""A few times a month"", ""5"": ""Rarely"", ""6"": ""Never""}",,,1.0,6.0
481,CUL415C,Local television: frequency,float64,2000,0,6,"{""1"": ""Every day"", ""2"": ""More than twice a week"", ""3"": ""Once or twice a week"", ""4"": ""A few times a month"", ""5"": ""Rarely"", ""6"": ""Never""}",,,1.0,6.0
482,CUL415D,Foreign television channels?,float64,2000,0,6,"{""1"": ""Every day"", ""2"": ""More than twice a week"", ""3"": ""Once or twice a week"", ""4"": ""A few times a month"", ""5"": ""Rarely"", ""6"": ""Never""}",,,1.0,6.0
483,CUL415E,National radio stations: frequency,float64,2000,0,6,"{""1"": ""Every day"", ""2"": ""More than twice a week"", ""3"": ""Once or twice a week"", ""4"": ""A few times a month"", ""5"": ""Rarely"", ""6"": ""Never""}",,,1.0,6.0
484,CUL415F,Foreign radio stations: frequency,float64,2000,0,6,"{""1"": ""Every day"", ""2"": ""More than twice a week"", ""3"": ""Once or twice a week"", ""4"": ""A few times a month"", ""5"": ""Rarely"", ""6"": ""Never""}",,,1.0,6.0
485,CUL415G,National websites: frequency,float64,2000,0,6,"{""1"": ""Every day"", ""2"": ""More than twice a week"", ""3"": ""Once or twice a week"", ""4"": ""A few times a month"", ""5"": ""Rarely"", ""6"": ""Never""}",,,1.0,6.0
486,CUL415H,Foreign websites: frequency,float64,2000,0,6,"{""1"": ""Every day"", ""2"": ""More than twice a week"", ""3"": ""Once or twice a week"", ""4"": ""A few times a month"", ""5"": ""Rarely"", ""6"": ""Never""}",,,1.0,6.0
487,CUL416A,Clothes: importance of religion,float64,2000,0,5,"{""1"": ""Very important"", ""2"": ""Important"", ""3"": ""Neither important nor unimportant"", ""4"": ""Unimportant"", ""5"": ""Not important at all""}",,,1.0,5.0
488,CUL416B,Appearance: importance of religion,float64,2000,0,5,"{""1"": ""Very important"", ""2"": ""Important"", ""3"": ""Neither important nor unimportant"", ""4"": ""Unimportant"", ""5"": ""Not important at all""}",,,1.0,5.0
489,CUL416C,Food: importance of religion,float64,2000,0,5,"{""1"": ""Very important"", ""2"": ""Important"", ""3"": ""Neither important nor unimportant"", ""4"": ""Unimportant"", ""5"": ""Not important at all""}",,,1.0,5.0
490,CUL416D,Political choice: importance of religion,float64,2000,0,5,"{""1"": ""Very important"", ""2"": ""Important"", ""3"": ""Neither important nor unimportant"", ""4"": ""Unimportant"", ""5"": ""Not important at all""}",,,1.0,5.0
491,CUL416E,Emotional relationships: importance of religion,float64,2000,0,5,"{""1"": ""Very important"", ""2"": ""Important"", ""3"": ""Neither important nor unimportant"", ""4"": ""Unimportant"", ""5"": ""Not important at all""}",,,1.0,5.0
492,CUL416F,Place of work: importance of religion,float64,2000,0,5,"{""1"": ""Very important"", ""2"": ""Important"", ""3"": ""Neither important nor unimportant"", ""4"": ""Unimportant"", ""5"": ""Not important at all""}",,,1.0,5.0
493,CUL416G,Commercial & fin_ transactions: importance of religion,float64,2000,0,5,"{""1"": ""Very important"", ""2"": ""Important"", ""3"": ""Neither important nor unimportant"", ""4"": ""Unimportant"", ""5"": ""Not important at all""}",,,1.0,5.0
494,CUL416H,Marriage: importance of religion,float64,2000,0,5,"{""1"": ""Very important"", ""2"": ""Important"", ""3"": ""Neither important nor unimportant"", ""4"": ""Unimportant"", ""5"": ""Not important at all""}",,,1.0,5.0
495,CUL416I,Relations with the opposite sex: importance of religion,float64,2000,0,5,"{""1"": ""Very important"", ""2"": ""Important"", ""3"": ""Neither important nor unimportant"", ""4"": ""Unimportant"", ""5"": ""Not important at all""}",,,1.0,5.0
496,CUL416J,Nature of job: importance of religion,float64,2000,0,5,"{""1"": ""Very important"", ""2"": ""Important"", ""3"": ""Neither important nor unimportant"", ""4"": ""Unimportant"", ""5"": ""Not important at all""}",,,1.0,5.0
497,CUL416K,Relations with neighbours: importance of religion,float64,2000,0,5,"{""1"": ""Very important"", ""2"": ""Important"", ""3"": ""Neither important nor unimportant"", ""4"": ""Unimportant"", ""5"": ""Not important at all""}",,,1.0,5.0
498,CUL416L,Travel: importance of religion,float64,2000,0,5,"{""1"": ""Very important"", ""2"": ""Important"", ""3"": ""Neither important nor unimportant"", ""4"": ""Unimportant"", ""5"": ""Not important at all""}",,,1.0,5.0
499,CUL416M,Inheritance: importance of religion,float64,2000,0,5,"{""1"": ""Very important"", ""2"": ""Important"", ""3"": ""Neither important nor unimportant"", ""4"": ""Unimportant"", ""5"": ""Not important at all""}",,,1.0,5.0
500,CUL416N,Culture and leisure : importance of religion,float64,2000,0,5,"{""1"": ""Very important"", ""2"": ""Important"", ""3"": ""Neither important nor unimportant"", ""4"": ""Unimportant"", ""5"": ""Not important at all""}",,,1.0,5.0
501,CUL416O,Family celebrations: importance of religion,float64,2000,0,5,"{""1"": ""Very important"", ""2"": ""Important"", ""3"": ""Neither important nor unimportant"", ""4"": ""Unimportant"", ""5"": ""Not important at all""}",,,1.0,5.0
502,CUL417A,Citizen of the world: recognise yourself,float64,2000,0,7,"{""0"": ""Absolutely"", ""6"": ""Absolutely not""}",,,0.0,6.0
503,CUL417B,Self identity perception: African,float64,2000,0,7,"{""0"": ""Absolutely"", ""6"": ""Absolutely not""}",,,0.0,6.0
504,CUL417C,Self identity perception: Mediterranean,float64,2000,0,7,"{""0"": ""Absolutely"", ""6"": ""Absolutely not""}",,,0.0,6.0
505,CUL417D,Self identity perception:  Maghrebi,float64,2000,0,7,"{""0"": ""Absolutely"", ""6"": ""Absolutely not""}",,,0.0,6.0
506,CUL417E,Self identity perception: Algerian/ Egyptian/ Lebanese/ Moroccan Tunisian,float64,2000,0,7,"{""0"": ""Absolutely"", ""6"": ""Absolutely not""}",,,0.0,6.0
507,CUL417F,Self identity perception: Arab,float64,2000,0,7,"{""0"": ""Absolutely"", ""6"": ""Absolutely not""}",,,0.0,6.0
508,CUL417G,Self identity perception: Member of Islamic/Christian community,float64,2000,0,6,"{""0"": ""Absolutely"", ""6"": ""Absolutely not""}",,,0.0,6.0
509,CUL417H,Self identity perception: Amazigh,float64,2000,0,7,"{""0"": ""Absolutely"", ""6"": ""Absolutely not""}",,,0.0,6.0
510,CUL417bA,Important to think new ideas and be creative: resembles to respondent,float64,2000,0,6,"{""1"": ""Greatly resembles me"", ""2"": ""Resembles me"", ""3"": ""Resembles me a little"", ""4"": ""Barely resembles me"", ""5"": ""Does not resemble me"", ""6"": ""Does not resemble me at all""}",,,1.0,6.0
511,CUL417bB,Important to be rich: resembles to respondent,float64,2000,0,6,"{""1"": ""Greatly resembles me"", ""2"": ""Resembles me"", ""3"": ""Resembles me a little"", ""4"": ""Barely resembles me"", ""5"": ""Does not resemble me"", ""6"": ""Does not resemble me at all""}",,,1.0,6.0
512,CUL417bC,Important to live safe: resembles to respondent,float64,2000,0,6,"{""1"": ""Greatly resembles me"", ""2"": ""Resembles me"", ""3"": ""Resembles me a little"", ""4"": ""Barely resembles me"", ""5"": ""Does not resemble me"", ""6"": ""Does not resemble me at all""}",,,1.0,6.0
513,CUL417bD,Important to have a good time: resembles to respondent,float64,2000,0,6,"{""1"": ""Greatly resembles me"", ""2"": ""Resembles me"", ""3"": ""Resembles me a little"", ""4"": ""Barely resembles me"", ""5"": ""Does not resemble me"", ""6"": ""Does not resemble me at all""}",,,1.0,6.0
514,CUL417bE,Important to do something good for society: resembles to respondent,float64,2000,0,6,"{""1"": ""Greatly resembles me"", ""2"": ""Resembles me"", ""3"": ""Resembles me a little"", ""4"": ""Barely resembles me"", ""5"": ""Does not resemble me"", ""6"": ""Does not resemble me at all""}",,,1.0,6.0
515,CUL417bF,Important to take care of people: resembles to respondent,float64,2000,0,6,"{""1"": ""Greatly resembles me"", ""2"": ""Resembles me"", ""3"": ""Resembles me a little"", ""4"": ""Barely resembles me"", ""5"": ""Does not resemble me"", ""6"": ""Does not resemble me at all""}",,,1.0,6.0
516,CUL417bG,Important to have a lot of success: resembles to respondent,float64,2000,0,6,"{""1"": ""Greatly resembles me"", ""2"": ""Resembles me"", ""3"": ""Resembles me a little"", ""4"": ""Barely resembles me"", ""5"": ""Does not resemble me"", ""6"": ""Does not resemble me at all""}",,,1.0,6.0
517,CUL417bH,Important to have adventures: resembles to respondent,float64,2000,0,6,"{""1"": ""Greatly resembles me"", ""2"": ""Resembles me"", ""3"": ""Resembles me a little"", ""4"": ""Barely resembles me"", ""5"": ""Does not resemble me"", ""6"": ""Does not resemble me at all""}",,,1.0,6.0
518,CUL417bI,Important to always behave correctly: resembles to respondent,float64,2000,0,6,"{""1"": ""Greatly resembles me"", ""2"": ""Resembles me"", ""3"": ""Resembles me a little"", ""4"": ""Barely resembles me"", ""5"": ""Does not resemble me"", ""6"": ""Does not resemble me at all""}",,,1.0,6.0
519,CUL417bJ,Important to pay attention to the environment: resembles to respondent,float64,2000,0,6,"{""1"": ""Greatly resembles me"", ""2"": ""Resembles me"", ""3"": ""Resembles me a little"", ""4"": ""Barely resembles me"", ""5"": ""Does not resemble me"", ""6"": ""Does not resemble me at all""}",,,1.0,6.0
520,CUL417bK,Tradition is important: resembles to respondent,float64,2000,0,6,"{""1"": ""Greatly resembles me"", ""2"": ""Resembles me"", ""3"": ""Resembles me a little"", ""4"": ""Barely resembles me"", ""5"": ""Does not resemble me"", ""6"": ""Does not resemble me at all""}",,,1.0,6.0
521,CUL418A,Being a person of value: true for the respondent,float64,2000,0,4,"{""1"": ""Disagree strongly"", ""2"": ""Mostly disagree"", ""3"": ""Mostly agree"", ""4"": ""Agree strongly""}",,,1.0,4.0
522,CUL418B,Possess good qualities: true for the respondent,float64,2000,0,4,"{""1"": ""Disagree strongly"", ""2"": ""Mostly disagree"", ""3"": ""Mostly agree"", ""4"": ""Agree strongly""}",,,1.0,4.0
523,CUL418C,He/she is a failure: true for the respondent,float64,2000,0,4,"{""1"": ""Disagree strongly"", ""2"": ""Mostly disagree"", ""3"": ""Mostly agree"", ""4"": ""Agree strongly""}",,,1.0,4.0
524,CUL418D,Able to do things good: true for the respondent,float64,2000,0,4,"{""1"": ""Disagree strongly"", ""2"": ""Mostly disagree"", ""3"": ""Mostly agree"", ""4"": ""Agree strongly""}",,,1.0,4.0
525,CUL418E,Few reasons to believe in myself: true for the respondent,float64,2000,0,4,"{""1"": ""Disagree strongly"", ""2"": ""Mostly disagree"", ""3"": ""Mostly agree"", ""4"": ""Agree strongly""}",,,1.0,4.0
526,CUL418F,Positive attitude: true for the respondent,float64,1999,1,4,"{""1"": ""Disagree strongly"", ""2"": ""Mostly disagree"", ""3"": ""Mostly agree"", ""4"": ""Agree strongly""}",,,1.0,4.0
527,CUL418G,Satisfied with his/herself: true for the respondent,float64,1999,1,4,"{""1"": ""Disagree strongly"", ""2"": ""Mostly disagree"", ""3"": ""Mostly agree"", ""4"": ""Agree strongly""}",,,1.0,4.0
528,CUL418H,More respect for him/herself: true for the respondent,float64,2000,0,4,"{""1"": ""Disagree strongly"", ""2"": ""Mostly disagree"", ""3"": ""Mostly agree"", ""4"": ""Agree strongly""}",,,1.0,4.0
529,CUL418I,Feel useless: true for the respondent,float64,2000,0,4,"{""1"": ""Disagree strongly"", ""2"": ""Mostly disagree"", ""3"": ""Mostly agree"", ""4"": ""Agree strongly""}",,,1.0,4.0
530,CUL418J,Good for nothing: true for the respondent,float64,2000,0,4,"{""1"": ""Disagree strongly"", ""2"": ""Mostly disagree"", ""3"": ""Mostly agree"", ""4"": ""Agree strongly""}",,,1.0,4.0
531,MIG51,Living in same place where born,float64,2000,0,2,"{""1"": ""Yes"", ""2"": ""No""}",,,1.0,2.0
532,MIG52,Changed place of residence in past 5 years,float64,401,1599,2,"{""1"": ""Yes"", ""2"": ""No""}",,,1.0,2.0
533,MIG52b,How many times changed place of residence in past 5 years,float64,250,1750,7,,,,1.0,8.0
534,MIG53,Year of last move,float64,249,1751,20,,,,1993.0,2015.0
535,MIG54,Last move with family or alone,float64,250,1750,2,"{""1"": ""Move with family"", ""2"": ""Move alone""}",,,1.0,2.0
536,MIG55,Last move destination,float64,250,1750,4,"{""1"": ""Same municipality"", ""2"": ""Municipality in the same wilaya / governorate / region"", ""3"": ""Municipality in another wilaya"", ""4"": ""Abroad""}",,,1.0,4.0
537,MIG56,Reason for last move,float64,250,1750,6,"{""1"": ""Family move"", ""2"": ""Work"", ""3"": ""Marriage"", ""4"": ""Study"", ""5"": ""Housing"", ""6"": ""Other reasons (specify)""}",,,1.0,6.0
538,MIG56b,Reason for last move: Other,float64,4,1996,4,"{""1"": ""chez ma tante"", ""2"": ""demande du propretaire"", ""3"": ""family problems"", ""4"": ""mariage"", ""5"": ""problem avec mon mari"", ""6"": ""taking care of my siblings"", ""7"": ""travel - war""}",,,1.0,5.0
539,MIG57,Prepared to change place of residence,float64,0,2000,0,"{""1"": ""For professional opportunities"", ""2"": ""For marriage"", ""3"": ""For studies"", ""4"": ""For housing"", ""5"": ""I am not prepared to change my place of residence""}",,,,
540,MIG57A,Being prepared for professional opportunities,float64,2000,0,2,"{""1"": ""Yes"", ""2"": ""No""}",,,1.0,2.0
541,MIG57B,Being prepared for marriage,float64,2000,0,2,"{""1"": ""Yes"", ""2"": ""No""}",,,1.0,2.0
542,MIG57C,Being prepared for studies,float64,2000,0,2,"{""1"": ""Yes"", ""2"": ""No""}",,,1.0,2.0
543,MIG57D,Being prepared for housing,float64,2000,0,2,"{""1"": ""Yes"", ""2"": ""No""}",,,1.0,2.0
544,MIG57E,Not being prepared to change place of residence,float64,2000,0,2,"{""1"": ""Yes"", ""2"": ""No""}",,,1.0,2.0
545,MIG510,Been abroad,float64,2000,0,2,"{""1"": ""Yes"", ""2"": ""No""}",,,1.0,2.0
546,MIG511A,First place abroad,float64,99,1901,16,"{""1"": ""AE"", ""2"": ""AO"", ""3"": ""AT"", ""4"": ""AU"", ""5"": ""BE"", ""6"": ""BR"", ""7"": ""CA"", ""8"": ""CH"", ""9"": ""CN"", ""10"": ""CO"", ""11"": ""CY"", ""12"": ""DE"", ""13"": ""DK"", ""14"": ""DZ"", ""15"": ""EG"", ""16"": ""ES"", ""17"": ""ET"", ""18"": ""FI"", ""19"": ""FR"", ""20"": ""GB"", ""21"": ""HK"", ""22"": ""HU"", ""23"": ""IN"", ""24"": ""IQ"", ""25"": ""IT"", ""26"": ""JO"", ""27"": ""KW"", ""28"": ""LY"", ""29"": ""MA"", ""30"": ""MY"", ""31"": ""NG"", ""32"": ""OM"", ""33"": ""QA"", ""34"": ""SA"", ""35"": ""SE"", ""36"": ""SN"", ""37"": ""SY"", ""38"": ""TR"", ""39"": ""UA"", ""40"": ""US"", ""41"": ""VE"", ""42"": ""ZA""}",,,1.0,38.0
547,MIG511B,Second place abroad,float64,16,1984,9,"{""1"": ""AE"", ""2"": ""BE"", ""3"": ""BR"", ""4"": ""CH"", ""5"": ""CY"", ""6"": ""DZ"", ""7"": ""EG"", ""8"": ""ES"", ""9"": ""FR"", ""10"": ""GR"", ""11"": ""IT"", ""12"": ""JP"", ""13"": ""KW"", ""14"": ""LY"", ""15"": ""MA"", ""16"": ""ND"", ""17"": ""NL"", ""18"": ""SA"", ""19"": ""SY"", ""20"": ""TN"", ""21"": ""TR"", ""22"": ""UA"", ""23"": ""US"", ""24"": ""VE""}",,,6.0,21.0
548,MIG511C,Third place abroad,float64,3,1997,3,"{""1"": ""AE"", ""2"": ""DE"", ""3"": ""EG"", ""4"": ""ES"", ""5"": ""FR"", ""6"": ""GB"", ""7"": ""MA"", ""8"": ""ND"", ""9"": ""OM"", ""10"": ""SY""}",,,2.0,5.0
549,MIG512,Country spent most time,float64,99,1901,15,"{""1"": ""AE"", ""2"": ""AO"", ""3"": ""AT"", ""4"": ""AU"", ""5"": ""BE"", ""6"": ""BJ"", ""7"": ""BR"", ""8"": ""CA"", ""9"": ""CH"", ""10"": ""CN"", ""11"": ""CO"", ""12"": ""CY"", ""13"": ""DE"", ""14"": ""DK"", ""15"": ""DZ"", ""16"": ""EG"", ""17"": ""ES"", ""18"": ""ET"", ""19"": ""FI"", ""20"": ""FR"", ""21"": ""GR"", ""22"": ""HK"", ""23"": ""HU"", ""24"": ""IN"", ""25"": ""IQ"", ""26"": ""IT"", ""27"": ""JO"", ""28"": ""KW"", ""29"": ""LY"", ""30"": ""MA"", ""31"": ""MY"", ""32"": ""ND"", ""33"": ""NG"", ""34"": ""OM"", ""35"": ""QA"", ""36"": ""SA"", ""37"": ""SE"", ""38"": ""SN"", ""39"": ""SY"", ""40"": ""TR"", ""41"": ""UA"", ""42"": ""US"", ""43"": ""VE"", ""44"": ""ZA""}",,,1.0,40.0
550,MIG512b,Longest stay abroad in months,float64,94,1906,26,,,,0.0,228.0
551,MIG513,Reason for moving abroad,float64,99,1901,6,"{""1"": ""Work"", ""2"": ""Study"", ""3"": ""Health"", ""4"": ""Family move"", ""5"": ""Family reunification"", ""6"": ""Tourism/ visit parents"", ""7"": ""Other (specify)""}",,,1.0,7.0
552,MIG513b,Reason for moving abroad: Other,float64,5,1995,5,"{""1"": ""Father`s death"", ""2"": ""loisir"", ""3"": ""naissance"", ""4"": ""non légal"", ""5"": ""pour améliore niveau"", ""6"": ""sport""}",,,2.0,6.0
553,MIG514,Longest stay abroad: Type of legal permit,float64,99,1901,6,"{""1"": ""Short-term visa (tourism, conference, work, etc.)"", ""2"": ""Work permit"", ""3"": ""Student visa"", ""4"": ""Family reunification permission"", ""5"": ""Other (specify)"", ""6"": ""None""}",,,1.0,6.0
554,MIG514b,Longest stay abroad: Other type,float64,2,1998,2,"{""1"": ""le pere est mort"", ""2"": ""Nationality"", ""3"": ""né en allemange"", ""4"": ""Residency""}",,,1.0,3.0
555,MIG515,Longest stay abroad: Reason for return,float64,99,1901,8,"{""1"": ""End of my work contract"", ""2"": ""End of my studies"", ""3"": ""Rejoin my spouse"", ""4"": ""Return with my parents"", ""5"": ""Expiration of residence period"", ""6"": ""I wanted to come back to my country"", ""7"": ""I was expelled/ forced to return to my country"", ""8"": ""Other (specify)""}",,,1.0,8.0
556,MIG515b,Longest stay abroad: Other reason,float64,19,1981,14,"{""1"": ""changement de loi"", ""2"": ""condition"", ""3"": ""Continuing education"", ""4"": ""Didn`t find a good job to save money"", ""5"": ""difficulte de climat"", ""6"": ""End of vacation"", ""7"": ""faible salaire"", ""8"": ""Family issues"", ""9"": ""Father`s death"", ""10"": ""j'ai fait accident"", ""11"": ""la guerre"", ""12"": ""la mort de mon pÌre"", ""13"": ""la securite"", ""14"": ""maladie"", ""15"": ""ne sait pas"", ""16"": ""pour étudier"", ""17"": ""revolution"", ""18"": ""révolution egyptienne"", ""19"": ""tourisme""}",,,1.0,19.0
557,MIG516,Desire to emigrate/re-emigrate,float64,2000,0,3,"{""1"": ""Yes"", ""2"": ""I am undecided"", ""3"": ""No""}",,,1.0,3.0
558,MIG517A,Most attractive country,float64,1087,913,40,"{""1"": ""AE"", ""2"": ""AO"", ""3"": ""AR"", ""4"": ""AT"", ""5"": ""AU"", ""6"": ""AW"", ""7"": ""BD"", ""8"": ""BE"", ""9"": ""BR"", ""10"": ""CA"", ""11"": ""CH"", ""12"": ""CN"", ""13"": ""CO"", ""14"": ""DE"", ""15"": ""DK"", ""16"": ""DZ"", ""17"": ""EG"", ""18"": ""ES"", ""19"": ""ET"", ""20"": ""FI"", ""21"": ""FR"", ""22"": ""GB"", ""23"": ""GR"", ""24"": ""HT"", ""25"": ""IN"", ""26"": ""IQ"", ""27"": ""IR"", ""28"": ""IT"", ""29"": ""JO"", ""30"": ""JP"", ""31"": ""KP"", ""32"": ""KR"", ""33"": ""KW"", ""34"": ""LB"", ""35"": ""LY"", ""36"": ""MA"", ""37"": ""MT"", ""38"": ""MX"", ""39"": ""MY"", ""40"": ""NE"", ""41"": ""NG"", ""42"": ""NL"", ""43"": ""NO"", ""44"": ""OM"", ""45"": ""PS"", ""46"": ""PT"", ""47"": ""QA"", ""48"": ""RL"", ""49"": ""RU"", ""50"": ""SA"", ""51"": ""SD"", ""52"": ""SE"", ""53"": ""SN"", ""54"": ""SY"", ""55"": ""SZ"", ""56"": ""TH"", ""57"": ""TN"", ""58"": ""TR"", ""59"": ""TT"", ""60"": ""UA"", ""61"": ""US""}",,,1.0,61.0
559,MIG517B,Second most attractive country,float64,948,1052,51,"{""1"": ""AE"", ""2"": ""AG"", ""3"": ""AO"", ""4"": ""AT"", ""5"": ""AU"", ""6"": ""AW"", ""7"": ""BE"", ""8"": ""BG"", ""9"": ""BH"", ""10"": ""BR"", ""11"": ""CA"", ""12"": ""CH"", ""13"": ""CN"", ""14"": ""CO"", ""15"": ""CU"", ""16"": ""DE"", ""17"": ""DJ"", ""18"": ""DK"", ""19"": ""DZ"", ""20"": ""EG"", ""21"": ""ER"", ""22"": ""ES"", ""23"": ""FI"", ""24"": ""FR"", ""25"": ""GB"", ""26"": ""GD"", ""27"": ""GM"", ""28"": ""GR"", ""29"": ""GT"", ""30"": ""GW"", ""31"": ""HN"", ""32"": ""HU"", ""33"": ""IN"", ""34"": ""IR"", ""35"": ""IS"", ""36"": ""IT"", ""37"": ""JM"", ""38"": ""JO"", ""39"": ""JP"", ""40"": ""KG"", ""41"": ""KP"", ""42"": ""KR"", ""43"": ""KW"", ""44"": ""LB"", ""45"": ""LY"", ""46"": ""MA"", ""47"": ""MG"", ""48"": ""MT"", ""49"": ""MX"", ""50"": ""MY"", ""51"": ""ND"", ""52"": ""NG"", ""53"": ""NL"", ""54"": ""NO"", ""55"": ""OM"", ""56"": ""PN"", ""57"": ""PS"", ""58"": ""PT"", ""59"": ""QA"", ""60"": ""RL"", ""61"": ""RO"", ""62"": ""RU"", ""63"": ""SA"", ""64"": ""SD"", ""65"": ""SE"", ""66"": ""SI"", ""67"": ""SK"", ""68"": ""SN"", ""69"": ""SO"", ""70"": ""SR"", ""71"": ""SZ"", ""72"": ""TH"", ""73"": ""TN"", ""74"": ""TR"", ""75"": ""TZ"", ""76"": ""UA"", ""77"": ""US"", ""78"": ""VE"", ""79"": ""VI"", ""80"": ""YE"", ""81"": ""ZA""}",,,1.0,80.0
560,MIG517C,Third most attractive country,float64,814,1186,52,"{""1"": ""AE"", ""2"": ""AO"", ""3"": ""AT"", ""4"": ""AU"", ""5"": ""AW"", ""6"": ""BE"", ""7"": ""BH"", ""8"": ""BR"", ""9"": ""CA"", ""10"": ""CH"", ""11"": ""CK"", ""12"": ""CN"", ""13"": ""CO"", ""14"": ""CU"", ""15"": ""CZ"", ""16"": ""DE"", ""17"": ""DK"", ""18"": ""DZ"", ""19"": ""EC"", ""20"": ""EG"", ""21"": ""ES"", ""22"": ""FI"", ""23"": ""FR"", ""24"": ""GB"", ""25"": ""GR"", ""26"": ""HR"", ""27"": ""HU"", ""28"": ""ID"", ""29"": ""IE"", ""30"": ""IL"", ""31"": ""IN"", ""32"": ""IQ"", ""33"": ""IS"", ""34"": ""IT"", ""35"": ""JO"", ""36"": ""JP"", ""37"": ""KG"", ""38"": ""KP"", ""39"": ""KR"", ""40"": ""KW"", ""41"": ""LB"", ""42"": ""LT"", ""43"": ""LY"", ""44"": ""MA"", ""45"": ""MG"", ""46"": ""MK"", ""47"": ""MT"", ""48"": ""MU"", ""49"": ""MX"", ""50"": ""MY"", ""51"": ""ND"", ""52"": ""NG"", ""53"": ""NL"", ""54"": ""NO"", ""55"": ""NP"", ""56"": ""NZ"", ""57"": ""OM"", ""58"": ""PH"", ""59"": ""PL"", ""60"": ""PS"", ""61"": ""QA"", ""62"": ""RL"", ""63"": ""RO"", ""64"": ""RS"", ""65"": ""RU"", ""66"": ""SA"", ""67"": ""SE"", ""68"": ""SN"", ""69"": ""SR"", ""70"": ""SY"", ""71"": ""SZ"", ""72"": ""TF"", ""73"": ""TH"", ""74"": ""TN"", ""75"": ""TR"", ""76"": ""UA"", ""77"": ""UM"", ""78"": ""US"", ""79"": ""UY"", ""80"": ""VE"", ""81"": ""VG"", ""82"": ""ZA""}",,,1.0,78.0
561,MIG517D,Fourth most attractive country,float64,691,1309,55,"{""1"": ""AE"", ""2"": ""AF"", ""3"": ""AR"", ""4"": ""AT"", ""5"": ""AU"", ""6"": ""AW"", ""7"": ""BE"", ""8"": ""BH"", ""9"": ""BR"", ""10"": ""CA"", ""11"": ""CH"", ""12"": ""CN"", ""13"": ""CU"", ""14"": ""CZ"", ""15"": ""DE"", ""16"": ""DK"", ""17"": ""DZ"", ""18"": ""EG"", ""19"": ""ES"", ""20"": ""FI"", ""21"": ""FR"", ""22"": ""GB"", ""23"": ""GM"", ""24"": ""GR"", ""25"": ""HK"", ""26"": ""HN"", ""27"": ""ID"", ""28"": ""IE"", ""29"": ""IN"", ""30"": ""IO"", ""31"": ""IQ"", ""32"": ""IR"", ""33"": ""IS"", ""34"": ""IT"", ""35"": ""JO"", ""36"": ""JP"", ""37"": ""KG"", ""38"": ""KP"", ""39"": ""KR"", ""40"": ""KW"", ""41"": ""LB"", ""42"": ""LU"", ""43"": ""LY"", ""44"": ""MA"", ""45"": ""MC"", ""46"": ""MR"", ""47"": ""MX"", ""48"": ""MY"", ""49"": ""ND"", ""50"": ""NG"", ""51"": ""NL"", ""52"": ""NO"", ""53"": ""NZ"", ""54"": ""OM"", ""55"": ""PL"", ""56"": ""PS"", ""57"": ""PT"", ""58"": ""QA"", ""59"": ""RL"", ""60"": ""RS"", ""61"": ""RU"", ""62"": ""SA"", ""63"": ""SC"", ""64"": ""SD"", ""65"": ""SE"", ""66"": ""SG"", ""67"": ""SN"", ""68"": ""SS"", ""69"": ""SY"", ""70"": ""SZ"", ""71"": ""TH"", ""72"": ""TM"", ""73"": ""TN"", ""74"": ""TO"", ""75"": ""TR"", ""76"": ""TT"", ""77"": ""UA"", ""78"": ""UG"", ""79"": ""UM"", ""80"": ""US"", ""81"": ""VE"", ""82"": ""VG"", ""83"": ""WF"", ""84"": ""WS"", ""85"": ""ZA""}",,,1.0,82.0
562,MIG518,Reason for choosing country most attracted to,float64,1088,912,7,"{""1"": ""Speaking the language of the country"", ""2"": ""Easy to obtain a visa"", ""3"": ""resence of family members"", ""4"": ""Presence of friends"", ""5"": ""Rich job opportunities (easy access to the job market)"", ""6"": ""Affordable standard of living (life not expensive)"", ""7"": ""Random choice""}",,,1.0,7.0
563,MIG518A,Reason for choosing country most attracted to: Speaking the language of the coun,float64,0,2000,0,"{""1"": ""Yes"", ""2"": ""No""}",,,,
564,MIG518B,Reason for choosing country most attracted to: Easy to obtain a visa,float64,0,2000,0,"{""1"": ""Yes"", ""2"": ""No""}",,,,
565,MIG518C,Reason for choosing country most attracted to: Presence of family members,float64,0,2000,0,"{""1"": ""Yes"", ""2"": ""No""}",,,,
566,MIG518D,Reason for choosing country most attracted to: Presence of friends,float64,0,2000,0,"{""1"": ""Yes"", ""2"": ""No""}",,,,
567,MIG518E,Reason for choosing country most attracted to: Rich job opportunities,float64,0,2000,0,"{""1"": ""Yes"", ""2"": ""No""}",,,,
568,MIG518F,Reason for choosing country most attracted to: Affordable standard of living,float64,0,2000,0,"{""1"": ""Yes"", ""2"": ""No""}",,,,
569,MIG518G,Reason for choosing country most attracted to: Random choiceÂ ,float64,0,2000,0,"{""1"": ""Yes"", ""2"": ""No""}",,,,
570,MIG519,Reason for wish to emigrate,float64,0,2000,0,"{""1"": ""Lack of professional opportunities in this country"", ""2"": ""Income in this country is lower than abroad"", ""3"": ""Poor living conditions"", ""4"": ""To escape family pressure and problems"", ""5"": ""To help my family"", ""6"": ""The opportunities for study and training are inadequate"", ""7"": ""Lack of opportunities to gain experience"", ""8"": ""Political and security circumstances"", ""9"": ""Other""}",,,,
571,MIG519A,Lack of professional opportunities: reason for wish to emigrate,float64,1088,912,2,"{""1"": ""Yes"", ""2"": ""No""}",,,1.0,2.0
572,MIG519B,Low income: reason for wish to emigrate,float64,1088,912,2,"{""1"": ""Yes"", ""2"": ""No""}",,,1.0,2.0
573,MIG519C,Poor living conditions: reason for wish to emigrate,float64,1088,912,2,"{""1"": ""Yes"", ""2"": ""No""}",,,1.0,2.0
574,MIG519D,Escape family: reason for wish to emigrate,float64,1088,912,2,"{""1"": ""Yes"", ""2"": ""No""}",,,1.0,2.0
575,MIG519E,Help family: reason for wish to emigrate,float64,1088,912,2,"{""1"": ""Yes"", ""2"": ""No""}",,,1.0,2.0
576,MIG519F,Study/training opportunity: reason for wish to emigrate,float64,1088,912,2,"{""1"": ""Yes"", ""2"": ""No""}",,,1.0,2.0
577,MIG519G,Lack of opportunities to gain experience: reason for wish to emigrate,float64,1088,912,2,"{""1"": ""Yes"", ""2"": ""No""}",,,1.0,2.0
578,MIG519H,Political reasons/security: reason for wish to emigrate,float64,1088,912,2,"{""1"": ""Yes"", ""2"": ""No""}",,,1.0,2.0
579,MIG519_b,Reason for wish to emigrate: Other,float64,40,1960,15,"{""1"": ""Commerce"", ""2"": ""corruption"", ""3"": ""Découverte"", ""4"": ""Désir de migration"", ""5"": ""el haj"", ""6"": ""el3adat w takalid"", ""7"": ""etude"", ""8"": ""hareb mel aadela"", ""9"": ""I. Family is there"", ""10"": ""la découverte"", ""11"": ""Les études"", ""12"": ""loisir"", ""13"": ""Mariage"", ""14"": ""Non précisé"", ""15"": ""personnel"", ""16"": ""pour le plaisir"", ""17"": ""Problème de santé"", ""18"": ""Regroupement familial"", ""19"": ""Reve"", ""20"": ""Sans réponse"", ""21"": ""situation en tunisie"", ""22"": ""Tourisme"", ""23"": ""Travail"", ""24"": ""Veut vivre à l'étranger"", ""25"": ""Visite"", ""26"": ""voir des docteurs"", ""27"": ""Voyage""}",,,2.0,26.0
580,MIG520,Reasons to move abroad,float64,1088,912,9,"{""1"": ""I want to discover other countries"", ""2"": ""I want to live abroad"", ""3"": ""Rejoin my family/ friends"", ""4"": ""I have a job opportunity to seize"", ""5"": ""I can study there"", ""6"": ""Attracted by the way of life"", ""7"": ""Attracted by the social advantages"", ""8"": ""My skills will be more highly valued"", ""9"": ""Other (specify)""}",,,1.0,9.0
581,MIG520A,Reason to move abroad: Want to discover other countries,float64,0,2000,0,"{""1"": ""Yes"", ""2"": ""No""}",,,,
582,MIG520B,Reason to move abroad: Want to live abroad,float64,0,2000,0,"{""1"": ""Yes"", ""2"": ""No""}",,,,
583,MIG520C,Reason to move abroad: Re-join my family/ friends,float64,0,2000,0,"{""1"": ""Yes"", ""2"": ""No""}",,,,
584,MIG520D,Reasons to move abroad: I have a job opportunity to seize,float64,0,2000,0,"{""1"": ""Yes"", ""2"": ""No""}",,,,
585,MIG520E,Reason to move abroad: I can study there,float64,0,2000,0,"{""1"": ""Yes"", ""2"": ""No""}",,,,
586,MIG520F,Reasons to move abroad: Attracted by the way of life,float64,0,2000,0,"{""1"": ""Yes"", ""2"": ""No""}",,,,
587,MIG520G,Reason to move abroad: Attracted by the social advantages,float64,0,2000,0,"{""1"": ""Yes"", ""2"": ""No""}",,,,
588,MIG520H,My skills will be more highly valued,float64,0,2000,0,"{""1"": ""Yes"", ""2"": ""No""}",,,,
589,MIG520_b,Reason to move abroad: Other,float64,43,1957,12,"{""1"": ""Aider ma famille"", ""2"": ""amelioration niveau vie"", ""3"": ""animation"", ""4"": ""Assurer l'avenir"", ""5"": ""Découverte de la civilisation Arabe"", ""6"": ""Devenir riche"", ""7"": ""education"", ""8"": ""Facilité de travail"", ""9"": ""Fuire la misère"", ""10"": ""houroub minal aadela"", ""11"": ""J'en ai marre"", ""12"": ""LOISIR"", ""13"": ""mariage"", ""14"": ""Mariage"", ""15"": ""Né en France"", ""16"": ""Non précisé"", ""17"": ""Pas d'avenir au pays"", ""18"": ""personnel"", ""19"": ""plus d'avantage"", ""20"": ""plus de chance"", ""21"": ""pour trouver un emploi"", ""22"": ""Sans réponse"", ""23"": ""Travail"", ""24"": ""voir des docteurs""}",,,2.0,24.0
590,MIG521,Founds for emigration,float64,0,2000,0,"{""1"": ""Savings"", ""2"": ""Parents' assistance"", ""3"": ""Friends' assistance"", ""4"": ""Other""}",,,,
591,MIG521A,Founds for emigration: savings,float64,1088,912,2,"{""1"": ""Yes"", ""2"": ""No""}",,,1.0,2.0
592,MIG521B,Founds for emigration: Parents' assistance,float64,1088,912,2,"{""1"": ""Yes"", ""2"": ""No""}",,,1.0,2.0
593,MIG521C,Founds for emigration: Friends' assistance,float64,1088,912,2,"{""1"": ""Yes"", ""2"": ""No""}",,,1.0,2.0
594,MIG521_b,Founds for emigration: Other,float64,114,1886,11,"{""1"": ""Aide des parents"", ""2"": ""Aide providentiel"", ""3"": ""bay3 elkhamer w ser9a"", ""4"": ""bourse"", ""5"": ""Bourse"", ""6"": ""C. Friends` assistance"", ""7"": ""Clandestin"", ""8"": ""D. Grant"", ""9"": ""E. Loan"", ""10"": ""Epargne"", ""11"": ""Etat"", ""12"": ""F. Spouse"", ""13"": ""famille"", ""14"": ""G. Do not Know"", ""15"": ""Grand-mère"", ""16"": ""Héritage"", ""17"": ""je ne sait pas"", ""18"": ""le foot"", ""19"": ""Le mari"", ""20"": ""Mariage"", ""21"": ""migration"", ""22"": ""mon mari"", ""23"": ""ne sait pas"", ""24"": ""Ne sait pas"", ""25"": ""NSP"", ""26"": ""Prêt"", ""27"": ""Sans réponse"", ""28"": ""travail"", ""29"": ""Travail""}",,,3.0,28.0
595,MIG522,Plans for abroad,float64,1088,912,4,"{""1"": ""Move from one country to another"", ""2"": ""Stay in the destination country a number of years"", ""3"": ""Settle in the destination country"", ""4"": ""I don`t know""}",,,1.0,4.0
596,MIG523,Irregular migration,float64,1087,913,2,"{""1"": ""Yes"", ""2"": ""No""}",,,1.0,2.0
597,MIG524,Likelihood of emigration within next five years,float64,1087,913,4,"{""1"": ""Very likely"", ""2"": ""Quite likely"", ""3"": ""Not very likely"", ""4"": ""Very unlikely""}",,,1.0,4.0
598,MIG525A,Parents living abroad,float64,2000,0,2,"{""1"": ""Yes"", ""2"": ""No""}",,,1.0,2.0
599,MIG525B,Spouse living abroad,float64,2000,0,2,"{""1"": ""Yes"", ""2"": ""No""}",,,1.0,2.0
600,MIG525C,Siblings living abroad,float64,2000,0,2,"{""1"": ""Yes"", ""2"": ""No""}",,,1.0,2.0
601,MIG525D,Other family members living abroad,float64,2000,0,2,"{""1"": ""Yes"", ""2"": ""No""}",,,1.0,2.0
602,MIG525E,Friends living abroad,float64,2000,0,2,"{""1"": ""Yes"", ""2"": ""No""}",,,1.0,2.0
603,MIG525F,Colleagues living abroad,float64,2000,0,2,"{""1"": ""Yes"", ""2"": ""No""}",,,1.0,2.0
604,MIG526AA,School/work performance-parents: frequency of speaking,float64,40,1960,5,"{""1"": ""Regularly"", ""2"": ""Often"", ""3"": ""Sometimes"", ""4"": ""Rarely"", ""5"": ""Never""}",,,1.0,5.0
605,MIG526AB,School/work performance-spouse: frequency of speaking,float64,12,1988,4,"{""1"": ""Regularly"", ""2"": ""Often"", ""3"": ""Sometimes"", ""4"": ""Rarely"", ""5"": ""Never""}",,,1.0,5.0
606,MIG526AC,School/work performance-siblings: frequency of speaking,float64,150,1850,5,"{""1"": ""Regularly"", ""2"": ""Often"", ""3"": ""Sometimes"", ""4"": ""Rarely"", ""5"": ""Never""}",,,1.0,5.0
607,MIG526AD,School/work performance-other family members: frequency of speaking,float64,1036,964,5,"{""1"": ""Regularly"", ""2"": ""Often"", ""3"": ""Sometimes"", ""4"": ""Rarely"", ""5"": ""Never""}",,,1.0,5.0
608,MIG526AE,School/work performance-friends: frequency of speaking,float64,458,1542,5,"{""1"": ""Regularly"", ""2"": ""Often"", ""3"": ""Sometimes"", ""4"": ""Rarely"", ""5"": ""Never""}",,,1.0,5.0
609,MIG526AF,School/work performance colleagues/classmates: frequency of speaking,float64,30,1970,5,"{""1"": ""Regularly"", ""2"": ""Often"", ""3"": ""Sometimes"", ""4"": ""Rarely"", ""5"": ""Never""}",,,1.0,5.0
610,MIG526BA,Relationships/sexuality-parents: frequency of speaking,float64,40,1960,5,"{""1"": ""Regularly"", ""2"": ""Often"", ""3"": ""Sometimes"", ""4"": ""Rarely"", ""5"": ""Never""}",,,1.0,5.0
611,MIG526BB,Relationships/sexuality-spouse: frequency of speaking,float64,12,1988,5,"{""1"": ""Regularly"", ""2"": ""Often"", ""3"": ""Sometimes"", ""4"": ""Rarely"", ""5"": ""Never""}",,,1.0,5.0
612,MIG526BC,Relationships/sexuality-siblings: frequency of speaking,float64,150,1850,5,"{""1"": ""Regularly"", ""2"": ""Often"", ""3"": ""Sometimes"", ""4"": ""Rarely"", ""5"": ""Never""}",,,1.0,5.0
613,MIG526BD,Relationships/sexuality-other family members: frequency of speaking,float64,1036,964,5,"{""1"": ""Regularly"", ""2"": ""Often"", ""3"": ""Sometimes"", ""4"": ""Rarely"", ""5"": ""Never""}",,,1.0,5.0
614,MIG526BE,Relationships/sexuality-friends: frequency of speaking,float64,458,1542,5,"{""1"": ""Regularly"", ""2"": ""Often"", ""3"": ""Sometimes"", ""4"": ""Rarely"", ""5"": ""Never""}",,,1.0,5.0
615,MIG526BF,Relationships/sexuality-colleagues/classmates: frequency of speaking,float64,30,1970,5,"{""1"": ""Regularly"", ""2"": ""Often"", ""3"": ""Sometimes"", ""4"": ""Rarely"", ""5"": ""Never""}",,,1.0,5.0
616,MIG526CA,Nat_affairs-parents: frequency of speaking,float64,40,1960,5,"{""1"": ""Regularly"", ""2"": ""Often"", ""3"": ""Sometimes"", ""4"": ""Rarely"", ""5"": ""Never""}",,,1.0,5.0
617,MIG526CB,Nat_affairs-spouse: frequency of speaking,float64,12,1988,5,"{""1"": ""Regularly"", ""2"": ""Often"", ""3"": ""Sometimes"", ""4"": ""Rarely"", ""5"": ""Never""}",,,1.0,5.0
618,MIG526CC,Nat_affairs-siblings: frequency of speaking,float64,150,1850,5,"{""1"": ""Regularly"", ""2"": ""Often"", ""3"": ""Sometimes"", ""4"": ""Rarely"", ""5"": ""Never""}",,,1.0,5.0
619,MIG526CD,Nat_affairs-other family members: frequency of speaking,float64,1036,964,5,"{""1"": ""Regularly"", ""2"": ""Often"", ""3"": ""Sometimes"", ""4"": ""Rarely"", ""5"": ""Never""}",,,1.0,5.0
620,MIG526CE,Nat_affairs-friends: frequency of speaking,float64,458,1542,5,"{""1"": ""Regularly"", ""2"": ""Often"", ""3"": ""Sometimes"", ""4"": ""Rarely"", ""5"": ""Never""}",,,1.0,5.0
621,MIG526CF,Nat_affairs-colleagues/classmates: frequency of speaking,float64,30,1970,5,"{""1"": ""Regularly"", ""2"": ""Often"", ""3"": ""Sometimes"", ""4"": ""Rarely"", ""5"": ""Never""}",,,1.0,5.0
622,MIG526DA,Regional affairs-parents: frequency of speaking,float64,40,1960,5,"{""1"": ""Regularly"", ""2"": ""Often"", ""3"": ""Sometimes"", ""4"": ""Rarely"", ""5"": ""Never""}",,,1.0,5.0
623,MIG526DB,Regional affairs-spouse: frequency of speaking,float64,12,1988,5,"{""1"": ""Regularly"", ""2"": ""Often"", ""3"": ""Sometimes"", ""4"": ""Rarely"", ""5"": ""Never""}",,,1.0,5.0
624,MIG526DC,Regional affairs-siblings: frequency of speaking,float64,150,1850,5,"{""1"": ""Regularly"", ""2"": ""Often"", ""3"": ""Sometimes"", ""4"": ""Rarely"", ""5"": ""Never""}",,,1.0,5.0
625,MIG526DD,Regional affairs-other family members: frequency of speaking,float64,1036,964,5,"{""1"": ""Regularly"", ""2"": ""Often"", ""3"": ""Sometimes"", ""4"": ""Rarely"", ""5"": ""Never""}",,,1.0,5.0
626,MIG526DE,Regional affairs-friends: frequency of speaking,float64,458,1542,5,"{""1"": ""Regularly"", ""2"": ""Often"", ""3"": ""Sometimes"", ""4"": ""Rarely"", ""5"": ""Never""}",,,1.0,5.0
627,MIG526DF,Regional affairs-colleagues/classmates: frequency of speaking,float64,30,1970,5,"{""1"": ""Regularly"", ""2"": ""Often"", ""3"": ""Sometimes"", ""4"": ""Rarely"", ""5"": ""Never""}",,,1.0,5.0
628,MIG526EA,Int_affairs-parents: frequency of speaking,float64,40,1960,5,"{""1"": ""Regularly"", ""2"": ""Often"", ""3"": ""Sometimes"", ""4"": ""Rarely"", ""5"": ""Never""}",,,1.0,5.0
629,MIG526EB,Int_affairs-spouse: frequency of speaking,float64,12,1988,5,"{""1"": ""Regularly"", ""2"": ""Often"", ""3"": ""Sometimes"", ""4"": ""Rarely"", ""5"": ""Never""}",,,1.0,5.0
630,MIG526EC,Int_affairs-siblings: frequency of speaking,float64,150,1850,5,"{""1"": ""Regularly"", ""2"": ""Often"", ""3"": ""Sometimes"", ""4"": ""Rarely"", ""5"": ""Never""}",,,1.0,5.0
631,MIG526ED,Int_affairs-other family members: frequency of speaking,float64,1036,964,5,"{""1"": ""Regularly"", ""2"": ""Often"", ""3"": ""Sometimes"", ""4"": ""Rarely"", ""5"": ""Never""}",,,1.0,5.0
632,MIG526EE,Int_affairs-friends: frequency of speaking,float64,458,1542,5,"{""1"": ""Regularly"", ""2"": ""Often"", ""3"": ""Sometimes"", ""4"": ""Rarely"", ""5"": ""Never""}",,,1.0,5.0
633,MIG526EF,Int_affairs-colleagues/classmates: frequency of speaking,float64,30,1970,5,"{""1"": ""Regularly"", ""2"": ""Often"", ""3"": ""Sometimes"", ""4"": ""Rarely"", ""5"": ""Never""}",,,1.0,5.0
634,MIG526FA,Corruption-parents: frequency of speaking,float64,40,1960,5,"{""1"": ""Regularly"", ""2"": ""Often"", ""3"": ""Sometimes"", ""4"": ""Rarely"", ""5"": ""Never""}",,,1.0,5.0
635,MIG526FB,Corruption-spouse: frequency of speaking,float64,12,1988,4,"{""1"": ""Regularly"", ""2"": ""Often"", ""3"": ""Sometimes"", ""4"": ""Rarely"", ""5"": ""Never""}",,,1.0,5.0
636,MIG526FC,Corruption-siblings: frequency of speaking,float64,150,1850,5,"{""1"": ""Regularly"", ""2"": ""Often"", ""3"": ""Sometimes"", ""4"": ""Rarely"", ""5"": ""Never""}",,,1.0,5.0
637,MIG526FD,Corruption-other family members: frequency of speaking,float64,1036,964,5,"{""1"": ""Regularly"", ""2"": ""Often"", ""3"": ""Sometimes"", ""4"": ""Rarely"", ""5"": ""Never""}",,,1.0,5.0
638,MIG526FE,Corruption-friends: frequency of speaking,float64,458,1542,5,"{""1"": ""Regularly"", ""2"": ""Often"", ""3"": ""Sometimes"", ""4"": ""Rarely"", ""5"": ""Never""}",,,1.0,5.0
639,MIG526FF,Corruption-colleagues/classmates: frequency of speaking,float64,30,1970,5,"{""1"": ""Regularly"", ""2"": ""Often"", ""3"": ""Sometimes"", ""4"": ""Rarely"", ""5"": ""Never""}",,,1.0,5.0
640,MIG526GA,Corruption-parents: frequency of speaking,float64,40,1960,5,"{""1"": ""Regularly"", ""2"": ""Often"", ""3"": ""Sometimes"", ""4"": ""Rarely"", ""5"": ""Never""}",,,1.0,5.0
641,MIG526GB,Corruption-spouse: frequency of speaking,float64,14,1986,4,"{""1"": ""Regularly"", ""2"": ""Often"", ""3"": ""Sometimes"", ""4"": ""Rarely"", ""5"": ""Never""}",,,1.0,5.0
642,MIG526GC,Corruption-siblings: frequency of speaking,float64,150,1850,5,"{""1"": ""Regularly"", ""2"": ""Often"", ""3"": ""Sometimes"", ""4"": ""Rarely"", ""5"": ""Never""}",,,1.0,5.0
643,MIG526GD,Corruption-other family members: frequency of speaking,float64,1036,964,5,"{""1"": ""Regularly"", ""2"": ""Often"", ""3"": ""Sometimes"", ""4"": ""Rarely"", ""5"": ""Never""}",,,1.0,5.0
644,MIG526GE,Corruption-friends: frequency of speaking,float64,458,1542,5,"{""1"": ""Regularly"", ""2"": ""Often"", ""3"": ""Sometimes"", ""4"": ""Rarely"", ""5"": ""Never""}",,,1.0,5.0
645,MIG526GF,Corruption-colleagues/classmates: frequency of speaking,float64,30,1970,5,"{""1"": ""Regularly"", ""2"": ""Often"", ""3"": ""Sometimes"", ""4"": ""Rarely"", ""5"": ""Never""}",,,1.0,5.0
646,POL61A,Belong to Cultural association,float64,2000,0,5,"{""1"": ""Yes, as a sympathiser"", ""2"": ""Yes, as a participant"", ""3"": ""Yes, as a donor"", ""4"": ""Yes, performing voluntary work"", ""5"": ""No""}",,,1.0,5.0
647,POL61B,Belong to Humanitarian or charity organisation,float64,2000,0,5,"{""1"": ""Yes, as a sympathiser"", ""2"": ""Yes, as a participant"", ""3"": ""Yes, as a donor"", ""4"": ""Yes, performing voluntary work"", ""5"": ""No""}",,,1.0,5.0
648,POL61C,Belong to Neighbourhood association,float64,2000,0,4,"{""1"": ""Yes, as a sympathiser"", ""2"": ""Yes, as a participant"", ""3"": ""Yes, as a donor"", ""4"": ""Yes, performing voluntary work"", ""5"": ""No""}",,,1.0,5.0
649,POL61D,Belong to Women's association,float64,2000,0,4,"{""1"": ""Yes, as a sympathiser"", ""2"": ""Yes, as a participant"", ""3"": ""Yes, as a donor"", ""4"": ""Yes, performing voluntary work"", ""5"": ""No""}",,,1.0,5.0
650,POL61E,"Belong to Youth club, sports club or Scouts",float64,2000,0,5,"{""1"": ""Yes, as a sympathiser"", ""2"": ""Yes, as a participant"", ""3"": ""Yes, as a donor"", ""4"": ""Yes, performing voluntary work"", ""5"": ""No""}",,,1.0,5.0
651,POL61F,Belong to Union,float64,2000,0,5,"{""1"": ""Yes, as a sympathiser"", ""2"": ""Yes, as a participant"", ""3"": ""Yes, as a donor"", ""4"": ""Yes, performing voluntary work"", ""5"": ""No""}",,,1.0,5.0
652,POL61G,Belong to political party,float64,2000,0,4,"{""1"": ""Yes, as a sympathiser"", ""2"": ""Yes, as a participant"", ""3"": ""Yes, as a donor"", ""4"": ""Yes, performing voluntary work"", ""5"": ""No""}",,,1.0,5.0
653,POL61H,Belong to political movement,float64,2000,0,5,"{""1"": ""Yes, as a sympathiser"", ""2"": ""Yes, as a participant"", ""3"": ""Yes, as a donor"", ""4"": ""Yes, performing voluntary work"", ""5"": ""No""}",,,1.0,5.0
654,POL61I,Belong to group seeking to provide services to community,float64,2000,0,5,"{""1"": ""Yes, as a sympathiser"", ""2"": ""Yes, as a participant"", ""3"": ""Yes, as a donor"", ""4"": ""Yes, performing voluntary work"", ""5"": ""No""}",,,1.0,5.0
655,POL61J,Belong to faith-based group,float64,2000,0,4,"{""1"": ""Yes, as a sympathiser"", ""2"": ""Yes, as a participant"", ""3"": ""Yes, as a donor"", ""4"": ""Yes, performing voluntary work"", ""5"": ""No""}",,,1.0,5.0
656,POL61K,Belong to religious association,float64,2000,0,5,"{""1"": ""Yes, as a sympathiser"", ""2"": ""Yes, as a participant"", ""3"": ""Yes, as a donor"", ""4"": ""Yes, performing voluntary work"", ""5"": ""No""}",,,1.0,5.0
657,POL61L,Belong to other group/association,float64,2000,0,3,"{""1"": ""Yes, as a sympathiser"", ""2"": ""Yes, as a participant"", ""3"": ""Yes, as a donor"", ""4"": ""Yes, performing voluntary work"", ""5"": ""No""}",,,1.0,5.0
658,POL61_b,Other associations,float64,4,1996,4,"{""1"": ""Association sportive"", ""2"": ""Bureau d'élection"", ""3"": ""civil movement"", ""4"": ""club cinema"", ""5"": ""club musique"", ""6"": ""farmers cooperative"", ""7"": ""Monthly savings association""}",,,1.0,5.0
659,POL62A,Last 12 month: Participated in party political meeting or  activities,float64,2000,0,6,"{""1"": ""Every day"", ""2"": ""More than once a week"", ""3"": ""About once a week"", ""4"": ""About once a month"", ""5"": ""A few times a year"", ""6"": ""Never""}",,,1.0,6.0
660,POL62B,Last 12 month: Donation to a party or an association,float64,2000,0,5,"{""1"": ""Every day"", ""2"": ""More than once a week"", ""3"": ""About once a week"", ""4"": ""About once a month"", ""5"": ""A few times a year"", ""6"": ""Never""}",,,1.0,6.0
661,POL62C,Last 12 month: Signatures or signed a petition,float64,2000,0,4,"{""1"": ""Every day"", ""2"": ""More than once a week"", ""3"": ""About once a week"", ""4"": ""About once a month"", ""5"": ""A few times a year"", ""6"": ""Never""}",,,3.0,6.0
662,POL62D,Last 12 month: Participate in night watches,float64,2000,0,6,"{""1"": ""Every day"", ""2"": ""More than once a week"", ""3"": ""About once a week"", ""4"": ""About once a month"", ""5"": ""A few times a year"", ""6"": ""Never""}",,,1.0,6.0
663,POL62E,Last 12 month: Participate demonstrations,float64,2000,0,6,"{""1"": ""Every day"", ""2"": ""More than once a week"", ""3"": ""About once a week"", ""4"": ""About once a month"", ""5"": ""A few times a year"", ""6"": ""Never""}",,,1.0,6.0
664,POL62F,Last 12 month: Strike,float64,2000,0,6,"{""1"": ""Every day"", ""2"": ""More than once a week"", ""3"": ""About once a week"", ""4"": ""About once a month"", ""5"": ""A few times a year"", ""6"": ""Never""}",,,1.0,6.0
665,POL62G,Last 12 month: Violent action,float64,2000,0,3,"{""1"": ""Every day"", ""2"": ""More than once a week"", ""3"": ""About once a week"", ""4"": ""About once a month"", ""5"": ""A few times a year"", ""6"": ""Never""}",,,3.0,6.0
666,POL62H,Last 12 month: Electoral campaigns,float64,2000,0,6,"{""1"": ""Every day"", ""2"": ""More than once a week"", ""3"": ""About once a week"", ""4"": ""About once a month"", ""5"": ""A few times a year"", ""6"": ""Never""}",,,1.0,6.0
667,POL62I,Last 12 month: Political participation via the internet,float64,2000,0,6,"{""1"": ""Every day"", ""2"": ""More than once a week"", ""3"": ""About once a week"", ""4"": ""About once a month"", ""5"": ""A few times a year"", ""6"": ""Never""}",,,1.0,6.0
668,POL63A,Pre 2011: Participated in party political meeting or  activities in the last 12,float64,2000,0,6,"{""1"": ""Every day"", ""2"": ""More than once a week"", ""3"": ""About once a week"", ""4"": ""About once a month"", ""5"": ""A few times a year"", ""6"": ""Never""}",,,1.0,6.0
669,POL63B,Pre 2011: Donation to a party or an association,float64,2000,0,6,"{""1"": ""Every day"", ""2"": ""More than once a week"", ""3"": ""About once a week"", ""4"": ""About once a month"", ""5"": ""A few times a year"", ""6"": ""Never""}",,,1.0,6.0
670,POL63C,Pre 2011:  Collect signatures or sign petition,float64,2000,0,5,"{""1"": ""Every day"", ""2"": ""More than once a week"", ""3"": ""About once a week"", ""4"": ""About once a month"", ""5"": ""A few times a year"", ""6"": ""Never""}",,,1.0,6.0
671,POL63D,Before 2011: Night watches,float64,2000,0,6,"{""1"": ""Every day"", ""2"": ""More than once a week"", ""3"": ""About once a week"", ""4"": ""About once a month"", ""5"": ""A few times a year"", ""6"": ""Never""}",,,1.0,6.0
672,POL63E,Pre 2011: Demonstrations,float64,2000,0,6,"{""1"": ""Every day"", ""2"": ""More than once a week"", ""3"": ""About once a week"", ""4"": ""About once a month"", ""5"": ""A few times a year"", ""6"": ""Never""}",,,1.0,6.0
673,POL63F,Pre 2011: Strike,float64,2000,0,6,"{""1"": ""Every day"", ""2"": ""More than once a week"", ""3"": ""About once a week"", ""4"": ""About once a month"", ""5"": ""A few times a year"", ""6"": ""Never""}",,,1.0,6.0
674,POL63G,Pre 2011: Violent action,float64,2000,0,6,"{""1"": ""Every day"", ""2"": ""More than once a week"", ""3"": ""About once a week"", ""4"": ""About once a month"", ""5"": ""A few times a year"", ""6"": ""Never""}",,,1.0,6.0
675,POL63H,Pre 2011: Electoral campaigns,float64,2000,0,6,"{""1"": ""Every day"", ""2"": ""More than once a week"", ""3"": ""About once a week"", ""4"": ""About once a month"", ""5"": ""A few times a year"", ""6"": ""Never""}",,,1.0,6.0
676,POL63I,Pre 2011: Political participation via the internet,float64,2000,0,6,"{""1"": ""Every day"", ""2"": ""More than once a week"", ""3"": ""About once a week"", ""4"": ""About once a month"", ""5"": ""A few times a year"", ""6"": ""Never""}",,,1.0,6.0
677,POL63bA,National channels: importance in 2010-2011,float64,2000,0,5,"{""1"": ""Very important"", ""2"": ""Important"", ""3"": ""Neither important nor unimportant"", ""4"": ""Unimportant"", ""5"": ""Not important at all""}",,,1.0,5.0
678,POL63bB,Satellite channels: importance in 2010-2011,float64,2000,0,5,"{""1"": ""Very important"", ""2"": ""Important"", ""3"": ""Neither important nor unimportant"", ""4"": ""Unimportant"", ""5"": ""Not important at all""}",,,1.0,5.0
679,POL63bC,Radio: importance in 2010-2011,float64,2000,0,5,"{""1"": ""Very important"", ""2"": ""Important"", ""3"": ""Neither important nor unimportant"", ""4"": ""Unimportant"", ""5"": ""Not important at all""}",,,1.0,5.0
680,POL63bD,Internet: importance in 2010-2011,float64,2000,0,5,"{""1"": ""Very important"", ""2"": ""Important"", ""3"": ""Neither important nor unimportant"", ""4"": ""Unimportant"", ""5"": ""Not important at all""}",,,1.0,5.0
681,POL63bE,Newspapers: importance in 2010-2011,float64,2000,0,5,"{""1"": ""Very important"", ""2"": ""Important"", ""3"": ""Neither important nor unimportant"", ""4"": ""Unimportant"", ""5"": ""Not important at all""}",,,1.0,5.0
682,POL63bF,Word of mouth: importance in 2010-2011,float64,2000,0,5,"{""1"": ""Very important"", ""2"": ""Important"", ""3"": ""Neither important nor unimportant"", ""4"": ""Unimportant"", ""5"": ""Not important at all""}",,,1.0,5.0
683,POL63bG,Social networks: importance in 2010-2011,float64,2000,0,5,"{""1"": ""Very important"", ""2"": ""Important"", ""3"": ""Neither important nor unimportant"", ""4"": ""Unimportant"", ""5"": ""Not important at all""}",,,1.0,5.0
684,POL63bH,Workplace: importance in 2010-2011,float64,2000,0,5,"{""1"": ""Very important"", ""2"": ""Important"", ""3"": ""Neither important nor unimportant"", ""4"": ""Unimportant"", ""5"": ""Not important at all""}",,,1.0,5.0
685,POL63bI,Neighbourhood: importance in 2010-2011,float64,2000,0,5,"{""1"": ""Very important"", ""2"": ""Important"", ""3"": ""Neither important nor unimportant"", ""4"": ""Unimportant"", ""5"": ""Not important at all""}",,,1.0,5.0
686,POL63bJ,Meetings: importance in 2010-2011,float64,2000,0,5,"{""1"": ""Very important"", ""2"": ""Important"", ""3"": ""Neither important nor unimportant"", ""4"": ""Unimportant"", ""5"": ""Not important at all""}",,,1.0,5.0
687,POL63bK,Telephone: importance in 2010-2011,float64,2000,0,5,"{""1"": ""Very important"", ""2"": ""Important"", ""3"": ""Neither important nor unimportant"", ""4"": ""Unimportant"", ""5"": ""Not important at all""}",,,1.0,5.0
688,POL63bL,Email: importance in 2010-2011,float64,2000,0,5,"{""1"": ""Very important"", ""2"": ""Important"", ""3"": ""Neither important nor unimportant"", ""4"": ""Unimportant"", ""5"": ""Not important at all""}",,,1.0,5.0
689,POL63bM,Flyers: importance in 2010-2011,float64,2000,0,5,"{""1"": ""Very important"", ""2"": ""Important"", ""3"": ""Neither important nor unimportant"", ""4"": ""Unimportant"", ""5"": ""Not important at all""}",,,1.0,5.0
690,POL63bN,Other: importance in 2010-2011,float64,2000,0,2,"{""1"": ""Very important"", ""2"": ""Important"", ""3"": ""Neither important nor unimportant"", ""4"": ""Not important at all""}",,,1.0,4.0
691,POL63_bb,Other political activities,float64,6,1994,2,"{""1"": ""militaire"", ""2"": ""sur place""}",,,1.0,2.0
692,POL64AA,Speak: Nat_pol_affairs-Father,float64,2000,0,5,"{""1"": ""Regularly"", ""2"": ""Often"", ""3"": ""Sometimes"", ""4"": ""Rarely"", ""5"": ""Never""}",,,1.0,5.0
693,POL64AB,POL64AB,float64,2000,0,5,"{""1"": ""Regularly"", ""2"": ""Often"", ""3"": ""Sometimes"", ""4"": ""Rarely"", ""5"": ""Never""}",,,1.0,5.0
694,POL64AC,Speak: Nat_pol_affairs-Siblings,float64,2000,0,5,"{""1"": ""Regularly"", ""2"": ""Often"", ""3"": ""Sometimes"", ""4"": ""Rarely"", ""5"": ""Never""}",,,1.0,5.0
695,POL64AD,Speak: Nat_pol_affairs-Friends,float64,2000,0,5,"{""1"": ""Regularly"", ""2"": ""Often"", ""3"": ""Sometimes"", ""4"": ""Rarely"", ""5"": ""Never""}",,,1.0,5.0
696,POL64AE,Speak: Nat_pol_affairs-Spouse,float64,1992,8,5,"{""1"": ""Regularly"", ""2"": ""Often"", ""3"": ""Sometimes"", ""4"": ""Rarely"", ""5"": ""Never""}",,,1.0,5.0
697,POL64AF,Speak: Nat_pol_affairs-Colleagues/classmates,float64,1998,2,5,"{""1"": ""Regularly"", ""2"": ""Often"", ""3"": ""Sometimes"", ""4"": ""Rarely"", ""5"": ""Never""}",,,1.0,5.0
698,POL64AG,Speak: Nat_pol_affairs-Others,float64,1997,3,5,"{""1"": ""Regularly"", ""2"": ""Often"", ""3"": ""Sometimes"", ""4"": ""Rarely"", ""5"": ""Never""}",,,1.0,5.0
699,POL64BA,Speak: Int_/reg_ pol_affairs-Father,float64,1998,2,5,"{""1"": ""Regularly"", ""2"": ""Often"", ""3"": ""Sometimes"", ""4"": ""Rarely"", ""5"": ""Never""}",,,1.0,5.0
700,POL64BB,Speak: Int_/reg_ pol_affairs-Mother,float64,2000,0,5,"{""1"": ""Regularly"", ""2"": ""Often"", ""3"": ""Sometimes"", ""4"": ""Rarely"", ""5"": ""Never""}",,,1.0,5.0
701,POL64BC,Speak: Int_/reg_ pol_affairs-Siblings,float64,2000,0,5,"{""1"": ""Regularly"", ""2"": ""Often"", ""3"": ""Sometimes"", ""4"": ""Rarely"", ""5"": ""Never""}",,,1.0,5.0
702,POL64BD,Speak: Int_/reg_ pol_affairs-Friends,float64,2000,0,5,"{""1"": ""Regularly"", ""2"": ""Often"", ""3"": ""Sometimes"", ""4"": ""Rarely"", ""5"": ""Never""}",,,1.0,5.0
703,POL64BE,Speak: Int_/reg_ pol_affairs-Spouse,float64,1992,8,5,"{""1"": ""Regularly"", ""2"": ""Often"", ""3"": ""Sometimes"", ""4"": ""Rarely"", ""5"": ""Never""}",,,1.0,5.0
704,POL64BF,Speak: Int_/reg_ pol_affairs-Colleagues/classmates,float64,1998,2,5,"{""1"": ""Regularly"", ""2"": ""Often"", ""3"": ""Sometimes"", ""4"": ""Rarely"", ""5"": ""Never""}",,,1.0,5.0
705,POL64BG,Speak: Int_/reg_ pol_affairs-Others,float64,1997,3,5,"{""1"": ""Regularly"", ""2"": ""Often"", ""3"": ""Sometimes"", ""4"": ""Rarely"", ""5"": ""Never""}",,,1.0,5.0
706,POL64CA,Speak: Safety on the street-Father,float64,1998,2,5,"{""1"": ""Regularly"", ""2"": ""Often"", ""3"": ""Sometimes"", ""4"": ""Rarely"", ""5"": ""Never""}",,,1.0,5.0
707,POL64CB,Speak: Safety on the street-Mother,float64,2000,0,5,"{""1"": ""Regularly"", ""2"": ""Often"", ""3"": ""Sometimes"", ""4"": ""Rarely"", ""5"": ""Never""}",,,1.0,5.0
708,POL64CC,Speak: Safety on the street-Siblings,float64,2000,0,5,"{""1"": ""Regularly"", ""2"": ""Often"", ""3"": ""Sometimes"", ""4"": ""Rarely"", ""5"": ""Never""}",,,1.0,5.0
709,POL64CD,Speak: Safety on the street-Friends,float64,2000,0,5,"{""1"": ""Regularly"", ""2"": ""Often"", ""3"": ""Sometimes"", ""4"": ""Rarely"", ""5"": ""Never""}",,,1.0,5.0
710,POL64CE,Speak: Safety on the street-Spouse,float64,1992,8,5,"{""1"": ""Regularly"", ""2"": ""Often"", ""3"": ""Sometimes"", ""4"": ""Rarely"", ""5"": ""Never""}",,,1.0,5.0
711,POL64CF,Speak: Safety on the street-Colleagues/classmates,float64,1998,2,5,"{""1"": ""Regularly"", ""2"": ""Often"", ""3"": ""Sometimes"", ""4"": ""Rarely"", ""5"": ""Never""}",,,1.0,5.0
712,POL64CG,Speak: Safety on the street-Others,float64,1997,3,5,"{""1"": ""Regularly"", ""2"": ""Often"", ""3"": ""Sometimes"", ""4"": ""Rarely"", ""5"": ""Never""}",,,1.0,5.0
713,POL64DA,Speak: Economic issues-Father,float64,1998,2,5,"{""1"": ""Regularly"", ""2"": ""Often"", ""3"": ""Sometimes"", ""4"": ""Rarely"", ""5"": ""Never""}",,,1.0,5.0
714,POL64DB,Speak: Economic issues-Mother,float64,2000,0,5,"{""1"": ""Regularly"", ""2"": ""Often"", ""3"": ""Sometimes"", ""4"": ""Rarely"", ""5"": ""Never""}",,,1.0,5.0
715,POL64DC,Speak: Economic issues-Siblings,float64,2000,0,5,"{""1"": ""Regularly"", ""2"": ""Often"", ""3"": ""Sometimes"", ""4"": ""Rarely"", ""5"": ""Never""}",,,1.0,5.0
716,POL64DD,Speak: Economic issues-Friends,float64,2000,0,5,"{""1"": ""Regularly"", ""2"": ""Often"", ""3"": ""Sometimes"", ""4"": ""Rarely"", ""5"": ""Never""}",,,1.0,5.0
717,POL64DE,Speak: Economic issues-Spouse,float64,1992,8,5,"{""1"": ""Regularly"", ""2"": ""Often"", ""3"": ""Sometimes"", ""4"": ""Rarely"", ""5"": ""Never""}",,,1.0,5.0
718,POL64DF,Speak: Economic issues-Colleagues/classmates,float64,1998,2,5,"{""1"": ""Regularly"", ""2"": ""Often"", ""3"": ""Sometimes"", ""4"": ""Rarely"", ""5"": ""Never""}",,,1.0,5.0
719,POL64DG,Speak: Economic issues-Others,float64,1997,3,5,"{""1"": ""Regularly"", ""2"": ""Often"", ""3"": ""Sometimes"", ""4"": ""Rarely"", ""5"": ""Never""}",,,1.0,5.0
720,POL64EA,Speak: Express-Father,float64,1998,2,5,"{""1"": ""Regularly"", ""2"": ""Often"", ""3"": ""Sometimes"", ""4"": ""Rarely"", ""5"": ""Never""}",,,1.0,5.0
721,POL64EB,Speak: Express-Mother,float64,2000,0,5,"{""1"": ""Regularly"", ""2"": ""Often"", ""3"": ""Sometimes"", ""4"": ""Rarely"", ""5"": ""Never""}",,,1.0,5.0
722,POL64EC,Speak: Express-Siblings,float64,2000,0,5,"{""1"": ""Regularly"", ""2"": ""Often"", ""3"": ""Sometimes"", ""4"": ""Rarely"", ""5"": ""Never""}",,,1.0,5.0
723,POL64ED,Speak: Express-Friends,float64,2000,0,5,"{""1"": ""Regularly"", ""2"": ""Often"", ""3"": ""Sometimes"", ""4"": ""Rarely"", ""5"": ""Never""}",,,1.0,5.0
724,POL64EE,Speak: Express-Spouse,float64,1992,8,5,"{""1"": ""Regularly"", ""2"": ""Often"", ""3"": ""Sometimes"", ""4"": ""Rarely"", ""5"": ""Never""}",,,1.0,5.0
725,POL64EF,Speak: Express-Colleagues/classmates,float64,1998,2,5,"{""1"": ""Regularly"", ""2"": ""Often"", ""3"": ""Sometimes"", ""4"": ""Rarely"", ""5"": ""Never""}",,,1.0,5.0
726,POL64EG,Speak: Express-Others,float64,1997,3,5,"{""1"": ""Regularly"", ""2"": ""Often"", ""3"": ""Sometimes"", ""4"": ""Rarely"", ""5"": ""Never""}",,,1.0,5.0
727,POL65A,Most important problem in country,float64,1998,2,13,"{""1"": ""The economic situation"", ""2"": ""People`s standard of living"", ""3"": ""Democracy/ human rights"", ""4"": ""The education system"", ""5"": ""The health system"", ""6"": ""The increasing influence of religion over the government"", ""7"": ""Corruption"", ""8"": ""Morals in society"", ""9"": ""Jobs"", ""10"": ""Housing"", ""11"": ""Criminality and drugs"", ""12"": ""Terrorism"", ""13"": ""Other (specify)""}",,,1.0,13.0
728,POL65B,Second most important problem in country,float64,1998,2,13,"{""1"": ""The economic situation"", ""2"": ""People`s standard of living"", ""3"": ""Democracy/ human rights"", ""4"": ""The education system"", ""5"": ""The health system"", ""6"": ""The increasing influence of religion over the government"", ""7"": ""Corruption"", ""8"": ""Morals in society"", ""9"": ""Jobs"", ""10"": ""Housing"", ""11"": ""Criminality and drugs"", ""12"": ""Terrorism"", ""13"": ""Other (specify)""}",,,1.0,13.0
729,POL65C,Third most important problem in country,float64,1987,13,13,"{""1"": ""The economic situation"", ""2"": ""People`s standard of living"", ""3"": ""Democracy/ human rights"", ""4"": ""The education system"", ""5"": ""The health system"", ""6"": ""The increasing influence of religion over the government"", ""7"": ""Corruption"", ""8"": ""Morals in society"", ""9"": ""Jobs"", ""10"": ""Housing"", ""11"": ""Criminality and drugs"", ""12"": ""Terrorism"", ""13"": ""Other (specify)""}",,,1.0,13.0
730,POL65Ab,Other 1st important problems,float64,0,2000,0,"{""1"": ""allowing civil marriage"", ""2"": ""amendment/implementation of the consititution"", ""3"": ""bringing back our soliders home"", ""4"": ""Cooperation with unions and syndicates to organize the liberal professions"", ""5"": ""encourage cities in North Lebanon"", ""6"": ""encouraging investment"", ""7"": ""encouraging local production"", ""8"": ""fighting the politician`s dictatorship over the job market"", ""9"": ""garbage"", ""10"": ""limiting the monopoly"", ""11"": ""Military support"", ""12"": ""Organizing and monitoring the import process"", ""13"": ""parliment election law"", ""14"": ""presidential election"", ""15"": ""public transportation"", ""16"": ""rent policies"", ""17"": ""Security /homeland security"", ""18"": ""social seculirism"", ""19"": ""Social Security / pension plan"", ""20"": ""Strengthening the ministry of youth"", ""21"": ""Supporting the agriculture sector"", ""22"": ""transperacy in politics""}",,,,
731,POL65Bb,Other 2nd important problems,float64,0,2000,0,"{""1"": ""Communications"", ""2"": ""Corruption"", ""3"": ""encouraging investment"", ""4"": ""Environment"", ""5"": ""garbage"", ""6"": ""Military support"", ""7"": ""monitor gas pricing"", ""8"": ""parliment election law"", ""9"": ""Political situation"", ""10"": ""rent policies"", ""11"": ""Security /homeland security"", ""12"": ""social seculirism"", ""13"": ""Social Security / pension plan"", ""14"": ""Strengthening the ministry of youth"", ""15"": ""Supporting the agriculture sector"", ""16"": ""transperacy in politics""}",,,,
732,POL65Cb,Other 3rd important problems,float64,0,2000,0,"{""1"": ""Election law"", ""2"": ""Environment"", ""3"": ""garbage"", ""4"": ""parliment election law"", ""5"": ""Political situation"", ""6"": ""rent policies"", ""7"": ""Security /homeland security"", ""8"": ""social seculirism"", ""9"": ""Social Security / pension plan"", ""10"": ""Strengthening the ministry of youth"", ""11"": ""Supporting the agriculture sector"", ""12"": ""transperacy in politics"", ""13"": ""woman rights""}",,,,
733,POL65_b,Other important problems in country,float64,105,1895,36,"{""1"": ""communication"", ""2"": ""culture"", ""3"": ""developpement régional"", ""4"": ""education"", ""5"": ""infrastructure"", ""6"": ""L'administration"", ""7"": ""l'egalite sociale"", ""8"": ""l'environnement"", ""9"": ""l'infrastructure"", ""10"": ""la culture"", ""11"": ""la jeunesse"", ""12"": ""la justice"", ""13"": ""La mentalité"", ""14"": ""La pollution"", ""15"": ""la sagesse"", ""16"": ""la situation politique"", ""17"": ""La technologie"", ""18"": ""Le développement"", ""19"": ""le loi"", ""20"": ""Le secteur financier"", ""21"": ""le systeme de la religion"", ""22"": ""le transport"", ""23"": ""les culture et l'art"", ""24"": ""les ressourses de l'eau"", ""25"": ""loi"", ""26"": ""loisirs"", ""27"": ""mariage"", ""28"": ""migration"", ""29"": ""propreté et environnement"", ""30"": ""securité"", ""31"": ""situation politique"", ""32"": ""situation rurale"", ""33"": ""sport"", ""34"": ""tourisme"", ""35"": ""transport"", ""36"": ""violence contre la femme""}",,,1.0,36.0
734,POL66A,Confidence in the parliament,float64,2000,0,11,"{""0"": ""No confidence at all"", ""10"": ""Absolute confidence"", ""12"": ""No answer""}",,,0.0,10.0
735,POL66B,Confidence in political parties,float64,2000,0,11,"{""0"": ""No confidence at all"", ""10"": ""Absolute confidence"", ""12"": ""No answer""}",,,0.0,10.0
736,POL66C,Confidence in politicians,float64,2000,0,11,"{""0"": ""No confidence at all"", ""10"": ""Absolute confidence"", ""12"": ""No answer""}",,,0.0,10.0
737,POL66D,Confidence in elected local officials,float64,1999,1,11,"{""0"": ""No confidence at all"", ""10"": ""Absolute confidence"", ""12"": ""No answer""}",,,0.0,10.0
738,POL66E,Confidence in local administration,float64,2000,0,11,"{""0"": ""No confidence at all"", ""10"": ""Absolute confidence"", ""12"": ""No answer""}",,,0.0,10.0
739,POL66F,Confidence in administration in general,float64,2000,0,11,"{""0"": ""No confidence at all"", ""10"": ""Absolute confidence"", ""12"": ""No answer""}",,,0.0,10.0
740,POL66G,Confidence in associations and unions,float64,2000,0,11,"{""0"": ""No confidence at all"", ""10"": ""Absolute confidence"", ""12"": ""No answer""}",,,0.0,10.0
741,POL66H,Confidence in the government,float64,2000,0,11,"{""0"": ""No confidence at all"", ""10"": ""Absolute confidence"", ""12"": ""No answer""}",,,0.0,10.0
742,POL66I,Confidence in elections,float64,2000,0,11,"{""0"": ""No confidence at all"", ""10"": ""Absolute confidence"", ""12"": ""No answer""}",,,0.0,10.0
743,POL66J,Confidence in national media,float64,2000,0,11,"{""0"": ""No confidence at all"", ""10"": ""Absolute confidence"", ""12"": ""No answer""}",,,0.0,10.0
744,POL66K,Confidence in foreign media,float64,2000,0,11,"{""0"": ""No confidence at all"", ""10"": ""Absolute confidence"", ""12"": ""No answer""}",,,0.0,10.0
745,POL66L,Confidence in religious associations,float64,1999,1,11,"{""0"": ""No confidence at all"", ""10"": ""Absolute confidence"", ""12"": ""No answer""}",,,0.0,10.0
746,POL66M,Confidence in the police,float64,2000,0,11,"{""0"": ""No confidence at all"", ""10"": ""Absolute confidence"", ""12"": ""No answer""}",,,0.0,10.0
747,POL66N,Confidence in people in general,float64,2000,0,11,"{""0"": ""No confidence at all"", ""10"": ""Absolute confidence"", ""12"": ""No answer""}",,,0.0,10.0
748,POL66O,Confidence in the legal system,float64,1999,1,11,"{""0"": ""No confidence at all"", ""10"": ""Absolute confidence"", ""12"": ""No answer""}",,,0.0,10.0
749,POL66P,Confidence in employers,float64,1998,2,11,"{""0"": ""No confidence at all"", ""10"": ""Absolute confidence"", ""12"": ""No answer""}",,,0.0,10.0
750,POL66Q,Confidence in the education system,float64,2000,0,11,"{""0"": ""No confidence at all"", ""10"": ""Absolute confidence"", ""12"": ""No answer""}",,,0.0,10.0
751,POL66R,Confidence in religious leaders,float64,2000,0,11,"{""0"": ""No confidence at all"", ""10"": ""Absolute confidence"", ""12"": ""No answer""}",,,0.0,10.0
752,POL66S,Confidence in the European Union,float64,2000,0,11,"{""0"": ""No confidence at all"", ""10"": ""Absolute confidence"", ""12"": ""No answer""}",,,0.0,10.0
753,POL66T,Confidence in the Arab League,float64,2000,0,11,"{""0"": ""No confidence at all"", ""10"": ""Absolute confidence"", ""12"": ""No answer""}",,,0.0,10.0
754,POL66U,Confidence in the United Nations,float64,2000,0,11,"{""0"": ""No confidence at all"", ""10"": ""Absolute confidence"", ""12"": ""No answer""}",,,0.0,10.0
755,POL66V,Confidence in the United States,float64,2000,0,11,"{""0"": ""No confidence at all"", ""10"": ""Absolute confidence"", ""12"": ""No answer""}",,,0.0,10.0
756,POL66W,Confidence in the Arab Maghreb Union,float64,2000,0,11,"{""0"": ""No confidence at all"", ""10"": ""Absolute confidence"", ""12"": ""No answer""}",,,0.0,10.0
757,POL66A_m,MA - Confidence in the parliament,float64,0,2000,0,"{""1"": ""No confidence at all"", ""10"": ""Absolute confidence""}",,,,
758,POL66B_m,MA - Confidence in political parties,float64,0,2000,0,"{""1"": ""No confidence at all"", ""10"": ""Absolute confidence""}",,,,
759,POL66C_m,MA - Confidence in politicians,float64,0,2000,0,"{""1"": ""No confidence at all"", ""10"": ""Absolute confidence""}",,,,
760,POL66D_m,MA - Confidence in elected local officials,float64,0,2000,0,"{""1"": ""No confidence at all"", ""10"": ""Absolute confidence""}",,,,
761,POL66E_m,MA - Confidence in local administration,float64,0,2000,0,"{""1"": ""No confidence at all"", ""10"": ""Absolute confidence""}",,,,
762,POL66F_m,MA - Confidence in administration in general,float64,0,2000,0,"{""1"": ""No confidence at all"", ""10"": ""Absolute confidence""}",,,,
763,POL66G_m,MA - Confidence in associations and unions,float64,0,2000,0,"{""1"": ""No confidence at all"", ""10"": ""Absolute confidence""}",,,,
764,POL66H_m,MA - Confidence in the government,float64,0,2000,0,"{""1"": ""No confidence at all"", ""10"": ""Absolute confidence""}",,,,
765,POL66I_m,MA - Confidence in elections,float64,0,2000,0,"{""1"": ""No confidence at all"", ""10"": ""Absolute confidence""}",,,,
766,POL66J_m,MA - Confidence in national media,float64,0,2000,0,"{""1"": ""No confidence at all"", ""10"": ""Absolute confidence""}",,,,
767,POL66K_m,MA - Confidence in foreign media,float64,0,2000,0,"{""1"": ""No confidence at all"", ""10"": ""Absolute confidence""}",,,,
768,POL66L_m,MA - Confidence in religious associations,float64,0,2000,0,"{""1"": ""No confidence at all"", ""10"": ""Absolute confidence""}",,,,
769,POL66M_m,MA - Confidence in the police,float64,0,2000,0,"{""1"": ""No confidence at all"", ""10"": ""Absolute confidence""}",,,,
770,POL66N_m,MA - Confidence in people in general,float64,0,2000,0,"{""1"": ""No confidence at all"", ""10"": ""Absolute confidence""}",,,,
771,POL66O_m,MA - Confidence in the legal system,float64,0,2000,0,"{""1"": ""No confidence at all"", ""10"": ""Absolute confidence""}",,,,
772,POL66P_m,MA - Confidence in employers,float64,0,2000,0,"{""1"": ""No confidence at all"", ""10"": ""Absolute confidence""}",,,,
773,POL66Q_m,MA - Confidence in the education system,float64,0,2000,0,"{""1"": ""No confidence at all"", ""10"": ""Absolute confidence""}",,,,
774,POL66R_m,MA - Confidence in religious leaders,float64,0,2000,0,"{""1"": ""No confidence at all"", ""10"": ""Absolute confidence""}",,,,
775,POL66S_m,MA - Confidence in the European Union,float64,0,2000,0,"{""1"": ""No confidence at all"", ""10"": ""Absolute confidence""}",,,,
776,POL66T_m,MA - Confidence in the Arab League,float64,0,2000,0,"{""1"": ""No confidence at all"", ""10"": ""Absolute confidence""}",,,,
777,POL66U_m,MA - Confidence in the United Nations,float64,0,2000,0,"{""1"": ""No confidence at all"", ""10"": ""Absolute confidence""}",,,,
778,POL66V_m,MA - Confidence in the United States,float64,0,2000,0,"{""1"": ""No confidence at all"", ""10"": ""Absolute confidence""}",,,,
779,POL66W_m,MA - Confidence in the Arab Maghreb Union,float64,0,2000,0,"{""1"": ""No confidence at all"", ""10"": ""Absolute confidence""}",,,,
780,POL67,Following political news,float64,2000,0,4,"{""1"": ""Every day"", ""2"": ""Often"", ""3"": ""Rarely"", ""4"": ""Never""}",,,1.0,4.0
781,POL67_a,DZ - Following political news,float64,0,2000,0,"{""1"": ""Every day"", ""2"": ""Often"", ""3"": ""Sometimes"", ""4"": ""Rarely"", ""5"": ""Never""}",,,,
782,POL68,Vote when elections are called,float64,2000,0,5,"{""1"": ""Always"", ""2"": ""Often"", ""3"": ""Sometimes"", ""4"": ""Rarely"", ""5"": ""Never""}",,,1.0,5.0
783,POL69,Voted in last national elections,float64,2000,0,2,"{""1"": ""Yes"", ""2"": ""No""}",,,1.0,2.0
784,POL610,Reason for not voting in last national elections,float64,1352,648,6,"{""1"": ""I was not of legal voting age"", ""2"": ""I was abroad"", ""3"": ""Not interested"", ""4"": ""Voting has no effect"", ""5"": ""The elections are neither fair nor transparent"", ""6"": ""Other""}",,,1.0,6.0
785,POL611,Vote in the next elections,float64,2000,0,3,"{""1"": ""Certainly"", ""2"": ""Probably"", ""3"": ""Certainly not""}",,,1.0,3.0
786,POL612,Feeling closer to a political party,float64,2000,0,2,"{""1"": ""Yes"", ""2"": ""No""}",,,1.0,2.0
787,POL613_a,Closest political party - DZ,float64,0,2000,0,"{""1"": ""Rassemblement national démocratique (RND)"", ""2"": ""Parti des Travailleurs (PT)"", ""3"": ""Ahd 54"", ""4"": ""Mouvement de la Nahda (MN)"", ""5"": ""Harakat Moudjtamaa Es-Silm (HMS)"", ""6"": ""Parti du Front de Libération Nationale (FLN)"", ""7"": ""Parti Républicain Progressiste (PRP)"", ""8"": ""Rassemblement pour la Culture et la Démocratie (RCD)"", ""9"": ""Front des Forces Socialistes (FFS)"", ""10"": ""Parti Socialiste des travailleurs (PST)"", ""11"": ""Mouvement Islah"", ""12"": ""Front National Algérien (FNA)"", ""13"": ""Parti de la Liberté et de la Justice (PLJ)"", ""14"": ""Front El Moustakbal"", ""15"": ""Front du Changement (FC)"", ""16"": ""Parti des Jeunes (PJ)"", ""17"": ""Tajamoua Amel El Djazair, TAJ""}",,,,
788,POL613_e,Closest political party - EG,float64,0,2000,0,"{""1"": ""Al-Wafd party"", ""2"": ""Al-Ahrar"", ""3"": ""Al-Nour"", ""4"": ""National movement,  Al-Harakah Al-Wataniah"", ""5"": ""Al-Karamah"", ""6"": ""Love Egypt, Hob Misr""}",,,,
789,POL613_l,Closest political party - LB,float64,0,2000,0,"{""1"": ""Al Aazem wal Saada"", ""2"": ""Al Marada"", ""3"": ""Amal Movement"", ""4"": ""Arab Democratic Party"", ""5"": ""Communist Party"", ""6"": ""Democratic party"", ""7"": ""Emile Nawfal"", ""8"": ""Emile Rahmeh"", ""9"": ""Free patriotic movement"", ""10"": ""Future movement"", ""11"": ""Hezbollah"", ""12"": ""Islamic movement"", ""13"": ""Kataeb Party"", ""14"": ""Ketlet l Watanyeh (Carlos Eddeh)"", ""15"": ""Lebanese Forces"", ""16"": ""Progressive Socialist Party"", ""17"": ""Saraya Al Moqawama"", ""18"": ""Syrian Social Nationalist Partyýþ"", ""19"": ""Tashnaq"", ""20"": ""Wataniyin Al Ahrar""}",,,,
790,POL613_m,Closest political party - MA,float64,0,2000,0,"{""1"": ""PAM"", ""2"": ""Parti de l'indépendance"", ""3"": ""Parti mouvement populaire"", ""4"": ""PJD"", ""5"": ""PPS"", ""6"": ""RNI"", ""7"": ""Union constitutionnelle"", ""8"": ""Union socialiste""}",,,,
791,POL613_t,Closest political party - Tunisia,float64,281,1719,20,"{""1"": ""Mouvement Baath"", ""2"": ""Ennahdha"", ""3"": ""Parti de l'équité et de l'égalité"", ""4"": ""Mouvement national de la justice et du développement"", ""5"": ""Congrès pour la République"", ""6"": ""Parti républicain pour la liberté et l'équité"", ""7"": ""Parti républicain maghrébin"", ""8"": ""Afek Tounes"", ""9"": ""Front populaire unioniste"", ""10"": ""Union patriotique libre57"", ""11"": ""Congrès démocratique social"", ""12"": ""Voie démocratique et sociale (Al Massar)"", ""13"": ""Nidaa Tounes"", ""14"": ""Voix des agriculteurs"", ""15"": ""Hizb ut-Tahrir"", ""16"": ""Ettakatol al-Chaâbi men ajl Tounes"", ""17"": ""Pétition populaire(Courant de la réforme nationale)"", ""18"": ""Courant démocratique"", ""19"": ""Initiative nationale destourienne"", ""20"": ""Courant el mahaba""}",,,1.0,20.0
792,POL614,Have a say,float64,2000,0,11,"{""0"": ""Completely"", ""10"": ""Not at all"", ""99"": ""No answer""}",,,0.0,10.0
793,POL615,Play active role,float64,2000,0,11,"{""0"": ""Completely"", ""10"": ""Not at all"", ""99"": ""No answer""}",,,0.0,10.0
794,POL616,Corruption taking place in country,float64,2000,0,2,"{""1"": ""Yes"", ""2"": ""No""}",,,1.0,2.0
795,POL617,Encountered corruption/Rahwa,float64,2000,0,2,"{""1"": ""Yes"", ""2"": ""No""}",,,1.0,2.0
796,POL618,Nepotism occurs in country,float64,2000,0,2,"{""1"": ""Yes"", ""2"": ""No""}",,,1.0,2.0
797,POL619,Encountered nepotism,float64,2000,0,2,"{""1"": ""Yes"", ""2"": ""No""}",,,1.0,2.0
798,POL620A,Religion should not influence people's political decisions,float64,2000,0,4,"{""1"": ""Agree strongly"", ""2"": ""Agree"", ""3"": ""Disagree"", ""4"": ""Disagree strongly""}",,,1.0,4.0
799,POL620B,People with strong religious beliefs take on political responsibility,float64,2000,0,4,"{""1"": ""Agree strongly"", ""2"": ""Agree"", ""3"": ""Disagree"", ""4"": ""Disagree strongly""}",,,1.0,4.0
800,POL620C,Religious leaders should have influence over the government's decisions,float64,2000,0,4,"{""1"": ""Agree strongly"", ""2"": ""Agree"", ""3"": ""Disagree"", ""4"": ""Disagree strongly""}",,,1.0,4.0
801,POL620D,Religion is a private affair that should be separated from socio-economic life,float64,2000,0,4,"{""1"": ""Agree strongly"", ""2"": ""Agree"", ""3"": ""Disagree"", ""4"": ""Disagree strongly""}",,,1.0,4.0
802,POL621A,System led by a strong group that depends neither on parliament nor elections,float64,2000,0,4,"{""1"": ""Very good"", ""2"": ""Good/acceptable"", ""3"": ""Bad"", ""4"": ""Very bad""}",,,1.0,4.0
803,POL621B,A system where experts - and not a government -take decisions on what is best fo,float64,2000,0,4,"{""1"": ""Very good"", ""2"": ""Good/acceptable"", ""3"": ""Bad"", ""4"": ""Very bad""}",,,1.0,4.0
804,POL621C,Regime in which representatives depend on and should be accountable to the citiz,float64,2000,0,4,"{""1"": ""Very good"", ""2"": ""Good/acceptable"", ""3"": ""Bad"", ""4"": ""Very bad""}",,,1.0,4.0
805,POL621bAA,Currently everyone is free to say what they think_,float64,2000,0,5,"{""1"": ""Very bad"", ""5"": ""Excellent""}",,,1.0,5.0
806,POL621bAB,Pre 2011:  everyone was free to say what they think_,float64,2000,0,5,"{""1"": ""Very bad"", ""5"": ""Excellent""}",,,1.0,5.0
807,POL621bBA,"Currently everyone can enter/join the political party, organisation or movement",float64,2000,0,5,"{""1"": ""Very bad"", ""5"": ""Excellent""}",,,1.0,5.0
808,POL621bBB,"Pre 2011:  everyone could enter/join the political party, organisation or moveme",float64,2000,0,5,"{""1"": ""Very bad"", ""5"": ""Excellent""}",,,1.0,5.0
809,POL621bCA,Currently all ordinary citizens can influence the government,float64,2000,0,5,"{""1"": ""Very bad"", ""5"": ""Excellent""}",,,1.0,5.0
810,POL621bCB,Pre 2011:  all ordinary citizens could influence the government,float64,2000,0,5,"{""1"": ""Very bad"", ""5"": ""Excellent""}",,,1.0,5.0
811,POL621bDA,Currently corruption in the political parties and the state is under control,float64,2000,0,5,"{""1"": ""Very bad"", ""5"": ""Excellent""}",,,1.0,5.0
812,POL621bDB,Pre 2011:  corruption in the political parties and the state was under control,float64,2000,0,5,"{""1"": ""Very bad"", ""5"": ""Excellent""}",,,1.0,5.0
813,POL621bEA,POL621bEA,float64,2000,0,5,"{""1"": ""Very bad"", ""5"": ""Excellent""}",,,1.0,5.0
814,POL621bEB,Pre 2011:  people could live without fear of being illegally arrested,float64,2000,0,5,"{""1"": ""Very bad"", ""5"": ""Excellent""}",,,1.0,5.0
815,POL621bFA,Currently the prevention of crime and the maintenance of order are a priority,float64,2000,0,5,"{""1"": ""Very bad"", ""5"": ""Excellent""}",,,1.0,5.0
816,POL621bFB,Pre 2011:  the prevention of crime and the maintenance of order were a priority,float64,2000,0,5,"{""1"": ""Very bad"", ""5"": ""Excellent""}",,,1.0,5.0
817,POL621bGA,Currently the economy is in good shape and everybody can live decently,float64,2000,0,5,"{""1"": ""Very bad"", ""5"": ""Excellent""}",,,1.0,5.0
818,POL621bGB,Pre 2011:  the economy was in good shape and everybody can live decently,float64,2000,0,5,"{""1"": ""Very bad"", ""5"": ""Excellent""}",,,1.0,5.0
819,POL621bHA,Currently judges and tribunals are free from all government interference,float64,2000,0,5,"{""1"": ""Very bad"", ""5"": ""Excellent""}",,,1.0,5.0
820,POL621bHB,Pre 2011:  judges and tribunals  were free from all government interference,float64,2000,0,5,"{""1"": ""Very bad"", ""5"": ""Excellent""}",,,1.0,5.0
821,POL622A,Gender equality: Labour market,float64,2000,0,3,"{""1"": ""Yes, absolutely"", ""2"": ""Yes, to some extent"", ""3"": ""No, not at all""}",,,1.0,3.0
822,POL622B,Gender equality: Education,float64,2000,0,3,"{""1"": ""Yes, absolutely"", ""2"": ""Yes, to some extent"", ""3"": ""No, not at all""}",,,1.0,3.0
823,POL622C,Gender equality: Political participation,float64,2000,0,3,"{""1"": ""Yes, absolutely"", ""2"": ""Yes, to some extent"", ""3"": ""No, not at all""}",,,1.0,3.0
824,POL622D,Gender equality: Family code,float64,2000,0,3,"{""1"": ""Yes, absolutely"", ""2"": ""Yes, to some extent"", ""3"": ""No, not at all""}",,,1.0,3.0
825,POL623,Programmes/policies government put in place,float64,2000,0,3,"{""1"": ""Yes, I have been aware of them and I have benefitted from them"", ""2"": ""I have been aware of them"", ""3"": ""No""}",,,1.0,3.0
826,POL624A,Aware: Social welfare programmes/policies,float64,190,1810,2,"{""1"": ""Yes"", ""2"": ""No""}",,,1.0,2.0
827,POL624B,Aware: Employment programmes/policies,float64,190,1810,1,"{""1"": ""Yes"", ""2"": ""No""}",,,1.0,1.0
828,POL624C,Aware: Housing programmes/policies,float64,190,1810,2,"{""1"": ""Yes"", ""2"": ""No""}",,,1.0,2.0
829,POL624D,Aware: Study grants programmes/policies,float64,190,1810,1,"{""1"": ""Yes"", ""2"": ""No""}",,,1.0,1.0
830,POL625,Benefitting from cooperation with EU,float64,2000,0,2,"{""1"": ""Yes"", ""2"": ""No""}",,,1.0,2.0
831,POL626,MA - Which programme?,float64,0,2000,0,"{""1"": ""Aide aux jeunes"", ""2"": ""Aider les jeunes dans la création d'entreprise"", ""3"": ""Création d'entreprise"", ""4"": ""Des prêts pour le Maroc"", ""5"": ""Des subventions"", ""6"": ""Integrer les jeunes dans le developpement humain"", ""7"": ""L'emploi"", ""8"": ""Le developpement humain"", ""9"": ""LES PROGRAME DE LA JEUNESS""}",,,,
832,POL626A,Which programme(s)? Program 1,float64,35,1965,7,"{""1"": ""Aid program"", ""2"": ""Appui à la facilitation du commerce (FACICO)"", ""3"": ""Appui à la mise à niveau du système de formation professionnelle en Algérie'"", ""4"": ""Appui au management de l économie (AMECO)"", ""5"": ""AppuiauxPME/PMIetÃ lamaÃ®trisedestechnologiesdinformationetdecommunication(PMEII)"", ""6"": ""Argricultural tools"", ""7"": ""Children programs"", ""8"": ""Culture and heritage"", ""9"": ""DIVECOI-ProgrammdappÃ ldiversificationdlÃ©conom-SecteursAgriculture/Agrolmntr/Trsm"", ""10"": ""Education"", ""11"": ""Education grants"", ""12"": ""Enhancing democracy"", ""13"": ""funding municipalities"", ""14"": ""Globalization"", ""15"": ""Health services"", ""16"": ""Helping refugees"", ""17"": ""Helping the argricultors"", ""18"": ""Housing"", ""19"": ""Human rights"", ""20"": ""Human Rights"", ""21"": ""Humanitarian aid"", ""22"": ""Infrastructure ( sidewalks, water ...)"", ""23"": ""Infrastructure of artistic projects of Egypt"", ""24"": ""La compétitivité des entreprises et des services"", ""25"": ""La consolidation de l'Etat de droit et de la justice"", ""26"": ""La protection de l?environnement, le développement rural et"", ""27"": ""La réforme de l'administration et les réformes économiques"", ""28"": ""Le développement des ressources humaines et l?emploi"", ""29"": ""Le développement régional et local"", ""30"": ""Le renforcement de la société civile et des droits de l'Homm"", ""31"": ""Micro loans/helping small businesses\\"", ""32"": ""Power generators"", ""33"": ""Programme d  appui à la réforme de la santé"", ""34"": ""Programme d appui à la réforme du système pénitentiaire (Projet Justice II)"", ""35"": ""Programme d appui au secteur des ressources en eau"", ""36"": ""Programme d appui au secteur des transports"", ""37"": ""Programme dappui à la mise en uvre de l Accord d association"", ""38"": ""ProgrammedappuiÃ lareformedelenseignementsupÃ©rieuretdelarecherchescientifique"", ""39"": ""Projet d appui au secteur de l emploi"", ""40"": ""Social services"", ""41"": ""supporting the activities of social organizations"", ""42"": ""Supporting the economy"", ""43"": ""supporting the government"", ""44"": ""unemployment Assesment"", ""45"": ""Violence against women / Domestic violence"", ""46"": ""Water pumps""}",,,24.0,30.0
833,POL626B,Program 2,float64,12,1988,4,"{""1"": ""Aid program"", ""2"": ""Appui à la facilitation du commerce (FACICO)"", ""3"": ""Appui à la mise à niveau du système de formation professionnelle en Algérie'"", ""4"": ""AppuiauxPME/PMIetÃ lamaÃ®trisedestechnologiesdinformationetdecommunication(PMEII)"", ""5"": ""Argricultural tools"", ""6"": ""Armed forces"", ""7"": ""Autoroutes de la Mer"", ""8"": ""Culture and heritage"", ""9"": ""DIVECOI-ProgrammdappÃ ldiversificationdlÃ©conom-SecteursAgriculture/Agrolmntr/Trsm"", ""10"": ""Education"", ""11"": ""Education grants"", ""12"": ""gender equality"", ""13"": ""Granting visas"", ""14"": ""Helping people with special needs"", ""15"": ""Helping refugees"", ""16"": ""Helping the argricultors"", ""17"": ""Humanitarian aid"", ""18"": ""Infrastructure ( sidewalks, water ...)"", ""19"": ""La protection de l?environnement, le développement rural et"", ""20"": ""La réforme de l'administration et les réformes économiques"", ""21"": ""Le développement régional et local"", ""22"": ""Le renforcement de la société civile et des droits de l'Homm"", ""23"": ""Limiting unemployment"", ""24"": ""Micro loans/helping small businesses\\"", ""25"": ""Power generators"", ""26"": ""Programme d  appui à la réforme de la santé"", ""27"": ""Programme d appui au secteur de l eau et de l assainissement"", ""28"": ""Programme d appui au secteur des ressources en eau"", ""29"": ""Programme d appui au secteur des transports"", ""30"": ""ProgrammedappuiÃ lareformedelenseignementsupÃ©rieuretdelarecherchescientifique"", ""31"": ""Projet d appui au secteur de l emploi"", ""32"": ""Social services"", ""33"": ""supporting the activities of social organizations"", ""34"": ""supporting the government"", ""35"": ""Water pumps""}",,,19.0,22.0
834,POL626C,Program 3,float64,1,1999,1,"{""1"": ""Appui à la facilitation du commerce (FACICO)"", ""2"": ""Appui au management de l économie (AMECO)"", ""3"": ""AppuiauxPME/PMIetÃ lamaÃ®trisedestechnologiesdinformationetdecommunication(PMEII)"", ""4"": ""DIVECOI-ProgrammdappÃ ldiversificationdlÃ©conom-SecteursAgriculture/Agrolmntr/Trsm"", ""5"": ""Education grants"", ""6"": ""Financial assistance"", ""7"": ""Helping refugees"", ""8"": ""Housing"", ""9"": ""Humanitarian aid"", ""10"": ""Infrastructure ( sidewalks, water ...)"", ""11"": ""La protection de l?environnement, le développement rural et"", ""12"": ""Olive press machines"", ""13"": ""Programme d  appui à la réforme de la santé"", ""14"": ""Programme d appui à la réforme du système pénitentiaire (Projet Justice II)"", ""15"": ""Programme d appui au secteur de l eau et de l assainissement"", ""16"": ""Programme d appui au secteur des transports"", ""17"": ""ProgrammedappuiÃ lareformedelenseignementsupÃ©rieuretdelarecherchescientifique"", ""18"": ""Projet d appui au secteur de l emploi"", ""19"": ""Social services"", ""20"": ""supporting the activities of social organizations"", ""21"": ""Supporting the economy"", ""22"": ""Violence against women / Domestic violence""}",,,11.0,11.0
835,POL627,Benefiting from cooperation with EU,float64,2000,0,9,"{""1"": ""The people in general"", ""2"": ""The rich and powerful"", ""3"": ""The current government"", ""4"": ""Politicians"", ""5"": ""External actors"", ""6"": ""The security services "", ""7"": ""Young people"", ""8"": ""Civil society"", ""9"": ""Other (specify)""}",,,1.0,9.0
836,POL627b,Benefiting from cooperation with EU: Others,float64,225,1775,11,"{""1"": ""aucun"", ""2"": ""Aucune idée"", ""3"": ""banks that exploits money for personal uses"", ""4"": ""Banks where EU deposited their money deposited"", ""5"": ""C'est flou"", ""6"": ""Do not Know"", ""7"": ""education"", ""8"": ""elle ne connait pas l'UE"", ""9"": ""EU"", ""10"": ""je peux pas répondre"", ""11"": ""l'Unio européenne"", ""12"": ""le pays"", ""13"": ""les cotes"", ""14"": ""les pays riches"", ""15"": ""Ne connais pas l'UE"", ""16"": ""ne sait pas"", ""17"": ""Non concerné"", ""18"": ""Non précisé"", ""19"": ""notre economie"", ""20"": ""NSP"", ""21"": ""people in charge with organizations and municipalities"", ""22"": ""Refused to answer"", ""23"": ""Syrian refugees"", ""24"": ""tunisie"", ""25"": ""UE""}",,,1.0,24.0
837,POL628,Social class,float64,1995,5,11,"{""0"": ""The poorest"", ""10"": ""The richest"", ""99"": ""No answer""}",,,0.0,10.0
838,POL629,Been subject to any form of physical violence in past 12 months,float64,2000,0,2,"{""1"": ""Yes"", ""2"": ""No""}",,,1.0,2.0
839,POL630,Responsible for violence,float64,158,1842,8,"{""1"": ""Stranger"", ""2"": ""Pupil/ student/ work colleague"", ""3"": ""Manager/ instructor/ coach"", ""4"": ""Friend/ acquaintance"", ""5"": ""Ex-partner"", ""6"": ""Family member"", ""7"": ""Husband/ wife"", ""8"": ""Neighbour""}",,,1.0,8.0
840,POL631,Gender of responsible for violence,float64,158,1842,2,"{""1"": ""A man"", ""2"": ""A woman""}",,,1.0,2.0
841,POL632,Been confronted by someone in an offensive/undesired manner in past 12 months,float64,2000,0,2,"{""1"": ""Yes"", ""2"": ""No""}",,,1.0,2.0
842,POL633,Responsible for offence,float64,259,1741,8,"{""1"": ""Stranger"", ""2"": ""Pupil/ student/ work colleague"", ""3"": ""Manager/ instructor/ coach"", ""4"": ""Friend/ acquaintance"", ""5"": ""Ex-partner"", ""6"": ""Family member"", ""7"": ""Husband/ wife"", ""8"": ""Neighbour""}",,,1.0,8.0
843,POL634,Gender of responsible for offence,float64,259,1741,2,"{""1"": ""A man"", ""2"": ""A woman""}",,,1.0,2.0
