position,variable,label,storage_type,n_valid,n_missing,n_distinct,value_labels,observed_values,sentinel_codes,min,max
1,COUNTRY,Country,float64,2400,0,1,"{""1"": ""Algeria"", ""5"": ""Egypt"", ""7"": ""Iraq"", ""8"": ""Jordan"", ""9"": ""Kuwait"", ""10"": ""Lebanon"", ""11"": ""Libya"", ""12"": ""Mauritania"", ""13"": ""Morocco"", ""15"": ""Palestine"", ""19"": ""Sudan"", ""21"": ""Tunisia""}",,,21.0,21.0
2,ID,,float64,2400,0,2400,,,,210001.0,212400.0
3,DATE,RECORD TODAY’S DATE,str,2400,0,50,,"[""2021-10-01"", ""2021-10-02"", ""2021-10-03"", ""2021-10-04"", ""2021-10-05"", ""2021-10-06"", ""2021-10-07"", ""2021-10-08"", ""2021-10-09"", ""2021-10-10"", ""2021-10-11"", ""2021-10-12"", ""2021-10-13"", ""2021-10-14"", ""2021-10-15"", ""2021-10-16"", ""2021-10-17"", ""2021-10-18"", ""2021-10-19"", ""2021-10-20"", ""2021-10-21"", ""2021-10-22"", ""2021-10-23"", ""2021-10-24"", ""2021-10-25"", ""2021-10-26"", ""2021-10-27"", ""2021-10-28"", ""2021-10-29"", ""2021-10-30"", ""2021-10-31"", ""2021-11-01"", ""2021-11-02"", ""2021-11-03"", ""2021-11-04"", ""2021-11-05"", ""2021-11-06"", ""2021-11-07"", ""2021-11-08"", ""2021-11-09"", ""2021-11-10"", ""2021-11-11"", ""2021-11-12"", ""2021-11-13"", ""2021-11-14"", ""2021-11-15"", ""2021-11-16"", ""2021-11-17"", ""2021-11-19"", ""2021-11-20""]",,,
4,Q1,Q1. Governorate,float64,2400,0,24,"{""97"": ""I am not from this country."", ""98"": ""Don’t know"", ""99"": ""Refused to answer"", ""100"": ""The respondent does not wish to continue"", ""10001"": ""Algiers"", ""10002"": ""Blida"", ""10003"": ""Djelfa"", ""10004"": ""Tizi Ouzou"", ""10005"": ""Boumerdes"", ""10006"": ""Medea"", ""10007"": ""M'sila"", ""10008"": ""Tipaza"", ""10009"": ""Bouira"", ""10010"": ""Setif"", ""10011"": ""Batna"", ""10012"": ""Constantine"", ""10013"": ""Skikda"", ""10014"": ""Bejaia"", ""10015"": ""Annaba"", ""10016"": ""Mila"", ""10017"": ""Jijel"", ""10018"": ""Oeb"", ""10019"": ""Bba"", ""10020"": ""Biskra"", ""10021"": ""Tebessa"", ""10022"": ""Guelma"", ""10023"": ""Khenchela"", ""10024"": ""Souk Ahras"", ""10025"": ""El Tarf"", ""10026"": ""Oran"", ""10027"": ""Tlemcen"", ""10028"": ""Chlef"", ""10029"": ""Tiaret"", ""10030"": ""Mascara"", ""10031"": ""Mostaganem"", ""10032"": ""Sidi Bel Abbes"", ""10033"": ""Relizane"", ""10034"": ""Ain Temouchent"", ""10035"": ""Saida"", ""10036"": ""Tissemsilt"", ""10037"": ""Laghouat"", ""10038"": ""Ouargla"", ""10039"": ""El Oued"", ""10040"": ""Naama"", ""11001"": ""Derna"", ""11002"": ""Almarj"", ""11003"": ""Benghazi"", ""11004"": ""Tobruk"", ""11005"": ""Ejdabia"", ""11006"": ""Al Jabal Al Akhdar"", ""11007"": ""Alkufra"", ""11008"": ""Sirt"", ""11009"": ""Aljufra"", ""11010"": ""Almargeb"", ""11011"": ""Tripoli"", ""11012"": ""Aljfara"", ""11013"": ""Azzawya"", ""11014"": ""Misrata"", ""11015"": ""Zwara"", ""11016"": ""Al Jabal Al Gharbi"", ""11017"": ""Nalut"", ""11018"": ""Wadi Ashshati"", ""11019"": ""Sebha"", ""11020"": ""Ubari"", ""11021"": ""Ghat"", ""11022"": ""Murzuq"", ""50001"": ""Cairo"", ""50002"": ""Alexandria"", ""50003"": ""Port Said"", ""50004"": ""Suez"", ""50005"": ""Damietta"", ""50006"": ""Dakahlia"", ""50007"": ""Eastern"", ""50008"": ""Kaliobeya"", ""50009"": ""Matrouh"", ""50010"": ""Qena"", ""50014"": ""Fayoum"", ""50015"": ""Giza"", ""50016"": ""Red Sea"", ""50017"": ""Luxor"", ""50018"": ""Aswan"", ""50019"": ""Assiut"", ""50020"": ""Minya"", ""50021"": ""Kafr El Sheik"", ""50022"": ""Ismalilia"", ""50023"": ""The Lake"", ""50024"": ""Western"", ""50025"": ""Menoufia"", ""50026"": ""Beni Suef"", ""50027"": ""Sohag"", ""70001"": ""Baghdad"", ""70002"": ""Salahaddin"", ""70003"": ""Diyala"", ""70004"": ""Wasit"", ""70005"": ""Maysan"", ""70006"": ""Basra"", ""70007"": ""Dhi Qar"", ""70008"": ""Muthana"", ""70009"": ""Qadisiyah"", ""70010"": ""Babylon"", ""70011"": ""Karbala"", ""70012"": ""Najaf"", ""70013"": ""Anbar"", ""70014"": ""Nineveh"", ""70015"": ""Dohuk"", ""70016"": ""Erbil"", ""70017"": ""Kirkuk"", ""70018"": ""Sulaymaniyah"", ""80011"": ""العاصمة"", ""80012"": ""البلقاء"", ""80013"": ""الزرقاء"", ""80014"": ""مادبا"", ""80021"": ""اربد"", ""80022"": ""المفرق"", ""80023"": ""جرش"", ""80024"": ""عجلون"", ""80031"": ""الكرك"", ""80032"": ""الطفيلة"", ""80033"": ""معان"", ""80034"": ""العقبة"", ""90001"": ""Al Asimah"", ""90002"": ""Ahmadi"", ""90003"": ""Farwaniya"", ""90004"": ""Jahra"", ""90005"": ""Hawalli"", ""90006"": ""Mubarak Al-Kabeer"", ""100001"": ""AKKAR"", ""100002"": ""BAALBEK-EL HERMEL"", ""100003"": ""BEIRUT"", ""100004"": ""BEKAA"", ""100005"": ""EL NABATIYEH"", ""100006"": ""MOUNT LEBANON"", ""100007"": ""NORTH"", ""100008"": ""SOUTH"", ""120001"": ""Adrar"", ""120002"": ""Assaba"", ""120003"": ""Brakna"", ""120015"": ""Trarza"", ""130001"": ""Tanger-Tetouan-Al Hoceima"", ""130002"": ""Oriental"", ""130003"": ""Fes-Meknes"", ""130004"": ""Rabat-Sale-Kenitra"", ""130005"": ""Beni Mellal-Khenifra"", ""130006"": ""Grand Casablanca-Settat"", ""130007"": ""Marrakech-Safi"", ""130008"": ""Draa-Tafilalet"", ""130009"": ""Souss-Massa"", ""130010"": ""Guelmim-Oued Noun"", ""130011"": ""Laayoune-Sakia El Hamra"", ""130012"": ""Eddakhla-Oued Eddahab"", ""150001"": ""Bethlehem"", ""150002"": ""Deir al Balah"", ""150003"": ""Gaza"", ""150004"": ""Hebron"", ""150005"": ""Jabalia"", ""150006"": ""Jerusalem"", ""150007"": ""Jenin"", ""150008"": ""Jerico"", ""150009"": ""Khan Yunis"", ""150010"": ""Nabulus"", ""150011"": ""Qalqilya"", ""150012"": ""Rafah"", ""150013"": ""Ramallah"", ""150014"": ""Salfit"", ""150015"": ""Tubas"", ""150016"": ""Tulkarem"", ""190001"": ""Al Gezira"", ""190002"": ""Blue Nile"", ""190003"": ""Sinnar"", ""190004"": ""White Nile"", ""190005"": ""Central Darfu"", ""190006"": ""East Darfur"", ""190007"": ""North Darfur"", ""190008"": ""South Darfur"", ""190009"": ""West Darfur"", ""190010"": ""Al Gedarif"", ""190011"": ""Kassala"", ""190012"": ""Red Sea"", ""190013"": ""Khartoum"", ""190014"": ""North Kordofan"", ""190015"": ""South Kordofan"", ""190016"": ""West Kordofan"", ""190017"": ""Northern"", ""190018"": ""River Nile"", ""210001"": ""Tunis"", ""210002"": ""Ariana"", ""210003"": ""Ben Arous"", ""210004"": ""Manouba"", ""210005"": ""Nabeul"", ""210006"": ""Zaghouan"", ""210007"": ""Bizerte"", ""210008"": ""Beja"", ""210009"": ""Jendouba"", ""210010"": ""Kef"", ""210011"": ""Siliana"", ""210012"": ""Sousse"", ""210013"": ""Monastir"", ""210014"": ""Mahdia"", ""210015"": ""Sfax"", ""210016"": ""Kairouan"", ""210017"": ""Kasserine"", ""210018"": ""Sidi Bouzid"", ""210019"": ""Gabes"", ""210020"": ""Medenine"", ""210021"": ""Tatouine"", ""210022"": ""Gafsa"", ""210023"": ""Tozeur"", ""210024"": ""Kebili""}",,,210001.0,210024.0
5,PSU,PSU. Enter PSU,float64,2400,0,299,,,,1.0,300.0
6,Q13,Q13 Urban/Rural,float64,2400,0,2,"{""1"": ""Urban"", ""2"": ""Rural"", ""3"": ""Camp""}",,,1.0,2.0
7,Q1A_PAL,Q1A_PAL. Area,float64,0,2400,0,"{""1"": ""West Bank"", ""2"": ""Gaza""}",,,,
8,Q1A_ALG,Q1A_ALG. Area,float64,0,2400,0,"{""1"": ""Algiers"", ""2"": ""North Central"", ""3"": ""Northeast"", ""4"": ""Northwest"", ""5"": ""South""}",,,,
9,Q1A_LIB,Q1A_LIB. Region,float64,0,2400,0,"{""1101"": ""East"", ""1102"": ""West"", ""1103"": ""South""}",,,,
10,WT,,float64,2400,0,630,,,,0.3832678097710882,4.0
11,Q1001,Q1001. How old are you?,float64,2400,0,76,"{""99999"": ""Refused to answer""}",,,18.0,99999.0
12,Q1001YEAR,Q1001year. What year were you born?,float64,82,2318,39,"{""99999"": ""Refused to answer""}",,,1936.0,99999.0
13,Q1001APPROX,Q1001approx. Could you please tell me your approximate age?,float64,3,2397,3,"{""99999"": ""Refused to answer""}",,,50.0,70.0
14,Q1002,Q1002. Gender,float64,2400,0,2,"{""1"": ""Male"", ""2"": ""Female"", ""100"": ""The respondent does not wish to continue""}",,,1.0,2.0
15,Q2061A,Q2061A. What is the most important challenge facing your country today?,float64,2400,0,10,"{""1"": ""Economic situation"", ""2"": ""Corruption"", ""6"": ""Instability"", ""7"": ""Foreign interference"", ""12"": ""Public services"", ""15"": ""Spread of COVID-19"", ""16"": ""Other"", ""64"": ""Terrorism"", ""98"": ""Don’t know"", ""99"": ""Refused to answer"", ""100"": ""The respondent does not wish to continue""}",,,1.0,99.0
16,Q2061A_KUW,Q2061A_KUW. What is the most important challenge facing your country today?,float64,0,2400,0,"{""1"": ""Economic situation"", ""2"": ""Corruption"", ""8"": ""Granting of citizenship"", ""9"": ""Foreign investments"", ""10"": ""Other"", ""12"": ""Public services"", ""15"": ""Spread of COVID-19"", ""16"": ""Other"", ""98"": ""Don’t know"", ""99"": ""Refused to answer"", ""100"": ""The respondent does not wish to continue""}",,,,
17,Q1COVID19,Q1COVID19. To what extent are you afraid that the coronavirus will continue to spread and infect many people in your country over the next 6 months?,float64,2400,0,6,"{""1"": ""Very concerned"", ""2"": ""Somewhat concerned"", ""3"": ""Somewhat not concerned"", ""4"": ""Not at all concerned"", ""98"": ""Don’t know"", ""99"": ""Refused to answer"", ""100"": ""The respondent does not wish to continue""}",,,1.0,99.0
18,Q2ACOVID19,Q2ACOVID19. Which of the following reasons best explains your concern?,float64,1208,1192,10,"{""1"": ""Family member illness, death"", ""2"": ""Loss of household income"", ""3"": ""Negative economic impact"", ""4"": ""Healthcare system can’t handle"", ""5"": ""Gov.t response inadequate"", ""6"": ""Citizens ignoring recommendations"", ""7"": ""No vaccine"", ""8"": ""Other"", ""98"": ""Don’t know"", ""99"": ""Refused to answer"", ""100"": ""The respondent does not wish to continue""}",,,1.0,99.0
19,Q2BCOVID19,Q2BCOVID19. Which of the following reasons best explains your lack of concern?,float64,1179,1221,10,"{""1"": ""Threat exaggerated"", ""2"": ""No income loss"", ""3"": ""No negative economic impacts"", ""4"": ""Healthcare system can handle"", ""5"": ""Gov.t response adequate"", ""6"": ""Citizens following recommendations"", ""7"": ""There is now a vaccine"", ""8"": ""Other"", ""98"": ""Don’t know"", ""99"": ""Refused to answer"", ""100"": ""The respondent does not wish to continue""}",,,1.0,99.0
20,Q16ACOVID19_1,Q16ACOVID19. No,float64,2400,0,2,"{""0"": ""Not mentioned"", ""1"": ""Mentioned""}",,,0.0,1.0
21,Q16ACOVID19_2,Q16ACOVID19. Yes- money,float64,2400,0,2,"{""0"": ""Not mentioned"", ""1"": ""Mentioned""}",,,0.0,1.0
22,Q16ACOVID19_3,Q16ACOVID19. Yes- food,float64,2400,0,2,"{""0"": ""Not mentioned"", ""1"": ""Mentioned""}",,,0.0,1.0
23,Q16ACOVID19_4,Q16ACOVID19. Yes- energy subsidies,float64,2400,0,2,"{""0"": ""Not mentioned"", ""1"": ""Mentioned""}",,,0.0,1.0
24,Q16ACOVID19_5,Q16ACOVID19. Yes- non-food items,float64,2400,0,2,"{""0"": ""Not mentioned"", ""1"": ""Mentioned""}",,,0.0,1.0
25,Q16ACOVID19_6,Q16ACOVID19. Yes- relief from utility bills,float64,2400,0,1,"{""0"": ""Not mentioned"", ""1"": ""Mentioned""}",,,0.0,0.0
26,Q16ACOVID19_7,Q16ACOVID19. Yes- relief from taxes,float64,2400,0,1,"{""0"": ""Not mentioned"", ""1"": ""Mentioned""}",,,0.0,0.0
27,Q16ACOVID19_8,Q16ACOVID19. Other,float64,2400,0,2,"{""0"": ""Not mentioned"", ""1"": ""Mentioned""}",,,0.0,1.0
28,Q16ACOVID19_98,Q16ACOVID19. Don’t know,float64,2400,0,2,"{""0"": ""Not mentioned"", ""1"": ""Mentioned""}",,,0.0,1.0
29,Q16ACOVID19_99,Q16ACOVID19. Refused to answer,float64,2400,0,2,"{""0"": ""Not mentioned"", ""1"": ""Mentioned""}",,,0.0,1.0
30,Q16BCOVID19_1,Q16BCOVID19. The national government,float64,347,2053,2,"{""0"": ""Not mentioned"", ""1"": ""Mentioned""}",,,0.0,1.0
31,Q16BCOVID19_2,Q16BCOVID19. The local government,float64,347,2053,2,"{""0"": ""Not mentioned"", ""1"": ""Mentioned""}",,,0.0,1.0
32,Q16BCOVID19_3,Q16BCOVID19. A local NGO,float64,347,2053,2,"{""0"": ""Not mentioned"", ""1"": ""Mentioned""}",,,0.0,1.0
33,Q16BCOVID19_4,Q16BCOVID19. An international NGO,float64,347,2053,2,"{""0"": ""Not mentioned"", ""1"": ""Mentioned""}",,,0.0,1.0
34,Q16BCOVID19_5,Q16BCOVID19. A mosque or a church,float64,347,2053,2,"{""0"": ""Not mentioned"", ""1"": ""Mentioned""}",,,0.0,1.0
35,Q16BCOVID19_6,Q16BCOVID19. Family or friends,float64,347,2053,2,"{""0"": ""Not mentioned"", ""1"": ""Mentioned""}",,,0.0,1.0
36,Q16BCOVID19_7,Q16BCOVID19. Other,float64,347,2053,2,"{""0"": ""Not mentioned"", ""1"": ""Mentioned""}",,,0.0,1.0
37,Q16BCOVID19_8,Q16BCOVID19. Non-profit organizations/Charities,float64,0,2400,0,,,,,
38,Q16BCOVID19_98,Q16BCOVID19. Don’t know,float64,347,2053,2,"{""0"": ""Not mentioned"", ""1"": ""Mentioned""}",,,0.0,1.0
39,Q16BCOVID19_99,Q16BCOVID19. Refused to answer,float64,347,2053,2,"{""0"": ""Not mentioned"", ""1"": ""Mentioned""}",,,0.0,1.0
40,Q15COVID19_1,Q15COVID19_1. What is the biggest challenge that the spread of the coronavirus caused for you?,float64,2399,1,12,"{""1"": ""Getting COVID-19 or coping with side effects"", ""2"": ""Psychological effects"", ""3"": ""Disruption of education"", ""4"": ""Curtailed political activity"", ""5"": ""Inflation"", ""6"": ""Scarcity"", ""7"": ""Loss of income"", ""8"": ""Disruption of social life"", ""9"": ""Other"", ""97"": ""Caused no challenges"", ""98"": ""Don’t know"", ""99"": ""Refused to answer"", ""100"": ""The respondent does not wish to continue""}",,,1.0,99.0
41,Q15COVID19_2,Q15COVID19_2. What is the second biggest challenge that the spread of the coronavirus caused for you?,float64,2317,83,12,"{""1"": ""Getting COVID-19 or coping with side effects"", ""2"": ""Psychological effects"", ""3"": ""Disruption of education"", ""4"": ""Curtailed political activity"", ""5"": ""Inflation"", ""6"": ""Scarcity"", ""7"": ""Loss of income"", ""8"": ""Disruption of social life"", ""9"": ""Other"", ""97"": ""Caused no challenges"", ""98"": ""Don’t know"", ""99"": ""Refused to answer"", ""100"": ""The respondent does not wish to continue""}",,,1.0,99.0
42,Q15COVID19_KUW_1,Q15COVID19_KUW_1. What is the biggest challenge that the spread of the coronavirus caused for you?,float64,0,2400,0,"{""1"": ""Getting COVID-19 or coping with side effects"", ""2"": ""Psychological effects"", ""3"": ""Disruption of education"", ""5"": ""Inflation"", ""6"": ""Scarcity"", ""7"": ""Loss of income"", ""8"": ""Disruption of social life"", ""9"": ""Other"", ""97"": ""Caused no challenges"", ""98"": ""Don’t know"", ""99"": ""Refused to answer"", ""100"": ""The respondent does not wish to continue""}",,,,
43,Q15COVID19_KUW_2,Q15COVID19_KUW_2. What is the second biggest challenge that the spread of the coronavirus caused for you?,float64,0,2400,0,"{""1"": ""Getting COVID-19 or coping with side effects"", ""2"": ""Psychological effects"", ""3"": ""Disruption of education"", ""5"": ""Inflation"", ""6"": ""Scarcity"", ""7"": ""Loss of income"", ""8"": ""Disruption of social life"", ""9"": ""Other"", ""97"": ""Caused no challenges"", ""98"": ""Don’t know"", ""99"": ""Refused to answer"", ""100"": ""The respondent does not wish to continue""}",,,,
44,Q12COVID19_3,Q12COVID19_3. COVID19's effect on citizens who are poor,float64,2398,2,5,"{""1"": ""Less harmful impact"", ""2"": ""About the same impact"", ""3"": ""More harmful impact"", ""97"": ""I belong to this group"", ""98"": ""Don’t know"", ""99"": ""Refused to answer"", ""100"": ""The respondent does not wish to continue""}",,,1.0,98.0
45,Q12COVID19_4,Q12COVID19_4. COVID19's effect on citizens who live in rural areas,float64,2399,1,6,"{""1"": ""Less harmful impact"", ""2"": ""About the same impact"", ""3"": ""More harmful impact"", ""97"": ""I belong to this group"", ""98"": ""Don’t know"", ""99"": ""Refused to answer"", ""100"": ""The respondent does not wish to continue""}",,,1.0,99.0
46,Q12COVID19_4MOR,Q12COVID19_4MOR. COVID19's effect on citizens who live in mountainous areas areas,float64,0,2400,0,"{""1"": ""Less harmful impact"", ""2"": ""About the same impact"", ""3"": ""More harmful impact"", ""97"": ""I belong to this group"", ""98"": ""Don’t know"", ""99"": ""Refused to answer"", ""100"": ""The respondent does not wish to continue""}",,,,
47,Q12COVID19_5A,Q12COVID19_5A. COVID19's effect on refugees,float64,0,2400,0,"{""1"": ""Less harmful impact"", ""2"": ""About the same impact"", ""3"": ""More harmful impact"", ""97"": ""I belong to this group"", ""98"": ""Don’t know"", ""99"": ""Refused to answer"", ""100"": ""The respondent does not wish to continue""}",,,,
48,Q12COVID19_5B,Q12COVID19_5B. COVID19's effect on migrants,float64,2396,4,6,"{""1"": ""Less harmful impact"", ""2"": ""About the same impact"", ""3"": ""More harmful impact"", ""97"": ""I belong to this group"", ""98"": ""Don’t know"", ""99"": ""Refused to answer"", ""100"": ""The respondent does not wish to continue""}",,,1.0,99.0
49,Q204_25,Q204_25. How would you evaluate the current government’s performance on responding to the COVID-19 outbreak?,float64,2397,3,7,"{""1"": ""Very good"", ""2"": ""Good"", ""3"": ""Bad"", ""4"": ""Very bad"", ""97"": ""Not gov responsibility"", ""98"": ""Don’t know"", ""99"": ""Refused to answer"", ""100"": ""The respondent does not wish to continue""}",,,1.0,99.0
50,Q18ACOVID19,Q18ACOVID19. Which of the following is the biggest weakness of the healthcare system that the COVID19 pandemic revealed/uncovered in your country?,float64,2397,3,9,"{""1"": ""No doctors, nurses"", ""2"": ""Not enough hospitals"", ""3"": ""High costs of care"", ""4"": ""No medical supplies"", ""5"": ""Other"", ""96"": ""All are weaknesses"", ""97"": ""NA- health system is not weak"", ""98"": ""Don’t know"", ""99"": ""Refused to answer"", ""100"": ""The respondent does not wish to continue""}",,,1.0,99.0
51,Q17COVID19,Q17COVID19. Have you gotten the COVID19 vaccine?,float64,2398,2,3,"{""1"": ""Yes"", ""2"": ""No"", ""99"": ""Refused to answer"", ""100"": ""The respondent does not wish to continue""}",,,1.0,99.0
52,Q18COVID19,Q18COVID19. How likely are you to get the vaccine once it becomes available to you?,float64,695,1705,7,"{""1"": ""Very likely"", ""2"": ""Somewhat likely"", ""3"": ""Somewhat unlikely"", ""4"": ""Very unlikely"", ""97"": ""Will not become available"", ""98"": ""Don’t know"", ""99"": ""Refused to answer"", ""100"": ""The respondent does not wish to continue""}",,,1.0,99.0
53,Q19COVID19_1,Q19COVID19. No preference,float64,417,1983,2,"{""0"": ""Not mentioned"", ""1"": ""Mentioned""}",,,0.0,1.0
54,Q19COVID19_2,Q19COVID19. Pfizer-BioNTech,float64,417,1983,2,"{""0"": ""Not mentioned"", ""1"": ""Mentioned""}",,,0.0,1.0
55,Q19COVID19_3,Q19COVID19. Johnson & Johnson,float64,417,1983,2,"{""0"": ""Not mentioned"", ""1"": ""Mentioned""}",,,0.0,1.0
56,Q19COVID19_4,Q19COVID19. Moderna,float64,417,1983,2,"{""0"": ""Not mentioned"", ""1"": ""Mentioned""}",,,0.0,1.0
57,Q19COVID19_5,Q19COVID19. AstraZeneca,float64,417,1983,2,"{""0"": ""Not mentioned"", ""1"": ""Mentioned""}",,,0.0,1.0
58,Q19COVID19_6,Q19COVID19. Coronavac/Sinovac,float64,417,1983,2,"{""0"": ""Not mentioned"", ""1"": ""Mentioned""}",,,0.0,1.0
59,Q19COVID19_7,Q19COVID19. Sputnik,float64,417,1983,2,"{""0"": ""Not mentioned"", ""1"": ""Mentioned""}",,,0.0,1.0
60,Q19COVID19_8,Q19COVID19. Sinopharm,float64,417,1983,2,"{""0"": ""Not mentioned"", ""1"": ""Mentioned""}",,,0.0,1.0
61,Q19COVID19_9,Q19COVID19. One developed in the USA,float64,417,1983,2,"{""0"": ""Not mentioned"", ""1"": ""Mentioned""}",,,0.0,1.0
62,Q19COVID19_10,Q19COVID19. One developed in Russia,float64,417,1983,2,"{""0"": ""Not mentioned"", ""1"": ""Mentioned""}",,,0.0,1.0
63,Q19COVID19_11,Q19COVID19. One developed in China,float64,417,1983,2,"{""0"": ""Not mentioned"", ""1"": ""Mentioned""}",,,0.0,1.0
64,Q19COVID19_12,Q19COVID19. One developed in the UK,float64,417,1983,1,"{""0"": ""Not mentioned"", ""1"": ""Mentioned""}",,,0.0,0.0
65,Q19COVID19_13,Q19COVID19. One developed elsewhere,float64,417,1983,2,"{""0"": ""Not mentioned"", ""1"": ""Mentioned""}",,,0.0,1.0
66,Q19COVID19_98,Q19COVID19. Don’t know,float64,417,1983,2,"{""0"": ""Not mentioned"", ""1"": ""Mentioned""}",,,0.0,1.0
67,Q19COVID19_99,Q19COVID19. Refused to answer,float64,417,1983,2,"{""0"": ""Not mentioned"", ""1"": ""Mentioned""}",,,0.0,1.0
68,Q20COVID19,Q20COVID19. Which of the follow reasons best explains why you are not likely to or do not know if you will get the vaccine?,float64,273,2127,8,"{""1"": ""Vaccine is ineffective"", ""2"": ""Pandemic is ending"", ""3"": ""Negative side effects"", ""4"": ""Preferred vaccine unavailable"", ""5"": ""Will of God"", ""6"": ""Other"", ""98"": ""Don’t know"", ""99"": ""Refused to answer"", ""100"": ""The respondent does not wish to continue""}",,,1.0,99.0
69,Q101,Q101. How would you evaluate the current economic situation in your country?,float64,2400,0,6,"{""1"": ""Very good"", ""2"": ""Good"", ""3"": ""Bad"", ""4"": ""Very bad"", ""98"": ""Don’t know"", ""99"": ""Refused to answer"", ""100"": ""The respondent does not wish to continue""}",,,1.0,99.0
70,Q102,Q102. What do you think will be the economic situation in your country during the next few years (2-3 years) compared to the current situation?,float64,2400,0,7,"{""1"": ""Much better"", ""2"": ""Somewhat better"", ""3"": ""Almost the same"", ""4"": ""Somewhat worse"", ""5"": ""Much worse"", ""98"": ""Don’t know"", ""99"": ""Refused to answer"", ""100"": ""The respondent does not wish to continue""}",,,1.0,99.0
71,Q113,Q113. To what extent do you believe that the gap between the rich and the poor is a problem in your country?,float64,2400,0,6,"{""1"": ""To a great extent"", ""2"": ""To a medium extent"", ""3"": ""To a limited extent"", ""4"": ""Not a problem at all"", ""98"": ""Don’t know"", ""99"": ""Refused to answer"", ""100"": ""The respondent does not wish to continue""}",,,1.0,99.0
72,Q114,"Q114. Do you think the gap between the rich and the poor a year ago was wider, the same, or narrower than it is now?",float64,2036,364,4,"{""1"": ""Wider"", ""2"": ""Same"", ""3"": ""Narrower"", ""98"": ""Don’t know"", ""99"": ""Refused to answer"", ""100"": ""The respondent does not wish to continue""}",,,1.0,98.0
73,Q115_1,Q115_1. Some people work harder than others,float64,1029,1371,6,"{""1"": ""To a great extent"", ""2"": ""To a medium extent"", ""3"": ""To a limited extent"", ""4"": ""Not at all"", ""98"": ""Don’t know"", ""99"": ""Refused to answer"", ""100"": ""The respondent does not wish to continue""}",,,1.0,99.0
74,Q115_4,Q115_4. Some people are born into wealthier families,float64,999,1401,5,"{""1"": ""To a great extent"", ""2"": ""To a medium extent"", ""3"": ""To a limited extent"", ""4"": ""Not at all"", ""98"": ""Don’t know"", ""99"": ""Refused to answer"", ""100"": ""The respondent does not wish to continue""}",,,1.0,98.0
75,Q115_6,Q115_6. No one is fighting to protect interests of the poor in government,float64,1030,1370,6,"{""1"": ""To a great extent"", ""2"": ""To a medium extent"", ""3"": ""To a limited extent"", ""4"": ""Not at all"", ""98"": ""Don’t know"", ""99"": ""Refused to answer"", ""100"": ""The respondent does not wish to continue""}",,,1.0,99.0
76,Q112_1,Q112_1. “We worried our food would run out before we got money to buy more”,float64,2398,2,5,"{""1"": ""Often true"", ""2"": ""Sometimes true"", ""3"": ""Never true"", ""98"": ""Don’t know"", ""99"": ""Refused to answer"", ""100"": ""The respondent does not wish to continue""}",,,1.0,99.0
77,Q112_2,Q112_2. “The food that we bought did not last and we did not have money to get more”,float64,2397,3,5,"{""1"": ""Often true"", ""2"": ""Sometimes true"", ""3"": ""Never true"", ""98"": ""Don’t know"", ""99"": ""Refused to answer"", ""100"": ""The respondent does not wish to continue""}",,,1.0,99.0
78,Q118_1,"Q118_1. In your opinion, which of the following are the first and second most important  issues the government should be focusing on to improve the economic conditions in your country?",float64,2400,0,11,"{""1"": ""Create jobs"", ""2"": ""Raise wages"", ""3"": ""Limit inflation"", ""4"": ""Reform education"", ""5"": ""Encourage FDI"", ""6"": ""Support small business"", ""7"": ""Limit smuggling"", ""8"": ""Political stability"", ""9"": ""Other"", ""98"": ""Don’t know"", ""99"": ""Refused to answer"", ""100"": ""The respondent does not wish to continue""}",,,1.0,99.0
79,Q118_2,"Q118_2. In your opinion, which of the following are the first and second most important  issues the government should be focusing on to improve the economic conditions in your country?",float64,2372,28,11,"{""1"": ""Create jobs"", ""2"": ""Raise wages"", ""3"": ""Limit inflation"", ""4"": ""Reform education"", ""5"": ""Encourage FDI"", ""6"": ""Support small business"", ""7"": ""Limit smuggling"", ""8"": ""Political stability"", ""9"": ""Other"", ""98"": ""Don’t know"", ""99"": ""Refused to answer"", ""100"": ""The respondent does not wish to continue""}",,,1.0,99.0
80,Q119,Q119 The government be focusing on creating more jobs in:,float64,2399,1,4,"{""1"": ""The private sector"", ""2"": ""The public sector"", ""97"": ""They are equal"", ""98"": ""Don’t know"", ""99"": ""Refused to answer"", ""100"": ""The respondent does not wish to continue""}",,,1.0,98.0
81,Q122_1,Q122_1. Are public sector or private sector jobs harder to get?,float64,2399,1,5,"{""1"": ""Public sector jobs"", ""2"": ""Private sector jobs"", ""96"": ""Neither"", ""97"": ""They are equal"", ""98"": ""Don’t know"", ""99"": ""Refused to answer"", ""100"": ""The respondent does not wish to continue""}",,,1.0,98.0
82,Q122_2,Q122_2. Do public sector and private sector jobs pay better salaries?,float64,1193,1207,5,"{""1"": ""Public sector jobs"", ""2"": ""Private sector jobs"", ""96"": ""Neither"", ""97"": ""They are equal"", ""98"": ""Don’t know"", ""99"": ""Refused to answer"", ""100"": ""The respondent does not wish to continue""}",,,1.0,98.0
83,Q122_3,Q122_3. Do public sector and private sector jobs offer more work stability/security?,float64,1156,1244,5,"{""1"": ""Public sector jobs"", ""2"": ""Private sector jobs"", ""96"": ""Neither"", ""97"": ""They are equal"", ""98"": ""Don’t know"", ""99"": ""Refused to answer"", ""100"": ""The respondent does not wish to continue""}",,,1.0,98.0
84,Q122_6,Q122_6. Do public sector and private sector jobs require more wasta?,float64,1154,1246,5,"{""1"": ""Public sector jobs"", ""2"": ""Private sector jobs"", ""96"": ""Neither"", ""97"": ""They are equal"", ""98"": ""Don’t know"", ""99"": ""Refused to answer"", ""100"": ""The respondent does not wish to continue""}",,,1.0,98.0
85,Q122_9,Q122_9. Are public sector and private sector jobs preferable to have?,float64,2397,3,5,"{""1"": ""Public sector jobs"", ""2"": ""Private sector jobs"", ""96"": ""Neither"", ""97"": ""They are equal"", ""98"": ""Don’t know"", ""99"": ""Refused to answer"", ""100"": ""The respondent does not wish to continue""}",,,1.0,98.0
86,Q124,Q124. I want to ask you about starting a business in your country. Are you:,float64,0,2400,0,"{""1"": ""Interested but do not have concrete plans to do so"", ""2"": ""Interested and have begun planning to do so"", ""3"": ""Not interested and have no plans to do so"", ""98"": ""Don’t know"", ""99"": ""Refused to answer"", ""100"": ""The respondent does not wish to continue""}",,,,
87,Q123,"Q123. Among the following, which should be the top priority for government spending in the coming year?",float64,2400,0,10,"{""1"": ""Education system"", ""2"": ""Healthcare system"", ""3"": ""Reduce pollution"", ""4"": ""Improve roads, transport"", ""5"": ""National security"", ""6"": ""Subsidies"", ""7"": ""Fighting terrorism"", ""8"": ""Beirut port explosion"", ""9"": ""Other"", ""98"": ""Don’t know"", ""99"": ""Refused to answer"", ""100"": ""The respondent does not wish to continue""}",,,1.0,99.0
88,Q123_EGY,"Q123_EGY. Among the following, which should be the top priority for spending in the coming year?",float64,0,2400,0,"{""1"": ""Education system"", ""2"": ""Healthcare system"", ""3"": ""Reduce pollution"", ""4"": ""Improve roads, transport"", ""5"": ""National security"", ""6"": ""Subsidies"", ""7"": ""Fighting terrorism"", ""9"": ""Other"", ""98"": ""Don’t know"", ""99"": ""Refused to answer"", ""100"": ""The respondent does not wish to continue""}",,,,
89,Q123_KUW,"Q123_KUW. Among the following, which should be the top priority for government spending in the coming year?",float64,0,2400,0,"{""1"": ""Education system"", ""2"": ""Healthcare system"", ""3"": ""Reduce pollution"", ""4"": ""Improve roads, transport"", ""5"": ""National security"", ""6"": ""Subsidies"", ""9"": ""Other"", ""98"": ""Don’t know"", ""99"": ""Refused to answer"", ""100"": ""The respondent does not wish to continue""}",,,,
90,Q103,"Q103. Generally speaking, would you say that “Most people can be trusted” or “that you must be very careful in dealing with people”?",float64,1156,1244,4,"{""1"": ""Most can be trusted"", ""2"": ""Must be careful"", ""98"": ""Don’t know"", ""99"": ""Refused to answer"", ""100"": ""The respondent does not wish to continue""}",,,1.0,99.0
91,Q201A_1,Q201A_1. Government (Council of Ministers),float64,2398,2,6,"{""1"": ""A great deal of trust"", ""2"": ""Quite a lot of trust"", ""3"": ""Not a lot of trust"", ""4"": ""No trust at all"", ""98"": ""Don’t know"", ""99"": ""Refused to answer"", ""100"": ""The respondent does not wish to continue""}",,,1.0,99.0
92,Q201A_2,Q201A_2. Courts and legal system,float64,2396,4,6,"{""1"": ""A great deal of trust"", ""2"": ""Quite a lot of trust"", ""3"": ""Not a lot of trust"", ""4"": ""No trust at all"", ""98"": ""Don’t know"", ""99"": ""Refused to answer"", ""100"": ""The respondent does not wish to continue""}",,,1.0,99.0
93,Q201A_3,Q201A_3. The elected council of representatives (the parliament).,float64,2393,7,6,"{""1"": ""A great deal of trust"", ""2"": ""Quite a lot of trust"", ""3"": ""Not a lot of trust"", ""4"": ""No trust at all"", ""98"": ""Don’t know"", ""99"": ""Refused to answer"", ""100"": ""The respondent does not wish to continue""}",,,1.0,99.0
94,Q201A_5,Q201A_5. Local government,float64,2397,3,6,"{""1"": ""A great deal of trust"", ""2"": ""Quite a lot of trust"", ""3"": ""Not a lot of trust"", ""4"": ""No trust at all"", ""98"": ""Don’t know"", ""99"": ""Refused to answer"", ""100"": ""The respondent does not wish to continue""}",,,1.0,99.0
95,Q201A_41,Q201A_41. Regional government,float64,17,2383,4,"{""1"": ""A great deal of trust"", ""2"": ""Quite a lot of trust"", ""3"": ""Not a lot of trust"", ""4"": ""No trust at all"", ""98"": ""Don’t know"", ""99"": ""Refused to answer"", ""100"": ""The respondent does not wish to continue""}",,,2.0,98.0
96,Q201A_41_WB,Q201A_41_WB. Government in the West Bank,float64,0,2400,0,"{""1"": ""A great deal of trust"", ""2"": ""Quite a lot of trust"", ""3"": ""Not a lot of trust"", ""4"": ""No trust at all"", ""98"": ""Don’t know"", ""99"": ""Refused to answer"", ""100"": ""The respondent does not wish to continue""}",,,,
97,Q201A_41_GAZA,Q201A_41_Gaza. Government in Gaza,float64,0,2400,0,"{""1"": ""A great deal of trust"", ""2"": ""Quite a lot of trust"", ""3"": ""Not a lot of trust"", ""4"": ""No trust at all"", ""98"": ""Don’t know"", ""99"": ""Refused to answer"", ""100"": ""The respondent does not wish to continue""}",,,,
98,Q201A_42A_MOR,Q201A_42A_MOR. Police,float64,0,2400,0,"{""1"": ""A great deal of trust"", ""2"": ""Quite a lot of trust"", ""3"": ""Not a lot of trust"", ""4"": ""No trust at all"", ""98"": ""Don’t know"", ""99"": ""Refused to answer"", ""100"": ""The respondent does not wish to continue""}",,,,
99,Q201A_42B_MOR,Q201A_42B_MOR. Gendarmerie,float64,0,2400,0,"{""1"": ""A great deal of trust"", ""2"": ""Quite a lot of trust"", ""3"": ""Not a lot of trust"", ""4"": ""No trust at all"", ""98"": ""Don’t know"", ""99"": ""Refused to answer"", ""100"": ""The respondent does not wish to continue""}",,,,
100,Q201A_7,Q201A_7. Civil society organizations,float64,2397,3,6,"{""1"": ""A great deal of trust"", ""2"": ""Quite a lot of trust"", ""3"": ""Not a lot of trust"", ""4"": ""No trust at all"", ""98"": ""Don’t know"", ""99"": ""Refused to answer"", ""100"": ""The respondent does not wish to continue""}",,,1.0,99.0
101,Q201A_31B,Q201A_31B. President/Head of State,float64,2398,2,6,"{""1"": ""A great deal of trust"", ""2"": ""Quite a lot of trust"", ""3"": ""Not a lot of trust"", ""4"": ""No trust at all"", ""98"": ""Don’t know"", ""99"": ""Refused to answer"", ""100"": ""The respondent does not wish to continue""}",,,1.0,99.0
102,Q201A_31C,Q201A_31C. Prime Minister /Head of Government,float64,0,2400,0,"{""1"": ""A great deal of trust"", ""2"": ""Quite a lot of trust"", ""3"": ""Not a lot of trust"", ""4"": ""No trust at all"", ""98"": ""Don’t know"", ""99"": ""Refused to answer"", ""100"": ""The respondent does not wish to continue""}",,,,
103,Q201A_3B_LIB,Q201A_3B_LIB. High Council of State,float64,0,2400,0,"{""1"": ""A great deal of trust"", ""2"": ""Quite a lot of trust"", ""3"": ""Not a lot of trust"", ""4"": ""No trust at all"", ""98"": ""Don’t know"", ""99"": ""Refused to answer"", ""100"": ""The respondent does not wish to continue""}",,,,
104,Q201A_3C_LIB,Q201A_3C_LIB. Libyan Political Dialogue Forum (LPDF),float64,0,2400,0,"{""1"": ""A great deal of trust"", ""2"": ""Quite a lot of trust"", ""3"": ""Not a lot of trust"", ""4"": ""No trust at all"", ""98"": ""Don’t know"", ""99"": ""Refused to answer"", ""100"": ""The respondent does not wish to continue""}",,,,
105,Q201A_50_LIB,Q201A_50_LIB. Constitution Drafting Assembly,float64,0,2400,0,"{""1"": ""A great deal of trust"", ""2"": ""Quite a lot of trust"", ""3"": ""Not a lot of trust"", ""4"": ""No trust at all"", ""98"": ""Don’t know"", ""99"": ""Refused to answer"", ""100"": ""The respondent does not wish to continue""}",,,,
106,Q201B_6,Q201B_6. The armed forces (the army),float64,2400,0,6,"{""1"": ""A great deal of trust"", ""2"": ""Quite a lot of trust"", ""3"": ""Not a lot of trust"", ""4"": ""No trust at all"", ""98"": ""Don’t know"", ""99"": ""Refused to answer"", ""100"": ""The respondent does not wish to continue""}",,,1.0,99.0
107,Q201B_6A_LIB,Q201B_6A_LIB. The Libyan Arab Armed Forces (Haftar forces),float64,0,2400,0,"{""1"": ""A great deal of trust"", ""2"": ""Quite a lot of trust"", ""3"": ""Not a lot of trust"", ""4"": ""No trust at all"", ""98"": ""Don’t know"", ""99"": ""Refused to answer"", ""100"": ""The respondent does not wish to continue""}",,,,
108,Q201B_6B_LIB,Q201B_6B_LIB. The 5+5 Libyan Joint Military Commission,float64,0,2400,0,"{""1"": ""A great deal of trust"", ""2"": ""Quite a lot of trust"", ""3"": ""Not a lot of trust"", ""4"": ""No trust at all"", ""98"": ""Don’t know"", ""99"": ""Refused to answer"", ""100"": ""The respondent does not wish to continue""}",,,,
109,Q201B_13,Q201B_13. Religious leaders,float64,2398,2,6,"{""1"": ""A great deal of trust"", ""2"": ""Quite a lot of trust"", ""3"": ""Not a lot of trust"", ""4"": ""No trust at all"", ""98"": ""Don’t know"", ""99"": ""Refused to answer"", ""100"": ""The respondent does not wish to continue""}",,,1.0,99.0
110,Q201B_12,Q201B_12. Sunni_group,float64,2398,2,6,"{""1"": ""A great deal of trust"", ""2"": ""Quite a lot of trust"", ""3"": ""Not a lot of trust"", ""4"": ""No trust at all"", ""98"": ""Don’t know"", ""99"": ""Refused to answer"", ""100"": ""The respondent does not wish to continue""}",,,1.0,99.0
111,Q201B_14,Q201B_14. Shia_group,float64,0,2400,0,"{""1"": ""A great deal of trust"", ""2"": ""Quite a lot of trust"", ""3"": ""Not a lot of trust"", ""4"": ""No trust at all"", ""98"": ""Don’t know"", ""99"": ""Refused to answer"", ""100"": ""The respondent does not wish to continue""}",,,,
112,Q201B_15,Q201B_15. Tribal leaders,float64,0,2400,0,"{""1"": ""A great deal of trust"", ""2"": ""Quite a lot of trust"", ""3"": ""Not a lot of trust"", ""4"": ""No trust at all"", ""98"": ""Don’t know"", ""99"": ""Refused to answer"", ""100"": ""The respondent does not wish to continue""}",,,,
113,QTUN2A,QTUN2A. How much trust do you have in Prime Minister Najla Bouden?,float64,1066,1334,6,"{""1"": ""A great deal of trust"", ""2"": ""Quite a lot of trust"", ""3"": ""Not a lot of trust"", ""4"": ""No trust at all"", ""98"": ""Don’t know"", ""99"": ""Refused to answer"", ""100"": ""The respondent does not wish to continue""}",,,1.0,99.0
114,QTUN2B,QTUN2B. How much trust did you have in former Prime Minister Hichem Mechichi?,float64,1056,1344,6,"{""1"": ""A great deal of trust"", ""2"": ""Quite a lot of trust"", ""3"": ""Not a lot of trust"", ""4"": ""No trust at all"", ""98"": ""Don’t know"", ""99"": ""Refused to answer"", ""100"": ""The respondent does not wish to continue""}",,,1.0,99.0
115,QTUN1_1,QTUN1_1. Suspension of Parliament,float64,2399,1,6,"{""1"": ""Strongly support"", ""2"": ""Support"", ""3"": ""Oppose"", ""4"": ""Strongly oppose"", ""98"": ""Don’t know"", ""99"": ""Refused to answer"", ""100"": ""The respondent does not wish to continue""}",,,1.0,99.0
116,QTUN1_2,QTUN1_2. Lifting parliamentary immunity,float64,2398,2,6,"{""1"": ""Strongly support"", ""2"": ""Support"", ""3"": ""Oppose"", ""4"": ""Strongly oppose"", ""98"": ""Don’t know"", ""99"": ""Refused to answer"", ""100"": ""The respondent does not wish to continue""}",,,1.0,99.0
117,Q204A_3,Q204A_3. The government’s performance overall,float64,2397,3,6,"{""1"": ""Completely satisfied"", ""2"": ""Satisfied"", ""3"": ""Dissatisfied"", ""4"": ""Completely dissatisfied"", ""98"": ""Don’t know"", ""99"": ""Refused to answer"", ""100"": ""The respondent does not wish to continue""}",,,1.0,99.0
118,Q204A_1,Q204A_1. The educational system in our country,float64,1192,1208,5,"{""1"": ""Completely satisfied"", ""2"": ""Satisfied"", ""3"": ""Dissatisfied"", ""4"": ""Completely dissatisfied"", ""98"": ""Don’t know"", ""99"": ""Refused to answer"", ""100"": ""The respondent does not wish to continue""}",,,1.0,98.0
119,Q204A_1B,Q204A_1B. The public educational system in our country,float64,1153,1247,6,"{""1"": ""Completely satisfied"", ""2"": ""Satisfied"", ""3"": ""Dissatisfied"", ""4"": ""Completely dissatisfied"", ""98"": ""Don’t know"", ""99"": ""Refused to answer"", ""100"": ""The respondent does not wish to continue""}",,,1.0,99.0
120,Q204A_2,Q204A_2. The healthcare system in our country,float64,2395,5,5,"{""1"": ""Completely satisfied"", ""2"": ""Satisfied"", ""3"": ""Dissatisfied"", ""4"": ""Completely dissatisfied"", ""98"": ""Don’t know"", ""99"": ""Refused to answer"", ""100"": ""The respondent does not wish to continue""}",,,1.0,98.0
121,Q204A_4,Q204A_4. The quality of the streets in our country,float64,2393,7,6,"{""1"": ""Completely satisfied"", ""2"": ""Satisfied"", ""3"": ""Dissatisfied"", ""4"": ""Completely dissatisfied"", ""98"": ""Don’t know"", ""99"": ""Refused to answer"", ""100"": ""The respondent does not wish to continue""}",,,1.0,99.0
122,Q204A_5,Q204A_5. Trash collection in our country,float64,2388,12,6,"{""1"": ""Completely satisfied"", ""2"": ""Satisfied"", ""3"": ""Dissatisfied"", ""4"": ""Completely dissatisfied"", ""98"": ""Don’t know"", ""99"": ""Refused to answer"", ""100"": ""The respondent does not wish to continue""}",,,1.0,99.0
123,Q204B_3,Q204B_3. The government’s performance overall in our governorate,float64,0,2400,0,"{""1"": ""Completely satisfied"", ""2"": ""Satisfied"", ""3"": ""Dissatisfied"", ""4"": ""Completely dissatisfied"", ""98"": ""Don’t know"", ""99"": ""Refused to answer"", ""100"": ""The respondent does not wish to continue""}",,,,
124,Q204B_1,Q204B_1. The educational system in our governorate,float64,0,2400,0,"{""1"": ""Completely satisfied"", ""2"": ""Satisfied"", ""3"": ""Dissatisfied"", ""4"": ""Completely dissatisfied"", ""98"": ""Don’t know"", ""99"": ""Refused to answer"", ""100"": ""The respondent does not wish to continue""}",,,,
125,Q204B_2,Q204B_2. The healthcare system in our governorate,float64,0,2400,0,"{""1"": ""Completely satisfied"", ""2"": ""Satisfied"", ""3"": ""Dissatisfied"", ""4"": ""Completely dissatisfied"", ""98"": ""Don’t know"", ""99"": ""Refused to answer"", ""100"": ""The respondent does not wish to continue""}",,,,
126,Q204B_4,Q204B_4. The quality of the streets in our governorate,float64,0,2400,0,"{""1"": ""Completely satisfied"", ""2"": ""Satisfied"", ""3"": ""Dissatisfied"", ""4"": ""Completely dissatisfied"", ""98"": ""Don’t know"", ""99"": ""Refused to answer"", ""100"": ""The respondent does not wish to continue""}",,,,
127,Q204B_5,Q204B_5. Trash collection in our governorate,float64,0,2400,0,"{""1"": ""Completely satisfied"", ""2"": ""Satisfied"", ""3"": ""Dissatisfied"", ""4"": ""Completely dissatisfied"", ""98"": ""Don’t know"", ""99"": ""Refused to answer"", ""100"": ""The respondent does not wish to continue""}",,,,
128,Q914A_1,"Q914A_1. In order of importance, what do you think are the two biggest challenges children face at public schools in your country?",float64,2398,2,11,"{""1"": ""Poor treatment by peers"", ""2"": ""Poor treatment by teachers"", ""3"": ""Outdated curriculum"", ""4"": ""Overcrowding"", ""5"": ""Crumbling infrastructure"", ""6"": ""Outdated technology"", ""7"": ""Transportation"", ""8"": ""No teachers, staff"", ""9"": ""Other"", ""98"": ""Don’t know"", ""99"": ""Refused to answer"", ""100"": ""The respondent does not wish to continue""}",,,1.0,99.0
129,Q914A_2,"Q914A_2. In order of importance, what do you think are the two biggest challenges children face at public schools in your country?",float64,2221,179,11,"{""1"": ""Poor treatment by peers"", ""2"": ""Poor treatment by teachers"", ""3"": ""Outdated curriculum"", ""4"": ""Overcrowding"", ""5"": ""Crumbling infrastructure"", ""6"": ""Outdated technology"", ""7"": ""Transportation"", ""8"": ""No teachers, staff"", ""9"": ""Other"", ""98"": ""Don’t know"", ""99"": ""Refused to answer"", ""100"": ""The respondent does not wish to continue""}",,,1.0,99.0
130,Q915A,"Q915A. If the Ministry of Education in your country could do one thing to make public education better in your country, which of the following would it be?",float64,2397,3,9,"{""1"": ""Reduce class size"", ""2"": ""Better train teachers"", ""3"": ""Increase textbooks, supplies"", ""4"": ""Update curriculum"", ""5"": ""Rebuild schools"", ""6"": ""Improve technology"", ""7"": ""Other"", ""98"": ""Don’t know"", ""99"": ""Refused to answer"", ""100"": ""The respondent does not wish to continue""}",,,1.0,99.0
131,Q915A_KRI,"Q915A_KRI. If the Kurdistan region's Ministry of Education in your country could do one thing to make public education better in your country, which of the following would it be?",float64,0,2400,0,"{""1"": ""Reduce class size"", ""2"": ""Better train teachers"", ""3"": ""Increase textbooks, supplies"", ""4"": ""Update curriculum"", ""5"": ""Rebuild schools"", ""6"": ""Improve technology"", ""7"": ""Other"", ""98"": ""Don’t know"", ""99"": ""Refused to answer"", ""100"": ""The respondent does not wish to continue""}",,,,
132,Q216,Q216. To what extent do you agree or disagree with the following statement: “Citizens must support the government’s decisions even if they disagree with them”,float64,2398,2,6,"{""1"": ""Strongly agree"", ""2"": ""Agree"", ""3"": ""Disagree"", ""4"": ""Strongly Disagree"", ""98"": ""Don’t know"", ""99"": ""Refused to answer"", ""100"": ""The respondent does not wish to continue""}",,,1.0,99.0
133,Q204_3,Q204_3. Narrowing the gap between rich and poor,float64,2400,0,7,"{""1"": ""Very good"", ""2"": ""Good"", ""3"": ""Bad"", ""4"": ""Very bad"", ""97"": ""Not gov responsibility"", ""98"": ""Don’t know"", ""99"": ""Refused to answer"", ""100"": ""The respondent does not wish to continue""}",,,1.0,99.0
134,Q204_11,Q204_11. Providing security and order,float64,2398,2,7,"{""1"": ""Very good"", ""2"": ""Good"", ""3"": ""Bad"", ""4"": ""Very bad"", ""97"": ""Not gov responsibility"", ""98"": ""Don’t know"", ""99"": ""Refused to answer"", ""100"": ""The respondent does not wish to continue""}",,,1.0,99.0
135,Q204_20,Q204_20. Keeping prices down,float64,2396,4,7,"{""1"": ""Very good"", ""2"": ""Good"", ""3"": ""Bad"", ""4"": ""Very bad"", ""97"": ""Not gov responsibility"", ""98"": ""Don’t know"", ""99"": ""Refused to answer"", ""100"": ""The respondent does not wish to continue""}",,,1.0,99.0
136,QLIB7,"QLIB7. In your opinion, what is the main reason for the conflict in Libya?",float64,0,2400,0,"{""1"": ""Economic interests of powerful armed groups"", ""2"": ""Foreign influence"", ""3"": ""Differences in political visions for the country"", ""4"": ""Centralization and marginalization of certain regions"", ""5"": ""Social and historical divisions"", ""6"": ""Other"", ""98"": ""Don’t know"", ""99"": ""Refused to answer"", ""100"": ""The respondent does not wish to continue""}",,,,
137,QLIB8,QLIB8. Who do you think would best lead the mediation and reconciliation process?,float64,0,2400,0,"{""1"": ""The United Nations"", ""2"": ""Councils of Notables and tribal leaders"", ""3"": ""The Presidential Council"", ""4"": ""The Supreme Judicial Council"", ""5"": ""Municipal councils"", ""6"": ""Martyrs’ Family and victims associations"", ""7"": ""Other"", ""98"": ""Don’t know"", ""99"": ""Refused to answer"", ""100"": ""The respondent does not wish to continue""}",,,,
138,QLIB9,"QLIB9. In your opinion, is it preferable for Libya to have a:",float64,0,2400,0,"{""1"": ""Parliamentary system"", ""2"": ""Presidential system"", ""3"": ""Mixed system"", ""4"": ""Other"", ""98"": ""Don’t know"", ""99"": ""Refused to answer"", ""100"": ""The respondent does not wish to continue""}",,,,
139,Q220LEB,Q220LEB. To what extent do you agree with the following statement:\n“It is good for the Arab region that Hezbollah is getting involved in regional politics.”,float64,0,2400,0,"{""1"": ""Strongly agree"", ""2"": ""Agree"", ""3"": ""Disagree"", ""4"": ""Strongly Disagree"", ""98"": ""Don’t know"", ""99"": ""Refused to answer"", ""100"": ""The respondent does not wish to continue""}",,,,
140,Q273A,Q273A. Which of the following actions would you think most effective to influence a national government decision:,float64,1193,1207,9,"{""1"": ""Online activism"", ""2"": ""Use family connections with gov officials"", ""3"": ""Write to gov officials"", ""4"": ""Form a group"", ""5"": ""Work through a political party"", ""6"": ""Organize a protest"", ""97"": ""Nothing is effective"", ""98"": ""Don’t know"", ""99"": ""Refused to answer"", ""100"": ""The respondent does not wish to continue""}",,,1.0,99.0
141,Q273B,Q273B. Which of the following actions would you think least effective to influence a national government decision?,float64,1157,1243,9,"{""1"": ""Online activism"", ""2"": ""Use family connections with gov officials"", ""3"": ""Write to gov officials"", ""4"": ""Form a group"", ""5"": ""Work through a political party"", ""6"": ""Organize a protest"", ""97"": ""Nothing is effective"", ""98"": ""Don’t know"", ""99"": ""Refused to answer"", ""100"": ""The respondent does not wish to continue""}",,,1.0,99.0
142,Q273A_KUW,Q273A_KUW. Which of the following actions would you think most effective to influence a national government decision:,float64,0,2400,0,"{""1"": ""Online activism"", ""2"": ""Use family connections with gov officials"", ""3"": ""Write to gov officials"", ""4"": ""Form a group"", ""5"": ""Work through a political party"", ""97"": ""Nothing is effective"", ""98"": ""Don’t know"", ""99"": ""Refused to answer"", ""100"": ""The respondent does not wish to continue""}",,,,
143,Q273B_KUW,Q273B_KUW. Which of the following actions would you think least effective to influence a national government decision?,float64,0,2400,0,"{""1"": ""Online activism"", ""2"": ""Use family connections with gov officials"", ""3"": ""Write to gov officials"", ""4"": ""Form a group"", ""5"": ""Work through a political party"", ""97"": ""Nothing is effective"", ""98"": ""Don’t know"", ""99"": ""Refused to answer"", ""100"": ""The respondent does not wish to continue""}",,,,
144,Q214,Q214. Have you personally or any of your relatives or anyone you know been demanded to provide a permit or a certificate of good behavior from the security services (police for example) in order to obtain a passport or an identity card?,float64,1156,1244,4,"{""1"": ""Yes"", ""2"": ""No"", ""98"": ""Don’t know"", ""99"": ""Refused to answer"", ""100"": ""The respondent does not wish to continue""}",,,1.0,99.0
145,Q274A,"Q274A. In the past 12 months, have you experienced any electricity outages:",float64,2400,0,7,"{""1"": ""Daily"", ""2"": ""Weekly"", ""3"": ""Monthly"", ""4"": ""Only a few times a year"", ""5"": ""Never"", ""97"": ""I don’t have electricity"", ""98"": ""Don’t know"", ""99"": ""Refused to answer"", ""100"": ""The respondent does not wish to continue""}",,,1.0,98.0
146,Q274C,Q274C. Do you have a source of electricity other than electricity provided by the government?,float64,0,2400,0,"{""1"": ""Yes"", ""2"": ""No"", ""98"": ""Don’t know"", ""99"": ""Refused to answer"", ""100"": ""The respondent does not wish to continue""}",,,,
147,Q274B,"Q274B. In the past 12 months, have you experienced water outages:",float64,2400,0,7,"{""1"": ""Daily"", ""2"": ""Weekly"", ""3"": ""Monthly"", ""4"": ""Only a few times a year"", ""5"": ""Never"", ""97"": ""I don’t have water"", ""98"": ""Don’t know"", ""99"": ""Refused to answer"", ""100"": ""The respondent does not wish to continue""}",,,1.0,98.0
148,Q210,Q210. To what extent do you think that there is corruption within the national state agencies and institutions in your country?,float64,2399,1,6,"{""1"": ""To a large extent"", ""2"": ""To a medium extent"", ""3"": ""To a small extent"", ""4"": ""Not at all"", ""98"": ""Don’t know"", ""99"": ""Refused to answer"", ""100"": ""The respondent does not wish to continue""}",,,1.0,99.0
149,Q211_1,"Q211_1. In your opinion, to what extent is the national government working to crackdown on corruption?",float64,1148,1252,6,"{""1"": ""To a large extent"", ""2"": ""To a medium extent"", ""3"": ""To a small extent"", ""4"": ""Not at all"", ""98"": ""Don’t know"", ""99"": ""Refused to answer"", ""100"": ""The respondent does not wish to continue""}",,,1.0,99.0
150,Q211B,Q211B. How widespread do you think corruption is in your governorate?,float64,2318,82,6,"{""1"": ""Hardly anyone"", ""2"": ""Not a lot"", ""3"": ""Most"", ""4"": ""Almost everyone"", ""98"": ""Don’t know"", ""99"": ""Refused to answer"", ""100"": ""The respondent does not wish to continue""}",,,1.0,99.0
151,Q213A_2A,Q213A_2A. A government official giving a government job to a relative,float64,1193,1207,5,"{""1"": ""Only corrupt"", ""2"": ""Only amoral"", ""3"": ""Both corrupt and amoral"", ""4"": ""Neither corrupt nor amoral"", ""98"": ""Don’t know"", ""99"": ""Refused to answer"", ""100"": ""The respondent does not wish to continue""}",,,1.0,98.0
152,Q213A_2B,Q213A_2B. A business manager providing a job in his private company for a relative,float64,1157,1243,6,"{""1"": ""Only corrupt"", ""2"": ""Only amoral"", ""3"": ""Both corrupt and amoral"", ""4"": ""Neither corrupt nor amoral"", ""98"": ""Don’t know"", ""99"": ""Refused to answer"", ""100"": ""The respondent does not wish to continue""}",,,1.0,99.0
153,Q275,"Q275. Compared with other systems in the world, would you say:",float64,2400,0,6,"{""1"": ""Works fine as it is"", ""2"": ""Needs minor change"", ""3"": ""Needs major change"", ""4"": ""Should be replaced"", ""98"": ""Don’t know"", ""99"": ""Refused to answer"", ""100"": ""The respondent does not wish to continue""}",,,1.0,99.0
154,Q276,Q276. How well do you think the government responds to what people want?,float64,2398,2,6,"{""1"": ""Very responsive"", ""2"": ""Largely responsive"", ""3"": ""Not very responsive"", ""4"": ""Not responsive at all"", ""98"": ""Don’t know"", ""99"": ""Refused to answer"", ""100"": ""The respondent does not wish to continue""}",,,1.0,99.0
155,Q404,"Q404. In general, to what extent are you interested in politics?",float64,2395,5,6,"{""1"": ""Very interested"", ""2"": ""Interested"", ""3"": ""Uninterested"", ""4"": ""Very uninterested"", ""98"": ""Don’t know"", ""99"": ""Refused to answer"", ""100"": ""The respondent does not wish to continue""}",,,1.0,99.0
156,Q501,Q501. Are you a member of an organization or a group or a club?,float64,2398,2,3,"{""1"": ""Yes"", ""2"": ""No"", ""98"": ""Don’t know"", ""99"": ""Refused to answer"", ""100"": ""The respondent does not wish to continue""}",,,1.0,98.0
157,Q501B_1,Q501B. What type of organization is it? : Civic organization,float64,139,2261,2,"{""0"": ""Not mentioned"", ""1"": ""Mentioned""}",,,0.0,1.0
158,Q501B_2,Q501B. What type of organization is it? : Religious organization,float64,139,2261,2,"{""0"": ""Not mentioned"", ""1"": ""Mentioned""}",,,0.0,1.0
159,Q501B_3,Q501B. What type of organization is it? : Other,float64,139,2261,2,"{""0"": ""Not mentioned"", ""1"": ""Mentioned""}",,,0.0,1.0
160,Q501B_98,Q501B. What type of organization is it? :: Don’t know,float64,139,2261,1,"{""0"": ""Not mentioned"", ""1"": ""Mentioned""}",,,0.0,0.0
161,Q501B_99,Q501B. What type of organization is it? :: Refused to answer,float64,139,2261,2,"{""0"": ""Not mentioned"", ""1"": ""Mentioned""}",,,0.0,1.0
162,Q501D,"Q501D. In a typical month, do you volunteer your time to do unpaid work for or support a cause that you care about?",float64,2397,3,4,"{""1"": ""Yes"", ""2"": ""No"", ""98"": ""Don’t know"", ""99"": ""Refused to answer"", ""100"": ""The respondent does not wish to continue""}",,,1.0,99.0
163,Q501E_2,Q501E_2. Type of cause,float64,540,1860,14,"{""1"": ""Art, music, drama"", ""2"": ""Building and construction"", ""3"": ""Charity"", ""4"": ""Children and youth"", ""5"": ""Economic development"", ""6"": ""Education"", ""7"": ""Environment"", ""8"": ""Health"", ""9"": ""Political development"", ""10"": ""Religious activity"", ""11"": ""Sports"", ""12"": ""Women’s empowerment"", ""13"": ""Other"", ""98"": ""Don’t know"", ""99"": ""Refused to answer"", ""100"": ""The respondent does not wish to continue""}",,,1.0,98.0
164,Q266,"Q266. In a typical month, do you donate money to a charity or those in need?",float64,2399,1,4,"{""1"": ""Yes"", ""2"": ""No"", ""98"": ""Don’t know"", ""99"": ""Refused to answer"", ""100"": ""The respondent does not wish to continue""}",,,1.0,99.0
165,Q263,Q263. Which of the following statements best describes you?,float64,2396,4,6,"{""1"": ""Yes- even at large personal cost"", ""2"": ""Yes- even at small personal cost"", ""3"": ""Yes- if it costs nothing"", ""4"": ""No"", ""98"": ""Don’t know"", ""99"": ""Refused to answer"", ""100"": ""The respondent does not wish to continue""}",,,1.0,99.0
166,Q537,Q537. Who is your biggest role model?,float64,2399,1,12,"{""1"": ""A family member"", ""2"": ""Sports"", ""3"": ""Cultural figures"", ""4"": ""Royalty"", ""5"": ""Political figures"", ""6"": ""Military figures"", ""7"": ""Religious figures"", ""8"": ""Public commentators"", ""9"": ""Philanthropy"", ""10"": ""Other"", ""11"": ""No one"", ""98"": ""Don’t know"", ""99"": ""Refused to answer"", ""100"": ""The respondent does not wish to continue""}",,,1.0,99.0
167,Q542,"Q542. In the past year, did you share in, participate in, or attend any online activity whose aim was to solve a problem faced by a community you belong to or a community you care about?",float64,2398,2,4,"{""1"": ""Yes"", ""2"": ""No"", ""97"": ""Do not use internet"", ""98"": ""Don’t know"", ""99"": ""Refused to answer"", ""100"": ""The respondent does not wish to continue""}",,,1.0,99.0
168,Q543_2,Q543_2. Problem online activity aimed to solve,float64,111,2289,13,"{""1"": ""Coronavirus pandemic"", ""2"": ""Corruption"", ""3"": ""Economic situation"", ""4"": ""Transfer of power"", ""5"": ""Environment"", ""6"": ""Foreign interference"", ""7"": ""Human rights"", ""8"": ""Infrastructure"", ""9"": ""Instability"", ""10"": ""Palestinian question"", ""11"": ""Public services"", ""12"": ""Women’s empowerment"", ""13"": ""Other"", ""98"": ""Don’t know"", ""99"": ""Refused to answer"", ""100"": ""The respondent does not wish to continue""}",,,1.0,98.0
169,Q543_KUW_2,Q543_KUW_2. Problem online activity aimed to solve,float64,0,2400,0,"{""1"": ""Coronavirus pandemic"", ""2"": ""Corruption"", ""3"": ""Economic situation"", ""4"": ""Transfer of power"", ""5"": ""Environment"", ""6"": ""Foreign interference"", ""7"": ""Human rights"", ""8"": ""Infrastructure"", ""10"": ""Palestinian question"", ""11"": ""Public services"", ""12"": ""Women’s empowerment"", ""13"": ""Other"", ""98"": ""Don’t know"", ""99"": ""Refused to answer"", ""100"": ""The respondent does not wish to continue""}",,,,
170,Q545,Q545. Which of the following did you hope to accomplish through your participation or attendance in these activities?,float64,111,2289,6,"{""1"": ""Raise awareness"", ""2"": ""Learn"", ""3"": ""Make opinion known"", ""4"": ""Organize event"", ""5"": ""Demand change"", ""6"": ""Other"", ""98"": ""Don’t know"", ""99"": ""Refused to answer"", ""100"": ""The respondent does not wish to continue""}",,,1.0,6.0
171,Q532A,"Q532A. During the past year, did you participate in an in-person protest:",float64,2394,6,4,"{""1"": ""Once"", ""2"": ""More than once"", ""3"": ""Never participated"", ""98"": ""Don’t know"", ""99"": ""Refused to answer"", ""100"": ""The respondent does not wish to continue""}",,,1.0,98.0
172,Q538_2,Q538_2. How frequently do you do the following:,float64,2400,0,4,"{""1"": ""Often"", ""2"": ""Sometimes"", ""3"": ""Never"", ""98"": ""Don’t know"", ""99"": ""Refused to answer"", ""100"": ""The respondent does not wish to continue""}",,,1.0,98.0
173,Q539_2,Q539_2. Reason for recycling plastic or glass bottles,float64,1422,978,6,"{""1"": ""Protect the environment"", ""2"": ""Cost savings"", ""3"": ""Convenience"", ""4"": ""Other"", ""98"": ""Don’t know"", ""99"": ""Refused to answer"", ""100"": ""The respondent does not wish to continue""}",,,1.0,99.0
174,Q540_1,Q540_1. Which of the following are the first and second biggest environmental challenges facing your country?,float64,2400,0,13,"{""1"": ""Air quality"", ""2"": ""Pollution of drinking water"", ""3"": ""Pollution of waterways"", ""4"": ""Lack of water resources"", ""5"": ""Trash/waste management"", ""6"": ""Pesticide, fertilizer contamination"", ""7"": ""Hazardous waste contamination"", ""8"": ""Inefficient energy use"", ""9"": ""Climate change"", ""96"": ""All are challenges"", ""97"": ""None of these"", ""98"": ""Don’t know"", ""99"": ""Refused to answer"", ""100"": ""The respondent does not wish to continue""}",,,1.0,99.0
175,Q540_2,Q540_2. Which of the following are the first and second biggest environmental challenges facing your country?,float64,2254,146,13,"{""1"": ""Air quality"", ""2"": ""Pollution of drinking water"", ""3"": ""Pollution of waterways"", ""4"": ""Lack of water resources"", ""5"": ""Trash/waste management"", ""6"": ""Pesticide, fertilizer contamination"", ""7"": ""Hazardous waste contamination"", ""8"": ""Inefficient energy use"", ""9"": ""Climate change"", ""96"": ""All are challenges"", ""97"": ""None of these"", ""98"": ""Don’t know"", ""99"": ""Refused to answer"", ""100"": ""The respondent does not wish to continue""}",,,1.0,99.0
176,Q541_1,Q541_1. Lack of environmental awareness among citizens,float64,1192,1208,6,"{""1"": ""To a large extent"", ""2"": ""To a medium extent"", ""3"": ""To a small extent"", ""4"": ""Not at all"", ""97"": ""Not a concern"", ""98"": ""Don’t know"", ""99"": ""Refused to answer"", ""100"": ""The respondent does not wish to continue""}",,,1.0,99.0
177,Q541_2,Q541_2. Lack of environmental initiatives/spending by the government,float64,1156,1244,7,"{""1"": ""To a large extent"", ""2"": ""To a medium extent"", ""3"": ""To a small extent"", ""4"": ""Not at all"", ""97"": ""Not a concern"", ""98"": ""Don’t know"", ""99"": ""Refused to answer"", ""100"": ""The respondent does not wish to continue""}",,,1.0,99.0
178,Q546,"Q546. Do you think our national government should do more, less, or about the same amount as it is doing right now to deal with climate change?",float64,2399,1,5,"{""1"": ""More"", ""2"": ""Less"", ""3"": ""About the same"", ""98"": ""Don’t know"", ""99"": ""Refused to answer"", ""100"": ""The respondent does not wish to continue""}",,,1.0,99.0
179,Q521_1,Q521_1. Freedom to express opinions.,float64,2400,0,6,"{""1"": ""To a great extent"", ""2"": ""To a medium extent"", ""3"": ""To a limited extent"", ""4"": ""Not guaranteed at all"", ""98"": ""Don’t know"", ""99"": ""Refused to answer"", ""100"": ""The respondent does not wish to continue""}",,,1.0,99.0
180,Q521_4,Q521_4. Freedom to participate in peaceful protests and demonstrations.,float64,2396,4,6,"{""1"": ""To a great extent"", ""2"": ""To a medium extent"", ""3"": ""To a limited extent"", ""4"": ""Not guaranteed at all"", ""98"": ""Don’t know"", ""99"": ""Refused to answer"", ""100"": ""The respondent does not wish to continue""}",,,1.0,99.0
181,Q521_2A,Q521_2A. Freedom of the media to criticize the things government does.,float64,1193,1207,6,"{""1"": ""To a great extent"", ""2"": ""To a medium extent"", ""3"": ""To a limited extent"", ""4"": ""Not guaranteed at all"", ""98"": ""Don’t know"", ""99"": ""Refused to answer"", ""100"": ""The respondent does not wish to continue""}",,,1.0,99.0
182,Q521_2B,Q521_2B. Freedom of the press,float64,1156,1244,5,"{""1"": ""To a great extent"", ""2"": ""To a medium extent"", ""3"": ""To a limited extent"", ""4"": ""Not guaranteed at all"", ""98"": ""Don’t know"", ""99"": ""Refused to answer"", ""100"": ""The respondent does not wish to continue""}",,,1.0,98.0
183,Q521_6,Q521_6. Freedom of religion,float64,2397,3,6,"{""1"": ""To a great extent"", ""2"": ""To a medium extent"", ""3"": ""To a limited extent"", ""4"": ""Not guaranteed at all"", ""98"": ""Don’t know"", ""99"": ""Refused to answer"", ""100"": ""The respondent does not wish to continue""}",,,1.0,99.0
184,Q536_2,"Q536_2. 'During a public emergency, is it justifiable to limit freedom of speech?'",float64,2398,2,5,"{""1"": ""Always"", ""2"": ""Sometimes"", ""3"": ""Never"", ""98"": ""Don’t know"", ""99"": ""Refused to answer"", ""100"": ""The respondent does not wish to continue""}",,,1.0,99.0
185,Q536_4,"Q536_4. During a public emergency, is it justifiable to censor the media?",float64,2398,2,5,"{""1"": ""Always"", ""2"": ""Sometimes"", ""3"": ""Never"", ""98"": ""Don’t know"", ""99"": ""Refused to answer"", ""100"": ""The respondent does not wish to continue""}",,,1.0,99.0
186,Q516A,Q516A. I am interested in how you think about the core values underlying any society. Which of these three statements is closest to your own opinion:,float64,2399,1,5,"{""1"": ""Type of gov. doesn’t matter"", ""2"": ""Non-democratic gov. sometimes preferable"", ""3"": ""Democracy always preferable"", ""98"": ""Don’t know"", ""99"": ""Refused to answer"", ""100"": ""The respondent does not wish to continue""}",,,1.0,99.0
187,Q514A,"Q514A. There is talk about political reform in our country. Do you think we should introduce reforms little by little, all at once, or should there be no reforms at all?",float64,2399,1,5,"{""1"": ""Little by little"", ""2"": ""All at once"", ""3"": ""No reforms at all"", ""98"": ""Don’t know"", ""99"": ""Refused to answer"", ""100"": ""The respondent does not wish to continue""}",,,1.0,99.0
188,Q514A_AE,"Q514A_AE. There is talk about reform in our country. Do you think we should introduce reforms little by little, all at once, or should there be no reforms at all?",float64,0,2400,0,"{""1"": ""Little by little"", ""2"": ""All at once"", ""3"": ""No reforms at all"", ""98"": ""Don’t know"", ""99"": ""Refused to answer"", ""100"": ""The respondent does not wish to continue""}",,,,
189,Q516_1,"Q516_1. Under a democratic system, the country’s economic performance is weak.",float64,1192,1208,6,"{""1"": ""Strongly agree"", ""2"": ""Agree"", ""3"": ""Disagree"", ""4"": ""Strongly disagree"", ""98"": ""Don’t know"", ""99"": ""Refused to answer"", ""100"": ""The respondent does not wish to continue""}",,,1.0,99.0
190,Q516_2,Q516_2. Democratic regimes are indecisive and full of problems.,float64,1190,1210,6,"{""1"": ""Strongly agree"", ""2"": ""Agree"", ""3"": ""Disagree"", ""4"": ""Strongly disagree"", ""98"": ""Don’t know"", ""99"": ""Refused to answer"", ""100"": ""The respondent does not wish to continue""}",,,1.0,99.0
191,Q516_3,Q516_3. Democratic systems are not effective at maintaining order and stability.,float64,1192,1208,6,"{""1"": ""Strongly agree"", ""2"": ""Agree"", ""3"": ""Disagree"", ""4"": ""Strongly disagree"", ""98"": ""Don’t know"", ""99"": ""Refused to answer"", ""100"": ""The respondent does not wish to continue""}",,,1.0,99.0
192,Q516_4,"Q516_4. Democratic systems may have problems, yet they are better than other systems.",float64,1191,1209,6,"{""1"": ""Strongly agree"", ""2"": ""Agree"", ""3"": ""Disagree"", ""4"": ""Strongly disagree"", ""98"": ""Don’t know"", ""99"": ""Refused to answer"", ""100"": ""The respondent does not wish to continue""}",,,1.0,99.0
193,Q533_3,"Q533_3. As long as a government can solve our country’s economic problems, it does not matter what kind of government we have",float64,2396,4,6,"{""1"": ""Strongly agree"", ""2"": ""Somewhat agree"", ""3"": ""Somewhat disagree"", ""4"": ""Strongly disagree"", ""98"": ""Don’t know"", ""99"": ""Refused to answer"", ""100"": ""The respondent does not wish to continue""}",,,1.0,99.0
194,Q533_4,Q533_4. This country needs a leader who can bend the rules if necessary to get things done.,float64,2395,5,6,"{""1"": ""Strongly agree"", ""2"": ""Somewhat agree"", ""3"": ""Somewhat disagree"", ""4"": ""Strongly disagree"", ""98"": ""Don’t know"", ""99"": ""Refused to answer"", ""100"": ""The respondent does not wish to continue""}",,,1.0,99.0
195,Q533_5,"Q533_5. As long as the government can maintain order and stability in the country, it does not matter whether it is democratic or undemocratic",float64,2396,4,6,"{""1"": ""Strongly agree"", ""2"": ""Somewhat agree"", ""3"": ""Somewhat disagree"", ""4"": ""Strongly disagree"", ""98"": ""Don’t know"", ""99"": ""Refused to answer"", ""100"": ""The respondent does not wish to continue""}",,,1.0,99.0
196,Q301A,Q301A. Did you vote in the last parliamentary elections?,float64,2400,0,3,"{""1"": ""Yes"", ""2"": ""No"", ""98"": ""Don’t know"", ""99"": ""Refused to answer"", ""100"": ""The respondent does not wish to continue""}",,,1.0,98.0
197,Q301B,Q301B. Do you intend to vote in the parliamentary elections?,float64,0,2400,0,"{""1"": ""Yes"", ""2"": ""No"", ""98"": ""Don’t know"", ""99"": ""Refused to answer"", ""100"": ""The respondent does not wish to continue""}",,,,
198,Q303A,Q303A. How would you evaluate the last parliamentary elections?,float64,2399,1,5,"{""1"": ""Free and fair"", ""2"": ""Free, fair, minor problems"", ""3"": ""Not free or fair"", ""98"": ""Don’t know"", ""99"": ""Refused to answer"", ""100"": ""The respondent does not wish to continue""}",,,1.0,99.0
199,Q301C,Q301C. Did you vote in the last local elections?,float64,2397,3,4,"{""1"": ""Yes"", ""2"": ""No"", ""98"": ""Don’t know"", ""99"": ""Refused to answer"", ""100"": ""The respondent does not wish to continue""}",,,1.0,99.0
200,Q503A_1,Q503A_1. Which party if any do you feel closest to?,float64,1193,1207,14,"{""0"": ""No party"", ""96"": ""Other"", ""98"": ""Don’t know"", ""99"": ""Refused to answer"", ""100"": ""The respondent does not wish to continue"", ""10101"": ""FLN"", ""10102"": ""MSP/Hamas"", ""10103"": ""RND"", ""10104"": ""National Construction Mvt"", ""10105"": ""Workers Party (PT)"", ""10106"": ""Future Front"", ""10107"": ""FJD"", ""10108"": ""FAN"", ""10109"": ""RCD"", ""10501"": ""Nation’s Future Party"", ""10502"": ""Republican People’s Party"", ""10503"": ""New Wafd Party"", ""10504"": ""Free Egyptians Party"", ""10505"": ""Homeland Defenders Party"", ""10506"": ""Al-Nour Party"", ""10507"": ""Conference Party"", ""10508"": ""Al-Tagammu"", ""10509"": ""Modern Egypt Party"", ""10701"": ""Islamic Da’wa Party"", ""10702"": ""Islamic Supreme Council"", ""10703"": ""KDP/PDK"", ""10704"": ""Al-Fatah Alliance"", ""10705"": ""Ba`ath Party"", ""10706"": ""Iraqi Communist Party"", ""10707"": ""Al-Ahrar Bloc"", ""10708"": ""Sairoon Alliance"", ""10709"": ""Victory Alliance"", ""10801"": ""IAF"", ""10802"": ""Jordanian Communist"", ""10803"": ""JASBP"", ""10804"": ""HASHD"", ""10805"": ""Democratic Popular Unity"", ""10806"": ""Al-Mustaqbal"", ""10807"": ""Jordanian Progressive"", ""10808"": ""National Current Party"", ""10809"": ""Freedom Party (Al-Ahrar)"", ""101001"": ""Amal Movement"", ""101002"": ""Free Patriotic Movement"", ""101003"": ""Future Movement"", ""101004"": ""Hezbollah"", ""101005"": ""Kataeb"", ""101006"": ""Lebanese Forces"", ""101007"": ""Progressive Socialist"", ""101008"": ""Lebanese Democratic"", ""101009"": ""PNO"", ""101010"": ""FFS"", ""101101"": ""National Forces Alliance"", ""101102"": ""National Front"", ""101103"": ""JCP"", ""101104"": ""Homeland Party"", ""101105"": ""National Centrist Party"", ""101106"": ""Wadi Al-Hayah Party"", ""101107"": ""NPDW"", ""101108"": ""Democratic Party"", ""101109"": ""Wisdom Party"", ""101201"": ""UPR"", ""101202"": ""RNRD"", ""101203"": ""UDP"", ""101204"": ""UFP"", ""101205"": ""HATEM"", ""101206"": ""ADIL"", ""101207"": ""AND"", ""101208"": ""DPA"", ""101209"": ""APP"", ""101301"": ""PAM"", ""101302"": ""PJD"", ""101303"": ""Istiqlal Party"", ""101304"": ""RNI"", ""101305"": ""Popular Movement (MP)"", ""101306"": ""UC"", ""101307"": ""USFP"", ""101308"": ""PPSF"", ""101309"": ""MDS"", ""101501"": ""Fatah"", ""101502"": ""Hamas"", ""101503"": ""DFLP"", ""101504"": ""PNI"", ""101505"": ""PFLP"", ""101506"": ""FIDA"", ""101507"": ""Hizb Ut-Tahrir"", ""101508"": ""PPSF"", ""101509"": ""PIJ"", ""101901"": ""DUP"", ""101902"": ""National Umma Party"", ""101903"": ""SCP"", ""101904"": ""Popular Congress Party"", ""101905"": ""SPLM"", ""101906"": ""Sudanese Communist Party"", ""101907"": ""Sudanese SDU"", ""101908"": ""Liberal Democrats"", ""101909"": ""Sudan ANU"", ""102101"": ""Ennahdha"", ""102102"": ""Afek Tounes"", ""102103"": ""Al Jomhouri"", ""102104"": ""PTT"", ""102105"": ""Nidaa Tounes"", ""102106"": ""Al Massar"", ""102107"": ""Popular Front (ej-Jabha)"", ""102108"": ""Congress for the Republic"", ""102109"": ""Ettakatol"", ""105010"": ""Egyptian Patriotic Movement"", ""107010"": ""State of Law Coalition"", ""108010"": ""Zamzam"", ""1010010"": ""Tashnag"", ""1011010"": ""The Message"", ""1012010"": ""El Wiam (PEDS)"", ""1013010"": ""PSU"", ""1015010"": ""PPP"", ""1019010"": ""Nile Valley Unity Party"", ""1021010"": ""UPL""}",,,0.0,1021010.0
201,Q104,Q104. Some people decide to leave their countries to live somewhere else. Have you ever thought about emigrating from your country?,float64,2398,2,2,"{""1"": ""Yes"", ""2"": ""No"", ""98"": ""Don’t know"", ""99"": ""Refused to answer"", ""100"": ""The respondent does not wish to continue""}",,,1.0,2.0
202,Q104A_2_1,Q104A. For economic reasons,float64,971,1429,2,"{""0"": ""Not mentioned"", ""1"": ""Mentioned""}",,,0.0,1.0
203,Q104A_2_2,Q104A. For political reasons,float64,971,1429,2,"{""0"": ""Not mentioned"", ""1"": ""Mentioned""}",,,0.0,1.0
204,Q104A_2_3,Q104A. Religious reasons,float64,971,1429,2,"{""0"": ""Not mentioned"", ""1"": ""Mentioned""}",,,0.0,1.0
205,Q104A_2_4,Q104A. Security reasons,float64,971,1429,2,"{""0"": ""Not mentioned"", ""1"": ""Mentioned""}",,,0.0,1.0
206,Q104A_2_5,Q104A. Education opportunities,float64,971,1429,2,"{""0"": ""Not mentioned"", ""1"": ""Mentioned""}",,,0.0,1.0
207,Q104A_2_6,Q104A. Reunite with family,float64,971,1429,2,"{""0"": ""Not mentioned"", ""1"": ""Mentioned""}",,,0.0,1.0
208,Q104A_2_7,Q104A. Corruption,float64,971,1429,2,"{""0"": ""Not mentioned"", ""1"": ""Mentioned""}",,,0.0,1.0
209,Q104A_2_8,Q104A. Other. Other,float64,971,1429,2,"{""0"": ""Not mentioned"", ""1"": ""Mentioned""}",,,0.0,1.0
210,Q104A_2_98,Q104A. Don’t know,float64,971,1429,2,"{""0"": ""Not mentioned"", ""1"": ""Mentioned""}",,,0.0,1.0
211,Q104A_2_99,Q104A. Refused to answer,float64,971,1429,2,"{""0"": ""Not mentioned"", ""1"": ""Mentioned""}",,,0.0,1.0
212,Q104B_1,Q104B. Saudi Arabia,float64,971,1429,2,"{""0"": ""Not mentioned"", ""1"": ""Mentioned""}",,,0.0,1.0
213,Q104B_2,Q104B. The United Arab Emirates,float64,971,1429,2,"{""0"": ""Not mentioned"", ""1"": ""Mentioned""}",,,0.0,1.0
214,Q104B_3,Q104B. Qatar,float64,971,1429,2,"{""0"": ""Not mentioned"", ""1"": ""Mentioned""}",,,0.0,1.0
215,Q104B_4,Q104B. Bahrain,float64,971,1429,2,"{""0"": ""Not mentioned"", ""1"": ""Mentioned""}",,,0.0,1.0
216,Q104B_5,Q104B. Kuwait,float64,971,1429,2,"{""0"": ""Not mentioned"", ""1"": ""Mentioned""}",,,0.0,1.0
217,Q104B_6,Q104B. Oman,float64,971,1429,2,"{""0"": ""Not mentioned"", ""1"": ""Mentioned""}",,,0.0,1.0
218,Q104B_7,Q104B. Egypt,float64,971,1429,2,"{""0"": ""Not mentioned"", ""1"": ""Mentioned""}",,,0.0,1.0
219,Q104B_8,Q104B. Jordan,float64,971,1429,2,"{""0"": ""Not mentioned"", ""1"": ""Mentioned""}",,,0.0,1.0
220,Q104B_9,Q104B. Lebanon,float64,971,1429,2,"{""0"": ""Not mentioned"", ""1"": ""Mentioned""}",,,0.0,1.0
221,Q104B_10,Q104B. Morocco,float64,971,1429,2,"{""0"": ""Not mentioned"", ""1"": ""Mentioned""}",,,0.0,1.0
222,Q104B_11,Q104B. Algeria,float64,971,1429,2,"{""0"": ""Not mentioned"", ""1"": ""Mentioned""}",,,0.0,1.0
223,Q104B_12,Q104B. Tunisia,float64,0,2400,0,"{""0"": ""Not mentioned"", ""1"": ""Mentioned""}",,,,
224,Q104B_13,Q104B. Turkey,float64,971,1429,2,"{""0"": ""Not mentioned"", ""1"": ""Mentioned""}",,,0.0,1.0
225,Q104B_14,Q104B. The United States,float64,971,1429,2,"{""0"": ""Not mentioned"", ""1"": ""Mentioned""}",,,0.0,1.0
226,Q104B_15,Q104B. Canada,float64,971,1429,2,"{""0"": ""Not mentioned"", ""1"": ""Mentioned""}",,,0.0,1.0
227,Q104B_16,Q104B. The United Kingdom,float64,971,1429,2,"{""0"": ""Not mentioned"", ""1"": ""Mentioned""}",,,0.0,1.0
228,Q104B_17,Q104B. Eastern Europe,float64,971,1429,2,"{""0"": ""Not mentioned"", ""1"": ""Mentioned""}",,,0.0,1.0
229,Q104B_18,Q104B. France,float64,971,1429,2,"{""0"": ""Not mentioned"", ""1"": ""Mentioned""}",,,0.0,1.0
230,Q104B_19,Q104B. Germany,float64,971,1429,2,"{""0"": ""Not mentioned"", ""1"": ""Mentioned""}",,,0.0,1.0
231,Q104B_20,Q104B. Spain,float64,971,1429,2,"{""0"": ""Not mentioned"", ""1"": ""Mentioned""}",,,0.0,1.0
232,Q104B_21,Q104B. Italy,float64,971,1429,2,"{""0"": ""Not mentioned"", ""1"": ""Mentioned""}",,,0.0,1.0
233,Q104B_22,Q104B. Western Europe-Other,float64,971,1429,2,"{""0"": ""Not mentioned"", ""1"": ""Mentioned""}",,,0.0,1.0
234,Q104B_23,Q104B. Sub-Saharan Africa,float64,971,1429,2,"{""0"": ""Not mentioned"", ""1"": ""Mentioned""}",,,0.0,1.0
235,Q104B_24,Q104B. China,float64,971,1429,2,"{""0"": ""Not mentioned"", ""1"": ""Mentioned""}",,,0.0,1.0
236,Q104B_25,Q104B. Australia,float64,971,1429,2,"{""0"": ""Not mentioned"", ""1"": ""Mentioned""}",,,0.0,1.0
237,Q104B_26,Q104B. Other,float64,971,1429,2,"{""0"": ""Not mentioned"", ""1"": ""Mentioned""}",,,0.0,1.0
238,Q104B_98,Q104B. Don’t know,float64,971,1429,2,"{""0"": ""Not mentioned"", ""1"": ""Mentioned""}",,,0.0,1.0
239,Q104B_99,Q104B. Refused to answer,float64,971,1429,2,"{""0"": ""Not mentioned"", ""1"": ""Mentioned""}",,,0.0,1.0
240,Q104C,Q104C. Would you consider leaving your country even if you didn’t have the required papers?,float64,969,1431,3,"{""1"": ""Yes"", ""2"": ""No"", ""98"": ""Don’t know"", ""99"": ""Refused to answer"", ""100"": ""The respondent does not wish to continue""}",,,1.0,98.0
241,Q1017,Q1017. Does your family receive remittances from any immediate or extended family member living abroad?,float64,2398,2,6,"{""1"": ""Yes, monthly"", ""2"": ""Yes, a few times a year"", ""3"": ""Yes, once a year"", ""4"": ""No"", ""98"": ""Don’t know"", ""99"": ""Refused to answer"", ""100"": ""The respondent does not wish to continue""}",,,1.0,99.0
242,Q905,Q905. To what extent do you think Sub-Saharan migrants are discriminated against in your country?,float64,0,2400,0,"{""1"": ""To a great extent"", ""2"": ""To a medium extent"", ""3"": ""To a small extent"", ""4"": ""Not at all"", ""98"": ""Don’t know"", ""99"": ""Refused to answer"", ""100"": ""The respondent does not wish to continue""}",,,,
243,Q861,"Q861. When you hear someone who is from a Western country say something disrespectful of your country, to what extent do you feel personally offended?",float64,1192,1208,6,"{""1"": ""Extremely offended"", ""2"": ""Somewhat offended"", ""3"": ""Not very offended"", ""4"": ""Not at all offended"", ""98"": ""Don’t know"", ""99"": ""Refused to answer"", ""100"": ""The respondent does not wish to continue""}",,,1.0,99.0
244,Q862,"Q862. When you hear someone who is from a different Arab country say something disrespectful of your country, to what extent do you feel personally offended?",float64,1156,1244,5,"{""1"": ""Extremely offended"", ""2"": ""Somewhat offended"", ""3"": ""Not very offended"", ""4"": ""Not at all offended"", ""98"": ""Don’t know"", ""99"": ""Refused to answer"", ""100"": ""The respondent does not wish to continue""}",,,1.0,98.0
245,Q870A_2,"Q870A_2. In your opinion, which group of people faces difficulty working their way out of the lower class because they are discriminated against in your country?",float64,952,1448,13,"{""1"": ""No group"", ""2"": ""No one more than the other"", ""3"": ""Class defined group"", ""4"": ""Geography defined group"", ""5"": ""Tribally defined group"", ""6"": ""Racially defined group"", ""7"": ""Gender defined group"", ""8"": ""Age defined group"", ""9"": ""Ethnically defined group"", ""10"": ""Religious group"", ""11"": ""IDP/Refugee/Migrant"", ""12"": ""Other"", ""98"": ""Don’t know"", ""99"": ""Refused to answer"", ""100"": ""The respondent does not wish to continue""}",,,1.0,99.0
246,Q870B_2,"Q870B_2. In your opinion, which group of people faces difficulty accessing public healthcare services because they are discriminated against in your country?",float64,905,1495,13,"{""1"": ""No group"", ""2"": ""No one more than the other"", ""3"": ""Class defined group"", ""4"": ""Geography defined group"", ""5"": ""Tribally defined group"", ""6"": ""Racially defined group"", ""7"": ""Gender defined group"", ""8"": ""Age defined group"", ""9"": ""Ethnically defined group"", ""10"": ""Religious group"", ""11"": ""IDP/Refugee/Migrant"", ""12"": ""Other"", ""98"": ""Don’t know"", ""99"": ""Refused to answer"", ""100"": ""The respondent does not wish to continue""}",,,1.0,99.0
247,Q870A_MAUR_2,"Q870A_MAUR_2. In your opinion, which group of people faces difficulty working their way out of the lower class because of unequal opportunity?",float64,0,2400,0,"{""1"": ""No group"", ""2"": ""No one more than the other"", ""3"": ""Class defined group"", ""4"": ""Geography defined group"", ""5"": ""Tribally defined group"", ""6"": ""Racially defined group"", ""7"": ""Gender defined group"", ""8"": ""Age defined group"", ""9"": ""Ethnically defined group"", ""10"": ""Religious group"", ""11"": ""IDP/Refugee/Migrant"", ""12"": ""Other"", ""98"": ""Don’t know"", ""99"": ""Refused to answer"", ""100"": ""The respondent does not wish to continue""}",,,,
248,Q870B_MAUR_2,"Q870B_MAUR_2. In your opinion, which group of people faces difficulty accessing public healthcare services because of unequal opportunity?",float64,0,2400,0,"{""1"": ""No group"", ""2"": ""No one more than the other"", ""3"": ""Class defined group"", ""4"": ""Geography defined group"", ""5"": ""Tribally defined group"", ""6"": ""Racially defined group"", ""7"": ""Gender defined group"", ""8"": ""Age defined group"", ""9"": ""Ethnically defined group"", ""10"": ""Religious group"", ""11"": ""IDP/Refugee/Migrant"", ""12"": ""Other"", ""98"": ""Don’t know"", ""99"": ""Refused to answer"", ""100"": ""The respondent does not wish to continue""}",,,,
249,Q870A_KUW_2,"Q870A_KUW_2. In your opinion, which group of people faces difficulty working their way out of the lower class because they are discriminated against in your country?",float64,0,2400,0,"{""1"": ""No group"", ""2"": ""No one more than the other"", ""3"": ""Class defined group"", ""4"": ""Geography defined group"", ""5"": ""Tribally defined group"", ""6"": ""Racially defined group"", ""7"": ""Gender defined group"", ""8"": ""Age defined group"", ""9"": ""Ethnically defined group"", ""10"": ""Religious group"", ""11"": ""IDP/Refugee/Migrant"", ""12"": ""Other"", ""98"": ""Don’t know"", ""99"": ""Refused to answer"", ""100"": ""The respondent does not wish to continue""}",,,,
250,Q870B_KUW_2,"Q870B_KUW_2. In your opinion, which group of people faces difficulty accessing public healthcare services because they are discriminated against in your country?",float64,0,2400,0,"{""1"": ""No group"", ""2"": ""No one more than the other"", ""3"": ""Class defined group"", ""4"": ""Geography defined group"", ""6"": ""Racially defined group"", ""7"": ""Gender defined group"", ""8"": ""Age defined group"", ""9"": ""Ethnically defined group"", ""11"": ""IDP/Refugee/Migrant"", ""12"": ""Other"", ""13"": ""Nationality defined group"", ""98"": ""Don’t know"", ""99"": ""Refused to answer"", ""100"": ""The respondent does not wish to continue""}",,,,
251,Q871_1,Q871_1. How are members of this group treated by the government compared with other groups?,float64,1618,782,5,"{""1"": ""Better"", ""2"": ""Same"", ""3"": ""Worse"", ""98"": ""Don’t know"", ""99"": ""Refused to answer"", ""100"": ""The respondent does not wish to continue""}",,,1.0,99.0
252,Q871_3,Q871_3. How are members of this group treated by other members of society who are not in this group?,float64,1614,786,5,"{""1"": ""Better"", ""2"": ""Same"", ""3"": ""Worse"", ""98"": ""Don’t know"", ""99"": ""Refused to answer"", ""100"": ""The respondent does not wish to continue""}",,,1.0,99.0
253,Q871_MAUR_1,Q871_MAUR_1. The government,float64,0,2400,0,"{""1"": ""Better"", ""2"": ""Same"", ""3"": ""Worse"", ""98"": ""Don’t know"", ""99"": ""Refused to answer"", ""100"": ""The respondent does not wish to continue""}",,,,
254,Q871_MAUR_3,Q871_MAUR_3. Other members of society who are not in this group,float64,0,2400,0,"{""1"": ""Better"", ""2"": ""Same"", ""3"": ""Worse"", ""98"": ""Don’t know"", ""99"": ""Refused to answer"", ""100"": ""The respondent does not wish to continue""}",,,,
255,Q872,Q872. Do you believe racial discrimination is a serious problem in your country?,float64,2397,3,4,"{""1"": ""Yes"", ""2"": ""No"", ""98"": ""Don’t know"", ""99"": ""Refused to answer"", ""100"": ""The respondent does not wish to continue""}",,,1.0,99.0
256,Q872_MAUR,Q872_MAUR. Do you believe racial discrimination is a serious problem in your country?,float64,0,2400,0,"{""1"": ""Yes"", ""2"": ""No"", ""98"": ""Don’t know"", ""99"": ""Refused to answer"", ""100"": ""The respondent does not wish to continue""}",,,,
257,Q873A,Q873A. Do you believe dark skinned people in your country face racial discrimination?,float64,1191,1209,5,"{""1"": ""Yes, to a great extent"", ""2"": ""Yes, to a medium extent"", ""3"": ""Yes, to a small extent"", ""4"": ""None at all"", ""98"": ""Don’t know"", ""99"": ""Refused to answer"", ""100"": ""The respondent does not wish to continue""}",,,1.0,98.0
258,Q873B,Q873B. Do you believe black people in your country face racial discrimination?,float64,1156,1244,5,"{""1"": ""Yes, to a great extent"", ""2"": ""Yes, to a medium extent"", ""3"": ""Yes, to a small extent"", ""4"": ""None at all"", ""98"": ""Don’t know"", ""99"": ""Refused to answer"", ""100"": ""The respondent does not wish to continue""}",,,1.0,98.0
259,Q873B_MAUR,Q873B_MAUR. Do you believe black people in your country face racial discrimination?,float64,0,2400,0,"{""1"": ""Yes, to a great extent"", ""2"": ""Yes, to a medium extent"", ""3"": ""Yes, to a small extent"", ""4"": ""None at all"", ""98"": ""Don’t know"", ""99"": ""Refused to answer"", ""100"": ""The respondent does not wish to continue""}",,,,
260,Q874,Q874. Have you ever had someone use a racist or discriminatory phrase against you?,float64,2398,2,4,"{""1"": ""Yes, many times"", ""2"": ""Yes, once or twice"", ""3"": ""Never"", ""98"": ""Don’t know"", ""99"": ""Refused to answer"", ""100"": ""The respondent does not wish to continue""}",,,1.0,98.0
261,Q875_1,Q875_1. How have you responded when this occurred? : Responded physically,float64,410,1990,2,"{""0"": ""Not mentioned"", ""1"": ""Mentioned""}",,,0.0,1.0
262,Q875_2,Q875_2. How have you responded when this occurred? : Responded verbally,float64,410,1990,2,"{""0"": ""Not mentioned"", ""1"": ""Mentioned""}",,,0.0,1.0
263,Q875_3,Q875_3. How have you responded when this occurred? : Asked others to intervene,float64,410,1990,2,"{""0"": ""Not mentioned"", ""1"": ""Mentioned""}",,,0.0,1.0
264,Q875_4,Q875_4. How have you responded when this occurred? :: Reported to authorities,float64,410,1990,2,"{""0"": ""Not mentioned"", ""1"": ""Mentioned""}",,,0.0,1.0
265,Q875_5,Q875_5. How have you responded when this occurred? :: Ignored it,float64,410,1990,2,"{""0"": ""Not mentioned"", ""1"": ""Mentioned""}",,,0.0,1.0
266,Q875_98,Q875_98. How have you responded when this occurred? :: Don’t know,float64,410,1990,1,"{""0"": ""Not mentioned"", ""1"": ""Mentioned""}",,,0.0,0.0
267,Q875_99,Q875_99. How have you responded when this occurred? :: Refused to answer,float64,410,1990,2,"{""0"": ""Not mentioned"", ""1"": ""Mentioned""}",,,0.0,1.0
268,Q876,Q876. To what extent do you think black skinned people are well represented in television dramas and other programs?,float64,2398,2,6,"{""1"": ""To a great extent"", ""2"": ""To a limited extent"", ""3"": ""To a small extent"", ""4"": ""Not at all"", ""98"": ""Don’t know"", ""99"": ""Refused to answer"", ""100"": ""The respondent does not wish to continue""}",,,1.0,99.0
269,Q877,Q877. Would you prefer or not prefer to see a greater number of black-skinned people on television dramas or other programs?,float64,2398,2,5,"{""1"": ""Would prefer it"", ""2"": ""Would not prefer it"", ""97"": ""Does not matter"", ""98"": ""Don’t know"", ""99"": ""Refused to answer"", ""100"": ""The respondent does not wish to continue""}",,,1.0,99.0
270,Q1012,Q1012. What is your religion?,float64,2400,0,5,"{""1"": ""Muslim"", ""2"": ""Christian"", ""3"": ""Other"", ""4"": ""No religion"", ""99"": ""Refused to answer"", ""100"": ""The respondent does not wish to continue""}",,,1.0,99.0
271,Q1012A_MUSLIM,Q1012A_MUSLIM. What is your religious denomination?,float64,2364,36,12,"{""1"": ""Just a Muslim"", ""2"": ""Sunni"", ""3"": ""Shia"", ""4"": ""Hanbali"", ""5"": ""Shafi’i"", ""6"": ""Ja’fari"", ""7"": ""Druze"", ""8"": ""Ahmadiyya"", ""9"": ""Alawi"", ""10"": ""Ibadi"", ""11"": ""Maliki"", ""12"": ""Other"", ""99"": ""Refused to answer"", ""100"": ""The respondent does not wish to continue""}",,,1.0,99.0
272,Q1012A_CHRISTIAN,Q1012A_CHRISTIAN. What is your religious denomination?,float64,1,2399,1,"{""1"": ""Just a Christian"", ""2"": ""Maronite"", ""3"": ""Orthodox"", ""4"": ""Catholic"", ""5"": ""Armenian"", ""6"": ""Coptic"", ""7"": ""Protestant"", ""8"": ""Sabean Mandean"", ""9"": ""Other"", ""99"": ""Refused to answer"", ""100"": ""The respondent does not wish to continue""}",,,4.0,4.0
273,Q1020JO,Q1020JO. What is your country of origin?,float64,0,2400,0,"{""1"": ""Jordanian"", ""2"": ""Palestinian"", ""3"": ""Other"", ""99"": ""Refused to answer"", ""100"": ""The respondent does not wish to continue""}",,,,
274,Q1012B,Q1012B What is your ethnicity?,float64,2400,0,4,"{""1"": ""Arab"", ""2"": ""Kurd"", ""3"": ""Amazigh/Berber"", ""4"": ""Turkmen"", ""5"": ""Tourag"", ""6"": ""Toubou"", ""7"": ""Alkraghl"", ""8"": ""Yazidi"", ""9"": ""Assyrian"", ""10"": ""Armenian"", ""11"": ""Circassian"", ""12"": ""Other"", ""98"": ""Don’t know"", ""99"": ""Refused to answer"", ""100"": ""The respondent does not wish to continue""}",,,1.0,99.0
275,Q1012C_MOR_1,,float64,0,2400,0,,,,,
276,Q1012C_MOR_2,,float64,0,2400,0,,,,,
277,Q1012C_MOR_3,,float64,0,2400,0,,,,,
278,Q1012C_MOR_4,,float64,0,2400,0,,,,,
279,Q1012C_MOR_5,,float64,0,2400,0,,,,,
280,Q1012C_MOR_98,,float64,0,2400,0,,,,,
281,Q1012C_MOR_99,,float64,0,2400,0,,,,,
282,Q1012C_LIB_1,,float64,0,2400,0,,,,,
283,Q1012C_LIB_2,,float64,0,2400,0,,,,,
284,Q1012C_LIB_3,,float64,0,2400,0,,,,,
285,Q1012C_LIB_4,,float64,0,2400,0,,,,,
286,Q1012C_LIB_5,,float64,0,2400,0,,,,,
287,Q1012C_LIB_98,,float64,0,2400,0,,,,,
288,Q1012C_LIB_99,,float64,0,2400,0,,,,,
289,Q609,"Q609  Would describe yourself as religious, somewhat religious, or not religious?",float64,2400,0,5,"{""1"": ""Religious"", ""2"": ""Somewhat religious"", ""3"": ""Not religious"", ""98"": ""Don’t know"", ""99"": ""Refused to answer"", ""100"": ""The respondent does not wish to continue""}",,,1.0,99.0
290,Q610_1,Q610_1. Pray daily,float64,2396,4,7,"{""1"": ""Always"", ""2"": ""Most of the time"", ""3"": ""Sometimes"", ""4"": ""Rarely"", ""5"": ""Never"", ""98"": ""Don’t know"", ""99"": ""Refused to answer"", ""100"": ""The respondent does not wish to continue""}",,,1.0,99.0
291,Q610_8,Q610_2. Pray fajr on time,float64,1958,442,7,"{""1"": ""Always"", ""2"": ""Most of the time"", ""3"": ""Sometimes"", ""4"": ""Rarely"", ""5"": ""Never"", ""98"": ""Don’t know"", ""99"": ""Refused to answer"", ""100"": ""The respondent does not wish to continue""}",,,1.0,99.0
292,Q610_6A,Q610_6A. 'Listen to or read the Quran daily',float64,2359,41,7,"{""1"": ""Always"", ""2"": ""Most of the time"", ""3"": ""Sometimes"", ""4"": ""Rarely"", ""5"": ""Never"", ""98"": ""Don’t know"", ""99"": ""Refused to answer"", ""100"": ""The respondent does not wish to continue""}",,,1.0,99.0
293,Q610_6B,Q610_6B. Listen to or read the Bible daily,float64,1,2399,1,"{""1"": ""Always"", ""2"": ""Most of the time"", ""3"": ""Sometimes"", ""4"": ""Rarely"", ""5"": ""Never"", ""98"": ""Don’t know"", ""99"": ""Refused to answer"", ""100"": ""The respondent does not wish to continue""}",,,3.0,3.0
294,Q606_2,Q606_2. Your country is better off if religious people hold public positions in the state.,float64,1192,1208,6,"{""1"": ""Strongly agree"", ""2"": ""Agree"", ""3"": ""Disagree"", ""4"": ""Strongly disagree"", ""98"": ""Don’t know"", ""99"": ""Refused to answer"", ""100"": ""The respondent does not wish to continue""}",,,1.0,99.0
295,Q606_3,Q606_3. Religious clerics should have influence over the decisions of government.,float64,1190,1210,6,"{""1"": ""Strongly agree"", ""2"": ""Agree"", ""3"": ""Disagree"", ""4"": ""Strongly disagree"", ""98"": ""Don’t know"", ""99"": ""Refused to answer"", ""100"": ""The respondent does not wish to continue""}",,,1.0,99.0
296,Q606_4,Q606_4. Religious practice is a private matter and should be separated from socio-economic life.,float64,1189,1211,6,"{""1"": ""Strongly agree"", ""2"": ""Agree"", ""3"": ""Disagree"", ""4"": ""Strongly disagree"", ""98"": ""Don’t know"", ""99"": ""Refused to answer"", ""100"": ""The respondent does not wish to continue""}",,,1.0,99.0
297,Q606_8,"Q606_8. Today, religious leaders are as likely to be corrupt as non-religious leaders.",float64,1189,1211,6,"{""1"": ""Strongly agree"", ""2"": ""Agree"", ""3"": ""Disagree"", ""4"": ""Strongly disagree"", ""98"": ""Don’t know"", ""99"": ""Refused to answer"", ""100"": ""The respondent does not wish to continue""}",,,1.0,99.0
298,Q605,"Q605. From your point of view, should the laws of our country…",float64,2364,36,7,"{""1"": ""Entirely based on sharia"", ""2"": ""Mostly based on sharia"", ""3"": ""Equally based on sharia, people’s will"", ""4"": ""Mostly based on people’s will"", ""5"": ""Entirely based on people’s will"", ""98"": ""Don’t know"", ""99"": ""Refused to answer"", ""100"": ""The respondent does not wish to continue""}",,,1.0,99.0
299,Q868,Q868. Which of the following statements comes closest to your view?,float64,2399,1,5,"{""1"": ""Learn about only their own religion in public schools"", ""2"": ""Learn about many different religions, not just their own, in public schools"", ""3"": ""Not learn about religion at all in public schools"", ""98"": ""Don’t know"", ""99"": ""Refused to answer"", ""100"": ""The respondent does not wish to continue""}",,,1.0,99.0
300,Q867A,"Q867A. Do you believe that the quality of your life is better, the same as, or worse than the quality of your parents’ lives?",float64,1194,1206,5,"{""1"": ""Better"", ""2"": ""Same"", ""3"": ""Worse"", ""98"": ""Don’t know"", ""99"": ""Refused to answer"", ""100"": ""The respondent does not wish to continue""}",,,1.0,99.0
301,Q867B,"Q867B. Do you believe that the quality of your children’s lives will be better, the same as, or worse than the quality of your life?",float64,1157,1243,5,"{""1"": ""Better"", ""2"": ""Same"", ""3"": ""Worse"", ""98"": ""Don’t know"", ""99"": ""Refused to answer"", ""100"": ""The respondent does not wish to continue""}",,,1.0,99.0
302,Q601_3,"Q601_3. In general, men are better at political leadership than women.",float64,2400,0,6,"{""1"": ""Strongly agree"", ""2"": ""Agree"", ""3"": ""Disagree"", ""4"": ""Strongly disagree"", ""98"": ""Don’t know"", ""99"": ""Refused to answer"", ""100"": ""The respondent does not wish to continue""}",,,1.0,99.0
303,Q601_4,Q601_4. University education for males is more important than university education for females.,float64,2397,3,5,"{""1"": ""Strongly agree"", ""2"": ""Agree"", ""3"": ""Disagree"", ""4"": ""Strongly disagree"", ""98"": ""Don’t know"", ""99"": ""Refused to answer"", ""100"": ""The respondent does not wish to continue""}",,,1.0,98.0
304,Q601_18,Q601_18. A man should have final say in all decisions concerning the family.,float64,1194,1206,6,"{""1"": ""Strongly agree"", ""2"": ""Agree"", ""3"": ""Disagree"", ""4"": ""Strongly disagree"", ""98"": ""Don’t know"", ""99"": ""Refused to answer"", ""100"": ""The respondent does not wish to continue""}",,,1.0,99.0
305,Q601_20A,Q601_20A. A woman who marries a foreigner should be able to pass on her citizenship to her children.,float64,1183,1217,6,"{""1"": ""Strongly agree"", ""2"": ""Agree"", ""3"": ""Disagree"", ""4"": ""Strongly disagree"", ""98"": ""Don’t know"", ""99"": ""Refused to answer"", ""100"": ""The respondent does not wish to continue""}",,,1.0,99.0
306,Q621_1,Q621_1. Lack of means of transportation,float64,2399,1,6,"{""1"": ""Bigger barrier for women"", ""2"": ""Bigger barrier for men"", ""3"": ""Equal barrier for women, men"", ""4"": ""Not a barrier for either"", ""98"": ""Don’t know"", ""99"": ""Refused to answer"", ""100"": ""The respondent does not wish to continue""}",,,1.0,99.0
307,Q621_2,Q621_2. Lacking skills for available jobs,float64,2394,6,6,"{""1"": ""Bigger barrier for women"", ""2"": ""Bigger barrier for men"", ""3"": ""Equal barrier for women, men"", ""4"": ""Not a barrier for either"", ""98"": ""Don’t know"", ""99"": ""Refused to answer"", ""100"": ""The respondent does not wish to continue""}",,,1.0,99.0
308,Q621_3A,Q621_3A. Women and men working alongside each other,float64,1193,1207,5,"{""1"": ""Bigger barrier for women"", ""2"": ""Bigger barrier for men"", ""3"": ""Equal barrier for women, men"", ""4"": ""Not a barrier for either"", ""98"": ""Don’t know"", ""99"": ""Refused to answer"", ""100"": ""The respondent does not wish to continue""}",,,1.0,98.0
309,Q622A,"Q622A. In your opinion, which of the following poses the most challenging barrier to entry into the workplace for women in your country?",float64,1193,1207,9,"{""1"": ""Socially unacceptable"", ""2"": ""Lack of childcare"", ""3"": ""Men given priority"", ""4"": ""No gender separation"", ""5"": ""Lack of transportation"", ""6"": ""Low wages"", ""97"": ""None of these"", ""98"": ""Don’t know"", ""99"": ""Refused to answer"", ""100"": ""The respondent does not wish to continue""}",,,1.0,99.0
310,Q622B,Q622B. Which of the following poses the most challenging barrier to entry into the workplace for men in your country?,float64,1155,1245,8,"{""1"": ""Overqualified for jobs"", ""2"": ""Lack of available jobs"", ""3"": ""No desire to work"", ""4"": ""No gender separation"", ""5"": ""Lack of transportation"", ""6"": ""Low wages"", ""97"": ""None of these"", ""98"": ""Don’t know"", ""99"": ""Refused to answer"", ""100"": ""The respondent does not wish to continue""}",,,1.0,98.0
311,Q624_1,Q624_1. Who should be primarily responsible for helping children study?,float64,2400,0,6,"{""1"": ""Female household head"", ""2"": ""Male household head"", ""3"": ""Household heads equally responsible"", ""4"": ""Others are responsible"", ""97"": ""Not applicable"", ""98"": ""Don’t know"", ""99"": ""Refused to answer"", ""100"": ""The respondent does not wish to continue""}",,,1.0,98.0
312,Q624_2,Q624_2. Who should be primarily responsible for budgeting and spending for the household needs?,float64,2399,1,6,"{""1"": ""Female household head"", ""2"": ""Male household head"", ""3"": ""Household heads equally responsible"", ""4"": ""Others are responsible"", ""97"": ""Not applicable"", ""98"": ""Don’t know"", ""99"": ""Refused to answer"", ""100"": ""The respondent does not wish to continue""}",,,1.0,98.0
313,Q620,Q620. To what extent do you personally agree or disagree with the following statement: “Men and women should be separated (should not mixed) in the workplace.”,float64,1157,1243,6,"{""1"": ""Completely agree"", ""2"": ""Somewhat agree"", ""3"": ""Disagree"", ""4"": ""Completely disagree"", ""98"": ""Don’t know"", ""99"": ""Refused to answer"", ""100"": ""The respondent does not wish to continue""}",,,1.0,99.0
314,Q620A_1,Q620A. Causes personal discomfort,float64,247,2153,2,"{""0"": ""Not mentioned"", ""1"": ""Mentioned""}",,,0.0,1.0
315,Q620A_2,Q620A. Because of a hadith*,float64,247,2153,2,"{""0"": ""Not mentioned"", ""1"": ""Mentioned""}",,,0.0,1.0
316,Q620A_3,Q620A. It is shameful,float64,247,2153,2,"{""0"": ""Not mentioned"", ""1"": ""Mentioned""}",,,0.0,1.0
317,Q620A_4,Q620A. Causes distractions,float64,247,2153,2,"{""0"": ""Not mentioned"", ""1"": ""Mentioned""}",,,0.0,1.0
318,Q620A_5,Q620A. Negative reputational effects,float64,247,2153,2,"{""0"": ""Not mentioned"", ""1"": ""Mentioned""}",,,0.0,1.0
319,Q620A_6,Q620A. Risk of harassement,float64,247,2153,2,"{""0"": ""Not mentioned"", ""1"": ""Mentioned""}",,,0.0,1.0
320,Q620A_7,Q620A. Empowers women to act independently,float64,247,2153,2,"{""0"": ""Not mentioned"", ""1"": ""Mentioned""}",,,0.0,1.0
321,Q620A_8,Q620A. Other,float64,247,2153,2,"{""0"": ""Not mentioned"", ""1"": ""Mentioned""}",,,0.0,1.0
322,Q620A_98,Q620A. Don’t know,float64,247,2153,2,"{""0"": ""Not mentioned"", ""1"": ""Mentioned""}",,,0.0,1.0
323,Q620A_99,Q620A. Refused to answer,float64,247,2153,2,"{""0"": ""Not mentioned"", ""1"": ""Mentioned""}",,,0.0,1.0
324,Q625,"Q625 In the past 12 months, has abuse of or violence against women in the community increased, stayed the same, decreased, or was never a problem?",float64,2397,3,6,"{""1"": ""Increased"", ""2"": ""Stayed the same"", ""3"": ""Decreased"", ""4"": ""It was never a problem"", ""98"": ""Don’t know"", ""99"": ""Refused to answer"", ""100"": ""The respondent does not wish to continue""}",,,1.0,99.0
325,QMOR1_1,QMOR1_1. This law facilitates reporting sexual harassment to the police/Royal Gendarmerie,float64,0,2400,0,"{""1"": ""To a great extent"", ""2"": ""To a limited extent"", ""3"": ""To a small extent"", ""4"": ""Not at all"", ""98"": ""Don’t know"", ""99"": ""Refused to answer"", ""100"": ""The respondent does not wish to continue""}",,,,
326,QMOR1_2,QMOR1_2. This law facilitates punishing the perpetrator of sexual harassment,float64,0,2400,0,"{""1"": ""To a great extent"", ""2"": ""To a limited extent"", ""3"": ""To a small extent"", ""4"": ""Not at all"", ""98"": ""Don’t know"", ""99"": ""Refused to answer"", ""100"": ""The respondent does not wish to continue""}",,,,
327,Q409,"Q409. On average, how often do you use the Internet?",float64,2399,1,8,"{""1"": ""Throughout the day"", ""2"": ""At least once daily"", ""3"": ""Several times a week"", ""4"": ""Once a week"", ""5"": ""Less than once a week"", ""6"": ""Do not use"", ""98"": ""Don’t know"", ""99"": ""Refused to answer"", ""100"": ""The respondent does not wish to continue""}",,,1.0,99.0
328,Q424,Q424. How many hours on a typical day do you spend on social media platforms?,float64,1499,901,7,"{""1"": ""Not at all"", ""2"": ""Up to 2 hours"", ""3"": ""Up to 5 hours"", ""4"": ""Up to 10 hours"", ""5"": ""10 hours or more"", ""97"": ""Don’t use social media"", ""98"": ""Don’t know"", ""99"": ""Refused to answer"", ""100"": ""The respondent does not wish to continue""}",,,1.0,98.0
329,Q412A_1,Q412A. Facebook,float64,1499,901,2,"{""0"": ""Not mentioned"", ""1"": ""Mentioned""}",,,0.0,1.0
330,Q412A_2,Q412A. Twitter,float64,1499,901,2,"{""0"": ""Not mentioned"", ""1"": ""Mentioned""}",,,0.0,1.0
331,Q412A_3,Q412A. Instagram,float64,1499,901,2,"{""0"": ""Not mentioned"", ""1"": ""Mentioned""}",,,0.0,1.0
332,Q412A_4,Q412A. YouTube,float64,1499,901,2,"{""0"": ""Not mentioned"", ""1"": ""Mentioned""}",,,0.0,1.0
333,Q412A_5,Q412A. WhatsApp,float64,1499,901,2,"{""0"": ""Not mentioned"", ""1"": ""Mentioned""}",,,0.0,1.0
334,Q412A_6,Q412A. Telegram,float64,1499,901,2,"{""0"": ""Not mentioned"", ""1"": ""Mentioned""}",,,0.0,1.0
335,Q412A_7,Q412A. Snapchat,float64,1499,901,2,"{""0"": ""Not mentioned"", ""1"": ""Mentioned""}",,,0.0,1.0
336,Q412A_8,Q412A. Viber,float64,1499,901,2,"{""0"": ""Not mentioned"", ""1"": ""Mentioned""}",,,0.0,1.0
337,Q412A_9,Q412A. Clubhouse,float64,1499,901,2,"{""0"": ""Not mentioned"", ""1"": ""Mentioned""}",,,0.0,1.0
338,Q412A_10,Q412A. Signal,float64,1499,901,2,"{""0"": ""Not mentioned"", ""1"": ""Mentioned""}",,,0.0,1.0
339,Q412A_11,Q412A. TikTok,float64,1499,901,2,"{""0"": ""Not mentioned"", ""1"": ""Mentioned""}",,,0.0,1.0
340,Q412A_12,Q412A. Other,float64,1499,901,2,"{""0"": ""Not mentioned"", ""1"": ""Mentioned""}",,,0.0,1.0
341,Q412A_98,Q412A. Don’t know,float64,1499,901,2,"{""0"": ""Not mentioned"", ""1"": ""Mentioned""}",,,0.0,1.0
342,Q412A_99,Q412A. Refused to answer,float64,1499,901,2,"{""0"": ""Not mentioned"", ""1"": ""Mentioned""}",,,0.0,1.0
343,Q425_2,Q425_2. Finding out about political events taking place in your country,float64,1495,905,7,"{""1"": ""At least once daily"", ""2"": ""Several times a week"", ""3"": ""Once a week"", ""4"": ""Less than once a week"", ""5"": ""Never"", ""98"": ""Don’t know"", ""99"": ""Refused to answer"", ""100"": ""The respondent does not wish to continue""}",,,1.0,99.0
344,Q425_4,Q425_4. Express your opinion about political issues,float64,1495,905,7,"{""1"": ""At least once daily"", ""2"": ""Several times a week"", ""3"": ""Once a week"", ""4"": ""Less than once a week"", ""5"": ""Never"", ""98"": ""Don’t know"", ""99"": ""Refused to answer"", ""100"": ""The respondent does not wish to continue""}",,,1.0,99.0
345,Q421,Q421  What is your primary source of information to follow the breaking news as events unfold?,float64,2398,2,9,"{""1"": ""In-person conversations"", ""2"": ""Telephone conversations"", ""3"": ""Newspapers"", ""4"": ""Radio"", ""5"": ""Television"", ""6"": ""Social media"", ""7"": ""Other"", ""98"": ""Don’t know"", ""99"": ""Refused to answer"", ""100"": ""The respondent does not wish to continue""}",,,1.0,99.0
346,Q427,Q427 How often do you watch Arabic language comedy or political satire shows?,float64,2400,0,5,"{""1"": ""Often"", ""2"": ""Sometimes"", ""3"": ""Never"", ""98"": ""Don’t know"", ""99"": ""Refused to answer"", ""100"": ""The respondent does not wish to continue""}",,,1.0,99.0
347,Q428A,Q428A Which news outlet do you think is the best source for news?,float64,2400,0,14,"{""20"": ""Other"", ""97"": ""Do not follow news"", ""98"": ""Don’t know"", ""99"": ""Refused to answer"", ""100"": ""The respondent does not wish to continue"", ""10101"": ""Al Jazeera"", ""10102"": ""Al Arabiya"", ""10103"": ""Ennahar TV"", ""10104"": ""Echorouk"", ""10105"": ""TSA News"", ""10106"": ""Radio Algerie"", ""10107"": ""Algerie360.com"", ""10108"": ""Journal ElBalad"", ""10109"": ""El Khabar/KBC"", ""10501"": ""Al Jazeera"", ""10502"": ""Al Arabiya"", ""10503"": ""MBC"", ""10504"": ""ElYoum7"", ""10505"": ""Al Masry Al Youm"", ""10506"": ""Sada Albalad"", ""10507"": ""CBC -Egypt"", ""10508"": ""Extra News"", ""10509"": ""Al-Ahram"", ""10701"": ""Al Jazeera"", ""10702"": ""Al Arabiya"", ""10703"": ""Al-Iraqiya"", ""10704"": ""Al Sharqya TV"", ""10705"": ""Dijla TV"", ""10706"": ""Al Ahad TV"", ""10707"": ""NRT"", ""10708"": ""NAS news"", ""10709"": ""ShakwMakw"", ""10801"": ""Al Jazeera"", ""10802"": ""Al Arabiya"", ""10803"": ""AlWakeel"", ""10804"": ""Roya TV"", ""10805"": ""Ammon"", ""10806"": ""Khaberni"", ""10807"": ""Al Ghad"", ""10808"": ""Al Ra’i"", ""10809"": ""Ad Dustour"", ""10901"": ""Al Jazeera"", ""10902"": ""Al Arabiya"", ""10903"": ""Al Rai"", ""10904"": ""Alanbaa"", ""10905"": ""Al-Sabah/Assabah"", ""10906"": ""Al Qabas"", ""10907"": ""Kuwait Times"", ""10908"": ""Radio Kuwait"", ""10909"": ""Kuna"", ""101001"": ""Al Jazeera"", ""101002"": ""Al Arabiya"", ""101003"": ""Almayadeen (Pan-Arab)"", ""101004"": ""LBC"", ""101005"": ""AlJadeed"", ""101006"": ""MTV"", ""101007"": ""Lebanon Files"", ""101008"": ""Lebanon Debate"", ""101009"": ""ElNashra"", ""101010"": ""Liberte"", ""101101"": ""Al Jazeera"", ""101102"": ""Al Arabiya"", ""101103"": ""WTV Wasat"", ""101104"": ""Afrigate News"", ""101105"": ""TV 218"", ""101106"": ""Salam TV"", ""101107"": ""Libya Al Ahrar"", ""101108"": ""Huna Libya"", ""101109"": ""Libya AlHadath"", ""101201"": ""Al Jazeera"", ""101202"": ""Al Arabiya"", ""101203"": ""France 24"", ""101204"": ""La Vision"", ""101205"": ""AlAkhbar News"", ""101206"": ""Tawatur"", ""101207"": ""Bellewar Media"", ""101208"": ""Sahara Media"", ""101209"": ""Mourassiloun"", ""101301"": ""Al Jazeera"", ""101302"": ""Al Arabiya"", ""101303"": ""SNRT"", ""101304"": ""2M"", ""101305"": ""Hespress"", ""101306"": ""Akhbar Al Yaoum/Alyoum 24"", ""101307"": ""Med Radio"", ""101308"": ""Medi1"", ""101309"": ""AlAhdath AlMaghribiya"", ""101501"": ""Al Jazeera"", ""101502"": ""Al Arabiya"", ""101503"": ""Quds News Network"", ""101504"": ""Ma’an News Agency"", ""101505"": ""Ajyal Network"", ""101506"": ""Palestine News Network"", ""101507"": ""PA outlets: Palestine TV & Wafa"", ""101508"": ""AlQuds Newspaper"", ""101509"": ""Al-Hayat Al-Jadeeda"", ""101901"": ""Al Jazeera"", ""101902"": ""Al Arabiya"", ""101903"": ""Sudan TV"", ""101904"": ""Al-Rai al-Aam"", ""101905"": ""Sudania 24 TV"", ""101906"": ""Khartoum FM"", ""101907"": ""Al-Dar"", ""101908"": ""Radio Dabanga"", ""101909"": ""Sudan Tribune"", ""102101"": ""Al Jazeera"", ""102102"": ""Al Arabiya"", ""102103"": ""France 24"", ""102104"": ""El Watania 1"", ""102105"": ""Elhiwar Ettounsi"", ""102106"": ""Nessma TV"", ""102107"": ""Alchourouk"", ""102108"": ""AlSarih"", ""102109"": ""AlSabah"", ""105010"": ""AlWatan"", ""107010"": ""Brothersirq"", ""108010"": ""JRTV (Jordan TV)"", ""108011"": ""AlMamlaka TV"", ""109010"": ""Kuwaiti TV"", ""1010010"": ""Aljoumhouriya"", ""1010011"": ""Alakhbar"", ""1011010"": ""Lebda FM"", ""1011011"": ""Assa’a 24"", ""1012010"": ""Taqadoumi"", ""1012011"": ""Radio Mauritanie"", ""1013010"": ""Chouf TV"", ""1015010"": ""Al-Ayyam Newspaper"", ""1019010"": ""Alrakoba"", ""1021010"": ""Attassea"", ""1021011"": ""Mosaique FM""}",,,20.0,1021011.0
348,Q429A,Q429A Which news outlet do you think is the worst source for news?,float64,2247,153,13,"{""20"": ""Other"", ""97"": ""Do not follow news"", ""98"": ""Don’t know"", ""99"": ""Refused to answer"", ""100"": ""The respondent does not wish to continue"", ""10101"": ""Al Jazeera"", ""10102"": ""Al Arabiya"", ""10103"": ""Ennahar TV"", ""10104"": ""Echorouk"", ""10105"": ""TSA News"", ""10106"": ""Radio Algerie"", ""10107"": ""Algerie360.com"", ""10108"": ""Journal ElBalad"", ""10109"": ""El Khabar/KBC"", ""10501"": ""Al Jazeera"", ""10502"": ""Al Arabiya"", ""10503"": ""MBC"", ""10504"": ""ElYoum7"", ""10505"": ""Al Masry Al Youm"", ""10506"": ""Sada Albalad"", ""10507"": ""CBC -Egypt"", ""10508"": ""Extra News"", ""10509"": ""Al-Ahram"", ""10701"": ""Al Jazeera"", ""10702"": ""Al Arabiya"", ""10703"": ""Al-Iraqiya"", ""10704"": ""Al Sharqya TV"", ""10705"": ""Dijla TV"", ""10706"": ""Al Ahad TV"", ""10707"": ""NRT"", ""10708"": ""NAS news"", ""10709"": ""ShakwMakw"", ""10801"": ""Al Jazeera"", ""10802"": ""Al Arabiya"", ""10803"": ""AlWakeel"", ""10804"": ""Roya TV"", ""10805"": ""Ammon"", ""10806"": ""Khaberni"", ""10807"": ""Al Ghad"", ""10808"": ""Al Ra’i"", ""10809"": ""Ad Dustour"", ""10901"": ""Al Jazeera"", ""10902"": ""Al Arabiya"", ""10903"": ""Al Rai"", ""10904"": ""Alanbaa"", ""10905"": ""Al-Sabah/Assabah"", ""10906"": ""Al Qabas"", ""10907"": ""Kuwait Times"", ""10908"": ""Radio Kuwait"", ""10909"": ""Kuna"", ""101001"": ""Al Jazeera"", ""101002"": ""Al Arabiya"", ""101003"": ""Almayadeen (Pan-Arab)"", ""101004"": ""LBC"", ""101005"": ""AlJadeed"", ""101006"": ""MTV"", ""101007"": ""Lebanon Files"", ""101008"": ""Lebanon Debate"", ""101009"": ""ElNashra"", ""101010"": ""Liberte"", ""101101"": ""Al Jazeera"", ""101102"": ""Al Arabiya"", ""101103"": ""WTV Wasat"", ""101104"": ""Afrigate News"", ""101105"": ""TV 218"", ""101106"": ""Salam TV"", ""101107"": ""Libya Al Ahrar"", ""101108"": ""Huna Libya"", ""101109"": ""Libya AlHadath"", ""101201"": ""Al Jazeera"", ""101202"": ""Al Arabiya"", ""101203"": ""France 24"", ""101204"": ""La Vision"", ""101205"": ""AlAkhbar News"", ""101206"": ""Tawatur"", ""101207"": ""Bellewar Media"", ""101208"": ""Sahara Media"", ""101209"": ""Mourassiloun"", ""101301"": ""Al Jazeera"", ""101302"": ""Al Arabiya"", ""101303"": ""SNRT"", ""101304"": ""2M"", ""101305"": ""Hespress"", ""101306"": ""Akhbar Al Yaoum/Alyoum 24"", ""101307"": ""Med Radio"", ""101308"": ""Medi1"", ""101309"": ""AlAhdath AlMaghribiya"", ""101501"": ""Al Jazeera"", ""101502"": ""Al Arabiya"", ""101503"": ""Quds News Network"", ""101504"": ""Ma’an News Agency"", ""101505"": ""Ajyal Network"", ""101506"": ""Palestine News Network"", ""101507"": ""PA outlets: Palestine TV & Wafa"", ""101508"": ""AlQuds Newspaper"", ""101509"": ""Al-Hayat Al-Jadeeda"", ""101901"": ""Al Jazeera"", ""101902"": ""Al Arabiya"", ""101903"": ""Sudan TV"", ""101904"": ""Al-Rai al-Aam"", ""101905"": ""Sudania 24 TV"", ""101906"": ""Khartoum FM"", ""101907"": ""Al-Dar"", ""101908"": ""Radio Dabanga"", ""101909"": ""Sudan Tribune"", ""102101"": ""Al Jazeera"", ""102102"": ""Al Arabiya"", ""102103"": ""France 24"", ""102104"": ""El Watania 1"", ""102105"": ""Elhiwar Ettounsi"", ""102106"": ""Nessma TV"", ""102107"": ""Alchourouk"", ""102108"": ""AlSarih"", ""102109"": ""AlSabah"", ""105010"": ""AlWatan"", ""107010"": ""Brothersirq"", ""108010"": ""JRTV (Jordan TV)"", ""108011"": ""AlMamlaka TV"", ""109010"": ""Kuwaiti TV"", ""1010010"": ""Aljoumhouriya"", ""1010011"": ""Alakhbar"", ""1011010"": ""Lebda FM"", ""1011011"": ""Assa’a 24"", ""1012010"": ""Taqadoumi"", ""1012011"": ""Radio Mauritanie"", ""1013010"": ""Chouf TV"", ""1015010"": ""Al-Ayyam Newspaper"", ""1019010"": ""Alrakoba"", ""1021010"": ""Attassea"", ""1021011"": ""Mosaique FM""}",,,20.0,1021011.0
349,Q429B,Q429B. Which of the following factors best explains why you think it is the worst source for news?,float64,1307,1093,7,"{""1"": ""Lack of truthfulness"", ""2"": ""No diversity of opinions"", ""3"": ""Lack of access"", ""4"": ""No relevant stories"", ""5"": ""Other"", ""98"": ""Don’t know"", ""99"": ""Refused to answer"", ""100"": ""The respondent does not wish to continue""}",,,1.0,99.0
350,Q430_1,"Q430_1. To what extent, if at all, would you say you follow the conflict in Syria",float64,1195,1205,6,"{""1"": ""A great deal"", ""2"": ""A fair amount"", ""3"": ""Only a little"", ""4"": ""Not at all"", ""98"": ""Don’t know"", ""99"": ""Refused to answer"", ""100"": ""The respondent does not wish to continue""}",,,1.0,99.0
351,Q430_2,"Q430_2. To what extent, if at all, would you say you follow the Abraham Accords",float64,1157,1243,6,"{""1"": ""A great deal"", ""2"": ""A fair amount"", ""3"": ""Only a little"", ""4"": ""Not at all"", ""98"": ""Don’t know"", ""99"": ""Refused to answer"", ""100"": ""The respondent does not wish to continue""}",,,1.0,99.0
352,Q430_3,"Q430_3. To what extent, if at all, would you say you follow the US sanctions against Iran",float64,1155,1245,6,"{""1"": ""A great deal"", ""2"": ""A fair amount"", ""3"": ""Only a little"", ""4"": ""Not at all"", ""98"": ""Don’t know"", ""99"": ""Refused to answer"", ""100"": ""The respondent does not wish to continue""}",,,1.0,99.0
353,Q430_4,Q430_4. The treatment of Uyghurs and other Muslim minorities in China,float64,1194,1206,6,"{""1"": ""A great deal"", ""2"": ""A fair amount"", ""3"": ""Only a little"", ""4"": ""Not at all"", ""98"": ""Don’t know"", ""99"": ""Refused to answer"", ""100"": ""The respondent does not wish to continue""}",,,1.0,99.0
354,Q700B_1,Q700B_1. Favorability of the United States,float64,1138,1262,6,"{""1"": ""Very favorable"", ""2"": ""Somewhat favorable"", ""3"": ""Somewhat unfavorable"", ""4"": ""Very unfavorable"", ""98"": ""Don’t know"", ""99"": ""Refused to answer"", ""100"": ""The respondent does not wish to continue""}",,,1.0,99.0
355,Q700B_2,Q700B_2. Favorability of Saudi Arabia,float64,1137,1263,6,"{""1"": ""Very favorable"", ""2"": ""Somewhat favorable"", ""3"": ""Somewhat unfavorable"", ""4"": ""Very unfavorable"", ""98"": ""Don’t know"", ""99"": ""Refused to answer"", ""100"": ""The respondent does not wish to continue""}",,,1.0,99.0
356,Q700B_8,Q700B_8. Favorability of Russia,float64,1156,1244,6,"{""1"": ""Very favorable"", ""2"": ""Somewhat favorable"", ""3"": ""Somewhat unfavorable"", ""4"": ""Very unfavorable"", ""98"": ""Don’t know"", ""99"": ""Refused to answer"", ""100"": ""The respondent does not wish to continue""}",,,1.0,99.0
357,Q700B_4,Q700B_4. Favorability of Turkey,float64,1156,1244,6,"{""1"": ""Very favorable"", ""2"": ""Somewhat favorable"", ""3"": ""Somewhat unfavorable"", ""4"": ""Very unfavorable"", ""98"": ""Don’t know"", ""99"": ""Refused to answer"", ""100"": ""The respondent does not wish to continue""}",,,1.0,99.0
358,Q700B_3,Q700B_3. Favorability of Iran,float64,0,2400,0,"{""1"": ""Very favorable"", ""2"": ""Somewhat favorable"", ""3"": ""Somewhat unfavorable"", ""4"": ""Very unfavorable"", ""98"": ""Don’t know"", ""99"": ""Refused to answer"", ""100"": ""The respondent does not wish to continue""}",,,,
359,Q700B_13,Q700B_13. Favorability of China,float64,1138,1262,6,"{""1"": ""Very favorable"", ""2"": ""Somewhat favorable"", ""3"": ""Somewhat unfavorable"", ""4"": ""Very unfavorable"", ""98"": ""Don’t know"", ""99"": ""Refused to answer"", ""100"": ""The respondent does not wish to continue""}",,,1.0,99.0
360,Q700B_5,Q700B_5. Favorability of France,float64,1155,1245,6,"{""1"": ""Very favorable"", ""2"": ""Somewhat favorable"", ""3"": ""Somewhat unfavorable"", ""4"": ""Very unfavorable"", ""98"": ""Don’t know"", ""99"": ""Refused to answer"", ""100"": ""The respondent does not wish to continue""}",,,1.0,99.0
361,Q700B_14,Q700B_14.Favorability of  Italy,float64,0,2400,0,"{""1"": ""Very favorable"", ""2"": ""Somewhat favorable"", ""3"": ""Somewhat unfavorable"", ""4"": ""Very unfavorable"", ""98"": ""Don’t know"", ""99"": ""Refused to answer"", ""100"": ""The respondent does not wish to continue""}",,,,
362,Q700B_24,Q700B_24. Favorability of The United Nations,float64,1135,1265,6,"{""1"": ""Very favorable"", ""2"": ""Somewhat favorable"", ""3"": ""Somewhat unfavorable"", ""4"": ""Very unfavorable"", ""98"": ""Don’t know"", ""99"": ""Refused to answer"", ""100"": ""The respondent does not wish to continue""}",,,1.0,99.0
363,Q700B_12,Q700B_12. Favorability of The United Kingdom,float64,1156,1244,6,"{""1"": ""Very favorable"", ""2"": ""Somewhat favorable"", ""3"": ""Somewhat unfavorable"", ""4"": ""Very unfavorable"", ""98"": ""Don’t know"", ""99"": ""Refused to answer"", ""100"": ""The respondent does not wish to continue""}",,,1.0,99.0
364,Q700A_1,Q700A_1. Desire for economic relations with the United States,float64,1193,1207,5,"{""1"": ""Become stronger"", ""2"": ""Remain the same"", ""3"": ""Become weaker"", ""98"": ""Don’t know"", ""99"": ""Refused to answer"", ""100"": ""The respondent does not wish to continue""}",,,1.0,99.0
365,Q700A_2,Q700A_2. Desire for economic relations with Saudi Arabia,float64,1193,1207,5,"{""1"": ""Become stronger"", ""2"": ""Remain the same"", ""3"": ""Become weaker"", ""98"": ""Don’t know"", ""99"": ""Refused to answer"", ""100"": ""The respondent does not wish to continue""}",,,1.0,99.0
366,Q700A_8,Q700A_8. Desire for economic relations with Russia,float64,1193,1207,5,"{""1"": ""Become stronger"", ""2"": ""Remain the same"", ""3"": ""Become weaker"", ""98"": ""Don’t know"", ""99"": ""Refused to answer"", ""100"": ""The respondent does not wish to continue""}",,,1.0,99.0
367,Q700A_4,Q700A_4. Desire for economic relations with Turkey,float64,1191,1209,5,"{""1"": ""Become stronger"", ""2"": ""Remain the same"", ""3"": ""Become weaker"", ""98"": ""Don’t know"", ""99"": ""Refused to answer"", ""100"": ""The respondent does not wish to continue""}",,,1.0,99.0
368,Q700A_3,Q700A_3. Desire for economic relations with Iran,float64,0,2400,0,"{""1"": ""Become stronger"", ""2"": ""Remain the same"", ""3"": ""Become weaker"", ""98"": ""Don’t know"", ""99"": ""Refused to answer"", ""100"": ""The respondent does not wish to continue""}",,,,
369,Q700A_13,Q700A_13. Desire for economic relations with China,float64,1192,1208,5,"{""1"": ""Become stronger"", ""2"": ""Remain the same"", ""3"": ""Become weaker"", ""98"": ""Don’t know"", ""99"": ""Refused to answer"", ""100"": ""The respondent does not wish to continue""}",,,1.0,99.0
370,Q700A_5,Q700A_5. Desire for economic relations with France,float64,1193,1207,5,"{""1"": ""Become stronger"", ""2"": ""Remain the same"", ""3"": ""Become weaker"", ""98"": ""Don’t know"", ""99"": ""Refused to answer"", ""100"": ""The respondent does not wish to continue""}",,,1.0,99.0
371,Q700A_14,Q700A_14. Desire for economic relations with Italy,float64,0,2400,0,"{""1"": ""Become stronger"", ""2"": ""Remain the same"", ""3"": ""Become weaker"", ""98"": ""Don’t know"", ""99"": ""Refused to answer"", ""100"": ""The respondent does not wish to continue""}",,,,
372,Q700A_12,Q700A_12. Desire for economic relations with the United Kingdom,float64,1192,1208,5,"{""1"": ""Become stronger"", ""2"": ""Remain the same"", ""3"": ""Become weaker"", ""98"": ""Don’t know"", ""99"": ""Refused to answer"", ""100"": ""The respondent does not wish to continue""}",,,1.0,99.0
373,Q730B,Q730B. To which of the following areas would you most prefer foreign aid to your country be dedicated?,float64,2398,2,11,"{""1"": ""Women’s rights"", ""2"": ""Environment, climate change"", ""3"": ""Civil society dvlp.t"", ""4"": ""Building infrastructure"", ""5"": ""Education"", ""6"": ""Protecting rights"", ""7"": ""Economic development"", ""8"": ""Other"", ""97"": ""Do not want foreign aid"", ""98"": ""Don’t know"", ""99"": ""Refused to answer"", ""100"": ""The respondent does not wish to continue""}",,,1.0,99.0
374,Q730C,"Q730C Among the following options, what should the first priority of the United Nations be in the region?",float64,2394,6,10,"{""1"": ""Climate change"", ""2"": ""Education"", ""3"": ""Food security"", ""4"": ""Respect for human rights"", ""5"": ""Unemployment"", ""6"": ""Women’s rights"", ""7"": ""Refugees"", ""8"": ""Migrants"", ""97"": ""None of these"", ""98"": ""Don’t know"", ""99"": ""Refused to answer"", ""100"": ""The respondent does not wish to continue""}",,,1.0,99.0
375,Q730D,"Q730D And among these following options, what should the first priority of the United Nations be in the region?",float64,2397,3,9,"{""1"": ""Corruption"", ""2"": ""Conflicts in Libya, Syria, Yemen"", ""3"": ""Elections"", ""4"": ""Israeli-Palestinian conflict"", ""5"": ""Political participation"", ""6"": ""Extremism, terrorism"", ""97"": ""None of these"", ""98"": ""Don’t know"", ""99"": ""Refused to answer"", ""100"": ""The respondent does not wish to continue""}",,,1.0,99.0
376,Q730E,Q730E. Which do you think is a more important item for the UN to work on?,float64,1963,437,14,"{""1"": ""Climate change"", ""2"": ""Education"", ""3"": ""Food security"", ""4"": ""Respect for human rights"", ""5"": ""Unemployment"", ""6"": ""Women’s rights"", ""7"": ""Refugees"", ""8"": ""Migrants"", ""10"": ""Corruption"", ""11"": ""Conflicts in Libya, Syria, Yemen"", ""12"": ""Elections"", ""13"": ""Israeli-Palestinian conflict"", ""14"": ""Political participation"", ""15"": ""Extremism, terrorism"", ""98"": ""Don’t know"", ""99"": ""Refused to answer"", ""100"": ""The respondent does not wish to continue""}",,,1.0,99.0
377,Q729_3,Q729_3. To what extent do you believe U.S. foreign aid strengthens education initiatives?,float64,1191,1209,6,"{""1"": ""To a great extent"", ""2"": ""To a limited extent"", ""3"": ""To a small extent"", ""4"": ""Not at all"", ""98"": ""Don’t know"", ""99"": ""Refused to answer"", ""100"": ""The respondent does not wish to continue""}",,,1.0,99.0
378,Q729_5,Q729_5. To what extent do you believe U.S. foreign aid advances women’s rights?,float64,1188,1212,6,"{""1"": ""To a great extent"", ""2"": ""To a limited extent"", ""3"": ""To a small extent"", ""4"": ""Not at all"", ""98"": ""Don’t know"", ""99"": ""Refused to answer"", ""100"": ""The respondent does not wish to continue""}",,,1.0,99.0
379,Q729_6,Q729_6. To what extent do you believe U.S. foreign aid strengthens civil society?,float64,1158,1242,6,"{""1"": ""To a great extent"", ""2"": ""To a limited extent"", ""3"": ""To a small extent"", ""4"": ""Not at all"", ""98"": ""Don’t know"", ""99"": ""Refused to answer"", ""100"": ""The respondent does not wish to continue""}",,,1.0,99.0
380,Q701H_1,,float64,2396,4,7,"{""1"": ""Economic development"", ""2"": ""Internal stability"", ""3"": ""Empower CSOs"", ""4"": ""Improve citizens’ lives"", ""5"": ""Gaining influence"", ""98"": ""Don’t know"", ""99"": ""Refused to answer"", ""100"": ""The respondent does not wish to continue""}",,,1.0,99.0
381,Q701H_2,,float64,2398,2,7,"{""1"": ""Economic development"", ""2"": ""Internal stability"", ""3"": ""Empower CSOs"", ""4"": ""Improve citizens’ lives"", ""5"": ""Gaining influence"", ""98"": ""Don’t know"", ""99"": ""Refused to answer"", ""100"": ""The respondent does not wish to continue""}",,,1.0,99.0
382,Q707GCC_1,"'Q707GCC_1. Irrespective of their country's foreign policies, rating of most American citizens",float64,1195,1205,6,"{""1"": ""Very good"", ""2"": ""Good"", ""3"": ""Bad"", ""4"": ""Very bad"", ""98"": ""Don’t know"", ""99"": ""Refused to answer"", ""100"": ""The respondent does not wish to continue""}",,,1.0,99.0
383,Q707GCC_7,"'Q707GCC_7. Irrespective of their country's foreign policies, rating of most Chinese citizens",float64,1158,1242,6,"{""1"": ""Very good"", ""2"": ""Good"", ""3"": ""Bad"", ""4"": ""Very bad"", ""98"": ""Don’t know"", ""99"": ""Refused to answer"", ""100"": ""The respondent does not wish to continue""}",,,1.0,99.0
384,Q707GCC_8,"Q707GCC_8. Irrespective of their country's foreign policies, rating of most French citizens",float64,1195,1205,6,"{""1"": ""Very good"", ""2"": ""Good"", ""3"": ""Bad"", ""4"": ""Very bad"", ""98"": ""Don’t know"", ""99"": ""Refused to answer"", ""100"": ""The respondent does not wish to continue""}",,,1.0,99.0
385,Q707GCC_14,"'Q707GCC_14. Irrespective of their country's foreign policies, rating of most Italian citizens",float64,0,2400,0,"{""1"": ""Very good"", ""2"": ""Good"", ""3"": ""Bad"", ""4"": ""Very bad"", ""98"": ""Don’t know"", ""99"": ""Refused to answer"", ""100"": ""The respondent does not wish to continue""}",,,,
386,Q707GCC_5,"Q707GCC_5. Irrespective of their country's foreign policies, rating of most Turkish citizens",float64,1155,1245,6,"{""1"": ""Very good"", ""2"": ""Good"", ""3"": ""Bad"", ""4"": ""Very bad"", ""98"": ""Don’t know"", ""99"": ""Refused to answer"", ""100"": ""The respondent does not wish to continue""}",,,1.0,99.0
387,Q725_1,Q725_1. Rating of the foreign policies of United States President Joseph Biden,float64,1151,1249,7,"{""1"": ""Very good"", ""2"": ""Good"", ""3"": ""Neither good nor bad"", ""4"": ""Bad"", ""5"": ""Very bad"", ""98"": ""Don’t know"", ""99"": ""Refused to answer"", ""100"": ""The respondent does not wish to continue""}",,,1.0,99.0
388,Q725_2,Q725_2. Rating of the foreign policies of Russian President Vladimir Putin,float64,1152,1248,7,"{""1"": ""Very good"", ""2"": ""Good"", ""3"": ""Neither good nor bad"", ""4"": ""Bad"", ""5"": ""Very bad"", ""98"": ""Don’t know"", ""99"": ""Refused to answer"", ""100"": ""The respondent does not wish to continue""}",,,1.0,99.0
389,Q725_3,Q725_3. Rating of the foreign policies of Turkish President Recep Tayyip Erdoğan,float64,1154,1246,7,"{""1"": ""Very good"", ""2"": ""Good"", ""3"": ""Neither good nor bad"", ""4"": ""Bad"", ""5"": ""Very bad"", ""98"": ""Don’t know"", ""99"": ""Refused to answer"", ""100"": ""The respondent does not wish to continue""}",,,1.0,99.0
390,Q725_4,Q725_4. Rating of the foreign policies of Chinese President Xi Jinping,float64,1152,1248,7,"{""1"": ""Very good"", ""2"": ""Good"", ""3"": ""Neither good nor bad"", ""4"": ""Bad"", ""5"": ""Very bad"", ""98"": ""Don’t know"", ""99"": ""Refused to answer"", ""100"": ""The respondent does not wish to continue""}",,,1.0,99.0
391,Q725_5,Q725_5. Rating of the foreign policies of Iranian Supreme Leader Ali Khamenei,float64,1155,1245,7,"{""1"": ""Very good"", ""2"": ""Good"", ""3"": ""Neither good nor bad"", ""4"": ""Bad"", ""5"": ""Very bad"", ""98"": ""Don’t know"", ""99"": ""Refused to answer"", ""100"": ""The respondent does not wish to continue""}",,,1.0,99.0
392,Q725_6,Q725_6. Rating of the foreign policies of Saudi Crown Prince Mohammed bin Salman,float64,1151,1249,7,"{""1"": ""Very good"", ""2"": ""Good"", ""3"": ""Neither good nor bad"", ""4"": ""Bad"", ""5"": ""Very bad"", ""98"": ""Don’t know"", ""99"": ""Refused to answer"", ""100"": ""The respondent does not wish to continue""}",,,1.0,99.0
393,Q725_7,Q725_7. Rating of the foreign policies of Syrian President Bashar al Assad,float64,1156,1244,7,"{""1"": ""Very good"", ""2"": ""Good"", ""3"": ""Neither good nor bad"", ""4"": ""Bad"", ""5"": ""Very bad"", ""98"": ""Don’t know"", ""99"": ""Refused to answer"", ""100"": ""The respondent does not wish to continue""}",,,1.0,99.0
394,Q725_8,Q725_8. Rating of the foreign policies of Emirati Crown Prince Mohammed bin Zayed,float64,1155,1245,7,"{""1"": ""Very good"", ""2"": ""Good"", ""3"": ""Neither good nor bad"", ""4"": ""Bad"", ""5"": ""Very bad"", ""98"": ""Don’t know"", ""99"": ""Refused to answer"", ""100"": ""The respondent does not wish to continue""}",,,1.0,99.0
395,Q737_1,"Q737_1. In your opinion, which two of the following steps would most allow for the situation in Syria to improve?",float64,1155,1245,8,"{""1"": ""Release detainees, abductees"", ""2"": ""Syrian-led political transition"", ""3"": ""Free and fair elections"", ""4"": ""Return of refugees, IDPs"", ""5"": ""Stop terrorism"", ""6"": ""Stop attacks on civilians"", ""98"": ""Don’t know"", ""99"": ""Refused to answer"", ""100"": ""The respondent does not wish to continue""}",,,1.0,99.0
396,Q737_2,"Q737_2. In your opinion, which two of the following steps would most allow for the situation in Syria to improve?",float64,1008,1392,8,"{""1"": ""Release detainees, abductees"", ""2"": ""Syrian-led political transition"", ""3"": ""Free and fair elections"", ""4"": ""Return of refugees, IDPs"", ""5"": ""Stop terrorism"", ""6"": ""Stop attacks on civilians"", ""98"": ""Don’t know"", ""99"": ""Refused to answer"", ""100"": ""The respondent does not wish to continue""}",,,1.0,99.0
397,Q732C,"Q732C. In your opinion, are the Biden administration’s policies toward the Middle East and North Africa better, the same as, or worse than the Trump administration’s?",float64,2396,4,5,"{""1"": ""Better"", ""2"": ""Same as"", ""3"": ""Worse"", ""98"": ""Don’t know"", ""99"": ""Refused to answer"", ""100"": ""The respondent does not wish to continue""}",,,1.0,99.0
398,Q736B,Q736B. What do you think should be the Biden administration’s number one priority in the Middle East and North Africa?,float64,1153,1247,9,"{""1"": ""Education"", ""2"": ""Economic development"", ""3"": ""Human rights"", ""4"": ""Infrastructure"", ""5"": ""Palestine question"", ""6"": ""Stability and security"", ""7"": ""Terrorism"", ""98"": ""Don’t know"", ""99"": ""Refused to answer"", ""100"": ""The respondent does not wish to continue""}",,,1.0,99.0
399,Q734B,Q734B. To what extent do you favor or oppose the normalization of relations between Morocco and Israel?,float64,0,2400,0,"{""1"": ""Strongly favor"", ""2"": ""Favor"", ""3"": ""Oppose"", ""4"": ""Strongly oppose"", ""98"": ""Don’t know"", ""99"": ""Refused to answer"", ""100"": ""The respondent does not wish to continue""}",,,,
400,Q734C,Q734C To what extent do you favor or oppose the normalization of relations between Arab states and Israel?,float64,1160,1240,6,"{""1"": ""Strongly favor"", ""2"": ""Favor"", ""3"": ""Oppose"", ""4"": ""Strongly oppose"", ""98"": ""Don’t know"", ""99"": ""Refused to answer"", ""100"": ""The respondent does not wish to continue""}",,,1.0,99.0
401,QMOR3A,QMOR3A. To what extent do you favor or oppose opening the land border between Algeria and Morocco?,float64,0,2400,0,"{""1"": ""Strongly favor"", ""2"": ""Favor"", ""3"": ""Oppose"", ""4"": ""Strongly oppose"", ""98"": ""Don’t know"", ""99"": ""Refused to answer"", ""100"": ""The respondent does not wish to continue""}",,,,
402,QMOR3B,QMOR3B. To what extent do you favor or oppose opening the land border between Algeria and Morocco?,float64,0,2400,0,"{""1"": ""Strongly favor"", ""2"": ""Favor"", ""3"": ""Oppose"", ""4"": ""Strongly oppose"", ""98"": ""Don’t know"", ""99"": ""Refused to answer"", ""100"": ""The respondent does not wish to continue""}",,,,
403,Q738,Q738. Which solution from among the following you prefer to put an end to the Palestinian-Israeli conflict?,float64,2395,5,6,"{""1"": ""Two states, 1967 borders"", ""2"": ""One state solution"", ""3"": ""Confederation"", ""4"": ""Other"", ""98"": ""Don’t know"", ""99"": ""Refused to answer"", ""100"": ""The respondent does not wish to continue""}",,,1.0,99.0
404,Q744,Q744 To what extent do you favor or oppose the withdrawal of American military troops from Afghanistan?,float64,2397,3,6,"{""1"": ""Strongly favor"", ""2"": ""Favor"", ""3"": ""Oppose"", ""4"": ""Strongly oppose"", ""98"": ""Don’t know"", ""99"": ""Refused to answer"", ""100"": ""The respondent does not wish to continue""}",,,1.0,99.0
405,Q833B,Q833B. How concerned are you that sectarian division is growing in your country?,float64,0,2400,0,"{""1"": ""To a great extent"", ""2"": ""To a medium extent"", ""3"": ""To a small extent"", ""4"": ""Not concerned at all"", ""98"": ""Don’t know"", ""99"": ""Refused to answer"", ""100"": ""The respondent does not wish to continue""}",,,,
406,Q727_5C,Q727_5C. Which country would you prefer to get the contract?,float64,1217,1183,8,"{""1"": ""The United States"", ""2"": ""Germany"", ""3"": ""China"", ""4"": ""Turkey"", ""5"": ""France"", ""6"": ""Italy"", ""7"": ""UK"", ""97"": ""None of these countries"", ""98"": ""Don’t know"", ""99"": ""Refused to answer"", ""100"": ""The respondent does not wish to continue""}",,,1.0,99.0
407,Q727_1A,Q727_1A. Which country would build the highest quality project?,float64,1191,1209,8,"{""1"": ""The United States"", ""2"": ""Germany"", ""3"": ""China"", ""4"": ""Turkey"", ""5"": ""France"", ""6"": ""Italy"", ""7"": ""UK"", ""97"": ""None of these countries"", ""98"": ""Don’t know"", ""99"": ""Refused to answer"", ""100"": ""The respondent does not wish to continue""}",,,1.0,99.0
408,Q727_1B,Q727_1B. Which country would build the lowest quality project?,float64,1156,1244,8,"{""1"": ""The United States"", ""2"": ""Germany"", ""3"": ""China"", ""4"": ""Turkey"", ""5"": ""France"", ""6"": ""Italy"", ""7"": ""UK"", ""97"": ""None of these countries"", ""98"": ""Don’t know"", ""99"": ""Refused to answer"", ""100"": ""The respondent does not wish to continue""}",,,1.0,99.0
409,Q727_2A,Q727_2A. Which country would build it for the least amount of money?,float64,1193,1207,8,"{""1"": ""The United States"", ""2"": ""Germany"", ""3"": ""China"", ""4"": ""Turkey"", ""5"": ""France"", ""6"": ""Italy"", ""7"": ""UK"", ""97"": ""None of these countries"", ""98"": ""Don’t know"", ""99"": ""Refused to answer"", ""100"": ""The respondent does not wish to continue""}",,,1.0,99.0
410,Q727_2B,Q727_2B. Which country would build it for the most amount of money?,float64,1148,1252,8,"{""1"": ""The United States"", ""2"": ""Germany"", ""3"": ""China"", ""4"": ""Turkey"", ""5"": ""France"", ""6"": ""Italy"", ""7"": ""UK"", ""97"": ""None of these countries"", ""98"": ""Don’t know"", ""99"": ""Refused to answer"", ""100"": ""The respondent does not wish to continue""}",,,1.0,99.0
411,Q727_3A,Q727_3A. What country would be least likely to pay bribes to get the contract?,float64,1192,1208,8,"{""1"": ""The United States"", ""2"": ""Germany"", ""3"": ""China"", ""4"": ""Turkey"", ""5"": ""France"", ""6"": ""Italy"", ""7"": ""UK"", ""97"": ""None of these countries"", ""98"": ""Don’t know"", ""99"": ""Refused to answer"", ""100"": ""The respondent does not wish to continue""}",,,1.0,99.0
412,Q727_3B,Q727_3B. What country would most likely to pay bribes to get the contract?,float64,1154,1246,8,"{""1"": ""The United States"", ""2"": ""Germany"", ""3"": ""China"", ""4"": ""Turkey"", ""5"": ""France"", ""6"": ""Italy"", ""7"": ""UK"", ""97"": ""None of these countries"", ""98"": ""Don’t know"", ""99"": ""Refused to answer"", ""100"": ""The respondent does not wish to continue""}",,,1.0,99.0
413,Q727_4A,Q727_4A. Which country would pay the best salaries?,float64,1194,1206,8,"{""1"": ""The United States"", ""2"": ""Germany"", ""3"": ""China"", ""4"": ""Turkey"", ""5"": ""France"", ""6"": ""Italy"", ""7"": ""UK"", ""97"": ""None of these countries"", ""98"": ""Don’t know"", ""99"": ""Refused to answer"", ""100"": ""The respondent does not wish to continue""}",,,1.0,99.0
414,Q727_4B,Q727_4B. Which country would treat the local workforce the best?,float64,1155,1245,8,"{""1"": ""The United States"", ""2"": ""Germany"", ""3"": ""China"", ""4"": ""Turkey"", ""5"": ""France"", ""6"": ""Italy"", ""7"": ""UK"", ""97"": ""None of these countries"", ""98"": ""Don’t know"", ""99"": ""Refused to answer"", ""100"": ""The respondent does not wish to continue""}",,,1.0,99.0
415,Q727_5D,Q727_5D. Which country would you prefer to get the contract?,float64,1123,1277,8,"{""1"": ""The United States"", ""2"": ""Germany"", ""3"": ""China"", ""4"": ""Turkey"", ""5"": ""France"", ""6"": ""Italy"", ""7"": ""UK"", ""97"": ""None of these countries"", ""98"": ""Don’t know"", ""99"": ""Refused to answer"", ""100"": ""The respondent does not wish to continue""}",,,1.0,99.0
416,Q728_1B,Q728_1B. The development of China’s economic power,float64,1194,1206,5,"{""1"": ""Critical"", ""2"": ""Important, not critical"", ""3"": ""Not important"", ""98"": ""Don’t know"", ""99"": ""Refused to answer"", ""100"": ""The respondent does not wish to continue""}",,,1.0,99.0
417,Q728_2B,Q728_2B. The development of American economic power,float64,1156,1244,5,"{""1"": ""Critical"", ""2"": ""Important, not critical"", ""3"": ""Not important"", ""98"": ""Don’t know"", ""99"": ""Refused to answer"", ""100"": ""The respondent does not wish to continue""}",,,1.0,99.0
418,Q728_4A,Q728_4A. Iran’s political influence in the region,float64,1194,1206,5,"{""1"": ""Critical"", ""2"": ""Important, not critical"", ""3"": ""Not important"", ""98"": ""Don’t know"", ""99"": ""Refused to answer"", ""100"": ""The respondent does not wish to continue""}",,,1.0,99.0
419,Q728_4B,Q728_4B. Saudi Arabia’s political influence in the region,float64,1156,1244,5,"{""1"": ""Critical"", ""2"": ""Important, not critical"", ""3"": ""Not important"", ""98"": ""Don’t know"", ""99"": ""Refused to answer"", ""100"": ""The respondent does not wish to continue""}",,,1.0,99.0
420,Q728_5A,Q728_5A. Israeli occupation of the Palestinian territories,float64,1194,1206,5,"{""1"": ""Critical"", ""2"": ""Important, not critical"", ""3"": ""Not important"", ""98"": ""Don’t know"", ""99"": ""Refused to answer"", ""100"": ""The respondent does not wish to continue""}",,,1.0,99.0
421,Q728_5B,Q728_5B. Iran’s nuclear program,float64,1155,1245,5,"{""1"": ""Critical"", ""2"": ""Important, not critical"", ""3"": ""Not important"", ""98"": ""Don’t know"", ""99"": ""Refused to answer"", ""100"": ""The respondent does not wish to continue""}",,,1.0,99.0
422,Q728_6A,Q728_5A. Russia’s influence in Libya,float64,0,2400,0,"{""1"": ""Critical"", ""2"": ""Important, not critical"", ""3"": ""Not important"", ""98"": ""Don’t know"", ""99"": ""Refused to answer"", ""100"": ""The respondent does not wish to continue""}",,,,
423,Q728_6B,Q728_5B. Turkey’s influence in Libya,float64,0,2400,0,"{""1"": ""Critical"", ""2"": ""Important, not critical"", ""3"": ""Not important"", ""98"": ""Don’t know"", ""99"": ""Refused to answer"", ""100"": ""The respondent does not wish to continue""}",,,,
424,Q1001A,Q1001A Which governorate are you from?,float64,2400,0,26,"{""94"": ""I am not from this country."", ""98"": ""Don’t know"", ""99"": ""Refused to answer"", ""100"": ""The respondent does not wish to continue"", ""10001"": ""Algiers"", ""10002"": ""Blida"", ""10003"": ""Djelfa"", ""10004"": ""Tizi Ouzou"", ""10005"": ""Boumerdes"", ""10006"": ""Medea"", ""10007"": ""M'sila"", ""10008"": ""Tipaza"", ""10009"": ""Bouira"", ""10010"": ""Setif"", ""10011"": ""Batna"", ""10012"": ""Constantine"", ""10013"": ""Skikda"", ""10014"": ""Bejaia"", ""10015"": ""Annaba"", ""10016"": ""Mila"", ""10017"": ""Jijel"", ""10018"": ""Oeb"", ""10019"": ""Bba"", ""10020"": ""Biskra"", ""10021"": ""Tebessa"", ""10022"": ""Guelma"", ""10023"": ""Khenchela"", ""10024"": ""Souk Ahras"", ""10025"": ""El Tarf"", ""10026"": ""Oran"", ""10027"": ""Tlemcen"", ""10028"": ""Chlef"", ""10029"": ""Tiaret"", ""10030"": ""Mascara"", ""10031"": ""Mostaganem"", ""10032"": ""Sidi Bel Abbes"", ""10033"": ""Relizane"", ""10034"": ""Ain Temouchent"", ""10035"": ""Saida"", ""10036"": ""Tissemsilt"", ""10037"": ""Laghouat"", ""10038"": ""Ouargla"", ""10039"": ""El Oued"", ""10040"": ""Naama"", ""50001"": ""Cairo"", ""50002"": ""Alexandria"", ""50003"": ""Port Said"", ""50004"": ""Suez"", ""50005"": ""Damietta"", ""50006"": ""Dakahlia"", ""50007"": ""Eastern"", ""50008"": ""Kaliobeya"", ""50009"": ""Matrouh"", ""50010"": ""Qena"", ""50014"": ""Fayoum"", ""50015"": ""Giza"", ""50016"": ""Red Sea"", ""50017"": ""Luxor"", ""50018"": ""Aswan"", ""50019"": ""Assiut"", ""50020"": ""Minya"", ""50021"": ""Kafr El Sheik"", ""50022"": ""Ismalilia"", ""50023"": ""The Lake"", ""50024"": ""Western"", ""50025"": ""Menoufia"", ""50026"": ""Beni Suef"", ""50027"": ""Sohag"", ""70001"": ""Baghdad"", ""70002"": ""Salahaddin"", ""70003"": ""Diyala"", ""70004"": ""Wasit"", ""70005"": ""Maysan"", ""70006"": ""Basra"", ""70007"": ""Dhi Qar"", ""70008"": ""Muthana"", ""70009"": ""Qadisiyah"", ""70010"": ""Babylon"", ""70011"": ""Karbala"", ""70012"": ""Najaf"", ""70013"": ""Anbar"", ""70014"": ""Nineveh"", ""70015"": ""Dohuk"", ""70016"": ""Erbil"", ""70017"": ""Kirkuk"", ""70018"": ""Sulaymaniyah"", ""80011"": ""العاصمة"", ""80012"": ""البلقاء"", ""80013"": ""الزرقاء"", ""80014"": ""مادبا"", ""80021"": ""اربد"", ""80022"": ""المفرق"", ""80023"": ""جرش"", ""80024"": ""عجلون"", ""80031"": ""الكرك"", ""80032"": ""الطفيلة"", ""80033"": ""معان"", ""80034"": ""العقبة"", ""90001"": ""Al Asimah"", ""90002"": ""Ahmadi"", ""90003"": ""Farwaniya"", ""90004"": ""Jahra"", ""90005"": ""Hawalli"", ""90006"": ""Mubarak Al-Kabeer"", ""100001"": ""AKKAR"", ""100002"": ""BAALBEK-EL HERMEL"", ""100003"": ""BEIRUT"", ""100004"": ""BEKAA"", ""100005"": ""EL NABATIYEH"", ""100006"": ""MOUNT LEBANON"", ""100007"": ""NORTH"", ""100008"": ""SOUTH"", ""110101"": ""Derna"", ""110102"": ""Almarj"", ""110103"": ""Benghazi"", ""110104"": ""Tobruk"", ""110105"": ""Ejdabia"", ""110106"": ""Al Jabal Al Akhdar"", ""110107"": ""Alkufra"", ""110208"": ""Sirt"", ""110209"": ""Nalut"", ""110210"": ""Almargeb"", ""110211"": ""Tripoli"", ""110212"": ""Aljfara"", ""110213"": ""Azzawya"", ""110214"": ""Misrata"", ""110215"": ""Zwara"", ""110216"": ""Al Jabal Al Gharbi"", ""110317"": ""Aljufra"", ""110318"": ""Wadi Ashshati"", ""110319"": ""Sebha"", ""110320"": ""Ubari"", ""110321"": ""Ghat"", ""110322"": ""Murzuq"", ""120001"": ""Adrar"", ""120002"": ""Assaba"", ""120003"": ""Brakna"", ""120004"": ""Dakhlett Nouadibou"", ""120005"": ""Gorgol"", ""120006"": ""Guidimagha"", ""120007"": ""Hodh charghy"", ""120008"": ""Hodh Gharby"", ""120009"": ""Inchiri"", ""120010"": ""Nouakchott Nord"", ""120011"": ""Nouakchott Ouest"", ""120012"": ""Nouakchott Sud"", ""120013"": ""Tagant"", ""120014"": ""Tirs-ezemour"", ""120015"": ""Trarza"", ""130001"": ""Tanger-Tetouan-Al Hoceima"", ""130002"": ""Oriental"", ""130003"": ""Fes-Meknes"", ""130004"": ""Rabat-Sale-Kenitra"", ""130005"": ""Beni Mellal-Khenifra"", ""130006"": ""Grand Casablanca-Settat"", ""130007"": ""Marrakech-Safi"", ""130008"": ""Draa-Tafilalet"", ""130009"": ""Souss-Massa"", ""130010"": ""Guelmim-Oued Noun"", ""130011"": ""Laayoune-Sakia El Hamra"", ""130012"": ""Eddakhla-Oued Eddahab"", ""150001"": ""Bethlehem"", ""150002"": ""Deir al Balah"", ""150003"": ""Gaza"", ""150004"": ""Hebron"", ""150005"": ""Jabalia"", ""150006"": ""Jerusalem"", ""150007"": ""Jenin"", ""150008"": ""Jerico"", ""150009"": ""Khan Yunis"", ""150010"": ""Nabulus"", ""150011"": ""Qalqilya"", ""150012"": ""Rafah"", ""150013"": ""Ramallah"", ""150014"": ""Salfit"", ""150015"": ""Tubas"", ""150016"": ""Tulkarem"", ""190001"": ""Al Gezira"", ""190002"": ""Blue Nile"", ""190003"": ""Sinnar"", ""190004"": ""White Nile"", ""190005"": ""Central Darfu"", ""190006"": ""East Darfur"", ""190007"": ""North Darfur"", ""190008"": ""South Darfur"", ""190009"": ""West Darfur"", ""190010"": ""Al Gedarif"", ""190011"": ""Kassala"", ""190012"": ""Red Sea"", ""190013"": ""Khartoum"", ""190014"": ""North Kordofan"", ""190015"": ""South Kordofan"", ""190016"": ""West Kordofan"", ""190017"": ""Northern"", ""190018"": ""River Nile"", ""210001"": ""Tunis"", ""210002"": ""Ariana"", ""210003"": ""Ben Arous"", ""210004"": ""Manouba"", ""210005"": ""Nabeul"", ""210006"": ""Zaghouan"", ""210007"": ""Bizerte"", ""210008"": ""Beja"", ""210009"": ""Jendouba"", ""210010"": ""Kef"", ""210011"": ""Siliana"", ""210012"": ""Sousse"", ""210013"": ""Monastir"", ""210014"": ""Mahdia"", ""210015"": ""Sfax"", ""210016"": ""Kairouan"", ""210017"": ""Kasserine"", ""210018"": ""Sidi Bouzid"", ""210019"": ""Gabes"", ""210020"": ""Medenine"", ""210021"": ""Tatouine"", ""210022"": ""Gafsa"", ""210023"": ""Tozeur"", ""210024"": ""Kebili""}",,,98.0,210024.0
425,Q1001B,Q1001B. How many years have you lived in the area you live now?,float64,2400,0,84,,,,0.0,90.0
426,Q1001C,Q1001C. How would you describe the neighborhood where you live?,float64,2400,0,5,"{""1"": ""Primarily rich people"", ""2"": ""Primarily poor people"", ""3"": ""Both rich and poor people"", ""98"": ""Don’t know"", ""99"": ""Refused to answer"", ""100"": ""The respondent does not wish to continue""}",,,1.0,99.0
427,Q1001E_1,Q1001E_1. Do you parents live in the same household as you?,float64,1882,518,3,"{""1"": ""Yes"", ""2"": ""No"", ""98"": ""Don’t know"", ""99"": ""Refused to answer"", ""100"": ""The respondent does not wish to continue""}",,,1.0,98.0
428,Q1001E_2,Q1001E_2. Do your In-laws live in the same household as you?,float64,1602,798,3,"{""1"": ""Yes"", ""2"": ""No"", ""98"": ""Don’t know"", ""99"": ""Refused to answer"", ""100"": ""The respondent does not wish to continue""}",,,1.0,98.0
429,Q1003,Q1003. What is your highest level of education?,float64,2397,3,8,"{""1"": ""No formal education"", ""2"": ""Elementary"", ""3"": ""Preparatory/Basic"", ""4"": ""Secondary"", ""5"": ""Technical degree"", ""6"": ""BA"", ""7"": ""MA and above"", ""98"": ""Don’t know"", ""99"": ""Refused to answer"", ""100"": ""The respondent does not wish to continue""}",,,1.0,99.0
430,Q1010,Q1010. What is your current social status?,float64,2399,1,6,"{""1"": ""Single/Bachelor"", ""2"": ""Living with a partner"", ""3"": ""Engaged"", ""4"": ""Married"", ""5"": ""Divorced"", ""6"": ""Separated"", ""7"": ""Widowed"", ""99"": ""Refused to answer"", ""100"": ""The respondent does not wish to continue""}",,,1.0,7.0
431,Q1005,Q1005. Employment status,float64,2400,0,7,"{""1"": ""Employed"", ""2"": ""Self-Employed"", ""3"": ""Retired"", ""4"": ""A housewife"", ""5"": ""A student"", ""6"": ""Unemployed"", ""7"": ""Other"", ""98"": ""Don’t know"", ""99"": ""Refused to answer"", ""100"": ""The respondent does not wish to continue""}",,,1.0,7.0
432,Q1005B,Q1005B. You said you were retired. Do you receive a pension?,float64,327,2073,2,"{""1"": ""Yes"", ""2"": ""No"", ""98"": ""Don’t know"", ""99"": ""Refused to answer"", ""100"": ""The respondent does not wish to continue""}",,,1.0,2.0
433,Q1006,Q1006. Do you work full time or part time?,float64,624,1776,3,"{""1"": ""Full time"", ""2"": ""Part time"", ""98"": ""Don’t know"", ""99"": ""Refused to answer"", ""100"": ""The respondent does not wish to continue""}",,,1.0,98.0
434,Q1006A,Q1006A. What sector do you work in?,float64,624,1776,4,"{""1"": ""Public sector"", ""2"": ""Private sector"", ""3"": ""Other"", ""98"": ""Don’t know"", ""99"": ""Refused to answer"", ""100"": ""The respondent does not wish to continue""}",,,1.0,98.0
435,Q1021,Q1021. Which of the following best describes your main source of monthly income?,float64,624,1776,8,"{""1"": ""Salary"", ""2"": ""Hourly income, stable monthly"", ""3"": ""Hourly income, varies monthly"", ""4"": ""Profits, stable monthly"", ""5"": ""Profits, varies monthly"", ""6"": ""Rent or financial product income"", ""7"": ""Other"", ""98"": ""Don’t know"", ""99"": ""Refused to answer"", ""100"": ""The respondent does not wish to continue""}",,,1.0,98.0
436,Q1022,Q1022. Where do you do the majority of your work?,float64,0,2400,0,"{""1"": ""At home"", ""2"": ""At an office building"", ""3"": ""At a shop, market, or factory"", ""4"": ""Other"", ""98"": ""Don’t know"", ""99"": ""Refused to answer"", ""100"": ""The respondent does not wish to continue""}",,,,
437,Q1005C,Q1005C. Are you looking for a job?,float64,397,2003,2,"{""1"": ""Yes"", ""2"": ""No"", ""98"": ""Don’t know"", ""99"": ""Refused to answer"", ""100"": ""The respondent does not wish to continue""}",,,1.0,2.0
438,Q1005D,Q1005D. Why are you not looking for a job?,float64,94,2306,6,"{""1"": ""No jobs available"", ""2"": ""Salaries are too low"", ""3"": ""No jobs in my field"", ""4"": ""Family obligations"", ""5"": ""Am not allowed"", ""6"": ""Other"", ""98"": ""Don’t know"", ""99"": ""Refused to answer"", ""100"": ""The respondent does not wish to continue""}",,,1.0,6.0
439,Q1005E,"Q1005E. Since the beginning of the coronavirus pandemic, has the amount of housework you do:",float64,686,1714,7,"{""1"": ""Increased a lot"", ""2"": ""Increased a little"", ""3"": ""Stayed the same"", ""4"": ""Decreased a little"", ""5"": ""Decreased a lot"", ""98"": ""Don’t know"", ""99"": ""Refused to answer"", ""100"": ""The respondent does not wish to continue""}",,,1.0,99.0
440,Q1025,Q1025. Do you have a bank account?,float64,2398,2,4,"{""1"": ""Yes"", ""2"": ""No"", ""98"": ""Don’t know"", ""99"": ""Refused to answer"", ""100"": ""The respondent does not wish to continue""}",,,1.0,99.0
441,Q1025_LEB,Q1025_LEB. In what currency is your bank account?,float64,0,2400,0,"{""1"": ""Lira"", ""2"": ""U.S. Dollar"", ""3"": ""Other"", ""98"": ""Don’t know"", ""99"": ""Refused to answer"", ""100"": ""The respondent does not wish to continue""}",,,,
442,Q116,Q116 Do you have any savings?,float64,2396,4,4,"{""1"": ""Yes"", ""2"": ""No"", ""98"": ""Don’t know"", ""99"": ""Refused to answer"", ""100"": ""The respondent does not wish to continue""}",,,1.0,99.0
443,Q1010C,"Q1010C. Does your spouse, fiancée, or partner wear the hijab?",float64,802,1598,4,"{""1"": ""Yes"", ""2"": ""No"", ""3"": ""Niqab"", ""98"": ""Don’t know"", ""99"": ""Refused to answer"", ""100"": ""The respondent does not wish to continue""}",,,1.0,99.0
444,Q1010D_1,Q1010D_1. Do you always wear the hijab when you are out in public?,float64,1178,1222,4,"{""1"": ""Yes"", ""2"": ""No"", ""97"": ""NA- Not wearing the hijab"", ""98"": ""Don’t know"", ""99"": ""Refused to answer"", ""100"": ""The respondent does not wish to continue""}",,,1.0,99.0
445,Q1010D_2,Q1010D_2. Have you ever worn the hijab?,float64,1172,1228,5,"{""1"": ""Yes"", ""2"": ""No"", ""3"": ""Niqab"", ""97"": ""NA- Wearing hijab"", ""98"": ""Don’t know"", ""99"": ""Refused to answer"", ""100"": ""The respondent does not wish to continue""}",,,1.0,99.0
446,Q1010B1,Q1010B1. Do you have children?,float64,1798,602,2,"{""1"": ""Yes"", ""2"": ""No"", ""99"": ""Refused to answer"", ""100"": ""The respondent does not wish to continue""}",,,1.0,2.0
447,Q1010B2,Q1010B2. How many children live at this household?,float64,1672,728,11,,,,0.0,10.0
448,Q1014A,Q1014A. How many adults aged 18 years and over living in your household work?,float64,2396,4,12,,,,0.0,99.0
449,Q1014B,Q1014B. How many youth under the age of 18 living in your household work?,float64,2388,12,8,"{""97"": ""There are no youths under 18 in this household"", ""99"": ""Refused to answer""}",,,0.0,99.0
450,Q1014C,Q1014C. What is the total number of people who live in this household?,float64,2398,2,11,,,,1.0,99.0
451,Q1015,Q1015.  Monthly household income in local currency,float64,2400,0,127,"{""999999998"": ""Don't know"", ""999999999"": ""Refused to answer""}",,,0.0,999999999.0
452,Q1015A,Q1015A. Is your net household income less than or greater than the median income?,float64,335,2065,4,"{""1"": ""Less than median income"", ""2"": ""Median income or more"", ""98"": ""Don’t know"", ""99"": ""Refused to answer"", ""100"": ""The respondent does not wish to continue""}",,,1.0,99.0
453,Q1016,Q1016. Which of these statements comes closest to describing your net household income?,float64,2396,4,6,"{""1"": ""Yes- able to save"", ""2"": ""Yes- without notable difficulties"", ""3"": ""No- face some difficulties"", ""4"": ""No- face significant difficulties"", ""98"": ""Don’t know"", ""99"": ""Refused to answer"", ""100"": ""The respondent does not wish to continue""}",,,1.0,99.0
