position,variable,label,storage_type,n_valid,n_missing,n_distinct,value_labels,observed_values,sentinel_codes,min,max
1,vQID,vQID.QID,float64,1498,0,1498,,,,53003.0,99272.0
2,QID,QID.QID,float64,1498,0,1498,,,,1.0,1500.0
3,Q1,Q1.Country Code,float64,1498,0,1,"{""1"": ""Jordan"", ""2"": ""Tunisia"", ""3"": ""Algeria"", ""4"": ""Saudi Arabia"", ""5"": ""Sudan"", ""6"": ""Iraq"", ""7"": ""Palestine"", ""8"": ""Kuwait"", ""9"": ""Lebanon"", ""10"": ""Libya"", ""11"": ""Egypt"", ""12"": ""Morocco"", ""13"": ""Mauritania"", ""14"": ""Yemen"", ""15"": ""Syrian Refugees""}",,,2.0,2.0
4,Q2,Q2.Survey Year,float64,1498,0,1,"{""1"": ""Arab Index 2011"", ""2"": ""Arab Index 2012/2013"", ""3"": ""Arab Index 2014"", ""4"": ""Arab Index 2015"", ""5"": ""Arab Index 2016"", ""6"": ""Arab Index 2017/2018""}",,,3.0,3.0
5,Q3,Q3.Primary Administrative Level: (Governorate / State / Emirate),float64,1498,0,24,"{""1"": ""Amman"", ""2"": ""Balqaa"", ""3"": ""Zirqaa"", ""4"": ""Madaba"", ""5"": ""Irbid"", ""6"": ""Mafraq"", ""7"": ""Jerash"", ""8"": ""Ajloun"", ""9"": ""Karak"", ""10"": ""Tafileh"", ""11"": ""Maan"", ""12"": ""Aqaba"", ""13"": ""Tunis"", ""14"": ""Ariana"", ""15"": ""Manouba"", ""16"": ""Ben Arous"", ""17"": ""Nabeul"", ""18"": ""Zaghouan"", ""19"": ""Bizerte"", ""20"": ""Beja"", ""21"": ""Jendouba"", ""22"": ""El Kef"", ""23"": ""Siliana"", ""24"": ""Sousse"", ""25"": ""Monastir"", ""26"": ""Mahdia"", ""27"": ""Sfax"", ""28"": ""Kairouan"", ""29"": ""Kasserine"", ""30"": ""Sidi Bouzid"", ""31"": ""Gabès"", ""32"": ""Medenine"", ""33"": ""Tataouine"", ""34"": ""Gafsa"", ""35"": ""Tozeur"", ""36"": ""Kebili"", ""37"": ""Jenin"", ""38"": ""Tubas"", ""39"": ""Tulkarem"", ""40"": ""Nablus"", ""41"": ""Qalqilia"", ""42"": ""Salfit"", ""43"": ""Ramallah and Al-Bireh"", ""44"": ""Jericho"", ""45"": ""Jerusalem"", ""46"": ""Bethlehem"", ""47"": ""Hebron"", ""48"": ""North  Gaza"", ""49"": ""Gaza"", ""50"": ""Dair Al Balah"", ""51"": ""Khan Younes"", ""52"": ""Rafah"", ""53"": ""Batna"", ""54"": ""Bordj Bou Arréridj "", ""55"": ""Djelfa"", ""56"": ""El Bayadh"", ""57"": ""Khanshla"", ""58"": ""Laghouat"", ""59"": ""Masila"", ""60"": ""Naâma"", ""61"": ""Umm al-Bawaki"", ""62"": ""Saida"", ""63"": ""Setif"", ""64"": ""Tabsa"", ""65"": ""Tiaret"", ""66"": ""Tissemselt"", ""67"": ""Ain Defla"", ""68"": ""Ain Tamoushant"", ""69"": ""Algeria"", ""70"": ""Annaba"", ""71"": ""Bejaia"", ""72"": ""Blida"", ""73"": ""Bouira"", ""74"": ""Boumerdes"", ""75"": ""Chlef"", ""76"": ""Constantine"", ""77"": ""Al-Taraf"", ""78"": ""Guelma"", ""79"": ""Jigel"", ""80"": ""Mascara"", ""81"": ""Medea"", ""82"": ""Mela"", ""83"": ""Mostaganem"", ""84"": ""Oran"", ""85"": ""Glyzane"", ""86"": ""Sir Bel Abbes"", ""87"": ""Skikda"", ""88"": ""Souk Ahras"", ""89"": ""Tipaza"", ""90"": ""Tizi Ouzou"", ""91"": ""Tlemcen"", ""92"": ""Adrar"", ""93"": ""Bashar"", ""94"": ""Biskra"", ""95"": ""Alwad"", ""96"": ""Ghardaia"", ""97"": ""Tamanrasset"", ""98"": ""Ouargla"", ""99"": ""Riyadh"", ""100"": ""Mecca"", ""101"": ""Medina"", ""102"": ""Qassim"", ""103"": ""Eastern Province"", ""104"": ""'Asir"", ""105"": ""Tabuk"", ""106"": ""Ha'il"", ""107"": ""Northern borders"", ""108"": ""Al Jawf"", ""109"": ""Jazan"", ""110"": ""Najran"", ""111"": ""Al Bahah"", ""112"": ""al-Jazira"", ""113"": ""White Nile"", ""114"": ""Blue Nile"", ""115"": ""Sennar"", ""116"": ""Khartoum"", ""117"": ""The Red Sea"", ""118"": ""El-Gadarif"", ""119"": ""Kassala"", ""120"": ""North"", ""121"": ""The Nile River"", ""122"": ""South Darfur"", ""123"": ""North Darfur"", ""124"": ""West Darfur"", ""125"": ""South Kordofan"", ""126"": ""North Kordofan"", ""127"": ""Baghdad"", ""128"": ""Salahaddin"", ""129"": ""Diyala"", ""130"": ""Wasit"", ""131"": ""Maysan"", ""132"": ""Basra"", ""133"": ""Dhi Qar"", ""134"": ""Muthanna"", ""135"": ""Qadisiyah"", ""136"": ""Babel"", ""137"": ""Karbala"", ""138"": ""Najaf"", ""139"": ""Anbar"", ""140"": ""Nineveh / Mosul"", ""141"": ""Erbil"", ""142"": ""Kirkuk"", ""143"": ""Sulaymaniyah"", ""144"": ""City Kuwait"", ""145"": ""Hawalli Governorate"", ""146"": ""Al - Ahmadi Governorate"", ""147"": ""Jahra Governorate"", ""148"": ""Farwaniya Governorate"", ""149"": ""Mubarak Al - Kabeer Governorate"", ""150"": ""Beirut"", ""151"": ""Nabatieh"", ""152"": ""Bekaa"", ""153"": ""Mount Lebanon"", ""154"": ""North Governorate"", ""155"": ""Southern Lebanon"", ""156"": ""Chaouia - Ouardigha"", ""157"": ""Doukkala-Abda"", ""158"": ""Fès-Boulemane"", ""159"": ""West - Chardara - Bani Hassan"", ""160"": ""Greater Cassablanca"", ""161"": ""Guelmim-Es Semara"", ""162"": ""Laayoune - Boujdour - El Sakia El Hamra"", ""163"": ""Marrakech - Tensift - El Haouz Region"", ""164"": ""Meknes-Tafilalet"", ""165"": ""Eastern side"", ""166"": ""Wadi Al-Zahab - Al-Kuwaira"", ""167"": ""Rabat-Salé-Zemmour-Zaer"", ""168"": ""Sous-Massa-Shield"", ""169"": ""Tadla - Azilal"", ""170"": ""Tangier - Tetouan"", ""171"": ""Taza - Al Hoceima - Taounate"", ""172"": ""Eastern Basin"", ""173"": ""Western Basin"", ""174"": ""Assaba"", ""175"": ""Tkant"", ""176"": ""Caracal"", ""177"": ""Brakna"", ""178"": ""Atarase"", ""179"": ""Kedmaga"", ""180"": ""Adrar"", ""181"": ""Dakhlet Nouadhibou"", ""182"": ""Terres Zemmour"", ""183"": ""Inchiri"", ""184"": ""Nouakchott"", ""185"": ""Cairo"", ""186"": ""Alexandria"", ""187"": ""Port Said"", ""188"": ""Suez"", ""189"": ""Damietta"", ""190"": ""Dakahlia"", ""191"": ""Sharqia"", ""192"": ""Kaliobeya"", ""193"": ""Kafr El Sheikh"", ""194"": ""Gharbia "", ""195"": ""Monufia "", ""196"": ""Beheira "", ""197"": ""Ismailia"", ""198"": ""Giza"", ""199"": ""Bani Suef"", ""200"": ""Fayoum"", ""201"": ""Menia"", ""202"": ""Asyut"", ""203"": ""Sohag"", ""204"": ""Qena"", ""205"": ""Luxor"", ""206"": ""The Red Sea"", ""207"": ""Aswan"", ""208"": ""Matrouh"", ""209"": ""Tripoli"", ""210"": ""Benghazi"", ""211"": ""Misrata"", ""212"": ""Jafara"", ""213"": ""Murqub"", ""214"": ""Jabal Al Gharbi"", ""215"": ""Zawiya"", ""216"": ""Nuqat al Khams"", ""217"": ""Jebel Akhdar"", ""218"": ""Marj"", ""219"": ""Al Wahat"", ""220"": ""Darnah"", ""221"": ""Butnan"", ""222"": ""Sirte"", ""223"": ""Sabha"", ""224"": ""Nalut"", ""225"": ""Murzuk"", ""226"": ""Wadi al Shatii"", ""227"": ""Wadi al Hayaa"", ""228"": ""Jufra "", ""229"": ""Kufra"", ""230"": ""Ghat"", ""231"": ""Ibb"", ""232"": ""Abyan"", ""233"": ""Amanat Al Asimah"", ""234"": ""Al Bayda'"", ""235"": ""Taiz"", ""236"": ""Al-Jouf"", ""237"": ""Hajjah"", ""238"": ""Al Hudaydah"", ""239"": ""Hadramout"", ""240"": ""Dhamar"", ""241"": ""Shabwa"", ""242"": ""Saada"", ""243"": ""Sanaa"", ""245"": ""Aden"", ""246"": ""Lahej"", ""247"": ""Marib"", ""248"": ""Al Mahwit"", ""249"": ""skilled"", ""250"": ""Imran"", ""251"": ""Al-Dali '"", ""252"": ""rima"", ""253"": ""Gaziantep"", ""254"": ""Chanli Urfa"", ""255"": ""Hatay"", ""256"": ""Kilis"", ""257"": ""Mardin"", ""258"": ""Kahramanmaras"", ""259"": ""Adana"", ""260"": ""Malatya"", ""261"": ""Adiyaman"", ""262"": ""Syrian Border"", ""263"": ""Istanbul"", ""264"": ""Northeast Anatolia"", ""265"": ""Eastern Anatolia Region"", ""266"": ""Central Anatolia"", ""267"": ""Northwesetern"", ""268"": ""Grand Tunis"", ""269"": ""Southeast"", ""270"": ""Southwest"", ""271"": ""Dahuk"", ""272"": ""Akkar "", ""273"": ""Baalbak"", ""274"": ""Tanger-Tetouan-Al Hoceima"", ""275"": ""Sharqi"", ""276"": ""Fès-Meknès"", ""277"": ""Rabat-Salé-Kénitra"", ""278"": ""Béni Mellal-Khénifra"", ""279"": ""Marrakesh"", ""280"": ""Drâa-Tafilalet"", ""281"": ""Souss-Massa"", ""282"": ""Guelmim-Oued Noun""}",,,13.0,36.0
6,Q4,Q4.Category,float64,1498,0,2,"{""1"": ""Urban"", ""2"": ""Rural""}",,,1.0,2.0
7,Q5,Q5.How many members in the family?,float64,1498,0,15,"{""96"": ""Do not know"", ""97"": ""Declined to answer"", ""99"": ""Missing""}",,,1.0,99.0
8,Q101_1,Q101_1.How would you evaluate The financial situation of your household,float64,1498,0,4,"{""1"": ""very good"", ""2"": ""Good"", ""3"": ""Bad"", ""4"": ""very bad"", ""6"": ""Do not know"", ""7"": ""Declined to answer"", ""9"": ""Missing""}",,,1.0,4.0
9,Q101_2,Q101_2.How would you evaluate Your home country’s economic situation,float64,1498,0,6,"{""1"": ""very good"", ""2"": ""Good"", ""3"": ""Bad"", ""4"": ""very bad"", ""6"": ""Do not know"", ""7"": ""Declined to answer"", ""9"": ""Missing""}",,,1.0,7.0
10,Q101_3,"Q101_3.How would you evaluate The level of safety in your area of residence (neighborhood, district, village)",float64,1498,0,4,"{""1"": ""very good"", ""2"": ""Good"", ""3"": ""Bad"", ""4"": ""very bad"", ""6"": ""Do not know"", ""7"": ""Declined to answer"", ""9"": ""Missing""}",,,1.0,4.0
11,Q101_4,Q101_4.How would you evaluate The level of safety in your home country,float64,1498,0,5,"{""1"": ""very good"", ""2"": ""Good"", ""3"": ""Bad"", ""4"": ""very bad"", ""6"": ""Do not know"", ""7"": ""Declined to answer"", ""9"": ""Missing""}",,,1.0,6.0
12,Q101_5,Q101_5.How would you evaluate The political situation in your home country,float64,1498,0,6,"{""1"": ""very good"", ""2"": ""Good"", ""3"": ""Bad"", ""4"": ""very bad"", ""6"": ""Do not know"", ""7"": ""Declined to answer"", ""9"": ""Missing""}",,,1.0,7.0
13,Q103,"Q103.In your opinion, what is the most important challenge facing your home country today?",float64,1498,0,14,"{""1"": ""Unemployment"", ""2"": ""Lack of security and safety"", ""3"": ""Negative economic conditions"", ""4"": ""Price inflation"", ""5"": ""Weakened social services"", ""6"": ""Governance and the lack of democracy"", ""7"": ""Poverty"", ""8"": ""Social Issues"", ""9"": ""Administrative and fiscal corruption"", ""10"": ""Lack of political stability"", ""11"": ""The policies of the Israeli occupation and the blockade of Gaza"", ""12"": ""Refugees"", ""13"": ""Regional / sectarian / ethnic / tribal divisions"", ""14"": ""External intervention"", ""15"": ""The issue of separation from the south"", ""16"": ""Palestinian division"", ""17"": ""American occupation"", ""9992"": ""Other"", ""9996"": ""Do not know"", ""9997"": ""Declined to answer"", ""9998"": ""There isn’t any"", ""9999"": ""Missing""}",,,1.0,9998.0
14,Q104,Q104.To what extent do you think that the government of your country is serious about overcoming this challenge?,float64,1483,15,5,"{""1"": ""Very serious"", ""2"": ""Serious to some extent"", ""3"": ""Not serious to some extent"", ""4"": ""Not serious at all"", ""6"": ""Do not know"", ""7"": ""Declined to answer"", ""9"": ""Missing""}",,,1.0,6.0
15,QPAL__G104,QPAL__G104.To what extent do you think that the (Government of Gaza) is serious about overcoming this challenge?,float64,0,1498,0,"{""1"": ""Very serious"", ""2"": ""Serious to some extent"", ""3"": ""Not serious to some extent"", ""4"": ""Not serious at all"", ""6"": ""Do not know"", ""7"": ""Declined to answer"", ""9"": ""Missing""}",,,,
16,Q105,Q105.Would you like to emigrate to another country?,float64,1498,0,3,"{""1"": ""Yes"", ""2"": ""No"", ""6"": ""Do not know"", ""7"": ""Declined to answer"", ""9"": ""Missing""}",,,1.0,6.0
17,Q106,Q106.To which country would you like to emigrate?,float64,269,1229,10,"{""1"": ""European countries"", ""2"": ""Gulf countries"", ""3"": ""USA"", ""4"": ""Canada"", ""5"": ""Turkey"", ""6"": ""Australia"", ""7"": ""Arab countries"", ""8"": ""Other countries"", ""9"": ""Africa"", ""10"": ""Latin America"", ""9995"": ""Not Decided yet"", ""9996"": ""Do not know"", ""9997"": ""Declined to answer"", ""9999"": ""Missing""}",,,1.0,9997.0
18,Q107,Q107.What is your main motive for wanting to emigrate?,float64,269,1229,8,"{""1"": ""Improvement of economic circumstances"", ""2"": ""Lack of a stable security situation"", ""3"": ""Political reasons"", ""4"": ""Educational reasons"", ""5"": ""Family reasons"", ""6"": ""Religious reasons"", ""7"": ""For improved quality of life and freedom"", ""9992"": "" Other reasons"", ""9996"": ""Do not know"", ""9997"": ""Declined to answer"", ""9999"": ""Missing""}",,,1.0,9997.0
19,Q201_1,Q201_1.To what extent do you trust The Judiciary,float64,1498,0,6,"{""1"": ""I trust to a great extent"", ""2"": ""I trust to some extent"", ""3"": ""I do not trust to some extent"", ""4"": ""I do not trust at all"", ""6"": ""Do not know"", ""7"": ""Declined to answer"", ""9"": ""Missing""}",,,1.0,7.0
20,Q201_2,Q201_2.To what extent do you trust Public Security (the Police),float64,1498,0,5,"{""1"": ""I trust to a great extent"", ""2"": ""I trust to some extent"", ""3"": ""I do not trust to some extent"", ""4"": ""I do not trust at all"", ""6"": ""Do not know"", ""7"": ""Declined to answer"", ""9"": ""Missing""}",,,1.0,6.0
21,Q201_3,Q201_3.To what extent do you trust Elected representative legislature,float64,1498,0,5,"{""1"": ""I trust to a great extent"", ""2"": ""I trust to some extent"", ""3"": ""I do not trust to some extent"", ""4"": ""I do not trust at all"", ""6"": ""Do not know"", ""7"": ""Declined to answer"", ""9"": ""Missing""}",,,1.0,6.0
22,Q201_4,Q201_4.To what extent do you trust The government,float64,1498,0,5,"{""1"": ""I trust to a great extent"", ""2"": ""I trust to some extent"", ""3"": ""I do not trust to some extent"", ""4"": ""I do not trust at all"", ""6"": ""Do not know"", ""7"": ""Declined to answer"", ""9"": ""Missing""}",,,1.0,6.0
23,Q201_5,Q201_5.To what extent do you trust Political parties,float64,1498,0,6,"{""1"": ""I trust to a great extent"", ""2"": ""I trust to some extent"", ""3"": ""I do not trust to some extent"", ""4"": ""I do not trust at all"", ""6"": ""Do not know"", ""7"": ""Declined to answer"", ""9"": ""Missing""}",,,1.0,7.0
24,Q201_6,Q201_6.To what extent do you trust The Army,float64,1498,0,5,"{""1"": ""I trust to a great extent"", ""2"": ""I trust to some extent"", ""3"": ""I do not trust to some extent"", ""4"": ""I do not trust at all"", ""6"": ""Do not know"", ""7"": ""Declined to answer"", ""9"": ""Missing""}",,,1.0,6.0
25,Q201_7,Q201_7.To what extent do you trust Intelligence Services (Secret Police/ State Security),float64,0,1498,0,"{""1"": ""I trust to a great extent"", ""2"": ""I trust to some extent"", ""3"": ""I do not trust to some extent"", ""4"": ""I do not trust at all"", ""6"": ""Do not know"", ""7"": ""Declined to answer"", ""9"": ""Missing""}",,,,
26,Q201_8,Q201_8.To what extent do you trust Palestinian Authority,float64,0,1498,0,"{""1"": ""I trust to a great extent"", ""2"": ""I trust to some extent"", ""3"": ""I do not trust to some extent"", ""4"": ""I do not trust at all"", ""6"": ""Do not know"", ""7"": ""Declined to answer"", ""9"": ""Missing""}",,,,
27,Q201_9,Q201_9.To what extent do you trust Fatah,float64,0,1498,0,"{""1"": ""I trust to a great extent"", ""2"": ""I trust to some extent"", ""3"": ""I do not trust to some extent"", ""4"": ""I do not trust at all"", ""6"": ""Do not know"", ""7"": ""Declined to answer"", ""9"": ""Missing""}",,,,
28,Q201_10,Q201_10.To what extent do you trust Hamas,float64,0,1498,0,"{""1"": ""I trust to a great extent"", ""2"": ""I trust to some extent"", ""3"": ""I do not trust to some extent"", ""4"": ""I do not trust at all"", ""6"": ""Do not know"", ""7"": ""Declined to answer"", ""9"": ""Missing""}",,,,
29,Q201_11,Q201_11.To what extent do you trust Provincial Council,float64,0,1498,0,"{""1"": ""I trust to a great extent"", ""2"": ""I trust to some extent"", ""3"": ""I do not trust to some extent"", ""4"": ""I do not trust at all"", ""6"": ""Do not know"", ""7"": ""Declined to answer"", ""9"": ""Missing""}",,,,
30,Q201_12,Q201_12.To what extent do you trust The President,float64,1498,0,6,"{""1"": ""I trust to a great extent"", ""2"": ""I trust to some extent"", ""3"": ""I do not trust to some extent"", ""4"": ""I do not trust at all"", ""6"": ""Do not know"", ""7"": ""Declined to answer"", ""9"": ""Missing""}",,,1.0,7.0
31,Q201_13,Q201_13.To what extent do you trust Political blocs/societies,float64,0,1498,0,"{""1"": ""I trust to a great extent"", ""2"": ""I trust to some extent"", ""3"": ""I do not trust to some extent"", ""4"": ""I do not trust at all"", ""6"": ""Do not know"", ""7"": ""Declined to answer"", ""9"": ""Missing""}",,,,
32,Q201_14,Q201_14.To what extent do you trust Second Chamber (House of Counselors),float64,0,1498,0,"{""1"": ""I trust to a great extent"", ""2"": ""I trust to some extent"", ""3"": ""I do not trust to some extent"", ""4"": ""I do not trust at all"", ""6"": ""Do not know"", ""7"": ""Declined to answer"", ""9"": ""Missing""}",,,,
33,Q201_15,Q201_15.To what extent do you trust Egyptian media in general,float64,0,1498,0,"{""1"": ""I trust to a great extent"", ""2"": ""I trust to some extent"", ""3"": ""I do not trust to some extent"", ""4"": ""I do not trust at all"", ""6"": ""Do not know"", ""7"": ""Declined to answer"", ""9"": ""Missing""}",,,,
34,Q201_16,Q201_16.To what extent do you trust The Grand Imam of al-Azhar,float64,0,1498,0,"{""1"": ""I trust to a great extent"", ""2"": ""I trust to some extent"", ""3"": ""I do not trust to some extent"", ""4"": ""I do not trust at all"", ""6"": ""Do not know"", ""7"": ""Declined to answer"", ""9"": ""Missing""}",,,,
35,Q201_17,Q201_17.To what extent do you trust Southern Movement,float64,0,1498,0,"{""1"": ""I trust to a great extent"", ""2"": ""I trust to some extent"", ""3"": ""I do not trust to some extent"", ""4"": ""I do not trust at all"", ""6"": ""Do not know"", ""7"": ""Declined to answer"", ""9"": ""Missing""}",,,,
36,Q201_18,Q201_18.To what extent do you trust National Security Agency,float64,0,1498,0,"{""1"": ""I trust to a great extent"", ""2"": ""I trust to some extent"", ""3"": ""I do not trust to some extent"", ""4"": ""I do not trust at all"", ""6"": ""Do not know"", ""7"": ""Declined to answer"", ""9"": ""Missing""}",,,,
37,Q201_19,Q201_19.To what extent do you trust Presidency of the Republic,float64,0,1498,0,"{""1"": ""I trust to a great extent"", ""2"": ""I trust to some extent"", ""3"": ""I do not trust to some extent"", ""4"": ""I do not trust at all"", ""6"": ""Do not know"", ""7"": ""Declined to answer"", ""9"": ""Missing""}",,,,
38,Q201_20,Q201_20.To what extent do you trust Civil society associations,float64,0,1498,0,"{""1"": ""I trust to a great extent"", ""2"": ""I trust to some extent"", ""3"": ""I do not trust to some extent"", ""4"": ""I do not trust at all"", ""6"": ""Do not know"", ""7"": ""Declined to answer"", ""9"": ""Missing""}",,,,
39,Q201_21,Q201_21.To what extent do you trust The Joint Meeting Parties (JMP),float64,0,1498,0,"{""1"": ""I trust to a great extent"", ""2"": ""I trust to some extent"", ""3"": ""I do not trust to some extent"", ""4"": ""I do not trust at all"", ""6"": ""Do not know"", ""7"": ""Declined to answer"", ""9"": ""Missing""}",,,,
40,Q201_22,Q201_22.To what extent do you trust Congress for the Republic and its allies,float64,0,1498,0,"{""1"": ""I trust to a great extent"", ""2"": ""I trust to some extent"", ""3"": ""I do not trust to some extent"", ""4"": ""I do not trust at all"", ""6"": ""Do not know"", ""7"": ""Declined to answer"", ""9"": ""Missing""}",,,,
41,Q201_23,Q201_23.To what extent do you trust Houthis,float64,0,1498,0,"{""1"": ""I trust to a great extent"", ""2"": ""I trust to some extent"", ""3"": ""I do not trust to some extent"", ""4"": ""I do not trust at all"", ""6"": ""Do not know"", ""7"": ""Declined to answer"", ""9"": ""Missing""}",,,,
42,Q201_24,Q201_24.To what extent do you trust The Tunisian General Labor Union (UGTT),float64,1498,0,6,"{""1"": ""I trust to a great extent"", ""2"": ""I trust to some extent"", ""3"": ""I do not trust to some extent"", ""4"": ""I do not trust at all"", ""6"": ""Do not know"", ""7"": ""Declined to answer"", ""9"": ""Missing""}",,,1.0,9.0
43,Q201_25,Q201_25.To what extent do you trust The government of Gaza,float64,0,1498,0,"{""1"": ""I trust to a great extent"", ""2"": ""I trust to some extent"", ""3"": ""I do not trust to some extent"", ""4"": ""I do not trust at all"", ""6"": ""Do not know"", ""7"": ""Declined to answer"", ""9"": ""Missing""}",,,,
44,Q201_26,Q201_26.To what extent do you trust Local/Provincial Administrators (Governors),float64,0,1498,0,"{""1"": ""I trust to a great extent"", ""2"": ""I trust to some extent"", ""3"": ""I do not trust to some extent"", ""4"": ""I do not trust at all"", ""6"": ""Do not know"", ""7"": ""Declined to answer"", ""9"": ""Missing""}",,,,
45,Q202,Q202.To what extent do you think that the principle of a fair trial is respected in your home country?,float64,1498,0,6,"{""1"": ""To a great extent"", ""2"": ""To some extent"", ""3"": ""To some extent not respected"", ""4"": ""Not respected at all"", ""6"": ""Do not know"", ""7"": ""Declined to answer"", ""9"": ""Missing""}",,,1.0,7.0
46,Q203,"Q203.With regards to the state's application of the rule of law between citizens, which of the following statements is closest to your opinion ...",float64,1498,0,5,"{""1"": ""The State applies the rule of law equally to a large extent"", ""2"": ""The State applies the rule of law, but favors some groups over others"", ""3"": ""The State completely does not apply the rule of law equally among the people"", ""6"": ""Do not know"", ""7"": ""Declined to answer"", ""9"": ""Missing""}",,,1.0,7.0
47,QPal203,"QPal203.With regards to the government’s application of the rule of law between citizens, which of the following statements is closest to your opinion",float64,0,1498,0,"{""1"": ""The (the Government of the Gaza Strip) applies the rule of law equally to a large extent"", ""2"": ""The (the Government of the Gaza Strip) applies the rule of law, but favors some groups over others"", ""3"": ""The (the Government of the Gaza Strip) completely does not apply the rule of law equally among the people"", ""6"": ""Do not know"", ""7"": ""Declined to answer"", ""9"": ""Missing""}",,,,
48,Q204,"Q204.In your opinion, how widespread is financial and administrative corruption in your home country?",float64,1498,0,6,"{""1"": ""Very widespread"", ""2"": ""Widespread, to some extent"", ""3"": ""Widespread to a limited extent"", ""4"": ""Not widespread at all"", ""6"": ""Do not know"", ""7"": ""Declined to answer"", ""9"": ""Missing""}",,,1.0,7.0
49,Q205,"Q205.In your opinion, how serious is the government in combating financial and administrative corruption in your home country?",float64,1458,40,5,"{""1"": ""Very serious"", ""2"": ""Serious to some extent"", ""3"": ""Not serious"", ""4"": ""Not serious at all"", ""6"": ""Do not know"", ""7"": ""Declined to answer"", ""9"": ""Missing""}",,,1.0,6.0
50,Q206_1,Q206_1.To what extent do the policies of the government of your country reflect the views of the citizenry within Foreign policy,float64,1498,0,6,"{""1"": ""Reflects citizens’ views to a great extent"", ""2"": ""Reflects citizens’ views to some extent"", ""3"": ""Does not reflect citizens’ views, to some extent"", ""4"": ""Does not reflect citizens’ views at all"", ""6"": ""Do not know"", ""7"": ""Declined to answer"", ""9"": ""Missing""}",,,1.0,7.0
51,Q206_2,Q206_2.To what extent do the policies of the government of your country reflect the views of the citizenry within Domestic economic policy,float64,1498,0,6,"{""1"": ""Reflects citizens’ views to a great extent"", ""2"": ""Reflects citizens’ views to some extent"", ""3"": ""Does not reflect citizens’ views, to some extent"", ""4"": ""Does not reflect citizens’ views at all"", ""6"": ""Do not know"", ""7"": ""Declined to answer"", ""9"": ""Missing""}",,,1.0,7.0
52,QPal_G206_1,QPal_G206_1.To what extent do the policies of the government in Gaza reflect the views of the citizenry within t Foreign policy,float64,0,1498,0,"{""1"": ""Reflects citizens’ views to a great extent"", ""2"": ""Reflects citizens’ views to some extent"", ""3"": ""Does not reflect citizens’ views, to some extent"", ""4"": ""Does not reflect citizens’ views at all"", ""6"": ""Do not know"", ""7"": ""Declined to answer"", ""9"": ""Missing""}",,,,
53,QPal_G206_2,QPal_G206_2.To what extent do the policies of the government in Gaza reflect the views of the citizenry within t Domestic economic policy,float64,0,1498,0,"{""1"": ""Reflects citizens’ views to a great extent"", ""2"": ""Reflects citizens’ views to some extent"", ""3"": ""Does not reflect citizens’ views, to some extent"", ""4"": ""Does not reflect citizens’ views at all"", ""6"": ""Do not know"", ""7"": ""Declined to answer"", ""9"": ""Missing""}",,,,
54,Q210_1,Q210_1.How would you evaluate the government’s performance in Improving public healthcare,float64,1498,0,5,"{""1"": ""Very good"", ""2"": ""Good"", ""3"": ""Poor"", ""4"": ""Very poor"", ""6"": ""Do not know"", ""7"": ""Declined to answer"", ""9"": ""Missing""}",,,1.0,6.0
55,Q210_2,Q210_2.How would you evaluate the government’s performance in Providing water,float64,1498,0,5,"{""0"": ""Not applicable (service not provided)"", ""1"": ""Very good"", ""2"": ""Good"", ""3"": ""Poor"", ""4"": ""Very poor"", ""6"": ""Do not know"", ""7"": ""Declined to answer"", ""9"": ""Missing""}",,,1.0,6.0
56,Q210_3,Q210_3.How would you evaluate the government’s performance in Providing public sanitation/sewage systems,float64,1498,0,5,"{""0"": ""Not applicable (service not provided)"", ""1"": ""Very good"", ""2"": ""Good"", ""3"": ""Poor"", ""4"": ""Very poor"", ""6"": ""Do not know"", ""7"": ""Declined to answer"", ""9"": ""Missing""}",,,1.0,6.0
57,Q210_4,Q210_4.How would you evaluate the government’s performance in Improving education in public sector schools,float64,1498,0,6,"{""1"": ""Very good"", ""2"": ""Good"", ""3"": ""Poor"", ""4"": ""Very poor"", ""6"": ""Do not know"", ""7"": ""Declined to answer"", ""9"": ""Missing""}",,,1.0,7.0
58,Q210_5,Q210_5.How would you evaluate the government’s performance in Improving the standard of living for the poor,float64,1498,0,5,"{""1"": ""Very good"", ""2"": ""Good"", ""3"": ""Poor"", ""4"": ""Very poor"", ""6"": ""Do not know"", ""7"": ""Declined to answer"", ""9"": ""Missing""}",,,1.0,6.0
59,Q210_6,Q210_6.How would you evaluate the government’s performance in Providing solutions for unemployment,float64,1498,0,5,"{""1"": ""Very good"", ""2"": ""Good"", ""3"": ""Poor"", ""4"": ""Very poor"", ""6"": ""Do not know"", ""7"": ""Declined to answer"", ""9"": ""Missing""}",,,1.0,6.0
60,Q210_7,Q210_7.How would you evaluate the government’s performance in Improving road quality,float64,1498,0,5,"{""1"": ""Very good"", ""2"": ""Good"", ""3"": ""Poor"", ""4"": ""Very poor"", ""6"": ""Do not know"", ""7"": ""Declined to answer"", ""9"": ""Missing""}",,,1.0,6.0
61,Q210_8,Q210_8.How would you evaluate the government’s performance in Combatting crime,float64,1498,0,5,"{""1"": ""Very good"", ""2"": ""Good"", ""3"": ""Poor"", ""4"": ""Very poor"", ""6"": ""Do not know"", ""7"": ""Declined to answer"", ""9"": ""Missing""}",,,1.0,6.0
62,Q210_9,Q210_9.How would you evaluate the government’s performance in Ensuring fairness in the provision of services across all districts in your country,float64,1498,0,5,"{""1"": ""Very good"", ""2"": ""Good"", ""3"": ""Poor"", ""4"": ""Very poor"", ""6"": ""Do not know"", ""7"": ""Declined to answer"", ""9"": ""Missing""}",,,1.0,6.0
63,Q210_10,Q210_10.How would you evaluate the government’s performance in Ensuring that all areas are on the electrical grid,float64,1498,0,7,"{""0"": ""Not applicable (service not provided)"", ""1"": ""Very good"", ""2"": ""Good"", ""3"": ""Poor"", ""4"": ""Very poor"", ""6"": ""Do not know"", ""7"": ""Declined to answer"", ""9"": ""Missing""}",,,1.0,9.0
64,Q210_11,Q210_11.How would you evaluate the government’s performance in Providing solutions to price inflation,float64,1498,0,5,"{""1"": ""Very good"", ""2"": ""Good"", ""3"": ""Poor"", ""4"": ""Very poor"", ""6"": ""Do not know"", ""7"": ""Declined to answer"", ""9"": ""Missing""}",,,1.0,6.0
65,Q210_12,Q210_12.How would you evaluate the government’s performance in Facilitating the aspirations of the youth,float64,1498,0,5,"{""1"": ""Very good"", ""2"": ""Good"", ""3"": ""Poor"", ""4"": ""Very poor"", ""6"": ""Do not know"", ""7"": ""Declined to answer"", ""9"": ""Missing""}",,,1.0,6.0
66,Q210_13,Q210_13.How would you evaluate the government’s performance in Advancing the status of women,float64,1498,0,7,"{""1"": ""Very good"", ""2"": ""Good"", ""3"": ""Poor"", ""4"": ""Very poor"", ""6"": ""Do not know"", ""7"": ""Declined to answer"", ""9"": ""Missing""}",,,1.0,9.0
67,Q210_14,Q210_14.How would you evaluate the government’s performance in Ending sectarian politics,float64,0,1498,0,"{""1"": ""Very good"", ""2"": ""Good"", ""3"": ""Poor"", ""4"": ""Very poor"", ""6"": ""Do not know"", ""7"": ""Declined to answer"", ""9"": ""Missing""}",,,,
68,Q210_17,Q210_17.How would you evaluate the government’s performance in Bolstering citizenship and social integration,float64,0,1498,0,"{""1"": ""Very good"", ""2"": ""Good"", ""3"": ""Poor"", ""4"": ""Very poor"", ""6"": ""Do not know"", ""7"": ""Declined to answer"", ""9"": ""Missing""}",,,,
69,Q210_18,Q210_18.How would you evaluate the government’s performance in Caring for those with special needs,float64,1498,0,6,"{""1"": ""Very good"", ""2"": ""Good"", ""3"": ""Poor"", ""4"": ""Very poor"", ""6"": ""Do not know"", ""7"": ""Declined to answer"", ""9"": ""Missing""}",,,1.0,9.0
70,Q210_19,Q210_19.How would you evaluate the government’s performance in Encouraging foreign investment in Tunisia,float64,1498,0,6,"{""1"": ""Very good"", ""2"": ""Good"", ""3"": ""Poor"", ""4"": ""Very poor"", ""6"": ""Do not know"", ""7"": ""Declined to answer"", ""9"": ""Missing""}",,,1.0,9.0
71,Q210_20,Q210_20.How would you evaluate the government’s performance in Improving services at the personal affairs department,float64,0,1498,0,"{""1"": ""Very good"", ""2"": ""Good"", ""3"": ""Poor"", ""4"": ""Very poor"", ""6"": ""Do not know"", ""7"": ""Declined to answer"", ""9"": ""Missing""}",,,,
72,Q221_1,Q221_1.How widespread do you believe financial and administrative corruption is in the (public) sector?,float64,1458,40,5,"{""1"": ""Very widespread"", ""2"": ""Widespread, to some extent"", ""3"": ""Widespread to a limited extent"", ""4"": ""Not widespread at all"", ""6"": ""Do not know"", ""7"": ""Declined to answer"", ""9"": ""Missing""}",,,1.0,6.0
73,Q221_2,Q221_2.How widespread do you believe financial and administrative corruption is in the (Private ) sector?,float64,1458,40,5,"{""1"": ""Very widespread"", ""2"": ""Widespread, to some extent"", ""3"": ""Widespread to a limited extent"", ""4"": ""Not widespread at all"", ""6"": ""Do not know"", ""7"": ""Declined to answer"", ""9"": ""Missing""}",,,1.0,6.0
74,Q222_1,Q222_1.Please rank these according to their prevalence in the public sector,float64,133,1365,3,"{""6"": ""All are equally prevalent"", ""7"": ""None of these types are prevalent"", ""8"": ""This type is not prevalent"", ""96"": ""Do not know"", ""97"": ""Declined to answer"", ""99"": ""Missing""}",,,6.0,96.0
75,Q222_1_1,Q222_1_1.Please rank these according to their prevalence in the public sector Bribery,float64,1365,133,6,"{""1"": ""first rank"", ""2"": ""Second rank"", ""3"": ""Third rank"", ""4"": ""Fourth rank"", ""5"": ""Fifth rank"", ""8"": ""This type is not prevalent""}",,,1.0,8.0
76,Q222_1_2,Q222_1_2.Please rank these according to their prevalence in the public sector Embezzlement,float64,1365,133,5,"{""1"": ""first rank"", ""2"": ""Second rank"", ""3"": ""Third rank"", ""4"": ""Fourth rank"", ""5"": ""Fifth rank"", ""8"": ""This type is not prevalent""}",,,1.0,5.0
77,Q222_1_3,Q222_1_3.Please rank these according to their prevalence in the public sector Fraud,float64,1365,133,5,"{""1"": ""first rank"", ""2"": ""Second rank"", ""3"": ""Third rank"", ""4"": ""Fourth rank"", ""5"": ""Fifth rank"", ""8"": ""This type is not prevalent""}",,,1.0,5.0
78,Q222_1_4,Q222_1_4.Please rank these according to their prevalence in the public sector Blackmail,float64,1365,133,5,"{""1"": ""first rank"", ""2"": ""Second rank"", ""3"": ""Third rank"", ""4"": ""Fourth rank"", ""5"": ""Fifth rank"", ""8"": ""This type is not prevalent""}",,,1.0,5.0
79,Q222_1_5,Q222_1_5.Please rank these according to their prevalence in the public sector Favoritism and nepotism,float64,1365,133,6,"{""1"": ""first rank"", ""2"": ""Second rank"", ""3"": ""Third rank"", ""4"": ""Fourth rank"", ""5"": ""Fifth rank"", ""8"": ""This type is not prevalent""}",,,1.0,8.0
80,Q222_2,Q222_2.Please rank these according to their prevalence in the Private  sector,float64,156,1342,3,"{""6"": ""All are equally prevalent"", ""7"": ""None of these types are prevalent"", ""8"": ""This type is not prevalent"", ""96"": ""Do not know"", ""97"": ""Declined to answer"", ""99"": ""Missing""}",,,6.0,96.0
81,Q222_2_1,Q222_2_1.Please rank these according to their prevalence in the Private  sector Bribery,float64,1342,156,6,"{""1"": ""first rank"", ""2"": ""Second rank"", ""3"": ""Third rank"", ""4"": ""Fourth rank"", ""5"": ""Fifth rank"", ""8"": ""This type is not prevalent""}",,,1.0,8.0
82,Q222_2_2,Q222_2_2.Please rank these according to their prevalence in the Private  sector Embezzlement,float64,1342,156,6,"{""1"": ""first rank"", ""2"": ""Second rank"", ""3"": ""Third rank"", ""4"": ""Fourth rank"", ""5"": ""Fifth rank"", ""8"": ""This type is not prevalent""}",,,1.0,8.0
83,Q222_2_3,Q222_2_3.Please rank these according to their prevalence in the Private  sector Fraud,float64,1342,156,6,"{""1"": ""first rank"", ""2"": ""Second rank"", ""3"": ""Third rank"", ""4"": ""Fourth rank"", ""5"": ""Fifth rank"", ""8"": ""This type is not prevalent""}",,,1.0,8.0
84,Q222_2_4,Q222_2_4.Please rank these according to their prevalence in the Private  sector Blackmail,float64,1342,156,6,"{""1"": ""first rank"", ""2"": ""Second rank"", ""3"": ""Third rank"", ""4"": ""Fourth rank"", ""5"": ""Fifth rank"", ""8"": ""This type is not prevalent""}",,,1.0,8.0
85,Q222_2_5,Q222_2_5.Please rank these according to their prevalence in the Private  sector Favoritism and nepotism,float64,1342,156,6,"{""1"": ""first rank"", ""2"": ""Second rank"", ""3"": ""Third rank"", ""4"": ""Fourth rank"", ""5"": ""Fifth rank"", ""8"": ""This type is not prevalent""}",,,1.0,8.0
86,Q223_1,Q223_1.Which of the following groups contributes most to the spread of corruption in your country? The first answer,float64,1498,0,8,"{""1"": ""Politicians"", ""2"": ""Businessmen"", ""3"": ""Junior employees"", ""4"": ""Senior employees"", ""5"": ""All of the above"", ""6"": ""Community and Trade Leaders"", ""7"": ""Citizens"", ""9992"": ""Others"", ""9996"": ""Do not know"", ""9997"": ""Declined to answer"", ""9999"": ""Missing""}",,,1.0,9997.0
87,Q223_2,Q223_2.Which of the following groups contributes most to the spread of corruption in your country? The second answer,float64,1397,101,6,"{""1"": ""Politicians"", ""2"": ""Businessmen"", ""3"": ""Junior employees"", ""4"": ""Senior employees"", ""5"": ""All of the above"", ""6"": ""Community and Trade Leaders"", ""7"": ""Citizens"", ""9992"": ""Others"", ""9996"": ""Do not know"", ""9997"": ""Declined to answer"", ""9999"": ""Missing""}",,,1.0,9998.0
88,Q224_1,Q224_1.Which of the following is the most important factor for the government of your country when: When making senior-level appointments in the civil service,float64,1498,0,7,"{""1"": ""Competence"", ""2"": ""Nepotism/personal connections"", ""3"": ""Loyalty to the government"", ""4"": ""Clan/tribal/family affiliation"", ""5"": ""Denominational/ sectarian affiliation"", ""7"": ""Political Affiliation"", ""8"": ""Party Affiliation"", ""9"": ""Bribery"", ""9992"": ""Other"", ""9996"": ""Do not know"", ""9997"": ""Declined to answer"", ""9999"": ""Missing""}",,,1.0,9996.0
89,Q224_2,Q224_2.Which of the following is the most important factor for the government of your country when: When recruiting for public sector roles in general,float64,1498,0,5,"{""1"": ""Competence"", ""2"": ""Nepotism/personal connections"", ""3"": ""Loyalty to the government"", ""4"": ""Clan/tribal/family affiliation"", ""5"": ""Denominational/ sectarian affiliation"", ""7"": ""Political Affiliation"", ""8"": ""Party Affiliation"", ""9"": ""Bribery"", ""9992"": ""Others"", ""9996"": ""Do not know"", ""9997"": ""Declined to answer"", ""9998"": ""No Other answer"", ""9999"": ""Missing""}",,,1.0,9998.0
90,Q225,"Q225.Over the past 12 months, were you or one of your relatives or acquaintances asked to provide something in return for the easing or completion of a transaction in a public sector institution?",float64,1498,0,4,"{""1"": ""Yes"", ""2"": ""No"", ""6"": ""Do not know"", ""7"": ""Declined to answer"", ""9"": ""Missing""}",,,1.0,7.0
91,Q226,Q226.What was requested in return?,float64,331,1167,5,"{""1"": ""Tip"", ""2"": ""A gift (in-kind offering)"", ""3"": ""A specific amount of money"", ""4"": ""A special favor in return"", ""5"": ""Qat"", ""9996"": ""Do not know"", ""9997"": ""Declined to answer"", ""9999"": ""Missing""}",,,1.0,9997.0
92,Q227,Q227.It was offered in return for:,float64,331,1167,7,"{""1"": ""Expediting the time taken for a bureaucratic transaction"", ""2"": ""Easing bureaucratic procedures"", ""3"": ""Absolution of a fine/penalty"", ""4"": ""Reduction of the fees required for a particular transaction"", ""5"": ""Side-stepping relevant rules which prevented the transaction from being completed"", ""9992"": ""Other"", ""9996"": ""Do not know"", ""9997"": ""Declined to answer"", ""9999"": ""Missing""}",,,1.0,9997.0
93,Q228_1,Q228_1.To what extent do you think that the State Audit Bureau has an effective role in the combating of corruption in the public sector?,float64,1498,0,6,"{""1"": ""A highly effective role"", ""2"": ""Its role is effective to some extent"", ""3"": ""Its role is ineffective, to some extent"", ""4"": ""It has absolutely no role"", ""6"": ""Do not know"", ""7"": ""Declined to answer"", ""9"": ""Missing""}",,,1.0,7.0
94,Q228_2,Q228_2.To what extent do you think that the Anti-Corruption Commission has an effective role in the combating of corruption in the public sector?,float64,1498,0,6,"{""1"": ""A highly effective role"", ""2"": ""Its role is effective to some extent"", ""3"": ""Its role is ineffective, to some extent"", ""4"": ""It has absolutely no role"", ""6"": ""Do not know"", ""7"": ""Declined to answer"", ""9"": ""Missing""}",,,1.0,7.0
95,Q228_3,Q228_3.To what extent do you think that the Elected representative legislature has an effective role in the combating of corruption in the public sector?,float64,1498,0,6,"{""1"": ""A highly effective role"", ""2"": ""Its role is effective to some extent"", ""3"": ""Its role is ineffective, to some extent"", ""4"": ""It has absolutely no role"", ""6"": ""Do not know"", ""7"": ""Declined to answer"", ""9"": ""Missing""}",,,1.0,7.0
96,Q228_4,Q228_4.To what extent do you think that the The media has an effective role in the combating of corruption in the public sector?,float64,1498,0,5,"{""1"": ""A highly effective role"", ""2"": ""Its role is effective to some extent"", ""3"": ""Its role is ineffective, to some extent"", ""4"": ""It has absolutely no role"", ""6"": ""Do not know"", ""7"": ""Declined to answer"", ""9"": ""Missing""}",,,1.0,6.0
97,Q228_5,Q228_5.To what extent do you think that the The judiciary has an effective role in the combating of corruption in the public sector?,float64,1498,0,6,"{""1"": ""A highly effective role"", ""2"": ""Its role is effective to some extent"", ""3"": ""Its role is ineffective, to some extent"", ""4"": ""It has absolutely no role"", ""6"": ""Do not know"", ""7"": ""Declined to answer"", ""9"": ""Missing""}",,,1.0,7.0
98,Q228_6,Q228_6.To what extent do you think that the Civil society organizations has an effective role in the combating of corruption in the public sector?,float64,1498,0,5,"{""1"": ""A highly effective role"", ""2"": ""Its role is effective to some extent"", ""3"": ""Its role is ineffective, to some extent"", ""4"": ""It has absolutely no role"", ""6"": ""Do not know"", ""7"": ""Declined to answer"", ""9"": ""Missing""}",,,1.0,6.0
99,Q302,Q302.To what extent are you interested in the political affairs of your home country?,float64,1498,0,5,"{""1"": ""Very interested"", ""2"": ""Interested"", ""3"": ""Interested to a limited extent"", ""4"": ""Completely uninterested"", ""6"": ""Do not know"", ""7"": ""Declined to answer"", ""9"": ""Missing""}",,,1.0,7.0
100,QPal302,QPal302. Do you agree or disagree that the Legislative Council elected in 2006 should resume its duties and functions?,float64,0,1498,0,"{""1"": ""Strongly agree"", ""2"": ""Agree"", ""3"": ""Disagree"", ""4"": ""Strongly disagree"", ""6"": ""Do not know"", ""7"": ""Declined to answer"", ""9"": ""Missing""}",,,,
101,QPal303,"QPal303.Several years have passed since President Mahmoud Abbas’ term and the term of the Legislative Council elected in 2006 expired. In your opinion,",float64,0,1498,0,"{""1"": ""Presidential elections should be held first"", ""2"": ""Legislative elections should be held first"", ""3"": ""Both should be held together"", ""4"": ""No elections should be held"", ""6"": ""Do not know"", ""7"": ""Declined to answer"", ""9"": ""Missing""}",,,,
102,QPal304_1,QPal304_1.Do you support the Presidential Elections procedure within three months / within six months / within a year?,float64,0,1498,0,"{""1"": ""Within 3 months"", ""2"": ""Within six months"", ""3"": ""Within a year"", ""6"": ""Do not know"", ""7"": ""Declined to answer"", ""9"": ""Missing""}",,,,
103,QPal304_2,QPal304_2.Do you support the Legislative Elections procedure within three months / within six months / within a year?,float64,0,1498,0,"{""1"": ""Within 3 months"", ""2"": ""Within six months"", ""3"": ""Within a year"", ""6"": ""Do not know"", ""7"": ""Declined to answer"", ""9"": ""Missing""}",,,,
104,Q303_1,Q303_1.Do you agree or disagree with  The legislature holds the government (executive) responsible for its policies and actions,float64,1498,0,6,"{""1"": ""Strongly agree"", ""2"": ""Agree"", ""3"": ""Disagree"", ""4"": ""Strongly Disagree"", ""6"": ""Do not know"", ""7"": ""Declined to answer"", ""9"": ""Missing""}",,,1.0,7.0
105,Q303_2,Q303_2.Do you agree or disagree with  The legislature exercises oversight over public expenditure,float64,1498,0,6,"{""1"": ""Strongly agree"", ""2"": ""Agree"", ""3"": ""Disagree"", ""4"": ""Strongly Disagree"", ""6"": ""Do not know"", ""7"": ""Declined to answer"", ""9"": ""Missing""}",,,1.0,7.0
106,Q303_3,Q303_3.Do you agree or disagree with  The legislature carries out its duties in a way which preserves the interests of all societal sectors,float64,1498,0,6,"{""1"": ""Strongly agree"", ""2"": ""Agree"", ""3"": ""Disagree"", ""4"": ""Strongly Disagree"", ""6"": ""Do not know"", ""7"": ""Declined to answer"", ""9"": ""Missing""}",,,1.0,7.0
107,Q303_4,Q303_4.Do you agree or disagree with  The legislature carries out its legislative duties in a manner which preserves citizens’ liberties,float64,1498,0,6,"{""1"": ""Strongly agree"", ""2"": ""Agree"", ""3"": ""Disagree"", ""4"": ""Strongly Disagree"", ""6"": ""Do not know"", ""7"": ""Declined to answer"", ""9"": ""Missing""}",,,1.0,7.0
108,Q303_5,Q303_5.Do you agree or disagree with  The Constituent Assembly drafts legislation which contributes to the bolstering of the democratic transition in Tunisia,float64,1498,0,6,"{""1"": ""Strongly agree"", ""2"": ""Agree"", ""3"": ""Disagree"", ""4"": ""Strongly Disagree"", ""6"": ""Do not know"", ""7"": ""Declined to answer"", ""9"": ""Missing""}",,,1.0,7.0
109,Q303_6,Q303_6.Do you agree or disagree with  The Council expresses the problems of citizens,float64,0,1498,0,"{""1"": ""Strongly agree"", ""2"": ""Agree"", ""3"": ""Disagree"", ""4"": ""Strongly Disagree"", ""6"": ""Do not know"", ""7"": ""Declined to answer"", ""9"": ""Missing""}",,,,
110,Q303_7,Q303_7.Do you agree or disagree with  The Council serves the public interest,float64,0,1498,0,"{""1"": ""Strongly agree"", ""2"": ""Agree"", ""3"": ""Disagree"", ""4"": ""Strongly Disagree"", ""6"": ""Do not know"", ""7"": ""Declined to answer"", ""9"": ""Missing""}",,,,
111,QEy303,"QEy303.The last People's Assembly lasted about 5 months before its dissolution. In your opinion, was the performance of this Council .....?",float64,0,1498,0,"{""1"": ""Very good"", ""2"": ""Good"", ""3"": ""Bad"", ""4"": ""Very bad"", ""6"": ""Do not know"", ""7"": ""Declined to answer"", ""9"": ""Missing""}",,,,
112,Q304,"Q304.In  your opinion, to what extent does the elected legislature in its present form represent all sectors of society?",float64,1498,0,6,"{""1"": ""To a large extent"", ""2"": ""To a medium extent"", ""3"": ""To a limited extent"", ""4"": ""It does not at all represent societal sectors"", ""6"": ""Do not know"", ""7"": ""Declined to answer"", ""9"": ""Missing""}",,,1.0,7.0
113,QTu304,QTu304.Do you think that the delay of the National Constituent Assembly in drafting the Constitution was,float64,0,1498,0,"{""1"": ""Justified"", ""2"": ""Justified to some extent"", ""3"": ""Unjustified to some extent"", ""4"": ""Not at all justified"", ""6"": ""Do not know"", ""7"": ""Declined to answer"", ""9"": ""Missing""}",,,,
114,Q305,"Q305.Did you vote in the last legislative/parliamentary elections, which took place on..?",float64,1498,0,3,"{""1"": ""Yes"", ""2"": ""No"", ""6"": ""Do not know"", ""7"": ""Declined to answer"", ""9"": ""Missing""}",,,1.0,7.0
115,Q309,"Q309.Generally speaking, how would you evaluate the integrity of the last legislative/parliamentary elections, held on?",float64,0,1498,0,"{""1"": ""They were completely free and fair"", ""2"": ""They were generally free and fair to some extent, but suffered from infractions"", ""3"": ""They were not free and fair"", ""6"": ""Do not know"", ""7"": ""Declined to answer"", ""9"": ""Missing""}",,,,
116,Q312,Q312.Do you intend to vote in the coming parliamentary elections?,float64,1498,0,5,"{""1"": ""Yes"", ""2"": ""No"", ""6"": ""Do not know"", ""7"": ""Declined to answer"", ""9"": ""Missing""}",,,1.0,9.0
117,QMUR312,QMUR312.Do you intend to vote in the upcoming presidential elections?,float64,0,1498,0,"{""1"": ""Yes"", ""2"": ""No"", ""6"": ""Do not know"", ""7"": ""Declined to answer"", ""9"": ""Missing""}",,,,
118,Q320,"Q320.If parliamentary elections were held tomorrow, and you had decided to vote, would you vote for:",float64,1498,0,4,"{""1"": ""Candidate/list of a particular political movement/party"", ""2"": ""Independent candidate/list of unaffiliated candidates"", ""6"": ""Do not know"", ""7"": ""Declined to answer"", ""9"": ""Missing""}",,,1.0,7.0
119,QAlg320,QAlg320.Presidential elections are being held this April - do you intend to vote?,float64,0,1498,0,"{""1"": ""Yes"", ""2"": ""No"", ""6"": ""Do not know"", ""7"": ""Declined to answer"", ""9"": ""Missing""}",,,,
120,QAlg321,"QAlg321.If presidential elections were held tomorrow, and you participated, what would be the most important factor in choosing a candidate to vote for?",float64,0,1498,0,"{""1"": ""Political manifesto"", ""2"": ""Integrity"", ""3"": ""Intellectual level"", ""4"": ""I would not vote"", ""5"": ""There are no fair elections"", ""6"": ""Job provision"", ""7"": ""Efficiency and youth"", ""8"": ""Family relation or acquaintance"", ""9"": ""Getting rid of administrative corruption"", ""10"": ""Improving living conditions"", ""11"": ""Securing control at all levels"", ""12"": ""Solving the housing crisis"", ""13"": ""Protecting the reputation of Algeria"", ""14"": ""Solving problems with road quality"", ""15"": ""Fair division of the country’s wealth"", ""96"": ""Do not know"", ""97"": ""Declined to answer"", ""99"": ""Missing""}",,,,
121,QAPAL320,"QAPAL320.If presidential elections were held tomorrow and you decided to participate, would you vote for?",float64,0,1498,0,"{""1"": ""The Fatah candidate"", ""2"": ""The Hamas candidate"", ""3"": ""Islamic Jihad"", ""4"": ""Independent candidate"", ""5"": ""The Popular Front for the Liberation of Palestine"", ""9992"": ""A candidate from another party"", ""9996"": ""Do not know"", ""9997"": ""Declined to answer"", ""9999"": ""Missing""}",,,,
122,Q322,"Q322.Are you a member of a particular political group, bloc, coalition or party?",float64,1498,0,3,"{""1"": ""Yes"", ""2"": ""No"", ""7"": ""Declined to answer"", ""9"": ""Missing""}",,,1.0,7.0
123,Q324,"Q324.Do you intend to join a political group, bloc, coalition or party in the future?",float64,1452,46,4,"{""1"": ""Yes"", ""2"": ""No"", ""6"": ""Do not know"", ""7"": ""Declined to answer"", ""9"": ""Missing""}",,,1.0,7.0
124,V325,V325.Are you a member or do you intend to become a member of a political political coalition or party that expresses your thoughts or attitudes?,float64,1498,0,4,"{""1"": ""Member"", ""2"": ""Non-member, intend to join soon"", ""3"": ""Non-member whose views are represented by an existing group"", ""4"": ""Non-member whose views are not represented by an existing group"", ""9997"": ""Declined to answer"", ""9999"": ""Missing""}",,,1.0,9997.0
125,Q328_1,Q328_1.Are you a member of Charitable Organization/ Civil society organizations,float64,1498,0,2,"{""1"": ""Yes"", ""2"": ""No"", ""6"": ""Do not know"", ""7"": ""Declined to answer"", ""9"": ""Missing""}",,,1.0,2.0
126,Q328_2,Q328_2.Are you a member of Labor/Agrarian Union,float64,1498,0,2,"{""1"": ""Yes"", ""2"": ""No"", ""6"": ""Do not know"", ""7"": ""Declined to answer"", ""9"": ""Missing""}",,,1.0,2.0
127,Q328_3,Q328_3.Are you a member of Professional Association,float64,1498,0,2,"{""1"": ""Yes"", ""2"": ""No"", ""6"": ""Do not know"", ""7"": ""Declined to answer"", ""9"": ""Missing""}",,,1.0,2.0
128,Q328_4,Q328_4.Are you a member of Cultural Club/Association,float64,1498,0,2,"{""1"": ""Yes"", ""2"": ""No"", ""6"": ""Do not know"", ""7"": ""Declined to answer"", ""9"": ""Missing""}",,,1.0,2.0
129,Q328_5,Q328_5.Are you a member of Tribal/extended-family Association,float64,0,1498,0,"{""1"": ""Yes"", ""2"": ""No"", ""6"": ""Do not know"", ""7"": ""Declined to answer"", ""9"": ""Missing""}",,,,
130,Q328_6,Q328_6.Are you a member of Religious Association,float64,1498,0,2,"{""1"": ""Yes"", ""2"": ""No"", ""6"": ""Do not know"", ""7"": ""Declined to answer"", ""9"": ""Missing""}",,,1.0,2.0
131,Q328_7,Q328_7.Are you a member of Student’s Union/ Council/ Society,float64,1498,0,3,"{""1"": ""Yes"", ""2"": ""No"", ""3"": ""Not a student"", ""7"": ""Declined to answer"", ""9"": ""Missing""}",,,1.0,3.0
132,Q329_1,Q329_1.How often did you take part in this  Charitable Organization/ Civil society organizations activities during the past 12 months?,float64,58,1440,5,"{""1"": ""I continuously took"", ""2"": ""I occasionally too"", ""3"": ""I rarely took part"", ""4"": ""I did not take part at all"", ""7"": ""Declined to answer"", ""9"": ""Missing""}",,,1.0,7.0
133,Q329_2,Q329_2.How often did you take part in this  Labor/Agrarian Union activities during the past 12 months?,float64,32,1466,5,"{""1"": ""I continuously took"", ""2"": ""I occasionally too"", ""3"": ""I rarely took part"", ""4"": ""I did not take part at all"", ""7"": ""Declined to answer"", ""9"": ""Missing""}",,,1.0,7.0
134,Q329_3,Q329_3.How often did you take part in this  Professional Association activities during the past 12 months?,float64,66,1432,5,"{""1"": ""I continuously took"", ""2"": ""I occasionally too"", ""3"": ""I rarely took part"", ""4"": ""I did not take part at all"", ""7"": ""Declined to answer"", ""9"": ""Missing""}",,,1.0,7.0
135,Q329_4,Q329_4.How often did you take part in this  Cultural Club/Association activities during the past 12 months?,float64,37,1461,5,"{""1"": ""I continuously took"", ""2"": ""I occasionally too"", ""3"": ""I rarely took part"", ""4"": ""I did not take part at all"", ""7"": ""Declined to answer"", ""9"": ""Missing""}",,,1.0,7.0
136,Q329_5,Q329_5.How often did you take part in this  Tribal/extended-family Association activities during the past 12 months?,float64,0,1498,0,"{""1"": ""I continuously took"", ""2"": ""I occasionally too"", ""3"": ""I rarely took part"", ""4"": ""I did not take part at all"", ""7"": ""Declined to answer"", ""9"": ""Missing""}",,,,
137,Q329_6,Q329_6.How often did you take part in this  Religious Association activities during the past 12 months?,float64,18,1480,4,"{""1"": ""I continuously took"", ""2"": ""I occasionally too"", ""3"": ""I rarely took part"", ""4"": ""I did not take part at all"", ""7"": ""Declined to answer"", ""9"": ""Missing""}",,,1.0,7.0
138,Q329_7,Q329_7.How often did you take part in this  Student’s Union/ Council/ Society activities during the past 12 months?,float64,6,1492,3,"{""1"": ""I continuously took"", ""2"": ""I occasionally too"", ""3"": ""I rarely took part"", ""4"": ""I did not take part at all"", ""7"": ""Declined to answer"", ""9"": ""Missing""}",,,1.0,4.0
139,QSyr333,"QSyr333.Are you a member of a human rights, civil, relief or union based association that arose after 2011 (after the beginning of the revolution / crisis in Syria)?",float64,0,1498,0,"{""1"": ""Yes"", ""2"": ""No"", ""6"": ""Do not know"", ""7"": ""Declined to answer"", ""9"": ""Missing""}",,,,
140,Q334,"Q334.In your opinion, are people able to criticize the government without fear?",float64,1498,0,5,"{""1"": ""Yes"", ""2"": ""No"", ""6"": ""Do not know"", ""7"": ""Declined to answer"", ""9"": ""Missing""}",,,1.0,9.0
141,Q335_1,"Q335_1.Over the last 12 months, did you take part in Signing a petition/letter of protest",float64,1498,0,4,"{""1"": ""Once"", ""2"": ""Multiple times"", ""3"": ""Never took part"", ""6"": ""Do not know"", ""7"": ""Declined to answer"", ""9"": ""Missing""}",,,1.0,6.0
142,Q335_2,"Q335_2.Over the last 12 months, did you take part in Taking part in a peaceful public protest/ march/ sit-in",float64,1498,0,4,"{""1"": ""Once"", ""2"": ""Multiple times"", ""3"": ""Never took part"", ""6"": ""Do not know"", ""7"": ""Declined to answer"", ""9"": ""Missing""}",,,1.0,6.0
143,Q335_3,"Q335_3.Over the last 12 months, did you take part in Joining an activist group working towards pressuring/building support for a specific cause (a public or societal cause)",float64,1498,0,4,"{""1"": ""Once"", ""2"": ""Multiple times"", ""3"": ""Never took part"", ""6"": ""Do not know"", ""7"": ""Declined to answer"", ""9"": ""Missing""}",,,1.0,6.0
144,Q335_4,"Q335_4.Over the last 12 months, did you take part in Attending a Diwaniya where political and public affairs are discussed",float64,0,1498,0,"{""1"": ""Once"", ""2"": ""Multiple times"", ""3"": ""Never took part"", ""6"": ""Do not know"", ""7"": ""Declined to answer"", ""9"": ""Missing""}",,,,
145,Q336,Q336.Which news medium do you rely on the most to receive up-to-date news on general political affairs?,float64,1498,0,8,"{""1"": ""Satellite TV stations"", ""2"": ""Radio"", ""3"": ""Daily newspapers (whether in electronic or print form)"", ""4"": ""Magazines: Periodicals with weekly or monthly publication"", ""5"": ""The internet"", ""6"": ""What I hear from friends, acquaintances, and neighbours"", ""9996"": ""Do not know"", ""9997"": ""Declined to answer"", ""9998"": ""I don't follow the news"", ""9999"": ""Missing""}",,,1.0,9998.0
146,Q338,Q338.The second most important medium,float64,1479,19,7,"{""1"": ""Satellite TV stations"", ""2"": ""Radio"", ""3"": ""Daily newspapers (whether in electronic or print form)"", ""4"": ""Magazines: Periodicals with weekly or monthly publication"", ""5"": ""The internet"", ""6"": ""What I hear from friends, acquaintances, and neighbours"", ""9996"": ""Do not know"", ""9997"": ""Declined to answer"", ""9998"": ""There is no other source"", ""9999"": ""Missing""}",,,1.0,9998.0
147,Q340,Q340.How often do you use the internet?,float64,1498,0,6,"{""1"": ""Daily or semi-daily"", ""2"": ""Several times a week"", ""3"": ""Several times a month"", ""4"": ""Rarely (Infrequently)"", ""5"": ""I do not use the internet"", ""6"": ""Do not know"", ""7"": ""Declined to answer"", ""9"": ""Missing""}",,,1.0,7.0
148,Q348_1,Q348_1.Do you have an account on  Facebook,float64,597,901,2,"{""1"": ""Yes"", ""2"": ""No"", ""7"": ""Declined to answer"", ""9"": ""Missing""}",,,1.0,2.0
149,Q348_2,Q348_2.Do you have an account on  Twitter,float64,597,901,2,"{""1"": ""Yes"", ""2"": ""No"", ""7"": ""Declined to answer"", ""9"": ""Missing""}",,,1.0,2.0
150,Q348NUM_1,Q348NUM_1.How many accounts do you have? Facebook,float64,486,1012,8,"{""97"": ""Declined to answer"", ""99"": ""Missing""}",,,1.0,11.0
151,Q348NUM_2,Q348NUM_2.How many accounts do you have? Twitter,float64,84,1414,3,"{""97"": ""Declined to answer"", ""99"": ""Missing""}",,,1.0,17.0
152,QA350_1,QA350_1.Do you use …facebook as a means of engaging with political affairs? to express poltical opinions or engage in political causes?,float64,486,1012,3,"{""1"": ""Yes, always"", ""2"": ""Yes, sometimes"", ""3"": ""No"", ""6"": ""Do not know"", ""7"": ""Declined to answer"", ""9"": ""Missing""}",,,1.0,3.0
153,QA350_2,QA350_2.Do you use …Twitter as a means of expressing your political opinions or engaging with political affairs? to express poltical opinions or engage in political causes?,float64,84,1414,3,"{""1"": ""Yes, always"", ""2"": ""Yes, sometimes"", ""3"": ""No"", ""6"": ""Do not know"", ""7"": ""Declined to answer"", ""9"": ""Missing""}",,,1.0,3.0
154,Q351,Q351.To what extent do you agree or disagree with the following statement: “The preservation of security justifies the violation of human rights in your home country”?,float64,1498,0,5,"{""1"": ""Strongly agree"", ""2"": ""Agree"", ""3"": ""Disagree"", ""4"": ""Strongly disagree"", ""6"": ""Do not know"", ""7"": ""Declined to answer"", ""9"": ""Missing""}",,,1.0,6.0
155,Q401,"Q401.With the exception of your home country, which country do you view to be the world's most democratic?",float64,1498,0,41,"{""1"": ""Jordan"", ""2"": ""Saudi Arabia"", ""3"": ""Syria"", ""4"": ""Egypt"", ""5"": ""United Arab Emirates"", ""6"": ""Lebanon"", ""7"": ""Algeria"", ""8"": ""Palestine"", ""9"": ""Tunisia"", ""10"": ""Libya"", ""11"": ""Sudan"", ""12"": ""Morocco"", ""13"": ""Yemen"", ""14"": ""Kuwait"", ""15"": ""Oman"", ""16"": ""Iraq"", ""17"": ""Somalia"", ""18"": ""Bahrain"", ""19"": ""Djibouti"", ""20"": ""Qatar"", ""21"": ""Mauritania"", ""22"": ""France"", ""23"": ""Switzerland"", ""24"": ""Britain"", ""25"": ""Germany"", ""26"": ""Italy"", ""27"": ""Sweden"", ""28"": ""Russia"", ""29"": ""Denmark"", ""30"": ""Belgium"", ""31"": ""Norway"", ""32"": ""Spain"", ""33"": ""Holland"", ""34"": ""Greece"", ""35"": ""Portugal"", ""36"": ""Iceland"", ""37"": ""Bulgaria"", ""38"": ""Hungary"", ""39"": ""Armenia"", ""40"": ""Poland"", ""41"": ""Austria"", ""42"": ""Romania"", ""43"": ""Ukraine"", ""44"": ""Yugoslavia"", ""45"": ""Scotland"", ""46"": ""Czechoslovakia"", ""47"": ""Ireland"", ""48"": ""Finland"", ""49"": ""Monaco"", ""50"": ""Vatican"", ""51"": ""Serbia"", ""52"": ""Eritrea"", ""53"": ""Senegal"", ""54"": ""Gabon"", ""55"": ""Congo"", ""56"": ""Ethiopia"", ""57"": ""Angola"", ""58"": ""Chad"", ""59"": ""South Sudan"", ""60"": ""South Africa"", ""61"": ""Ghana"", ""62"": ""Cote d'Ivoire"", ""63"": ""Mali"", ""64"": ""Mozambique"", ""65"": ""Nigeria"", ""66"": ""China"", ""67"": ""India"", ""68"": ""Iran"", ""69"": ""Australia"", ""70"": ""Afghanistan"", ""71"": ""Indonesia"", ""72"": ""Pakistan"", ""73"": ""Brunei"", ""74"": ""Turkey"", ""75"": ""Thailand"", ""76"": ""Sri Lanka"", ""77"": ""Philippines"", ""78"": ""Kazakhstan"", ""79"": ""South Korea"", ""80"": ""North Korea"", ""81"": ""Malaysia"", ""82"": ""New Zealand"", ""83"": ""Vietnam"", ""84"": ""Argentina"", ""85"": ""Uruguay"", ""86"": ""The Dominicans"", ""87"": ""Caribbean islands"", ""88"": ""Venezuela"", ""89"": ""Cuba"", ""90"": ""Colombia"", ""91"": ""America"", ""92"": ""Canada"", ""93"": ""Israel"", ""94"": ""Africa"", ""95"": ""Brazil"", ""96"": ""The rulers themselves"", ""97"": ""Europe"", ""98"": ""All Arab countries"", ""99"": ""Asian countries"", ""100"": ""Gulf States"", ""101"": ""Singapore"", ""102"": ""Comoros Islands"", ""103"": ""Japan"", ""104"": ""Finland"", ""105"": ""Croatia"", ""106"": ""Venezuela"", ""107"": ""Azerbaijan"", ""108"": ""The Dominican"", ""109"": ""Cyprus"", ""111"": ""Thailand"", ""112"": ""Guinea Bissau"", ""113"": ""Angola"", ""114"": ""Burkina Faso"", ""115"": ""Maldives"", ""116"": ""Georgia"", ""9992"": ""Other countries"", ""9996"": ""I do not know"", ""9997"": ""Decline to answer"", ""9998"": ""There is no democratic country"", ""9999"": ""Missing""}",,,2.0,9998.0
156,Q402,Q402.where would you put your home country on this scale?,float64,1498,0,12,"{""1"": ""not democratic at all"", ""10"": ""completely democratic"", ""96"": ""Do not know"", ""97"": ""Declined to answer"", ""99"": ""Missing""}",,,1.0,97.0
157,Q404,"Q404.In your personal opinion, which single factor is most important for a country to possess in order for it to be democratic?",float64,1498,0,9,"{""1"": ""Equality, justice for all citizens"", ""2"": ""Preservation of civil/public liberties"", ""3"": ""Democratic system of government"", ""5"": ""Improved economic situation"", ""6"": ""Safety, security and stability"", ""7"": ""Positive attitudes towards democracy"", ""8"": ""Implementation of religious edicts"", ""9"": ""The elimination of sectarianism, political sectarianism, racisism, and regional discrimination"", ""9992"": ""Other"", ""9996"": ""Do not know"", ""9997"": ""Declined to answer"", ""9999"": ""Missing""}",,,1.0,9996.0
158,Q405_1,"Q405_1.Please express your level of agreement or disagreement with each of these. In a democratic system, the economy is performing poorly",float64,1498,0,5,"{""1"": ""Strongly agree"", ""2"": ""Agree"", ""3"": ""Disagree"", ""4"": ""Strongly Disagree"", ""6"": ""Do not know"", ""7"": ""Declined to answer"", ""9"": ""Missing""}",,,1.0,6.0
159,Q405_2,Q405_2.Please express your level of agreement or disagreement with each of these. Democracies are characterized by indecisiveness and discord,float64,1498,0,5,"{""1"": ""Strongly agree"", ""2"": ""Agree"", ""3"": ""Disagree"", ""4"": ""Strongly Disagree"", ""6"": ""Do not know"", ""7"": ""Declined to answer"", ""9"": ""Missing""}",,,1.0,6.0
160,Q405_3,Q405_3.Please express your level of agreement or disagreement with each of these. Democracies are not effective in maintaining public order,float64,1498,0,5,"{""1"": ""Strongly agree"", ""2"": ""Agree"", ""3"": ""Disagree"", ""4"": ""Strongly Disagree"", ""6"": ""Do not know"", ""7"": ""Declined to answer"", ""9"": ""Missing""}",,,1.0,6.0
161,Q405_4,Q405_4.Please express your level of agreement or disagreement with each of these. Democratic systems and Islam are incompatible,float64,1498,0,6,"{""1"": ""Strongly agree"", ""2"": ""Agree"", ""3"": ""Disagree"", ""4"": ""Strongly Disagree"", ""6"": ""Do not know"", ""7"": ""Declined to answer"", ""9"": ""Missing""}",,,1.0,7.0
162,Q405_5,Q405_5.Please express your level of agreement or disagreement with each of these. Our society is unprepared for democracy,float64,1498,0,6,"{""1"": ""Strongly agree"", ""2"": ""Agree"", ""3"": ""Disagree"", ""4"": ""Strongly Disagree"", ""6"": ""Do not know"", ""7"": ""Declined to answer"", ""9"": ""Missing""}",,,1.0,7.0
163,Q405_6,Q405_6.Please express your level of agreement or disagreement with each of these. Democracy has its own problems but remains better than other systems,float64,1498,0,6,"{""1"": ""Strongly agree"", ""2"": ""Agree"", ""3"": ""Disagree"", ""4"": ""Strongly Disagree"", ""6"": ""Do not know"", ""7"": ""Declined to answer"", ""9"": ""Missing""}",,,1.0,7.0
164,Q407_1,Q407_1.An ideal system of government would ensure/safeguard as its highest priority,float64,1498,0,8,"{""1"": ""Provision of basic necessities for the people"", ""2"": ""Maintaining the country’s sovereignty"", ""3"": ""Social justice"", ""4"": ""Checks and Balances"", ""5"": ""Public freedoms/liberties"", ""6"": ""Application of the religious laws"", ""7"": ""Application of the rule of law"", ""96"": ""Do not know"", ""97"": ""Declined to answer"", ""98"": ""áÇ íæÌÏ ÚÇãá ËÇäò"", ""99"": ""Missing""}",,,1.0,96.0
165,Q407_2,Q407_2.As its second-highest priority,float64,1490,8,8,"{""1"": ""Provision of basic necessities for the people"", ""2"": ""Maintaining the country’s sovereignty"", ""3"": ""Social justice"", ""4"": ""Checks and Balances"", ""5"": ""Public freedoms/liberties"", ""6"": ""Application of the religious laws"", ""7"": ""Application of the rule of law"", ""96"": ""Do not know"", ""97"": ""Declined to answer"", ""98"": ""No other answer"", ""99"": ""Missing""}",,,1.0,98.0
166,Q408_1,"Q408_1.I would like to know how appropriate each of these would be for your country, in your opinion: A political system in which governments are formed based on the outcomes of elections in which all political parties are free to join.",float64,1498,0,6,"{""1"": ""Very appropriate"", ""2"": ""Appropriate to some extent"", ""3"": ""Inappropriate to some extent"", ""4"": ""Completely inappropriate"", ""6"": ""Do not know"", ""7"": ""Declined to answer"", ""9"": ""Missing""}",,,1.0,7.0
167,Q408_2,"Q408_2.I would like to know how appropriate each of these would be for your country, in your opinion: A political system in which electoral competition is restricted to Islamist political parties.",float64,1498,0,6,"{""1"": ""Very appropriate"", ""2"": ""Appropriate to some extent"", ""3"": ""Inappropriate to some extent"", ""4"": ""Completely inappropriate"", ""6"": ""Do not know"", ""7"": ""Declined to answer"", ""9"": ""Missing""}",,,1.0,7.0
168,Q408_3,Q408_3.I would like to know how appropriate each of these would be for your country A political system in which the state authority makes the decisions without taking into account the results of the elections or the opinions of the opposition,float64,1498,0,6,"{""1"": ""Very appropriate"", ""2"": ""Appropriate to some extent"", ""3"": ""Inappropriate to some extent"", ""4"": ""Completely inappropriate"", ""6"": ""Do not know"", ""7"": ""Declined to answer"", ""9"": ""Missing""}",,,1.0,7.0
169,Q408_4,"Q408_4.I would like to know how appropriate each of these would be for your country, in your opinion: A political system governed by Islamic Sharia, and in which there are neither elections nor political parties.",float64,1498,0,6,"{""1"": ""Very appropriate"", ""2"": ""Appropriate to some extent"", ""3"": ""Inappropriate to some extent"", ""4"": ""Completely inappropriate"", ""6"": ""Do not know"", ""7"": ""Declined to answer"", ""9"": ""Missing""}",,,1.0,7.0
170,Q408_5,"Q408_5.I would like to know how appropriate each of these would be for your country, in your opinion: A political system in which electoral competition is restricted to non-religious parties.",float64,1498,0,6,"{""1"": ""Very appropriate"", ""2"": ""Appropriate to some extent"", ""3"": ""Inappropriate to some extent"", ""4"": ""Completely inappropriate"", ""6"": ""Do not know"", ""7"": ""Declined to answer"", ""9"": ""Missing""}",,,1.0,7.0
171,Q409,"Q409.Of the above systems of government, which do you think is most appropriate for your country?",float64,1439,59,8,"{""1"": ""A political system in which governments are formed based on the outcomes of elections in which all political parties are"", ""2"": ""A political system in which electoral competition is restricted to Islamist political parties."", ""3"": ""A political system in which the state authority makes the decisions without taking into account the results of the elect"", ""4"": ""A political system governed by Islamic Sharia, and in which there are neither elections nor political parties."", ""5"": ""A political system in which electoral competition is restricted to non-religious parties."", ""6"": ""Do not know"", ""7"": ""Declined to answer"", ""9"": ""Missing""}",,,1.0,9.0
172,Q416_1,Q416_1.To what extent do you believe that the Freedom of religious belief Is safeguarded in your home country?,float64,1498,0,6,"{""1"": ""Completely safeguarded"", ""2"": ""Safeguarded to some extent"", ""3"": ""To some extent not safeguarded"", ""4"": ""Completely not safeguarded"", ""6"": ""Do not know"", ""7"": ""Declined to answer"", ""9"": ""Missing""}",,,1.0,7.0
173,Q416_2,Q416_2.To what extent do you believe that the Freedom of the press Is safeguarded in your home country?,float64,1498,0,5,"{""1"": ""Completely safeguarded"", ""2"": ""Safeguarded to some extent"", ""3"": ""To some extent not safeguarded"", ""4"": ""Completely not safeguarded"", ""6"": ""Do not know"", ""7"": ""Declined to answer"", ""9"": ""Missing""}",,,1.0,6.0
174,Q416_3,Q416_3.To what extent do you believe that the Freedom of expression Is safeguarded in your home country?,float64,1498,0,5,"{""1"": ""Completely safeguarded"", ""2"": ""Safeguarded to some extent"", ""3"": ""To some extent not safeguarded"", ""4"": ""Completely not safeguarded"", ""6"": ""Do not know"", ""7"": ""Declined to answer"", ""9"": ""Missing""}",,,1.0,6.0
175,Q416_4,Q416_4.To what extent do you believe that the The freedom to take legal actions against] the government and state institutions Is safeguarded in your home country?,float64,1498,0,6,"{""1"": ""Completely safeguarded"", ""2"": ""Safeguarded to some extent"", ""3"": ""To some extent not safeguarded"", ""4"": ""Completely not safeguarded"", ""6"": ""Do not know"", ""7"": ""Declined to answer"", ""9"": ""Missing""}",,,1.0,7.0
176,Q416_5,"Q416_5.To what extent do you believe that the The principle of holding regular, free and fair, elections  Is safeguarded in your home country?",float64,1498,0,6,"{""1"": ""Completely safeguarded"", ""2"": ""Safeguarded to some extent"", ""3"": ""To some extent not safeguarded"", ""4"": ""Completely not safeguarded"", ""6"": ""Do not know"", ""7"": ""Declined to answer"", ""9"": ""Missing""}",,,1.0,9.0
177,Q416_6,Q416_6.To what extent do you believe that the The principle of peaceful transitions of power/the right of the winners of elections to rise to authority Is safeguarded in your home country?,float64,1498,0,6,"{""1"": ""Completely safeguarded"", ""2"": ""Safeguarded to some extent"", ""3"": ""To some extent not safeguarded"", ""4"": ""Completely not safeguarded"", ""6"": ""Do not know"", ""7"": ""Declined to answer"", ""9"": ""Missing""}",,,1.0,7.0
178,Q416_7,Q416_7.To what extent do you believe that the Freedom of association/ to join a political party Is safeguarded in your home country?,float64,1498,0,6,"{""1"": ""Completely safeguarded"", ""2"": ""Safeguarded to some extent"", ""3"": ""To some extent not safeguarded"", ""4"": ""Completely not safeguarded"", ""6"": ""Do not know"", ""7"": ""Declined to answer"", ""9"": ""Missing""}",,,1.0,7.0
179,Q416_8,Q416_8.To what extent do you believe that the Freedom of association/ to join  civil society institutions/organizations Is safeguarded in your home country?,float64,1498,0,6,"{""1"": ""Completely safeguarded"", ""2"": ""Safeguarded to some extent"", ""3"": ""To some extent not safeguarded"", ""4"": ""Completely not safeguarded"", ""6"": ""Do not know"", ""7"": ""Declined to answer"", ""9"": ""Missing""}",,,1.0,7.0
180,Q416_9,Q416_9.To what extent do you believe that the Freedom of association/ the right to participate in peaceful protests and demonstrations Is safeguarded in your home country?,float64,1498,0,6,"{""1"": ""Completely safeguarded"", ""2"": ""Safeguarded to some extent"", ""3"": ""To some extent not safeguarded"", ""4"": ""Completely not safeguarded"", ""6"": ""Do not know"", ""7"": ""Declined to answer"", ""9"": ""Missing""}",,,1.0,7.0
181,Q419_1,"Q419_1.In principle, do you agree or disagree with the Political parties with which you disagree in terms of ideas and agendas as defined below in elections in your country?",float64,1498,0,4,"{""1"": ""Agree"", ""2"": ""Disagree"", ""6"": ""Do not know"", ""7"": ""Declined to answer"", ""9"": ""Missing""}",,,1.0,7.0
182,Q419_2,"Q419_2.In principle, do you agree or disagree with the Islamist (“Islamic”) political parties as defined below in elections in your country?",float64,1498,0,4,"{""1"": ""Agree"", ""2"": ""Disagree"", ""6"": ""Do not know"", ""7"": ""Declined to answer"", ""9"": ""Missing""}",,,1.0,7.0
183,Q419_3,"Q419_3.In principle, do you agree or disagree with the Non-Islamist /secular political parties as defined below in elections in your country?",float64,1498,0,4,"{""1"": ""Agree"", ""2"": ""Disagree"", ""6"": ""Do not know"", ""7"": ""Declined to answer"", ""9"": ""Missing""}",,,1.0,7.0
184,Q419_4,"Q419_4.In principle, do you agree or disagree with the Political parties founded along sectarian lines as defined below in elections in your country?",float64,0,1498,0,"{""1"": ""Agree"", ""2"": ""Disagree"", ""6"": ""Do not know"", ""7"": ""Declined to answer"", ""9"": ""Missing""}",,,,
185,Q420_1,Q420_1.Would you agree or disagree with one of the Political parties with which you disagree in terms of ideas and agendas to power through winning enough votes in free and fair elections?,float64,1498,0,4,"{""1"": ""Agree"", ""2"": ""Disagree"", ""6"": ""Do not know"", ""7"": ""Declined to answer"", ""9"": ""Missing""}",,,1.0,7.0
186,Q420_2,Q420_2.Would you agree or disagree with one of the Islamist (“Islamic”) political parties to power through winning enough votes in free and fair elections?,float64,1498,0,4,"{""1"": ""Agree"", ""2"": ""Disagree"", ""6"": ""Do not know"", ""7"": ""Declined to answer"", ""9"": ""Missing""}",,,1.0,7.0
187,Q420_3,Q420_3.Would you agree or disagree with one of the Non-Islamist /secular political parties to power through winning enough votes in free and fair elections?,float64,1498,0,4,"{""1"": ""Agree"", ""2"": ""Disagree"", ""6"": ""Do not know"", ""7"": ""Declined to answer"", ""9"": ""Missing""}",,,1.0,7.0
188,Q420_4,Q420_4.Would you agree or disagree with one of the Political parties founded along sectarian lines to power through winning enough votes in free and fair elections?,float64,0,1498,0,"{""1"": ""Agree"", ""2"": ""Disagree"", ""6"": ""Do not know"", ""7"": ""Declined to answer"", ""9"": ""Missing""}",,,,
189,Q422_1,Q422_1.to what extent do you believe that the Equality of all citizens regardless of wealth Is applied in your country?,float64,1498,0,5,"{""1"": ""Applied completely"", ""2"": ""Applied to some extent"", ""3"": ""Not applied to some extent"", ""4"": ""Completely not applied"", ""6"": ""Do not know"", ""7"": ""Declined to answer"", ""9"": ""Missing""}",,,1.0,6.0
190,Q422_2,Q422_2.to what extent do you believe that the Equality of all citizens regardless of gender/sex Is applied in your country?,float64,1498,0,5,"{""1"": ""Applied completely"", ""2"": ""Applied to some extent"", ""3"": ""Not applied to some extent"", ""4"": ""Completely not applied"", ""6"": ""Do not know"", ""7"": ""Declined to answer"", ""9"": ""Missing""}",,,1.0,6.0
191,Q422_3,Q422_3.to what extent do you believe that the Equality of all citizens regardless of religion Is applied in your country?,float64,1498,0,6,"{""1"": ""Applied completely"", ""2"": ""Applied to some extent"", ""3"": ""Not applied to some extent"", ""4"": ""Completely not applied"", ""6"": ""Do not know"", ""7"": ""Declined to answer"", ""9"": ""Missing""}",,,1.0,9.0
192,Q422_4,Q422_4.to what extent do you believe that the Equality of all citizens regardless of social status Is applied in your country?,float64,1498,0,5,"{""1"": ""Applied completely"", ""2"": ""Applied to some extent"", ""3"": ""Not applied to some extent"", ""4"": ""Completely not applied"", ""6"": ""Do not know"", ""7"": ""Declined to answer"", ""9"": ""Missing""}",,,1.0,6.0
193,Q422_5,Q422_5.to what extent do you believe that the Equality of all citizens regardless of cultural/ethnic/linguistic backgrounds Is applied in your country?,float64,1498,0,6,"{""1"": ""Applied completely"", ""2"": ""Applied to some extent"", ""3"": ""Not applied to some extent"", ""4"": ""Completely not applied"", ""6"": ""Do not know"", ""7"": ""Declined to answer"", ""9"": ""Missing""}",,,1.0,9.0
194,Q422_6,Q422_6.to what extent do you believe that the Equality of all citizens regardless of their political influence Is applied in your country?,float64,1498,0,6,"{""1"": ""Applied completely"", ""2"": ""Applied to some extent"", ""3"": ""Not applied to some extent"", ""4"": ""Completely not applied"", ""6"": ""Do not know"", ""7"": ""Declined to answer"", ""9"": ""Missing""}",,,1.0,7.0
195,Q422_7,Q422_7.to what extent do you believe that the Equality of all citizens regardless of their geographic area Is applied in your country?,float64,1498,0,5,"{""1"": ""Applied completely"", ""2"": ""Applied to some extent"", ""3"": ""Not applied to some extent"", ""4"": ""Completely not applied"", ""6"": ""Do not know"", ""7"": ""Declined to answer"", ""9"": ""Missing""}",,,1.0,6.0
196,Q422_8,Q422_8.to what extent do you believe that the Equality of citizens regardless of their religious sects (mathhab) Is applied in your country?,float64,0,1498,0,"{""1"": ""Applied completely"", ""2"": ""Applied to some extent"", ""3"": ""Not applied to some extent"", ""4"": ""Completely not applied"", ""6"": ""Do not know"", ""7"": ""Declined to answer"", ""9"": ""Missing""}",,,,
197,Q422_9,Q422_9.to what extent do you believe that the Equality of all citizens regardless of their tribe? Is applied in your country?,float64,0,1498,0,"{""1"": ""Applied completely"", ""2"": ""Applied to some extent"", ""3"": ""Not applied to some extent"", ""4"": ""Completely not applied"", ""6"": ""Do not know"", ""7"": ""Declined to answer"", ""9"": ""Missing""}",,,,
198,Q422_10,Q422_10.to what extent do you believe that the Equality of all citizens in (the West Bank/Gaza Strip) regardless of their status as Palestinian refugees or otherwise Is applied in your country?,float64,0,1498,0,"{""1"": ""Applied completely"", ""2"": ""Applied to some extent"", ""3"": ""Not applied to some extent"", ""4"": ""Completely not applied"", ""6"": ""Do not know"", ""7"": ""Declined to answer"", ""9"": ""Missing""}",,,,
199,Q422_11,Q422_11.to what extent do you believe that the Equality of all citizens regardless of being Northerners or Southerners Is applied in your country?,float64,0,1498,0,"{""1"": ""Applied completely"", ""2"": ""Applied to some extent"", ""3"": ""Not applied to some extent"", ""4"": ""Completely not applied"", ""6"": ""Do not know"", ""7"": ""Declined to answer"", ""9"": ""Missing""}",,,,
200,Q422_12,Q422_12.to what extent do you believe that the Equality of all citizens regardless of level/class of citizenship Is applied in your country?,float64,0,1498,0,"{""1"": ""Applied completely"", ""2"": ""Applied to some extent"", ""3"": ""Not applied to some extent"", ""4"": ""Completely not applied"", ""6"": ""Do not know"", ""7"": ""Declined to answer"", ""9"": ""Missing""}",,,,
201,Q423_1,"Q423_1.to what extent do you agree/disagree with  When making senior-level civil service appointments, the state prefers employees from specific regions in the country.",float64,1498,0,7,"{""1"": ""Strongly agree"", ""2"": ""Agree"", ""3"": ""Oppose"", ""4"": ""Strongly oppose"", ""6"": ""Do not know"", ""7"": ""Declined to answer"", ""9"": ""Missing""}",,,1.0,9.0
202,Q423_2,Q423_2.to what extent do you agree/disagree with  The state favors those of specific sects (“mathahib”) over others when making senior-level civil service appointments,float64,0,1498,0,"{""1"": ""Strongly agree"", ""2"": ""Agree"", ""3"": ""Oppose"", ""4"": ""Strongly oppose"", ""6"": ""Do not know"", ""7"": ""Declined to answer"", ""9"": ""Missing""}",,,,
203,Q423_3,Q423_3.to what extent do you agree/disagree with  The state favors citizens of specific regions/districts over others when making senior-level civil service appointments,float64,0,1498,0,"{""1"": ""Strongly agree"", ""2"": ""Agree"", ""3"": ""Oppose"", ""4"": ""Strongly oppose"", ""6"": ""Do not know"", ""7"": ""Declined to answer"", ""9"": ""Missing""}",,,,
204,Q423_4,Q423_4.to what extent do you agree/disagree with  The state favors individuals of specific cultural/ linguistic/racial origins over others when making senior-level civil service appointments,float64,1498,0,6,"{""1"": ""Strongly agree"", ""2"": ""Agree"", ""3"": ""Oppose"", ""4"": ""Strongly oppose"", ""6"": ""Do not know"", ""7"": ""Declined to answer"", ""9"": ""Missing""}",,,1.0,7.0
205,Q423_5,Q423_5.to what extent do you agree/disagree with  The state favors individuals of specific political orientation over others when making senior-level civil service appointments,float64,1498,0,6,"{""1"": ""Strongly agree"", ""2"": ""Agree"", ""3"": ""Oppose"", ""4"": ""Strongly oppose"", ""6"": ""Do not know"", ""7"": ""Declined to answer"", ""9"": ""Missing""}",,,1.0,7.0
206,Q423_9,Q423_9.to what extent do you agree/disagree with  The state favors specific tribes/clans over others when making senior-level civil service appointments,float64,1498,0,6,"{""1"": ""Strongly agree"", ""2"": ""Agree"", ""3"": ""Oppose"", ""4"": ""Strongly oppose"", ""6"": ""Do not know"", ""7"": ""Declined to answer"", ""9"": ""Missing""}",,,1.0,7.0
207,Q423_10,"Q423_10.to what extent do you agree/disagree with  When making senior-level civil service appointments, the state prefers specific sects over others",float64,0,1498,0,"{""1"": ""Strongly agree"", ""2"": ""Agree"", ""3"": ""Oppose"", ""4"": ""Strongly oppose"", ""6"": ""Do not know"", ""7"": ""Declined to answer"", ""9"": ""Missing""}",,,,
208,Q423_11,"Q423_11.to what extent do you agree/disagree with  The government favors Palestinians originally from the (West Bank/Gaza Strip [as appropriate]), at the expense of Palestinian refugees when making senior-level civil service appointments",float64,0,1498,0,"{""1"": ""Strongly agree"", ""2"": ""Agree"", ""3"": ""Oppose"", ""4"": ""Strongly oppose"", ""6"": ""Do not know"", ""7"": ""Declined to answer"", ""9"": ""Missing""}",,,,
209,Q423_12,Q423_12.to what extent do you agree/disagree with  The state favors Northern Yemenis over others when making senior-level civil service appointments,float64,0,1498,0,"{""1"": ""Strongly agree"", ""2"": ""Agree"", ""3"": ""Oppose"", ""4"": ""Strongly oppose"", ""6"": ""Do not know"", ""7"": ""Declined to answer"", ""9"": ""Missing""}",,,,
210,Q423_13,Q423_13.to what extent do you agree/disagree with  The state favors graduates of European and other Western universities when making senior-level civil service appointments,float64,0,1498,0,"{""1"": ""Strongly agree"", ""2"": ""Agree"", ""3"": ""Oppose"", ""4"": ""Strongly oppose"", ""6"": ""Do not know"", ""7"": ""Declined to answer"", ""9"": ""Missing""}",,,,
211,Q423_17,Q423_17.to what extent do you agree/disagree with  The state favors males over females when making senior-level civil service appointments,float64,1498,0,6,"{""1"": ""Strongly agree"", ""2"": ""Agree"", ""3"": ""Oppose"", ""4"": ""Strongly oppose"", ""6"": ""Do not know"", ""7"": ""Declined to answer"", ""9"": ""Missing""}",,,1.0,7.0
212,Q424_2,"Q424_2.To what extent do you support for/opposition To promote their political opinions/views freely and without restrictions, regardless of your agreement with those opinions/ views.",float64,1498,0,5,"{""1"": ""Strongly agree"", ""2"": ""Agree"", ""3"": ""Oppose"", ""4"": ""Strongly oppose"", ""6"": ""Do not know"", ""7"": ""Declined to answer"", ""9"": ""Missing""}",,,1.0,6.0
213,Q424_7,Q424_7.To what extent do you support for/opposition Those of racial origins different from your own have the right to express their own social and cultural values freely and without restrictions.,float64,1498,0,5,"{""1"": ""Strongly agree"", ""2"": ""Agree"", ""3"": ""Oppose"", ""4"": ""Strongly oppose"", ""6"": ""Do not know"", ""7"": ""Declined to answer"", ""9"": ""Missing""}",,,1.0,6.0
214,Q424_8,Q424_8.To what extent do you support for/opposition To express the beliefs of their religion or sect “mathhab” freely and without restrictions.,float64,1498,0,6,"{""1"": ""Strongly agree"", ""2"": ""Agree"", ""3"": ""Oppose"", ""4"": ""Strongly oppose"", ""6"": ""Do not know"", ""7"": ""Declined to answer"", ""9"": ""Missing""}",,,1.0,7.0
215,Q425_1,Q425_1.Followers of different religions would you not like to have as neighbors:,float64,1498,0,3,"{""1"": ""I do not want them as neighbors"", ""2"": ""I am impartial"", ""6"": ""Do not know"", ""7"": ""Declined to answer"", ""9"": ""Missing""}",,,1.0,6.0
216,Q425_2,Q425_2.Those of a different race/ color would you not like to have as neighbors:,float64,1498,0,3,"{""1"": ""I do not want them as neighbors"", ""2"": ""I am impartial"", ""6"": ""Do not know"", ""7"": ""Declined to answer"", ""9"": ""Missing""}",,,1.0,6.0
217,Q425_3,Q425_3.Foreign workers would you not like to have as neighbors:,float64,1498,0,3,"{""1"": ""I do not want them as neighbors"", ""2"": ""I am impartial"", ""6"": ""Do not know"", ""7"": ""Declined to answer"", ""9"": ""Missing""}",,,1.0,6.0
218,Q425_4,Q425_4.Refugees and displaced persons would you not like to have as neighbors:,float64,1498,0,3,"{""1"": ""I do not want them as neighbors"", ""2"": ""I am impartial"", ""6"": ""Do not know"", ""7"": ""Declined to answer"", ""9"": ""Missing""}",,,1.0,6.0
219,Q425_5,Q425_5.Residents originally from different geographic regions/strangers to the area would you not like to have as neighbors:,float64,1498,0,3,"{""1"": ""I do not want them as neighbors"", ""2"": ""I am impartial"", ""6"": ""Do not know"", ""7"": ""Declined to answer"", ""9"": ""Missing""}",,,1.0,6.0
220,Q425_6,Q425_6.Followers of a sect/madhab different to my own would you not like to have as neighbors:,float64,0,1498,0,"{""1"": ""I do not want them as neighbors"", ""2"": ""I am impartial"", ""6"": ""Do not know"", ""7"": ""Declined to answer"", ""9"": ""Missing""}",,,,
221,Q425_7,Q425_7.Those of other nationalities would you not like to have as neighbors:,float64,1498,0,4,"{""1"": ""I do not want them as neighbors"", ""2"": ""I am impartial"", ""6"": ""Do not know"", ""7"": ""Declined to answer"", ""9"": ""Missing""}",,,1.0,9.0
222,Q425_8,Q425_8.Displaced persons would you not like to have as neighbors:,float64,0,1498,0,"{""1"": ""I do not want them as neighbors"", ""2"": ""I am impartial"", ""6"": ""Do not know"", ""7"": ""Declined to answer"", ""9"": ""Missing""}",,,,
223,Q427_1,"Q427_1.In principle, would you support/oppose the position of the President/Prime Minister in your home country being held by A woman",float64,1498,0,5,"{""1"": ""Strongly agree"", ""2"": ""Agree"", ""3"": ""Disagree"", ""4"": ""Strongly disagree"", ""6"": ""Do not know"", ""7"": ""Declined to answer"", ""9"": ""Missing""}",,,1.0,6.0
224,Q427_2,"Q427_2.In principle, would you support/oppose the position of the President/Prime Minister in your home country being held by A Christian",float64,0,1498,0,"{""1"": ""Strongly agree"", ""2"": ""Agree"", ""3"": ""Disagree"", ""4"": ""Strongly disagree"", ""6"": ""Do not know"", ""7"": ""Declined to answer"", ""9"": ""Missing""}",,,,
225,Q427_3,"Q427_3.In principle, would you support/oppose the position of the President/Prime Minister in your home country being held by A Kurd ,Amazigh ,A Circasian/Chechen,A Nubian/other origins,From other ethnic groups",float64,1498,0,5,"{""1"": ""Strongly agree"", ""2"": ""Agree"", ""3"": ""Disagree"", ""4"": ""Strongly disagree"", ""6"": ""Do not know"", ""7"": ""Declined to answer"", ""9"": ""Missing""}",,,1.0,6.0
226,Q427_4,"Q427_4.In principle, would you support/oppose the position of the President/Prime Minister in your home country being held by Not religiously observant/secular",float64,1498,0,7,"{""1"": ""Strongly agree"", ""2"": ""Agree"", ""3"": ""Disagree"", ""4"": ""Strongly disagree"", ""6"": ""Do not know"", ""7"": ""Declined to answer"", ""9"": ""Missing""}",,,1.0,9.0
227,Q427_5,"Q427_5.In principle, would you support/oppose the position of the President/Prime Minister in your home country being held by A Salafi",float64,1498,0,6,"{""1"": ""Strongly agree"", ""2"": ""Agree"", ""3"": ""Disagree"", ""4"": ""Strongly disagree"", ""6"": ""Do not know"", ""7"": ""Declined to answer"", ""9"": ""Missing""}",,,1.0,7.0
228,Q427_6,"Q427_6.In principle, would you support/oppose the position of the President/Prime Minister in your home country being held by A member of an Islamist political movement (other than the Salafis)",float64,1498,0,6,"{""1"": ""Strongly agree"", ""2"": ""Agree"", ""3"": ""Disagree"", ""4"": ""Strongly disagree"", ""6"": ""Do not know"", ""7"": ""Declined to answer"", ""9"": ""Missing""}",,,1.0,7.0
229,Q427_7,"Q427_7.In principle, would you support/oppose the position of the President/Prime Minister in your home country being held by An individual of a different sect “Ta’efeh” than your own",float64,0,1498,0,"{""1"": ""Strongly agree"", ""2"": ""Agree"", ""3"": ""Disagree"", ""4"": ""Strongly disagree"", ""6"": ""Do not know"", ""7"": ""Declined to answer"", ""9"": ""Missing""}",,,,
230,Q427_8,"Q427_8.In principle, would you support/oppose the position of the President/Prime Minister in your home country being held by A Jordanian of Palestinian descent",float64,0,1498,0,"{""1"": ""Strongly agree"", ""2"": ""Agree"", ""3"": ""Disagree"", ""4"": ""Strongly disagree"", ""6"": ""Do not know"", ""7"": ""Declined to answer"", ""9"": ""Missing""}",,,,
231,Q427_9,"Q427_9.In principle, would you support/oppose the position of the President/Prime Minister in your home country being held by An Ibadi Muslim",float64,0,1498,0,"{""1"": ""Strongly agree"", ""2"": ""Agree"", ""3"": ""Disagree"", ""4"": ""Strongly disagree"", ""6"": ""Do not know"", ""7"": ""Declined to answer"", ""9"": ""Missing""}",,,,
232,Q427_10,"Q427_10.In principle, would you support/oppose the position of the President/Prime Minister in your home country being held by A “freeborn” Arab-African",float64,0,1498,0,"{""1"": ""Strongly agree"", ""2"": ""Agree"", ""3"": ""Disagree"", ""4"": ""Strongly disagree"", ""6"": ""Do not know"", ""7"": ""Declined to answer"", ""9"": ""Missing""}",,,,
233,Q427_11,"Q427_11.In principle, would you support/oppose the position of the President/Prime Minister in your home country being held by A non-Arab African",float64,0,1498,0,"{""1"": ""Strongly agree"", ""2"": ""Agree"", ""3"": ""Disagree"", ""4"": ""Strongly disagree"", ""6"": ""Do not know"", ""7"": ""Declined to answer"", ""9"": ""Missing""}",,,,
234,Q427_12,"Q427_12.In principle, would you support/oppose the position of the President/Prime Minister in your home country being held by An individual of the urbanized community “Hadhari”",float64,0,1498,0,"{""1"": ""Strongly agree"", ""2"": ""Agree"", ""3"": ""Disagree"", ""4"": ""Strongly disagree"", ""6"": ""Do not know"", ""7"": ""Declined to answer"", ""9"": ""Missing""}",,,,
235,Q427_13,"Q427_13.In principle, would you support/oppose the position of the President/Prime Minister in your home country being held by Of non-Arab descent",float64,0,1498,0,"{""1"": ""Strongly agree"", ""2"": ""Agree"", ""3"": ""Disagree"", ""4"": ""Strongly disagree"", ""6"": ""Do not know"", ""7"": ""Declined to answer"", ""9"": ""Missing""}",,,,
236,Q427_14,"Q427_14.In principle, would you support/oppose the position of the President/Prime Minister in your home country being held by Bedouin/tribal",float64,0,1498,0,"{""1"": ""Strongly agree"", ""2"": ""Agree"", ""3"": ""Disagree"", ""4"": ""Strongly disagree"", ""6"": ""Do not know"", ""7"": ""Declined to answer"", ""9"": ""Missing""}",,,,
237,Q427_15,"Q427_15.In principle, would you support/oppose the position of the President/Prime Minister in your home country being held by A Shi'ite Muslim",float64,0,1498,0,"{""1"": ""Strongly agree"", ""2"": ""Agree"", ""3"": ""Disagree"", ""4"": ""Strongly disagree"", ""6"": ""Do not know"", ""7"": ""Declined to answer"", ""9"": ""Missing""}",,,,
238,Q427_21,"Q427_21.In principle, would you support/oppose the position of the President/Prime Minister in your home country being held by Someone who belongs to a different sect",float64,0,1498,0,"{""1"": ""Strongly agree"", ""2"": ""Agree"", ""3"": ""Disagree"", ""4"": ""Strongly disagree"", ""6"": ""Do not know"", ""7"": ""Declined to answer"", ""9"": ""Missing""}",,,,
239,Q427_22,"Q427_22.In principle, would you support/oppose the position of the President/Prime Minister in your home country being held by A Zaidi Muslim",float64,0,1498,0,"{""1"": ""Strongly agree"", ""2"": ""Agree"", ""3"": ""Disagree"", ""4"": ""Strongly disagree"", ""6"": ""Do not know"", ""7"": ""Declined to answer"", ""9"": ""Missing""}",,,,
240,Q427_23,"Q427_23.In principle, would you support/oppose the position of the President/Prime Minister in your home country being held by A Shafei Muslim",float64,0,1498,0,"{""1"": ""Strongly agree"", ""2"": ""Agree"", ""3"": ""Disagree"", ""4"": ""Strongly disagree"", ""6"": ""Do not know"", ""7"": ""Declined to answer"", ""9"": ""Missing""}",,,,
241,Q428_1,"Q428_1.On principle, would you support a president who was a A woman",float64,0,1498,0,"{""1"": ""Strongly agree"", ""2"": ""Agree"", ""3"": ""Disagree"", ""4"": ""Strongly disagree"", ""6"": ""Do not know"", ""7"": ""Declined to answer"", ""9"": ""Missing""}",,,,
242,Q428_2,"Q428_2.On principle, would you support a president who was a A Christian",float64,0,1498,0,"{""1"": ""Strongly agree"", ""2"": ""Agree"", ""3"": ""Disagree"", ""4"": ""Strongly disagree"", ""6"": ""Do not know"", ""7"": ""Declined to answer"", ""9"": ""Missing""}",,,,
243,Q428_3,"Q428_3.On principle, would you support a president who was a Nubian",float64,0,1498,0,"{""1"": ""Strongly agree"", ""2"": ""Agree"", ""3"": ""Disagree"", ""4"": ""Strongly disagree"", ""6"": ""Do not know"", ""7"": ""Declined to answer"", ""9"": ""Missing""}",,,,
244,Q428_4,"Q428_4.On principle, would you support a president who was a Secularist",float64,0,1498,0,"{""1"": ""Strongly agree"", ""2"": ""Agree"", ""3"": ""Disagree"", ""4"": ""Strongly disagree"", ""6"": ""Do not know"", ""7"": ""Declined to answer"", ""9"": ""Missing""}",,,,
245,Q428_5,"Q428_5.On principle, would you support a president who was a Salafi",float64,0,1498,0,"{""1"": ""Strongly agree"", ""2"": ""Agree"", ""3"": ""Disagree"", ""4"": ""Strongly disagree"", ""6"": ""Do not know"", ""7"": ""Declined to answer"", ""9"": ""Missing""}",,,,
246,Q428_6,"Q428_6.On principle, would you support a president who was a Non-Salafi Political Islamist",float64,0,1498,0,"{""1"": ""Strongly agree"", ""2"": ""Agree"", ""3"": ""Disagree"", ""4"": ""Strongly disagree"", ""6"": ""Do not know"", ""7"": ""Declined to answer"", ""9"": ""Missing""}",,,,
247,Q503_1,Q503_1.To what extent do you think that the principle of equal treatment for men and women (gender equality) is applied when it comes to  Medical care,float64,1498,0,5,"{""1"": ""Applied"", ""2"": ""Applied to some extent"", ""3"": ""To some extent not applied"", ""4"": ""Not at all applied"", ""6"": ""Do not know"", ""7"": ""Declined to answer"", ""9"": ""Missing""}",,,1.0,6.0
248,Q503_2,Q503_2.To what extent do you think that the principle of equal treatment for men and women (gender equality) is applied when it comes to  Respect accorded by public sector employees,float64,1498,0,7,"{""1"": ""Applied"", ""2"": ""Applied to some extent"", ""3"": ""To some extent not applied"", ""4"": ""Not at all applied"", ""6"": ""Do not know"", ""7"": ""Declined to answer"", ""9"": ""Missing""}",,,1.0,9.0
249,Q503_3,Q503_3.To what extent do you think that the principle of equal treatment for men and women (gender equality) is applied when it comes to  Respect shown by other citizens,float64,1498,0,5,"{""1"": ""Applied"", ""2"": ""Applied to some extent"", ""3"": ""To some extent not applied"", ""4"": ""Not at all applied"", ""6"": ""Do not know"", ""7"": ""Declined to answer"", ""9"": ""Missing""}",,,1.0,6.0
250,Q503_4,Q503_4.To what extent do you think that the principle of equal treatment for men and women (gender equality) is applied when it comes to  Access to bank loans,float64,1498,0,5,"{""1"": ""Applied"", ""2"": ""Applied to some extent"", ""3"": ""To some extent not applied"", ""4"": ""Not at all applied"", ""6"": ""Do not know"", ""7"": ""Declined to answer"", ""9"": ""Missing""}",,,1.0,6.0
251,Q503_5,Q503_5.To what extent do you think that the principle of equal treatment for men and women (gender equality) is applied when it comes to  Gaining a place at a university,float64,1498,0,5,"{""1"": ""Applied"", ""2"": ""Applied to some extent"", ""3"": ""To some extent not applied"", ""4"": ""Not at all applied"", ""6"": ""Do not know"", ""7"": ""Declined to answer"", ""9"": ""Missing""}",,,1.0,6.0
252,Q503_6,Q503_6.To what extent do you think that the principle of equal treatment for men and women (gender equality) is applied when it comes to  Respect from clerics/religious leaders,float64,1498,0,6,"{""1"": ""Applied"", ""2"": ""Applied to some extent"", ""3"": ""To some extent not applied"", ""4"": ""Not at all applied"", ""6"": ""Do not know"", ""7"": ""Declined to answer"", ""9"": ""Missing""}",,,1.0,7.0
253,Q503_7,Q503_7.To what extent do you think that the principle of equal treatment for men and women (gender equality) is applied when it comes to  Concern shown by local community leaders,float64,1498,0,6,"{""1"": ""Applied"", ""2"": ""Applied to some extent"", ""3"": ""To some extent not applied"", ""4"": ""Not at all applied"", ""6"": ""Do not know"", ""7"": ""Declined to answer"", ""9"": ""Missing""}",,,1.0,7.0
254,Q504_1,Q504_1.Please indicate your level of personal agreement/disagreement with each of this A woman is entitled to become the prime minister/president of a Muslim country,float64,1498,0,6,"{""1"": ""Strongly agree"", ""2"": ""Agree"", ""3"": ""Disagree"", ""4"": ""Strongly disagree"", ""6"": ""Do not know"", ""7"": ""Declined to answer"", ""9"": ""Missing""}",,,1.0,7.0
255,Q504_2,Q504_2.Please indicate your level of personal agreement/disagreement with each of this A married woman is entitled to work outside the home,float64,1498,0,6,"{""1"": ""Strongly agree"", ""2"": ""Agree"", ""3"": ""Disagree"", ""4"": ""Strongly disagree"", ""6"": ""Do not know"", ""7"": ""Declined to answer"", ""9"": ""Missing""}",,,1.0,9.0
256,Q504_3,"Q504_3.Please indicate your level of personal agreement/disagreement with each of this In general, men are better than women at positions of political leadership",float64,1498,0,6,"{""1"": ""Strongly agree"", ""2"": ""Agree"", ""3"": ""Disagree"", ""4"": ""Strongly disagree"", ""6"": ""Do not know"", ""7"": ""Declined to answer"", ""9"": ""Missing""}",,,1.0,9.0
257,Q504_4,Q504_4.Please indicate your level of personal agreement/disagreement with each of this University education is more important for boys than it is for girls,float64,1498,0,5,"{""1"": ""Strongly agree"", ""2"": ""Agree"", ""3"": ""Disagree"", ""4"": ""Strongly disagree"", ""6"": ""Do not know"", ""7"": ""Declined to answer"", ""9"": ""Missing""}",,,1.0,6.0
258,Q504_5,Q504_5.Please indicate your level of personal agreement/disagreement with each of this Men and women must receive equal access to the same employment opportunities,float64,1498,0,5,"{""1"": ""Strongly agree"", ""2"": ""Agree"", ""3"": ""Disagree"", ""4"": ""Strongly disagree"", ""6"": ""Do not know"", ""7"": ""Declined to answer"", ""9"": ""Missing""}",,,1.0,6.0
259,Q504_6,Q504_6.Please indicate your level of personal agreement/disagreement with each of this A woman is entitled to travel abroad on her own,float64,1498,0,5,"{""1"": ""Strongly agree"", ""2"": ""Agree"", ""3"": ""Disagree"", ""4"": ""Strongly disagree"", ""6"": ""Do not know"", ""7"": ""Declined to answer"", ""9"": ""Missing""}",,,1.0,6.0
260,Q504_7,Q504_7.Please indicate your level of personal agreement/disagreement with each of this A woman's entitlement through inheritance should be equal to a man's,float64,1498,0,5,"{""1"": ""Strongly agree"", ""2"": ""Agree"", ""3"": ""Disagree"", ""4"": ""Strongly disagree"", ""6"": ""Do not know"", ""7"": ""Declined to answer"", ""9"": ""Missing""}",,,1.0,6.0
261,Q504_8,Q504_8.Please indicate your level of personal agreement/disagreement with each of this A woman is entitled to take up a position in the judiciary,float64,1498,0,6,"{""1"": ""Strongly agree"", ""2"": ""Agree"", ""3"": ""Disagree"", ""4"": ""Strongly disagree"", ""6"": ""Do not know"", ""7"": ""Declined to answer"", ""9"": ""Missing""}",,,1.0,9.0
262,Q504_9,Q504_9.Please indicate your level of personal agreement/disagreement with each of this The first wife's consent is a necessary precondition to a man taking another wife,float64,1498,0,6,"{""1"": ""Strongly agree"", ""2"": ""Agree"", ""3"": ""Disagree"", ""4"": ""Strongly disagree"", ""6"": ""Do not know"", ""7"": ""Declined to answer"", ""9"": ""Missing""}",,,1.0,7.0
263,Q504_10,Q504_10.Please indicate your level of personal agreement/disagreement with each of this Men and women should have equal rights to divorce,float64,1498,0,7,"{""1"": ""Strongly agree"", ""2"": ""Agree"", ""3"": ""Disagree"", ""4"": ""Strongly disagree"", ""6"": ""Do not know"", ""7"": ""Declined to answer"", ""9"": ""Missing""}",,,1.0,9.0
264,Q504_11,Q504_11.Please indicate your level of personal agreement/disagreement with each of this The law should prevent men from taking multiple wives,float64,1498,0,5,"{""1"": ""Strongly agree"", ""2"": ""Agree"", ""3"": ""Disagree"", ""4"": ""Strongly disagree"", ""6"": ""Do not know"", ""7"": ""Declined to answer"", ""9"": ""Missing""}",,,1.0,6.0
265,Q504_13,Q504_13.Please indicate your level of personal agreement/disagreement with each of this A female has the right to refuse to marry an individual chosen by her family without her consent,float64,1498,0,6,"{""1"": ""Strongly agree"", ""2"": ""Agree"", ""3"": ""Disagree"", ""4"": ""Strongly disagree"", ""6"": ""Do not know"", ""7"": ""Declined to answer"", ""9"": ""Missing""}",,,1.0,9.0
266,Q504_15,Q504_15.Please indicate your level of personal agreement/disagreement with each of this A woman must receive any entitlements she is due through inheritance/no woman is to be denied her inheritance,float64,1498,0,5,"{""1"": ""Strongly agree"", ""2"": ""Agree"", ""3"": ""Disagree"", ""4"": ""Strongly disagree"", ""6"": ""Do not know"", ""7"": ""Declined to answer"", ""9"": ""Missing""}",,,1.0,6.0
267,Q504_16,Q504_16.Please indicate your level of personal agreement/disagreement with each of this A woman is entitled to become a minister of state,float64,1498,0,5,"{""1"": ""Strongly agree"", ""2"": ""Agree"", ""3"": ""Disagree"", ""4"": ""Strongly disagree"", ""6"": ""Do not know"", ""7"": ""Declined to answer"", ""9"": ""Missing""}",,,1.0,6.0
268,Q504_17,Q504_17.Please indicate your level of personal agreement/disagreement with each of this The right to divorce should lie exclusively with the man,float64,1498,0,6,"{""1"": ""Strongly agree"", ""2"": ""Agree"", ""3"": ""Disagree"", ""4"": ""Strongly disagree"", ""6"": ""Do not know"", ""7"": ""Declined to answer"", ""9"": ""Missing""}",,,1.0,7.0
269,Q601,"Q601.In general, in your dealings with others, do you prefer to deal with",float64,1498,0,4,"{""1"": ""Religiously observant individuals"", ""2"": ""Individuals who are not religiously observant"", ""3"": ""I have no preference"", ""6"": ""Do not know"", ""7"": ""Declined to answer"", ""9"": ""Missing""}",,,1.0,6.0
270,Q602,"Q602.Regardless of whether or not you attend places of worship, do you consider yourself to be a",float64,1498,0,6,"{""1"": ""Very religious (religiously observant)"", ""2"": ""Religious (religiously observant) to some extent"", ""3"": ""Not religious (not religiously observant)"", ""4"": ""A non-believer"", ""6"": ""Do not know"", ""7"": ""Declined to answer"", ""9"": ""Missing""}",,,1.0,7.0
271,Q603,Q603.What is the single most important characteristic which an individual must possess in order to be considered religious?,float64,1498,0,8,"{""1"": ""Observes religious obligations and acts of worship"", ""2"": ""Possesses the characteristics of honesty and trustworthiness"", ""3"": ""Treats others kindly"", ""4"": ""Maintains the ties of kinship and supports his/her relatives"", ""5"": ""Helps the poor and needy"", ""6"": ""All the above"", ""7"": ""ocial solidarity"", ""9992"": ""Other"", ""9996"": ""Do not know"", ""9997"": ""Declined to answer"", ""9999"": ""Missing""}",,,1.0,9997.0
272,Q610_1,Q610_1.I would like you to tell me the extent of your agreement/disagreement with Religious leaders/clerics should not influence on voters’ electoral choices,float64,1498,0,6,"{""1"": ""Strongly agree"", ""2"": ""Agree"", ""3"": ""Disagree"", ""4"": ""Strongly disagreed"", ""6"": ""Do not know"", ""7"": ""Declined to answer"", ""9"": ""Missing""}",,,1.0,7.0
273,Q610_2,Q610_2.I would like you to tell me the extent of your agreement/disagreement with It would be best for my home country if religious individuals took leading positions within the state apparatus,float64,1498,0,6,"{""1"": ""Strongly agree"", ""2"": ""Agree"", ""3"": ""Disagree"", ""4"": ""Strongly disagreed"", ""6"": ""Do not know"", ""7"": ""Declined to answer"", ""9"": ""Missing""}",,,1.0,7.0
274,Q610_3,Q610_3.I would like you to tell me the extent of your agreement/disagreement with Religious leaders/clerics should not influence government decisions,float64,1498,0,6,"{""1"": ""Strongly agree"", ""2"": ""Agree"", ""3"": ""Disagree"", ""4"": ""Strongly disagreed"", ""6"": ""Do not know"", ""7"": ""Declined to answer"", ""9"": ""Missing""}",,,1.0,7.0
275,Q610_4,Q610_4.I would like you to tell me the extent of your agreement/disagreement with Religious practices are private affairs and should be separated from public (social and political) life,float64,1498,0,7,"{""1"": ""Strongly agree"", ""2"": ""Agree"", ""3"": ""Disagree"", ""4"": ""Strongly disagreed"", ""6"": ""Do not know"", ""7"": ""Declined to answer"", ""9"": ""Missing""}",,,1.0,9.0
276,Q610_5,Q610_5.I would like you to tell me the extent of your agreement/disagreement with The government has no right to use religion to win the support of the public for its policies,float64,1498,0,6,"{""1"": ""Strongly agree"", ""2"": ""Agree"", ""3"": ""Disagree"", ""4"": ""Strongly disagreed"", ""6"": ""Do not know"", ""7"": ""Declined to answer"", ""9"": ""Missing""}",,,1.0,7.0
277,Q610_6,Q610_6.I would like you to tell me the extent of your agreement/disagreement with Electoral candidates have the right to use religion as a means of winning voter support,float64,1498,0,6,"{""1"": ""Strongly agree"", ""2"": ""Agree"", ""3"": ""Disagree"", ""4"": ""Strongly disagreed"", ""6"": ""Do not know"", ""7"": ""Declined to answer"", ""9"": ""Missing""}",,,1.0,7.0
278,Q610_7,Q610_7.I would like you to tell me the extent of your agreement/disagreement with It would be best for my home country if religion was separated from politics,float64,1498,0,6,"{""1"": ""Strongly agree"", ""2"": ""Agree"", ""3"": ""Disagree"", ""4"": ""Strongly disagreed"", ""6"": ""Do not know"", ""7"": ""Declined to answer"", ""9"": ""Missing""}",,,1.0,7.0
279,Q610_8,Q610_8.I would like you to tell me the extent of your agreement/disagreement with Every individual who is not religiously observant is certainly a bad person,float64,1498,0,7,"{""1"": ""Strongly agree"", ""2"": ""Agree"", ""3"": ""Disagree"", ""4"": ""Strongly disagreed"", ""6"": ""Do not know"", ""7"": ""Declined to answer"", ""9"": ""Missing""}",,,1.0,9.0
280,Q610_9,Q610_9.I would like you to tell me the extent of your agreement/disagreement with No person/group has the right to declare those with different opinions on religious interpretations to be infidels,float64,1498,0,6,"{""1"": ""Strongly agree"", ""2"": ""Agree"", ""3"": ""Disagree"", ""4"": ""Strongly disagreed"", ""6"": ""Do not know"", ""7"": ""Declined to answer"", ""9"": ""Missing""}",,,1.0,7.0
281,Q610_11,Q610_11.I would like you to tell me the extent of your agreement/disagreement with No person/group has the right to declare followers of other religions to be infidels,float64,1498,0,6,"{""1"": ""Strongly agree"", ""2"": ""Agree"", ""3"": ""Disagree"", ""4"": ""Strongly disagreed"", ""6"": ""Do not know"", ""7"": ""Declined to answer"", ""9"": ""Missing""}",,,1.0,7.0
282,Q610_12,"Q610_12.I would like you to tell me the extent of your agreement/disagreement with In order to meet the demands of the modern-day economy, banks should be allowed to charge interest",float64,1498,0,6,"{""1"": ""Strongly agree"", ""2"": ""Agree"", ""3"": ""Disagree"", ""4"": ""Strongly disagreed"", ""6"": ""Do not know"", ""7"": ""Declined to answer"", ""9"": ""Missing""}",,,1.0,7.0
283,Q701,Q701.Which of the following three broad descriptions of the ties which bind the citizens of the Arab world together is closest to your opinion,float64,1498,0,6,"{""1"": ""Arabs constitute a single nation, separated by artificial borders"", ""2"": ""Arabs constitute a single nation, even if each people has its own specificities"", ""3"": ""The Arab people are distinct nations, tied together by only tenuous links"", ""6"": ""Do not know"", ""7"": ""Declined to answer"", ""9"": ""Missing""}",,,1.0,9.0
284,Q704,Q704.Which of the following statements on the Palestinian cause are you inclined towards the most?,float64,1498,0,5,"{""1"": ""The Palestinian cause is a cause for all Arabs and not the Palestinian people alone"", ""2"": ""The Palestinian cause is a cause of the Palestinians solely, and they alone should work to resolve it"", ""3"": ""I do not agree with either one of the above two statements"", ""6"": ""Do not know"", ""7"": ""Declined to answer"", ""9"": ""Missing""}",,,1.0,9.0
285,Q710_1,Q710_1.which country do you consider the most threatening to [the Arab world]?,float64,1498,0,9,"{""1"": ""The US"", ""2"": ""Israel"", ""3"": ""Iran"", ""4"": ""Turkey"", ""5"": ""European Countries"", ""6"": ""Arab Countries"", ""7"": ""“Islamic State” (ISIL/DAESH)"", ""8"": ""Russia"", ""9992"": ""Other"", ""9996"": ""Do not know"", ""9997"": ""Declined to answer"", ""9998"": ""There is no source that threatens the Arab region"", ""9999"": ""Missing""}",,,1.0,9998.0
286,Q710_2,Q710_2.which country do you consider the most threatening to [your home country]?,float64,1498,0,10,"{""1"": ""The US"", ""2"": ""Israel"", ""3"": ""Iran"", ""4"": ""The European Countries"", ""5"": ""“Islamic State” (ISIL/DAESH)"", ""6"": ""Semi-state armed organizations"", ""7"": ""Arab Countries"", ""8"": ""Neighboring Arab countries or Arab countries in the same region"", ""9"": ""Non-Arab neighbouring coutries or countries in the same region"", ""10"": ""Mali"", ""9992"": ""Other"", ""9996"": ""Do not know"", ""9997"": ""Declined to answer"", ""9998"": ""There is no threat to my country"", ""9999"": ""Missing""}",,,1.0,9998.0
287,Q712,Q712.Would you agree with your home country recognizing the state of Israel?,float64,1498,0,4,"{""1"": ""Agree"", ""2"": ""Disagree"", ""6"": ""Do not know"", ""7"": ""Declined to answer"", ""9"": ""Missing""}",,,1.0,7.0
288,Q713,Q713.Why do you agree?,float64,81,1417,9,"{""1"": ""Recognition has already happened and peace agreements have been signed"", ""2"": ""It could lead to a Palestinian State"", ""3"": ""It exists innevitably"", ""4"": ""Provided it recognizes a fully sovereign Palestinian state"", ""5"": ""In order to achieve peace and stability in the region"", ""6"": ""Because it is a strong state that we are unable to combat"", ""7"": ""Because of common interests and strengthening relationships"", ""8"": ""Because it is a State like any other with the the right to be a state"", ""9"": ""Because of its progress and development"", ""10"": ""Religious reasons"", ""9992"": ""Other"", ""9996"": ""Do not know"", ""9997"": ""Declined to answer"", ""9999"": ""Missing""}",,,2.0,9996.0
289,Q714,Q714.Why do you Disagree ?,float64,1372,126,12,"{""1"": ""Because it is a settler colonialist state and occupies Palestine"", ""2"": ""Because it is an expansionist state that wants to dominate or occupy other Arab countries"", ""3"": ""Because the state arose by ethnically cleansing Palestinians and continues to persecute them"", ""4"": ""Because it opposes Palestinian rights and continues to legitimize what it did to the Palestinian people"", ""5"": ""Because it is an entity that deals with Arabs in a hateful and racist way"", ""6"": ""Because it is a terrorist state and supports terrorism"", ""7"": ""Because it is an enemy to our country specifically and to the Arab people more generally"", ""8"": ""It does not respect the peace agreements"", ""9"": ""Because it threatens the stability and security of the region"", ""10"": ""Oppose for religious reasons"", ""11"": ""It is impossible for an Arab state to recognize the Israeli occupation"", ""12"": ""I do not agree with the existence of the state of Israel"", ""9992"": ""Other"", ""9996"": ""Do not know"", ""9997"": ""Declined to answer"", ""9999"": ""Missing""}",,,1.0,9997.0
290,Q715_1,Q715_1.I would like you to tell me to what extent you support/oppose these treaties: The 1978 Camp David Accords between Egypt and Israel,float64,1498,0,7,"{""1"": ""Support"", ""2"": ""Support to some extent"", ""3"": ""Oppose to some extent"", ""4"": ""Oppose"", ""6"": ""Do not know"", ""7"": ""Declined to answer"", ""9"": ""Missing""}",,,1.0,9.0
291,Q715_2,"Q715_2.I would like you to tell me to what extent you support/oppose these treaties: The 1993 Oslo Accords (including Annexes), between the PLO and Israel",float64,1498,0,7,"{""1"": ""Support"", ""2"": ""Support to some extent"", ""3"": ""Oppose to some extent"", ""4"": ""Oppose"", ""6"": ""Do not know"", ""7"": ""Declined to answer"", ""9"": ""Missing""}",,,1.0,9.0
292,Q715_3,Q715_3.I would like you to tell me to what extent you support/oppose these treaties: The 1994 Wadi Araba Treaty between Jordan and Israel,float64,1498,0,7,"{""1"": ""Support"", ""2"": ""Support to some extent"", ""3"": ""Oppose to some extent"", ""4"": ""Oppose"", ""6"": ""Do not know"", ""7"": ""Declined to answer"", ""9"": ""Missing""}",,,1.0,9.0
293,Q716,Q716.Do you support or oppose the presence of nuclear weapons within the Middle East?,float64,1498,0,5,"{""1"": ""Support"", ""2"": ""Oppose"", ""6"": ""Do not know"", ""7"": ""Declined to answer"", ""9"": ""Missing""}",,,1.0,9.0
294,Q719,Q719.Does Israel's possession of nuclear weapons justify other states in the region’s pursuit of such weapons?,float64,1498,0,5,"{""1"": ""Yes"", ""2"": ""No"", ""6"": ""Do not know"", ""7"": ""Declined to answer"", ""9"": ""Missing""}",,,1.0,9.0
295,Q801,"Q801.In your opinion, were the revolutions and the concomitant developments which took place during the year 2011, in general:",float64,1498,0,6,"{""1"": ""Very positive"", ""2"": ""Positive to some extent"", ""3"": ""Negative to some extent"", ""4"": ""Very negative"", ""6"": ""Do not know"", ""7"": ""Declined to answer"", ""9"": ""Missing""}",,,1.0,7.0
296,Q802,Q802.Why is it positive?,float64,793,705,13,"{""1"": ""Overthrew authoritarian regimes and established democratic laws"", ""2"": ""The people’s claim to their freedom and rights and in some cases their recovery of those rights and freedoms"", ""3"": ""It overthrew corrupt regimes and established a fight against corruption"", ""4"": ""It granted citizens freedom of expression"", ""5"": ""It ended oppression and created foundations to achieve justice and equality"", ""6"": ""It put the demands (or some of the demands) of the people into effect"", ""7"": ""It awakened the people and restoring their will and dignity"", ""8"": ""The Arab world will change for the better"", ""9"": ""It is positive but did not achieve any of its ambitions"", ""10"": ""Improvement of economic conditions"", ""9992"": ""positive reasons Other"", ""9996"": ""Do not know"", ""9997"": ""Declined to answer"", ""9999"": ""Missing""}",,,1.0,9997.0
297,Q803,Q803.Why is it negative?,float64,651,847,12,"{""1"": ""It didn’t achieve its objectives"", ""2"": ""The large human loss"", ""3"": ""The spread of chaos and insecurity"", ""4"": ""It led to the destruction of states and state institutions"", ""5"": ""The resulting crisis and instability in some countries"", ""6"": ""The deterioration of economic situations"", ""7"": ""A foreign conspiracy/encouraged by external forces"", ""8"": ""Against revolution"", ""9"": ""It served one group’s interests"", ""10"": ""It led to popular emigration"", ""11"": ""It led to the spread of administrative financial corruption"", ""9992"": ""Negative reasons Other"", ""9996"": ""Do not know"", ""9997"": ""Declined to answer"", ""9999"": ""Missing""}",,,1.0,9997.0
298,Q813,"Q813.Some demanded that early presidential elections be held, while others demanded that he remain in power until the end of his term. At the time, did you support:",float64,1498,0,5,"{""1"": ""Holding early presidential elections"", ""2"": ""Morsi remaining in power until the end of his term"", ""3"": ""The deposition of president Morsi"", ""4"": ""Not concerned with the matter"", ""9992"": ""Other"", ""9996"": ""Do not know"", ""9997"": ""Declined to answer"", ""9999"": ""Missing""}",,,1.0,9997.0
299,Q814,"Q814.Regardless of whether you supported or opposed Morsi to remaining in power, do you think that this decision/measure, in the way it was carried out, was",float64,1498,0,6,"{""1"": ""Very positive"", ""2"": ""Positive to some extent"", ""3"": ""Negative to some extent"", ""4"": ""Very negative"", ""6"": ""Do not know"", ""7"": ""Declined to answer"", ""9"": ""Missing""}",,,1.0,7.0
300,Q815,Q815.Why was it positive?,float64,465,1033,13,"{""1"": ""It was the will of the Egyptian people"", ""2"": ""To end the crisis and establish security and stability"", ""3"": ""To curb extremism and zealotry"", ""4"": ""Morsi failed as a leader"", ""5"": ""To curb the power of the Muslim Brotherhood"", ""6"": ""To eliminate terrorism"", ""7"": ""To support military rule"", ""8"": ""Because of Morsi’s bias towards the Muslim brotherhood"", ""9"": ""Morsi was an oppressive authoritarian"", ""10"": ""Because of Morsi’s foreign policy and positions"", ""11"": ""To curb the spread of sectarianism"", ""9992"": ""Positive reasons Other"", ""9996"": ""Do not know"", ""9997"": ""Declined to answer"", ""9999"": ""Missing""}",,,1.0,9997.0
301,Q816,Q816.Why was it negative?,float64,660,838,17,"{""1"": ""A military coup against the populace"", ""2"": ""It disregarded democratic transition and prevented the establishment of a democratic regime"", ""3"": ""An attack on the legitimacy of the elections and a violation of the Constitution"", ""4"": ""He should have completed his presidency"", ""5"": ""Because the decision was executed for the sake of foreign interests and agendas"", ""6"": "" It led to the deterioration of security conditions"", ""7"": ""It divided the Egyptian public and left it with no political stability"", ""8"": ""It brought back the previous leadership and military leadership"", ""9"": ""Morsi was working for the interests of the Egyptian people both at home and abroad"", ""10"": ""It was an attempt by Sisi to acquire the leadership"", ""11"": ""Early presidential elections should have been held"", ""12"": ""In order to exclude Islamist parties from participating in government"", ""13"": ""Nothing changed (for the better) and it led to the country’s deterioration"", ""14"": ""Because of the killings, detentions, and supression"", ""9992"": ""Negative reasons Other"", ""9996"": ""Do not know"", ""9997"": ""Declined to answer"", ""9999"": ""Missing""}",,,1.0,9997.0
302,Q817,"Q817.Do you believe that the deposition of President Morsi will have a positive or negative influence on the Palestinian cause, if any?",float64,0,1498,0,"{""1"": ""Positive influence"", ""2"": ""Negative influence"", ""3"": ""It won’t have any influemnce"", ""6"": ""Do not know"", ""7"": ""Declined to answer"", ""9"": ""Missing""}",,,,
303,Q819_1,Q819_1.Do you believe that the deposition of the president will have a positive or negative influence on Preventing Israeli aggression towards Palestinians,float64,0,1498,0,"{""1"": ""Positive"", ""2"": ""Somewhat positive"", ""3"": ""Neutral"", ""4"": ""Somewhat negative"", ""5"": ""Negative"", ""6"": ""Do not know"", ""7"": ""Declined to answer"", ""9"": ""Missing""}",,,,
304,Q819_2,Q819_2.Do you believe that the deposition of the president will have a positive or negative influence on Achieving Palestinian interests,float64,0,1498,0,"{""1"": ""Positive"", ""2"": ""Somewhat positive"", ""3"": ""Neutral"", ""4"": ""Somewhat negative"", ""5"": ""Negative"", ""6"": ""Do not know"", ""7"": ""Declined to answer"", ""9"": ""Missing""}",,,,
305,Q819_3,Q819_3.Do you believe that the deposition of the president will have a positive or negative influence on Preventing Israeli settlements on Palestinain Lands,float64,0,1498,0,"{""1"": ""Positive"", ""2"": ""Somewhat positive"", ""3"": ""Neutral"", ""4"": ""Somewhat negative"", ""5"": ""Negative"", ""6"": ""Do not know"", ""7"": ""Declined to answer"", ""9"": ""Missing""}",,,,
306,Q819_4,Q819_4.Do you believe that the deposition of the president will have a positive or negative influence on Lifting the siege on Gaza,float64,0,1498,0,"{""1"": ""Positive"", ""2"": ""Somewhat positive"", ""3"": ""Neutral"", ""4"": ""Somewhat negative"", ""5"": ""Negative"", ""6"": ""Do not know"", ""7"": ""Declined to answer"", ""9"": ""Missing""}",,,,
307,Q819_5,Q819_5.Do you believe that the deposition of the president will have a positive or negative influence on Preventing Israeli encroachment on Palestinian property,float64,0,1498,0,"{""1"": ""Positive"", ""2"": ""Somewhat positive"", ""3"": ""Neutral"", ""4"": ""Somewhat negative"", ""5"": ""Negative"", ""6"": ""Do not know"", ""7"": ""Declined to answer"", ""9"": ""Missing""}",,,,
308,Q819_6,Q819_6.Do you believe that the deposition of the president will have a positive or negative influence on The image of Palestinians in Egypt,float64,0,1498,0,"{""1"": ""Positive"", ""2"": ""Somewhat positive"", ""3"": ""Neutral"", ""4"": ""Somewhat negative"", ""5"": ""Negative"", ""6"": ""Do not know"", ""7"": ""Declined to answer"", ""9"": ""Missing""}",,,,
309,Q822_9,"Q822_9. In general, do you believe that the Arab revolutions have succeeded in achieving:  Consolidating the foundations for the peaceful transfer of power",float64,1498,0,6,"{""1"": ""Have succeeded in achieving"", ""2"": ""Will succeed in achieving in the short-term future (1-3 years)"", ""3"": ""Will succeed in achieving in the mid-term future (4-7 years)"", ""4"": ""Will succeed in achieving in the long-term future(8  or more years)"", ""5"": ""Will not succeed in achieving"", ""6"": ""Do not know"", ""7"": ""Declined to answer"", ""9"": ""Missing""}",,,1.0,6.0
310,Q822_11,"Q822_11. In general, do you believe that the Arab revolutions have succeeded in achieving:  Improving citizens' financial situations",float64,1498,0,6,"{""1"": ""Have succeeded in achieving"", ""2"": ""Will succeed in achieving in the short-term future (1-3 years)"", ""3"": ""Will succeed in achieving in the mid-term future (4-7 years)"", ""4"": ""Will succeed in achieving in the long-term future(8  or more years)"", ""5"": ""Will not succeed in achieving"", ""6"": ""Do not know"", ""7"": ""Declined to answer"", ""9"": ""Missing""}",,,1.0,6.0
311,Q822_12,"Q822_12. In general, do you believe that the Arab revolutions have succeeded in achieving:  Combating financial and administrative corruption",float64,1498,0,6,"{""1"": ""Have succeeded in achieving"", ""2"": ""Will succeed in achieving in the short-term future (1-3 years)"", ""3"": ""Will succeed in achieving in the mid-term future (4-7 years)"", ""4"": ""Will succeed in achieving in the long-term future(8  or more years)"", ""5"": ""Will not succeed in achieving"", ""6"": ""Do not know"", ""7"": ""Declined to answer"", ""9"": ""Missing""}",,,1.0,6.0
312,Q822_14,"Q822_14. In general, do you believe that the Arab revolutions have succeeded in achieving:  Respect for citizens’ rights and dignity",float64,1498,0,6,"{""1"": ""Have succeeded in achieving"", ""2"": ""Will succeed in achieving in the short-term future (1-3 years)"", ""3"": ""Will succeed in achieving in the mid-term future (4-7 years)"", ""4"": ""Will succeed in achieving in the long-term future(8  or more years)"", ""5"": ""Will not succeed in achieving"", ""6"": ""Do not know"", ""7"": ""Declined to answer"", ""9"": ""Missing""}",,,1.0,6.0
313,Q822_15,"Q822_15. In general, do you believe that the Arab revolutions have succeeded in achieving:  Ensuring general and political freedoms",float64,1498,0,6,"{""1"": ""Have succeeded in achieving"", ""2"": ""Will succeed in achieving in the short-term future (1-3 years)"", ""3"": ""Will succeed in achieving in the mid-term future (4-7 years)"", ""4"": ""Will succeed in achieving in the long-term future(8  or more years)"", ""5"": ""Will not succeed in achieving"", ""6"": ""Do not know"", ""7"": ""Declined to answer"", ""9"": ""Missing""}",,,1.0,6.0
314,Q827,Q827.Which of the following two statements more closely matches your point of view?,float64,1498,0,7,"{""1"": "" Strongly agree  (with 1)"", ""2"": "" Agree (with 1)"", ""3"": ""Strongly agree (with 2)"", ""4"": ""Agree (with 2)"", ""5"": ""Disagree with both statements"", ""6"": ""Do not know"", ""7"": ""Declined to answer"", ""9"": ""Missing""}",,,1.0,7.0
315,V827,V827.Which of the following two statements more closely matches your point of view?,float64,1498,0,5,"{""1"": ""The Arab Spring is now going through a phase of difficult obstacles, but will eventually achieve its aims"", ""2"": ""The Arab Spring has ended, and the former regimes are now returning to power"", ""5"": ""Disagree with both statements"", ""6"": ""Do not know"", ""7"": ""Declined to answer"", ""9"": ""Missing""}",,,1.0,7.0
316,Q828_1,"Q828_1.In your opinion, how important is The security breakdown in specific countries factors in preventing the Arab Spring from achieving its aims:",float64,1498,0,7,"{""1"": ""Important"", ""2"": ""Important, to some extent"", ""3"": ""Unimportant, to some extent"", ""4"": ""Completely unimportant"", ""6"": ""Do not know"", ""7"": ""Declined to answer"", ""9"": ""Missing""}",,,1.0,9.0
317,Q828_2,"Q828_2.In your opinion, how important is The deterioration of economic conditions and living standards factors in preventing the Arab Spring from achieving its aims:",float64,1498,0,6,"{""1"": ""Important"", ""2"": ""Important, to some extent"", ""3"": ""Unimportant, to some extent"", ""4"": ""Completely unimportant"", ""6"": ""Do not know"", ""7"": ""Declined to answer"", ""9"": ""Missing""}",,,1.0,9.0
318,Q828_3,"Q828_3.In your opinion, how important is Agitation by the remnants of the former regimes factors in preventing the Arab Spring from achieving its aims:",float64,1498,0,7,"{""1"": ""Important"", ""2"": ""Important, to some extent"", ""3"": ""Unimportant, to some extent"", ""4"": ""Completely unimportant"", ""6"": ""Do not know"", ""7"": ""Declined to answer"", ""9"": ""Missing""}",,,1.0,9.0
319,Q828_4,"Q828_4.In your opinion, how important is The actions of Islamist political parties factors in preventing the Arab Spring from achieving its aims:",float64,1498,0,7,"{""1"": ""Important"", ""2"": ""Important, to some extent"", ""3"": ""Unimportant, to some extent"", ""4"": ""Completely unimportant"", ""6"": ""Do not know"", ""7"": ""Declined to answer"", ""9"": ""Missing""}",,,1.0,9.0
320,Q828_5,"Q828_5.In your opinion, how important is The actions of non-Islamist (secular) political parties factors in preventing the Arab Spring from achieving its aims:",float64,1498,0,7,"{""1"": ""Important"", ""2"": ""Important, to some extent"", ""3"": ""Unimportant, to some extent"", ""4"": ""Completely unimportant"", ""6"": ""Do not know"", ""7"": ""Declined to answer"", ""9"": ""Missing""}",,,1.0,9.0
321,Q828_6,"Q828_6.In your opinion, how important is Positions taken by specific Arab regimes factors in preventing the Arab Spring from achieving its aims:",float64,1498,0,6,"{""1"": ""Important"", ""2"": ""Important, to some extent"", ""3"": ""Unimportant, to some extent"", ""4"": ""Completely unimportant"", ""6"": ""Do not know"", ""7"": ""Declined to answer"", ""9"": ""Missing""}",,,1.0,9.0
322,Q828_7,"Q828_7.In your opinion, how important is Foreign intervention factors in preventing the Arab Spring from achieving its aims:",float64,1498,0,6,"{""1"": ""Important"", ""2"": ""Important, to some extent"", ""3"": ""Unimportant, to some extent"", ""4"": ""Completely unimportant"", ""6"": ""Do not know"", ""7"": ""Declined to answer"", ""9"": ""Missing""}",,,1.0,9.0
323,Q828_8,"Q828_8.In your opinion, how important is Agitation by the media factors in preventing the Arab Spring from achieving its aims:",float64,1498,0,6,"{""1"": ""Important"", ""2"": ""Important, to some extent"", ""3"": ""Unimportant, to some extent"", ""4"": ""Completely unimportant"", ""6"": ""Do not know"", ""7"": ""Declined to answer"", ""9"": ""Missing""}",,,1.0,9.0
324,Q828_9,"Q828_9.In your opinion, how important is Positions taken by security/police agencies factors in preventing the Arab Spring from achieving its aims:",float64,1498,0,7,"{""1"": ""Important"", ""2"": ""Important, to some extent"", ""3"": ""Unimportant, to some extent"", ""4"": ""Completely unimportant"", ""6"": ""Do not know"", ""7"": ""Declined to answer"", ""9"": ""Missing""}",,,1.0,9.0
325,Q828_10,"Q828_10.In your opinion, how important is The emergence of extremist groups factors in preventing the Arab Spring from achieving its aims:",float64,1498,0,7,"{""1"": ""Important"", ""2"": ""Important, to some extent"", ""3"": ""Unimportant, to some extent"", ""4"": ""Completely unimportant"", ""6"": ""Do not know"", ""7"": ""Declined to answer"", ""9"": ""Missing""}",,,1.0,9.0
326,Q828_11,"Q828_11.In your opinion, how important is Positions taken by armed forces of Arab countries   factors in preventing the Arab Spring from achieving its aims:",float64,1498,0,7,"{""1"": ""Important"", ""2"": ""Important, to some extent"", ""3"": ""Unimportant, to some extent"", ""4"": ""Completely unimportant"", ""6"": ""Do not know"", ""7"": ""Declined to answer"", ""9"": ""Missing""}",,,1.0,9.0
327,Q828_12,"Q828_12.In your opinion, how important is Actions of prominent businessmen factors in preventing the Arab Spring from achieving its aims:",float64,1498,0,7,"{""1"": ""Important"", ""2"": ""Important, to some extent"", ""3"": ""Unimportant, to some extent"", ""4"": ""Completely unimportant"", ""6"": ""Do not know"", ""7"": ""Declined to answer"", ""9"": ""Missing""}",,,1.0,9.0
328,Q828_13,"Q828_13.In your opinion, how important is Actions of senior-level civil servants factors in preventing the Arab Spring from achieving its aims:",float64,1498,0,7,"{""1"": ""Important"", ""2"": ""Important, to some extent"", ""3"": ""Unimportant, to some extent"", ""4"": ""Completely unimportant"", ""6"": ""Do not know"", ""7"": ""Declined to answer"", ""9"": ""Missing""}",,,1.0,9.0
329,Q828_14,"Q828_14.In your opinion, how important is An excess of protests and strikes and labor/union sectorial demands factors in preventing the Arab Spring from achieving its aims:",float64,1498,0,6,"{""1"": ""Important"", ""2"": ""Important, to some extent"", ""3"": ""Unimportant, to some extent"", ""4"": ""Completely unimportant"", ""6"": ""Do not know"", ""7"": ""Declined to answer"", ""9"": ""Missing""}",,,1.0,9.0
330,Q829_1,Q829_1.what is the Most important factors from the following list that contributed to the failure of the Arab Spring /failure to achieve its objectives?,float64,1454,44,15,"{""1"": ""Deterioration of security in some countries"", ""2"": ""Deterioration of economic and living conditions"", ""3"": ""Incitement of the remenants/forces of the previous regimes"", ""4"": ""The behaviour of Islamist political parties"", ""5"": ""Behaviour of the non-Islamist/secular political parties"", ""6"": ""Foreign interference"", ""7"": ""Incitement of the media"", ""8"": ""Emergence of extremist movements"", ""9"": ""The positions of Arab militaries/security apparatus"", ""10"": ""Politcal conflict between revolutionary forces"", ""11"": ""Lack of popular ingrained democratic culture"", ""12"": ""Societal divisons between sects, tribes, regional, or ethnic groups"", ""13"": ""The extent of protests and labour strikes"", ""14"": ""The positions of some Arab regimes"", ""15"": ""The behaviour of business owners"", ""16"": ""Behaviour of civil servants"", ""17"": ""reasons Other"", ""96"": ""Do not know"", ""97"": ""Declined to answer"", ""98"": ""No other reply"", ""99"": ""Missing""}",,,1.0,96.0
331,Q829_2,Q829_2.what is the 2nd most important factors from the following list that contributed to the failure of the Arab Spring /failure to achieve its objectives?,float64,1437,61,15,"{""1"": ""Deterioration of security in some countries"", ""2"": ""Deterioration of economic and living conditions"", ""3"": ""Incitement of the remenants/forces of the previous regimes"", ""4"": ""The behaviour of Islamist political parties"", ""5"": ""Behaviour of the non-Islamist/secular political parties"", ""6"": ""Foreign interference"", ""7"": ""Incitement of the media"", ""8"": ""Emergence of extremist movements"", ""9"": ""The positions of Arab militaries/security apparatus"", ""10"": ""Politcal conflict between revolutionary forces"", ""11"": ""Lack of popular ingrained democratic culture"", ""12"": ""Societal divisons between sects, tribes, regional, or ethnic groups"", ""13"": ""The extent of protests and labour strikes"", ""14"": ""The positions of some Arab regimes"", ""15"": ""The behaviour of business owners"", ""16"": ""Behaviour of civil servants"", ""17"": ""reasons Other"", ""96"": ""Do not know"", ""97"": ""Declined to answer"", ""98"": ""No other reply"", ""99"": ""Missing""}",,,1.0,98.0
332,Q832,Q832.Do you have any fears surrounding Islamist political movements coming to power:,float64,1498,0,5,"{""1"": ""Yes, I have many fears"", ""2"": ""Yes, I have some fears"", ""3"": ""No, I do not have any fears"", ""6"": ""Do not know"", ""7"": ""Declined to answer"", ""9"": ""Missing""}",,,1.0,7.0
333,Q833,Q833.What is the most significant of these fears?,float64,878,620,19,"{""1"": ""Authoritarianism and hegemony"", ""2"": ""Discrimination between citizens and a lack of justice or equality"", ""3"": ""Attempts to forward party or personal interests at the expense of public interest"", ""4"": ""Reducing women’s rights"", ""5"": ""Restricting citizens’s personal rights"", ""6"": ""Incorrect application of religion"", ""7"": ""Exploition of religion to achieve objectives"", ""8"": ""Their subservience to foreign parties"", ""9"": ""Puritism, zealotry, and extremism"", ""10"": ""Negative impact on relations with Western countries"", ""11"": ""Incompetence and inability to take responsibility."", ""12"": ""Imposing their opinions and beliefs"", ""13"": ""The spread of extremism and chaos"", ""14"": ""Relisious and sectarian discriminatiom"", ""17"": ""Don’t trust them"", ""18"": ""Lack of political stability and the deterioration of security conditions"", ""19"": ""The application of Islamic law and the establishment of an Islamic state"", ""20"": ""Distortion of Islam and incorrect application of religion"", ""21"": ""Polarization and division of the populace"", ""9992"": ""Other"", ""9996"": ""Do not know"", ""9997"": ""Declined to answer"", ""9999"": ""Missing""}",,,1.0,9997.0
334,Q834,Q834.Do you have any fears surrounding Non-Islamist (secular) political movements coming to power:,float64,1498,0,5,"{""1"": ""Yes, I have many fears"", ""2"": ""Yes, I have some fears"", ""3"": ""No, I do not have any fears"", ""6"": ""Do not know"", ""7"": ""Declined to answer"", ""9"": ""Missing""}",,,1.0,7.0
335,Q835,Q835.What is the most significant of these fears?,float64,449,1049,19,"{""1"": ""Authoritarianism and hegemony"", ""2"": ""Discrimination between citizens and a lack of justice or equality"", ""3"": ""Attempts to forward party or personal interests at the expense of public interest"", ""4"": ""Deterioration of security and ensuing chaos"", ""5"": ""Imposing their beliefs and ideas on society"", ""6"": ""Breakdown of morals"", ""7"": ""Restriction of freedoms, especially religious freedom"", ""8"": ""Subservience to foreign parties"", ""9"": ""Imposing values that are incompatible with our values, customs, and traditions"", ""10"": ""Their objectives and plans are unclear"", ""11"": ""Incompetence and inability to govern"", ""12"": ""Not maintaining a Muslim Arab identity"", ""13"": ""Their position is anti-Islam and they work to distort the image of Islam"", ""14"": ""They are irreligious and they discriminate against religious people"", ""15"": ""Abandoning Islam as a source of legislation"", ""16"": ""Disrespect for religion or the principles of religious people"", ""17"": ""Don’t trust them"", ""18"": ""Political instability and the deterioration of the country"", ""9992"": ""Other"", ""9996"": ""Do not know"", ""9997"": ""Declined to answer"", ""9999"": ""Missing""}",,,1.0,9997.0
336,Q836_1,Q836_1.do you have any anxieties or fears with regards to: That Islamist political movements will not respect the principle of a peaceful hand-over of power,float64,1498,0,5,"{""1"": ""Yes"", ""2"": ""No"", ""6"": ""Do not know"", ""7"": ""Declined to answer"", ""9"": ""Missing""}",,,1.0,9.0
337,Q836_2,Q836_2.do you have any anxieties or fears with regards to: That Islamist political movements will use religion to impose restrictions on personal freedoms,float64,1498,0,5,"{""1"": ""Yes"", ""2"": ""No"", ""6"": ""Do not know"", ""7"": ""Declined to answer"", ""9"": ""Missing""}",,,1.0,9.0
338,Q836_3,Q836_3.do you have any anxieties or fears with regards to: That Islamist political movements will make use of religion to censor creative and artistic/cultural works,float64,1498,0,5,"{""1"": ""Yes"", ""2"": ""No"", ""6"": ""Do not know"", ""7"": ""Declined to answer"", ""9"": ""Missing""}",,,1.0,9.0
339,Q836_4,Q836_4.do you have any anxieties or fears with regards to: That Islamist political movements will come to be the arbiters of religious issues,float64,1498,0,5,"{""1"": ""Yes"", ""2"": ""No"", ""6"": ""Do not know"", ""7"": ""Declined to answer"", ""9"": ""Missing""}",,,1.0,9.0
340,Q836_5,Q836_5.do you have any anxieties or fears with regards to: That Islamist political movements will censor the press,float64,1498,0,5,"{""1"": ""Yes"", ""2"": ""No"", ""6"": ""Do not know"", ""7"": ""Declined to answer"", ""9"": ""Missing""}",,,1.0,9.0
341,Q836_6,Q836_6.do you have any anxieties or fears with regards to: That Islamist political movements will restrict the rights which women have hitherto gained,float64,1498,0,5,"{""1"": ""Yes"", ""2"": ""No"", ""6"": ""Do not know"", ""7"": ""Declined to answer"", ""9"": ""Missing""}",,,1.0,9.0
342,Q836_7,Q836_7.do you have any anxieties or fears with regards to: That Islamist political movements will give preferential treatment to those who are more religious/religiously observant,float64,1498,0,5,"{""1"": ""Yes"", ""2"": ""No"", ""6"": ""Do not know"", ""7"": ""Declined to answer"", ""9"": ""Missing""}",,,1.0,9.0
343,Q836_8,Q836_8.do you have any anxieties or fears with regards to: That Islamist political movements will not adopt competence as a criterion for making appointments in the public sector,float64,1498,0,5,"{""1"": ""Yes"", ""2"": ""No"", ""6"": ""Do not know"", ""7"": ""Declined to answer"", ""9"": ""Missing""}",,,1.0,9.0
344,Q901_1,Q901_1.How would you describe your level of knowledge about The USA?,float64,1498,0,5,"{""1"": ""Very good"", ""2"": ""Good"", ""3"": ""Limited knowledge"", ""4"": ""I hardly know anything about"", ""7"": ""Declined to answer"", ""9"": ""Missing""}",,,1.0,7.0
345,Q901_2,Q901_2.How would you describe your level of knowledge about The Russia?,float64,1498,0,5,"{""1"": ""Very good"", ""2"": ""Good"", ""3"": ""Limited knowledge"", ""4"": ""I hardly know anything about"", ""7"": ""Declined to answer"", ""9"": ""Missing""}",,,1.0,7.0
346,Q902_11,Q902_11.Which of the following sources do you often use to get most of your information about the USA? First answer,float64,1472,26,11,"{""1"": ""From school/ university in the home country"", ""2"": ""Through living in that country: for study, work, or other reasons"", ""3"": ""Films/movies"", ""4"": ""TV, radio, newspapers and magazines"", ""5"": ""Books"", ""6"": ""Music"", ""7"": ""The internet"", ""8"": ""Friends, acquaintances and family"", ""9"": ""I have no information on that country"", ""999"": ""Missing"", ""9992"": ""Other"", ""9996"": ""Do not know"", ""9997"": ""Declined to answer""}",,,1.0,9997.0
347,Q902_12,Q902_12.Which of the following sources do you often use to get most of your information about the USA? Second answer,float64,1254,244,10,"{""1"": ""From school/ university in the home country"", ""2"": ""Through living in that country: for study, work, or other reasons"", ""3"": ""Films/movies"", ""4"": ""TV, radio, newspapers and magazines"", ""5"": ""Books"", ""6"": ""Music"", ""7"": ""The internet"", ""8"": ""Friends, acquaintances and family"", ""9"": ""I have no information on that country"", ""999"": ""Missing"", ""9992"": ""Other"", ""9996"": ""Do not know"", ""9997"": ""Declined to answer"", ""9998"": ""No other answer""}",,,1.0,9998.0
348,Q902_21,Q902_21.Which of the following sources do you often use to get most of your information about Russia? First answer,float64,1462,36,11,"{""1"": ""From school/ university in the home country"", ""2"": ""Through living in that country: for study, work, or other reasons"", ""3"": ""Films/movies"", ""4"": ""TV, radio, newspapers and magazines"", ""5"": ""Books"", ""6"": ""Music"", ""7"": ""The internet"", ""8"": ""Friends, acquaintances and family"", ""9"": ""I have no information on that country"", ""999"": ""Missing"", ""9992"": ""Other"", ""9996"": ""Do not know"", ""9997"": ""Declined to answer""}",,,1.0,9997.0
349,Q902_22,Q902_22.Which of the following sources do you often use to get most of your information about Russia? Second answer,float64,1186,312,10,"{""1"": ""From school/ university in the home country"", ""2"": ""Through living in that country: for study, work, or other reasons"", ""3"": ""Films/movies"", ""4"": ""TV, radio, newspapers and magazines"", ""5"": ""Books"", ""6"": ""Music"", ""7"": ""The internet"", ""8"": ""Friends, acquaintances and family"", ""9"": ""I have no information on that country"", ""999"": ""Missing"", ""9992"": ""Other"", ""9996"": ""Do not know"", ""9997"": ""Declined to answer"", ""9998"": ""No other answer""}",,,1.0,9998.0
350,Q903_1,"Q903_1.In general, how would you describe your attitudes towards (Russia): are they positive, positive to some extent, negative to some extent, or negative?",float64,1498,0,6,"{""1"": ""Positive"", ""2"": ""Positive to some extent"", ""3"": ""Negative to some extent"", ""4"": ""Negative"", ""6"": ""Do not know"", ""7"": ""Declined to answer"", ""9"": ""Missing""}",,,1.0,7.0
351,Q904_1_1,Q904_1_1.Why are your attitudes towards Russia positive,float64,668,830,16,"{""1"": ""Because it is a globally influentual country especially militarily and politically"", ""2"": ""Because of its positive positions towards the Arab people and countries"", ""3"": ""It is a trustworthy country with good relations with the Arab countries"", ""4"": ""Because it offers economic assistance to my country and generally to other Arab countries and poor countries around the"", ""5"": ""It supports the Palestinian cause"", ""6"": ""It tries to bring about peace and stability and enhance security in the region"", ""7"": ""It confronts the US and creates a balance for the world powers"", ""8"": ""It is a peaceful and neutral country"", ""9"": ""It does not intervene in our internal political issues"", ""10"": ""Positive traits concerning the Russian people"", ""11"": ""It supports democracy and human rights"", ""12"": ""Because of its support for the Syrian regime"", ""13"": ""Supporting the new regime in gypt"", ""14"": ""Because of its positive positions towards the Arab people and countries"", ""16"": ""positive reasons Other"", ""9992"": ""reasons Other"", ""9996"": ""Do not know"", ""9997"": ""Declined to answer"", ""9999"": ""Missing""}",,,1.0,9997.0
352,Q904_1_2,Q904_1_2.Why are your attitutudes towards Russia negative?,float64,422,1076,19,"{""1"": ""Supporting Bashar Al Assad and his regime against the Syrian people"", ""2"": ""It has economic ambitions in the region and exploits Arab citizens to achieve them"", ""3"": ""Its positions against Arabs"", ""4"": ""It os anti-Islam"", ""5"": ""Tries to impose control on the region"", ""6"": ""Occupying and colonial power"", ""7"": ""It tries to divide Arabs and destroy the region"", ""8"": ""Anti-Arab Spring and supports the Authoritarian regimes"", ""9"": ""It supports terrorism"", ""10"": ""Its interference in the domestic affairs of states"", ""11"": ""Its regional foreign policy"", ""12"": ""Its support for Israel"", ""13"": ""Threatens the security and stability of the region"", ""14"": ""Social, cultural, and religious reasons"", ""15"": ""Its support for Iran"", ""16"": ""Authoritarian, racist, and sectarian country"", ""17"": ""negative reasons Other"", ""9992"": ""reasons Other"", ""9996"": ""Do not know"", ""9997"": ""Declined to answer"", ""9999"": ""Missing""}",,,1.0,9997.0
353,Q903_2,"Q903_2.In general, how would you describe your attitudes towards (The USA): are they positive, positive to some extent, negative to some extent, or negative?",float64,1498,0,6,"{""1"": ""Positive"", ""2"": ""Positive to some extent"", ""3"": ""Negative to some extent"", ""4"": ""Negative"", ""6"": ""Do not know"", ""7"": ""Declined to answer"", ""9"": ""Missing""}",,,1.0,7.0
354,Q904_2_1,Q904_2_1.Why are your attitudes towards the US positive?,float64,499,999,13,"{""1"": ""It does not support the Syrian regime"", ""2"": ""Because it offers economic assistance to Arab countries/my country"", ""3"": ""Good relations with Arab countries"", ""4"": ""Highly developed country in terms of technology and progress"", ""5"": ""Works to bring peace and stability to the region"", ""6"": ""Impressed by its economic and political might"", ""7"": ""Democratic country that supports democracy"", ""8"": ""Respects and defends human rights"", ""9"": ""Fights against terror and extremism"", ""10"": ""Americans have positive characteristics"", ""11"": ""Impressed by the country (its policies and treatment of its citizens) and its people"", ""9992"": ""positive reasons Other"", ""9996"": ""Do not know"", ""9997"": ""Declined to answer"", ""9999"": ""Missing""}",,,2.0,9997.0
355,Q904_2_2,Q904_2_2.Why are your attitudes towards the US negative?,float64,753,745,14,"{""1"": ""Supports corrupt authoritarian regimes in the Arab region"", ""2"": ""Supports Israel"", ""3"": ""Anti-Islam and Muslims"", ""4"": ""Fuels conflicts and threatens the stability and security of the Arab region"", ""5"": ""Supports terrorism and extremism"", ""6"": ""Colonial Occupying power (Afghanistan and Iraq in particular)"", ""7"": ""Its positions and policies are hostile to Arab countries and harm their interests"", ""8"": ""Interference in domestic affairs of our countries and other countries around the world"", ""9"": ""It looks out for its own interests at the expense of the Arab coutries"", ""10"": ""Tries to impose global control and sieze other countries’ wealth"", ""11"": ""The American people/society have negative characteristics"", ""12"": ""Negative position towards the Syrian Crisis"", ""9992"": ""negative reasons Other"", ""9996"": ""Do not know"", ""9997"": ""Declined to answer"", ""9999"": ""Missing""}",,,1.0,9997.0
356,Q905_1,Q905_1.which of the two countries listed below would you choose in order to Complete university education for yourself or for a member of your family,float64,1498,0,5,"{""1"": ""Russia"", ""2"": ""USA"", ""3"": ""Other, please specify"", ""9996"": ""Do not know"", ""9997"": ""Declined to answer"", ""9999"": ""Missing""}",,,1.0,9997.0
357,Q905_2,Q905_2.which of the two countries listed below would you choose in order to Work abroad,float64,1498,0,5,"{""1"": ""Russia"", ""2"": ""USA"", ""3"": ""Other, please specify"", ""9996"": ""Do not know"", ""9997"": ""Declined to answer"", ""9999"": ""Missing""}",,,1.0,9997.0
358,Q905_3,Q905_3.which of the two countries listed below would you choose in order to Emigrate to,float64,1498,0,5,"{""1"": ""Russia"", ""2"": ""USA"", ""3"": ""Other, please specify"", ""9996"": ""Do not know"", ""9997"": ""Declined to answer"", ""9999"": ""Missing""}",,,1.0,9997.0
359,Q905_4,Q905_4.which of the two countries listed below would you choose in order to Purchase imported products from,float64,1498,0,5,"{""1"": ""Russia"", ""2"": ""USA"", ""3"": ""Other, please specify"", ""9996"": ""Do not know"", ""9997"": ""Declined to answer"", ""9999"": ""Missing""}",,,1.0,9997.0
360,Q905_5,Q905_5.which of the two countries listed below would you choose in order to Visit for tourism,float64,1498,0,5,"{""1"": ""Russia"", ""2"": ""USA"", ""3"": ""Other, please specify"", ""9996"": ""Do not know"", ""9997"": ""Declined to answer"", ""9999"": ""Missing""}",,,1.0,9997.0
361,Q905_6,Q905_6.which of the two countries listed below would you choose in order to Visit for medical treatment,float64,1498,0,5,"{""1"": ""Russia"", ""2"": ""USA"", ""3"": ""Other, please specify"", ""9996"": ""Do not know"", ""9997"": ""Declined to answer"", ""9999"": ""Missing""}",,,1.0,9997.0
362,Q905_7,Q905_7.which of the two countries listed below would you choose in order to Business/commerce,float64,1498,0,5,"{""1"": ""Russia"", ""2"": ""USA"", ""3"": ""Other, please specify"", ""9996"": ""Do not know"", ""9997"": ""Declined to answer"", ""9999"": ""Missing""}",,,1.0,9997.0
363,Q905_8,Q905_8.which of the two countries listed below would you choose in order to Training in your field of work,float64,1498,0,5,"{""1"": ""Russia"", ""2"": ""USA"", ""3"": ""Other, please specify"", ""9996"": ""Do not know"", ""9997"": ""Declined to answer"", ""9999"": ""Missing""}",,,1.0,9997.0
364,Q906_1,"Q906_1.Regardless of the foreign policy of USA , my view of the people of  USA is",float64,1498,0,6,"{""1"": ""Positive"", ""2"": ""Positive to some extent"", ""3"": ""Neither positive nor negative (Do not read)"", ""4"": ""Negative to some extent"", ""5"": ""Negative"", ""6"": ""Do not know"", ""7"": ""Declined to answer"", ""9"": ""Missing""}",,,1.0,6.0
365,Q906_2,"Q906_2.Regardless of the foreign policy of Russia , my view of the people of  Russia is",float64,1498,0,6,"{""1"": ""Positive"", ""2"": ""Positive to some extent"", ""3"": ""Neither positive nor negative (Do not read)"", ""4"": ""Negative to some extent"", ""5"": ""Negative"", ""6"": ""Do not know"", ""7"": ""Declined to answer"", ""9"": ""Missing""}",,,1.0,6.0
366,Q907_1_1,Q907_1_1.to what extent do you think that the (Russian) society/ people Is democratic,float64,1498,0,12,"{""1"": ""the Russian society is not democratic at all"", ""10"": ""the Russian society is completely democratic"", ""96"": ""Do not know"", ""97"": ""Declined to answer"", ""99"": ""Missing""}",,,1.0,99.0
367,Q907_1_2,Q907_1_2.to what extent do you think that the (Russian) society/ people Has a fair judicial system,float64,1498,0,13,"{""1"": ""the Russian society is not Has a fair judicial system at all"", ""10"": ""the Russian society is completely Has a fair judicial system"", ""96"": ""Do not know"", ""97"": ""Declined to answer"", ""99"": ""Missing""}",,,1.0,99.0
368,Q907_1_3,Q907_1_3.to what extent do you think that the (Russian) society/ people Media organizations enjoy credibility,float64,1498,0,13,"{""1"": ""the Russian society is not Media organizations enjoy credibility at all"", ""10"": ""the Russian society is completely Media organizations enjoy credibility"", ""96"": ""Do not know"", ""97"": ""Declined to answer"", ""99"": ""Missing""}",,,1.0,99.0
369,Q907_1_4,Q907_1_4.to what extent do you think that the (Russian) society/ people Ensures gender equality,float64,1498,0,13,"{""1"": ""the Russian society is not Ensures gender equality at all"", ""10"": ""the Russian society is completely Ensures gender equality"", ""96"": ""Do not know"", ""97"": ""Declined to answer"", ""99"": ""Missing""}",,,1.0,99.0
370,Q907_1_5,Q907_1_5.to what extent do you think that the (Russian) society/ people Respects minority rights,float64,1498,0,13,"{""1"": ""the Russian society is not Respects minority rights at all"", ""10"": ""the Russian society is completely Respects minority rights"", ""96"": ""Do not know"", ""97"": ""Declined to answer"", ""99"": ""Missing""}",,,1.0,99.0
371,Q907_1_6,Q907_1_6.to what extent do you think that the (Russian) society/ people Is religiously observant,float64,1498,0,13,"{""1"": ""the Russian society is not Is religiously observant at all"", ""10"": ""the Russian society is completely Is religiously observant"", ""96"": ""Do not know"", ""97"": ""Declined to answer"", ""99"": ""Missing""}",,,1.0,99.0
372,Q907_1_7,Q907_1_7.to what extent do you think that the (Russian) society/ people Abides by the law,float64,1498,0,13,"{""1"": ""the Russian society is not Abides by the law at all"", ""10"": ""the Russian society is completely Abides by the law"", ""96"": ""Do not know"", ""97"": ""Declined to answer"", ""99"": ""Missing""}",,,1.0,99.0
373,Q907_1_8,Q907_1_8.to what extent do you think that the (Russian) society/ people Is technologically advanced,float64,1498,0,12,"{""1"": ""the Russian society is not technologically advanced at all"", ""10"": ""the Russian society is completely technologically advanced"", ""96"": ""Do not know"", ""97"": ""Declined to answer"", ""99"": ""Missing""}",,,1.0,97.0
374,Q907_1_9,Q907_1_9.to what extent do you think that the (Russian) society/ people Respects individual liberties,float64,1498,0,13,"{""1"": ""the Russian society is not Respects individual liberties at all"", ""10"": ""the Russian society is completely Respects individual liberties"", ""96"": ""Do not know"", ""97"": ""Declined to answer"", ""99"": ""Missing""}",,,1.0,99.0
375,Q907_1_10,Q907_1_10.to what extent do you think that the (Russian) society/ people Values individual efforts,float64,1498,0,13,"{""1"": ""the Russian society is not Values individual efforts at all"", ""10"": ""the Russian society is completely Values individual efforts"", ""96"": ""Do not know"", ""97"": ""Declined to answer"", ""99"": ""Missing""}",,,1.0,99.0
376,Q907_1_11,Q907_1_11.to what extent do you think that the (Russian) society/ people Is tolerant,float64,1498,0,13,"{""1"": ""the Russian society is not tolerant at all"", ""10"": ""the Russian society is completely tolerant"", ""96"": ""Do not know"", ""97"": ""Declined to answer"", ""99"": ""Missing""}",,,1.0,99.0
377,Q907_2_1,Q907_2_1.to what extent do you think that the (USA) society/ people Is democratic,float64,1498,0,13,"{""1"": ""the American society is not democratic at all"", ""10"": ""the American society is completely democratic"", ""96"": ""Do not know"", ""97"": ""Declined to answer"", ""99"": ""Missing""}",,,1.0,99.0
378,Q907_2_2,Q907_2_2.to what extent do you think that the (USA) society/ people Has a fair judicial system,float64,1498,0,13,"{""1"": ""the American society is not Has a fair judicial system at all"", ""10"": ""the American society is completely Has a fair judicial system"", ""96"": ""Do not know"", ""97"": ""Declined to answer"", ""99"": ""Missing""}",,,1.0,99.0
379,Q907_2_3,Q907_2_3.to what extent do you think that the (USA) society/ people Media organizations enjoy credibility,float64,1498,0,13,"{""1"": ""the American society is not Media organizations enjoy credibility at all"", ""10"": ""the American society is completely Media organizations enjoy credibility"", ""96"": ""Do not know"", ""97"": ""Declined to answer"", ""99"": ""Missing""}",,,1.0,99.0
380,Q907_2_4,Q907_2_4.to what extent do you think that the (USA) society/ people Ensures gender equality,float64,1498,0,13,"{""1"": ""the American society is not Ensures gender equality at all"", ""10"": ""the American society is completely Ensures gender equality"", ""96"": ""Do not know"", ""97"": ""Declined to answer"", ""99"": ""Missing""}",,,1.0,99.0
381,Q907_2_5,Q907_2_5.to what extent do you think that the (USA) society/ people Respects minority rights,float64,1498,0,13,"{""1"": ""the American society is not Respects minority rights at all"", ""10"": ""the American society is completely Respects minority rights"", ""96"": ""Do not know"", ""97"": ""Declined to answer"", ""99"": ""Missing""}",,,1.0,99.0
382,Q907_2_6,Q907_2_6.to what extent do you think that the (USA) society/ people Is religiously observant,float64,1498,0,13,"{""1"": ""the American society is not Is religiously observant at all"", ""10"": ""the American society is completely Is religiously observant"", ""96"": ""Do not know"", ""97"": ""Declined to answer"", ""99"": ""Missing""}",,,1.0,99.0
383,Q907_2_7,Q907_2_7.to what extent do you think that the (USA) society/ people Abides by the law,float64,1498,0,13,"{""1"": ""the American society is not Abides by the law at all"", ""10"": ""the American society is completely Abides by the law"", ""96"": ""Do not know"", ""97"": ""Declined to answer"", ""99"": ""Missing""}",,,1.0,99.0
384,Q907_2_8,Q907_2_8.to what extent do you think that the (USA) society/ people Is technologically advanced,float64,1498,0,13,"{""1"": ""the American society is not technologically advanced at all"", ""10"": ""the American society is completely technologically advanced"", ""96"": ""Do not know"", ""97"": ""Declined to answer"", ""99"": ""Missing""}",,,1.0,99.0
385,Q907_2_9,Q907_2_9.to what extent do you think that the (USA) society/ people Respects individual liberties,float64,1498,0,12,"{""1"": ""the American society is not Respects individual liberties at all"", ""10"": ""the American society is completely Respects individual liberties"", ""96"": ""Do not know"", ""97"": ""Declined to answer"", ""99"": ""Missing""}",,,1.0,97.0
386,Q907_2_10,Q907_2_10.to what extent do you think that the (USA) society/ people Values individual efforts,float64,1498,0,13,"{""1"": ""the American society is not Values individual efforts at all"", ""10"": ""the American society is completely Values individual efforts"", ""96"": ""Do not know"", ""97"": ""Declined to answer"", ""99"": ""Missing""}",,,1.0,99.0
387,Q907_2_11,Q907_2_11.to what extent do you think that the (USA) society/ people Is tolerant,float64,1498,0,13,"{""1"": ""the American society is not tolerant at all"", ""10"": ""the American society is completely tolerant"", ""96"": ""Do not know"", ""97"": ""Declined to answer"", ""99"": ""Missing""}",,,1.0,99.0
388,Q907_3_1,Q907_3_1.to what extent do you think that the (Home country) society/ people Is democratic,float64,1498,0,13,"{""1"": ""the home country society is not democratic at all"", ""10"": ""the home country society is completely democratic"", ""96"": ""Do not know"", ""97"": ""Declined to answer"", ""99"": ""Missing""}",,,1.0,99.0
389,Q907_3_2,Q907_3_2.to what extent do you think that the (Home country) society/ people Has a fair judicial system,float64,1498,0,12,"{""1"": ""the home country society is not Has a fair judicial system at all"", ""10"": ""the home country society is completely Has a fair judicial system"", ""96"": ""Do not know"", ""97"": ""Declined to answer"", ""99"": ""Missing""}",,,1.0,97.0
390,Q907_3_3,Q907_3_3.to what extent do you think that the (Home country) society/ people Media organizations enjoy credibility,float64,1498,0,12,"{""1"": ""the home country society is not Media organizations enjoy credibility at all"", ""10"": ""the home country society is completely Media organizations enjoy credibility"", ""96"": ""Do not know"", ""97"": ""Declined to answer"", ""99"": ""Missing""}",,,1.0,97.0
391,Q907_3_4,Q907_3_4.to what extent do you think that the (Home country) society/ people Ensures gender equality,float64,1498,0,12,"{""1"": ""the home country society is not Ensures gender equality at all"", ""10"": ""the home country society is completely Ensures gender equality"", ""96"": ""Do not know"", ""97"": ""Declined to answer"", ""99"": ""Missing""}",,,1.0,97.0
392,Q907_3_5,Q907_3_5.to what extent do you think that the (Home country) society/ people Respects minority rights,float64,1498,0,13,"{""1"": ""the home country society is not Respects minority rights at all"", ""10"": ""the home country society is completely Respects minority rights"", ""96"": ""Do not know"", ""97"": ""Declined to answer"", ""99"": ""Missing""}",,,1.0,99.0
393,Q907_3_6,Q907_3_6.to what extent do you think that the (Home country) society/ people Is religiously observant,float64,1498,0,12,"{""1"": ""the home country society is not Is religiously observant at all"", ""10"": ""the home country society is completely Is religiously observant"", ""96"": ""Do not know"", ""97"": ""Declined to answer"", ""99"": ""Missing""}",,,1.0,97.0
394,Q907_3_7,Q907_3_7.to what extent do you think that the (Home country) society/ people Abides by the law,float64,1498,0,12,"{""1"": ""the home country society is not Abides by the law at all"", ""10"": ""the home country society is completely Abides by the law"", ""96"": ""Do not know"", ""97"": ""Declined to answer"", ""99"": ""Missing""}",,,1.0,97.0
395,Q907_3_8,Q907_3_8.to what extent do you think that the (Home country) society/ people Is technologically advanced,float64,1498,0,12,"{""1"": ""the home country society is not technologically advanced at all"", ""10"": ""the home country society is completely technologically advanced"", ""96"": ""Do not know"", ""97"": ""Declined to answer"", ""99"": ""Missing""}",,,1.0,97.0
396,Q907_3_9,Q907_3_9.to what extent do you think that the (Home country) society/ people Respects individual liberties,float64,1498,0,13,"{""1"": ""the home country society is not Respects individual liberties at all"", ""10"": ""the home country society is completely Respects individual liberties"", ""96"": ""Do not know"", ""97"": ""Declined to answer"", ""99"": ""Missing""}",,,1.0,99.0
397,Q907_3_10,Q907_3_10.to what extent do you think that the (Home country) society/ people Values individual efforts,float64,1498,0,12,"{""1"": ""the home country society is not Values individual efforts at all"", ""10"": ""the home country society is completely Values individual efforts"", ""96"": ""Do not know"", ""97"": ""Declined to answer"", ""99"": ""Missing""}",,,1.0,97.0
398,Q907_3_11,Q907_3_11.to what extent do you think that the (Home country) society/ people Is tolerant,float64,1498,0,12,"{""1"": ""the home country society is not tolerant at all"", ""10"": ""the home country society is completely tolerant"", ""96"": ""Do not know"", ""97"": ""Declined to answer"", ""99"": ""Missing""}",,,1.0,97.0
399,Q908_1_1,Q908_1_1.to what extent do you think that Religious fanaticism is prevalent/spread in (Russia)?,float64,1498,0,13,"{""1"": ""Religious fanaticism is not prevalent/spread in Russia"", ""2"": ""Religious fanaticism is completely prevalent/spread in Russia"", ""96"": ""Do not know"", ""97"": ""Declined to answer"", ""99"": ""Missing""}",,,1.0,99.0
400,Q908_1_2,Q908_1_2.to what extent do you think that Crime is prevalent/spread in (Russia)?,float64,1498,0,13,"{""1"": ""Crime is not prevalent/spread in Russia"", ""2"": ""Crime is completely prevalent/spread in Russia"", ""96"": ""Do not know"", ""97"": ""Declined to answer"", ""99"": ""Missing""}",,,1.0,99.0
401,Q908_1_3,Q908_1_3.to what extent do you think that Administrative and financial corruption is prevalent/spread in (Russia)?,float64,1498,0,13,"{""1"": ""Administrative and financial corruption is not prevalent/spread in Russia"", ""2"": ""Administrative and financial corruption is completely prevalent/spread in Russia"", ""96"": ""Do not know"", ""97"": ""Declined to answer"", ""99"": ""Missing""}",,,1.0,99.0
402,Q908_1_4,Q908_1_4.to what extent do you think that Racial discrimination is prevalent/spread in (Russia)?,float64,1498,0,13,"{""1"": ""Racial discrimination is not prevalent/spread in Russia"", ""2"": ""Racial discrimination is completely prevalent/spread in Russia"", ""96"": ""Do not know"", ""97"": ""Declined to answer"", ""99"": ""Missing""}",,,1.0,99.0
403,Q908_1_5,Q908_1_5.to what extent do you think that Materialism (opportunistic society) is prevalent/spread in (Russia)?,float64,1498,0,12,"{""1"": ""Materialism (opportunistic society) is not prevalent/spread in Russia"", ""2"": ""Materialism (opportunistic society) is completely prevalent/spread in Russia"", ""96"": ""Do not know"", ""97"": ""Declined to answer"", ""99"": ""Missing""}",,,1.0,97.0
404,Q908_1_6,Q908_1_6.to what extent do you think that Moral decadence is prevalent/spread in (Russia)?,float64,1498,0,13,"{""1"": ""Moral decadence is not prevalent/spread in Russia"", ""2"": ""Moral decadence is completely prevalent/spread in Russia"", ""96"": ""Do not know"", ""97"": ""Declined to answer"", ""99"": ""Missing""}",,,1.0,99.0
405,Q908_1_7,Q908_1_7.to what extent do you think that Weakness of family ties is prevalent/spread in (Russia)?,float64,1498,0,13,"{""1"": ""Weakness of family ties is not prevalent/spread in Russia"", ""2"": ""Weakness of family ties is completely prevalent/spread in Russia"", ""96"": ""Do not know"", ""97"": ""Declined to answer"", ""99"": ""Missing""}",,,1.0,99.0
406,Q908_2_1,Q908_2_1.to what extent do you think that Religious fanaticism is prevalent/spread in (USA)?,float64,1498,0,13,"{""1"": ""Religious fanaticism is not prevalent/spread in The USA"", ""2"": ""Religious fanaticism is completely prevalent/spread in The USA"", ""96"": ""Do not know"", ""97"": ""Declined to answer"", ""99"": ""Missing""}",,,1.0,99.0
407,Q908_2_2,Q908_2_2.to what extent do you think that Crime is prevalent/spread in (USA)?,float64,1498,0,13,"{""1"": ""Crime is not prevalent/spread in Russia"", ""2"": ""Crime is completely prevalent/spread in Russia"", ""96"": ""Do not know"", ""97"": ""Declined to answer"", ""99"": ""Missing""}",,,1.0,99.0
408,Q908_2_3,Q908_2_3.to what extent do you think that Administrative and financial corruption is prevalent/spread in (USA)?,float64,1498,0,13,"{""1"": ""Administrative and financial corruption is not prevalent/spread in The USA"", ""2"": ""Administrative and financial corruption is completely prevalent/spread in The USA"", ""96"": ""Do not know"", ""97"": ""Declined to answer"", ""99"": ""Missing""}",,,1.0,99.0
409,Q908_2_4,Q908_2_4.to what extent do you think that Racial discrimination is prevalent/spread in (USA)?,float64,1498,0,13,"{""1"": ""Racial discrimination is not prevalent/spread in The USA"", ""2"": ""Racial discrimination is completely prevalent/spread in The USA"", ""96"": ""Do not know"", ""97"": ""Declined to answer"", ""99"": ""Missing""}",,,1.0,99.0
410,Q908_2_5,Q908_2_5.to what extent do you think that Materialism (opportunistic society) is prevalent/spread in (USA)?,float64,1498,0,12,"{""1"": ""Materialism (opportunistic society) is not prevalent/spread in The USA"", ""2"": ""Materialism (opportunistic society) is completely prevalent/spread in The USA"", ""96"": ""Do not know"", ""97"": ""Declined to answer"", ""99"": ""Missing""}",,,1.0,97.0
411,Q908_2_6,Q908_2_6.to what extent do you think that Moral decadence is prevalent/spread in (USA)?,float64,1498,0,13,"{""1"": ""Moral decadence is not prevalent/spread in The USA"", ""2"": ""Moral decadence is completely prevalent/spread in The USA"", ""96"": ""Do not know"", ""97"": ""Declined to answer"", ""99"": ""Missing""}",,,1.0,99.0
412,Q908_2_7,Q908_2_7.to what extent do you think that Weakness of family ties is prevalent/spread in (USA)?,float64,1498,0,13,"{""1"": ""Weakness of family ties is not prevalent/spread in The USA"", ""2"": ""Weakness of family ties is completely prevalent/spread in The USA"", ""96"": ""Do not know"", ""97"": ""Declined to answer"", ""99"": ""Missing""}",,,1.0,99.0
413,Q908_3_1,Q908_3_1.to what extent do you think that Religious fanaticism is prevalent/spread in (Home country)?,float64,1498,0,12,"{""1"": ""Religious fanaticism is not prevalent/spread in Home country"", ""2"": ""Religious fanaticism is completely prevalent/spread in Home country"", ""96"": ""Do not know"", ""97"": ""Declined to answer"", ""99"": ""Missing""}",,,1.0,97.0
414,Q908_3_2,Q908_3_2.to what extent do you think that Crime is prevalent/spread in (Home country)?,float64,1498,0,12,"{""1"": ""Crime is not prevalent/spread in Home country"", ""2"": ""Crime is completely prevalent/spread in Home country"", ""96"": ""Do not know"", ""97"": ""Declined to answer"", ""99"": ""Missing""}",,,1.0,97.0
415,Q908_3_3,Q908_3_3.to what extent do you think that Administrative and financial corruption is prevalent/spread in (Home country)?,float64,1498,0,12,"{""1"": ""Administrative and financial corruption is not prevalent/spread in Home country"", ""2"": ""Administrative and financial corruption is completely prevalent/spread in Home country"", ""96"": ""Do not know"", ""97"": ""Declined to answer"", ""99"": ""Missing""}",,,1.0,97.0
416,Q908_3_4,Q908_3_4.to what extent do you think that Racial discrimination is prevalent/spread in (Home country)?,float64,1498,0,12,"{""1"": ""Racial discrimination is not prevalent/spread in Home country"", ""2"": ""Racial discrimination is completely prevalent/spread in Home country"", ""96"": ""Do not know"", ""97"": ""Declined to answer"", ""99"": ""Missing""}",,,1.0,97.0
417,Q908_3_5,Q908_3_5.to what extent do you think that Materialism (opportunistic society) is prevalent/spread in (Home country)?,float64,1498,0,12,"{""1"": ""Materialism (opportunistic society) is not prevalent/spread in Home country"", ""2"": ""Materialism (opportunistic society) is completely prevalent/spread in Home country"", ""96"": ""Do not know"", ""97"": ""Declined to answer"", ""99"": ""Missing""}",,,1.0,97.0
418,Q908_3_6,Q908_3_6.to what extent do you think that Moral decadence is prevalent/spread in (Home country)?,float64,1498,0,12,"{""1"": ""Moral decadence is not prevalent/spread in Home country"", ""2"": ""Moral decadence is completely prevalent/spread in Home country"", ""96"": ""Do not know"", ""97"": ""Declined to answer"", ""99"": ""Missing""}",,,1.0,97.0
419,Q908_3_7,Q908_3_7.to what extent do you think that Weakness of family ties is prevalent/spread in (Home country)?,float64,1498,0,12,"{""1"": ""Weakness of family ties is not prevalent/spread in Home country"", ""2"": ""Weakness of family ties is completely prevalent/spread in Home country"", ""96"": ""Do not know"", ""97"": ""Declined to answer"", ""99"": ""Missing""}",,,1.0,97.0
420,Q909_1,Q909_1.how would you evaluate the foreign policy of the Turkey towards the Arab region?,float64,1498,0,6,"{""1"": ""Positive"", ""2"": ""Positive to some extent"", ""3"": ""Negative to some extent"", ""4"": ""Negative"", ""6"": ""Do not know"", ""7"": ""Declined to answer"", ""9"": ""Missing""}",,,1.0,7.0
421,Q909_2,Q909_2.how would you evaluate the foreign policy of the United States towards the Arab region?,float64,1498,0,6,"{""1"": ""Positive"", ""2"": ""Positive to some extent"", ""3"": ""Negative to some extent"", ""4"": ""Negative"", ""6"": ""Do not know"", ""7"": ""Declined to answer"", ""9"": ""Missing""}",,,1.0,7.0
422,Q909_3,Q909_3.how would you evaluate the foreign policy of the Iran towards the Arab region?,float64,1498,0,6,"{""1"": ""Positive"", ""2"": ""Positive to some extent"", ""3"": ""Negative to some extent"", ""4"": ""Negative"", ""6"": ""Do not know"", ""7"": ""Declined to answer"", ""9"": ""Missing""}",,,1.0,7.0
423,Q909_4,Q909_4.how would you evaluate the foreign policy of the Russia towards the Arab region?,float64,1498,0,6,"{""1"": ""Positive"", ""2"": ""Positive to some extent"", ""3"": ""Negative to some extent"", ""4"": ""Negative"", ""6"": ""Do not know"", ""7"": ""Declined to answer"", ""9"": ""Missing""}",,,1.0,7.0
424,Q909_5,Q909_5.how would you evaluate the foreign policy of the France towards the Arab region?,float64,1498,0,6,"{""1"": ""Positive"", ""2"": ""Positive to some extent"", ""3"": ""Negative to some extent"", ""4"": ""Negative"", ""6"": ""Do not know"", ""7"": ""Declined to answer"", ""9"": ""Missing""}",,,1.0,7.0
425,Q909_6,Q909_6.how would you evaluate the foreign policy of the China towards the Arab region?,float64,1498,0,6,"{""1"": ""Positive"", ""2"": ""Positive to some extent"", ""3"": ""Negative to some extent"", ""4"": ""Negative"", ""6"": ""Do not know"", ""7"": ""Declined to answer"", ""9"": ""Missing""}",,,1.0,7.0
426,Q910_1,Q910_1.How would you describe the status of official relations between the government of your home country and the government of  Turkey,float64,1498,0,5,"{""1"": ""Strong"", ""2"": ""Strong to some extent"", ""3"": ""Weak to some extent"", ""4"": ""Weak"", ""6"": ""Do not know"", ""7"": ""Declined to answer"", ""9"": ""Missing""}",,,1.0,6.0
427,Q910_2,Q910_2.How would you describe the status of official relations between the government of your home country and the government of  USA,float64,1498,0,5,"{""1"": ""Strong"", ""2"": ""Strong to some extent"", ""3"": ""Weak to some extent"", ""4"": ""Weak"", ""6"": ""Do not know"", ""7"": ""Declined to answer"", ""9"": ""Missing""}",,,1.0,6.0
428,Q910_3,Q910_3.How would you describe the status of official relations between the government of your home country and the government of  Iran,float64,1498,0,6,"{""1"": ""Strong"", ""2"": ""Strong to some extent"", ""3"": ""Weak to some extent"", ""4"": ""Weak"", ""6"": ""Do not know"", ""7"": ""Declined to answer"", ""9"": ""Missing""}",,,1.0,9.0
429,Q910_4,Q910_4.How would you describe the status of official relations between the government of your home country and the government of  Russia,float64,1498,0,5,"{""1"": ""Strong"", ""2"": ""Strong to some extent"", ""3"": ""Weak to some extent"", ""4"": ""Weak"", ""6"": ""Do not know"", ""7"": ""Declined to answer"", ""9"": ""Missing""}",,,1.0,6.0
430,Q910_5,Q910_5.How would you describe the status of official relations between the government of your home country and the government of  France,float64,1498,0,5,"{""1"": ""Strong"", ""2"": ""Strong to some extent"", ""3"": ""Weak to some extent"", ""4"": ""Weak"", ""6"": ""Do not know"", ""7"": ""Declined to answer"", ""9"": ""Missing""}",,,1.0,6.0
431,Q910_6,Q910_6.How would you describe the status of official relations between the government of your home country and the government of  China,float64,1498,0,5,"{""1"": ""Strong"", ""2"": ""Strong to some extent"", ""3"": ""Weak to some extent"", ""4"": ""Weak"", ""6"": ""Do not know"", ""7"": ""Declined to answer"", ""9"": ""Missing""}",,,1.0,6.0
432,Q911_1,Q911_1.How would you describe the status of official relations between the government of your home country and the government of Turkey,float64,1299,199,5,"{""1"": ""Working towards strengthening those relations"", ""2"": ""Maintaining them at the present level"", ""3"": ""Limiting those relations"", ""6"": ""Do not know"", ""7"": ""Declined to answer"", ""9"": ""Missing""}",,,1.0,7.0
433,Q911_2,Q911_2.How would you describe the status of official relations between the government of your home country and the government of USA,float64,1299,199,5,"{""1"": ""Working towards strengthening those relations"", ""2"": ""Maintaining them at the present level"", ""3"": ""Limiting those relations"", ""6"": ""Do not know"", ""7"": ""Declined to answer"", ""9"": ""Missing""}",,,1.0,7.0
434,Q911_3,Q911_3.How would you describe the status of official relations between the government of your home country and the government of Iran,float64,1073,425,6,"{""1"": ""Working towards strengthening those relations"", ""2"": ""Maintaining them at the present level"", ""3"": ""Limiting those relations"", ""6"": ""Do not know"", ""7"": ""Declined to answer"", ""9"": ""Missing""}",,,1.0,9.0
435,Q911_4,Q911_4.How would you describe the status of official relations between the government of your home country and the government of Russia,float64,1128,370,6,"{""1"": ""Working towards strengthening those relations"", ""2"": ""Maintaining them at the present level"", ""3"": ""Limiting those relations"", ""6"": ""Do not know"", ""7"": ""Declined to answer"", ""9"": ""Missing""}",,,1.0,9.0
436,Q911_5,Q911_5.How would you describe the status of official relations between the government of your home country and the government of France,float64,1354,144,6,"{""1"": ""Working towards strengthening those relations"", ""2"": ""Maintaining them at the present level"", ""3"": ""Limiting those relations"", ""6"": ""Do not know"", ""7"": ""Declined to answer"", ""9"": ""Missing""}",,,1.0,9.0
437,Q911_6,Q911_6.How would you describe the status of official relations between the government of your home country and the government of China,float64,1202,296,6,"{""1"": ""Working towards strengthening those relations"", ""2"": ""Maintaining them at the present level"", ""3"": ""Limiting those relations"", ""6"": ""Do not know"", ""7"": ""Declined to answer"", ""9"": ""Missing""}",,,1.0,9.0
438,Q912_1_1,"Q912_1_1.To what extent do you agree or disagree with the policies of The Russian Governmentduring the last year, towards  The Palestinian question",float64,1498,0,6,"{""1"": ""Agree"", ""2"": ""Agree with to some extent"", ""3"": ""Disagree with to some extent"", ""4"": ""Disagree"", ""6"": ""Do not know"", ""7"": ""Declined to answer"", ""9"": ""Missing""}",,,1.0,7.0
439,Q912_1_2,"Q912_1_2.To what extent do you agree or disagree with the policies of The Russian Government during the last year, towards  The Syrian Revolution in general",float64,1498,0,6,"{""1"": ""Agree"", ""2"": ""Agree with to some extent"", ""3"": ""Disagree with to some extent"", ""4"": ""Disagree"", ""6"": ""Do not know"", ""7"": ""Declined to answer"", ""9"": ""Missing""}",,,1.0,7.0
440,Q912_1_3,"Q912_1_3.To what extent do you agree or disagree with the policies of The Russian Government during the last year, towards  The use of chemical weapons in Syria",float64,1498,0,6,"{""1"": ""Agree"", ""2"": ""Agree with to some extent"", ""3"": ""Disagree with to some extent"", ""4"": ""Disagree"", ""6"": ""Do not know"", ""7"": ""Declined to answer"", ""9"": ""Missing""}",,,1.0,7.0
441,Q912_1_4,"Q912_1_4.To what extent do you agree or disagree with the policies of The Russian Government during the last year, towards  The post-Morsi regime in Egypt",float64,1498,0,6,"{""1"": ""Agree"", ""2"": ""Agree with to some extent"", ""3"": ""Disagree with to some extent"", ""4"": ""Disagree"", ""6"": ""Do not know"", ""7"": ""Declined to answer"", ""9"": ""Missing""}",,,1.0,7.0
442,Q912_1_5,"Q912_1_5.To what extent do you agree or disagree with the policies of The Russian Government during the last year, towards   (Peaceful/non-violent) Islamist political parties",float64,1498,0,6,"{""1"": ""Agree"", ""2"": ""Agree with to some extent"", ""3"": ""Disagree with to some extent"", ""4"": ""Disagree"", ""6"": ""Do not know"", ""7"": ""Declined to answer"", ""9"": ""Missing""}",,,1.0,7.0
443,Q912_1_6,"Q912_1_6.To what extent do you agree or disagree with the policies of The Russian Government during the last year, towards  Iraq",float64,1498,0,6,"{""1"": ""Agree"", ""2"": ""Agree with to some extent"", ""3"": ""Disagree with to some extent"", ""4"": ""Disagree"", ""6"": ""Do not know"", ""7"": ""Declined to answer"", ""9"": ""Missing""}",,,1.0,7.0
444,Q912_1_7,"Q912_1_7.To what extent do you agree or disagree with the policies of The Russian Government during the last year, towards  Afghanistan",float64,1498,0,6,"{""1"": ""Agree"", ""2"": ""Agree with to some extent"", ""3"": ""Disagree with to some extent"", ""4"": ""Disagree"", ""6"": ""Do not know"", ""7"": ""Declined to answer"", ""9"": ""Missing""}",,,1.0,7.0
445,Q912_1_8,"Q912_1_8.To what extent do you agree or disagree with the policies of The Russian Government during the last year, towards  The Iranian nuclear program",float64,1498,0,7,"{""1"": ""Agree"", ""2"": ""Agree with to some extent"", ""3"": ""Disagree with to some extent"", ""4"": ""Disagree"", ""6"": ""Do not know"", ""7"": ""Declined to answer"", ""9"": ""Missing""}",,,1.0,9.0
446,Q912_1_9,"Q912_1_9.To what extent do you agree or disagree with the policies of The Russian Government during the last year, towards  Israeli settlement policy in the Occupied Palestinian Territories",float64,1498,0,6,"{""1"": ""Agree"", ""2"": ""Agree with to some extent"", ""3"": ""Disagree with to some extent"", ""4"": ""Disagree"", ""6"": ""Do not know"", ""7"": ""Declined to answer"", ""9"": ""Missing""}",,,1.0,7.0
447,Q912_1_10,"Q912_1_10.To what extent do you agree or disagree with the policies of The Russian Government during the last year, towards  The blockade of Gaza (the siege)",float64,1498,0,6,"{""1"": ""Agree"", ""2"": ""Agree with to some extent"", ""3"": ""Disagree with to some extent"", ""4"": ""Disagree"", ""6"": ""Do not know"", ""7"": ""Declined to answer"", ""9"": ""Missing""}",,,1.0,7.0
448,Q912_1_11,"Q912_1_11.To what extent do you agree or disagree with the policies of The Russian Government during the last year, towards  Lebanon",float64,0,1498,0,"{""1"": ""Agree"", ""2"": ""Agree with to some extent"", ""3"": ""Disagree with to some extent"", ""4"": ""Disagree"", ""6"": ""Do not know"", ""7"": ""Declined to answer"", ""9"": ""Missing""}",,,,
449,Q912_2_1,"Q912_2_1.To what extent do you agree or disagree with the policies of The US Government during the last year, towards  The Palestinian question",float64,1498,0,7,"{""1"": ""Agree"", ""2"": ""Agree with to some extent"", ""3"": ""Disagree with to some extent"", ""4"": ""Disagree"", ""6"": ""Do not know"", ""7"": ""Declined to answer"", ""9"": ""Missing""}",,,1.0,9.0
450,Q912_2_2,"Q912_2_2.To what extent do you agree or disagree with the policies of The US Government during the last year, towards  The Syrian Revolution in general",float64,1498,0,7,"{""1"": ""Agree"", ""2"": ""Agree with to some extent"", ""3"": ""Disagree with to some extent"", ""4"": ""Disagree"", ""6"": ""Do not know"", ""7"": ""Declined to answer"", ""9"": ""Missing""}",,,1.0,9.0
451,Q912_2_3,"Q912_2_3.To what extent do you agree or disagree with the policies of The US Government during the last year, towards  The use of chemical weapons in Syria",float64,1498,0,7,"{""1"": ""Agree"", ""2"": ""Agree with to some extent"", ""3"": ""Disagree with to some extent"", ""4"": ""Disagree"", ""6"": ""Do not know"", ""7"": ""Declined to answer"", ""9"": ""Missing""}",,,1.0,9.0
452,Q912_2_4,"Q912_2_4.To what extent do you agree or disagree with the policies of The US Government during the last year, towards  The post-Morsi regime in Egypt",float64,1498,0,7,"{""1"": ""Agree"", ""2"": ""Agree with to some extent"", ""3"": ""Disagree with to some extent"", ""4"": ""Disagree"", ""6"": ""Do not know"", ""7"": ""Declined to answer"", ""9"": ""Missing""}",,,1.0,9.0
453,Q912_2_5,"Q912_2_5.To what extent do you agree or disagree with the policies of The US Government during the last year, towards   (Peaceful/non-violent) Islamist political parties",float64,1498,0,7,"{""1"": ""Agree"", ""2"": ""Agree with to some extent"", ""3"": ""Disagree with to some extent"", ""4"": ""Disagree"", ""6"": ""Do not know"", ""7"": ""Declined to answer"", ""9"": ""Missing""}",,,1.0,9.0
454,Q912_2_6,"Q912_2_6.To what extent do you agree or disagree with the policies of The US Government during the last year, towards  Iraq",float64,1498,0,7,"{""1"": ""Agree"", ""2"": ""Agree with to some extent"", ""3"": ""Disagree with to some extent"", ""4"": ""Disagree"", ""6"": ""Do not know"", ""7"": ""Declined to answer"", ""9"": ""Missing""}",,,1.0,9.0
455,Q912_2_7,"Q912_2_7.To what extent do you agree or disagree with the policies of The US Government during the last year, towards  Afghanistan",float64,1498,0,7,"{""1"": ""Agree"", ""2"": ""Agree with to some extent"", ""3"": ""Disagree with to some extent"", ""4"": ""Disagree"", ""6"": ""Do not know"", ""7"": ""Declined to answer"", ""9"": ""Missing""}",,,1.0,9.0
456,Q912_2_8,"Q912_2_8.To what extent do you agree or disagree with the policies of The US Government during the last year, towards  The Iranian nuclear program",float64,1498,0,7,"{""1"": ""Agree"", ""2"": ""Agree with to some extent"", ""3"": ""Disagree with to some extent"", ""4"": ""Disagree"", ""6"": ""Do not know"", ""7"": ""Declined to answer"", ""9"": ""Missing""}",,,1.0,9.0
457,Q912_2_9,"Q912_2_9.To what extent do you agree or disagree with the policies of The US Government during the last year, towards  Israeli settlement policy in the Occupied Palestinian Territories",float64,1498,0,7,"{""1"": ""Agree"", ""2"": ""Agree with to some extent"", ""3"": ""Disagree with to some extent"", ""4"": ""Disagree"", ""6"": ""Do not know"", ""7"": ""Declined to answer"", ""9"": ""Missing""}",,,1.0,9.0
458,Q912_2_10,"Q912_2_10.To what extent do you agree or disagree with the policies of The US Government during the last year, towards  The blockade of Gaza (the siege)",float64,1498,0,7,"{""1"": ""Agree"", ""2"": ""Agree with to some extent"", ""3"": ""Disagree with to some extent"", ""4"": ""Disagree"", ""6"": ""Do not know"", ""7"": ""Declined to answer"", ""9"": ""Missing""}",,,1.0,9.0
459,Q912_2_11,"Q912_2_11.To what extent do you agree or disagree with the policies of The US Government during the last year, towards Lebanon",float64,0,1498,0,"{""1"": ""Agree"", ""2"": ""Agree with to some extent"", ""3"": ""Disagree with to some extent"", ""4"": ""Disagree"", ""6"": ""Do not know"", ""7"": ""Declined to answer"", ""9"": ""Missing""}",,,,
460,Q914_1_1,Q914_1_1.Do you agree or disagree with the  statement: The USA supports democratic transition in the Arab countries,float64,1498,0,7,"{""1"": ""Agree"", ""2"": ""Agree to some extent"", ""3"": ""Disagree to some extent"", ""4"": ""Disagree"", ""6"": ""Do not know"", ""7"": ""Declined to answer"", ""9"": ""Missing""}",,,1.0,9.0
461,Q914_1_2,Q914_1_2.Do you agree or disagree with the  statement: The USA contributes to the strengthening of security and stability of the Arab region,float64,1498,0,6,"{""1"": ""Agree"", ""2"": ""Agree to some extent"", ""3"": ""Disagree to some extent"", ""4"": ""Disagree"", ""6"": ""Do not know"", ""7"": ""Declined to answer"", ""9"": ""Missing""}",,,1.0,7.0
462,Q914_1_4,Q914_1_4.Do you agree or disagree with the  statement: The USA nurtures sectarianism and ethnic separatism in the Arab countries,float64,1498,0,6,"{""1"": ""Agree"", ""2"": ""Agree to some extent"", ""3"": ""Disagree to some extent"", ""4"": ""Disagree"", ""6"": ""Do not know"", ""7"": ""Declined to answer"", ""9"": ""Missing""}",,,1.0,7.0
463,Q914_1_5,Q914_1_5.Do you agree or disagree with the  statement: The USA attempts to impose its own policies on the other countries in the world,float64,1498,0,7,"{""1"": ""Agree"", ""2"": ""Agree to some extent"", ""3"": ""Disagree to some extent"", ""4"": ""Disagree"", ""6"": ""Do not know"", ""7"": ""Declined to answer"", ""9"": ""Missing""}",,,1.0,9.0
464,Q914_1_6,Q914_1_6.Do you agree or disagree with the  statement: The USA aims to impose its own agenda on other countries by providing assistance and aid,float64,1498,0,7,"{""1"": ""Agree"", ""2"": ""Agree to some extent"", ""3"": ""Disagree to some extent"", ""4"": ""Disagree"", ""6"": ""Do not know"", ""7"": ""Declined to answer"", ""9"": ""Missing""}",,,1.0,9.0
465,Q914_1_7,Q914_1_7.Do you agree or disagree with the  statement: Muslims living inThe USA enjoy all the rights that other (US) citizens enjoy,float64,1498,0,6,"{""1"": ""Agree"", ""2"": ""Agree to some extent"", ""3"": ""Disagree to some extent"", ""4"": ""Disagree"", ""6"": ""Do not know"", ""7"": ""Declined to answer"", ""9"": ""Missing""}",,,1.0,7.0
466,Q914_1_8,Q914_1_8.Do you agree or disagree with the  statement: The policies ofThe USA increase the influence of radical Islamic movements in the Arab countries,float64,1498,0,6,"{""1"": ""Agree"", ""2"": ""Agree to some extent"", ""3"": ""Disagree to some extent"", ""4"": ""Disagree"", ""6"": ""Do not know"", ""7"": ""Declined to answer"", ""9"": ""Missing""}",,,1.0,7.0
467,Q914_1_9,Q914_1_9.Do you agree or disagree with the  statement: The USA protects human rights throughout the world,float64,1498,0,7,"{""1"": ""Agree"", ""2"": ""Agree to some extent"", ""3"": ""Disagree to some extent"", ""4"": ""Disagree"", ""6"": ""Do not know"", ""7"": ""Declined to answer"", ""9"": ""Missing""}",,,1.0,9.0
468,Q914_1_10,Q914_1_10.Do you agree or disagree with the  statement: The USA contributes to the spread of financial and administrative corruption in the Arab countries,float64,1498,0,6,"{""1"": ""Agree"", ""2"": ""Agree to some extent"", ""3"": ""Disagree to some extent"", ""4"": ""Disagree"", ""6"": ""Do not know"", ""7"": ""Declined to answer"", ""9"": ""Missing""}",,,1.0,7.0
469,Q914_2_1,Q914_2_1.Do you agree or disagree with the  statement: Russia supports democratic transition in the Arab countries,float64,1498,0,7,"{""1"": ""Agree"", ""2"": ""Agree to some extent"", ""3"": ""Disagree to some extent"", ""4"": ""Disagree"", ""6"": ""Do not know"", ""7"": ""Declined to answer"", ""9"": ""Missing""}",,,1.0,9.0
470,Q914_2_2,Q914_2_2.Do you agree or disagree with the  statement: Russia contributes to the strengthening of security and stability of the Arab region,float64,1498,0,7,"{""1"": ""Agree"", ""2"": ""Agree to some extent"", ""3"": ""Disagree to some extent"", ""4"": ""Disagree"", ""6"": ""Do not know"", ""7"": ""Declined to answer"", ""9"": ""Missing""}",,,1.0,9.0
471,Q914_2_4,Q914_2_4.Do you agree or disagree with the  statement: Russia nurtures sectarianism and ethnic separatism in the Arab countries,float64,1498,0,7,"{""1"": ""Agree"", ""2"": ""Agree to some extent"", ""3"": ""Disagree to some extent"", ""4"": ""Disagree"", ""6"": ""Do not know"", ""7"": ""Declined to answer"", ""9"": ""Missing""}",,,1.0,9.0
472,Q914_2_5,Q914_2_5.Do you agree or disagree with the  statement: Russia attempts to impose its own policies on the other countries in the world,float64,1498,0,7,"{""1"": ""Agree"", ""2"": ""Agree to some extent"", ""3"": ""Disagree to some extent"", ""4"": ""Disagree"", ""6"": ""Do not know"", ""7"": ""Declined to answer"", ""9"": ""Missing""}",,,1.0,9.0
473,Q914_2_6,Q914_2_6.Do you agree or disagree with the  statement: Russia aims to impose its own agenda on other countries by providing assistance and aid,float64,1498,0,6,"{""1"": ""Agree"", ""2"": ""Agree to some extent"", ""3"": ""Disagree to some extent"", ""4"": ""Disagree"", ""6"": ""Do not know"", ""7"": ""Declined to answer"", ""9"": ""Missing""}",,,1.0,7.0
474,Q914_2_7,Q914_2_7.Do you agree or disagree with the  statement: Muslims living in Russia enjoy all the rights that other (Russia/Russian) citizens enjoy,float64,1498,0,7,"{""1"": ""Agree"", ""2"": ""Agree to some extent"", ""3"": ""Disagree to some extent"", ""4"": ""Disagree"", ""6"": ""Do not know"", ""7"": ""Declined to answer"", ""9"": ""Missing""}",,,1.0,9.0
475,Q914_2_8,Q914_2_8.Do you agree or disagree with the  statement: The policies of Russia increase the influence of radical Islamic movements in the Arab countries,float64,1498,0,7,"{""1"": ""Agree"", ""2"": ""Agree to some extent"", ""3"": ""Disagree to some extent"", ""4"": ""Disagree"", ""6"": ""Do not know"", ""7"": ""Declined to answer"", ""9"": ""Missing""}",,,1.0,9.0
476,Q914_2_9,Q914_2_9.Do you agree or disagree with the  statement: Russia protects human rights throughout the world,float64,1498,0,7,"{""1"": ""Agree"", ""2"": ""Agree to some extent"", ""3"": ""Disagree to some extent"", ""4"": ""Disagree"", ""6"": ""Do not know"", ""7"": ""Declined to answer"", ""9"": ""Missing""}",,,1.0,9.0
477,Q914_2_10,Q914_2_10.Do you agree or disagree with the  statement: Russia contributes to the spread of financial and administrative corruption in the Arab countries,float64,1498,0,6,"{""1"": ""Agree"", ""2"": ""Agree to some extent"", ""3"": ""Disagree to some extent"", ""4"": ""Disagree"", ""6"": ""Do not know"", ""7"": ""Declined to answer"", ""9"": ""Missing""}",,,1.0,7.0
478,Q916_1_1,"Q916_1_1.Which of the following measures, if taken by Russia would then improve your personal opinion of it.  The first answer",float64,1498,0,13,"{""1"": ""Achieving a peaceful resolution to the Palestinian question"", ""2"": ""Ceasing financial and military support to Israel"", ""3"": ""Working towards a solution to the Syrian crisis which meets the aspirations of the Syrian people"", ""4"": ""Increasing economic aid to the (Arab) region"", ""5"": ""Ceasing support for tyrannical Arab regimes"", ""6"": ""Working to end the Iranian nuclear program"", ""7"": ""Increasing humanitarian aid to the areas in the Arab countries which need it"", ""8"": ""Ending interference in our country's domestic affairs"", ""9"": ""Helping my country to face the fundamental challenges which it faces"", ""10"": ""Dealing with the Arab peoples with dignity and respect"", ""11"": ""Achieving agreement with Iran over its nuclear program"", ""96"": ""Do not know"", ""97"": ""Declined to answer"", ""98"": ""There are no other options"", ""99"": ""Missing""}",,,1.0,97.0
479,Q916_1_2,"Q916_1_2.Which of the following measures, if taken by Russia would then improve your personal opinion of it.  The second answer",float64,1287,211,12,"{""1"": ""Achieving a peaceful resolution to the Palestinian question"", ""2"": ""Ceasing financial and military support to Israel"", ""3"": ""Working towards a solution to the Syrian crisis which meets the aspirations of the Syrian people"", ""4"": ""Increasing economic aid to the (Arab) region"", ""5"": ""Ceasing support for tyrannical Arab regimes"", ""6"": ""Working to end the Iranian nuclear program"", ""7"": ""Increasing humanitarian aid to the areas in the Arab countries which need it"", ""8"": ""Ending interference in our country's domestic affairs"", ""9"": ""Helping my country to face the fundamental challenges which it faces"", ""10"": ""Dealing with the Arab peoples with dignity and respect"", ""11"": ""Achieving agreement with Iran over its nuclear program"", ""96"": ""Do not know"", ""97"": ""Declined to answer"", ""98"": ""There are no other options"", ""99"": ""Missing""}",,,1.0,96.0
480,Q916_1_3,"Q916_1_3.Which of the following measures, if taken by Russia would then improve your personal opinion of it.  The third answer",float64,1286,212,12,"{""1"": ""Achieving a peaceful resolution to the Palestinian question"", ""2"": ""Ceasing financial and military support to Israel"", ""3"": ""Working towards a solution to the Syrian crisis which meets the aspirations of the Syrian people"", ""4"": ""Increasing economic aid to the (Arab) region"", ""5"": ""Ceasing support for tyrannical Arab regimes"", ""6"": ""Working to end the Iranian nuclear program"", ""7"": ""Increasing humanitarian aid to the areas in the Arab countries which need it"", ""8"": ""Ending interference in our country's domestic affairs"", ""9"": ""Helping my country to face the fundamental challenges which it faces"", ""10"": ""Dealing with the Arab peoples with dignity and respect"", ""11"": ""Achieving agreement with Iran over its nuclear program"", ""96"": ""Do not know"", ""97"": ""Declined to answer"", ""98"": ""There are no other options"", ""99"": ""Missing""}",,,1.0,96.0
481,Q916_2_1,"Q916_2_1.Which of the following measures, if taken by The USA would then improve your personal opinion of it.  The first answer",float64,1498,0,13,"{""1"": ""Achieving a peaceful resolution to the Palestinian question"", ""2"": ""Ceasing financial and military support to Israel"", ""3"": ""Working towards a solution to the Syrian crisis which meets the aspirations of the Syrian people"", ""4"": ""Increasing economic aid to the (Arab) region"", ""5"": ""Ceasing support for tyrannical Arab regimes"", ""6"": ""Working to end the Iranian nuclear program"", ""7"": ""Increasing humanitarian aid to the areas in the Arab countries which need it"", ""8"": ""Ending interference in our country's domestic affairs"", ""9"": ""Helping my country to face the fundamental challenges which it faces"", ""10"": ""Dealing with the Arab peoples with dignity and respect"", ""11"": ""Achieving agreement with Iran over its nuclear program"", ""96"": ""Do not know"", ""97"": ""Declined to answer"", ""98"": ""There are no other options"", ""99"": ""Missing""}",,,1.0,97.0
482,Q916_2_2,"Q916_2_2.Which of the following measures, if taken by The USA would then improve your personal opinion of it.  The second answer",float64,1338,160,12,"{""1"": ""Achieving a peaceful resolution to the Palestinian question"", ""2"": ""Ceasing financial and military support to Israel"", ""3"": ""Working towards a solution to the Syrian crisis which meets the aspirations of the Syrian people"", ""4"": ""Increasing economic aid to the (Arab) region"", ""5"": ""Ceasing support for tyrannical Arab regimes"", ""6"": ""Working to end the Iranian nuclear program"", ""7"": ""Increasing humanitarian aid to the areas in the Arab countries which need it"", ""8"": ""Ending interference in our country's domestic affairs"", ""9"": ""Helping my country to face the fundamental challenges which it faces"", ""10"": ""Dealing with the Arab peoples with dignity and respect"", ""11"": ""Achieving agreement with Iran over its nuclear program"", ""96"": ""Do not know"", ""97"": ""Declined to answer"", ""98"": ""There are no other options"", ""99"": ""Missing""}",,,1.0,96.0
483,Q916_2_3,"Q916_2_3.Which of the following measures, if taken by The USA would then improve your personal opinion of it.  The third answer",float64,1337,161,12,"{""1"": ""Achieving a peaceful resolution to the Palestinian question"", ""2"": ""Ceasing financial and military support to Israel"", ""3"": ""Working towards a solution to the Syrian crisis which meets the aspirations of the Syrian people"", ""4"": ""Increasing economic aid to the (Arab) region"", ""5"": ""Ceasing support for tyrannical Arab regimes"", ""6"": ""Working to end the Iranian nuclear program"", ""7"": ""Increasing humanitarian aid to the areas in the Arab countries which need it"", ""8"": ""Ending interference in our country's domestic affairs"", ""9"": ""Helping my country to face the fundamental challenges which it faces"", ""10"": ""Dealing with the Arab peoples with dignity and respect"", ""11"": ""Achieving agreement with Iran over its nuclear program"", ""96"": ""Do not know"", ""97"": ""Declined to answer"", ""98"": ""There are no other options"", ""99"": ""Missing""}",,,1.0,96.0
484,Q917_2,"Q917_2.In your opinion, what is the main objective the USA seeks to achieve in the Arab region?",float64,1498,0,23,"{""1"": ""Strengthening its political and economic relations with the Arab countries and implementing shared interests"", ""2"": ""To offer support and aid for the Arab peoples and countries, especially economically"", ""3"": ""To establish peace and stability in the region"", ""4"": ""To spread democracy and protect human rights"", ""5"": ""To fight terrorism"", ""6"": ""To support Israel and defend it in the pursuit of its aims"", ""7"": ""War on Islam"", ""8"": ""Supporting and increasing the influence of radical and terrorist movements"", ""9"": ""Imposing their culture on the Arab region"", ""10"": ""Imposing their domination and influence over the Arab region and the world"", ""11"": ""Intervention in the internal affairs of Arab countries and the imposition of its political agenda in the region"", ""12"": ""Exploitation and looting of the natural resources of Arab countries, especially oil"", ""13"": ""Military control and military presence"", ""14"": ""Incitement of conflicts in the Arab countries and security upheaval and instability in the region"", ""15"": ""To prevent Arab accord and unity and increase divisions among them"", ""16"": ""To support corrupt and authoritarian regimes in Arab countries"", ""17"": ""Economic control and gaining markets for its products"", ""18"": ""Occupation and colonisation of Arab coutries"", ""19"": ""Strengthening and protecting its interests at the expense of the Arab countries"", ""20"": ""Adopting policies hostile to Arabs that lead to death and destruction"", ""9992"": ""objectives Other"", ""9996"": ""Do not know"", ""9997"": ""Declined to answer"", ""9999"": ""Missing""}",,,1.0,9997.0
485,Q917_4,"Q917_4.In your opinion, what is the main objective Russia seeks to achieve in the Arab region?",float64,1498,0,23,"{""1"": ""Strengthening its political and economic relations and implementing shared interests"", ""2"": ""To offer support and aid for the Arab peoples and countries, especially economically"", ""3"": ""To establish peace and stability in the region"", ""4"": ""To spread democracy and protect human rights"", ""5"": ""To fight terrorism"", ""6"": ""To support Israel and defend it in the pursuit of its aims"", ""7"": ""War on Islam"", ""8"": ""Supporting and increasing the influence of radical and terrorist movements"", ""9"": ""Imposing their culture on the Arab region"", ""10"": ""Imposing their domination and influence over the Arab region and the world"", ""11"": ""Intervention in the internal affairs of Arab countries and the imposition of its political agenda in the region"", ""12"": ""Exploitation and looting of the natural resources of Arab countries, especially oil"", ""13"": ""Military control and military presence"", ""14"": ""Incitement of conflicts in the Arab countries and security upheaval and instability in the region"", ""15"": ""To prevent Arab accord and unity and increase divisions among them"", ""16"": ""To support corrupt and authoritarian regimes in Arab countries"", ""17"": ""Economic control and gaining markets for its products"", ""18"": ""Occupation and colonisation of Arab coutries"", ""19"": ""Strengthening and protecting its interests at the expense of the Arab countries"", ""20"": ""Adopting policies hostile to Arabs that lead to death and destruction"", ""21"": ""Competing with and confronting US hegemony in the region"", ""22"": ""Supporting its allies in the region and defending them (Bashar Al Assad, Iran, Hezbollah)"", ""9992"": ""objectives Other"", ""9996"": ""Do not know"", ""9997"": ""Declined to answer"", ""9999"": ""Missing""}",,,1.0,9997.0
486,Q918_1,"Q918_1.In your opinion, who or which of the following is the most influential in the making of US foreign policy? The first answer",float64,1498,0,11,"{""1"": ""The President of the United States"", ""2"": ""Secretary of State"", ""3"": ""Department of Defense (The Pentagon)"", ""4"": ""The House of Representatives and the Senate (Congress)"", ""5"": ""Political parties"", ""6"": ""The Zionist Lobby"", ""7"": ""Major corporations"", ""8"": ""Research institutes (Think Tanks)"", ""9"": ""The media"", ""10"": ""American public opinion"", ""9992"": ""Others"", ""9996"": ""Do not know"", ""9997"": ""Declined to answer"", ""9998"": ""There is no second party"", ""9999"": ""Missing""}",,,1.0,9997.0
487,Q918_2,"Q918_2.In your opinion, who or which of the following is the most influential in the making of US foreign policy? The second answer",float64,1160,338,12,"{""1"": ""The President of the United States"", ""2"": ""Secretary of State"", ""3"": ""Department of Defense (The Pentagon)"", ""4"": ""The House of Representatives and the Senate (Congress)"", ""5"": ""Political parties"", ""6"": ""The Zionist Lobby"", ""7"": ""Major corporations"", ""8"": ""Research institutes (Think Tanks)"", ""9"": ""The media"", ""10"": ""American public opinion"", ""9992"": ""Others"", ""9996"": ""Do not know"", ""9997"": ""Declined to answer"", ""9998"": ""There is no second party"", ""9999"": ""Missing""}",,,1.0,9998.0
488,Q923,"Q923. do you agree or disagree with the following statement: “Today, it would be better for Syria if Bashar Al Assad stepped down from power”?",float64,1498,0,4,"{""1"": ""Agree"", ""2"": ""Disagree"", ""6"": ""Do not know"", ""7"": ""Declined to answer"", ""9"": ""Missing""}",,,1.0,7.0
489,Q924_1,Q924_1.Why do you support Bashar al-Assad stepping down?,float64,1013,485,9,"{""1"": ""Because of his acts of genocide, suppression, and displacement of the Syrian people"", ""2"": ""Because he is an oppressive dictator"", ""3"": ""Because he is the main reason behind the state of Syria today"", ""4"": ""Because he is a puppert of foreign countries (Iran, Russia, US, Israel)"", ""5"": ""Because this is the demand of the people"", ""6"": ""Assad’s departure will solve the crisis in Syria"", ""9992"": ""reasons Other"", ""9996"": ""Do not know"", ""9997"": ""Declined to answer"", ""9999"": ""Missing""}",,,1.0,9997.0
490,Q924_2,Q924_2.Why do you oppose Bashar al-Assad stepping down?,float64,300,1198,12,"{""1"": ""He is the best choice as there is no replacement"", ""2"": ""Because of the presence of security and stability under his rule"", ""3"": ""Becausehe is anti-Israel and anti-American. (Arab nationalist/resistance)"", ""4"": ""It is a result of a foreign conspiracy and intervention"", ""5"": ""Because he is better and stronger for the country"", ""6"": ""He is the elected lawful president"", ""7"": ""Fear of Islamists, Salafis, and Jihadi/Takfiri movements"", ""8"": ""His departure will not help to solve the crisis but will cause a bigger crisis, chaos, destruction and instability"", ""9"": ""Fear of the division of Syria and sectarian conflict and civil war"", ""10"": ""Anti-revolution"", ""9992"": ""reasons Other"", ""9996"": ""Do not know"", ""9997"": ""Declined to answer"", ""9999"": ""Missing""}",,,1.0,9997.0
491,QPal6_1,QPal6_1.What was the most important obstacle in achieving full national reconciliation between Fatah and Hamas?,float64,0,1498,0,"{""1"": ""The Israeli Occupation"", ""2"": ""External interference"", ""3"": ""Party or personal interests of political leaders"", ""4"": ""Fatah and Palestinian Authority positions"", ""5"": ""The positions of the Hamas leadership and the government of Gaza"", ""6"": ""Differences of opinion and division between the two sides on key issues"", ""7"": ""Lack of intention or will for reconciliation"", ""8"": ""Spread of sedition and hatred between the parties"", ""9"": ""Economic problems"", ""10"": ""Security instability"", ""11"": ""Lack of democracy and pluralism"", ""12"": ""Presidential and legislative elections"", ""13"": ""The situation in Arab countries and its preoccupation with supporting the Palestinian cause"", ""9992"": ""Other"", ""9996"": ""Do not know"", ""9997"": ""Declined to answer"", ""9998"": ""No other process"", ""9999"": ""Missing""}",,,,
492,QPal6_2,QPal6_2.What was the Second most important obstacle in achieving full national reconciliation between Fatah and Hamas?,float64,0,1498,0,"{""1"": ""The Israeli Occupation"", ""2"": ""External interference"", ""3"": ""Party or personal interests of political leaders"", ""4"": ""Fatah and Palestinian Authority positions"", ""5"": ""The positions of the Hamas leadership and the government of Gaza"", ""6"": ""Differences of opinion and division between the two sides on key issues"", ""7"": ""Lack of intention or will for reconciliation"", ""8"": ""Spread of sedition and hatred between the parties"", ""9"": ""Economic problems"", ""10"": ""Security instability"", ""11"": ""Lack of democracy and pluralism"", ""12"": ""Presidential and legislative elections"", ""13"": ""The situation in Arab countries and its preoccupation with supporting the Palestinian cause"", ""9992"": ""Other"", ""9996"": ""Do not know"", ""9997"": ""Declined to answer"", ""9998"": ""No other process"", ""9999"": ""Missing""}",,,,
493,QPal7,QPal7.Rank the following actions according to their importance in achieving national reconciliation:,float64,0,1498,0,"{""5"": ""All are equally importan"", ""6"": ""None are important"", ""96"": ""Do not know"", ""97"": ""Declined to answer"", ""99"": ""Missing""}",,,,
494,QPal7_1,QPal7_1.Rank the following actions according to their importance in achieving national reconciliation: Presidential elections,float64,0,1498,0,"{""1"": ""Rank 1"", ""2"": ""Rank 2"", ""3"": ""Rank 3"", ""6"": ""Do not know"", ""7"": ""Declined to answer"", ""9"": ""Missing""}",,,,
495,QPal7_2,QPal7_2.Rank the following actions according to their importance in achieving national reconciliation: Legislative elections,float64,0,1498,0,"{""1"": ""Rank 1"", ""2"": ""Rank 2"", ""3"": ""Rank 3"", ""6"": ""Do not know"", ""7"": ""Declined to answer"", ""9"": ""Missing""}",,,,
496,QPal7_3,QPal7_3.Rank the following actions according to their importance in achieving national reconciliation: Restructuring the PLO,float64,0,1498,0,"{""1"": ""Rank 1"", ""2"": ""Rank 2"", ""3"": ""Rank 3"", ""6"": ""Do not know"", ""7"": ""Declined to answer"", ""9"": ""Missing""}",,,,
497,QPal9_1,QPal9_1.Do you agree that they should Make land exchanges,float64,0,1498,0,"{""1"": ""Agree"", ""2"": ""Agree to an extent"", ""3"": ""DisAgree to an extent"", ""4"": ""Disagree"", ""6"": ""Do not know"", ""7"": ""Declined to answer"", ""9"": ""Missing""}",,,,
498,QPal9_2,QPal9_2.Do you agree that they should Replace the right of return with compensation,float64,0,1498,0,"{""1"": ""Agree"", ""2"": ""Agree to an extent"", ""3"": ""DisAgree to an extent"", ""4"": ""Disagree"", ""6"": ""Do not know"", ""7"": ""Declined to answer"", ""9"": ""Missing""}",,,,
499,QPal9_3,QPal9_3.Do you agree that they should Recognise Israel as a Jewish state,float64,0,1498,0,"{""1"": ""Agree"", ""2"": ""Agree to an extent"", ""3"": ""DisAgree to an extent"", ""4"": ""Disagree"", ""6"": ""Do not know"", ""7"": ""Declined to answer"", ""9"": ""Missing""}",,,,
500,QPal9_4,QPal9_4.Do you agree that they should Disarm Palestine,float64,0,1498,0,"{""1"": ""Agree"", ""2"": ""Agree to an extent"", ""3"": ""DisAgree to an extent"", ""4"": ""Disagree"", ""6"": ""Do not know"", ""7"": ""Declined to answer"", ""9"": ""Missing""}",,,,
501,QPal9_5,QPal9_5.Do you agree that they should Allow Israel control to carry on over land sea and air ports,float64,0,1498,0,"{""1"": ""Agree"", ""2"": ""Agree to an extent"", ""3"": ""DisAgree to an extent"", ""4"": ""Disagree"", ""6"": ""Do not know"", ""7"": ""Declined to answer"", ""9"": ""Missing""}",,,,
502,QPal9_6,QPal9_6.Do you agree that they should Allow Israeli control over the Jordan valley,float64,0,1498,0,"{""1"": ""Agree"", ""2"": ""Agree to an extent"", ""3"": ""DisAgree to an extent"", ""4"": ""Disagree"", ""6"": ""Do not know"", ""7"": ""Declined to answer"", ""9"": ""Missing""}",,,,
503,QPal9_7,QPal9_7.Do you agree that they should Allow Israel to retain settlements,float64,0,1498,0,"{""1"": ""Agree"", ""2"": ""Agree to an extent"", ""3"": ""DisAgree to an extent"", ""4"": ""Disagree"", ""6"": ""Do not know"", ""7"": ""Declined to answer"", ""9"": ""Missing""}",,,,
504,QPal9_8,QPal9_8.Do you agree that they should The division of 1967 occupied East Jerusalem,float64,0,1498,0,"{""1"": ""Agree"", ""2"": ""Agree to an extent"", ""3"": ""DisAgree to an extent"", ""4"": ""Disagree"", ""6"": ""Do not know"", ""7"": ""Declined to answer"", ""9"": ""Missing""}",,,,
505,QPal9_9,QPal9_9.Do you agree that they should Continued security coordination,float64,0,1498,0,"{""1"": ""Agree"", ""2"": ""Agree to an extent"", ""3"": ""DisAgree to an extent"", ""4"": ""Disagree"", ""6"": ""Do not know"", ""7"": ""Declined to answer"", ""9"": ""Missing""}",,,,
506,QPal13,QPal13.Do you think that would be in the interest of the Israelis or the Palestinians?,float64,0,1498,0,"{""1"": ""The interest of Israelis"", ""2"": ""To some extent in the interest of Israelis"", ""3"": ""To some extent in the interest of Palestinians"", ""4"": ""The interest of Palestinians"", ""6"": ""Do not know"", ""7"": ""Declined to answer"", ""9"": ""Missing""}",,,,
507,QTUN4,QTUN4.Do you agree with the results of the national dialogue?,float64,1498,0,6,"{""1"": ""Agree"", ""2"": ""Agree to an extent"", ""3"": ""Disagree to an extent"", ""4"": ""Disagree"", ""6"": ""Do not know"", ""7"": ""Declined to answer"", ""9"": ""Missing""}",,,1.0,7.0
508,QTUN5,"QTUN5.In your opinion, what forces and institutions that have played a role in the success of the national dialogue and the solution of the political deadlock in Tunisia?",float64,1498,0,14,"{""1"": ""Tunisian General Labour Union"", ""2"": ""Tunisian Industry Commerce and Artisanal Union"", ""3"": ""Imad Lawyers’ Union"", ""4"": ""Tunisian Human Rights League"", ""5"": ""Ennahda"", ""6"": ""Congres for the Republic"", ""7"": ""Democratic Forum for Labour and Liberties (Takatol)"", ""8"": ""Union for Tunisia"", ""9"": ""Popular Front"", ""10"": ""National Salvation Front"", ""11"": ""Constituent Assembly"", ""12"": ""People’s Will"", ""13"": ""Tunisian National Dialogue Quartet"", ""14"": ""Nidaa Tounes"", ""15"": ""The army"", ""9992"": ""Other"", ""9996"": ""Do not know"", ""9997"": ""Declined to answer"", ""9999"": ""Missing""}",,,1.0,9997.0
509,QTUN6,"QTUN6.Now that the Constituent Assembly has completed the process of drafting and ratifying the Constitution, to what degree do you think this Constitution represents you?",float64,1498,0,5,"{""1"": ""It very much represents me"", ""2"": ""It represents me to some extent"", ""3"": ""It doesn’t represent me"", ""6"": ""Do not know"", ""7"": ""Declined to answer"", ""9"": ""Missing""}",,,1.0,7.0
510,QTUN7,QTUN7.to what extent are you optimistic about what will happen in Tunisia?,float64,1498,0,6,"{""1"": ""Very optimistic"", ""2"": ""Somewhat optimistic"", ""3"": ""Not very optimistic"", ""4"": ""Not optimistic at all"", ""6"": ""Do not know"", ""7"": ""Declined to answer"", ""9"": ""Missing""}",,,1.0,7.0
511,QSUD2,"QSUD2.In your opinion, are the demands of these movements…?",float64,0,1498,0,"{""1"": ""Legitimate demands"", ""2"": ""Fairly legitimate demands"", ""3"": ""Somewhat illegitimate demands"", ""4"": ""Completely illegitimate demands"", ""6"": ""Do not know"", ""7"": ""Declined to answer"", ""9"": ""Missing""}",,,,
512,QSUD3,"QSUD3.In your opinion, the best option for Sudan regarding the conclict in South Sudan is",float64,0,1498,0,"{""1"": ""To support the Government of Southern Sudan"", ""2"": ""To support the opposition led by Machar"", ""3"": ""To stay neutral"", ""9992"": ""Other"", ""9996"": ""Do not know"", ""9997"": ""Declined to answer"", ""9999"": ""Missing""}",,,,
513,QKw1,"QKw1.Saudi Arabia, the UAE and Bahrain have withdrawn their ambassadors from the State of Qatar. Do you agree with this action?",float64,0,1498,0,"{""1"": ""Strongly agree"", ""2"": ""Agree to an extent"", ""3"": ""Disagree to an extent"", ""4"": ""Strongly disagree"", ""6"": ""Do not know"", ""7"": ""Declined to answer"", ""9"": ""Missing""}",,,,
514,QKw3_1,QKw3_1.The main reason for this measure is Pressure on Qatar to support the new regime in Egypt (after the deposition of Morsi),float64,0,1498,0,"{""1"": ""Strongly agree"", ""2"": ""agree"", ""3"": ""Disagree"", ""4"": ""Strongly disagree"", ""6"": ""Do not know"", ""7"": ""Declined to answer"", ""9"": ""Missing""}",,,,
515,QKw3_2,QKw3_2.The main reason for this measure is Because Qatar represents a threat to the security of the Gulf states,float64,0,1498,0,"{""1"": ""Strongly agree"", ""2"": ""agree"", ""3"": ""Disagree"", ""4"": ""Strongly disagree"", ""6"": ""Do not know"", ""7"": ""Declined to answer"", ""9"": ""Missing""}",,,,
516,QKw3_3,QKw3_3.The main reason for this measure is Because Qatar has supported the Arab Spring revolutions,float64,0,1498,0,"{""1"": ""Strongly agree"", ""2"": ""agree"", ""3"": ""Disagree"", ""4"": ""Strongly disagree"", ""6"": ""Do not know"", ""7"": ""Declined to answer"", ""9"": ""Missing""}",,,,
517,QKw3_4,QKw3_4.The main reason for this measure is Because Qatar interferes in the internal affairs of Saudi Arabia and the UAE,float64,0,1498,0,"{""1"": ""Strongly agree"", ""2"": ""agree"", ""3"": ""Disagree"", ""4"": ""Strongly disagree"", ""6"": ""Do not know"", ""7"": ""Declined to answer"", ""9"": ""Missing""}",,,,
518,QKw3_5,QKw3_5.The main reason for this measure is Because Saudi Arabia is trying to impose its foreign policy on the rest of the Gulf states,float64,0,1498,0,"{""1"": ""Strongly agree"", ""2"": ""agree"", ""3"": ""Disagree"", ""4"": ""Strongly disagree"", ""6"": ""Do not know"", ""7"": ""Declined to answer"", ""9"": ""Missing""}",,,,
519,QKw3_6,QKw3_6.The main reason for this measure is Because Qatar supports extremist (terrorist) Islamic movements,float64,0,1498,0,"{""1"": ""Strongly agree"", ""2"": ""agree"", ""3"": ""Disagree"", ""4"": ""Strongly disagree"", ""6"": ""Do not know"", ""7"": ""Declined to answer"", ""9"": ""Missing""}",,,,
520,QKw3_7,QKw3_7.The main reason for this measure is In order to weaken the role of Qatar in the Arab world,float64,0,1498,0,"{""1"": ""Strongly agree"", ""2"": ""agree"", ""3"": ""Disagree"", ""4"": ""Strongly disagree"", ""6"": ""Do not know"", ""7"": ""Declined to answer"", ""9"": ""Missing""}",,,,
521,QKw3_8,QKw3_8.The main reason for this measure is So that Al-Jazeera stops covering the demonstrations against the Egyptian regime,float64,0,1498,0,"{""1"": ""Strongly agree"", ""2"": ""agree"", ""3"": ""Disagree"", ""4"": ""Strongly disagree"", ""6"": ""Do not know"", ""7"": ""Declined to answer"", ""9"": ""Missing""}",,,,
522,QKw4,"QKw4.Among the previous reasons, in your opinion, what is the most important reason leading to the withdrawal of ambassadors?",float64,0,1498,0,"{""1"": ""Pressure on Qatar to support the new regime in Egypt (after the deposition of Morsi)"", ""2"": ""Because Qatar represents a threat to the security of the Gulf states"", ""3"": ""Because Qatar has supported the Arab Spring revolutions"", ""4"": ""Because Qatar interferes in the internal affairs of Saudi Arabia and the UAE"", ""5"": ""Because Saudi Arabia is trying to impose its foreign policy on the rest of the Gulf states"", ""6"": ""Because Qatar supports extremist (terrorist) Islamic movements"", ""7"": ""In order to weaken the role of Qatar in the Arab world"", ""8"": ""So that Al-Jazeera stops covering the demonstrations against the Egyptian regime"", ""9996"": ""Do not know"", ""9997"": ""Declined to answer"", ""9999"": ""Missing""}",,,,
523,QKw5,"QKw5.In your opinion, who benefited most from these measures?",float64,0,1498,0,"{""1"": ""Iran"", ""2"": ""Turkey"", ""3"": ""Israel"", ""4"": ""USA"", ""5"": ""Syrian regime"", ""6"": ""The new regime in Egypt"", ""9996"": ""Do not know"", ""9997"": ""Declined to answer"", ""9999"": ""Missing""}",,,,
524,QLeb1,QLeb1.Are you concerned/anxious about the presence of Syrian refugees in Lebanon?,float64,0,1498,0,"{""1"": ""Yes, I have many concerns"", ""2"": ""Yes, I have some concerns"", ""3"": ""No, I have no concerns"", ""6"": ""Do not know"", ""7"": ""Declined to answer"", ""9"": ""Missing""}",,,,
525,QLeb5,"QLeb5.In your opinion, what would be the ideal solution to the current political situation in Lebanon?",float64,0,1498,0,"{""1"": ""Formation of a national unity government"", ""2"": ""Formation of a neutral technocrat government"", ""3"": ""Keeping the current government"", ""4"": ""A change in politicians"", ""9992"": ""Other"", ""9996"": ""Do not know"", ""9997"": ""Declined to answer"", ""9999"": ""Missing""}",,,,
526,QLeb6,QLeb6.Do you believe that the Special International Tribunal on Lebanon’s judgements/rulings will be neutral or biased?,float64,0,1498,0,"{""1"": ""Certainly neutral"", ""2"": ""Somewhat neutral"", ""3"": ""Somewhat biased"", ""4"": ""Certainly biased"", ""6"": ""Do not know"", ""7"": ""Declined to answer"", ""9"": ""Missing""}",,,,
527,QEg1,QEg1.Which of the following statements is closer to your opinion?,float64,0,1498,0,"{""1"": ""Yes"", ""2"": ""No"", ""6"": ""Do not know"", ""7"": ""Declined to answer"", ""9"": ""Missing""}",,,,
528,QYE1,QYE1.Have you looked at/heard of/read about the National Dialogue Document?,float64,0,1498,0,"{""1"": ""Yes"", ""2"": ""No"", ""6"": ""Do not know"", ""7"": ""Declined to answer"", ""9"": ""Missing""}",,,,
529,QYE2,"QYE2.As a whole, to what extent does the National Dialogue Document support the results and outcomes of the National Dialogue?",float64,0,1498,0,"{""1"": ""Strongly"", ""2"": ""To some extent"", ""3"": ""It does not, to some extent"", ""4"": ""It does not at all"", ""6"": ""Do not know"", ""7"": ""Declined to answer"", ""9"": ""Missing""}",,,,
530,YE3_1,YE3_1.Why do you support this document?,float64,0,1498,0,"{""1"": ""It has brought an end to the crisis in Yemen"", ""2"": ""It has preserved Yemen’s unity"", ""3"": ""It meets all/some of the Revolution’s demands"", ""4"": ""The success of national dialogue and the transcendence of political and party divisions"", ""5"": ""Because a federal system is most appropriate to Yemen"", ""6"": ""It establishes a modern and democratic state"", ""9992"": ""reason Other"", ""9996"": ""Do not know"", ""9997"": ""Declined to answer"", ""9999"": ""Missing""}",,,,
531,YE3_2,YE3_2.Why are you opposed to this document?,float64,0,1498,0,"{""1"": ""Adopting federalism will lead to the division of Yemen"", ""2"": ""It did not achieve the south’s goals"", ""3"": ""It did not achieve all of its goals"", ""4"": ""Lack of trust in the application of its provisions"", ""5"": ""Non-representation of all sides and sections of society"", ""6"": ""I haven’t looked at it"", ""7"": ""It will not solve Yemen’s political crisis"", ""8"": ""It is biased towards some parties over others"", ""9"": ""Because it has been imposed from outside"", ""10"": ""I’m against the National Dialogue to start with"", ""9992"": ""reasons Other"", ""9996"": ""Do not know"", ""9997"": ""Declined to answer"", ""9999"": ""Missing""}",,,,
532,QYE4,"QYE4.The Document suggests that the Yemeni state should be federal. In your opinion, and in one line, what is a federal system?",float64,0,1498,0,"{""1"": ""Relying on a provincial system to govern the country"", ""2"": ""A decentralised system"", ""3"": ""It leads to the division of the country"", ""4"": ""A central government with a unified defence and foreign policy with the provinces having the power to run their own fina"", ""5"": ""The inhabitants of each province enjoying the right to manage their own financial resources"", ""6"": ""A more democratic and just system"", ""7"": ""Preserving the unity of Yemen and avoiding crises and divisions"", ""8"": ""Self rule"", ""9992"": ""Other"", ""9996"": ""Do not know"", ""9997"": ""Declined to answer"", ""9999"": ""Missing""}",,,,
533,QYE5_1,QYE5_1.to what extent do you support the  Extending the term of President Abd Rabbo Mansour Hadi,float64,0,1498,0,"{""1"": ""Strongly support"", ""2"": ""Support to an extent"", ""3"": ""Support to an extent"", ""4"": ""Strongly support"", ""6"": ""Do not know"", ""7"": ""Declined to answer"", ""9"": ""Missing""}",,,,
534,QYE5_2,QYE5_2.to what extent do you support the  Keeping the government with modifications,float64,0,1498,0,"{""1"": ""Strongly support"", ""2"": ""Support to an extent"", ""3"": ""Support to an extent"", ""4"": ""Strongly support"", ""6"": ""Do not know"", ""7"": ""Declined to answer"", ""9"": ""Missing""}",,,,
535,QYE5_3,"QYE5_3.to what extent do you support the  Keeping the parliament with its current makeup, speaker and legislative powers",float64,0,1498,0,"{""1"": ""Strongly support"", ""2"": ""Support to an extent"", ""3"": ""Support to an extent"", ""4"": ""Strongly support"", ""6"": ""Do not know"", ""7"": ""Declined to answer"", ""9"": ""Missing""}",,,,
536,QYE5_4,QYE5_4.to what extent do you support the  Holding parliamentary and presidential elections immediately after the establishment of the new Constitution.,float64,0,1498,0,"{""1"": ""Strongly support"", ""2"": ""Support to an extent"", ""3"": ""Support to an extent"", ""4"": ""Strongly support"", ""6"": ""Do not know"", ""7"": ""Declined to answer"", ""9"": ""Missing""}",,,,
537,Q1201,Q1201.Age,float64,1498,0,5,"{""1"": ""18 – 24"", ""2"": ""25 – 34"", ""3"": ""35 – 44"", ""4"": ""45-54"", ""5"": ""55 or older"", ""97"": ""Decline to answer""}",,,1.0,5.0
538,Q1202,Q1202.Gender,float64,1498,0,2,"{""1"": ""Male"", ""2"": ""Female""}",,,1.0,2.0
539,q1203,q1203.What is your first language?,float64,1498,0,3,"{""1"": ""Arabic"", ""2"": ""Kurdish"", ""3"": ""Amazigh"", ""4"": ""Fula"", ""5"": ""French"", ""6"": ""Spanish"", ""7"": ""English"", ""8"": ""Songhai"", ""9"": ""Armenian"", ""10"": ""Turcoman"", ""11"": ""German"", ""12"": ""Dutch"", ""13"": ""Italy"", ""14"": ""Wolof"", ""15"": ""Czech"", ""999"": ""Missing"", ""9992"": ""Other languages"", ""9997"": ""Declined to answer""}",,,1.0,7.0
540,Q1204,Q1204.What is your second language?,float64,1498,0,6,"{""1"": ""English"", ""2"": ""French"", ""3"": ""Arabic"", ""4"": ""Amazigh"", ""5"": ""Hebrew"", ""6"": ""Fula"", ""7"": ""Spanish"", ""8"": ""Kurdish"", ""9"": ""Turkish"", ""10"": ""Urdu"", ""11"": ""Wolof"", ""12"": ""Hassaniya"", ""13"": ""Italian"", ""14"": ""Soninke"", ""15"": ""Farsi"", ""16"": ""German"", ""17"": ""Russian"", ""18"": ""Armenian"", ""9992"": ""Other languages"", ""9998"": ""No other language""}",,,1.0,9998.0
541,Q1205,Q1205.Marital status,float64,1498,0,4,"{""1"": ""Single"", ""2"": ""Married"", ""3"": ""Divorced"", ""4"": ""Widowed"", ""97"": ""Declined to answer"", ""99"": ""Missing""}",,,1.0,4.0
542,QA1206,QA1206.Type of education,float64,0,1498,0,"{""1"": ""Formal"", ""2"": ""Mahdri""}",,,,
543,QA1206N,QA1206N.number of years,float64,0,1498,0,"{""97"": ""Decline to answer""}",,,,
544,Q1206,Q1206.Educational level,float64,1498,0,4,"{""1"": ""Illiterate/limited"", ""2"": ""Less than secondary"", ""3"": ""Secondary"", ""4"": ""Higher than secondary"", ""97"": ""Decline to answer""}",,,1.0,4.0
545,Q1207,Q1207.Work and employment,float64,1498,0,8,"{""1"": ""Working"", ""2"": ""Looking for work"", ""3"": ""Not looking for work"", ""4"": ""Housewife"", ""5"": ""Student"", ""6"": ""Retired"", ""7"": ""Has non-work related income"", ""8"": ""Disabled/ill"", ""10"": ""Unemployed"", ""11"": ""Not working, conscript"", ""12"": ""Not working, unpaid holiday"", ""97"": ""Decline to answer""}",,,1.0,8.0
546,QSyr1207,QSyr1207.Do you or the breadwinner of the family…,float64,0,1498,0,"{""1"": ""Work"", ""2"": ""Not work"", ""7"": ""Decline to answer""}",,,,
547,Q1208,Q1208.Work sector,float64,542,956,2,"{""1"": ""Public"", ""2"": ""Private"", ""3"": ""Decline to answer""}",,,1.0,2.0
548,Q1210,Q1210.How much is the monthly household income in the local currency?,float64,1498,0,102,"{""9999995"": ""can not to specified"", ""9999996"": ""Do not know"", ""9999997"": ""Declined to answer"", ""9999998"": ""There is no income"", ""9999999"": ""Missing""}",,,100.0,9999997.0
549,Q1211,Q1211.Please indicate which of the following expressions most accurately describes your household income.,float64,1498,0,5,"{""1"": ""Our household income meets our requirements and we are able to save"", ""2"": ""Our household income meets our requirements and we are unable to save"", ""3"": ""Our household income does not cover our requirements and we have difficulty paying for necessities"", ""6"": ""Do not know"", ""7"": ""Declined to answer""}",,,1.0,7.0
550,Q1212_1,Q1212_1.how did you make up for the shortfall? The first answer,float64,745,753,11,"{""1"": ""Borrowing from friends, relatives and acquaintances"", ""2"": ""Loans from banks or financial institutions"", ""3"": ""Assistance from relatives, neighbours and friends"", ""4"": ""Assistance from the government or government institutions"", ""5"": ""Assistance from religious charities"", ""6"": ""Assistance from civil (non-religious) charities"", ""7"": ""Selling property belonging to the family or a family member (real estate, gold, furniture)"", ""8"": ""Assistance from (local) civil charities"", ""9"": ""Assistance from international organisations"", ""10"": ""Relied on savings"", ""11"": ""Assistance from the National Coalition, Assistance Coordination Unit or the Coalition Government"", ""12"": ""Additional work"", ""13"": ""Guiding spending and limiting consumption"", ""14"": ""Buying necessities on credit"", ""9992"": ""Other"", ""9996"": ""Do not know"", ""9997"": ""Decline to answer"", ""9998"": ""No other answer"", ""9999"": ""Missing""}",,,1.0,9997.0
551,Q1212_2,Q1212_2.how did you make up for the shortfall? The second answer,float64,734,764,6,"{""1"": ""Borrowing from friends, relatives and acquaintances"", ""2"": ""Loans from banks or financial institutions"", ""3"": ""Assistance from relatives, neighbours and friends"", ""4"": ""Assistance from the government or government institutions"", ""5"": ""Assistance from religious charities"", ""6"": ""Assistance from civil (non-religious) charities"", ""7"": ""Selling property belonging to the family or a family member (real estate, gold, furniture)"", ""8"": ""Assistance from (local) civil charities"", ""9"": ""Assistance from international organisations"", ""10"": ""Relied on savings"", ""11"": ""Assistance from the National Coalition, Assistance Coordination Unit or the Coalition Government"", ""12"": ""Additional work"", ""13"": ""Guiding spending and limiting consumption"", ""14"": ""Buying necessities on credit"", ""9992"": ""Other"", ""9996"": ""Do not know"", ""9997"": ""Decline to answer"", ""9998"": ""No other answer"", ""9999"": ""Missing""}",,,2.0,9998.0
552,Q1212_3,Q1212_3.how did you make up for the shortfall? The third answer,float64,143,1355,5,"{""1"": ""Borrowing from friends, relatives and acquaintances"", ""2"": ""Loans from banks or financial institutions"", ""3"": ""Assistance from relatives, neighbours and friends"", ""4"": ""Assistance from the government or government institutions"", ""5"": ""Assistance from religious charities"", ""6"": ""Assistance from civil (non-religious) charities"", ""7"": ""Selling property belonging to the family or a family member (real estate, gold, furniture)"", ""8"": ""Assistance from (local) civil charities"", ""9"": ""Assistance from international organisations"", ""10"": ""Relied on savings"", ""11"": ""Assistance from the National Coalition, Assistance Coordination Unit or the Coalition Government"", ""12"": ""Additional work"", ""13"": ""Guiding spending and limiting consumption"", ""14"": ""Buying necessities on credit"", ""9992"": ""Other"", ""9996"": ""Do not know"", ""9997"": ""Decline to answer"", ""9998"": ""No other answer"", ""9999"": ""Missing""}",,,3.0,9998.0
553,Q1214,"Q1214.On average, how much are the household’s monthly outgoings in the local currency",float64,1498,0,75,"{""9999995"": ""can not to specified"", ""9999996"": ""Do not know"", ""9999997"": ""Declined to answer"", ""9999998"": ""There are no expenses"", ""9999999"": ""Missing""}",,,100.0,9999997.0
554,QY1216,QY1216.Do you chew Qat,float64,0,1498,0,"{""1"": ""Daily"", ""2"": ""Several times a week"", ""3"": ""Weekly"", ""4"": ""On special occasions"", ""5"": ""I do not chew Qat at all"", ""6"": ""Other""}",,,,
555,Weight,Weight.Weight,float64,1498,0,1,,,,1.0,1.0
