position,variable,label,storage_type,n_valid,n_missing,n_distinct,value_labels,observed_values,sentinel_codes,min,max
1,vQID,vQID.QID,float64,1497,0,1497,,,,2343.0,52391.0
2,QID,QID.QID,float64,1497,0,1497,,,,1.0,1500.0
3,Q1,Q1.Country Code,float64,1497,0,1,"{""1"": ""Jordan"", ""2"": ""Tunisia"", ""3"": ""Algeria"", ""4"": ""Saudi Arabia"", ""5"": ""Sudan"", ""6"": ""Iraq"", ""7"": ""Palestine"", ""8"": ""Kuwait"", ""9"": ""Lebanon"", ""10"": ""Libya"", ""11"": ""Egypt"", ""12"": ""Morocco"", ""13"": ""Mauritania"", ""14"": ""Yemen"", ""15"": ""Syrian Refugees""}",,,2.0,2.0
4,Q2,Q2.Survey Year,float64,1497,0,1,"{""1"": ""Arab Index 2011"", ""2"": ""Arab Index 2012/2013"", ""3"": ""Arab Index 2014"", ""4"": ""Arab Index 2015"", ""5"": ""Arab Index 2016"", ""6"": ""Arab Index 2017/2018""}",,,4.0,4.0
5,Q3,Q3.Primary Administrative Level: (Governorate / State / Emirate),float64,1497,0,24,"{""1"": ""Amman"", ""2"": ""Balqaa"", ""3"": ""Zirqaa"", ""4"": ""Madaba"", ""5"": ""Irbid"", ""6"": ""Mafraq"", ""7"": ""Jerash"", ""8"": ""Ajloun"", ""9"": ""Karak"", ""10"": ""Tafileh"", ""11"": ""Maan"", ""12"": ""Aqaba"", ""13"": ""Tunis"", ""14"": ""Ariana"", ""15"": ""Manouba"", ""16"": ""Ben Arous"", ""17"": ""Nabeul"", ""18"": ""Zaghouan"", ""19"": ""Bizerte"", ""20"": ""Beja"", ""21"": ""Jendouba"", ""22"": ""El Kef"", ""23"": ""Siliana"", ""24"": ""Sousse"", ""25"": ""Monastir"", ""26"": ""Mahdia"", ""27"": ""Sfax"", ""28"": ""Kairouan"", ""29"": ""Kasserine"", ""30"": ""Sidi Bouzid"", ""31"": ""Gabès"", ""32"": ""Medenine"", ""33"": ""Tataouine"", ""34"": ""Gafsa"", ""35"": ""Tozeur"", ""36"": ""Kebili"", ""37"": ""Jenin"", ""38"": ""Tubas"", ""39"": ""Tulkarem"", ""40"": ""Nablus"", ""41"": ""Qalqilia"", ""42"": ""Salfit"", ""43"": ""Ramallah and Al-Bireh"", ""44"": ""Jericho"", ""45"": ""Jerusalem"", ""46"": ""Bethlehem"", ""47"": ""Hebron"", ""48"": ""North  Gaza"", ""49"": ""Gaza"", ""50"": ""Dair Al Balah"", ""51"": ""Khan Younes"", ""52"": ""Rafah"", ""53"": ""Batna"", ""54"": ""Bordj Bou Arréridj "", ""55"": ""Djelfa"", ""56"": ""El Bayadh"", ""57"": ""Khanshla"", ""58"": ""Laghouat"", ""59"": ""Masila"", ""60"": ""Naâma"", ""61"": ""Umm al-Bawaki"", ""62"": ""Saida"", ""63"": ""Setif"", ""64"": ""Tabsa"", ""65"": ""Tiaret"", ""66"": ""Tissemselt"", ""67"": ""Ain Defla"", ""68"": ""Ain Tamoushant"", ""69"": ""Algeria"", ""70"": ""Annaba"", ""71"": ""Bejaia"", ""72"": ""Blida"", ""73"": ""Bouira"", ""74"": ""Boumerdes"", ""75"": ""Chlef"", ""76"": ""Constantine"", ""77"": ""Al-Taraf"", ""78"": ""Guelma"", ""79"": ""Jigel"", ""80"": ""Mascara"", ""81"": ""Medea"", ""82"": ""Mela"", ""83"": ""Mostaganem"", ""84"": ""Oran"", ""85"": ""Glyzane"", ""86"": ""Sir Bel Abbes"", ""87"": ""Skikda"", ""88"": ""Souk Ahras"", ""89"": ""Tipaza"", ""90"": ""Tizi Ouzou"", ""91"": ""Tlemcen"", ""92"": ""Adrar"", ""93"": ""Bashar"", ""94"": ""Biskra"", ""95"": ""Alwad"", ""96"": ""Ghardaia"", ""97"": ""Tamanrasset"", ""98"": ""Ouargla"", ""99"": ""Riyadh"", ""100"": ""Mecca"", ""101"": ""Medina"", ""102"": ""Qassim"", ""103"": ""Eastern Province"", ""104"": ""'Asir"", ""105"": ""Tabuk"", ""106"": ""Ha'il"", ""107"": ""Northern borders"", ""108"": ""Al Jawf"", ""109"": ""Jazan"", ""110"": ""Najran"", ""111"": ""Al Bahah"", ""112"": ""al-Jazira"", ""113"": ""White Nile"", ""114"": ""Blue Nile"", ""115"": ""Sennar"", ""116"": ""Khartoum"", ""117"": ""The Red Sea"", ""118"": ""El-Gadarif"", ""119"": ""Kassala"", ""120"": ""North"", ""121"": ""The Nile River"", ""122"": ""South Darfur"", ""123"": ""North Darfur"", ""124"": ""West Darfur"", ""125"": ""South Kordofan"", ""126"": ""North Kordofan"", ""127"": ""Baghdad"", ""128"": ""Salahaddin"", ""129"": ""Diyala"", ""130"": ""Wasit"", ""131"": ""Maysan"", ""132"": ""Basra"", ""133"": ""Dhi Qar"", ""134"": ""Muthanna"", ""135"": ""Qadisiyah"", ""136"": ""Babel"", ""137"": ""Karbala"", ""138"": ""Najaf"", ""139"": ""Anbar"", ""140"": ""Nineveh / Mosul"", ""141"": ""Erbil"", ""142"": ""Kirkuk"", ""143"": ""Sulaymaniyah"", ""144"": ""City Kuwait"", ""145"": ""Hawalli Governorate"", ""146"": ""Al - Ahmadi Governorate"", ""147"": ""Jahra Governorate"", ""148"": ""Farwaniya Governorate"", ""149"": ""Mubarak Al - Kabeer Governorate"", ""150"": ""Beirut"", ""151"": ""Nabatieh"", ""152"": ""Bekaa"", ""153"": ""Mount Lebanon"", ""154"": ""North Governorate"", ""155"": ""Southern Lebanon"", ""156"": ""Chaouia - Ouardigha"", ""157"": ""Doukkala-Abda"", ""158"": ""Fès-Boulemane"", ""159"": ""West - Chardara - Bani Hassan"", ""160"": ""Greater Cassablanca"", ""161"": ""Guelmim-Es Semara"", ""162"": ""Laayoune - Boujdour - El Sakia El Hamra"", ""163"": ""Marrakech - Tensift - El Haouz Region"", ""164"": ""Meknes-Tafilalet"", ""165"": ""Eastern side"", ""166"": ""Wadi Al-Zahab - Al-Kuwaira"", ""167"": ""Rabat-Salé-Zemmour-Zaer"", ""168"": ""Sous-Massa-Shield"", ""169"": ""Tadla - Azilal"", ""170"": ""Tangier - Tetouan"", ""171"": ""Taza - Al Hoceima - Taounate"", ""172"": ""Eastern Basin"", ""173"": ""Western Basin"", ""174"": ""Assaba"", ""175"": ""Tkant"", ""176"": ""Caracal"", ""177"": ""Brakna"", ""178"": ""Atarase"", ""179"": ""Kedmaga"", ""180"": ""Adrar"", ""181"": ""Dakhlet Nouadhibou"", ""182"": ""Terres Zemmour"", ""183"": ""Inchiri"", ""184"": ""Nouakchott"", ""185"": ""Cairo"", ""186"": ""Alexandria"", ""187"": ""Port Said"", ""188"": ""Suez"", ""189"": ""Damietta"", ""190"": ""Dakahlia"", ""191"": ""Sharqia"", ""192"": ""Kaliobeya"", ""193"": ""Kafr El Sheikh"", ""194"": ""Gharbia "", ""195"": ""Monufia "", ""196"": ""Beheira "", ""197"": ""Ismailia"", ""198"": ""Giza"", ""199"": ""Bani Suef"", ""200"": ""Fayoum"", ""201"": ""Menia"", ""202"": ""Asyut"", ""203"": ""Sohag"", ""204"": ""Qena"", ""205"": ""Luxor"", ""206"": ""The Red Sea"", ""207"": ""Aswan"", ""208"": ""Matrouh"", ""209"": ""Tripoli"", ""210"": ""Benghazi"", ""211"": ""Misrata"", ""212"": ""Jafara"", ""213"": ""Murqub"", ""214"": ""Jabal Al Gharbi"", ""215"": ""Zawiya"", ""216"": ""Nuqat al Khams"", ""217"": ""Jebel Akhdar"", ""218"": ""Marj"", ""219"": ""Al Wahat"", ""220"": ""Darnah"", ""221"": ""Butnan"", ""222"": ""Sirte"", ""223"": ""Sabha"", ""224"": ""Nalut"", ""225"": ""Murzuk"", ""226"": ""Wadi al Shatii"", ""227"": ""Wadi al Hayaa"", ""228"": ""Jufra "", ""229"": ""Kufra"", ""230"": ""Ghat"", ""231"": ""Ibb"", ""232"": ""Abyan"", ""233"": ""Amanat Al Asimah"", ""234"": ""Al Bayda'"", ""235"": ""Taiz"", ""236"": ""Al-Jouf"", ""237"": ""Hajjah"", ""238"": ""Al Hudaydah"", ""239"": ""Hadramout"", ""240"": ""Dhamar"", ""241"": ""Shabwa"", ""242"": ""Saada"", ""243"": ""Sanaa"", ""245"": ""Aden"", ""246"": ""Lahej"", ""247"": ""Marib"", ""248"": ""Al Mahwit"", ""249"": ""skilled"", ""250"": ""Imran"", ""251"": ""Al-Dali '"", ""252"": ""rima"", ""253"": ""Gaziantep"", ""254"": ""Chanli Urfa"", ""255"": ""Hatay"", ""256"": ""Kilis"", ""257"": ""Mardin"", ""258"": ""Kahramanmaras"", ""259"": ""Adana"", ""260"": ""Malatya"", ""261"": ""Adiyaman"", ""262"": ""Syrian Border"", ""263"": ""Istanbul"", ""264"": ""Northeast Anatolia"", ""265"": ""Eastern Anatolia Region"", ""266"": ""Central Anatolia"", ""267"": ""Northwesetern"", ""268"": ""Grand Tunis"", ""269"": ""Southeast"", ""270"": ""Southwest"", ""271"": ""Dahuk"", ""272"": ""Akkar "", ""273"": ""Baalbak"", ""274"": ""Tanger-Tetouan-Al Hoceima"", ""275"": ""Sharqi"", ""276"": ""Fès-Meknès"", ""277"": ""Rabat-Salé-Kénitra"", ""278"": ""Béni Mellal-Khénifra"", ""279"": ""Marrakesh"", ""280"": ""Drâa-Tafilalet"", ""281"": ""Souss-Massa"", ""282"": ""Guelmim-Oued Noun""}",,,13.0,36.0
6,Q4,Q4.Category,float64,1497,0,2,"{""1"": ""Urban"", ""2"": ""Rural""}",,,1.0,2.0
7,Q5,Q5.How many members in the family?,float64,1497,0,14,"{""96"": ""Do not know"", ""97"": ""Declined to answer"", ""99"": ""Missing""}",,,1.0,15.0
8,Q101_1,Q101_1.How would you evaluate The financial situation of your household,float64,1497,0,6,"{""1"": ""very good"", ""2"": ""Good"", ""3"": ""Bad"", ""4"": ""very bad"", ""6"": ""Do not know"", ""7"": ""Declined to answer"", ""9"": ""Missing""}",,,1.0,7.0
9,Q101_2,Q101_2.How would you evaluate Your home country’s economic situation,float64,1497,0,5,"{""1"": ""very good"", ""2"": ""Good"", ""3"": ""Bad"", ""4"": ""very bad"", ""6"": ""Do not know"", ""7"": ""Declined to answer"", ""9"": ""Missing""}",,,1.0,6.0
10,Q101_3,"Q101_3.How would you evaluate The level of safety in your area of residence (neighborhood, district, village)",float64,1497,0,5,"{""1"": ""very good"", ""2"": ""Good"", ""3"": ""Bad"", ""4"": ""very bad"", ""6"": ""Do not know"", ""7"": ""Declined to answer"", ""9"": ""Missing""}",,,1.0,6.0
11,Q101_4,Q101_4.How would you evaluate The level of safety in your home country,float64,1497,0,5,"{""1"": ""very good"", ""2"": ""Good"", ""3"": ""Bad"", ""4"": ""very bad"", ""6"": ""Do not know"", ""7"": ""Declined to answer"", ""9"": ""Missing""}",,,1.0,6.0
12,Q101_5,Q101_5.How would you evaluate The political situation in your home country,float64,1497,0,5,"{""1"": ""very good"", ""2"": ""Good"", ""3"": ""Bad"", ""4"": ""very bad"", ""6"": ""Do not know"", ""7"": ""Declined to answer"", ""9"": ""Missing""}",,,1.0,6.0
13,Q103,"Q103.In your opinion, what is the most important challenge facing your home country today?",float64,1497,0,17,"{""1"": ""Unemployment"", ""2"": ""Lack of security and safety"", ""3"": ""Negative economic conditions"", ""4"": ""Price inflation"", ""5"": ""Weakened social services"", ""6"": ""Governance and the lack of democracy"", ""7"": ""Poverty"", ""8"": ""Social Issues"", ""9"": ""Administrative and fiscal corruption"", ""10"": ""Lack of political stability"", ""11"": ""The policies of the Israeli occupation and the blockade of Gaza"", ""12"": ""Refugees"", ""13"": ""Regional / sectarian / ethnic / tribal divisions"", ""14"": ""External intervention"", ""15"": ""The issue of separation from the south"", ""16"": ""Palestinian division"", ""17"": ""American occupation"", ""9992"": ""Other"", ""9996"": ""Do not know"", ""9997"": ""Declined to answer"", ""9998"": ""There isn’t any"", ""9999"": ""Missing""}",,,1.0,9998.0
14,Q104,Q104.To what extent do you think that the government of your country is serious about overcoming this challenge?,float64,1475,22,5,"{""1"": ""Very serious"", ""2"": ""Serious to some extent"", ""3"": ""Not serious to some extent"", ""4"": ""Not serious at all"", ""6"": ""Do not know"", ""7"": ""Declined to answer"", ""9"": ""Missing""}",,,1.0,6.0
15,Q105,Q105.Would you like to emigrate to another country?,float64,1497,0,3,"{""1"": ""Yes"", ""2"": ""No"", ""6"": ""Do not know"", ""7"": ""Declined to answer"", ""9"": ""Missing""}",,,1.0,6.0
16,Q106,Q106.To which country would you like to emigrate?,float64,345,1152,11,"{""1"": ""European countries"", ""2"": ""Gulf countries"", ""3"": ""USA"", ""4"": ""Canada"", ""5"": ""Turkey"", ""6"": ""Australia"", ""7"": ""Arab countries"", ""8"": ""Other countries"", ""9"": ""Africa"", ""10"": ""Latin America"", ""9995"": ""Not Decided yet"", ""9996"": ""Do not know"", ""9997"": ""Declined to answer"", ""9999"": ""Missing""}",,,1.0,9997.0
17,Q107,Q107.What is your main motive for wanting to emigrate?,float64,345,1152,7,"{""1"": ""Improvement of economic circumstances"", ""2"": ""Lack of a stable security situation"", ""3"": ""Political reasons"", ""4"": ""Educational reasons"", ""5"": ""Family reasons"", ""6"": ""Religious reasons"", ""7"": ""For improved quality of life and freedom"", ""9992"": "" Other reasons"", ""9996"": ""Do not know"", ""9997"": ""Declined to answer"", ""9999"": ""Missing""}",,,1.0,9997.0
18,Q109,"Q109.In general, do you think that",float64,1497,0,3,"{""1"": ""You can trust the majority of people"", ""2"": ""You cannot trust the majority of people"", ""6"": ""Do not know"", ""7"": ""Declined to answer"", ""9"": ""Missing""}",,,1.0,6.0
19,Q110_1,Q110_1.How much do you trust  Your neighbors,float64,1497,0,5,"{""1"": ""Full trust"", ""2"": ""Somewhat trust"", ""3"": ""Do not trust very much"", ""4"": ""Do not trust at all"", ""6"": ""Do not know"", ""7"": ""Declined to answer"", ""9"": ""Missing""}",,,1.0,6.0
20,Q110_2,Q110_2.How much do you trust  The people you know personally,float64,1497,0,5,"{""1"": ""Full trust"", ""2"": ""Somewhat trust"", ""3"": ""Do not trust very much"", ""4"": ""Do not trust at all"", ""6"": ""Do not know"", ""7"": ""Declined to answer"", ""9"": ""Missing""}",,,1.0,6.0
21,Q110_3,Q110_3.How much do you trust  People you meet for the first time,float64,1497,0,5,"{""1"": ""Full trust"", ""2"": ""Somewhat trust"", ""3"": ""Do not trust very much"", ""4"": ""Do not trust at all"", ""6"": ""Do not know"", ""7"": ""Declined to answer"", ""9"": ""Missing""}",,,1.0,6.0
22,Q110_4,Q110_4.How much do you trust  People who belong to a different religion than you,float64,1497,0,5,"{""1"": ""Full trust"", ""2"": ""Somewhat trust"", ""3"": ""Do not trust very much"", ""4"": ""Do not trust at all"", ""6"": ""Do not know"", ""7"": ""Declined to answer"", ""9"": ""Missing""}",,,1.0,6.0
23,Q110_5,Q110_5.How much do you trust  People who belong to a different sect than you,float64,1497,0,5,"{""1"": ""Full trust"", ""2"": ""Somewhat trust"", ""3"": ""Do not trust very much"", ""4"": ""Do not trust at all"", ""6"": ""Do not know"", ""7"": ""Declined to answer"", ""9"": ""Missing""}",,,1.0,6.0
24,Q110_6,Q110_6.How much do you trust  People from a different nationality,float64,1497,0,5,"{""1"": ""Full trust"", ""2"": ""Somewhat trust"", ""3"": ""Do not trust very much"", ""4"": ""Do not trust at all"", ""6"": ""Do not know"", ""7"": ""Declined to answer"", ""9"": ""Missing""}",,,1.0,6.0
25,Q201_1,Q201_1.To what extent do you trust The Judiciary,float64,1497,0,6,"{""1"": ""I trust to a great extent"", ""2"": ""I trust to some extent"", ""3"": ""I do not trust to some extent"", ""4"": ""I do not trust at all"", ""6"": ""Do not know"", ""7"": ""Declined to answer"", ""9"": ""Missing""}",,,1.0,7.0
26,Q201_2,Q201_2.To what extent do you trust Public Security (the Police),float64,1497,0,6,"{""1"": ""I trust to a great extent"", ""2"": ""I trust to some extent"", ""3"": ""I do not trust to some extent"", ""4"": ""I do not trust at all"", ""6"": ""Do not know"", ""7"": ""Declined to answer"", ""9"": ""Missing""}",,,1.0,7.0
27,Q201_3,Q201_3.To what extent do you trust Elected representative legislature,float64,1497,0,6,"{""1"": ""I trust to a great extent"", ""2"": ""I trust to some extent"", ""3"": ""I do not trust to some extent"", ""4"": ""I do not trust at all"", ""6"": ""Do not know"", ""7"": ""Declined to answer"", ""9"": ""Missing""}",,,1.0,7.0
28,Q201_4,Q201_4.To what extent do you trust The government,float64,1497,0,6,"{""1"": ""I trust to a great extent"", ""2"": ""I trust to some extent"", ""3"": ""I do not trust to some extent"", ""4"": ""I do not trust at all"", ""6"": ""Do not know"", ""7"": ""Declined to answer"", ""9"": ""Missing""}",,,1.0,7.0
29,Q201_5,Q201_5.To what extent do you trust Political parties,float64,1497,0,6,"{""1"": ""I trust to a great extent"", ""2"": ""I trust to some extent"", ""3"": ""I do not trust to some extent"", ""4"": ""I do not trust at all"", ""6"": ""Do not know"", ""7"": ""Declined to answer"", ""9"": ""Missing""}",,,1.0,7.0
30,Q201_6,Q201_6.To what extent do you trust The Army,float64,1497,0,6,"{""1"": ""I trust to a great extent"", ""2"": ""I trust to some extent"", ""3"": ""I do not trust to some extent"", ""4"": ""I do not trust at all"", ""6"": ""Do not know"", ""7"": ""Declined to answer"", ""9"": ""Missing""}",,,1.0,7.0
31,Q201_7,Q201_7.To what extent do you trust Intelligence Services (Secret Police/ State Security),float64,0,1497,0,"{""1"": ""I trust to a great extent"", ""2"": ""I trust to some extent"", ""3"": ""I do not trust to some extent"", ""4"": ""I do not trust at all"", ""6"": ""Do not know"", ""7"": ""Declined to answer"", ""9"": ""Missing""}",,,,
32,Q201_8,Q201_8.To what extent do you trust Palestinian Authority,float64,0,1497,0,"{""1"": ""I trust to a great extent"", ""2"": ""I trust to some extent"", ""3"": ""I do not trust to some extent"", ""4"": ""I do not trust at all"", ""6"": ""Do not know"", ""7"": ""Declined to answer"", ""9"": ""Missing""}",,,,
33,Q201_9,Q201_9.To what extent do you trust Fatah,float64,0,1497,0,"{""1"": ""I trust to a great extent"", ""2"": ""I trust to some extent"", ""3"": ""I do not trust to some extent"", ""4"": ""I do not trust at all"", ""6"": ""Do not know"", ""7"": ""Declined to answer"", ""9"": ""Missing""}",,,,
34,Q201_10,Q201_10.To what extent do you trust Hamas,float64,0,1497,0,"{""1"": ""I trust to a great extent"", ""2"": ""I trust to some extent"", ""3"": ""I do not trust to some extent"", ""4"": ""I do not trust at all"", ""6"": ""Do not know"", ""7"": ""Declined to answer"", ""9"": ""Missing""}",,,,
35,Q201_11,Q201_11.To what extent do you trust Provincial Council,float64,0,1497,0,"{""1"": ""I trust to a great extent"", ""2"": ""I trust to some extent"", ""3"": ""I do not trust to some extent"", ""4"": ""I do not trust at all"", ""6"": ""Do not know"", ""7"": ""Declined to answer"", ""9"": ""Missing""}",,,,
36,Q201_12,Q201_12.To what extent do you trust The President,float64,1497,0,6,"{""1"": ""I trust to a great extent"", ""2"": ""I trust to some extent"", ""3"": ""I do not trust to some extent"", ""4"": ""I do not trust at all"", ""6"": ""Do not know"", ""7"": ""Declined to answer"", ""9"": ""Missing""}",,,1.0,7.0
37,Q201_13,Q201_13.To what extent do you trust Political blocs/societies,float64,0,1497,0,"{""1"": ""I trust to a great extent"", ""2"": ""I trust to some extent"", ""3"": ""I do not trust to some extent"", ""4"": ""I do not trust at all"", ""6"": ""Do not know"", ""7"": ""Declined to answer"", ""9"": ""Missing""}",,,,
38,Q201_14,Q201_14.To what extent do you trust Second Chamber (House of Counselors),float64,0,1497,0,"{""1"": ""I trust to a great extent"", ""2"": ""I trust to some extent"", ""3"": ""I do not trust to some extent"", ""4"": ""I do not trust at all"", ""6"": ""Do not know"", ""7"": ""Declined to answer"", ""9"": ""Missing""}",,,,
39,Q201_15,Q201_15.To what extent do you trust Egyptian media in general,float64,0,1497,0,"{""1"": ""I trust to a great extent"", ""2"": ""I trust to some extent"", ""3"": ""I do not trust to some extent"", ""4"": ""I do not trust at all"", ""6"": ""Do not know"", ""7"": ""Declined to answer"", ""9"": ""Missing""}",,,,
40,Q201_16,Q201_16.To what extent do you trust The Grand Imam of al-Azhar,float64,0,1497,0,"{""1"": ""I trust to a great extent"", ""2"": ""I trust to some extent"", ""3"": ""I do not trust to some extent"", ""4"": ""I do not trust at all"", ""6"": ""Do not know"", ""7"": ""Declined to answer"", ""9"": ""Missing""}",,,,
41,Q202,Q202.To what extent do you think that the principle of a fair trial is respected in your home country?,float64,1497,0,5,"{""1"": ""To a great extent"", ""2"": ""To some extent"", ""3"": ""To some extent not respected"", ""4"": ""Not respected at all"", ""6"": ""Do not know"", ""7"": ""Declined to answer"", ""9"": ""Missing""}",,,1.0,6.0
42,Q203,"Q203.With regards to the state's application of the rule of law between citizens, which of the following statements is closest to your opinion ...",float64,1497,0,4,"{""1"": ""The State applies the rule of law equally to a large extent"", ""2"": ""The State applies the rule of law, but favors some groups over others"", ""3"": ""The State completely does not apply the rule of law equally among the people"", ""6"": ""Do not know"", ""7"": ""Declined to answer"", ""9"": ""Missing""}",,,1.0,6.0
43,Q204,"Q204.In your opinion, how widespread is financial and administrative corruption in your home country?",float64,1497,0,6,"{""1"": ""Very widespread"", ""2"": ""Widespread, to some extent"", ""3"": ""Widespread to a limited extent"", ""4"": ""Not widespread at all"", ""6"": ""Do not know"", ""7"": ""Declined to answer"", ""9"": ""Missing""}",,,1.0,7.0
44,Q205,"Q205.In your opinion, how serious is the government in combating financial and administrative corruption in your home country?",float64,1433,64,5,"{""1"": ""Very serious"", ""2"": ""Serious to some extent"", ""3"": ""Not serious"", ""4"": ""Not serious at all"", ""6"": ""Do not know"", ""7"": ""Declined to answer"", ""9"": ""Missing""}",,,1.0,6.0
45,Q206_1,Q206_1.To what extent do the policies of the government of your country reflect the views of the citizenry within Foreign policy,float64,1497,0,6,"{""1"": ""Reflects citizens’ views to a great extent"", ""2"": ""Reflects citizens’ views to some extent"", ""3"": ""Does not reflect citizens’ views, to some extent"", ""4"": ""Does not reflect citizens’ views at all"", ""6"": ""Do not know"", ""7"": ""Declined to answer"", ""9"": ""Missing""}",,,1.0,7.0
46,Q206_2,Q206_2.To what extent do the policies of the government of your country reflect the views of the citizenry within Domestic economic policy,float64,1497,0,6,"{""1"": ""Reflects citizens’ views to a great extent"", ""2"": ""Reflects citizens’ views to some extent"", ""3"": ""Does not reflect citizens’ views, to some extent"", ""4"": ""Does not reflect citizens’ views at all"", ""6"": ""Do not know"", ""7"": ""Declined to answer"", ""9"": ""Missing""}",,,1.0,7.0
47,Q210_1,Q210_1.How would you evaluate the government’s performance in Improving public healthcare,float64,1497,0,5,"{""1"": ""Very good"", ""2"": ""Good"", ""3"": ""Poor"", ""4"": ""Very poor"", ""6"": ""Do not know"", ""7"": ""Declined to answer"", ""9"": ""Missing""}",,,1.0,6.0
48,Q210_2,Q210_2.How would you evaluate the government’s performance in Providing water,float64,1497,0,5,"{""0"": ""Not applicable (service not provided)"", ""1"": ""Very good"", ""2"": ""Good"", ""3"": ""Poor"", ""4"": ""Very poor"", ""6"": ""Do not know"", ""7"": ""Declined to answer"", ""9"": ""Missing""}",,,1.0,6.0
49,Q210_3,Q210_3.How would you evaluate the government’s performance in Providing public sanitation/sewage systems,float64,1497,0,5,"{""0"": ""Not applicable (service not provided)"", ""1"": ""Very good"", ""2"": ""Good"", ""3"": ""Poor"", ""4"": ""Very poor"", ""6"": ""Do not know"", ""7"": ""Declined to answer"", ""9"": ""Missing""}",,,1.0,6.0
50,Q210_4,Q210_4.How would you evaluate the government’s performance in Improving education in public sector schools,float64,1497,0,5,"{""1"": ""Very good"", ""2"": ""Good"", ""3"": ""Poor"", ""4"": ""Very poor"", ""6"": ""Do not know"", ""7"": ""Declined to answer"", ""9"": ""Missing""}",,,1.0,6.0
51,Q210_5,Q210_5.How would you evaluate the government’s performance in Improving the standard of living for the poor,float64,1497,0,5,"{""1"": ""Very good"", ""2"": ""Good"", ""3"": ""Poor"", ""4"": ""Very poor"", ""6"": ""Do not know"", ""7"": ""Declined to answer"", ""9"": ""Missing""}",,,1.0,6.0
52,Q210_6,Q210_6.How would you evaluate the government’s performance in Providing solutions for unemployment,float64,1497,0,5,"{""1"": ""Very good"", ""2"": ""Good"", ""3"": ""Poor"", ""4"": ""Very poor"", ""6"": ""Do not know"", ""7"": ""Declined to answer"", ""9"": ""Missing""}",,,1.0,6.0
53,Q210_7,Q210_7.How would you evaluate the government’s performance in Improving road quality,float64,1497,0,5,"{""1"": ""Very good"", ""2"": ""Good"", ""3"": ""Poor"", ""4"": ""Very poor"", ""6"": ""Do not know"", ""7"": ""Declined to answer"", ""9"": ""Missing""}",,,1.0,6.0
54,Q210_8,Q210_8.How would you evaluate the government’s performance in Combatting crime,float64,1497,0,5,"{""1"": ""Very good"", ""2"": ""Good"", ""3"": ""Poor"", ""4"": ""Very poor"", ""6"": ""Do not know"", ""7"": ""Declined to answer"", ""9"": ""Missing""}",,,1.0,6.0
55,Q210_9,Q210_9.How would you evaluate the government’s performance in Ensuring fairness in the provision of services across all districts in your country,float64,1497,0,6,"{""1"": ""Very good"", ""2"": ""Good"", ""3"": ""Poor"", ""4"": ""Very poor"", ""6"": ""Do not know"", ""7"": ""Declined to answer"", ""9"": ""Missing""}",,,1.0,7.0
56,Q210_10,Q210_10.How would you evaluate the government’s performance in Ensuring that all areas are on the electrical grid,float64,1497,0,5,"{""0"": ""Not applicable (service not provided)"", ""1"": ""Very good"", ""2"": ""Good"", ""3"": ""Poor"", ""4"": ""Very poor"", ""6"": ""Do not know"", ""7"": ""Declined to answer"", ""9"": ""Missing""}",,,1.0,6.0
57,Q210_11,Q210_11.How would you evaluate the government’s performance in Providing solutions to price inflation,float64,1497,0,5,"{""1"": ""Very good"", ""2"": ""Good"", ""3"": ""Poor"", ""4"": ""Very poor"", ""6"": ""Do not know"", ""7"": ""Declined to answer"", ""9"": ""Missing""}",,,1.0,6.0
58,Q210_12,Q210_12.How would you evaluate the government’s performance in Facilitating the aspirations of the youth,float64,1497,0,5,"{""1"": ""Very good"", ""2"": ""Good"", ""3"": ""Poor"", ""4"": ""Very poor"", ""6"": ""Do not know"", ""7"": ""Declined to answer"", ""9"": ""Missing""}",,,1.0,6.0
59,Q210_13,Q210_13.How would you evaluate the government’s performance in Advancing the status of women,float64,1497,0,6,"{""1"": ""Very good"", ""2"": ""Good"", ""3"": ""Poor"", ""4"": ""Very poor"", ""6"": ""Do not know"", ""7"": ""Declined to answer"", ""9"": ""Missing""}",,,1.0,7.0
60,Q210_14,Q210_14.How would you evaluate the government’s performance in Ending sectarian politics,float64,0,1497,0,"{""1"": ""Very good"", ""2"": ""Good"", ""3"": ""Poor"", ""4"": ""Very poor"", ""6"": ""Do not know"", ""7"": ""Declined to answer"", ""9"": ""Missing""}",,,,
61,Q210_15,Q210_15.How would you evaluate the government’s performance in Ending conflict around mathhab,float64,0,1497,0,"{""1"": ""Very good"", ""2"": ""Good"", ""3"": ""Poor"", ""4"": ""Very poor"", ""6"": ""Do not know"", ""7"": ""Declined to answer"", ""9"": ""Missing""}",,,,
62,Q210_16,Q210_16.How would you evaluate the government’s performance in Eliminating terrorism,float64,0,1497,0,"{""1"": ""Very good"", ""2"": ""Good"", ""3"": ""Poor"", ""4"": ""Very poor"", ""6"": ""Do not know"", ""7"": ""Declined to answer"", ""9"": ""Missing""}",,,,
63,Q302,Q302.To what extent are you interested in the political affairs of your home country?,float64,1497,0,5,"{""1"": ""Very interested"", ""2"": ""Interested"", ""3"": ""Interested to a limited extent"", ""4"": ""Completely uninterested"", ""6"": ""Do not know"", ""7"": ""Declined to answer"", ""9"": ""Missing""}",,,1.0,7.0
64,Q303_1,Q303_1.Do you agree or disagree with  The legislature holds the government (executive) responsible for its policies and actions,float64,1497,0,6,"{""1"": ""Strongly agree"", ""2"": ""Agree"", ""3"": ""Disagree"", ""4"": ""Strongly Disagree"", ""6"": ""Do not know"", ""7"": ""Declined to answer"", ""9"": ""Missing""}",,,1.0,7.0
65,Q303_2,Q303_2.Do you agree or disagree with  The legislature exercises oversight over public expenditure,float64,1497,0,6,"{""1"": ""Strongly agree"", ""2"": ""Agree"", ""3"": ""Disagree"", ""4"": ""Strongly Disagree"", ""6"": ""Do not know"", ""7"": ""Declined to answer"", ""9"": ""Missing""}",,,1.0,7.0
66,Q303_3,Q303_3.Do you agree or disagree with  The legislature carries out its duties in a way which preserves the interests of all societal sectors,float64,1497,0,6,"{""1"": ""Strongly agree"", ""2"": ""Agree"", ""3"": ""Disagree"", ""4"": ""Strongly Disagree"", ""6"": ""Do not know"", ""7"": ""Declined to answer"", ""9"": ""Missing""}",,,1.0,7.0
67,Q303_4,Q303_4.Do you agree or disagree with  The legislature carries out its legislative duties in a manner which preserves citizens’ liberties,float64,1497,0,6,"{""1"": ""Strongly agree"", ""2"": ""Agree"", ""3"": ""Disagree"", ""4"": ""Strongly Disagree"", ""6"": ""Do not know"", ""7"": ""Declined to answer"", ""9"": ""Missing""}",,,1.0,7.0
68,Q303_5,Q303_5.Do you agree or disagree with  The Constituent Assembly drafts legislation which contributes to the bolstering of the democratic transition in Tunisia,float64,1497,0,6,"{""1"": ""Strongly agree"", ""2"": ""Agree"", ""3"": ""Disagree"", ""4"": ""Strongly Disagree"", ""6"": ""Do not know"", ""7"": ""Declined to answer"", ""9"": ""Missing""}",,,1.0,7.0
69,Q304,"Q304.In  your opinion, to what extent does the elected legislature in its present form represent all sectors of society?",float64,1497,0,5,"{""1"": ""To a large extent"", ""2"": ""To a medium extent"", ""3"": ""To a limited extent"", ""4"": ""It does not at all represent societal sectors"", ""6"": ""Do not know"", ""7"": ""Declined to answer"", ""9"": ""Missing""}",,,1.0,6.0
70,Q305,"Q305.Did you vote in the last legislative/parliamentary elections, which took place on..?",float64,1497,0,2,"{""1"": ""Yes"", ""2"": ""No"", ""6"": ""Do not know"", ""7"": ""Declined to answer"", ""9"": ""Missing""}",,,1.0,2.0
71,Q309,"Q309.Generally speaking, how would you evaluate the integrity of the last legislative/parliamentary elections, held on?",float64,1497,0,4,"{""1"": ""They were completely free and fair"", ""2"": ""They were generally free and fair to some extent, but suffered from infractions"", ""3"": ""They were not free and fair"", ""6"": ""Do not know"", ""7"": ""Declined to answer"", ""9"": ""Missing""}",,,1.0,6.0
72,Q310_1,Q310_1.Regarding previous parliamentary elections that took place in Attend an election campaign rally? did you?,float64,1497,0,2,"{""1"": ""Yes"", ""2"": ""No"", ""7"": ""Declined to answer"", ""9"": ""Missing""}",,,1.0,2.0
73,Q310_2,Q310_2.Regarding previous parliamentary elections that took place in Attend a meeting with an election candidate or an election campaign official? did you?,float64,1497,0,2,"{""1"": ""Yes"", ""2"": ""No"", ""7"": ""Declined to answer"", ""9"": ""Missing""}",,,1.0,2.0
74,Q310_3,Q310_3.Regarding previous parliamentary elections that took place in Try to convince others to vote for a parliamentary or party candidate? did you?,float64,1497,0,2,"{""1"": ""Yes"", ""2"": ""No"", ""7"": ""Declined to answer"", ""9"": ""Missing""}",,,1.0,2.0
75,Q310_4,Q310_4.Regarding previous parliamentary elections that took place in Undertake any activity in the interest of a candidate or a party? did you?,float64,1497,0,2,"{""1"": ""Yes"", ""2"": ""No"", ""7"": ""Declined to answer"", ""9"": ""Missing""}",,,1.0,2.0
76,Q311,Q311.Did you vote in the last presidential elections?,float64,0,1497,0,"{""1"": ""Yes"", ""2"": ""No"", ""6"": ""Do not know"", ""7"": ""Declined to answer"", ""9"": ""Missing""}",,,,
77,Q312,Q312.Do you intend to vote in the coming parliamentary elections?,float64,1497,0,3,"{""1"": ""Yes"", ""2"": ""No"", ""6"": ""Do not know"", ""7"": ""Declined to answer"", ""9"": ""Missing""}",,,1.0,6.0
78,Q313,Q313.Why did you not vote in the elections?,float64,324,1173,10,"{""1"": ""There is no point in the elections"", ""2"": ""My vote has no impact"", ""3"": ""The candidates are only interested in themselves"", ""4"": ""The candidates do not make good of their promises"", ""5"": ""The results are known beforehand"", ""6"": ""I don’t want to waste my time"", ""7"": ""There are usually no differences between the candidates."", ""10"": ""I don’t understand the law"", ""11"": ""I don’t know where to vote."", ""12"": ""Illness"", ""13"": ""I was busy (work is a higher priority than elections)"", ""14"": ""I work in the security system"", ""15"": ""I didn’t have a ballot paper"", ""16"": ""I was under the voting age"", ""17"": ""I was not in the constituency at the time of the elections (I was traveling)"", ""18"": ""Personal reasons"", ""19"": ""Religious reasons"", ""9992"": ""Other"", ""9997"": ""Declined to answer"", ""9999"": ""Missing""}",,,1.0,9997.0
79,Q315,Q315.which would be the most important factor that you would take into consideration when choosing a candidate/electoral list to vote for?,float64,1497,0,20,"{""1"": ""The candidate’(s) electoral platform(s) articulates my political views"", ""2"": ""Integrity of candidate(s)"", ""3"": ""Courage of candidate"", ""4"": ""Ability to hold government accountable"", ""5"": ""Efficiency of candidate(s)"", ""6"": ""Religiosity of candidate(s)"", ""7"": ""Whoever will create job opportunities"", ""8"": ""Whoever will guarantee democracy"", ""9"": ""Whoever will improve services in my constituency"", ""10"": ""Justice"", ""11"": ""Someone who will help me solve problems I face"", ""12"": ""Someone who can guarantee justice and prevent discrimination"", ""13"": ""Defending the rights of citizens"", ""14"": ""A list that will suspend negotiations with Israel"", ""15"": ""The list which will cease security coordination with Israel"", ""16"": ""The candidate that is related to me"", ""17"": ""Whoever is loyal to the nation"", ""18"": ""Whoever works for improving the economy"", ""19"": ""Whoever will ensure security and safety"", ""20"": ""I will not participate in the elections"", ""21"": ""Whoever helps their constituency"", ""22"": ""Whoever has running candidates with extensive influence in government institutions"", ""23"": ""The most educated/cultured candidate"", ""9992"": ""Other"", ""9996"": ""Do not know"", ""9997"": ""Declined to answer"", ""9999"": ""Missing""}",,,1.0,9997.0
80,Q320,"Q320.If parliamentary elections were held tomorrow, and you had decided to vote, would you vote for:",float64,1497,0,4,"{""1"": ""Candidate/list of a particular political movement/party"", ""2"": ""Independent candidate/list of unaffiliated candidates"", ""6"": ""Do not know"", ""7"": ""Declined to answer"", ""9"": ""Missing""}",,,1.0,7.0
81,QAPAL320,"QAPAL320.If presidential elections were held tomorrow and you decided to participate, would you vote for?",float64,0,1497,0,"{""1"": ""The Fatah candidate"", ""2"": ""The Hamas candidate"", ""3"": ""Islamic Jihad"", ""4"": ""Independent candidate"", ""5"": ""The Popular Front for the Liberation of Palestine"", ""9992"": ""A candidate from another party"", ""9996"": ""Do not know"", ""9997"": ""Declined to answer"", ""9999"": ""Missing""}",,,,
82,Q321,Q321.Which of these statements is closest to your point of view?,float64,1497,0,7,"{""1"": "" Strongly agree  (with 1)"", ""2"": "" Agree (with 1)"", ""3"": ""Strongly agree (with 2)"", ""4"": ""Agree (with 2)"", ""5"": ""Disagree with both statements"", ""6"": ""Do not know"", ""7"": ""Declined to answer"", ""9"": ""Missing""}",,,1.0,7.0
83,v321,v321.Which of these statements is closest to your point of view?,float64,1497,0,5,"{""1"": ""We must choose political leaders through periodic free and fair elections"", ""2"": ""Since elections sometimes produce bad results, we must adopt other methods of choosing politicians"", ""5"": ""Disagree with both statements"", ""6"": ""Do not know"", ""7"": ""Declined to answer"", ""9"": ""Missing""}",,,1.0,7.0
84,Q322,"Q322.Are you a member of a particular political group, bloc, coalition or party?",float64,1497,0,3,"{""1"": ""Yes"", ""2"": ""No"", ""7"": ""Declined to answer"", ""9"": ""Missing""}",,,1.0,7.0
85,Q324,"Q324.Do you intend to join a political group, bloc, coalition or party in the future?",float64,1417,80,3,"{""1"": ""Yes"", ""2"": ""No"", ""6"": ""Do not know"", ""7"": ""Declined to answer"", ""9"": ""Missing""}",,,1.0,6.0
86,V325,V325.Are you a member or do you intend to become a member of a political political coalition or party that expresses your thoughts or attitudes?,float64,1497,0,5,"{""1"": ""Member"", ""2"": ""Non-member, intend to join soon"", ""3"": ""Non-member whose views are represented by an existing group"", ""4"": ""Non-member whose views are not represented by an existing group"", ""9997"": ""Declined to answer"", ""9999"": ""Missing""}",,,1.0,9997.0
87,Q326,Q326.Which of the following statements is closest to your point of view?,float64,1497,0,7,"{""1"": ""Strongly agree  (with 1)"", ""2"": ""Agree (with 1)"", ""3"": ""Strongly agree (with 2)"", ""4"": ""Agree (with 2)"", ""5"": ""Disagree with both statements"", ""6"": ""Do not know"", ""7"": ""Declined to answer"", ""9"": ""Missing""}",,,1.0,7.0
88,v326,v326.Which of the following statements is closest to your point of view?,float64,1497,0,5,"{""1"": ""Political parties create division and confusion; therefore, it is not necessary to have many political parties in (count"", ""2"": ""There is a critical need for several political parties to ensure varied and active choices for citizens when they decide"", ""5"": ""Disagree with both statements"", ""6"": ""Do not know"", ""7"": ""Declined to answer"", ""9"": ""Missing""}",,,1.0,7.0
89,Q327,Q327.Which of the following statements is closest to your point of view?,float64,1497,0,7,"{""1"": "" Strongly agree  (with 1)"", ""2"": "" Agree (with 1)"", ""3"": ""Strongly agree (with 2)"", ""4"": ""Agree (with 2)"", ""5"": ""Disagree with both statements"", ""6"": ""Do not know"", ""7"": ""Declined to answer"", ""9"": ""Missing""}",,,1.0,7.0
90,v327,v327.Which of the following statements is closest to your point of view?,float64,1497,0,5,"{""1"": ""After the elections, the parties that lose the elections must monitor the government and criticize its performance in or"", ""2"": ""After the elections, opposition parties and politicians who lost the election must accept defeat and cooperate with the"", ""5"": ""Disagree with both statements"", ""6"": ""Do not know"", ""7"": ""Declined to answer"", ""9"": ""Missing""}",,,1.0,7.0
91,Q328_1,Q328_1.Are you a member of Charitable Organization/ Civil society organizations,float64,1497,0,3,"{""1"": ""Yes"", ""2"": ""No"", ""6"": ""Do not know"", ""7"": ""Declined to answer"", ""9"": ""Missing""}",,,1.0,7.0
92,Q328_2,Q328_2.Are you a member of Labor/Agrarian Union,float64,1497,0,3,"{""1"": ""Yes"", ""2"": ""No"", ""6"": ""Do not know"", ""7"": ""Declined to answer"", ""9"": ""Missing""}",,,1.0,7.0
93,Q328_3,Q328_3.Are you a member of Professional Association,float64,1497,0,3,"{""1"": ""Yes"", ""2"": ""No"", ""6"": ""Do not know"", ""7"": ""Declined to answer"", ""9"": ""Missing""}",,,1.0,7.0
94,Q328_4,Q328_4.Are you a member of Cultural Club/Association,float64,1497,0,3,"{""1"": ""Yes"", ""2"": ""No"", ""6"": ""Do not know"", ""7"": ""Declined to answer"", ""9"": ""Missing""}",,,1.0,7.0
95,Q328_5,Q328_5.Are you a member of Tribal/extended-family Association,float64,0,1497,0,"{""1"": ""Yes"", ""2"": ""No"", ""6"": ""Do not know"", ""7"": ""Declined to answer"", ""9"": ""Missing""}",,,,
96,Q328_6,Q328_6.Are you a member of Religious Association,float64,1497,0,3,"{""1"": ""Yes"", ""2"": ""No"", ""6"": ""Do not know"", ""7"": ""Declined to answer"", ""9"": ""Missing""}",,,1.0,7.0
97,Q328_7,Q328_7.Are you a member of Student’s Union/ Council/ Society,float64,1497,0,3,"{""1"": ""Yes"", ""2"": ""No"", ""3"": ""Not a student"", ""7"": ""Declined to answer"", ""9"": ""Missing""}",,,1.0,3.0
98,Q329_1,Q329_1.How often did you take part in this  Charitable Organization/ Civil society organizations activities during the past 12 months?,float64,53,1444,4,"{""1"": ""I continuously took"", ""2"": ""I occasionally too"", ""3"": ""I rarely took part"", ""4"": ""I did not take part at all"", ""7"": ""Declined to answer"", ""9"": ""Missing""}",,,1.0,4.0
99,Q329_2,Q329_2.How often did you take part in this  Labor/Agrarian Union activities during the past 12 months?,float64,25,1472,4,"{""1"": ""I continuously took"", ""2"": ""I occasionally too"", ""3"": ""I rarely took part"", ""4"": ""I did not take part at all"", ""7"": ""Declined to answer"", ""9"": ""Missing""}",,,1.0,4.0
100,Q329_3,Q329_3.How often did you take part in this  Professional Association activities during the past 12 months?,float64,102,1395,4,"{""1"": ""I continuously took"", ""2"": ""I occasionally too"", ""3"": ""I rarely took part"", ""4"": ""I did not take part at all"", ""7"": ""Declined to answer"", ""9"": ""Missing""}",,,1.0,4.0
101,Q329_4,Q329_4.How often did you take part in this  Cultural Club/Association activities during the past 12 months?,float64,44,1453,4,"{""1"": ""I continuously took"", ""2"": ""I occasionally too"", ""3"": ""I rarely took part"", ""4"": ""I did not take part at all"", ""7"": ""Declined to answer"", ""9"": ""Missing""}",,,1.0,4.0
102,Q329_5,Q329_5.How often did you take part in this  Tribal/extended-family Association activities during the past 12 months?,float64,0,1497,0,"{""1"": ""I continuously took"", ""2"": ""I occasionally too"", ""3"": ""I rarely took part"", ""4"": ""I did not take part at all"", ""7"": ""Declined to answer"", ""9"": ""Missing""}",,,,
103,Q329_6,Q329_6.How often did you take part in this  Religious Association activities during the past 12 months?,float64,31,1466,3,"{""1"": ""I continuously took"", ""2"": ""I occasionally too"", ""3"": ""I rarely took part"", ""4"": ""I did not take part at all"", ""7"": ""Declined to answer"", ""9"": ""Missing""}",,,1.0,3.0
104,Q329_7,Q329_7.How often did you take part in this  Student’s Union/ Council/ Society activities during the past 12 months?,float64,9,1488,4,"{""1"": ""I continuously took"", ""2"": ""I occasionally too"", ""3"": ""I rarely took part"", ""4"": ""I did not take part at all"", ""7"": ""Declined to answer"", ""9"": ""Missing""}",,,1.0,4.0
105,Q334,"Q334.In your opinion, are people able to criticize the government without fear?",float64,1497,0,4,"{""1"": ""Yes"", ""2"": ""No"", ""6"": ""Do not know"", ""7"": ""Declined to answer"", ""9"": ""Missing""}",,,1.0,7.0
106,Q335_1,"Q335_1.Over the last 12 months, did you take part in Signing a petition/letter of protest",float64,1497,0,4,"{""1"": ""Once"", ""2"": ""Multiple times"", ""3"": ""Never took part"", ""6"": ""Do not know"", ""7"": ""Declined to answer"", ""9"": ""Missing""}",,,1.0,6.0
107,Q335_2,"Q335_2.Over the last 12 months, did you take part in Taking part in a peaceful public protest/ march/ sit-in",float64,1497,0,4,"{""1"": ""Once"", ""2"": ""Multiple times"", ""3"": ""Never took part"", ""6"": ""Do not know"", ""7"": ""Declined to answer"", ""9"": ""Missing""}",,,1.0,6.0
108,Q335_3,"Q335_3.Over the last 12 months, did you take part in Joining an activist group working towards pressuring/building support for a specific cause (a public or societal cause)",float64,1497,0,4,"{""1"": ""Once"", ""2"": ""Multiple times"", ""3"": ""Never took part"", ""6"": ""Do not know"", ""7"": ""Declined to answer"", ""9"": ""Missing""}",,,1.0,6.0
109,Q335_4,"Q335_4.Over the last 12 months, did you take part in Attending a Diwaniya where political and public affairs are discussed",float64,0,1497,0,"{""1"": ""Once"", ""2"": ""Multiple times"", ""3"": ""Never took part"", ""6"": ""Do not know"", ""7"": ""Declined to answer"", ""9"": ""Missing""}",,,,
110,Q336,Q336.Which news medium do you rely on the most to receive up-to-date news on general political affairs?,float64,1497,0,9,"{""1"": ""Satellite TV stations"", ""2"": ""Radio"", ""3"": ""Daily newspapers (whether in electronic or print form)"", ""4"": ""Magazines: Periodicals with weekly or monthly publication"", ""5"": ""The internet"", ""6"": ""What I hear from friends, acquaintances, and neighbours"", ""9996"": ""Do not know"", ""9997"": ""Declined to answer"", ""9998"": ""I don't follow the news"", ""9999"": ""Missing""}",,,1.0,9998.0
111,Q337,Q337.Name a specific source/channel,float64,1483,14,20,"{""1"": ""The National Television Channel"", ""2"": ""Al Jazeera"", ""3"": ""Al Arabiya"", ""4"": ""Arab Satelite"", ""5"": ""Foreign satelite"", ""6"": ""Local satelite"", ""7"": ""Local radio"", ""8"": ""Regional radio"", ""9"": ""Local newspapers"", ""10"": ""Local news websites"", ""11"": ""International news websites"", ""12"": ""BBC"", ""13"": ""Al-Arabiya Alhadath"", ""14"": ""France 24"", ""15"": ""Saudi Arabia News"", ""16"": ""LBC"", ""17"": ""New TV"", ""18"": ""Al Sharqiya"", ""19"": ""ashorooq"", ""20"": ""Al-Quds TV"", ""21"": ""Future TV"", ""22"": ""Morocco  Chnnel M2"", ""23"": ""Al-Manar Television network"", ""24"": ""Ennahar TV"", ""25"": ""Dream TV"", ""26"": ""Nessma"", ""27"": ""Watan TV Kuwait"", ""28"": ""MAX"", ""29"": ""Qanat Alhaqiqa"", ""30"": ""Ro'ya TV"", ""31"": ""Al-Baghdadia TV"", ""32"": ""Al-Aqsa TV"", ""33"": ""Ennahar TV"", ""34"": ""Al Nile"", ""35"": ""Misr 25"", ""36"": ""CBC"", ""37"": ""NRT"", ""38"": ""OTV"", ""39"": ""Afaq TV"", ""40"": ""Elbahdja"", ""41"": ""Tunisia Channel"", ""42"": ""SFA channel"", ""43"": ""Al Hayat TV"", ""44"": ""Alrai TV"", ""45"": ""Sahel TV"", ""46"": ""Alsumaria TV"", ""47"": ""Alassema TV"", ""48"": ""Alahad TV"", ""49"": ""Alghadeer TV"", ""50"": ""Al Forat"", ""51"": ""Al Faraeen TV"", ""52"": ""Mehwar TV"", ""53"": ""Elmourabiton TV"", ""54"": ""Almasirah"", ""55"": ""Alnabaa Channel"", ""56"": ""Yemen Today TV"", ""57"": ""Hannibal-TV"", ""58"": ""Rudaw"", ""59"": ""Suhail Channel"", ""60"": ""Sada Elbalad"", ""61"": ""Libya Alhurra TV"", ""62"": ""Libya Channel one"", ""63"": ""Libya Al Ahrar TV"", ""64"": ""Medi1 TV"", ""65"": ""Noor Jordan Channel"", ""66"": ""Egypt on TV???"", ""67"": ""MTV"", ""68"": ""MBC"", ""69"": ""A3 TV"", ""70"": ""ENTV"", ""71"": ""ENTV"", ""72"": ""Elhiwar Ettounsi"", ""73"": ""Orient News"", ""74"": ""KBC News Channel"", ""75"": ""Radio Mauritania"", ""76"": ""Omdurman"", ""77"": ""Radio Dabanga"", ""78"": ""Al-Anba"", ""79"": ""El Khabar Newspaper"", ""80"": ""Al Shorouk Newspaper"", ""81"": ""Al qabas network"", ""82"": ""An-Nahar Newspaper"", ""83"": ""Al Ra'I Newspaper"", ""84"": ""Al Riyadh Newspaper"", ""85"": ""Sabq Newspaper"", ""86"": ""Al Ra'I AlAA’M Newspaper"", ""87"": ""Al Seyassah Newspaper"", ""88"": ""Al-Watan Kuwait Newspaper"", ""89"": ""Mosaïque FM"", ""90"": ""Facebook"", ""91"": ""Twitter"", ""92"": ""Al Aqsa Network"", ""93"": ""Donia Al Watan Network"", ""94"": ""Maan Media Network"", ""95"": ""Chinguit Media"", ""96"": ""Aden Live"", ""97"": ""Alwakeel News"", ""98"": ""Hibapress"", ""99"": ""Hespress"", ""9996"": ""Don’t know"", ""9997"": ""Decline to answer"", ""9999"": ""Missing""}",,,1.0,9997.0
112,Q338,Q338.The second most important medium,float64,1462,35,7,"{""1"": ""Satellite TV stations"", ""2"": ""Radio"", ""3"": ""Daily newspapers (whether in electronic or print form)"", ""4"": ""Magazines: Periodicals with weekly or monthly publication"", ""5"": ""The internet"", ""6"": ""What I hear from friends, acquaintances, and neighbours"", ""9996"": ""Do not know"", ""9997"": ""Declined to answer"", ""9998"": ""There is no other source"", ""9999"": ""Missing""}",,,1.0,9998.0
113,Q340,Q340.How often do you use the internet?,float64,1497,0,6,"{""1"": ""Daily or semi-daily"", ""2"": ""Several times a week"", ""3"": ""Several times a month"", ""4"": ""Rarely (Infrequently)"", ""5"": ""I do not use the internet"", ""6"": ""Do not know"", ""7"": ""Declined to answer"", ""9"": ""Missing""}",,,1.0,7.0
114,Q348_1,Q348_1.Do you have an account on  Facebook,float64,653,844,2,"{""1"": ""Yes"", ""2"": ""No"", ""7"": ""Declined to answer"", ""9"": ""Missing""}",,,1.0,2.0
115,Q348_2,Q348_2.Do you have an account on  Twitter,float64,653,844,3,"{""1"": ""Yes"", ""2"": ""No"", ""7"": ""Declined to answer"", ""9"": ""Missing""}",,,1.0,7.0
116,Q348NUM_1,Q348NUM_1.How many accounts do you have? Facebook,float64,562,935,6,"{""97"": ""Declined to answer"", ""99"": ""Missing""}",,,1.0,97.0
117,Q348NUM_2,Q348NUM_2.How many accounts do you have? Twitter,float64,92,1405,3,"{""97"": ""Declined to answer"", ""99"": ""Missing""}",,,1.0,5.0
118,QA350_1,QA350_1.Do you use …facebook as a means of engaging with political affairs? to express poltical opinions or engage in political causes?,float64,562,935,3,"{""1"": ""Yes, always"", ""2"": ""Yes, sometimes"", ""3"": ""No"", ""6"": ""Do not know"", ""7"": ""Declined to answer"", ""9"": ""Missing""}",,,1.0,3.0
119,QA350_2,QA350_2.Do you use …Twitter as a means of expressing your political opinions or engaging with political affairs? to express poltical opinions or engage in political causes?,float64,92,1405,3,"{""1"": ""Yes, always"", ""2"": ""Yes, sometimes"", ""3"": ""No"", ""6"": ""Do not know"", ""7"": ""Declined to answer"", ""9"": ""Missing""}",,,1.0,3.0
120,Q351,Q351.To what extent do you agree or disagree with the following statement: “The preservation of security justifies the violation of human rights in your home country”?,float64,1497,0,6,"{""1"": ""Strongly agree"", ""2"": ""Agree"", ""3"": ""Disagree"", ""4"": ""Strongly disagree"", ""6"": ""Do not know"", ""7"": ""Declined to answer"", ""9"": ""Missing""}",,,1.0,7.0
121,Q402,Q402.where would you put your home country on this scale?,float64,1497,0,12,"{""1"": ""not democratic at all"", ""10"": ""completely democratic"", ""96"": ""Do not know"", ""97"": ""Declined to answer"", ""99"": ""Missing""}",,,1.0,97.0
122,Q404,"Q404.In your personal opinion, which single factor is most important for a country to possess in order for it to be democratic?",float64,1497,0,10,"{""1"": ""Equality, justice for all citizens"", ""2"": ""Preservation of civil/public liberties"", ""3"": ""Democratic system of government"", ""5"": ""Improved economic situation"", ""6"": ""Safety, security and stability"", ""7"": ""Positive attitudes towards democracy"", ""8"": ""Implementation of religious edicts"", ""9"": ""The elimination of sectarianism, political sectarianism, racisism, and regional discrimination"", ""9992"": ""Other"", ""9996"": ""Do not know"", ""9997"": ""Declined to answer"", ""9999"": ""Missing""}",,,1.0,9997.0
123,Q405_1,"Q405_1.Please express your level of agreement or disagreement with each of these. In a democratic system, the economy is performing poorly",float64,1497,0,6,"{""1"": ""Strongly agree"", ""2"": ""Agree"", ""3"": ""Disagree"", ""4"": ""Strongly Disagree"", ""6"": ""Do not know"", ""7"": ""Declined to answer"", ""9"": ""Missing""}",,,1.0,7.0
124,Q405_2,Q405_2.Please express your level of agreement or disagreement with each of these. Democracies are characterized by indecisiveness and discord,float64,1497,0,6,"{""1"": ""Strongly agree"", ""2"": ""Agree"", ""3"": ""Disagree"", ""4"": ""Strongly Disagree"", ""6"": ""Do not know"", ""7"": ""Declined to answer"", ""9"": ""Missing""}",,,1.0,7.0
125,Q405_3,Q405_3.Please express your level of agreement or disagreement with each of these. Democracies are not effective in maintaining public order,float64,1497,0,6,"{""1"": ""Strongly agree"", ""2"": ""Agree"", ""3"": ""Disagree"", ""4"": ""Strongly Disagree"", ""6"": ""Do not know"", ""7"": ""Declined to answer"", ""9"": ""Missing""}",,,1.0,7.0
126,Q405_4,Q405_4.Please express your level of agreement or disagreement with each of these. Democratic systems and Islam are incompatible,float64,1497,0,6,"{""1"": ""Strongly agree"", ""2"": ""Agree"", ""3"": ""Disagree"", ""4"": ""Strongly Disagree"", ""6"": ""Do not know"", ""7"": ""Declined to answer"", ""9"": ""Missing""}",,,1.0,7.0
127,Q405_5,Q405_5.Please express your level of agreement or disagreement with each of these. Our society is unprepared for democracy,float64,1497,0,6,"{""1"": ""Strongly agree"", ""2"": ""Agree"", ""3"": ""Disagree"", ""4"": ""Strongly Disagree"", ""6"": ""Do not know"", ""7"": ""Declined to answer"", ""9"": ""Missing""}",,,1.0,7.0
128,Q405_6,Q405_6.Please express your level of agreement or disagreement with each of these. Democracy has its own problems but remains better than other systems,float64,1497,0,6,"{""1"": ""Strongly agree"", ""2"": ""Agree"", ""3"": ""Disagree"", ""4"": ""Strongly Disagree"", ""6"": ""Do not know"", ""7"": ""Declined to answer"", ""9"": ""Missing""}",,,1.0,7.0
129,Q407_1,Q407_1.An ideal system of government would ensure/safeguard as its highest priority,float64,1497,0,9,"{""1"": ""Provision of basic necessities for the people"", ""2"": ""Maintaining the country’s sovereignty"", ""3"": ""Social justice"", ""4"": ""Checks and Balances"", ""5"": ""Public freedoms/liberties"", ""6"": ""Application of the religious laws"", ""7"": ""Application of the rule of law"", ""96"": ""Do not know"", ""97"": ""Declined to answer"", ""98"": ""No other answer"", ""99"": ""Missing""}",,,1.0,97.0
130,Q407_2,Q407_2.As its second-highest priority,float64,1469,28,8,"{""1"": ""Provision of basic necessities for the people"", ""2"": ""Maintaining the country’s sovereignty"", ""3"": ""Social justice"", ""4"": ""Checks and Balances"", ""5"": ""Public freedoms/liberties"", ""6"": ""Application of the religious laws"", ""7"": ""Application of the rule of law"", ""96"": ""Do not know"", ""97"": ""Declined to answer"", ""98"": ""No other answer"", ""99"": ""Missing""}",,,1.0,98.0
131,Q408_1,"Q408_1.I would like to know how appropriate each of these would be for your country, in your opinion: A political system in which governments are formed based on the outcomes of elections in which all political parties are free to join.",float64,1497,0,6,"{""1"": ""Very appropriate"", ""2"": ""Appropriate to some extent"", ""3"": ""Inappropriate to some extent"", ""4"": ""Completely inappropriate"", ""6"": ""Do not know"", ""7"": ""Declined to answer"", ""9"": ""Missing""}",,,1.0,7.0
132,Q408_2,"Q408_2.I would like to know how appropriate each of these would be for your country, in your opinion: A political system in which electoral competition is restricted to Islamist political parties.",float64,1497,0,6,"{""1"": ""Very appropriate"", ""2"": ""Appropriate to some extent"", ""3"": ""Inappropriate to some extent"", ""4"": ""Completely inappropriate"", ""6"": ""Do not know"", ""7"": ""Declined to answer"", ""9"": ""Missing""}",,,1.0,7.0
133,Q408_3,Q408_3.I would like to know how appropriate each of these would be for your country A political system in which the state authority makes the decisions without taking into account the results of the elections or the opinions of the opposition,float64,1497,0,6,"{""1"": ""Very appropriate"", ""2"": ""Appropriate to some extent"", ""3"": ""Inappropriate to some extent"", ""4"": ""Completely inappropriate"", ""6"": ""Do not know"", ""7"": ""Declined to answer"", ""9"": ""Missing""}",,,1.0,7.0
134,Q408_4,"Q408_4.I would like to know how appropriate each of these would be for your country, in your opinion: A political system governed by Islamic Sharia, and in which there are neither elections nor political parties.",float64,1497,0,6,"{""1"": ""Very appropriate"", ""2"": ""Appropriate to some extent"", ""3"": ""Inappropriate to some extent"", ""4"": ""Completely inappropriate"", ""6"": ""Do not know"", ""7"": ""Declined to answer"", ""9"": ""Missing""}",,,1.0,7.0
135,Q408_5,"Q408_5.I would like to know how appropriate each of these would be for your country, in your opinion: A political system in which electoral competition is restricted to non-religious parties.",float64,1497,0,6,"{""1"": ""Very appropriate"", ""2"": ""Appropriate to some extent"", ""3"": ""Inappropriate to some extent"", ""4"": ""Completely inappropriate"", ""6"": ""Do not know"", ""7"": ""Declined to answer"", ""9"": ""Missing""}",,,1.0,7.0
136,Q409,"Q409.Of the above systems of government, which do you think is most appropriate for your country?",float64,1432,65,7,"{""1"": ""A political system in which governments are formed based on the outcomes of elections in which all political parties are"", ""2"": ""A political system in which electoral competition is restricted to Islamist political parties."", ""3"": ""A political system in which the state authority makes the decisions without taking into account the results of the elect"", ""4"": ""A political system governed by Islamic Sharia, and in which there are neither elections nor political parties."", ""5"": ""A political system in which electoral competition is restricted to non-religious parties."", ""6"": ""Do not know"", ""7"": ""Declined to answer"", ""9"": ""Missing""}",,,1.0,7.0
137,Q411,"Q411.There is a global discussion about the civil state and theocracy, in general. Do you prefer…?",float64,1497,0,5,"{""1"": ""Civil state"", ""2"": ""Theocracy"", ""3"": ""No preference"", ""6"": ""Do not know"", ""7"": ""Declined to answer"", ""9"": ""Missing""}",,,1.0,7.0
138,Q412,Q412.Which of the following statements best encapsulates your idea of a theocracy?,float64,1497,0,6,"{""1"": ""A theocracy is a state where all its social, economic, political and penal laws are based on Islamic law"", ""2"": ""A theocracy is a state in which the source of authority is governed by the constitution, the the value of citizenship is"", ""3"": ""A theocracy is a state that rotates power through elections but only between Islamic parties"", ""4"": ""Other"", ""9996"": ""Do not know"", ""9997"": ""Declined to answer"", ""9999"": ""Missing""}",,,1.0,9997.0
139,Q413,Q413.Which of the following statements best encapsulates your idea of a civil state?,float64,1497,0,6,"{""1"": ""A civil state is a state in which the source of authority is governed by the constitution and law and the value of citiz"", ""2"": ""A civil state is a state in which the source of authority is governed by the constitution and law and the value of citiz"", ""3"": ""A civil state is a state in which the source of authority is the Constitution and the law, and the value of citizenship"", ""4"": ""Other"", ""9996"": ""Do not know"", ""9997"": ""Declined to answer"", ""9999"": ""Missing""}",,,1.0,9997.0
140,Q416_1,Q416_1.To what extent do you believe that the Freedom of religious belief Is safeguarded in your home country?,float64,1497,0,6,"{""1"": ""Completely safeguarded"", ""2"": ""Safeguarded to some extent"", ""3"": ""To some extent not safeguarded"", ""4"": ""Completely not safeguarded"", ""6"": ""Do not know"", ""7"": ""Declined to answer"", ""9"": ""Missing""}",,,1.0,7.0
141,Q416_2,Q416_2.To what extent do you believe that the Freedom of the press Is safeguarded in your home country?,float64,1497,0,5,"{""1"": ""Completely safeguarded"", ""2"": ""Safeguarded to some extent"", ""3"": ""To some extent not safeguarded"", ""4"": ""Completely not safeguarded"", ""6"": ""Do not know"", ""7"": ""Declined to answer"", ""9"": ""Missing""}",,,1.0,6.0
142,Q416_3,Q416_3.To what extent do you believe that the Freedom of expression Is safeguarded in your home country?,float64,1497,0,5,"{""1"": ""Completely safeguarded"", ""2"": ""Safeguarded to some extent"", ""3"": ""To some extent not safeguarded"", ""4"": ""Completely not safeguarded"", ""6"": ""Do not know"", ""7"": ""Declined to answer"", ""9"": ""Missing""}",,,1.0,6.0
143,Q416_4,Q416_4.To what extent do you believe that the The freedom to take legal actions against] the government and state institutions Is safeguarded in your home country?,float64,1497,0,5,"{""1"": ""Completely safeguarded"", ""2"": ""Safeguarded to some extent"", ""3"": ""To some extent not safeguarded"", ""4"": ""Completely not safeguarded"", ""6"": ""Do not know"", ""7"": ""Declined to answer"", ""9"": ""Missing""}",,,1.0,6.0
144,Q416_5,"Q416_5.To what extent do you believe that the The principle of holding regular, free and fair, elections  Is safeguarded in your home country?",float64,1497,0,6,"{""1"": ""Completely safeguarded"", ""2"": ""Safeguarded to some extent"", ""3"": ""To some extent not safeguarded"", ""4"": ""Completely not safeguarded"", ""6"": ""Do not know"", ""7"": ""Declined to answer"", ""9"": ""Missing""}",,,1.0,7.0
145,Q416_6,Q416_6.To what extent do you believe that the The principle of peaceful transitions of power/the right of the winners of elections to rise to authority Is safeguarded in your home country?,float64,1497,0,5,"{""1"": ""Completely safeguarded"", ""2"": ""Safeguarded to some extent"", ""3"": ""To some extent not safeguarded"", ""4"": ""Completely not safeguarded"", ""6"": ""Do not know"", ""7"": ""Declined to answer"", ""9"": ""Missing""}",,,1.0,6.0
146,Q416_7,Q416_7.To what extent do you believe that the Freedom of association/ to join a political party Is safeguarded in your home country?,float64,1497,0,6,"{""1"": ""Completely safeguarded"", ""2"": ""Safeguarded to some extent"", ""3"": ""To some extent not safeguarded"", ""4"": ""Completely not safeguarded"", ""6"": ""Do not know"", ""7"": ""Declined to answer"", ""9"": ""Missing""}",,,1.0,7.0
147,Q416_8,Q416_8.To what extent do you believe that the Freedom of association/ to join  civil society institutions/organizations Is safeguarded in your home country?,float64,1497,0,6,"{""1"": ""Completely safeguarded"", ""2"": ""Safeguarded to some extent"", ""3"": ""To some extent not safeguarded"", ""4"": ""Completely not safeguarded"", ""6"": ""Do not know"", ""7"": ""Declined to answer"", ""9"": ""Missing""}",,,1.0,7.0
148,Q416_9,Q416_9.To what extent do you believe that the Freedom of association/ the right to participate in peaceful protests and demonstrations Is safeguarded in your home country?,float64,1497,0,6,"{""1"": ""Completely safeguarded"", ""2"": ""Safeguarded to some extent"", ""3"": ""To some extent not safeguarded"", ""4"": ""Completely not safeguarded"", ""6"": ""Do not know"", ""7"": ""Declined to answer"", ""9"": ""Missing""}",,,1.0,7.0
149,Q420_1,Q420_1.Would you agree or disagree with one of the Political parties with which you disagree in terms of ideas and agendas to power through winning enough votes in free and fair elections?,float64,1497,0,4,"{""1"": ""Agree"", ""2"": ""Disagree"", ""6"": ""Do not know"", ""7"": ""Declined to answer"", ""9"": ""Missing""}",,,1.0,7.0
150,Q420_2,Q420_2.Would you agree or disagree with one of the Islamist (“Islamic”) political parties to power through winning enough votes in free and fair elections?,float64,1497,0,4,"{""1"": ""Agree"", ""2"": ""Disagree"", ""6"": ""Do not know"", ""7"": ""Declined to answer"", ""9"": ""Missing""}",,,1.0,7.0
151,Q420_3,Q420_3.Would you agree or disagree with one of the Non-Islamist /secular political parties to power through winning enough votes in free and fair elections?,float64,1497,0,4,"{""1"": ""Agree"", ""2"": ""Disagree"", ""6"": ""Do not know"", ""7"": ""Declined to answer"", ""9"": ""Missing""}",,,1.0,7.0
152,Q420_4,Q420_4.Would you agree or disagree with one of the Political parties founded along sectarian lines to power through winning enough votes in free and fair elections?,float64,0,1497,0,"{""1"": ""Agree"", ""2"": ""Disagree"", ""6"": ""Do not know"", ""7"": ""Declined to answer"", ""9"": ""Missing""}",,,,
153,Q422_1,Q422_1.to what extent do you believe that the Equality of all citizens regardless of wealth Is applied in your country?,float64,1497,0,5,"{""1"": ""Applied completely"", ""2"": ""Applied to some extent"", ""3"": ""Not applied to some extent"", ""4"": ""Completely not applied"", ""6"": ""Do not know"", ""7"": ""Declined to answer"", ""9"": ""Missing""}",,,1.0,6.0
154,Q422_2,Q422_2.to what extent do you believe that the Equality of all citizens regardless of gender/sex Is applied in your country?,float64,1497,0,5,"{""1"": ""Applied completely"", ""2"": ""Applied to some extent"", ""3"": ""Not applied to some extent"", ""4"": ""Completely not applied"", ""6"": ""Do not know"", ""7"": ""Declined to answer"", ""9"": ""Missing""}",,,1.0,6.0
155,Q422_3,Q422_3.to what extent do you believe that the Equality of all citizens regardless of religion Is applied in your country?,float64,1497,0,6,"{""1"": ""Applied completely"", ""2"": ""Applied to some extent"", ""3"": ""Not applied to some extent"", ""4"": ""Completely not applied"", ""6"": ""Do not know"", ""7"": ""Declined to answer"", ""9"": ""Missing""}",,,1.0,7.0
156,Q422_4,Q422_4.to what extent do you believe that the Equality of all citizens regardless of social status Is applied in your country?,float64,1497,0,5,"{""1"": ""Applied completely"", ""2"": ""Applied to some extent"", ""3"": ""Not applied to some extent"", ""4"": ""Completely not applied"", ""6"": ""Do not know"", ""7"": ""Declined to answer"", ""9"": ""Missing""}",,,1.0,6.0
157,Q422_5,Q422_5.to what extent do you believe that the Equality of all citizens regardless of cultural/ethnic/linguistic backgrounds Is applied in your country?,float64,1497,0,6,"{""1"": ""Applied completely"", ""2"": ""Applied to some extent"", ""3"": ""Not applied to some extent"", ""4"": ""Completely not applied"", ""6"": ""Do not know"", ""7"": ""Declined to answer"", ""9"": ""Missing""}",,,1.0,7.0
158,Q422_6,Q422_6.to what extent do you believe that the Equality of all citizens regardless of their political influence Is applied in your country?,float64,1497,0,5,"{""1"": ""Applied completely"", ""2"": ""Applied to some extent"", ""3"": ""Not applied to some extent"", ""4"": ""Completely not applied"", ""6"": ""Do not know"", ""7"": ""Declined to answer"", ""9"": ""Missing""}",,,1.0,6.0
159,Q422_7,Q422_7.to what extent do you believe that the Equality of all citizens regardless of their geographic area Is applied in your country?,float64,1497,0,5,"{""1"": ""Applied completely"", ""2"": ""Applied to some extent"", ""3"": ""Not applied to some extent"", ""4"": ""Completely not applied"", ""6"": ""Do not know"", ""7"": ""Declined to answer"", ""9"": ""Missing""}",,,1.0,6.0
160,Q422_8,Q422_8.to what extent do you believe that the Equality of citizens regardless of their religious sects (mathhab) Is applied in your country?,float64,0,1497,0,"{""1"": ""Applied completely"", ""2"": ""Applied to some extent"", ""3"": ""Not applied to some extent"", ""4"": ""Completely not applied"", ""6"": ""Do not know"", ""7"": ""Declined to answer"", ""9"": ""Missing""}",,,,
161,Q422_9,Q422_9.to what extent do you believe that the Equality of all citizens regardless of their tribe? Is applied in your country?,float64,0,1497,0,"{""1"": ""Applied completely"", ""2"": ""Applied to some extent"", ""3"": ""Not applied to some extent"", ""4"": ""Completely not applied"", ""6"": ""Do not know"", ""7"": ""Declined to answer"", ""9"": ""Missing""}",,,,
162,Q422_10,Q422_10.to what extent do you believe that the Equality of all citizens in (the West Bank/Gaza Strip) regardless of their status as Palestinian refugees or otherwise Is applied in your country?,float64,0,1497,0,"{""1"": ""Applied completely"", ""2"": ""Applied to some extent"", ""3"": ""Not applied to some extent"", ""4"": ""Completely not applied"", ""6"": ""Do not know"", ""7"": ""Declined to answer"", ""9"": ""Missing""}",,,,
163,Q423_1,"Q423_1.to what extent do you agree/disagree with  When making senior-level civil service appointments, the state prefers employees from specific regions in the country.",float64,1497,0,6,"{""1"": ""Strongly agree"", ""2"": ""Agree"", ""3"": ""Oppose"", ""4"": ""Strongly oppose"", ""6"": ""Do not know"", ""7"": ""Declined to answer"", ""9"": ""Missing""}",,,1.0,7.0
164,Q423_2,Q423_2.to what extent do you agree/disagree with  The state favors those of specific sects (“mathahib”) over others when making senior-level civil service appointments,float64,0,1497,0,"{""1"": ""Strongly agree"", ""2"": ""Agree"", ""3"": ""Oppose"", ""4"": ""Strongly oppose"", ""6"": ""Do not know"", ""7"": ""Declined to answer"", ""9"": ""Missing""}",,,,
165,Q423_3,Q423_3.to what extent do you agree/disagree with  The state favors citizens of specific regions/districts over others when making senior-level civil service appointments,float64,0,1497,0,"{""1"": ""Strongly agree"", ""2"": ""Agree"", ""3"": ""Oppose"", ""4"": ""Strongly oppose"", ""6"": ""Do not know"", ""7"": ""Declined to answer"", ""9"": ""Missing""}",,,,
166,Q423_4,Q423_4.to what extent do you agree/disagree with  The state favors individuals of specific cultural/ linguistic/racial origins over others when making senior-level civil service appointments,float64,1497,0,6,"{""1"": ""Strongly agree"", ""2"": ""Agree"", ""3"": ""Oppose"", ""4"": ""Strongly oppose"", ""6"": ""Do not know"", ""7"": ""Declined to answer"", ""9"": ""Missing""}",,,1.0,7.0
167,Q423_5,Q423_5.to what extent do you agree/disagree with  The state favors individuals of specific political orientation over others when making senior-level civil service appointments,float64,1497,0,6,"{""1"": ""Strongly agree"", ""2"": ""Agree"", ""3"": ""Oppose"", ""4"": ""Strongly oppose"", ""6"": ""Do not know"", ""7"": ""Declined to answer"", ""9"": ""Missing""}",,,1.0,7.0
168,Q423_6,"Q423_6.to what extent do you agree/disagree with  When making senior-level civil service appointments, the state favours those from specific social/ethnic groups",float64,0,1497,0,"{""1"": ""Strongly agree"", ""2"": ""Agree"", ""3"": ""Oppose"", ""4"": ""Strongly oppose"", ""6"": ""Do not know"", ""7"": ""Declined to answer"", ""9"": ""Missing""}",,,,
169,Q423_7,"Q423_7.to what extent do you agree/disagree with  When making senior-level civil service appointments, the state favours certain religious groups",float64,0,1497,0,"{""1"": ""Strongly agree"", ""2"": ""Agree"", ""3"": ""Oppose"", ""4"": ""Strongly oppose"", ""6"": ""Do not know"", ""7"": ""Declined to answer"", ""9"": ""Missing""}",,,,
170,Q423_8,"Q423_8.to what extent do you agree/disagree with  When making senior-level civil service appointments, the state favours those with specific origins",float64,0,1497,0,"{""1"": ""Strongly agree"", ""2"": ""Agree"", ""3"": ""Oppose"", ""4"": ""Strongly oppose"", ""6"": ""Do not know"", ""7"": ""Declined to answer"", ""9"": ""Missing""}",,,,
171,Q423_9,Q423_9.to what extent do you agree/disagree with  The state favors specific tribes/clans over others when making senior-level civil service appointments,float64,0,1497,0,"{""1"": ""Strongly agree"", ""2"": ""Agree"", ""3"": ""Oppose"", ""4"": ""Strongly oppose"", ""6"": ""Do not know"", ""7"": ""Declined to answer"", ""9"": ""Missing""}",,,,
172,Q423_17,Q423_17.to what extent do you agree/disagree with  The state favors males over females when making senior-level civil service appointments,float64,1497,0,6,"{""1"": ""Strongly agree"", ""2"": ""Agree"", ""3"": ""Oppose"", ""4"": ""Strongly oppose"", ""6"": ""Do not know"", ""7"": ""Declined to answer"", ""9"": ""Missing""}",,,1.0,7.0
173,Q424_1,"Q424_1.To what extent do you support for/opposition To promote their political opinions/views freely and without restrictions, regardless of your agreement with those opinions/ views.",float64,1497,0,5,"{""1"": ""Strongly suppose"", ""2"": ""Support"", ""3"": ""Oppose"", ""4"": ""Strongly oppose"", ""6"": ""Do not know"", ""7"": ""Declined to answer"", ""9"": ""Missing""}",,,1.0,6.0
174,Q424_2,.Q424_2.في ما يتعلّق بحقوق المواطنين في بلدك، وبغضّ النظر عن كون هذه الحقوق مضمونة أو غير مضمونة، إلى أي درجة توافق على/ تعارض أن يكون للمواطنين في بلدك  الحق في الترويج لأفكارهم وآرائهم السياسية ونشرها وإن اختلفت معهم بحريّة ومن دون قيود,float64,1497,0,6,"{""1"": ""Strongly suppose"", ""2"": ""Support"", ""3"": ""Oppose"", ""4"": ""Strongly oppose"", ""6"": ""Do not know"", ""7"": ""Declined to answer"", ""9"": ""Missing""}",,,1.0,7.0
175,Q424_3,Q424_3.To what extent do you support for/opposition  (Those not of your religion) To practice their religion freely and without restriction,float64,1497,0,5,"{""1"": ""Strongly suppose"", ""2"": ""Support"", ""3"": ""Oppose"", ""4"": ""Strongly oppose"", ""6"": ""Do not know"", ""7"": ""Declined to answer"", ""9"": ""Missing""}",,,1.0,6.0
176,Q424_4,Q424_4.To what extent do you support for/opposition (Those not of your religion) To express their religious beliefs freely and without restriction,float64,1497,0,5,"{""1"": ""Strongly suppose"", ""2"": ""Support"", ""3"": ""Oppose"", ""4"": ""Strongly oppose"", ""6"": ""Do not know"", ""7"": ""Declined to answer"", ""9"": ""Missing""}",,,1.0,6.0
177,Q424_5,Q424_5.To what extent do you support for/opposition  (Those of a different sect) To practice their religious rituals freely and without restriction,float64,0,1497,0,"{""1"": ""Strongly suppose"", ""2"": ""Support"", ""3"": ""Oppose"", ""4"": ""Strongly oppose"", ""6"": ""Do not know"", ""7"": ""Declined to answer"", ""9"": ""Missing""}",,,,
178,Q424_6,Q424_6.To what extent do you support for/opposition To express the beliefs of their religion or sect “mathhab” freely and without restrictions.,float64,0,1497,0,"{""1"": ""Strongly suppose"", ""2"": ""Support"", ""3"": ""Oppose"", ""4"": ""Strongly oppose"", ""6"": ""Do not know"", ""7"": ""Declined to answer"", ""9"": ""Missing""}",,,,
179,Q424_7,Q424_7.To what extent do you support for/opposition Those of racial origins different from your own have the right to express their own social and cultural values freely and without restrictions.,float64,1497,0,6,"{""1"": ""Strongly suppose"", ""2"": ""Support"", ""3"": ""Oppose"", ""4"": ""Strongly oppose"", ""6"": ""Do not know"", ""7"": ""Declined to answer"", ""9"": ""Missing""}",,,1.0,7.0
180,Q425_1,Q425_1.Followers of different religions would you not like to have as neighbors:,float64,1497,0,4,"{""1"": ""I do not want them as neighbors"", ""2"": ""I am impartial"", ""6"": ""Do not know"", ""7"": ""Declined to answer"", ""9"": ""Missing""}",,,1.0,7.0
181,Q425_2,Q425_2.Those of a different race/ color would you not like to have as neighbors:,float64,1497,0,3,"{""1"": ""I do not want them as neighbors"", ""2"": ""I am impartial"", ""6"": ""Do not know"", ""7"": ""Declined to answer"", ""9"": ""Missing""}",,,1.0,6.0
182,Q425_3,Q425_3.Foreign workers would you not like to have as neighbors:,float64,1497,0,3,"{""1"": ""I do not want them as neighbors"", ""2"": ""I am impartial"", ""6"": ""Do not know"", ""7"": ""Declined to answer"", ""9"": ""Missing""}",,,1.0,6.0
183,Q425_4,Q425_4.Refugees and displaced persons would you not like to have as neighbors:,float64,1497,0,4,"{""1"": ""I do not want them as neighbors"", ""2"": ""I am impartial"", ""6"": ""Do not know"", ""7"": ""Declined to answer"", ""9"": ""Missing""}",,,1.0,7.0
184,Q425_5,Q425_5.Residents originally from different geographic regions/strangers to the area would you not like to have as neighbors:,float64,1497,0,4,"{""1"": ""I do not want them as neighbors"", ""2"": ""I am impartial"", ""6"": ""Do not know"", ""7"": ""Declined to answer"", ""9"": ""Missing""}",,,1.0,7.0
185,Q425_6,Q425_6.Followers of a sect/madhab different to my own would you not like to have as neighbors:,float64,0,1497,0,"{""1"": ""I do not want them as neighbors"", ""2"": ""I am impartial"", ""6"": ""Do not know"", ""7"": ""Declined to answer"", ""9"": ""Missing""}",,,,
186,Q425_7,Q425_7.Those of other nationalities would you not like to have as neighbors:,float64,1497,0,4,"{""1"": ""I do not want them as neighbors"", ""2"": ""I am impartial"", ""6"": ""Do not know"", ""7"": ""Declined to answer"", ""9"": ""Missing""}",,,1.0,7.0
187,Q426,Q426.Do you prefer to deal with people of your own religion/madhab/sect?,float64,0,1497,0,"{""1"": ""I prefer to deal with people who share my religion/madhab/sect"", ""2"": ""It makes no difference to me"", ""6"": ""Do not know"", ""7"": ""Declined to answer"", ""9"": ""Missing""}",,,,
188,QLEB426,QLEB426.Do you prefer to deal with people of your own religion/madhab/sect?,float64,0,1497,0,"{""1"": ""I prefer to deal with people who share my religion/madhab/sect"", ""2"": ""It makes no difference to me"", ""6"": ""Do not know"", ""7"": ""Declined to answer"", ""9"": ""Missing""}",,,,
189,Q427_1,"Q427_1.In principle, would you support/oppose the position of the President/Prime Minister in your home country being held by A woman",float64,1497,0,6,"{""1"": ""Strongly agree"", ""2"": ""Agree"", ""3"": ""Disagree"", ""4"": ""Strongly disagree"", ""6"": ""Do not know"", ""7"": ""Declined to answer"", ""9"": ""Missing""}",,,1.0,7.0
190,Q427_2,"Q427_2.In principle, would you support/oppose the position of the President/Prime Minister in your home country being held by A Christian",float64,0,1497,0,"{""1"": ""Strongly agree"", ""2"": ""Agree"", ""3"": ""Disagree"", ""4"": ""Strongly disagree"", ""6"": ""Do not know"", ""7"": ""Declined to answer"", ""9"": ""Missing""}",,,,
191,Q427_3,"Q427_3.In principle, would you support/oppose the position of the President/Prime Minister in your home country being held by A Kurd ,Amazigh ,A Circasian/Chechen,A Nubian/other origins,From other ethnic groups",float64,1497,0,6,"{""1"": ""Strongly agree"", ""2"": ""Agree"", ""3"": ""Disagree"", ""4"": ""Strongly disagree"", ""6"": ""Do not know"", ""7"": ""Declined to answer"", ""9"": ""Missing""}",,,1.0,7.0
192,Q427_4,"Q427_4.In principle, would you support/oppose the position of the President/Prime Minister in your home country being held by Not religiously observant/secular",float64,1497,0,6,"{""1"": ""Strongly agree"", ""2"": ""Agree"", ""3"": ""Disagree"", ""4"": ""Strongly disagree"", ""6"": ""Do not know"", ""7"": ""Declined to answer"", ""9"": ""Missing""}",,,1.0,7.0
193,Q427_5,"Q427_5.In principle, would you support/oppose the position of the President/Prime Minister in your home country being held by A Salafi",float64,1497,0,6,"{""1"": ""Strongly agree"", ""2"": ""Agree"", ""3"": ""Disagree"", ""4"": ""Strongly disagree"", ""6"": ""Do not know"", ""7"": ""Declined to answer"", ""9"": ""Missing""}",,,1.0,7.0
194,Q427_6,"Q427_6.In principle, would you support/oppose the position of the President/Prime Minister in your home country being held by A member of an Islamist political movement (other than the Salafis)",float64,1497,0,6,"{""1"": ""Strongly agree"", ""2"": ""Agree"", ""3"": ""Disagree"", ""4"": ""Strongly disagree"", ""6"": ""Do not know"", ""7"": ""Declined to answer"", ""9"": ""Missing""}",,,1.0,7.0
195,Q427_7,"Q427_7.In principle, would you support/oppose the position of the President/Prime Minister in your home country being held by An individual of a different sect “Ta’efeh” than your own",float64,0,1497,0,"{""1"": ""Strongly agree"", ""2"": ""Agree"", ""3"": ""Disagree"", ""4"": ""Strongly disagree"", ""6"": ""Do not know"", ""7"": ""Declined to answer"", ""9"": ""Missing""}",,,,
196,Q427_8,"Q427_8.In principle, would you support/oppose the position of the President/Prime Minister in your home country being held by A Jordanian of Palestinian descent",float64,0,1497,0,"{""1"": ""Strongly agree"", ""2"": ""Agree"", ""3"": ""Disagree"", ""4"": ""Strongly disagree"", ""6"": ""Do not know"", ""7"": ""Declined to answer"", ""9"": ""Missing""}",,,,
197,Q427_9,"Q427_9.In principle, would you support/oppose the position of the President/Prime Minister in your home country being held by An Ibadi Muslim",float64,0,1497,0,"{""1"": ""Strongly agree"", ""2"": ""Agree"", ""3"": ""Disagree"", ""4"": ""Strongly disagree"", ""6"": ""Do not know"", ""7"": ""Declined to answer"", ""9"": ""Missing""}",,,,
198,Q427_10,"Q427_10.In principle, would you support/oppose the position of the President/Prime Minister in your home country being held by A “freeborn” Arab-African",float64,0,1497,0,"{""1"": ""Strongly agree"", ""2"": ""Agree"", ""3"": ""Disagree"", ""4"": ""Strongly disagree"", ""6"": ""Do not know"", ""7"": ""Declined to answer"", ""9"": ""Missing""}",,,,
199,Q427_11,"Q427_11.In principle, would you support/oppose the position of the President/Prime Minister in your home country being held by A non-Arab African",float64,0,1497,0,"{""1"": ""Strongly agree"", ""2"": ""Agree"", ""3"": ""Disagree"", ""4"": ""Strongly disagree"", ""6"": ""Do not know"", ""7"": ""Declined to answer"", ""9"": ""Missing""}",,,,
200,Q427_12,"Q427_12.In principle, would you support/oppose the position of the President/Prime Minister in your home country being held by An individual of the urbanized community “Hadhari”",float64,0,1497,0,"{""1"": ""Strongly agree"", ""2"": ""Agree"", ""3"": ""Disagree"", ""4"": ""Strongly disagree"", ""6"": ""Do not know"", ""7"": ""Declined to answer"", ""9"": ""Missing""}",,,,
201,Q427_13,"Q427_13.In principle, would you support/oppose the position of the President/Prime Minister in your home country being held by Of non-Arab descent",float64,0,1497,0,"{""1"": ""Strongly agree"", ""2"": ""Agree"", ""3"": ""Disagree"", ""4"": ""Strongly disagree"", ""6"": ""Do not know"", ""7"": ""Declined to answer"", ""9"": ""Missing""}",,,,
202,Q427_14,"Q427_14.In principle, would you support/oppose the position of the President/Prime Minister in your home country being held by Bedouin/tribal",float64,0,1497,0,"{""1"": ""Strongly agree"", ""2"": ""Agree"", ""3"": ""Disagree"", ""4"": ""Strongly disagree"", ""6"": ""Do not know"", ""7"": ""Declined to answer"", ""9"": ""Missing""}",,,,
203,Q427_15,"Q427_15.In principle, would you support/oppose the position of the President/Prime Minister in your home country being held by A Shi'ite Muslim",float64,0,1497,0,"{""1"": ""Strongly agree"", ""2"": ""Agree"", ""3"": ""Disagree"", ""4"": ""Strongly disagree"", ""6"": ""Do not know"", ""7"": ""Declined to answer"", ""9"": ""Missing""}",,,,
204,Q427_16,"Q427_16.In principle, would you support/oppose the position of the President/Prime Minister in your home country being held by Druze",float64,0,1497,0,"{""1"": ""Strongly agree"", ""2"": ""Agree"", ""3"": ""Disagree"", ""4"": ""Strongly disagree"", ""6"": ""Do not know"", ""7"": ""Declined to answer"", ""9"": ""Missing""}",,,,
205,Q428_1,"Q428_1.On principle, would you support a president who was a A woman",float64,0,1497,0,"{""1"": ""Strongly agree"", ""2"": ""Agree"", ""3"": ""Disagree"", ""4"": ""Strongly disagree"", ""6"": ""Do not know"", ""7"": ""Declined to answer"", ""9"": ""Missing""}",,,,
206,Q428_2,"Q428_2.On principle, would you support a president who was a A Christian",float64,0,1497,0,"{""1"": ""Strongly agree"", ""2"": ""Agree"", ""3"": ""Disagree"", ""4"": ""Strongly disagree"", ""6"": ""Do not know"", ""7"": ""Declined to answer"", ""9"": ""Missing""}",,,,
207,Q428_3,"Q428_3.On principle, would you support a president who was a Nubian",float64,0,1497,0,"{""1"": ""Strongly agree"", ""2"": ""Agree"", ""3"": ""Disagree"", ""4"": ""Strongly disagree"", ""6"": ""Do not know"", ""7"": ""Declined to answer"", ""9"": ""Missing""}",,,,
208,Q428_4,"Q428_4.On principle, would you support a president who was a Secularist",float64,0,1497,0,"{""1"": ""Strongly agree"", ""2"": ""Agree"", ""3"": ""Disagree"", ""4"": ""Strongly disagree"", ""6"": ""Do not know"", ""7"": ""Declined to answer"", ""9"": ""Missing""}",,,,
209,Q428_5,"Q428_5.On principle, would you support a president who was a Salafi",float64,0,1497,0,"{""1"": ""Strongly agree"", ""2"": ""Agree"", ""3"": ""Disagree"", ""4"": ""Strongly disagree"", ""6"": ""Do not know"", ""7"": ""Declined to answer"", ""9"": ""Missing""}",,,,
210,Q428_6,"Q428_6.On principle, would you support a president who was a Non-Salafi Political Islamist",float64,0,1497,0,"{""1"": ""Strongly agree"", ""2"": ""Agree"", ""3"": ""Disagree"", ""4"": ""Strongly disagree"", ""6"": ""Do not know"", ""7"": ""Declined to answer"", ""9"": ""Missing""}",,,,
211,Q428_7,"Q428_7.On principle, would you support a president who was a Sunni Arab",float64,0,1497,0,"{""1"": ""Strongly agree"", ""2"": ""Agree"", ""3"": ""Disagree"", ""4"": ""Strongly disagree"", ""6"": ""Do not know"", ""7"": ""Declined to answer"", ""9"": ""Missing""}",,,,
212,Q428_8,"Q428_8.On principle, would you support a president who was a Shia Arab",float64,0,1497,0,"{""1"": ""Strongly agree"", ""2"": ""Agree"", ""3"": ""Disagree"", ""4"": ""Strongly disagree"", ""6"": ""Do not know"", ""7"": ""Declined to answer"", ""9"": ""Missing""}",,,,
213,Q428_9,"Q428_9.On principle, would you support a president who was a Kurdish",float64,0,1497,0,"{""1"": ""Strongly agree"", ""2"": ""Agree"", ""3"": ""Disagree"", ""4"": ""Strongly disagree"", ""6"": ""Do not know"", ""7"": ""Declined to answer"", ""9"": ""Missing""}",,,,
214,Q601,"Q601.In general, in your dealings with others, do you prefer to deal with",float64,1497,0,4,"{""1"": ""Religiously observant individuals"", ""2"": ""Individuals who are not religiously observant"", ""3"": ""I have no preference"", ""6"": ""Do not know"", ""7"": ""Declined to answer"", ""9"": ""Missing""}",,,1.0,6.0
215,Q602,"Q602.Regardless of whether or not you attend places of worship, do you consider yourself to be a",float64,1497,0,6,"{""1"": ""Very religious (religiously observant)"", ""2"": ""Religious (religiously observant) to some extent"", ""3"": ""Not religious (not religiously observant)"", ""4"": ""A non-believer"", ""6"": ""Do not know"", ""7"": ""Declined to answer"", ""9"": ""Missing""}",,,1.0,7.0
216,Q603,Q603.What is the single most important characteristic which an individual must possess in order to be considered religious?,float64,1497,0,8,"{""1"": ""Observes religious obligations and acts of worship"", ""2"": ""Possesses the characteristics of honesty and trustworthiness"", ""3"": ""Treats others kindly"", ""4"": ""Maintains the ties of kinship and supports his/her relatives"", ""5"": ""Helps the poor and needy"", ""6"": ""All the above"", ""7"": ""ocial solidarity"", ""9992"": ""Other"", ""9996"": ""Do not know"", ""9997"": ""Declined to answer"", ""9999"": ""Missing""}",,,1.0,9997.0
217,Q606_1,Q606_1.Would you accept for your son/daughter/brother/sister to marry Someone with a limited level of education,float64,1497,0,3,"{""1"": ""Yes"", ""2"": ""No"", ""6"": ""Do not know"", ""7"": ""Declined to answer"", ""9"": ""Missing""}",,,1.0,6.0
218,Q606_2,Q606_2.Would you accept for your son/daughter/brother/sister to marry Someone poor or not wealthy,float64,1497,0,3,"{""1"": ""Yes"", ""2"": ""No"", ""6"": ""Do not know"", ""7"": ""Declined to answer"", ""9"": ""Missing""}",,,1.0,6.0
219,Q606_3,Q606_3.Would you accept for your son/daughter/brother/sister to marry Somebody from a family that is not well-known,float64,1497,0,3,"{""1"": ""Yes"", ""2"": ""No"", ""6"": ""Do not know"", ""7"": ""Declined to answer"", ""9"": ""Missing""}",,,1.0,6.0
220,Q606_4,Q606_4.Would you accept for your son/daughter/brother/sister to marry An unemployed person,float64,1497,0,3,"{""1"": ""Yes"", ""2"": ""No"", ""6"": ""Do not know"", ""7"": ""Declined to answer"", ""9"": ""Missing""}",,,1.0,6.0
221,Q606_5,Q606_5.Would you accept for your son/daughter/brother/sister to marry Someone who doesn’t undertake their religious obligations (such as fasting and prayer),float64,1497,0,4,"{""1"": ""Yes"", ""2"": ""No"", ""6"": ""Do not know"", ""7"": ""Declined to answer"", ""9"": ""Missing""}",,,1.0,7.0
222,Q606_6,Q606_6.Would you accept for your son/daughter/brother/sister to marry An Arab from a different country,float64,1497,0,3,"{""1"": ""Yes"", ""2"": ""No"", ""6"": ""Do not know"", ""7"": ""Declined to answer"", ""9"": ""Missing""}",,,1.0,6.0
223,Q606_7,Q606_7.Would you accept for your son/daughter/brother/sister to marry A non-Arab foreigner,float64,1497,0,3,"{""1"": ""Yes"", ""2"": ""No"", ""6"": ""Do not know"", ""7"": ""Declined to answer"", ""9"": ""Missing""}",,,1.0,6.0
224,Q606_8,Q606_8.Would you accept for your son/daughter/brother/sister to marry Someone belonging to a different religion,float64,1497,0,3,"{""1"": ""Yes"", ""2"": ""No"", ""6"": ""Do not know"", ""7"": ""Declined to answer"", ""9"": ""Missing""}",,,1.0,6.0
225,Q606_9,Q606_9.Would you accept for your son/daughter/brother/sister to marry Someone belonging to a different sect/madhab,float64,1497,0,3,"{""1"": ""Yes"", ""2"": ""No"", ""6"": ""Do not know"", ""7"": ""Declined to answer"", ""9"": ""Missing""}",,,1.0,6.0
226,Q606_10,Q606_10.Would you accept for your son/daughter/brother/sister to marry Someone of a different skin colour/ethnicity/culture?,float64,1497,0,4,"{""1"": ""Yes"", ""2"": ""No"", ""6"": ""Do not know"", ""7"": ""Declined to answer"", ""9"": ""Missing""}",,,1.0,7.0
227,Q607_1,Q607_1.Which of the factors mentioned in the previous question is most important in opposing a marriage?,float64,1459,38,12,"{""1"": ""Someone with a limited level of education"", ""2"": ""Someone poor or not wealthy"", ""3"": ""Somebody from a family that is not well-known"", ""4"": ""An unemployed person"", ""5"": ""Someone who doesn’t undertake their religious obligations (such as fasting and prayer)"", ""6"": ""An Arab from a different country"", ""7"": ""A non-Arab foreigner"", ""8"": ""Someone belonging to a different religion"", ""9"": ""Someone belonging to a different sect/madhab"", ""10"": ""Someone of a different skin colour/ethnicity/culture?"", ""96"": ""Do not know"", ""97"": ""Declined to answer"", ""98"": ""áÇ íæÌÏ ÚÇãá ËÇäò"", ""99"": ""Missing""}",,,1.0,97.0
228,Q607_2,Q607_2.Which is the second most important factor from the previous list in opposing a marraigae?,float64,1416,81,11,"{""1"": ""Someone with a limited level of education"", ""2"": ""Someone poor or not wealthy"", ""3"": ""Somebody from a family that is not well-known"", ""4"": ""An unemployed person"", ""5"": ""Someone who doesn’t undertake their religious obligations (such as fasting and prayer)"", ""6"": ""An Arab from a different country"", ""7"": ""A non-Arab foreigner"", ""8"": ""Someone belonging to a different religion"", ""9"": ""Someone belonging to a different sect/madhab"", ""10"": ""Someone of a different skin colour/ethnicity/culture?"", ""96"": ""Do not know"", ""97"": ""Declined to answer"", ""98"": ""áÇ íæÌÏ ÚÇãá ËÇäò"", ""99"": ""Missing""}",,,1.0,98.0
229,Q610_1,Q610_1.I would like you to tell me the extent of your agreement/disagreement with Religious leaders/clerics should not influence on voters’ electoral choices,float64,1497,0,6,"{""1"": ""Strongly agree"", ""2"": ""Agree"", ""3"": ""Disagree"", ""4"": ""Strongly disagreed"", ""6"": ""Do not know"", ""7"": ""Declined to answer"", ""9"": ""Missing""}",,,1.0,7.0
230,Q610_2,Q610_2.I would like you to tell me the extent of your agreement/disagreement with It would be best for my home country if religious individuals took leading positions within the state apparatus,float64,1497,0,6,"{""1"": ""Strongly agree"", ""2"": ""Agree"", ""3"": ""Disagree"", ""4"": ""Strongly disagreed"", ""6"": ""Do not know"", ""7"": ""Declined to answer"", ""9"": ""Missing""}",,,1.0,7.0
231,Q610_3,Q610_3.I would like you to tell me the extent of your agreement/disagreement with Religious leaders/clerics should not influence government decisions,float64,1497,0,6,"{""1"": ""Strongly agree"", ""2"": ""Agree"", ""3"": ""Disagree"", ""4"": ""Strongly disagreed"", ""6"": ""Do not know"", ""7"": ""Declined to answer"", ""9"": ""Missing""}",,,1.0,7.0
232,Q610_4,Q610_4.I would like you to tell me the extent of your agreement/disagreement with Religious practices are private affairs and should be separated from public (social and political) life,float64,1497,0,6,"{""1"": ""Strongly agree"", ""2"": ""Agree"", ""3"": ""Disagree"", ""4"": ""Strongly disagreed"", ""6"": ""Do not know"", ""7"": ""Declined to answer"", ""9"": ""Missing""}",,,1.0,7.0
233,Q610_5,Q610_5.I would like you to tell me the extent of your agreement/disagreement with The government has no right to use religion to win the support of the public for its policies,float64,1497,0,6,"{""1"": ""Strongly agree"", ""2"": ""Agree"", ""3"": ""Disagree"", ""4"": ""Strongly disagreed"", ""6"": ""Do not know"", ""7"": ""Declined to answer"", ""9"": ""Missing""}",,,1.0,7.0
234,Q610_6,Q610_6.I would like you to tell me the extent of your agreement/disagreement with Electoral candidates have the right to use religion as a means of winning voter support,float64,1497,0,6,"{""1"": ""Strongly agree"", ""2"": ""Agree"", ""3"": ""Disagree"", ""4"": ""Strongly disagreed"", ""6"": ""Do not know"", ""7"": ""Declined to answer"", ""9"": ""Missing""}",,,1.0,7.0
235,Q610_7,Q610_7.I would like you to tell me the extent of your agreement/disagreement with It would be best for my home country if religion was separated from politics,float64,1497,0,6,"{""1"": ""Strongly agree"", ""2"": ""Agree"", ""3"": ""Disagree"", ""4"": ""Strongly disagreed"", ""6"": ""Do not know"", ""7"": ""Declined to answer"", ""9"": ""Missing""}",,,1.0,7.0
236,Q610_8,Q610_8.I would like you to tell me the extent of your agreement/disagreement with Every individual who is not religiously observant is certainly a bad person,float64,1497,0,6,"{""1"": ""Strongly agree"", ""2"": ""Agree"", ""3"": ""Disagree"", ""4"": ""Strongly disagreed"", ""6"": ""Do not know"", ""7"": ""Declined to answer"", ""9"": ""Missing""}",,,1.0,7.0
237,Q610_9,Q610_9.I would like you to tell me the extent of your agreement/disagreement with No person/group has the right to declare those with different opinions on religious interpretations to be infidels,float64,1497,0,6,"{""1"": ""Strongly agree"", ""2"": ""Agree"", ""3"": ""Disagree"", ""4"": ""Strongly disagreed"", ""6"": ""Do not know"", ""7"": ""Declined to answer"", ""9"": ""Missing""}",,,1.0,7.0
238,Q610_10,"Q610_10.I would like you to tell me the extent of your agreement/disagreement with In a Muslim society, citizens must be able to choose what best suits them from various schools of Muslim law and doctrine",float64,1497,0,6,"{""1"": ""Strongly agree"", ""2"": ""Agree"", ""3"": ""Disagree"", ""4"": ""Strongly disagreed"", ""6"": ""Do not know"", ""7"": ""Declined to answer"", ""9"": ""Missing""}",,,1.0,7.0
239,Q610_11,Q610_11.I would like you to tell me the extent of your agreement/disagreement with No person/group has the right to declare followers of other religions to be infidels,float64,1497,0,6,"{""1"": ""Strongly agree"", ""2"": ""Agree"", ""3"": ""Disagree"", ""4"": ""Strongly disagreed"", ""6"": ""Do not know"", ""7"": ""Declined to answer"", ""9"": ""Missing""}",,,1.0,7.0
240,Q610_12,"Q610_12.I would like you to tell me the extent of your agreement/disagreement with In order to meet the demands of the modern-day economy, banks should be allowed to charge interest",float64,1497,0,6,"{""1"": ""Strongly agree"", ""2"": ""Agree"", ""3"": ""Disagree"", ""4"": ""Strongly disagreed"", ""6"": ""Do not know"", ""7"": ""Declined to answer"", ""9"": ""Missing""}",,,1.0,7.0
241,Q610_13,Q610_13.سأقرأ عليك عباراة وأود أن تخبرني إذا كنت توافق /تعارض عليها ليس من حق أي جهة تكفير الذين ينتمون إلى مذاهب دينية أخرى,float64,1497,0,6,"{""1"": ""Strongly agree"", ""2"": ""Agree"", ""3"": ""Disagree"", ""4"": ""Strongly disagreed"", ""6"": ""Do not know"", ""7"": ""Declined to answer"", ""9"": ""Missing""}",,,1.0,7.0
242,Q610_14,Q610_14.I would like you to tell me the extent of your agreement/disagreement with Difference in religion casts doubt on the patriotisim of a person,float64,1497,0,6,"{""1"": ""Strongly agree"", ""2"": ""Agree"", ""3"": ""Disagree"", ""4"": ""Strongly disagreed"", ""6"": ""Do not know"", ""7"": ""Declined to answer"", ""9"": ""Missing""}",,,1.0,7.0
243,Q610_15,"Q610_15.I would like you to tell me the extent of your agreement/disagreement with Difference in madhab/sect/school of Islamic law, casts doubt on the patriotisim of a person",float64,1497,0,6,"{""1"": ""Strongly agree"", ""2"": ""Agree"", ""3"": ""Disagree"", ""4"": ""Strongly disagreed"", ""6"": ""Do not know"", ""7"": ""Declined to answer"", ""9"": ""Missing""}",,,1.0,7.0
244,Q701,Q701.Which of the following three broad descriptions of the ties which bind the citizens of the Arab world together is closest to your opinion,float64,1497,0,5,"{""1"": ""Arabs constitute a single nation, separated by artificial borders"", ""2"": ""Arabs constitute a single nation, even if each people has its own specificities"", ""3"": ""The Arab people are distinct nations, tied together by only tenuous links"", ""6"": ""Do not know"", ""7"": ""Declined to answer"", ""9"": ""Missing""}",,,1.0,7.0
245,Q704,Q704.Which of the following statements on the Palestinian cause are you inclined towards the most?,float64,1497,0,5,"{""1"": ""The Palestinian cause is a cause for all Arabs and not the Palestinian people alone"", ""2"": ""The Palestinian cause is a cause of the Palestinians solely, and they alone should work to resolve it"", ""3"": ""I do not agree with either one of the above two statements"", ""6"": ""Do not know"", ""7"": ""Declined to answer"", ""9"": ""Missing""}",,,1.0,7.0
246,Q710_1,Q710_1.which country do you consider the most threatening to [the Arab world]?,float64,1497,0,11,"{""1"": ""The US"", ""2"": ""Israel"", ""3"": ""Iran"", ""4"": ""Turkey"", ""5"": ""European Countries"", ""6"": ""Arab Countries"", ""7"": ""“Islamic State” (ISIL/DAESH)"", ""8"": ""Russia"", ""9992"": ""Other"", ""9996"": ""Do not know"", ""9997"": ""Declined to answer"", ""9998"": ""There is no source that threatens the Arab region"", ""9999"": ""Missing""}",,,1.0,9998.0
247,Q710_2,Q710_2.which country do you consider the most threatening to [your home country]?,float64,1497,0,9,"{""1"": ""The US"", ""2"": ""Israel"", ""3"": ""Iran"", ""4"": ""The European Countries"", ""5"": ""“Islamic State” (ISIL/DAESH)"", ""6"": ""Semi-state armed organizations"", ""7"": ""Arab Countries"", ""8"": ""Neighboring Arab countries or Arab countries in the same region"", ""9"": ""Non-Arab neighbouring coutries or countries in the same region"", ""10"": ""Mali"", ""9992"": ""Other"", ""9996"": ""Do not know"", ""9997"": ""Declined to answer"", ""9998"": ""There is no threat to my country"", ""9999"": ""Missing""}",,,1.0,9998.0
248,Q712,Q712.Would you agree with your home country recognizing the state of Israel?,float64,1497,0,4,"{""1"": ""Agree"", ""2"": ""Disagree"", ""6"": ""Do not know"", ""7"": ""Declined to answer"", ""9"": ""Missing""}",,,1.0,7.0
249,Q713,Q713.Why do you agree?,float64,92,1405,10,"{""1"": ""Recognition has already happened and peace agreements have been signed"", ""2"": ""It could lead to a Palestinian State"", ""3"": ""It exists innevitably"", ""4"": ""Provided it recognizes a fully sovereign Palestinian state"", ""5"": ""In order to achieve peace and stability in the region"", ""6"": ""Because it is a strong state that we are unable to combat"", ""7"": ""Because of common interests and strengthening relationships"", ""8"": ""Because it is a State like any other with the the right to be a state"", ""9"": ""Because of its progress and development"", ""10"": ""Religious reasons"", ""9992"": ""Other"", ""9996"": ""Do not know"", ""9997"": ""Declined to answer"", ""9999"": ""Missing""}",,,1.0,10.0
250,Q714,Q714.Why do you Disagree ?,float64,1366,131,14,"{""1"": ""Because it is a settler colonialist state and occupies Palestine"", ""2"": ""Because it is an expansionist state that wants to dominate or occupy other Arab countries"", ""3"": ""Because the state arose by ethnically cleansing Palestinians and continues to persecute them"", ""4"": ""Because it opposes Palestinian rights and continues to legitimize what it did to the Palestinian people"", ""5"": ""Because it is an entity that deals with Arabs in a hateful and racist way"", ""6"": ""Because it is a terrorist state and supports terrorism"", ""7"": ""Because it is an enemy to our country specifically and to the Arab people more generally"", ""8"": ""It does not respect the peace agreements"", ""9"": ""Because it threatens the stability and security of the region"", ""10"": ""Oppose for religious reasons"", ""11"": ""It is impossible for an Arab state to recognize the Israeli occupation"", ""12"": ""I do not agree with the existence of the state of Israel"", ""9992"": ""Other"", ""9996"": ""Do not know"", ""9997"": ""Declined to answer"", ""9999"": ""Missing""}",,,1.0,9997.0
251,Q715_1,Q715_1.I would like you to tell me to what extent you support/oppose these treaties: The 1978 Camp David Accords between Egypt and Israel,float64,1497,0,6,"{""1"": ""Support"", ""2"": ""Support to some extent"", ""3"": ""Oppose to some extent"", ""4"": ""Oppose"", ""6"": ""Do not know"", ""7"": ""Declined to answer"", ""9"": ""Missing""}",,,1.0,7.0
252,Q715_2,"Q715_2.I would like you to tell me to what extent you support/oppose these treaties: The 1993 Oslo Accords (including Annexes), between the PLO and Israel",float64,1497,0,6,"{""1"": ""Support"", ""2"": ""Support to some extent"", ""3"": ""Oppose to some extent"", ""4"": ""Oppose"", ""6"": ""Do not know"", ""7"": ""Declined to answer"", ""9"": ""Missing""}",,,1.0,7.0
253,Q715_3,Q715_3.I would like you to tell me to what extent you support/oppose these treaties: The 1994 Wadi Araba Treaty between Jordan and Israel,float64,1497,0,6,"{""1"": ""Support"", ""2"": ""Support to some extent"", ""3"": ""Oppose to some extent"", ""4"": ""Oppose"", ""6"": ""Do not know"", ""7"": ""Declined to answer"", ""9"": ""Missing""}",,,1.0,7.0
254,Q716,Q716.Do you support or oppose the presence of nuclear weapons within the Middle East?,float64,1497,0,4,"{""1"": ""Support"", ""2"": ""Oppose"", ""6"": ""Do not know"", ""7"": ""Declined to answer"", ""9"": ""Missing""}",,,1.0,7.0
255,Q719,Q719.Does Israel's possession of nuclear weapons justify other states in the region’s pursuit of such weapons?,float64,1497,0,4,"{""1"": ""Yes"", ""2"": ""No"", ""6"": ""Do not know"", ""7"": ""Declined to answer"", ""9"": ""Missing""}",,,1.0,7.0
256,Q801,"Q801.In your opinion, were the revolutions and the concomitant developments which took place during the year 2011, in general:",float64,1497,0,6,"{""1"": ""Very positive"", ""2"": ""Positive to some extent"", ""3"": ""Negative to some extent"", ""4"": ""Very negative"", ""6"": ""Do not know"", ""7"": ""Declined to answer"", ""9"": ""Missing""}",,,1.0,7.0
257,Q802,Q802.Why is it positive?,float64,514,983,12,"{""1"": ""Overthrew authoritarian regimes and established democratic laws"", ""2"": ""The people’s claim to their freedom and rights and in some cases their recovery of those rights and freedoms"", ""3"": ""It overthrew corrupt regimes and established a fight against corruption"", ""4"": ""It granted citizens freedom of expression"", ""5"": ""It ended oppression and created foundations to achieve justice and equality"", ""6"": ""It put the demands (or some of the demands) of the people into effect"", ""7"": ""It awakened the people and restoring their will and dignity"", ""8"": ""The Arab world will change for the better"", ""9"": ""It is positive but did not achieve any of its ambitions"", ""10"": ""Improvement of economic conditions"", ""9992"": ""positive reasons Other"", ""9996"": ""Do not know"", ""9997"": ""Declined to answer"", ""9999"": ""Missing""}",,,1.0,9996.0
258,Q803,Q803.Why is it negative?,float64,951,546,12,"{""1"": ""It didn’t achieve its objectives"", ""2"": ""The large human loss"", ""3"": ""The spread of chaos and insecurity"", ""4"": ""It led to the destruction of states and state institutions"", ""5"": ""The resulting crisis and instability in some countries"", ""6"": ""The deterioration of economic situations"", ""7"": ""A foreign conspiracy/encouraged by external forces"", ""8"": ""Against revolution"", ""9"": ""It served one group’s interests"", ""10"": ""It led to popular emigration"", ""11"": ""It led to the spread of administrative financial corruption"", ""9992"": ""Negative reasons Other"", ""9996"": ""Do not know"", ""9997"": ""Declined to answer"", ""9999"": ""Missing""}",,,1.0,9997.0
259,Q827,Q827.Which of the following two statements more closely matches your point of view?,float64,1497,0,7,"{""1"": "" Strongly agree  (with 1)"", ""2"": "" Agree (with 1)"", ""3"": ""Strongly agree (with 2)"", ""4"": ""Agree (with 2)"", ""5"": ""Disagree with both statements"", ""6"": ""Do not know"", ""7"": ""Declined to answer"", ""9"": ""Missing""}",,,1.0,7.0
260,V827,V827.Which of the following two statements more closely matches your point of view?,float64,1497,0,5,"{""1"": ""The Arab Spring is now going through a phase of difficult obstacles, but will eventually achieve its aims"", ""2"": ""The Arab Spring has ended, and the former regimes are now returning to power"", ""5"": ""Disagree with both statements"", ""6"": ""Do not know"", ""7"": ""Declined to answer"", ""9"": ""Missing""}",,,1.0,7.0
261,Q829_1,Q829_1.what is the Most important factors from the following list that contributed to the failure of the Arab Spring /failure to achieve its objectives?,float64,1497,0,15,"{""1"": ""Deterioration of security in some countries"", ""2"": ""Deterioration of economic and living conditions"", ""3"": ""Incitement of the remenants/forces of the previous regimes"", ""4"": ""The behaviour of Islamist political parties"", ""5"": ""Behaviour of the non-Islamist/secular political parties"", ""6"": ""Foreign interference"", ""7"": ""Incitement of the media"", ""8"": ""Emergence of extremist movements"", ""9"": ""The positions of Arab militaries/security apparatus"", ""10"": ""Politcal conflict between revolutionary forces"", ""11"": ""Lack of popular ingrained democratic culture"", ""12"": ""Societal divisons between sects, tribes, regional, or ethnic groups"", ""13"": ""The extent of protests and labour strikes"", ""14"": ""The positions of some Arab regimes"", ""15"": ""The behaviour of business owners"", ""16"": ""Behaviour of civil servants"", ""17"": ""reasons Other"", ""96"": ""Do not know"", ""97"": ""Declined to answer"", ""98"": ""No other reply"", ""99"": ""Missing""}",,,1.0,97.0
262,Q829_2,Q829_2.what is the 2nd most important factors from the following list that contributed to the failure of the Arab Spring /failure to achieve its objectives?,float64,1431,66,14,"{""1"": ""Deterioration of security in some countries"", ""2"": ""Deterioration of economic and living conditions"", ""3"": ""Incitement of the remenants/forces of the previous regimes"", ""4"": ""The behaviour of Islamist political parties"", ""5"": ""Behaviour of the non-Islamist/secular political parties"", ""6"": ""Foreign interference"", ""7"": ""Incitement of the media"", ""8"": ""Emergence of extremist movements"", ""9"": ""The positions of Arab militaries/security apparatus"", ""10"": ""Politcal conflict between revolutionary forces"", ""11"": ""Lack of popular ingrained democratic culture"", ""12"": ""Societal divisons between sects, tribes, regional, or ethnic groups"", ""13"": ""The extent of protests and labour strikes"", ""14"": ""The positions of some Arab regimes"", ""15"": ""The behaviour of business owners"", ""16"": ""Behaviour of civil servants"", ""17"": ""reasons Other"", ""96"": ""Do not know"", ""97"": ""Declined to answer"", ""98"": ""No other reply"", ""99"": ""Missing""}",,,1.0,98.0
263,Q829_3,Q829_3.what is the 3rd most important factors from the following list that contributed to the failure of the Arab Spring /failure to achieve its objectives?,float64,1413,84,14,"{""1"": ""Deterioration of security in some countries"", ""2"": ""Deterioration of economic and living conditions"", ""3"": ""Incitement of the remenants/forces of the previous regimes"", ""4"": ""The behaviour of Islamist political parties"", ""5"": ""Behaviour of the non-Islamist/secular political parties"", ""6"": ""Foreign interference"", ""7"": ""Incitement of the media"", ""8"": ""Emergence of extremist movements"", ""9"": ""The positions of Arab militaries/security apparatus"", ""10"": ""Politcal conflict between revolutionary forces"", ""11"": ""Lack of popular ingrained democratic culture"", ""12"": ""Societal divisons between sects, tribes, regional, or ethnic groups"", ""13"": ""The extent of protests and labour strikes"", ""14"": ""The positions of some Arab regimes"", ""15"": ""The behaviour of business owners"", ""16"": ""Behaviour of civil servants"", ""17"": ""reasons Other"", ""96"": ""Do not know"", ""97"": ""Declined to answer"", ""98"": ""No other reply"", ""99"": ""Missing""}",,,1.0,98.0
264,Q832,Q832.Do you have any fears surrounding Islamist political movements coming to power:,float64,1497,0,5,"{""1"": ""Yes, I have many fears"", ""2"": ""Yes, I have some fears"", ""3"": ""No, I do not have any fears"", ""6"": ""Do not know"", ""7"": ""Declined to answer"", ""9"": ""Missing""}",,,1.0,7.0
265,Q833,Q833.What is the most significant of these fears?,float64,779,718,17,"{""1"": ""Authoritarianism and hegemony"", ""2"": ""Discrimination between citizens and a lack of justice or equality"", ""3"": ""Attempts to forward party or personal interests at the expense of public interest"", ""4"": ""Reducing women’s rights"", ""5"": ""Restricting citizens’s personal rights"", ""6"": ""Incorrect application of religion"", ""7"": ""Exploition of religion to achieve objectives"", ""8"": ""Their subservience to foreign parties"", ""9"": ""Puritism, zealotry, and extremism"", ""10"": ""Negative impact on relations with Western countries"", ""11"": ""Incompetence and inability to take responsibility."", ""12"": ""Imposing their opinions and beliefs"", ""13"": ""The spread of extremism and chaos"", ""14"": ""Relisious and sectarian discriminatiom"", ""17"": ""Don’t trust them"", ""18"": ""Lack of political stability and the deterioration of security conditions"", ""19"": ""The application of Islamic law and the establishment of an Islamic state"", ""20"": ""Distortion of Islam and incorrect application of religion"", ""21"": ""Polarization and division of the populace"", ""9992"": ""Other"", ""9996"": ""Do not know"", ""9997"": ""Declined to answer"", ""9999"": ""Missing""}",,,1.0,9996.0
266,Q834,Q834.Do you have any fears surrounding Non-Islamist (secular) political movements coming to power:,float64,1497,0,5,"{""1"": ""Yes, I have many fears"", ""2"": ""Yes, I have some fears"", ""3"": ""No, I do not have any fears"", ""6"": ""Do not know"", ""7"": ""Declined to answer"", ""9"": ""Missing""}",,,1.0,7.0
267,Q835,Q835.What is the most significant of these fears?,float64,615,882,20,"{""1"": ""Authoritarianism and hegemony"", ""2"": ""Discrimination between citizens and a lack of justice or equality"", ""3"": ""Attempts to forward party or personal interests at the expense of public interest"", ""4"": ""Deterioration of security and ensuing chaos"", ""5"": ""Imposing their beliefs and ideas on society"", ""6"": ""Breakdown of morals"", ""7"": ""Restriction of freedoms, especially religious freedom"", ""8"": ""Subservience to foreign parties"", ""9"": ""Imposing values that are incompatible with our values, customs, and traditions"", ""10"": ""Their objectives and plans are unclear"", ""11"": ""Incompetence and inability to govern"", ""12"": ""Not maintaining a Muslim Arab identity"", ""13"": ""Their position is anti-Islam and they work to distort the image of Islam"", ""14"": ""They are irreligious and they discriminate against religious people"", ""15"": ""Abandoning Islam as a source of legislation"", ""16"": ""Disrespect for religion or the principles of religious people"", ""17"": ""Don’t trust them"", ""18"": ""Political instability and the deterioration of the country"", ""9992"": ""Other"", ""9996"": ""Do not know"", ""9997"": ""Declined to answer"", ""9999"": ""Missing""}",,,1.0,9997.0
268,Q906_1,"Q906_1.Regardless of the foreign policy of USA , my view of the people of  USA is",float64,1497,0,7,"{""1"": ""Positive"", ""2"": ""Positive to some extent"", ""3"": ""Neither positive nor negative (Do not read)"", ""4"": ""Negative to some extent"", ""5"": ""Negative"", ""6"": ""Do not know"", ""7"": ""Declined to answer"", ""9"": ""Missing""}",,,1.0,7.0
269,Q906_2,"Q906_2.Regardless of the foreign policy of Russia , my view of the people of  Russia is",float64,1497,0,7,"{""1"": ""Positive"", ""2"": ""Positive to some extent"", ""3"": ""Neither positive nor negative (Do not read)"", ""4"": ""Negative to some extent"", ""5"": ""Negative"", ""6"": ""Do not know"", ""7"": ""Declined to answer"", ""9"": ""Missing""}",,,1.0,7.0
270,Q906_3,"Q906_3.Regardless of the foreign policy of Turkey , my view of the people of  Turkey is",float64,1497,0,7,"{""1"": ""Positive"", ""2"": ""Positive to some extent"", ""3"": ""Neither positive nor negative (Do not read)"", ""4"": ""Negative to some extent"", ""5"": ""Negative"", ""6"": ""Do not know"", ""7"": ""Declined to answer"", ""9"": ""Missing""}",,,1.0,7.0
271,Q906_4,"Q906_4.Regardless of the foreign policy of Iran , my view of the people of  Iran is",float64,1497,0,7,"{""1"": ""Positive"", ""2"": ""Positive to some extent"", ""3"": ""Neither positive nor negative (Do not read)"", ""4"": ""Negative to some extent"", ""5"": ""Negative"", ""6"": ""Do not know"", ""7"": ""Declined to answer"", ""9"": ""Missing""}",,,1.0,7.0
272,Q906_5,"Q906_5.Regardless of the foreign policy of France , my view of the people of  France is",float64,1497,0,7,"{""1"": ""Positive"", ""2"": ""Positive to some extent"", ""3"": ""Neither positive nor negative (Do not read)"", ""4"": ""Negative to some extent"", ""5"": ""Negative"", ""6"": ""Do not know"", ""7"": ""Declined to answer"", ""9"": ""Missing""}",,,1.0,7.0
273,Q906_6,"Q906_6.Regardless of the foreign policy of China , my view of the people of  China is",float64,1497,0,7,"{""1"": ""Positive"", ""2"": ""Positive to some extent"", ""3"": ""Neither positive nor negative (Do not read)"", ""4"": ""Negative to some extent"", ""5"": ""Negative"", ""6"": ""Do not know"", ""7"": ""Declined to answer"", ""9"": ""Missing""}",,,1.0,7.0
274,Q909_1,Q909_1.how would you evaluate the foreign policy of the Turkey towards the Arab region?,float64,1497,0,6,"{""1"": ""Positive"", ""2"": ""Positive to some extent"", ""3"": ""Negative to some extent"", ""4"": ""Negative"", ""6"": ""Do not know"", ""7"": ""Declined to answer"", ""9"": ""Missing""}",,,1.0,7.0
275,Q909_2,Q909_2.how would you evaluate the foreign policy of the United States towards the Arab region?,float64,1497,0,6,"{""1"": ""Positive"", ""2"": ""Positive to some extent"", ""3"": ""Negative to some extent"", ""4"": ""Negative"", ""6"": ""Do not know"", ""7"": ""Declined to answer"", ""9"": ""Missing""}",,,1.0,7.0
276,Q909_3,Q909_3.how would you evaluate the foreign policy of the Iran towards the Arab region?,float64,1497,0,6,"{""1"": ""Positive"", ""2"": ""Positive to some extent"", ""3"": ""Negative to some extent"", ""4"": ""Negative"", ""6"": ""Do not know"", ""7"": ""Declined to answer"", ""9"": ""Missing""}",,,1.0,7.0
277,Q909_4,Q909_4.how would you evaluate the foreign policy of the Russia towards the Arab region?,float64,1497,0,6,"{""1"": ""Positive"", ""2"": ""Positive to some extent"", ""3"": ""Negative to some extent"", ""4"": ""Negative"", ""6"": ""Do not know"", ""7"": ""Declined to answer"", ""9"": ""Missing""}",,,1.0,7.0
278,Q909_5,Q909_5.how would you evaluate the foreign policy of the France towards the Arab region?,float64,1497,0,6,"{""1"": ""Positive"", ""2"": ""Positive to some extent"", ""3"": ""Negative to some extent"", ""4"": ""Negative"", ""6"": ""Do not know"", ""7"": ""Declined to answer"", ""9"": ""Missing""}",,,1.0,7.0
279,Q909_6,Q909_6.how would you evaluate the foreign policy of the China towards the Arab region?,float64,1497,0,6,"{""1"": ""Positive"", ""2"": ""Positive to some extent"", ""3"": ""Negative to some extent"", ""4"": ""Negative"", ""6"": ""Do not know"", ""7"": ""Declined to answer"", ""9"": ""Missing""}",,,1.0,7.0
280,Q913_1_1,Q913_1_1.Do you support the Iranian government’s policies over the past year towards The Palestinian Cause,float64,1497,0,6,"{""1"": ""Support\"""", ""2"": ""Suppot to some extent"", ""3"": ""Oppose to an extent"", ""4"": ""Oppose"", ""6"": ""Do not know"", ""7"": ""Declined to answer"", ""9"": ""Missing""}",,,1.0,7.0
281,Q913_1_2,Q913_1_2.Do you support the Iranian government’s policies over the past year towards The Syrian revolution,float64,1497,0,6,"{""1"": ""Support\"""", ""2"": ""Suppot to some extent"", ""3"": ""Oppose to an extent"", ""4"": ""Oppose"", ""6"": ""Do not know"", ""7"": ""Declined to answer"", ""9"": ""Missing""}",,,1.0,7.0
282,Q913_1_3,Q913_1_3.Do you support the Iranian government’s policies over the past year towards Islamist political parties (peaceful),float64,1497,0,6,"{""1"": ""Support\"""", ""2"": ""Suppot to some extent"", ""3"": ""Oppose to an extent"", ""4"": ""Oppose"", ""6"": ""Do not know"", ""7"": ""Declined to answer"", ""9"": ""Missing""}",,,1.0,7.0
283,Q913_1_4,Q913_1_4.Do you support the Iranian government’s policies over the past year towards Jihadi movements (extremist religious groups),float64,1497,0,6,"{""1"": ""Support\"""", ""2"": ""Suppot to some extent"", ""3"": ""Oppose to an extent"", ""4"": ""Oppose"", ""6"": ""Do not know"", ""7"": ""Declined to answer"", ""9"": ""Missing""}",,,1.0,7.0
284,Q913_1_5,Q913_1_5.Do you support the Iranian government’s policies over the past year towards Iraq,float64,1497,0,6,"{""1"": ""Support\"""", ""2"": ""Suppot to some extent"", ""3"": ""Oppose to an extent"", ""4"": ""Oppose"", ""6"": ""Do not know"", ""7"": ""Declined to answer"", ""9"": ""Missing""}",,,1.0,7.0
285,Q913_1_6,Q913_1_6.Do you support the Iranian government’s policies over the past year towards Yemen,float64,1497,0,6,"{""1"": ""Support\"""", ""2"": ""Suppot to some extent"", ""3"": ""Oppose to an extent"", ""4"": ""Oppose"", ""6"": ""Do not know"", ""7"": ""Declined to answer"", ""9"": ""Missing""}",,,1.0,7.0
286,Q913_1_7,Q913_1_7.Do you support the Iranian government’s policies over the past year towards Libya,float64,1497,0,6,"{""1"": ""Support\"""", ""2"": ""Suppot to some extent"", ""3"": ""Oppose to an extent"", ""4"": ""Oppose"", ""6"": ""Do not know"", ""7"": ""Declined to answer"", ""9"": ""Missing""}",,,1.0,7.0
287,Q913_1_8,Q913_1_8.Do you support the Iranian government’s policies over the past year towards Gulf Countries,float64,0,1497,0,"{""1"": ""Support\"""", ""2"": ""Suppot to some extent"", ""3"": ""Oppose to an extent"", ""4"": ""Oppose"", ""6"": ""Do not know"", ""7"": ""Declined to answer"", ""9"": ""Missing""}",,,,
288,Q913_1_9,Q913_1_9.Do you support the Iranian government’s policies over the past year towards Your country,float64,1497,0,6,"{""1"": ""Support\"""", ""2"": ""Suppot to some extent"", ""3"": ""Oppose to an extent"", ""4"": ""Oppose"", ""6"": ""Do not know"", ""7"": ""Declined to answer"", ""9"": ""Missing""}",,,1.0,7.0
289,Q913_2_1,Q913_2_1.Do you support the Turkish government’s policies over the past year towards The Palestinian Cause,float64,1497,0,6,"{""1"": ""Support\"""", ""2"": ""Suppot to some extent"", ""3"": ""Oppose to an extent"", ""4"": ""Oppose"", ""6"": ""Do not know"", ""7"": ""Declined to answer"", ""9"": ""Missing""}",,,1.0,7.0
290,Q913_2_2,Q913_2_2.Do you support the Turkish government’s policies over the past year towards The Syrian revolution,float64,1497,0,6,"{""1"": ""Support\"""", ""2"": ""Suppot to some extent"", ""3"": ""Oppose to an extent"", ""4"": ""Oppose"", ""6"": ""Do not know"", ""7"": ""Declined to answer"", ""9"": ""Missing""}",,,1.0,7.0
291,Q913_2_3,Q913_2_3.Do you support the Turkish government’s policies over the past year towards Islamist political parties (peaceful),float64,1497,0,6,"{""1"": ""Support\"""", ""2"": ""Suppot to some extent"", ""3"": ""Oppose to an extent"", ""4"": ""Oppose"", ""6"": ""Do not know"", ""7"": ""Declined to answer"", ""9"": ""Missing""}",,,1.0,7.0
292,Q913_2_4,Q913_2_4.Do you support the Turkish government’s policies over the past year towards Jihadi movements (extremist religious groups),float64,1497,0,6,"{""1"": ""Support\"""", ""2"": ""Suppot to some extent"", ""3"": ""Oppose to an extent"", ""4"": ""Oppose"", ""6"": ""Do not know"", ""7"": ""Declined to answer"", ""9"": ""Missing""}",,,1.0,7.0
293,Q913_2_5,Q913_2_5.Do you support the Turkish government’s policies over the past year towards Iraq,float64,1497,0,6,"{""1"": ""Support\"""", ""2"": ""Suppot to some extent"", ""3"": ""Oppose to an extent"", ""4"": ""Oppose"", ""6"": ""Do not know"", ""7"": ""Declined to answer"", ""9"": ""Missing""}",,,1.0,7.0
294,Q913_2_6,Q913_2_6.Do you support the Turkish government’s policies over the past year towards Yemen,float64,1497,0,6,"{""1"": ""Support\"""", ""2"": ""Suppot to some extent"", ""3"": ""Oppose to an extent"", ""4"": ""Oppose"", ""6"": ""Do not know"", ""7"": ""Declined to answer"", ""9"": ""Missing""}",,,1.0,7.0
295,Q913_2_7,Q913_2_7.Do you support the Turkish government’s policies over the past year towards Libya,float64,1497,0,6,"{""1"": ""Support\"""", ""2"": ""Suppot to some extent"", ""3"": ""Oppose to an extent"", ""4"": ""Oppose"", ""6"": ""Do not know"", ""7"": ""Declined to answer"", ""9"": ""Missing""}",,,1.0,7.0
296,Q913_2_8,Q913_2_8.Do you support the Turkish government’s policies over the past year towards Gulf Countries,float64,0,1497,0,"{""1"": ""Support\"""", ""2"": ""Suppot to some extent"", ""3"": ""Oppose to an extent"", ""4"": ""Oppose"", ""6"": ""Do not know"", ""7"": ""Declined to answer"", ""9"": ""Missing""}",,,,
297,Q913_2_9,Q913_2_9.Do you support the Turkish government’s policies over the past year towards Your country,float64,1497,0,6,"{""1"": ""Support\"""", ""2"": ""Suppot to some extent"", ""3"": ""Oppose to an extent"", ""4"": ""Oppose"", ""6"": ""Do not know"", ""7"": ""Declined to answer"", ""9"": ""Missing""}",,,1.0,7.0
298,Q915_1_1,Q915_1_1.To what extent do you agree with the statement:  Iran supports the democratic transition in Arab countries,float64,1497,0,6,"{""1"": ""Agree"", ""2"": ""Agree to some extent"", ""3"": ""Disagree to some extent"", ""4"": ""Disagree"", ""6"": ""Do not know"", ""7"": ""Declined to answer"", ""9"": ""Missing""}",,,1.0,7.0
299,Q915_1_2,Q915_1_2.To what extent do you agree with the statement:  Iran contributes to the enhancement of security in the Arab region,float64,1497,0,6,"{""1"": ""Agree"", ""2"": ""Agree to some extent"", ""3"": ""Disagree to some extent"", ""4"": ""Disagree"", ""6"": ""Do not know"", ""7"": ""Declined to answer"", ""9"": ""Missing""}",,,1.0,7.0
300,Q915_1_3,Q915_1_3.To what extent do you agree with the statement:  Iran exploits crises in the region to expand its influence,float64,1497,0,6,"{""1"": ""Agree"", ""2"": ""Agree to some extent"", ""3"": ""Disagree to some extent"", ""4"": ""Disagree"", ""6"": ""Do not know"", ""7"": ""Declined to answer"", ""9"": ""Missing""}",,,1.0,7.0
301,Q915_1_4,Q915_1_4.To what extent do you agree with the statement:  Iran nurtures sectarianism and ethnic separatism in the Arab countries,float64,1497,0,6,"{""1"": ""Agree"", ""2"": ""Agree to some extent"", ""3"": ""Disagree to some extent"", ""4"": ""Disagree"", ""6"": ""Do not know"", ""7"": ""Declined to answer"", ""9"": ""Missing""}",,,1.0,7.0
302,Q915_1_5,Q915_1_5.To what extent do you agree with the statement:  Iran attempts to impose its own agenda on the other countries in the region,float64,1497,0,6,"{""1"": ""Agree"", ""2"": ""Agree to some extent"", ""3"": ""Disagree to some extent"", ""4"": ""Disagree"", ""6"": ""Do not know"", ""7"": ""Declined to answer"", ""9"": ""Missing""}",,,1.0,7.0
303,Q915_1_6,Q915_1_6.To what extent do you agree with the statement: The values of (Iranian/Iran) society are close to those of our society,float64,1497,0,6,"{""1"": ""Agree"", ""2"": ""Agree to some extent"", ""3"": ""Disagree to some extent"", ""4"": ""Disagree"", ""6"": ""Do not know"", ""7"": ""Declined to answer"", ""9"": ""Missing""}",,,1.0,7.0
304,Q915_1_7,Q915_1_7.To what extent do you agree with the statement: The political regime in Iran   is democratic,float64,1497,0,6,"{""1"": ""Agree"", ""2"": ""Agree to some extent"", ""3"": ""Disagree to some extent"", ""4"": ""Disagree"", ""6"": ""Do not know"", ""7"": ""Declined to answer"", ""9"": ""Missing""}",,,1.0,7.0
305,Q915_1_8,Q915_1_8.To what extent do you agree with the statement: The policies of Iran   contribute to increased influence for radical Islamist movements in Arab Countries,float64,1497,0,6,"{""1"": ""Agree"", ""2"": ""Agree to some extent"", ""3"": ""Disagree to some extent"", ""4"": ""Disagree"", ""6"": ""Do not know"", ""7"": ""Declined to answer"", ""9"": ""Missing""}",,,1.0,7.0
306,Q915_1_9,Q915_1_9.To what extent do you agree with the statement: Iran is a developed and advanced country,float64,1497,0,6,"{""1"": ""Agree"", ""2"": ""Agree to some extent"", ""3"": ""Disagree to some extent"", ""4"": ""Disagree"", ""6"": ""Do not know"", ""7"": ""Declined to answer"", ""9"": ""Missing""}",,,1.0,7.0
307,Q915_1_10,Q915_1_10.To what extent do you agree with the statement: Financial and administrative corruption is widespread in Iran,float64,1497,0,6,"{""1"": ""Agree"", ""2"": ""Agree to some extent"", ""3"": ""Disagree to some extent"", ""4"": ""Disagree"", ""6"": ""Do not know"", ""7"": ""Declined to answer"", ""9"": ""Missing""}",,,1.0,7.0
308,Q915_1_11,Q915_1_11.To what extent do you agree with the statement:  Iran deals with the Arab people with respect and generosity /dignity,float64,1497,0,6,"{""1"": ""Agree"", ""2"": ""Agree to some extent"", ""3"": ""Disagree to some extent"", ""4"": ""Disagree"", ""6"": ""Do not know"", ""7"": ""Declined to answer"", ""9"": ""Missing""}",,,1.0,7.0
309,Q915_1_12,Q915_1_12.To what extent do you agree with the statement: The citizens of Iran do not have access to all of their political and civil rights,float64,1497,0,6,"{""1"": ""Agree"", ""2"": ""Agree to some extent"", ""3"": ""Disagree to some extent"", ""4"": ""Disagree"", ""6"": ""Do not know"", ""7"": ""Declined to answer"", ""9"": ""Missing""}",,,1.0,7.0
310,Q915_1_13,Q915_1_13.To what extent do you agree with the statement: The positions of Iran towards Iraq aims at the countries stability and maintaining unity,float64,1497,0,6,"{""1"": ""Agree"", ""2"": ""Agree to some extent"", ""3"": ""Disagree to some extent"", ""4"": ""Disagree"", ""6"": ""Do not know"", ""7"": ""Declined to answer"", ""9"": ""Missing""}",,,1.0,7.0
311,Q915_1_14,Q915_1_14.To what extent do you agree with the statement: The positions of Iran towards Syria goes against the interests and aspirations of the Syrian people,float64,1497,0,6,"{""1"": ""Agree"", ""2"": ""Agree to some extent"", ""3"": ""Disagree to some extent"", ""4"": ""Disagree"", ""6"": ""Do not know"", ""7"": ""Declined to answer"", ""9"": ""Missing""}",,,1.0,7.0
312,Q915_1_15,Q915_1_15.To what extent do you agree with the statement: The support of Iran for th Palestinian people is based on principle and not their own interests,float64,1497,0,6,"{""1"": ""Agree"", ""2"": ""Agree to some extent"", ""3"": ""Disagree to some extent"", ""4"": ""Disagree"", ""6"": ""Do not know"", ""7"": ""Declined to answer"", ""9"": ""Missing""}",,,1.0,7.0
313,Q915_1_16,Q915_1_16.To what extent do you agree with the statement: The positions of Iran are biased towards a specific madhab/sect in the Arab region,float64,1497,0,6,"{""1"": ""Agree"", ""2"": ""Agree to some extent"", ""3"": ""Disagree to some extent"", ""4"": ""Disagree"", ""6"": ""Do not know"", ""7"": ""Declined to answer"", ""9"": ""Missing""}",,,1.0,7.0
314,Q915_2_1,Q915_2_1.To what extent do you agree with the statement: Turkey supports the democratic transition in Arab countries,float64,1497,0,6,"{""1"": ""Agree"", ""2"": ""Agree to some extent"", ""3"": ""Disagree to some extent"", ""4"": ""Disagree"", ""6"": ""Do not know"", ""7"": ""Declined to answer"", ""9"": ""Missing""}",,,1.0,7.0
315,Q915_2_2,Q915_2_2.To what extent do you agree with the statement: Turkey contributes to the enhancement of security in the Arab region,float64,1497,0,6,"{""1"": ""Agree"", ""2"": ""Agree to some extent"", ""3"": ""Disagree to some extent"", ""4"": ""Disagree"", ""6"": ""Do not know"", ""7"": ""Declined to answer"", ""9"": ""Missing""}",,,1.0,7.0
316,Q915_2_3,Q915_2_3.To what extent do you agree with the statement: Turkey exploits crises in the region to expand its influence,float64,1497,0,6,"{""1"": ""Agree"", ""2"": ""Agree to some extent"", ""3"": ""Disagree to some extent"", ""4"": ""Disagree"", ""6"": ""Do not know"", ""7"": ""Declined to answer"", ""9"": ""Missing""}",,,1.0,7.0
317,Q915_2_4,Q915_2_4.To what extent do you agree with the statement: Turkey nurtures sectarianism and ethnic separatism in the Arab countries,float64,1497,0,6,"{""1"": ""Agree"", ""2"": ""Agree to some extent"", ""3"": ""Disagree to some extent"", ""4"": ""Disagree"", ""6"": ""Do not know"", ""7"": ""Declined to answer"", ""9"": ""Missing""}",,,1.0,7.0
318,Q915_2_5,Q915_2_5.To what extent do you agree with the statement: Turkey attempts to impose its own agenda on the other countries in the region,float64,1497,0,6,"{""1"": ""Agree"", ""2"": ""Agree to some extent"", ""3"": ""Disagree to some extent"", ""4"": ""Disagree"", ""6"": ""Do not know"", ""7"": ""Declined to answer"", ""9"": ""Missing""}",,,1.0,7.0
319,Q915_2_6,Q915_2_6.To what extent do you agree with the statement: The values of (Turkey/Turkish) society are close to those of our society,float64,1497,0,6,"{""1"": ""Agree"", ""2"": ""Agree to some extent"", ""3"": ""Disagree to some extent"", ""4"": ""Disagree"", ""6"": ""Do not know"", ""7"": ""Declined to answer"", ""9"": ""Missing""}",,,1.0,7.0
320,Q915_2_7,Q915_2_7.To what extent do you agree with the statement: The political regime in Turkey is democratic,float64,1497,0,6,"{""1"": ""Agree"", ""2"": ""Agree to some extent"", ""3"": ""Disagree to some extent"", ""4"": ""Disagree"", ""6"": ""Do not know"", ""7"": ""Declined to answer"", ""9"": ""Missing""}",,,1.0,7.0
321,Q915_2_8,Q915_2_8.To what extent do you agree with the statement: The policies of Turkey contribute to increased influence for radical Islamist movements in Arab Countries,float64,1497,0,6,"{""1"": ""Agree"", ""2"": ""Agree to some extent"", ""3"": ""Disagree to some extent"", ""4"": ""Disagree"", ""6"": ""Do not know"", ""7"": ""Declined to answer"", ""9"": ""Missing""}",,,1.0,7.0
322,Q915_2_9,Q915_2_9.To what extent do you agree with the statement: Turkey is a developed and advanced country,float64,1497,0,6,"{""1"": ""Agree"", ""2"": ""Agree to some extent"", ""3"": ""Disagree to some extent"", ""4"": ""Disagree"", ""6"": ""Do not know"", ""7"": ""Declined to answer"", ""9"": ""Missing""}",,,1.0,7.0
323,Q915_2_10,Q915_2_10.To what extent do you agree with the statement: Financial and administrative corruption is widespread in Turkey,float64,1497,0,6,"{""1"": ""Agree"", ""2"": ""Agree to some extent"", ""3"": ""Disagree to some extent"", ""4"": ""Disagree"", ""6"": ""Do not know"", ""7"": ""Declined to answer"", ""9"": ""Missing""}",,,1.0,7.0
324,Q915_2_11,Q915_2_11.To what extent do you agree with the statement: Turkey deals with the Arab people with respect and generosity /dignity,float64,1497,0,6,"{""1"": ""Agree"", ""2"": ""Agree to some extent"", ""3"": ""Disagree to some extent"", ""4"": ""Disagree"", ""6"": ""Do not know"", ""7"": ""Declined to answer"", ""9"": ""Missing""}",,,1.0,7.0
325,Q915_2_12,Q915_2_12.To what extent do you agree with the statement: The citizens of Turkey do not have access to all of their political and civil rights,float64,1497,0,6,"{""1"": ""Agree"", ""2"": ""Agree to some extent"", ""3"": ""Disagree to some extent"", ""4"": ""Disagree"", ""6"": ""Do not know"", ""7"": ""Declined to answer"", ""9"": ""Missing""}",,,1.0,7.0
326,Q915_2_13,Q915_2_13.To what extent do you agree with the statement: The positions of Turkey towards Iraq aims at the countries stability and maintaining unity,float64,1497,0,6,"{""1"": ""Agree"", ""2"": ""Agree to some extent"", ""3"": ""Disagree to some extent"", ""4"": ""Disagree"", ""6"": ""Do not know"", ""7"": ""Declined to answer"", ""9"": ""Missing""}",,,1.0,7.0
327,Q915_2_14,Q915_2_14.To what extent do you agree with the statement: The positions of Turkey towards Syria goes against the interests and aspirations of the Syrian people,float64,1497,0,6,"{""1"": ""Agree"", ""2"": ""Agree to some extent"", ""3"": ""Disagree to some extent"", ""4"": ""Disagree"", ""6"": ""Do not know"", ""7"": ""Declined to answer"", ""9"": ""Missing""}",,,1.0,7.0
328,Q915_2_15,Q915_2_15.To what extent do you agree with the statement: The support of Turkey for th Palestinian people is based on principle and not their own interests,float64,1497,0,6,"{""1"": ""Agree"", ""2"": ""Agree to some extent"", ""3"": ""Disagree to some extent"", ""4"": ""Disagree"", ""6"": ""Do not know"", ""7"": ""Declined to answer"", ""9"": ""Missing""}",,,1.0,7.0
329,Q915_2_16,Q915_2_16.To what extent do you agree with the statement: The positions of Turkey are biased towards a specific madhab/sect in the Arab region,float64,1497,0,6,"{""1"": ""Agree"", ""2"": ""Agree to some extent"", ""3"": ""Disagree to some extent"", ""4"": ""Disagree"", ""6"": ""Do not know"", ""7"": ""Declined to answer"", ""9"": ""Missing""}",,,1.0,7.0
330,Q926,"Q926.In your opinion, what is the best solution to the crisis in Syria?",float64,1497,0,19,"{""1"": ""The political solution provided Assad step down and go to trial and the establishment of a transitional government"", ""2"": ""The continuation of military intervention against the regime and its overthrowal"", ""3"": ""The termination of Iranian and Russian support for the regime"", ""4"": ""The withdrawal of Iranian and Hezbollah forces from Syria"", ""5"": ""Arming and supporting the Free Syrian Army"", ""6"": ""Aerial bombing of the regime and its forces"", ""7"": ""Unification and cooperation of the opposition to overthrow the regime"", ""8"": ""Western military intervention against the regime"", ""9"": ""Arab military intervention against the Syrian regime"", ""10"": ""Continued military action by the regime to crush the opposition"", ""11"": ""Cessation of foreign intervention against the regime and support for the opposition"", ""12"": ""Disarming opposition and the departure of foreign fighters"", ""13"": ""Ceasefire and a peaceful all sides with Assad remaining"", ""14"": ""Getting rid of organisations like ISIL"", ""15"": ""There is no solution"", ""21"": ""A peaceful solution through dialogue"", ""9992"": ""Other"", ""9996"": ""Do not know"", ""9997"": ""Declined to answer"", ""9999"": ""Missing""}",,,1.0,9997.0
331,Q929,Q929.Have you heard / seen / know anything about this agreement?,float64,1497,0,3,"{""1"": ""Yes, I have"", ""2"": ""No, I haven’t"", ""6"": ""Do not know"", ""7"": ""Declined to answer"", ""9"": ""Missing""}",,,1.0,7.0
332,Q930,Q930.To what extent do you agree or disagree with this agreement?,float64,1497,0,6,"{""1"": ""Strongly agree"", ""2"": ""Agree to an extent"", ""3"": ""Disagree to an extent"", ""4"": ""Strongly disagree"", ""6"": ""Do not know"", ""7"": ""Declined to answer"", ""9"": ""Missing""}",,,1.0,7.0
333,Q931,Q931.Why do you oppose the agreement?,float64,563,934,13,"{""1"": ""Lifting the sactions on Iran"", ""2"": ""Because its against Israel"", ""3"": ""The deal is a victory for Iran"", ""4"": ""It could lead to regional stability"", ""5"": ""It is an Iranian right to possess nuclear weapons like Israel"", ""6"": ""The agreement is balanced and in everyone’s interest"", ""7"": ""Iran won’t be permitted to develop nuclear weapons"", ""8"": ""It decreases the threat against Arab countries"", ""9"": ""It decreases its influence and control and the imbalance with Arab countries"", ""10"": ""It is against Iranian policy in the region"", ""11"": ""It is a defeat for Iran"", ""12"": ""Every country has the right to develop a nuclear weapons programme"", ""13"": ""It is in the interest of Arab countries"", ""9992"": ""reasons Other"", ""9996"": ""Do not know"", ""9997"": ""Declined to answer"", ""9999"": ""Missing""}",,,1.0,9997.0
334,Q932,Q932.Why do you support the agreement?,float64,644,853,16,"{""1"": ""Against the nuclear programme on principle"", ""2"": ""It causes more regional conflict"", ""3"": ""Iran is against us"", ""4"": ""The terms of the agreement endanger the Arab region"", ""5"": ""It strengthens Iranian influence in the region at the expense of the Arab countries"", ""6"": ""Iran won’t abide by the agreement"", ""7"": ""The agreement has a negative impact on the Arab region"", ""8"": ""It is a double standard"", ""9"": ""The agreement serves Israeli interests and objectives"", ""10"": ""Why hasn’t Israel received similar treatmet"", ""11"": ""The agreement serves the interests of the United States and its objectives"", ""12"": ""It is a US-Iranian conspiracy against the Arabs"", ""13"": ""Iranian compliance with US and Western conditions"", ""14"": ""Would be the gateway to violate Iranian sovereignty and interfere in its internal affairs"", ""9992"": ""Other"", ""9996"": ""Do not know"", ""9997"": ""Declined to answer"", ""9999"": ""Missing""}",,,1.0,9997.0
335,Q933,"Q933.In your opinion, who would benefit most from the Iranian nuclear agreement if a final agreement is reached?",float64,1497,0,9,"{""1"": ""Iran"", ""2"": ""USA"", ""3"": ""Russia"", ""4"": ""Arab countries"", ""5"": ""Israel"", ""6"": ""Turkey"", ""9992"": ""Other"", ""9996"": ""Do not know"", ""9997"": ""Declined to answer"", ""9999"": ""Missing""}",,,1.0,9997.0
336,Q934,Q934.Who will be the biggest victim of this agreement?,float64,1497,0,9,"{""1"": ""Iran"", ""2"": ""USA"", ""3"": ""Russia"", ""4"": ""Arab countries"", ""5"": ""Israel"", ""6"": ""Turkey"", ""9996"": ""Do not know"", ""9997"": ""Declined to answer"", ""9998"": ""There won’t be a victim"", ""9999"": ""Missing""}",,,1.0,9998.0
337,Q935_1,"Q935_1.In your opinion, Signing this agreement is a victory for Iran",float64,1497,0,6,"{""1"": ""Strongly agree"", ""2"": ""Agree to an extent"", ""3"": ""DisAgree to an extent"", ""4"": ""Strongly disagree"", ""6"": ""Do not know"", ""7"": ""Declined to answer"", ""9"": ""Missing""}",,,1.0,7.0
338,Q935_2,"Q935_2.In your opinion, Iran was forced to sign this agreement because of the impact of international economic sanctions",float64,1497,0,6,"{""1"": ""Strongly agree"", ""2"": ""Agree to an extent"", ""3"": ""DisAgree to an extent"", ""4"": ""Strongly disagree"", ""6"": ""Do not know"", ""7"": ""Declined to answer"", ""9"": ""Missing""}",,,1.0,7.0
339,Q935_3,"Q935_3.In your opinion, The signing of the agreement represents an Iranian concession over its nuclear program",float64,1497,0,6,"{""1"": ""Strongly agree"", ""2"": ""Agree to an extent"", ""3"": ""DisAgree to an extent"", ""4"": ""Strongly disagree"", ""6"": ""Do not know"", ""7"": ""Declined to answer"", ""9"": ""Missing""}",,,1.0,7.0
340,Q935_4,"Q935_4.In your opinion, The agreement will lead to an alliance between Iran and the USA",float64,1497,0,6,"{""1"": ""Strongly agree"", ""2"": ""Agree to an extent"", ""3"": ""DisAgree to an extent"", ""4"": ""Strongly disagree"", ""6"": ""Do not know"", ""7"": ""Declined to answer"", ""9"": ""Missing""}",,,1.0,7.0
341,Q935_5,"Q935_5.In your opinion, Iran will not abide by the agreement",float64,1497,0,6,"{""1"": ""Strongly agree"", ""2"": ""Agree to an extent"", ""3"": ""DisAgree to an extent"", ""4"": ""Strongly disagree"", ""6"": ""Do not know"", ""7"": ""Declined to answer"", ""9"": ""Missing""}",,,1.0,7.0
342,Q935_6,"Q935_6.In your opinion, Signing this agreement will pave the way for Western states to violate Iranian sovereignty",float64,1497,0,6,"{""1"": ""Strongly agree"", ""2"": ""Agree to an extent"", ""3"": ""DisAgree to an extent"", ""4"": ""Strongly disagree"", ""6"": ""Do not know"", ""7"": ""Declined to answer"", ""9"": ""Missing""}",,,1.0,7.0
343,Q935_7,"Q935_7.In your opinion, Signing this agreement will allow Iranian-US coperation at the expense of the Arab countries",float64,1497,0,6,"{""1"": ""Strongly agree"", ""2"": ""Agree to an extent"", ""3"": ""DisAgree to an extent"", ""4"": ""Strongly disagree"", ""6"": ""Do not know"", ""7"": ""Declined to answer"", ""9"": ""Missing""}",,,1.0,7.0
344,Q935_8,"Q935_8.In your opinion, Signing this agreement will lead to changes in Iranian positions on the Palestinian cause",float64,1497,0,6,"{""1"": ""Strongly agree"", ""2"": ""Agree to an extent"", ""3"": ""DisAgree to an extent"", ""4"": ""Strongly disagree"", ""6"": ""Do not know"", ""7"": ""Declined to answer"", ""9"": ""Missing""}",,,1.0,7.0
345,Q936_1,"Q936_1.In your opinion, It is in the interest of Arab countries to work on establishing nuclear programs",float64,1497,0,6,"{""1"": ""Strongly agree"", ""2"": ""Agree to an extent"", ""3"": ""Disagree to an extent"", ""4"": ""Strongly disagree"", ""6"": ""Do not know"", ""7"": ""Declined to answer"", ""9"": ""Missing""}",,,1.0,7.0
346,Q936_2,"Q936_2.In your opinion, The world must work on Israel's nuclear disarmament",float64,1497,0,6,"{""1"": ""Strongly agree"", ""2"": ""Agree to an extent"", ""3"": ""Disagree to an extent"", ""4"": ""Strongly disagree"", ""6"": ""Do not know"", ""7"": ""Declined to answer"", ""9"": ""Missing""}",,,1.0,7.0
347,Q937,"Q937.In your opinion, to what extent will Iran's nuclear program pose a direct threat to regional security and stability if final agreement is reached?",float64,1497,0,6,"{""1"": ""It will pose a great threat"", ""2"": ""It will pose a threat to some extent"", ""3"": ""It won’t pose much of a threat"", ""4"": ""It won’t pose a threat at all"", ""6"": ""Do not know"", ""7"": ""Declined to answer"", ""9"": ""Missing""}",,,1.0,7.0
348,Q1001_1,Q1001_1.Have you heard of  “Islamic State”/ISIL,float64,1497,0,4,"{""1"": ""Yes"", ""2"": ""No"", ""6"": ""Do not know"", ""7"": ""Declined to answer"", ""9"": ""Missing""}",,,1.0,7.0
349,Q1001_2,Q1001_2.Have you heard of Jebhat Al-Sham (formerly al-Nusra),float64,1497,0,4,"{""1"": ""Yes"", ""2"": ""No"", ""6"": ""Do not know"", ""7"": ""Declined to answer"", ""9"": ""Missing""}",,,1.0,7.0
350,Q1001_3,Q1001_3.Have you heard of Al Qaeda in the Arab Maghreb,float64,1497,0,4,"{""1"": ""Yes"", ""2"": ""No"", ""6"": ""Do not know"", ""7"": ""Declined to answer"", ""9"": ""Missing""}",,,1.0,7.0
351,Q1001_4,Q1001_4.Have you heard of The popular mobilization forces in Iraq,float64,1497,0,4,"{""1"": ""Yes"", ""2"": ""No"", ""6"": ""Do not know"", ""7"": ""Declined to answer"", ""9"": ""Missing""}",,,1.0,7.0
352,Q1001_5,Q1001_5.Have you heard of The Houthis (Ansar Allah) in Yemen,float64,1497,0,4,"{""1"": ""Yes"", ""2"": ""No"", ""6"": ""Do not know"", ""7"": ""Declined to answer"", ""9"": ""Missing""}",,,1.0,7.0
353,Q1001_6,Q1001_6.Have you heard of Ansar al-Sharia in the Arab Maghreb,float64,1497,0,4,"{""1"": ""Yes"", ""2"": ""No"", ""6"": ""Do not know"", ""7"": ""Declined to answer"", ""9"": ""Missing""}",,,1.0,7.0
354,Q1001_7,Q1001_7.Have you heard of Al Qaeda (Ansar al-Sharia) in Yemen,float64,1497,0,4,"{""1"": ""Yes"", ""2"": ""No"", ""6"": ""Do not know"", ""7"": ""Declined to answer"", ""9"": ""Missing""}",,,1.0,7.0
355,Q1001_8,Q1001_8.Have you heard of Hezbollah,float64,1497,0,4,"{""1"": ""Yes"", ""2"": ""No"", ""6"": ""Do not know"", ""7"": ""Declined to answer"", ""9"": ""Missing""}",,,1.0,7.0
356,Q1001_9,Q1001_9.Have you heard of Al Qaeda in the Arab peninsula,float64,1497,0,4,"{""1"": ""Yes"", ""2"": ""No"", ""6"": ""Do not know"", ""7"": ""Declined to answer"", ""9"": ""Missing""}",,,1.0,7.0
357,Q1001_10,Q1001_10.Have you heard of Ahrar al-Sham,float64,1497,0,4,"{""1"": ""Yes"", ""2"": ""No"", ""6"": ""Do not know"", ""7"": ""Declined to answer"", ""9"": ""Missing""}",,,1.0,7.0
358,Q1001_11,Q1001_11.Have you heard of Badr Organization,float64,1497,0,4,"{""1"": ""Yes"", ""2"": ""No"", ""6"": ""Do not know"", ""7"": ""Declined to answer"", ""9"": ""Missing""}",,,1.0,7.0
359,Q1002_1,Q1002_1.What is your opinion of  “Islamic State”/ISIL,float64,1487,10,7,"{""1"": ""Very positive"", ""2"": ""Somewhat positive"", ""3"": ""Neither negative nor positive"", ""4"": ""Somewhat negative"", ""5"": ""Very negative"", ""6"": ""Do not know"", ""7"": ""Declined to answer"", ""9"": ""Missing""}",,,1.0,7.0
360,Q1002_2,Q1002_2.What is your opinion of Jebhat Al-Sham (formerly al-Nusra),float64,742,755,7,"{""1"": ""Very positive"", ""2"": ""Somewhat positive"", ""3"": ""Neither negative nor positive"", ""4"": ""Somewhat negative"", ""5"": ""Very negative"", ""6"": ""Do not know"", ""7"": ""Declined to answer"", ""9"": ""Missing""}",,,1.0,7.0
361,Q1002_3,Q1002_3.What is your opinion of Al Qaeda in the Arab Maghreb,float64,893,604,7,"{""1"": ""Very positive"", ""2"": ""Somewhat positive"", ""3"": ""Neither negative nor positive"", ""4"": ""Somewhat negative"", ""5"": ""Very negative"", ""6"": ""Do not know"", ""7"": ""Declined to answer"", ""9"": ""Missing""}",,,1.0,7.0
362,Q1002_4,Q1002_4.What is your opinion of The popular mobilization forces in Iraq,float64,452,1045,7,"{""1"": ""Very positive"", ""2"": ""Somewhat positive"", ""3"": ""Neither negative nor positive"", ""4"": ""Somewhat negative"", ""5"": ""Very negative"", ""6"": ""Do not know"", ""7"": ""Declined to answer"", ""9"": ""Missing""}",,,1.0,7.0
363,Q1002_5,Q1002_5.What is your opinion of The Houthis (Ansar Allah) in Yemen,float64,838,659,7,"{""1"": ""Very positive"", ""2"": ""Somewhat positive"", ""3"": ""Neither negative nor positive"", ""4"": ""Somewhat negative"", ""5"": ""Very negative"", ""6"": ""Do not know"", ""7"": ""Declined to answer"", ""9"": ""Missing""}",,,1.0,7.0
364,Q1002_6,Q1002_6.What is your opinion of Ansar al-Sharia in the Arab Maghreb,float64,848,649,7,"{""1"": ""Very positive"", ""2"": ""Somewhat positive"", ""3"": ""Neither negative nor positive"", ""4"": ""Somewhat negative"", ""5"": ""Very negative"", ""6"": ""Do not know"", ""7"": ""Declined to answer"", ""9"": ""Missing""}",,,1.0,7.0
365,Q1002_7,Q1002_7.What is your opinion of Al Qaeda (Ansar al-Sharia) in Yemen,float64,655,842,7,"{""1"": ""Very positive"", ""2"": ""Somewhat positive"", ""3"": ""Neither negative nor positive"", ""4"": ""Somewhat negative"", ""5"": ""Very negative"", ""6"": ""Do not know"", ""7"": ""Declined to answer"", ""9"": ""Missing""}",,,1.0,7.0
366,Q1002_8,Q1002_8.What is your opinion of Hezbollah,float64,1190,307,7,"{""1"": ""Very positive"", ""2"": ""Somewhat positive"", ""3"": ""Neither negative nor positive"", ""4"": ""Somewhat negative"", ""5"": ""Very negative"", ""6"": ""Do not know"", ""7"": ""Declined to answer"", ""9"": ""Missing""}",,,1.0,7.0
367,Q1002_9,Q1002_9.What is your opinion of Al Qaeda in the Arab peninsula,float64,733,764,7,"{""1"": ""Very positive"", ""2"": ""Somewhat positive"", ""3"": ""Neither negative nor positive"", ""4"": ""Somewhat negative"", ""5"": ""Very negative"", ""6"": ""Do not know"", ""7"": ""Declined to answer"", ""9"": ""Missing""}",,,1.0,7.0
368,Q1002_10,Q1002_10.What is your opinion of Ahrar al-Sham,float64,362,1135,6,"{""1"": ""Very positive"", ""2"": ""Somewhat positive"", ""3"": ""Neither negative nor positive"", ""4"": ""Somewhat negative"", ""5"": ""Very negative"", ""6"": ""Do not know"", ""7"": ""Declined to answer"", ""9"": ""Missing""}",,,1.0,6.0
369,Q1002_11,Q1002_11.What is your opinion of Badr Organization,float64,224,1273,6,"{""1"": ""Very positive"", ""2"": ""Somewhat positive"", ""3"": ""Neither negative nor positive"", ""4"": ""Somewhat negative"", ""5"": ""Very negative"", ""6"": ""Do not know"", ""7"": ""Declined to answer"", ""9"": ""Missing""}",,,1.0,6.0
370,Q1003,Q1003.Are you following the developments related to the “Islamic state” in the media?,float64,1497,0,5,"{""1"": ""I follow it often"", ""2"": ""I follow it sometimes"", ""3"": ""I rarely follow it"", ""4"": ""I never follow it"", ""7"": ""Declined to answer"", ""9"": ""Missing""}",,,1.0,7.0
371,Q1004,Q1004.What news source do you use most to get updates on ISIL?,float64,1161,336,6,"{""1"": ""Satelite TV"", ""2"": ""Radio"", ""3"": ""Daily newspapers (both digital and paper)"", ""4"": ""The internet"", ""5"": ""What friends, aquaintances and neighbours tell me"", ""9996"": ""Do not know"", ""9997"": ""Declined to answer"", ""9999"": ""Missing""}",,,1.0,9997.0
372,Q1006_1,"Q1006_1.In your opinion, what is the first most important element in the strength of ISIL among its supporters",float64,1497,0,12,"{""1"": ""Commitment to priciples of Islam"", ""2"": ""Military achievements"", ""3"": ""Its confrontation of the West"", ""4"": ""Announcement of a Caliphate"", ""5"": ""Its confrontation of Iran"", ""6"": ""The claim to defend the followers of the Sunni faith"", ""7"": ""Its aggression towards the Syrian/or Iraqi regimes"", ""8"": ""Its fight against militias and other armed groups"", ""9"": ""Foreign support for the organisation"", ""10"": ""The temptation of money and jobs that it provides to young people"", ""9992"": ""reasons Other"", ""9996"": ""Do not know"", ""9997"": ""Declined to answer"", ""9998"": ""There is no second answer"", ""9999"": ""Missing""}",,,1.0,9997.0
373,Q1006_2,"Q1006_2.In your opinion, what is second most important element in the strength of ISIL among its supporters",float64,1163,334,11,"{""1"": ""Commitment to priciples of Islam"", ""2"": ""Military achievements"", ""3"": ""Its confrontation of the West"", ""4"": ""Announcement of a Caliphate"", ""5"": ""Its confrontation of Iran"", ""6"": ""The claim to defend the followers of the Sunni faith"", ""7"": ""Its aggression towards the Syrian/or Iraqi regimes"", ""8"": ""Its fight against militias and other armed groups"", ""9"": ""Foreign support for the organisation"", ""10"": ""The temptation of money and jobs that it provides to young people"", ""9992"": ""reasons Other"", ""9996"": ""Do not know"", ""9997"": ""Declined to answer"", ""9998"": ""There is no second answer"", ""9999"": ""Missing""}",,,1.0,9998.0
374,QIr1007,"QIr1007.Do you agree with the statement that there is a social/popular incubator among the citizens of Iraq, supporting, or sympathizing with Al Qaeda, ISIL, and other radical organisations?",float64,0,1497,0,"{""1"": ""Strongly agree"", ""2"": ""Agree to an extent"", ""3"": ""DisAgree to an extent"", ""4"": ""Strongly disagree"", ""6"": ""Do not know"", ""7"": ""Declined to answer"", ""9"": ""Missing""}",,,,
375,Q1009,Q1009. Which of these statements is closest to your own point of view?,float64,1497,0,7,"{""1"": ""Strongly agree  (with 1)"", ""2"": ""Agree (with 1)"", ""3"": ""Strongly agree (with 2)"", ""4"": ""Agree (with 2)"", ""5"": ""Disagree with both statements"", ""6"": ""Do not know"", ""7"": ""Declined to answer"", ""9"": ""Missing""}",,,1.0,7.0
376,v1009,v1009. Which of these statements is closest to your own point of view?,float64,1497,0,5,"{""1"": ""ISIL is the product of the region and its societies and conflicts"", ""2"": ""ISIL is a foreign creation"", ""5"": ""Disagree with both statements"", ""6"": ""Do not know"", ""7"": ""Declined to answer"", ""9"": ""Missing""}",,,1.0,7.0
377,Q10010,Q10010. Which of these statements is closest to your own point of view?,float64,1497,0,7,"{""1"": "" Strongly agree  (with 1)"", ""2"": "" Agree (with 1)"", ""3"": ""Strongly agree (with 2)"", ""4"": ""Agree (with 2)"", ""5"": ""Disagree with both statements"", ""6"": ""Do not know"", ""7"": ""Declined to answer"", ""9"": ""Missing""}",,,1.0,7.0
378,V10010,V10010. Which of these statements is closest to your own point of view?,float64,1497,0,5,"{""1"": ""ISIL is a result of extremism and religious intolerance in the societies of the region"", ""2"": ""ISIL is a creation of the Arab political regimes/systems"", ""5"": ""Disagree with both statements"", ""6"": ""Do not know"", ""7"": ""Declined to answer"", ""9"": ""Missing""}",,,1.0,7.0
379,Q10011_1,Q10011_1.To what extent do you agree that the rise of ISIL can be explained by the following phenomena? Sectarian tensions in Iraq and Syria,float64,1497,0,6,"{""1"": ""Strongly agree"", ""2"": ""Agree to an extent"", ""3"": ""DisAgree to an extent"", ""4"": ""Strongly disagree"", ""6"": ""Do not know"", ""7"": ""Declined to answer"", ""9"": ""Missing""}",,,1.0,7.0
380,Q10011_2,"Q10011_2.To what extent do you agree that the rise of ISIL can be explained by the following phenomena? Policies followed by Iraqi governments, especially the Maliki government",float64,1497,0,6,"{""1"": ""Strongly agree"", ""2"": ""Agree to an extent"", ""3"": ""DisAgree to an extent"", ""4"": ""Strongly disagree"", ""6"": ""Do not know"", ""7"": ""Declined to answer"", ""9"": ""Missing""}",,,1.0,7.0
381,Q10011_3,Q10011_3.To what extent do you agree that the rise of ISIL can be explained by the following phenomena? As a reaction to the Syrian regime and its actions,float64,1497,0,6,"{""1"": ""Strongly agree"", ""2"": ""Agree to an extent"", ""3"": ""DisAgree to an extent"", ""4"": ""Strongly disagree"", ""6"": ""Do not know"", ""7"": ""Declined to answer"", ""9"": ""Missing""}",,,1.0,7.0
382,Q10011_4,Q10011_4.To what extent do you agree that the rise of ISIL can be explained by the following phenomena? The propagation of extremist interpretations and interpretations of Islam,float64,1497,0,6,"{""1"": ""Strongly agree"", ""2"": ""Agree to an extent"", ""3"": ""DisAgree to an extent"", ""4"": ""Strongly disagree"", ""6"": ""Do not know"", ""7"": ""Declined to answer"", ""9"": ""Missing""}",,,1.0,7.0
383,Q10011_5,Q10011_5.To what extent do you agree that the rise of ISIL can be explained by the following phenomena? Lack of tolerance,float64,1497,0,6,"{""1"": ""Strongly agree"", ""2"": ""Agree to an extent"", ""3"": ""DisAgree to an extent"", ""4"": ""Strongly disagree"", ""6"": ""Do not know"", ""7"": ""Declined to answer"", ""9"": ""Missing""}",,,1.0,7.0
384,Q10011_6,Q10011_6.To what extent do you agree that the rise of ISIL can be explained by the following phenomena? The presence of extremist individuals,float64,1497,0,6,"{""1"": ""Strongly agree"", ""2"": ""Agree to an extent"", ""3"": ""DisAgree to an extent"", ""4"": ""Strongly disagree"", ""6"": ""Do not know"", ""7"": ""Declined to answer"", ""9"": ""Missing""}",,,1.0,7.0
385,Q10011_7,Q10011_7.To what extent do you agree that the rise of ISIL can be explained by the following phenomena? Increased religiosity in Arab societies,float64,1497,0,6,"{""1"": ""Strongly agree"", ""2"": ""Agree to an extent"", ""3"": ""DisAgree to an extent"", ""4"": ""Strongly disagree"", ""6"": ""Do not know"", ""7"": ""Declined to answer"", ""9"": ""Missing""}",,,1.0,7.0
386,Q10011_8,Q10011_8.To what extent do you agree that the rise of ISIL can be explained by the following phenomena? Because of preachers and religious scholars who call for extremist actions,float64,1497,0,6,"{""1"": ""Strongly agree"", ""2"": ""Agree to an extent"", ""3"": ""DisAgree to an extent"", ""4"": ""Strongly disagree"", ""6"": ""Do not know"", ""7"": ""Declined to answer"", ""9"": ""Missing""}",,,1.0,7.0
387,Q10011_9,Q10011_9.To what extent do you agree that the rise of ISIL can be explained by the following phenomena? Sectarian policies spread in some Arab countries,float64,1497,0,6,"{""1"": ""Strongly agree"", ""2"": ""Agree to an extent"", ""3"": ""DisAgree to an extent"", ""4"": ""Strongly disagree"", ""6"": ""Do not know"", ""7"": ""Declined to answer"", ""9"": ""Missing""}",,,1.0,7.0
388,Q10011_10,Q10011_10.To what extent do you agree that the rise of ISIL can be explained by the following phenomena? Finding a balance with Iran,float64,1497,0,6,"{""1"": ""Strongly agree"", ""2"": ""Agree to an extent"", ""3"": ""DisAgree to an extent"", ""4"": ""Strongly disagree"", ""6"": ""Do not know"", ""7"": ""Declined to answer"", ""9"": ""Missing""}",,,1.0,7.0
389,Q10011_11,Q10011_11.To what extent do you agree that the rise of ISIL can be explained by the following phenomena? The absence of democracy and freedoms in Arab countries,float64,1497,0,6,"{""1"": ""Strongly agree"", ""2"": ""Agree to an extent"", ""3"": ""DisAgree to an extent"", ""4"": ""Strongly disagree"", ""6"": ""Do not know"", ""7"": ""Declined to answer"", ""9"": ""Missing""}",,,1.0,7.0
390,Q10011_12,Q10011_12.To what extent do you agree that the rise of ISIL can be explained by the following phenomena? Foreign interference in the affairs of Arab States,float64,1497,0,6,"{""1"": ""Strongly agree"", ""2"": ""Agree to an extent"", ""3"": ""DisAgree to an extent"", ""4"": ""Strongly disagree"", ""6"": ""Do not know"", ""7"": ""Declined to answer"", ""9"": ""Missing""}",,,1.0,7.0
391,Q10011_13,Q10011_13.To what extent do you agree that the rise of ISIL can be explained by the following phenomena? Finding a balance with the Shiite armed forces,float64,1497,0,6,"{""1"": ""Strongly agree"", ""2"": ""Agree to an extent"", ""3"": ""DisAgree to an extent"", ""4"": ""Strongly disagree"", ""6"": ""Do not know"", ""7"": ""Declined to answer"", ""9"": ""Missing""}",,,1.0,7.0
392,Q10011_14,Q10011_14.To what extent do you agree that the rise of ISIL can be explained by the following phenomena? Difficult economic conditions in Arab countries,float64,1497,0,6,"{""1"": ""Strongly agree"", ""2"": ""Agree to an extent"", ""3"": ""DisAgree to an extent"", ""4"": ""Strongly disagree"", ""6"": ""Do not know"", ""7"": ""Declined to answer"", ""9"": ""Missing""}",,,1.0,7.0
393,Q10011_15,Q10011_15.To what extent do you agree that the rise of ISIL can be explained by the following phenomena? The natural evolution of extremist organizations,float64,1497,0,6,"{""1"": ""Strongly agree"", ""2"": ""Agree to an extent"", ""3"": ""DisAgree to an extent"", ""4"": ""Strongly disagree"", ""6"": ""Do not know"", ""7"": ""Declined to answer"", ""9"": ""Missing""}",,,1.0,7.0
394,Q10012_1,Q10012_1.which is the Most important reason in explaining the growth of ISIL?,float64,1383,114,18,"{""0"": ""None of the above"", ""1"": ""Sectarian tensions in Iraq and Syria"", ""2"": ""Policies followed by Iraqi governments, especially the Maliki government"", ""3"": ""As a reaction to the Syrian regime and its actions"", ""4"": ""The propagation of extremist interpretations and interpretations of Islam"", ""5"": ""Lack of tolerance"", ""6"": ""The presence of extremist individuals"", ""7"": ""Increased religiosity in Arab societies"", ""8"": ""Because of preachers and religious scholars who call for extremist actions"", ""9"": ""Sectarian policies spread in some Arab countries"", ""10"": ""Finding a balance with Iran"", ""11"": ""The absence of democracy and freedoms in Arab countries"", ""12"": ""Foreign interference in the affairs of Arab States"", ""13"": ""Finding a balance with the Shiite armed forces"", ""14"": ""Difficult economic conditions in Arab countries"", ""15"": ""The natural evolution of extremist organizations"", ""96"": ""Do not know"", ""97"": ""Declined to answer"", ""98"": ""No other response"", ""99"": ""Missing""}",,,0.0,97.0
395,Q10012_2,Q10012_2.which is the most important reason in explaining the growth of ISIL?,float64,1351,146,16,"{""0"": ""None of the above"", ""1"": ""Sectarian tensions in Iraq and Syria"", ""2"": ""Policies followed by Iraqi governments, especially the Maliki government"", ""3"": ""As a reaction to the Syrian regime and its actions"", ""4"": ""The propagation of extremist interpretations and interpretations of Islam"", ""5"": ""Lack of tolerance"", ""6"": ""The presence of extremist individuals"", ""7"": ""Increased religiosity in Arab societies"", ""8"": ""Because of preachers and religious scholars who call for extremist actions"", ""9"": ""Sectarian policies spread in some Arab countries"", ""10"": ""Finding a balance with Iran"", ""11"": ""The absence of democracy and freedoms in Arab countries"", ""12"": ""Foreign interference in the affairs of Arab States"", ""13"": ""Finding a balance with the Shiite armed forces"", ""14"": ""Difficult economic conditions in Arab countries"", ""15"": ""The natural evolution of extremist organizations"", ""96"": ""Do not know"", ""97"": ""Declined to answer"", ""98"": ""No other response"", ""99"": ""Missing""}",,,1.0,98.0
396,Q10012_3,Q10012_3.which is the Third most important reason in explaining the growth of ISIL?,float64,1332,165,16,"{""0"": ""None of the above"", ""1"": ""Sectarian tensions in Iraq and Syria"", ""2"": ""Policies followed by Iraqi governments, especially the Maliki government"", ""3"": ""As a reaction to the Syrian regime and its actions"", ""4"": ""The propagation of extremist interpretations and interpretations of Islam"", ""5"": ""Lack of tolerance"", ""6"": ""The presence of extremist individuals"", ""7"": ""Increased religiosity in Arab societies"", ""8"": ""Because of preachers and religious scholars who call for extremist actions"", ""9"": ""Sectarian policies spread in some Arab countries"", ""10"": ""Finding a balance with Iran"", ""11"": ""The absence of democracy and freedoms in Arab countries"", ""12"": ""Foreign interference in the affairs of Arab States"", ""13"": ""Finding a balance with the Shiite armed forces"", ""14"": ""Difficult economic conditions in Arab countries"", ""15"": ""The natural evolution of extremist organizations"", ""96"": ""Do not know"", ""97"": ""Declined to answer"", ""98"": ""No other response"", ""99"": ""Missing""}",,,1.0,98.0
397,Q10013_1,Q10013_1.In your opinion what is the Most important measure that must be taken to eliminate terrorism in the region (or armed radical organisations like ISIL)?,float64,1497,0,10,"{""1"": ""Supporting democratic transition in the Arab region"", ""2"": ""Resolving the Palestinian issue"", ""3"": ""Finding a solution to the Syrian crisis in line with the aspirations of the Syrian people"", ""4"": ""Intensifying military efforts in the war against terrorist organizations"", ""5"": ""Stopping foreign interference in the region"", ""6"": ""Changing sectarian policies in some countries (Iraq and Syria) to become citizenship states"", ""7"": ""Revising the extremist ideas of Islam"", ""8"": ""Resolve the Libyan crisis and achieve reconciliation in line with the aspirations of the Libyan people"", ""9"": ""Solving economic problems (such as unemployment and poverty)"", ""10"": ""Promoting a culture of tolerance"", ""9996"": ""Do not know"", ""9997"": ""Declined to answer"", ""9998"": ""There is no other measure"", ""9999"": ""Missing""}",,,1.0,9997.0
398,Q10013_2,Q10013_2.In your opinion what is the Second most important measure that must be taken to eliminate terrorism in the region (or armed radical organisations like ISIL)?,float64,1413,84,9,"{""1"": ""Supporting democratic transition in the Arab region"", ""2"": ""Resolving the Palestinian issue"", ""3"": ""Finding a solution to the Syrian crisis in line with the aspirations of the Syrian people"", ""4"": ""Intensifying military efforts in the war against terrorist organizations"", ""5"": ""Stopping foreign interference in the region"", ""6"": ""Changing sectarian policies in some countries (Iraq and Syria) to become citizenship states"", ""7"": ""Revising the extremist ideas of Islam"", ""8"": ""Resolve the Libyan crisis and achieve reconciliation in line with the aspirations of the Libyan people"", ""9"": ""Solving economic problems (such as unemployment and poverty)"", ""10"": ""Promoting a culture of tolerance"", ""9996"": ""Do not know"", ""9997"": ""Declined to answer"", ""9998"": ""There is no other measure"", ""9999"": ""Missing""}",,,1.0,9998.0
399,QPal1,QPal1.Which of the following statements do you agree with more?,float64,0,1497,0,"{""1"": "" Strongly agree  (with 1)"", ""2"": "" Agree (with 1)"", ""3"": ""Strongly agree (with 2)"", ""4"": ""Agree (with 2)"", ""5"": ""Disagree with both statements"", ""6"": ""Do not know"", ""7"": ""Declined to answer"", ""9"": ""Missing""}",,,,
400,vPal1,vPal1.Which of the following statements do you agree with more?,float64,0,1497,0,"{""1"": ""Palestinians living in the West Bank and Gaza should decide the future of Palestine"", ""2"": ""All Palestinians should decide on the future of Palestine, including the diaspora"", ""5"": ""Disagree with both statements"", ""6"": ""Do not know"", ""7"": ""Declined to answer"", ""9"": ""Missing""}",,,,
401,QPal2,QPal2.Which of the following statements do you agree with more?,float64,0,1497,0,"{""1"": "" Strongly agree  (with 1)"", ""2"": "" Agree (with 1)"", ""3"": ""Strongly agree (with 2)"", ""4"": ""Agree (with 2)"", ""5"": ""Disagree with both statements"", ""6"": ""Do not know"", ""7"": ""Declined to answer"", ""9"": ""Missing""}",,,,
402,vPal2,vPal2.Which of the following statements do you agree with more?,float64,0,1497,0,"{""1"": ""In practice, the PLO is inactive and must be reinvigorated to serve as the legitimate representative of Palestinians at"", ""2"": ""The PLO, which has been inactive for some time now, is finished, and an alternative must be created to represent the Pal"", ""5"": ""Disagree with both statements"", ""6"": ""Do not know"", ""7"": ""Declined to answer"", ""9"": ""Missing""}",,,,
403,QPal3,QPal3.Which of the following statements do you agree with more?,float64,0,1497,0,"{""1"": "" Strongly agree  (with 1)"", ""2"": "" Agree (with 1)"", ""3"": ""Strongly agree (with 2)"", ""4"": ""Agree (with 2)"", ""5"": ""Disagree with both statements"", ""6"": ""Do not know"", ""7"": ""Declined to answer"", ""9"": ""Missing""}",,,,
404,vPal3,vPal3.Which of the following statements do you agree with more?,float64,0,1497,0,"{""1"": ""The PLO has virtually ended, and the PA is representing the Palestinians"", ""2"": ""The Palestinian Authority does not represent all Palestinians, and an alternative body representing the Palestinians at"", ""5"": ""Disagree with both statements"", ""6"": ""Do not know"", ""7"": ""Declined to answer"", ""9"": ""Missing""}",,,,
405,QPal4,QPal4.To what extent do you think national reconciliation has actually been achieved?,float64,0,1497,0,"{""1"": ""A large extent"", ""2"": ""To some extent"", ""3"": ""A small extent"", ""4"": ""Not at all"", ""6"": ""Do not know"", ""7"": ""Declined to answer"", ""9"": ""Missing""}",,,,
406,QPal5,"QPal5.In your opinion, which party is most responsible for not achieving full national reconciliation between Fatah and Hamas or for obstructing it?",float64,0,1497,0,"{""1"": ""Party or personal interests of political leaders"", ""2"": ""The Israeli Occupation"", ""3"": ""External interference"", ""4"": ""Lack of intention and will for reconciliation"", ""5"": ""Hamas leadership"", ""6"": ""Fatah leadership"", ""7"": ""The PA security apparatus"", ""9"": ""The Hamas security apparatus"", ""9992"": ""Other"", ""9996"": ""Do not know"", ""9997"": ""Declined to answer"", ""9999"": ""Missing""}",,,,
407,QPal7,QPal7.Rank the following actions according to their importance in achieving national reconciliation:,float64,0,1497,0,"{""5"": ""All are equally importan"", ""6"": ""None are important"", ""96"": ""Do not know"", ""97"": ""Declined to answer"", ""99"": ""Missing""}",,,,
408,QPal7_1,QPal7_1.Rank the following actions according to their importance in achieving national reconciliation: Presidential elections,float64,0,1497,0,"{""1"": ""Rank 1"", ""2"": ""Rank 2"", ""3"": ""Rank 3"", ""6"": ""Do not know"", ""7"": ""Declined to answer"", ""9"": ""Missing""}",,,,
409,QPal7_2,QPal7_2.Rank the following actions according to their importance in achieving national reconciliation: Legislative elections,float64,0,1497,0,"{""1"": ""Rank 1"", ""2"": ""Rank 2"", ""3"": ""Rank 3"", ""6"": ""Do not know"", ""7"": ""Declined to answer"", ""9"": ""Missing""}",,,,
410,QPal7_3,QPal7_3.Rank the following actions according to their importance in achieving national reconciliation: Restructuring the PLO,float64,0,1497,0,"{""1"": ""Rank 1"", ""2"": ""Rank 2"", ""3"": ""Rank 3"", ""6"": ""Do not know"", ""7"": ""Declined to answer"", ""9"": ""Missing""}",,,,
411,QPal8_1,"QPal8_1.Of the following characters, choose the two whose positions do you trust the most The first answer",float64,0,1497,0,"{""1"": ""Mahmoud Abbas"", ""2"": ""Rami, praise be to God"", ""3"": ""Marwan Al-Barghouthi"", ""4"": ""Muhammad Dahlan"", ""5"": ""Khaleda Jjar"", ""6"": ""Saeb Erekat"", ""7"": ""Khaled Mishal"", ""8"": ""Ismail Haniyeh"", ""9"": ""Nabil Shaath"", ""10"": ""Qais Abu Laila"", ""11"": ""Yasser Abed Rabbo"", ""12"": ""Mustafa Al-Barghouthi"", ""13"": ""Ahmed Saadat"", ""14"": ""Salam Fayyad"", ""9992"": ""Other"", ""9996"": ""Do not know"", ""9997"": ""Declined to answer"", ""9998"": ""áÇ íæÌÏ ÑÏ ÂÎÑ"", ""9999"": ""Missing""}",,,,
412,QPal8_2,"QPal8_2.Of the following characters, choose the two whose positions do you trust the most The second answer",float64,0,1497,0,"{""1"": ""Mahmoud Abbas"", ""2"": ""Rami, praise be to God"", ""3"": ""Marwan Al-Barghouthi"", ""4"": ""Muhammad Dahlan"", ""5"": ""Khaleda Jjar"", ""6"": ""Saeb Erekat"", ""7"": ""Khaled Mishal"", ""8"": ""Ismail Haniyeh"", ""9"": ""Nabil Shaath"", ""10"": ""Qais Abu Laila"", ""11"": ""Yasser Abed Rabbo"", ""12"": ""Mustafa Al-Barghouthi"", ""13"": ""Ahmed Saadat"", ""14"": ""Salam Fayyad"", ""9992"": ""Other"", ""9996"": ""Do not know"", ""9997"": ""Declined to answer"", ""9998"": ""áÇ íæÌÏ ÑÏ ÂÎÑ"", ""9999"": ""Missing""}",,,,
413,QPal9_1,QPal9_1.Do you agree that they should Make land exchanges,float64,0,1497,0,"{""1"": ""Agree"", ""2"": ""Agree to an extent"", ""3"": ""DisAgree to an extent"", ""4"": ""Disagree"", ""6"": ""Do not know"", ""7"": ""Declined to answer"", ""9"": ""Missing""}",,,,
414,QPal9_2,QPal9_2.Do you agree that they should Replace the right of return with compensation,float64,0,1497,0,"{""1"": ""Agree"", ""2"": ""Agree to an extent"", ""3"": ""DisAgree to an extent"", ""4"": ""Disagree"", ""6"": ""Do not know"", ""7"": ""Declined to answer"", ""9"": ""Missing""}",,,,
415,QPal9_3,QPal9_3.Do you agree that they should Recognise Israel as a Jewish state,float64,0,1497,0,"{""1"": ""Agree"", ""2"": ""Agree to an extent"", ""3"": ""DisAgree to an extent"", ""4"": ""Disagree"", ""6"": ""Do not know"", ""7"": ""Declined to answer"", ""9"": ""Missing""}",,,,
416,QPal9_4,QPal9_4.Do you agree that they should Disarm Palestine,float64,0,1497,0,"{""1"": ""Agree"", ""2"": ""Agree to an extent"", ""3"": ""DisAgree to an extent"", ""4"": ""Disagree"", ""6"": ""Do not know"", ""7"": ""Declined to answer"", ""9"": ""Missing""}",,,,
417,QPal9_5,QPal9_5.Do you agree that they should Allow Israel control to carry on over land sea and air ports,float64,0,1497,0,"{""1"": ""Agree"", ""2"": ""Agree to an extent"", ""3"": ""DisAgree to an extent"", ""4"": ""Disagree"", ""6"": ""Do not know"", ""7"": ""Declined to answer"", ""9"": ""Missing""}",,,,
418,QPal9_6,QPal9_6.Do you agree that they should Allow Israeli control over the Jordan valley,float64,0,1497,0,"{""1"": ""Agree"", ""2"": ""Agree to an extent"", ""3"": ""DisAgree to an extent"", ""4"": ""Disagree"", ""6"": ""Do not know"", ""7"": ""Declined to answer"", ""9"": ""Missing""}",,,,
419,QPal9_7,QPal9_7.Do you agree that they should Allow Israel to retain settlements,float64,0,1497,0,"{""1"": ""Agree"", ""2"": ""Agree to an extent"", ""3"": ""DisAgree to an extent"", ""4"": ""Disagree"", ""6"": ""Do not know"", ""7"": ""Declined to answer"", ""9"": ""Missing""}",,,,
420,QPal9_8,QPal9_8.Do you agree that they should The division of 1967 occupied East Jerusalem,float64,0,1497,0,"{""1"": ""Agree"", ""2"": ""Agree to an extent"", ""3"": ""DisAgree to an extent"", ""4"": ""Disagree"", ""6"": ""Do not know"", ""7"": ""Declined to answer"", ""9"": ""Missing""}",,,,
421,QPal9_9,QPal9_9.Do you agree that they should Continued security coordination,float64,0,1497,0,"{""1"": ""Agree"", ""2"": ""Agree to an extent"", ""3"": ""DisAgree to an extent"", ""4"": ""Disagree"", ""6"": ""Do not know"", ""7"": ""Declined to answer"", ""9"": ""Missing""}",,,,
422,QPal10,QPal10.what alternatives does the Palestinian leadership have?,float64,0,1497,0,"{""1"": ""Joining more international institutions"", ""2"": ""Non-violent popular resistance"", ""3"": ""Returning to negotiations"", ""4"": ""A Third Intifada"", ""5"": ""Armed resistance"", ""6"": ""Dissolving the Authority"", ""7"": ""Maintaining the status quo"", ""9"": ""Missing"", ""96"": ""Do not know"", ""97"": ""Declined to answer""}",,,,
423,QPal11,QPal11.Do you agree with the filing of these claims?,float64,0,1497,0,"{""1"": ""Strongly agree"", ""2"": ""Agree"", ""3"": ""Disagree"", ""4"": ""Strongly disagree"", ""6"": ""Do not know"", ""7"": ""Declined to answer"", ""9"": ""Missing""}",,,,
424,QPal12,QPal12.Do you agree with the establishment of a single state encompassing all of historical Palestine where Arabs and Jews enjoy equal citizenship rights?,float64,0,1497,0,"{""1"": ""Strongly agree"", ""2"": ""Agree"", ""3"": ""Disagree"", ""4"": ""Strongly disagree"", ""6"": ""Do not know"", ""7"": ""Declined to answer"", ""9"": ""Missing""}",,,,
425,Q1201,Q1201.Age,float64,1497,0,5,"{""1"": ""18 – 24"", ""2"": ""25 – 34"", ""3"": ""35 – 44"", ""4"": ""45-54"", ""5"": ""55 or older"", ""97"": ""Decline to answer""}",,,1.0,5.0
426,Q1202,Q1202.Gender,float64,1497,0,2,"{""1"": ""Male"", ""2"": ""Female""}",,,1.0,2.0
427,q1203,q1203.What is your first language?,float64,1497,0,2,"{""1"": ""Arabic"", ""2"": ""Kurdish"", ""3"": ""Amazigh"", ""4"": ""Fula"", ""5"": ""French"", ""6"": ""Spanish"", ""7"": ""English"", ""8"": ""Songhai"", ""9"": ""Armenian"", ""10"": ""Turcoman"", ""11"": ""German"", ""12"": ""Dutch"", ""13"": ""Italy"", ""14"": ""Wolof"", ""15"": ""Czech"", ""999"": ""Missing"", ""9992"": ""Other languages"", ""9997"": ""Declined to answer""}",,,1.0,5.0
428,Q1204,Q1204.What is your second language?,float64,1497,0,6,"{""1"": ""English"", ""2"": ""French"", ""3"": ""Arabic"", ""4"": ""Amazigh"", ""5"": ""Hebrew"", ""6"": ""Fula"", ""7"": ""Spanish"", ""8"": ""Kurdish"", ""9"": ""Turkish"", ""10"": ""Urdu"", ""11"": ""Wolof"", ""12"": ""Hassaniya"", ""13"": ""Italian"", ""14"": ""Soninke"", ""15"": ""Farsi"", ""16"": ""German"", ""17"": ""Russian"", ""18"": ""Armenian"", ""9992"": ""Other languages"", ""9998"": ""No other language""}",,,1.0,9998.0
429,Q1205,Q1205.Marital status,float64,1497,0,5,"{""1"": ""Single"", ""2"": ""Married"", ""3"": ""Divorced"", ""4"": ""Widowed"", ""97"": ""Declined to answer"", ""99"": ""Missing""}",,,1.0,97.0
430,QA1206,QA1206.Type of education,float64,0,1497,0,"{""1"": ""Formal"", ""2"": ""Mahdri""}",,,,
431,QA1206N,QA1206N.number of years,float64,0,1497,0,"{""97"": ""Decline to answer""}",,,,
432,Q1206,Q1206.Educational level,float64,1497,0,4,"{""1"": ""Illiterate/limited"", ""2"": ""Less than secondary"", ""3"": ""Secondary"", ""4"": ""Higher than secondary"", ""97"": ""Decline to answer""}",,,1.0,4.0
433,Q1207,Q1207.Work and employment,float64,1497,0,8,"{""1"": ""Working"", ""2"": ""Looking for work"", ""3"": ""Not looking for work"", ""4"": ""Housewife"", ""5"": ""Student"", ""6"": ""Retired"", ""7"": ""Has non-work related income"", ""8"": ""Disabled/ill"", ""10"": ""Unemployed"", ""11"": ""Not working, conscript"", ""12"": ""Not working, unpaid holiday"", ""97"": ""Decline to answer""}",,,1.0,8.0
434,Q1208,Q1208.Work sector,float64,593,904,2,"{""1"": ""Public"", ""2"": ""Private"", ""3"": ""Decline to answer""}",,,1.0,2.0
435,Q1210,Q1210.How much is the monthly household income in the local currency?,float64,1497,0,113,"{""9999995"": ""can not to specified"", ""9999996"": ""Do not know"", ""9999997"": ""Declined to answer"", ""9999998"": ""There is no income"", ""9999999"": ""Missing""}",,,100.0,9999997.0
436,Q1211,Q1211.Please indicate which of the following expressions most accurately describes your household income.,float64,1497,0,5,"{""1"": ""Our household income meets our requirements and we are able to save"", ""2"": ""Our household income meets our requirements and we are unable to save"", ""3"": ""Our household income does not cover our requirements and we have difficulty paying for necessities"", ""6"": ""Do not know"", ""7"": ""Declined to answer""}",,,1.0,7.0
437,Q1212_1,Q1212_1.how did you make up for the shortfall? The first answer,float64,781,716,12,"{""1"": ""Borrowing from friends, relatives and acquaintances"", ""2"": ""Loans from banks or financial institutions"", ""3"": ""Assistance from relatives, neighbours and friends"", ""4"": ""Assistance from the government or government institutions"", ""5"": ""Assistance from religious charities"", ""6"": ""Assistance from civil (non-religious) charities"", ""7"": ""Selling property belonging to the family or a family member (real estate, gold, furniture)"", ""8"": ""Assistance from (local) civil charities"", ""9"": ""Assistance from international organisations"", ""10"": ""Relied on savings"", ""11"": ""Assistance from the National Coalition, Assistance Coordination Unit or the Coalition Government"", ""12"": ""Additional work"", ""13"": ""Guiding spending and limiting consumption"", ""14"": ""Buying necessities on credit"", ""9992"": ""Other"", ""9996"": ""Do not know"", ""9997"": ""Decline to answer"", ""9998"": ""No other answer"", ""9999"": ""Missing""}",,,1.0,9997.0
438,Q1212_2,Q1212_2.how did you make up for the shortfall? The second answer,float64,743,754,10,"{""1"": ""Borrowing from friends, relatives and acquaintances"", ""2"": ""Loans from banks or financial institutions"", ""3"": ""Assistance from relatives, neighbours and friends"", ""4"": ""Assistance from the government or government institutions"", ""5"": ""Assistance from religious charities"", ""6"": ""Assistance from civil (non-religious) charities"", ""7"": ""Selling property belonging to the family or a family member (real estate, gold, furniture)"", ""8"": ""Assistance from (local) civil charities"", ""9"": ""Assistance from international organisations"", ""10"": ""Relied on savings"", ""11"": ""Assistance from the National Coalition, Assistance Coordination Unit or the Coalition Government"", ""12"": ""Additional work"", ""13"": ""Guiding spending and limiting consumption"", ""14"": ""Buying necessities on credit"", ""9992"": ""Other"", ""9996"": ""Do not know"", ""9997"": ""Decline to answer"", ""9998"": ""No other answer"", ""9999"": ""Missing""}",,,2.0,9998.0
439,Q1212_3,Q1212_3.how did you make up for the shortfall? The third answer,float64,136,1361,5,"{""1"": ""Borrowing from friends, relatives and acquaintances"", ""2"": ""Loans from banks or financial institutions"", ""3"": ""Assistance from relatives, neighbours and friends"", ""4"": ""Assistance from the government or government institutions"", ""5"": ""Assistance from religious charities"", ""6"": ""Assistance from civil (non-religious) charities"", ""7"": ""Selling property belonging to the family or a family member (real estate, gold, furniture)"", ""8"": ""Assistance from (local) civil charities"", ""9"": ""Assistance from international organisations"", ""10"": ""Relied on savings"", ""11"": ""Assistance from the National Coalition, Assistance Coordination Unit or the Coalition Government"", ""12"": ""Additional work"", ""13"": ""Guiding spending and limiting consumption"", ""14"": ""Buying necessities on credit"", ""9992"": ""Other"", ""9996"": ""Do not know"", ""9997"": ""Decline to answer"", ""9998"": ""No other answer"", ""9999"": ""Missing""}",,,3.0,9998.0
440,Q1214,"Q1214.On average, how much are the household’s monthly outgoings in the local currency",float64,1497,0,82,"{""9999995"": ""can not to specified"", ""9999996"": ""Do not know"", ""9999997"": ""Declined to answer"", ""9999998"": ""There are no expenses"", ""9999999"": ""Missing""}",,,100.0,9999997.0
441,Weight,Weight.Weight,float64,1497,0,2,,,,1.0,1.111111111
