position,variable,label,storage_type,n_valid,n_missing,n_distinct,value_labels,observed_values,sentinel_codes,min,max
1,qid,Questionnaire number,float64,1199,0,1199,,,,1.0,1200.0
2,bid,Block number,float64,1199,0,120,,,,1.0,120.0
3,country,Country,float64,1199,0,1,"{""1"": ""Algeria"", ""5"": ""Egypt"", ""7"": ""Iraq"", ""8"": ""Jordan"", ""9"": ""Kuwait"", ""10"": ""Lebanon"", ""11"": ""Libya"", ""13"": ""Morocco"", ""15"": ""Palestine"", ""19"": ""Sudan"", ""21"": ""Tunisia"", ""22"": ""Yemen""}",,,21.0,21.0
4,date,Date of interview,object,1199,0,24,,"[""2013-02-03"", ""2013-02-19"", ""2013-02-20"", ""2013-02-21"", ""2013-02-22"", ""2013-02-23"", ""2013-02-24"", ""2013-02-25"", ""2013-02-26"", ""2013-02-27"", ""2013-02-28"", ""2013-03-01"", ""2013-03-02"", ""2013-03-03"", ""2013-03-04"", ""2013-03-05"", ""2013-03-06"", ""2013-03-07"", ""2013-03-09"", ""2013-03-10"", ""2013-03-11"", ""2013-03-12"", ""2013-03-16"", ""2013-03-25""]",,,
5,wt,Weight,float64,1199,0,104,,,,0.13791954679480214,3.7167820199669324
6,form,Form,float64,1199,0,2,"{""1"": ""Form A"", ""2"": ""Form B""}",,,1.0,2.0
7,samp,Sample,float64,1199,0,1,"{""1"": ""Main sample"", ""2"": ""Additional sample""}",,,1.0,1.0
8,a1,Area 1,float64,0,1199,0,"{""1"": ""North"", ""2"": ""High plateau"", ""3"": ""South"", ""7001"": ""West Bank"", ""7002"": ""Gaza Strip""}",,,,
9,q1,Governorate,float64,1199,0,24,"{""3"": ""Laghouat"", ""4"": ""Oum el-Bouaghi"", ""5"": ""Batna"", ""6"": ""Bejaia"", ""7"": ""Biskra"", ""9"": ""Blida"", ""12"": ""Tebessa"", ""13"": ""Tlemcen"", ""14"": ""Tiaret"", ""15"": ""Tizi Ouzou"", ""16"": ""Algiers"", ""17"": ""Djelfa"", ""18"": ""Jijel"", ""19"": ""Setif"", ""20"": ""Saida"", ""21"": ""Skikda"", ""22"": ""Sidi Bel Abbes"", ""23"": ""Annaba"", ""24"": ""Guelma"", ""25"": ""Constantine"", ""26"": ""Médéa"", ""27"": ""Mostaganem"", ""28"": ""M'Sila"", ""29"": ""Mascara"", ""30"": ""Ouargla"", ""31"": ""Oran"", ""32"": ""El Bayadh"", ""34"": ""Bordj Bou Arréridj"", ""35"": ""Boumerdes"", ""36"": ""El Taref"", ""38"": ""Tissemsilt"", ""39"": ""El Oued"", ""40"": ""Khenchela"", ""41"": ""Souk Ahras"", ""42"": ""Tipasa"", ""43"": ""Mila"", ""44"": ""Aïn Defla"", ""46"": ""Ain Tecmouchent"", ""47"": ""Ghardaïa"", ""48"": ""Relizane"", ""2001"": ""Cairo"", ""2002"": ""Alexander"", ""2004"": ""Suez"", ""2005"": ""Damietta"", ""2006"": ""Dakahlia"", ""2007"": ""El Sharqiya"", ""2008"": ""Qalyubia"", ""2009"": ""Kafir el-Sheikh"", ""2010"": ""The West Bank"", ""2011"": ""Monufia"", ""2012"": ""Beheira"", ""2013"": ""Ismailia"", ""2014"": ""Giza"", ""2015"": ""Beni Suef"", ""2016"": ""Faiyum"", ""2017"": ""Minya"", ""2018"": ""Asyut"", ""2019"": ""Sohag"", ""2020"": ""Qena"", ""2021"": ""Luxor"", ""2022"": ""Aswan"", ""2023"": ""The Red Sea"", ""3002"": ""Basra"", ""3003"": ""Babylon"", ""3004"": ""Nineveh"", ""3006"": ""Diyala"", ""3007"": ""Sulaymaniyah"", ""3009"": ""Erbil"", ""3010"": ""Baghdad"", ""3011"": ""Kirkuk"", ""3012"": ""al-Qādisiyyah"", ""3501"": ""The capital"", ""3502"": ""Balqa"", ""3503"": ""Zarqa"", ""3504"": ""Madaba"", ""3505"": ""Irbid"", ""3506"": ""Mafraq"", ""3507"": ""Jerash"", ""3508"": ""Ajloun"", ""3509"": ""al Karak"", ""3510"": ""Tafilah"", ""3511"": ""Ma'an"", ""3512"": ""Aqaba"", ""4001"": ""Amman"", ""4002"": ""Hawalli"", ""4003"": ""Ahmadi"", ""4004"": ""al-Jahra"", ""4005"": ""al-Farwaniyah"", ""4006"": ""Mubarak al-Sabah"", ""4501"": ""Beirut"", ""4502"": ""Mount Lebanon"", ""4503"": ""Northern"", ""4504"": ""Beqaa"", ""4505"": ""Southern"", ""4506"": ""Nabtieh"", ""5001"": ""Tripoli"", ""5002"": ""Benghazi"", ""5003"": ""Misurata"", ""5004"": ""Ajafarh"", ""5005"": ""Murqub"", ""5006"": ""Jabal al Gharbi"", ""5007"": ""Zawiya"", ""5008"": ""Nuqat al Khams"", ""5009"": ""Jabal Akhdar"", ""5010"": ""Marj"", ""5011"": ""Bahariya"", ""5012"": ""Darnah"", ""5013"": ""Butnan"", ""5014"": ""Sirte"", ""5015"": ""Sabha"", ""5016"": ""Nalut"", ""5017"": ""Murzuk"", ""5018"": ""Wadi al Shatii"", ""5019"": ""Wadi al Hayaa"", ""5020"": ""Jufra"", ""5021"": ""Kufra"", ""5022"": ""Ghat"", ""6001"": ""Chaouia-Ouardigha"", ""6003"": ""Fès-Boulemane"", ""6004"": ""Gharb-Cherarda-Béni Hssen"", ""6005"": ""Grand-Casablanca"", ""6006"": ""Guélmim-Es Semara"", ""6007"": ""Laayoune-Boujdour-Sakia El Hamra"", ""6008"": ""Marrakech-Tensift-Al Haouz"", ""6009"": ""Méknès-Tafilalet"", ""6010"": ""Oriental"", ""6011"": ""Oued Ed Dahab"", ""6012"": ""Rabat-Salé-Zemmour-Zaér"", ""6013"": ""Souss-Massa-Draâ"", ""6014"": ""Tadla-Azilal"", ""6015"": ""Tanger-Tétouan"", ""6016"": ""Taza-Al Hoceima-Taounate"", ""7001"": ""Jenin"", ""7002"": ""Tubas"", ""7003"": ""Tulkarm"", ""7004"": ""Qalqilya"", ""7005"": ""Salfit"", ""7006"": ""Nablus"", ""7007"": ""Ramallah"", ""7008"": ""Jerusalem"", ""7009"": ""Jericho"", ""7010"": ""Bethlehem"", ""7011"": ""Hebron"", ""7012"": ""Jabalia"", ""7013"": ""Gaza City"", ""7014"": ""Khan Yunis"", ""7015"": ""Deir al-Balah"", ""7016"": ""Rafah"", ""9001"": ""Khartoum"", ""9002"": ""al-Jazeera"", ""9003"": ""Sennar"", ""9004"": ""North Kurdufan"", ""9005"": ""South Darfur"", ""9006"": ""The Red Sea"", ""9007"": ""Kassala"", ""9008"": ""al-Qadarif"", ""9009"": ""Northern"", ""9010"": ""White Nile"", ""9011"": ""North Darfur"", ""9012"": ""South Kordofan"", ""9013"": ""Nile"", ""9014"": ""Blue Nile"", ""9015"": ""West Darfur"", ""10001"": ""Tunis"", ""10002"": ""Ariana"", ""10003"": ""Ben Arous"", ""10004"": ""Manouba"", ""10005"": ""Nabeul"", ""10006"": ""Zaghouane"", ""10007"": ""Bizerte"", ""10008"": ""Beja"", ""10009"": ""Jendouba"", ""10010"": ""Le Kef"", ""10011"": ""Siliana"", ""10012"": ""Sousse"", ""10013"": ""Monastir"", ""10014"": ""Mahdia"", ""10015"": ""Sfax"", ""10016"": ""Kairouan"", ""10017"": ""Kasserine"", ""10018"": ""Sidi Bouzid"", ""10019"": ""Gabes"", ""10020"": ""Mednine"", ""10021"": ""Tataouine"", ""10022"": ""Gafsa"", ""10023"": ""Tozeur"", ""10024"": ""Kebili"", ""10501"": ""Ibb"", ""10502"": ""Abyan"", ""10503"": ""Sana'a"", ""10504"": ""al-Bayda'"", ""10505"": ""Ta'izz"", ""10506"": ""al-Jawf"", ""10507"": ""Hajjah"", ""10508"": ""al-Hudaydah"", ""10509"": ""Hadhramaut"", ""10510"": ""Dhamar"", ""10511"": ""Shabwah"", ""10512"": ""Saada"", ""10513"": ""Sana'a"", ""10514"": ""Aden"", ""10515"": ""Lahij"", ""10516"": ""Ma'rib"", ""10517"": ""al-Mahwit"", ""10518"": ""al-Mahrah"", ""10519"": ""Amran"", ""10520"": ""Ad Dali"", ""10521"": ""Raymah""}",,,10001.0,10024.0
10,q13,q13. Urban/rural,float64,1199,0,2,"{""1"": ""Urban"", ""2"": ""Rural""}",,,1.0,2.0
11,v13,v13. Urban/rural,float64,0,1199,0,"{""1"": ""City"", ""2"": ""Village"", ""3"": ""Refugee camp""}",,,,
12,sex,Sex,float64,1199,0,2,"{""1"": ""Male"", ""2"": ""Female""}",,,1.0,2.0
13,q101,q101 How would you evaluate the current economic situation in your country?,float64,1199,0,6,"{""0"": ""Missing"", ""1"": ""Very good"", ""2"": ""Good"", ""3"": ""Bad"", ""4"": ""Very bad"", ""8"": ""Don't know"", ""9"": ""Refuse""}",,,1.0,9.0
14,q102,q102 What do you think will be the economic situation in your country during the next few years (3-5 years) compared to the current situation?,float64,1199,0,7,"{""0"": ""Missing"", ""1"": ""Much better"", ""2"": ""Somewhat better"", ""3"": ""Almost the same as the current situation"", ""4"": ""Somewhat worse"", ""5"": ""Much worse"", ""8"": ""Don't know"", ""9"": ""Refuse""}",,,1.0,9.0
15,q102_insh,q102_insh For q102 was the first answer of the respondent In Sha Allah before you insisted on one of the listed answers?,float64,1199,0,2,"{""1"": ""Yes"", ""2"": ""No""}",,,1.0,2.0
16,q102a,"q102a Generally speaking, how would you compare your living conditions with the rest of your fellow citizens?",float64,1199,0,6,"{""0"": ""Missing"", ""1"": ""Much worse"", ""2"": ""Worse"", ""3"": ""Similar"", ""4"": ""Better"", ""5"": ""Much better"", ""8"": ""Don't know"", ""9"": ""Refuse""}",,,1.0,8.0
17,q103,"q103 Generally speaking, do you think most people are trustworthy or not?",float64,1199,0,4,"{""0"": ""Missing"", ""1"": ""Most people are trustworthy"", ""2"": ""Most people are not trustworthy"", ""8"": ""Don't know"", ""9"": ""Refuse""}",,,1.0,9.0
18,q103_insh,q103a_insh For q103 was the first answer of the respondent In Sha Allah before you insisted on one of the listed answers?,float64,1199,0,2,"{""1"": ""Yes"", ""2"": ""No""}",,,1.0,2.0
19,q104,q104 Do you think about emigrating from your country?,float64,1199,0,6,"{""0"": ""Missing"", ""1"": ""Yes, for economic reasons"", ""2"": ""Yes, for political reasons"", ""3"": ""Yes, for economic and political reasons"", ""4"": ""Yes, for other reasons"", ""5"": ""No, I do not think about emigrating"", ""6"": ""Yes, for other reasons"", ""99998"": ""Don't know"", ""99999"": ""Refuse""}",,,1.0,99998.0
20,q104_insh,q104_insh For q104 was the first answer of the respondent In Sha Allah before you insisted on one of the listed answers?,float64,1199,0,2,"{""1"": ""Yes"", ""2"": ""No""}",,,1.0,2.0
21,q105,q105 Do you currently feel that your own personal as well as your family’s safety and security are ensured or not?,float64,1199,0,5,"{""0"": ""Missing"", ""1"": ""Fully ensured"", ""2"": ""Ensured"", ""3"": ""Not ensured"", ""4"": ""Absolutely not ensured"", ""8"": ""Don't know"", ""9"": ""Refuse""}",,,1.0,8.0
22,q105_insh,q105_insh For q105 was the first answer of the respondent In Sha Allah before you insisted on one of the listed answers?,float64,1199,0,2,"{""1"": ""Yes"", ""2"": ""No""}",,,1.0,2.0
23,q105a,"q105a Compared to this time last year, do you feel that your own personal and your family’s safety and security are now…",float64,1199,0,4,"{""0"": ""Missing"", ""1"": ""Better than last year"", ""2"": ""Same as last year"", ""3"": ""Worse than last year"", ""8"": ""Don't know"", ""9"": ""Refuse""}",,,1.0,8.0
24,q106,q106. To what extent do you feel that you are being treated equally to other citizens in your country?,float64,1199,0,5,"{""0"": ""Missing"", ""1"": ""To a great extent"", ""2"": ""To a medium extent"", ""3"": ""To a limited extent"", ""4"": ""Not at all"", ""8"": ""Don't know"", ""9"": ""Refuse""}",,,1.0,8.0
25,q2011,"q201.1 I will name a number of institutions, and I would like you to tell me to what extent you trust each of them: The government (the cabinet).",float64,1199,0,6,"{""0"": ""Missing"", ""1"": ""I trust it to a great extent"", ""2"": ""I trust it to a medium extent"", ""3"": ""I trust it to a limited extent"", ""4"": ""I absolutely do not trust it"", ""8"": ""Don't know"", ""9"": ""Refuse""}",,,1.0,9.0
26,q2013,"q201.3 I will name a number of institutions, and I would like you to tell me to what extent you trust each of them: The elected council of representatives (the parliament).",float64,1199,0,6,"{""0"": ""Missing"", ""1"": ""I trust it to a great extent"", ""2"": ""I trust it to a medium extent"", ""3"": ""I trust it to a limited extent"", ""4"": ""I absolutely do not trust it"", ""8"": ""Don't know"", ""9"": ""Refuse""}",,,1.0,9.0
27,q2014,"q201.4 I will name a number of institutions, and I would like you to tell me to what extent you trust each of them: Public Security (the police).",float64,1199,0,6,"{""0"": ""Missing"", ""1"": ""I trust it to a great extent"", ""2"": ""I trust it to a medium extent"", ""3"": ""I trust it to a limited extent"", ""4"": ""I absolutely do not trust it"", ""8"": ""Don't know"", ""9"": ""Refuse""}",,,1.0,9.0
28,q2016,"q201.6 I will name a number of institutions, and I would like you to tell me to what extent you trust each of them: The armed forces (the army).",float64,1199,0,6,"{""0"": ""Missing"", ""1"": ""I trust it to a great extent"", ""2"": ""I trust it to a medium extent"", ""3"": ""I trust it to a limited extent"", ""4"": ""I absolutely do not trust it"", ""8"": ""Don't know"", ""9"": ""Refuse""}",,,1.0,9.0
29,q2017,"q201.7 I will name a number of institutions, and I would like you to tell me to what extent you trust each of them: Civil society institutions (associations, clubs, volunteer youth groups, etc.).",float64,1199,0,6,"{""0"": ""Missing"", ""1"": ""I trust it to a great extent"", ""2"": ""I trust it to a medium extent"", ""3"": ""I trust it to a limited extent"", ""4"": ""I absolutely do not trust it"", ""8"": ""Don't know"", ""9"": ""Refuse""}",,,1.0,9.0
30,q20112,"q201.12 I will name a number of institutions, and I would like you to tell me to what extent you trust each of them: The Muslim Brotherhood.",float64,1199,0,6,"{""0"": ""Missing"", ""1"": ""I trust it to a great extent"", ""2"": ""I trust it to a medium extent"", ""3"": ""I trust it to a limited extent"", ""4"": ""I absolutely do not trust it"", ""8"": ""Don't know"", ""9"": ""Refuse""}",,,1.0,9.0
31,q20113,"q201.13 I will name a number of institutions, and I would like you to tell me to what extent you trust each of them: Religious Leaders.",float64,1199,0,6,"{""0"": ""Missing"", ""1"": ""I trust it to a great extent"", ""2"": ""I trust it to a medium extent"", ""3"": ""I trust it to a limited extent"", ""4"": ""I absolutely do not trust it"", ""8"": ""Don't know"", ""9"": ""Refuse""}",,,1.0,9.0
32,q20114,"q201.14 I will name a number of institutions, and I would like you to tell me to what extent you trust each of them: Salafists / Nour Party / At-Tajamu' al-Shaabi (Kuwait).",float64,0,1199,0,"{""0"": ""Missing"", ""1"": ""I trust it to a great extent"", ""2"": ""I trust it to a medium extent"", ""3"": ""I trust it to a limited extent"", ""4"": ""I absolutely do not trust it"", ""8"": ""Don't know"", ""9"": ""Refuse""}",,,,
33,q20115,"q201.15 I will name a number of institutions, and I would like you to tell me to what extent you trust each of them: The Joint Meetings Party (JMP) and its partners.",float64,0,1199,0,"{""0"": ""Missing"", ""1"": ""I trust it to a great extent"", ""2"": ""I trust it to a medium extent"", ""3"": ""I trust it to a limited extent"", ""4"": ""I absolutely do not trust it"", ""8"": ""Don't know"", ""9"": ""Refuse""}",,,,
34,q20116,"q201.16 I will name a number of institutions, and I would like you to tell me to what extent you trust each of them: The General People's Congress (GPC) and its partners.",float64,0,1199,0,"{""0"": ""Missing"", ""1"": ""I trust it to a great extent"", ""2"": ""I trust it to a medium extent"", ""3"": ""I trust it to a limited extent"", ""4"": ""I absolutely do not trust it"", ""8"": ""Don't know"", ""9"": ""Refuse""}",,,,
35,q20117,"q201.17 I will name a number of institutions, and I would like you to tell me to what extent you trust each of them: The Popular Action Bloc.",float64,0,1199,0,"{""0"": ""Missing"", ""1"": ""I trust it to a great extent"", ""2"": ""I trust it to a medium extent"", ""3"": ""I trust it to a limited extent"", ""4"": ""I absolutely do not trust it"", ""8"": ""Don't know"", ""9"": ""Refuse""}",,,,
36,q20118,"q20118 I will name a number of institutions, and I would like you to tell me to what extent you trust each of them: The National Alliance.",float64,0,1199,0,"{""0"": ""Missing"", ""1"": ""I trust it to a great extent"", ""2"": ""I trust it to a medium extent"", ""3"": ""I trust it to a limited extent"", ""4"": ""I absolutely do not trust it"", ""8"": ""Don't know"", ""9"": ""Refuse""}",,,,
37,q20119,"q20119 I will name a number of institutions, and I would like you to tell me to what extent you trust each of them: The National Forces Alliance.",float64,0,1199,0,"{""0"": ""Missing"", ""1"": ""I trust it to a great extent"", ""2"": ""I trust it to a medium extent"", ""3"": ""I trust it to a limited extent"", ""4"": ""I absolutely do not trust it"", ""8"": ""Don't know"", ""9"": ""Refuse""}",,,,
38,q202,"q202 In your opinion, is the state currently undertaking far reaching and radical reforms and changes in its institutions and agencies?",float64,1199,0,6,"{""0"": ""Missing"", ""1"": ""Yes, definitely"", ""2"": ""Yes"", ""3"": ""No"", ""4"": ""No, definitely not"", ""8"": ""Don't know"", ""9"": ""Refuse""}",,,1.0,9.0
39,q202_insh,q202_insh For q202 was the first answer of the respondent In Sha Allah before you insisted on one of the listed answers?,float64,1199,0,2,"{""1"": ""Yes"", ""2"": ""No""}",,,1.0,2.0
40,q2031,"q203.1 Generally speaking, how would you evaluate the performance of the government (the cabinet) in carrying out its tasks and duties?",float64,1199,0,7,"{""0"": ""Missing"", ""1"": ""Very good"", ""2"": ""Good"", ""3"": ""Neither good nor bad"", ""4"": ""Bad"", ""5"": ""Very bad"", ""8"": ""Don't know"", ""9"": ""Refuse""}",,,1.0,9.0
41,q2032,"q203.2 Generally speaking, how would you evaluate the performance of parliament in carrying out its tasks and duties?",float64,1199,0,7,"{""0"": ""Missing"", ""1"": ""Very good"", ""2"": ""Good"", ""3"": ""Neither good nor bad"", ""4"": ""Bad"", ""5"": ""Very bad"", ""8"": ""Don't know"", ""9"": ""Refuse""}",,,1.0,9.0
42,q2033,"q203.3 Generally speaking, how would you evaluate the performance of the judiciary in carrying out its tasks and duties?",float64,1199,0,7,"{""0"": ""Missing"", ""1"": ""Very good"", ""2"": ""Good"", ""3"": ""Neither good nor bad"", ""4"": ""Bad"", ""5"": ""Very bad"", ""8"": ""Don't know"", ""9"": ""Refuse""}",,,1.0,9.0
43,q2034,"q203.4 Generally speaking, how would you evaluate the performance of the police in carrying out its tasks and duties?",float64,1199,0,7,"{""0"": ""Missing"", ""1"": ""Very good"", ""2"": ""Good"", ""3"": ""Neither good nor bad"", ""4"": ""Bad"", ""5"": ""Very bad"", ""8"": ""Don't know"", ""9"": ""Refuse""}",,,1.0,9.0
44,q2035,"q203.5 Generally speaking, how would you evaluate the performance of the local government in carrying out its tasks and duties?",float64,0,1199,0,"{""0"": ""Missing"", ""1"": ""Very good"", ""2"": ""Good"", ""3"": ""Neither good nor bad"", ""4"": ""Bad"", ""5"": ""Very bad"", ""8"": ""Don't know"", ""9"": ""Refuse""}",,,,
45,q2037,"q203.7 Generally speaking, how would you evaluate the performance of the national army in carrying out its tasks and duties?",float64,0,1199,0,"{""0"": ""Missing"", ""1"": ""Very good"", ""2"": ""Good"", ""3"": ""Neither good nor bad"", ""4"": ""Bad"", ""5"": ""Very bad"", ""8"": ""Don't know"", ""9"": ""Refuse""}",,,,
46,q2042,q204.2 I am going to ask a number of questions related to the current government’s performance. How would you evaluate the current government's performance on creating employment opportunities?,float64,1199,0,6,"{""0"": ""Missing"", ""1"": ""Very good"", ""2"": ""Good"", ""3"": ""Bad"", ""4"": ""Very bad"", ""5"": ""This is not the government’s responsibility (do not read)"", ""8"": ""Don't know"", ""9"": ""Refuse""}",,,1.0,8.0
47,q2043,q204.3 I am going to ask a number of questions related to the current government’s performance. How would you evaluate the current government's performance on narrowing the gap between rich and poor?,float64,1199,0,6,"{""0"": ""Missing"", ""1"": ""Very good"", ""2"": ""Good"", ""3"": ""Bad"", ""4"": ""Very bad"", ""5"": ""This is not the government’s responsibility (do not read)"", ""8"": ""Don't know"", ""9"": ""Refuse""}",,,1.0,8.0
48,q2044,q204.4 I am going to ask a number of questions related to the current government’s performance. How would you evaluate the current government's performance on improving basic health services?,float64,1199,0,6,"{""0"": ""Missing"", ""1"": ""Very good"", ""2"": ""Good"", ""3"": ""Bad"", ""4"": ""Very bad"", ""5"": ""This is not the government’s responsibility (do not read)"", ""8"": ""Don't know"", ""9"": ""Refuse""}",,,1.0,8.0
49,q20412,q204.12 I am going to ask a number of questions related to the current government’s performance. How would you evaluate the current government's performance on managing the process of democratic transition process?,float64,1199,0,6,"{""0"": ""Missing"", ""1"": ""Very good"", ""2"": ""Good"", ""3"": ""Bad"", ""4"": ""Very bad"", ""5"": ""This is not the government’s responsibility (do not read)"", ""8"": ""Don't know"", ""9"": ""Refuse""}",,,1.0,8.0
50,q20416,q204.16 I am going to ask a number of questions related to the current government’s performance. How would you evaluate the current government's performance on National Dialogue and the Gulf Intiative?,float64,0,1199,0,"{""0"": ""Missing"", ""1"": ""Very good"", ""2"": ""Good"", ""3"": ""Bad"", ""4"": ""Very bad"", ""5"": ""This is not the government’s responsibility (do not read)"", ""8"": ""Don't know"", ""9"": ""Refuse""}",,,,
51,q20417,q204.17 I am going to ask a number of questions related to the current government’s performance. How would you evaluate the current government's performance on the Joint Meetings Party (JMP) and its partners?,float64,0,1199,0,"{""0"": ""Missing"", ""1"": ""Very good"", ""2"": ""Good"", ""3"": ""Bad"", ""4"": ""Very bad"", ""5"": ""This is not the government’s responsibility (do not read)"", ""8"": ""Don't know"", ""9"": ""Refuse""}",,,,
52,q20418,q204.18 I am going to ask a number of questions related to the current government’s performance. How would you evaluate the current government's performance on the General People's Congress (GPC) and its partners?,float64,0,1199,0,"{""0"": ""Missing"", ""1"": ""Very good"", ""2"": ""Good"", ""3"": ""Bad"", ""4"": ""Very bad"", ""5"": ""This is not the government’s responsibility (do not read)"", ""8"": ""Don't know"", ""9"": ""Refuse""}",,,,
53,q20419,q204.19 I am going to ask a number of questions related to the current government’s performance. How would you evaluate the current government's performance on new constitutional amendments?,float64,0,1199,0,"{""0"": ""Missing"", ""1"": ""Very good"", ""2"": ""Good"", ""3"": ""Bad"", ""4"": ""Very bad"", ""5"": ""This is not the government’s responsibility (do not read)"", ""8"": ""Don't know"", ""9"": ""Refuse""}",,,,
54,q2054,"q205.4 I will ask some questions about your ability to obtain certain services. Based on your actual experience, how difficult or easy is it to obtain assistance from public security (the police) when needed?",float64,1199,0,6,"{""0"": ""Missing"", ""1"": ""Very easy"", ""2"": ""Easy"", ""3"": ""Difficult"", ""4"": ""Very difficult"", ""5"": ""I have not tried"", ""8"": ""Don't know"", ""9"": ""Refuse""}",,,1.0,8.0
55,q2055,"q205.5 Based on your actual experience, how difficult or easy is it to access the relevant official to file a complaint when you feel that your rights have been violated?",float64,1199,0,6,"{""0"": ""Missing"", ""1"": ""Very easy"", ""2"": ""Easy"", ""3"": ""Difficult"", ""4"": ""Very difficult"", ""5"": ""I have not tried"", ""8"": ""Don't know"", ""9"": ""Refuse""}",,,1.0,8.0
56,q2061,q206.1 What are the two most important challenge your country is facing today (one of the two responses)?,float64,1199,0,7,"{""0"": ""Missing"", ""1"": ""The economic situation (poverty, unemployment, and price increases)"", ""2"": ""Financial and administrative corruption"", ""3"": ""Enhancing (strengthening) democracy"", ""5"": ""Resolution of the Palestinian question"", ""6"": ""Achieving stability and internal security"", ""7"": ""Curbing foreign interference"", ""7001"": ""The occupation"", ""7002"": ""Refugees"", ""7003"": ""Palestinian unity"", ""99998"": ""Don't know"", ""99999"": ""Refuse""}",,,1.0,99998.0
57,q2062,q206.2 What are the two most important challenge your country is facing today (one of the two responses)?,float64,1199,0,8,"{""0"": ""Missing"", ""1"": ""The economic situation (poverty, unemployment, and price increases)"", ""2"": ""Financial and administrative corruption"", ""3"": ""Enhancing (strengthening) democracy"", ""5"": ""Resolution of the Palestinian question"", ""6"": ""Achieving stability and internal security"", ""7"": ""Curbing foreign interference"", ""7001"": ""The occupation"", ""7002"": ""Refugees"", ""7003"": ""Palestinian unity"", ""99998"": ""Don't know"", ""99999"": ""Refuse""}",,,0.0,99998.0
58,q210,q210 Do you think that there is corruption within the state’s institutions and agencies?,float64,1199,0,4,"{""0"": ""Missing"", ""1"": ""Yes"", ""2"": ""No"", ""8"": ""Don't know"", ""9"": ""Refuse""}",,,1.0,9.0
59,q210a,q210a Do you think that corruption in state instutions now is…?,float64,809,390,4,"{""0"": ""Missing"", ""1"": ""More than what it was two years ago"", ""2"": ""The same as it was two years ago"", ""3"": ""Less that what it was two years ago"", ""8"": ""Don't know"", ""9"": ""Refuse""}",,,1.0,8.0
60,q211,"q211 In your opinion, to what extent is the government working to eliminate corruption in your country?",float64,809,390,6,"{""0"": ""Missing"", ""1"": ""To a great extent"", ""2"": ""To a medium extent"", ""3"": ""To a limited extent"", ""4"": ""Not at all"", ""8"": ""Don't know"", ""9"": ""Refuse""}",,,1.0,9.0
61,q211_insh,q211_insh. For q211 was the first answer of the respondent In Sha Allah before you insisted on one of the listed answers?,float64,809,390,2,"{""1"": ""Yes"", ""2"": ""No""}",,,1.0,2.0
62,q213,"q213 Some people say it is impossible to obtain a job without connections, while others say that jobs are only available to qualified candidates. Based on recent experience(s) you are personally aware of, do you think that...",float64,1199,0,5,"{""0"": ""Missing"", ""1"": ""Obtaining an employment through connections is extremely widespread"", ""2"": ""Employment is sometimes obtained through connections"", ""3"": ""Employment is obtained without connections"", ""4"": ""I do not know of any relevant experiences"", ""8"": ""Don't know"", ""9"": ""Refuse""}",,,1.0,8.0
63,q214,"q214 Have you, or any of your relatives or anyone you know been asked for an approval or a certificate of good conduct from security agencies as a condition to obtain a passport, identity card or any document or permit from state institutions in the area y",float64,1199,0,4,"{""0"": ""Missing"", ""1"": ""Yes"", ""2"": ""No"", ""8"": ""Don't know"", ""9"": ""Refuse""}",,,1.0,9.0
64,q216,q216 To what extent do you agree or disagree with the following statement? Citizens must support the government’s decisions even if they disagree with them.,float64,1199,0,6,"{""0"": ""Missing"", ""1"": ""I strongly agree"", ""2"": ""I agree"", ""3"": ""I disagree"", ""4"": ""I strongly disagree"", ""8"": ""Don't know"", ""9"": ""Refuse""}",,,1.0,9.0
65,q217,"q217 In your opinion, are people nowadays able to criticize the government without fear?",float64,1199,0,4,"{""0"": ""Missing"", ""1"": ""Yes"", ""2"": ""No"", ""8"": ""Don't know"", ""9"": ""Refuse""}",,,1.0,9.0
66,q2185,"q218.5 Do you agree or disagree with the following statement? Sometimes, politics are so complicated that I cannot understand what is happening.",float64,1199,0,5,"{""0"": ""Missing"", ""1"": ""I strongly agree"", ""2"": ""I agree"", ""3"": ""I disagree"", ""4"": ""I strongly disagree"", ""8"": ""Don't know"", ""9"": ""Refuse""}",,,1.0,8.0
67,q240,"q240 Assuming there is a 0 – 10 scale to measure the appropriate level of tax burden, where would you put yourself on such a scale?",float64,1199,0,13,"{""0"": ""The government should impose higher taxes on the rich to generate resources to spend on the poor"", ""1"": ""1"", ""2"": ""2"", ""3"": ""3"", ""4"": ""4"", ""5"": ""5"", ""6"": ""6"", ""7"": ""7"", ""8"": ""8"", ""9"": ""9"", ""10"": ""The rich already create job opportunities and economic growth, and that the government shall lessen the taxes they pay"", ""94"": ""Missing"", ""98"": ""Don't know"", ""99"": ""Refuse""}",,,0.0,99.0
68,q301,q301 Did you vote in the last parliamentary elections that were held on (date of the last elections)?,float64,1199,0,3,"{""0"": ""Missing"", ""1"": ""Yes"", ""2"": ""No"", ""8"": ""Don't know"", ""9"": ""Refuse""}",,,1.0,8.0
69,q302,"q302 During the last parliamentary elections held on (date of the last elections), did you attend any meetings or activities related to any electoral campaign?",float64,1199,0,4,"{""0"": ""Missing"", ""1"": ""Yes"", ""2"": ""No"", ""8"": ""Don't know"", ""9"": ""Refuse""}",,,1.0,9.0
70,q303,"q303 In general, how would you evaluate the last parliamentary elections that were held on (date of the last elections)?",float64,1199,0,5,"{""0"": ""Missing"", ""1"": ""They were completely free and fair"", ""2"": ""They were free and fair, with some minor breaches"", ""3"": ""They were free and fair, with some major breaches"", ""4"": ""They were not free and fair"", ""8"": ""Don't know"", ""9"": ""Refuse""}",,,1.0,8.0
71,q304a,"q304a Did you vote in the elections for the Constitutional Assembly that were held on February 20, 2014?",float64,0,1199,0,"{""0"": ""Missing"", ""1"": ""Yes"", ""2"": ""No"", ""8"": ""Don't know"", ""9"": ""Refuse""}",,,,
72,q304,"q304 In general, how would you evaluate the elections for the Constitutional Assembly that were held on February 20, 2014?",float64,0,1199,0,"{""0"": ""Missing"", ""1"": ""They were completely free and fair"", ""2"": ""They were free and fair, with some minor breaches"", ""3"": ""They were free and fair, with some major breaches"", ""4"": ""They were not free and fair"", ""8"": ""Don't know"", ""9"": ""Refuse""}",,,,
73,q402,q402 Do you think that the government in your country blocks media coverage of the activities and positions of the opposition in the daily press?,float64,1199,0,4,"{""0"": ""Missing"", ""1"": ""The government does not block media coverage"", ""2"": ""The government blocks media coverage"", ""8"": ""Don't know"", ""9"": ""Refuse""}",,,1.0,9.0
74,q402a,q402a Do you trust local media outlets now … ?,float64,1199,0,5,"{""0"": ""Missing"", ""1"": ""More than you did in 2010"", ""2"": ""As much as you did in 2010"", ""3"": ""Less than you did in 2010"", ""8"": ""Don't know"", ""9"": ""Refuse""}",,,1.0,9.0
75,q403,"q403 When you wish to read foreign newspapers, magazines, books or to view websites on the internet, do you sometimes find that they are blocked by the government and/or its agencies?",float64,1199,0,4,"{""0"": ""Missing"", ""1"": ""Yes"", ""2"": ""No"", ""3"": ""I do not follow these media"", ""8"": ""Don't know"", ""9"": ""Refuse""}",,,1.0,8.0
76,q404,"q404 In general, to what extent are you interested in politics?",float64,1199,0,5,"{""0"": ""Missing"", ""1"": ""Very interested"", ""2"": ""Interested"", ""3"": ""Slightly interested"", ""4"": ""Not interested"", ""8"": ""Don't know"", ""9"": ""Refuse""}",,,1.0,8.0
77,q405,q405 To what extent do you follow political news in your country?,float64,1199,0,5,"{""0"": ""Missing"", ""1"": ""To a great extent"", ""2"": ""To a medium extent"", ""3"": ""To a limited extent"", ""4"": ""I don’t follow political news at all"", ""8"": ""Don't know"", ""9"": ""Refuse""}",,,1.0,8.0
78,q4061,"q406.1 In general, do you follow political news through the television?",float64,1199,0,6,"{""0"": ""Missing"", ""1"": ""Daily"", ""2"": ""A few times a week"", ""3"": ""A few times a month"", ""4"": ""Rarely"", ""5"": ""I do not follow political news at all"", ""8"": ""Don't know"", ""9"": ""Refuse""}",,,1.0,9.0
79,q4062,"q406.2 In general, do you follow political news through the daily press?",float64,1199,0,6,"{""0"": ""Missing"", ""1"": ""Daily"", ""2"": ""A few times a week"", ""3"": ""A few times a month"", ""4"": ""Rarely"", ""5"": ""I do not follow political news at all"", ""8"": ""Don't know"", ""9"": ""Refuse""}",,,1.0,9.0
80,q4063,"q406.3 In general, do you follow political news through the weekly press?",float64,1199,0,6,"{""0"": ""Missing"", ""1"": ""Daily"", ""2"": ""A few times a week"", ""3"": ""A few times a month"", ""4"": ""Rarely"", ""5"": ""I do not follow political news at all"", ""8"": ""Don't know"", ""9"": ""Refuse""}",,,1.0,9.0
81,q4064,"q406.4 In general, do you follow political news through the radio?",float64,1199,0,6,"{""0"": ""Missing"", ""1"": ""Daily"", ""2"": ""A few times a week"", ""3"": ""A few times a month"", ""4"": ""Rarely"", ""5"": ""I do not follow political news at all"", ""8"": ""Don't know"", ""9"": ""Refuse""}",,,1.0,9.0
82,q4065,"q406.5 In general, do you follow political news through the internet?",float64,1199,0,6,"{""0"": ""Missing"", ""1"": ""Daily"", ""2"": ""A few times a week"", ""3"": ""A few times a month"", ""4"": ""Rarely"", ""5"": ""I do not follow political news at all"", ""8"": ""Don't know"", ""9"": ""Refuse""}",,,1.0,9.0
83,q407,q407. Which of the following sources is most trustworthy with regard to local political news?,float64,1199,0,8,"{""0"": ""Missing"", ""1"": ""The television"", ""2"": ""The radio"", ""3"": ""Newspapers"", ""4"": ""Weekly newspapers nad magazines"", ""5"": ""The internet"", ""6"": ""Text messages (SMS)"", ""7"": ""Other"", ""99998"": ""Don't know"", ""99999"": ""Refuse""}",,,1.0,99999.0
84,q409,q409. Do you use the internet … ?,float64,1199,0,6,"{""0"": ""Missing"", ""1"": ""Daily or almost daily"", ""2"": ""At least once a week"", ""3"": ""At least once a month"", ""4"": ""A few times a year"", ""5"": ""I do not use the internet"", ""8"": ""Don't know"", ""9"": ""Refuse""}",,,1.0,8.0
85,q4101,q410.1 Do you use the internet in order to find out about political activities taking place in your country?,float64,367,832,3,"{""0"": ""Missing"", ""1"": ""Yes"", ""2"": ""No"", ""8"": ""Don't know"", ""9"": ""Refuse""}",,,1.0,8.0
86,q4102,q410.2 Do you use the internet in order to express your opinion about political issues?,float64,367,832,3,"{""0"": ""Missing"", ""1"": ""Yes"", ""2"": ""No"", ""8"": ""Don't know"", ""9"": ""Refuse""}",,,1.0,8.0
87,q4103,q410.3 Do you use the internet in order to find out about opposing political opinions in your country?,float64,367,832,3,"{""0"": ""Missing"", ""1"": ""Yes"", ""2"": ""No"", ""8"": ""Don't know"", ""9"": ""Refuse""}",,,1.0,8.0
88,q4111,q411.1 Are you a member of or participant in interactive or dialogue-based groups or pages on social networking websites?,float64,367,832,2,"{""0"": ""Missing"", ""1"": ""Yes"", ""2"": ""No"", ""8"": ""Don't know"", ""9"": ""Refuse""}",,,1.0,2.0
89,q4112,q411.2 Are you a member of or participant in dialogue forums on the internet?,float64,367,832,2,"{""0"": ""Missing"", ""1"": ""Yes"", ""2"": ""No"", ""8"": ""Don't know"", ""9"": ""Refuse""}",,,1.0,2.0
90,q4113,q411.3 Are you a member of or participant in a Facebook page?,float64,367,832,2,"{""0"": ""Missing"", ""1"": ""Yes"", ""2"": ""No"", ""8"": ""Don't know"", ""9"": ""Refuse""}",,,1.0,2.0
91,q4114,q411.4 Are you a member of or participant in a Twitter account?,float64,367,832,3,"{""0"": ""Missing"", ""1"": ""Yes"", ""2"": ""No"", ""8"": ""Don't know"", ""9"": ""Refuse""}",,,1.0,8.0
92,q4115,q411.5 Are you a member of or participant in a private blog?,float64,367,832,3,"{""0"": ""Missing"", ""1"": ""Yes"", ""2"": ""No"", ""8"": ""Don't know"", ""9"": ""Refuse""}",,,1.0,8.0
93,q5012,q501.2 Are you a member of a charitable society?,float64,1199,0,4,"{""0"": ""Missing"", ""1"": ""Yes"", ""2"": ""No"", ""8"": ""Don't know"", ""9"": ""Refuse""}",,,1.0,9.0
94,q5013,q501.3 Are you a member of a professional association/trade union?,float64,1199,0,4,"{""0"": ""Missing"", ""1"": ""Yes"", ""2"": ""No"", ""8"": ""Don't know"", ""9"": ""Refuse""}",,,1.0,9.0
95,q5014,q501.4 Are you a member of a youth / cultural / sports organization?,float64,1199,0,4,"{""0"": ""Missing"", ""1"": ""Yes"", ""2"": ""No"", ""8"": ""Don't know"", ""9"": ""Refuse""}",,,1.0,9.0
96,q5015,q501.5 Are you a member of a family / tribal association?,float64,1199,0,4,"{""0"": ""Missing"", ""1"": ""Yes"", ""2"": ""No"", ""8"": ""Don't know"", ""9"": ""Refuse""}",,,1.0,9.0
97,q5016,q501.6 Are you a member of a local development association?,float64,1199,0,4,"{""0"": ""Missing"", ""1"": ""Yes"", ""2"": ""No"", ""8"": ""Don't know"", ""9"": ""Refuse""}",,,1.0,9.0
98,q5017,q501.7 Are you a member of a cooperative association?,float64,0,1199,0,"{""0"": ""Missing"", ""1"": ""Yes"", ""2"": ""No"", ""8"": ""Don't know"", ""9"": ""Refuse""}",,,,
99,q50110,q501.10 Are you a member of a civil society organization that was not mentioned above?,float64,1199,0,4,"{""0"": ""Missing"", ""1"": ""Yes"", ""2"": ""No"", ""8"": ""Don't know"", ""9"": ""Refuse""}",,,1.0,9.0
100,q50111,q50111 Are you a member of a Popular Committee for protection of the revolution?,float64,1199,0,4,"{""0"": ""Missing"", ""1"": ""Yes"", ""2"": ""No"", ""8"": ""Don't know"", ""9"": ""Refuse""}",,,1.0,9.0
101,q501b,q501b. Are you a member of a political party?,float64,1199,0,3,"{""0"": ""Missing"", ""1"": ""Yes"", ""2"": ""No"", ""8"": ""Don't know"", ""9"": ""Refuse""}",,,1.0,8.0
102,q5021,"q502.1 Here is a set of activities that citizens usually take part in. During the past three years, did you attend a meeting to discuss a subject or sign a petition?",float64,1199,0,5,"{""0"": ""Missing"", ""1"": ""Once"", ""2"": ""More than once"", ""3"": ""I have never participated"", ""8"": ""Don't know"", ""9"": ""Refuse""}",,,1.0,9.0
103,q5022,"q502.2 Here is a set of activities that citizens usually take part in. During the past three years, did you participate in a protest, march or sit-in?",float64,1199,0,5,"{""0"": ""Missing"", ""1"": ""Once"", ""2"": ""More than once"", ""3"": ""I have never participated"", ""8"": ""Don't know"", ""9"": ""Refuse""}",,,1.0,9.0
104,q503,"q503. Which of the existing parties is closest to representing your political, social and economic aspirations?",float64,1199,0,17,"{""0"": ""No party represents my aspirations"", ""1"": ""National Liberation Front (FLN)"", ""2"": ""National Rally for Democracy (RND)"", ""3"": ""Movement of Society for Peace (Hamas)"", ""4"": ""Workers' Party (PT)"", ""5"": ""Ennahda (MN)"", ""6"": ""Front of Socialist Forces (FFS)"", ""7"": ""Rally for Culture and Democracy (RCD)"", ""8"": ""Taj"", ""9"": ""Party of the Algerian Renewal (PRA)"", ""10"": ""Algerian National Front (FNA)"", ""11"": ""New Generation (Jil Jadid)"", ""2001"": ""Wafd"", ""2002"": ""Freedom and Justice"", ""2004"": ""Free Egyptians Party"", ""2007"": ""Dignity Party (El Karama)"", ""2013"": ""al-Wasat"", ""2015"": ""Tomorrow Party (al-Ghad)"", ""2017"": ""Building and Development"", ""2018"": ""Nasserite"", ""2022"": ""Strong Egypt Party"", ""2023"": ""al-Nour"", ""2025"": ""al-Rayah"", ""2026"": ""al-Dastour"", ""2027"": ""Popular Current"", ""2029"": ""Gawd al-Thawra"", ""2030"": ""National Salvation Front"", ""2031"": ""al-Watan"", ""2032"": ""Popular bloc"", ""2033"": ""The military followed by the army"", ""2034"": ""al-Tagammu'"", ""2035"": ""The nation"", ""2036"": ""Reform and Development"", ""2037"": ""April 6"", ""3001"": ""National Accord"", ""3002"": ""Communist Party"", ""3003"": ""al-Dawa"", ""3004"": ""al-Ahrar Bloc (Sadarist movement)"", ""3005"": ""Virtue Party"", ""3007"": ""Islamic Supreme Council"", ""3008"": ""State of Law Coalition"", ""3010"": ""Front for National Dialogue"", ""3012"": ""Turkmen Front"", ""3013"": ""Kurdistan Democratic Party"", ""3014"": ""Patriotic Union of Kurdistan"", ""3016"": ""Movement for Change"", ""3017"": ""National Reform Movement"", ""3018"": ""Islamic Party"", ""3021"": ""PUK"", ""3022"": ""Goran"", ""3023"": ""Arab Unionist in Kirkuk"", ""3024"": ""ْUnifying"", ""3025"": ""Iraqi Hizbullah"", ""3026"": ""Coexistence and Brotherhood"", ""3027"": ""Fulfillment of Nineveh"", ""3028"": ""United Nineveh Party"", ""3029"": ""National Movement for Reform and Progress"", ""3504"": ""Muslim Brotherhood"", ""3506"": ""National Current Party"", ""3508"": ""Arab Socialist Ba'ath Party"", ""3518"": ""Islamic Action Front"", ""3519"": ""State Party"", ""3520"": ""al-Wasat Islamic Party"", ""3521"": ""Ba'ath Party"", ""3522"": ""Islamic Current Party"", ""3523"": ""National Union Party"", ""3524"": ""Constitutional Party"", ""3525"": ""Freedom Party"", ""3526"": ""Democratic Party"", ""3527"": ""Tribal"", ""3528"": ""Liberation Party"", ""3529"": ""Islamic Party"", ""3530"": ""Ruhayel Gharaibeh"", ""3531"": ""Party of Arab Freedom and Renewal"", ""3532"": ""Loyalty and Belonging"", ""3533"": ""Economic Party"", ""4001"": ""Islamic Constitutional Movement (Hadas)"", ""4002"": ""Salafi trend"", ""4003"": ""Nationalist trend"", ""4004"": ""Popular trend"", ""4005"": ""Islamic movement"", ""4007"": ""Ruling trend"", ""4502"": ""Free Patriotic Movement"", ""4504"": ""Progressive Socialist Party"", ""4505"": ""Communist"", ""4506"": ""Syrian Social Nationalist Party"", ""4507"": ""Lebanese Forces"", ""4508"": ""El Marada"", ""4509"": ""Future Movement"", ""4510"": ""Amal Movement"", ""4512"": ""Tashnag"", ""4513"": ""Kataeb Party (Phalange)"", ""4514"": ""Hezbollah"", ""4515"": ""National Liberal Party"", ""4517"": ""Lebanese Democratic Party"", ""4520"": ""National Bloc"", ""4522"": ""Union Party"", ""4523"": ""Arab Liberation Party"", ""4525"": ""Green Party"", ""4526"": ""Islamic Group"", ""4527"": ""March 14"", ""4528"": ""Nasserist Party"", ""4529"": ""Promise Party"", ""4530"": ""March 8"", ""4531"": ""Arab Socialist Ba'ath Party"", ""4532"": ""Organization of Communist Action"", ""4533"": ""Azm and Saade Movement"", ""4534"": ""Democratic Left"", ""4535"": ""Nasserist Movement"", ""5001"": ""Justice and Construction Party"", ""5002"": ""National Forces Alliance"", ""5003"": ""Taghyeer Party"", ""5004"": ""Authenticity and Renewal Party"", ""5005"": ""Wasat Party"", ""5006"": ""National Front Party"", ""5007"": ""Authentic Party"", ""5008"": ""National Salvation Front"", ""5009"": ""Political Youth of Libya Bloc"", ""5010"": ""Applying the Law of God"", ""5011"": ""General Libya"", ""5012"": ""Federalist Party"", ""5013"": ""National Centrist Party"", ""5014"": ""Federal Bloc"", ""5015"": ""National Federation"", ""5016"": ""Salvation for the Nation"", ""6001"": ""Socialist Union of Popular Forces"", ""6002"": ""Independence Party"", ""6003"": ""Justice and Development"", ""6004"": ""National Rally of Independents"", ""6005"": ""Popular Movement"", ""6007"": ""Party of Progress and Socialism"", ""6008"": ""Constitutional Union"", ""6010"": ""Front of Democratic Forces"", ""6012"": ""Democratic Vanguard Party"", ""6013"": ""Social Centre Party"", ""6020"": ""Socialist Party"", ""6022"": ""Authenticity and Modernity Party"", ""6025"": ""Moroccan Union for Democracy"", ""6026"": ""Democratic Society Party"", ""6028"": ""Democratic Way"", ""6033"": ""Environment and Sustainable Development Party"", ""7001"": ""The Palestinian People's Party"", ""7002"": ""The Popular Front for the Liberation of Palestine (PFLP)"", ""7003"": ""The Palestinian National Liberation Movement (Fatah)"", ""7004"": ""The Islamic Resistance Movement (Hamas)"", ""7005"": ""The Democratic Front for the Liberation of Palestine (DFLP)"", ""7006"": ""Islamic Jihad"", ""7007"": ""The Palestinian Democratic Union (FIDA)"", ""7008"": ""The Palestinian National Initiative"", ""7009"": ""Independent Islamic candidate"", ""7010"": ""Independent national candidate"", ""7011"": ""The Third Way"", ""7012"": ""Others"", ""9001"": ""National Congress Party"", ""9002"": ""Popular Congress Party / Congress Party of Sudan"", ""9003"": ""National Umma Party"", ""9004"": ""Umma Party (Reform and Renewal)"", ""9006"": ""Democratic Unionist Party (Original)"", ""9007"": ""Communist Party"", ""9010"": ""Arab Socialist Ba'ath Party"", ""9011"": ""Ansar al-Sunna Muhammadiyah"", ""9012"": ""National Congress"", ""9013"": ""Democratic Unionist Party"", ""9014"": ""Sudan People's Liberation Movement - North"", ""9015"": ""Islamic Movement"", ""9017"": ""United People's Front"", ""9020"": ""Sudan People's Liberation Movement"", ""9021"": ""Revolutionary Front"", ""9022"": ""Justice and Equality"", ""10001"": ""Ennahda / Rached Ghannouchi"", ""10003"": ""Democratic Forum for Labour and Liberties (FDTL) / Mustapha Ben Jafar"", ""10004"": ""Congress for the Republic (CPR) / Moncef Marzouki"", ""10007"": ""The Initiative / Kamel Morjane"", ""10022"": ""Nidaa Tounes / Beji Caid Essebsi"", ""10023"": ""Republican Party / Ahmed Nejib Chebbi / Maya Jribi"", ""10024"": ""Al-Massar / Ahmed Brahim"", ""10025"": ""Popular Front / Hamma Hammami / Chokri Belaid"", ""10026"": ""El Aridha Echabiaa / Hachemi Hamdi"", ""10027"": ""Hizb ut-Tahrir / Reda Belhaj"", ""10028"": ""Wafa Movement / Abderraouf Ayadi"", ""10029"": ""People's Movement"", ""10030"": ""Ansar al-Sharia"", ""10031"": ""Zitouna Party"", ""10032"": ""Independent list"", ""10501"": ""General People's Congress (GPC)"", ""10502"": ""al-Islah"", ""10504"": ""Nasserist Unionist People's Organisation"", ""10505"": ""Democratic Nasserist"", ""10508"": ""Socialist"", ""10511"": ""Ansar Allah (Houthis)"", ""10512"": ""al-Haqq Party"", ""10513"": ""Justice and Development Party"", ""10514"": ""Democratic Ba'ath Party"", ""10515"": ""Salafi Rashad Union Party"", ""10516"": ""Iraqi National Ba'ath Party"", ""10517"": ""Faithful Youth Party"", ""10518"": ""National Solidarity Party"", ""10519"": ""Workers' Party"", ""10520"": ""Justice and Freedom Party"", ""10521"": ""Arab Ba'ath Party"", ""10522"": ""Umma Party"", ""10523"": ""Southern Movement"", ""10524"": ""Social Green Party"", ""99994"": ""Missing"", ""99996"": ""Unknown"", ""99998"": ""Don't know"", ""99999"": ""Refuse""}",,,0.0,99999.0
105,q504,"q504 If you were to evaluate the state of democracy and human rights in your country today, would you say that they are ... ?",float64,1199,0,7,"{""0"": ""Missing"", ""1"": ""Very good"", ""2"": ""Good"", ""3"": ""Neither good nor bad"", ""4"": ""Bad"", ""5"": ""Very bad"", ""8"": ""Don't know"", ""9"": ""Refuse""}",,,1.0,9.0
106,q511,"q511 In your opinion, to what extent is your country democratic?",float64,1199,0,14,"{""0"": ""No democracy whatsoever"", ""1"": ""1"", ""2"": ""2"", ""3"": ""3"", ""4"": ""4"", ""5"": ""5"", ""6"": ""6"", ""7"": ""7"", ""8"": ""8"", ""9"": ""9"", ""10"": ""Democratic to the greatest extent possible"", ""94"": ""Missing"", ""96"": ""Not concerned / Not interested"", ""98"": ""Don't know"", ""99"": ""Refuse""}",,,0.0,99.0
107,q512,"q512 Suppose there was a scale from 0-10 measuring the extent to which democracy is suitable for your country, to what extent do you think democracy is appropriate for your country?",float64,1199,0,14,"{""0"": ""Absolutely inappropriate"", ""1"": ""1"", ""2"": ""2"", ""3"": ""3"", ""4"": ""4"", ""5"": ""5"", ""6"": ""6"", ""7"": ""7"", ""8"": ""8"", ""9"": ""9"", ""10"": ""Completely appropriate"", ""96"": ""Not concerned / Not interested"", ""98"": ""Don't know"", ""99"": ""Refuse""}",,,0.0,99.0
108,q513,"q513 Suppose that there was a scale from 1-10 to measure the extent of your satisfaction with the government, to what extent are you satisfied with the government’s performance?",float64,1199,0,14,"{""0"": ""Absolutely unsatisfied"", ""1"": ""1"", ""2"": ""2"", ""3"": ""3"", ""4"": ""4"", ""5"": ""5"", ""6"": ""6"", ""7"": ""7"", ""8"": ""8"", ""9"": ""9"", ""10"": ""Completely satisfied"", ""96"": ""Not concerned / Not interested"", ""98"": ""Don't know"", ""99"": ""Refuse""}",,,0.0,99.0
109,q514,q514 To what extent do you agree or disagree with the following statement? Political reform must be implemented in stages (gradually) (step by step) rather than immediately.,float64,1199,0,6,"{""0"": ""Missing"", ""1"": ""I strongly agree"", ""2"": ""I somewhat agree"", ""3"": ""I somewhat disagree"", ""4"": ""I strongly disagree"", ""8"": ""Don't know"", ""9"": ""Refuse""}",,,1.0,9.0
110,q5151,"q515.1 There is a difference in opinion among people regarding the most important features of democracy. If you had to choose one, which of the following features would you say is the most important?",float64,1199,0,8,"{""0"": ""Missing"", ""1"": ""The opportunity to change the government through elections"", ""2"": ""Freedom to criticize the government"", ""3"": ""Narrowing the gap between rich and poor"", ""4"": ""Providing basic items (such as food, housing, and clothing) to every individual"", ""5"": ""Equality of political rights between citizens"", ""6"": ""Eliminating financial and administrative corruption"", ""7"": ""Other (specify)"", ""99998"": ""Don't know"", ""99999"": ""Refuse""}",,,1.0,99998.0
111,q5152,"q515.2 There is a difference in opinion among people regarding the most important features of democracy. If you had to choose one, which of the following features would you say is the second most important?",float64,1199,0,8,"{""0"": ""Missing"", ""1"": ""The opportunity to change the government through elections"", ""2"": ""Freedom to criticize the government"", ""3"": ""Narrowing the gap between rich and poor"", ""4"": ""Providing basic items (such as food, housing, and clothing) to every individual"", ""5"": ""Equality of political rights between citizens"", ""6"": ""Eliminating financial and administrative corruption"", ""7"": ""Other (specify)"", ""99998"": ""Don't know"", ""99999"": ""Refuse""}",,,1.0,99998.0
112,q5161,"q516.1 To what extent do you agree or disagree with the following statement? Under a democratic system, the country’s economic performance is weak.",float64,1199,0,6,"{""0"": ""Missing"", ""1"": ""I strongly agree"", ""2"": ""I somewhat agree"", ""3"": ""I somewhat disagree"", ""4"": ""I strongly disagree"", ""8"": ""Don't know"", ""9"": ""Refuse""}",,,1.0,9.0
113,q5162,q516.2 To what extent do you agree or disagree with the following statement? Democratic regimes are indecisive and full of problems.,float64,1199,0,6,"{""0"": ""Missing"", ""1"": ""I strongly agree"", ""2"": ""I somewhat agree"", ""3"": ""I somewhat disagree"", ""4"": ""I strongly disagree"", ""8"": ""Don't know"", ""9"": ""Refuse""}",,,1.0,9.0
114,q5163,q516.3 To what extent do you agree or disagree with the following statement? Democratic systems are not effective at maintaining order and stability.,float64,1199,0,6,"{""0"": ""Missing"", ""1"": ""I strongly agree"", ""2"": ""I somewhat agree"", ""3"": ""I somewhat disagree"", ""4"": ""I strongly disagree"", ""8"": ""Don't know"", ""9"": ""Refuse""}",,,1.0,9.0
115,q5164,"q516.4 To what extent do you agree or disagree with the following statement? A democratic system may have problems, yet it is better than other systems.",float64,1199,0,6,"{""0"": ""Missing"", ""1"": ""I strongly agree"", ""2"": ""I somewhat agree"", ""3"": ""I somewhat disagree"", ""4"": ""I strongly disagree"", ""8"": ""Don't know"", ""9"": ""Refuse""}",,,1.0,9.0
116,q5165,q516.5 To what extent do you agree or disagree with the following statement? The citizens in your country are not prepared for a democratic system.,float64,1199,0,6,"{""0"": ""Missing"", ""1"": ""I strongly agree"", ""2"": ""I somewhat agree"", ""3"": ""I somewhat disagree"", ""4"": ""I strongly disagree"", ""8"": ""Don't know"", ""9"": ""Refuse""}",,,1.0,9.0
117,q5167,q516.7 To what extent do you agree or disagree with the following statement? Democracy negatively affects social and ethical values in your country.,float64,1199,0,6,"{""0"": ""Missing"", ""1"": ""I strongly agree"", ""2"": ""I somewhat agree"", ""3"": ""I somewhat disagree"", ""4"": ""I strongly disagree"", ""8"": ""Don't know"", ""9"": ""Refuse""}",,,1.0,9.0
118,q5171,q517.1 I will describe different political systems and ask you about each one of them with regard to the country’s governance. A democratic political system,float64,1199,0,6,"{""0"": ""Missing"", ""1"": ""Very good"", ""2"": ""Good"", ""3"": ""Bad"", ""4"": ""Very bad"", ""8"": ""Don't know"", ""9"": ""Refuse""}",,,1.0,9.0
119,q5172,q517.2 I will describe different political systems and ask you about each one of them with regard to the country’s governance. A political system with an authoritarian president who is indifferent to parliament and elections,float64,1199,0,6,"{""0"": ""Missing"", ""1"": ""Very good"", ""2"": ""Good"", ""3"": ""Bad"", ""4"": ""Very bad"", ""8"": ""Don't know"", ""9"": ""Refuse""}",,,1.0,9.0
120,q5181,"q518.1 I will describe different political systems and ask you about each one of them with regard to the country’s governance. A parliamentary system where nationalist, left wing, right wing and Islamist parties compete in elections",float64,1199,0,6,"{""0"": ""Missing"", ""1"": ""Very appropriate"", ""2"": ""Appropriate"", ""3"": ""Somewhat appropriate"", ""4"": ""Absolutely inappropriate"", ""8"": ""Don't know"", ""9"": ""Refuse""}",,,1.0,9.0
121,q518a2,q518a.2 I will describe different political systems and ask you about each one of them with regard to the country’s governance.  A parliamentary system in which only Islamist parties compete in parliamentary elections,float64,599,600,6,"{""0"": ""Missing"", ""1"": ""Very appropriate"", ""2"": ""Appropriate"", ""3"": ""Somewhat appropriate"", ""4"": ""Absolutely inappropriate"", ""8"": ""Don't know"", ""9"": ""Refuse""}",,,1.0,9.0
122,q518b2,q518b.2 I will describe different political systems and ask you about each one of them with regard to the country’s governance. A parliamentary system based on Islamic law in which only Islamist parties compete in elections,float64,600,599,6,"{""0"": ""Missing"", ""1"": ""Very appropriate"", ""2"": ""Appropriate"", ""3"": ""Somewhat appropriate"", ""4"": ""Absolutely inappropriate"", ""8"": ""Don't know"", ""9"": ""Refuse""}",,,1.0,9.0
123,q5183,q518.3 I will describe different political systems and ask you about each one of them with regard to the country’s governance. A system with a strong authority making decisions without considering electoral results or the opposition,float64,1199,0,6,"{""0"": ""Missing"", ""1"": ""Very appropriate"", ""2"": ""Appropriate"", ""3"": ""Somewhat appropriate"", ""4"": ""Absolutely inappropriate"", ""8"": ""Don't know"", ""9"": ""Refuse""}",,,1.0,9.0
124,q5184,q518.4 I will describe different political systems and ask you about each one of them with regard to the country’s governance. A system governed by Islamic law without elections or political parties,float64,1199,0,7,"{""0"": ""Missing"", ""1"": ""Very appropriate"", ""2"": ""Appropriate"", ""3"": ""Somewhat appropriate"", ""4"": ""Absolutely inappropriate"", ""8"": ""Don't know"", ""9"": ""Refuse""}",,,0.0,9.0
125,q5185,q518.5 I will describe different political systems and ask you about each one of them with regard to the country’s governance. A parliamentary system in which only non-religious parties compete in parliamentary elections,float64,1199,0,6,"{""0"": ""Missing"", ""1"": ""Very appropriate"", ""2"": ""Appropriate"", ""3"": ""Somewhat appropriate"", ""4"": ""Absolutely inappropriate"", ""8"": ""Don't know"", ""9"": ""Refuse""}",,,1.0,9.0
126,q5201,q520.1 Arrange the following characteristics in order of their importance for a person to be qualified for political leadership in the country. Previous political experience,float64,1199,0,10,"{""0"": ""Missing"", ""1"": ""Most important"", ""2"": ""2"", ""3"": ""3"", ""4"": ""4"", ""5"": ""5"", ""6"": ""6"", ""7"": ""7"", ""8"": ""Least Important"", ""98"": ""Don't know"", ""99"": ""Refuse""}",,,0.0,99.0
127,q5202,q520.2 Arrange the following characteristics in order of their importance for a person to be qualified for political leadership in the country. Openness to political ideas,float64,1134,65,8,"{""0"": ""Missing"", ""1"": ""Most important"", ""2"": ""2"", ""3"": ""3"", ""4"": ""4"", ""5"": ""5"", ""6"": ""6"", ""7"": ""7"", ""8"": ""Least Important"", ""98"": ""Don't know"", ""99"": ""Refuse""}",,,0.0,7.0
128,q5203,q520.3 Arrange the following characteristics in order of their importance for a person to be qualified for political leadership in the country. Hard work and extensive effort,float64,1134,65,8,"{""0"": ""Missing"", ""1"": ""Most important"", ""2"": ""2"", ""3"": ""3"", ""4"": ""4"", ""5"": ""5"", ""6"": ""6"", ""7"": ""7"", ""8"": ""Least Important"", ""98"": ""Don't know"", ""99"": ""Refuse""}",,,0.0,7.0
129,q5204,q520.4 Arrange the following characteristics in order of their importance for a person to be qualified for political leadership in the country. The ability to speak publicly and communicate with people,float64,1134,65,8,"{""0"": ""Missing"", ""1"": ""Most important"", ""2"": ""2"", ""3"": ""3"", ""4"": ""4"", ""5"": ""5"", ""6"": ""6"", ""7"": ""7"", ""8"": ""Least Important"", ""98"": ""Don't know"", ""99"": ""Refuse""}",,,0.0,7.0
130,q5206,q520.6 Arrange the following characteristics in order of their importance for a person to be qualified for political leadership in the country. Integrity,float64,1134,65,8,"{""0"": ""Missing"", ""1"": ""Most important"", ""2"": ""2"", ""3"": ""3"", ""4"": ""4"", ""5"": ""5"", ""6"": ""6"", ""7"": ""7"", ""8"": ""Least Important"", ""98"": ""Don't know"", ""99"": ""Refuse""}",,,0.0,7.0
131,q5207,q520.7 Arrange the following characteristics in order of their importance for a person to be qualified for political leadership in the country. Piety,float64,1134,65,8,"{""0"": ""Missing"", ""1"": ""Most important"", ""2"": ""2"", ""3"": ""3"", ""4"": ""4"", ""5"": ""5"", ""6"": ""6"", ""7"": ""7"", ""8"": ""Least Important"", ""98"": ""Don't know"", ""99"": ""Refuse""}",,,0.0,7.0
132,q5208,q520.8 Arrange the following characteristics in order of their importance for a person to be qualified for political leadership in the country. Clan/tribal Background,float64,1134,65,8,"{""0"": ""Missing"", ""1"": ""Most important"", ""2"": ""2"", ""3"": ""3"", ""4"": ""4"", ""5"": ""5"", ""6"": ""6"", ""7"": ""7"", ""8"": ""Least Important"", ""98"": ""Don't know"", ""99"": ""Refuse""}",,,0.0,7.0
133,q5211,q521.1 To what extent do you think that freedom to express opinions is guaranteed in your country?,float64,1199,0,6,"{""0"": ""Missing"", ""1"": ""Guaranteed to a great extent"", ""2"": ""Guaranteed to a medium extent"", ""3"": ""Guaranteed to a limited extent"", ""4"": ""Not guaranteed"", ""8"": ""Don't know"", ""9"": ""Refuse""}",,,1.0,9.0
134,q5212,q521.2 To what extent do you think that freedom of the press is guaranteed in your country?,float64,1199,0,6,"{""0"": ""Missing"", ""1"": ""Guaranteed to a great extent"", ""2"": ""Guaranteed to a medium extent"", ""3"": ""Guaranteed to a limited extent"", ""4"": ""Not guaranteed"", ""8"": ""Don't know"", ""9"": ""Refuse""}",,,1.0,9.0
135,q5213,q521.3 To what extent do you think that freedom to join political parties is guaranteed in your country?,float64,1199,0,6,"{""0"": ""Missing"", ""1"": ""Guaranteed to a great extent"", ""2"": ""Guaranteed to a medium extent"", ""3"": ""Guaranteed to a limited extent"", ""4"": ""Not guaranteed"", ""8"": ""Don't know"", ""9"": ""Refuse""}",,,1.0,9.0
136,q5214,q521.4 To what extent do you think that freedom to participate in peaceful protests and demonstrations is guaranteed in your country?,float64,1199,0,6,"{""0"": ""Missing"", ""1"": ""Guaranteed to a great extent"", ""2"": ""Guaranteed to a medium extent"", ""3"": ""Guaranteed to a limited extent"", ""4"": ""Not guaranteed"", ""8"": ""Don't know"", ""9"": ""Refuse""}",,,1.0,9.0
137,q5215,q521.5 To what extent do you think that freedom to join civil associations and organizations is guaranteed in your country?,float64,1199,0,6,"{""0"": ""Missing"", ""1"": ""Guaranteed to a great extent"", ""2"": ""Guaranteed to a medium extent"", ""3"": ""Guaranteed to a limited extent"", ""4"": ""Not guaranteed"", ""8"": ""Don't know"", ""9"": ""Refuse""}",,,1.0,9.0
138,q5216,q521.6 To what extent do you think that freedom to sue the government and its agencies is guaranteed in your country?,float64,1199,0,6,"{""0"": ""Missing"", ""1"": ""Guaranteed to a great extent"", ""2"": ""Guaranteed to a medium extent"", ""3"": ""Guaranteed to a limited extent"", ""4"": ""Not guaranteed"", ""8"": ""Don't know"", ""9"": ""Refuse""}",,,1.0,9.0
139,q5217,"q521.7 To what extent do you think that freedom to vote (parliamentary, municipal and provincial elections) is guaranteed in your country?",float64,1199,0,6,"{""0"": ""Missing"", ""1"": ""Guaranteed to a great extent"", ""2"": ""Guaranteed to a medium extent"", ""3"": ""Guaranteed to a limited extent"", ""4"": ""Not guaranteed"", ""8"": ""Don't know"", ""9"": ""Refuse""}",,,1.0,9.0
140,q5221,q522.1 Can you tell me the name of the foreign minister,float64,1199,0,4,"{""0"": ""Missing"", ""1"": ""Correct answer"", ""2"": ""Incorrect answer"", ""8"": ""Don't know"", ""9"": ""Refuse""}",,,1.0,9.0
141,q5224,q522.4 Can you tell me the name of the mayor/governor (varies by country),float64,0,1199,0,"{""0"": ""Missing"", ""1"": ""Correct answer"", ""2"": ""Incorrect answer"", ""8"": ""Don't know"", ""9"": ""Refuse""}",,,,
142,q523,q523 To what extent do you think the lack of respect for human rights is justified in order to maintain security in your country?,float64,1199,0,6,"{""0"": ""Missing"", ""1"": ""Justified to a great extent"", ""2"": ""Justified to a medium extent"", ""3"": ""Justified to a limited extent"", ""4"": ""Not justified at all"", ""8"": ""Don't know"", ""9"": ""Refuse""}",,,1.0,9.0
143,q530,"q530. Some people feel that labor strikes and demonstrations are legitimate while others feel that labor strikes and demonstrations are sectarian demands that harm the economy. On a 0-10 scale, what is your view on this issue?",float64,1199,0,14,"{""0"": ""Labor strikes and demonstrations are legitimate tools to guarantee workers’ rights in front of the employers"", ""1"": ""1"", ""2"": ""2"", ""3"": ""3"", ""4"": ""4"", ""5"": ""5"", ""6"": ""6"", ""7"": ""7"", ""8"": ""8"", ""9"": ""9"", ""10"": ""Labor strikes and demonstrations are sectarian demands that harm the economy needlessly"", ""94"": ""Missing"", ""96"": ""Not concerned / Not interested"", ""98"": ""Don't know"", ""99"": ""Refuse""}",,,0.0,99.0
144,q6012,q601.2 I will read a set of statements that relate to the status of women in our society to you in order to gauge the extent of your agreement or disagreement with each statement. A married woman can work outside the home.,float64,1199,0,6,"{""0"": ""Missing"", ""1"": ""I strongly agree"", ""2"": ""I somewhat agree"", ""3"": ""I somewhat disagree"", ""4"": ""I strongly disagree"", ""8"": ""Don't know"", ""9"": ""Refuse""}",,,1.0,9.0
145,q6013,"q601.3 Do you agree or disagree with the followign statement? In general, men are better at political leadership than women.",float64,1199,0,6,"{""0"": ""Missing"", ""1"": ""I strongly agree"", ""2"": ""I somewhat agree"", ""3"": ""I somewhat disagree"", ""4"": ""I strongly disagree"", ""8"": ""Don't know"", ""9"": ""Refuse""}",,,1.0,9.0
146,q6014,q601.4 Do you agree or disagree with the followign statement? University education for males is more important than university education for females.,float64,1199,0,6,"{""0"": ""Missing"", ""1"": ""I strongly agree"", ""2"": ""I somewhat agree"", ""3"": ""I somewhat disagree"", ""4"": ""I strongly disagree"", ""8"": ""Don't know"", ""9"": ""Refuse""}",,,1.0,9.0
147,q603,"q603 Had there been a lottery and you had the chance to participate, would you buy a ticket?",float64,1199,0,6,"{""0"": ""Missing"", ""1"": ""Yes, definitely"", ""2"": ""Yes"", ""3"": ""No, because I would not win and I do not want to waste my money"", ""4"": ""No, I would not participate on principle"", ""8"": ""Don't know"", ""9"": ""Refuse""}",,,1.0,9.0
148,q6041,q604.1 To what extent do you consider the following factors obstacles to accepting your son/daughter/sister/brother’s marriage? Not praying,float64,1199,0,6,"{""0"": ""Missing"", ""1"": ""Constitutes an obstacle to a great extent"", ""2"": ""Constitutes an obstacle to a medium extent"", ""3"": ""Constitutes an obstacle to a limited extent"", ""4"": ""Does not constitute an obstacle whatsoever"", ""8"": ""Don't know"", ""9"": ""Refuse""}",,,1.0,9.0
149,q6043,q604.3 To what extent do you consider the following factors obstacles to accepting your son/daughter/sister/brother’s marriage? The family’s social status,float64,1199,0,5,"{""0"": ""Missing"", ""1"": ""Constitutes an obstacle to a great extent"", ""2"": ""Constitutes an obstacle to a medium extent"", ""3"": ""Constitutes an obstacle to a limited extent"", ""4"": ""Does not constitute an obstacle whatsoever"", ""8"": ""Don't know"", ""9"": ""Refuse""}",,,1.0,8.0
150,q6045,q604.5 To what extent do you consider the following factors obstacles to accepting your son/daughter/sister/brother’s marriage? Lack of education,float64,1199,0,6,"{""0"": ""Missing"", ""1"": ""Constitutes an obstacle to a great extent"", ""2"": ""Constitutes an obstacle to a medium extent"", ""3"": ""Constitutes an obstacle to a limited extent"", ""4"": ""Does not constitute an obstacle whatsoever"", ""8"": ""Don't know"", ""9"": ""Refuse""}",,,1.0,9.0
151,q6051,q605.1 To what extent do you agree or disagree with each of the following principles in the enactment of your country’s laws and regulations? The government and parliament should enact laws in accordance with the people’s wishes.,float64,1199,0,6,"{""0"": ""Missing"", ""1"": ""I strongly agree"", ""2"": ""I somewhat agree"", ""3"": ""I somewhat disagree"", ""4"": ""I strongly disagree"", ""8"": ""Don't know"", ""9"": ""Refuse""}",,,1.0,9.0
152,q6052,q605.2 To what extent do you agree or disagree with each of the following principles in the enactment of your country’s laws and regulations? The government and parliament should enact laws in accordance with Islamic law.,float64,1199,0,6,"{""0"": ""Missing"", ""1"": ""I strongly agree"", ""2"": ""I somewhat agree"", ""3"": ""I somewhat disagree"", ""4"": ""I strongly disagree"", ""8"": ""Don't know"", ""9"": ""Refuse""}",,,1.0,9.0
153,q6053,q6053. To what extent do you agree or disagree with the following for your country’s laws? The government and parliament should enact laws in accordance with citizens’ wishes in certain areas and with Islamic law on others.,float64,1199,0,6,"{""0"": ""Missing"", ""1"": ""I strongly agree"", ""2"": ""I somewhat agree"", ""3"": ""I somewhat disagree"", ""4"": ""I strongly disagree"", ""8"": ""Don't know"", ""9"": ""Refuse""}",,,1.0,9.0
154,q6054,q605.4 To what extent do you agree or disagree with each of the following principles in the enactment of your country’s laws and regulations? The government and parliament should enact penal laws in accordance with Islamic law.,float64,1199,0,6,"{""0"": ""Missing"", ""1"": ""I strongly agree"", ""2"": ""I somewhat agree"", ""3"": ""I somewhat disagree"", ""4"": ""I strongly disagree"", ""8"": ""Don't know"", ""9"": ""Refuse""}",,,1.0,9.0
155,q6055,"q605.5 To what extent do you agree or disagree with the following for your country’s laws? The government and parliament should enact personal status laws (marriage, divorce) in accordance with Islamic law.",float64,1199,0,6,"{""0"": ""Missing"", ""1"": ""I strongly agree"", ""2"": ""I somewhat agree"", ""3"": ""I somewhat disagree"", ""4"": ""I strongly disagree"", ""8"": ""Don't know"", ""9"": ""Refuse""}",,,1.0,9.0
156,q6056,q605.6 To what extent do you agree or disagree with the following for your country’s laws? The government and parliament should enact inheritance laws in accordance with Islamic law.,float64,1199,0,6,"{""0"": ""Missing"", ""1"": ""I strongly agree"", ""2"": ""I somewhat agree"", ""3"": ""I somewhat disagree"", ""4"": ""I strongly disagree"", ""8"": ""Don't know"", ""9"": ""Refuse""}",,,1.0,9.0
157,q605a,q605a Which of the following is the closest to your point of view? 1st: I prefer a religious political party over a non-religious political party. 2nd: I prefer a non-religious political party over a religious political party.,float64,1199,0,6,"{""0"": ""Missing"", ""1"": ""I Strongly agree with the 1st sentence"", ""2"": ""I agree with the 1st sentence"", ""3"": ""I agree with the 2nd sentence"", ""4"": ""I strongly agree with the 2nd sentence"", ""5"": ""I do not agree with either sentence (Do not read)"", ""8"": ""Don't know"", ""9"": ""Refuse""}",,,1.0,8.0
158,q605b1,"q605b.1 For each of the following concepts, would you tell me whether you support or don’t it. Individual political freedoms such as freedom of the press, freedom of expression, and freedom to establish associations.",float64,1199,0,6,"{""0"": ""Missing"", ""1"": ""I strongly support"", ""2"": ""I somewhat support"", ""3"": ""I do not support"", ""4"": ""I strongly do not support"", ""8"": ""Don't know"", ""9"": ""Refuse""}",,,1.0,9.0
159,q605b2,"q605b.2 For each of the following concepts, would you tell me whether you strongly support, somewhat support, don’t support, or strongly don’t support it. Applying Shari’a more strictly.",float64,1199,0,7,"{""0"": ""Missing"", ""1"": ""I strongly support"", ""2"": ""I somewhat support"", ""3"": ""I do not support"", ""4"": ""I strongly do not support"", ""8"": ""Don't know"", ""9"": ""Refuse""}",,,0.0,9.0
160,q6061,"q606.1 To what extent do you agree or disagree with the following statements? Religious leaders (imams, preachers, priests) should not interfere in voters’ decisions in elections.",float64,1199,0,6,"{""0"": ""Missing"", ""1"": ""I strongly agree"", ""2"": ""I somewhat agree"", ""3"": ""I somewhat disagree"", ""4"": ""I strongly disagree"", ""8"": ""Don't know"", ""9"": ""Refuse""}",,,1.0,9.0
161,q6062,q606.2 To what extent do you agree or disagree with the following statements? Your country is better off if religious people hold public positions in the state.,float64,1199,0,6,"{""0"": ""Missing"", ""1"": ""I strongly agree"", ""2"": ""I somewhat agree"", ""3"": ""I somewhat disagree"", ""4"": ""I strongly disagree"", ""8"": ""Don't know"", ""9"": ""Refuse""}",,,1.0,9.0
162,q6063,"q606.3 To what extent do you agree or disagree with the following statements? Religious leaders (imams, preachers, priests) should have influence over government decisions.",float64,1199,0,6,"{""0"": ""Missing"", ""1"": ""I strongly agree"", ""2"": ""I somewhat agree"", ""3"": ""I somewhat disagree"", ""4"": ""I strongly disagree"", ""8"": ""Don't know"", ""9"": ""Refuse""}",,,1.0,9.0
163,q6064,q606.4 To what extent do you agree or disagree with the following statements? Religious practices are private and should be separated from social and political life,float64,1199,0,6,"{""0"": ""Missing"", ""1"": ""I strongly agree"", ""2"": ""I somewhat agree"", ""3"": ""I somewhat disagree"", ""4"": ""I strongly disagree"", ""8"": ""Don't know"", ""9"": ""Refuse""}",,,1.0,9.0
164,q6065,q606.5 To what extent do you agree or disagree with the following statements? Religious practices are private and should be separated from social and political life,float64,1199,0,6,"{""0"": ""Missing"", ""1"": ""I strongly agree"", ""2"": ""I somewhat agree"", ""3"": ""I somewhat disagree"", ""4"": ""I strongly disagree"", ""8"": ""Don't know"", ""9"": ""Refuse""}",,,1.0,9.0
165,q6066,q606.6 To what extent do you agree or disagree with the following statements? Mosques and churches should not be used for election campaigning,float64,1199,0,6,"{""0"": ""Missing"", ""1"": ""I strongly agree"", ""2"": ""I somewhat agree"", ""3"": ""I somewhat disagree"", ""4"": ""I strongly disagree"", ""8"": ""Don't know"", ""9"": ""Refuse""}",,,1.0,9.0
166,q6071,q607.1 The opinions of Islamic jurists and religious scholars differ and I want to ask to what extent you agree or disagree with some of these issues? Democracy is a system that contradicts the teachings of Islam.,float64,1199,0,6,"{""0"": ""Missing"", ""1"": ""I strongly agree"", ""2"": ""I somewhat agree"", ""3"": ""I somewhat disagree"", ""4"": ""I strongly disagree"", ""8"": ""Don't know"", ""9"": ""Refuse""}",,,1.0,9.0
167,q6072,"q607.2 The opinions of Islamic jurists and religious scholars differ and I want to ask to what extent you agree or disagree with some of these issues? In a Muslim country, non-Muslims should enjoy less political rights than Muslims.",float64,1199,0,6,"{""0"": ""Missing"", ""1"": ""I strongly agree"", ""2"": ""I somewhat agree"", ""3"": ""I somewhat disagree"", ""4"": ""I strongly disagree"", ""8"": ""Don't know"", ""9"": ""Refuse""}",,,1.0,9.0
168,q6073,q607.3 The opinions of Islamic jurists and religious scholars differ and I want to ask to what extent you agree or disagree with some of these issues? Banks charging interest contradict the teachings of Islam.,float64,1199,0,6,"{""0"": ""Missing"", ""1"": ""I strongly agree"", ""2"": ""I somewhat agree"", ""3"": ""I somewhat disagree"", ""4"": ""I strongly disagree"", ""8"": ""Don't know"", ""9"": ""Refuse""}",,,1.0,9.0
169,q6074,q607.4 The opinions of Islamic jurists and religious scholars differ and I want to ask to what extent you agree or disagree with some of these issues? Gender-mixed education should be allowed in universities.,float64,1199,0,5,"{""0"": ""Missing"", ""1"": ""I strongly agree"", ""2"": ""I somewhat agree"", ""3"": ""I somewhat disagree"", ""4"": ""I strongly disagree"", ""8"": ""Don't know"", ""9"": ""Refuse""}",,,1.0,8.0
170,q6076,q607.6 The opinions of Islamic jurists and religious scholars differ and I want to ask to what extent you agree or disagree with some of these issues? Women should wear modest clothes without needing to wear hijab.,float64,1199,0,6,"{""0"": ""Missing"", ""1"": ""I strongly agree"", ""2"": ""I somewhat agree"", ""3"": ""I somewhat disagree"", ""4"": ""I strongly disagree"", ""8"": ""Don't know"", ""9"": ""Refuse""}",,,1.0,9.0
171,q6082,q608.2 To what extent do you agree with each of these statements? Difference and variation between Islamic scholars with regard to their interpretation of religious matters is a good thing.,float64,1199,0,5,"{""0"": ""Missing"", ""1"": ""I strongly agree"", ""2"": ""I somewhat agree"", ""3"": ""I somewhat disagree"", ""4"": ""I strongly disagree"", ""8"": ""Don't know"", ""9"": ""Refuse""}",,,1.0,8.0
172,q6087,q608.7 To what extent do you agree with each of these statements? Religious minorities have the right to practice their religion freely.,float64,1199,0,5,"{""0"": ""Missing"", ""1"": ""I strongly agree"", ""2"": ""I somewhat agree"", ""3"": ""I somewhat disagree"", ""4"": ""I strongly disagree"", ""8"": ""Don't know"", ""9"": ""Refuse""}",,,1.0,8.0
173,q608a,q608a Which of the following sentences describe your position in regards of our country’s laws regulating marriage and divorce?,float64,599,600,3,"{""0"": ""Missing"", ""1"": ""Laws regulating marriage and divorce shall be based on an accurate explanation of the Islamic Sharia."", ""2"": ""Laws regulating marriage and divorce shall confer the current debates on the best understanding of Islamic Sharia."", ""3"": ""Laws regulating marriage and divorce shall be based on civil law without any mention of the Islamic Sharia."", ""4"": ""Laws regulating marriage and divorce shall be based on church laws. (Lebanon only)"", ""8"": ""Don't know"", ""9"": ""Refuse""}",,,1.0,3.0
174,q608b,"q608b Since the “Arab Spring”, Islamist political parties had been playing an increasingly important political role in many Arab societies. Which of the following sentences describe your position in regards of our country’s laws regulating marriage a",float64,600,599,4,"{""0"": ""Missing"", ""1"": ""Laws regulating marriage and divorce shall be based on an accurate explanation of the Islamic Sharia."", ""2"": ""Laws regulating marriage and divorce shall confer the current debates on the best understanding of Islamic Sharia."", ""3"": ""Laws regulating marriage and divorce shall be based on civil law without any mention of the Islamic Sharia."", ""4"": ""Laws regulating marriage and divorce shall be based on church laws. (Lebanon only)"", ""8"": ""Don't know"", ""9"": ""Refuse""}",,,0.0,3.0
175,q609,"q609 Generally speaking, would you describe yourself as…",float64,1199,0,4,"{""0"": ""Missing"", ""1"": ""Religious"", ""2"": ""Somewhat religious"", ""3"": ""Not religious"", ""8"": ""Don't know"", ""9"": ""Refuse""}",,,1.0,9.0
176,q6101,q610.1 Do you pray daily?,float64,1199,0,6,"{""0"": ""Missing"", ""1"": ""Always"", ""2"": ""Most of the time"", ""3"": ""Sometimes"", ""4"": ""Rarely"", ""5"": ""Never"", ""8"": ""Don't know"", ""9"": ""Refuse""}",,,1.0,9.0
177,q6105,q610.5 Do you attend Friday prayer (or Sunday services)?,float64,1199,0,6,"{""0"": ""Missing"", ""1"": ""Always"", ""2"": ""Most of the time"", ""3"": ""Sometimes"", ""4"": ""Rarely"", ""5"": ""Never"", ""8"": ""Don't know"", ""9"": ""Refuse""}",,,1.0,9.0
178,q6106,q610.6 Do you listen to or read the Quran (or the Bible)?,float64,1199,0,6,"{""0"": ""Missing"", ""1"": ""Always"", ""2"": ""Most of the time"", ""3"": ""Sometimes"", ""4"": ""Rarely"", ""5"": ""Never"", ""8"": ""Don't know"", ""9"": ""Refuse""}",,,1.0,9.0
179,q615,q615 To what extent do the laws of your country match the Sharia – if it matches at all?,float64,1199,0,6,"{""0"": ""Missing"", ""1"": ""They do match"", ""2"": ""They match to some extent"", ""3"": ""They do not match closely"", ""4"": ""They do not match at all"", ""8"": ""Don't know"", ""9"": ""Refuse""}",,,1.0,9.0
180,q616,"q616 I will read two sentences, I want you to tell me which one is closer to what you think even if neither one of them captures your opinion exactly?",float64,1199,0,4,"{""0"": ""Missing"", ""1"": ""Sharia is the word of God."", ""2"": ""Sharia is the human interpretation of the word of God."", ""8"": ""Don't know"", ""9"": ""Refuse""}",,,1.0,9.0
181,q617,q617 To what extent does your life exemplify the prophet’s teachings (i.e. the prophet’s words and actions) – if it exemplifies them at all?,float64,1199,0,6,"{""0"": ""Missing"", ""1"": ""A lot"", ""2"": ""A little"", ""3"": ""Not much"", ""4"": ""Not at all"", ""8"": ""Don't know"", ""9"": ""Refuse""}",,,1.0,9.0
182,q618,q618 To what extent do other people lives exemplify the prophet’s teachings (i.e. the prophet’s words and actions) – if they exemplify them at all?,float64,1199,0,6,"{""0"": ""Missing"", ""1"": ""A lot"", ""2"": ""A little"", ""3"": ""Not much"", ""4"": ""Not at all"", ""8"": ""Don't know"", ""9"": ""Refuse""}",,,1.0,9.0
183,q7001,q700.1 Do you prefer that future economic relations between your country and the United States ... ?,float64,1199,0,5,"{""0"": ""Missing"", ""1"": ""Become stronger than they were in previous years"", ""2"": ""Remain the same as they were in previous years"", ""3"": ""Become weaker than they were in previous years"", ""8"": ""Don't know"", ""9"": ""Refuse""}",,,1.0,9.0
184,q7002,q700.2 Do you prefer that future economic relations between your country and Saudi Arabia ... ?,float64,1199,0,5,"{""0"": ""Missing"", ""1"": ""Become stronger than they were in previous years"", ""2"": ""Remain the same as they were in previous years"", ""3"": ""Become weaker than they were in previous years"", ""8"": ""Don't know"", ""9"": ""Refuse""}",,,1.0,9.0
185,q7003,q700.3 Do you prefer that future economic relations between your country and Iran ... ?,float64,1199,0,5,"{""0"": ""Missing"", ""1"": ""Become stronger than they were in previous years"", ""2"": ""Remain the same as they were in previous years"", ""3"": ""Become weaker than they were in previous years"", ""8"": ""Don't know"", ""9"": ""Refuse""}",,,1.0,9.0
186,q7004,q700.4 Do you prefer that future economic relations between your country and Turkey ... ?,float64,1199,0,5,"{""0"": ""Missing"", ""1"": ""Become stronger than they were in previous years"", ""2"": ""Remain the same as they were in previous years"", ""3"": ""Become weaker than they were in previous years"", ""8"": ""Don't know"", ""9"": ""Refuse""}",,,1.0,9.0
187,q7006,q700.6 Do you prefer that future economic relations between your country and Israel ... ?,float64,1199,0,5,"{""0"": ""Missing"", ""1"": ""Become stronger than they were in previous years"", ""2"": ""Remain the same as they were in previous years"", ""3"": ""Become weaker than they were in previous years"", ""8"": ""Don't know"", ""9"": ""Refuse""}",,,1.0,9.0
188,q7007,q700.7 Do you prefer that future economic relations between your country and Qatar ... ?,float64,0,1199,0,"{""0"": ""Missing"", ""1"": ""Become stronger than they were in previous years"", ""2"": ""Remain the same as they were in previous years"", ""3"": ""Become weaker than they were in previous years"", ""8"": ""Don't know"", ""9"": ""Refuse""}",,,,
189,q7008,q700.8 Do you prefer that future economic relations between your country and France ... ?,float64,0,1199,0,"{""0"": ""Missing"", ""1"": ""Become stronger than they were in previous years"", ""2"": ""Remain the same as they were in previous years"", ""3"": ""Become weaker than they were in previous years"", ""8"": ""Don't know"", ""9"": ""Refuse""}",,,,
190,q7009,q700.9 Do you prefer that future economic relations between your country and China ... ?,float64,0,1199,0,"{""0"": ""Missing"", ""1"": ""Become stronger than they were in previous years"", ""2"": ""Remain the same as they were in previous years"", ""3"": ""Become weaker than they were in previous years"", ""8"": ""Don't know"", ""9"": ""Refuse""}",,,,
191,q70010,q700.10 Do you prefer that future economic relations between your country and the United Arab Emirates ... ?,float64,0,1199,0,"{""0"": ""Missing"", ""1"": ""Become stronger than they were in previous years"", ""2"": ""Remain the same as they were in previous years"", ""3"": ""Become weaker than they were in previous years"", ""8"": ""Don't know"", ""9"": ""Refuse""}",,,,
192,q70011,q700.11 Do you prefer that future economic relations between your country and Iraq ... ?,float64,0,1199,0,"{""0"": ""Missing"", ""1"": ""Become stronger than they were in previous years"", ""2"": ""Remain the same as they were in previous years"", ""3"": ""Become weaker than they were in previous years"", ""8"": ""Don't know"", ""9"": ""Refuse""}",,,,
193,q70012,q700.12 Do you prefer that future economic relations between your country and Egypt ... ?,float64,0,1199,0,"{""0"": ""Missing"", ""1"": ""Become stronger than they were in previous years"", ""2"": ""Remain the same as they were in previous years"", ""3"": ""Become weaker than they were in previous years"", ""8"": ""Don't know"", ""9"": ""Refuse""}",,,,
194,q70013,q700.13 Do you prefer that future economic relations between your country and the United Kingdom ... ?,float64,0,1199,0,"{""0"": ""Missing"", ""1"": ""Become stronger than they were in previous years"", ""2"": ""Remain the same as they were in previous years"", ""3"": ""Become weaker than they were in previous years"", ""8"": ""Don't know"", ""9"": ""Refuse""}",,,,
195,q70014,q700.14 Do you prefer that future economic relations between your country and Italy ... ?,float64,0,1199,0,"{""0"": ""Missing"", ""1"": ""Become stronger than they were in previous years"", ""2"": ""Remain the same as they were in previous years"", ""3"": ""Become weaker than they were in previous years"", ""8"": ""Don't know"", ""9"": ""Refuse""}",,,,
196,q70015,q700.15 Do you prefer that future economic relations between your country and Algeria ... ?,float64,0,1199,0,"{""0"": ""Missing"", ""1"": ""Become stronger than they were in previous years"", ""2"": ""Remain the same as they were in previous years"", ""3"": ""Become weaker than they were in previous years"", ""8"": ""Don't know"", ""9"": ""Refuse""}",,,,
197,q70016,q700.16 Do you prefer that future economic relations between your country and Tunisia ... ?,float64,0,1199,0,"{""0"": ""Missing"", ""1"": ""Become stronger than they were in previous years"", ""2"": ""Remain the same as they were in previous years"", ""3"": ""Become weaker than they were in previous years"", ""8"": ""Don't know"", ""9"": ""Refuse""}",,,,
198,q700a1,q700a.1 Do you prefer that future security relations between your country and the United States ... ?,float64,1199,0,5,"{""0"": ""Missing"", ""1"": ""Become stronger than they were in previous years"", ""2"": ""Remain the same as they were in previous years"", ""3"": ""Become weaker than they were in previous years"", ""8"": ""Don't know"", ""9"": ""Refuse""}",,,1.0,9.0
199,q700a2,q700a.2 Do you prefer that future security relations between your country and Saudi Arabia ... ?,float64,1199,0,5,"{""0"": ""Missing"", ""1"": ""Become stronger than they were in previous years"", ""2"": ""Remain the same as they were in previous years"", ""3"": ""Become weaker than they were in previous years"", ""8"": ""Don't know"", ""9"": ""Refuse""}",,,1.0,9.0
200,q700a3,q700a.3 Do you prefer that future security relations between your country and Iran ... ?,float64,1199,0,5,"{""0"": ""Missing"", ""1"": ""Become stronger than they were in previous years"", ""2"": ""Remain the same as they were in previous years"", ""3"": ""Become weaker than they were in previous years"", ""8"": ""Don't know"", ""9"": ""Refuse""}",,,1.0,9.0
201,q700a4,q700a.4 Do you prefer that future security relations between your country and Turkey ... ?,float64,1199,0,5,"{""0"": ""Missing"", ""1"": ""Become stronger than they were in previous years"", ""2"": ""Remain the same as they were in previous years"", ""3"": ""Become weaker than they were in previous years"", ""8"": ""Don't know"", ""9"": ""Refuse""}",,,1.0,9.0
202,q700a6,q700a.6 Do you prefer that future security relations between your country and Israel ... ?,float64,1199,0,5,"{""0"": ""Missing"", ""1"": ""Become stronger than they were in previous years"", ""2"": ""Remain the same as they were in previous years"", ""3"": ""Become weaker than they were in previous years"", ""8"": ""Don't know"", ""9"": ""Refuse""}",,,1.0,9.0
203,q700a7,q700a.7 Do you prefer that future security relations between your country and Qatar ... ?,float64,1199,0,5,"{""0"": ""Missing"", ""1"": ""Become stronger than they were in previous years"", ""2"": ""Remain the same as they were in previous years"", ""3"": ""Become weaker than they were in previous years"", ""8"": ""Don't know"", ""9"": ""Refuse""}",,,1.0,9.0
204,q700a8,q700a.8 Do you prefer that future security relations between your country and France ... ?,float64,1199,0,5,"{""0"": ""Missing"", ""1"": ""Become stronger than they were in previous years"", ""2"": ""Remain the same as they were in previous years"", ""3"": ""Become weaker than they were in previous years"", ""8"": ""Don't know"", ""9"": ""Refuse""}",,,1.0,9.0
205,q700a9,q700a.9 Do you prefer that future security relations between your country and China ... ?,float64,0,1199,0,"{""0"": ""Missing"", ""1"": ""Become stronger than they were in previous years"", ""2"": ""Remain the same as they were in previous years"", ""3"": ""Become weaker than they were in previous years"", ""8"": ""Don't know"", ""9"": ""Refuse""}",,,,
206,q700a10,q700a.10 Do you prefer that future security relations between your country and the United Arab Emirates ... ?,float64,0,1199,0,"{""0"": ""Missing"", ""1"": ""Become stronger than they were in previous years"", ""2"": ""Remain the same as they were in previous years"", ""3"": ""Become weaker than they were in previous years"", ""8"": ""Don't know"", ""9"": ""Refuse""}",,,,
207,q700a11,q700a.11 Do you prefer that future security relations between your country and Iraq ... ?,float64,0,1199,0,"{""0"": ""Missing"", ""1"": ""Become stronger than they were in previous years"", ""2"": ""Remain the same as they were in previous years"", ""3"": ""Become weaker than they were in previous years"", ""8"": ""Don't know"", ""9"": ""Refuse""}",,,,
208,q700a12,q700a.12 Do you prefer that future security relations between your country and Egypt ... ?,float64,0,1199,0,"{""0"": ""Missing"", ""1"": ""Become stronger than they were in previous years"", ""2"": ""Remain the same as they were in previous years"", ""3"": ""Become weaker than they were in previous years"", ""8"": ""Don't know"", ""9"": ""Refuse""}",,,,
209,q700a13,q700a.13 Do you prefer that future security relations between your country and the United Kingdom ... ?,float64,0,1199,0,"{""0"": ""Missing"", ""1"": ""Become stronger than they were in previous years"", ""2"": ""Remain the same as they were in previous years"", ""3"": ""Become weaker than they were in previous years"", ""8"": ""Don't know"", ""9"": ""Refuse""}",,,,
210,q700a14,q700a.14 Do you prefer that future security relations between your country and Italy ... ?,float64,0,1199,0,"{""0"": ""Missing"", ""1"": ""Become stronger than they were in previous years"", ""2"": ""Remain the same as they were in previous years"", ""3"": ""Become weaker than they were in previous years"", ""8"": ""Don't know"", ""9"": ""Refuse""}",,,,
211,q700a15,q700a.15 Do you prefer that future security relations between your country and Algeria ... ?,float64,0,1199,0,"{""0"": ""Missing"", ""1"": ""Become stronger than they were in previous years"", ""2"": ""Remain the same as they were in previous years"", ""3"": ""Become weaker than they were in previous years"", ""8"": ""Don't know"", ""9"": ""Refuse""}",,,,
212,q700a16,q700a.16 Do you prefer that future security relations between your country and Tunisia ... ?,float64,0,1199,0,"{""0"": ""Missing"", ""1"": ""Become stronger than they were in previous years"", ""2"": ""Remain the same as they were in previous years"", ""3"": ""Become weaker than they were in previous years"", ""8"": ""Don't know"", ""9"": ""Refuse""}",,,,
213,q7011,q701.1 Do you think the influence of the United States on the development of democracy in your country has been … ?,float64,1199,0,7,"{""0"": ""Missing"", ""1"": ""Very positive"", ""2"": ""Somewhat positive"", ""3"": ""Neither positive nor negative"", ""4"": ""Somewhat negative"", ""5"": ""Very negative"", ""8"": ""Don't know"", ""9"": ""Refuse""}",,,1.0,9.0
214,q7012,q701.2 Do you think the influence of the European Union on the development of democracy in your country has been … ?,float64,1199,0,7,"{""0"": ""Missing"", ""1"": ""Very positive"", ""2"": ""Somewhat positive"", ""3"": ""Neither positive nor negative"", ""4"": ""Somewhat negative"", ""5"": ""Very negative"", ""8"": ""Don't know"", ""9"": ""Refuse""}",,,1.0,9.0
215,q7013,q701.3 Do you think the influence of neighboring countries on the development of democracy in your country has been … ?,float64,1199,0,7,"{""0"": ""Missing"", ""1"": ""Very positive"", ""2"": ""Somewhat positive"", ""3"": ""Neither positive nor negative"", ""4"": ""Somewhat negative"", ""5"": ""Very negative"", ""8"": ""Don't know"", ""9"": ""Refuse""}",,,1.0,9.0
216,q701a,"q701a Generally speaking, do you think that trade with other countries should increase, decrease, or remain at its current level?",float64,1199,0,7,"{""0"": ""Missing"", ""1"": ""Strongly increases"", ""2"": ""Somewhat increase"", ""3"": ""Somewhat decrease"", ""4"": ""Strongly decrease"", ""5"": ""Remains at its current level"", ""8"": ""Don't know"", ""9"": ""Refuse""}",,,1.0,9.0
217,q701b,q701b People differ whether the increase in the global connectivity is a good thing. Do you think that the increase in global connectivity is a good or a bad thing for the society?,float64,1199,0,6,"{""0"": ""Missing"", ""1"": ""Very good"", ""2"": ""Somewhat good"", ""3"": ""Neither good nor bad"", ""4"": ""Somewhat bad"", ""5"": ""Very bad"", ""8"": ""Don't know"", ""9"": ""Refuse""}",,,1.0,8.0
218,q701c,"q701c Do you think that the sum of foreign aid to your country shall increase, decrease, or remain at its current level?",float64,1199,0,6,"{""0"": ""Missing"", ""1"": ""Increase a lot"", ""2"": ""Increase a little"", ""3"": ""Remain at its current level"", ""4"": ""Decrease a little"", ""5"": ""Decrease a lot"", ""8"": ""Don't know"", ""9"": ""Refuse""}",,,1.0,8.0
219,q701d1,q701d.1. Do you think that the impact of foreign assistance in your country’s economy is … ?,float64,1199,0,7,"{""0"": ""Missing"", ""1"": ""Very positive"", ""2"": ""Somewhat positive"", ""3"": ""Has no impact"", ""4"": ""Negative"", ""5"": ""Very negative"", ""8"": ""Don't know"", ""9"": ""Refuse""}",,,1.0,9.0
220,q701d2,q701d.2 Do you think that the impact of foreign assistance on people at a similar employment condition as yours is … ?,float64,1199,0,7,"{""0"": ""Missing"", ""1"": ""Very positive"", ""2"": ""Somewhat positive"", ""3"": ""Has no impact"", ""4"": ""Negative"", ""5"": ""Very negative"", ""8"": ""Don't know"", ""9"": ""Refuse""}",,,1.0,9.0
221,q701d3,q701d.3 Do you think that the impact of international trade on the economy is … ?,float64,1199,0,7,"{""0"": ""Missing"", ""1"": ""Very positive"", ""2"": ""Somewhat positive"", ""3"": ""Has no impact"", ""4"": ""Negative"", ""5"": ""Very negative"", ""8"": ""Don't know"", ""9"": ""Refuse""}",,,1.0,9.0
222,q701d4,q701d.4 Do you think that the impact of international trade on people at a similar employment condition as yours is … ?,float64,1199,0,7,"{""0"": ""Missing"", ""1"": ""Very positive"", ""2"": ""Somewhat positive"", ""3"": ""Has no impact"", ""4"": ""Negative"", ""5"": ""Very negative"", ""8"": ""Don't know"", ""9"": ""Refuse""}",,,1.0,9.0
223,q701d5,q701d.5 Do you think that the impact of foreign investment people at a similar employment condition as yours is … ?,float64,1199,0,7,"{""0"": ""Missing"", ""1"": ""Very positive"", ""2"": ""Somewhat positive"", ""3"": ""Has no impact"", ""4"": ""Negative"", ""5"": ""Very negative"", ""8"": ""Don't know"", ""9"": ""Refuse""}",,,1.0,9.0
224,q701d6,q701d.6 Do you think that the impact of foreign investment on the economy is … ?,float64,1199,0,7,"{""0"": ""Missing"", ""1"": ""Very positive"", ""2"": ""Somewhat positive"", ""3"": ""Has no impact"", ""4"": ""Negative"", ""5"": ""Very negative"", ""8"": ""Don't know"", ""9"": ""Refuse""}",,,1.0,9.0
225,q702,"q702 During the past five years, did you spend time in a Western country (European country, Canada, the United States)?",float64,1199,0,7,"{""0"": ""Missing"", ""1"": ""Less than a month"", ""2"": ""Between one and three months"", ""3"": ""Between three and six months"", ""4"": ""Six months or more"", ""5"": ""I did not visit any Western countries"", ""8"": ""Don't know"", ""9"": ""Refuse""}",,,1.0,9.0
226,q703,q703 Is it better for your country … ?,float64,1199,0,5,"{""0"": ""Missing"", ""1"": ""To open up to the outside world to a greater extent"", ""2"": ""To maintain the current level of openness to the outside world"", ""3"": ""To decrease its level of openness to the outside world"", ""8"": ""Don't know"", ""9"": ""Refuse""}",,,1.0,9.0
227,q704,q704 Are the external demands for reform … ?,float64,1199,0,6,"{""0"": ""Missing"", ""1"": ""Acceptable"", ""2"": ""Acceptable with conditions"", ""3"": ""Unacceptable on principle"", ""4"": ""Unacceptable because they are harmful to national interests"", ""8"": ""Don't know"", ""9"": ""Refuse""}",,,1.0,9.0
228,q705,"q705 Some say the lack of development in the Arab world compared to other regions is due to external factors, while others blame internal factors. Which is more important in the lack of development in the Arab world?",float64,1199,0,5,"{""0"": ""Missing"", ""1"": ""Internal factors"", ""2"": ""External factors"", ""3"": ""Both are equally important (Do not read)"", ""8"": ""Don't know"", ""9"": ""Refuse""}",,,1.0,9.0
229,q706,q706 Do you agree or disagree with the following statement: The United States’ interference in the region justifies armed operations against the United States everywhere.,float64,1199,0,6,"{""0"": ""Missing"", ""1"": ""I strongly agree"", ""2"": ""I agree"", ""3"": ""I disagree"", ""4"": ""I strongly disagree"", ""8"": ""Don't know"", ""9"": ""Refuse""}",,,1.0,9.0
230,q707,"q707 Do you agree or disagree with the following statement: Despite negative U.S. foreign policy, Americans are good people.",float64,1199,0,4,"{""0"": ""Missing"", ""1"": ""I agree"", ""2"": ""I disagree"", ""8"": ""Don't know"", ""9"": ""Refuse""}",,,1.0,9.0
231,q708a,q708a Do you ... ?,float64,0,1199,0,"{""0"": ""Missing"", ""1"": ""Strongly support maintaining the peace treaty with Israel"", ""2"": ""Support maintaining the peace treaty with Israel"", ""3"": ""Support abolishing the peace treaty with Israel"", ""4"": ""Strongly support abolishing the peace treaty with Israel"", ""8"": ""Don't know"", ""9"": ""Refuse""}",,,,
232,q708kw,q708kw What's your position on the peace treaties signed by some Arab countries with Israel?,float64,0,1199,0,"{""0"": ""Missing"", ""1"": ""Strongly support maintaining peace treaties with Israel"", ""2"": ""Support maintaining the peace treaties with Israel"", ""3"": ""Support abolishing the peace treaties with Israel"", ""4"": ""Strongly support abolishing the peace treaties with Israel"", ""8"": ""Don't know"", ""9"": ""Refuse""}",,,,
233,q709,q709 Which of the following statements is closest to your opinion with regard to the Palestinian question?,float64,1199,0,4,"{""0"": ""Missing"", ""1"": ""The Arab world should accept the existence of Israel as a Jewish state in the Middle East when Palestinians accept it."", ""2"": ""The Arab world should not accept the existence of Israel as a Jewish state in the Middle East."", ""8"": ""Don't know"", ""9"": ""Refuse""}",,,1.0,9.0
234,q7111,q711.1 To what extent do you agree or disagree with the following statement? The Arab-Israeli conflict is an obstacle to political reform in your country.,float64,1199,0,5,"{""0"": ""Missing"", ""1"": ""I agree to a great extent"", ""2"": ""I agree to some extent"", ""3"": ""I disagree"", ""4"": ""I absolutely disagree"", ""8"": ""Don't know"", ""9"": ""Refuse""}",,,1.0,8.0
235,q7112,"q711.2 To what extent do you agree or disagree with the following statement? In order to eliminate global terrorism, the Palestinian issue must be solved.",float64,1199,0,5,"{""0"": ""Missing"", ""1"": ""I agree to a great extent"", ""2"": ""I agree to some extent"", ""3"": ""I disagree"", ""4"": ""I absolutely disagree"", ""8"": ""Don't know"", ""9"": ""Refuse""}",,,1.0,8.0
236,q7113,q711.3 To what extent do you agree or disagree with the following statement? Foreign interference is an obstacle to reform in your country.,float64,1199,0,5,"{""0"": ""Missing"", ""1"": ""I agree to a great extent"", ""2"": ""I agree to some extent"", ""3"": ""I disagree"", ""4"": ""I absolutely disagree"", ""8"": ""Don't know"", ""9"": ""Refuse""}",,,1.0,8.0
237,q713,q713 What is the most positive policy that the US can follow in our region?,float64,1199,0,8,"{""0"": ""Missing"", ""1"": ""Promote democracy"", ""2"": ""Promote economic development"", ""3"": ""Contain Iran"", ""4"": ""Solve the Arab-Israeli Conflict"", ""5"": ""Promote women’s rights"", ""6"": ""The US shouldn’t interfere"", ""8"": ""Don't know"", ""9"": ""Refuse""}",,,1.0,9.0
238,q800a,q800a The Arab Spring led some demonstrations and rallies in your country. Did you participate in any of these events?,float64,1199,0,3,"{""0"": ""Missing"", ""1"": ""Yes, I did"", ""2"": ""No, I did not"", ""8"": ""Don't know"", ""9"": ""Refuse""}",,,1.0,9.0
239,q800b,q800b Why did you participate?,float64,223,976,2,"{""0"": ""Missing"", ""1"": ""I am convinced in the objectives of these demonstrations"", ""2"": ""Because everyone was participating in these demonstrations"", ""8"": ""Don't know"", ""9"": ""Refuse""}",,,1.0,2.0
240,q800c,q800c Why did you not participate?,float64,972,227,8,"{""0"": ""Missing"", ""1"": ""I did not agree on the political changes"", ""2"": ""I did not know who to support in these demonstrations"", ""3"": ""I did not know how to participate in these demonstrations"", ""4"": ""I was afraid to participate in these demonstrations"", ""5"": ""I did not care to participate / It was not important"", ""6"": ""Other"", ""99998"": ""Don't know"", ""99999"": ""Refuse""}",,,1.0,99999.0
241,q800d1,q800d.1 Did you encounter any of the following as a result of the Arab Spring demonstrations in 2011? Theft or loss of personal belongings,float64,1199,0,3,"{""0"": ""Missing"", ""1"": ""Yes"", ""2"": ""No"", ""8"": ""Don't know"", ""9"": ""Refuse""}",,,1.0,8.0
242,q800d2,q800d.2 Did you encounter any of the following as a result of the Arab Spring demonstrations in 2011? Destruction of place of work or residence,float64,1199,0,3,"{""0"": ""Missing"", ""1"": ""Yes"", ""2"": ""No"", ""8"": ""Don't know"", ""9"": ""Refuse""}",,,1.0,8.0
243,q800d3,q800d.3 Did you encounter any of the following as a result of the Arab Spring demonstrations in 2011? Destruction of public property or institutions that affected your general condition,float64,1199,0,3,"{""0"": ""Missing"", ""1"": ""Yes"", ""2"": ""No"", ""8"": ""Don't know"", ""9"": ""Refuse""}",,,1.0,8.0
244,q800d4,q800d.4 Did you encounter any of the following as a result of the Arab Spring demonstrations in 2011? Loss of job or a subsidy (transfer income),float64,1199,0,4,"{""0"": ""Missing"", ""1"": ""Yes"", ""2"": ""No"", ""8"": ""Don't know"", ""9"": ""Refuse""}",,,1.0,9.0
245,q800d5,q800d.5 Did you encounter any of the following as a result of the Arab Spring demonstrations in 2011? Taking refuge internally (within the country),float64,1199,0,3,"{""0"": ""Missing"", ""1"": ""Yes"", ""2"": ""No"", ""8"": ""Don't know"", ""9"": ""Refuse""}",,,1.0,8.0
246,q800d6,q800d.6 Did you encounter any of the following as a result of the Arab Spring demonstrations in 2011? One of the immediate family had to emigrate out of the country,float64,1199,0,3,"{""0"": ""Missing"", ""1"": ""Yes"", ""2"": ""No"", ""8"": ""Don't know"", ""9"": ""Refuse""}",,,1.0,8.0
247,q800d7,q800d7. Did you encounter any of the following as a result of the Arab Spring demonstrations in 2011? One of the immediate family had to come back from abroad,float64,1199,0,3,"{""0"": ""Missing"", ""1"": ""Yes"", ""2"": ""No"", ""8"": ""Don't know"", ""9"": ""Refuse""}",,,1.0,8.0
248,q800d8,q800d.8 Did you encounter any of the following as a result of the Arab Spring demonstrations in 2011? The loss or disappearance of a family member,float64,0,1199,0,"{""0"": ""Missing"", ""1"": ""Yes"", ""2"": ""No"", ""8"": ""Don't know"", ""9"": ""Refuse""}",,,,
249,q800d9,q800d.9 Did you encounter any of the following as a result of the Arab Spring demonstrations in 2011? Injuries that resulted in physical disabilities for a family member,float64,0,1199,0,"{""0"": ""Missing"", ""1"": ""Yes"", ""2"": ""No"", ""8"": ""Don't know"", ""9"": ""Refuse""}",,,,
250,q810a,q810a Do you have feelings of victory or personal loss with regard to the Arab Spring?,float64,1199,0,5,"{""0"": ""Missing"", ""1"": ""More of personal loss"", ""2"": ""Difficult to define"", ""3"": ""More of personal victory"", ""8"": ""Don't know"", ""9"": ""Refuse""}",,,1.0,9.0
251,q8111,q811.1 Which of the following were the three main reasons that led to the Arab Spring?,float64,1199,0,8,"{""0"": ""Missing"", ""1"": ""Civil and political freedoms, and emancipation from oppression"", ""2"": ""Betterment of the economic situation"", ""3"": ""Fighting corruption"", ""4"": ""Weakning the political and economic relations of your country with the West"", ""5"": ""Weakning the political and economic relations of your country with Israel"", ""6"": ""Increased social justice"", ""7"": ""Rule of law"", ""8"": ""Dignity"", ""9"": ""Social and economic justice"", ""10"": ""Other"", ""99998"": ""Don't know"", ""99999"": ""Refuse""}",,,1.0,99999.0
252,q8112,q8112. Which of the following were the three main reasons that led to the Arab Spring?,float64,1198,1,9,"{""0"": ""Missing"", ""1"": ""Civil and political freedoms, and emancipation from oppression"", ""2"": ""Betterment of the economic situation"", ""3"": ""Fighting corruption"", ""4"": ""Weakning the political and economic relations of your country with the West"", ""5"": ""Weakning the political and economic relations of your country with Israel"", ""6"": ""Increased social justice"", ""7"": ""Rule of law"", ""8"": ""Dignity"", ""9"": ""Social and economic justice"", ""10"": ""Other"", ""99998"": ""Don't know"", ""99999"": ""Refuse""}",,,1.0,9.0
253,q8113,q8113. Which of the following were the three main reasons that led to the Arab Spring?,float64,1198,1,10,"{""0"": ""Missing"", ""1"": ""Civil and political freedoms, and emancipation from oppression"", ""2"": ""Betterment of the economic situation"", ""3"": ""Fighting corruption"", ""4"": ""Weakning the political and economic relations of your country with the West"", ""5"": ""Weakning the political and economic relations of your country with Israel"", ""6"": ""Increased social justice"", ""7"": ""Rule of law"", ""8"": ""Dignity"", ""9"": ""Social and economic justice"", ""10"": ""Other"", ""99998"": ""Don't know"", ""99999"": ""Refuse""}",,,1.0,10.0
254,q811a1,"q811a.1 In your opinion, do you think that the Arab Spring had realized it?",float64,1199,0,4,"{""0"": ""Missing"", ""1"": ""Yes"", ""2"": ""No"", ""8"": ""Don't know"", ""9"": ""Refuse""}",,,1.0,9.0
255,q811a2,"q811a.2 In your opinion, do you think that the Arab Spring had realized it?",float64,1198,1,4,"{""0"": ""Missing"", ""1"": ""Yes"", ""2"": ""No"", ""8"": ""Don't know"", ""9"": ""Refuse""}",,,1.0,9.0
256,q811a3,"q811a.3 In your opinion, do you think that the Arab Spring had realized it?",float64,1198,1,4,"{""0"": ""Missing"", ""1"": ""Yes"", ""2"": ""No"", ""8"": ""Don't know"", ""9"": ""Refuse""}",,,1.0,9.0
257,q812a1,"q812a.1 Egypt, Tunisia, Yemen, and Libya are currently drafting new constitutions. Considering your own country’s constitution, what is the importance in insuring equal rights between men and women?",float64,1199,0,5,"{""0"": ""Missing"", ""1"": ""Very important"", ""2"": ""Somewhat important"", ""3"": ""Not that important"", ""4"": ""Not important at all"", ""8"": ""Don't know"", ""9"": ""Refuse""}",,,1.0,9.0
258,q812a2,"q812a.2 Egypt, Tunisia, Yemen, and Libya are currently drafting new constitutions. Considering your own country’s constitution, what is the importance in insuring equal rights between Muslims and non-Muslims?",float64,1199,0,5,"{""0"": ""Missing"", ""1"": ""Very important"", ""2"": ""Somewhat important"", ""3"": ""Not that important"", ""4"": ""Not important at all"", ""8"": ""Don't know"", ""9"": ""Refuse""}",,,1.0,9.0
259,q812a3,"q812a.3 Egypt, Tunisia, Yemen, and Libya are currently drafting new constitutions. Considering your own country’s constitution, what is the importance in assuring that Sharia is the main source of legislation?",float64,1199,0,5,"{""0"": ""Missing"", ""1"": ""Very important"", ""2"": ""Somewhat important"", ""3"": ""Not that important"", ""4"": ""Not important at all"", ""8"": ""Don't know"", ""9"": ""Refuse""}",,,1.0,9.0
260,q812a4,"q812a.4. Egypt, Tunisia, Yemen, and Libya are currently drafting new constitutions. Considering your own country’s constitution, what is the importance insuring separation of legislative and executive authorities?",float64,1199,0,6,"{""0"": ""Missing"", ""1"": ""Very important"", ""2"": ""Somewhat important"", ""3"": ""Not that important"", ""4"": ""Not important at all"", ""8"": ""Don't know"", ""9"": ""Refuse""}",,,0.0,9.0
261,q812a5,"q812a.5. Egypt, Tunisia, Yemen, and Libya are currently drafting new constitutions. Considering your own country’s constitution, what is the importance in keeping the politics beyond the army?",float64,1199,0,5,"{""0"": ""Missing"", ""1"": ""Very important"", ""2"": ""Somewhat important"", ""3"": ""Not that important"", ""4"": ""Not important at all"", ""8"": ""Don't know"", ""9"": ""Refuse""}",,,1.0,9.0
262,q812a6,"q812a.6 Egypt, Tunisia, Yemen, and Libya are currently drafting new constitutions. Considering your own country’s constitution, what is the importance in forbiding the president from assuming absolute power?",float64,1199,0,5,"{""0"": ""Missing"", ""1"": ""Very important"", ""2"": ""Somewhat important"", ""3"": ""Not that important"", ""4"": ""Not important at all"", ""8"": ""Don't know"", ""9"": ""Refuse""}",,,1.0,9.0
263,q812a7,"q812a.7 Egypt, Tunisia, Yemen, and Libya are currently drafting new constitutions. Considering your own country’s constitution, what is the importance in guaranteeing workers’ rights?",float64,1199,0,5,"{""0"": ""Missing"", ""1"": ""Very important"", ""2"": ""Somewhat important"", ""3"": ""Not that important"", ""4"": ""Not important at all"", ""8"": ""Don't know"", ""9"": ""Refuse""}",,,1.0,9.0
264,q812a8,"q812a.8 Egypt, Tunisia, Yemen, and Libya are currently drafting new constitutions. Considering your own country’s constitution, what is the importance in guaranteeing social protection and health insurance for the poor?",float64,1199,0,5,"{""0"": ""Missing"", ""1"": ""Very important"", ""2"": ""Somewhat important"", ""3"": ""Not that important"", ""4"": ""Not important at all"", ""8"": ""Don't know"", ""9"": ""Refuse""}",,,1.0,9.0
265,q817a,q817a How do you view the relationship between Christians (in Egypt: Copts) and Muslims in reality?,float64,1199,0,6,"{""0"": ""Missing"", ""1"": ""A relationship of brotherhood, citizenship and cooperation"", ""2"": "" A relationship strained as a result of the cumulative mistakes of both officials and the people on both sides"", ""3"": ""A relationship strained because of the mistakes of officials"", ""4"": ""A relationship strained because of foreign conspiracy"", ""8"": ""Don't know"", ""9"": ""Refuse""}",,,1.0,9.0
266,q818yem,q818yem. How do you view the relationship between Northerners and Southerners in reality?,float64,0,1199,0,"{""0"": ""Missing"", ""1"": ""A relationship of brotherhood, citizenship and cooperation"", ""2"": "" A relationship strained as a result of the cumulative mistakes of both officials and the people on both sides"", ""3"": ""A relationship strained because of the mistakes of officials"", ""4"": ""A relationship strained because of foreign conspiracy"", ""8"": ""Don't know"", ""9"": ""Refuse""}",,,,
267,q1001,q1001 Age,float64,1199,0,70,"{""0"": ""Missing"", ""9999"": ""Refuse""}",,,18.0,87.0
268,q1002,q1002 Gender,float64,1199,0,2,"{""1"": ""Male"", ""2"": ""Female""}",,,1.0,2.0
269,q1003,q1003 Level of education,float64,0,1199,0,"{""0"": ""Missing"", ""1"": ""Illiterate/No formal education"", ""2"": ""Elementary"", ""3"": ""Prepartory/Basic"", ""4"": ""Secondary"", ""5"": ""Mid-level diploma (professional or technical"", ""6"": ""BA"", ""7"": ""MA and above"", ""99"": ""Refuse""}",,,,
270,q1003t,q1003t Level of education (Tunisia),float64,1199,0,6,"{""0"": ""Missing"", ""1"": ""Illiterate/No formal education"", ""2"": ""Elementary"", ""3"": ""Prepartory/Basic"", ""4"": ""Secondary"", ""5"": ""BA"", ""6"": ""MA and above"", ""99"": ""Refuse""}",,,1.0,6.0
271,q1003yem,q1003yem Level of education (Yemen),float64,0,1199,0,"{""0"": ""Missing"", ""1"": ""Illiterate/No formal education"", ""2"": ""Elementary"", ""3"": ""Prepartory/Basic"", ""4"": ""Pre-high school diploma"", ""5"": ""Secondary"", ""6"": ""Mid-level diploma/professional or technical)"", ""7"": ""BA"", ""8"": ""MA and above"", ""99"": ""Refuse""}",,,,
272,q1004,q1004. Do you work?,float64,1199,0,2,"{""0"": ""Missing"", ""1"": ""Yes"", ""2"": ""No"", ""8"": ""Don't know"", ""9"": ""Refuse""}",,,1.0,2.0
273,q1005,q1005. Are you ... ?,float64,804,395,5,"{""0"": ""Missing"", ""1"": ""Retired"", ""2"": ""A housewife"", ""3"": ""A student"", ""4"": ""Other"", ""5"": ""Unemployed"", ""99998"": ""Don't know"", ""99999"": ""Refuse""}",,,1.0,5.0
274,q1006,q1006 Do you work full time or part time?,float64,395,804,2,"{""0"": ""Missing"", ""1"": ""Full time (30 hours or more a week)"", ""2"": ""Part time (less than 30 hours a week)"", ""8"": ""Don't know"", ""9"": ""Refuse""}",,,1.0,2.0
275,q1006a,q1006a Economic / work sector?,float64,395,804,3,"{""0"": ""Missing"", ""1"": ""Public"", ""2"": ""Private"", ""3"": ""Other"", ""8"": ""Don't know"", ""9"": ""Refuse""}",,,1.0,3.0
276,q1007,"q1007 What is your position at the work (If you had more than one job, answer on the primary one)?",float64,130,1069,5,"{""0"": ""Missing"", ""1"": ""Director of an institution or a high ranking governmental employee"", ""6"": ""Working at the armed forces or the police"", ""8"": ""A governmental employee"", ""98"": ""Don't know"", ""99"": ""Refuse""}",,,1.0,99.0
277,q1007a,"q1007a What is your position at the work (If you had more than one job, answer on the primary one)?",float64,255,944,9,"{""0"": ""Missing"", ""1"": ""Employer/director of an institution with 10 employees or more"", ""2"": ""Employer/director of an institution with less than 10 employees"", ""3"": ""Professional such as lawyer, accountant, teacher, doctor, etc."", ""4"": ""Manual laborer"", ""5"": ""Agricultural worker/Owner of a farm"", ""6"": ""Member of the armed forces/public security"", ""7"": ""Owner of a shop/grocery store"", ""8"": ""A governmental employee"", ""9"": ""Private sector employee"", ""10"": ""Craftsperson"", ""98"": ""Don't know"", ""99"": ""Refuse""}",,,1.0,99.0
278,q1009,"q1009 If you are currently working or have worked in the past, which of the following does your current work provide or your former work if you are retired or unemployed?",float64,507,692,5,"{""0"": ""Missing"", ""1"": ""Pension at the conclusion of service"", ""2"": ""End of service gratuity"", ""3"": ""The job does not provide anything at the conclusion of service"", ""4"": ""Other"", ""5"": ""Not applicable"", ""99998"": ""Don't know"", ""99999"": ""Refuse""}",,,1.0,99999.0
279,q1010,q1010. Marital Status,float64,1199,0,3,"{""0"": ""Missing"", ""1"": ""Bachelor"", ""2"": ""Married"", ""3"": ""Divorced"", ""4"": ""Widowed"", ""5"": ""Engaged"", ""99998"": ""Don't know"", ""99999"": ""Refuse""}",,,1.0,3.0
280,q1011,q1011. What is your spouse’s profession?,float64,812,387,15,"{""0"": ""Missing"", ""1"": ""Employer/director of an institution with 10 employees or more"", ""2"": ""Employer/director of an institution with less than 10 employees"", ""3"": ""Professional such as lawyer, accountant, teacher, doctor, etc."", ""4"": ""Manual laborer"", ""5"": ""Agricultural worker/Owner of a farm"", ""6"": ""Member of the armed forces/public security"", ""7"": ""Owner of a shop/grocery store"", ""8"": ""Government employee"", ""9"": ""Private sector employee"", ""10"": ""Craftsperson"", ""11"": ""Housewife"", ""12"": ""Does not work"", ""13"": ""Retired"", ""14"": ""Student"", ""98"": ""Don't know"", ""99"": ""Refuse""}",,,1.0,99.0
281,q1011a,q1011a. Do you have one computer at least at your residence?,float64,1199,0,3,"{""0"": ""Missing"", ""1"": ""Yes"", ""2"": ""No"", ""8"": ""Don't know"", ""9"": ""Refuse""}",,,1.0,8.0
282,q1011b,q1011b. Do you have a car?,float64,1199,0,4,"{""0"": ""Missing"", ""1"": ""Yes"", ""2"": ""No"", ""8"": ""Don't know"", ""9"": ""Refuse""}",,,1.0,9.0
283,q1012,q1012. Religion,float64,1199,0,1,"{""0"": ""Missing"", ""1"": ""Muslim"", ""2"": ""Christian"", ""3"": ""Other"", ""4"": ""Jewish (Yemen only)"", ""98"": ""Don't know"", ""99"": ""Refuse""}",,,1.0,1.0
284,q1012a,q1012a. Denomination,float64,0,1199,0,"{""0"": ""Missing"", ""1"": ""Sunni"", ""2"": ""Shia"", ""3"": ""Druze"", ""4"": ""Maronite"", ""5"": ""Orthodox"", ""6"": ""Catholic"", ""7"": ""Armenian"", ""8"": ""Chaldean"", ""9"": ""Anglican"", ""10"": ""Latin"", ""11"": ""Assyrian"", ""12"": ""Syriac"", ""99999"": ""Refuse""}",,,,
285,q1013,q1013. Is the house you live in … ?,float64,1199,0,5,"{""0"": ""Missing"", ""1"": ""Owned"", ""2"": ""Rented"", ""3"": ""Owned with mortgage payments to a bank"", ""4"": ""Other"", ""99998"": ""Don't know"", ""99999"": ""Refuse""}",,,1.0,99999.0
286,q1014,q1014 Respondent's monthly income,float64,1199,0,83,"{""0"": ""Missing"", ""9999994"": ""No income"", ""9999995"": ""I do not remember"", ""9999996"": ""Not specified"", ""9999998"": ""Don't know"", ""9999999"": ""Refuse""}",,,45.0,9999999.0
287,q1015,q1015 Respondent's monthly household income,float64,1199,0,119,"{""0"": ""Missing"", ""9999994"": ""No income"", ""9999995"": ""I do not remember"", ""9999996"": ""Not specified"", ""9999998"": ""Don't know"", ""9999999"": ""Refuse""}",,,40.0,9999999.0
288,q1016,q1016 I will read you some statements related to your household income. Which of these statements comes closest to describing your household income?,float64,1199,0,6,"{""0"": ""Missing"", ""1"": ""Our household income covers our expenses well and we are able to save"", ""2"": ""Our household income covers our expenses without notable difficulties"", ""3"": ""Our household income does not cover our expenses and we face some difficulties in meeting our needs"", ""4"": ""Our household income does not cover our expenses and we face significant difficulties in meeting our needs"", ""8"": ""Don't know"", ""9"": ""Refuse""}",,,1.0,9.0
289,q1017,q1017. Does your family receive remittances from someone living abroad?,float64,1199,0,6,"{""0"": ""Missing"", ""1"": ""Yes, monthly"", ""2"": ""Yes, a few times a year"", ""3"": ""Yes, once a year"", ""4"": ""We do not receive anything"", ""8"": ""Don't know"", ""9"": ""Refuse""}",,,1.0,9.0
290,q1019_1,q1019.1 First Language,float64,1199,0,3,"{""0"": ""Missing"", ""1"": ""Arabic"", ""2"": ""English"", ""3"": ""French"", ""4"": ""Spanish"", ""5"": ""Amazigh"", ""11"": ""Kurdish"", ""16"": ""German"", ""17"": ""Armenian"", ""19"": ""Syriac"", ""23"": ""Assyrian"", ""24"": ""Turkmen"", ""27"": ""Serbo-Croatian"", ""28"": ""Nubian"", ""37"": ""Hasaitic"", ""38"": ""Bedouin"", ""39"": ""Bija"", ""40"": ""Masalit"", ""999"": ""Refuse""}",,,1.0,5.0
291,q1019_2,q1019.2 Second Language,float64,1199,0,8,"{""0"": ""Missing"", ""1"": ""Arabic"", ""2"": ""English"", ""3"": ""French"", ""4"": ""Spanish"", ""5"": ""Amazigh"", ""6"": ""Italian"", ""7"": ""Greek"", ""9"": ""Farsi"", ""14"": ""Russian"", ""15"": ""Turkish"", ""16"": ""German"", ""17"": ""Armenian"", ""20"": ""Swedish"", ""25"": ""Brazilian"", ""26"": ""Bengali"", ""27"": ""Serbo-Croatian"", ""28"": ""Nubian"", ""29"": ""Hausa"", ""30"": ""Serbo-Croatian and Urdu"", ""31"": ""Croatian"", ""32"": ""Chinese"", ""33"": ""Swahili"", ""34"": ""Romanian"", ""35"": ""Tabawiyah"", ""36"": ""English and French"", ""37"": ""Hasaitic"", ""39"": ""Bija"", ""40"": ""Masalit"", ""41"": ""Nubian-Dongolawi"", ""42"": ""Arnqa"", ""43"": ""Burqu"", ""44"": ""Tama"", ""45"": ""Dongolawi"", ""46"": ""Zaghawa"", ""47"": ""Fuwari"", ""48"": ""Berita"", ""49"": ""Hausa"", ""50"": ""Rutani-Hausa"", ""51"": ""Flata"", ""52"": ""Kneen"", ""53"": ""Hausa"", ""54"": ""Hadendoa"", ""55"": ""Hebrew"", ""996"": ""Does not speak second language"", ""999"": ""Refuse""}",,,1.0,996.0
292,q1020jo,q1020jo Country of Origin,float64,0,1199,0,"{""0"": ""Missing"", ""1"": ""Jordan"", ""2"": ""Palestine"", ""3"": ""Other"", ""8"": ""Don't know"", ""9"": ""Refuse""}",,,,
293,q2001ir,q2001ir Ethnicity,float64,0,1199,0,"{""0"": ""Missing"", ""1"": ""Arab"", ""2"": ""Kurdish"", ""3"": ""Assyrian"", ""8"": ""Don't know"", ""9"": ""Refuse""}",,,,
294,q2003,q2003 To the researcher: How would you describe the religious look of the respondent?,float64,0,1199,0,"{""0"": ""Missing"", ""1"": ""Traditional veil"", ""2"": ""Niqab"", ""3"": ""Without a veil"", ""4"": ""Jilbab"", ""5"": ""Beard"", ""6"": ""Wearing a Cross"", ""7"": ""None"", ""8"": ""Don't know"", ""9"": ""Refuse""}",,,,
295,q2004ir,"q2004ir In the opinion of the field team, the respondent is a member of what sect?",float64,0,1199,0,"{""3001"": ""Shia"", ""3002"": ""Sunni"", ""9999"": ""Cannot determine""}",,,,
296,q2005kw,"q2005kw In the opinion of the field team, the respondent is a member of what sect?",float64,0,1199,0,"{""4001"": ""Sunni"", ""4002"": ""Shia"", ""9999"": ""Cannot determine""}",,,,
