variable,n_waves,waves,first_wave,last_wave,question_text,question_text_source,text_varies_across_waves,comparison_basis,compared_wordings,lowest_text_agreement,text_from_questionnaire,w02_name,w02_text,w04_name,w04_text,w05_name,w05_text,w06p1_name,w06p1_text,w06p2_name,w06p2_text,w06p3_name,w06p3_text,w07_name,w07_text,w08_name,w08_text
COUNTRY,8,w02;w04;w05;w06p1;w06p2;w06p3;w07;w08,w02,w08,country Country of study,w02 release label,yes,release labels,7,0.452,,country,country Country of study,country,,country,COUNTRY ID,COUNTRY,Surveyed country,COUNTRY,Surveyed country,COUNTRY,Country,COUNTRY,Country,COUNTRY,Country
Q1,8,w02;w04;w05;w06p1;w06p2;w06p3;w07;w08,w02,w08,Governorate [1st Administrative Division],w08 questionnaire,yes,questionnaire,6,0.595,w04;w08,q1,q1 Province/Governorate/State,q1,Province/Governorate/State,q1,GOVERNORATE,Q1,Governorate,Q1,Governorate,Q1,Governorate,Q1,Q1. Governorate,Q1,Governorate [1st Administrative Division]
Q1001,8,w02;w04;w05;w06p1;w06p2;w06p3;w07;w08,w02,w08,Q1001. How old are you?,w06p2 release label,yes,questionnaire,6,0.222,w06p1,q1001,q1001 Age,q1001,,Q1001,,Q1001,How old are you?,Q1001,Q1001. How old are you?,Q1001,How old are you?,Q1001,Q1001. How old are you?,Q1001,Q1001. How old are you?
Q1002,8,w02;w04;w05;w06p1;w06p2;w06p3;w07;w08,w02,w08,Q1002. What is your gender?,w06p1 release label,no,questionnaire,3,1.0,,q1002,q1002 Gender,q1002,,Q1002,DEMOGRAPHICS: GENDER,Q1002,Q1002. What is your gender?,Q1002,Q1002. What is your gender?,Q1002,What is your gender?,Q1002,Q1002. Gender,Q1002,Q1002. Gender
Q1003,8,w02;w04;w05;w06p1;w06p2;w06p3;w07;w08,w02,w08,"Level of Education (Algeria, Egypt, Morocco,Palestine and Qatar only)",w04 questionnaire,yes,questionnaire,7,0.346,w04,q1003,q1003 Level of education,q1003,"Level of Education (Algeria, Egypt, Morocco,Palestine and Qatar only)",Q1003,DEMOGRAPHICS: HIHGEST LEVEL OF EDUCATION,Q1003,Q1003. What is your highest level of education?,Q1003,Q1003.What is your highest level of education?,Q1003,What is your highest level of education?,Q1003,Q1003. What is your highest level of education?,Q1003,Q1003 What is your highest level of education?
Q1005,8,w02;w04;w05;w06p1;w06p2;w06p3;w07;w08,w02,w08,DEMOGRAPHICS: EMPLOYMENT STATUS,w05 release label,yes,release labels,7,0.162,w04,q1005,q1005 Are you?,q1005,Are you … ?,Q1005,DEMOGRAPHICS: EMPLOYMENT STATUS,Q1005,Q1005. Are you…,Q1005,Employment status,Q1005,Employment status,Q1005,Q1005. Employment status,Q1005,Q1005 Are you…
Q101,8,w02;w04;w05;w06p1;w06p2;w06p3;w07;w08,w02,w08,Q101. How would you evaluate the current economic situation in your country?,w06p1 release label,no,questionnaire,7,0.887,w04,q101,q101 How would you evaluate the current economic situation in your country?,q101,How would you evaluate the current economicsituation in your country?,Q101,EVALUATION: CURRENT ECONOMIC SITUATION,Q101,Q101. How would you evaluate the current economic situation in your country?,Q101,Q101.How would you evaluate the current economic situation in your country?,Q101,How would you evaluate the current economic situation in your country?,Q101,Q101. How would you evaluate the current economic situation in your country?,Q101,Q101. How would you evaluate the current economic situation in?
Q1010,8,w02;w04;w05;w06p1;w06p2;w06p3;w07;w08,w02,w08,Q1010. What is your current social status?,w06p1 release label,yes,questionnaire,7,0.5,w04,q1010,q1010 Marital status,q1010,Marital Status,Q1010,DEMOGRAPHICS: SOCIAL STATUS,Q1010,Q1010. What is your current social status?,Q1010,Q1010.What is your current social status?,Q1010,What is your current social status?,Q1010,Q1010. What is your current social status?,Q1010,Q1010 What is your current social status
Q1012,8,w02;w04;w05;w06p1;w06p2;w06p3;w07;w08,w02,w08,Q1012. What is your religion?,w06p1 release label,yes,questionnaire,6,0.25,,q1012,q1012 Religion,q1012,,Q1012,RELIGION,Q1012,Q1012. What is your religion?,Q1012,Q1012.What is your religion?,Q1012,What is your religion?,Q1012,Q1012. What is your religion?,Q1012,Q1012. What is your religion?
Q1016,8,w02;w04;w05;w06p1;w06p2;w06p3;w07;w08,w02,w08,q1016 I will read you some statements related to your household income. Which of these statements comes closest to describing your household income?,w02 release label,no,questionnaire,6,0.682,w04,q1016,q1016 I will read you some statements related to your household income. Which of these statements comes closest to describing your household income?,q1016,I will read you some statements related to yourhousehold income. Which of these statementscomes closest to describing your household income?,Q1016,DEMOGRAPHICS: INCOME SITUATION,Q1016,Q1016. Which of these statements comes closest to describing your net household,Q1016,Q1016.Which of these statements comes closest to describing your net household i,Q1016,Which of these statements comes closest to describing your net household income?,Q1016,Q1016. Which of these statements comes closest to describing your net household income?,Q1016,Q1016 Which of these statements comes closest to describing your net household income?
Q210,8,w02;w04;w05;w06p1;w06p2;w06p3;w07;w08,w02,w08,Q210. To what extent do you think that there is corruption within the national state agencies and institutions in your country?,w07 release label,no,questionnaire,7,0.723,w04,q210,q210 Do you think that there is corruption within the state’s institutions and agencies?,q210,To what extent do you think that there is corruptionwithin the state agencies and institutions in yourcountry?,Q210,CORRUPTION: EXTENT NATIONAL LEVEL,Q210,Q210. To what extent do you think that there is corruption within the national s,Q210,Q210.To what extent do you think that there is corruption within the national st,Q210,To what extent do you think that there is corruption within the national state a,Q210,Q210. To what extent do you think that there is corruption within the national state agencies and institutions in your country?,Q210,Q210 To what extent do you think that there is corruption within the national state agencies and institutions in your country?
Q609,8,w02;w04;w05;w06p1;w06p2;w06p3;w07;w08,w02,w08,"Q609. In general, would you describe yourself as religious, somewhat religious, or not religious?",w08 release label,yes,questionnaire,7,0.559,w04,q609,"q609 Generally speaking, would you describe yourself as...?",q609,"In general, you would describe yourself as … ?",Q609,LEVEL OF RELIGIOSITY,Q609,"Q609. In general, would you describe yourself as religious, somewhat religious,",Q609,"Q609.In general, would you describe yourself as religious, somewhat religious, o",Q609,"In general, would you describe yourself as religious, somewhat religious, or not",Q609,"Q609 Would describe yourself as religious, somewhat religious, or not religious?",Q609,"Q609. In general, would you describe yourself as religious, somewhat religious, or not religious?"
WT,8,w02;w04;w05;w06p1;w06p2;w06p3;w07;w08,w02,w08,Weight for the probability of selection,w06p2 release label,yes,release labels,3,0.25,,wt,wt Weight,wt,,wt,,WT,,WT,Weight for the probability of selection,WT,Weight for the probability of selection,WT,,WT,
Q1006A,7,w04;w05;w06p1;w06p2;w06p3;w07;w08,w04,w08,Q1006a. And what sector do you work in? Do you work in the…,w06p1 release label,yes,questionnaire,6,0.29,w04,,,q1006a,Economic / Work sector,Q1006A,DEMOGRAPHICS: EMPLOYMENT SECTOR,Q1006A,Q1006a. And what sector do you work in? Do you work in the…,Q1006A,Q1006a.And what sector do you work in? Do you work in the…,Q1006A,And what sector do you work in? Do you work in the…,Q1006A,Q1006A. What sector do you work in?,Q1006A,Q1006A And what sector do you work in? Do you work in the…
Q409,7,w02;w04;w05;w06p1;w06p2;w07;w08,w02,w08,"Q409. On average, how often do you use the Internet?",w07 release label,no,questionnaire,6,0.687,w04,q409,q409 Do you use the internet,q409,"On average, how often do you use the internet?",Q409,MEDIA USAGE: INTERNET,Q409,"Q409.On average, how often do you use the Internet",Q409,"Q409.On average, how often do you use the Internet",,,Q409,"Q409. On average, how often do you use the Internet?",Q409,"Q409. On average, how often do you use the Internet?"
ID,6,w05;w06p1;w06p2;w06p3;w07;w08,w05,w08,Respondent ID number,w06p2 release label,no,release labels,2,0.788,,,,,,id,,ID,,ID,Respondent ID number,ID,Respondent ID,ID,,ID,
Q1010B1,6,w05;w06p1;w06p2;w06p3;w07;w08,w05,w08,Q1010b1. Do you have children?,w06p1 release label,yes,questionnaire,5,0.455,,,,,,Q1010B1,DEMOGRAPHICS: CHILDREN,Q1010B1,Q1010b1. Do you have children?,Q1010B1,Q1010b1.Do you have children?,Q1010B1,Do you have children?,Q1010B1,Q1010B1. Do you have children?,Q1010B1,Q1010B1 Do you have children?
Q102,6,w02;w04;w05;w06p3;w07;w08,w02,w08,Q102. What do you think will be the economic situation in your country during the next few years (2-3 years) compared to the current situation?,w07 release label,no,questionnaire,5,0.822,w04,q102,q102 What do you think will be the economic situation in your country during the next few years (3-5 years) compared to the current situation?,q102,What do you think will be the economic situation inyour country during the next few years (3-5 years)compared to the current situation?,Q102,EVALUATION: FUTURE ECONMIC SITUATION,,,,,Q102,What do you think will be the economic situation in your country during the next,Q102,Q102. What do you think will be the economic situation in your country during the next few years (2-3 years) compared to the current situation?,Q102,"Q102. In your opinion, what will be the economic situation in during the next few years (2-3 years) compared to the current situation?"
Q104,6,w02;w04;w05;w06p3;w07;w08,w02,w08,Q104. Some people decide to leave their countries to live somewhere else. Have you ever thought about emigrating from your country?,w07 release label,yes,questionnaire,5,0.395,w04,q104,q104 Do you think about emigrating from your country?,q104,Do you think about emigrating from your country?,Q104,MIGRATION: CONSIDERATION EMIGRATION,,,,,Q104,Have you ever thought about emigrating from your country?,Q104,Q104. Some people decide to leave their countries to live somewhere else. Have you ever thought about emigrating from your country?,Q104,Q104. Some people decide to leave their countries to live somewhere else. Have you ever thought about emigrating from?
Q201A_1,6,w05;w06p1;w06p2;w06p3;w07;w08,w05,w08,Trust in government (Council of Ministers),w06p3 release label,no,questionnaire,5,1.0,,,,,,Q201A_1,TRUST: GOVERNMENT,Q201A_1,Q201a_1.Government (Council of Ministers),Q201A_1,Q201a_1.Government (Council of Ministers),Q201A_1,Trust in government (Council of Ministers),Q201A_1,Q201A_1. Government (Council of Ministers),Q201A_1,Q201A_1 Government (Council of Ministers)
Q201A_2,6,w05;w06p1;w06p2;w06p3;w07;w08,w05,w08,Trust in courts and legal system,w06p3 release label,no,questionnaire,5,1.0,,,,,,Q201A_2,TRUST: COURTS/LEGAL SYSTEM,Q201A_2,Q201a_2.Courts and legal system,Q201A_2,Q201a_2.Courts and legal system,Q201A_2,Trust in courts and legal system,Q201A_2,Q201A_2. Courts and legal system,Q201A_2,Q201A_2 Courts and legal system
Q201B_13,6,w05;w06p1;w06p2;w06p3;w07;w08,w05,w08,Q201b_13. Religious leaders,w06p1 release label,no,questionnaire,4,1.0,,,,,,Q201B_13,TRUST: RELIGIOUS LEADERS,Q201B_13,Q201b_13. Religious leaders,Q201B_13,Q201b_13.Religious leaders,Q201B_13,Trust in religious leaders,Q201B_13,Q201B_13. Religious leaders,Q201B_13,Q201B_13 Religious leaders
Q201B_6,6,w05;w06p1;w06p2;w06p3;w07;w08,w05,w08,Q201b_6. The armed forces (the army),w06p1 release label,no,questionnaire,4,1.0,,,,,,Q201B_6,TRUST: THE ARMY,Q201B_6,Q201b_6. The armed forces (the army),Q201B_6,Q201b_6.The armed forces (the army),Q201B_6,Trust in armed forces,Q201B_6,Q201B_6. The armed forces (the army),Q201B_6,Q201B_6 The army
Q204A_1,6,w05;w06p1;w06p2;w06p3;w07;w08,w05,w08,Q204A_1. The educational system in our country,w07 release label,no,questionnaire,5,1.0,,,,,,Q204A_1,EVALUATION: EDUCATIONAL SYSTEM,Q204A_1,Q204a_1. The education system in our country,Q204A_1,Q204a_1.The educational system in our country,Q204A_1,The educational system in our country,Q204A_1,Q204A_1. The educational system in our country,Q204A_1,Q204A_1 The educational system in our country
Q204A_2,6,w05;w06p1;w06p2;w06p3;w07;w08,w05,w08,Q204a_2. The healthcare system in our country,w06p1 release label,no,questionnaire,5,1.0,,,,,,Q204A_2,EVALUATION: HEALTHCARE SYSTEM,Q204A_2,Q204a_2. The healthcare system in our country,Q204A_2,Q204a_2.The healthcare system in our country,Q204A_2,The healthcare system in our country,Q204A_2,Q204A_2. The healthcare system in our country,Q204A_2,Q204A_2 The healthcare system in our country
Q2061A,6,w05;w06p1;w06p2;w06p3;w07;w08,w05,w08,Q2061A. What is the most important challenge facing your country today?,w07 release label,no,questionnaire,4,1.0,,,,,,Q2061A,MOST IMPORTANT CHALLENGE,Q2061A,Q2061a. What is the most important challenge facing [COUNTRY] today?,Q2061A,Q2061a. What is the most important challenge facing [COUNTRY] today?,Q2061A,What is the most important challenge facing [COUNTRY] today?,Q2061A,Q2061A. What is the most important challenge facing your country today?,Q2061A,Q2061A. What is the most important challenge facing today?
Q521_1,6,w05;w06p1;w06p2;w06p3;w07;w08,w05,w08,To what extent do you think that [Freedom to express opinions.] is guaranteed in,w06p3 release label,no,questionnaire,5,0.784,,,,,,Q521_1,GUARANTEED FREEDOMS: OPINION EXPRESSION,Q521_1,Q521_1.Freedom to express opinions,Q521_1,Q521_1.Freedom to express opinions,Q521_1,To what extent do you think that [Freedom to express opinions.] is guaranteed in,Q521_1,Q521_1. Freedom to express opinions,Q521_1,Q521_1 Freedom to express opinions
Q725_1,6,w05;w06p1;w06p2;w06p3;w07;w08,w05,w08,Q725_1. Rating of the foreign policies of United States President Joseph Biden,w07 release label,no,questionnaire,5,1.0,,,,,,Q725_1,EVALUATION: PRESIDENT TRUMP,Q725_1,Foreign policy evaluation of American President Joseph Biden,Q725_1,Q725_1.American President Donald Trump,Q725_1,Foreign policy evaluation of American President Joseph Biden,Q725_1,Q725_1. Rating of the foreign policies of United States President Joseph Biden,Q725_1,Q725_1 United States President Joseph Biden
Q725_4,6,w05;w06p1;w06p2;w06p3;w07;w08,w05,w08,Q725_4. Rating of the foreign policies of Chinese President Xi Jinping,w07 release label,no,questionnaire,5,1.0,,,,,,Q725_4,French President Emmanuel Macron,Q725_4,Foreign policy evaluation of Chinese President Xi Jinping,Q725_4,Q725_4.Chinese President Jinping Xi,Q725_4,Foreign policy evaluation of Chinese President Xi Jinping,Q725_4,Q725_4. Rating of the foreign policies of Chinese President Xi Jinping,Q725_4,Q725_4 Chinese President Xi Jinping
DATE,5,w06p1;w06p2;w06p3;w07;w08,w06p1,w08,RECORD TODAY’S DATE,w07 release label,yes,release labels,4,0.222,,,,,,,,DATE,,DATE,Date of interview,DATE,Date of interview,DATE,RECORD TODAY’S DATE,DATE,RECORD TODAY’S DATE
Q1005B,5,w06p1;w06p2;w06p3;w07;w08,w06p1,w08,Q1005b. You said you were retired. Do you receive a pension?,w06p1 release label,no,questionnaire,5,1.0,,,,,,,,Q1005B,Q1005b. You said you were retired. Do you receive a pension?,Q1005B,Q1005b.You said you were retired. Do you receive a pension?,Q1005B,You said you were retired. Do you receive a pension?,Q1005B,Q1005B. You said you were retired. Do you receive a pension?,Q1005B,Q1005B You said you were retired. Do you receive a pension?
Q1006,5,w02;w04;w05;w07;w08,w02,w08,DEMOGRAPHICS: EMPLOYMENT STATUS: FULLTIME VS PARTTIME,w05 release label,no,questionnaire,4,1.0,w04,q1006,q1006 Do you work full time or part time?,q1006,Do you work full time or part time?,Q1006,DEMOGRAPHICS: EMPLOYMENT STATUS: FULLTIME VS PARTTIME,,,,,,,Q1006,Q1006. Do you work full time or part time?,Q1006,Q1006 Do you work full time or part time?
Q1012A,5,w04;w05;w06p1;w06p2;w06p3,w04,w06p3,Denomination (In Lebanon based on samplestrata for sect),w04 questionnaire,yes,questionnaire,4,0.27,w04,,,q1012a,Denomination (In Lebanon based on samplestrata for sect),Q1012A,RELIGIOUS SECT,Q1012A,What is your religious denomination?,Q1012A,Q1012a. What is your religious denomination?,Q1012A,What is your religious denomination?,,,,
Q1014C,5,w06p1;w06p2;w06p3;w07;w08,w06p1,w08,"Q1014C. Including yourself, what is the total number of family members who live in this household on a permanent basis?",w08 release label,no,questionnaire,5,0.671,,,,,,,,Q1014C,Q1014c. What is the total number of people who live in this household?,Q1014C,Q1014c.What is the total number of people who live in this household?,Q1014C,What is the total number of people who live in this household?,Q1014C,Q1014C. What is the total number of people who live in this household?,Q1014C,"Q1014C. Including yourself, what is the total number of family members who live in this household on a permanent basis?"
Q1017,5,w02;w04;w05;w07;w08,w02,w08,Q1017. Does your family receive remittances from any immediate or extended family member living abroad?,w07 release label,no,questionnaire,4,0.764,w04,q1017,q1017 Does your family receive remittances from someone living abroad?,q1017,Does your family receive remittances from someoneliving abroad?,Q1017,DEMOGRAPHICS: REMITTANCE,,,,,,,Q1017,Q1017. Does your family receive remittances from any immediate or extended family member living abroad?,Q1017,Q1017. Does your family receive remittances from any immediate or extended family member living abroad?
Q103,5,w02;w04;w05;w07;w08,w02,w08,"Q103. Generally speaking, would you say that “Most people can be trusted” or “that you must be very careful in dealing with people”?",w07 release label,yes,questionnaire,4,0.573,w04,q103,"q103 Generally speaking, do you think most people are trustworthy or not?",q103,"Generally speaking, do you think most people aretrustworthy or not?",Q103,TRUST: INTERPERSONAL,,,,,,,Q103,"Q103. Generally speaking, would you say that “Most people can be trusted” or “that you must be very careful in dealing with people”?",Q103,"Q103 Generally speaking, would you say that “Most people can be trusted” or “that you must be very careful in dealing with people”?"
Q13,5,w02;w04;w05;w07;w08,w02,w08,Urban/Rural:1. Urban2. Rural3. Refugee camp (Palestine only) |__|,w04 questionnaire,yes,questionnaire,4,0.077,w04,q13,q13 Urban/Rural,q13,Urban/Rural:1. Urban2. Rural3. Refugee camp (Palestine only) |__|,q13,SETTLEMENT,,,,,,,Q13,Q13 Urban/Rural,Q13,Q13 Urban/Rural
Q204_20,5,w05;w06p2;w06p3;w07;w08,w05,w08,EVALUATION: GOVERNMENT PERFORMANCE: KEEPING PRICED DOWN,w05 release label,no,questionnaire,4,1.0,,,,,,Q204_20,EVALUATION: GOVERNMENT PERFORMANCE: KEEPING PRICED DOWN,,,Q204_20,Q204_20.Keeping prices down,Q204_20,Keeping prices down,Q204_20,Q204_20. Keeping prices down,Q204_20,Q204_20 Keeping prices down
Q211,5,w02;w04;w05;w06p1;w06p3,w02,w06p3,"q211 In your opinion, to what extent is the government working to eliminate corruption in your country?",w02 release label,no,questionnaire,4,0.766,w04,q211,"q211 In your opinion, to what extent is the government working to eliminate corruption in your country?",q211,"In youropinion, to what extent is the government workingto crackdown on corruption and root out bribes?",Q211,CORRUPTION: EXTENT TACKLED BY GOVERNMENT,Q211,"Q211. In your opinion, to what extent is the national government working to crac",,,Q211,"In your opinion, to what extent is the national government working to crackdown",,,,
Q404,5,w02;w04;w05;w07;w08,w02,w08,"Q404. In general, to what extent are you interested in politics?",w07 release label,no,questionnaire,4,0.991,w04,q404,"q404 In general, to what extent are you interested in politics?",q404,"In general, to what extent are you interested inpolitics?",Q404,POLITICAL INTEREST,,,,,,,Q404,"Q404. In general, to what extent are you interested in politics?",Q404,"Q404 In general, to what extent are you interested in politics?"
Q516A,5,w04;w05;w06p1;w07;w08,w04,w08,Q516A. I am interested in how you think about the core values underlying any society. Which of these three statements is closest to your own opinion,w07 release label,no,questionnaire,4,0.607,w04,,,q516a,Which of these three statements is closest to yourown opinion,Q516A,PREFERENCE: GOVERMENT,Q516A,Q516a. I am interested in how you think about the core values underlying any soc,,,,,Q516A,Q516A. I am interested in how you think about the core values underlying any society. Which of these three statements is closest to your own opinion,Q516A,Q516A Which of these three statements is closest to your own opinion
Q521_4,5,w05;w06p2;w06p3;w07;w08,w05,w08,Q521_4. Freedom to participate in peaceful protests and demonstrations,w07 release label,no,questionnaire,4,0.784,,,,,,Q521_4,GUARANTEED FREEDOMS: PROTEST/DEMONSTRATE,,,Q521_4,Q521_4.Freedom to participate in peaceful protests and demonstrations,Q521_4,Freedom to participate in peaceful protests and demonstrations,Q521_4,Q521_4. Freedom to participate in peaceful protests and demonstrations,Q521_4,Q521_4 Freedom to participate in peaceful protests and demonstrations
Q601_18,5,w05;w06p1;w06p3;w07;w08,w05,w08,Q601_18. A man should have final say in all decisions concerning the family,w07 release label,no,questionnaire,4,0.635,,,,,,Q601_18,WOMEN'S RIGHTS: HUSBANDS SHOULD HAVE FINAL SAY IN FAMILY DECISIONS,Q601_18,Q601_18.A man should have final say in all decisions concerning the family,,,Q601_18,A man should have final say in all decisions concerning the family,Q601_18,Q601_18. A man should have final say in all decisions concerning the family,Q601_18,Q601_18. A man should have final say in all decisions concerning the family
Q601_4,5,w05;w06p1;w06p3;w07;w08,w05,w08,Q601_4. University education for males is more important than university education for females,w07 release label,no,questionnaire,4,0.635,,,,,,Q601_4,WOMEN'S RIGHTS: UNIVERSITY EDUCATION MORE IMPORTANT FOR MALES,Q601_4,Q601_4.University education for males is more important than university educatio,,,Q601_4,University education for males is more important than university education for f,Q601_4,Q601_4. University education for males is more important than university education for females,Q601_4,Q601_4. University education for males is more important than university education for females
Q605,5,w04;w05;w06p2;w07;w08,w04,w08,Which of the following statements is the closest toyour point of view? (Not asked in Qatar),w04 questionnaire,yes,questionnaire,4,0.366,w04,,,q605,Which of the following statements is the closest toyour point of view? (Not asked in Qatar),Q605,PREFERENCE: SHARIA VS WILL OF PEOPLE,,,Q605,"Q605.From your point of view, should the laws of our country…",,,Q605,"Q605. From your point of view, should the laws of our country…",Q605,"Q605 From your point of view, should the laws of our country…"
Q700B_1,5,w06p1;w06p2;w06p3;w07;w08,w06p1,w08,Q700B_1. Favorability of the United States,w07 release label,no,questionnaire,5,0.948,,,,,,,,Q700B_1,Favorability: United States,Q700B_1,Q700b_1.The United States,Q700B_1,Favorability: United States,Q700B_1,Q700B_1. Favorability of the United States,Q700B_1,Q700B_1 The United States
Q700B_13,5,w06p1;w06p2;w06p3;w07;w08,w06p1,w08,Q700B_13. Favorability of China,w07 release label,no,questionnaire,5,0.948,,,,,,,,Q700B_13,Favorability: China,Q700B_13,Q700b_13.China,Q700B_13,Favorability: China,Q700B_13,Q700B_13. Favorability of China,Q700B_13,Q700B_13 China
PSU,4,w04;w05;w07;w08,w04,w08,PSU. Enter PSU,w07 release label,no,release labels,2,1.0,,,,psu,,psu,,,,,,,,PSU,PSU. Enter PSU,PSU,PSU. Enter PSU
Q1001A,4,w04;w05;w07;w08,w04,w08,What governorate are you from (where were youraised)? (Not asked in Qatar),w04 questionnaire,yes,questionnaire,3,0.545,w04,,,q1001a,What governorate are you from (where were youraised)? (Not asked in Qatar),Q1001A,DEMOGRAPHICS: GOVERNORATE OF ORIGIN,,,,,,,Q1001A,Q1001A Which governorate are you from?,Q1001A,Q1001A Which ${Q1001A_text} are you from?
Q1010C,4,w04;w05;w07;w08,w04,w08,"Q1010C. Does your spouse, fiancée, or partner wear the hijab?",w07 release label,no,questionnaire,3,0.667,w04,,,q1010c,Does your wife wear the hijab? (Notasked in Qatar),Q1010C,DEMOGRAPHICS: SOCIAL STATUS: WIFE WEARS HIJAB,,,,,,,Q1010C,"Q1010C. Does your spouse, fiancée, or partner wear the hijab?",Q1010C,Q1010C Does your spouse wear the hijab?
Q1COVID19,4,w06p1;w06p2;w06p3;w07,w06p1,w07,Q1COVID19. To what extent are you afraid that the coronavirus will continue to spread and infect many people in your country over the next 6 months?,w07 release label,no,questionnaire,4,0.963,,,,,,,,Q1COVID19,"Q1COVID19. In general, to what extent are you concerned that the coronavirus wil",Q1COVID19,"Q1COVID19.In general, to what extent are you concerned that the coronavirus will",Q1COVID19,"In general, to what extent are you concerned that the coronavirus will continue",Q1COVID19,Q1COVID19. To what extent are you afraid that the coronavirus will continue to spread and infect many people in your country over the next 6 months?,,
Q204A_3,4,w06p1;w06p3;w07;w08,w06p1,w08,How satisfied are you with the following? The government’s performance overall,w06p3 release label,no,questionnaire,4,1.0,,,,,,,,Q204A_3,Q204a_3. The government's performance overall,,,Q204A_3,How satisfied are you with the following? The government’s performance overall,Q204A_3,Q204A_3. The government’s performance overall,Q204A_3,Q204A_3 The government’s performance overall in our country
Q204_11,4,w05;w06p3;w07;w08,w05,w08,How would you evaluate the current government’s performance on: Providing secu,w06p3 release label,no,questionnaire,3,1.0,,,,,,Q204_11,EVALUATION: GOVERNMENT PERFORMANCE: PROVIDING SECURITY AND ORDER,,,,,Q204_11,How would you evaluate the current government’s performance on: Providing secu,Q204_11,Q204_11. Providing security and order,Q204_11,Q204_11 Providing security and order
Q204_25,4,w06p1;w06p2;w06p3;w07,w06p1,w07,Q204_25. How would you evaluate the current government’s performance on responding to the COVID-19 outbreak?,w07 release label,yes,questionnaire,4,0.466,,,,,,,,Q204_25,Q204_25. How would you evaluate the current government’s performance on respondi,Q204_25,Q204_25.Responding to the COVID-19 outbreak,Q204_25,Responding to the COVID-19 outbreak?,Q204_25,Q204_25. How would you evaluate the current government’s performance on responding to the COVID-19 outbreak?,,
Q204_3,4,w05;w06p2;w07;w08,w05,w08,EVALUATION: GOVERNMENT PERFORMANCE: NARROWING GAP BETWEEN RICH AND POOR,w05 release label,no,questionnaire,3,1.0,,,,,,Q204_3,EVALUATION: GOVERNMENT PERFORMANCE: NARROWING GAP BETWEEN RICH AND POOR,,,Q204_3,Q204_3.Narrowing the gap between rich and poor,,,Q204_3,Q204_3. Narrowing the gap between rich and poor,Q204_3,Q204_3 Narrowing the gap between rich and poor
Q214,4,w02;w04;w05;w07,w02,w07,"q214 Have you, or any of your relatives or anyone you know been asked for an approval or a certificate of good conduct from security agencies as a condition to obtain a passport, identity card or any document or permit from state institutions in the area y",w02 release label,yes,questionnaire,3,0.262,w04,q214,"q214 Have you, or any of your relatives or anyone you know been asked for an approval or a certificate of good conduct from security agencies as a condition to obtain a passport, identity card or any document or permit from state institutions in the area y",q214,Have you personally or any of your relatives oranyone you know been demanded to provide a,Q214,SERVICES: CERTIFICATE OF GOOD BEHAVIOR,,,,,,,Q214,Q214. Have you personally or any of your relatives or anyone you know been demanded to provide a permit or a certificate of good behavior from the security services (police for example) in order to obtain a passport or an identity card?,,
Q216,4,w02;w04;w05;w07,w02,w07,Q216. To what extent do you agree or disagree with the following statement: “Citizens must support the government’s decisions even if they disagree with them”,w07 release label,no,questionnaire,3,0.99,w04,q216,q216 To what extent do you agree or disagree with the following statement: Citizens must support the government’s decisions even if they disagree with them?,q216,To what extent do you agree or disagree with thefollowing statement: Citizens must support thegovernment’s decisions even if they disagree withthem?,Q216,DIS/AGREEMENT: CITIZEN MUST SUPPORT GOVERNMENT,,,,,,,Q216,Q216. To what extent do you agree or disagree with the following statement: “Citizens must support the government’s decisions even if they disagree with them”,,
Q2ACOVID19,4,w06p1;w06p2;w06p3;w07,w06p1,w07,Q2ACOVID19. You said you were very or somewhat concerned about the coronavirus c,w06p1 release label,yes,questionnaire,4,0.398,,,,,,,,Q2ACOVID19,Q2ACOVID19. You said you were very or somewhat concerned about the coronavirus c,Q2ACOVID19,Q2ACOVID19.Which of the following reasons best explains your concern?,Q2ACOVID19,Which of the following reasons best explains your concern?,Q2ACOVID19,Q2ACOVID19. Which of the following reasons best explains your concern?,,
Q2BCOVID19,4,w06p1;w06p2;w06p3;w07,w06p1,w07,Q2BCOVID19. You said you were somewhat not concerned or not at all concerned abo,w06p1 release label,yes,questionnaire,4,0.374,,,,,,,,Q2BCOVID19,Q2BCOVID19. You said you were somewhat not concerned or not at all concerned abo,Q2BCOVID19,Q2BCOVID19.Which of the following reasons best explains your lack of concern?,Q2BCOVID19,Which of the following reasons best explains your lack of concern?,Q2BCOVID19,Q2BCOVID19. Which of the following reasons best explains your lack of concern?,,
Q421,4,w05;w06p1;w07;w08,w05,w08,Q421. What is your primary source of information to follow the breaking news as events unfold?,w08 release label,no,questionnaire,3,1.0,,,,,,Q421,MEDIA USAGE: BREAKING NEWS: MAIN SOURCE OF INFORMATION,Q421,Q421 What is your primary source of information to follow the breaking news as e,,,,,Q421,Q421 What is your primary source of information to follow the breaking news as events unfold?,Q421,Q421. What is your primary source of information to follow the breaking news as events unfold?
Q511,4,w02;w04;w05;w08,w02,w08,"In your opinion, to what extent is your country democratic? (Not asked in Lebanon or Qatar) 0 1 2 3 4 5 6 7 8 9 10Democratic to No democracy whatsoeverthe greatest extentpossible",w04 questionnaire,no,questionnaire,2,0.642,w04,q511,"q511 In your opinion, to what extent is your country democratic?",q511,"In your opinion, to what extent is your country democratic? (Not asked in Lebanon or Qatar) 0 1 2 3 4 5 6 7 8 9 10Democratic to No democracy whatsoeverthe greatest extentpossible",Q511,DEMOCRACY: EXTENT,,,,,,,,,Q511,"Q511 In your opinion, to what extent is a democratic country?"
Q512,4,w02;w04;w05;w08,w02,w08,"q512 Suppose there was a scale from 1-10 measuring the extent to which democracy is suitable for your country, with 1 meaning that democracy is absolutely inappropriate for your country and 10 meaning that democracy is completely appropriate for your count",w02 release label,yes,questionnaire,2,0.296,,q512,"q512 Suppose there was a scale from 1-10 measuring the extent to which democracy is suitable for your country, with 1 meaning that democracy is absolutely inappropriate for your country and 10 meaning that democracy is completely appropriate for your count",q512,,Q512,DEMOCRACY: SUITABILITY,,,,,,,,,Q512,Q512 What is an appropriate level of democracy for your country?
Q601_3,4,w05;w06p1;w07;w08,w05,w08,"Q601_3. In general, men are better at political leadership than women",w07 release label,no,questionnaire,3,0.635,,,,,,Q601_3,WOMEN'S RIGHTS: MEN BETTER AT POLITICAL LEADERSHIP,Q601_3,"Q601_3.In general, men are better at political leadership than women",,,,,Q601_3,"Q601_3. In general, men are better at political leadership than women",Q601_3,"Q601_3. In general, men are better at political leadership than women"
Q725_2,4,w05;w06p2;w07;w08,w05,w08,Q725_2. Rating of the foreign policies of Russian President Vladimir Putin,w07 release label,no,questionnaire,3,1.0,,,,,,Q725_2,EVALUATION: PRESIDENT PUTIN,,,Q725_2,Q725_2.Russian President Vladimir Putin,,,Q725_2,Q725_2. Rating of the foreign policies of Russian President Vladimir Putin,Q725_2,Q725_2 Russian President Vladimir Putin
Q725_3,4,w05;w06p2;w07;w08,w05,w08,Q725_3. Rating of the foreign policies of Turkish President Recep Tayyip Erdoğan,w07 release label,no,questionnaire,3,1.0,,,,,,Q725_3,EVALUATION: PRESIDENT ERDOGAN,,,Q725_3,Q725_3.Turkish President Recep Tayyip Erdoğan,,,Q725_3,Q725_3. Rating of the foreign policies of Turkish President Recep Tayyip Erdoğan,Q725_3,Q725_3 Turkish President Recep Tayyip Erdoğan
A1,3,w02;w04;w05,w02,w05,Region:1. Highlands2. North3. South15001. West Bank15002. Gaza |__|,w04 questionnaire,no,release labels,2,0.8,w04,a1,a1 Region,a1,Region:1. Highlands2. North3. South15001. West Bank15002. Gaza |__|,a1,REGION,,,,,,,,,,
Q1001C,3,w04;w05;w07,w04,w07,How many years have you lived in the area you livenow? (Not asked in Qatar),w04 questionnaire,yes,questionnaire,2,0.394,w04,,,q1001c,How many years have you lived in the area you livenow? (Not asked in Qatar),Q1001C,DEMOGRAPHICS: SOCIAL STRUCTURE NEIGHBORHOOD,,,,,,,Q1001C,Q1001C. How would you describe the neighborhood where you live?,,
Q1005C,3,w06p3;w07;w08,w06p3,w08,Q1005C. Are you looking for a job?,w07 release label,no,questionnaire,3,1.0,,,,,,,,,,,,Q1005C,Are you looking for a job?,Q1005C,Q1005C. Are you looking for a job?,Q1005C,Q1005C Are you looking for a job?
Q1005D,3,w06p3;w07;w08,w06p3,w08,Q1005D. Why are you not looking for a job?,w07 release label,no,questionnaire,3,1.0,,,,,,,,,,,,Q1005D,Why are you not looking for a job?,Q1005D,Q1005D. Why are you not looking for a job?,Q1005D,Q1005D Why are you not looking for a job?
Q1010B2,3,w05;w06p3;w07,w05,w07,"Are any of your children primary, middle, or secondary school-aged?",w06p3 release label,yes,questionnaire,2,0.462,,,,,,Q1010B2,DEMOGRAPHICS: NUMBER OF CHILDREN,,,,,Q1010B2,"Are any of your children primary, middle, or secondary school-aged?",Q1010B2,Q1010B2. How many children live at this household?,,
Q1011D,3,w06p1;w06p2;w06p3,w06p1,w06p3,Q1011d. Do you share this mobile phone number with any other person or is it you,w06p1 release label,no,questionnaire,3,1.0,,,,,,,,Q1011D,Q1011d. Do you share this mobile phone number with any other person or is it you,Q1011D,Q1011d.Do you share this mobile phone number with any other person or is it your,Q1011D,Do you share this mobile phone number with any other person or is it your own pe,,,,
Q1011E,3,w06p1;w06p2;w06p3,w06p1,w06p3,Q1011e. How many mobile phone numbers do you have?,w06p1 release label,no,questionnaire,3,1.0,,,,,,,,Q1011E,Q1011e. How many mobile phone numbers do you have?,Q1011E,Q1011e.How many mobile phone numbers do you have?,Q1011E,How many mobile phone numbers do you have?,,,,
Q1011F,3,w06p1;w06p2;w06p3,w06p1,w06p3,Q1011f. Do you have a landline in the household where you currently live?,w06p1 release label,no,questionnaire,3,1.0,,,,,,,,Q1011F,Q1011f. Do you have a landline in the household where you currently live?,Q1011F,Q1011f.Do you have a landline in the household where you currently live?,Q1011F,Do you have a landline in the household where you currently live?,,,,
Q1014A,3,w05;w07;w08,w05,w08,Q1014A. How many adults aged 18 years and over living in your household work?,w07 release label,no,questionnaire,2,0.971,,,,,,Q1014A,DEMOGRAPHICS: NUMBER OF PEOPLE LIVING AT HH IN EMPLOYMENT,,,,,,,Q1014A,Q1014A. How many adults aged 18 years and over living in your household work?,Q1014A,Q1014A How many adults aged 18 years and over living in your household work?
Q1015,3,w02;w07;w08,w02,w08,Q1015. Monthly household income in local currency,w07 release label,yes,questionnaire,3,0.521,,q1015,q1015 Monthly household income,,,,,,,,,,,Q1015,Q1015. Monthly household income in local currency,Q1015,Q1015 Monthly household income in local currency
Q1020JO,3,w04;w05;w07,w04,w07,DEMOGRAPHICS: COUNTRY OF ORIGIN (JORDAN),w05 release label,yes,questionnaire,2,0.576,w04,,,q1020jo,Country of origin (Jordan only),Q1020JO,DEMOGRAPHICS: COUNTRY OF ORIGIN (JORDAN),,,,,,,Q1020JO,Q1020JO. What is your country of origin?,,
Q104C,3,w05;w07;w08,w05,w08,Q104C. Would you consider leaving your country even if you didn’t have the required papers?,w07 release label,no,questionnaire,2,1.0,,,,,,Q104C,MIGRATION: LEAVE WITHOUT PAPERS,,,,,,,Q104C,Q104C. Would you consider leaving your country even if you didn’t have the required papers?,Q104C,Q104C. Would you consider leaving even if you didn’t have the required papers?
Q105,3,w02;w04;w05,w02,w05,q105 Do you currently feel that your own personal as well as your family’s safety and security are ensured or not?,w02 release label,no,questionnaire,2,0.991,w04,q105,q105 Do you currently feel that your own personal as well as your family’s safety and security are ensured or not?,q105,Do you currently feel that your own personal as wellas your family’s safety and security are ensured ornot?,Q105,EVALUATION: PERSONAL SAFETY/SECURITY,,,,,,,,,,
Q112_2,3,w06p3;w07;w08,w06p3,w08,Q112_2. “The food that we bought did not last and we did not have money to get more”,w07 release label,no,questionnaire,3,0.977,,,,,,,,,,,,Q112_2,“The food that we bought did not last and we did not have money to get more”,Q112_2,Q112_2. “The food that we bought did not last and we did not have money to get more”,Q112_2,Q112_2. “The food that we bought did not last and we did not have money to get more”
Q118,3,w06p1;w06p2;w06p3,w06p1,w06p3,"Q118 In your opinion, which of the following is the most important issue the gov",w06p1 release label,no,questionnaire,3,1.0,,,,,,,,Q118,"Q118 In your opinion, which of the following is the most important issue the gov",Q118,Q118 Which of the following is the most important issue the government should be,Q118,"In your opinion, which of the following is the most important issue the governme",,,,
Q123,3,w06p2;w07;w08,w06p2,w08,"Q123. Among the following, which should be the top priority for government spending in the coming year?",w07 release label,no,questionnaire,2,1.0,,,,,,,,,,Q123,"Q123 Among the following, which of the following should be the top priority for",,,Q123,"Q123. Among the following, which should be the top priority for government spending in the coming year?",Q123,"Q123. Among the following, which should be the top priority for government spending in the coming year?"
Q201A_3,3,w05;w07;w08,w05,w08,Q201A_3. The elected council of representatives (the parliament),w07 release label,no,questionnaire,2,1.0,,,,,,Q201A_3,TRUST: PARLIAMENT,,,,,,,Q201A_3,Q201A_3. The elected council of representatives (the parliament),Q201A_3,Q201A_3 The elected council of representatives (the parliament)
Q201A_41,3,w05;w07;w08,w05,w08,Q201A_41. Regional government,w07 release label,no,questionnaire,2,1.0,,,,,,Q201A_41,TRUST: REGIONAL GOVERNMENT,,,,,,,Q201A_41,Q201A_41. Regional government,Q201A_41,Regional Government
Q201A_5,3,w05;w07;w08,w05,w08,TRUST: LOCAL GOVERNMENT (MUNICIPAL GOVERNMENT IN LEBANON),w05 release label,no,questionnaire,2,1.0,,,,,,Q201A_5,TRUST: LOCAL GOVERNMENT (MUNICIPAL GOVERNMENT IN LEBANON),,,,,,,Q201A_5,Q201A_5. Local government,Q201A_5,Q201A_5 ${Q201A_5_text}
Q201A_7,3,w05;w07;w08,w05,w08,Q201A_7. Civil society organizations,w07 release label,no,questionnaire,2,1.0,,,,,,Q201A_7,TRUST: CIVIL SOCIETY ORGANISATIONS,,,,,,,Q201A_7,Q201A_7. Civil society organizations,Q201A_7,Q201A_7 Civil society organizations
Q201B_12,3,w05;w07;w08,w05,w08,TRUST: ISLAMIST MOVEMENT (VARIES BY COUNTRY),w05 release label,yes,release labels,3,0.115,,,,,,Q201B_12,TRUST: ISLAMIST MOVEMENT (VARIES BY COUNTRY),,,,,,,Q201B_12,Q201B_12. Sunni_group,Q201B_12,Q201B_12 The main Sunni party
Q211B,3,w05;w07;w08,w05,w08,Q211B How widespread do you think corruption is in local government/your municipality/your local council?,w08 release label,no,questionnaire,2,1.0,,,,,,Q211B,CORRUPTION: RASHWA: EDUCATION SERVICES,,,,,,,Q211B,Q211B. How widespread do you think corruption is in your governorate?,Q211B,Q211B How widespread do you think corruption is in local government/your municipality/your local council?
Q263,3,w04;w05;w07,w04,w07,Q263. Which of the following statements best describes you?,w07 release label,no,questionnaire,2,0.99,w04,,,q263,Which of the following statements best describesyou?,Q263,CHARITY: HELPING THE POOR,,,,,,,Q263,Q263. Which of the following statements best describes you?,,
Q266,3,w05;w07;w08,w05,w08,"Q266. In a typical month, do you donate money to a charity or those in need?",w07 release label,no,questionnaire,2,1.0,,,,,,Q266,CHARITY: MONTHY DONATIONS,,,,,,,Q266,"Q266. In a typical month, do you donate money to a charity or those in need?",Q266,"Q266 In a typical month, do you donate money to a charity or those in need?"
Q301A,3,w05;w07;w08,w05,w08,ELECTORAL PARTICIPATION: TURNOUT PARLIAMENTARY ELECTIONS,w05 release label,no,questionnaire,2,1.0,,,,,,Q301A,ELECTORAL PARTICIPATION: TURNOUT PARLIAMENTARY ELECTIONS,,,,,,,Q301A,Q301A. Did you vote in the last parliamentary elections?,Q301A,Q301A Do you vote in the last parliamentary elections?
Q301B,3,w05;w07;w08,w05,w08,ELECTORAL PARTICIPATION: BELLI TURNOUT PARLIAMENTARY ELECTIONS,w05 release label,no,questionnaire,2,0.776,,,,,,Q301B,ELECTORAL PARTICIPATION: BELLI TURNOUT PARLIAMENTARY ELECTIONS,,,,,,,Q301B,Q301B. Do you intend to vote in the parliamentary elections?,Q301B,Q301B Will you vote in the next parliamentary election?
Q301C,3,w05;w07;w08,w05,w08,Q301C. Did you vote in the last local elections?,w07 release label,no,questionnaire,2,1.0,,,,,,Q301C,ELECTORAL PARTICIPATION: TURNOUT LOCAL ELECTION,,,,,,,Q301C,Q301C. Did you vote in the last local elections?,Q301C,Did you vote in the last local elections?
Q302,3,w02;w04;w05,w02,w05,"q302 During the last parliamentary elections held on (date of the last elections in each country), did you attend any meetings or activities related to any electoral campaign?",w02 release label,yes,questionnaire,2,0.384,w04,q302,"q302 During the last parliamentary elections held on (date of the last elections in each country), did you attend any meetings or activities related to any electoral campaign?",q302,During the last parliamentary elections that wereheld on,Q302,ELECTORAL PARTICIPATION: VISITED RALLY DURING PARLIAMENTARY ELECTION,,,,,,,,,,
Q303A,3,w05;w07;w08,w05,w08,"Q303A In general, how would you evaluate the last parliamentary elections?",w08 release label,no,questionnaire,2,1.0,,,,,,Q303A,EVALUATION: ELECTIONS FREE AND FAIR,,,,,,,Q303A,Q303A. How would you evaluate the last parliamentary elections?,Q303A,"Q303A In general, how would you evaluate the last parliamentary elections?"
Q424,3,w05;w07;w08,w05,w08,Q424. How many hours on a typical day do you spend on social media platforms?,w07 release label,no,questionnaire,2,1.0,,,,,,Q424,MEDIA USAGE: SOCIAL MEDIA,,,,,,,Q424,Q424. How many hours on a typical day do you spend on social media platforms?,Q424,Q424. How many hours on a typical day do you spend on social media platforms?
Q501,3,w04;w05;w07,w04,w07,"Are you a member of any organization or formalgroups? (Living cooperatives or local societies,religious organizations, sport and entertainmentclubs, cultural organizations, associations orworkers’ unions, farmer unions, professionalassociations, entrepreneurial organizations,parent-teacher associations, or other voluntaryorganizations.)? (Not asked in Qatar)",w04 questionnaire,yes,questionnaire,2,0.274,w04,,,q501,"Are you a member of any organization or formalgroups? (Living cooperatives or local societies,religious organizations, sport and entertainmentclubs, cultural organizations, associations orworkers’ unions, farmer unions, professionalassociations, entrepreneurial organizations,parent-teacher associations, or other voluntaryorganizations.)? (Not asked in Qatar)",Q501,MEMBERSHIP: ORGANIZATION,,,,,,,Q501,Q501. Are you a member of an organization or a group or a club?,,
Q513,3,w02;w04;w05,w02,w05,"q513 Suppose that there was a scale from 1-10 to measure the extent of your satisfaction with the government, in which 1 means that you were absolutely unsatisfied with its performance and 10 means that you were very satisfied, to what extent are you satis",w02 release label,yes,release labels,2,0.22,,q513,"q513 Suppose that there was a scale from 1-10 to measure the extent of your satisfaction with the government, in which 1 means that you were absolutely unsatisfied with its performance and 10 means that you were very satisfied, to what extent are you satis",q513,,Q513,EVALUATION: GOVERNMENT PERFORMANCE,,,,,,,,,,
Q514,3,w02;w04;w05,w02,w05,q514 To what extent do you agree or disagree with the following statement: “Political reform must be implemented in stages gradually (step by step) rather than immediately?,w02 release label,yes,questionnaire,2,0.446,w04,q514,q514 To what extent do you agree or disagree with the following statement: “Political reform must be implemented in stages gradually (step by step) rather than immediately?,q514,Do you agree or disagree with this statement:Political reform should be introduced little by littleinstead of all at once? (Not asked in Qatar),Q514,DIS/AGREEMENT: POLITICAL REFORM SHOULD OCCUR LITTLE BY LITTLE,,,,,,,,,,
Q514A,3,w05;w07;w08,w05,w08,"Q514A. There is talk about political reform in our country. Do you think we should introduce reforms little by little, all at once, or should there be no reforms at all?",w07 release label,no,questionnaire,2,0.961,,,,,,Q514A,PREFERNCE: POLITICAL REFORM,,,,,,,Q514A,"Q514A. There is talk about political reform in our country. Do you think we should introduce reforms little by little, all at once, or should there be no reforms at all?",Q514A,"Q514A There is talk about political reform in our country. Do you think we should introduce reforms little by little, all at once, or should there be no reforms at all?"
Q516_1,3,w05;w07;w08,w05,w08,"Q516_1. Under a democratic system, the country’s economic performance is weak",w07 release label,no,questionnaire,2,1.0,,,,,,Q516_1,DIS/AGREEMENT: DEMOCRACY: ECONOMIC PERFORMANCE WEAK,,,,,,,Q516_1,"Q516_1. Under a democratic system, the country’s economic performance is weak",Q516_1,"Q516_1 Under a democratic system, the country’s economic performance is weak"
Q516_2,3,w05;w07;w08,w05,w08,Q516_2. Democratic regimes are indecisive and full of problems,w07 release label,no,questionnaire,2,1.0,,,,,,Q516_2,DIS/AGREEMENT: DEMOCRACY: INDECISIVE AND FULL OF PROBLEMS,,,,,,,Q516_2,Q516_2. Democratic regimes are indecisive and full of problems,Q516_2,Q516_2 Democratic regimes are indecisive and full of problems
Q516_3,3,w05;w07;w08,w05,w08,Q516_3. Democratic systems are not effective at maintaining order and stability,w07 release label,no,questionnaire,2,1.0,,,,,,Q516_3,DIS/AGREEMENT: DEMOCRACY: INEFFECTIVE IN MAINTING SECURITY/ORDER,,,,,,,Q516_3,Q516_3. Democratic systems are not effective at maintaining order and stability,Q516_3,Q516_3 Democratic systems are not effective at maintaining order and stability
Q516_4,3,w05;w07;w08,w05,w08,"Q516_4. Democratic systems may have problems, yet they are better than other systems",w07 release label,no,questionnaire,2,1.0,,,,,,Q516_4,DIS/AGREEMENT: DEMOCRACY: BETTER THAN OTHER SYSTEMS,,,,,,,Q516_4,"Q516_4. Democratic systems may have problems, yet they are better than other systems",Q516_4,"Q516_4 Democratic systems may have problems, yet they are better than other systems"
Q521_2,3,w06p1;w06p2;w06p3,w06p1,w06p3,Q521_2.Freedom of the media to criticize the things government does,w06p1 release label,no,questionnaire,3,1.0,,,,,,,,Q521_2,Q521_2.Freedom of the media to criticize the things government does,Q521_2,Q521_2.Freedom of the media to criticize the things government does,Q521_2,Freedom of the media to criticize the things government does,,,,
Q533_4,3,w06p2;w07;w08,w06p2,w08,Q533_4. This country needs a leader who can bend the rules if necessary to get things done,w07 release label,no,questionnaire,3,0.824,,,,,,,,,,Q533_4,Q533_4 This country needs a leader who can bend the rules if necessary to get th,,,Q533_4,Q533_4. This country needs a leader who can bend the rules if necessary to get things done,Q533_4,Q533_4 Would you disapprove or approve of the following alternatives?
Q534_2,3,w06p1;w06p2;w08,w06p1,w08,When you have private information that you would like to share with another trus,w06p1 release label,no,questionnaire,3,0.922,,,,,,,,Q534_2,When you have private information that you would like to share with another trus,Q534_2,Q534_2 Using a mobile phone (to talk),,,,,Q534_2,Q534_2. Using a mobile phone (to talk)
Q606_2,3,w05;w07;w08,w05,w08,Q606_2. Your country is better off if religious people hold public positions in the state,w07 release label,no,questionnaire,2,1.0,,,,,,Q606_2,POLITICAL ISLAM: DIS/AGREEMENT: COUNTRY BETTER OFF WITH RELIGIOUS LEADERS IN OFF,,,,,,,Q606_2,Q606_2. Your country is better off if religious people hold public positions in the state,Q606_2,Q606_2. is better off if religious people hold public positions in the state
Q606_3,3,w05;w07;w08,w05,w08,POLITICAL ISLAM: DIS/AGREEMENT: RELGIOUS LEADERS SHOULD INFLUENCE GOVERNMENT DEC,w05 release label,no,questionnaire,2,1.0,,,,,,Q606_3,POLITICAL ISLAM: DIS/AGREEMENT: RELGIOUS LEADERS SHOULD INFLUENCE GOVERNMENT DEC,,,,,,,Q606_3,Q606_3. Religious clerics should have influence over the decisions of government,Q606_3,Q606_3. Religious clerics have influence over the decisions of government
Q606_4,3,w05;w07;w08,w05,w08,Q606_4. Religious practice is a private matter and should be separated from socio-economic life,w07 release label,no,questionnaire,2,1.0,,,,,,Q606_4,POLITICAL ISLAM: DIS/AGREEMENT: RELIGIOUS PRACTICE IS PRIVATE MATTER,,,,,,,Q606_4,Q606_4. Religious practice is a private matter and should be separated from socio-economic life,Q606_4,Q606_4. Religious practice is a private matter and should be separated from socio-economic life
Q606_8,3,w05;w07;w08,w05,w08,"Q606_8. Today, religious leaders are as likely to be corrupt as non-religious leaders",w07 release label,no,questionnaire,2,1.0,,,,,,Q606_8,POLITICAL ISLAM: DIS/AGREEMENT: RELIGIOUS LEADERS AS CORRUPT AS NONRELIGIOUS LEA,,,,,,,Q606_8,"Q606_8. Today, religious leaders are as likely to be corrupt as non-religious leaders",Q606_8,"Q606_8. Today, religious leaders are as likely to be corrupt as non-religious leaders"
Q610_6A,3,w05;w07;w08,w05,w08,Q610_6A. 'Listen to or read the Quran daily',w07 release label,no,questionnaire,2,1.0,,,,,,Q610_6A,RELIGION: FREQUENCY: READING QURAN,,,,,,,Q610_6A,Q610_6A. 'Listen to or read the Quran daily',Q610_6A,Q610_6A. Listen to or read the Quran daily?
Q610_6B,3,w05;w07;w08,w05,w08,Q610_6B. Listen to or read the Bible daily?,w08 release label,no,questionnaire,2,1.0,,,,,,Q610_6B,RELIGION: FREQUENCY: READING BIBLE,,,,,,,Q610_6B,Q610_6B. Listen to or read the Bible daily,Q610_6B,Q610_6B. Listen to or read the Bible daily?
Q610_8,3,w05;w07;w08,w05,w08,RELIGION: FREQUENCY: PRAY FAJR ON TIME,w05 release label,no,questionnaire,2,1.0,,,,,,Q610_8,RELIGION: FREQUENCY: PRAY FAJR ON TIME,,,,,,,Q610_8,Q610_2. Pray fajr on time,Q610_8,Q610_8. Pray fajr on time
Q700A_1,3,w05;w07;w08,w05,w08,Q700A_1. Desire for economic relations with the United States,w07 release label,no,questionnaire,2,0.957,,,,,,Q700A_1,ECONOMIC RELATIONS: PREFERENCE: USA,,,,,,,Q700A_1,Q700A_1. Desire for economic relations with the United States,Q700A_1,Q700A_1 The United States
Q700A_12,3,w05;w07;w08,w05,w08,Q700A_12. Desire for economic relations with the United Kingdom,w07 release label,no,questionnaire,2,0.957,,,,,,Q700A_12,ECONOMIC RELATIONS: PREFERENCE: UK,,,,,,,Q700A_12,Q700A_12. Desire for economic relations with the United Kingdom,Q700A_12,Q700A_12 United Kingdom
Q700A_13,3,w05;w07;w08,w05,w08,Q700A_13. Desire for economic relations with China,w07 release label,no,questionnaire,2,0.957,,,,,,Q700A_13,ECONOMIC RELATIONS: PREFERENCE: CHINA,,,,,,,Q700A_13,Q700A_13. Desire for economic relations with China,Q700A_13,Q700A_13 China
Q700A_2,3,w05;w07;w08,w05,w08,Q700A_2. Desire for economic relations with Saudi Arabia,w07 release label,no,questionnaire,2,0.957,,,,,,Q700A_2,ECONOMIC RELATIONS: PREFERENCE: SAUDI,,,,,,,Q700A_2,Q700A_2. Desire for economic relations with Saudi Arabia,Q700A_2,Q700A_2 Saudi Arabia
Q700A_3,3,w05;w07;w08,w05,w08,Q700A_3. Desire for economic relations with Iran,w07 release label,no,questionnaire,2,0.957,,,,,,Q700A_3,ECONOMIC RELATIONS: PREFERENCE: IRAN,,,,,,,Q700A_3,Q700A_3. Desire for economic relations with Iran,Q700A_3,Q700A_3 Iran
Q700A_4,3,w05;w07;w08,w05,w08,Q700A_4. Desire for economic relations with Turkey,w07 release label,no,questionnaire,2,0.957,,,,,,Q700A_4,ECONOMIC RELATIONS: PREFERENCE: TURKEY,,,,,,,Q700A_4,Q700A_4. Desire for economic relations with Turkey,Q700A_4,Q700A_4 Turkey
Q700A_8,3,w05;w07;w08,w05,w08,Q700A_8. Desire for economic relations with Russia,w07 release label,no,questionnaire,2,0.957,,,,,,Q700A_8,ECONOMIC RELATIONS: PREFERENCE: RUSSIA,,,,,,,Q700A_8,Q700A_8. Desire for economic relations with Russia,Q700A_8,Q700A_8 Russia
Q700B_2,3,w06p1;w07;w08,w06p1,w08,Q700B_2. Favorability of Saudi Arabia,w07 release label,no,questionnaire,3,0.948,,,,,,,,Q700B_2,Favorability: Saudi Arabia,,,,,Q700B_2,Q700B_2. Favorability of Saudi Arabia,Q700B_2,Q700B_2 Saudi Arabia
Q700B_3,3,w06p1;w07;w08,w06p1,w08,Q700B_3. Favorability of Iran,w07 release label,no,questionnaire,3,0.948,,,,,,,,Q700B_3,Favorability: Iran,,,,,Q700B_3,Q700B_3. Favorability of Iran,Q700B_3,Q700B_3 Iran
Q700B_4,3,w06p2;w07;w08,w06p2,w08,Q700B_4. Favorability of Turkey,w07 release label,no,questionnaire,3,0.948,,,,,,,,,,Q700B_4,Q700b_4.Turkey,,,Q700B_4,Q700B_4. Favorability of Turkey,Q700B_4,Q700B_4 Turkey
Q700B_5,3,w06p3;w07;w08,w06p3,w08,Q700B_5. Favorability of France,w07 release label,no,questionnaire,3,0.948,,,,,,,,,,,,Q700B_5,Favorability: France,Q700B_5,Q700B_5. Favorability of France,Q700B_5,Q700B_5 France
Q700B_8,3,w06p2;w07;w08,w06p2,w08,Q700B_8. Favorability of Russia,w07 release label,no,questionnaire,3,0.948,,,,,,,,,,Q700B_8,Q700b_8.Russia,,,Q700B_8,Q700B_8. Favorability of Russia,Q700B_8,Q700B_8 Russia
Q705,3,w02;w04;w05,w02,w05,"q705 Some people attribute the lack of development in the Arab world compared to other parts of the world to external factors, while others blame internal factors. In your opinion, which is more important in causing the lack of development in the Arab worl",w02 release label,no,questionnaire,2,0.767,w04,q705,"q705 Some people attribute the lack of development in the Arab world compared to other parts of the world to external factors, while others blame internal factors. In your opinion, which is more important in causing the lack of development in the Arab worl",q705,"Some people attribute the lack of development inthe Arab world compared to other parts of theworld to external factors, while others blameinternal factors. In your opinion, which is moreimportant in causing the lack of development in theArab world?",Q705,EVALUATION: LACK OF DEVELOPMENT ARAB WORLD,,,,,,,,,,
Q707,3,w02;w04;w05,w02,w05,"q707 Do you agree or disagree with the following statement: Despite negative U.S. foreign policy, Americans are good people",w02 release label,no,questionnaire,2,0.702,w04,q707,"q707 Do you agree or disagree with the following statement: Despite negative U.S. foreign policy, Americans are good people",q707,"Do you agree with the following statement: Despitenegative US foreign policies, most ordinaryAmericans are good people?",Q707,DIS/AGREEMENT: AMERICANS GOOD PEOPLE,,,,,,,,,,
Q725_5,3,w06p1;w07;w08,w06p1,w08,Q725_5. Rating of the foreign policies of Iranian Supreme Leader Ali Khamenei,w07 release label,no,questionnaire,3,1.0,,,,,,,,Q725_5,Foreign policy evaluation of Iranian Supreme Leader Ali Khameni,,,,,Q725_5,Q725_5. Rating of the foreign policies of Iranian Supreme Leader Ali Khamenei,Q725_5,Q725_5 Iranian Supreme Leader Ali Khamenei
Q725_6,3,w06p1;w07;w08,w06p1,w08,Q725_6. Rating of the foreign policies of Saudi Crown Prince Mohammed bin Salman,w07 release label,no,questionnaire,3,1.0,,,,,,,,Q725_6,Foreign policy evaluation of Saudi Prince Mohammed bin Salman,,,,,Q725_6,Q725_6. Rating of the foreign policies of Saudi Crown Prince Mohammed bin Salman,Q725_6,Q725_6 Saudi Crown Prince Mohammed bin Salman
Q730B,3,w06p3;w07;w08,w06p3,w08,Q730B. To which of the following areas would you most prefer foreign aid to your country be dedicated?,w07 release label,no,questionnaire,3,0.926,,,,,,,,,,,,Q730B,To which of the following areas would you most prefer foreign aid to your countr,Q730B,Q730B. To which of the following areas would you most prefer foreign aid to your country be dedicated?,Q730B,Q730B To which of the following areas would you most prefer foreign aid to be dedicated?
STRATUM,3,w04;w05;w08,w04,w08,,,unknown,,0,,,,,stratum,,stratum,,,,,,,,,,STRATUM,
Q1001APPROX,2,w07;w08,w07,w08,Q1001approx. Could you please tell me your approximate age?,w07 release label,no,questionnaire,2,1.0,,,,,,,,,,,,,,Q1001APPROX,Q1001approx. Could you please tell me your approximate age?,Q1001APPROX,Q1001APPROX. Could you please tell me your approximate age?
Q1001B,2,w05;w07,w05,w07,Q1001B. How many years have you lived in the area you live now?,w07 release label,yes,release labels,2,0.426,,,,,,Q1001B,DEMOGRAPHICS: YEARS LIVED IN NEIGHBORHOOD,,,,,,,Q1001B,Q1001B. How many years have you lived in the area you live now?,,
Q1001E_1,2,w07;w08,w07,w08,Q1001E_1. Do you parents live in the same household as you?,w07 release label,no,questionnaire,2,1.0,,,,,,,,,,,,,,Q1001E_1,Q1001E_1. Do you parents live in the same household as you?,Q1001E_1,Q1001E_1 Parents
Q1001E_2,2,w07;w08,w07,w08,Q1001E_2. Do your In-laws live in the same household as you?,w07 release label,no,questionnaire,2,1.0,,,,,,,,,,,,,,Q1001E_2,Q1001E_2. Do your In-laws live in the same household as you?,Q1001E_2,Q1001E_2 In-laws
Q1001YEAR,2,w07;w08,w07,w08,Q1001year. What year were you born?,w07 release label,no,questionnaire,2,1.0,,,,,,,,,,,,,,Q1001YEAR,Q1001year. What year were you born?,Q1001YEAR,Q1001YEAR. What year were you born?
Q1004,2,w02;w04,w02,w04,q1004 Do you work?,w02 release label,no,questionnaire,2,1.0,w04,q1004,q1004 Do you work?,q1004,Do you work?,,,,,,,,,,,,
Q1005E,2,w06p3;w07,w06p3,w07,"Q1005E. Since the beginning of the coronavirus pandemic, has the amount of housework you do",w07 release label,no,questionnaire,2,1.0,,,,,,,,,,,,Q1005E,"Since the beginning of the coronavirus pandemic, has the amount of housework you",Q1005E,"Q1005E. Since the beginning of the coronavirus pandemic, has the amount of housework you do",,
Q1007,2,w02;w04,w02,w04,"q1007 What is your position at work (if you have more than one job, answer with regard to your main job)",w02 release label,no,questionnaire,2,0.807,w04,q1007,"q1007 What is your position at work (if you have more than one job, answer with regard to your main job)",q1007,"What is your position at the work (Ifyou had more than one job, answer on the primaryone)?",,,,,,,,,,,,
Q1010D_1,2,w07;w08,w07,w08,Q1010D_1. Do you always wear the hijab when you are out in public?,w07 release label,no,questionnaire,2,1.0,,,,,,,,,,,,,,Q1010D_1,Q1010D_1. Do you always wear the hijab when you are out in public?,Q1010D_1,Q1010D_1 Do you always wear the hijab when you are out in public?
Q1010D_2,2,w07;w08,w07,w08,Q1010D_2. Have you ever worn the hijab?,w07 release label,no,questionnaire,2,1.0,,,,,,,,,,,,,,Q1010D_2,Q1010D_2. Have you ever worn the hijab?,Q1010D_2,Q1010D_2 Have you ever worn the hijab?
Q1011,2,w02;w04,w02,w04,q1011 What is your spouse’s profession?,w02 release label,no,questionnaire,2,1.0,w04,q1011,q1011 What is your spouse’s profession?,q1011,What is your spouse’s profession?,,,,,,,,,,,,
Q1012A_CHRISTIAN,2,w07;w08,w07,w08,Q1012A_CHRISTIAN. What is your religious denomination?,w07 release label,no,questionnaire,2,1.0,,,,,,,,,,,,,,Q1012A_CHRISTIAN,Q1012A_CHRISTIAN. What is your religious denomination?,Q1012A_CHRISTIAN,Q1012A_CHRISTIAN. What is your religious denomination?
Q1012A_MUSLIM,2,w07;w08,w07,w08,Q1012A_MUSLIM. What is your religious denomination?,w07 release label,no,questionnaire,2,1.0,,,,,,,,,,,,,,Q1012A_MUSLIM,Q1012A_MUSLIM. What is your religious denomination?,Q1012A_MUSLIM,Q1012A_MUSLIM. What is your religious denomination?
Q1012B,2,w06p3;w07,w06p3,w07,Q1012B What is your ethnicity?,w07 release label,no,questionnaire,2,1.0,,,,,,,,,,,,Q1012B,What is your ethnicity?,Q1012B,Q1012B What is your ethnicity?,,
Q1012C_MOR_1,2,w07;w08,w07,w08,,,unknown,,0,,,,,,,,,,,,,,,Q1012C_MOR_1,,Q1012C_MOR_1,
Q1012C_MOR_2,2,w07;w08,w07,w08,,,unknown,,0,,,,,,,,,,,,,,,Q1012C_MOR_2,,Q1012C_MOR_2,
Q1012C_MOR_3,2,w07;w08,w07,w08,,,unknown,,0,,,,,,,,,,,,,,,Q1012C_MOR_3,,Q1012C_MOR_3,
Q1012C_MOR_4,2,w07;w08,w07,w08,,,unknown,,0,,,,,,,,,,,,,,,Q1012C_MOR_4,,Q1012C_MOR_4,
Q1012C_MOR_98,2,w07;w08,w07,w08,,,unknown,,0,,,,,,,,,,,,,,,Q1012C_MOR_98,,Q1012C_MOR_98,
Q1012C_MOR_99,2,w07;w08,w07,w08,,,unknown,,0,,,,,,,,,,,,,,,Q1012C_MOR_99,,Q1012C_MOR_99,
Q1014B,2,w07;w08,w07,w08,Q1014B. How many youth under the age of 18 living in your household work?,w07 release label,no,questionnaire,2,1.0,,,,,,,,,,,,,,Q1014B,Q1014B. How many youth under the age of 18 living in your household work?,Q1014B,Q104B How many youth under the age of 18 living in your household work?
Q1015A,2,w07;w08,w07,w08,Q1015A Is your net monthly household income less than or greater than ${Q1015A_text},w08 release label,yes,questionnaire,2,0.336,,,,,,,,,,,,,,Q1015A,Q1015A. Is your net household income less than or greater than the median income?,Q1015A,Q1015A Is your net monthly household income less than or greater than ${Q1015A_text}
Q101A,2,w04;w05,w04,w05,How would you evaluate the economic situation inyour country five years ago (before the Arabuprisings) compared to the current situation?,w04 questionnaire,unknown,,0,,w04,,,q101a,How would you evaluate the economic situation inyour country five years ago (before the Arabuprisings) compared to the current situation?,Q101A,EVALUATION: PAST ECONOMIC SITUATION,,,,,,,,,,
Q1021,2,w07;w08,w07,w08,Q1021. Which of the following best describes your main source of monthly income?,w07 release label,no,questionnaire,2,0.75,,,,,,,,,,,,,,Q1021,Q1021. Which of the following best describes your main source of monthly income?,Q1021,Q1021 Which of the following best describes your main source of monthly income?
Q1025,2,w07;w08,w07,w08,Q1025. Do you have a bank account?,w07 release label,yes,questionnaire,2,0.52,,,,,,,,,,,,,,Q1025,Q1025. Do you have a bank account?,Q1025,Q1025 Do you have a bank account?
Q104A,2,w04;w05,w04,w05,MIGRATION: REASON FOR EMIGRATION,w05 release label,unknown,,0,,w04,,,q104a,Why do you want to emigrate?,Q104A,MIGRATION: REASON FOR EMIGRATION,,,,,,,,,,
Q104A_1,2,w05;w06p3,w05,w06p3,Reason for emmigration: Economic reasons,w06p3 release label,yes,release labels,2,0.508,,,,,,Q104A_1,MIGRATION: REASON: ECONOMY,,,,,Q104A_1,Reason for emmigration: Economic reasons,,,,
Q104A_2,2,w05;w06p3,w05,w06p3,Reason for emmigration: Political reasons,w06p3 release label,yes,release labels,2,0.554,,,,,,Q104A_2,MIGRATION: REASON: POLITICS,,,,,Q104A_2,Reason for emmigration: Political reasons,,,,
Q104A_2_1,2,w07;w08,w07,w08,Q104A. For economic reasons,w07 release label,no,release labels,2,1.0,,,,,,,,,,,,,,Q104A_2_1,Q104A. For economic reasons,Q104A_2_1,For economic reasons
Q104A_2_2,2,w07;w08,w07,w08,Q104A. For political reasons,w07 release label,no,release labels,2,1.0,,,,,,,,,,,,,,Q104A_2_2,Q104A. For political reasons,Q104A_2_2,For political reasons
Q104A_2_3,2,w07;w08,w07,w08,Q104A. Religious reasons,w07 release label,no,release labels,2,1.0,,,,,,,,,,,,,,Q104A_2_3,Q104A. Religious reasons,Q104A_2_3,Religious reasons
Q104A_2_4,2,w07;w08,w07,w08,Q104A. Security reasons,w07 release label,no,release labels,2,1.0,,,,,,,,,,,,,,Q104A_2_4,Q104A. Security reasons,Q104A_2_4,Security reasons
Q104A_2_5,2,w07;w08,w07,w08,Education opportunities (for self or family members),w08 release label,no,release labels,2,0.63,,,,,,,,,,,,,,Q104A_2_5,Q104A. Education opportunities,Q104A_2_5,Education opportunities (for self or family members)
Q104A_2_6,2,w07;w08,w07,w08,Q104A. Reunite with family,w07 release label,no,release labels,2,1.0,,,,,,,,,,,,,,Q104A_2_6,Q104A. Reunite with family,Q104A_2_6,Reunite with family
Q104A_2_7,2,w07;w08,w07,w08,Q104A. Corruption,w07 release label,no,release labels,2,1.0,,,,,,,,,,,,,,Q104A_2_7,Q104A. Corruption,Q104A_2_7,Corruption
Q104A_2_98,2,w07;w08,w07,w08,Q104A. Don’t know,w07 release label,no,release labels,2,1.0,,,,,,,,,,,,,,Q104A_2_98,Q104A. Don’t know,Q104A_2_98,Don’t know
Q104A_2_99,2,w07;w08,w07,w08,Q104A. Refused to answer,w07 release label,no,release labels,2,1.0,,,,,,,,,,,,,,Q104A_2_99,Q104A. Refused to answer,Q104A_2_99,Refused to answer
Q104A_3,2,w05;w06p3,w05,w06p3,Reason for emmigration: Religious reasons,w06p3 release label,yes,release labels,2,0.554,,,,,,Q104A_3,MIGRATION: REASON: RELIGION,,,,,Q104A_3,Reason for emmigration: Religious reasons,,,,
Q104A_4,2,w05;w06p3,w05,w06p3,Reason for emmigration: Security reasons,w06p3 release label,yes,release labels,2,0.562,,,,,,Q104A_4,MIGRATION: REASON: SECURITY,,,,,Q104A_4,Reason for emmigration: Security reasons,,,,
Q104A_5,2,w05;w06p3,w05,w06p3,Reason for emmigration: Education,w06p3 release label,no,release labels,2,0.655,,,,,,Q104A_5,MIGRATION: REASON: EDUCATION,,,,,Q104A_5,Reason for emmigration: Education,,,,
Q104A_6,2,w05;w06p3,w05,w06p3,Reason for emmigration: Reunite with family,w06p3 release label,yes,release labels,2,0.548,,,,,,Q104A_6,MIGRATION: REASON: FAMILY REUNION,,,,,Q104A_6,Reason for emmigration: Reunite with family,,,,
Q104A_7,2,w05;w06p3,w05,w06p3,Reason for emmigration: Corruption,w06p3 release label,no,release labels,2,0.667,,,,,,Q104A_7,MIGRATION: REASON: CORRUPTION,,,,,Q104A_7,Reason for emmigration: Corruption,,,,
Q104A_8,2,w05;w06p3,w05,w06p3,Reason for emmigration: Other specify,w06p3 release label,yes,release labels,2,0.517,,,,,,Q104A_8,MIGRATION: REASON: OTHER,,,,,Q104A_8,Reason for emmigration: Other specify,,,,
Q104B_1,2,w07;w08,w07,w08,Q104B. Saudi Arabia,w07 release label,yes,questionnaire,2,0.443,,,,,,,,,,,,,,Q104B_1,Q104B. Saudi Arabia,Q104B_1,Saudi Arabia
Q104B_10,2,w07;w08,w07,w08,Q104B. Morocco,w07 release label,yes,questionnaire,2,0.443,,,,,,,,,,,,,,Q104B_10,Q104B. Morocco,Q104B_10,Morocco
Q104B_11,2,w07;w08,w07,w08,Q104B. Algeria,w07 release label,yes,questionnaire,2,0.443,,,,,,,,,,,,,,Q104B_11,Q104B. Algeria,Q104B_11,Algeria
Q104B_12,2,w07;w08,w07,w08,Q104B. Tunisia,w07 release label,yes,questionnaire,2,0.443,,,,,,,,,,,,,,Q104B_12,Q104B. Tunisia,Q104B_12,Tunisia
Q104B_13,2,w07;w08,w07,w08,Q104B. Turkey,w07 release label,yes,questionnaire,2,0.443,,,,,,,,,,,,,,Q104B_13,Q104B. Turkey,Q104B_13,Turkey
Q104B_14,2,w07;w08,w07,w08,Q104B. The United States,w07 release label,yes,questionnaire,2,0.443,,,,,,,,,,,,,,Q104B_14,Q104B. The United States,Q104B_14,The United States
Q104B_15,2,w07;w08,w07,w08,Q104B. Canada,w07 release label,yes,questionnaire,2,0.443,,,,,,,,,,,,,,Q104B_15,Q104B. Canada,Q104B_15,Canada
Q104B_16,2,w07;w08,w07,w08,Q104B. The United Kingdom,w07 release label,yes,questionnaire,2,0.443,,,,,,,,,,,,,,Q104B_16,Q104B. The United Kingdom,Q104B_16,The United Kingdom
Q104B_17,2,w07;w08,w07,w08,Q104B. Eastern Europe,w07 release label,yes,questionnaire,2,0.443,,,,,,,,,,,,,,Q104B_17,Q104B. Eastern Europe,Q104B_17,Eastern Europe
Q104B_18,2,w07;w08,w07,w08,Q104B. France,w07 release label,yes,questionnaire,2,0.443,,,,,,,,,,,,,,Q104B_18,Q104B. France,Q104B_18,France
Q104B_19,2,w07;w08,w07,w08,Q104B. Germany,w07 release label,yes,questionnaire,2,0.443,,,,,,,,,,,,,,Q104B_19,Q104B. Germany,Q104B_19,Germany
Q104B_2,2,w07;w08,w07,w08,Q104B. The United Arab Emirates,w07 release label,yes,questionnaire,2,0.443,,,,,,,,,,,,,,Q104B_2,Q104B. The United Arab Emirates,Q104B_2,The United Arab Emirates
Q104B_20,2,w07;w08,w07,w08,Q104B. Spain,w07 release label,yes,questionnaire,2,0.443,,,,,,,,,,,,,,Q104B_20,Q104B. Spain,Q104B_20,Spain
Q104B_21,2,w07;w08,w07,w08,Q104B. Italy,w07 release label,yes,questionnaire,2,0.443,,,,,,,,,,,,,,Q104B_21,Q104B. Italy,Q104B_21,Italy
Q104B_22,2,w07;w08,w07,w08,Other Western European countries,w08 release label,yes,questionnaire,2,0.443,,,,,,,,,,,,,,Q104B_22,Q104B. Western Europe-Other,Q104B_22,Other Western European countries
Q104B_23,2,w07;w08,w07,w08,Q104B. Sub-Saharan Africa,w07 release label,yes,questionnaire,2,0.443,,,,,,,,,,,,,,Q104B_23,Q104B. Sub-Saharan Africa,Q104B_23,Sub-Saharan Africa
Q104B_24,2,w07;w08,w07,w08,Q104B. China,w07 release label,yes,questionnaire,2,0.443,,,,,,,,,,,,,,Q104B_24,Q104B. China,Q104B_24,China
Q104B_25,2,w07;w08,w07,w08,Q104B. Australia,w07 release label,yes,questionnaire,2,0.443,,,,,,,,,,,,,,Q104B_25,Q104B. Australia,Q104B_25,Australia
Q104B_3,2,w07;w08,w07,w08,Q104B. Qatar,w07 release label,yes,questionnaire,2,0.443,,,,,,,,,,,,,,Q104B_3,Q104B. Qatar,Q104B_3,Qatar
Q104B_4,2,w07;w08,w07,w08,Q104B. Bahrain,w07 release label,yes,questionnaire,2,0.443,,,,,,,,,,,,,,Q104B_4,Q104B. Bahrain,Q104B_4,Bahrain
Q104B_5,2,w07;w08,w07,w08,Q104B. Kuwait,w07 release label,yes,questionnaire,2,0.443,,,,,,,,,,,,,,Q104B_5,Q104B. Kuwait,Q104B_5,Kuwait
Q104B_6,2,w07;w08,w07,w08,Q104B. Oman,w07 release label,yes,questionnaire,2,0.443,,,,,,,,,,,,,,Q104B_6,Q104B. Oman,Q104B_6,Oman
Q104B_7,2,w07;w08,w07,w08,Q104B. Egypt,w07 release label,yes,questionnaire,2,0.443,,,,,,,,,,,,,,Q104B_7,Q104B. Egypt,Q104B_7,Egypt
Q104B_8,2,w07;w08,w07,w08,Q104B. Jordan,w07 release label,yes,questionnaire,2,0.443,,,,,,,,,,,,,,Q104B_8,Q104B. Jordan,Q104B_8,Jordan
Q104B_9,2,w07;w08,w07,w08,Q104B. Lebanon,w07 release label,yes,questionnaire,2,0.443,,,,,,,,,,,,,,Q104B_9,Q104B. Lebanon,Q104B_9,Lebanon
Q104B_98,2,w07;w08,w07,w08,Q104B. Don’t know,w07 release label,yes,questionnaire,2,0.443,,,,,,,,,,,,,,Q104B_98,Q104B. Don’t know,Q104B_98,Don’t know
Q104B_99,2,w07;w08,w07,w08,Q104B. Refused to answer,w07 release label,yes,questionnaire,2,0.443,,,,,,,,,,,,,,Q104B_99,Q104B. Refused to answer,Q104B_99,Refused to answer
Q104B_TUN,2,w05;w08,w05,w08,Q104B_TUN. And are you preparing to emigrate?,w08 release label,yes,release labels,2,0.2,,,,,,Q104B_TUN,MIGRATION: DESTINATION COUNTRY: TUNISIA,,,,,,,,,Q104B_TUN,Q104B_TUN. And are you preparing to emigrate?
Q106,2,w02;w04,w02,w04,To what extent do you feel you are being treatedequally by the government in comparison withother citizens in your country?,w04 questionnaire,no,questionnaire,2,0.82,w04,q106,q106 To what extent do you feel that you are being treated equally to other citizens in your country?,q106,To what extent do you feel you are being treatedequally by the government in comparison withother citizens in your country?,,,,,,,,,,,,
Q10COVID19_5,2,w06p1;w06p3,w06p1,w06p3,"Since the outbreak of the coronavirus, has abuse of or violence against women in",w06p3 release label,no,questionnaire,2,0.773,,,,,,,,Q10COVID19_5,Q10COVID19_5.Abuse of or violence against women in the community,,,Q10COVID19_5,"Since the outbreak of the coronavirus, has abuse of or violence against women in",,,,
Q112_1,2,w06p3;w07,w06p3,w07,Q112_1. “We worried our food would run out before we got money to buy more”,w07 release label,no,questionnaire,2,1.0,,,,,,,,,,,,Q112_1,“We worried our food would run out before we got money to buy more”,Q112_1,Q112_1. “We worried our food would run out before we got money to buy more”,,
Q114,2,w07;w08,w07,w08,"Q114. Do you think the gap between the rich and the poor a year ago was wider, the same, or narrower than it is now?",w07 release label,no,questionnaire,2,1.0,,,,,,,,,,,,,,Q114,"Q114. Do you think the gap between the rich and the poor a year ago was wider, the same, or narrower than it is now?",Q114,"Q114. Do you think the gap between the rich and the poor a year ago was wider, the same, or narrower than it is now?"
Q116,2,w07;w08,w07,w08,Q116 Do you have any savings?,w07 release label,no,questionnaire,2,1.0,,,,,,,,,,,,,,Q116,Q116 Do you have any savings?,Q116,Q116 Do you have any savings?
Q118_1,2,w07;w08,w07,w08,"Q118_1. In your opinion, which of the following are the first and second most important issues the government should be focusing on to improve the economic conditions in your country?",w07 release label,no,questionnaire,2,1.0,,,,,,,,,,,,,,Q118_1,"Q118_1. In your opinion, which of the following are the first and second most important issues the government should be focusing on to improve the economic conditions in your country?",Q118_1,Q118_1 FIRST MOST IMPORTANT ISSUE
Q118_2,2,w07;w08,w07,w08,"Q118_2. In your opinion, which of the following are the first and second most important issues the government should be focusing on to improve the economic conditions in your country?",w07 release label,no,questionnaire,2,0.97,,,,,,,,,,,,,,Q118_2,"Q118_2. In your opinion, which of the following are the first and second most important issues the government should be focusing on to improve the economic conditions in your country?",Q118_2,Q118_2 SECOND MOST IMPORTANT ISSUE
Q123_KUW,2,w07;w08,w07,w08,"Q123_KUW. Among the following, which should be the top priority for government spending in the coming year?",w07 release label,no,questionnaire,2,1.0,w08,,,,,,,,,,,,,Q123_KUW,"Q123_KUW. Among the following, which should be the top priority for government spending in the coming year?",Q123_KUW,"Among the following, which should be the top priority for government spending in the coming year?"
Q12COVID19_3,2,w06p3;w07,w06p3,w07,"Do you think the coronavirus has had a less harmful impact, about the same impac",w06p3 release label,no,questionnaire,2,1.0,,,,,,,,,,,,Q12COVID19_3,"Do you think the coronavirus has had a less harmful impact, about the same impac",Q12COVID19_3,Q12COVID19_3. COVID19's effect on citizens who are poor,,
Q12COVID19_4,2,w06p3;w07,w06p3,w07,Q12COVID19_4. COVID19's effect on citizens who live in rural areas,w07 release label,no,questionnaire,2,1.0,,,,,,,,,,,,Q12COVID19_4,Citizens who live in rural areas,Q12COVID19_4,Q12COVID19_4. COVID19's effect on citizens who live in rural areas,,
Q12COVID19_5A,2,w06p3;w07,w06p3,w07,"Do you think the coronavirus has had a less harmful impact, about the same impa",w06p3 release label,no,questionnaire,2,1.0,,,,,,,,,,,,Q12COVID19_5A,"Do you think the coronavirus has had a less harmful impact, about the same impa",Q12COVID19_5A,Q12COVID19_5A. COVID19's effect on refugees,,
Q12COVID19_5B,2,w06p3;w07,w06p3,w07,Q12COVID19_5B. COVID19's effect on migrants,w07 release label,no,questionnaire,2,1.0,,,,,,,,,,,,Q12COVID19_5B,Migrants,Q12COVID19_5B,Q12COVID19_5B. COVID19's effect on migrants,,
Q13A,2,w06p2;w06p3,w06p2,w06p3,Self-reported region type,w06p2 release label,no,questionnaire,2,1.0,,,,,,,,,,Q13A,Self-reported region type,Q13A,Self-reported region type,,,,
Q15COVID19_1,2,w06p3;w07,w06p3,w07,Q15COVID19_1. What is the biggest challenge that the spread of the coronavirus caused for you?,w07 release label,yes,questionnaire,2,0.5,,,,,,,,,,,,Q15COVID19_1,"In order of importance, which of the following are the two biggest challenges th",Q15COVID19_1,Q15COVID19_1. What is the biggest challenge that the spread of the coronavirus caused for you?,,
Q15COVID19_2,2,w06p3;w07,w06p3,w07,Q15COVID19_2. What is the second biggest challenge that the spread of the coronavirus caused for you?,w07 release label,yes,questionnaire,2,0.121,,,,,,,,,,,,Q15COVID19_2,"In order of importance, which of the following are the two biggest challenges th",Q15COVID19_2,Q15COVID19_2. What is the second biggest challenge that the spread of the coronavirus caused for you?,,
Q1A_PAL,2,w07;w08,w07,w08,Q1A_PAL. Area,w07 release label,unknown,,0,,,,,,,,,,,,,,,Q1A_PAL,Q1A_PAL. Area,Q1A_PAL,
Q2011,2,w02;w04,w02,w04,"q2011 I will name a number of institutions, and I would like you to tell me to what extent you trust each of them: 1. The government (the cabinet)",w02 release label,unknown,,0,,,q2011,"q2011 I will name a number of institutions, and I would like you to tell me to what extent you trust each of them: 1. The government (the cabinet)",q2011,,,,,,,,,,,,,
Q20112,2,w02;w04,w02,w04,"q20112 I will name a number of institutions, and I would like you to tell me to what extent you trust each of them: 12. The Muslim Brotherhood",w02 release label,unknown,,0,,,q20112,"q20112 I will name a number of institutions, and I would like you to tell me to what extent you trust each of them: 12. The Muslim Brotherhood",q20112,,,,,,,,,,,,,
Q20113,2,w02;w04,w02,w04,"q20113 I will name a number of institutions, and I would like you to tell me to what extent you trust each of them: 13. Tunisian General Union for Labor",w02 release label,unknown,,0,,,q20113,"q20113 I will name a number of institutions, and I would like you to tell me to what extent you trust each of them: 13. Tunisian General Union for Labor",q20113,,,,,,,,,,,,,
Q2012,2,w02;w04,w02,w04,"q2012 I will name a number of institutions, and I would like you to tell me to what extent you trust each of them: 2. The judiciary (the courts)",w02 release label,unknown,,0,,,q2012,"q2012 I will name a number of institutions, and I would like you to tell me to what extent you trust each of them: 2. The judiciary (the courts)",q2012,,,,,,,,,,,,,
Q2013,2,w02;w04,w02,w04,"q2013 I will name a number of institutions, and I would like you to tell me to what extent you trust each of them: 3. The elected council of representatives (the parliament)",w02 release label,unknown,,0,,,q2013,"q2013 I will name a number of institutions, and I would like you to tell me to what extent you trust each of them: 3. The elected council of representatives (the parliament)",q2013,,,,,,,,,,,,,
Q2014,2,w02;w04,w02,w04,"q2014 I will name a number of institutions, and I would like you to tell me to what extent you trust each of them: 4. Public Security (the police)",w02 release label,unknown,,0,,,q2014,"q2014 I will name a number of institutions, and I would like you to tell me to what extent you trust each of them: 4. Public Security (the police)",q2014,,,,,,,,,,,,,
Q2015,2,w02;w04,w02,w04,"q2015 I will name a number of institutions, and I would like you to tell me to what extent you trust each of them: 5. Political parties",w02 release label,unknown,,0,,,q2015,"q2015 I will name a number of institutions, and I would like you to tell me to what extent you trust each of them: 5. Political parties",q2015,,,,,,,,,,,,,
Q2016,2,w02;w04,w02,w04,"q2016 I will name a number of institutions, and I would like you to tell me to what extent you trust each of them: 6. The armed forces (the army)",w02 release label,unknown,,0,,,q2016,"q2016 I will name a number of institutions, and I would like you to tell me to what extent you trust each of them: 6. The armed forces (the army)",q2016,,,,,,,,,,,,,
Q201A_31B,2,w07;w08,w07,w08,Q201A_31B. President/Head of State,w07 release label,no,questionnaire,2,1.0,,,,,,,,,,,,,,Q201A_31B,Q201A_31B. President/Head of State,Q201A_31B,Q201A_31B President/Head of State
Q201A_31C,2,w07;w08,w07,w08,Q201A_31C. Prime Minister /Head of Government,w07 release label,no,questionnaire,2,1.0,,,,,,,,,,,,,,Q201A_31C,Q201A_31C. Prime Minister /Head of Government,Q201A_31C,Q201A_31C Prime Minister/Head of Government
Q201A_41_GAZA,2,w07;w08,w07,w08,"I’m going to name a number of institutions. For each one, please tell me how much trust you have in them",w08 questionnaire (stem Q201A),no,questionnaire,2,1.0,w08,,,,,,,,,,,,,Q201A_41_GAZA,Q201A_41_Gaza. Government in Gaza,Q201A_41_GAZA,"I’m going to name a number of institutions. For each one, please tell me how much trust you have in them"
Q201A_41_WB,2,w07;w08,w07,w08,"I’m going to name a number of institutions. For each one, please tell me how much trust you have in them",w08 questionnaire (stem Q201A),no,questionnaire,2,1.0,w08,,,,,,,,,,,,,Q201A_41_WB,Q201A_41_WB. Government in the West Bank,Q201A_41_WB,"I’m going to name a number of institutions. For each one, please tell me how much trust you have in them"
Q201A_6A_LIB,2,w06p1;w06p2,w06p1,w06p2,Q201a_6A_LIB. Government of National Accord,w06p1 release label,no,questionnaire,2,1.0,,,,,,,,Q201A_6A_LIB,Q201a_6A_LIB. Government of National Accord,Q201A_6A_LIB,Q201a_3.Government of National Accord,,,,,,
Q201A_6B_LIB,2,w06p1;w06p2,w06p1,w06p2,Q201a_6B_LIB. House of Representatives,w06p1 release label,no,questionnaire,2,1.0,,,,,,,,Q201A_6B_LIB,Q201a_6B_LIB. House of Representatives,Q201A_6B_LIB,Q201a_4.House of Representatives,,,,,,
Q201B_14,2,w07;w08,w07,w08,Q201B_14 The main Shia party,w08 release label,yes,release labels,2,0.414,,,,,,,,,,,,,,Q201B_14,Q201B_14. Shia_group,Q201B_14,Q201B_14 The main Shia party
Q201B_15,2,w07;w08,w07,w08,Q201B_15. Tribal leaders,w07 release label,no,release labels,2,1.0,,,,,,,,,,,,,,Q201B_15,Q201B_15. Tribal leaders,Q201B_15,Q201B_15 Tribal leaders
Q201C_38,2,w05;w06p1,w05,w06p1,Q201c_38. Private banks,w06p1 release label,no,release labels,2,0.812,,,,,,Q201C_38,TRUST: PRIVATE BANKS,Q201C_38,Q201c_38. Private banks,,,,,,,,
Q202,2,w02;w04,w02,w04,"q202 In your opinion, is the state currently undertaking far reaching and Fundamental reforms and changes in its institutions and agencies?",w02 release label,no,questionnaire,2,0.946,w04,q202,"q202 In your opinion, is the state currently undertaking far reaching and Fundamental reforms and changes in its institutions and agencies?",q202,"In your opinion, is the state currently undertakingfar-reaching and radical reforms and changes in itsinstitutions and agencies?",,,,,,,,,,,,
Q2041,2,w02;w04,w02,w04,q2041 I am going to ask a number of questions related to the current government’s performance. How would you evaluate the performance of the current government’s 1. Managing the economy?,w02 release label,unknown,,0,,,q2041,q2041 I am going to ask a number of questions related to the current government’s performance. How would you evaluate the performance of the current government’s 1. Managing the economy?,q2041,,,,,,,,,,,,,
Q2042,2,w02;w04,w02,w04,q2042 I am going to ask a number of questions related to the current government’s performance. How would you evaluate the performance of the current government’s 2. Creating employment opportunities?,w02 release label,unknown,,0,,,q2042,q2042 I am going to ask a number of questions related to the current government’s performance. How would you evaluate the performance of the current government’s 2. Creating employment opportunities?,q2042,,,,,,,,,,,,,
Q2043,2,w02;w04,w02,w04,q2043 I am going to ask a number of questions related to the current government’s performance. How would you evaluate the performance of the current government’s 3. Narrowing the gap between rich and poor?,w02 release label,unknown,,0,,,q2043,q2043 I am going to ask a number of questions related to the current government’s performance. How would you evaluate the performance of the current government’s 3. Narrowing the gap between rich and poor?,q2043,,,,,,,,,,,,,
Q2044,2,w02;w04,w02,w04,q2044 I am going to ask a number of questions related to the current government’s performance. How would you evaluate the performance of the current government’s 4. Improving basic health services?,w02 release label,unknown,,0,,,q2044,q2044 I am going to ask a number of questions related to the current government’s performance. How would you evaluate the performance of the current government’s 4. Improving basic health services?,q2044,,,,,,,,,,,,,
Q204A_4,2,w07;w08,w07,w08,Q204A_4. The quality of the streets in our country,w07 release label,no,questionnaire,2,1.0,,,,,,,,,,,,,,Q204A_4,Q204A_4. The quality of the streets in our country,Q204A_4,Q204A_4 The quality of the streets in our country
Q204A_5,2,w07;w08,w07,w08,Q204A_5. Trash collection in our country,w07 release label,no,questionnaire,2,1.0,,,,,,,,,,,,,,Q204A_5,Q204A_5. Trash collection in our country,Q204A_5,Q204A_5 Trash collection in our country
Q204_2,2,w05;w08,w05,w08,EVALUATION: GOVERNMENT PERFORMANCE: CREATING JOB OPPORTUNITIES,w05 release label,yes,release labels,2,0.516,,,,,,Q204_2,EVALUATION: GOVERNMENT PERFORMANCE: CREATING JOB OPPORTUNITIES,,,,,,,,,Q204_2,Q204_2 Creating employment opportunities
Q2061,2,w02;w04,w02,w04,What are the most two important challenges yourcountry is facing today?,w04 questionnaire,unknown,,0,,w04,q2061,q2061 What is the most important challenge facing your country today?,q2061,What are the most two important challenges yourcountry is facing today?,,,,,,,,,,,,
Q2061A_KUW,2,w07;w08,w07,w08,Q2061A_KUW. What is the most important challenge facing your country today?,w07 release label,unknown,,0,,,,,,,,,,,,,,,Q2061A_KUW,Q2061A_KUW. What is the most important challenge facing your country today?,Q2061A_KUW,
Q2062,2,w02;w04,w02,w04,q2062 What is the second most important challenge facing your country today?,w02 release label,unknown,,0,,w04,q2062,q2062 What is the second most important challenge facing your country today?,q2062,What are the most two important challenges yourcountry is facing today?,,,,,,,,,,,,
Q209,2,w02;w05,w02,w05,q209 To what extent do you agree with this statement: The government does all it can to provide its citizens with all services,w02 release label,no,release labels,2,0.601,,q209,q209 To what extent do you agree with this statement: The government does all it can to provide its citizens with all services,,,Q209,DIS/AGREEMENT: GOVERNMENT DOES ALL TO PROVIDE NECESSARY SERVICES,,,,,,,,,,
Q211A,2,w05;w06p2,w05,w06p2,Q211A.What is the most effective way the government could tackle corruption?,w06p2 release label,yes,release labels,2,0.204,,,,,,Q211A,CORRUPTION: EXTENT LOCAL LEVEL,,,Q211A,Q211A.What is the most effective way the government could tackle corruption?,,,,,,
Q211C,2,w05;w08,w05,w08,Q211C To what extent do you think that there is corruption within the local/municipal agencies and institutions in your country?,w08 release label,yes,release labels,2,0.278,,,,,,Q211C,CORRUPTION: RASHWA: HEALTHCARE SERVICES,,,,,,,,,Q211C,Q211C To what extent do you think that there is corruption within the local/municipal agencies and institutions in your country?
Q213,2,w02;w04,w02,w04,"q213 Some people say that nowadays it is impossible to obtain a job without connections, while others say that jobs are only available to qualified candidates. Based on a recent experience (or experiences) you are personally aware of, do you think that",w02 release label,no,questionnaire,2,0.913,w04,q213,"q213 Some people say that nowadays it is impossible to obtain a job without connections, while others say that jobs are only available to qualified candidates. Based on a recent experience (or experiences) you are personally aware of, do you think that",q213,"Some people say that nowadays it is impossible toget a job without connections (wasta) while otherssay that jobs are only available to qualifiedcandidates. Based on a recent experience (orexperiences) you are personally aware of, do youthink that … ?",,,,,,,,,,,,
Q217,2,w02;w04,w02,w04,"q217 In your opinion, are people nowadays able to criticize the government without fear?",w02 release label,yes,questionnaire,2,0.533,w04,q217,"q217 In your opinion, are people nowadays able to criticize the government without fear?",q217,Do you think that people nowadays can criticizetheir government without fear?,,,,,,,,,,,,
Q2181,2,w02;w04,w02,w04,q2181 Do you agree or disagree with the following statements? 1. Government employees are aware of citizens’ needs,w02 release label,unknown,,0,,,q2181,q2181 Do you agree or disagree with the following statements? 1. Government employees are aware of citizens’ needs,q2181,,,,,,,,,,,,,
Q2182,2,w02;w04,w02,w04,q2182 Do you agree or disagree with the following statements? 2. Political leaders are concerned with the needs of ordinary citizens,w02 release label,unknown,,0,,,q2182,q2182 Do you agree or disagree with the following statements? 2. Political leaders are concerned with the needs of ordinary citizens,q2182,,,,,,,,,,,,,
Q2185,2,w02;w04,w02,w04,"q2185 Do you agree or disagree with the following statements? 5. Sometimes, politics are so complicated that I cannot understand what is happening",w02 release label,unknown,,0,,,q2185,"q2185 Do you agree or disagree with the following statements? 5. Sometimes, politics are so complicated that I cannot understand what is happening",q2185,,,,,,,,,,,,,
Q220LEB,2,w07;w08,w07,w08,Q220LEB. To what extent do you agree with the following statement:\n“It is good for the Arab region that Hezbollah is getting involved in regional politics.”,w07 release label,no,questionnaire,2,1.0,w08,,,,,,,,,,,,,Q220LEB,Q220LEB. To what extent do you agree with the following statement:\n“It is good for the Arab region that Hezbollah is getting involved in regional politics.”,Q220LEB,To what extent do you agree with the following statement: “It is good for the Arab region that Hezbollah is getting involved in regional politics.”
Q265,2,w04;w05,w04,w05,Which of the following statements comes closest toyour view? Choose Statement 1 or Statement,w04 questionnaire,unknown,,0,,w04,,,q265,Which of the following statements comes closest toyour view? Choose Statement 1 or Statement,Q265,PREFERENCE: TAXES VS. SADAQA,,,,,,,,,,
Q271_1,2,w06p2;w08,w06p2,w08,Q271_1 Get admitted to university,w06p2 release label,no,questionnaire,2,0.604,,,,,,,,,,Q271_1,Q271_1 Get admitted to university,,,,,Q271_1,Q271_1 Get a job
Q274A,2,w07;w08,w07,w08,"Q274A. In the past 12 months, have you experienced any electricity outages",w07 release label,no,questionnaire,2,1.0,,,,,,,,,,,,,,Q274A,"Q274A. In the past 12 months, have you experienced any electricity outages",Q274A,"Q274A In the past 12 months, have you experienced any electricity outages"
Q274B,2,w07;w08,w07,w08,"Q274B. In the past 12 months, have you experienced water outages",w07 release label,no,questionnaire,2,1.0,,,,,,,,,,,,,,Q274B,"Q274B. In the past 12 months, have you experienced water outages",Q274B,"Q274B In the past 12 months, have you experienced water outages"
Q276,2,w07;w08,w07,w08,Q276. How well do you think the government responds to what people want?,w07 release label,no,questionnaire,2,1.0,,,,,,,,,,,,,,Q276,Q276. How well do you think the government responds to what people want?,Q276,Q276 How well do you think the government responds to what people want?
Q301,2,w02;w04,w02,w04,q301 Did you vote in the last parliamentary elections that were held on (date of the last elections),w02 release label,no,questionnaire,2,0.649,w04,q301,q301 Did you vote in the last parliamentary elections that were held on (date of the last elections),q301,Did you vote in the last parliamentary electionselection that took place on,,,,,,,,,,,,
Q303,2,w02;w04,w02,w04,"q303 In general, how would you evaluate the last parliamentary elections that were held on (date of the last elections in each country)?",w02 release label,no,questionnaire,2,0.747,w04,q303,"q303 In general, how would you evaluate the last parliamentary elections that were held on (date of the last elections in each country)?",q303,"In general, how would you evaluate the lastparliamentary elections that were held on held in",,,,,,,,,,,,
Q403,2,w02;w04,w02,w04,"q403 When you wish to read foreign newspapers, magazines, books, or to view websites on the internet, do you sometimes find that they are blocked by the government and/or its agencies?",w02 release label,no,questionnaire,2,0.805,w04,q403,"q403 When you wish to read foreign newspapers, magazines, books, or to view websites on the internet, do you sometimes find that they are blocked by the government and/or its agencies?",q403,"When you want to get newspapers, magazines,foreign books, or view sites on the internet, do yousometimes find it is forbidden by the governmentand/or its agencies?",,,,,,,,,,,,
Q4061,2,w02;w04,w02,w04,"q4061 In general, do you follow political news through [Insert]? 1. The television",w02 release label,unknown,,0,,,q4061,"q4061 In general, do you follow political news through [Insert]? 1. The television",q4061,,,,,,,,,,,,,
Q4062,2,w02;w04,w02,w04,"q4062 In general, do you follow political news through [Insert]? 2. The daily press",w02 release label,unknown,,0,,,q4062,"q4062 In general, do you follow political news through [Insert]? 2. The daily press",q4062,,,,,,,,,,,,,
Q4101,2,w02;w04,w02,w04,q4101 Do you use the internet in order to [Insert]? 1. Find out about political activities taking place in your country,w02 release label,unknown,,0,,,q4101,q4101 Do you use the internet in order to [Insert]? 1. Find out about political activities taking place in your country,q4101,,,,,,,,,,,,,
Q4102,2,w02;w04,w02,w04,q4102 Do you use the internet in order to [Insert]? 2. Express your opinion about political issues,w02 release label,unknown,,0,,,q4102,q4102 Do you use the internet in order to [Insert]? 2. Express your opinion about political issues,q4102,,,,,,,,,,,,,
Q412A_1,2,w07;w08,w07,w08,Q412A. Facebook,w07 release label,no,questionnaire,2,1.0,,,,,,,,,,,,,,Q412A_1,Q412A. Facebook,Q412A_1,Facebook
Q412A_10,2,w07;w08,w07,w08,Q412A. Signal,w07 release label,no,questionnaire,2,1.0,,,,,,,,,,,,,,Q412A_10,Q412A. Signal,Q412A_10,Signal
Q412A_11,2,w07;w08,w07,w08,Q412A. TikTok,w07 release label,no,questionnaire,2,1.0,,,,,,,,,,,,,,Q412A_11,Q412A. TikTok,Q412A_11,TikTok
Q412A_12,2,w07;w08,w07,w08,Q412A. Other,w07 release label,no,questionnaire,2,1.0,,,,,,,,,,,,,,Q412A_12,Q412A. Other,Q412A_12,Reddit
Q412A_2,2,w07;w08,w07,w08,Q412A. Twitter,w07 release label,no,questionnaire,2,1.0,,,,,,,,,,,,,,Q412A_2,Q412A. Twitter,Q412A_2,Twitter
Q412A_3,2,w07;w08,w07,w08,Q412A. Instagram,w07 release label,no,questionnaire,2,1.0,,,,,,,,,,,,,,Q412A_3,Q412A. Instagram,Q412A_3,Instagram
Q412A_4,2,w07;w08,w07,w08,Q412A. YouTube,w07 release label,no,questionnaire,2,1.0,,,,,,,,,,,,,,Q412A_4,Q412A. YouTube,Q412A_4,YouTube
Q412A_5,2,w07;w08,w07,w08,Q412A. WhatsApp,w07 release label,no,questionnaire,2,1.0,,,,,,,,,,,,,,Q412A_5,Q412A. WhatsApp,Q412A_5,WhatsApp
Q412A_6,2,w07;w08,w07,w08,Q412A. Telegram,w07 release label,no,questionnaire,2,1.0,,,,,,,,,,,,,,Q412A_6,Q412A. Telegram,Q412A_6,Telegram
Q412A_7,2,w07;w08,w07,w08,Q412A. Snapchat,w07 release label,no,questionnaire,2,1.0,,,,,,,,,,,,,,Q412A_7,Q412A. Snapchat,Q412A_7,Snapchat
Q412A_8,2,w07;w08,w07,w08,Q412A. Viber,w07 release label,no,questionnaire,2,1.0,,,,,,,,,,,,,,Q412A_8,Q412A. Viber,Q412A_8,Viber
Q412A_9,2,w07;w08,w07,w08,Q412A. Clubhouse,w07 release label,no,questionnaire,2,1.0,,,,,,,,,,,,,,Q412A_9,Q412A. Clubhouse,Q412A_9,Clubhouse
Q412A_98,2,w07;w08,w07,w08,Q412A. Don’t know,w07 release label,no,questionnaire,2,1.0,,,,,,,,,,,,,,Q412A_98,Q412A. Don’t know,Q412A_98,Don’t know
Q412A_99,2,w07;w08,w07,w08,Q412A. Refused to answer,w07 release label,no,questionnaire,2,1.0,,,,,,,,,,,,,,Q412A_99,Q412A. Refused to answer,Q412A_99,Refused to answer
Q501D,2,w07;w08,w07,w08,"Q501D. In a typical month, do you volunteer your time to do unpaid work for or support a cause that you care about?",w07 release label,no,questionnaire,2,1.0,,,,,,,,,,,,,,Q501D,"Q501D. In a typical month, do you volunteer your time to do unpaid work for or support a cause that you care about?",Q501D,"Q501D In a typical month, do you volunteer your time to do unpaid work for or support a cause that you care about?"
Q501E_2,2,w07;w08,w07,w08,Q501E_2. Type of cause,w07 release label,no,questionnaire,2,1.0,,,,,,,,,,,,,,Q501E_2,Q501E_2. Type of cause,Q501E_2,Q501E_2 Open Ansewr
Q5021,2,w02;w04,w02,w04,"q5021 Here is a set of activities that citizens usually take part in. During the past three years, did you participate in [Insert]? 1. Attending a meeting to learn about a subject or sign a petition",w02 release label,unknown,,0,,,q5021,"q5021 Here is a set of activities that citizens usually take part in. During the past three years, did you participate in [Insert]? 1. Attending a meeting to learn about a subject or sign a petition",q5021,,,,,,,,,,,,,
Q5022,2,w02;w04,w02,w04,"q5022 Here is a set of activities that citizens usually take part in. During the past three years, did you participate in [Insert]? 2. Participating in a protest, march or sit-in",w02 release label,unknown,,0,,,q5022,"q5022 Here is a set of activities that citizens usually take part in. During the past three years, did you participate in [Insert]? 2. Participating in a protest, march or sit-in",q5022,,,,,,,,,,,,,
Q503,2,w02;w04,w02,w04,"Which of the existing parties is closest torepresenting your political, social and economicaspirations (Not asked in Qatar)? Specify",w04 questionnaire,unknown,,0,,w04,q503,"q503 Which of the existing parties is closest to representing your political, social and economic aspirations?",q503,"Which of the existing parties is closest torepresenting your political, social and economicaspirations (Not asked in Qatar)? Specify",,,,,,,,,,,,
Q508,2,w02;w08,w02,w08,"q508 In your opinion, to what extent is the United States of America a democratic country?",w02 release label,no,release labels,2,1.0,,q508,"q508 In your opinion, to what extent is the United States of America a democratic country?",,,,,,,,,,,,,Q508,"Q508 In your opinion, to what extent is the United States of America a democratic country?"
Q509,2,w02;w08,w02,w08,"q509 In your opinion, to what extent is China a democratic country?",w02 release label,no,release labels,2,1.0,,q509,"q509 In your opinion, to what extent is China a democratic country?",,,,,,,,,,,,,Q509,"Q509 In your opinion, to what extent is China a democratic country?"
Q515A2,2,w04;w05,w04,w05,"Many things may be desirable, but not all of themare essential characteristics of democracy. If youhave to choose only one from each four sets ofstatements that I am going to read, which onewould you choose as the most essentialcharacteristics of a democracy?",w04 questionnaire,unknown,,0,,w04,,,q515a2,"Many things may be desirable, but not all of themare essential characteristics of democracy. If youhave to choose only one from each four sets ofstatements that I am going to read, which onewould you choose as the most essentialcharacteristics of a democracy?",Q515A2,DEMOCRACY: MAIN CHARACTERISTIC,,,,,,,,,,
Q5161,2,w02;w04,w02,w04,"q5161 To what extent do you agree or disagree with the following statements? 1. Under a democratic system, the country’s economic performance is weak",w02 release label,unknown,,0,,,q5161,"q5161 To what extent do you agree or disagree with the following statements? 1. Under a democratic system, the country’s economic performance is weak",q5161,,,,,,,,,,,,,
Q5162,2,w02;w04,w02,w04,q5162 To what extent do you agree or disagree with the following statements? 2. Democratic regimes are indecisive and full of problems,w02 release label,unknown,,0,,,q5162,q5162 To what extent do you agree or disagree with the following statements? 2. Democratic regimes are indecisive and full of problems,q5162,,,,,,,,,,,,,
Q5163,2,w02;w04,w02,w04,q5163 To what extent do you agree or disagree with the following statements? 3. Democratic systems are not effective at maintaining order and stability,w02 release label,unknown,,0,,,q5163,q5163 To what extent do you agree or disagree with the following statements? 3. Democratic systems are not effective at maintaining order and stability,q5163,,,,,,,,,,,,,
Q5164,2,w02;w04,w02,w04,"q5164 To what extent do you agree or disagree with the following statements? 4. A democratic system may have problems, yet it is better than other systems",w02 release label,unknown,,0,,,q5164,"q5164 To what extent do you agree or disagree with the following statements? 4. A democratic system may have problems, yet it is better than other systems",q5164,,,,,,,,,,,,,
Q5165,2,w02;w04,w02,w04,q5165 To what extent do you agree or disagree with the following statements? 5. The citizens in your country are not prepared for a democratic system,w02 release label,unknown,,0,,,q5165,q5165 To what extent do you agree or disagree with the following statements? 5. The citizens in your country are not prepared for a democratic system,q5165,,,,,,,,,,,,,
Q5181,2,w02;w04,w02,w04,"q5181 I will mention some of the political systems and I would like to know to what extent you think these systems would be appropriate for your country. 1. A parliamentary system in which nationalist, left wing, right wing, and Islamist parties compete in",w02 release label,unknown,,0,,,q5181,"q5181 I will mention some of the political systems and I would like to know to what extent you think these systems would be appropriate for your country. 1. A parliamentary system in which nationalist, left wing, right wing, and Islamist parties compete in",q5181,,,,,,,,,,,,,
Q5182,2,w02;w04,w02,w04,q5182 I will mention some of the political systems and I would like to know to what extent you think these systems would be appropriate for your country. 2. A parliamentary system in which only Islamist parties compete in parliamentary elections,w02 release label,unknown,,0,,,q5182,q5182 I will mention some of the political systems and I would like to know to what extent you think these systems would be appropriate for your country. 2. A parliamentary system in which only Islamist parties compete in parliamentary elections,q5182,,,,,,,,,,,,,
Q5183,2,w02;w04,w02,w04,q5183 I will mention some of the political systems and I would like to know to what extent you think these systems would be appropriate for your country. 3. A political system governed by a strong authority which makes decisions without considering elector,w02 release label,unknown,,0,,,q5183,q5183 I will mention some of the political systems and I would like to know to what extent you think these systems would be appropriate for your country. 3. A political system governed by a strong authority which makes decisions without considering elector,q5183,,,,,,,,,,,,,
Q5184,2,w02;w04,w02,w04,q5184 I will mention some of the political systems and I would like to know to what extent you think these systems would be appropriate for your country. 4. A system governed by Islamic law without elections or political parties,w02 release label,unknown,,0,,,q5184,q5184 I will mention some of the political systems and I would like to know to what extent you think these systems would be appropriate for your country. 4. A system governed by Islamic law without elections or political parties,q5184,,,,,,,,,,,,,
Q5185,2,w02;w04,w02,w04,q5185 I will mention some of the political systems and I would like to know to what extent you think these systems would be appropriate for your country. 5. A parliamentary system in which only non-religious parties compete in parliamentary elections,w02 release label,unknown,,0,,,q5185,q5185 I will mention some of the political systems and I would like to know to what extent you think these systems would be appropriate for your country. 5. A parliamentary system in which only non-religious parties compete in parliamentary elections,q5185,,,,,,,,,,,,,
Q5211,2,w02;w04,w02,w04,q5211 To what extent do you think that [Insert] is guaranteed in your country? 1. Freedom to express opinions,w02 release label,unknown,,0,,,q5211,q5211 To what extent do you think that [Insert] is guaranteed in your country? 1. Freedom to express opinions,q5211,,,,,,,,,,,,,
Q5212,2,w02;w04,w02,w04,q5212 To what extent do you think that [Insert] is guaranteed in your country? 2. Freedom of the press,w02 release label,unknown,,0,,,q5212,q5212 To what extent do you think that [Insert] is guaranteed in your country? 2. Freedom of the press,q5212,,,,,,,,,,,,,
Q5213,2,w02;w04,w02,w04,q5213 To what extent do you think that [Insert] is guaranteed in your country? 3. Freedom to join political parties,w02 release label,unknown,,0,,,q5213,q5213 To what extent do you think that [Insert] is guaranteed in your country? 3. Freedom to join political parties,q5213,,,,,,,,,,,,,
Q5214,2,w02;w04,w02,w04,q5214 To what extent do you think that [Insert] is guaranteed in your country? 4. Freedom to participate in peaceful protests and demonstrations,w02 release label,unknown,,0,,,q5214,q5214 To what extent do you think that [Insert] is guaranteed in your country? 4. Freedom to participate in peaceful protests and demonstrations,q5214,,,,,,,,,,,,,
Q5215,2,w02;w04,w02,w04,q5215 To what extent do you think that [Insert] is guaranteed in your country? 5. Freedom to join NGOs and civil society organizations,w02 release label,unknown,,0,,,q5215,q5215 To what extent do you think that [Insert] is guaranteed in your country? 5. Freedom to join NGOs and civil society organizations,q5215,,,,,,,,,,,,,
Q521_2A,2,w07;w08,w07,w08,Q521_2A. Freedom of the media to criticize the things government does,w07 release label,no,questionnaire,2,0.906,,,,,,,,,,,,,,Q521_2A,Q521_2A. Freedom of the media to criticize the things government does,Q521_2A,Q521_2A Freedom of the media to criticize the things government does
Q521_2B,2,w07;w08,w07,w08,Q521_2B. Freedom of the press,w07 release label,no,questionnaire,2,0.906,,,,,,,,,,,,,,Q521_2B,Q521_2B. Freedom of the press,Q521_2B,Q521_2B Freedom of the press
Q521_6,2,w07;w08,w07,w08,Q521_6. Freedom of religion,w07 release label,no,questionnaire,2,0.906,,,,,,,,,,,,,,Q521_6,Q521_6. Freedom of religion,Q521_6,Q521_6 Freedom of religion
Q523,2,w02;w04,w02,w04,To what degree would you agree that the violationof human rights committed by the government inyour country is justifiable in the name of promotingsecurity and stability? (Not asked in Qatar),w04 questionnaire,yes,questionnaire,2,0.571,w04,q523,q523 To what extent do you think the lack of respect for human rights for security purposes in your country is justified?,q523,To what degree would you agree that the violationof human rights committed by the government inyour country is justifiable in the name of promotingsecurity and stability? (Not asked in Qatar),,,,,,,,,,,,
Q533_5,2,w06p2;w07,w06p2,w07,"Q533_5. As long as the government can maintain order and stability in the country, it does not matter whether it is democratic or undemocratic",w07 release label,no,questionnaire,2,0.824,,,,,,,,,,Q533_5,Q533_5 As long as the government can maintain order and stability in the country,,,Q533_5,"Q533_5. As long as the government can maintain order and stability in the country, it does not matter whether it is democratic or undemocratic",,
Q534_1,2,w06p2;w08,w06p2,w08,Q534_1. Using a landline telephone,w08 release label,no,questionnaire,2,0.922,,,,,,,,,,Q534_1,Q534_1 Using a landline,,,,,Q534_1,Q534_1. Using a landline telephone
Q540_1,2,w07;w08,w07,w08,Q540_1. Which of the following are the first and second biggest environmental challenges facing your country?,w07 release label,no,questionnaire,2,1.0,,,,,,,,,,,,,,Q540_1,Q540_1. Which of the following are the first and second biggest environmental challenges facing your country?,Q540_1,Q540_1. Which of the following are the first and second biggest environmental challenges facing?
Q540_2,2,w07;w08,w07,w08,Q540_2. Which of the following are the first and second biggest environmental challenges facing your country?,w07 release label,no,questionnaire,2,0.951,,,,,,,,,,,,,,Q540_2,Q540_2. Which of the following are the first and second biggest environmental challenges facing your country?,Q540_2,Q540_2. Which of the following are the first and second biggest environmental challenges facing?
Q546,2,w07;w08,w07,w08,"Q546. Do you think our national government should do more, less, or about the same amount as it is doing right now to deal with climate change?",w07 release label,no,questionnaire,2,1.0,,,,,,,,,,,,,,Q546,"Q546. Do you think our national government should do more, less, or about the same amount as it is doing right now to deal with climate change?",Q546,"Q546. Do you think our national government should do more, less, or about the same amount as it is doing right now to deal with climate change?"
Q5COVID19,2,w06p1;w06p3,w06p1,w06p3,"Q5COVID19. If you were employed before the spread of the coronavirus, did it cau",w06p1 release label,no,questionnaire,2,1.0,,,,,,,,Q5COVID19,"Q5COVID19. If you were employed before the spread of the coronavirus, did it cau",,,Q5COVID19,"If you were employed before the spread of the coronavirus, did it cause you to",,,,
Q601A,2,w05;w06p3,w05,w06p3,To achieve fairer representation a certain percentage of elected positions shoul,w06p3 release label,yes,release labels,2,0.262,,,,,,Q601A,DIS/AGREEMENT: WOMEN'S QUOTA,,,,,Q601A,To achieve fairer representation a certain percentage of elected positions shoul,,,,
Q601_1,2,w05;w06p3,w05,w06p3,"For each of the statements listed below, please indicate whether you agree stron",w06p3 release label,yes,release labels,2,0.26,,,,,,Q601_1,WOMEN'S RIGHTS: WOMAN CAN BE PRIME MINISTER/PRESIDENT,,,,,Q601_1,"For each of the statements listed below, please indicate whether you agree stron",,,,
Q601_20,2,w05;w06p3,w05,w06p3,Taking care of the home and children is a woman’s primary responsibility,w06p3 release label,yes,release labels,2,0.271,,,,,,Q601_20,Women should have the right to pass on citizenship to their children,,,,,Q601_20,Taking care of the home and children is a woman’s primary responsibility,,,,
Q6021,2,w02;w04,w02,w04,q6021 Members of which of the following groups would you not like to have as neighbors? 1. Followers of other religions,w02 release label,unknown,,0,,,q6021,q6021 Members of which of the following groups would you not like to have as neighbors? 1. Followers of other religions,q6021,,,,,,,,,,,,,
Q6022,2,w02;w04,w02,w04,q6022 Members of which of the following groups would you not like to have as neighbors? 2. People of a different race and color,w02 release label,unknown,,0,,,q6022,q6022 Members of which of the following groups would you not like to have as neighbors? 2. People of a different race and color,q6022,,,,,,,,,,,,,
Q6023,2,w02;w04,w02,w04,q6023 Members of which of the following groups would you not like to have as neighbors? 3. Expatriate workers and immigrants,w02 release label,unknown,,0,,,q6023,q6023 Members of which of the following groups would you not like to have as neighbors? 3. Expatriate workers and immigrants,q6023,,,,,,,,,,,,,
Q6024,2,w02;w04,w02,w04,q6024 Members of which of the following groups would you not like to have as neighbors? 4. Displaced peoples and refugees,w02 release label,unknown,,0,,,q6024,q6024 Members of which of the following groups would you not like to have as neighbors? 4. Displaced peoples and refugees,q6024,,,,,,,,,,,,,
Q602_1,2,w05;w06p3,w05,w06p3,"For each of the following types of people, please tell me whether you would like",w06p3 release label,yes,release labels,2,0.203,,,,,,Q602_1,PREFERENCE: NEIGHBORS: DIFFERENT RELIGION,,,,,Q602_1,"For each of the following types of people, please tell me whether you would like",,,,
Q602_2,2,w05;w06p3,w05,w06p3,PREFERENCE: NEIGHBORS: DIFFERENT RACE/COLOR,w05 release label,no,release labels,2,0.684,,,,,,Q602_2,PREFERENCE: NEIGHBORS: DIFFERENT RACE/COLOR,,,,,Q602_2,People of a different race or color,,,,
Q602_3,2,w05;w06p3,w05,w06p3,PREFERENCE: NEIGHBORS: IMMIGRANTS,w05 release label,yes,release labels,2,0.333,,,,,,Q602_3,PREFERENCE: NEIGHBORS: IMMIGRANTS,,,,,Q602_3,Immigrants or foreign workers,,,,
Q602_4A,2,w05;w06p3,w05,w06p3,PREFERENCE: NEIGHBORS: DIFFERENT SECT OF ISLAM,w05 release label,no,release labels,2,0.734,,,,,,Q602_4A,PREFERENCE: NEIGHBORS: DIFFERENT SECT OF ISLAM,,,,,Q602_4A,People of a different sect of Islam,,,,
Q602_4B,2,w05;w06p3,w05,w06p3,PREFERENCE: NEIGHBORS: DIFFERENT CHRISTIAN DENOMINATION,w05 release label,yes,release labels,2,0.568,,,,,,Q602_4B,PREFERENCE: NEIGHBORS: DIFFERENT CHRISTIAN DENOMINATION,,,,,Q602_4B,People of a different sect of Christianity,,,,
Q6041,2,w02;w04,w02,w04,q6041 To what extent do you consider the following factors obstacles to accepting your son/daughter/sister/brother’s marriage? 1. Not praying,w02 release label,unknown,,0,,,q6041,q6041 To what extent do you consider the following factors obstacles to accepting your son/daughter/sister/brother’s marriage? 1. Not praying,q6041,,,,,,,,,,,,,
Q6043,2,w02;w04,w02,w04,q6043 To what extent do you consider the following factors obstacles to accepting your son/daughter/sister/brother’s marriage? 3. The family’s social status,w02 release label,unknown,,0,,,q6043,q6043 To what extent do you consider the following factors obstacles to accepting your son/daughter/sister/brother’s marriage? 3. The family’s social status,q6043,,,,,,,,,,,,,
Q6061,2,w02;w04,w02,w04,"q6061 To what extent do you agree or disagree with the following statements? 1. Religious leaders (imams, preachers, priests) should not interfere in voters’ decisions in elections",w02 release label,unknown,,0,,,q6061,"q6061 To what extent do you agree or disagree with the following statements? 1. Religious leaders (imams, preachers, priests) should not interfere in voters’ decisions in elections",q6061,,,,,,,,,,,,,
Q6062,2,w02;w04,w02,w04,q6062 To what extent do you agree or disagree with the following statements? 2. Your country is better off if religious people hold public positions in the state,w02 release label,unknown,,0,,,q6062,q6062 To what extent do you agree or disagree with the following statements? 2. Your country is better off if religious people hold public positions in the state,q6062,,,,,,,,,,,,,
Q6063,2,w02;w04,w02,w04,"q6063 To what extent do you agree or disagree with the following statements? 3. Religious leaders (imams, preachers, priests) should have influence over government decisions",w02 release label,unknown,,0,,,q6063,"q6063 To what extent do you agree or disagree with the following statements? 3. Religious leaders (imams, preachers, priests) should have influence over government decisions",q6063,,,,,,,,,,,,,
Q6064,2,w02;w04,w02,w04,q6064 To what extent do you agree or disagree with the following statements? 4. Religious practices are private and should be separated from social and political life,w02 release label,unknown,,0,,,q6064,q6064 To what extent do you agree or disagree with the following statements? 4. Religious practices are private and should be separated from social and political life,q6064,,,,,,,,,,,,,
Q6071,2,w02;w04,w02,w04,q6071 The opinions of Islamic jurists and religious scholars differ with regard to their interpretations of certain issues in Islam. I want to ask to what extent you agree or disagree with some of these issues? 1. Democracy is a system that incompatible wi,w02 release label,unknown,,0,,,q6071,q6071 The opinions of Islamic jurists and religious scholars differ with regard to their interpretations of certain issues in Islam. I want to ask to what extent you agree or disagree with some of these issues? 1. Democracy is a system that incompatible wi,q6071,,,,,,,,,,,,,
Q6073,2,w02;w04,w02,w04,q6073 The opinions of Islamic jurists and religious scholars differ with regard to their interpretations of certain issues in Islam. I want to ask to what extent you agree or disagree with some of these issues? 3. Banks interest fees contradict the teachin,w02 release label,unknown,,0,,,q6073,q6073 The opinions of Islamic jurists and religious scholars differ with regard to their interpretations of certain issues in Islam. I want to ask to what extent you agree or disagree with some of these issues? 3. Banks interest fees contradict the teachin,q6073,,,,,,,,,,,,,
Q6074,2,w02;w04,w02,w04,q6074 The opinions of Islamic jurists and religious scholars differ with regard to their interpretations of certain issues in Islam. I want to ask to what extent you agree or disagree with some of these issues? 4. Gender-mixed education should be allowed i,w02 release label,unknown,,0,,,q6074,q6074 The opinions of Islamic jurists and religious scholars differ with regard to their interpretations of certain issues in Islam. I want to ask to what extent you agree or disagree with some of these issues? 4. Gender-mixed education should be allowed i,q6074,,,,,,,,,,,,,
Q6076,2,w02;w04,w02,w04,q6076 The opinions of Islamic jurists and religious scholars differ with regard to their interpretations of certain issues in Islam. I want to ask to what extent you agree or disagree with some of these issues? 6. Women should wear modest clothes without n,w02 release label,unknown,,0,,,q6076,q6076 The opinions of Islamic jurists and religious scholars differ with regard to their interpretations of certain issues in Islam. I want to ask to what extent you agree or disagree with some of these issues? 6. Women should wear modest clothes without n,q6076,,,,,,,,,,,,,
Q6077,2,w02;w04,w02,w04,q6077 The opinions of Islamic jurists and religious scholars differ with regard to their interpretations of certain issues in Islam. I want to ask to what extent you agree or disagree with some of these issues? 7. In order to meet the demands of the modern,w02 release label,unknown,,0,,,q6077,q6077 The opinions of Islamic jurists and religious scholars differ with regard to their interpretations of certain issues in Islam. I want to ask to what extent you agree or disagree with some of these issues? 7. In order to meet the demands of the modern,q6077,,,,,,,,,,,,,
Q6101,2,w02;w04,w02,w04,q6101 Do you (Insert)? 1. Pray daily,w02 release label,unknown,,0,,,q6101,q6101 Do you (Insert)? 1. Pray daily,q6101,,,,,,,,,,,,,
Q6106,2,w02;w04,w02,w04,q6106 Do you (Insert)? 6. Listen to or read the Quran/the Bible,w02 release label,unknown,,0,,,q6106,q6106 Do you (Insert)? 6. Listen to or read the Quran/the Bible,q6106,,,,,,,,,,,,,
Q610_1,2,w07;w08,w07,w08,Q610_1. Pray daily,w07 release label,no,questionnaire,2,1.0,,,,,,,,,,,,,,Q610_1,Q610_1. Pray daily,Q610_1,Q610_1. Pray daily
Q620,2,w06p3;w07,w06p3,w07,Q620. To what extent do you personally agree or disagree with the following statement: “Men and women should be separated (should not mixed) in the workplace.”,w07 release label,no,questionnaire,2,0.99,,,,,,,,,,,,Q620,To what extent do you personally agree or disagree with the following statement,Q620,Q620. To what extent do you personally agree or disagree with the following statement: “Men and women should be separated (should not mixed) in the workplace.”,,
Q625,2,w07;w08,w07,w08,"Q625. In the past 12 months, has abuse of or violence against women in the community increased, stayed the same, decreased, or was it never a problem?",w08 release label,no,questionnaire,2,0.886,,,,,,,,,,,,,,Q625,"Q625 In the past 12 months, has abuse of or violence against women in the community increased, stayed the same, decreased, or was never a problem?",Q625,"Q625. In the past 12 months, has abuse of or violence against women in the community increased, stayed the same, decreased, or was it never a problem?"
Q7001,2,w02;w04,w02,w04,q7001 Do you prefer that future relations between Egypt and (Insert)...? 1. The United States,w02 release label,unknown,,0,,,q7001,q7001 Do you prefer that future relations between Egypt and (Insert)...? 1. The United States,q7001,,,,,,,,,,,,,
Q7002,2,w02;w04,w02,w04,q7002 Do you prefer that future relations between Egypt and (Insert)...? 2. Saudi Arabia,w02 release label,unknown,,0,,,q7002,q7002 Do you prefer that future relations between Egypt and (Insert)...? 2. Saudi Arabia,q7002,,,,,,,,,,,,,
Q7003,2,w02;w04,w02,w04,q7003 Do you prefer that future relations between Egypt and (Insert)...? 3. Iran,w02 release label,unknown,,0,,,q7003,q7003 Do you prefer that future relations between Egypt and (Insert)...? 3. Iran,q7003,,,,,,,,,,,,,
Q7004,2,w02;w04,w02,w04,q7004 Do you prefer that future relations between Egypt and (Insert)...? 4. Turkey,w02 release label,unknown,,0,,,q7004,q7004 Do you prefer that future relations between Egypt and (Insert)...? 4. Turkey,q7004,,,,,,,,,,,,,
Q700A_5,2,w07;w08,w07,w08,Q700A_5. Desire for economic relations with France,w07 release label,no,questionnaire,2,0.957,,,,,,,,,,,,,,Q700A_5,Q700A_5. Desire for economic relations with France,Q700A_5,Q700A_5 France
Q700B_12,2,w07;w08,w07,w08,Q700B_12. Favorability of The United Kingdom,w07 release label,no,questionnaire,2,1.0,,,,,,,,,,,,,,Q700B_12,Q700B_12. Favorability of The United Kingdom,Q700B_12,Q700B_12 United Kingdom
Q7011,2,w02;w04,w02,w04,q7011 Do you think the influence of (Insert) on the development of democracy in your country has been...? 1. The United States,w02 release label,unknown,,0,,,q7011,q7011 Do you think the influence of (Insert) on the development of democracy in your country has been...? 1. The United States,q7011,,,,,,,,,,,,,
Q7012,2,w02;w04,w02,w04,q7012 Do you think the influence of (Insert) on the development of democracy in your country has been...? 2. The European Union,w02 release label,unknown,,0,,,q7012,q7012 Do you think the influence of (Insert) on the development of democracy in your country has been...? 2. The European Union,q7012,,,,,,,,,,,,,
Q7013,2,w02;w04,w02,w04,q7013 Do you think the influence of (Insert) on the development of democracy in your country has been...? 3. Neighboring countries,w02 release label,unknown,,0,,,q7013,q7013 Do you think the influence of (Insert) on the development of democracy in your country has been...? 3. Neighboring countries,q7013,,,,,,,,,,,,,
Q701H_1,2,w07;w08,w07,w08,Which of these do you think is the main motivation of the United States for giving foreign aid to your country?,w07 questionnaire,no,questionnaire,2,0.937,w07,,,,,,,,,,,,,Q701H_1,Which of these do you think is the main motivation of the United States for giving foreign aid to your country?,Q701H_1,Q701H_1 Which of these do you think is the main motivation of the United States for giving foreign aid to?
Q701H_2,2,w07;w08,w07,w08,Which of these do you think is the main motivation of China for giving foreign aid to your country?,w07 questionnaire,no,questionnaire,2,0.929,w07,,,,,,,,,,,,,Q701H_2,Which of these do you think is the main motivation of China for giving foreign aid to your country?,Q701H_2,Q701H_2 Which of these do you think is the main motivation of China for giving foreign aid to?
Q703,2,w02;w05,w02,w05,q703 Is it better for your country...?,w02 release label,yes,release labels,2,0.264,,q703,q703 Is it better for your country...?,,,Q703,PREFERENCE: GLOBALIZATION,,,,,,,,,,
Q704,2,w02;w04,w02,w04,q704 Are the external demands for reform,w02 release label,no,questionnaire,2,0.788,w04,q704,q704 Are the external demands for reform,q704,Are American demands for reform … ?,,,,,,,,,,,,
Q708,2,w02;w04,w02,w04,q708 Do you agree or disagree with the following statement: American and Western culture have positive aspects,w02 release label,no,questionnaire,2,0.785,w04,q708,q708 Do you agree or disagree with the following statement: American and Western culture have positive aspects,q708,Do you agree or disagree with the followingstatement: American and Western culture havepositive aspects?,,,,,,,,,,,,
Q7141A,2,w05;w06p1,w05,w06p1,Q7141a. What country poses the greatest threat to stability in your country?,w06p1 release label,yes,release labels,2,0.543,,,,,,Q7141A,GREATEST THREAT: STABILITY,Q7141A,Q7141a. What country poses the greatest threat to stability in your country?,,,,,,,,
Q725_7,2,w07;w08,w07,w08,Q725_7. Rating of the foreign policies of Syrian President Bashar al Assad,w07 release label,no,questionnaire,2,1.0,,,,,,,,,,,,,,Q725_7,Q725_7. Rating of the foreign policies of Syrian President Bashar al Assad,Q725_7,Q725_7 Syrian President Bashar al Assad
Q725_8,2,w07;w08,w07,w08,Q725_8. Rating of the foreign policies of Emirati Crown Prince Mohammed bin Zayed,w07 release label,no,questionnaire,2,1.0,,,,,,,,,,,,,,Q725_8,Q725_8. Rating of the foreign policies of Emirati Crown Prince Mohammed bin Zayed,Q725_8,Q725_8 Emirati President Mohammed bin Zayed
Q727_1A,2,w07;w08,w07,w08,Q727_1A. Which country would build the highest quality project?,w07 release label,no,questionnaire,2,0.95,,,,,,,,,,,,,,Q727_1A,Q727_1A. Which country would build the highest quality project?,Q727_1A,Q727_1A Which country would build the highest quality?
Q727_2A,2,w07;w08,w07,w08,Q727_2A. Which country would build it for the least amount of money?,w07 release label,no,questionnaire,2,0.95,,,,,,,,,,,,,,Q727_2A,Q727_2A. Which country would build it for the least amount of money?,Q727_2A,Q727_2A Which country would build it for the least amount of money?
Q727_4B,2,w07;w08,w07,w08,Q727_4B. Which country would treat the local workforce the best?,w07 release label,no,questionnaire,2,0.95,,,,,,,,,,,,,,Q727_4B,Q727_4B. Which country would treat the local workforce the best?,Q727_4B,Q727_4B Which country would treat the local workforce the best?
Q727_5,2,w06p1;w06p3,w06p1,w06p3,Infrastrucutre contract: Which country would you prefer to get the contract?,w06p1 release label,no,questionnaire,2,0.827,,,,,,,,Q727_5,Infrastrucutre contract: Which country would you prefer to get the contract?,,,Q727_5,Infrastructure contract: Which country would you prefer to get the contract?,,,,
Q727_5C,2,w07;w08,w07,w08,Q727_5C. Which country would you prefer to get the contract?,w07 release label,no,questionnaire,2,0.95,,,,,,,,,,,,,,Q727_5C,Q727_5C. Which country would you prefer to get the contract?,Q727_5C,Q727_5C Which country would you prefer to get the contract?
Q728_1B,2,w07;w08,w07,w08,Q728_1B. The development of China’s economic power,w07 release label,no,questionnaire,2,0.964,,,,,,,,,,,,,,Q728_1B,Q728_1B. The development of China’s economic power,Q728_1B,Q728_1B The development of China’s economic power
Q728_2B,2,w07;w08,w07,w08,Q728_2B. The development of American economic power,w07 release label,no,questionnaire,2,0.964,,,,,,,,,,,,,,Q728_2B,Q728_2B. The development of American economic power,Q728_2B,Q728_2B The development of American economic power
Q728_4A,2,w07;w08,w07,w08,Q728_4A. Iran’s political influence in the region,w07 release label,no,questionnaire,2,0.964,,,,,,,,,,,,,,Q728_4A,Q728_4A. Iran’s political influence in the region,Q728_4A,Q728_4A Iran’s political influence in the region
Q728_4B,2,w07;w08,w07,w08,Q728_4B. Saudi Arabia’s political influence in the region,w07 release label,no,questionnaire,2,0.964,,,,,,,,,,,,,,Q728_4B,Q728_4B. Saudi Arabia’s political influence in the region,Q728_4B,Q728_4B Saudi Arabia’s political influence in the region
Q728_5A,2,w07;w08,w07,w08,Q728_5A. Israeli occupation of the Palestinian territories,w07 release label,no,questionnaire,2,0.964,,,,,,,,,,,,,,Q728_5A,Q728_5A. Israeli occupation of the Palestinian territories,Q728_5A,Q728_5A Israeli occupation of the Palestinian territories
Q728_5B,2,w07;w08,w07,w08,Q728_5B. Iran’s nuclear program,w07 release label,no,questionnaire,2,0.964,,,,,,,,,,,,,,Q728_5B,Q728_5B. Iran’s nuclear program,Q728_5B,Q728_5B Iran’s nuclear program
Q729_3,2,w07;w08,w07,w08,Q729_3. To what extent do you believe U.S. foreign aid strengthens education initiatives?,w07 release label,no,questionnaire,2,0.889,,,,,,,,,,,,,,Q729_3,Q729_3. To what extent do you believe U.S. foreign aid strengthens education initiatives?,Q729_3,Q729_3 Strengthens education initiatives
Q729_5,2,w07;w08,w07,w08,Q729_5. To what extent do you believe U.S. foreign aid advances women’s rights?,w07 release label,no,questionnaire,2,0.889,,,,,,,,,,,,,,Q729_5,Q729_5. To what extent do you believe U.S. foreign aid advances women’s rights?,Q729_5,Q729_5 Advances women’s rights
Q729_6,2,w07;w08,w07,w08,Q729_6. To what extent do you believe U.S. foreign aid strengthens civil society?,w07 release label,no,questionnaire,2,0.889,,,,,,,,,,,,,,Q729_6,Q729_6. To what extent do you believe U.S. foreign aid strengthens civil society?,Q729_6,Q729_6 Strengthens civil society
Q733,2,w06p1;w08,w06p1,w08,Q733 To what extent do you approve or disapprove of Russia’s invasion of Ukraine?,w08 release label,yes,questionnaire,2,0.252,,,,,,,,Q733,"Q733 Whose policies do you think will be better for the region, Donald Trump or",,,,,,,Q733,Q733 To what extent do you approve or disapprove of Russia’s invasion of Ukraine?
Q734B,2,w06p3;w07,w06p3,w07,Q734B. To what extent do you favor or oppose the normalization of relations between Morocco and Israel?,w07 release label,no,questionnaire,2,1.0,,,,,,,,,,,,Q734B,To what extent do you favor or oppose the normalization of relations between Mor,Q734B,Q734B. To what extent do you favor or oppose the normalization of relations between Morocco and Israel?,,
Q734C,2,w07;w08,w07,w08,Q734C To what extent do you favor or oppose the normalization of relations between Arab states and Israel?,w07 release label,no,release labels,2,1.0,,,,,,,,,,,,,,Q734C,Q734C To what extent do you favor or oppose the normalization of relations between Arab states and Israel?,Q734C,Q734C To what extent do you favor or oppose the normalization of relations between Arab states and Israel?
Q736B,2,w07;w08,w07,w08,Q736B. What do you think should be the Biden administration’s number one priority in the Middle East and North Africa?,w07 release label,no,questionnaire,2,1.0,,,,,,,,,,,,,,Q736B,Q736B. What do you think should be the Biden administration’s number one priority in the Middle East and North Africa?,Q736B,Q736B What do you think should be the Biden administration’s number one priority in the Middle East and North Africa?
Q738,2,w07;w08,w07,w08,Q738. Which solution from among the following you prefer to put an end to the Palestinian-Israeli conflict?,w07 release label,no,questionnaire,2,0.985,,,,,,,,,,,,,,Q738,Q738. Which solution from among the following you prefer to put an end to the Palestinian-Israeli conflict?,Q738,Q738 Which solution from among the following you prefer to put an end to the Palestinian-Israeli conflict?
Q833,2,w04;w05,w04,w05,How concerned are you that sectarian division isgrowing across the region?,w04 questionnaire,unknown,,0,,w04,,,q833,How concerned are you that sectarian division isgrowing across the region?,Q833,EVALUATION: GROWTH OF SECTARIAN DIVISION,,,,,,,,,,
Q833B,2,w07;w08,w07,w08,Q833B. How concerned are you that sectarian division is growing in your country?,w07 release label,no,questionnaire,2,0.901,,,,,,,,,,,,,,Q833B,Q833B. How concerned are you that sectarian division is growing in your country?,Q833B,Concern about growth of sectarian division
Q867A,2,w07;w08,w07,w08,"Q867A. Do you believe that the quality of your life is better, the same as, or worse than the quality of your parents’ lives?",w07 release label,no,questionnaire,2,1.0,,,,,,,,,,,,,,Q867A,"Q867A. Do you believe that the quality of your life is better, the same as, or worse than the quality of your parents’ lives?",Q867A,"Q867A. Do you believe that the quality of your life is better, the same as, or worse than the quality of your parents’ lives?"
Q867B,2,w07;w08,w07,w08,"Q867B. Do you believe that the quality of your children’s lives will be better, the same as, or worse than the quality of your life?",w07 release label,no,questionnaire,2,1.0,,,,,,,,,,,,,,Q867B,"Q867B. Do you believe that the quality of your children’s lives will be better, the same as, or worse than the quality of your life?",Q867B,"Q867B. Do you believe that the quality of your children’s lives will be better, the same as, or worse than the quality of your life?"
Q905,2,w07;w08,w07,w08,Q905. To what extent do you think Sub-Saharan migrants are discriminated against in your country?,w07 release label,no,questionnaire,2,0.626,,,,,,,,,,,,,,Q905,Q905. To what extent do you think Sub-Saharan migrants are discriminated against in your country?,Q905,Q905. To what extent do you think migrants from Sub Saharan Africa are discriminated against in?
QID,2,w02;w04,w02,w04,qid Questionnaire ID number,w02 release label,unknown,,0,,,qid,qid Questionnaire ID number,qid,,,,,,,,,,,,,
QLEB6,2,w06p1;w08,w06p1,w08,"QLEB6. In your opinion, is it preferable for the system of governance in Lebanon",w06p1 release label,no,questionnaire,2,1.0,w08,,,,,,,QLEB6,"QLEB6. In your opinion, is it preferable for the system of governance in Lebanon",,,,,,,QLEB6,"In your opinion, is it preferable for the system of governance in Lebanon to be"
QLEB7,2,w06p1;w08,w06p1,w08,Would you be comfortable with authority positions that have historically been occupied by members of your sect becoming available to all other sects?,w08 questionnaire,no,questionnaire,2,1.0,w08,,,,,,,QLEB7,QLEB7. Would you be comfortable with authority positions that have historically,,,,,,,QLEB7,Would you be comfortable with authority positions that have historically been occupied by members of your sect becoming available to all other sects?
QLIBGOV,2,w06p1;w06p2,w06p1,w06p2,QLIB_GOVT. Which of the following bodies governs the area where you currently li,w06p1 release label,no,release labels,2,0.981,,,,,,,,QLIBGOV,QLIB_GOVT. Which of the following bodies governs the area where you currently li,QLIBGOV,QLIBGOVT.Which of the following bodies governs the area where you currently live,,,,,,
SAMPLE,2,w04;w05,w04,w05,SAMPLE,w05 release label,unknown,,0,,,,,sample,,sample,SAMPLE,,,,,,,,,,
T1003,2,w02;w04,w02,w04,"Level of Education (Jordan, Lebanon andTunisia only)",w04 questionnaire,unknown,,0,,w04,t1003,t1003 Level of education (Tunisia Only),t1003,"Level of Education (Jordan, Lebanon andTunisia only)",,,,,,,,,,,,
AID1A,1,w04,w04,w04,"Over the past 5 years, have you or someone in yourfamily (members of the same household)participated in a youth educational program (foryouth aged 12-18 years) outside of the formalnational educational curriculum?",w04 questionnaire,unknown,,0,,w04,,,aid1a,"Over the past 5 years, have you or someone in yourfamily (members of the same household)participated in a youth educational program (foryouth aged 12-18 years) outside of the formalnational educational curriculum?",,,,,,,,,,,,
AID1A1,1,w04,w04,w04,Participant participated in the program,w04 questionnaire,unknown,,0,,w04,,,aid1a1,Participant participated in the program,,,,,,,,,,,,
AID1A2,1,w04,w04,w04,Family member participated in the program,w04 questionnaire,unknown,,0,,w04,,,aid1a2,Family member participated in the program,,,,,,,,,,,,
AID1B1COMP,1,w04,w04,w04,,,unknown,,0,,,,,aid1b1comp,,,,,,,,,,,,,
AID1B1DK,1,w04,w04,w04,,,unknown,,0,,,,,aid1b1dk,,,,,,,,,,,,,
AID1B1LANG,1,w04,w04,w04,,,unknown,,0,,,,,aid1b1lang,,,,,,,,,,,,,
AID1B1LIFE,1,w04,w04,w04,,,unknown,,0,,,,,aid1b1life,,,,,,,,,,,,,
AID1B1LIT,1,w04,w04,w04,,,unknown,,0,,,,,aid1b1lit,,,,,,,,,,,,,
AID1B1NUM,1,w04,w04,w04,,,unknown,,0,,,,,aid1b1num,,,,,,,,,,,,,
AID1B1OTHER,1,w04,w04,w04,,,unknown,,0,,,,,aid1b1other,,,,,,,,,,,,,
AID1B1SCI,1,w04,w04,w04,,,unknown,,0,,,,,aid1b1sci,,,,,,,,,,,,,
AID1B1SOC,1,w04,w04,w04,,,unknown,,0,,,,,aid1b1soc,,,,,,,,,,,,,
AID1B2COMP,1,w04,w04,w04,,,unknown,,0,,,,,aid1b2comp,,,,,,,,,,,,,
AID1B2DK,1,w04,w04,w04,,,unknown,,0,,,,,aid1b2dk,,,,,,,,,,,,,
AID1B2LANG,1,w04,w04,w04,,,unknown,,0,,,,,aid1b2lang,,,,,,,,,,,,,
AID1B2LIFE,1,w04,w04,w04,,,unknown,,0,,,,,aid1b2life,,,,,,,,,,,,,
AID1B2LIT,1,w04,w04,w04,,,unknown,,0,,,,,aid1b2lit,,,,,,,,,,,,,
AID1B2NUM,1,w04,w04,w04,,,unknown,,0,,,,,aid1b2num,,,,,,,,,,,,,
AID1B2OTHER,1,w04,w04,w04,,,unknown,,0,,,,,aid1b2other,,,,,,,,,,,,,
AID1B2SCI,1,w04,w04,w04,,,unknown,,0,,,,,aid1b2sci,,,,,,,,,,,,,
AID1B2SOC,1,w04,w04,w04,,,unknown,,0,,,,,aid1b2soc,,,,,,,,,,,,,
AID1C,1,w04,w04,w04,Who has organized the education program that youor someone from your family member haveparticipated in? (Enumerator: please ask about thelast attended program/last experience),w04 questionnaire,unknown,,0,,w04,,,aid1c,Who has organized the education program that youor someone from your family member haveparticipated in? (Enumerator: please ask about thelast attended program/last experience),,,,,,,,,,,,
AID1COTHER,1,w04,w04,w04,Other organizer of program Specify,w04 questionnaire,unknown,,0,,w04,,,aid1cother,Other organizer of program Specify,,,,,,,,,,,,
AID2,1,w04,w04,w04,"In general, how satisfied are you with youtheducational programs outside the formaleducational curriculum?",w04 questionnaire,unknown,,0,,w04,,,aid2,"In general, how satisfied are you with youtheducational programs outside the formaleducational curriculum?",,,,,,,,,,,,
AID31,1,w04,w04,w04,Which of these things would be the most importantreason for a person to attend a program outside theformal educational system? (Open-ended),w04 questionnaire,unknown,,0,,w04,,,aid31,Which of these things would be the most importantreason for a person to attend a program outside theformal educational system? (Open-ended),,,,,,,,,,,,
AID31OTHER,1,w04,w04,w04,Other reason Specify,w04 questionnaire,unknown,,0,,w04,,,aid31other,Other reason Specify,,,,,,,,,,,,
AID32,1,w04,w04,w04,Which of these things would be the second mostimportant reason for a person to attend a programoutside the formal educational system?(Open-ended),w04 questionnaire,unknown,,0,,w04,,,aid32,Which of these things would be the second mostimportant reason for a person to attend a programoutside the formal educational system?(Open-ended),,,,,,,,,,,,
AID32OTHER,1,w04,w04,w04,Other reason Specify,w04 questionnaire,unknown,,0,,w04,,,aid32other,Other reason Specify,,,,,,,,,,,,
AID41,1,w04,w04,w04,Which of these things would be the biggest problem/ barrier preventing a person attending a program?(Open-ended),w04 questionnaire,unknown,,0,,w04,,,aid41,Which of these things would be the biggest problem/ barrier preventing a person attending a program?(Open-ended),,,,,,,,,,,,
AID41OTHER,1,w04,w04,w04,Other reason Specify,w04 questionnaire,unknown,,0,,w04,,,aid41other,Other reason Specify,,,,,,,,,,,,
AID42,1,w04,w04,w04,Which of these things would be the second biggestproblem / barrier preventing a person attending aprogram? (Open-ended),w04 questionnaire,unknown,,0,,w04,,,aid42,Which of these things would be the second biggestproblem / barrier preventing a person attending aprogram? (Open-ended),,,,,,,,,,,,
AID42OTHER,1,w04,w04,w04,Other reason Specify,w04 questionnaire,unknown,,0,,w04,,,aid42other,Other reason Specify,,,,,,,,,,,,
AID5A,1,w04,w04,w04,Let’s talk for a moment about the kind of educationsystem that you would like to have in this country.Which of the following statements is closest to yourview? Choose Statement 1 or Statement 2,w04 questionnaire,unknown,,0,,w04,,,aid5a,Let’s talk for a moment about the kind of educationsystem that you would like to have in this country.Which of the following statements is closest to yourview? Choose Statement 1 or Statement 2,,,,,,,,,,,,
AID5B,1,w04,w04,w04,Let’s talk for a moment about the kind of educationsystem that you would like to have in this country.Which of the following statements is closest to yourview? Choose Statement 1 or Statement,w04 questionnaire,unknown,,0,,w04,,,aid5b,Let’s talk for a moment about the kind of educationsystem that you would like to have in this country.Which of the following statements is closest to yourview? Choose Statement 1 or Statement,,,,,,,,,,,,
AID5C,1,w04,w04,w04,Let’s talk for a moment about the kind of educationsystem that you would like to have in this country.Which of the following statements is closest to yourview? Choose Statement 1 or Statement,w04 questionnaire,unknown,,0,,w04,,,aid5c,Let’s talk for a moment about the kind of educationsystem that you would like to have in this country.Which of the following statements is closest to yourview? Choose Statement 1 or Statement,,,,,,,,,,,,
AID5D,1,w04,w04,w04,Let’s talk for a moment about the kind of educationsystem that you would like to have in this country.Which of the following statements is closest to yourview? Choose Statement 1 or Statement 2,w04 questionnaire,unknown,,0,,w04,,,aid5d,Let’s talk for a moment about the kind of educationsystem that you would like to have in this country.Which of the following statements is closest to yourview? Choose Statement 1 or Statement 2,,,,,,,,,,,,
AID5E,1,w04,w04,w04,Let’s talk for a moment about the kind of educationsystem that you would like to have in this country.Which of the following statements is closest to yourview? Choose Statement 1 or Statement,w04 questionnaire,unknown,,0,,w04,,,aid5e,Let’s talk for a moment about the kind of educationsystem that you would like to have in this country.Which of the following statements is closest to yourview? Choose Statement 1 or Statement,,,,,,,,,,,,
BLOCK_ID,1,w08,w08,w08,BLOCK_ID. Enter block ID,w08 release label,unknown,,0,,,,,,,,,,,,,,,,,BLOCK_ID,BLOCK_ID. Enter block ID
E2001B,1,w05,w05,w05,,,unknown,,0,,,,,,,E2001B,,,,,,,,,,,
EG2036,1,w02,w02,w02,"eg2036 Generally speaking, how would you evaluate the performance of [Insert] in carrying out its tasks and duties? 6. The Supreme Council of the Armed Forces",w02 release label,unknown,,0,,,eg2036,"eg2036 Generally speaking, how would you evaluate the performance of [Insert] in carrying out its tasks and duties? 6. The Supreme Council of the Armed Forces",,,,,,,,,,,,,,
EG2041,1,w02,w02,w02,eg2041 To what extent do you think the Supreme Council of the Armed Forces will work to 1. Provide the necessary conditions to transform Egypt into a democratic state,w02 release label,unknown,,0,,,eg2041,eg2041 To what extent do you think the Supreme Council of the Armed Forces will work to 1. Provide the necessary conditions to transform Egypt into a democratic state,,,,,,,,,,,,,,
EG2042,1,w02,w02,w02,eg2042 To what extent do you think the Supreme Council of the Armed Forces will work to 2. Transfer authority to an elected civil government,w02 release label,unknown,,0,,,eg2042,eg2042 To what extent do you think the Supreme Council of the Armed Forces will work to 2. Transfer authority to an elected civil government,,,,,,,,,,,,,,
EG2043,1,w02,w02,w02,eg2043 To what extent do you think the Supreme Council of the Armed Forces will work to 3. Conduct free and fair elections,w02 release label,unknown,,0,,,eg2043,eg2043 To what extent do you think the Supreme Council of the Armed Forces will work to 3. Conduct free and fair elections,,,,,,,,,,,,,,
EG2044,1,w02,w02,w02,eg2044 To what extent do you think the Supreme Council of the Armed Forces will work to 4. Try figures of the former regime,w02 release label,unknown,,0,,,eg2044,eg2044 To what extent do you think the Supreme Council of the Armed Forces will work to 4. Try figures of the former regime,,,,,,,,,,,,,,
EG301,1,w02,w02,w02,eg301 Do you think Egypt is ready to conduct free and fair parliamentary elections...?,w02 release label,unknown,,0,,,eg301,eg301 Do you think Egypt is ready to conduct free and fair parliamentary elections...?,,,,,,,,,,,,,,
EG302,1,w02,w02,w02,eg302 Will you vote in the next parliamentary elections?,w02 release label,unknown,,0,,,eg302,eg302 Will you vote in the next parliamentary elections?,,,,,,,,,,,,,,
EG3041,1,w02,w02,w02,"eg3041 Suppose that the parliamentary elections were to be conducted tomorrow and that you have decided to vote, how important would it be that [Insert] in deciding who to vote for? 1. That the candidate is from your family/tribe (relatives)",w02 release label,unknown,,0,,,eg3041,"eg3041 Suppose that the parliamentary elections were to be conducted tomorrow and that you have decided to vote, how important would it be that [Insert] in deciding who to vote for? 1. That the candidate is from your family/tribe (relatives)",,,,,,,,,,,,,,
EG30411,1,w02,w02,w02,"eg30411 Suppose that the parliamentary elections were to be conducted tomorrow and that you have decided to vote, how important would it be that [Insert] in deciding who to vote for? 11. That the candidate supported and joined the events of the Egyptian re",w02 release label,unknown,,0,,,eg30411,"eg30411 Suppose that the parliamentary elections were to be conducted tomorrow and that you have decided to vote, how important would it be that [Insert] in deciding who to vote for? 11. That the candidate supported and joined the events of the Egyptian re",,,,,,,,,,,,,,
EG3042,1,w02,w02,w02,"eg3042 Suppose that the parliamentary elections were to be conducted tomorrow and that you have decided to vote, how important would it be that [Insert] in deciding who to vote for? 2. The candidate’s political party or affiliation",w02 release label,unknown,,0,,,eg3042,"eg3042 Suppose that the parliamentary elections were to be conducted tomorrow and that you have decided to vote, how important would it be that [Insert] in deciding who to vote for? 2. The candidate’s political party or affiliation",,,,,,,,,,,,,,
EG3043,1,w02,w02,w02,"eg3043 Suppose that the parliamentary elections were to be conducted tomorrow and that you have decided to vote, how important would it be that [Insert] in deciding who to vote for? 3. The candidate’s level of education",w02 release label,unknown,,0,,,eg3043,"eg3043 Suppose that the parliamentary elections were to be conducted tomorrow and that you have decided to vote, how important would it be that [Insert] in deciding who to vote for? 3. The candidate’s level of education",,,,,,,,,,,,,,
EG3044,1,w02,w02,w02,"eg3044 Suppose that the parliamentary elections were to be conducted tomorrow and that you have decided to vote, how important would it be that [Insert] in deciding who to vote for? 4. The candidate’s piety",w02 release label,unknown,,0,,,eg3044,"eg3044 Suppose that the parliamentary elections were to be conducted tomorrow and that you have decided to vote, how important would it be that [Insert] in deciding who to vote for? 4. The candidate’s piety",,,,,,,,,,,,,,
EG3045,1,w02,w02,w02,"eg3045 Suppose that the parliamentary elections were to be conducted tomorrow and that you have decided to vote, how important would it be that [Insert] in deciding who to vote for? 5. The extent that you agree with the candidate about issues that are impo",w02 release label,unknown,,0,,,eg3045,"eg3045 Suppose that the parliamentary elections were to be conducted tomorrow and that you have decided to vote, how important would it be that [Insert] in deciding who to vote for? 5. The extent that you agree with the candidate about issues that are impo",,,,,,,,,,,,,,
EG3046,1,w02,w02,w02,"eg3046 Suppose that the parliamentary elections were to be conducted tomorrow and that you have decided to vote, how important would it be that [Insert] in deciding who to vote for? 6. The candidate’s social status",w02 release label,unknown,,0,,,eg3046,"eg3046 Suppose that the parliamentary elections were to be conducted tomorrow and that you have decided to vote, how important would it be that [Insert] in deciding who to vote for? 6. The candidate’s social status",,,,,,,,,,,,,,
EG3047,1,w02,w02,w02,"eg3047 Suppose that the parliamentary elections were to be conducted tomorrow and that you have decided to vote, how important would it be that [Insert] in deciding who to vote for? 7. The candidate’s wealth",w02 release label,unknown,,0,,,eg3047,"eg3047 Suppose that the parliamentary elections were to be conducted tomorrow and that you have decided to vote, how important would it be that [Insert] in deciding who to vote for? 7. The candidate’s wealth",,,,,,,,,,,,,,
EG305,1,w02,w02,w02,eg305 Which of the factors mentioned in the previous question is the most important?,w02 release label,unknown,,0,,,eg305,eg305 Which of the factors mentioned in the previous question is the most important?,,,,,,,,,,,,,,
EG306,1,w02,w02,w02,eg306 Do you think that the coming parliamentary elections will be,w02 release label,unknown,,0,,,eg306,eg306 Do you think that the coming parliamentary elections will be,,,,,,,,,,,,,,
EG307,1,w02,w02,w02,"eg307 Suppose that the parliamentary elections were to be held tomorrow and that you have decided to participate, would you vote for...?",w02 release label,unknown,,0,,,eg307,"eg307 Suppose that the parliamentary elections were to be held tomorrow and that you have decided to participate, would you vote for...?",,,,,,,,,,,,,,
EG308,1,w02,w02,w02,eg308 Which political party or movement do you plan on voting for?,w02 release label,unknown,,0,,,eg308,eg308 Which political party or movement do you plan on voting for?,,,,,,,,,,,,,,
EG309,1,w02,w02,w02,eg309 Do you think that any of the political parties or movements in Egypt will win a majority of seats in the People’s Assembly in the upcoming elections?,w02 release label,unknown,,0,,,eg309,eg309 Do you think that any of the political parties or movements in Egypt will win a majority of seats in the People’s Assembly in the upcoming elections?,,,,,,,,,,,,,,
EG309N,1,w02,w02,w02,eg309n Name of the party or movement,w02 release label,unknown,,0,,,eg309n,eg309n Name of the party or movement,,,,,,,,,,,,,,
EG310,1,w02,w02,w02,eg310 Do you think Egypt is ready to conduct free and fair presidential elections...?,w02 release label,unknown,,0,,,eg310,eg310 Do you think Egypt is ready to conduct free and fair presidential elections...?,,,,,,,,,,,,,,
EG311,1,w02,w02,w02,"eg311 Suppose that presidential elections were to be held tomorrow and that you have decided to participate, who would you vote for?",w02 release label,unknown,,0,,,eg311,"eg311 Suppose that presidential elections were to be held tomorrow and that you have decided to participate, who would you vote for?",,,,,,,,,,,,,,
EG501C,1,w02,w02,w02,eg501c When did you become a member of this political party?,w02 release label,unknown,,0,,,eg501c,eg501c When did you become a member of this political party?,,,,,,,,,,,,,,
EG513,1,w02,w02,w02,"eg513 Suppose that there was a scale from 1-10 to measure the extent of your satisfaction with the Mubarak regime, in which 1 means that you were absolutely unsatisfied with the regime and 10 means that you were very satisfied, to what extent were you sati",w02 release label,unknown,,0,,,eg513,"eg513 Suppose that there was a scale from 1-10 to measure the extent of your satisfaction with the Mubarak regime, in which 1 means that you were absolutely unsatisfied with the regime and 10 means that you were very satisfied, to what extent were you sati",,,,,,,,,,,,,,
EG708A,1,w02,w02,w02,eg708a Do you...?,w02 release label,unknown,,0,,,eg708a,eg708a Do you...?,,,,,,,,,,,,,,
EG801,1,w02,w02,w02,"eg801 During the protests in Egypt between January 25 and February 11, was your position closer to...?",w02 release label,unknown,,0,,,eg801,"eg801 During the protests in Egypt between January 25 and February 11, was your position closer to...?",,,,,,,,,,,,,,
EG802,1,w02,w02,w02,"eg802 Did you participate in the protests against former president Hosni Mubarak between January 25 and February 11, 2011?",w02 release label,unknown,,0,,,eg802,"eg802 Did you participate in the protests against former president Hosni Mubarak between January 25 and February 11, 2011?",,,,,,,,,,,,,,
EG8031,1,w02,w02,w02,eg8031 Did you participate in any of the following protests? 1. January 25 (the beginning of the protests),w02 release label,unknown,,0,,,eg8031,eg8031 Did you participate in any of the following protests? 1. January 25 (the beginning of the protests),,,,,,,,,,,,,,
EG8032,1,w02,w02,w02,eg8032 Did you participate in any of the following protests? 2. January 28 (Friday of Anger),w02 release label,unknown,,0,,,eg8032,eg8032 Did you participate in any of the following protests? 2. January 28 (Friday of Anger),,,,,,,,,,,,,,
EG8033,1,w02,w02,w02,eg8033 Did you participate in any of the following protests? 3. February 2 (The Battle of the Camel),w02 release label,unknown,,0,,,eg8033,eg8033 Did you participate in any of the following protests? 3. February 2 (The Battle of the Camel),,,,,,,,,,,,,,
EG8034,1,w02,w02,w02,eg8034 Did you participate in any of the following protests? 4. February 4 (Friday of Departure),w02 release label,unknown,,0,,,eg8034,eg8034 Did you participate in any of the following protests? 4. February 4 (Friday of Departure),,,,,,,,,,,,,,
EG8035,1,w02,w02,w02,eg8035 Did you participate in any of the following protests? 5. February 6 (Sunday of Martyrs),w02 release label,unknown,,0,,,eg8035,eg8035 Did you participate in any of the following protests? 5. February 6 (Sunday of Martyrs),,,,,,,,,,,,,,
EG8036,1,w02,w02,w02,"eg8036 Did you participate in any of the following protests? 6. February 11 (Friday of Marching, Friday of Challenge or Friday of Victory)",w02 release label,unknown,,0,,,eg8036,"eg8036 Did you participate in any of the following protests? 6. February 11 (Friday of Marching, Friday of Challenge or Friday of Victory)",,,,,,,,,,,,,,
EG804,1,w02,w02,w02,"eg804 Did you offer assistance (such as food, money, transportation, etc.) to those who participated in the protests against former president Mubarak?",w02 release label,unknown,,0,,,eg804,"eg804 Did you offer assistance (such as food, money, transportation, etc.) to those who participated in the protests against former president Mubarak?",,,,,,,,,,,,,,
EG805,1,w02,w02,w02,"eg805 Did you support the protests against Mubarak through the internet, such as Facebook, Twitter or YouTube?",w02 release label,unknown,,0,,,eg805,"eg805 Did you support the protests against Mubarak through the internet, such as Facebook, Twitter or YouTube?",,,,,,,,,,,,,,
EG806,1,w02,w02,w02,eg806 Did any of your friends or acquaintances participate in the protests against former president Mubarak between January 25 and February 11?,w02 release label,unknown,,0,,,eg806,eg806 Did any of your friends or acquaintances participate in the protests against former president Mubarak between January 25 and February 11?,,,,,,,,,,,,,,
EG807,1,w02,w02,w02,"eg807 During the period of protests between January 25 and February 11, what source did you depend on the most to follow the events of the revolution?",w02 release label,unknown,,0,,,eg807,"eg807 During the period of protests between January 25 and February 11, what source did you depend on the most to follow the events of the revolution?",,,,,,,,,,,,,,
EG808,1,w02,w02,w02,"eg808 Identify the source (name of TV or radio station, newspaper or website)",w02 release label,unknown,,0,,,eg808,"eg808 Identify the source (name of TV or radio station, newspaper or website)",,,,,,,,,,,,,,
EG8091,1,w02,w02,w02,"eg8091 A number of citizens participated in the protests between January 25 and February 11, 2011 for various reasons. In your opinion, what was the most important reason for the protests?",w02 release label,unknown,,0,,,eg8091,"eg8091 A number of citizens participated in the protests between January 25 and February 11, 2011 for various reasons. In your opinion, what was the most important reason for the protests?",,,,,,,,,,,,,,
EG8092,1,w02,w02,w02,"eg8092 A number of citizens participated in the protests between January 25 and February 11, 2011 for various reasons. In your opinion, what was the second most important reason for the protests?",w02 release label,unknown,,0,,,eg8092,"eg8092 A number of citizens participated in the protests between January 25 and February 11, 2011 for various reasons. In your opinion, what was the second most important reason for the protests?",,,,,,,,,,,,,,
EG810,1,w02,w02,w02,eg810 Do you have feelings of personal victory or loss with regard to the Egyptian revolution?,w02 release label,unknown,,0,,,eg810,eg810 Do you have feelings of personal victory or loss with regard to the Egyptian revolution?,,,,,,,,,,,,,,
EG8111,1,w02,w02,w02,"eg8111 In your opinion, will the revolution succeed in achieving (Insert)? 1. A democratic political system in Egypt guaranteeing political and civil freedoms and the accountability of all authorities",w02 release label,unknown,,0,,,eg8111,"eg8111 In your opinion, will the revolution succeed in achieving (Insert)? 1. A democratic political system in Egypt guaranteeing political and civil freedoms and the accountability of all authorities",,,,,,,,,,,,,,
EG8113,1,w02,w02,w02,"eg8113 In your opinion, will the revolution succeed in achieving (Insert)? 3. Better economic opportunities",w02 release label,unknown,,0,,,eg8113,"eg8113 In your opinion, will the revolution succeed in achieving (Insert)? 3. Better economic opportunities",,,,,,,,,,,,,,
EG8114,1,w02,w02,w02,"eg8114 In your opinion, will the revolution succeed in achieving (Insert)? 4. Respect for human rights",w02 release label,unknown,,0,,,eg8114,"eg8114 In your opinion, will the revolution succeed in achieving (Insert)? 4. Respect for human rights",,,,,,,,,,,,,,
EG8115,1,w02,w02,w02,"eg8115 In your opinion, will the revolution succeed in achieving (Insert)? 5. The rule of law",w02 release label,unknown,,0,,,eg8115,"eg8115 In your opinion, will the revolution succeed in achieving (Insert)? 5. The rule of law",,,,,,,,,,,,,,
EG8116,1,w02,w02,w02,"eg8116 In your opinion, will the revolution succeed in achieving (Insert)? 6. Greater social justice",w02 release label,unknown,,0,,,eg8116,"eg8116 In your opinion, will the revolution succeed in achieving (Insert)? 6. Greater social justice",,,,,,,,,,,,,,
EG8117,1,w02,w02,w02,"eg8117 In your opinion, will the revolution succeed in achieving (Insert)? 7. An important role for Egypt in foreign relations",w02 release label,unknown,,0,,,eg8117,"eg8117 In your opinion, will the revolution succeed in achieving (Insert)? 7. An important role for Egypt in foreign relations",,,,,,,,,,,,,,
EG812,1,w02,w02,w02,eg812 Did you participate in the protests after Mubarak ceded power?,w02 release label,unknown,,0,,,eg812,eg812 Did you participate in the protests after Mubarak ceded power?,,,,,,,,,,,,,,
EG8131,1,w02,w02,w02,eg8131 Why did you participate in the protests after Mubarak ceded power? 1. Labor protests/strikes,w02 release label,unknown,,0,,,eg8131,eg8131 Why did you participate in the protests after Mubarak ceded power? 1. Labor protests/strikes,,,,,,,,,,,,,,
EG8132,1,w02,w02,w02,eg8132 Why did you participate in the protests after Mubarak ceded power? 2. Protests to demand that the former regime be brought to trial,w02 release label,unknown,,0,,,eg8132,eg8132 Why did you participate in the protests after Mubarak ceded power? 2. Protests to demand that the former regime be brought to trial,,,,,,,,,,,,,,
EG8133,1,w02,w02,w02,eg8133 Why did you participate in the protests after Mubarak ceded power? 3. Protests to demand changing the government or certain ministers,w02 release label,unknown,,0,,,eg8133,eg8133 Why did you participate in the protests after Mubarak ceded power? 3. Protests to demand changing the government or certain ministers,,,,,,,,,,,,,,
EG8134,1,w02,w02,w02,eg8134 Why did you participate in the protests after Mubarak ceded power? 4. Protests to combat corruption,w02 release label,unknown,,0,,,eg8134,eg8134 Why did you participate in the protests after Mubarak ceded power? 4. Protests to combat corruption,,,,,,,,,,,,,,
EG814,1,w02,w02,w02,"eg814 In the coming time period, do you prefer the political system in Egypt to be?",w02 release label,unknown,,0,,,eg814,"eg814 In the coming time period, do you prefer the political system in Egypt to be?",,,,,,,,,,,,,,
EG815,1,w02,w02,w02,eg815 Do you prefer that the state be...?,w02 release label,unknown,,0,,,eg815,eg815 Do you prefer that the state be...?,,,,,,,,,,,,,,
EG816,1,w02,w02,w02,eg816 Which of the following statements is closest to your opinion regarding a civil state?,w02 release label,unknown,,0,,,eg816,eg816 Which of the following statements is closest to your opinion regarding a civil state?,,,,,,,,,,,,,,
EG817,1,w02,w02,w02,eg817 How do you view the relationship between Copts and Muslims in reality?,w02 release label,unknown,,0,,,eg817,eg817 How do you view the relationship between Copts and Muslims in reality?,,,,,,,,,,,,,,
EG818,1,w02,w02,w02,eg818 Which of the following statements is closest to your opinion regarding the controversy over the constitution?,w02 release label,unknown,,0,,,eg818,eg818 Which of the following statements is closest to your opinion regarding the controversy over the constitution?,,,,,,,,,,,,,,
EG819,1,w02,w02,w02,"eg819 In your opinion, what is the best minimum age for candidacy to the People’s Council?",w02 release label,unknown,,0,,,eg819,"eg819 In your opinion, what is the best minimum age for candidacy to the People’s Council?",,,,,,,,,,,,,,
IR2001,1,w02,w02,w02,ir2001 Ethnicity,w02 release label,unknown,,0,,,ir2001,ir2001 Ethnicity,,,,,,,,,,,,,,
IR2003,1,w02,w02,w02,"ir2003 If I asked about your religion, would you prefer the answer be?",w02 release label,unknown,,0,,,ir2003,"ir2003 If I asked about your religion, would you prefer the answer be?",,,,,,,,,,,,,,
IR2004,1,w02,w02,w02,"ir2004 Please pay attention to the respondent’s clothing, house, and general environment in order to identify their sect or denomination",w02 release label,unknown,,0,,,ir2004,"ir2004 Please pay attention to the respondent’s clothing, house, and general environment in order to identify their sect or denomination",,,,,,,,,,,,,,
IR2035,1,w02,w02,w02,"ir2035 Generally speaking, how would you evaluate the performance of [Insert] in carrying out its tasks and duties? 5. The local government",w02 release label,unknown,,0,,,ir2035,"ir2035 Generally speaking, how would you evaluate the performance of [Insert] in carrying out its tasks and duties? 5. The local government",,,,,,,,,,,,,,
IR2123,1,w02,w02,w02,"ir2123 In your opinion, how important are each of the following factors in comparison with a person’s qualifications and experience in obtaining governmental employment? 3. National/ethnic affiliation",w02 release label,unknown,,0,,,ir2123,"ir2123 In your opinion, how important are each of the following factors in comparison with a person’s qualifications and experience in obtaining governmental employment? 3. National/ethnic affiliation",,,,,,,,,,,,,,
IR2124,1,w02,w02,w02,"ir2124 In your opinion, how important are each of the following factors in comparison with a person’s qualifications and experience in obtaining governmental employment? 4.Religious/Sectarian/ Denominational affiliation",w02 release label,unknown,,0,,,ir2124,"ir2124 In your opinion, how important are each of the following factors in comparison with a person’s qualifications and experience in obtaining governmental employment? 4.Religious/Sectarian/ Denominational affiliation",,,,,,,,,,,,,,
IR3048,1,w02,w02,w02,"ir3048 In general, to what extent is it important to you that [Insert] in deciding who to vote for in elections, whether the parliamentary, municipal or local elections? 8. That the candidate belongs to your sect",w02 release label,unknown,,0,,,ir3048,"ir3048 In general, to what extent is it important to you that [Insert] in deciding who to vote for in elections, whether the parliamentary, municipal or local elections? 8. That the candidate belongs to your sect",,,,,,,,,,,,,,
IR3049,1,w02,w02,w02,"ir3049 In general, to what extent is it important to you that [Insert] in deciding who to vote for in elections, whether the parliamentary, municipal or local elections? 9. That the candidate belongs to your ethnicity",w02 release label,unknown,,0,,,ir3049,"ir3049 In general, to what extent is it important to you that [Insert] in deciding who to vote for in elections, whether the parliamentary, municipal or local elections? 9. That the candidate belongs to your ethnicity",,,,,,,,,,,,,,
IR4021,1,w02,w02,w02,ir4021 Do you think that the government in Iraq blocks media coverage of the activities and positions of the opposition in [Insert]? 1. Daily Press,w02 release label,unknown,,0,,,ir4021,ir4021 Do you think that the government in Iraq blocks media coverage of the activities and positions of the opposition in [Insert]? 1. Daily Press,,,,,,,,,,,,,,
IR4022,1,w02,w02,w02,ir4022 Do you think that the government in Iraq blocks media coverage of the activities and positions of the opposition in [Insert]? 2. Satellite Channels,w02 release label,unknown,,0,,,ir4022,ir4022 Do you think that the government in Iraq blocks media coverage of the activities and positions of the opposition in [Insert]? 2. Satellite Channels,,,,,,,,,,,,,,
IR50110,1,w02,w02,w02,ir50110 Are you a member of [Insert] 10. A civil society organization that was not mentioned above,w02 release label,unknown,,0,,,ir50110,ir50110 Are you a member of [Insert] 10. A civil society organization that was not mentioned above,,,,,,,,,,,,,,
IR52010,1,w02,w02,w02,ir52010 Arrange the following characteristics in order of their importance for a person to be qualified for political leadership in the country. 10. Sectarian affiliation,w02 release label,unknown,,0,,,ir52010,ir52010 Arrange the following characteristics in order of their importance for a person to be qualified for political leadership in the country. 10. Sectarian affiliation,,,,,,,,,,,,,,
IR52011,1,w02,w02,w02,ir52011 Arrange the following characteristics in order of their importance for a person to be qualified for political leadership in the country. 11. National/ethnic affiliation,w02 release label,unknown,,0,,,ir52011,ir52011 Arrange the following characteristics in order of their importance for a person to be qualified for political leadership in the country. 11. National/ethnic affiliation,,,,,,,,,,,,,,
IR5225,1,w02,w02,w02,can you tell me the name of 5.the governor,w02 release label,unknown,,0,,,ir5225,can you tell me the name of 5.the governor,,,,,,,,,,,,,,
IR6025,1,w02,w02,w02,ir6025 Members of which of the following groups would you not like to have as neighbors? 5. Immigrants,w02 release label,unknown,,0,,,ir6025,ir6025 Members of which of the following groups would you not like to have as neighbors? 5. Immigrants,,,,,,,,,,,,,,
IR6026,1,w02,w02,w02,ir6026 Members of which of the following groups would you not like to have as neighbors? 6. Those who belong to religious sects other than yours,w02 release label,unknown,,0,,,ir6026,ir6026 Members of which of the following groups would you not like to have as neighbors? 6. Those who belong to religious sects other than yours,,,,,,,,,,,,,,
JO1020,1,w02,w02,w02,jo1020 Country of origin,w02 release label,unknown,,0,,,jo1020,jo1020 Country of origin,,,,,,,,,,,,,,
L2053,1,w02,w02,w02,"l2053 I will ask some questions about your ability to obtain certain services. Based on your actual experience, how difficult or easy is it to obtain 3. Appropriate medical treatment in a nearby clinic or public (government) hospital?",w02 release label,unknown,,0,,,l2053,"l2053 I will ask some questions about your ability to obtain certain services. Based on your actual experience, how difficult or easy is it to obtain 3. Appropriate medical treatment in a nearby clinic or public (government) hospital?",,,,,,,,,,,,,,
L2054,1,w02,w02,w02,"l2054 I will ask some questions about your ability to obtain certain services. Based on your actual experience, how difficult or easy is it to obtain 4. Assistance from public security (the police) when needed?",w02 release label,unknown,,0,,,l2054,"l2054 I will ask some questions about your ability to obtain certain services. Based on your actual experience, how difficult or easy is it to obtain 4. Assistance from public security (the police) when needed?",,,,,,,,,,,,,,
L2055,1,w02,w02,w02,"l2055 I will ask some questions about your ability to obtain certain services. Based on your actual experience, how difficult or easy is it to obtain 5. Access to the concerned official to file a complaint when you feel that your rights have been violated?",w02 release label,unknown,,0,,,l2055,"l2055 I will ask some questions about your ability to obtain certain services. Based on your actual experience, how difficult or easy is it to obtain 5. Access to the concerned official to file a complaint when you feel that your rights have been violated?",,,,,,,,,,,,,,
LP2031,1,w02,w02,w02,"lp2031 Generally speaking, how would you evaluate the performance of [Insert] in carrying out its tasks and duties? 1. The government",w02 release label,unknown,,0,,,lp2031,"lp2031 Generally speaking, how would you evaluate the performance of [Insert] in carrying out its tasks and duties? 1. The government",,,,,,,,,,,,,,
LP2032,1,w02,w02,w02,"lp2032 Generally speaking, how would you evaluate the performance of [Insert] in carrying out its tasks and duties? 2. Parliament",w02 release label,unknown,,0,,,lp2032,"lp2032 Generally speaking, how would you evaluate the performance of [Insert] in carrying out its tasks and duties? 2. Parliament",,,,,,,,,,,,,,
LP2033,1,w02,w02,w02,"lp2033 Generally speaking, how would you evaluate the performance of [Insert] in carrying out its tasks and duties? 3. The judiciary",w02 release label,unknown,,0,,,lp2033,"lp2033 Generally speaking, how would you evaluate the performance of [Insert] in carrying out its tasks and duties? 3. The judiciary",,,,,,,,,,,,,,
LP2034,1,w02,w02,w02,"lp2034 Generally speaking, how would you evaluate the performance of [Insert] in carrying out its tasks and duties? 4. The police (Public security)",w02 release label,unknown,,0,,,lp2034,"lp2034 Generally speaking, how would you evaluate the performance of [Insert] in carrying out its tasks and duties? 4. The police (Public security)",,,,,,,,,,,,,,
MODE,1,w05,w05,w05,MODE OF DATA COLLECTION,w05 release label,unknown,,0,,,,,,,mode,MODE OF DATA COLLECTION,,,,,,,,,,
P712,1,w02,w02,w02,"p712 What election list did you vote in the legislative elections that took place on January 25th, 2006?",w02 release label,unknown,,0,,,p712,"p712 What election list did you vote in the legislative elections that took place on January 25th, 2006?",,,,,,,,,,,,,,
P713,1,w02,w02,w02,"p713 If new elections took place today with the endorsement of all political actors, and the same lists that ran in the legislative elections of January 25th, 2006 ran today as well, which list would you vote for?",w02 release label,unknown,,0,,,p713,"p713 If new elections took place today with the endorsement of all political actors, and the same lists that ran in the legislative elections of January 25th, 2006 ran today as well, which list would you vote for?",,,,,,,,,,,,,,
Q100,1,w05,w05,w05,EVALUATION: DIRECTION OF COUNTRY,w05 release label,unknown,,0,,,,,,,Q100,EVALUATION: DIRECTION OF COUNTRY,,,,,,,,,,
Q1001AOTHER,1,w04,w04,w04,,,unknown,,0,,,,,q1001aother,,,,,,,,,,,,,
Q1001D,1,w05,w05,w05,DEMOGRAPHICS: PREFERENCE: NEIGHBORHOOD,w05 release label,unknown,,0,,,,,,,Q1001D,DEMOGRAPHICS: PREFERENCE: NEIGHBORHOOD,,,,,,,,,,
Q1001E_3,1,w08,w08,w08,Q1001E_3 Your children,w08 release label,unknown,,0,,,,,,,,,,,,,,,,,Q1001E_3,Q1001E_3 Your children
Q1001F,1,w08,w08,w08,Q1001F Are you the head of the household in your current place of residence?,w08 release label,unknown,,0,,,,,,,,,,,,,,,,,Q1001F,Q1001F Are you the head of the household in your current place of residence?
Q1001G,1,w08,w08,w08,Q1001G Do you currently rent or own your place your current place of residence?,w08 release label,unknown,,0,,,,,,,,,,,,,,,,,Q1001G,Q1001G Do you currently rent or own your place your current place of residence?
Q1001GCC,1,w05,w05,w05,DEMOGRAPHICS: APPROXIMATE AGE,w05 release label,unknown,,0,,,,,,,Q1001GCC,DEMOGRAPHICS: APPROXIMATE AGE,,,,,,,,,,
Q1001H,1,w08,w08,w08,Q1001H Do you currently have a mortgage or bank loan that you are paying off on your home?,w08 release label,unknown,,0,,,,,,,,,,,,,,,,,Q1001H,Q1001H Do you currently have a mortgage or bank loan that you are paying off on your home?
Q1003GCCA,1,w05,w05,w05,DEMOGRAPHICS: YEARS OF SCHOOLING (KUWAIT),w05 release label,unknown,,0,,,,,,,Q1003GCCA,DEMOGRAPHICS: YEARS OF SCHOOLING (KUWAIT),,,,,,,,,,
Q1005OTHER,1,w04,w04,w04,Other employment Specify,w04 questionnaire,unknown,,0,,w04,,,q1005other,Other employment Specify,,,,,,,,,,,,
Q1006A_GCC,1,w05,w05,w05,And what sector do you work in? Do you work in the…,w05 release label,unknown,,0,,,,,,,Q1006A_GCC,And what sector do you work in? Do you work in the…,,,,,,,,,,
Q1006B_2,1,w08,w08,w08,"Q1006B_2 In a few words, can you tell me what industry you work in? You can say things like construction, education, agriculture, restaurant/food services",w08 release label,unknown,,0,,,,,,,,,,,,,,,,,Q1006B_2,"Q1006B_2 In a few words, can you tell me what industry you work in? You can say things like construction, education, agriculture, restaurant/food services"
Q1006B_CODE,1,w06p3,w06p3,w06p3,"Post-code: In a few words, can you tell me what industry you work in?",w06p3 release label,unknown,,0,,,,,,,,,,,,,Q1006B_CODE,"Post-code: In a few words, can you tell me what industry you work in?",,,,
Q1006C,1,w05,w05,w05,DEMOGRAPHICS: EMPLOYMENT: POSITION AT WORK,w05 release label,unknown,,0,,,,,,,Q1006C,DEMOGRAPHICS: EMPLOYMENT: POSITION AT WORK,,,,,,,,,,
Q1006C_GCC,1,w05,w05,w05,DEMOGRAPHICS: EMPLOYMENT: POSITION AT WORK (KUWAIT),w05 release label,unknown,,0,,,,,,,Q1006C_GCC,DEMOGRAPHICS: EMPLOYMENT: POSITION AT WORK (KUWAIT),,,,,,,,,,
Q1006C_GCC1,1,w05,w05,w05,DEMOGRAPHICS: EMPLOYMENT SECTOR (KUWAIT),w05 release label,unknown,,0,,,,,,,Q1006C_GCC1,DEMOGRAPHICS: EMPLOYMENT SECTOR (KUWAIT),,,,,,,,,,
Q1006D,1,w05,w05,w05,DEMOGRAPHICS: EMPLOYMENT: WORK CONTRACT,w05 release label,unknown,,0,,,,,,,Q1006D,DEMOGRAPHICS: EMPLOYMENT: WORK CONTRACT,,,,,,,,,,
Q1006E,1,w05,w05,w05,DEMOGRAPHICS: EMPLOYMENT: WORK CONTRACT: PERMANENT/TEMPORARY,w05 release label,unknown,,0,,,,,,,Q1006E,DEMOGRAPHICS: EMPLOYMENT: WORK CONTRACT: PERMANENT/TEMPORARY,,,,,,,,,,
Q1006F,1,w05,w05,w05,DEMOGRAPHICS: EMPLOYMENT: PREVIOUS WORK CONTRACT,w05 release label,unknown,,0,,,,,,,Q1006F,DEMOGRAPHICS: EMPLOYMENT: PREVIOUS WORK CONTRACT,,,,,,,,,,
Q1006F_1,1,w05,w05,w05,DEMOGRAPHICS: PREVIOUS EMPLOYMENT STATUS,w05 release label,unknown,,0,,,,,,,Q1006F_1,DEMOGRAPHICS: PREVIOUS EMPLOYMENT STATUS,,,,,,,,,,
Q1006G,1,w05,w05,w05,DEMOGRAPHICS: EMPLOYMENT: PREVIOUS WORK CONTRACT: PERMANENT/TEMPORARY,w05 release label,unknown,,0,,,,,,,Q1006G,DEMOGRAPHICS: EMPLOYMENT: PREVIOUS WORK CONTRACT: PERMANENT/TEMPORARY,,,,,,,,,,
Q1007A,1,w04,w04,w04,"What is your position at the work (Ifyou had more than one job, answer on the primaryone)?",w04 questionnaire,unknown,,0,,w04,,,q1007a,"What is your position at the work (Ifyou had more than one job, answer on the primaryone)?",,,,,,,,,,,,
Q1007AOTHER,1,w04,w04,w04,"What is your position at the work (Ifyou had more than one job, answer on the primaryone)?",w04 questionnaire (stem Q1007),unknown,,0,,w04,,,q1007aother,"What is your position at the work (Ifyou had more than one job, answer on the primaryone)?",,,,,,,,,,,,
Q1007OTHER,1,w04,w04,w04,Other employment Specify,w04 questionnaire,unknown,,0,,w04,,,q1007other,Other employment Specify,,,,,,,,,,,,
Q1008,1,w02,w02,w02,q1008 Employment sector,w02 release label,unknown,,0,,,q1008,q1008 Employment sector,,,,,,,,,,,,,,
Q1009,1,w02,w02,w02,"q1009 If you are currently working or have worked in the past, which of the following does your current work provide or your former work if you are retired or unemployed?",w02 release label,unknown,,0,,,q1009,"q1009 If you are currently working or have worked in the past, which of the following does your current work provide or your former work if you are retired or unemployed?",,,,,,,,,,,,,,
Q1010B,1,w04,w04,w04,How many children live atthis household?,w04 questionnaire,unknown,,0,,w04,,,q1010b,How many children live atthis household?,,,,,,,,,,,,
Q1011A,1,w04,w04,w04,Do you have one computer at least at yourresidence?,w04 questionnaire,unknown,,0,,w04,,,q1011a,Do you have one computer at least at yourresidence?,,,,,,,,,,,,
Q1011B,1,w04,w04,w04,Do you have a car?,w04 questionnaire,unknown,,0,,w04,,,q1011b,Do you have a car?,,,,,,,,,,,,
Q1011C,1,w04,w04,w04,Do you have a mobile phone or a smartphone withaccess to internet connection?,w04 questionnaire,unknown,,0,,w04,,,q1011c,Do you have a mobile phone or a smartphone withaccess to internet connection?,,,,,,,,,,,,
Q1011OTHER,1,w04,w04,w04,Other profession Specify,w04 questionnaire,unknown,,0,,w04,,,q1011other,Other profession Specify,,,,,,,,,,,,
Q1012B2,1,w08,w08,w08,Q1012B2. Do you consider yourself…?,w08 release label,unknown,,0,,,,,,,,,,,,,,,,,Q1012B2,Q1012B2. Do you consider yourself…?
Q1012C_LIB_1,1,w07,w07,w07,,,unknown,,0,,,,,,,,,,,,,,,Q1012C_LIB_1,,,
Q1012C_LIB_2,1,w07,w07,w07,,,unknown,,0,,,,,,,,,,,,,,,Q1012C_LIB_2,,,
Q1012C_LIB_3,1,w07,w07,w07,,,unknown,,0,,,,,,,,,,,,,,,Q1012C_LIB_3,,,
Q1012C_LIB_4,1,w07,w07,w07,,,unknown,,0,,,,,,,,,,,,,,,Q1012C_LIB_4,,,
Q1012C_LIB_5,1,w07,w07,w07,,,unknown,,0,,,,,,,,,,,,,,,Q1012C_LIB_5,,,
Q1012C_LIB_98,1,w07,w07,w07,,,unknown,,0,,,,,,,,,,,,,,,Q1012C_LIB_98,,,
Q1012C_LIB_99,1,w07,w07,w07,,,unknown,,0,,,,,,,,,,,,,,,Q1012C_LIB_99,,,
Q1012C_MOR_5,1,w07,w07,w07,,,unknown,,0,,,,,,,,,,,,,,,Q1012C_MOR_5,,,
Q1012C_MOR_90,1,w08,w08,w08,,,unknown,,0,,,,,,,,,,,,,,,,,Q1012C_MOR_90,
Q1012OTHER,1,w04,w04,w04,Other religion (Not asked in Qatar) Specify,w04 questionnaire,unknown,,0,,w04,,,q1012other,Other religion (Not asked in Qatar) Specify,,,,,,,,,,,,
Q1013,1,w02,w02,w02,q1013 Is the house you live in...?,w02 release label,unknown,,0,,,q1013,q1013 Is the house you live in...?,,,,,,,,,,,,,,
Q1014,1,w02,w02,w02,"q1014 Income including all wages, salaries and rent allowances",w02 release label,unknown,,0,,,q1014,"q1014 Income including all wages, salaries and rent allowances",,,,,,,,,,,,,,
Q1014D,1,w08,w08,w08,"Q1014D. Of the total number of people who live in this household, how many are age 18 and over?",w08 release label,unknown,,0,,,,,,,,,,,,,,,,,Q1014D,"Q1014D. Of the total number of people who live in this household, how many are age 18 and over?"
Q1014E,1,w08,w08,w08,"Q1014E. Of the total number of people who live in this household, how many are under the age of 18?",w08 release label,unknown,,0,,,,,,,,,,,,,,,,,Q1014E,"Q1014E. Of the total number of people who live in this household, how many are under the age of 18?"
Q1015AALG,1,w04,w04,w04,"What is the total monthly income for all householdmembers? Is it less than or greater than 50,000Algerian Dinars?",w04 questionnaire,unknown,,0,,w04,,,q1015aalg,"What is the total monthly income for all householdmembers? Is it less than or greater than 50,000Algerian Dinars?",,,,,,,,,,,,
Q1015AEGY,1,w04,w04,w04,"What is the total monthly income for all householdmembers? Is it less than or greater than 2,625Egyptian Pounds?",w04 questionnaire,unknown,,0,,w04,,,q1015aegy,"What is the total monthly income for all householdmembers? Is it less than or greater than 2,625Egyptian Pounds?",,,,,,,,,,,,
Q1015AJOR,1,w04,w04,w04,What is the total monthly income for all householdmembers? Is it less than or greater than 450Jordanian Dinars?,w04 questionnaire,unknown,,0,,w04,,,q1015ajor,What is the total monthly income for all householdmembers? Is it less than or greater than 450Jordanian Dinars?,,,,,,,,,,,,
Q1015ALEB,1,w04,w04,w04,What is the total monthly income for all householdmembers? Is it less than or greater than 500 USDollars?,w04 questionnaire,unknown,,0,,w04,,,q1015aleb,What is the total monthly income for all householdmembers? Is it less than or greater than 500 USDollars?,,,,,,,,,,,,
Q1015AMOR,1,w04,w04,w04,"What is the total monthly income for all householdmembers? Is it less than or greater than 3,500Moroccan Dirhams?",w04 questionnaire,unknown,,0,,w04,,,q1015amor,"What is the total monthly income for all householdmembers? Is it less than or greater than 3,500Moroccan Dirhams?",,,,,,,,,,,,
Q1015APAL,1,w04,w04,w04,"What is the total monthly income for all householdmembers? Is it less than or greater than 3,000 IsraeliNew Shekels?",w04 questionnaire,unknown,,0,,w04,,,q1015apal,"What is the total monthly income for all householdmembers? Is it less than or greater than 3,000 IsraeliNew Shekels?",,,,,,,,,,,,
Q1015ATUN,1,w04,w04,w04,What is the total monthly income for all householdmembers? Is it less than or greater than 500Tunisian Dinars?,w04 questionnaire,unknown,,0,,w04,,,q1015atun,What is the total monthly income for all householdmembers? Is it less than or greater than 500Tunisian Dinars?,,,,,,,,,,,,
Q1015A_AL,1,w05,w05,w05,DEMOGRAPHICS: ALGERIA: INCOME HIGHER/LOWER THAN MEDIAN,w05 release label,unknown,,0,,,,,,,Q1015A_AL,DEMOGRAPHICS: ALGERIA: INCOME HIGHER/LOWER THAN MEDIAN,,,,,,,,,,
Q1015A_EG,1,w05,w05,w05,DEMOGRAPHICS: EGYPT: INCOME HIGHER/LOWER THAN MEDIAN,w05 release label,unknown,,0,,,,,,,Q1015A_EG,DEMOGRAPHICS: EGYPT: INCOME HIGHER/LOWER THAN MEDIAN,,,,,,,,,,
Q1015A_IR,1,w05,w05,w05,DEMOGRAPHICS: IRAQ: INCOME HIGHER/LOWER THAN MEDIAN,w05 release label,unknown,,0,,,,,,,Q1015A_IR,DEMOGRAPHICS: IRAQ: INCOME HIGHER/LOWER THAN MEDIAN,,,,,,,,,,
Q1015A_JO,1,w05,w05,w05,DEMOGRAPHICS: JORDAN: INCOME HIGHER/LOWER THAN MEDIAN,w05 release label,unknown,,0,,,,,,,Q1015A_JO,DEMOGRAPHICS: JORDAN: INCOME HIGHER/LOWER THAN MEDIAN,,,,,,,,,,
Q1015A_KU,1,w05,w05,w05,DEMOGRAPHICS: KUWAIT: INCOME HIGHER/LOWER THAN MEDIAN,w05 release label,unknown,,0,,,,,,,Q1015A_KU,DEMOGRAPHICS: KUWAIT: INCOME HIGHER/LOWER THAN MEDIAN,,,,,,,,,,
Q1015A_LEB,1,w05,w05,w05,DEMOGRAPHICS: LEBANON: INCOME HIGHER/LOWER THAN MEDIAN,w05 release label,unknown,,0,,,,,,,Q1015A_LEB,DEMOGRAPHICS: LEBANON: INCOME HIGHER/LOWER THAN MEDIAN,,,,,,,,,,
Q1015A_LI,1,w05,w05,w05,DEMOGRAPHICS: LIBYA: INCOME HIGHER/LOWER THAN MEDIAN,w05 release label,unknown,,0,,,,,,,Q1015A_LI,DEMOGRAPHICS: LIBYA: INCOME HIGHER/LOWER THAN MEDIAN,,,,,,,,,,
Q1015A_MO,1,w05,w05,w05,DEMOGRAPHICS: MOROCCO: INCOME HIGHER/LOWER THAN MEDIAN,w05 release label,unknown,,0,,,,,,,Q1015A_MO,DEMOGRAPHICS: MOROCCO: INCOME HIGHER/LOWER THAN MEDIAN,,,,,,,,,,
Q1015A_PAL,1,w05,w05,w05,DEMOGRAPHICS: PALESTINE: INCOME HIGHER/LOWER THAN MEDIAN,w05 release label,unknown,,0,,,,,,,Q1015A_PAL,DEMOGRAPHICS: PALESTINE: INCOME HIGHER/LOWER THAN MEDIAN,,,,,,,,,,
Q1015A_QA,1,w05,w05,w05,Is your net household income less than or greater than 40000 QAR?,w05 release label,unknown,,0,,,,,,,Q1015A_QA,Is your net household income less than or greater than 40000 QAR?,,,,,,,,,,
Q1015A_SUD,1,w05,w05,w05,DEMOGRAPHICS: SUDAN: INCOME HIGHER/LOWER THAN MEDIAN,w05 release label,unknown,,0,,,,,,,Q1015A_SUD,DEMOGRAPHICS: SUDAN: INCOME HIGHER/LOWER THAN MEDIAN,,,,,,,,,,
Q1015A_TUN,1,w05,w05,w05,DEMOGRAPHICS: TUNISIA: INCOME HIGHER/LOWER THAN MEDIAN,w05 release label,unknown,,0,,,,,,,Q1015A_TUN,DEMOGRAPHICS: TUNISIA: INCOME HIGHER/LOWER THAN MEDIAN,,,,,,,,,,
Q1015A_YEM,1,w05,w05,w05,DEMOGRAPHICS: YEMEN: INCOME HIGHER/LOWER THAN MEDIAN,w05 release label,unknown,,0,,,,,,,Q1015A_YEM,DEMOGRAPHICS: YEMEN: INCOME HIGHER/LOWER THAN MEDIAN,,,,,,,,,,
Q1015BALG,1,w04,w04,w04,"You said your total household monthly income isless than 50,000 Algerian Dinars, is it … ?",w04 questionnaire,unknown,,0,,w04,,,q1015balg,"You said your total household monthly income isless than 50,000 Algerian Dinars, is it … ?",,,,,,,,,,,,
Q1015BEGY,1,w04,w04,w04,"You said your total household monthly income isless than 2,625 Egyptian Pounds, is it … ?",w04 questionnaire,unknown,,0,,w04,,,q1015begy,"You said your total household monthly income isless than 2,625 Egyptian Pounds, is it … ?",,,,,,,,,,,,
Q1015BJOR,1,w04,w04,w04,"You said your total household monthly income isless than 450 Jordanian Dinars, is it … ?",w04 questionnaire,unknown,,0,,w04,,,q1015bjor,"You said your total household monthly income isless than 450 Jordanian Dinars, is it … ?",,,,,,,,,,,,
Q1015BLEB,1,w04,w04,w04,"You said your total household monthly income isless than 500 US Dollars, is it … ?",w04 questionnaire,unknown,,0,,w04,,,q1015bleb,"You said your total household monthly income isless than 500 US Dollars, is it … ?",,,,,,,,,,,,
Q1015BMOR,1,w04,w04,w04,"You said your total household monthly income isless than 3,500 Moroccan Dirhams, is it … ?",w04 questionnaire,unknown,,0,,w04,,,q1015bmor,"You said your total household monthly income isless than 3,500 Moroccan Dirhams, is it … ?",,,,,,,,,,,,
Q1015BPAL,1,w04,w04,w04,"You said your total household monthly income isless than 3,000 Israeli New Shekels, is it … ?",w04 questionnaire,unknown,,0,,w04,,,q1015bpal,"You said your total household monthly income isless than 3,000 Israeli New Shekels, is it … ?",,,,,,,,,,,,
Q1015BTUN,1,w04,w04,w04,"You said your total household monthly income isless than 500 Tunisian Dinars, is it … ?",w04 questionnaire,unknown,,0,,w04,,,q1015btun,"You said your total household monthly income isless than 500 Tunisian Dinars, is it … ?",,,,,,,,,,,,
Q1015B_AL,1,w05,w05,w05,"DEMOGRAPHICS: ALGERIA: INCOME, IF LOWER THAN MEDIAN",w05 release label,unknown,,0,,,,,,,Q1015B_AL,"DEMOGRAPHICS: ALGERIA: INCOME, IF LOWER THAN MEDIAN",,,,,,,,,,
Q1015B_EG,1,w05,w05,w05,"DEMOGRAPHICS: EGYPT: INCOME, IF LOWER THAN MEDIAN",w05 release label,unknown,,0,,,,,,,Q1015B_EG,"DEMOGRAPHICS: EGYPT: INCOME, IF LOWER THAN MEDIAN",,,,,,,,,,
Q1015B_IR,1,w05,w05,w05,"DEMOGRAPHICS: IRAQ: INCOME, IF LOWER THAN MEDIAN",w05 release label,unknown,,0,,,,,,,Q1015B_IR,"DEMOGRAPHICS: IRAQ: INCOME, IF LOWER THAN MEDIAN",,,,,,,,,,
Q1015B_JO,1,w05,w05,w05,"DEMOGRAPHICS: JORDAN: INCOME, IF LOWER THAN MEDIAN",w05 release label,unknown,,0,,,,,,,Q1015B_JO,"DEMOGRAPHICS: JORDAN: INCOME, IF LOWER THAN MEDIAN",,,,,,,,,,
Q1015B_KU,1,w05,w05,w05,"DEMOGRAPHICS: KUWAIT: INCOME, IF LOWER THAN MEDIAN",w05 release label,unknown,,0,,,,,,,Q1015B_KU,"DEMOGRAPHICS: KUWAIT: INCOME, IF LOWER THAN MEDIAN",,,,,,,,,,
Q1015B_LEB,1,w05,w05,w05,"DEMOGRAPHICS: LEBANON: INCOME, IF LOWER THAN MEDIAN",w05 release label,unknown,,0,,,,,,,Q1015B_LEB,"DEMOGRAPHICS: LEBANON: INCOME, IF LOWER THAN MEDIAN",,,,,,,,,,
Q1015B_LI,1,w05,w05,w05,"DEMOGRAPHICS: LIBYA: INCOME, IF LOWER THAN MEDIAN",w05 release label,unknown,,0,,,,,,,Q1015B_LI,"DEMOGRAPHICS: LIBYA: INCOME, IF LOWER THAN MEDIAN",,,,,,,,,,
Q1015B_MO,1,w05,w05,w05,"DEMOGRAPHICS: MOROCCO: INCOME, IF LOWER THAN MEDIAN",w05 release label,unknown,,0,,,,,,,Q1015B_MO,"DEMOGRAPHICS: MOROCCO: INCOME, IF LOWER THAN MEDIAN",,,,,,,,,,
Q1015B_PAL,1,w05,w05,w05,"DEMOGRAPHICS: PALESTINE: INCOME, IF LOWER THAN MEDIAN",w05 release label,unknown,,0,,,,,,,Q1015B_PAL,"DEMOGRAPHICS: PALESTINE: INCOME, IF LOWER THAN MEDIAN",,,,,,,,,,
Q1015B_QA,1,w05,w05,w05,"You said your total household monthly income is less than 45000 QAR, is it…",w05 release label,unknown,,0,,,,,,,Q1015B_QA,"You said your total household monthly income is less than 45000 QAR, is it…",,,,,,,,,,
Q1015B_SUD,1,w05,w05,w05,"DEMOGRAPHICS: SUDAN: INCOME, IF LOWER THAN MEDIAN",w05 release label,unknown,,0,,,,,,,Q1015B_SUD,"DEMOGRAPHICS: SUDAN: INCOME, IF LOWER THAN MEDIAN",,,,,,,,,,
Q1015B_TUN,1,w05,w05,w05,"DEMOGRAPHICS: TUNISIA: INCOME, IF LOWER THAN MEDIAN",w05 release label,unknown,,0,,,,,,,Q1015B_TUN,"DEMOGRAPHICS: TUNISIA: INCOME, IF LOWER THAN MEDIAN",,,,,,,,,,
Q1015CALG,1,w04,w04,w04,"You said your total household monthly income is50,000 Algerian Dinars or more, is it … ?",w04 questionnaire,unknown,,0,,w04,,,q1015calg,"You said your total household monthly income is50,000 Algerian Dinars or more, is it … ?",,,,,,,,,,,,
Q1015CEGY,1,w04,w04,w04,"You said your total household monthly income is2,625 Egyptian Pounds or more, is it … ?",w04 questionnaire,unknown,,0,,w04,,,q1015cegy,"You said your total household monthly income is2,625 Egyptian Pounds or more, is it … ?",,,,,,,,,,,,
Q1015CJOR,1,w04,w04,w04,"You said your total household monthly income is450 Jordanian Dinars or more, is it … ?",w04 questionnaire,unknown,,0,,w04,,,q1015cjor,"You said your total household monthly income is450 Jordanian Dinars or more, is it … ?",,,,,,,,,,,,
Q1015CLEB,1,w04,w04,w04,"You said your total household monthly income is500 US Dollars or more, is it … ?",w04 questionnaire,unknown,,0,,w04,,,q1015cleb,"You said your total household monthly income is500 US Dollars or more, is it … ?",,,,,,,,,,,,
Q1015CMOR,1,w04,w04,w04,"You said your total household monthly income is3,500 Moroccan Dirhams or more, is it … ?",w04 questionnaire,unknown,,0,,w04,,,q1015cmor,"You said your total household monthly income is3,500 Moroccan Dirhams or more, is it … ?",,,,,,,,,,,,
Q1015CPAL,1,w04,w04,w04,"You said your total household monthly income is3,000 Israeli New Shekels or more, is it … ?",w04 questionnaire,unknown,,0,,w04,,,q1015cpal,"You said your total household monthly income is3,000 Israeli New Shekels or more, is it … ?",,,,,,,,,,,,
Q1015CTUN,1,w04,w04,w04,"You said your total household monthly income is500 Tunisian Dinars or more, is it … ?",w04 questionnaire,unknown,,0,,w04,,,q1015ctun,"You said your total household monthly income is500 Tunisian Dinars or more, is it … ?",,,,,,,,,,,,
Q1015C_AL,1,w05,w05,w05,"DEMOGRAPHICS: ALGERIA: INCOME, IF HIGHER THAN MEDIAN",w05 release label,unknown,,0,,,,,,,Q1015C_AL,"DEMOGRAPHICS: ALGERIA: INCOME, IF HIGHER THAN MEDIAN",,,,,,,,,,
Q1015C_EG,1,w05,w05,w05,"DEMOGRAPHICS: EGYPT: INCOME, IF HIGHER THAN MEDIAN",w05 release label,unknown,,0,,,,,,,Q1015C_EG,"DEMOGRAPHICS: EGYPT: INCOME, IF HIGHER THAN MEDIAN",,,,,,,,,,
Q1015C_IR,1,w05,w05,w05,"DEMOGRAPHICS: IRAQ: INCOME, IF HIGHER THAN MEDIAN",w05 release label,unknown,,0,,,,,,,Q1015C_IR,"DEMOGRAPHICS: IRAQ: INCOME, IF HIGHER THAN MEDIAN",,,,,,,,,,
Q1015C_JO,1,w05,w05,w05,"DEMOGRAPHICS: JORDAN: INCOME, IF HIGHER THAN MEDIAN",w05 release label,unknown,,0,,,,,,,Q1015C_JO,"DEMOGRAPHICS: JORDAN: INCOME, IF HIGHER THAN MEDIAN",,,,,,,,,,
Q1015C_KU,1,w05,w05,w05,"DEMOGRAPHICS: KUWAIT: INCOME, IF HIGHER THAN MEDIAN",w05 release label,unknown,,0,,,,,,,Q1015C_KU,"DEMOGRAPHICS: KUWAIT: INCOME, IF HIGHER THAN MEDIAN",,,,,,,,,,
Q1015C_LEB,1,w05,w05,w05,"DEMOGRAPHICS: LEBANON: INCOME, IF HIGHER THAN MEDIAN",w05 release label,unknown,,0,,,,,,,Q1015C_LEB,"DEMOGRAPHICS: LEBANON: INCOME, IF HIGHER THAN MEDIAN",,,,,,,,,,
Q1015C_LI,1,w05,w05,w05,"DEMOGRAPHICS: LIBYA: INCOME, IF HIGHER THAN MEDIAN",w05 release label,unknown,,0,,,,,,,Q1015C_LI,"DEMOGRAPHICS: LIBYA: INCOME, IF HIGHER THAN MEDIAN",,,,,,,,,,
Q1015C_MO,1,w05,w05,w05,"DEMOGRAPHICS: MOROCCO: INCOME, IF HIGHER THAN MEDIAN",w05 release label,unknown,,0,,,,,,,Q1015C_MO,"DEMOGRAPHICS: MOROCCO: INCOME, IF HIGHER THAN MEDIAN",,,,,,,,,,
Q1015C_PAL,1,w05,w05,w05,"DEMOGRAPHICS: PALESTINE: INCOME, IF HIGHER THAN MEDIAN",w05 release label,unknown,,0,,,,,,,Q1015C_PAL,"DEMOGRAPHICS: PALESTINE: INCOME, IF HIGHER THAN MEDIAN",,,,,,,,,,
Q1015C_QA,1,w05,w05,w05,"You said your total household monthly income is 40,000 QAR or more, is it…",w05 release label,unknown,,0,,,,,,,Q1015C_QA,"You said your total household monthly income is 40,000 QAR or more, is it…",,,,,,,,,,
Q1015C_SUD,1,w05,w05,w05,"DEMOGRAPHICS: SUDAN: INCOME, IF HIGHER THAN MEDIAN",w05 release label,unknown,,0,,,,,,,Q1015C_SUD,"DEMOGRAPHICS: SUDAN: INCOME, IF HIGHER THAN MEDIAN",,,,,,,,,,
Q1015C_TUN,1,w05,w05,w05,"DEMOGRAPHICS: TUNISIA: INCOME, IF HIGHER THAN MEDIAN",w05 release label,unknown,,0,,,,,,,Q1015C_TUN,"DEMOGRAPHICS: TUNISIA: INCOME, IF HIGHER THAN MEDIAN",,,,,,,,,,
Q1015_YEM,1,w05,w05,w05,DEMOGRAPHICS: YEMEN: INCOME (CONTINUOUS),w05 release label,unknown,,0,,,,,,,Q1015_YEM,DEMOGRAPHICS: YEMEN: INCOME (CONTINUOUS),,,,,,,,,,
Q1018,1,w05,w05,w05,DEMOGRAPHICS: NUMBER OF PEOPLE WITH DISABILITY LIVING AT HH,w05 release label,unknown,,0,,,,,,,Q1018,DEMOGRAPHICS: NUMBER OF PEOPLE WITH DISABILITY LIVING AT HH,,,,,,,,,,
Q1018A,1,w05,w05,w05,DEMOGRAPHICS: TYPE OF DISABILITY: PERSON 1,w05 release label,unknown,,0,,,,,,,Q1018A,DEMOGRAPHICS: TYPE OF DISABILITY: PERSON 1,,,,,,,,,,
Q1018B,1,w05,w05,w05,DEMOGRAPHICS: TYPE OF DISABILITY: PERSON WITH MOST SEVERE DISABILITY,w05 release label,unknown,,0,,,,,,,Q1018B,DEMOGRAPHICS: TYPE OF DISABILITY: PERSON WITH MOST SEVERE DISABILITY,,,,,,,,,,
Q1018C,1,w05,w05,w05,DEMOGRAPHICS: EVERYDAY TASK INSIDE HOUSE: PERSON 1,w05 release label,unknown,,0,,,,,,,Q1018C,DEMOGRAPHICS: EVERYDAY TASK INSIDE HOUSE: PERSON 1,,,,,,,,,,
Q1018D,1,w05,w05,w05,DEMOGRAPHICS: EVERYDAY TASK INSIDE HOUSE: PERSON WITH MOST SEVERE DISABILITY,w05 release label,unknown,,0,,,,,,,Q1018D,DEMOGRAPHICS: EVERYDAY TASK INSIDE HOUSE: PERSON WITH MOST SEVERE DISABILITY,,,,,,,,,,
Q1018E,1,w05,w05,w05,DEMOGRAPHICS: EVERYDAY TASK OUTSIDE HOUSE: PERSON 1,w05 release label,unknown,,0,,,,,,,Q1018E,DEMOGRAPHICS: EVERYDAY TASK OUTSIDE HOUSE: PERSON 1,,,,,,,,,,
Q1018F,1,w05,w05,w05,DEMOGRAPHICS: EVERYDAY TASK OUTSIDE HOUSE: PERSON WITH MOST SEVERE DISABILITY,w05 release label,unknown,,0,,,,,,,Q1018F,DEMOGRAPHICS: EVERYDAY TASK OUTSIDE HOUSE: PERSON WITH MOST SEVERE DISABILITY,,,,,,,,,,
Q10191,1,w02,w02,w02,q10191 What is your first language?,w02 release label,unknown,,0,,,q10191,q10191 What is your first language?,,,,,,,,,,,,,,
Q10192,1,w02,w02,w02,q10192 What is your second language?,w02 release label,unknown,,0,,,q10192,q10192 What is your second language?,,,,,,,,,,,,,,
Q1019A,1,w04,w04,w04,What is your first language? Specify,w04 questionnaire,unknown,,0,,w04,,,q1019a,What is your first language? Specify,,,,,,,,,,,,
Q1019B,1,w04,w04,w04,What is your second language? Specify,w04 questionnaire,unknown,,0,,w04,,,q1019b,What is your second language? Specify,,,,,,,,,,,,
Q1020JO2,1,w08,w08,w08,Do you consider yourself…,w08 questionnaire,unknown,,0,,w08,,,,,,,,,,,,,,,Q1020JO2,Do you consider yourself…
Q1022,1,w07,w07,w07,Q1022. Where do you do the majority of your work?,w07 release label,unknown,,0,,,,,,,,,,,,,,,Q1022,Q1022. Where do you do the majority of your work?,,
Q1025_LEB,1,w07,w07,w07,Q1025_LEB. In what currency is your bank account?,w07 release label,unknown,,0,,,,,,,,,,,,,,,Q1025_LEB,Q1025_LEB. In what currency is your bank account?,,
Q102B,1,w04,w04,w04,How would you evaluate your current householdeconomic situation?,w04 questionnaire,unknown,,0,,w04,,,q102b,How would you evaluate your current householdeconomic situation?,,,,,,,,,,,,
Q1030,1,w08,w08,w08,Q1030 Have you ever had a job in the past?,w08 release label,unknown,,0,,,,,,,,,,,,,,,,,Q1030,Q1030 Have you ever had a job in the past?
Q1034_1,1,w08,w08,w08,None worked,w08 release label,unknown,,0,,,,,,,,,,,,,,,,,Q1034_1,None worked
Q1034_2,1,w08,w08,w08,Mother,w08 release label,unknown,,0,,,,,,,,,,,,,,,,,Q1034_2,Mother
Q1034_3,1,w08,w08,w08,Grandmother,w08 release label,unknown,,0,,,,,,,,,,,,,,,,,Q1034_3,Grandmother
Q1034_4,1,w08,w08,w08,Daughter,w08 release label,unknown,,0,,,,,,,,,,,,,,,,,Q1034_4,Daughter
Q1034_5,1,w08,w08,w08,Sister,w08 release label,unknown,,0,,,,,,,,,,,,,,,,,Q1034_5,Sister
Q1034_6,1,w08,w08,w08,Aunt,w08 release label,unknown,,0,,,,,,,,,,,,,,,,,Q1034_6,Aunt
Q1034_7,1,w08,w08,w08,Cousin,w08 release label,unknown,,0,,,,,,,,,,,,,,,,,Q1034_7,Cousin
Q1034_8,1,w08,w08,w08,Mother-in-Law,w08 release label,unknown,,0,,,,,,,,,,,,,,,,,Q1034_8,Mother-in-Law
Q1034_9,1,w08,w08,w08,Wife,w08 release label,unknown,,0,,,,,,,,,,,,,,,,,Q1034_9,Wife
Q1034_98,1,w08,w08,w08,Don’t know,w08 release label,unknown,,0,,,,,,,,,,,,,,,,,Q1034_98,Don’t know
Q1034_99,1,w08,w08,w08,Refused to answer,w08 release label,unknown,,0,,,,,,,,,,,,,,,,,Q1034_99,Refused to answer
Q1035,1,w08,w08,w08,Q1035 Do you ever intend to go back to work in the future?,w08 release label,unknown,,0,,,,,,,,,,,,,,,,,Q1035,Q1035 Do you ever intend to go back to work in the future?
Q103A1,1,w04,w04,w04,,,unknown,,0,,,,,q103a1,,,,,,,,,,,,,
Q103A2,1,w04,w04,w04,,,unknown,,0,,,,,q103a2,,,,,,,,,,,,,
Q103A3,1,w04,w04,w04,,,unknown,,0,,,,,q103a3,,,,,,,,,,,,,
Q103A4,1,w04,w04,w04,,,unknown,,0,,,,,q103a4,,,,,,,,,,,,,
Q103A5,1,w04,w04,w04,,,unknown,,0,,,,,q103a5,,,,,,,,,,,,,
Q103A6,1,w04,w04,w04,,,unknown,,0,,,,,q103a6,,,,,,,,,,,,,
Q104AOTHER,1,w04,w04,w04,Other reason for emigrating Specify,w04 questionnaire,unknown,,0,,w04,,,q104aother,Other reason for emigrating Specify,,,,,,,,,,,,
Q104ARAB,1,w04,w04,w04,Do you think about emigrating from your country?,w04 questionnaire (stem Q104),unknown,,0,,w04,,,q104arab,Do you think about emigrating from your country?,,,,,,,,,,,,
Q104A_2_8,1,w07,w07,w07,Q104A. Other. Other,w07 release label,unknown,,0,,,,,,,,,,,,,,,Q104A_2_8,Q104A. Other. Other,,
Q104A_2_90,1,w08,w08,w08,Other- specify,w08 release label,unknown,,0,,,,,,,,,,,,,,,,,Q104A_2_90,Other- specify
Q104A_98,1,w05,w05,w05,MIGRATION: REASON: DON'T KNOW,w05 release label,unknown,,0,,,,,,,Q104A_98,MIGRATION: REASON: DON'T KNOW,,,,,,,,,,
Q104A_99,1,w05,w05,w05,MIGRATION: REASON: REFUSED,w05 release label,unknown,,0,,,,,,,Q104A_99,MIGRATION: REASON: REFUSED,,,,,,,,,,
Q104B_26,1,w07,w07,w07,Q104B. Other,w07 release label,unknown,,0,,,,,,,,,,,,,,,Q104B_26,Q104B. Other,,
Q104B_90,1,w08,w08,w08,Other- specify,w08 release label,unknown,,0,,,,,,,,,,,,,,,,,Q104B_90,Other- specify
Q104B_AL,1,w05,w05,w05,MIGRATION: DESTINATION COUNTRY: ALGERIA,w05 release label,unknown,,0,,,,,,,Q104B_AL,MIGRATION: DESTINATION COUNTRY: ALGERIA,,,,,,,,,,
Q104B_BA,1,w05,w05,w05,MIGRATION: DESTINATION COUNTRY: BAHRAIN,w05 release label,unknown,,0,,,,,,,Q104B_BA,MIGRATION: DESTINATION COUNTRY: BAHRAIN,,,,,,,,,,
Q104B_CAN,1,w05,w05,w05,MIGRATION: DESTINATION COUNTRY: CANADA,w05 release label,unknown,,0,,,,,,,Q104B_CAN,MIGRATION: DESTINATION COUNTRY: CANADA,,,,,,,,,,
Q104B_DK,1,w05,w05,w05,MIGRATION: DESTINATION COUNTRY: DON'T KNOW,w05 release label,unknown,,0,,,,,,,Q104B_DK,MIGRATION: DESTINATION COUNTRY: DON'T KNOW,,,,,,,,,,
Q104B_EEU,1,w05,w05,w05,MIGRATION: DESTINATION COUNTRY: EASTERN EUROPE,w05 release label,unknown,,0,,,,,,,Q104B_EEU,MIGRATION: DESTINATION COUNTRY: EASTERN EUROPE,,,,,,,,,,
Q104B_EG,1,w05,w05,w05,MIGRATION: DESTINATION COUNTRY: EGYPT,w05 release label,unknown,,0,,,,,,,Q104B_EG,MIGRATION: DESTINATION COUNTRY: EGYPT,,,,,,,,,,
Q104B_ESP,1,w05,w05,w05,MIGRATION: DESTINATION COUNTRY: SPAIN,w05 release label,unknown,,0,,,,,,,Q104B_ESP,MIGRATION: DESTINATION COUNTRY: SPAIN,,,,,,,,,,
Q104B_FR,1,w05,w05,w05,MIGRATION: DESTINATION COUNTRY: FRANCE,w05 release label,unknown,,0,,,,,,,Q104B_FR,MIGRATION: DESTINATION COUNTRY: FRANCE,,,,,,,,,,
Q104B_GER,1,w05,w05,w05,MIGRATION: DESTINATION COUNTRY: GERMANY,w05 release label,unknown,,0,,,,,,,Q104B_GER,MIGRATION: DESTINATION COUNTRY: GERMANY,,,,,,,,,,
Q104B_IT,1,w05,w05,w05,MIGRATION: DESTINATION COUNTRY: ITALY,w05 release label,unknown,,0,,,,,,,Q104B_IT,MIGRATION: DESTINATION COUNTRY: ITALY,,,,,,,,,,
Q104B_JO,1,w05,w05,w05,MIGRATION: DESTINATION COUNTRY: JORDAN,w05 release label,unknown,,0,,,,,,,Q104B_JO,MIGRATION: DESTINATION COUNTRY: JORDAN,,,,,,,,,,
Q104B_KSA,1,w05,w05,w05,MIGRATION: DESTINATION COUNTRY: SAUDI ARABIA,w05 release label,unknown,,0,,,,,,,Q104B_KSA,MIGRATION: DESTINATION COUNTRY: SAUDI ARABIA,,,,,,,,,,
Q104B_KU,1,w05,w05,w05,MIGRATION: DESTINATION COUNTRY: KUWAIT,w05 release label,unknown,,0,,,,,,,Q104B_KU,MIGRATION: DESTINATION COUNTRY: KUWAIT,,,,,,,,,,
Q104B_LEB,1,w05,w05,w05,MIGRATION: DESTINATION COUNTRY: LEBANON,w05 release label,unknown,,0,,,,,,,Q104B_LEB,MIGRATION: DESTINATION COUNTRY: LEBANON,,,,,,,,,,
Q104B_MO,1,w05,w05,w05,MIGRATION: DESTINATION COUNTRY: MOROCCO,w05 release label,unknown,,0,,,,,,,Q104B_MO,MIGRATION: DESTINATION COUNTRY: MOROCCO,,,,,,,,,,
Q104B_OM,1,w05,w05,w05,MIGRATION: DESTINATION COUNTRY: OMAN,w05 release label,unknown,,0,,,,,,,Q104B_OM,MIGRATION: DESTINATION COUNTRY: OMAN,,,,,,,,,,
Q104B_OTHER,1,w05,w05,w05,MIGRATION: DESTINATION COUNTRY: OTHER,w05 release label,unknown,,0,,,,,,,Q104B_OTHER,MIGRATION: DESTINATION COUNTRY: OTHER,,,,,,,,,,
Q104B_QA,1,w05,w05,w05,MIGRATION: DESTINATION COUNTRY: QATAR,w05 release label,unknown,,0,,,,,,,Q104B_QA,MIGRATION: DESTINATION COUNTRY: QATAR,,,,,,,,,,
Q104B_REF,1,w05,w05,w05,MIGRATION: DESTINATION COUNTRY: REFUSED,w05 release label,unknown,,0,,,,,,,Q104B_REF,MIGRATION: DESTINATION COUNTRY: REFUSED,,,,,,,,,,
Q104B_SSA,1,w05,w05,w05,MIGRATION: DESTINATION COUNTRY: SUB SAHARAN AFRICA,w05 release label,unknown,,0,,,,,,,Q104B_SSA,MIGRATION: DESTINATION COUNTRY: SUB SAHARAN AFRICA,,,,,,,,,,
Q104B_TUR,1,w05,w05,w05,MIGRATION: DESTINATION COUNTRY: TURKEY,w05 release label,unknown,,0,,,,,,,Q104B_TUR,MIGRATION: DESTINATION COUNTRY: TURKEY,,,,,,,,,,
Q104B_UAE,1,w05,w05,w05,MIGRATION: DESTINATION COUNTRY: UNITED ARABIC EMIRATES,w05 release label,unknown,,0,,,,,,,Q104B_UAE,MIGRATION: DESTINATION COUNTRY: UNITED ARABIC EMIRATES,,,,,,,,,,
Q104B_UK,1,w05,w05,w05,MIGRATION: DESTINATION COUNTRY: UNITED KINGDOM,w05 release label,unknown,,0,,,,,,,Q104B_UK,MIGRATION: DESTINATION COUNTRY: UNITED KINGDOM,,,,,,,,,,
Q104B_US,1,w05,w05,w05,MIGRATION: DESTINATION COUNTRY: UNITED STATES,w05 release label,unknown,,0,,,,,,,Q104B_US,MIGRATION: DESTINATION COUNTRY: UNITED STATES,,,,,,,,,,
Q104B_WEU,1,w05,w05,w05,WESTERN EUROPE,w05 release label,unknown,,0,,,,,,,Q104B_WEU,WESTERN EUROPE,,,,,,,,,,
Q104B_WEUOTHER,1,w05,w05,w05,MIGRATION: DESTINATION COUNTRY: WESTERN EUROPE (OTHER),w05 release label,unknown,,0,,,,,,,Q104B_WEUOTHER,MIGRATION: DESTINATION COUNTRY: WESTERN EUROPE (OTHER),,,,,,,,,,
Q104EUR,1,w04,w04,w04,Do you think about emigrating from your country?,w04 questionnaire (stem Q104),unknown,,0,,w04,,,q104eur,Do you think about emigrating from your country?,,,,,,,,,,,,
Q104GCC,1,w04,w04,w04,Do you think about emigrating from your country?,w04 questionnaire (stem Q104),unknown,,0,,w04,,,q104gcc,Do you think about emigrating from your country?,,,,,,,,,,,,
Q104KSA,1,w04,w04,w04,Do you think about emigrating from your country?,w04 questionnaire (stem Q104),unknown,,0,,w04,,,q104ksa,Do you think about emigrating from your country?,,,,,,,,,,,,
Q104OTHER,1,w04,w04,w04,Do you think about emigrating from your country?,w04 questionnaire (stem Q104),unknown,,0,,w04,,,q104other,Do you think about emigrating from your country?,,,,,,,,,,,,
Q104US,1,w04,w04,w04,Do you think about emigrating from your country?,w04 questionnaire (stem Q104),unknown,,0,,w04,,,q104us,Do you think about emigrating from your country?,,,,,,,,,,,,
Q105A,1,w08,w08,w08,Q105A How would you rate the safety in your neighborhood?,w08 release label,unknown,,0,,,,,,,,,,,,,,,,,Q105A,Q105A How would you rate the safety in your neighborhood?
Q1071,1,w04,w04,w04,,,unknown,,0,,,,,q1071,,,,,,,,,,,,,
Q1072,1,w04,w04,w04,,,unknown,,0,,,,,q1072,,,,,,,,,,,,,
Q1074,1,w04,w04,w04,,,unknown,,0,,,,,q1074,,,,,,,,,,,,,
Q108_1,1,w05,w05,w05,EVALUATION: ENVIRONMENT: CLIMATE CHANGE,w05 release label,unknown,,0,,,,,,,Q108_1,EVALUATION: ENVIRONMENT: CLIMATE CHANGE,,,,,,,,,,
Q108_2,1,w05,w05,w05,EVALUATION: ENVIRONMENT: AIR QUALITY,w05 release label,unknown,,0,,,,,,,Q108_2,EVALUATION: ENVIRONMENT: AIR QUALITY,,,,,,,,,,
Q108_3,1,w05,w05,w05,EVALUATION: ENVIRONMENT: WATER POLLUTION,w05 release label,unknown,,0,,,,,,,Q108_3,EVALUATION: ENVIRONMENT: WATER POLLUTION,,,,,,,,,,
Q108_4,1,w05,w05,w05,EVALUATION: ENVIRONMENT: TRASH,w05 release label,unknown,,0,,,,,,,Q108_4,EVALUATION: ENVIRONMENT: TRASH,,,,,,,,,,
Q109AGCC_1,1,w05,w05,w05,KUWAIT BEST/WORST PLACE TO LIVE: CURRENTLY,w05 release label,unknown,,0,,,,,,,Q109AGCC_1,KUWAIT BEST/WORST PLACE TO LIVE: CURRENTLY,,,,,,,,,,
Q109AGCC_2,1,w05,w05,w05,KUWAIT BEST/WORST PLACE TO LIVE: PREVIOUS YEAR,w05 release label,unknown,,0,,,,,,,Q109AGCC_2,KUWAIT BEST/WORST PLACE TO LIVE: PREVIOUS YEAR,,,,,,,,,,
Q10COVID19_1,1,w06p1,w06p1,w06p1,Q10COVID19_1.Frequency of prayer/ How often you have prayed,w06p1 release label,unknown,,0,,,,,,,,,Q10COVID19_1,Q10COVID19_1.Frequency of prayer/ How often you have prayed,,,,,,,,
Q10COVID19_2,1,w06p1,w06p1,w06p1,Q10COVID19_2.Family unity,w06p1 release label,unknown,,0,,,,,,,,,Q10COVID19_2,Q10COVID19_2.Family unity,,,,,,,,
Q10COVID19_3,1,w06p1,w06p1,w06p1,Q10COVID19_3.Verbal arguments between your family members,w06p1 release label,unknown,,0,,,,,,,,,Q10COVID19_3,Q10COVID19_3.Verbal arguments between your family members,,,,,,,,
Q10COVID19_4,1,w06p1,w06p1,w06p1,Q10COVID19_4.Physical arguments between your family members,w06p1 release label,unknown,,0,,,,,,,,,Q10COVID19_4,Q10COVID19_4.Physical arguments between your family members,,,,,,,,
Q110_1,1,w06p2,w06p2,w06p2,"Q110_1 In the past 7 days, how often have you: Needed financial support for gett",w06p2 release label,unknown,,0,,,,,,,,,,,Q110_1,"Q110_1 In the past 7 days, how often have you: Needed financial support for gett",,,,,,
Q110_2,1,w06p2,w06p2,w06p2,"Q110_2 In the past 7 days, how often have you: Had to rely on less preferred and",w06p2 release label,unknown,,0,,,,,,,,,,,Q110_2,"Q110_2 In the past 7 days, how often have you: Had to rely on less preferred and",,,,,,
Q111,1,w06p1,w06p1,w06p1,"Q111 In the next 12 months, how concerned are you that your family might lose it",w06p1 release label,unknown,,0,,,,,,,,,Q111,"Q111 In the next 12 months, how concerned are you that your family might lose it",,,,,,,,
Q112B,1,w08,w08,w08,Q112B. Which of the following do you think is the biggest cause of food-related problems in?,w08 release label,unknown,,0,,,,,,,,,,,,,,,,,Q112B,Q112B. Which of the following do you think is the biggest cause of food-related problems in?
Q113,1,w07,w07,w07,Q113. To what extent do you believe that the gap between the rich and the poor is a problem in your country?,w07 release label,unknown,,0,,,,,,,,,,,,,,,Q113,Q113. To what extent do you believe that the gap between the rich and the poor is a problem in your country?,,
Q115_1,1,w07,w07,w07,Q115_1. Some people work harder than others,w07 release label,unknown,,0,,,,,,,,,,,,,,,Q115_1,Q115_1. Some people work harder than others,,
Q115_4,1,w07,w07,w07,Q115_4. Some people are born into wealthier families,w07 release label,unknown,,0,,,,,,,,,,,,,,,Q115_4,Q115_4. Some people are born into wealthier families,,
Q115_6,1,w07,w07,w07,Q115_6. No one is fighting to protect interests of the poor in government,w07 release label,unknown,,0,,,,,,,,,,,,,,,Q115_6,Q115_6. No one is fighting to protect interests of the poor in government,,
Q119,1,w07,w07,w07,Q119 The government be focusing on creating more jobs in,w07 release label,unknown,,0,,,,,,,,,,,,,,,Q119,Q119 The government be focusing on creating more jobs in,,
Q11COVID19,1,w06p1,w06p1,w06p1,Q11COVID19. How negative of an impact do you believe the outbreak of the coronav,w06p1 release label,unknown,,0,,,,,,,,,Q11COVID19,Q11COVID19. How negative of an impact do you believe the outbreak of the coronav,,,,,,,,
Q122_1,1,w07,w07,w07,Q122_1. Are public sector or private sector jobs harder to get?,w07 release label,unknown,,0,,,,,,,,,,,,,,,Q122_1,Q122_1. Are public sector or private sector jobs harder to get?,,
Q122_2,1,w07,w07,w07,Q122_2. Do public sector and private sector jobs pay better salaries?,w07 release label,unknown,,0,,,,,,,,,,,,,,,Q122_2,Q122_2. Do public sector and private sector jobs pay better salaries?,,
Q122_3,1,w07,w07,w07,Q122_3. Do public sector and private sector jobs offer more work stability/security?,w07 release label,unknown,,0,,,,,,,,,,,,,,,Q122_3,Q122_3. Do public sector and private sector jobs offer more work stability/security?,,
Q122_6,1,w07,w07,w07,Q122_6. Do public sector and private sector jobs require more wasta?,w07 release label,unknown,,0,,,,,,,,,,,,,,,Q122_6,Q122_6. Do public sector and private sector jobs require more wasta?,,
Q122_9,1,w07,w07,w07,Q122_9. Are public sector and private sector jobs preferable to have?,w07 release label,unknown,,0,,,,,,,,,,,,,,,Q122_9,Q122_9. Are public sector and private sector jobs preferable to have?,,
Q123B,1,w08,w08,w08,"Q123B. Among the following, which should be the top priority for government spending in the coming year?",w08 release label,unknown,,0,,,,,,,,,,,,,,,,,Q123B,"Q123B. Among the following, which should be the top priority for government spending in the coming year?"
Q123_EGY,1,w07,w07,w07,"Q123_EGY. Among the following, which should be the top priority for spending in the coming year?",w07 release label,unknown,,0,,,,,,,,,,,,,,,Q123_EGY,"Q123_EGY. Among the following, which should be the top priority for spending in the coming year?",,
Q124,1,w07,w07,w07,Q124. I want to ask you about starting a business in your country. Are you,w07 release label,unknown,,0,,,,,,,,,,,,,,,Q124,Q124. I want to ask you about starting a business in your country. Are you,,
Q127_1A,1,w08,w08,w08,Q127_1A Availability of food,w08 release label,unknown,,0,,,,,,,,,,,,,,,,,Q127_1A,Q127_1A Availability of food
Q127_1B,1,w08,w08,w08,Q127_1B Affordability of food,w08 release label,unknown,,0,,,,,,,,,,,,,,,,,Q127_1B,Q127_1B Affordability of food
Q127_2A,1,w08,w08,w08,Q127_2A Availability of housing,w08 release label,unknown,,0,,,,,,,,,,,,,,,,,Q127_2A,Q127_2A Availability of housing
Q127_2B,1,w08,w08,w08,Q127_2B Affordability of housing,w08 release label,unknown,,0,,,,,,,,,,,,,,,,,Q127_2B,Q127_2B Affordability of housing
Q129A_1,1,w08,w08,w08,Q129A_1. Rely on less preferred and less expensive foods,w08 release label,unknown,,0,,,,,,,,,,,,,,,,,Q129A_1,Q129A_1. Rely on less preferred and less expensive foods
Q129A_2,1,w08,w08,w08,Q129A_2. Limit portion size at mealtimes because of lack of money or availability of food,w08 release label,unknown,,0,,,,,,,,,,,,,,,,,Q129A_2,Q129A_2. Limit portion size at mealtimes because of lack of money or availability of food
Q12COVID19_4MOR,1,w07,w07,w07,Q12COVID19_4MOR. COVID19's effect on citizens who live in mountainous areas areas,w07 release label,unknown,,0,,,,,,,,,,,,,,,Q12COVID19_4MOR,Q12COVID19_4MOR. COVID19's effect on citizens who live in mountainous areas areas,,
Q130_1,1,w08,w08,w08,My household does not take any of these actions,w08 release label,unknown,,0,,,,,,,,,,,,,,,,,Q130_1,My household does not take any of these actions
Q130_2,1,w08,w08,w08,Borrow money from family or friends to purchase food,w08 release label,unknown,,0,,,,,,,,,,,,,,,,,Q130_2,Borrow money from family or friends to purchase food
Q130_3,1,w08,w08,w08,Buy food on credit,w08 release label,unknown,,0,,,,,,,,,,,,,,,,,Q130_3,Buy food on credit
Q130_4,1,w08,w08,w08,Receive food donations or rely on support programs from the government,w08 release label,unknown,,0,,,,,,,,,,,,,,,,,Q130_4,Receive food donations or rely on support programs from the government
Q130_5,1,w08,w08,w08,Receive food donations or rely on support programs from religious institutions or charitable organizations,w08 release label,unknown,,0,,,,,,,,,,,,,,,,,Q130_5,Receive food donations or rely on support programs from religious institutions or charitable organizations
Q130_98,1,w08,w08,w08,Don’t know,w08 release label,unknown,,0,,,,,,,,,,,,,,,,,Q130_98,Don’t know
Q130_99,1,w08,w08,w08,Refused to answer,w08 release label,unknown,,0,,,,,,,,,,,,,,,,,Q130_99,Refused to answer
Q13COVID19,1,w06p3,w06p3,w06p3,"If it became available, how likely are you to get the vaccine if it was availabl",w06p3 release label,unknown,,0,,,,,,,,,,,,,Q13COVID19,"If it became available, how likely are you to get the vaccine if it was availabl",,,,
Q14COVID19,1,w06p3,w06p3,w06p3,"If you had the choice, which of the following vaccines would you prefer to get",w06p3 release label,unknown,,0,,,,,,,,,,,,,Q14COVID19,"If you had the choice, which of the following vaccines would you prefer to get",,,,
Q15COVID19_KUW_1,1,w07,w07,w07,Q15COVID19_KUW_1. What is the biggest challenge that the spread of the coronavirus caused for you?,w07 release label,unknown,,0,,,,,,,,,,,,,,,Q15COVID19_KUW_1,Q15COVID19_KUW_1. What is the biggest challenge that the spread of the coronavirus caused for you?,,
Q15COVID19_KUW_2,1,w07,w07,w07,Q15COVID19_KUW_2. What is the second biggest challenge that the spread of the coronavirus caused for you?,w07 release label,unknown,,0,,,,,,,,,,,,,,,Q15COVID19_KUW_2,Q15COVID19_KUW_2. What is the second biggest challenge that the spread of the coronavirus caused for you?,,
Q16ACOVID19_1,1,w07,w07,w07,,,unknown,,0,,,,,,,,,,,,,,,Q16ACOVID19_1,,,
Q16ACOVID19_2,1,w07,w07,w07,Q16ACOVID19. Yes- money,w07 release label,unknown,,0,,,,,,,,,,,,,,,Q16ACOVID19_2,Q16ACOVID19. Yes- money,,
Q16ACOVID19_3,1,w07,w07,w07,Q16ACOVID19. Yes- food,w07 release label,unknown,,0,,,,,,,,,,,,,,,Q16ACOVID19_3,Q16ACOVID19. Yes- food,,
Q16ACOVID19_4,1,w07,w07,w07,Q16ACOVID19. Yes- energy subsidies,w07 release label,unknown,,0,,,,,,,,,,,,,,,Q16ACOVID19_4,Q16ACOVID19. Yes- energy subsidies,,
Q16ACOVID19_5,1,w07,w07,w07,Q16ACOVID19. Yes- non-food items,w07 release label,unknown,,0,,,,,,,,,,,,,,,Q16ACOVID19_5,Q16ACOVID19. Yes- non-food items,,
Q16ACOVID19_6,1,w07,w07,w07,Q16ACOVID19. Yes- relief from utility bills,w07 release label,unknown,,0,,,,,,,,,,,,,,,Q16ACOVID19_6,Q16ACOVID19. Yes- relief from utility bills,,
Q16ACOVID19_7,1,w07,w07,w07,Q16ACOVID19. Yes- relief from taxes,w07 release label,unknown,,0,,,,,,,,,,,,,,,Q16ACOVID19_7,Q16ACOVID19. Yes- relief from taxes,,
Q16ACOVID19_8,1,w07,w07,w07,Q16ACOVID19. Other,w07 release label,unknown,,0,,,,,,,,,,,,,,,Q16ACOVID19_8,Q16ACOVID19. Other,,
Q16ACOVID19_98,1,w07,w07,w07,Q16ACOVID19. Don’t know,w07 release label,unknown,,0,,,,,,,,,,,,,,,Q16ACOVID19_98,Q16ACOVID19. Don’t know,,
Q16ACOVID19_99,1,w07,w07,w07,Q16ACOVID19. Refused to answer,w07 release label,unknown,,0,,,,,,,,,,,,,,,Q16ACOVID19_99,Q16ACOVID19. Refused to answer,,
Q16BCOVID19_1,1,w07,w07,w07,Q16BCOVID19. The national government,w07 release label,unknown,,0,,,,,,,,,,,,,,,Q16BCOVID19_1,Q16BCOVID19. The national government,,
Q16BCOVID19_2,1,w07,w07,w07,Q16BCOVID19. The local government,w07 release label,unknown,,0,,,,,,,,,,,,,,,Q16BCOVID19_2,Q16BCOVID19. The local government,,
Q16BCOVID19_3,1,w07,w07,w07,Q16BCOVID19. A local NGO,w07 release label,unknown,,0,,,,,,,,,,,,,,,Q16BCOVID19_3,Q16BCOVID19. A local NGO,,
Q16BCOVID19_4,1,w07,w07,w07,Q16BCOVID19. An international NGO,w07 release label,unknown,,0,,,,,,,,,,,,,,,Q16BCOVID19_4,Q16BCOVID19. An international NGO,,
Q16BCOVID19_5,1,w07,w07,w07,Q16BCOVID19. A mosque or a church,w07 release label,unknown,,0,,,,,,,,,,,,,,,Q16BCOVID19_5,Q16BCOVID19. A mosque or a church,,
Q16BCOVID19_6,1,w07,w07,w07,Q16BCOVID19. Family or friends,w07 release label,unknown,,0,,,,,,,,,,,,,,,Q16BCOVID19_6,Q16BCOVID19. Family or friends,,
Q16BCOVID19_7,1,w07,w07,w07,Q16BCOVID19. Other,w07 release label,unknown,,0,,,,,,,,,,,,,,,Q16BCOVID19_7,Q16BCOVID19. Other,,
Q16BCOVID19_8,1,w07,w07,w07,Q16BCOVID19. Non-profit organizations/Charities,w07 release label,unknown,,0,,,,,,,,,,,,,,,Q16BCOVID19_8,Q16BCOVID19. Non-profit organizations/Charities,,
Q16BCOVID19_98,1,w07,w07,w07,Q16BCOVID19. Don’t know,w07 release label,unknown,,0,,,,,,,,,,,,,,,Q16BCOVID19_98,Q16BCOVID19. Don’t know,,
Q16BCOVID19_99,1,w07,w07,w07,Q16BCOVID19. Refused to answer,w07 release label,unknown,,0,,,,,,,,,,,,,,,Q16BCOVID19_99,Q16BCOVID19. Refused to answer,,
Q16COVID19,1,w06p3,w06p3,w06p3,Have you or your household received any relief aid from the government during th,w06p3 release label,unknown,,0,,,,,,,,,,,,,Q16COVID19,Have you or your household received any relief aid from the government during th,,,,
Q17COVID19,1,w07,w07,w07,Q17COVID19. Have you gotten the COVID19 vaccine?,w07 release label,unknown,,0,,,,,,,,,,,,,,,Q17COVID19,Q17COVID19. Have you gotten the COVID19 vaccine?,,
Q18ACOVID19,1,w07,w07,w07,Q18ACOVID19. Which of the following is the biggest weakness of the healthcare system that the COVID19 pandemic revealed/uncovered in your country?,w07 release label,unknown,,0,,,,,,,,,,,,,,,Q18ACOVID19,Q18ACOVID19. Which of the following is the biggest weakness of the healthcare system that the COVID19 pandemic revealed/uncovered in your country?,,
Q18COVID19,1,w07,w07,w07,Q18COVID19. How likely are you to get the vaccine once it becomes available to you?,w07 release label,unknown,,0,,,,,,,,,,,,,,,Q18COVID19,Q18COVID19. How likely are you to get the vaccine once it becomes available to you?,,
Q19COVID19_1,1,w07,w07,w07,Q19COVID19. No preference,w07 release label,unknown,,0,,,,,,,,,,,,,,,Q19COVID19_1,Q19COVID19. No preference,,
Q19COVID19_10,1,w07,w07,w07,Q19COVID19. One developed in Russia,w07 release label,unknown,,0,,,,,,,,,,,,,,,Q19COVID19_10,Q19COVID19. One developed in Russia,,
Q19COVID19_11,1,w07,w07,w07,Q19COVID19. One developed in China,w07 release label,unknown,,0,,,,,,,,,,,,,,,Q19COVID19_11,Q19COVID19. One developed in China,,
Q19COVID19_12,1,w07,w07,w07,Q19COVID19. One developed in the UK,w07 release label,unknown,,0,,,,,,,,,,,,,,,Q19COVID19_12,Q19COVID19. One developed in the UK,,
Q19COVID19_13,1,w07,w07,w07,Q19COVID19. One developed elsewhere,w07 release label,unknown,,0,,,,,,,,,,,,,,,Q19COVID19_13,Q19COVID19. One developed elsewhere,,
Q19COVID19_2,1,w07,w07,w07,Q19COVID19. Pfizer-BioNTech,w07 release label,unknown,,0,,,,,,,,,,,,,,,Q19COVID19_2,Q19COVID19. Pfizer-BioNTech,,
Q19COVID19_3,1,w07,w07,w07,Q19COVID19. Johnson & Johnson,w07 release label,unknown,,0,,,,,,,,,,,,,,,Q19COVID19_3,Q19COVID19. Johnson & Johnson,,
Q19COVID19_4,1,w07,w07,w07,Q19COVID19. Moderna,w07 release label,unknown,,0,,,,,,,,,,,,,,,Q19COVID19_4,Q19COVID19. Moderna,,
Q19COVID19_5,1,w07,w07,w07,Q19COVID19. AstraZeneca,w07 release label,unknown,,0,,,,,,,,,,,,,,,Q19COVID19_5,Q19COVID19. AstraZeneca,,
Q19COVID19_6,1,w07,w07,w07,Q19COVID19. Coronavac/Sinovac,w07 release label,unknown,,0,,,,,,,,,,,,,,,Q19COVID19_6,Q19COVID19. Coronavac/Sinovac,,
Q19COVID19_7,1,w07,w07,w07,Q19COVID19. Sputnik,w07 release label,unknown,,0,,,,,,,,,,,,,,,Q19COVID19_7,Q19COVID19. Sputnik,,
Q19COVID19_8,1,w07,w07,w07,Q19COVID19. Sinopharm,w07 release label,unknown,,0,,,,,,,,,,,,,,,Q19COVID19_8,Q19COVID19. Sinopharm,,
Q19COVID19_9,1,w07,w07,w07,Q19COVID19. One developed in the USA,w07 release label,unknown,,0,,,,,,,,,,,,,,,Q19COVID19_9,Q19COVID19. One developed in the USA,,
Q19COVID19_98,1,w07,w07,w07,Q19COVID19. Don’t know,w07 release label,unknown,,0,,,,,,,,,,,,,,,Q19COVID19_98,Q19COVID19. Don’t know,,
Q19COVID19_99,1,w07,w07,w07,Q19COVID19. Refused to answer,w07 release label,unknown,,0,,,,,,,,,,,,,,,Q19COVID19_99,Q19COVID19. Refused to answer,,
Q1A_ALG,1,w07,w07,w07,Q1A_ALG. Area,w07 release label,unknown,,0,,,,,,,,,,,,,,,Q1A_ALG,Q1A_ALG. Area,,
Q1A_LIB,1,w07,w07,w07,Q1A_LIB. Region,w07 release label,unknown,,0,,,,,,,,,,,,,,,Q1A_LIB,Q1A_LIB. Region,,
Q2,1,w04,w04,w04,,,unknown,,0,,,,,q2,,,,,,,,,,,,,
Q2008,1,w04,w04,w04,Enumerator gender,w04 questionnaire,unknown,,0,,w04,,,q2008,Enumerator gender,,,,,,,,,,,,
Q2008A,1,w04,w04,w04,Enumerator: Please indicate whether you wear thehijab or not,w04 questionnaire,unknown,,0,,w04,,,q2008a,Enumerator: Please indicate whether you wear thehijab or not,,,,,,,,,,,,
Q20110,1,w02,w02,w02,"q20110 I will name a number of institutions, and I would like you to tell me to what extent you trust each of them: 10. Trade Unions and Professional Unions",w02 release label,unknown,,0,,,q20110,"q20110 I will name a number of institutions, and I would like you to tell me to what extent you trust each of them: 10. Trade Unions and Professional Unions",,,,,,,,,,,,,,
Q20114,1,w02,w02,w02,"q20114 I will name a number of institutions, and I would like you to tell me to what extent you trust each of them: 14. Al-Nahda Movement/Party",w02 release label,unknown,,0,,,q20114,"q20114 I will name a number of institutions, and I would like you to tell me to what extent you trust each of them: 14. Al-Nahda Movement/Party",,,,,,,,,,,,,,
Q20115,1,w02,w02,w02,"q20115 I will name a number of institutions, and I would like you to tell me to what extent you trust each of them: 15. The Higher Commission for Fulfilling the Revolution’s Goals, Political Reform, and Democratic Transition (A’yyad Bin A’shour)",w02 release label,unknown,,0,,,q20115,"q20115 I will name a number of institutions, and I would like you to tell me to what extent you trust each of them: 15. The Higher Commission for Fulfilling the Revolution’s Goals, Political Reform, and Democratic Transition (A’yyad Bin A’shour)",,,,,,,,,,,,,,
Q20116,1,w02,w02,w02,"q20116 I will name a number of institutions, and I would like you to tell me to what extent you trust each of them: 16. Higher Commission for Elections (ISIE) (Kamal Al-Jandoubi)",w02 release label,unknown,,0,,,q20116,"q20116 I will name a number of institutions, and I would like you to tell me to what extent you trust each of them: 16. Higher Commission for Elections (ISIE) (Kamal Al-Jandoubi)",,,,,,,,,,,,,,
Q20120,1,w04,w04,w04,,,unknown,,0,,,,,q20120,,,,,,,,,,,,,
Q2017,1,w02,w02,w02,"q2017 I will name a number of institutions, and I would like you to tell me to what extent you trust each of them: 7. Civil society institutions (associations, clubs, volunteer youth groups, etc.)",w02 release label,unknown,,0,,,q2017,"q2017 I will name a number of institutions, and I would like you to tell me to what extent you trust each of them: 7. Civil society institutions (associations, clubs, volunteer youth groups, etc.)",,,,,,,,,,,,,,
Q2018,1,w02,w02,w02,"q2018 I will name a number of institutions, and I would like you to tell me to what extent you trust each of them: 8. The Supreme Council of the Armed Forces",w02 release label,unknown,,0,,,q2018,"q2018 I will name a number of institutions, and I would like you to tell me to what extent you trust each of them: 8. The Supreme Council of the Armed Forces",,,,,,,,,,,,,,
Q2019,1,w02,w02,w02,"q2019 I will name a number of institutions, and I would like you to tell me to what extent you trust each of them: 9. Religious leaders",w02 release label,unknown,,0,,,q2019,"q2019 I will name a number of institutions, and I would like you to tell me to what extent you trust each of them: 9. Religious leaders",,,,,,,,,,,,,,
Q201A1,1,w04,w04,w04,,,unknown,,0,,,,,q201a1,,,,,,,,,,,,,
Q201A2,1,w04,w04,w04,,,unknown,,0,,,,,q201a2,,,,,,,,,,,,,
Q201A3,1,w04,w04,w04,,,unknown,,0,,,,,q201a3,,,,,,,,,,,,,
Q201A4,1,w04,w04,w04,,,unknown,,0,,,,,q201a4,,,,,,,,,,,,,
Q201A_3B_LIB,1,w07,w07,w07,Q201A_3B_LIB. High Council of State,w07 release label,unknown,,0,,,,,,,,,,,,,,,Q201A_3B_LIB,Q201A_3B_LIB. High Council of State,,
Q201A_3C_LIB,1,w07,w07,w07,Q201A_3C_LIB. Libyan Political Dialogue Forum (LPDF),w07 release label,unknown,,0,,,,,,,,,,,,,,,Q201A_3C_LIB,Q201A_3C_LIB. Libyan Political Dialogue Forum (LPDF),,
Q201A_42,1,w05,w05,w05,TRUST: POLICE,w05 release label,unknown,,0,,,,,,,Q201A_42,TRUST: POLICE,,,,,,,,,,
Q201A_42A_MOR,1,w07,w07,w07,Q201A_42A_MOR. Police,w07 release label,unknown,,0,,,,,,,,,,,,,,,Q201A_42A_MOR,Q201A_42A_MOR. Police,,
Q201A_42B_MOR,1,w07,w07,w07,Q201A_42B_MOR. Gendarmerie,w07 release label,unknown,,0,,,,,,,,,,,,,,,Q201A_42B_MOR,Q201A_42B_MOR. Gendarmerie,,
Q201A_50_LIB,1,w07,w07,w07,Q201A_50_LIB. Constitution Drafting Assembly,w07 release label,unknown,,0,,,,,,,,,,,,,,,Q201A_50_LIB,Q201A_50_LIB. Constitution Drafting Assembly,,
Q201B_20,1,w05,w05,w05,TRUST: POLITICAL PARTIES,w05 release label,unknown,,0,,,,,,,Q201B_20,TRUST: POLITICAL PARTIES,,,,,,,,,,
Q201B_31,1,w05,w05,w05,TRUST: PRESIDENT/PRIME MINISTER,w05 release label,unknown,,0,,,,,,,Q201B_31,TRUST: PRESIDENT/PRIME MINISTER,,,,,,,,,,
Q201B_4,1,w08,w08,w08,Q201B_4 Police,w08 release label,unknown,,0,,,,,,,,,,,,,,,,,Q201B_4,Q201B_4 Police
Q201B_6A_LIB,1,w07,w07,w07,Q201B_6A_LIB. The Libyan Arab Armed Forces (Haftar forces),w07 release label,unknown,,0,,,,,,,,,,,,,,,Q201B_6A_LIB,Q201B_6A_LIB. The Libyan Arab Armed Forces (Haftar forces),,
Q201B_6B_LIB,1,w07,w07,w07,Q201B_6B_LIB. The 5+5 Libyan Joint Military Commission,w07 release label,unknown,,0,,,,,,,,,,,,,,,Q201B_6B_LIB,Q201B_6B_LIB. The 5+5 Libyan Joint Military Commission,,
Q201C_32,1,w05,w05,w05,TRUST: CIVIL SERVICE/PUBLIC ADMINISTRATION,w05 release label,unknown,,0,,,,,,,Q201C_32,TRUST: CIVIL SERVICE/PUBLIC ADMINISTRATION,,,,,,,,,,
Q201C_32GCC,1,w05,w05,w05,Workers in the Ministries,w05 release label,unknown,,0,,,,,,,Q201C_32GCC,Workers in the Ministries,,,,,,,,,,
Q201C_37,1,w05,w05,w05,TRUST: PRIVATE HOSPITALS,w05 release label,unknown,,0,,,,,,,Q201C_37,TRUST: PRIVATE HOSPITALS,,,,,,,,,,
Q201C_38B,1,w06p1,w06p1,w06p1,Q201c_38b. Central bank,w06p1 release label,unknown,,0,,,,,,,,,Q201C_38B,Q201c_38b. Central bank,,,,,,,,
Q201C_39,1,w05,w05,w05,TRUST: PRIVATE UNIVERSITIES,w05 release label,unknown,,0,,,,,,,Q201C_39,TRUST: PRIVATE UNIVERSITIES,,,,,,,,,,
Q201C_40,1,w05,w05,w05,TRUST: DOMESTIC BUSINESS PEOPLE,w05 release label,unknown,,0,,,,,,,Q201C_40,TRUST: DOMESTIC BUSINESS PEOPLE,,,,,,,,,,
Q2031,1,w02,w02,w02,"q2031 Generally speaking, how would you evaluate the performance of [Insert] in carrying out its tasks and duties? 1. The government",w02 release label,unknown,,0,,,q2031,"q2031 Generally speaking, how would you evaluate the performance of [Insert] in carrying out its tasks and duties? 1. The government",,,,,,,,,,,,,,
Q2032,1,w02,w02,w02,"q2032 Generally speaking, how would you evaluate the performance of [Insert] in carrying out its tasks and duties? 2. Parliament",w02 release label,unknown,,0,,,q2032,"q2032 Generally speaking, how would you evaluate the performance of [Insert] in carrying out its tasks and duties? 2. Parliament",,,,,,,,,,,,,,
Q2033,1,w02,w02,w02,"q2033 Generally speaking, how would you evaluate the performance of [Insert] in carrying out its tasks and duties? 3. The judiciary",w02 release label,unknown,,0,,,q2033,"q2033 Generally speaking, how would you evaluate the performance of [Insert] in carrying out its tasks and duties? 3. The judiciary",,,,,,,,,,,,,,
Q2034,1,w02,w02,w02,"q2034 Generally speaking, how would you evaluate the performance of [Insert] in carrying out its tasks and duties? 4. The police (Public security)",w02 release label,unknown,,0,,,q2034,"q2034 Generally speaking, how would you evaluate the performance of [Insert] in carrying out its tasks and duties? 4. The police (Public security)",,,,,,,,,,,,,,
Q20411,1,w02,w02,w02,q20411 I am going to ask a number of questions related to the current government’s performance. How would you evaluate the performance of the current government’s 11. Providing security and order?,w02 release label,unknown,,0,,,q20411,q20411 I am going to ask a number of questions related to the current government’s performance. How would you evaluate the performance of the current government’s 11. Providing security and order?,,,,,,,,,,,,,,
Q20412,1,w02,w02,w02,q20412 I am going to ask a number of questions related to the current government’s performance. How would you evaluate the performance of the current government’s 12. Managing the process of democratic transition process?,w02 release label,unknown,,0,,,q20412,q20412 I am going to ask a number of questions related to the current government’s performance. How would you evaluate the performance of the current government’s 12. Managing the process of democratic transition process?,,,,,,,,,,,,,,
Q20413,1,w02,w02,w02,q20413 I am going to ask a number of questions related to the current government’s performance. How would you evaluate the performance of the current government’s 13. Establishing an appropriate environment for domestic and foreign investment?,w02 release label,unknown,,0,,,q20413,q20413 I am going to ask a number of questions related to the current government’s performance. How would you evaluate the performance of the current government’s 13. Establishing an appropriate environment for domestic and foreign investment?,,,,,,,,,,,,,,
Q20414,1,w02,w02,w02,q20414 I am going to ask a number of questions related to the current government’s performance. How would you evaluate the performance of the current government’s 14. Handling instances of sectarian strife?,w02 release label,unknown,,0,,,q20414,q20414 I am going to ask a number of questions related to the current government’s performance. How would you evaluate the performance of the current government’s 14. Handling instances of sectarian strife?,,,,,,,,,,,,,,
Q20415,1,w02,w02,w02,q20415 I am going to ask a number of questions related to the current government’s performance. How would you evaluate the performance of the current government’s 15. Limit the economic and political disparity divergence between the regions?,w02 release label,unknown,,0,,,q20415,q20415 I am going to ask a number of questions related to the current government’s performance. How would you evaluate the performance of the current government’s 15. Limit the economic and political disparity divergence between the regions?,,,,,,,,,,,,,,
Q20420,1,w04,w04,w04,,,unknown,,0,,,,,q20420,,,,,,,,,,,,,
Q20421,1,w04,w04,w04,,,unknown,,0,,,,,q20421,,,,,,,,,,,,,
Q20422,1,w04,w04,w04,,,unknown,,0,,,,,q20422,,,,,,,,,,,,,
Q204A1,1,w04,w04,w04,,,unknown,,0,,,,,q204a1,,,,,,,,,,,,,
Q204A2,1,w04,w04,w04,,,unknown,,0,,,,,q204a2,,,,,,,,,,,,,
Q204A_10,1,w08,w08,w08,How satisfied are you with the following?,w08 questionnaire (stem Q204A),unknown,,0,,w08,,,,,,,,,,,,,,,Q204A_10,How satisfied are you with the following?
Q204A_1B,1,w07,w07,w07,Q204A_1B. The public educational system in our country,w07 release label,unknown,,0,,,,,,,,,,,,,,,Q204A_1B,Q204A_1B. The public educational system in our country,,
Q204A_6,1,w08,w08,w08,Q204A_6 Provision of electricity in our country,w08 release label,unknown,,0,,,,,,,,,,,,,,,,,Q204A_6,Q204A_6 Provision of electricity in our country
Q204A_7,1,w08,w08,w08,Q204A_7 Water supply in our country,w08 release label,unknown,,0,,,,,,,,,,,,,,,,,Q204A_7,Q204A_7 Water supply in our country
Q204A_8,1,w08,w08,w08,Q204A_8 Access to internet services in our country,w08 release label,unknown,,0,,,,,,,,,,,,,,,,,Q204A_8,Q204A_8 Access to internet services in our country
Q204A_9,1,w08,w08,w08,Q204A_9 Civil defense in our country,w08 release label,unknown,,0,,,,,,,,,,,,,,,,,Q204A_9,Q204A_9 Civil defense in our country
Q204B_1,1,w07,w07,w07,Q204B_1. The educational system in our governorate,w07 release label,unknown,,0,,,,,,,,,,,,,,,Q204B_1,Q204B_1. The educational system in our governorate,,
Q204B_13,1,w05,w05,w05,EVALUATION: GOVERNMENT PERFORMANCE: ENVIORNMENT FOR DOMESTIC/FOREIGN INVESTMENT,w05 release label,unknown,,0,,,,,,,Q204B_13,EVALUATION: GOVERNMENT PERFORMANCE: ENVIORNMENT FOR DOMESTIC/FOREIGN INVESTMENT,,,,,,,,,,
Q204B_15,1,w05,w05,w05,EVALUATION: GOVERNMENT PERFORMANCE: LIMIT ECONOMIC/POLITICAL DISPARITY OF REGION,w05 release label,unknown,,0,,,,,,,Q204B_15,EVALUATION: GOVERNMENT PERFORMANCE: LIMIT ECONOMIC/POLITICAL DISPARITY OF REGION,,,,,,,,,,
Q204B_2,1,w07,w07,w07,Q204B_2. The healthcare system in our governorate,w07 release label,unknown,,0,,,,,,,,,,,,,,,Q204B_2,Q204B_2. The healthcare system in our governorate,,
Q204B_3,1,w07,w07,w07,Q204B_3. The government’s performance overall in our governorate,w07 release label,unknown,,0,,,,,,,,,,,,,,,Q204B_3,Q204B_3. The government’s performance overall in our governorate,,
Q204B_4,1,w07,w07,w07,Q204B_4. The quality of the streets in our governorate,w07 release label,unknown,,0,,,,,,,,,,,,,,,Q204B_4,Q204B_4. The quality of the streets in our governorate,,
Q204B_5,1,w07,w07,w07,Q204B_5. Trash collection in our governorate,w07 release label,unknown,,0,,,,,,,,,,,,,,,Q204B_5,Q204B_5. Trash collection in our governorate,,
Q204C_13,1,w05,w05,w05,EVALUATION: GOVERNMENT PERFORMANCE: ENVIORNMENT FOR INVESTMENT,w05 release label,unknown,,0,,,,,,,Q204C_13,EVALUATION: GOVERNMENT PERFORMANCE: ENVIORNMENT FOR INVESTMENT,,,,,,,,,,
Q204C_15,1,w05,w05,w05,EVALUATION: GOVERNMENT PERFORMANCE: LIMIT ECONOMIC DISPARITY OF REGIONS,w05 release label,unknown,,0,,,,,,,Q204C_15,EVALUATION: GOVERNMENT PERFORMANCE: LIMIT ECONOMIC DISPARITY OF REGIONS,,,,,,,,,,
Q204_22,1,w05,w05,w05,EVALUATION: GOVERNMENT PERFORMANCE: EDUCATIONAL NEEDS,w05 release label,unknown,,0,,,,,,,Q204_22,EVALUATION: GOVERNMENT PERFORMANCE: EDUCATIONAL NEEDS,,,,,,,,,,
Q204_26,1,w06p2,w06p2,w06p2,Q204_26.Supporting the poor during the COVID-19 outbreak,w06p2 release label,unknown,,0,,,,,,,,,,,Q204_26,Q204_26.Supporting the poor during the COVID-19 outbreak,,,,,,
Q2053,1,w02,w02,w02,"q2053 I will ask some questions about your ability to obtain certain services. Based on your actual experience, how difficult or easy is it to obtain 3. Appropriate medical treatment in a nearby clinic or public (government) hospital?",w02 release label,unknown,,0,,,q2053,"q2053 I will ask some questions about your ability to obtain certain services. Based on your actual experience, how difficult or easy is it to obtain 3. Appropriate medical treatment in a nearby clinic or public (government) hospital?",,,,,,,,,,,,,,
Q2054,1,w02,w02,w02,"q2054 I will ask some questions about your ability to obtain certain services. Based on your actual experience, how difficult or easy is it to obtain 4. Assistance from public security (the police) when needed?",w02 release label,unknown,,0,,,q2054,"q2054 I will ask some questions about your ability to obtain certain services. Based on your actual experience, how difficult or easy is it to obtain 4. Assistance from public security (the police) when needed?",,,,,,,,,,,,,,
Q2055,1,w02,w02,w02,"q2055 I will ask some questions about your ability to obtain certain services. Based on your actual experience, how difficult or easy is it to obtain 5. Access to the concerned official to file a complaint when you feel that your rights have been violated?",w02 release label,unknown,,0,,,q2055,"q2055 I will ask some questions about your ability to obtain certain services. Based on your actual experience, how difficult or easy is it to obtain 5. Access to the concerned official to file a complaint when you feel that your rights have been violated?",,,,,,,,,,,,,,
Q205_1,1,w05,w05,w05,EVALUATION: SERVICES: RECEIVING ID CARD,w05 release label,unknown,,0,,,,,,,Q205_1,EVALUATION: SERVICES: RECEIVING ID CARD,,,,,,,,,,
Q205_4,1,w05,w05,w05,EVALUATION: SERVICES: HELP FROM THE POLICE (PUBLIC SECURITY IN LEBANON),w05 release label,unknown,,0,,,,,,,Q205_4,EVALUATION: SERVICES: HELP FROM THE POLICE (PUBLIC SECURITY IN LEBANON),,,,,,,,,,
Q205_4LEB,1,w05,w05,w05,EVALUATION: SERVICES: INTERNAL SECURITY FORCES,w05 release label,unknown,,0,,,,,,,Q205_4LEB,EVALUATION: SERVICES: INTERNAL SECURITY FORCES,,,,,,,,,,
Q205_6,1,w05,w05,w05,EVALUATION: SERVICES: REGISTERING A BUSINESS,w05 release label,unknown,,0,,,,,,,Q205_6,EVALUATION: SERVICES: REGISTERING A BUSINESS,,,,,,,,,,
Q205_7,1,w05,w05,w05,EVALUATION: SERVICES: GETTING A BUILDING PERMIT,w05 release label,unknown,,0,,,,,,,Q205_7,EVALUATION: SERVICES: GETTING A BUILDING PERMIT,,,,,,,,,,
Q2061B,1,w05,w05,w05,SECOND MOST IMPORTANT CHALLENGE,w05 release label,unknown,,0,,,,,,,Q2061B,SECOND MOST IMPORTANT CHALLENGE,,,,,,,,,,
Q2061OTHER,1,w04,w04,w04,Other challenge Specify,w04 questionnaire,unknown,,0,,w04,,,q2061other,Other challenge Specify,,,,,,,,,,,,
Q2062OTHER,1,w04,w04,w04,Other challenge Specify,w04 questionnaire,unknown,,0,,w04,,,q2062other,Other challenge Specify,,,,,,,,,,,,
Q207,1,w02,w02,w02,q207 To what extent do you think the government will be able to address these two challenges within the next five years?,w02 release label,unknown,,0,,,q207,q207 To what extent do you think the government will be able to address these two challenges within the next five years?,,,,,,,,,,,,,,
Q208,1,w02,w02,w02,"q208 In your opinion, what is the most important challenge the Arab world currently faces?",w02 release label,unknown,,0,,,q208,"q208 In your opinion, what is the most important challenge the Arab world currently faces?",,,,,,,,,,,,,,
Q209B,1,w05,w05,w05,AGREEMENT: CHARITABLE/SOCIAL ORGANIZATIONS DO EVERYTHING TO PROVIDE NECESSARY SE,w05 release label,unknown,,0,,,,,,,Q209B,AGREEMENT: CHARITABLE/SOCIAL ORGANIZATIONS DO EVERYTHING TO PROVIDE NECESSARY SE,,,,,,,,,,
Q20COVID19,1,w07,w07,w07,Q20COVID19. Which of the follow reasons best explains why you are not likely to or do not know if you will get the vaccine?,w07 release label,unknown,,0,,,,,,,,,,,,,,,Q20COVID19,Q20COVID19. Which of the follow reasons best explains why you are not likely to or do not know if you will get the vaccine?,,
Q211D,1,w05,w05,w05,SERVICES: ONLINE FEES,w05 release label,unknown,,0,,,,,,,Q211D,SERVICES: ONLINE FEES,,,,,,,,,,
Q211_1,1,w07,w07,w07,"Q211_1. In your opinion, to what extent is the national government working to crackdown on corruption?",w07 release label,unknown,,0,,,,,,,,,,,,,,,Q211_1,"Q211_1. In your opinion, to what extent is the national government working to crackdown on corruption?",,
Q211_2,1,w08,w08,w08,"Q211_2 In your opinion, to what extent is the national government working to crackdown on corruption in your country",w08 release label,unknown,,0,,,,,,,,,,,,,,,,,Q211_2,"Q211_2 In your opinion, to what extent is the national government working to crackdown on corruption in your country"
Q2121,1,w02,w02,w02,"q2121 In your opinion, how important are each of the following factors in comparison with a person’s qualifications and experience in obtaining governmental employment? 1. The applicant’s political orientation",w02 release label,unknown,,0,,,q2121,"q2121 In your opinion, how important are each of the following factors in comparison with a person’s qualifications and experience in obtaining governmental employment? 1. The applicant’s political orientation",,,,,,,,,,,,,,
Q2122,1,w02,w02,w02,"q2122 In your opinion, how important are each of the following factors in comparison with a person’s qualifications and experience in obtaining governmental employment? 2. The status of the applicant’s tribe or family in the country",w02 release label,unknown,,0,,,q2122,"q2122 In your opinion, how important are each of the following factors in comparison with a person’s qualifications and experience in obtaining governmental employment? 2. The status of the applicant’s tribe or family in the country",,,,,,,,,,,,,,
Q213A_1,1,w05,w05,w05,CORRUPTION: DEFINITION: BUYING STH THAT WAS STOLEN,w05 release label,unknown,,0,,,,,,,Q213A_1,CORRUPTION: DEFINITION: BUYING STH THAT WAS STOLEN,,,,,,,,,,
Q213A_2,1,w05,w05,w05,CORRUPTION: DEFINITION: OFFICIAL PROVDING WASTA FOR RELATIVES,w05 release label,unknown,,0,,,,,,,Q213A_2,CORRUPTION: DEFINITION: OFFICIAL PROVDING WASTA FOR RELATIVES,,,,,,,,,,
Q213A_2A,1,w07,w07,w07,Q213A_2A. A government official giving a government job to a relative,w07 release label,unknown,,0,,,,,,,,,,,,,,,Q213A_2A,Q213A_2A. A government official giving a government job to a relative,,
Q213A_2B,1,w07,w07,w07,Q213A_2B. A business manager providing a job in his private company for a relative,w07 release label,unknown,,0,,,,,,,,,,,,,,,Q213A_2B,Q213A_2B. A business manager providing a job in his private company for a relative,,
Q213A_3,1,w05,w05,w05,CORRUPTION: DEFINITION: SIDE PAYMENT TO SPEED UP SERVICE,w05 release label,unknown,,0,,,,,,,Q213A_3,CORRUPTION: DEFINITION: SIDE PAYMENT TO SPEED UP SERVICE,,,,,,,,,,
Q213B,1,w05,w05,w05,CORRUPTION: WASTA: JOBS,w05 release label,unknown,,0,,,,,,,Q213B,CORRUPTION: WASTA: JOBS,,,,,,,,,,
Q215,1,w02,w02,w02,"q215 If you had a claim against someone and you were not able to rectify the situation through available personal and social means, would you resort to the judiciary to restore your rights?",w02 release label,unknown,,0,,,q215,"q215 If you had a claim against someone and you were not able to rectify the situation through available personal and social means, would you resort to the judiciary to restore your rights?",,,,,,,,,,,,,,
Q2183,1,w02,w02,w02,q2183 Do you agree or disagree with the following statements? 3. The government takes the opinions of citizens seriously,w02 release label,unknown,,0,,,q2183,q2183 Do you agree or disagree with the following statements? 3. The government takes the opinions of citizens seriously,,,,,,,,,,,,,,
Q218_2,1,w05,w05,w05,DIS/AGREEMENT: POLITICAL LEADERS ARE CONCERNED WITH CITIZENS' NEEDS,w05 release label,unknown,,0,,,,,,,Q218_2,DIS/AGREEMENT: POLITICAL LEADERS ARE CONCERNED WITH CITIZENS' NEEDS,,,,,,,,,,
Q218_5,1,w05,w05,w05,DIS/AGREEMENT: POLITICS TOO COMPLICATED,w05 release label,unknown,,0,,,,,,,Q218_5,DIS/AGREEMENT: POLITICS TOO COMPLICATED,,,,,,,,,,
Q218_6,1,w05,w05,w05,DIS/AGREEMENT: STATE HAS RIGHT TO DEMAND TAXES,w05 release label,unknown,,0,,,,,,,Q218_6,DIS/AGREEMENT: STATE HAS RIGHT TO DEMAND TAXES,,,,,,,,,,
Q261A1,1,w04,w04,w04,,,unknown,,0,,,,,q261a1,,,,,,,,,,,,,
Q261A2,1,w04,w04,w04,,,unknown,,0,,,,,q261a2,,,,,,,,,,,,,
Q261B1,1,w04,w04,w04,,,unknown,,0,,,,,q261b1,,,,,,,,,,,,,
Q261B2,1,w04,w04,w04,,,unknown,,0,,,,,q261b2,,,,,,,,,,,,,
Q262,1,w08,w08,w08,Q262. Which of the following economic issues do you think is the most serious one facing?,w08 release label,unknown,,0,,,,,,,,,,,,,,,,,Q262,Q262. Which of the following economic issues do you think is the most serious one facing?
Q264,1,w04,w04,w04,"There are lots of reasons that onemight want to help the poor. Of the reasons below,which statement best describes you?",w04 questionnaire,unknown,,0,,w04,,,q264,"There are lots of reasons that onemight want to help the poor. Of the reasons below,which statement best describes you?",,,,,,,,,,,,
Q270_1,1,w08,w08,w08,Q270_1 Get a job,w08 release label,unknown,,0,,,,,,,,,,,,,,,,,Q270_1,Q270_1 Get a job
Q270_2,1,w08,w08,w08,Q270_2 Get legal documents from public institutions,w08 release label,unknown,,0,,,,,,,,,,,,,,,,,Q270_2,Q270_2 Get legal documents from public institutions
Q271_2,1,w08,w08,w08,Q271_2 Get legal documents from public institutions,w08 release label,unknown,,0,,,,,,,,,,,,,,,,,Q271_2,Q271_2 Get legal documents from public institutions
Q271_3,1,w06p2,w06p2,w06p2,Q271_3 Skip a line at a doctor’s office,w06p2 release label,unknown,,0,,,,,,,,,,,Q271_3,Q271_3 Skip a line at a doctor’s office,,,,,,
Q273A,1,w07,w07,w07,Q273A. Which of the following actions would you think most effective to influence a national government decision,w07 release label,unknown,,0,,,,,,,,,,,,,,,Q273A,Q273A. Which of the following actions would you think most effective to influence a national government decision,,
Q273A_KUW,1,w07,w07,w07,Q273A_KUW. Which of the following actions would you think most effective to influence a national government decision,w07 release label,unknown,,0,,,,,,,,,,,,,,,Q273A_KUW,Q273A_KUW. Which of the following actions would you think most effective to influence a national government decision,,
Q273B,1,w07,w07,w07,Q273B. Which of the following actions would you think least effective to influence a national government decision?,w07 release label,unknown,,0,,,,,,,,,,,,,,,Q273B,Q273B. Which of the following actions would you think least effective to influence a national government decision?,,
Q273B_KUW,1,w07,w07,w07,Q273B_KUW. Which of the following actions would you think least effective to influence a national government decision?,w07 release label,unknown,,0,,,,,,,,,,,,,,,Q273B_KUW,Q273B_KUW. Which of the following actions would you think least effective to influence a national government decision?,,
Q273C,1,w08,w08,w08,Q273C Which of the following actions would you think is most effective to influence a national government decision?,w08 release label,unknown,,0,,,,,,,,,,,,,,,,,Q273C,Q273C Which of the following actions would you think is most effective to influence a national government decision?
Q273C_KUW,1,w08,w08,w08,Which of the following actions would you think is most effective to influence a national government decision?,w08 questionnaire,unknown,,0,,w08,,,,,,,,,,,,,,,Q273C_KUW,Which of the following actions would you think is most effective to influence a national government decision?
Q273D,1,w08,w08,w08,Q273D Which of the following actions would you think is least effective to influence a national government decision?,w08 release label,unknown,,0,,,,,,,,,,,,,,,,,Q273D,Q273D Which of the following actions would you think is least effective to influence a national government decision?
Q273D_KUW,1,w08,w08,w08,Which of the following actions would you think is least effective to influence a national government decision?,w08 questionnaire,unknown,,0,,w08,,,,,,,,,,,,,,,Q273D_KUW,Which of the following actions would you think is least effective to influence a national government decision?
Q274C,1,w07,w07,w07,Q274C. Do you have a source of electricity other than electricity provided by the government?,w07 release label,unknown,,0,,,,,,,,,,,,,,,Q274C,Q274C. Do you have a source of electricity other than electricity provided by the government?,,
Q275,1,w07,w07,w07,"Q275. Compared with other systems in the world, would you say",w07 release label,unknown,,0,,,,,,,,,,,,,,,Q275,"Q275. Compared with other systems in the world, would you say",,
Q277_1,1,w08,w08,w08,Q277_1 Robberies,w08 release label,unknown,,0,,,,,,,,,,,,,,,,,Q277_1,Q277_1 Robberies
Q277_2,1,w08,w08,w08,Q277_2 Street violence and fights,w08 release label,unknown,,0,,,,,,,,,,,,,,,,,Q277_2,Q277_2 Street violence and fights
Q301BGCC,1,w05,w05,w05,Did you vote in the last municipal council elections [OMAN: SHURA COUNCIL ELECTI,w05 release label,unknown,,0,,,,,,,Q301BGCC,Did you vote in the last municipal council elections [OMAN: SHURA COUNCIL ELECTI,,,,,,,,,,
Q303B_1,1,w08,w08,w08,Q303B_1 Votes are counted fairly,w08 release label,unknown,,0,,,,,,,,,,,,,,,,,Q303B_1,Q303B_1 Votes are counted fairly
Q303B_2,1,w08,w08,w08,Q303B_2 Voters are bribed,w08 release label,unknown,,0,,,,,,,,,,,,,,,,,Q303B_2,Q303B_2 Voters are bribed
Q303B_3,1,w08,w08,w08,Q303B_3Voters are offered a genuine choice in elections,w08 release label,unknown,,0,,,,,,,,,,,,,,,,,Q303B_3,Q303B_3Voters are offered a genuine choice in elections
Q3041,1,w02,w02,w02,"q3041 In general, to what extent is it important to you that [Insert] in deciding who to vote for in elections, whether the parliamentary, municipal or local elections? 1. That the candidate is from your family/tribe (relatives)",w02 release label,unknown,,0,,,q3041,"q3041 In general, to what extent is it important to you that [Insert] in deciding who to vote for in elections, whether the parliamentary, municipal or local elections? 1. That the candidate is from your family/tribe (relatives)",,,,,,,,,,,,,,
Q3042,1,w02,w02,w02,"q3042 In general, to what extent is it important to you that [Insert] in deciding who to vote for in elections, whether the parliamentary, municipal or local elections? 2. The candidate’s political party or affiliation",w02 release label,unknown,,0,,,q3042,"q3042 In general, to what extent is it important to you that [Insert] in deciding who to vote for in elections, whether the parliamentary, municipal or local elections? 2. The candidate’s political party or affiliation",,,,,,,,,,,,,,
Q3043,1,w02,w02,w02,"q3043 In general, to what extent is it important to you that [Insert] in deciding who to vote for in elections, whether the parliamentary, municipal or local elections? 3. The candidate’s level of education",w02 release label,unknown,,0,,,q3043,"q3043 In general, to what extent is it important to you that [Insert] in deciding who to vote for in elections, whether the parliamentary, municipal or local elections? 3. The candidate’s level of education",,,,,,,,,,,,,,
Q3044,1,w02,w02,w02,"q3044 In general, to what extent is it important to you that [Insert] in deciding who to vote for in elections, whether the parliamentary, municipal or local elections? 4. The candidate’s religiosity",w02 release label,unknown,,0,,,q3044,"q3044 In general, to what extent is it important to you that [Insert] in deciding who to vote for in elections, whether the parliamentary, municipal or local elections? 4. The candidate’s religiosity",,,,,,,,,,,,,,
Q3045,1,w02,w02,w02,"q3045 In general, to what extent is it important to you that [Insert] in deciding who to vote for in elections, whether the parliamentary, municipal or local elections? 5. The extent to which you agree with the candidate about issues that are important to",w02 release label,unknown,,0,,,q3045,"q3045 In general, to what extent is it important to you that [Insert] in deciding who to vote for in elections, whether the parliamentary, municipal or local elections? 5. The extent to which you agree with the candidate about issues that are important to",,,,,,,,,,,,,,
Q3046,1,w02,w02,w02,"q3046 In general, to what extent is it important to you that [Insert] in deciding who to vote for in elections, whether the parliamentary, municipal or local elections? 6. The candidate’s social status",w02 release label,unknown,,0,,,q3046,"q3046 In general, to what extent is it important to you that [Insert] in deciding who to vote for in elections, whether the parliamentary, municipal or local elections? 6. The candidate’s social status",,,,,,,,,,,,,,
Q3047,1,w02,w02,w02,"q3047 In general, to what extent is it important to you that [Insert] in deciding who to vote for in elections, whether the parliamentary, municipal or local elections? 7. The candidate’s wealth",w02 release label,unknown,,0,,,q3047,"q3047 In general, to what extent is it important to you that [Insert] in deciding who to vote for in elections, whether the parliamentary, municipal or local elections? 7. The candidate’s wealth",,,,,,,,,,,,,,
Q305,1,w02,w02,w02,q305 Which of the factors mentioned in the previous question is the most important?,w02 release label,unknown,,0,,,q305,q305 Which of the factors mentioned in the previous question is the most important?,,,,,,,,,,,,,,
Q3061,1,w02,w02,w02,q3061 I want to ask about your opinion regarding the role of parliament in forming certain public policies. To what extent do you that think parliament (the elected council of representatives) has a role in the formation of [Insert] policies? 1. Economic,w02 release label,unknown,,0,,,q3061,q3061 I want to ask about your opinion regarding the role of parliament in forming certain public policies. To what extent do you that think parliament (the elected council of representatives) has a role in the formation of [Insert] policies? 1. Economic,,,,,,,,,,,,,,
Q3062,1,w02,w02,w02,q3062 I want to ask about your opinion regarding the role of parliament in forming certain public policies. To what extent do you that think parliament (the elected council of representatives) has a role in the formation of [Insert] policies? 2. Social,w02 release label,unknown,,0,,,q3062,q3062 I want to ask about your opinion regarding the role of parliament in forming certain public policies. To what extent do you that think parliament (the elected council of representatives) has a role in the formation of [Insert] policies? 2. Social,,,,,,,,,,,,,,
Q3063,1,w02,w02,w02,q3063 I want to ask about your opinion regarding the role of parliament in forming certain public policies. To what extent do you that think parliament (the elected council of representatives) has a role in the formation of [Insert] policies? 3. Foreign,w02 release label,unknown,,0,,,q3063,q3063 I want to ask about your opinion regarding the role of parliament in forming certain public policies. To what extent do you that think parliament (the elected council of representatives) has a role in the formation of [Insert] policies? 3. Foreign,,,,,,,,,,,,,,
Q4011,1,w02,w02,w02,q4011 To what extent do you think that the local media is [Insert] currently? 1. Fair and honest in presenting the news,w02 release label,unknown,,0,,,q4011,q4011 To what extent do you think that the local media is [Insert] currently? 1. Fair and honest in presenting the news,,,,,,,,,,,,,,
Q4012,1,w02,w02,w02,q4012 To what extent do you think that the local media is [Insert] currently? 2. Presents different opinions,w02 release label,unknown,,0,,,q4012,q4012 To what extent do you think that the local media is [Insert] currently? 2. Presents different opinions,,,,,,,,,,,,,,
Q4013,1,w02,w02,w02,q4013 To what extent do you think that the local media is [Insert] currently? 3. Conveys citizens’ problems to officials,w02 release label,unknown,,0,,,q4013,q4013 To what extent do you think that the local media is [Insert] currently? 3. Conveys citizens’ problems to officials,,,,,,,,,,,,,,
Q402,1,w02,w02,w02,q402 Do you think that the government in your country blocks media coverage of the activities and positions of the opposition in the daily press?,w02 release label,unknown,,0,,,q402,q402 Do you think that the government in your country blocks media coverage of the activities and positions of the opposition in the daily press?,,,,,,,,,,,,,,
Q405,1,w02,w02,w02,q405 To what extent do you follow political news in your country?,w02 release label,unknown,,0,,,q405,q405 To what extent do you follow political news in your country?,,,,,,,,,,,,,,
Q4063,1,w02,w02,w02,"q4063 In general, do you follow political news through [Insert]? 3. The weekly press",w02 release label,unknown,,0,,,q4063,"q4063 In general, do you follow political news through [Insert]? 3. The weekly press",,,,,,,,,,,,,,
Q4064,1,w02,w02,w02,"q4064 In general, do you follow political news through [Insert]? 4. The radio",w02 release label,unknown,,0,,,q4064,"q4064 In general, do you follow political news through [Insert]? 4. The radio",,,,,,,,,,,,,,
Q4065,1,w02,w02,w02,"q4065 In general, do you follow political news through [Insert]? 5. The internet",w02 release label,unknown,,0,,,q4065,"q4065 In general, do you follow political news through [Insert]? 5. The internet",,,,,,,,,,,,,,
Q407,1,w02,w02,w02,q407 Which of the following sources is most trustworthy with regard to local political news?,w02 release label,unknown,,0,,,q407,q407 Which of the following sources is most trustworthy with regard to local political news?,,,,,,,,,,,,,,
Q408,1,w02,w02,w02,q408 Identify the source,w02 release label,unknown,,0,,,q408,q408 Identify the source,,,,,,,,,,,,,,
Q409_NEW,1,w06p2,w06p2,w06p2,Q409NEW.How often do you use a VPN or proxy IP address when using the Internet?,w06p2 release label,unknown,,0,,,,,,,,,,,Q409_NEW,Q409NEW.How often do you use a VPN or proxy IP address when using the Internet?,,,,,,
Q4103,1,w02,w02,w02,q4103 Do you use the internet in order to [Insert]? 3. Find out about opposing political opinions in your country,w02 release label,unknown,,0,,,q4103,q4103 Do you use the internet in order to [Insert]? 3. Find out about opposing political opinions in your country,,,,,,,,,,,,,,
Q4113,1,w04,w04,w04,,,unknown,,0,,,,,q4113,,,,,,,,,,,,,
Q4114,1,w04,w04,w04,,,unknown,,0,,,,,q4114,,,,,,,,,,,,,
Q4116,1,w04,w04,w04,,,unknown,,0,,,,,q4116,,,,,,,,,,,,,
Q412A10,1,w05,w05,w05,MEDIA USAGE: SOCIAL MEDIA: SNAPCHAT,w05 release label,unknown,,0,,,,,,,Q412A10,MEDIA USAGE: SOCIAL MEDIA: SNAPCHAT,,,,,,,,,,
Q412A14,1,w05,w05,w05,MEDIA USAGE: SOCIAL MEDIA: OTHER,w05 release label,unknown,,0,,,,,,,Q412A14,MEDIA USAGE: SOCIAL MEDIA: OTHER,,,,,,,,,,
Q412A3,1,w05,w05,w05,MEDIA USAGE: SOCIAL MEDIA: FACEBOOK,w05 release label,unknown,,0,,,,,,,Q412A3,MEDIA USAGE: SOCIAL MEDIA: FACEBOOK,,,,,,,,,,
Q412A4,1,w05,w05,w05,MEDIA USAGE: SOCIAL MEDIA: TWITTER,w05 release label,unknown,,0,,,,,,,Q412A4,MEDIA USAGE: SOCIAL MEDIA: TWITTER,,,,,,,,,,
Q412A6,1,w05,w05,w05,MEDIA USAGE: SOCIAL MEDIA: INSTAGRAM,w05 release label,unknown,,0,,,,,,,Q412A6,MEDIA USAGE: SOCIAL MEDIA: INSTAGRAM,,,,,,,,,,
Q412A7,1,w05,w05,w05,MEDIA USAGE: SOCIAL MEDIA: YOUTUBE,w05 release label,unknown,,0,,,,,,,Q412A7,MEDIA USAGE: SOCIAL MEDIA: YOUTUBE,,,,,,,,,,
Q412A8,1,w05,w05,w05,MEDIA USAGE: SOCIAL MEDIA: WHATSAPP,w05 release label,unknown,,0,,,,,,,Q412A8,MEDIA USAGE: SOCIAL MEDIA: WHATSAPP,,,,,,,,,,
Q412A9,1,w05,w05,w05,MEDIA USAGE: SOCIAL MEDIA: TELEGRAM,w05 release label,unknown,,0,,,,,,,Q412A9,MEDIA USAGE: SOCIAL MEDIA: TELEGRAM,,,,,,,,,,
Q412A98,1,w05,w05,w05,MEDIA USAGE: SOCIAL MEDIA: DON'T KNOW,w05 release label,unknown,,0,,,,,,,Q412A98,MEDIA USAGE: SOCIAL MEDIA: DON'T KNOW,,,,,,,,,,
Q412A99,1,w05,w05,w05,MEDIA USAGE: SOCIAL MEDIA: REFUSED,w05 release label,unknown,,0,,,,,,,Q412A99,MEDIA USAGE: SOCIAL MEDIA: REFUSED,,,,,,,,,,
Q412A_13,1,w08,w08,w08,Mastodon,w08 release label,unknown,,0,,,,,,,,,,,,,,,,,Q412A_13,Mastodon
Q412A_14,1,w08,w08,w08,BeReal,w08 release label,unknown,,0,,,,,,,,,,,,,,,,,Q412A_14,BeReal
Q412A_90,1,w08,w08,w08,Other,w08 release label,unknown,,0,,,,,,,,,,,,,,,,,Q412A_90,Other
Q423_1,1,w05,w05,w05,MEDIA USAGE: WATCHING TV,w05 release label,unknown,,0,,,,,,,Q423_1,MEDIA USAGE: WATCHING TV,,,,,,,,,,
Q423_2,1,w05,w05,w05,MEDIA USAGE: LISTINGING TO RADIO,w05 release label,unknown,,0,,,,,,,Q423_2,MEDIA USAGE: LISTINGING TO RADIO,,,,,,,,,,
Q423_3,1,w05,w05,w05,MEDIA USAGE: READING PRINT EDITION OF NEWSPAPER,w05 release label,unknown,,0,,,,,,,Q423_3,MEDIA USAGE: READING PRINT EDITION OF NEWSPAPER,,,,,,,,,,
Q425_2,1,w07,w07,w07,Q425_2. Finding out about political events taking place in your country,w07 release label,unknown,,0,,,,,,,,,,,,,,,Q425_2,Q425_2. Finding out about political events taking place in your country,,
Q425_4,1,w07,w07,w07,Q425_4. Express your opinion about political issues,w07 release label,unknown,,0,,,,,,,,,,,,,,,Q425_4,Q425_4. Express your opinion about political issues,,
Q427,1,w07,w07,w07,Q427 How often do you watch Arabic language comedy or political satire shows?,w07 release label,unknown,,0,,,,,,,,,,,,,,,Q427,Q427 How often do you watch Arabic language comedy or political satire shows?,,
Q428A,1,w07,w07,w07,Q428A Which news outlet do you think is the best source for news?,w07 release label,unknown,,0,,,,,,,,,,,,,,,Q428A,Q428A Which news outlet do you think is the best source for news?,,
Q429A,1,w07,w07,w07,Q429A Which news outlet do you think is the worst source for news?,w07 release label,unknown,,0,,,,,,,,,,,,,,,Q429A,Q429A Which news outlet do you think is the worst source for news?,,
Q429B,1,w07,w07,w07,Q429B. Which of the following factors best explains why you think it is the worst source for news?,w07 release label,unknown,,0,,,,,,,,,,,,,,,Q429B,Q429B. Which of the following factors best explains why you think it is the worst source for news?,,
Q430_1,1,w07,w07,w07,"Q430_1. To what extent, if at all, would you say you follow the conflict in Syria",w07 release label,unknown,,0,,,,,,,,,,,,,,,Q430_1,"Q430_1. To what extent, if at all, would you say you follow the conflict in Syria",,
Q430_2,1,w07,w07,w07,"Q430_2. To what extent, if at all, would you say you follow the Abraham Accords",w07 release label,unknown,,0,,,,,,,,,,,,,,,Q430_2,"Q430_2. To what extent, if at all, would you say you follow the Abraham Accords",,
Q430_3,1,w07,w07,w07,"Q430_3. To what extent, if at all, would you say you follow the US sanctions against Iran",w07 release label,unknown,,0,,,,,,,,,,,,,,,Q430_3,"Q430_3. To what extent, if at all, would you say you follow the US sanctions against Iran",,
Q430_4,1,w07,w07,w07,Q430_4. The treatment of Uyghurs and other Muslim minorities in China,w07 release label,unknown,,0,,,,,,,,,,,,,,,Q430_4,Q430_4. The treatment of Uyghurs and other Muslim minorities in China,,
Q431_1A,1,w08,w08,w08,Q431_1A. Your government monitoring your online activity,w08 release label,unknown,,0,,,,,,,,,,,,,,,,,Q431_1A,Q431_1A. Your government monitoring your online activity
Q431_1B,1,w08,w08,w08,Q431_1B. A foreign government monitoring your online activity,w08 release label,unknown,,0,,,,,,,,,,,,,,,,,Q431_1B,Q431_1B. A foreign government monitoring your online activity
Q431_2,1,w08,w08,w08,Q431_2. Social media platforms themselves censoring your online activity,w08 release label,unknown,,0,,,,,,,,,,,,,,,,,Q431_2,Q431_2. Social media platforms themselves censoring your online activity
Q432B,1,w08,w08,w08,Q432B. What is the main topic that social media influencers you follow talk about most of the time?,w08 release label,unknown,,0,,,,,,,,,,,,,,,,,Q432B,Q432B. What is the main topic that social media influencers you follow talk about most of the time?
Q432_1,1,w08,w08,w08,Clicking like on or sharing their updates,w08 release label,unknown,,0,,,,,,,,,,,,,,,,,Q432_1,Clicking like on or sharing their updates
Q432_2,1,w08,w08,w08,Subscribe to their accounts/channels,w08 release label,unknown,,0,,,,,,,,,,,,,,,,,Q432_2,Subscribe to their accounts/channels
Q432_3,1,w08,w08,w08,Comment or ask questions about their posts,w08 release label,unknown,,0,,,,,,,,,,,,,,,,,Q432_3,Comment or ask questions about their posts
Q432_4,1,w08,w08,w08,Try products/services they recommend,w08 release label,unknown,,0,,,,,,,,,,,,,,,,,Q432_4,Try products/services they recommend
Q432_5,1,w08,w08,w08,"Adopt their political, religious, or cultural views",w08 release label,unknown,,0,,,,,,,,,,,,,,,,,Q432_5,"Adopt their political, religious, or cultural views"
Q432_97,1,w08,w08,w08,I do not interact with social media influencers,w08 release label,unknown,,0,,,,,,,,,,,,,,,,,Q432_97,I do not interact with social media influencers
Q432_98,1,w08,w08,w08,Don’t know,w08 release label,unknown,,0,,,,,,,,,,,,,,,,,Q432_98,Don’t know
Q432_99,1,w08,w08,w08,Refused to answer,w08 release label,unknown,,0,,,,,,,,,,,,,,,,,Q432_99,Refused to answer
Q4COVID19_1,1,w06p1,w06p1,w06p1,Q4COVID19_1.Visited family that lives in a different house,w06p1 release label,unknown,,0,,,,,,,,,Q4COVID19_1,Q4COVID19_1.Visited family that lives in a different house,,,,,,,,
Q4COVID19_2,1,w06p1,w06p1,w06p1,Q4COVID19_2.Volunteered to help others,w06p1 release label,unknown,,0,,,,,,,,,Q4COVID19_2,Q4COVID19_2.Volunteered to help others,,,,,,,,
Q4COVID19_3,1,w06p1,w06p1,w06p1,Q4COVID19_3.Practiced social distancing,w06p1 release label,unknown,,0,,,,,,,,,Q4COVID19_3,Q4COVID19_3.Practiced social distancing,,,,,,,,
Q4COVID19_4,1,w06p1,w06p1,w06p1,Q4COVID19_4.Worn a facemask in public,w06p1 release label,unknown,,0,,,,,,,,,Q4COVID19_4,Q4COVID19_4.Worn a facemask in public,,,,,,,,
Q5011,1,w02,w02,w02,q5011 Are you a member of [Insert] 1. A political party,w02 release label,unknown,,0,,,q5011,q5011 Are you a member of [Insert] 1. A political party,,,,,,,,,,,,,,
Q5012,1,w02,w02,w02,q5012 Are you a member of [Insert] 2. A charitable society,w02 release label,unknown,,0,,,q5012,q5012 Are you a member of [Insert] 2. A charitable society,,,,,,,,,,,,,,
Q5013,1,w02,w02,w02,q5013 Are you a member of [Insert] 3. A professional association/trade union,w02 release label,unknown,,0,,,q5013,q5013 Are you a member of [Insert] 3. A professional association/trade union,,,,,,,,,,,,,,
Q5014,1,w02,w02,w02,q5014 Are you a member of [Insert] 4. A youth / cultural / sports organization,w02 release label,unknown,,0,,,q5014,q5014 Are you a member of [Insert] 4. A youth / cultural / sports organization,,,,,,,,,,,,,,
Q5015,1,w02,w02,w02,q5015 Are you a member of [Insert] 5. A family/tribal association,w02 release label,unknown,,0,,,q5015,q5015 Are you a member of [Insert] 5. A family/tribal association,,,,,,,,,,,,,,
Q5016,1,w02,w02,w02,q5016 Are you a member of [Insert] 6. A local development association,w02 release label,unknown,,0,,,q5016,q5016 Are you a member of [Insert] 6. A local development association,,,,,,,,,,,,,,
Q5017,1,w02,w02,w02,q5017 Are you a member of [Insert] 7. A cooperative association,w02 release label,unknown,,0,,,q5017,q5017 Are you a member of [Insert] 7. A cooperative association,,,,,,,,,,,,,,
Q501A,1,w05,w05,w05,VOLUNTEERING: ORGANIZATION,w05 release label,unknown,,0,,,,,,,Q501A,VOLUNTEERING: ORGANIZATION,,,,,,,,,,
Q501B,1,w04,w04,w04,Are you a member of a political party? (Notasked in Qatar),w04 questionnaire,unknown,,0,,w04,,,q501b,Are you a member of a political party? (Notasked in Qatar),,,,,,,,,,,,
Q501B_1,1,w07,w07,w07,Q501B. What type of organization is it? : Civic organization,w07 release label,unknown,,0,,,,,,,,,,,,,,,Q501B_1,Q501B. What type of organization is it? : Civic organization,,
Q501B_2,1,w07,w07,w07,Q501B. What type of organization is it? : Religious organization,w07 release label,unknown,,0,,,,,,,,,,,,,,,Q501B_2,Q501B. What type of organization is it? : Religious organization,,
Q501B_3,1,w07,w07,w07,Q501B. What type of organization is it? : Other,w07 release label,unknown,,0,,,,,,,,,,,,,,,Q501B_3,Q501B. What type of organization is it? : Other,,
Q501B_98,1,w07,w07,w07,Q501B. What type of organization is it? :: Don’t know,w07 release label,unknown,,0,,,,,,,,,,,,,,,Q501B_98,Q501B. What type of organization is it? :: Don’t know,,
Q501B_99,1,w07,w07,w07,Q501B. What type of organization is it? :: Refused to answer,w07 release label,unknown,,0,,,,,,,,,,,,,,,Q501B_99,Q501B. What type of organization is it? :: Refused to answer,,
Q501C,1,w04,w04,w04,Name of political party (Not asked inQatar): Specify,w04 questionnaire,unknown,,0,,w04,,,q501c,Name of political party (Not asked inQatar): Specify,,,,,,,,,,,,
Q502_1,1,w05,w05,w05,NONELECTORAL PARTICIPATION: MEETING/PETITION,w05 release label,unknown,,0,,,,,,,Q502_1,NONELECTORAL PARTICIPATION: MEETING/PETITION,,,,,,,,,,
Q502_2,1,w05,w05,w05,NONELECTORAL PARTICIPATION: PROTEST,w05 release label,unknown,,0,,,,,,,Q502_2,NONELECTORAL PARTICIPATION: PROTEST,,,,,,,,,,
Q502_4,1,w05,w05,w05,NONELECTORAL PARTICIPATION: USE FORCE FOR POLITICAL CAUSE,w05 release label,unknown,,0,,,,,,,Q502_4,NONELECTORAL PARTICIPATION: USE FORCE FOR POLITICAL CAUSE,,,,,,,,,,
Q503A,1,w05,w05,w05,CLOSENESS: PARTY,w05 release label,unknown,,0,,,,,,,Q503A,CLOSENESS: PARTY,,,,,,,,,,
Q503A_1,1,w07,w07,w07,Q503A_1. Which party if any do you feel closest to?,w07 release label,unknown,,0,,,,,,,,,,,,,,,Q503A_1,Q503A_1. Which party if any do you feel closest to?,,
Q503A_2,1,w08,w08,w08,"Q503A_2 Which party, if any, do you feel closest to?",w08 release label,unknown,,0,,,,,,,,,,,,,,,,,Q503A_2,"Q503A_2 Which party, if any, do you feel closest to?"
Q503SY,1,w04,w04,w04,"Which of the existing Syrian parties is closest torepresenting your political, social and economicaspirations (Not asked in Qatar)? Specify",w04 questionnaire,unknown,,0,,w04,,,q503sy,"Which of the existing Syrian parties is closest torepresenting your political, social and economicaspirations (Not asked in Qatar)? Specify",,,,,,,,,,,,
Q504,1,w02,w02,w02,"q504 If you were to evaluate the state of democracy and human rights in your country today, would you say that they are...?",w02 release label,unknown,,0,,,q504,"q504 If you were to evaluate the state of democracy and human rights in your country today, would you say that they are...?",,,,,,,,,,,,,,
Q505,1,w02,w02,w02,"q505 Supposing there was a scale measuring the level of democracy between 0 and 10, in which 0 indicates no democracy whatsoever and 10 means that the state is democratic to the greatest extent possible. In your opinion, to what extent is Iran a democratic",w02 release label,unknown,,0,,,q505,"q505 Supposing there was a scale measuring the level of democracy between 0 and 10, in which 0 indicates no democracy whatsoever and 10 means that the state is democratic to the greatest extent possible. In your opinion, to what extent is Iran a democratic",,,,,,,,,,,,,,
Q505A,1,w05,w05,w05,PREFERENCE: RELIGIOUS VS NON-RELIGIOUS PARTY,w05 release label,unknown,,0,,,,,,,Q505A,PREFERENCE: RELIGIOUS VS NON-RELIGIOUS PARTY,,,,,,,,,,
Q506,1,w02,w02,w02,"q506 In your opinion, to what extent is Turkey a democratic country?",w02 release label,unknown,,0,,,q506,"q506 In your opinion, to what extent is Turkey a democratic country?",,,,,,,,,,,,,,
Q507,1,w02,w02,w02,"q507 In your opinion, to what extent is Saudi Arabia a democratic country?",w02 release label,unknown,,0,,,q507,"q507 In your opinion, to what extent is Saudi Arabia a democratic country?",,,,,,,,,,,,,,
Q508B,1,w08,w08,w08,"Q508B In your opinion, to what extent is Germany a democratic country?",w08 release label,unknown,,0,,,,,,,,,,,,,,,,,Q508B,"Q508B In your opinion, to what extent is Germany a democratic country?"
Q510,1,w02,w02,w02,"q510 In your opinion, to what extent is Israel a democratic country?",w02 release label,unknown,,0,,,q510,"q510 In your opinion, to what extent is Israel a democratic country?",,,,,,,,,,,,,,
Q511LEB,1,w04,w04,w04,"In your opinion, to what extent is your country democratic? (Lebanon only) 1 2 3 4 5 6 7 8 9 10Democratic to No democracy whatsoeverthe greatest extentpossible",w04 questionnaire,unknown,,0,,w04,,,q511leb,"In your opinion, to what extent is your country democratic? (Lebanon only) 1 2 3 4 5 6 7 8 9 10Democratic to No democracy whatsoeverthe greatest extentpossible",,,,,,,,,,,,
Q512A3_1,1,w06p2,w06p2,w06p2,Q512A3_1.People choose their leaders in free elections,w06p2 release label,unknown,,0,,,,,,,,,,,Q512A3_1,Q512A3_1.People choose their leaders in free elections,,,,,,
Q512A3_2,1,w06p2,w06p2,w06p2,"Q512A3_2.Basic necessities, like food, clothes and shelter, are provided for all",w06p2 release label,unknown,,0,,,,,,,,,,,Q512A3_2,"Q512A3_2.Basic necessities, like food, clothes and shelter, are provided for all",,,,,,
Q512A3_5,1,w06p2,w06p2,w06p2,Q512A3_5.All people have the same rights regardless of religion or ethnicity,w06p2 release label,unknown,,0,,,,,,,,,,,Q512A3_5,Q512A3_5.All people have the same rights regardless of religion or ethnicity,,,,,,
Q512LEB,1,w04,w04,w04,"Suppose there was a scale from 0-10 measuring the extent to which democracy is suitable for yourcountry, with 0 meaning that democracy is absolutely inappropriate for your country and 10meaning that democracy is completely appropriate for your country. To what extent do you think democracy is appropriate for your country? (Lebanon only) 1 2 3 4 5 6 7 8 9 10Completely Absolutelyappropriate inappropriate",w04 questionnaire,unknown,,0,,w04,,,q512leb,"Suppose there was a scale from 0-10 measuring the extent to which democracy is suitable for yourcountry, with 0 meaning that democracy is absolutely inappropriate for your country and 10meaning that democracy is completely appropriate for your country. To what extent do you think democracy is appropriate for your country? (Lebanon only) 1 2 3 4 5 6 7 8 9 10Completely Absolutelyappropriate inappropriate",,,,,,,,,,,,
Q513LEB,1,w04,w04,w04,,,unknown,,0,,,,,q513leb,,,,,,,,,,,,,
Q514A_AE,1,w07,w07,w07,"Q514A_AE. There is talk about reform in our country. Do you think we should introduce reforms little by little, all at once, or should there be no reforms at all?",w07 release label,unknown,,0,,,,,,,,,,,,,,,Q514A_AE,"Q514A_AE. There is talk about reform in our country. Do you think we should introduce reforms little by little, all at once, or should there be no reforms at all?",,
Q5151,1,w02,w02,w02,"q5151 There is a difference in opinion among people regarding the most important features of democracy. If you had to choose one, which of the following features would you say is the most important?",w02 release label,unknown,,0,,,q5151,"q5151 There is a difference in opinion among people regarding the most important features of democracy. If you had to choose one, which of the following features would you say is the most important?",,,,,,,,,,,,,,
Q5152,1,w02,w02,w02,q5152 There is a difference in opinion among people regarding the most important features of democracy. Which of the following features would you say is the second most important?,w02 release label,unknown,,0,,,q5152,q5152 There is a difference in opinion among people regarding the most important features of democracy. Which of the following features would you say is the second most important?,,,,,,,,,,,,,,
Q515A1,1,w04,w04,w04,"Many things may be desirable, but not all of themare essential characteristics of democracy. If youhave to choose only one from each four sets ofstatements that I am going to read, which onewould you choose as the most essentialcharacteristics of a democracy?",w04 questionnaire,unknown,,0,,w04,,,q515a1,"Many things may be desirable, but not all of themare essential characteristics of democracy. If youhave to choose only one from each four sets ofstatements that I am going to read, which onewould you choose as the most essentialcharacteristics of a democracy?",,,,,,,,,,,,
Q515A3,1,w04,w04,w04,"Many things may be desirable, but not all of themare essential characteristics of democracy. If youhave to choose only one from each four sets ofstatements that I am going to read, which onewould you choose as the most essentialcharacteristics of a democracy?",w04 questionnaire,unknown,,0,,w04,,,q515a3,"Many things may be desirable, but not all of themare essential characteristics of democracy. If youhave to choose only one from each four sets ofstatements that I am going to read, which onewould you choose as the most essentialcharacteristics of a democracy?",,,,,,,,,,,,
Q5167,1,w02,w02,w02,q5167 To what extent do you agree or disagree with the following statements? 7. Democracy negatively affects social and ethical values in your country,w02 release label,unknown,,0,,,q5167,q5167 To what extent do you agree or disagree with the following statements? 7. Democracy negatively affects social and ethical values in your country,,,,,,,,,,,,,,
Q516B_1,1,w08,w08,w08,"Q516B_1 Under a non-democratic system, the country’s economic performance is weak",w08 release label,unknown,,0,,,,,,,,,,,,,,,,,Q516B_1,"Q516B_1 Under a non-democratic system, the country’s economic performance is weak"
Q516B_2,1,w08,w08,w08,Q516B_2 Non-democratic regimes are indecisive and full of problems,w08 release label,unknown,,0,,,,,,,,,,,,,,,,,Q516B_2,Q516B_2 Non-democratic regimes are indecisive and full of problems
Q516B_3,1,w08,w08,w08,Q516B_3 Non-democratic systems are not effective at maintaining order and stability,w08 release label,unknown,,0,,,,,,,,,,,,,,,,,Q516B_3,Q516B_3 Non-democratic systems are not effective at maintaining order and stability
Q516B_4,1,w08,w08,w08,"Q516B_4 Non-democratic systems may have problems, yet they are better than other systems",w08 release label,unknown,,0,,,,,,,,,,,,,,,,,Q516B_4,"Q516B_4 Non-democratic systems may have problems, yet they are better than other systems"
Q5171,1,w02,w02,w02,"q5171 I will describe different political systems to you – for each one would you say it is very good, good, bad, or very bad? 1. A democratic political system (public freedoms, guarantees equality in political and civil rights, alternation of power, and",w02 release label,unknown,,0,,,q5171,"q5171 I will describe different political systems to you – for each one would you say it is very good, good, bad, or very bad? 1. A democratic political system (public freedoms, guarantees equality in political and civil rights, alternation of power, and",,,,,,,,,,,,,,
Q5172,1,w02,w02,w02,"q5172 I will describe different political systems to you– for each one would you say it is very good, good, bad, or very bad? 2. A political system with an authoritarian president (non-democratic) who is indifferent to parliament and elections",w02 release label,unknown,,0,,,q5172,"q5172 I will describe different political systems to you– for each one would you say it is very good, good, bad, or very bad? 2. A political system with an authoritarian president (non-democratic) who is indifferent to parliament and elections",,,,,,,,,,,,,,
Q5173,1,w02,w02,w02,"q5173 I will describe different political systems to you– for each one would you say it is very good, good, bad, or very bad? 3. A political system controlled by experts who make decisions that they think are most appropriate for the country",w02 release label,unknown,,0,,,q5173,"q5173 I will describe different political systems to you– for each one would you say it is very good, good, bad, or very bad? 3. A political system controlled by experts who make decisions that they think are most appropriate for the country",,,,,,,,,,,,,,
Q5186,1,w04,w04,w04,,,unknown,,0,,,,,q5186,,,,,,,,,,,,,
Q518_1,1,w08,w08,w08,"Q518_1 A parliamentary system in which nationalist, left wing, right wing, and Islamist parties compete in parliamentary elections",w08 release label,unknown,,0,,,,,,,,,,,,,,,,,Q518_1,"Q518_1 A parliamentary system in which nationalist, left wing, right wing, and Islamist parties compete in parliamentary elections"
Q518_3,1,w08,w08,w08,Q518_3 A political system governed by a strong authority which makes decisions without considering electoral results or the opinions of the opposition,w08 release label,unknown,,0,,,,,,,,,,,,,,,,,Q518_3,Q518_3 A political system governed by a strong authority which makes decisions without considering electoral results or the opinions of the opposition
Q518_4,1,w08,w08,w08,Q518A_4 A system governed by Islamic law in which there are no political parties or elections,w08 release label,unknown,,0,,,,,,,,,,,,,,,,,Q518_4,Q518A_4 A system governed by Islamic law in which there are no political parties or elections
Q518_6,1,w08,w08,w08,Q518_6 A government that provides for the needs of its citizens without giving them the right to participate in the political process,w08 release label,unknown,,0,,,,,,,,,,,,,,,,,Q518_6,Q518_6 A government that provides for the needs of its citizens without giving them the right to participate in the political process
Q5191,1,w02,w02,w02,q5191 Please identify the extent of your agreement or disagreement with each of these statements. 1. Citizens have the ability to influence government policies,w02 release label,unknown,,0,,,q5191,q5191 Please identify the extent of your agreement or disagreement with each of these statements. 1. Citizens have the ability to influence government policies,,,,,,,,,,,,,,
Q5192,1,w02,w02,w02,q5192 Please identify the extent of your agreement or disagreement with each of these statements. 2. The judiciary penalizes guilty persons even if they are senior officials in the government,w02 release label,unknown,,0,,,q5192,q5192 Please identify the extent of your agreement or disagreement with each of these statements. 2. The judiciary penalizes guilty persons even if they are senior officials in the government,,,,,,,,,,,,,,
Q5194,1,w02,w02,w02,q5194 Please identify the extent of your agreement or disagreement with each of these statements. 4. Citizens can join non- governmental organizations without fear,w02 release label,unknown,,0,,,q5194,q5194 Please identify the extent of your agreement or disagreement with each of these statements. 4. Citizens can join non- governmental organizations without fear,,,,,,,,,,,,,,
Q5201,1,w02,w02,w02,q5201 Arrange the following characteristics in order of their importance for a person to be qualified for political leadership in the country. 1. Previous political experience,w02 release label,unknown,,0,,,q5201,q5201 Arrange the following characteristics in order of their importance for a person to be qualified for political leadership in the country. 1. Previous political experience,,,,,,,,,,,,,,
Q5202,1,w02,w02,w02,q5202 Arrange the following characteristics in order of their importance for a person to be qualified for political leadership in the country. 2. Openness to political ideas,w02 release label,unknown,,0,,,q5202,q5202 Arrange the following characteristics in order of their importance for a person to be qualified for political leadership in the country. 2. Openness to political ideas,,,,,,,,,,,,,,
Q5203,1,w02,w02,w02,q5203 Arrange the following characteristics in order of their importance for a person to be qualified for political leadership in the country. 3. Hard work and extensive effort,w02 release label,unknown,,0,,,q5203,q5203 Arrange the following characteristics in order of their importance for a person to be qualified for political leadership in the country. 3. Hard work and extensive effort,,,,,,,,,,,,,,
Q5204,1,w02,w02,w02,q5204 Arrange the following characteristics in order of their importance for a person to be qualified for political leadership in the country. 4. The ability to speak publicly and communicate with people,w02 release label,unknown,,0,,,q5204,q5204 Arrange the following characteristics in order of their importance for a person to be qualified for political leadership in the country. 4. The ability to speak publicly and communicate with people,,,,,,,,,,,,,,
Q5206,1,w02,w02,w02,q5206 Arrange the following characteristics in order of their importance for a person to be qualified for political leadership in the country. 6. Integrity,w02 release label,unknown,,0,,,q5206,q5206 Arrange the following characteristics in order of their importance for a person to be qualified for political leadership in the country. 6. Integrity,,,,,,,,,,,,,,
Q5207,1,w02,w02,w02,q5207 Arrange the following characteristics in order of their importance for a person to be qualified for political leadership in the country. 7. Piety,w02 release label,unknown,,0,,,q5207,q5207 Arrange the following characteristics in order of their importance for a person to be qualified for political leadership in the country. 7. Piety,,,,,,,,,,,,,,
Q5208,1,w02,w02,w02,q5208 Arrange the following characteristics in order of their importance for a person to be qualified for political leadership in the country. 8. Supported and joined the events of the Egyptian revolution between January 25 and February 11,w02 release label,unknown,,0,,,q5208,q5208 Arrange the following characteristics in order of their importance for a person to be qualified for political leadership in the country. 8. Supported and joined the events of the Egyptian revolution between January 25 and February 11,,,,,,,,,,,,,,
Q5216,1,w02,w02,w02,q5216 To what extent do you think that [Insert] is guaranteed in your country? 6. Freedom to sue the government and its agencies,w02 release label,unknown,,0,,,q5216,q5216 To what extent do you think that [Insert] is guaranteed in your country? 6. Freedom to sue the government and its agencies,,,,,,,,,,,,,,
Q5217,1,w02,w02,w02,"q5217 To what extent do you think that [Insert] is guaranteed in your country? 7. Freedom to vote (parliamentary, municipal and provincial elections)",w02 release label,unknown,,0,,,q5217,"q5217 To what extent do you think that [Insert] is guaranteed in your country? 7. Freedom to vote (parliamentary, municipal and provincial elections)",,,,,,,,,,,,,,
Q521A_3,1,w05,w05,w05,DIS/AGREEMENT: MORE TRUST INFORMATION ON SOCIAL MEDIA THAN TRADITIONAL MEDIA,w05 release label,unknown,,0,,,,,,,Q521A_3,DIS/AGREEMENT: MORE TRUST INFORMATION ON SOCIAL MEDIA THAN TRADITIONAL MEDIA,,,,,,,,,,
Q521A_4,1,w05,w05,w05,DIS/AGREEMENT: WELL INFORMED ABOUT POLITICS,w05 release label,unknown,,0,,,,,,,Q521A_4,DIS/AGREEMENT: WELL INFORMED ABOUT POLITICS,,,,,,,,,,
Q521_5,1,w05,w05,w05,GUARANTEED FREEDOMS: CIVIL ASSOCIATIONS,w05 release label,unknown,,0,,,,,,,Q521_5,GUARANTEED FREEDOMS: CIVIL ASSOCIATIONS,,,,,,,,,,
Q5221,1,w02,w02,w02,q5221 Can you tell me the name of [Insert]? 1. The foreign minister,w02 release label,unknown,,0,,,q5221,q5221 Can you tell me the name of [Insert]? 1. The foreign minister,,,,,,,,,,,,,,
Q5222,1,w02,w02,w02,q5222 Can you tell me the name of [Insert]? 2. The speaker of the house,w02 release label,unknown,,0,,,q5222,q5222 Can you tell me the name of [Insert]? 2. The speaker of the house,,,,,,,,,,,,,,
Q5223,1,w02,w02,w02,q5223 Can you tell me the name of [Insert]? 3. The minister of the interior,w02 release label,unknown,,0,,,q5223,q5223 Can you tell me the name of [Insert]? 3. The minister of the interior,,,,,,,,,,,,,,
Q5224,1,w02,w02,w02,q5224 Can you tell me the name of [Insert]? 4. Mayor/governor,w02 release label,unknown,,0,,,q5224,q5224 Can you tell me the name of [Insert]? 4. Mayor/governor,,,,,,,,,,,,,,
Q523A,1,w04,w04,w04,Do you think there is any type of human rightviolations committed by the government takingplace in our country?,w04 questionnaire,unknown,,0,,w04,,,q523a,Do you think there is any type of human rightviolations committed by the government takingplace in our country?,,,,,,,,,,,,
Q523GCC,1,w05,w05,w05,To what degree would you agree that a country is justified in violating human ri,w05 release label,unknown,,0,,,,,,,Q523GCC,To what degree would you agree that a country is justified in violating human ri,,,,,,,,,,
Q5241,1,w02,w02,w02,"q5241 An anti-terrorism law was issued in some Arab countries, and I would like to know your opinion of this law. To what extent do you think that enforcing this law contributes to (Insert) 1. Combating terrorism",w02 release label,unknown,,0,,,q5241,"q5241 An anti-terrorism law was issued in some Arab countries, and I would like to know your opinion of this law. To what extent do you think that enforcing this law contributes to (Insert) 1. Combating terrorism",,,,,,,,,,,,,,
Q5242,1,w02,w02,w02,"q5242 An anti-terrorism law was issued in some Arab countries, and I would like to know your opinion of this law. To what extent do you think that enforcing this law contributes to (Insert) 2. Violating the public freedoms of citizens",w02 release label,unknown,,0,,,q5242,"q5242 An anti-terrorism law was issued in some Arab countries, and I would like to know your opinion of this law. To what extent do you think that enforcing this law contributes to (Insert) 2. Violating the public freedoms of citizens",,,,,,,,,,,,,,
Q5243,1,w02,w02,w02,"q5243 An anti-terrorism law was issued in some Arab countries, and I would like to know your opinion of this law. To what extent do you think that enforcing this law contributes to (Insert) 3. Limiting the peaceful activities of the opposition",w02 release label,unknown,,0,,,q5243,"q5243 An anti-terrorism law was issued in some Arab countries, and I would like to know your opinion of this law. To what extent do you think that enforcing this law contributes to (Insert) 3. Limiting the peaceful activities of the opposition",,,,,,,,,,,,,,
Q531,1,w06p2,w06p2,w06p2,"Q531 In your opinion, how much value do you think there is in listening to peopl",w06p2 release label,unknown,,0,,,,,,,,,,,Q531,"Q531 In your opinion, how much value do you think there is in listening to peopl",,,,,,
Q532,1,w06p2,w06p2,w06p2,Q532 How important do you think it is to have a popular leader who appeals to th,w06p2 release label,unknown,,0,,,,,,,,,,,Q532,Q532 How important do you think it is to have a popular leader who appeals to th,,,,,,
Q532A,1,w07,w07,w07,"Q532A. During the past year, did you participate in an in-person protest",w07 release label,unknown,,0,,,,,,,,,,,,,,,Q532A,"Q532A. During the past year, did you participate in an in-person protest",,
Q533_3,1,w07,w07,w07,"Q533_3. As long as a government can solve our country’s economic problems, it does not matter what kind of government we have",w07 release label,unknown,,0,,,,,,,,,,,,,,,Q533_3,"Q533_3. As long as a government can solve our country’s economic problems, it does not matter what kind of government we have",,
Q534_3,1,w08,w08,w08,Q534_3. Sending text messages on a mobile phone,w08 release label,unknown,,0,,,,,,,,,,,,,,,,,Q534_3,Q534_3. Sending text messages on a mobile phone
Q534_4,1,w08,w08,w08,Q534_4. Using an online chatting or messenger service (like WhatsApp or Facebook Messenger),w08 release label,unknown,,0,,,,,,,,,,,,,,,,,Q534_4,Q534_4. Using an online chatting or messenger service (like WhatsApp or Facebook Messenger)
Q534_5,1,w08,w08,w08,Q534_5. Sending an email,w08 release label,unknown,,0,,,,,,,,,,,,,,,,,Q534_5,Q534_5. Sending an email
Q536_2,1,w07,w07,w07,"Q536_2. 'During a public emergency, is it justifiable to limit freedom of speech?'",w07 release label,unknown,,0,,,,,,,,,,,,,,,Q536_2,"Q536_2. 'During a public emergency, is it justifiable to limit freedom of speech?'",,
Q536_4,1,w07,w07,w07,"Q536_4. During a public emergency, is it justifiable to censor the media?",w07 release label,unknown,,0,,,,,,,,,,,,,,,Q536_4,"Q536_4. During a public emergency, is it justifiable to censor the media?",,
Q537,1,w07,w07,w07,Q537. Who is your biggest role model?,w07 release label,unknown,,0,,,,,,,,,,,,,,,Q537,Q537. Who is your biggest role model?,,
Q537A,1,w08,w08,w08,Q537 How would you rate the state of democracy in now compared with before the Arab Spring protests of 2010-2011?,w08 release label,unknown,,0,,,,,,,,,,,,,,,,,Q537A,Q537 How would you rate the state of democracy in now compared with before the Arab Spring protests of 2010-2011?
Q538_2,1,w07,w07,w07,Q538_2. How frequently do you do the following,w07 release label,unknown,,0,,,,,,,,,,,,,,,Q538_2,Q538_2. How frequently do you do the following,,
Q539_2,1,w07,w07,w07,Q539_2. Reason for recycling plastic or glass bottles,w07 release label,unknown,,0,,,,,,,,,,,,,,,Q539_2,Q539_2. Reason for recycling plastic or glass bottles,,
Q540B_1,1,w08,w08,w08,Q540B_1 Extreme weather temperatures,w08 release label,unknown,,0,,,,,,,,,,,,,,,,,Q540B_1,Q540B_1 Extreme weather temperatures
Q540B_2,1,w08,w08,w08,Q540B_2 Air pollution,w08 release label,unknown,,0,,,,,,,,,,,,,,,,,Q540B_2,Q540B_2 Air pollution
Q540B_3,1,w08,w08,w08,Q540B_3 Water scarcity,w08 release label,unknown,,0,,,,,,,,,,,,,,,,,Q540B_3,Q540B_3 Water scarcity
Q541_1,1,w07,w07,w07,Q541_1. Lack of environmental awareness among citizens,w07 release label,unknown,,0,,,,,,,,,,,,,,,Q541_1,Q541_1. Lack of environmental awareness among citizens,,
Q541_2,1,w07,w07,w07,Q541_2. Lack of environmental initiatives/spending by the government,w07 release label,unknown,,0,,,,,,,,,,,,,,,Q541_2,Q541_2. Lack of environmental initiatives/spending by the government,,
Q542,1,w07,w07,w07,"Q542. In the past year, did you share in, participate in, or attend any online activity whose aim was to solve a problem faced by a community you belong to or a community you care about?",w07 release label,unknown,,0,,,,,,,,,,,,,,,Q542,"Q542. In the past year, did you share in, participate in, or attend any online activity whose aim was to solve a problem faced by a community you belong to or a community you care about?",,
Q543_2,1,w07,w07,w07,Q543_2. Problem online activity aimed to solve,w07 release label,unknown,,0,,,,,,,,,,,,,,,Q543_2,Q543_2. Problem online activity aimed to solve,,
Q543_KUW_2,1,w07,w07,w07,Q543_KUW_2. Problem online activity aimed to solve,w07 release label,unknown,,0,,,,,,,,,,,,,,,Q543_KUW_2,Q543_KUW_2. Problem online activity aimed to solve,,
Q545,1,w07,w07,w07,Q545. Which of the following did you hope to accomplish through your participation or attendance in these activities?,w07 release label,unknown,,0,,,,,,,,,,,,,,,Q545,Q545. Which of the following did you hope to accomplish through your participation or attendance in these activities?,,
Q547_1,1,w08,w08,w08,"Q547_1. Have our government prioritize alternative energy development, like solar or wind power in",w08 release label,unknown,,0,,,,,,,,,,,,,,,,,Q547_1,"Q547_1. Have our government prioritize alternative energy development, like solar or wind power in"
Q547_2,1,w08,w08,w08,"Q547_2. Phase out use of fossil fuels, like gas and oil in",w08 release label,unknown,,0,,,,,,,,,,,,,,,,,Q547_2,"Q547_2. Phase out use of fossil fuels, like gas and oil in"
Q547_3,1,w08,w08,w08,"Q547_3. Phase out production fossil fuels, like gas and oil in",w08 release label,unknown,,0,,,,,,,,,,,,,,,,,Q547_3,"Q547_3. Phase out production fossil fuels, like gas and oil in"
Q547_4,1,w08,w08,w08,Q547_4. Set a common target date to phase out polluting cars and vehicles in,w08 release label,unknown,,0,,,,,,,,,,,,,,,,,Q547_4,Q547_4. Set a common target date to phase out polluting cars and vehicles in
Q547_TUN2,1,w08,w08,w08,Q547_TUN2. For the government to mandate a financial punishment for those who litter in public spaces,w08 release label,unknown,,0,,,,,,,,,,,,,,,,,Q547_TUN2,Q547_TUN2. For the government to mandate a financial punishment for those who litter in public spaces
Q547_TUN3,1,w08,w08,w08,"Q547_TUN3. To specify a larger portion of the budget to address pollution and manage trash, even if it means imposing more laws on citizens",w08 release label,unknown,,0,,,,,,,,,,,,,,,,,Q547_TUN3,"Q547_TUN3. To specify a larger portion of the budget to address pollution and manage trash, even if it means imposing more laws on citizens"
Q547_TUN4,1,w08,w08,w08,Q547_TUN4. For the government to raise the cost of water significantly for each family that consumes more than the regular necessities for household consumption of water,w08 release label,unknown,,0,,,,,,,,,,,,,,,,,Q547_TUN4,Q547_TUN4. For the government to raise the cost of water significantly for each family that consumes more than the regular necessities for household consumption of water
Q548_2,1,w08,w08,w08,"When you hear the term “climate change,” what comes to mind?",w08 questionnaire,unknown,,0,,w08,,,,,,,,,,,,,,,Q548_2,"When you hear the term “climate change,” what comes to mind?"
Q549_1A,1,w08,w08,w08,Q549_1A. Your physical health,w08 release label,unknown,,0,,,,,,,,,,,,,,,,,Q549_1A,Q549_1A. Your physical health
Q549_1B,1,w08,w08,w08,Q549_1B Your mental health,w08 release label,unknown,,0,,,,,,,,,,,,,,,,,Q549_1B,Q549_1B Your mental health
Q549_2,1,w08,w08,w08,Q549_2. Your personal safety,w08 release label,unknown,,0,,,,,,,,,,,,,,,,,Q549_2,Q549_2. Your personal safety
Q549_3,1,w08,w08,w08,Q549_3. Your job or your household’s livelihood,w08 release label,unknown,,0,,,,,,,,,,,,,,,,,Q549_3,Q549_3. Your job or your household’s livelihood
Q550A_1,1,w08,w08,w08,Q550A_1 Equality under the law,w08 release label,unknown,,0,,,,,,,,,,,,,,,,,Q550A_1,Q550A_1 Equality under the law
Q550A_2,1,w08,w08,w08,Q550A_2 There is no corruption,w08 release label,unknown,,0,,,,,,,,,,,,,,,,,Q550A_2,Q550A_2 There is no corruption
Q550A_3,1,w08,w08,w08,"Q550A_3 Basic necessities, like clean food and water, clothes, and shelter, are available for all",w08 release label,unknown,,0,,,,,,,,,,,,,,,,,Q550A_3,"Q550A_3 Basic necessities, like clean food and water, clothes, and shelter, are available for all"
Q550A_4,1,w08,w08,w08,Q550A_4 Ability to freely choose political leaders in elections,w08 release label,unknown,,0,,,,,,,,,,,,,,,,,Q550A_4,Q550A_4 Ability to freely choose political leaders in elections
Q550A_5,1,w08,w08,w08,Q550A_5 Feeling safe from physical danger,w08 release label,unknown,,0,,,,,,,,,,,,,,,,,Q550A_5,Q550A_5 Feeling safe from physical danger
Q550A_6,1,w08,w08,w08,Q550A_6 Basic civil rights are guaranteed,w08 release label,unknown,,0,,,,,,,,,,,,,,,,,Q550A_6,Q550A_6 Basic civil rights are guaranteed
Q550B_1,1,w08,w08,w08,Q550B_1 Equality under the law,w08 release label,unknown,,0,,,,,,,,,,,,,,,,,Q550B_1,Q550B_1 Equality under the law
Q550B_2,1,w08,w08,w08,Q550B_2 There is no corruption,w08 release label,unknown,,0,,,,,,,,,,,,,,,,,Q550B_2,Q550B_2 There is no corruption
Q550B_3,1,w08,w08,w08,"Q550B_3 Basic necessities, like clean food and water, clothes, and shelter, are available for all",w08 release label,unknown,,0,,,,,,,,,,,,,,,,,Q550B_3,"Q550B_3 Basic necessities, like clean food and water, clothes, and shelter, are available for all"
Q550B_4,1,w08,w08,w08,Q550B_4 Ability to freely choose political leaders in elections,w08 release label,unknown,,0,,,,,,,,,,,,,,,,,Q550B_4,Q550B_4 Ability to freely choose political leaders in elections
Q550B_5,1,w08,w08,w08,Q550B_5 Feeling safe from physical danger,w08 release label,unknown,,0,,,,,,,,,,,,,,,,,Q550B_5,Q550B_5 Feeling safe from physical danger
Q550B_6,1,w08,w08,w08,Q550B_6 Basic civil rights are guaranteed,w08 release label,unknown,,0,,,,,,,,,,,,,,,,,Q550B_6,Q550B_6 Basic civil rights are guaranteed
Q551A,1,w08,w08,w08,"Q551A Among the following, which is the main pillar of human dignity?",w08 release label,unknown,,0,,,,,,,,,,,,,,,,,Q551A,"Q551A Among the following, which is the main pillar of human dignity?"
Q551B,1,w08,w08,w08,"Q551B Among the following, which is the main pillar of democracy?",w08 release label,unknown,,0,,,,,,,,,,,,,,,,,Q551B,"Q551B Among the following, which is the main pillar of democracy?"
Q552_1A,1,w08,w08,w08,"Q552_1A Made a political statement through art, writing, or music",w08 release label,unknown,,0,,,,,,,,,,,,,,,,,Q552_1A,"Q552_1A Made a political statement through art, writing, or music"
Q552_1B,1,w08,w08,w08,"Q552_1B Participated in an in-person protest, demonstration, strike, or boycott",w08 release label,unknown,,0,,,,,,,,,,,,,,,,,Q552_1B,"Q552_1B Participated in an in-person protest, demonstration, strike, or boycott"
Q552_2A,1,w08,w08,w08,Q552_2A Contacted government officials or institutions via social media,w08 release label,unknown,,0,,,,,,,,,,,,,,,,,Q552_2A,Q552_2A Contacted government officials or institutions via social media
Q552_2B,1,w08,w08,w08,Q552_2B Contacted government officials or institutions using wasta,w08 release label,unknown,,0,,,,,,,,,,,,,,,,,Q552_2B,Q552_2B Contacted government officials or institutions using wasta
Q552_3A,1,w08,w08,w08,Q552_3A Boycotted a brand,w08 release label,unknown,,0,,,,,,,,,,,,,,,,,Q552_3A,Q552_3A Boycotted a brand
Q552_3B,1,w08,w08,w08,Q552_3B Signed a petition asking for action from the government,w08 release label,unknown,,0,,,,,,,,,,,,,,,,,Q552_3B,Q552_3B Signed a petition asking for action from the government
Q553A_1,1,w08,w08,w08,Q553A_1 Citizens in,w08 release label,unknown,,0,,,,,,,,,,,,,,,,,Q553A_1,Q553A_1 Citizens in
Q553A_2,1,w08,w08,w08,Q553A_2 Citizens in Western countries,w08 release label,unknown,,0,,,,,,,,,,,,,,,,,Q553A_2,Q553A_2 Citizens in Western countries
Q553A_3,1,w08,w08,w08,Q553A_3 The government of,w08 release label,unknown,,0,,,,,,,,,,,,,,,,,Q553A_3,Q553A_3 The government of
Q553A_4,1,w08,w08,w08,Q553A_4 The governments of Western countries,w08 release label,unknown,,0,,,,,,,,,,,,,,,,,Q553A_4,Q553A_4 The governments of Western countries
Q553A_5,1,w08,w08,w08,Q553A_5 Private businesses or corporations in,w08 release label,unknown,,0,,,,,,,,,,,,,,,,,Q553A_5,Q553A_5 Private businesses or corporations in
Q553A_6,1,w08,w08,w08,Q553A_6 Private businesses or corporations in Western countries,w08 release label,unknown,,0,,,,,,,,,,,,,,,,,Q553A_6,Q553A_6 Private businesses or corporations in Western countries
Q553B_1,1,w08,w08,w08,Q553B_1 Citizens in,w08 release label,unknown,,0,,,,,,,,,,,,,,,,,Q553B_1,Q553B_1 Citizens in
Q553B_2,1,w08,w08,w08,Q553B_2 Citizens in Western countries,w08 release label,unknown,,0,,,,,,,,,,,,,,,,,Q553B_2,Q553B_2 Citizens in Western countries
Q553B_3,1,w08,w08,w08,Q553B_3 The government of,w08 release label,unknown,,0,,,,,,,,,,,,,,,,,Q553B_3,Q553B_3 The government of
Q553B_4,1,w08,w08,w08,Q553B_4 The governments of Western countries,w08 release label,unknown,,0,,,,,,,,,,,,,,,,,Q553B_4,Q553B_4 The governments of Western countries
Q553B_5,1,w08,w08,w08,Q553B_5 Private businesses or corporations in,w08 release label,unknown,,0,,,,,,,,,,,,,,,,,Q553B_5,Q553B_5 Private businesses or corporations in
Q553B_6,1,w08,w08,w08,Q553B_6 Private businesses or corporations in Western countries,w08 release label,unknown,,0,,,,,,,,,,,,,,,,,Q553B_6,Q553B_6 Private businesses or corporations in Western countries
Q554,1,w08,w08,w08,Q554 How concerned or unconcerned are you about natural disasters in?,w08 release label,unknown,,0,,,,,,,,,,,,,,,,,Q554,Q554 How concerned or unconcerned are you about natural disasters in?
Q60101,1,w02,w02,w02,q60101 I will read a set of statements that relate to the status of women in our society to you in order to gauge the extent of your agreement/disagreement with each statement. 1. A woman can become the prime minister or president of a Muslim state,w02 release label,unknown,,0,,,q60101,q60101 I will read a set of statements that relate to the status of women in our society to you in order to gauge the extent of your agreement/disagreement with each statement. 1. A woman can become the prime minister or president of a Muslim state,,,,,,,,,,,,,,
Q60102,1,w02,w02,w02,q60102 I will read a set of statements that relate to the status of women in our society to you in order to gauge the extent of your agreement/disagreement with each statement. 2. A married woman can work outside the home,w02 release label,unknown,,0,,,q60102,q60102 I will read a set of statements that relate to the status of women in our society to you in order to gauge the extent of your agreement/disagreement with each statement. 2. A married woman can work outside the home,,,,,,,,,,,,,,
Q60103,1,w02,w02,w02,"q60103 I will read a set of statements that relate to the status of women in our society to you in order to gauge the extent of your agreement/disagreement with each statement. 3. In general, men are better at political leadership than women",w02 release label,unknown,,0,,,q60103,"q60103 I will read a set of statements that relate to the status of women in our society to you in order to gauge the extent of your agreement/disagreement with each statement. 3. In general, men are better at political leadership than women",,,,,,,,,,,,,,
Q60104,1,w02,w02,w02,q60104 I will read a set of statements that relate to the status of women in our society to you in order to gauge the extent of your agreement/disagreement with each statement. 4. University education for males is more important than university education f,w02 release label,unknown,,0,,,q60104,q60104 I will read a set of statements that relate to the status of women in our society to you in order to gauge the extent of your agreement/disagreement with each statement. 4. University education for males is more important than university education f,,,,,,,,,,,,,,
Q60105,1,w02,w02,w02,q60105 I will read a set of statements that relate to the status of women in our society to you in order to gauge the extent of your agreement/disagreement with each statement. 5. Men and women should have equal work opportunities,w02 release label,unknown,,0,,,q60105,q60105 I will read a set of statements that relate to the status of women in our society to you in order to gauge the extent of your agreement/disagreement with each statement. 5. Men and women should have equal work opportunities,,,,,,,,,,,,,,
Q60107,1,w02,w02,w02,q60107 I will read a set of statements that relate to the status of women in our society to you in order to gauge the extent of your agreement/disagreement with each statement. 7. It is permissible for a woman to travel abroad by herself,w02 release label,unknown,,0,,,q60107,q60107 I will read a set of statements that relate to the status of women in our society to you in order to gauge the extent of your agreement/disagreement with each statement. 7. It is permissible for a woman to travel abroad by herself,,,,,,,,,,,,,,
Q60108,1,w02,w02,w02,q60108 I will read a set of statements that relate to the status of women in our society to you in order to gauge the extent of your agreement/disagreement with each statement. 8. A woman should obtain her inheritance (she should not be denied her inherita,w02 release label,unknown,,0,,,q60108,q60108 I will read a set of statements that relate to the status of women in our society to you in order to gauge the extent of your agreement/disagreement with each statement. 8. A woman should obtain her inheritance (she should not be denied her inherita,,,,,,,,,,,,,,
Q60109,1,w02,w02,w02,q60109 I will read a set of statements that relate to the status of women in our society to you in order to gauge the extent of your agreement/disagreement with each statement. 9. Women’s share of inheritance should be equal to that of men,w02 release label,unknown,,0,,,q60109,q60109 I will read a set of statements that relate to the status of women in our society to you in order to gauge the extent of your agreement/disagreement with each statement. 9. Women’s share of inheritance should be equal to that of men,,,,,,,,,,,,,,
Q6011,1,w04,w04,w04,,,unknown,,0,,,,,q6011,,,,,,,,,,,,,
Q60110,1,w02,w02,w02,q60110 I will read a set of statements that relate to the status of women in our society to you in order to gauge the extent of your agreement/disagreement with each statement. 10. Women can assume judicial positions,w02 release label,unknown,,0,,,q60110,q60110 I will read a set of statements that relate to the status of women in our society to you in order to gauge the extent of your agreement/disagreement with each statement. 10. Women can assume judicial positions,,,,,,,,,,,,,,
Q60111,1,w02,w02,w02,q60111 I will read a set of statements that relate to the status of women in our society to you in order to gauge the extent of your agreement/disagreement with each statement. 11. Women can become ministers,w02 release label,unknown,,0,,,q60111,q60111 I will read a set of statements that relate to the status of women in our society to you in order to gauge the extent of your agreement/disagreement with each statement. 11. Women can become ministers,,,,,,,,,,,,,,
Q60112,1,w02,w02,w02,q60112 I will read a set of statements that relate to the status of women in our society to you in order to gauge the extent of your agreement/disagreement with each statement. 12. The first wife’s consent is a prerequisite for permitting a man to marry,w02 release label,unknown,,0,,,q60112,q60112 I will read a set of statements that relate to the status of women in our society to you in order to gauge the extent of your agreement/disagreement with each statement. 12. The first wife’s consent is a prerequisite for permitting a man to marry,,,,,,,,,,,,,,
Q60113,1,w02,w02,w02,q60113 I will read a set of statements that relate to the status of women in our society to you in order to gauge the extent of your agreement/disagreement with each statement. 13. A woman can reject a marriage that her family chose for her without her con,w02 release label,unknown,,0,,,q60113,q60113 I will read a set of statements that relate to the status of women in our society to you in order to gauge the extent of your agreement/disagreement with each statement. 13. A woman can reject a marriage that her family chose for her without her con,,,,,,,,,,,,,,
Q60114,1,w02,w02,w02,q60114 I will read a set of statements that relate to the status of women in our society to you in order to gauge the extent of your agreement/disagreement with each statement. 14. Women and men should have equal rights in making the decision to divorce,w02 release label,unknown,,0,,,q60114,q60114 I will read a set of statements that relate to the status of women in our society to you in order to gauge the extent of your agreement/disagreement with each statement. 14. Women and men should have equal rights in making the decision to divorce,,,,,,,,,,,,,,
Q60115,1,w02,w02,w02,q60115 I will read a set of statements that relate to the status of women in our society to you in order to gauge the extent of your agreement/disagreement with each statement. 15. The law should not allow a man to marry more than one woman,w02 release label,unknown,,0,,,q60115,q60115 I will read a set of statements that relate to the status of women in our society to you in order to gauge the extent of your agreement/disagreement with each statement. 15. The law should not allow a man to marry more than one woman,,,,,,,,,,,,,,
Q60116,1,w02,w02,w02,q60116 I will read a set of statements that relate to the status of women in our society to you in order to gauge the extent of your agreement/disagreement with each statement. 16. The right to divorce should be granted to men only,w02 release label,unknown,,0,,,q60116,q60116 I will read a set of statements that relate to the status of women in our society to you in order to gauge the extent of your agreement/disagreement with each statement. 16. The right to divorce should be granted to men only,,,,,,,,,,,,,,
Q60117,1,w02,w02,w02,q60117 I will read a set of statements that relate to the status of women in our society to you in order to gauge the extent of your agreement/disagreement with each statement. 17. The law should permit the man to marry more than one wife,w02 release label,unknown,,0,,,q60117,q60117 I will read a set of statements that relate to the status of women in our society to you in order to gauge the extent of your agreement/disagreement with each statement. 17. The law should permit the man to marry more than one wife,,,,,,,,,,,,,,
Q60118,1,w04,w04,w04,,,unknown,,0,,,,,q60118,,,,,,,,,,,,,
Q6012,1,w04,w04,w04,,,unknown,,0,,,,,q6012,,,,,,,,,,,,,
Q6013,1,w04,w04,w04,,,unknown,,0,,,,,q6013,,,,,,,,,,,,,
Q6014,1,w04,w04,w04,,,unknown,,0,,,,,q6014,,,,,,,,,,,,,
Q6018,1,w04,w04,w04,,,unknown,,0,,,,,q6018,,,,,,,,,,,,,
Q601_13,1,w08,w08,w08,Q601_13. A woman can reject a marriage that her family chose for her without her consent,w08 release label,unknown,,0,,,,,,,,,,,,,,,,,Q601_13,Q601_13. A woman can reject a marriage that her family chose for her without her consent
Q601_13B,1,w08,w08,w08,Q601_13B. Men and women should both have equal say in deciding who they marry,w08 release label,unknown,,0,,,,,,,,,,,,,,,,,Q601_13B,Q601_13B. Men and women should both have equal say in deciding who they marry
Q601_14,1,w05,w05,w05,WOMEN'S RIGHTS: EQUAL RIGHTS TO MAKE THE DECISION TO DIVORCE,w05 release label,unknown,,0,,,,,,,Q601_14,WOMEN'S RIGHTS: EQUAL RIGHTS TO MAKE THE DECISION TO DIVORCE,,,,,,,,,,
Q601_18B,1,w08,w08,w08,Q601_18B . A man and a woman should have equal say in decisions concerning the family,w08 release label,unknown,,0,,,,,,,,,,,,,,,,,Q601_18B,Q601_18B . A man and a woman should have equal say in decisions concerning the family
Q601_19,1,w06p3,w06p3,w06p3,All primary and secondary schools should be coeducational (i.e. not separating g,w06p3 release label,unknown,,0,,,,,,,,,,,,,Q601_19,All primary and secondary schools should be coeducational (i.e. not separating g,,,,
Q601_20A,1,w07,w07,w07,Q601_20A. A woman who marries a foreigner should be able to pass on her citizenship to her children,w07 release label,unknown,,0,,,,,,,,,,,,,,,Q601_20A,Q601_20A. A woman who marries a foreigner should be able to pass on her citizenship to her children,,
Q601_21A,1,w08,w08,w08,Q601_21A. There should be a minimum number of seats in parliament reserved for women,w08 release label,unknown,,0,,,,,,,,,,,,,,,,,Q601_21A,Q601_21A. There should be a minimum number of seats in parliament reserved for women
Q601_21B,1,w08,w08,w08,Q601_21B.There should be a minimum number of cabinet positions reserved for women,w08 release label,unknown,,0,,,,,,,,,,,,,,,,,Q601_21B,Q601_21B.There should be a minimum number of cabinet positions reserved for women
Q601_5,1,w08,w08,w08,Q601_5. Men and women should have equal work opportunities,w08 release label,unknown,,0,,,,,,,,,,,,,,,,,Q601_5,Q601_5. Men and women should have equal work opportunities
Q601_7,1,w05,w05,w05,WOMEN'S RIGHTS: PERMISSIBLE FOR A WOMAN TO TRAVEL ALONE,w05 release label,unknown,,0,,,,,,,Q601_7,WOMEN'S RIGHTS: PERMISSIBLE FOR A WOMAN TO TRAVEL ALONE,,,,,,,,,,
Q601_9,1,w05,w05,w05,WOMEN'S RIGHTS: EQUAL SHARE OF INHERITANCE,w05 release label,unknown,,0,,,,,,,Q601_9,WOMEN'S RIGHTS: EQUAL SHARE OF INHERITANCE,,,,,,,,,,
Q601_9A,1,w05,w05,w05,WOMEN'S RIGHTS: EQUAL INHERITANCE,w05 release label,unknown,,0,,,,,,,Q601_9A,WOMEN'S RIGHTS: EQUAL INHERITANCE,,,,,,,,,,
Q601_KUW1,1,w08,w08,w08,"For each of the statements listed below, please indicate whether you agree strongly, agree, disagree, or disagree strongly with it",w08 questionnaire (stem Q601),unknown,,0,,w08,,,,,,,,,,,,,,,Q601_KUW1,"For each of the statements listed below, please indicate whether you agree strongly, agree, disagree, or disagree strongly with it"
Q603,1,w02,w02,w02,"q603 Had there been a lottery and you had the chance to participate, would you buy a ticket?",w02 release label,unknown,,0,,,q603,"q603 Had there been a lottery and you had the chance to participate, would you buy a ticket?",,,,,,,,,,,,,,
Q60410,1,w02,w02,w02,q60410 To what extent do you consider the following factors obstacles to accepting your son/daughter/sister/brother’s marriage? 10. Different nationality,w02 release label,unknown,,0,,,q60410,q60410 To what extent do you consider the following factors obstacles to accepting your son/daughter/sister/brother’s marriage? 10. Different nationality,,,,,,,,,,,,,,
Q60411,1,w02,w02,w02,q60411 To what extent do you consider the following factors obstacles to accepting your son/daughter/sister/brother’s marriage? 11. Different race,w02 release label,unknown,,0,,,q60411,q60411 To what extent do you consider the following factors obstacles to accepting your son/daughter/sister/brother’s marriage? 11. Different race,,,,,,,,,,,,,,
Q60412,1,w02,w02,w02,q60412 To what extent do you consider the following factors obstacles to accepting your son/daughter/sister/brother’s marriage? 12. Considerable age differences (Vol.),w02 release label,unknown,,0,,,q60412,q60412 To what extent do you consider the following factors obstacles to accepting your son/daughter/sister/brother’s marriage? 12. Considerable age differences (Vol.),,,,,,,,,,,,,,
Q60413,1,w02,w02,w02,q60413 To what extent do you consider the following factors obstacles to accepting your son/daughter/sister/brother’s marriage? 13. Health Condition (Vol.),w02 release label,unknown,,0,,,q60413,q60413 To what extent do you consider the following factors obstacles to accepting your son/daughter/sister/brother’s marriage? 13. Health Condition (Vol.),,,,,,,,,,,,,,
Q60414,1,w02,w02,w02,q60414 To what extent do you consider the following factors obstacles to accepting your son/daughter/sister/brother’s marriage? 14. Ethics and Religion (Vol.),w02 release label,unknown,,0,,,q60414,q60414 To what extent do you consider the following factors obstacles to accepting your son/daughter/sister/brother’s marriage? 14. Ethics and Religion (Vol.),,,,,,,,,,,,,,
Q60415,1,w02,w02,w02,q60415 To what extent do you consider the following factors obstacles to accepting your son/daughter/sister/brother’s marriage? 15. Family background (Vol.),w02 release label,unknown,,0,,,q60415,q60415 To what extent do you consider the following factors obstacles to accepting your son/daughter/sister/brother’s marriage? 15. Family background (Vol.),,,,,,,,,,,,,,
Q60416,1,w02,w02,w02,q60416 To what extent do you consider the following factors obstacles to accepting your son/daughter/sister/brother’s marriage? 16. Not observing religious teachings (Vol.),w02 release label,unknown,,0,,,q60416,q60416 To what extent do you consider the following factors obstacles to accepting your son/daughter/sister/brother’s marriage? 16. Not observing religious teachings (Vol.),,,,,,,,,,,,,,
Q60417,1,w02,w02,w02,q60417 To what extent do you consider the following factors obstacles to accepting your son/daughter/sister/brother’s marriage? 17. The economic situation (Vol.),w02 release label,unknown,,0,,,q60417,q60417 To what extent do you consider the following factors obstacles to accepting your son/daughter/sister/brother’s marriage? 17. The economic situation (Vol.),,,,,,,,,,,,,,
Q60418,1,w02,w02,w02,q60418 To what extent do you consider the following factors obstacles to accepting your son/daughter/sister/brother’s marriage? 18. Sterile (Vol.),w02 release label,unknown,,0,,,q60418,q60418 To what extent do you consider the following factors obstacles to accepting your son/daughter/sister/brother’s marriage? 18. Sterile (Vol.),,,,,,,,,,,,,,
Q60419,1,w02,w02,w02,q60419 To what extent do you consider the following factors obstacles to accepting your son/daughter/sister/brother’s marriage? 19. Appearance (Vol.),w02 release label,unknown,,0,,,q60419,q60419 To what extent do you consider the following factors obstacles to accepting your son/daughter/sister/brother’s marriage? 19. Appearance (Vol.),,,,,,,,,,,,,,
Q60420,1,w02,w02,w02,q60420 To what extent do you consider the following factors obstacles to accepting your son/daughter/sister/brother’s marriage? 20. Political Affiliation (Vol.),w02 release label,unknown,,0,,,q60420,q60420 To what extent do you consider the following factors obstacles to accepting your son/daughter/sister/brother’s marriage? 20. Political Affiliation (Vol.),,,,,,,,,,,,,,
Q60421,1,w02,w02,w02,q60421 To what extent do you consider the following factors obstacles to accepting your son/daughter/sister/brother’s marriage? 21. Religious extremism (Vol.),w02 release label,unknown,,0,,,q60421,q60421 To what extent do you consider the following factors obstacles to accepting your son/daughter/sister/brother’s marriage? 21. Religious extremism (Vol.),,,,,,,,,,,,,,
Q60422,1,w02,w02,w02,q60422 To what extent do you consider the following factors obstacles to accepting your son/daughter/sister/brother’s marriage? 22. Disapproval of the concerned (Vol.),w02 release label,unknown,,0,,,q60422,q60422 To what extent do you consider the following factors obstacles to accepting your son/daughter/sister/brother’s marriage? 22. Disapproval of the concerned (Vol.),,,,,,,,,,,,,,
Q6044,1,w02,w02,w02,q6044 To what extent do you consider the following factors obstacles to accepting your son/daughter/sister/brother’s marriage? 4. Poverty,w02 release label,unknown,,0,,,q6044,q6044 To what extent do you consider the following factors obstacles to accepting your son/daughter/sister/brother’s marriage? 4. Poverty,,,,,,,,,,,,,,
Q6045,1,w02,w02,w02,q6045 To what extent do you consider the following factors obstacles to accepting your son/daughter/sister/brother’s marriage? 5. Lack of education,w02 release label,unknown,,0,,,q6045,q6045 To what extent do you consider the following factors obstacles to accepting your son/daughter/sister/brother’s marriage? 5. Lack of education,,,,,,,,,,,,,,
Q6048,1,w02,w02,w02,q6048 To what extent do you consider the following factors obstacles to accepting your son/daughter/sister/brother’s marriage? 8. Economic or social incompatibility (class difference),w02 release label,unknown,,0,,,q6048,q6048 To what extent do you consider the following factors obstacles to accepting your son/daughter/sister/brother’s marriage? 8. Economic or social incompatibility (class difference),,,,,,,,,,,,,,
Q6049,1,w02,w02,w02,q6049 To what extent do you consider the following factors obstacles to accepting your son/daughter/sister/brother’s marriage? 9. From a different religion or domination,w02 release label,unknown,,0,,,q6049,q6049 To what extent do you consider the following factors obstacles to accepting your son/daughter/sister/brother’s marriage? 9. From a different religion or domination,,,,,,,,,,,,,,
Q604A_1,1,w05,w05,w05,MARRIAGE FEMALE RELATIVE: ONE WHO DOES NOT PRAY,w05 release label,unknown,,0,,,,,,,Q604A_1,MARRIAGE FEMALE RELATIVE: ONE WHO DOES NOT PRAY,,,,,,,,,,
Q604A_3,1,w05,w05,w05,MARRIAGE FEMALE RELATIVE: ONE OF A LOWER SOCIAL STATUS,w05 release label,unknown,,0,,,,,,,Q604A_3,MARRIAGE FEMALE RELATIVE: ONE OF A LOWER SOCIAL STATUS,,,,,,,,,,
Q604A_NT_1,1,w08,w08,w08,Q604A_NT_1. One who does not pray,w08 release label,unknown,,0,,,,,,,,,,,,,,,,,Q604A_NT_1,Q604A_NT_1. One who does not pray
Q604A_NT_3,1,w08,w08,w08,Q604A_NT_3. One who comes from a family with a lower social status,w08 release label,unknown,,0,,,,,,,,,,,,,,,,,Q604A_NT_3,Q604A_NT_3. One who comes from a family with a lower social status
Q604B_1,1,w05,w05,w05,MARRIAGE MALE RELATIVE: ONE WHO DOES NOT PRAY,w05 release label,unknown,,0,,,,,,,Q604B_1,MARRIAGE MALE RELATIVE: ONE WHO DOES NOT PRAY,,,,,,,,,,
Q604B_3,1,w05,w05,w05,MARRIAGE MALE RELATIVE: ONE OF A LOWER SOCIAL STATUS,w05 release label,unknown,,0,,,,,,,Q604B_3,MARRIAGE MALE RELATIVE: ONE OF A LOWER SOCIAL STATUS,,,,,,,,,,
Q604B_NT_1,1,w08,w08,w08,Q604B_NT_1. One who does not pray,w08 release label,unknown,,0,,,,,,,,,,,,,,,,,Q604B_NT_1,Q604B_NT_1. One who does not pray
Q604B_NT_3,1,w08,w08,w08,,,unknown,,0,,,,,,,,,,,,,,,,,Q604B_NT_3,
Q604_1,1,w05,w05,w05,One who does not pray,w05 release label,unknown,,0,,,,,,,Q604_1,One who does not pray,,,,,,,,,,
Q604_3,1,w05,w05,w05,One who comes from a family with a lower social status,w05 release label,unknown,,0,,,,,,,Q604_3,One who comes from a family with a lower social status,,,,,,,,,,
Q604_6,1,w05,w05,w05,Big age difference,w05 release label,unknown,,0,,,,,,,Q604_6,Big age difference,,,,,,,,,,
Q604_7,1,w05,w05,w05,He is poor,w05 release label,unknown,,0,,,,,,,Q604_7,He is poor,,,,,,,,,,
Q6051,1,w02,w02,w02,q6051 To what extent do you agree or disagree with each of the following principles in the formulation of your country’s laws and regulations? 1. The government and parliament should enact laws in accordance with the people’s wishes,w02 release label,unknown,,0,,,q6051,q6051 To what extent do you agree or disagree with each of the following principles in the formulation of your country’s laws and regulations? 1. The government and parliament should enact laws in accordance with the people’s wishes,,,,,,,,,,,,,,
Q6052,1,w02,w02,w02,q6052 To what extent do you agree or disagree with each of the following principles in the formulation of your country’s laws and regulations? 2. The government and parliament should enact laws in accordance with Islamic law,w02 release label,unknown,,0,,,q6052,q6052 To what extent do you agree or disagree with each of the following principles in the formulation of your country’s laws and regulations? 2. The government and parliament should enact laws in accordance with Islamic law,,,,,,,,,,,,,,
Q6053,1,w02,w02,w02,q6053 To what extent do you agree or disagree with each of the following principles in the formulation of your country’s laws and regulations? 3. The government and parliament should enact laws in accordance with citizens’ wishes with regard to certai,w02 release label,unknown,,0,,,q6053,q6053 To what extent do you agree or disagree with each of the following principles in the formulation of your country’s laws and regulations? 3. The government and parliament should enact laws in accordance with citizens’ wishes with regard to certai,,,,,,,,,,,,,,
Q6054,1,w02,w02,w02,q6054 To what extent do you agree or disagree with each of the following principles in the formulation of your country’s laws and regulations? 4. The government and parliament should enact penal laws in accordance with Islamic law,w02 release label,unknown,,0,,,q6054,q6054 To what extent do you agree or disagree with each of the following principles in the formulation of your country’s laws and regulations? 4. The government and parliament should enact penal laws in accordance with Islamic law,,,,,,,,,,,,,,
Q6055,1,w02,w02,w02,"q6055 To what extent do you agree or disagree with each of the following principles in the formulation of your country’s laws and regulations? 5. The government and parliament should enact personal status laws (marriage, divorce) in accordance with Isla",w02 release label,unknown,,0,,,q6055,"q6055 To what extent do you agree or disagree with each of the following principles in the formulation of your country’s laws and regulations? 5. The government and parliament should enact personal status laws (marriage, divorce) in accordance with Isla",,,,,,,,,,,,,,
Q6056,1,w02,w02,w02,q6056 To what extent do you agree or disagree with each of the following principles in the formulation of your country’s laws and regulations? 6. The government and parliament should enact inheritance laws in accordance with Islamic law,w02 release label,unknown,,0,,,q6056,q6056 To what extent do you agree or disagree with each of the following principles in the formulation of your country’s laws and regulations? 6. The government and parliament should enact inheritance laws in accordance with Islamic law,,,,,,,,,,,,,,
Q605A,1,w04,w04,w04,Which of the following sentences is the closest toyour point of view? Choose sentence 1 or sentence 2 ? (Not asked in Qatar) First sentence: I prefer a religious political party overa non-religious political party. Second sentence: I prefer a non-religious politicalparty over a religious political party,w04 questionnaire,unknown,,0,,w04,,,q605a,Which of the following sentences is the closest toyour point of view? Choose sentence 1 or sentence 2 ? (Not asked in Qatar) First sentence: I prefer a religious political party overa non-religious political party. Second sentence: I prefer a non-religious politicalparty over a religious political party,,,,,,,,,,,,
Q605A_1,1,w05,w05,w05,SHARIA: GOVERNMENT PROVIDING BASIC SERVICES,w05 release label,unknown,,0,,,,,,,Q605A_1,SHARIA: GOVERNMENT PROVIDING BASIC SERVICES,,,,,,,,,,
Q605A_2,1,w05,w05,w05,SHARIA: GOVERNMENT WITHOUT CORRUPTION,w05 release label,unknown,,0,,,,,,,Q605A_2,SHARIA: GOVERNMENT WITHOUT CORRUPTION,,,,,,,,,,
Q605A_3,1,w05,w05,w05,SHARIA: GOVERNMENT USING PHYSICAL PUNISHMENT,w05 release label,unknown,,0,,,,,,,Q605A_3,SHARIA: GOVERNMENT USING PHYSICAL PUNISHMENT,,,,,,,,,,
Q605A_4,1,w05,w05,w05,SHARIA: GOVERNMENT RESTRICTING WOMEN'S ROLE,w05 release label,unknown,,0,,,,,,,Q605A_4,SHARIA: GOVERNMENT RESTRICTING WOMEN'S ROLE,,,,,,,,,,
Q605B,1,w05,w05,w05,SHARIA: ESSENTIAL CHARACTERISTIC,w05 release label,unknown,,0,,,,,,,Q605B,SHARIA: ESSENTIAL CHARACTERISTIC,,,,,,,,,,
Q6065,1,w02,w02,w02,q6065 To what extent do you agree or disagree with the following statements? 5. Religious associations and institutions (excluding political parties) should not influence voters’ decisions in elections,w02 release label,unknown,,0,,,q6065,q6065 To what extent do you agree or disagree with the following statements? 5. Religious associations and institutions (excluding political parties) should not influence voters’ decisions in elections,,,,,,,,,,,,,,
Q6066,1,w02,w02,w02,q6066 To what extent do you agree or disagree with the following statements? 6. Mosques and churches should not be used for election campaigning,w02 release label,unknown,,0,,,q6066,q6066 To what extent do you agree or disagree with the following statements? 6. Mosques and churches should not be used for election campaigning,,,,,,,,,,,,,,
Q606_1,1,w05,w05,w05,POLITICAL ISLAM: DIS/AGREEMENT: RELIGIOUS LEADERS SHOULD NOT INTERFERE IN ELECTO,w05 release label,unknown,,0,,,,,,,Q606_1,POLITICAL ISLAM: DIS/AGREEMENT: RELIGIOUS LEADERS SHOULD NOT INTERFERE IN ELECTO,,,,,,,,,,
Q606_3B,1,w08,w08,w08,Q606_3B. Religious clerics should have influence over the decisions of government,w08 release label,unknown,,0,,,,,,,,,,,,,,,,,Q606_3B,Q606_3B. Religious clerics should have influence over the decisions of government
Q606_NT_3,1,w08,w08,w08,Q606_NT_3. The religious uluma should have influence over the decisions of government,w08 release label,unknown,,0,,,,,,,,,,,,,,,,,Q606_NT_3,Q606_NT_3. The religious uluma should have influence over the decisions of government
Q606_NT_3B,1,w08,w08,w08,Q606_NT_3B. The religious uluma have influence over the decisions of government,w08 release label,unknown,,0,,,,,,,,,,,,,,,,,Q606_NT_3B,Q606_NT_3B. The religious uluma have influence over the decisions of government
Q6072,1,w02,w02,w02,"q6072 The opinions of Islamic jurists and religious scholars differ with regard to their interpretations of certain issues in Islam. I want to ask to what extent you agree or disagree with some of these issues? 2. In a Muslim country, non-Muslims should en",w02 release label,unknown,,0,,,q6072,"q6072 The opinions of Islamic jurists and religious scholars differ with regard to their interpretations of certain issues in Islam. I want to ask to what extent you agree or disagree with some of these issues? 2. In a Muslim country, non-Muslims should en",,,,,,,,,,,,,,
Q6075,1,w02,w02,w02,q6075 The opinions of Islamic jurists and religious scholars differ with regard to their interpretations of certain issues in Islam. I want to ask to what extent you agree or disagree with some of these issues? 5. When a person changes his/her religion he/,w02 release label,unknown,,0,,,q6075,q6075 The opinions of Islamic jurists and religious scholars differ with regard to their interpretations of certain issues in Islam. I want to ask to what extent you agree or disagree with some of these issues? 5. When a person changes his/her religion he/,,,,,,,,,,,,,,
Q607_2,1,w05,w05,w05,INTERPRETATION ISLAM: DIS/AGREEMENT: NONMUSLIMS' RIGHTS SHOULD BE INFERIOR,w05 release label,unknown,,0,,,,,,,Q607_2,INTERPRETATION ISLAM: DIS/AGREEMENT: NONMUSLIMS' RIGHTS SHOULD BE INFERIOR,,,,,,,,,,
Q607_6,1,w05,w05,w05,INTERPRETATION ISLAM: DIS/AGREEMENT: ISLAM DOES NOT REQUIRE HIJAB,w05 release label,unknown,,0,,,,,,,Q607_6,INTERPRETATION ISLAM: DIS/AGREEMENT: ISLAM DOES NOT REQUIRE HIJAB,,,,,,,,,,
Q607_7,1,w05,w05,w05,INTERPRETATION ISLAM: DIS/AGREEMENT: BANKS SHOULD BE ALLOWED TO CHARGE INTEREST,w05 release label,unknown,,0,,,,,,,Q607_7,INTERPRETATION ISLAM: DIS/AGREEMENT: BANKS SHOULD BE ALLOWED TO CHARGE INTEREST,,,,,,,,,,
Q6081,1,w02,w02,w02,q6081 To what extent do you agree with each of these statements? 1. Religious or denominational difference should not be a reason for doubting the patriotism of any individual,w02 release label,unknown,,0,,,q6081,q6081 To what extent do you agree with each of these statements? 1. Religious or denominational difference should not be a reason for doubting the patriotism of any individual,,,,,,,,,,,,,,
Q6082,1,w02,w02,w02,q6082 To what extent do you agree with each of these statements? 2. Difference and variation between Islamic scholars with regard to their interpretation of religious matters is a good thing,w02 release label,unknown,,0,,,q6082,q6082 To what extent do you agree with each of these statements? 2. Difference and variation between Islamic scholars with regard to their interpretation of religious matters is a good thing,,,,,,,,,,,,,,
Q6083,1,w02,w02,w02,"q6083 To what extent do you agree with each of these statements? 3. In a Muslim society, a number of interpretations should be available to citizens so that they may choose that which is most appropriate to them",w02 release label,unknown,,0,,,q6083,"q6083 To what extent do you agree with each of these statements? 3. In a Muslim society, a number of interpretations should be available to citizens so that they may choose that which is most appropriate to them",,,,,,,,,,,,,,
Q6084,1,w02,w02,w02,q6084 To what extent do you agree with each of these statements? 4. There should be one interpretation of Islam and numerous interpretations should not be allowed,w02 release label,unknown,,0,,,q6084,q6084 To what extent do you agree with each of these statements? 4. There should be one interpretation of Islam and numerous interpretations should not be allowed,,,,,,,,,,,,,,
Q6085,1,w02,w02,w02,q6085 To what extent do you agree with each of these statements? 5. Disagreement with some scholars in religious interpretation should not be used to label them as non- believers,w02 release label,unknown,,0,,,q6085,q6085 To what extent do you agree with each of these statements? 5. Disagreement with some scholars in religious interpretation should not be used to label them as non- believers,,,,,,,,,,,,,,
Q6086,1,w02,w02,w02,q6086 To what extent do you agree with each of these statements? 6. Religious scholars should accept social and political opinions different from their own,w02 release label,unknown,,0,,,q6086,q6086 To what extent do you agree with each of these statements? 6. Religious scholars should accept social and political opinions different from their own,,,,,,,,,,,,,,
Q6087,1,w02,w02,w02,q6087 To what extent do you agree with each of these statements? 7. Religious minorities have the right to practice their religious ceremonies,w02 release label,unknown,,0,,,q6087,q6087 To what extent do you agree with each of these statements? 7. Religious minorities have the right to practice their religious ceremonies,,,,,,,,,,,,,,
Q609A,1,w05,w05,w05,RELIGION: FREQUENCY: PRAY,w05 release label,unknown,,0,,,,,,,Q609A,RELIGION: FREQUENCY: PRAY,,,,,,,,,,
Q6102,1,w02,w02,w02,q6102 Do you (Insert)? 2. Fast during Ramadan/Fast the 40 days of Lent (for Christians),w02 release label,unknown,,0,,,q6102,q6102 Do you (Insert)? 2. Fast during Ramadan/Fast the 40 days of Lent (for Christians),,,,,,,,,,,,,,
Q6103,1,w02,w02,w02,q6103 Do you (Insert)? 3. Watch or listen to religious programs on the radio or television,w02 release label,unknown,,0,,,q6103,q6103 Do you (Insert)? 3. Watch or listen to religious programs on the radio or television,,,,,,,,,,,,,,
Q6104,1,w02,w02,w02,q6104 Do you (Insert)? 4. Attend religious lessons in mosques or churches,w02 release label,unknown,,0,,,q6104,q6104 Do you (Insert)? 4. Attend religious lessons in mosques or churches,,,,,,,,,,,,,,
Q6105,1,w02,w02,w02,q6105 Do you (Insert)? 5. Attend Friday prayer/Sunday services,w02 release label,unknown,,0,,,q6105,q6105 Do you (Insert)? 5. Attend Friday prayer/Sunday services,,,,,,,,,,,,,,
Q6107,1,w02,w02,w02,q6107 Do you (Insert)? 7. Read religious books,w02 release label,unknown,,0,,,q6107,q6107 Do you (Insert)? 7. Read religious books,,,,,,,,,,,,,,
Q610_5A,1,w05,w05,w05,RELIGION: FREQUENCY: ATTEND FRIDAY PRAYER,w05 release label,unknown,,0,,,,,,,Q610_5A,RELIGION: FREQUENCY: ATTEND FRIDAY PRAYER,,,,,,,,,,
Q610_5B,1,w05,w05,w05,RELIGION: FREQUENCY: ATTEND SUNDAY SERVICE,w05 release label,unknown,,0,,,,,,,Q610_5B,RELIGION: FREQUENCY: ATTEND SUNDAY SERVICE,,,,,,,,,,
Q610_9,1,w05,w05,w05,RELIGION: FREQUENCY: PRAY ISTIKHARA,w05 release label,unknown,,0,,,,,,,Q610_9,RELIGION: FREQUENCY: PRAY ISTIKHARA,,,,,,,,,,
Q6111,1,w02,w02,w02,q6111 To what extent do you think the (Insert) is a criterion for an individual’s piety? 1. Attending Friday prayer/Sunday service,w02 release label,unknown,,0,,,q6111,q6111 To what extent do you think the (Insert) is a criterion for an individual’s piety? 1. Attending Friday prayer/Sunday service,,,,,,,,,,,,,,
Q6112,1,w02,w02,w02,q6112 To what extent do you think the (Insert) is a criterion for an individual’s piety? 2. Praying in a mosque/church,w02 release label,unknown,,0,,,q6112,q6112 To what extent do you think the (Insert) is a criterion for an individual’s piety? 2. Praying in a mosque/church,,,,,,,,,,,,,,
Q6113,1,w02,w02,w02,q6113 To what extent do you think the (Insert) is a criterion for an individual’s piety? 3. Fasting during Ramadan,w02 release label,unknown,,0,,,q6113,q6113 To what extent do you think the (Insert) is a criterion for an individual’s piety? 3. Fasting during Ramadan,,,,,,,,,,,,,,
Q6114,1,w02,w02,w02,q6114 To what extent do you think the (Insert) is a criterion for an individual’s piety? 4. Helping the poor,w02 release label,unknown,,0,,,q6114,q6114 To what extent do you think the (Insert) is a criterion for an individual’s piety? 4. Helping the poor,,,,,,,,,,,,,,
Q6115,1,w02,w02,w02,q6115 To what extent do you think the (Insert) is a criterion for an individual’s piety? 5. Not listening to music,w02 release label,unknown,,0,,,q6115,q6115 To what extent do you think the (Insert) is a criterion for an individual’s piety? 5. Not listening to music,,,,,,,,,,,,,,
Q6116,1,w02,w02,w02,q6116 To what extent do you think the (Insert) is a criterion for an individual’s piety? 6. Attending religious lessons,w02 release label,unknown,,0,,,q6116,q6116 To what extent do you think the (Insert) is a criterion for an individual’s piety? 6. Attending religious lessons,,,,,,,,,,,,,,
Q6117,1,w02,w02,w02,q6117 To what extent do you think the (Insert) is a criterion for an individual’s piety? 7. Not lying,w02 release label,unknown,,0,,,q6117,q6117 To what extent do you think the (Insert) is a criterion for an individual’s piety? 7. Not lying,,,,,,,,,,,,,,
Q6118,1,w02,w02,w02,q6118 To what extent do you think the (Insert) is a criterion for an individual’s piety? 8. Wearing a beard,w02 release label,unknown,,0,,,q6118,q6118 To what extent do you think the (Insert) is a criterion for an individual’s piety? 8. Wearing a beard,,,,,,,,,,,,,,
Q6119,1,w02,w02,w02,q6119 To what extent do you think the (Insert) is a criterion for an individual’s piety? 9. Wearing a hijab,w02 release label,unknown,,0,,,q6119,q6119 To what extent do you think the (Insert) is a criterion for an individual’s piety? 9. Wearing a hijab,,,,,,,,,,,,,,
Q619_1A,1,w06p3,w06p3,w06p3,Barrier to entry into workplace for women: Lack of means of transportation,w06p3 release label,unknown,,0,,,,,,,,,,,,,Q619_1A,Barrier to entry into workplace for women: Lack of means of transportation,,,,
Q619_1B,1,w06p3,w06p3,w06p3,Barrier to entry into workplace for women: Lack of childcare options,w06p3 release label,unknown,,0,,,,,,,,,,,,,Q619_1B,Barrier to entry into workplace for women: Lack of childcare options,,,,
Q619_3A,1,w06p3,w06p3,w06p3,Barrier to entry into workplace for women: Women working alongside men,w06p3 release label,unknown,,0,,,,,,,,,,,,,Q619_3A,Barrier to entry into workplace for women: Women working alongside men,,,,
Q619_4A,1,w06p3,w06p3,w06p3,Barrier to entry into workplace for women: Low wages,w06p3 release label,unknown,,0,,,,,,,,,,,,,Q619_4A,Barrier to entry into workplace for women: Low wages,,,,
Q619_5A,1,w06p3,w06p3,w06p3,Barrier to entry into workplace for women: Men are given priority for employment,w06p3 release label,unknown,,0,,,,,,,,,,,,,Q619_5A,Barrier to entry into workplace for women: Men are given priority for employment,,,,
Q620A_1,1,w07,w07,w07,Q620A. Causes personal discomfort,w07 release label,unknown,,0,,,,,,,,,,,,,,,Q620A_1,Q620A. Causes personal discomfort,,
Q620A_2,1,w07,w07,w07,Q620A. Because of a hadith*,w07 release label,unknown,,0,,,,,,,,,,,,,,,Q620A_2,Q620A. Because of a hadith*,,
Q620A_3,1,w07,w07,w07,Q620A. It is shameful,w07 release label,unknown,,0,,,,,,,,,,,,,,,Q620A_3,Q620A. It is shameful,,
Q620A_4,1,w07,w07,w07,Q620A. Causes distractions,w07 release label,unknown,,0,,,,,,,,,,,,,,,Q620A_4,Q620A. Causes distractions,,
Q620A_5,1,w07,w07,w07,Q620A. Negative reputational effects,w07 release label,unknown,,0,,,,,,,,,,,,,,,Q620A_5,Q620A. Negative reputational effects,,
Q620A_6,1,w07,w07,w07,Q620A. Risk of harassement,w07 release label,unknown,,0,,,,,,,,,,,,,,,Q620A_6,Q620A. Risk of harassement,,
Q620A_7,1,w07,w07,w07,Q620A. Empowers women to act independently,w07 release label,unknown,,0,,,,,,,,,,,,,,,Q620A_7,Q620A. Empowers women to act independently,,
Q620A_8,1,w07,w07,w07,Q620A. Other,w07 release label,unknown,,0,,,,,,,,,,,,,,,Q620A_8,Q620A. Other,,
Q620A_98,1,w07,w07,w07,Q620A. Don’t know,w07 release label,unknown,,0,,,,,,,,,,,,,,,Q620A_98,Q620A. Don’t know,,
Q620A_99,1,w07,w07,w07,Q620A. Refused to answer,w07 release label,unknown,,0,,,,,,,,,,,,,,,Q620A_99,Q620A. Refused to answer,,
Q621_1,1,w07,w07,w07,Q621_1. Lack of means of transportation,w07 release label,unknown,,0,,,,,,,,,,,,,,,Q621_1,Q621_1. Lack of means of transportation,,
Q621_2,1,w07,w07,w07,Q621_2. Lacking skills for available jobs,w07 release label,unknown,,0,,,,,,,,,,,,,,,Q621_2,Q621_2. Lacking skills for available jobs,,
Q621_3A,1,w07,w07,w07,Q621_3A. Women and men working alongside each other,w07 release label,unknown,,0,,,,,,,,,,,,,,,Q621_3A,Q621_3A. Women and men working alongside each other,,
Q622A,1,w07,w07,w07,"Q622A. In your opinion, which of the following poses the most challenging barrier to entry into the workplace for women in your country?",w07 release label,unknown,,0,,,,,,,,,,,,,,,Q622A,"Q622A. In your opinion, which of the following poses the most challenging barrier to entry into the workplace for women in your country?",,
Q622B,1,w07,w07,w07,Q622B. Which of the following poses the most challenging barrier to entry into the workplace for men in your country?,w07 release label,unknown,,0,,,,,,,,,,,,,,,Q622B,Q622B. Which of the following poses the most challenging barrier to entry into the workplace for men in your country?,,
Q622C,1,w08,w08,w08,"Q622C. In your opinion, which of the following poses the most challenging barrier to entry into the workplace for women?",w08 release label,unknown,,0,,,,,,,,,,,,,,,,,Q622C,"Q622C. In your opinion, which of the following poses the most challenging barrier to entry into the workplace for women?"
Q622C_IRQ_1,1,w08,w08,w08,Lack of available jobs,w08 release label,unknown,,0,,,,,,,,,,,,,,,,,Q622C_IRQ_1,Lack of available jobs
Q622C_IRQ_2,1,w08,w08,w08,Low wages,w08 release label,unknown,,0,,,,,,,,,,,,,,,,,Q622C_IRQ_2,Low wages
Q622C_IRQ_3,1,w08,w08,w08,Lack of legal right/protection,w08 release label,unknown,,0,,,,,,,,,,,,,,,,,Q622C_IRQ_3,Lack of legal right/protection
Q622C_IRQ_4,1,w08,w08,w08,Lack of flexibility in working hours,w08 release label,unknown,,0,,,,,,,,,,,,,,,,,Q622C_IRQ_4,Lack of flexibility in working hours
Q622C_IRQ_5,1,w08,w08,w08,Lack of childcare options,w08 release label,unknown,,0,,,,,,,,,,,,,,,,,Q622C_IRQ_5,Lack of childcare options
Q622C_IRQ_6,1,w08,w08,w08,Lack of means of transportation,w08 release label,unknown,,0,,,,,,,,,,,,,,,,,Q622C_IRQ_6,Lack of means of transportation
Q622C_IRQ_7,1,w08,w08,w08,Lack of skills or relevant education,w08 release label,unknown,,0,,,,,,,,,,,,,,,,,Q622C_IRQ_7,Lack of skills or relevant education
Q622C_IRQ_8,1,w08,w08,w08,Bias against women in hiring,w08 release label,unknown,,0,,,,,,,,,,,,,,,,,Q622C_IRQ_8,Bias against women in hiring
Q622C_IRQ_9,1,w08,w08,w08,It is considered socially unacceptable,w08 release label,unknown,,0,,,,,,,,,,,,,,,,,Q622C_IRQ_9,It is considered socially unacceptable
Q622C_IRQ_97,1,w08,w08,w08,None of these are challenges,w08 release label,unknown,,0,,,,,,,,,,,,,,,,,Q622C_IRQ_97,None of these are challenges
Q622C_IRQ_98,1,w08,w08,w08,Don’t know,w08 release label,unknown,,0,,,,,,,,,,,,,,,,,Q622C_IRQ_98,Don’t know
Q622C_IRQ_99,1,w08,w08,w08,Refused to answer,w08 release label,unknown,,0,,,,,,,,,,,,,,,,,Q622C_IRQ_99,Refused to answer
Q622E,1,w08,w08,w08,"Q622E. In your opinion, which of the following poses the most challenging barrier to entry into the workplace for men?",w08 release label,unknown,,0,,,,,,,,,,,,,,,,,Q622E,"Q622E. In your opinion, which of the following poses the most challenging barrier to entry into the workplace for men?"
Q622E_IRQ_1,1,w08,w08,w08,Lack of available jobs,w08 release label,unknown,,0,,,,,,,,,,,,,,,,,Q622E_IRQ_1,Lack of available jobs
Q622E_IRQ_2,1,w08,w08,w08,Low wages,w08 release label,unknown,,0,,,,,,,,,,,,,,,,,Q622E_IRQ_2,Low wages
Q622E_IRQ_3,1,w08,w08,w08,Lack of legal right/protection,w08 release label,unknown,,0,,,,,,,,,,,,,,,,,Q622E_IRQ_3,Lack of legal right/protection
Q622E_IRQ_4,1,w08,w08,w08,Lack of flexibility in working hours,w08 release label,unknown,,0,,,,,,,,,,,,,,,,,Q622E_IRQ_4,Lack of flexibility in working hours
Q622E_IRQ_5,1,w08,w08,w08,Lack of childcare options,w08 release label,unknown,,0,,,,,,,,,,,,,,,,,Q622E_IRQ_5,Lack of childcare options
Q622E_IRQ_6,1,w08,w08,w08,Lack of means of transportation,w08 release label,unknown,,0,,,,,,,,,,,,,,,,,Q622E_IRQ_6,Lack of means of transportation
Q622E_IRQ_7,1,w08,w08,w08,Lack of skills or relevant education,w08 release label,unknown,,0,,,,,,,,,,,,,,,,,Q622E_IRQ_7,Lack of skills or relevant education
Q622E_IRQ_8,1,w08,w08,w08,Bias against women in hiring,w08 release label,unknown,,0,,,,,,,,,,,,,,,,,Q622E_IRQ_8,Bias against women in hiring
Q622E_IRQ_9,1,w08,w08,w08,It is considered socially unacceptable,w08 release label,unknown,,0,,,,,,,,,,,,,,,,,Q622E_IRQ_9,It is considered socially unacceptable
Q622E_IRQ_97,1,w08,w08,w08,None of these are challenges,w08 release label,unknown,,0,,,,,,,,,,,,,,,,,Q622E_IRQ_97,None of these are challenges
Q622E_IRQ_98,1,w08,w08,w08,Don’t know,w08 release label,unknown,,0,,,,,,,,,,,,,,,,,Q622E_IRQ_98,Don’t know
Q622E_IRQ_99,1,w08,w08,w08,Refused to answer,w08 release label,unknown,,0,,,,,,,,,,,,,,,,,Q622E_IRQ_99,Refused to answer
Q624_1,1,w07,w07,w07,Q624_1. Who should be primarily responsible for helping children study?,w07 release label,unknown,,0,,,,,,,,,,,,,,,Q624_1,Q624_1. Who should be primarily responsible for helping children study?,,
Q624_2,1,w07,w07,w07,Q624_2. Who should be primarily responsible for budgeting and spending for the household needs?,w07 release label,unknown,,0,,,,,,,,,,,,,,,Q624_2,Q624_2. Who should be primarily responsible for budgeting and spending for the household needs?,,
Q624_5A,1,w08,w08,w08,Q624_5A. Who should be primarily responsible for deciding how much to spend on food,w08 release label,unknown,,0,,,,,,,,,,,,,,,,,Q624_5A,Q624_5A. Who should be primarily responsible for deciding how much to spend on food
Q624_5B,1,w08,w08,w08,Q624_5B. Who should be primarily responsible for deciding what types of food to buy,w08 release label,unknown,,0,,,,,,,,,,,,,,,,,Q624_5B,Q624_5B. Who should be primarily responsible for deciding what types of food to buy
Q626,1,w08,w08,w08,"Q626. Thinking of childcare options in , which of the following is the biggest problem?",w08 release label,unknown,,0,,,,,,,,,,,,,,,,,Q626,"Q626. Thinking of childcare options in , which of the following is the biggest problem?"
Q627_1,1,w08,w08,w08,Q627_1. In the workplace,w08 release label,unknown,,0,,,,,,,,,,,,,,,,,Q627_1,Q627_1. In the workplace
Q627_2,1,w08,w08,w08,Q627_2. On the street by strangers,w08 release label,unknown,,0,,,,,,,,,,,,,,,,,Q627_2,Q627_2. On the street by strangers
Q627_3,1,w08,w08,w08,Q627_3 In the home by family members,w08 release label,unknown,,0,,,,,,,,,,,,,,,,,Q627_3,Q627_3 In the home by family members
Q628_2A,1,w08,w08,w08,Q628_2A. To pursue higher education,w08 release label,unknown,,0,,,,,,,,,,,,,,,,,Q628_2A,Q628_2A. To pursue higher education
Q628_2B,1,w08,w08,w08,Q628_2B. To choose what to study in higher education,w08 release label,unknown,,0,,,,,,,,,,,,,,,,,Q628_2B,Q628_2B. To choose what to study in higher education
Q628_3A,1,w08,w08,w08,Q628_3A. To get a job,w08 release label,unknown,,0,,,,,,,,,,,,,,,,,Q628_3A,Q628_3A. To get a job
Q628_3B,1,w08,w08,w08,Q628_3B. To choose what type of job they want,w08 release label,unknown,,0,,,,,,,,,,,,,,,,,Q628_3B,Q628_3B. To choose what type of job they want
Q628_4A,1,w08,w08,w08,Q628_4A. To choose to get married,w08 release label,unknown,,0,,,,,,,,,,,,,,,,,Q628_4A,Q628_4A. To choose to get married
Q628_4B,1,w08,w08,w08,Q628_4B. To choose who to marry,w08 release label,unknown,,0,,,,,,,,,,,,,,,,,Q628_4B,Q628_4B. To choose who to marry
Q629_1,1,w08,w08,w08,She will not be able to receive assistance,w08 release label,unknown,,0,,,,,,,,,,,,,,,,,Q629_1,She will not be able to receive assistance
Q629_2,1,w08,w08,w08,A female member of the family,w08 release label,unknown,,0,,,,,,,,,,,,,,,,,Q629_2,A female member of the family
Q629_3,1,w08,w08,w08,A male member of the family,w08 release label,unknown,,0,,,,,,,,,,,,,,,,,Q629_3,A male member of the family
Q629_4,1,w08,w08,w08,The local police,w08 release label,unknown,,0,,,,,,,,,,,,,,,,,Q629_4,The local police
Q629_5,1,w08,w08,w08,A clinic or hospital,w08 release label,unknown,,0,,,,,,,,,,,,,,,,,Q629_5,A clinic or hospital
Q629_6,1,w08,w08,w08,A local organization,w08 release label,unknown,,0,,,,,,,,,,,,,,,,,Q629_6,A local organization
Q629_98,1,w08,w08,w08,Don’t know,w08 release label,unknown,,0,,,,,,,,,,,,,,,,,Q629_98,Don’t know
Q629_99,1,w08,w08,w08,Refused to answer,w08 release label,unknown,,0,,,,,,,,,,,,,,,,,Q629_99,Refused to answer
Q630,1,w08,w08,w08,"Q630. Regardless of your personal opinion, what percent of other citizens in do you think agrees that, “In general, men are better at political leadership than women”?",w08 release label,unknown,,0,,,,,,,,,,,,,,,,,Q630,"Q630. Regardless of your personal opinion, what percent of other citizens in do you think agrees that, “In general, men are better at political leadership than women”?"
Q631,1,w08,w08,w08,Q631. To what extent do you believe that having women in political leadership roles advances the women’s rights agenda in?,w08 release label,unknown,,0,,,,,,,,,,,,,,,,,Q631,Q631. To what extent do you believe that having women in political leadership roles advances the women’s rights agenda in?
Q6COVID19,1,w06p1,w06p1,w06p1,Q6COVID19. How much do you trust do you have in the statistics on the number of,w06p1 release label,unknown,,0,,,,,,,,,Q6COVID19,Q6COVID19. How much do you trust do you have in the statistics on the number of,,,,,,,,
Q7005,1,w02,w02,w02,q7005 Do you prefer that future relations between Egypt and (Insert)...? 5. France,w02 release label,unknown,,0,,,q7005,q7005 Do you prefer that future relations between Egypt and (Insert)...? 5. France,,,,,,,,,,,,,,
Q7006,1,w02,w02,w02,q7006 Do you prefer that future relations between Egypt and (Insert)...? 6. Israel,w02 release label,unknown,,0,,,q7006,q7006 Do you prefer that future relations between Egypt and (Insert)...? 6. Israel,,,,,,,,,,,,,,
Q7007,1,w04,w04,w04,,,unknown,,0,,,,,q7007,,,,,,,,,,,,,
Q7008,1,w04,w04,w04,,,unknown,,0,,,,,q7008,,,,,,,,,,,,,
Q700A_14,1,w07,w07,w07,Q700A_14. Desire for economic relations with Italy,w07 release label,unknown,,0,,,,,,,,,,,,,,,Q700A_14,Q700A_14. Desire for economic relations with Italy,,
Q700A_7,1,w08,w08,w08,Q700A_7 Qatar,w08 release label,unknown,,0,,,,,,,,,,,,,,,,,Q700A_7,Q700A_7 Qatar
Q700A_9,1,w05,w05,w05,ECONOMIC RELATIONS: PREFERENCE: QATAR,w05 release label,unknown,,0,,,,,,,Q700A_9,ECONOMIC RELATIONS: PREFERENCE: QATAR,,,,,,,,,,
Q700B_14,1,w07,w07,w07,Q700B_14.Favorability of Italy,w07 release label,unknown,,0,,,,,,,,,,,,,,,Q700B_14,Q700B_14.Favorability of Italy,,
Q700B_23,1,w06p3,w06p3,w06p3,Favorability: Germany,w06p3 release label,unknown,,0,,,,,,,,,,,,,Q700B_23,Favorability: Germany,,,,
Q700B_24,1,w07,w07,w07,Q700B_24. Favorability of The United Nations,w07 release label,unknown,,0,,,,,,,,,,,,,,,Q700B_24,Q700B_24. Favorability of The United Nations,,
Q700B_6,1,w08,w08,w08,Q700B_6 Israel,w08 release label,unknown,,0,,,,,,,,,,,,,,,,,Q700B_6,Q700B_6 Israel
Q700B_7,1,w08,w08,w08,Q700B_7 Qatar,w08 release label,unknown,,0,,,,,,,,,,,,,,,,,Q700B_7,Q700B_7 Qatar
Q7011SY,1,w04,w04,w04,,,unknown,,0,,,,,q7011sy,,,,,,,,,,,,,
Q7012SY,1,w04,w04,w04,,,unknown,,0,,,,,q7012sy,,,,,,,,,,,,,
Q7013SY,1,w04,w04,w04,,,unknown,,0,,,,,q7013sy,,,,,,,,,,,,,
Q7014,1,w04,w04,w04,,,unknown,,0,,,,,q7014,,,,,,,,,,,,,
Q7014SY,1,w04,w04,w04,,,unknown,,0,,,,,q7014sy,,,,,,,,,,,,,
Q701B,1,w04,w04,w04,People disagree on whether the world becomingmore connected is a good thing. Some think it isgood because it makes your society more culturallydiverse. Others think it is bad because it diminishestraditional values. Do you think the world becomingmore connected is good or bad for society?,w04 questionnaire,unknown,,0,,w04,,,q701b,People disagree on whether the world becomingmore connected is a good thing. Some think it isgood because it makes your society more culturallydiverse. Others think it is bad because it diminishestraditional values. Do you think the world becomingmore connected is good or bad for society?,,,,,,,,,,,,
Q701C_1,1,w05,w05,w05,FOREIGN AID: PREFERENCE: USA,w05 release label,unknown,,0,,,,,,,Q701C_1,FOREIGN AID: PREFERENCE: USA,,,,,,,,,,
Q701C_2,1,w05,w05,w05,FOREIGN AID: PREFERENCE: EU,w05 release label,unknown,,0,,,,,,,Q701C_2,FOREIGN AID: PREFERENCE: EU,,,,,,,,,,
Q701C_3,1,w05,w05,w05,FOREIGN AID: PREFERENCE: RUSSIA,w05 release label,unknown,,0,,,,,,,Q701C_3,FOREIGN AID: PREFERENCE: RUSSIA,,,,,,,,,,
Q701C_4,1,w05,w05,w05,FOREIGN AID: PREFERENCE: SAUDI,w05 release label,unknown,,0,,,,,,,Q701C_4,FOREIGN AID: PREFERENCE: SAUDI,,,,,,,,,,
Q701C_5,1,w05,w05,w05,FOREIGN AID: PREFERENCE: CHINA,w05 release label,unknown,,0,,,,,,,Q701C_5,FOREIGN AID: PREFERENCE: CHINA,,,,,,,,,,
Q701C_6,1,w05,w05,w05,FOREIGN AID: PREFERENCE: UK,w05 release label,unknown,,0,,,,,,,Q701C_6,FOREIGN AID: PREFERENCE: UK,,,,,,,,,,
Q701F_1,1,w05,w05,w05,FOREIGN AID: BENEFICIARIES: CHARITIES/CIVIL SOCIETY ORGANIZATIONS,w05 release label,unknown,,0,,,,,,,Q701F_1,FOREIGN AID: BENEFICIARIES: CHARITIES/CIVIL SOCIETY ORGANIZATIONS,,,,,,,,,,
Q701F_2,1,w05,w05,w05,FOREIGN AID: BENEFICIARIES: ORDINARY CITIZENS,w05 release label,unknown,,0,,,,,,,Q701F_2,FOREIGN AID: BENEFICIARIES: ORDINARY CITIZENS,,,,,,,,,,
Q701F_3,1,w05,w05,w05,FOREIGN AID: BENEFICIARIES: GOVERNMENT,w05 release label,unknown,,0,,,,,,,Q701F_3,FOREIGN AID: BENEFICIARIES: GOVERNMENT,,,,,,,,,,
Q701G_1,1,w05,w05,w05,FOREIGN AID: MOTIVATION: ECONOMIC DEVELOPMENT,w05 release label,unknown,,0,,,,,,,Q701G_1,FOREIGN AID: MOTIVATION: ECONOMIC DEVELOPMENT,,,,,,,,,,
Q701G_2,1,w05,w05,w05,FOREIGN AID: MOTIVATION: INTERNAL STABILITY,w05 release label,unknown,,0,,,,,,,Q701G_2,FOREIGN AID: MOTIVATION: INTERNAL STABILITY,,,,,,,,,,
Q701G_3,1,w05,w05,w05,FOREIGN AID: MOTIVATION: EMPOWER CIVIL SOCIETY ORGANIZATIONS,w05 release label,unknown,,0,,,,,,,Q701G_3,FOREIGN AID: MOTIVATION: EMPOWER CIVIL SOCIETY ORGANIZATIONS,,,,,,,,,,
Q701G_4,1,w05,w05,w05,FOREIGN AID: MOTIVATION: IMPROVEMENT OF LIFE OF ORDINARY CITIZENS,w05 release label,unknown,,0,,,,,,,Q701G_4,FOREIGN AID: MOTIVATION: IMPROVEMENT OF LIFE OF ORDINARY CITIZENS,,,,,,,,,,
Q701G_5,1,w05,w05,w05,FOREIGN AID: MOTIVATION: GAINING INFLUENCE OVER COUNTRY,w05 release label,unknown,,0,,,,,,,Q701G_5,FOREIGN AID: MOTIVATION: GAINING INFLUENCE OVER COUNTRY,,,,,,,,,,
Q701H,1,w05,w05,w05,FOREIGN AID: MAIN MOTIVATION,w05 release label,unknown,,0,,,,,,,Q701H,FOREIGN AID: MAIN MOTIVATION,,,,,,,,,,
Q702,1,w02,w02,w02,"q702 During the past five years, did you spend time in a Western country (European country, Canada, the United States)?",w02 release label,unknown,,0,,,q702,"q702 During the past five years, did you spend time in a Western country (European country, Canada, the United States)?",,,,,,,,,,,,,,
Q706,1,w02,w02,w02,q706 Do you agree or disagree with the following statement: The United States’ interference in the region justifies armed operations against the United States everywhere,w02 release label,unknown,,0,,,q706,q706 Do you agree or disagree with the following statement: The United States’ interference in the region justifies armed operations against the United States everywhere,,,,,,,,,,,,,,
Q706A,1,w05,w05,w05,DIS/AGREEMENT: VIOLENCE AGAINST US LOGICAL CONSEQUENCE OF INTERFERENCE IN REGION,w05 release label,unknown,,0,,,,,,,Q706A,DIS/AGREEMENT: VIOLENCE AGAINST US LOGICAL CONSEQUENCE OF INTERFERENCE IN REGION,,,,,,,,,,
Q706B,1,w05,w05,w05,EVALUATION: VIOLENCE JUSTIFIED VS VIOLENCE NEVER JUSTIFIED,w05 release label,unknown,,0,,,,,,,Q706B,EVALUATION: VIOLENCE JUSTIFIED VS VIOLENCE NEVER JUSTIFIED,,,,,,,,,,
Q707GCC_1,1,w07,w07,w07,"'Q707GCC_1. Irrespective of their country's foreign policies, rating of most American citizens",w07 release label,unknown,,0,,,,,,,,,,,,,,,Q707GCC_1,"'Q707GCC_1. Irrespective of their country's foreign policies, rating of most American citizens",,
Q707GCC_14,1,w07,w07,w07,"'Q707GCC_14. Irrespective of their country's foreign policies, rating of most Italian citizens",w07 release label,unknown,,0,,,,,,,,,,,,,,,Q707GCC_14,"'Q707GCC_14. Irrespective of their country's foreign policies, rating of most Italian citizens",,
Q707GCC_5,1,w07,w07,w07,"Q707GCC_5. Irrespective of their country's foreign policies, rating of most Turkish citizens",w07 release label,unknown,,0,,,,,,,,,,,,,,,Q707GCC_5,"Q707GCC_5. Irrespective of their country's foreign policies, rating of most Turkish citizens",,
Q707GCC_7,1,w07,w07,w07,"'Q707GCC_7. Irrespective of their country's foreign policies, rating of most Chinese citizens",w07 release label,unknown,,0,,,,,,,,,,,,,,,Q707GCC_7,"'Q707GCC_7. Irrespective of their country's foreign policies, rating of most Chinese citizens",,
Q707GCC_8,1,w07,w07,w07,"Q707GCC_8. Irrespective of their country's foreign policies, rating of most French citizens",w07 release label,unknown,,0,,,,,,,,,,,,,,,Q707GCC_8,"Q707GCC_8. Irrespective of their country's foreign policies, rating of most French citizens",,
Q707_1,1,w05,w05,w05,DIS/AGREEMENT: AMERICANS GOOD PEOPLE,w05 release label,unknown,,0,,,,,,,Q707_1,DIS/AGREEMENT: AMERICANS GOOD PEOPLE,,,,,,,,,,
Q707_2,1,w05,w05,w05,DIS/AGREEMENT: SAUDIS GOOD PEOPLE,w05 release label,unknown,,0,,,,,,,Q707_2,DIS/AGREEMENT: SAUDIS GOOD PEOPLE,,,,,,,,,,
Q707_3,1,w05,w05,w05,DIS/AGREEMENT: RUSSIANS GOOD PEOPLE,w05 release label,unknown,,0,,,,,,,Q707_3,DIS/AGREEMENT: RUSSIANS GOOD PEOPLE,,,,,,,,,,
Q707_4,1,w05,w05,w05,DIS/AGREEMENT: QATARI GOOD PEOPLE,w05 release label,unknown,,0,,,,,,,Q707_4,DIS/AGREEMENT: QATARI GOOD PEOPLE,,,,,,,,,,
Q707_5,1,w05,w05,w05,DIS/AGREEMENT: TURKISH GOOD PEOPLE,w05 release label,unknown,,0,,,,,,,Q707_5,DIS/AGREEMENT: TURKISH GOOD PEOPLE,,,,,,,,,,
Q707_6,1,w05,w05,w05,DIS/AGREEMENT: IRANIANS GOOD PEOPLE,w05 release label,unknown,,0,,,,,,,Q707_6,DIS/AGREEMENT: IRANIANS GOOD PEOPLE,,,,,,,,,,
Q707_7,1,w05,w05,w05,DIS/AGREEMENT: CHINESE GOOD PEOPLE,w05 release label,unknown,,0,,,,,,,Q707_7,DIS/AGREEMENT: CHINESE GOOD PEOPLE,,,,,,,,,,
Q707_8,1,w05,w05,w05,DIS/AGREEMENT: BRITISH GOOD PEOPLE,w05 release label,unknown,,0,,,,,,,Q707_8,DIS/AGREEMENT: BRITISH GOOD PEOPLE,,,,,,,,,,
Q709,1,w02,w02,w02,q709 Which of the following statements is closest to your opinion with regard to the Palestinian question?,w02 release label,unknown,,0,,,q709,q709 Which of the following statements is closest to your opinion with regard to the Palestinian question?,,,,,,,,,,,,,,
Q709A,1,w04,w04,w04,Do you support or oppose the solution to theArab-Israeli conflict based on the establishment of aPalestinian State alongside Israel known as thetwo-state solution?,w04 questionnaire,unknown,,0,,w04,,,q709a,Do you support or oppose the solution to theArab-Israeli conflict based on the establishment of aPalestinian State alongside Israel known as thetwo-state solution?,,,,,,,,,,,,
Q709AOPPOSE,1,w04,w04,w04,,,unknown,,0,,,,,q709aoppose,,,,,,,,,,,,,
Q709B,1,w05,w05,w05,DIS/AGREEMENT: GOOD FOR REGION TO COORDINATE FOREIGN POLICY WITH ISRAEL'S,w05 release label,unknown,,0,,,,,,,Q709B,DIS/AGREEMENT: GOOD FOR REGION TO COORDINATE FOREIGN POLICY WITH ISRAEL'S,,,,,,,,,,
Q710,1,w02,w02,w02,"q710 There is a proposal that after the establishment of an independent Palestinian state and a permanent solution to all of the problems in the conflict with Israel, including Jerusalem and the refugees, that there should be mutual recognition of Israel a",w02 release label,unknown,,0,,,q710,"q710 There is a proposal that after the establishment of an independent Palestinian state and a permanent solution to all of the problems in the conflict with Israel, including Jerusalem and the refugees, that there should be mutual recognition of Israel a",,,,,,,,,,,,,,
Q7111,1,w02,w02,w02,q7111 To what extent do you agree or disagree with the following statements: 1. The Arab-Israeli conflict is an obstacle to political reform in your country,w02 release label,unknown,,0,,,q7111,q7111 To what extent do you agree or disagree with the following statements: 1. The Arab-Israeli conflict is an obstacle to political reform in your country,,,,,,,,,,,,,,
Q7112,1,w02,w02,w02,"q7112 To what extent do you agree or disagree with the following statements: 2. In order to eliminate global terrorism, the Palestine issue must be solved",w02 release label,unknown,,0,,,q7112,"q7112 To what extent do you agree or disagree with the following statements: 2. In order to eliminate global terrorism, the Palestine issue must be solved",,,,,,,,,,,,,,
Q7113,1,w02,w02,w02,q7113 To what extent do you agree or disagree with the following statements: 3. Foreign interference is an obstacle to reform in your country,w02 release label,unknown,,0,,,q7113,q7113 To what extent do you agree or disagree with the following statements: 3. Foreign interference is an obstacle to reform in your country,,,,,,,,,,,,,,
Q7114,1,w04,w04,w04,,,unknown,,0,,,,,q7114,,,,,,,,,,,,,
Q7115,1,w04,w04,w04,,,unknown,,0,,,,,q7115,,,,,,,,,,,,,
Q713,1,w04,w04,w04,What policy do you think would be the mostpositive thing that the US could do in your country? [Only one option may be chosen],w04 questionnaire,unknown,,0,,w04,,,q713,What policy do you think would be the mostpositive thing that the US could do in your country? [Only one option may be chosen],,,,,,,,,,,,
Q714,1,w04,w04,w04,What country poses the greatest threat to stabilityin your country? (Open-ended; do not read responseoptions),w04 questionnaire,unknown,,0,,w04,,,q714,What country poses the greatest threat to stabilityin your country? (Open-ended; do not read responseoptions),,,,,,,,,,,,
Q7141B,1,w05,w05,w05,GREATEST THREAT: WELLBEING,w05 release label,unknown,,0,,,,,,,Q7141B,GREATEST THREAT: WELLBEING,,,,,,,,,,
Q714JO,1,w04,w04,w04,Are you more supportive of the Syrian governmentor the Syrian opposition? (Not asked inQatar),w04 questionnaire,unknown,,0,,w04,,,q714jo,Are you more supportive of the Syrian governmentor the Syrian opposition? (Not asked inQatar),,,,,,,,,,,,
Q714OTHER,1,w04,w04,w04,Other country Specify,w04 questionnaire,unknown,,0,,w04,,,q714other,Other country Specify,,,,,,,,,,,,
Q725_15,1,w06p3,w06p3,w06p3,Foreign policy evaluation of French President Emmanuel Macron,w06p3 release label,unknown,,0,,,,,,,,,,,,,Q725_15,Foreign policy evaluation of French President Emmanuel Macron,,,,
Q725_23,1,w06p3,w06p3,w06p3,Foreign policy evaluation of German Prime Minister Angela Merkel,w06p3 release label,unknown,,0,,,,,,,,,,,,,Q725_23,Foreign policy evaluation of German Prime Minister Angela Merkel,,,,
Q727_1,1,w06p3,w06p3,w06p3,Infrastructure contract: Which country would build the highest quality?,w06p3 release label,unknown,,0,,,,,,,,,,,,,Q727_1,Infrastructure contract: Which country would build the highest quality?,,,,
Q727_1B,1,w07,w07,w07,Q727_1B. Which country would build the lowest quality project?,w07 release label,unknown,,0,,,,,,,,,,,,,,,Q727_1B,Q727_1B. Which country would build the lowest quality project?,,
Q727_2B,1,w07,w07,w07,Q727_2B. Which country would build it for the most amount of money?,w07 release label,unknown,,0,,,,,,,,,,,,,,,Q727_2B,Q727_2B. Which country would build it for the most amount of money?,,
Q727_3A,1,w07,w07,w07,Q727_3A. What country would be least likely to pay bribes to get the contract?,w07 release label,unknown,,0,,,,,,,,,,,,,,,Q727_3A,Q727_3A. What country would be least likely to pay bribes to get the contract?,,
Q727_3B,1,w07,w07,w07,Q727_3B. What country would most likely to pay bribes to get the contract?,w07 release label,unknown,,0,,,,,,,,,,,,,,,Q727_3B,Q727_3B. What country would most likely to pay bribes to get the contract?,,
Q727_4,1,w06p3,w06p3,w06p3,Infrastructure contract: Which country would treat the local workforce the best?,w06p3 release label,unknown,,0,,,,,,,,,,,,,Q727_4,Infrastructure contract: Which country would treat the local workforce the best?,,,,
Q727_4A,1,w07,w07,w07,Q727_4A. Which country would pay the best salaries?,w07 release label,unknown,,0,,,,,,,,,,,,,,,Q727_4A,Q727_4A. Which country would pay the best salaries?,,
Q727_5D,1,w07,w07,w07,Q727_5D. Which country would you prefer to get the contract?,w07 release label,unknown,,0,,,,,,,,,,,,,,,Q727_5D,Q727_5D. Which country would you prefer to get the contract?,,
Q728_1,1,w06p1,w06p1,w06p1,Threat to national security: The development of Chinese economic power,w06p1 release label,unknown,,0,,,,,,,,,Q728_1,Threat to national security: The development of Chinese economic power,,,,,,,,
Q728_2,1,w06p1,w06p1,w06p1,Threat to national security: The development of American economic power,w06p1 release label,unknown,,0,,,,,,,,,Q728_2,Threat to national security: The development of American economic power,,,,,,,,
Q728_3,1,w06p1,w06p1,w06p1,Threat to national security: COVID-19,w06p1 release label,unknown,,0,,,,,,,,,Q728_3,Threat to national security: COVID-19,,,,,,,,
Q728_6A,1,w07,w07,w07,Q728_5A. Russia’s influence in Libya,w07 release label,unknown,,0,,,,,,,,,,,,,,,Q728_6A,Q728_5A. Russia’s influence in Libya,,
Q728_6B,1,w07,w07,w07,Q728_5B. Turkey’s influence in Libya,w07 release label,unknown,,0,,,,,,,,,,,,,,,Q728_6B,Q728_5B. Turkey’s influence in Libya,,
Q728_7,1,w08,w08,w08,Q728_7 Climate change,w08 release label,unknown,,0,,,,,,,,,,,,,,,,,Q728_7,Q728_7 Climate change
Q729B_3,1,w08,w08,w08,Q729B_3 Strengthens education initiatives,w08 release label,unknown,,0,,,,,,,,,,,,,,,,,Q729B_3,Q729B_3 Strengthens education initiatives
Q729B_5,1,w08,w08,w08,Q729B_5 Advances women’s rights,w08 release label,unknown,,0,,,,,,,,,,,,,,,,,Q729B_5,Q729B_5 Advances women’s rights
Q729B_6,1,w08,w08,w08,Q729B_6 Strengthens civil society,w08 release label,unknown,,0,,,,,,,,,,,,,,,,,Q729B_6,Q729B_6 Strengthens civil society
Q729_3A,1,w06p2,w06p2,w06p2,Q729_3A Advances women’s rights,w06p2 release label,unknown,,0,,,,,,,,,,,Q729_3A,Q729_3A Advances women’s rights,,,,,,
Q729_3B,1,w06p2,w06p2,w06p2,Q729_3B Strengthens civil society,w06p2 release label,unknown,,0,,,,,,,,,,,Q729_3B,Q729_3B Strengthens civil society,,,,,,
Q730C,1,w07,w07,w07,"Q730C Among the following options, what should the first priority of the United Nations be in the region?",w07 release label,unknown,,0,,,,,,,,,,,,,,,Q730C,"Q730C Among the following options, what should the first priority of the United Nations be in the region?",,
Q730D,1,w07,w07,w07,"Q730D And among these following options, what should the first priority of the United Nations be in the region?",w07 release label,unknown,,0,,,,,,,,,,,,,,,Q730D,"Q730D And among these following options, what should the first priority of the United Nations be in the region?",,
Q730E,1,w07,w07,w07,Q730E. Which do you think is a more important item for the UN to work on?,w07 release label,unknown,,0,,,,,,,,,,,,,,,Q730E,Q730E. Which do you think is a more important item for the UN to work on?,,
Q731,1,w06p2,w06p2,w06p2,"Q731 In your opinion, which of the following countries in MENA is most in need o",w06p2 release label,unknown,,0,,,,,,,,,,,Q731,"Q731 In your opinion, which of the following countries in MENA is most in need o",,,,,,
Q731_1,1,w08,w08,w08,Q731_1 Protecting freedoms and rights,w08 release label,unknown,,0,,,,,,,,,,,,,,,,,Q731_1,Q731_1 Protecting freedoms and rights
Q731_2,1,w08,w08,w08,Q731_2 Promoting economic development,w08 release label,unknown,,0,,,,,,,,,,,,,,,,,Q731_2,Q731_2 Promoting economic development
Q731_3,1,w08,w08,w08,Q731_3 Tackling climate change,w08 release label,unknown,,0,,,,,,,,,,,,,,,,,Q731_3,Q731_3 Tackling climate change
Q731_4,1,w08,w08,w08,Q731_4 Maintaining regional security,w08 release label,unknown,,0,,,,,,,,,,,,,,,,,Q731_4,Q731_4 Maintaining regional security
Q731_5,1,w08,w08,w08,Q731_5 Addressing the Israeli-Palestinian conflict,w08 release label,unknown,,0,,,,,,,,,,,,,,,,,Q731_5,Q731_5 Addressing the Israeli-Palestinian conflict
Q732,1,w06p2,w06p2,w06p2,Q732 To what extent do you think that American foreign policy toward MENA will c,w06p2 release label,unknown,,0,,,,,,,,,,,Q732,Q732 To what extent do you think that American foreign policy toward MENA will c,,,,,,
Q732B,1,w06p3,w06p3,w06p3,To what extent do you think that American foreign policy toward the Middle East,w06p3 release label,unknown,,0,,,,,,,,,,,,,Q732B,To what extent do you think that American foreign policy toward the Middle East,,,,
Q732C,1,w07,w07,w07,"Q732C. In your opinion, are the Biden administration’s policies toward the Middle East and North Africa better, the same as, or worse than the Trump administration’s?",w07 release label,unknown,,0,,,,,,,,,,,,,,,Q732C,"Q732C. In your opinion, are the Biden administration’s policies toward the Middle East and North Africa better, the same as, or worse than the Trump administration’s?",,
Q733_1,1,w06p2,w06p2,w06p2,Q733_1 The region,w06p2 release label,unknown,,0,,,,,,,,,,,Q733_1,Q733_1 The region,,,,,,
Q733_2,1,w06p2,w06p2,w06p2,Q733_2 Ending the crisis in Syria,w06p2 release label,unknown,,0,,,,,,,,,,,Q733_2,Q733_2 Ending the crisis in Syria,,,,,,
Q733_3,1,w06p2,w06p2,w06p2,Q733_3 A just solution to the Israeli- Palestinian question,w06p2 release label,unknown,,0,,,,,,,,,,,Q733_3,Q733_3 A just solution to the Israeli- Palestinian question,,,,,,
Q733_4,1,w06p2,w06p2,w06p2,Q733_4 Defending human rights in the region,w06p2 release label,unknown,,0,,,,,,,,,,,Q733_4,Q733_4 Defending human rights in the region,,,,,,
Q733_5,1,w06p2,w06p2,w06p2,Q733_5 Your country,w06p2 release label,unknown,,0,,,,,,,,,,,Q733_5,Q733_5 Your country,,,,,,
Q734,1,w06p2,w06p2,w06p2,Q734 To what extent do you favor or oppose the normalization of relations betwee,w06p2 release label,unknown,,0,,,,,,,,,,,Q734,Q734 To what extent do you favor or oppose the normalization of relations betwee,,,,,,
Q734A,1,w06p3,w06p3,w06p3,To what extent do you favor or oppose the normalization of relations between the,w06p3 release label,unknown,,0,,,,,,,,,,,,,Q734A,To what extent do you favor or oppose the normalization of relations between the,,,,
Q735,1,w06p2,w06p2,w06p2,Q735 To what extent do you favor or oppose the decision of the Sudan to separate,w06p2 release label,unknown,,0,,,,,,,,,,,Q735,Q735 To what extent do you favor or oppose the decision of the Sudan to separate,,,,,,
Q737_1,1,w07,w07,w07,"Q737_1. In your opinion, which two of the following steps would most allow for the situation in Syria to improve?",w07 release label,unknown,,0,,,,,,,,,,,,,,,Q737_1,"Q737_1. In your opinion, which two of the following steps would most allow for the situation in Syria to improve?",,
Q737_2,1,w07,w07,w07,"Q737_2. In your opinion, which two of the following steps would most allow for the situation in Syria to improve?",w07 release label,unknown,,0,,,,,,,,,,,,,,,Q737_2,"Q737_2. In your opinion, which two of the following steps would most allow for the situation in Syria to improve?",,
Q744,1,w07,w07,w07,Q744 To what extent do you favor or oppose the withdrawal of American military troops from Afghanistan?,w07 release label,unknown,,0,,,,,,,,,,,,,,,Q744,Q744 To what extent do you favor or oppose the withdrawal of American military troops from Afghanistan?,,
Q826,1,w04,w04,w04,Does Daesh pose a threat to our country?,w04 questionnaire,unknown,,0,,w04,,,q826,Does Daesh pose a threat to our country?,,,,,,,,,,,,
Q827,1,w04,w04,w04,Does Daesh pose a threat to the Arab region?,w04 questionnaire,unknown,,0,,w04,,,q827,Does Daesh pose a threat to the Arab region?,,,,,,,,,,,,
Q828,1,w04,w04,w04,To what extent do you believe Daesh’s tactics arecompatible with the teachings of Islam?,w04 questionnaire,unknown,,0,,w04,,,q828,To what extent do you believe Daesh’s tactics arecompatible with the teachings of Islam?,,,,,,,,,,,,
Q829,1,w04,w04,w04,To what extent do you agree with the goals ofDaesh?,w04 questionnaire,unknown,,0,,w04,,,q829,To what extent do you agree with the goals ofDaesh?,,,,,,,,,,,,
Q830,1,w04,w04,w04,To what extent do you support Daesh’s use ofviolence?,w04 questionnaire,unknown,,0,,w04,,,q830,To what extent do you support Daesh’s use ofviolence?,,,,,,,,,,,,
Q831,1,w04,w04,w04,Who or what do you think is responsible for creatingDaesh? (Open-ended; do not read responses),w04 questionnaire,unknown,,0,,w04,,,q831,Who or what do you think is responsible for creatingDaesh? (Open-ended; do not read responses),,,,,,,,,,,,
Q831OTHER,1,w04,w04,w04,Other Specify,w04 questionnaire,unknown,,0,,w04,,,q831other,Other Specify,,,,,,,,,,,,
Q832,1,w04,w04,w04,"In your opinion, which of the following potentialsolutions do you favor to end the civil conflict inSyria? (Open-ended; do not read responses)",w04 questionnaire,unknown,,0,,w04,,,q832,"In your opinion, which of the following potentialsolutions do you favor to end the civil conflict inSyria? (Open-ended; do not read responses)",,,,,,,,,,,,
Q832A,1,w04,w04,w04,There have been recent discussions about a possiblemilitary solution and airstrikes by coalition forces.Which of the following statements is closest to yourpoint of view? (Egypt and Tunisia only),w04 questionnaire,unknown,,0,,w04,,,q832a,There have been recent discussions about a possiblemilitary solution and airstrikes by coalition forces.Which of the following statements is closest to yourpoint of view? (Egypt and Tunisia only),,,,,,,,,,,,
Q832OTHER,1,w04,w04,w04,Other Specify,w04 questionnaire,unknown,,0,,w04,,,q832other,Other Specify,,,,,,,,,,,,
Q8341,1,w04,w04,w04,,,unknown,,0,,,,,q8341,,,,,,,,,,,,,
Q8342,1,w04,w04,w04,,,unknown,,0,,,,,q8342,,,,,,,,,,,,,
Q8343,1,w04,w04,w04,,,unknown,,0,,,,,q8343,,,,,,,,,,,,,
Q8344,1,w04,w04,w04,,,unknown,,0,,,,,q8344,,,,,,,,,,,,,
Q8345,1,w04,w04,w04,,,unknown,,0,,,,,q8345,,,,,,,,,,,,,
Q841,1,w05,w05,w05,EVALUATION: ARAB REGION TENSIONS: RELIGIOUS DIVIDE VS SECTARIAN DIVIDE,w05 release label,unknown,,0,,,,,,,Q841,EVALUATION: ARAB REGION TENSIONS: RELIGIOUS DIVIDE VS SECTARIAN DIVIDE,,,,,,,,,,
Q851A,1,w05,w05,w05,DOMESTIC VIOLENCE: PREVALENCE,w05 release label,unknown,,0,,,,,,,Q851A,DOMESTIC VIOLENCE: PREVALENCE,,,,,,,,,,
Q851B,1,w05,w05,w05,DOMESTIC VIOLENCE: PREVALENCE PAST 12 MONTHS,w05 release label,unknown,,0,,,,,,,Q851B,DOMESTIC VIOLENCE: PREVALENCE PAST 12 MONTHS,,,,,,,,,,
Q851C,1,w05,w05,w05,DOMESTIC VIOLENCE: GENDER VICTIM,w05 release label,unknown,,0,,,,,,,Q851C,DOMESTIC VIOLENCE: GENDER VICTIM,,,,,,,,,,
Q851D_1,1,w05,w05,w05,DOMESTIC VIOLENCE: SUPPORT: ACTORS: FEMALE RELATIVE,w05 release label,unknown,,0,,,,,,,Q851D_1,DOMESTIC VIOLENCE: SUPPORT: ACTORS: FEMALE RELATIVE,,,,,,,,,,
Q851D_2,1,w05,w05,w05,DOMESTIC VIOLENCE: SUPPORT: ACTORS: MALE RELATIVE,w05 release label,unknown,,0,,,,,,,Q851D_2,DOMESTIC VIOLENCE: SUPPORT: ACTORS: MALE RELATIVE,,,,,,,,,,
Q851D_3,1,w05,w05,w05,DOMESTIC VIOLENCE: SUPPORT: ACTORS: LOCAL POLICE,w05 release label,unknown,,0,,,,,,,Q851D_3,DOMESTIC VIOLENCE: SUPPORT: ACTORS: LOCAL POLICE,,,,,,,,,,
Q851D_4,1,w05,w05,w05,DOMESTIC VIOLENCE: SUPPORT: ACTORS: HOSPITAL,w05 release label,unknown,,0,,,,,,,Q851D_4,DOMESTIC VIOLENCE: SUPPORT: ACTORS: HOSPITAL,,,,,,,,,,
Q851D_5,1,w05,w05,w05,DOMESTIC VIOLENCE: SUPPORT: ACTORS: LOCAL ORGANIZATION,w05 release label,unknown,,0,,,,,,,Q851D_5,DOMESTIC VIOLENCE: SUPPORT: ACTORS: LOCAL ORGANIZATION,,,,,,,,,,
Q851D_6,1,w05,w05,w05,DOMESTIC VIOLENCE: SUPPORT: ACTORS: NONE OF THESE,w05 release label,unknown,,0,,,,,,,Q851D_6,DOMESTIC VIOLENCE: SUPPORT: ACTORS: NONE OF THESE,,,,,,,,,,
Q851D_7,1,w05,w05,w05,DOMESTIC VIOLENCE: SUPPORT: ACTORS: OTHER,w05 release label,unknown,,0,,,,,,,Q851D_7,DOMESTIC VIOLENCE: SUPPORT: ACTORS: OTHER,,,,,,,,,,
Q851D_98,1,w05,w05,w05,DOMESTIC VIOLENCE: SUPPORT: ACTORS: DON'T KNOW,w05 release label,unknown,,0,,,,,,,Q851D_98,DOMESTIC VIOLENCE: SUPPORT: ACTORS: DON'T KNOW,,,,,,,,,,
Q851D_99,1,w05,w05,w05,DOMESTIC VIOLENCE: SUPPORT: ACTORS: REFUSED,w05 release label,unknown,,0,,,,,,,Q851D_99,DOMESTIC VIOLENCE: SUPPORT: ACTORS: REFUSED,,,,,,,,,,
Q851_E1,1,w05,w05,w05,VERBAL SEXUAL HARASSMENT: FREQUENCY,w05 release label,unknown,,0,,,,,,,Q851_E1,VERBAL SEXUAL HARASSMENT: FREQUENCY,,,,,,,,,,
Q851_E2,1,w05,w05,w05,PHYSICAL SEXUAL HARASSMENT: FREQUENCY,w05 release label,unknown,,0,,,,,,,Q851_E2,PHYSICAL SEXUAL HARASSMENT: FREQUENCY,,,,,,,,,,
Q852,1,w05,w05,w05,WELLBEING: BODY IMAGE,w05 release label,unknown,,0,,,,,,,Q852,WELLBEING: BODY IMAGE,,,,,,,,,,
Q853A,1,w05,w05,w05,WELLBEING: BODY IMAGE:IMPORTANCE LIVING UP TO BODY IMAGE (MALES),w05 release label,unknown,,0,,,,,,,Q853A,WELLBEING: BODY IMAGE:IMPORTANCE LIVING UP TO BODY IMAGE (MALES),,,,,,,,,,
Q853B,1,w05,w05,w05,WELLBEING: BODY IMAGE:IMPORTANCE LIVING UP TO BODY IMAGE (FEMALES),w05 release label,unknown,,0,,,,,,,Q853B,WELLBEING: BODY IMAGE:IMPORTANCE LIVING UP TO BODY IMAGE (FEMALES),,,,,,,,,,
Q854,1,w05,w05,w05,WELLBEING: DIS/AGREEMENT: FREE TO MAKE DECISION FOR MYSELF,w05 release label,unknown,,0,,,,,,,Q854,WELLBEING: DIS/AGREEMENT: FREE TO MAKE DECISION FOR MYSELF,,,,,,,,,,
Q855A,1,w05,w05,w05,WELLBEING: STRESS,w05 release label,unknown,,0,,,,,,,Q855A,WELLBEING: STRESS,,,,,,,,,,
Q855B,1,w05,w05,w05,WELLBEING: DEPRESSSION,w05 release label,unknown,,0,,,,,,,Q855B,WELLBEING: DEPRESSSION,,,,,,,,,,
Q860A,1,w05,w05,w05,,,unknown,,0,,,,,,,Q860A,,,,,,,,,,,
Q860B,1,w05,w05,w05,,,unknown,,0,,,,,,,Q860B,,,,,,,,,,,
Q860C,1,w05,w05,w05,,,unknown,,0,,,,,,,Q860C,,,,,,,,,,,
Q860D,1,w05,w05,w05,,,unknown,,0,,,,,,,Q860D,,,,,,,,,,,
Q861,1,w07,w07,w07,"Q861. When you hear someone who is from a Western country say something disrespectful of your country, to what extent do you feel personally offended?",w07 release label,unknown,,0,,,,,,,,,,,,,,,Q861,"Q861. When you hear someone who is from a Western country say something disrespectful of your country, to what extent do you feel personally offended?",,
Q862,1,w07,w07,w07,"Q862. When you hear someone who is from a different Arab country say something disrespectful of your country, to what extent do you feel personally offended?",w07 release label,unknown,,0,,,,,,,,,,,,,,,Q862,"Q862. When you hear someone who is from a different Arab country say something disrespectful of your country, to what extent do you feel personally offended?",,
Q868,1,w07,w07,w07,Q868. Which of the following statements comes closest to your view?,w07 release label,unknown,,0,,,,,,,,,,,,,,,Q868,Q868. Which of the following statements comes closest to your view?,,
Q869D,1,w08,w08,w08,Q869D What do you think the chances are these days that you or anyone in your family will not get a job while an equally or less qualified male employee receives one instead? Is this,w08 release label,unknown,,0,,,,,,,,,,,,,,,,,Q869D,Q869D What do you think the chances are these days that you or anyone in your family will not get a job while an equally or less qualified male employee receives one instead? Is this
Q869E,1,w08,w08,w08,Q869E What do you think the chances are these days that you or anyone in your family will not get a job while an equally or less qualified female employee receives one instead? Is this,w08 release label,unknown,,0,,,,,,,,,,,,,,,,,Q869E,Q869E What do you think the chances are these days that you or anyone in your family will not get a job while an equally or less qualified female employee receives one instead? Is this
Q869F,1,w08,w08,w08,Q869F What do you think the chances that you or anyone in your family will not get a job while an equally or less qualified migrant receives one instead?,w08 release label,unknown,,0,,,,,,,,,,,,,,,,,Q869F,Q869F What do you think the chances that you or anyone in your family will not get a job while an equally or less qualified migrant receives one instead?
Q869G,1,w08,w08,w08,Q869G What do you think the chances that you or anyone in your family will not get a job while an equally or less qualified refugee receives one instead?,w08 release label,unknown,,0,,,,,,,,,,,,,,,,,Q869G,Q869G What do you think the chances that you or anyone in your family will not get a job while an equally or less qualified refugee receives one instead?
Q870A_2,1,w07,w07,w07,"Q870A_2. In your opinion, which group of people faces difficulty working their way out of the lower class because they are discriminated against in your country?",w07 release label,unknown,,0,,,,,,,,,,,,,,,Q870A_2,"Q870A_2. In your opinion, which group of people faces difficulty working their way out of the lower class because they are discriminated against in your country?",,
Q870A_KUW_2,1,w07,w07,w07,"Q870A_KUW_2. In your opinion, which group of people faces difficulty working their way out of the lower class because they are discriminated against in your country?",w07 release label,unknown,,0,,,,,,,,,,,,,,,Q870A_KUW_2,"Q870A_KUW_2. In your opinion, which group of people faces difficulty working their way out of the lower class because they are discriminated against in your country?",,
Q870A_MAUR_2,1,w07,w07,w07,"Q870A_MAUR_2. In your opinion, which group of people faces difficulty working their way out of the lower class because of unequal opportunity?",w07 release label,unknown,,0,,,,,,,,,,,,,,,Q870A_MAUR_2,"Q870A_MAUR_2. In your opinion, which group of people faces difficulty working their way out of the lower class because of unequal opportunity?",,
Q870B_2,1,w07,w07,w07,"Q870B_2. In your opinion, which group of people faces difficulty accessing public healthcare services because they are discriminated against in your country?",w07 release label,unknown,,0,,,,,,,,,,,,,,,Q870B_2,"Q870B_2. In your opinion, which group of people faces difficulty accessing public healthcare services because they are discriminated against in your country?",,
Q870B_KUW_2,1,w07,w07,w07,"Q870B_KUW_2. In your opinion, which group of people faces difficulty accessing public healthcare services because they are discriminated against in your country?",w07 release label,unknown,,0,,,,,,,,,,,,,,,Q870B_KUW_2,"Q870B_KUW_2. In your opinion, which group of people faces difficulty accessing public healthcare services because they are discriminated against in your country?",,
Q870B_MAUR_2,1,w07,w07,w07,"Q870B_MAUR_2. In your opinion, which group of people faces difficulty accessing public healthcare services because of unequal opportunity?",w07 release label,unknown,,0,,,,,,,,,,,,,,,Q870B_MAUR_2,"Q870B_MAUR_2. In your opinion, which group of people faces difficulty accessing public healthcare services because of unequal opportunity?",,
Q871_1,1,w07,w07,w07,Q871_1. How are members of this group treated by the government compared with other groups?,w07 release label,unknown,,0,,,,,,,,,,,,,,,Q871_1,Q871_1. How are members of this group treated by the government compared with other groups?,,
Q871_3,1,w07,w07,w07,Q871_3. How are members of this group treated by other members of society who are not in this group?,w07 release label,unknown,,0,,,,,,,,,,,,,,,Q871_3,Q871_3. How are members of this group treated by other members of society who are not in this group?,,
Q871_MAUR_1,1,w07,w07,w07,Q871_MAUR_1. The government,w07 release label,unknown,,0,,,,,,,,,,,,,,,Q871_MAUR_1,Q871_MAUR_1. The government,,
Q871_MAUR_3,1,w07,w07,w07,Q871_MAUR_3. Other members of society who are not in this group,w07 release label,unknown,,0,,,,,,,,,,,,,,,Q871_MAUR_3,Q871_MAUR_3. Other members of society who are not in this group,,
Q872,1,w07,w07,w07,Q872. Do you believe racial discrimination is a serious problem in your country?,w07 release label,unknown,,0,,,,,,,,,,,,,,,Q872,Q872. Do you believe racial discrimination is a serious problem in your country?,,
Q872A,1,w08,w08,w08,Q872A To what extent do you believe racial discrimination is a serious problem in?,w08 release label,unknown,,0,,,,,,,,,,,,,,,,,Q872A,Q872A To what extent do you believe racial discrimination is a serious problem in?
Q872B,1,w08,w08,w08,Q872B Do you believe discrimination on the basis of race or ethnicity is a serious problem in?,w08 release label,unknown,,0,,,,,,,,,,,,,,,,,Q872B,Q872B Do you believe discrimination on the basis of race or ethnicity is a serious problem in?
Q872C,1,w08,w08,w08,Q872C INTERVIEWER THIS QUESTION IS FOR YOU: Did the respondent ask you to explain what “race” was in Q872B?,w08 release label,unknown,,0,,,,,,,,,,,,,,,,,Q872C,Q872C INTERVIEWER THIS QUESTION IS FOR YOU: Did the respondent ask you to explain what “race” was in Q872B?
Q872C_PAL,1,w08,w08,w08,[PROGRAMER: IF COUNTRY==15] To what extent do you believe racial discrimination by Israelis against Palestinians is a serious problem in the West Bank and Gaza?,w08 questionnaire,unknown,,0,,w08,,,,,,,,,,,,,,,Q872C_PAL,[PROGRAMER: IF COUNTRY==15] To what extent do you believe racial discrimination by Israelis against Palestinians is a serious problem in the West Bank and Gaza?
Q872_MAUR,1,w07,w07,w07,Q872_MAUR. Do you believe racial discrimination is a serious problem in your country?,w07 release label,unknown,,0,,,,,,,,,,,,,,,Q872_MAUR,Q872_MAUR. Do you believe racial discrimination is a serious problem in your country?,,
Q873A,1,w07,w07,w07,Q873A. Do you believe dark skinned people in your country face racial discrimination?,w07 release label,unknown,,0,,,,,,,,,,,,,,,Q873A,Q873A. Do you believe dark skinned people in your country face racial discrimination?,,
Q873B,1,w07,w07,w07,Q873B. Do you believe black people in your country face racial discrimination?,w07 release label,unknown,,0,,,,,,,,,,,,,,,Q873B,Q873B. Do you believe black people in your country face racial discrimination?,,
Q873B_MAUR,1,w07,w07,w07,Q873B_MAUR. Do you believe black people in your country face racial discrimination?,w07 release label,unknown,,0,,,,,,,,,,,,,,,Q873B_MAUR,Q873B_MAUR. Do you believe black people in your country face racial discrimination?,,
Q873_1,1,w08,w08,w08,Socioeconomic class,w08 release label,unknown,,0,,,,,,,,,,,,,,,,,Q873_1,Socioeconomic class
Q873_10,1,w08,w08,w08,Sexual orientation,w08 release label,unknown,,0,,,,,,,,,,,,,,,,,Q873_10,Sexual orientation
Q873_11,1,w08,w08,w08,Disability status,w08 release label,unknown,,0,,,,,,,,,,,,,,,,,Q873_11,Disability status
Q873_12,1,w08,w08,w08,Migration status,w08 release label,unknown,,0,,,,,,,,,,,,,,,,,Q873_12,Migration status
Q873_13,1,w08,w08,w08,None of these,w08 release label,unknown,,0,,,,,,,,,,,,,,,,,Q873_13,None of these
Q873_2,1,w08,w08,w08,The region they are from,w08 release label,unknown,,0,,,,,,,,,,,,,,,,,Q873_2,The region they are from
Q873_3,1,w08,w08,w08,Skin color,w08 release label,unknown,,0,,,,,,,,,,,,,,,,,Q873_3,Skin color
Q873_4,1,w08,w08,w08,Race or ethnicity,w08 release label,unknown,,0,,,,,,,,,,,,,,,,,Q873_4,Race or ethnicity
Q873_5,1,w08,w08,w08,Nationality,w08 release label,unknown,,0,,,,,,,,,,,,,,,,,Q873_5,Nationality
Q873_6,1,w08,w08,w08,Religion,w08 release label,unknown,,0,,,,,,,,,,,,,,,,,Q873_6,Religion
Q873_7,1,w08,w08,w08,Gender,w08 release label,unknown,,0,,,,,,,,,,,,,,,,,Q873_7,Gender
Q873_8,1,w08,w08,w08,Tribe,w08 release label,unknown,,0,,,,,,,,,,,,,,,,,Q873_8,Tribe
Q873_9,1,w08,w08,w08,Age,w08 release label,unknown,,0,,,,,,,,,,,,,,,,,Q873_9,Age
Q873_98,1,w08,w08,w08,Don’t know,w08 release label,unknown,,0,,,,,,,,,,,,,,,,,Q873_98,Don’t know
Q873_99,1,w08,w08,w08,Refused to answer,w08 release label,unknown,,0,,,,,,,,,,,,,,,,,Q873_99,Refused to answer
Q874,1,w07,w07,w07,Q874. Have you ever had someone use a racist or discriminatory phrase against you?,w07 release label,unknown,,0,,,,,,,,,,,,,,,Q874,Q874. Have you ever had someone use a racist or discriminatory phrase against you?,,
Q875_1,1,w07,w07,w07,Q875_1. How have you responded when this occurred? : Responded physically,w07 release label,unknown,,0,,,,,,,,,,,,,,,Q875_1,Q875_1. How have you responded when this occurred? : Responded physically,,
Q875_2,1,w07,w07,w07,Q875_2. How have you responded when this occurred? : Responded verbally,w07 release label,unknown,,0,,,,,,,,,,,,,,,Q875_2,Q875_2. How have you responded when this occurred? : Responded verbally,,
Q875_3,1,w07,w07,w07,Q875_3. How have you responded when this occurred? : Asked others to intervene,w07 release label,unknown,,0,,,,,,,,,,,,,,,Q875_3,Q875_3. How have you responded when this occurred? : Asked others to intervene,,
Q875_4,1,w07,w07,w07,Q875_4. How have you responded when this occurred? :: Reported to authorities,w07 release label,unknown,,0,,,,,,,,,,,,,,,Q875_4,Q875_4. How have you responded when this occurred? :: Reported to authorities,,
Q875_5,1,w07,w07,w07,Q875_5. How have you responded when this occurred? :: Ignored it,w07 release label,unknown,,0,,,,,,,,,,,,,,,Q875_5,Q875_5. How have you responded when this occurred? :: Ignored it,,
Q875_98,1,w07,w07,w07,Q875_98. How have you responded when this occurred? :: Don’t know,w07 release label,unknown,,0,,,,,,,,,,,,,,,Q875_98,Q875_98. How have you responded when this occurred? :: Don’t know,,
Q875_99,1,w07,w07,w07,Q875_99. How have you responded when this occurred? :: Refused to answer,w07 release label,unknown,,0,,,,,,,,,,,,,,,Q875_99,Q875_99. How have you responded when this occurred? :: Refused to answer,,
Q876,1,w07,w07,w07,Q876. To what extent do you think black skinned people are well represented in television dramas and other programs?,w07 release label,unknown,,0,,,,,,,,,,,,,,,Q876,Q876. To what extent do you think black skinned people are well represented in television dramas and other programs?,,
Q877,1,w07,w07,w07,Q877. Would you prefer or not prefer to see a greater number of black-skinned people on television dramas or other programs?,w07 release label,unknown,,0,,,,,,,,,,,,,,,Q877,Q877. Would you prefer or not prefer to see a greater number of black-skinned people on television dramas or other programs?,,
Q879,1,w08,w08,w08,Q879 You said people in face discrimination because of ${Q879_text}. Which of these poses the biggest problem in? Is it discrimination based on…,w08 release label,unknown,,0,,,,,,,,,,,,,,,,,Q879,Q879 You said people in face discrimination because of ${Q879_text}. Which of these poses the biggest problem in? Is it discrimination based on…
Q881A_1,1,w08,w08,w08,Finding employment,w08 release label,unknown,,0,,,,,,,,,,,,,,,,,Q881A_1,Finding employment
Q881A_2,1,w08,w08,w08,Finding housing,w08 release label,unknown,,0,,,,,,,,,,,,,,,,,Q881A_2,Finding housing
Q881A_3,1,w08,w08,w08,Accessing public education,w08 release label,unknown,,0,,,,,,,,,,,,,,,,,Q881A_3,Accessing public education
Q881A_4,1,w08,w08,w08,Accessing healthcare,w08 release label,unknown,,0,,,,,,,,,,,,,,,,,Q881A_4,Accessing healthcare
Q881A_5,1,w08,w08,w08,Using public transportation,w08 release label,unknown,,0,,,,,,,,,,,,,,,,,Q881A_5,Using public transportation
Q881A_6,1,w08,w08,w08,Dining in a restaurant,w08 release label,unknown,,0,,,,,,,,,,,,,,,,,Q881A_6,Dining in a restaurant
Q881A_7,1,w08,w08,w08,Using banks or financial services,w08 release label,unknown,,0,,,,,,,,,,,,,,,,,Q881A_7,Using banks or financial services
Q881A_8,1,w08,w08,w08,None of these,w08 release label,unknown,,0,,,,,,,,,,,,,,,,,Q881A_8,None of these
Q881A_90,1,w08,w08,w08,Other- specify,w08 release label,unknown,,0,,,,,,,,,,,,,,,,,Q881A_90,Other- specify
Q881A_98,1,w08,w08,w08,Don’t know,w08 release label,unknown,,0,,,,,,,,,,,,,,,,,Q881A_98,Don’t know
Q881A_99,1,w08,w08,w08,Refused to answer,w08 release label,unknown,,0,,,,,,,,,,,,,,,,,Q881A_99,Refused to answer
Q881B_1,1,w08,w08,w08,Are subjected to verbal insults or hate speech,w08 release label,unknown,,0,,,,,,,,,,,,,,,,,Q881B_1,Are subjected to verbal insults or hate speech
Q881B_2,1,w08,w08,w08,Are subjected to offensive jokes,w08 release label,unknown,,0,,,,,,,,,,,,,,,,,Q881B_2,Are subjected to offensive jokes
Q881B_3,1,w08,w08,w08,Are assumed to be untrustworthy or dishonest,w08 release label,unknown,,0,,,,,,,,,,,,,,,,,Q881B_3,Are assumed to be untrustworthy or dishonest
Q881B_4,1,w08,w08,w08,Are assumed to be less smart,w08 release label,unknown,,0,,,,,,,,,,,,,,,,,Q881B_4,Are assumed to be less smart
Q881B_5,1,w08,w08,w08,Have others dismiss or devalue their contributions,w08 release label,unknown,,0,,,,,,,,,,,,,,,,,Q881B_5,Have others dismiss or devalue their contributions
Q881B_6,1,w08,w08,w08,Have others deny that they face more hardships,w08 release label,unknown,,0,,,,,,,,,,,,,,,,,Q881B_6,Have others deny that they face more hardships
Q881B_7,1,w08,w08,w08,Are treated as if they are inferior,w08 release label,unknown,,0,,,,,,,,,,,,,,,,,Q881B_7,Are treated as if they are inferior
Q881B_8,1,w08,w08,w08,None of these,w08 release label,unknown,,0,,,,,,,,,,,,,,,,,Q881B_8,None of these
Q881B_90,1,w08,w08,w08,Other- specify,w08 release label,unknown,,0,,,,,,,,,,,,,,,,,Q881B_90,Other- specify
Q881B_98,1,w08,w08,w08,Don’t know,w08 release label,unknown,,0,,,,,,,,,,,,,,,,,Q881B_98,Don’t know
Q881B_99,1,w08,w08,w08,Refused to answer,w08 release label,unknown,,0,,,,,,,,,,,,,,,,,Q881B_99,Refused to answer
Q882,1,w08,w08,w08,"In the past year, have you personally faced discrimination?",w08 questionnaire,unknown,,0,,w08,,,,,,,,,,,,,,,Q882,"In the past year, have you personally faced discrimination?"
Q883,1,w08,w08,w08,"In your opinion, what is the main reason for being discriminated against? Was it because of your…",w08 questionnaire,unknown,,0,,w08,,,,,,,,,,,,,,,Q883,"In your opinion, what is the main reason for being discriminated against? Was it because of your…"
Q884A_1,1,w08,w08,w08,Q884A In which of the following circumstances have you faced discrimination because of ${Q884_1_text}? Please tell me all that apply from the following list,w08 release label,unknown,,0,,,,,,,,,,,,,,,,,Q884A_1,Q884A In which of the following circumstances have you faced discrimination because of ${Q884_1_text}? Please tell me all that apply from the following list
Q884A_2,1,w08,w08,w08,In which of the following circumstances have you faced discrimination because of ? Please tell me all that apply from the following list,w08 questionnaire (stem Q884A),unknown,,0,,w08,,,,,,,,,,,,,,,Q884A_2,In which of the following circumstances have you faced discrimination because of ? Please tell me all that apply from the following list
Q884A_3,1,w08,w08,w08,In which of the following circumstances have you faced discrimination because of ? Please tell me all that apply from the following list,w08 questionnaire (stem Q884A),unknown,,0,,w08,,,,,,,,,,,,,,,Q884A_3,In which of the following circumstances have you faced discrimination because of ? Please tell me all that apply from the following list
Q884A_4,1,w08,w08,w08,In which of the following circumstances have you faced discrimination because of ? Please tell me all that apply from the following list,w08 questionnaire (stem Q884A),unknown,,0,,w08,,,,,,,,,,,,,,,Q884A_4,In which of the following circumstances have you faced discrimination because of ? Please tell me all that apply from the following list
Q884A_5,1,w08,w08,w08,In which of the following circumstances have you faced discrimination because of ? Please tell me all that apply from the following list,w08 questionnaire (stem Q884A),unknown,,0,,w08,,,,,,,,,,,,,,,Q884A_5,In which of the following circumstances have you faced discrimination because of ? Please tell me all that apply from the following list
Q884A_6,1,w08,w08,w08,In which of the following circumstances have you faced discrimination because of ? Please tell me all that apply from the following list,w08 questionnaire (stem Q884A),unknown,,0,,w08,,,,,,,,,,,,,,,Q884A_6,In which of the following circumstances have you faced discrimination because of ? Please tell me all that apply from the following list
Q884A_7,1,w08,w08,w08,In which of the following circumstances have you faced discrimination because of ? Please tell me all that apply from the following list,w08 questionnaire (stem Q884A),unknown,,0,,w08,,,,,,,,,,,,,,,Q884A_7,In which of the following circumstances have you faced discrimination because of ? Please tell me all that apply from the following list
Q884A_8,1,w08,w08,w08,In which of the following circumstances have you faced discrimination because of ? Please tell me all that apply from the following list,w08 questionnaire (stem Q884A),unknown,,0,,w08,,,,,,,,,,,,,,,Q884A_8,In which of the following circumstances have you faced discrimination because of ? Please tell me all that apply from the following list
Q884A_90,1,w08,w08,w08,In which of the following circumstances have you faced discrimination because of ? Please tell me all that apply from the following list,w08 questionnaire (stem Q884A),unknown,,0,,w08,,,,,,,,,,,,,,,Q884A_90,In which of the following circumstances have you faced discrimination because of ? Please tell me all that apply from the following list
Q884A_98,1,w08,w08,w08,In which of the following circumstances have you faced discrimination because of ? Please tell me all that apply from the following list,w08 questionnaire (stem Q884A),unknown,,0,,w08,,,,,,,,,,,,,,,Q884A_98,In which of the following circumstances have you faced discrimination because of ? Please tell me all that apply from the following list
Q884A_99,1,w08,w08,w08,In which of the following circumstances have you faced discrimination because of ? Please tell me all that apply from the following list,w08 questionnaire (stem Q884A),unknown,,0,,w08,,,,,,,,,,,,,,,Q884A_99,In which of the following circumstances have you faced discrimination because of ? Please tell me all that apply from the following list
Q884B_1,1,w08,w08,w08,"Q884B And thinking about discrimination you faced because of ${Q884_1_text}, have you…?",w08 release label,unknown,,0,,,,,,,,,,,,,,,,,Q884B_1,"Q884B And thinking about discrimination you faced because of ${Q884_1_text}, have you…?"
Q884B_2,1,w08,w08,w08,"And thinking about discrimination you faced because of , have you… ?",w08 questionnaire (stem Q884B),unknown,,0,,w08,,,,,,,,,,,,,,,Q884B_2,"And thinking about discrimination you faced because of , have you… ?"
Q884B_3,1,w08,w08,w08,"And thinking about discrimination you faced because of , have you… ?",w08 questionnaire (stem Q884B),unknown,,0,,w08,,,,,,,,,,,,,,,Q884B_3,"And thinking about discrimination you faced because of , have you… ?"
Q884B_4,1,w08,w08,w08,"And thinking about discrimination you faced because of , have you… ?",w08 questionnaire (stem Q884B),unknown,,0,,w08,,,,,,,,,,,,,,,Q884B_4,"And thinking about discrimination you faced because of , have you… ?"
Q884B_5,1,w08,w08,w08,"And thinking about discrimination you faced because of , have you… ?",w08 questionnaire (stem Q884B),unknown,,0,,w08,,,,,,,,,,,,,,,Q884B_5,"And thinking about discrimination you faced because of , have you… ?"
Q884B_6,1,w08,w08,w08,"And thinking about discrimination you faced because of , have you… ?",w08 questionnaire (stem Q884B),unknown,,0,,w08,,,,,,,,,,,,,,,Q884B_6,"And thinking about discrimination you faced because of , have you… ?"
Q884B_7,1,w08,w08,w08,"And thinking about discrimination you faced because of , have you… ?",w08 questionnaire (stem Q884B),unknown,,0,,w08,,,,,,,,,,,,,,,Q884B_7,"And thinking about discrimination you faced because of , have you… ?"
Q884B_8,1,w08,w08,w08,"And thinking about discrimination you faced because of , have you… ?",w08 questionnaire (stem Q884B),unknown,,0,,w08,,,,,,,,,,,,,,,Q884B_8,"And thinking about discrimination you faced because of , have you… ?"
Q884B_90,1,w08,w08,w08,"And thinking about discrimination you faced because of , have you… ?",w08 questionnaire (stem Q884B),unknown,,0,,w08,,,,,,,,,,,,,,,Q884B_90,"And thinking about discrimination you faced because of , have you… ?"
Q884B_98,1,w08,w08,w08,"And thinking about discrimination you faced because of , have you… ?",w08 questionnaire (stem Q884B),unknown,,0,,w08,,,,,,,,,,,,,,,Q884B_98,"And thinking about discrimination you faced because of , have you… ?"
Q884B_99,1,w08,w08,w08,"And thinking about discrimination you faced because of , have you… ?",w08 questionnaire (stem Q884B),unknown,,0,,w08,,,,,,,,,,,,,,,Q884B_99,"And thinking about discrimination you faced because of , have you… ?"
Q885,1,w08,w08,w08,"Q885 Do you think our national government should do more, less, or about the same amount as it is doing right now to deal with discrimination in?",w08 release label,unknown,,0,,,,,,,,,,,,,,,,,Q885,"Q885 Do you think our national government should do more, less, or about the same amount as it is doing right now to deal with discrimination in?"
Q886,1,w08,w08,w08,"Q886 When citizens from [your country] travel outside the Middle East and North Africa, on what basis, if any, do you think they are likely to face discrimination?",w08 release label,unknown,,0,,,,,,,,,,,,,,,,,Q886,"Q886 When citizens from [your country] travel outside the Middle East and North Africa, on what basis, if any, do you think they are likely to face discrimination?"
Q8COVID19_2,1,w06p1,w06p1,w06p1,Q8COVID19_1.To limit freedom of speech,w06p1 release label,unknown,,0,,,,,,,,,Q8COVID19_2,Q8COVID19_1.To limit freedom of speech,,,,,,,,
Q8COVID19_3,1,w06p1,w06p1,w06p1,Q8COVID19_2.To limit freedom of movement,w06p1 release label,unknown,,0,,,,,,,,,Q8COVID19_3,Q8COVID19_2.To limit freedom of movement,,,,,,,,
Q8COVID19_4,1,w06p1,w06p1,w06p1,Q8COVID19_3.To censor the media,w06p1 release label,unknown,,0,,,,,,,,,Q8COVID19_4,Q8COVID19_3.To censor the media,,,,,,,,
Q8COVID19_5,1,w06p1,w06p1,w06p1,Q8COVID19_4.To monitor and trace citizens’ location and movement,w06p1 release label,unknown,,0,,,,,,,,,Q8COVID19_5,Q8COVID19_4.To monitor and trace citizens’ location and movement,,,,,,,,
Q901,1,w04,w04,w04,"If you have been asked to identify yourself, withwhich of the following do you most closely identifyyourself?",w04 questionnaire,unknown,,0,,w04,,,q901,"If you have been asked to identify yourself, withwhich of the following do you most closely identifyyourself?",,,,,,,,,,,,
Q901OTHER,1,w04,w04,w04,Other identity Specify,w04 questionnaire,unknown,,0,,w04,,,q901other,Other identity Specify,,,,,,,,,,,,
Q906,1,w08,w08,w08,Q906. To what extent do you think migrants from South Asia and Southeast Asia are discriminated against in your country?,w08 release label,unknown,,0,,,,,,,,,,,,,,,,,Q906,Q906. To what extent do you think migrants from South Asia and Southeast Asia are discriminated against in your country?
Q907,1,w08,w08,w08,Q907. To what extent do you think migrants from other Arab countries are discriminated against in?,w08 release label,unknown,,0,,,,,,,,,,,,,,,,,Q907,Q907. To what extent do you think migrants from other Arab countries are discriminated against in?
Q914A_1,1,w07,w07,w07,"Q914A_1. In order of importance, what do you think are the two biggest challenges children face at public schools in your country?",w07 release label,unknown,,0,,,,,,,,,,,,,,,Q914A_1,"Q914A_1. In order of importance, what do you think are the two biggest challenges children face at public schools in your country?",,
Q914A_2,1,w07,w07,w07,"Q914A_2. In order of importance, what do you think are the two biggest challenges children face at public schools in your country?",w07 release label,unknown,,0,,,,,,,,,,,,,,,Q914A_2,"Q914A_2. In order of importance, what do you think are the two biggest challenges children face at public schools in your country?",,
Q915A,1,w07,w07,w07,"Q915A. If the Ministry of Education in your country could do one thing to make public education better in your country, which of the following would it be?",w07 release label,unknown,,0,,,,,,,,,,,,,,,Q915A,"Q915A. If the Ministry of Education in your country could do one thing to make public education better in your country, which of the following would it be?",,
Q915A_KRI,1,w07,w07,w07,"Q915A_KRI. If the Kurdistan region's Ministry of Education in your country could do one thing to make public education better in your country, which of the following would it be?",w07 release label,unknown,,0,,,,,,,,,,,,,,,Q915A_KRI,"Q915A_KRI. If the Kurdistan region's Ministry of Education in your country could do one thing to make public education better in your country, which of the following would it be?",,
Q916_1,1,w08,w08,w08,Q916_1. To always have possession of their passports?,w08 release label,unknown,,0,,,,,,,,,,,,,,,,,Q916_1,Q916_1. To always have possession of their passports?
Q916_2,1,w08,w08,w08,Q916_2. To have one day off per week guaranteed?,w08 release label,unknown,,0,,,,,,,,,,,,,,,,,Q916_2,Q916_2. To have one day off per week guaranteed?
Q916_3,1,w08,w08,w08,Q916_3. To have a bank account where they can receive their salaries?,w08 release label,unknown,,0,,,,,,,,,,,,,,,,,Q916_3,Q916_3. To have a bank account where they can receive their salaries?
QGAZA1_1,1,w08,w08,w08,"From the following list of actions, which would you describe as an “act of terrorism”? Please select all the actions that apply",w08 questionnaire (stem QGAZA1),unknown,,0,,w08,,,,,,,,,,,,,,,QGAZA1_1,"From the following list of actions, which would you describe as an “act of terrorism”? Please select all the actions that apply"
QGAZA1_10,1,w08,w08,w08,"From the following list of actions, which would you describe as an “act of terrorism”? Please select all the actions that apply",w08 questionnaire (stem QGAZA1),unknown,,0,,w08,,,,,,,,,,,,,,,QGAZA1_10,"From the following list of actions, which would you describe as an “act of terrorism”? Please select all the actions that apply"
QGAZA1_11,1,w08,w08,w08,"From the following list of actions, which would you describe as an “act of terrorism”? Please select all the actions that apply",w08 questionnaire (stem QGAZA1),unknown,,0,,w08,,,,,,,,,,,,,,,QGAZA1_11,"From the following list of actions, which would you describe as an “act of terrorism”? Please select all the actions that apply"
QGAZA1_2,1,w08,w08,w08,"From the following list of actions, which would you describe as an “act of terrorism”? Please select all the actions that apply",w08 questionnaire (stem QGAZA1),unknown,,0,,w08,,,,,,,,,,,,,,,QGAZA1_2,"From the following list of actions, which would you describe as an “act of terrorism”? Please select all the actions that apply"
QGAZA1_3,1,w08,w08,w08,"From the following list of actions, which would you describe as an “act of terrorism”? Please select all the actions that apply",w08 questionnaire (stem QGAZA1),unknown,,0,,w08,,,,,,,,,,,,,,,QGAZA1_3,"From the following list of actions, which would you describe as an “act of terrorism”? Please select all the actions that apply"
QGAZA1_4,1,w08,w08,w08,"From the following list of actions, which would you describe as an “act of terrorism”? Please select all the actions that apply",w08 questionnaire (stem QGAZA1),unknown,,0,,w08,,,,,,,,,,,,,,,QGAZA1_4,"From the following list of actions, which would you describe as an “act of terrorism”? Please select all the actions that apply"
QGAZA1_5,1,w08,w08,w08,"From the following list of actions, which would you describe as an “act of terrorism”? Please select all the actions that apply",w08 questionnaire (stem QGAZA1),unknown,,0,,w08,,,,,,,,,,,,,,,QGAZA1_5,"From the following list of actions, which would you describe as an “act of terrorism”? Please select all the actions that apply"
QGAZA1_6,1,w08,w08,w08,"From the following list of actions, which would you describe as an “act of terrorism”? Please select all the actions that apply",w08 questionnaire (stem QGAZA1),unknown,,0,,w08,,,,,,,,,,,,,,,QGAZA1_6,"From the following list of actions, which would you describe as an “act of terrorism”? Please select all the actions that apply"
QGAZA1_7,1,w08,w08,w08,"From the following list of actions, which would you describe as an “act of terrorism”? Please select all the actions that apply",w08 questionnaire (stem QGAZA1),unknown,,0,,w08,,,,,,,,,,,,,,,QGAZA1_7,"From the following list of actions, which would you describe as an “act of terrorism”? Please select all the actions that apply"
QGAZA1_8,1,w08,w08,w08,"From the following list of actions, which would you describe as an “act of terrorism”? Please select all the actions that apply",w08 questionnaire (stem QGAZA1),unknown,,0,,w08,,,,,,,,,,,,,,,QGAZA1_8,"From the following list of actions, which would you describe as an “act of terrorism”? Please select all the actions that apply"
QGAZA1_9,1,w08,w08,w08,"From the following list of actions, which would you describe as an “act of terrorism”? Please select all the actions that apply",w08 questionnaire (stem QGAZA1),unknown,,0,,w08,,,,,,,,,,,,,,,QGAZA1_9,"From the following list of actions, which would you describe as an “act of terrorism”? Please select all the actions that apply"
QGAZA1_98,1,w08,w08,w08,"From the following list of actions, which would you describe as an “act of terrorism”? Please select all the actions that apply",w08 questionnaire (stem QGAZA1),unknown,,0,,w08,,,,,,,,,,,,,,,QGAZA1_98,"From the following list of actions, which would you describe as an “act of terrorism”? Please select all the actions that apply"
QGAZA1_99,1,w08,w08,w08,"From the following list of actions, which would you describe as an “act of terrorism”? Please select all the actions that apply",w08 questionnaire (stem QGAZA1),unknown,,0,,w08,,,,,,,,,,,,,,,QGAZA1_99,"From the following list of actions, which would you describe as an “act of terrorism”? Please select all the actions that apply"
QGAZA2,1,w08,w08,w08,"QGAZA2 In your opinion, which of the following terms do you think best describes the latest events in Gaza?",w08 release label,unknown,,0,,,,,,,,,,,,,,,,,QGAZA2,"QGAZA2 In your opinion, which of the following terms do you think best describes the latest events in Gaza?"
QGAZA3A,1,w08,w08,w08,"QGAZA3A In your opinion, to what extent do you believe that the Israeli government is committed to a two-state solution that equally preserves the rights and security of both Israelis and Palestinians?",w08 release label,unknown,,0,,,,,,,,,,,,,,,,,QGAZA3A,"QGAZA3A In your opinion, to what extent do you believe that the Israeli government is committed to a two-state solution that equally preserves the rights and security of both Israelis and Palestinians?"
QGAZA3B,1,w08,w08,w08,"QGAZA3B In your opinion, to what extent do you believe that the Israeli public is committed to a two-state solution that equally preserves the rights and security of both Israelis and Palestinians?",w08 release label,unknown,,0,,,,,,,,,,,,,,,,,QGAZA3B,"QGAZA3B In your opinion, to what extent do you believe that the Israeli public is committed to a two-state solution that equally preserves the rights and security of both Israelis and Palestinians?"
QGAZA4A,1,w08,w08,w08,"QGAZA4A In your opinion, to what extent do you believe that Palestinian leadership is committed to a two-state solution that equally preserves the rights and security of both Israelis and Palestinians?",w08 release label,unknown,,0,,,,,,,,,,,,,,,,,QGAZA4A,"QGAZA4A In your opinion, to what extent do you believe that Palestinian leadership is committed to a two-state solution that equally preserves the rights and security of both Israelis and Palestinians?"
QGAZA4B,1,w08,w08,w08,"QGAZA4B In your opinion, to what extent do you believe that Palestinian public is committed to a two-state solution that equally preserves the rights and security of both Israelis and Palestinians?",w08 release label,unknown,,0,,,,,,,,,,,,,,,,,QGAZA4B,"QGAZA4B In your opinion, to what extent do you believe that Palestinian public is committed to a two-state solution that equally preserves the rights and security of both Israelis and Palestinians?"
QGAZA5A2_1,1,w08,w08,w08,"And then among the following parties, who do you believe is committed to defending Palestinian rights? Please select all that apply",w08 questionnaire (stem QGAZA5A2),unknown,,0,,w08,,,,,,,,,,,,,,,QGAZA5A2_1,"And then among the following parties, who do you believe is committed to defending Palestinian rights? Please select all that apply"
QGAZA5A2_2,1,w08,w08,w08,"And then among the following parties, who do you believe is committed to defending Palestinian rights? Please select all that apply",w08 questionnaire (stem QGAZA5A2),unknown,,0,,w08,,,,,,,,,,,,,,,QGAZA5A2_2,"And then among the following parties, who do you believe is committed to defending Palestinian rights? Please select all that apply"
QGAZA5A2_3,1,w08,w08,w08,"And then among the following parties, who do you believe is committed to defending Palestinian rights? Please select all that apply",w08 questionnaire (stem QGAZA5A2),unknown,,0,,w08,,,,,,,,,,,,,,,QGAZA5A2_3,"And then among the following parties, who do you believe is committed to defending Palestinian rights? Please select all that apply"
QGAZA5A2_4,1,w08,w08,w08,"And then among the following parties, who do you believe is committed to defending Palestinian rights? Please select all that apply",w08 questionnaire (stem QGAZA5A2),unknown,,0,,w08,,,,,,,,,,,,,,,QGAZA5A2_4,"And then among the following parties, who do you believe is committed to defending Palestinian rights? Please select all that apply"
QGAZA5A2_5,1,w08,w08,w08,"And then among the following parties, who do you believe is committed to defending Palestinian rights? Please select all that apply",w08 questionnaire (stem QGAZA5A2),unknown,,0,,w08,,,,,,,,,,,,,,,QGAZA5A2_5,"And then among the following parties, who do you believe is committed to defending Palestinian rights? Please select all that apply"
QGAZA5A2_98,1,w08,w08,w08,"And then among the following parties, who do you believe is committed to defending Palestinian rights? Please select all that apply",w08 questionnaire (stem QGAZA5A2),unknown,,0,,w08,,,,,,,,,,,,,,,QGAZA5A2_98,"And then among the following parties, who do you believe is committed to defending Palestinian rights? Please select all that apply"
QGAZA5A2_99,1,w08,w08,w08,"And then among the following parties, who do you believe is committed to defending Palestinian rights? Please select all that apply",w08 questionnaire (stem QGAZA5A2),unknown,,0,,w08,,,,,,,,,,,,,,,QGAZA5A2_99,"And then among the following parties, who do you believe is committed to defending Palestinian rights? Please select all that apply"
QGAZA5A_1,1,w08,w08,w08,"Among the following parties, who do you believe is committed to defending Palestinian rights? Please select all that apply",w08 questionnaire (stem QGAZA5A),unknown,,0,,w08,,,,,,,,,,,,,,,QGAZA5A_1,"Among the following parties, who do you believe is committed to defending Palestinian rights? Please select all that apply"
QGAZA5A_10,1,w08,w08,w08,"Among the following parties, who do you believe is committed to defending Palestinian rights? Please select all that apply",w08 questionnaire (stem QGAZA5A),unknown,,0,,w08,,,,,,,,,,,,,,,QGAZA5A_10,"Among the following parties, who do you believe is committed to defending Palestinian rights? Please select all that apply"
QGAZA5A_11,1,w08,w08,w08,"Among the following parties, who do you believe is committed to defending Palestinian rights? Please select all that apply",w08 questionnaire (stem QGAZA5A),unknown,,0,,w08,,,,,,,,,,,,,,,QGAZA5A_11,"Among the following parties, who do you believe is committed to defending Palestinian rights? Please select all that apply"
QGAZA5A_12,1,w08,w08,w08,"Among the following parties, who do you believe is committed to defending Palestinian rights? Please select all that apply",w08 questionnaire (stem QGAZA5A),unknown,,0,,w08,,,,,,,,,,,,,,,QGAZA5A_12,"Among the following parties, who do you believe is committed to defending Palestinian rights? Please select all that apply"
QGAZA5A_2,1,w08,w08,w08,"Among the following parties, who do you believe is committed to defending Palestinian rights? Please select all that apply",w08 questionnaire (stem QGAZA5A),unknown,,0,,w08,,,,,,,,,,,,,,,QGAZA5A_2,"Among the following parties, who do you believe is committed to defending Palestinian rights? Please select all that apply"
QGAZA5A_3,1,w08,w08,w08,"Among the following parties, who do you believe is committed to defending Palestinian rights? Please select all that apply",w08 questionnaire (stem QGAZA5A),unknown,,0,,w08,,,,,,,,,,,,,,,QGAZA5A_3,"Among the following parties, who do you believe is committed to defending Palestinian rights? Please select all that apply"
QGAZA5A_4,1,w08,w08,w08,"Among the following parties, who do you believe is committed to defending Palestinian rights? Please select all that apply",w08 questionnaire (stem QGAZA5A),unknown,,0,,w08,,,,,,,,,,,,,,,QGAZA5A_4,"Among the following parties, who do you believe is committed to defending Palestinian rights? Please select all that apply"
QGAZA5A_5,1,w08,w08,w08,"Among the following parties, who do you believe is committed to defending Palestinian rights? Please select all that apply",w08 questionnaire (stem QGAZA5A),unknown,,0,,w08,,,,,,,,,,,,,,,QGAZA5A_5,"Among the following parties, who do you believe is committed to defending Palestinian rights? Please select all that apply"
QGAZA5A_6,1,w08,w08,w08,"Among the following parties, who do you believe is committed to defending Palestinian rights? Please select all that apply",w08 questionnaire (stem QGAZA5A),unknown,,0,,w08,,,,,,,,,,,,,,,QGAZA5A_6,"Among the following parties, who do you believe is committed to defending Palestinian rights? Please select all that apply"
QGAZA5A_7,1,w08,w08,w08,"Among the following parties, who do you believe is committed to defending Palestinian rights? Please select all that apply",w08 questionnaire (stem QGAZA5A),unknown,,0,,w08,,,,,,,,,,,,,,,QGAZA5A_7,"Among the following parties, who do you believe is committed to defending Palestinian rights? Please select all that apply"
QGAZA5A_8,1,w08,w08,w08,"Among the following parties, who do you believe is committed to defending Palestinian rights? Please select all that apply",w08 questionnaire (stem QGAZA5A),unknown,,0,,w08,,,,,,,,,,,,,,,QGAZA5A_8,"Among the following parties, who do you believe is committed to defending Palestinian rights? Please select all that apply"
QGAZA5A_9,1,w08,w08,w08,"Among the following parties, who do you believe is committed to defending Palestinian rights? Please select all that apply",w08 questionnaire (stem QGAZA5A),unknown,,0,,w08,,,,,,,,,,,,,,,QGAZA5A_9,"Among the following parties, who do you believe is committed to defending Palestinian rights? Please select all that apply"
QGAZA5A_91,1,w08,w08,w08,"Among the following parties, who do you believe is committed to defending Palestinian rights? Please select all that apply",w08 questionnaire (stem QGAZA5A),unknown,,0,,w08,,,,,,,,,,,,,,,QGAZA5A_91,"Among the following parties, who do you believe is committed to defending Palestinian rights? Please select all that apply"
QGAZA5A_98,1,w08,w08,w08,"Among the following parties, who do you believe is committed to defending Palestinian rights? Please select all that apply",w08 questionnaire (stem QGAZA5A),unknown,,0,,w08,,,,,,,,,,,,,,,QGAZA5A_98,"Among the following parties, who do you believe is committed to defending Palestinian rights? Please select all that apply"
QGAZA5A_99,1,w08,w08,w08,"Among the following parties, who do you believe is committed to defending Palestinian rights? Please select all that apply",w08 questionnaire (stem QGAZA5A),unknown,,0,,w08,,,,,,,,,,,,,,,QGAZA5A_99,"Among the following parties, who do you believe is committed to defending Palestinian rights? Please select all that apply"
QGAZA5B_1,1,w08,w08,w08,"Among the following parties, who do you believe is committed to defending Israeli rights? Please select all that apply",w08 questionnaire (stem QGAZA5B),unknown,,0,,w08,,,,,,,,,,,,,,,QGAZA5B_1,"Among the following parties, who do you believe is committed to defending Israeli rights? Please select all that apply"
QGAZA5B_10,1,w08,w08,w08,"Among the following parties, who do you believe is committed to defending Israeli rights? Please select all that apply",w08 questionnaire (stem QGAZA5B),unknown,,0,,w08,,,,,,,,,,,,,,,QGAZA5B_10,"Among the following parties, who do you believe is committed to defending Israeli rights? Please select all that apply"
QGAZA5B_11,1,w08,w08,w08,"Among the following parties, who do you believe is committed to defending Israeli rights? Please select all that apply",w08 questionnaire (stem QGAZA5B),unknown,,0,,w08,,,,,,,,,,,,,,,QGAZA5B_11,"Among the following parties, who do you believe is committed to defending Israeli rights? Please select all that apply"
QGAZA5B_12,1,w08,w08,w08,"Among the following parties, who do you believe is committed to defending Israeli rights? Please select all that apply",w08 questionnaire (stem QGAZA5B),unknown,,0,,w08,,,,,,,,,,,,,,,QGAZA5B_12,"Among the following parties, who do you believe is committed to defending Israeli rights? Please select all that apply"
QGAZA5B_2,1,w08,w08,w08,"Among the following parties, who do you believe is committed to defending Israeli rights? Please select all that apply",w08 questionnaire (stem QGAZA5B),unknown,,0,,w08,,,,,,,,,,,,,,,QGAZA5B_2,"Among the following parties, who do you believe is committed to defending Israeli rights? Please select all that apply"
QGAZA5B_3,1,w08,w08,w08,"Among the following parties, who do you believe is committed to defending Israeli rights? Please select all that apply",w08 questionnaire (stem QGAZA5B),unknown,,0,,w08,,,,,,,,,,,,,,,QGAZA5B_3,"Among the following parties, who do you believe is committed to defending Israeli rights? Please select all that apply"
QGAZA5B_4,1,w08,w08,w08,"Among the following parties, who do you believe is committed to defending Israeli rights? Please select all that apply",w08 questionnaire (stem QGAZA5B),unknown,,0,,w08,,,,,,,,,,,,,,,QGAZA5B_4,"Among the following parties, who do you believe is committed to defending Israeli rights? Please select all that apply"
QGAZA5B_5,1,w08,w08,w08,"Among the following parties, who do you believe is committed to defending Israeli rights? Please select all that apply",w08 questionnaire (stem QGAZA5B),unknown,,0,,w08,,,,,,,,,,,,,,,QGAZA5B_5,"Among the following parties, who do you believe is committed to defending Israeli rights? Please select all that apply"
QGAZA5B_6,1,w08,w08,w08,"Among the following parties, who do you believe is committed to defending Israeli rights? Please select all that apply",w08 questionnaire (stem QGAZA5B),unknown,,0,,w08,,,,,,,,,,,,,,,QGAZA5B_6,"Among the following parties, who do you believe is committed to defending Israeli rights? Please select all that apply"
QGAZA5B_7,1,w08,w08,w08,"Among the following parties, who do you believe is committed to defending Israeli rights? Please select all that apply",w08 questionnaire (stem QGAZA5B),unknown,,0,,w08,,,,,,,,,,,,,,,QGAZA5B_7,"Among the following parties, who do you believe is committed to defending Israeli rights? Please select all that apply"
QGAZA5B_8,1,w08,w08,w08,"Among the following parties, who do you believe is committed to defending Israeli rights? Please select all that apply",w08 questionnaire (stem QGAZA5B),unknown,,0,,w08,,,,,,,,,,,,,,,QGAZA5B_8,"Among the following parties, who do you believe is committed to defending Israeli rights? Please select all that apply"
QGAZA5B_9,1,w08,w08,w08,"Among the following parties, who do you believe is committed to defending Israeli rights? Please select all that apply",w08 questionnaire (stem QGAZA5B),unknown,,0,,w08,,,,,,,,,,,,,,,QGAZA5B_9,"Among the following parties, who do you believe is committed to defending Israeli rights? Please select all that apply"
QGAZA5B_91,1,w08,w08,w08,"Among the following parties, who do you believe is committed to defending Israeli rights? Please select all that apply",w08 questionnaire (stem QGAZA5B),unknown,,0,,w08,,,,,,,,,,,,,,,QGAZA5B_91,"Among the following parties, who do you believe is committed to defending Israeli rights? Please select all that apply"
QGAZA5B_98,1,w08,w08,w08,"Among the following parties, who do you believe is committed to defending Israeli rights? Please select all that apply",w08 questionnaire (stem QGAZA5B),unknown,,0,,w08,,,,,,,,,,,,,,,QGAZA5B_98,"Among the following parties, who do you believe is committed to defending Israeli rights? Please select all that apply"
QGAZA5B_99,1,w08,w08,w08,"Among the following parties, who do you believe is committed to defending Israeli rights? Please select all that apply",w08 questionnaire (stem QGAZA5B),unknown,,0,,w08,,,,,,,,,,,,,,,QGAZA5B_99,"Among the following parties, who do you believe is committed to defending Israeli rights? Please select all that apply"
QGAZA5C_1,1,w08,w08,w08,"Finally, who among the following parties do you believe is suited to broker a political solution that would be fair to both Palestinians and Israelis? Please select all that apply",w08 questionnaire (stem QGAZA5C),unknown,,0,,w08,,,,,,,,,,,,,,,QGAZA5C_1,"Finally, who among the following parties do you believe is suited to broker a political solution that would be fair to both Palestinians and Israelis? Please select all that apply"
QGAZA5C_10,1,w08,w08,w08,"Finally, who among the following parties do you believe is suited to broker a political solution that would be fair to both Palestinians and Israelis? Please select all that apply",w08 questionnaire (stem QGAZA5C),unknown,,0,,w08,,,,,,,,,,,,,,,QGAZA5C_10,"Finally, who among the following parties do you believe is suited to broker a political solution that would be fair to both Palestinians and Israelis? Please select all that apply"
QGAZA5C_11,1,w08,w08,w08,"Finally, who among the following parties do you believe is suited to broker a political solution that would be fair to both Palestinians and Israelis? Please select all that apply",w08 questionnaire (stem QGAZA5C),unknown,,0,,w08,,,,,,,,,,,,,,,QGAZA5C_11,"Finally, who among the following parties do you believe is suited to broker a political solution that would be fair to both Palestinians and Israelis? Please select all that apply"
QGAZA5C_12,1,w08,w08,w08,"Finally, who among the following parties do you believe is suited to broker a political solution that would be fair to both Palestinians and Israelis? Please select all that apply",w08 questionnaire (stem QGAZA5C),unknown,,0,,w08,,,,,,,,,,,,,,,QGAZA5C_12,"Finally, who among the following parties do you believe is suited to broker a political solution that would be fair to both Palestinians and Israelis? Please select all that apply"
QGAZA5C_13,1,w08,w08,w08,"Finally, who among the following parties do you believe is suited to broker a political solution that would be fair to both Palestinians and Israelis? Please select all that apply",w08 questionnaire (stem QGAZA5C),unknown,,0,,w08,,,,,,,,,,,,,,,QGAZA5C_13,"Finally, who among the following parties do you believe is suited to broker a political solution that would be fair to both Palestinians and Israelis? Please select all that apply"
QGAZA5C_2,1,w08,w08,w08,"Finally, who among the following parties do you believe is suited to broker a political solution that would be fair to both Palestinians and Israelis? Please select all that apply",w08 questionnaire (stem QGAZA5C),unknown,,0,,w08,,,,,,,,,,,,,,,QGAZA5C_2,"Finally, who among the following parties do you believe is suited to broker a political solution that would be fair to both Palestinians and Israelis? Please select all that apply"
QGAZA5C_3,1,w08,w08,w08,"Finally, who among the following parties do you believe is suited to broker a political solution that would be fair to both Palestinians and Israelis? Please select all that apply",w08 questionnaire (stem QGAZA5C),unknown,,0,,w08,,,,,,,,,,,,,,,QGAZA5C_3,"Finally, who among the following parties do you believe is suited to broker a political solution that would be fair to both Palestinians and Israelis? Please select all that apply"
QGAZA5C_4,1,w08,w08,w08,"Finally, who among the following parties do you believe is suited to broker a political solution that would be fair to both Palestinians and Israelis? Please select all that apply",w08 questionnaire (stem QGAZA5C),unknown,,0,,w08,,,,,,,,,,,,,,,QGAZA5C_4,"Finally, who among the following parties do you believe is suited to broker a political solution that would be fair to both Palestinians and Israelis? Please select all that apply"
QGAZA5C_5,1,w08,w08,w08,"Finally, who among the following parties do you believe is suited to broker a political solution that would be fair to both Palestinians and Israelis? Please select all that apply",w08 questionnaire (stem QGAZA5C),unknown,,0,,w08,,,,,,,,,,,,,,,QGAZA5C_5,"Finally, who among the following parties do you believe is suited to broker a political solution that would be fair to both Palestinians and Israelis? Please select all that apply"
QGAZA5C_6,1,w08,w08,w08,"Finally, who among the following parties do you believe is suited to broker a political solution that would be fair to both Palestinians and Israelis? Please select all that apply",w08 questionnaire (stem QGAZA5C),unknown,,0,,w08,,,,,,,,,,,,,,,QGAZA5C_6,"Finally, who among the following parties do you believe is suited to broker a political solution that would be fair to both Palestinians and Israelis? Please select all that apply"
QGAZA5C_7,1,w08,w08,w08,"Finally, who among the following parties do you believe is suited to broker a political solution that would be fair to both Palestinians and Israelis? Please select all that apply",w08 questionnaire (stem QGAZA5C),unknown,,0,,w08,,,,,,,,,,,,,,,QGAZA5C_7,"Finally, who among the following parties do you believe is suited to broker a political solution that would be fair to both Palestinians and Israelis? Please select all that apply"
QGAZA5C_8,1,w08,w08,w08,"Finally, who among the following parties do you believe is suited to broker a political solution that would be fair to both Palestinians and Israelis? Please select all that apply",w08 questionnaire (stem QGAZA5C),unknown,,0,,w08,,,,,,,,,,,,,,,QGAZA5C_8,"Finally, who among the following parties do you believe is suited to broker a political solution that would be fair to both Palestinians and Israelis? Please select all that apply"
QGAZA5C_9,1,w08,w08,w08,"Finally, who among the following parties do you believe is suited to broker a political solution that would be fair to both Palestinians and Israelis? Please select all that apply",w08 questionnaire (stem QGAZA5C),unknown,,0,,w08,,,,,,,,,,,,,,,QGAZA5C_9,"Finally, who among the following parties do you believe is suited to broker a political solution that would be fair to both Palestinians and Israelis? Please select all that apply"
QGAZA5C_91,1,w08,w08,w08,"Finally, who among the following parties do you believe is suited to broker a political solution that would be fair to both Palestinians and Israelis? Please select all that apply",w08 questionnaire (stem QGAZA5C),unknown,,0,,w08,,,,,,,,,,,,,,,QGAZA5C_91,"Finally, who among the following parties do you believe is suited to broker a political solution that would be fair to both Palestinians and Israelis? Please select all that apply"
QGAZA5C_98,1,w08,w08,w08,"Finally, who among the following parties do you believe is suited to broker a political solution that would be fair to both Palestinians and Israelis? Please select all that apply",w08 questionnaire (stem QGAZA5C),unknown,,0,,w08,,,,,,,,,,,,,,,QGAZA5C_98,"Finally, who among the following parties do you believe is suited to broker a political solution that would be fair to both Palestinians and Israelis? Please select all that apply"
QGAZA5C_99,1,w08,w08,w08,"Finally, who among the following parties do you believe is suited to broker a political solution that would be fair to both Palestinians and Israelis? Please select all that apply",w08 questionnaire (stem QGAZA5C),unknown,,0,,w08,,,,,,,,,,,,,,,QGAZA5C_99,"Finally, who among the following parties do you believe is suited to broker a political solution that would be fair to both Palestinians and Israelis? Please select all that apply"
QGAZA6,1,w08,w08,w08,"QGAZA6 In your opinion, to what extent do you believe the government of [YOUR COUNTRY] uses the Palestinian-Israeli conflict as a justification for the lack of reform?",w08 release label,unknown,,0,,,,,,,,,,,,,,,,,QGAZA6,"QGAZA6 In your opinion, to what extent do you believe the government of [YOUR COUNTRY] uses the Palestinian-Israeli conflict as a justification for the lack of reform?"
QIRQ1,1,w08,w08,w08,QIRQ1 To what extent do you support repealing laws allowing rapist to marry their victims?,w08 release label,unknown,,0,,,,,,,,,,,,,,,,,QIRQ1,QIRQ1 To what extent do you support repealing laws allowing rapist to marry their victims?
QIRQ2A,1,w08,w08,w08,QIRQ2A Who should decide whether IDPs who are not living in camps return to their governorates of origin?,w08 release label,unknown,,0,,,,,,,,,,,,,,,,,QIRQ2A,QIRQ2A Who should decide whether IDPs who are not living in camps return to their governorates of origin?
QIRQ2B,1,w08,w08,w08,"Of the following parties, who do you believe should have priority in deciding whether Iraqi IDPs who are not living in camps return to their governorates of origin?",w08 questionnaire,unknown,,0,,w08,,,,,,,,,,,,,,,QIRQ2B,"Of the following parties, who do you believe should have priority in deciding whether Iraqi IDPs who are not living in camps return to their governorates of origin?"
QIRQ3_1,1,w08,w08,w08,QIRQ3_1 Should children of ISIS members with an Iraqi partent be given rights to: Education,w08 release label,unknown,,0,,,,,,,,,,,,,,,,,QIRQ3_1,QIRQ3_1 Should children of ISIS members with an Iraqi partent be given rights to: Education
QIRQ3_2,1,w08,w08,w08,"For each of the following rights, please tell me if you think children born to ISIS family members, with at least one parent being Iraqi should be granted rights, should be granted rights only if they have undergone a reintegration program, or should not be granted rights",w08 questionnaire (stem QIRQ3),unknown,,0,,w08,,,,,,,,,,,,,,,QIRQ3_2,"For each of the following rights, please tell me if you think children born to ISIS family members, with at least one parent being Iraqi should be granted rights, should be granted rights only if they have undergone a reintegration program, or should not be granted rights"
QIRQ4A,1,w08,w08,w08,Which country has the most positive impact on Iraqi domestic policies?,w08 release label,unknown,,0,,,,,,,,,,,,,,,,,QIRQ4A,Which country has the most positive impact on Iraqi domestic policies?
QIRQ4B,1,w08,w08,w08,Which country has the most negative impact on Iraqi domestic policies?,w08 release label,unknown,,0,,,,,,,,,,,,,,,,,QIRQ4B,Which country has the most negative impact on Iraqi domestic policies?
QJOR1,1,w06p1,w06p1,w06p1,"In your opinion, to what extent will the reactivation of compulsory military ser",w06p1 release label,unknown,,0,,,,,,,,,QJOR1,"In your opinion, to what extent will the reactivation of compulsory military ser",,,,,,,,
QJOR5,1,w08,w08,w08,QJOR5 Have you heard about the cybercrime law approved by the House of Representatives?,w08 release label,unknown,,0,,,,,,,,,,,,,,,,,QJOR5,QJOR5 Have you heard about the cybercrime law approved by the House of Representatives?
QJOR6,1,w08,w08,w08,QJOR6 What will the main effect of the cybercrime law? Do you believe it will…,w08 release label,unknown,,0,,,,,,,,,,,,,,,,,QJOR6,QJOR6 What will the main effect of the cybercrime law? Do you believe it will…
QKUW26,1,w08,w08,w08,"In your opinion, when did the Bidoon problem start?",w08 questionnaire,unknown,,0,,w08,,,,,,,,,,,,,,,QKUW26,"In your opinion, when did the Bidoon problem start?"
QKUW27,1,w08,w08,w08,To what extent does the problem of the Bidoon endanger national security in Kuwait?,w08 questionnaire,unknown,,0,,w08,,,,,,,,,,,,,,,QKUW27,To what extent does the problem of the Bidoon endanger national security in Kuwait?
QKUW28_1,1,w08,w08,w08,Please tell me to what extent each of the following is an appropriate solution to the problem of the Bidoon in Kuwait,w08 questionnaire (stem QKUW28),unknown,,0,,w08,,,,,,,,,,,,,,,QKUW28_1,Please tell me to what extent each of the following is an appropriate solution to the problem of the Bidoon in Kuwait
QKUW28_2,1,w08,w08,w08,Please tell me to what extent each of the following is an appropriate solution to the problem of the Bidoon in Kuwait,w08 questionnaire (stem QKUW28),unknown,,0,,w08,,,,,,,,,,,,,,,QKUW28_2,Please tell me to what extent each of the following is an appropriate solution to the problem of the Bidoon in Kuwait
QKUW28_3,1,w08,w08,w08,Please tell me to what extent each of the following is an appropriate solution to the problem of the Bidoon in Kuwait,w08 questionnaire (stem QKUW28),unknown,,0,,w08,,,,,,,,,,,,,,,QKUW28_3,Please tell me to what extent each of the following is an appropriate solution to the problem of the Bidoon in Kuwait
QKUW28_4,1,w08,w08,w08,Please tell me to what extent each of the following is an appropriate solution to the problem of the Bidoon in Kuwait,w08 questionnaire (stem QKUW28),unknown,,0,,w08,,,,,,,,,,,,,,,QKUW28_4,Please tell me to what extent each of the following is an appropriate solution to the problem of the Bidoon in Kuwait
QKUW28_5,1,w08,w08,w08,Please tell me to what extent each of the following is an appropriate solution to the problem of the Bidoon in Kuwait,w08 questionnaire (stem QKUW28),unknown,,0,,w08,,,,,,,,,,,,,,,QKUW28_5,Please tell me to what extent each of the following is an appropriate solution to the problem of the Bidoon in Kuwait
QKUW28_6,1,w08,w08,w08,Please tell me to what extent each of the following is an appropriate solution to the problem of the Bidoon in Kuwait,w08 questionnaire (stem QKUW28),unknown,,0,,w08,,,,,,,,,,,,,,,QKUW28_6,Please tell me to what extent each of the following is an appropriate solution to the problem of the Bidoon in Kuwait
QKUW28_7,1,w08,w08,w08,Please tell me to what extent each of the following is an appropriate solution to the problem of the Bidoon in Kuwait,w08 questionnaire (stem QKUW28),unknown,,0,,w08,,,,,,,,,,,,,,,QKUW28_7,Please tell me to what extent each of the following is an appropriate solution to the problem of the Bidoon in Kuwait
QKUW29_1,1,w08,w08,w08,To what extent do you support or oppose each of the following policies?,w08 questionnaire (stem QKUW29),unknown,,0,,w08,,,,,,,,,,,,,,,QKUW29_1,To what extent do you support or oppose each of the following policies?
QKUW29_2,1,w08,w08,w08,To what extent do you support or oppose each of the following policies?,w08 questionnaire (stem QKUW29),unknown,,0,,w08,,,,,,,,,,,,,,,QKUW29_2,To what extent do you support or oppose each of the following policies?
QKUW30,1,w08,w08,w08,"In recent years, Kuwait has witnessed political instability, which has manifested in the formation of several governments in one year and in the organization of several parliamentary elections in three years. In your opinion, who is responsible for this situation?",w08 questionnaire,unknown,,0,,w08,,,,,,,,,,,,,,,QKUW30,"In recent years, Kuwait has witnessed political instability, which has manifested in the formation of several governments in one year and in the organization of several parliamentary elections in three years. In your opinion, who is responsible for this situation?"
QKUW31_1,1,w08,w08,w08,To what extent do you think each of the following measures can contribute to correcting the course in Kuwait?,w08 questionnaire (stem QKUW31),unknown,,0,,w08,,,,,,,,,,,,,,,QKUW31_1,To what extent do you think each of the following measures can contribute to correcting the course in Kuwait?
QKUW31_2,1,w08,w08,w08,To what extent do you think each of the following measures can contribute to correcting the course in Kuwait?,w08 questionnaire (stem QKUW31),unknown,,0,,w08,,,,,,,,,,,,,,,QKUW31_2,To what extent do you think each of the following measures can contribute to correcting the course in Kuwait?
QKUW31_3,1,w08,w08,w08,To what extent do you think each of the following measures can contribute to correcting the course in Kuwait?,w08 questionnaire (stem QKUW31),unknown,,0,,w08,,,,,,,,,,,,,,,QKUW31_3,To what extent do you think each of the following measures can contribute to correcting the course in Kuwait?
QKUW31_4,1,w08,w08,w08,To what extent do you think each of the following measures can contribute to correcting the course in Kuwait?,w08 questionnaire (stem QKUW31),unknown,,0,,w08,,,,,,,,,,,,,,,QKUW31_4,To what extent do you think each of the following measures can contribute to correcting the course in Kuwait?
QKUW32,1,w08,w08,w08,To what extent do you support or oppose the dissolution of the current National Assembly?,w08 questionnaire,unknown,,0,,w08,,,,,,,,,,,,,,,QKUW32,To what extent do you support or oppose the dissolution of the current National Assembly?
QKUW33_1,1,w08,w08,w08,To what extent do you support or oppose each of the following policies?,w08 questionnaire (stem QKUW33),unknown,,0,,w08,,,,,,,,,,,,,,,QKUW33_1,To what extent do you support or oppose each of the following policies?
QKUW33_2,1,w08,w08,w08,To what extent do you support or oppose each of the following policies?,w08 questionnaire (stem QKUW33),unknown,,0,,w08,,,,,,,,,,,,,,,QKUW33_2,To what extent do you support or oppose each of the following policies?
QKUW33_3,1,w08,w08,w08,To what extent do you support or oppose each of the following policies?,w08 questionnaire (stem QKUW33),unknown,,0,,w08,,,,,,,,,,,,,,,QKUW33_3,To what extent do you support or oppose each of the following policies?
QKUW34_1,1,w08,w08,w08,With which banks do you deal with in Kuwait for your accounts?,w08 questionnaire (stem QKUW34),unknown,,0,,w08,,,,,,,,,,,,,,,QKUW34_1,With which banks do you deal with in Kuwait for your accounts?
QKUW34_10,1,w08,w08,w08,With which banks do you deal with in Kuwait for your accounts?,w08 questionnaire (stem QKUW34),unknown,,0,,w08,,,,,,,,,,,,,,,QKUW34_10,With which banks do you deal with in Kuwait for your accounts?
QKUW34_11,1,w08,w08,w08,With which banks do you deal with in Kuwait for your accounts?,w08 questionnaire (stem QKUW34),unknown,,0,,w08,,,,,,,,,,,,,,,QKUW34_11,With which banks do you deal with in Kuwait for your accounts?
QKUW34_2,1,w08,w08,w08,With which banks do you deal with in Kuwait for your accounts?,w08 questionnaire (stem QKUW34),unknown,,0,,w08,,,,,,,,,,,,,,,QKUW34_2,With which banks do you deal with in Kuwait for your accounts?
QKUW34_3,1,w08,w08,w08,With which banks do you deal with in Kuwait for your accounts?,w08 questionnaire (stem QKUW34),unknown,,0,,w08,,,,,,,,,,,,,,,QKUW34_3,With which banks do you deal with in Kuwait for your accounts?
QKUW34_4,1,w08,w08,w08,With which banks do you deal with in Kuwait for your accounts?,w08 questionnaire (stem QKUW34),unknown,,0,,w08,,,,,,,,,,,,,,,QKUW34_4,With which banks do you deal with in Kuwait for your accounts?
QKUW34_5,1,w08,w08,w08,With which banks do you deal with in Kuwait for your accounts?,w08 questionnaire (stem QKUW34),unknown,,0,,w08,,,,,,,,,,,,,,,QKUW34_5,With which banks do you deal with in Kuwait for your accounts?
QKUW34_6,1,w08,w08,w08,With which banks do you deal with in Kuwait for your accounts?,w08 questionnaire (stem QKUW34),unknown,,0,,w08,,,,,,,,,,,,,,,QKUW34_6,With which banks do you deal with in Kuwait for your accounts?
QKUW34_7,1,w08,w08,w08,With which banks do you deal with in Kuwait for your accounts?,w08 questionnaire (stem QKUW34),unknown,,0,,w08,,,,,,,,,,,,,,,QKUW34_7,With which banks do you deal with in Kuwait for your accounts?
QKUW34_8,1,w08,w08,w08,With which banks do you deal with in Kuwait for your accounts?,w08 questionnaire (stem QKUW34),unknown,,0,,w08,,,,,,,,,,,,,,,QKUW34_8,With which banks do you deal with in Kuwait for your accounts?
QKUW34_9,1,w08,w08,w08,With which banks do you deal with in Kuwait for your accounts?,w08 questionnaire (stem QKUW34),unknown,,0,,w08,,,,,,,,,,,,,,,QKUW34_9,With which banks do you deal with in Kuwait for your accounts?
QKUW34_90,1,w08,w08,w08,With which banks do you deal with in Kuwait for your accounts?,w08 questionnaire (stem QKUW34),unknown,,0,,w08,,,,,,,,,,,,,,,QKUW34_90,With which banks do you deal with in Kuwait for your accounts?
QKUW34_98,1,w08,w08,w08,With which banks do you deal with in Kuwait for your accounts?,w08 questionnaire (stem QKUW34),unknown,,0,,w08,,,,,,,,,,,,,,,QKUW34_98,With which banks do you deal with in Kuwait for your accounts?
QKUW34_99,1,w08,w08,w08,With which banks do you deal with in Kuwait for your accounts?,w08 questionnaire (stem QKUW34),unknown,,0,,w08,,,,,,,,,,,,,,,QKUW34_99,With which banks do you deal with in Kuwait for your accounts?
QKUW35,1,w08,w08,w08,How many mobile lines do you use?,w08 questionnaire,unknown,,0,,w08,,,,,,,,,,,,,,,QKUW35,How many mobile lines do you use?
QKUW36,1,w08,w08,w08,Who is the mobile phone provider of your main mobile line?,w08 questionnaire,unknown,,0,,w08,,,,,,,,,,,,,,,QKUW36,Who is the mobile phone provider of your main mobile line?
QKUW37,1,w08,w08,w08,To what degree do you agree or disagree with this statement: “I trust Kuwaiti charitable work”,w08 questionnaire,unknown,,0,,w08,,,,,,,,,,,,,,,QKUW37,To what degree do you agree or disagree with this statement: “I trust Kuwaiti charitable work”
QKUW38,1,w08,w08,w08,Which daily Arabic-language Kuwaiti newspaper do you read most?,w08 questionnaire,unknown,,0,,w08,,,,,,,,,,,,,,,QKUW38,Which daily Arabic-language Kuwaiti newspaper do you read most?
QKUW39,1,w08,w08,w08,How do you read,w08 questionnaire,unknown,,0,,w08,,,,,,,,,,,,,,,QKUW39,How do you read
QKUW40_1,1,w08,w08,w08,"In which of the following ways, if any, have you stood in solidarity with Gaza? Please tell me all that apply",w08 questionnaire (stem QKUW40),unknown,,0,,w08,,,,,,,,,,,,,,,QKUW40_1,"In which of the following ways, if any, have you stood in solidarity with Gaza? Please tell me all that apply"
QKUW40_2,1,w08,w08,w08,"In which of the following ways, if any, have you stood in solidarity with Gaza? Please tell me all that apply",w08 questionnaire (stem QKUW40),unknown,,0,,w08,,,,,,,,,,,,,,,QKUW40_2,"In which of the following ways, if any, have you stood in solidarity with Gaza? Please tell me all that apply"
QKUW40_3,1,w08,w08,w08,"In which of the following ways, if any, have you stood in solidarity with Gaza? Please tell me all that apply",w08 questionnaire (stem QKUW40),unknown,,0,,w08,,,,,,,,,,,,,,,QKUW40_3,"In which of the following ways, if any, have you stood in solidarity with Gaza? Please tell me all that apply"
QKUW40_4,1,w08,w08,w08,"In which of the following ways, if any, have you stood in solidarity with Gaza? Please tell me all that apply",w08 questionnaire (stem QKUW40),unknown,,0,,w08,,,,,,,,,,,,,,,QKUW40_4,"In which of the following ways, if any, have you stood in solidarity with Gaza? Please tell me all that apply"
QKUW40_5,1,w08,w08,w08,"In which of the following ways, if any, have you stood in solidarity with Gaza? Please tell me all that apply",w08 questionnaire (stem QKUW40),unknown,,0,,w08,,,,,,,,,,,,,,,QKUW40_5,"In which of the following ways, if any, have you stood in solidarity with Gaza? Please tell me all that apply"
QKUW40_90,1,w08,w08,w08,"In which of the following ways, if any, have you stood in solidarity with Gaza? Please tell me all that apply",w08 questionnaire (stem QKUW40),unknown,,0,,w08,,,,,,,,,,,,,,,QKUW40_90,"In which of the following ways, if any, have you stood in solidarity with Gaza? Please tell me all that apply"
QKUW40_97,1,w08,w08,w08,"In which of the following ways, if any, have you stood in solidarity with Gaza? Please tell me all that apply",w08 questionnaire (stem QKUW40),unknown,,0,,w08,,,,,,,,,,,,,,,QKUW40_97,"In which of the following ways, if any, have you stood in solidarity with Gaza? Please tell me all that apply"
QKUW40_98,1,w08,w08,w08,"In which of the following ways, if any, have you stood in solidarity with Gaza? Please tell me all that apply",w08 questionnaire (stem QKUW40),unknown,,0,,w08,,,,,,,,,,,,,,,QKUW40_98,"In which of the following ways, if any, have you stood in solidarity with Gaza? Please tell me all that apply"
QKUW40_99,1,w08,w08,w08,"In which of the following ways, if any, have you stood in solidarity with Gaza? Please tell me all that apply",w08 questionnaire (stem QKUW40),unknown,,0,,w08,,,,,,,,,,,,,,,QKUW40_99,"In which of the following ways, if any, have you stood in solidarity with Gaza? Please tell me all that apply"
QKUW41,1,w08,w08,w08,How would you evaluate the volume of external aid provided by Kuwait?,w08 questionnaire,unknown,,0,,w08,,,,,,,,,,,,,,,QKUW41,How would you evaluate the volume of external aid provided by Kuwait?
QKUW42,1,w08,w08,w08,"The Kuwait Fund for Development provided development aid to more than 100 countries, Arab and others. How do you evaluate the amount of loans provided by the Fund?",w08 questionnaire,unknown,,0,,w08,,,,,,,,,,,,,,,QKUW42,"The Kuwait Fund for Development provided development aid to more than 100 countries, Arab and others. How do you evaluate the amount of loans provided by the Fund?"
QLEB1,1,w06p1,w06p1,w06p1,"QLEB1. Of the following priorities, which is the most urgent one that the govern",w06p1 release label,unknown,,0,,,,,,,,,QLEB1,"QLEB1. Of the following priorities, which is the most urgent one that the govern",,,,,,,,
QLEB10,1,w08,w08,w08,"With the absence of the State’s electricity (EDL), what is your substitute source for electricity?",w08 questionnaire,unknown,,0,,w08,,,,,,,,,,,,,,,QLEB10,"With the absence of the State’s electricity (EDL), what is your substitute source for electricity?"
QLEB11,1,w08,w08,w08,To what extent do you support or oppose E-government (applying for official documents from the Lebanese government electronically)?,w08 questionnaire,unknown,,0,,w08,,,,,,,,,,,,,,,QLEB11,To what extent do you support or oppose E-government (applying for official documents from the Lebanese government electronically)?
QLEB12,1,w08,w08,w08,To what extent do you support or oppose the agreement between Lebanon and the International Monetary Fund?,w08 questionnaire,unknown,,0,,w08,,,,,,,,,,,,,,,QLEB12,To what extent do you support or oppose the agreement between Lebanon and the International Monetary Fund?
QLEB13,1,w08,w08,w08,"In your opinion, what is the likelihood that presidential elections will be held in the next 6 months?",w08 questionnaire,unknown,,0,,w08,,,,,,,,,,,,,,,QLEB13,"In your opinion, what is the likelihood that presidential elections will be held in the next 6 months?"
QLEB2,1,w06p1,w06p1,w06p1,QLEB2. Who is most responsible for the Beirut port explosion?,w06p1 release label,unknown,,0,,,,,,,,,QLEB2,QLEB2. Who is most responsible for the Beirut port explosion?,,,,,,,,
QLEB2_4,1,w06p1,w06p1,w06p1,Who is most responsible for the Beirut port explosion?,w06p1 questionnaire (stem QLEB2),unknown,,0,,w06p1,,,,,,,QLEB2_4,Who is most responsible for the Beirut port explosion?,,,,,,,,
QLEB2_5,1,w06p1,w06p1,w06p1,Who is most responsible for the Beirut port explosion?,w06p1 questionnaire (stem QLEB2),unknown,,0,,w06p1,,,,,,,QLEB2_5,Who is most responsible for the Beirut port explosion?,,,,,,,,
QLEB2_6,1,w06p1,w06p1,w06p1,Who is most responsible for the Beirut port explosion?,w06p1 questionnaire (stem QLEB2),unknown,,0,,w06p1,,,,,,,QLEB2_6,Who is most responsible for the Beirut port explosion?,,,,,,,,
QLEB3_1,1,w06p1,w06p1,w06p1,QLEB3.1. Did the Beirut port explosion cause you to:Lose your home,w06p1 release label,unknown,,0,,,,,,,,,QLEB3_1,QLEB3.1. Did the Beirut port explosion cause you to:Lose your home,,,,,,,,
QLEB3_2,1,w06p1,w06p1,w06p1,QLEB3.2. Did the Beirut port explosion cause you to:Lose your job or source of i,w06p1 release label,unknown,,0,,,,,,,,,QLEB3_2,QLEB3.2. Did the Beirut port explosion cause you to:Lose your job or source of i,,,,,,,,
QLEB3_3,1,w06p1,w06p1,w06p1,QLEB3.3. Did the Beirut port explosion cause you to:The death of family members,w06p1 release label,unknown,,0,,,,,,,,,QLEB3_3,QLEB3.3. Did the Beirut port explosion cause you to:The death of family members,,,,,,,,
QLEB4_1,1,w06p1,w06p1,w06p1,"QLEB4.1. After the Beirut port explosion, did you:Volunteer in street-cleaning e",w06p1 release label,unknown,,0,,,,,,,,,QLEB4_1,"QLEB4.1. After the Beirut port explosion, did you:Volunteer in street-cleaning e",,,,,,,,
QLEB4_2,1,w06p1,w06p1,w06p1,"QLEB4.2. After the Beirut port explosion, did you:Donate money to organizations",w06p1 release label,unknown,,0,,,,,,,,,QLEB4_2,"QLEB4.2. After the Beirut port explosion, did you:Donate money to organizations",,,,,,,,
QLEB4_3,1,w06p1,w06p1,w06p1,"QLEB4.3. After the Beirut port explosion, did you:Participate in a protest deman",w06p1 release label,unknown,,0,,,,,,,,,QLEB4_3,"QLEB4.3. After the Beirut port explosion, did you:Participate in a protest deman",,,,,,,,
QLEB5,1,w06p1,w06p1,w06p1,QLEB5. Who should conduct the investigation into the explosion and determine its,w06p1 release label,unknown,,0,,,,,,,,,QLEB5,QLEB5. Who should conduct the investigation into the explosion and determine its,,,,,,,,
QLEB8,1,w06p1,w06p1,w06p1,"What is the most important thing that, if changed, could improve living conditions in Lebanon?",w06p1 questionnaire,unknown,,0,,w06p1,,,,,,,QLEB8,"What is the most important thing that, if changed, could improve living conditions in Lebanon?",,,,,,,,
QLEB9,1,w08,w08,w08,To what extent have the increasing prices of essential goods impacted your household’s purchasing power?,w08 questionnaire,unknown,,0,,w08,,,,,,,,,,,,,,,QLEB9,To what extent have the increasing prices of essential goods impacted your household’s purchasing power?
QLIB1,1,w06p3,w06p3,w06p3,To what extent do you believe that geographic quotas are the ideal solution to t,w06p3 release label,unknown,,0,,,,,,,,,,,,,QLIB1,To what extent do you believe that geographic quotas are the ideal solution to t,,,,
QLIB7,1,w07,w07,w07,"QLIB7. In your opinion, what is the main reason for the conflict in Libya?",w07 release label,unknown,,0,,,,,,,,,,,,,,,QLIB7,"QLIB7. In your opinion, what is the main reason for the conflict in Libya?",,
QLIB8,1,w07,w07,w07,QLIB8. Who do you think would best lead the mediation and reconciliation process?,w07 release label,unknown,,0,,,,,,,,,,,,,,,QLIB8,QLIB8. Who do you think would best lead the mediation and reconciliation process?,,
QLIB9,1,w07,w07,w07,"QLIB9. In your opinion, is it preferable for Libya to have a",w07 release label,unknown,,0,,,,,,,,,,,,,,,QLIB9,"QLIB9. In your opinion, is it preferable for Libya to have a",,
QMOR1_1,1,w07,w07,w07,QMOR1_1. This law facilitates reporting sexual harassment to the police/Royal Gendarmerie,w07 release label,unknown,,0,,,,,,,,,,,,,,,QMOR1_1,QMOR1_1. This law facilitates reporting sexual harassment to the police/Royal Gendarmerie,,
QMOR1_2,1,w07,w07,w07,QMOR1_2. This law facilitates punishing the perpetrator of sexual harassment,w07 release label,unknown,,0,,,,,,,,,,,,,,,QMOR1_2,QMOR1_2. This law facilitates punishing the perpetrator of sexual harassment,,
QMOR3A,1,w07,w07,w07,QMOR3A. To what extent do you favor or oppose opening the land border between Algeria and Morocco?,w07 release label,unknown,,0,,,,,,,,,,,,,,,QMOR3A,QMOR3A. To what extent do you favor or oppose opening the land border between Algeria and Morocco?,,
QMOR3B,1,w07,w07,w07,QMOR3B. To what extent do you favor or oppose opening the land border between Algeria and Morocco?,w07 release label,unknown,,0,,,,,,,,,,,,,,,QMOR3B,QMOR3B. To what extent do you favor or oppose opening the land border between Algeria and Morocco?,,
QMOR4_1,1,w08,w08,w08,QMOR4_1 The government,w08 release label,unknown,,0,,,,,,,,,,,,,,,,,QMOR4_1,QMOR4_1 The government
QMOR4_2,1,w08,w08,w08,QMOR4_2 Individual citizens,w08 release label,unknown,,0,,,,,,,,,,,,,,,,,QMOR4_2,QMOR4_2 Individual citizens
QMOR4_3,1,w08,w08,w08,QMOR4_3 International humanitarian organizations,w08 release label,unknown,,0,,,,,,,,,,,,,,,,,QMOR4_3,QMOR4_3 International humanitarian organizations
QMOR4_4,1,w08,w08,w08,QMOR4_4 Moroccan civil society organizations,w08 release label,unknown,,0,,,,,,,,,,,,,,,,,QMOR4_4,QMOR4_4 Moroccan civil society organizations
QMOR5,1,w08,w08,w08,"QMOR5 Overall, did the government’s management of the earthquake crisis exceed, meet, or fail to meet your prior expectations?",w08 release label,unknown,,0,,,,,,,,,,,,,,,,,QMOR5,"QMOR5 Overall, did the government’s management of the earthquake crisis exceed, meet, or fail to meet your prior expectations?"
QMOR6,1,w08,w08,w08,"QMOR6 Do you think government services and infrastructure will improve, stay the same, or worsen in areas affected by the earthquake?",w08 release label,unknown,,0,,,,,,,,,,,,,,,,,QMOR6,"QMOR6 Do you think government services and infrastructure will improve, stay the same, or worsen in areas affected by the earthquake?"
QMOR7_1,1,w08,w08,w08,Did you participate in any of the following efforts to support earthquake victims? Please tell me all that apply,w08 questionnaire (stem QMOR7),unknown,,0,,w08,,,,,,,,,,,,,,,QMOR7_1,Did you participate in any of the following efforts to support earthquake victims? Please tell me all that apply
QMOR7_2,1,w08,w08,w08,Did you participate in any of the following efforts to support earthquake victims? Please tell me all that apply,w08 questionnaire (stem QMOR7),unknown,,0,,w08,,,,,,,,,,,,,,,QMOR7_2,Did you participate in any of the following efforts to support earthquake victims? Please tell me all that apply
QMOR7_3,1,w08,w08,w08,Did you participate in any of the following efforts to support earthquake victims? Please tell me all that apply,w08 questionnaire (stem QMOR7),unknown,,0,,w08,,,,,,,,,,,,,,,QMOR7_3,Did you participate in any of the following efforts to support earthquake victims? Please tell me all that apply
QMOR7_4,1,w08,w08,w08,Did you participate in any of the following efforts to support earthquake victims? Please tell me all that apply,w08 questionnaire (stem QMOR7),unknown,,0,,w08,,,,,,,,,,,,,,,QMOR7_4,Did you participate in any of the following efforts to support earthquake victims? Please tell me all that apply
QMOR7_98,1,w08,w08,w08,Did you participate in any of the following efforts to support earthquake victims? Please tell me all that apply,w08 questionnaire (stem QMOR7),unknown,,0,,w08,,,,,,,,,,,,,,,QMOR7_98,Did you participate in any of the following efforts to support earthquake victims? Please tell me all that apply
QMOR7_99,1,w08,w08,w08,Did you participate in any of the following efforts to support earthquake victims? Please tell me all that apply,w08 questionnaire (stem QMOR7),unknown,,0,,w08,,,,,,,,,,,,,,,QMOR7_99,Did you participate in any of the following efforts to support earthquake victims? Please tell me all that apply
QMOR8_1,1,w08,w08,w08,QMOR8_1 Allocating part of the national budget to providing earthquake victims with compensation for damaged property,w08 release label,unknown,,0,,,,,,,,,,,,,,,,,QMOR8_1,QMOR8_1 Allocating part of the national budget to providing earthquake victims with compensation for damaged property
QMOR8_2,1,w08,w08,w08,"QMOR8_2 Passing a new law requiring earthquake-resistant building standards, even if it increased building time and costs",w08 release label,unknown,,0,,,,,,,,,,,,,,,,,QMOR8_2,"QMOR8_2 Passing a new law requiring earthquake-resistant building standards, even if it increased building time and costs"
QMOR8_3A,1,w08,w08,w08,QMOR8_3A The government’s requesting foreign aid to address the effects of the earthquake,w08 release label,unknown,,0,,,,,,,,,,,,,,,,,QMOR8_3A,QMOR8_3A The government’s requesting foreign aid to address the effects of the earthquake
QMOR8_3B,1,w08,w08,w08,QMOR8_3B The government’s refusing foreign aid to address the effects of the earthquake,w08 release label,unknown,,0,,,,,,,,,,,,,,,,,QMOR8_3B,QMOR8_3B The government’s refusing foreign aid to address the effects of the earthquake
QPAL10,1,w08,w08,w08,"If new elections agreed to by all factions are held today and the same lists that took part in the last PLC elections on 25 January 2006 were nominated, for whom would you vote?",w08 questionnaire,unknown,,0,,w08,,,,,,,,,,,,,,,QPAL10,"If new elections agreed to by all factions are held today and the same lists that took part in the last PLC elections on 25 January 2006 were nominated, for whom would you vote?"
QPAL11_1,1,w08,w08,w08,QPAL11_1 First goal,w08 release label,unknown,,0,,,,,,,,,,,,,,,,,QPAL11_1,QPAL11_1 First goal
QPAL11_2,1,w08,w08,w08,QPAL11_2 Second goal,w08 release label,unknown,,0,,,,,,,,,,,,,,,,,QPAL11_2,QPAL11_2 Second goal
QPAL18,1,w08,w08,w08,QPAL18 Can West Bank and Gaza Strip Palestinians today elect their own leadership in parliamentary and presidential election?,w08 release label,unknown,,0,,,,,,,,,,,,,,,,,QPAL18,QPAL18 Can West Bank and Gaza Strip Palestinians today elect their own leadership in parliamentary and presidential election?
QPAL19,1,w08,w08,w08,"QPAL19 If the answer is no, from among the following possible reasons, which in your view is the most likely to actually cause this?",w08 release label,unknown,,0,,,,,,,,,,,,,,,,,QPAL19,"QPAL19 If the answer is no, from among the following possible reasons, which in your view is the most likely to actually cause this?"
QPAL20,1,w08,w08,w08,QPAL20 Some people say that the Palestinian Authority has become a burden on the Palestinian people while others say that it is an accomplishment for the Palestinian people. What do you think?,w08 release label,unknown,,0,,,,,,,,,,,,,,,,,QPAL20,QPAL20 Some people say that the Palestinian Authority has become a burden on the Palestinian people while others say that it is an accomplishment for the Palestinian people. What do you think?
QPAL21,1,w08,w08,w08,"QPAL21 If it were up to you, would you want to have Abbas resign or not resign?",w08 release label,unknown,,0,,,,,,,,,,,,,,,,,QPAL21,"QPAL21 If it were up to you, would you want to have Abbas resign or not resign?"
QPAL6,1,w08,w08,w08,"QPAL6 If new presidential elections were to take place today, and the competition was between Marwan Barghouti, Ismail Haniyeh, and Mahmoud Abbas, for whom would you vote?",w08 release label,unknown,,0,,,,,,,,,,,,,,,,,QPAL6,"QPAL6 If new presidential elections were to take place today, and the competition was between Marwan Barghouti, Ismail Haniyeh, and Mahmoud Abbas, for whom would you vote?"
QPAL9,1,w08,w08,w08,To whom did you vote in the last parliamentary elections on 25 January 2006?,w08 questionnaire,unknown,,0,,w08,,,,,,,,,,,,,,,QPAL9,To whom did you vote in the last parliamentary elections on 25 January 2006?
QTUN1_1,1,w07,w07,w07,QTUN1_1. Suspension of Parliament,w07 release label,unknown,,0,,,,,,,,,,,,,,,QTUN1_1,QTUN1_1. Suspension of Parliament,,
QTUN1_2,1,w07,w07,w07,QTUN1_2. Lifting parliamentary immunity,w07 release label,unknown,,0,,,,,,,,,,,,,,,QTUN1_2,QTUN1_2. Lifting parliamentary immunity,,
QTUN2A,1,w07,w07,w07,QTUN2A. How much trust do you have in Prime Minister Najla Bouden?,w07 release label,unknown,,0,,,,,,,,,,,,,,,QTUN2A,QTUN2A. How much trust do you have in Prime Minister Najla Bouden?,,
QTUN2B,1,w07,w07,w07,QTUN2B. How much trust did you have in former Prime Minister Hichem Mechichi?,w07 release label,unknown,,0,,,,,,,,,,,,,,,QTUN2B,QTUN2B. How much trust did you have in former Prime Minister Hichem Mechichi?,,
SA1012,1,w02,w02,w02,sa1012 Denomination,w02 release label,unknown,,0,,,sa1012,sa1012 Denomination,,,,,,,,,,,,,,
SA2013,1,w02,w02,w02,"sa2013 I will name a number of institutions, and I would like you to tell me to what extent you trust each of them: 3. The Shura Council",w02 release label,unknown,,0,,,sa2013,"sa2013 I will name a number of institutions, and I would like you to tell me to what extent you trust each of them: 3. The Shura Council",,,,,,,,,,,,,,
SA2032,1,w02,w02,w02,"sa2032 Generally speaking, how would you evaluate the performance of [Insert] in carrying out its tasks and duties? 2.The Shura Council",w02 release label,unknown,,0,,,sa2032,"sa2032 Generally speaking, how would you evaluate the performance of [Insert] in carrying out its tasks and duties? 2.The Shura Council",,,,,,,,,,,,,,
SA301,1,w02,w02,w02,"sa301 Did you vote in the last municipal elections that were held on 1st of Moharam, 1426 (February 10th, 2005)?",w02 release label,unknown,,0,,,sa301,"sa301 Did you vote in the last municipal elections that were held on 1st of Moharam, 1426 (February 10th, 2005)?",,,,,,,,,,,,,,
SA302,1,w02,w02,w02,"sa302 During the last municipal elections held on 1st of Moharam, 1426 (February 10th, 2005) did you attend any meetings or activities related to any electoral campaign?",w02 release label,unknown,,0,,,sa302,"sa302 During the last municipal elections held on 1st of Moharam, 1426 (February 10th, 2005) did you attend any meetings or activities related to any electoral campaign?",,,,,,,,,,,,,,
SA303,1,w02,w02,w02,"sa303 In general, how would you Evaluate the freedom and fairness last municipal elections that were held on 1st of Moharam, 1426 (February 10th, 2005)?",w02 release label,unknown,,0,,,sa303,"sa303 In general, how would you Evaluate the freedom and fairness last municipal elections that were held on 1st of Moharam, 1426 (February 10th, 2005)?",,,,,,,,,,,,,,
SA3041,1,w02,w02,w02,"sa3041 In general, to what extent is it important to you that [Insert] in deciding who to vote for in elections, whether the municipal elections? 1. That the candidate is from your family/tribe (relatives)",w02 release label,unknown,,0,,,sa3041,"sa3041 In general, to what extent is it important to you that [Insert] in deciding who to vote for in elections, whether the municipal elections? 1. That the candidate is from your family/tribe (relatives)",,,,,,,,,,,,,,
SA3043,1,w02,w02,w02,"sa3043 In general, to what extent is it important to you that [Insert] in deciding who to vote for in elections, whether the municipal elections? 3. The candidate’s level of education",w02 release label,unknown,,0,,,sa3043,"sa3043 In general, to what extent is it important to you that [Insert] in deciding who to vote for in elections, whether the municipal elections? 3. The candidate’s level of education",,,,,,,,,,,,,,
SA3044,1,w02,w02,w02,"sa3044 In general, to what extent is it important to you that [Insert] in deciding who to vote for in elections, whether the municipal elections? 4. The candidate’s piety",w02 release label,unknown,,0,,,sa3044,"sa3044 In general, to what extent is it important to you that [Insert] in deciding who to vote for in elections, whether the municipal elections? 4. The candidate’s piety",,,,,,,,,,,,,,
SA3045,1,w02,w02,w02,"sa3045 In general, to what extent is it important to you that [Insert] in deciding who to vote for in elections, whether the municipal elections? 5. The extent to which you agree with the candidate about issues that are important to you",w02 release label,unknown,,0,,,sa3045,"sa3045 In general, to what extent is it important to you that [Insert] in deciding who to vote for in elections, whether the municipal elections? 5. The extent to which you agree with the candidate about issues that are important to you",,,,,,,,,,,,,,
SA3046,1,w02,w02,w02,"sa3046 In general, to what extent is it important to you that [Insert] in deciding who to vote for in elections, whether the municipal elections? 6. The candidate’s social status",w02 release label,unknown,,0,,,sa3046,"sa3046 In general, to what extent is it important to you that [Insert] in deciding who to vote for in elections, whether the municipal elections? 6. The candidate’s social status",,,,,,,,,,,,,,
SA3047,1,w02,w02,w02,"sa3047 In general, to what extent is it important to you that [Insert] in deciding who to vote for in elections, whether the municipal elections? 7. The candidate’s wealth",w02 release label,unknown,,0,,,sa3047,"sa3047 In general, to what extent is it important to you that [Insert] in deciding who to vote for in elections, whether the municipal elections? 7. The candidate’s wealth",,,,,,,,,,,,,,
SA3048,1,w02,w02,w02,"sa3048 In general, to what extent is it important to you that [Insert] in deciding who to vote for in elections, whether the municipal elections? 8. The overall program of the candidate",w02 release label,unknown,,0,,,sa3048,"sa3048 In general, to what extent is it important to you that [Insert] in deciding who to vote for in elections, whether the municipal elections? 8. The overall program of the candidate",,,,,,,,,,,,,,
SA305,1,w02,w02,w02,sa305 Which of the factors mentioned in the previous question is the most important?,w02 release label,unknown,,0,,,sa305,sa305 Which of the factors mentioned in the previous question is the most important?,,,,,,,,,,,,,,
SA3061,1,w02,w02,w02,sa3061 I want to ask about your opinion regarding the role of the Shura Council in forming certain public policies. To what extent do you think that the Shura Council has a role in the formation of [Insert] policies? 1. Economic,w02 release label,unknown,,0,,,sa3061,sa3061 I want to ask about your opinion regarding the role of the Shura Council in forming certain public policies. To what extent do you think that the Shura Council has a role in the formation of [Insert] policies? 1. Economic,,,,,,,,,,,,,,
SA3062,1,w02,w02,w02,sa3062 I want to ask about your opinion regarding the role of the Shura Council in forming certain public policies. To what extent do you think that the Shura Council has a role in the formation of [Insert] policies? 2. Social,w02 release label,unknown,,0,,,sa3062,sa3062 I want to ask about your opinion regarding the role of the Shura Council in forming certain public policies. To what extent do you think that the Shura Council has a role in the formation of [Insert] policies? 2. Social,,,,,,,,,,,,,,
SA3063,1,w02,w02,w02,sa3063 I want to ask about your opinion regarding the role of the Shura Council in forming certain public policies. To what extent do you think that the Shura Council has a role in the formation of [Insert] policies? 2. Foreign,w02 release label,unknown,,0,,,sa3063,sa3063 I want to ask about your opinion regarding the role of the Shura Council in forming certain public policies. To what extent do you think that the Shura Council has a role in the formation of [Insert] policies? 2. Foreign,,,,,,,,,,,,,,
SA503,1,w02,w02,w02,"sa503 Which of the existing intellectual movements is closest to representing your political, social and economic aspirations?",w02 release label,unknown,,0,,,sa503,"sa503 Which of the existing intellectual movements is closest to representing your political, social and economic aspirations?",,,,,,,,,,,,,,
SA5222,1,w02,w02,w02,sa5222 Can you tell me the name of [Insert]? 2. The speaker of the shura,w02 release label,unknown,,0,,,sa5222,sa5222 Can you tell me the name of [Insert]? 2. The speaker of the shura,,,,,,,,,,,,,,
SA523,1,w02,w02,w02,sa523 To what extent do you think the lack of respect for human rights is justified in order to maintain security in Arab countries?,w02 release label,unknown,,0,,,sa523,sa523 To what extent do you think the lack of respect for human rights is justified in order to maintain security in Arab countries?,,,,,,,,,,,,,,
SA6051,1,w02,w02,w02,sa6051 To what extent do you agree or disagree with each of the following principles in the enactment of laws and regulations in Saudi Arabia? 1. The government and the Shura Council should enact laws in accordance with the people’s wishes,w02 release label,unknown,,0,,,sa6051,sa6051 To what extent do you agree or disagree with each of the following principles in the enactment of laws and regulations in Saudi Arabia? 1. The government and the Shura Council should enact laws in accordance with the people’s wishes,,,,,,,,,,,,,,
SA6052,1,w02,w02,w02,sa6052 To what extent do you agree or disagree with each of the following principles in the enactment of laws and regulations in Saudi Arabia? 2. The government and the Shura Council should enact laws in accordance with Islamic law,w02 release label,unknown,,0,,,sa6052,sa6052 To what extent do you agree or disagree with each of the following principles in the enactment of laws and regulations in Saudi Arabia? 2. The government and the Shura Council should enact laws in accordance with Islamic law,,,,,,,,,,,,,,
SA6053,1,w02,w02,w02,sa6053 To what extent do you agree or disagree with each of the following principles in the enactment of laws and regulations in Saudi Arabia? 3. The government and Shura Council should enact laws in accordance with citizens’ wishes with regard to certai,w02 release label,unknown,,0,,,sa6053,sa6053 To what extent do you agree or disagree with each of the following principles in the enactment of laws and regulations in Saudi Arabia? 3. The government and Shura Council should enact laws in accordance with citizens’ wishes with regard to certai,,,,,,,,,,,,,,
SA6054,1,w02,w02,w02,sa6054 To what extent do you agree or disagree with each of the following principles in the enactment of laws and regulations in Saudi Arabia? 4. The government and Shura Council should enact penal laws in accordance with Islamic law,w02 release label,unknown,,0,,,sa6054,sa6054 To what extent do you agree or disagree with each of the following principles in the enactment of laws and regulations in Saudi Arabia? 4. The government and Shura Council should enact penal laws in accordance with Islamic law,,,,,,,,,,,,,,
SA6055,1,w02,w02,w02,"sa6055 To what extent do you agree or disagree with each of the following principles in the enactment of laws and regulations in Saudi Arabia? 5. The government and Shura Council should enact personal status laws (marriage, divorce) in accordance with Isla",w02 release label,unknown,,0,,,sa6055,"sa6055 To what extent do you agree or disagree with each of the following principles in the enactment of laws and regulations in Saudi Arabia? 5. The government and Shura Council should enact personal status laws (marriage, divorce) in accordance with Isla",,,,,,,,,,,,,,
SA6056,1,w02,w02,w02,sa6056 To what extent do you agree or disagree with each of the following principles in the enactment of laws and regulations in Saudi Arabia? 6. The government and Shura Council should enact inheritance laws in accordance with Islamic law,w02 release label,unknown,,0,,,sa6056,sa6056 To what extent do you agree or disagree with each of the following principles in the enactment of laws and regulations in Saudi Arabia? 6. The government and Shura Council should enact inheritance laws in accordance with Islamic law,,,,,,,,,,,,,,
SAMP,1,w02,w02,w02,samp Sample,w02 release label,unknown,,0,,,samp,samp Sample,,,,,,,,,,,,,,
SPLITA,1,w05,w05,w05,,,unknown,,0,,,,,,,splita,,,,,,,,,,,
SPLITB,1,w05,w05,w05,,,unknown,,0,,,,,,,splitb,,,,,,,,,,,
T302,1,w02,w02,w02,"t302 Will you participate in the upcoming elections of the Constituent Assembly (October 23rd, 2011)?",w02 release label,unknown,,0,,,t302,"t302 Will you participate in the upcoming elections of the Constituent Assembly (October 23rd, 2011)?",,,,,,,,,,,,,,
T3041,1,w02,w02,w02,"t3041 Suppose that the elections of the Constituent Assembly are taking place tomorrow and that you have decided to vote, how important is it [Insert] in your decision to vote for him/her? 1. That the candidate is from your family/tribe (relatives)",w02 release label,unknown,,0,,,t3041,"t3041 Suppose that the elections of the Constituent Assembly are taking place tomorrow and that you have decided to vote, how important is it [Insert] in your decision to vote for him/her? 1. That the candidate is from your family/tribe (relatives)",,,,,,,,,,,,,,
T30412,1,w02,w02,w02,"t30412 Suppose that the elections of the Constituent Assembly are taking place tomorrow and that you have decided to vote, how important is it [Insert] in your decision to vote for him/her? 12. That the candidate supported and participated in the events of",w02 release label,unknown,,0,,,t30412,"t30412 Suppose that the elections of the Constituent Assembly are taking place tomorrow and that you have decided to vote, how important is it [Insert] in your decision to vote for him/her? 12. That the candidate supported and participated in the events of",,,,,,,,,,,,,,
T30413,1,w02,w02,w02,"t30413 Suppose that the elections of the Constituent Assembly are taking place tomorrow and that you have decided to vote, how important is it [Insert] in your decision to vote for him/her? 13. That the candidate is from your area?",w02 release label,unknown,,0,,,t30413,"t30413 Suppose that the elections of the Constituent Assembly are taking place tomorrow and that you have decided to vote, how important is it [Insert] in your decision to vote for him/her? 13. That the candidate is from your area?",,,,,,,,,,,,,,
T3042,1,w02,w02,w02,"t3042 Suppose that the elections of the Constituent Assembly are taking place tomorrow and that you have decided to vote, how important is it [Insert] in your decision to vote for him/her? 2. The candidate’s political party or affiliation",w02 release label,unknown,,0,,,t3042,"t3042 Suppose that the elections of the Constituent Assembly are taking place tomorrow and that you have decided to vote, how important is it [Insert] in your decision to vote for him/her? 2. The candidate’s political party or affiliation",,,,,,,,,,,,,,
T3043,1,w02,w02,w02,"t3043 Suppose that the elections of the Constituent Assembly are taking place tomorrow and that you have decided to vote, how important is it [Insert] in your decision to vote for him/her? 3. The candidate’s level of education",w02 release label,unknown,,0,,,t3043,"t3043 Suppose that the elections of the Constituent Assembly are taking place tomorrow and that you have decided to vote, how important is it [Insert] in your decision to vote for him/her? 3. The candidate’s level of education",,,,,,,,,,,,,,
T3044,1,w02,w02,w02,"t3044 Suppose that the elections of the Constituent Assembly are taking place tomorrow and that you have decided to vote, how important is it [Insert] in your decision to vote for him/her? 4. The candidate’s piety",w02 release label,unknown,,0,,,t3044,"t3044 Suppose that the elections of the Constituent Assembly are taking place tomorrow and that you have decided to vote, how important is it [Insert] in your decision to vote for him/her? 4. The candidate’s piety",,,,,,,,,,,,,,
T3045,1,w02,w02,w02,"t3045 Suppose that the elections of the Constituent Assembly are taking place tomorrow and that you have decided to vote, how important is it [Insert] in your decision to vote for him/her? 5. The extent to which you agree with the candidate about issues th",w02 release label,unknown,,0,,,t3045,"t3045 Suppose that the elections of the Constituent Assembly are taking place tomorrow and that you have decided to vote, how important is it [Insert] in your decision to vote for him/her? 5. The extent to which you agree with the candidate about issues th",,,,,,,,,,,,,,
T3046,1,w02,w02,w02,"t3046 Suppose that the elections of the Constituent Assembly are taking place tomorrow and that you have decided to vote, how important is it [Insert] in your decision to vote for him/her? 6. The candidate’s social status",w02 release label,unknown,,0,,,t3046,"t3046 Suppose that the elections of the Constituent Assembly are taking place tomorrow and that you have decided to vote, how important is it [Insert] in your decision to vote for him/her? 6. The candidate’s social status",,,,,,,,,,,,,,
T3047,1,w02,w02,w02,"t3047 Suppose that the elections of the Constituent Assembly are taking place tomorrow and that you have decided to vote, how important is it [Insert] in your decision to vote for him/her? 7. The candidate’s wealth",w02 release label,unknown,,0,,,t3047,"t3047 Suppose that the elections of the Constituent Assembly are taking place tomorrow and that you have decided to vote, how important is it [Insert] in your decision to vote for him/her? 7. The candidate’s wealth",,,,,,,,,,,,,,
T305,1,w02,w02,w02,t305 Which of the factors mentioned in the previous question is the most important?,w02 release label,unknown,,0,,,t305,t305 Which of the factors mentioned in the previous question is the most important?,,,,,,,,,,,,,,
T306,1,w02,w02,w02,t306 Do you think that the upcoming elections of the Constituent Assembly would be...?,w02 release label,unknown,,0,,,t306,t306 Do you think that the upcoming elections of the Constituent Assembly would be...?,,,,,,,,,,,,,,
T307,1,w02,w02,w02,"t307 Suppose that the elections of the Constituent Assembly will take place tomorrow and that you have decided to participate, will you vote for...?",w02 release label,unknown,,0,,,t307,"t307 Suppose that the elections of the Constituent Assembly will take place tomorrow and that you have decided to participate, will you vote for...?",,,,,,,,,,,,,,
T307N1,1,w02,w02,w02,t307n1 Name of the political party,w02 release label,unknown,,0,,,t307n1,t307n1 Name of the political party,,,,,,,,,,,,,,
T307N2,1,w02,w02,w02,t307n2 Name of the candidate,w02 release label,unknown,,0,,,t307n2,t307n2 Name of the candidate,,,,,,,,,,,,,,
T309,1,w02,w02,w02,"t309 Apart from your political orientation, do you think any of the political parties would win a majority in the upcoming elections of the Constituent Assembly?",w02 release label,unknown,,0,,,t309,"t309 Apart from your political orientation, do you think any of the political parties would win a majority in the upcoming elections of the Constituent Assembly?",,,,,,,,,,,,,,
T309N,1,w02,w02,w02,t309n Name of the political party,w02 release label,unknown,,0,,,t309n,t309n Name of the political party,,,,,,,,,,,,,,
T50111,1,w02,w02,w02,t50111 Are you a member of [Insert] 11. Revolution’s Protection Committees,w02 release label,unknown,,0,,,t50111,t50111 Are you a member of [Insert] 11. Revolution’s Protection Committees,,,,,,,,,,,,,,
T501C,1,w02,w02,w02,t501c When did you become a member of this political party?,w02 release label,unknown,,0,,,t501c,t501c When did you become a member of this political party?,,,,,,,,,,,,,,
T513,1,w02,w02,w02,"t513 Suppose that there was a scale from 1-10 to measure the extent of your satisfaction with the Ben Ali regime, in which 1 means that you were absolutely unsatisfied with the regime and 10 means that you were very satisfied, to what extent were you satis",w02 release label,unknown,,0,,,t513,"t513 Suppose that there was a scale from 1-10 to measure the extent of your satisfaction with the Ben Ali regime, in which 1 means that you were absolutely unsatisfied with the regime and 10 means that you were very satisfied, to what extent were you satis",,,,,,,,,,,,,,
T52012,1,w02,w02,w02,"t52012 Arrange the following characteristics in order of their importance for a person to be qualified for political leadership in the country. 12. Supported and joined the events of the Tunisian revolution between December 17, 2010 and Hanuary 14, 2011",w02 release label,unknown,,0,,,t52012,"t52012 Arrange the following characteristics in order of their importance for a person to be qualified for political leadership in the country. 12. Supported and joined the events of the Tunisian revolution between December 17, 2010 and Hanuary 14, 2011",,,,,,,,,,,,,,
T6101,1,w02,w02,w02,t6101 Do you (Insert)? 1. Pray daily,w02 release label,unknown,,0,,,t6101,t6101 Do you (Insert)? 1. Pray daily,,,,,,,,,,,,,,
T6102,1,w02,w02,w02,t6102 Do you (Insert)? 2. Fast during Ramadan/Fast the 40 days of Lent (for Christians),w02 release label,unknown,,0,,,t6102,t6102 Do you (Insert)? 2. Fast during Ramadan/Fast the 40 days of Lent (for Christians),,,,,,,,,,,,,,
T6103,1,w02,w02,w02,t6103 Do you (Insert)? 3. Watch or listen to religious programs on the radio or television,w02 release label,unknown,,0,,,t6103,t6103 Do you (Insert)? 3. Watch or listen to religious programs on the radio or television,,,,,,,,,,,,,,
T6104,1,w02,w02,w02,t6104 Do you (Insert)? 4. Attend religious lessons in mosques or churches,w02 release label,unknown,,0,,,t6104,t6104 Do you (Insert)? 4. Attend religious lessons in mosques or churches,,,,,,,,,,,,,,
T6105,1,w02,w02,w02,t6105 Do you (Insert)? 5. Attend Friday prayer/Sunday services,w02 release label,unknown,,0,,,t6105,t6105 Do you (Insert)? 5. Attend Friday prayer/Sunday services,,,,,,,,,,,,,,
T6106,1,w02,w02,w02,t6106 Do you (Insert)? 6. Listen to or read the Quran/the Bible,w02 release label,unknown,,0,,,t6106,t6106 Do you (Insert)? 6. Listen to or read the Quran/the Bible,,,,,,,,,,,,,,
T6107,1,w02,w02,w02,t6107 Do you (Insert)? 7. Read religious books,w02 release label,unknown,,0,,,t6107,t6107 Do you (Insert)? 7. Read religious books,,,,,,,,,,,,,,
T901,1,w02,w02,w02,"t901 During the protests in Tunisia between December 17th, 2010 and January 14th, 2011, was your position closer to...?",w02 release label,unknown,,0,,,t901,"t901 During the protests in Tunisia between December 17th, 2010 and January 14th, 2011, was your position closer to...?",,,,,,,,,,,,,,
T902,1,w02,w02,w02,"t902 Did you participate in the protests against former president Zain Al- Abdeen Ben Ali between December 17th, 2010 and January 14th, 2011?",w02 release label,unknown,,0,,,t902,"t902 Did you participate in the protests against former president Zain Al- Abdeen Ben Ali between December 17th, 2010 and January 14th, 2011?",,,,,,,,,,,,,,
T9031,1,w02,w02,w02,"t9031 Did you participate in any of the following protests? 1. December17, 2010 to January 1, 2011",w02 release label,unknown,,0,,,t9031,"t9031 Did you participate in any of the following protests? 1. December17, 2010 to January 1, 2011",,,,,,,,,,,,,,
T9032,1,w02,w02,w02,"t9032 Did you participate in any of the following protests? 2. January 2 –January 9, 2011",w02 release label,unknown,,0,,,t9032,"t9032 Did you participate in any of the following protests? 2. January 2 –January 9, 2011",,,,,,,,,,,,,,
T9033,1,w02,w02,w02,"t9033 Did you participate in any of the following protests? 3. January 10 –January 14, 2011",w02 release label,unknown,,0,,,t9033,"t9033 Did you participate in any of the following protests? 3. January 10 –January 14, 2011",,,,,,,,,,,,,,
T904,1,w02,w02,w02,"t904 Did you support the protests against Ben Ali through the internet, such as Facebook, Twitter or YouTube?",w02 release label,unknown,,0,,,t904,"t904 Did you support the protests against Ben Ali through the internet, such as Facebook, Twitter or YouTube?",,,,,,,,,,,,,,
T905,1,w02,w02,w02,"t905 Did any of your friends or acquaintances participate in the protests against former president Ben Ali between December 17th, 2010 and January 14th, 2011?",w02 release label,unknown,,0,,,t905,"t905 Did any of your friends or acquaintances participate in the protests against former president Ben Ali between December 17th, 2010 and January 14th, 2011?",,,,,,,,,,,,,,
T906,1,w02,w02,w02,t906 Did you join any the revolution protection committees or popular committees after January 14th?,w02 release label,unknown,,0,,,t906,t906 Did you join any the revolution protection committees or popular committees after January 14th?,,,,,,,,,,,,,,
T907,1,w02,w02,w02,"t907 During the period of protests between December 17th, 2010 and January 14th, 2011, what source did you depend on the most to follow the events of the revolution?",w02 release label,unknown,,0,,,t907,"t907 During the period of protests between December 17th, 2010 and January 14th, 2011, what source did you depend on the most to follow the events of the revolution?",,,,,,,,,,,,,,
T908,1,w02,w02,w02,"t908 Identify the source (name of TV or radio station, newspaper or website)",w02 release label,unknown,,0,,,t908,"t908 Identify the source (name of TV or radio station, newspaper or website)",,,,,,,,,,,,,,
T9091,1,w02,w02,w02,"t9091 A number of citizens participated in the protests between December 17th, 2010 and January 14th, 2011 for various reasons. In your opinion, what was the most important reason for the protests?",w02 release label,unknown,,0,,,t9091,"t9091 A number of citizens participated in the protests between December 17th, 2010 and January 14th, 2011 for various reasons. In your opinion, what was the most important reason for the protests?",,,,,,,,,,,,,,
T9092,1,w02,w02,w02,"t9092 A number of citizens participated in the protests between December 17th, 2010 and January 14th, 2011 for various reasons. In your opinion, what was the second most important reason for the protests?",w02 release label,unknown,,0,,,t9092,"t9092 A number of citizens participated in the protests between December 17th, 2010 and January 14th, 2011 for various reasons. In your opinion, what was the second most important reason for the protests?",,,,,,,,,,,,,,
T910,1,w02,w02,w02,t910 Do you have feelings of victory or personal loss with regard to the Tunisian revolution?,w02 release label,unknown,,0,,,t910,t910 Do you have feelings of victory or personal loss with regard to the Tunisian revolution?,,,,,,,,,,,,,,
T9111,1,w02,w02,w02,"t9111 In your opinion, will the revolution succeed in achieving (Insert)? 1. A democratic political system in Tunisia guaranteeing political and civil freedoms and the accountability of all authorities",w02 release label,unknown,,0,,,t9111,"t9111 In your opinion, will the revolution succeed in achieving (Insert)? 1. A democratic political system in Tunisia guaranteeing political and civil freedoms and the accountability of all authorities",,,,,,,,,,,,,,
T9113,1,w02,w02,w02,"t9113 In your opinion, will the revolution succeed in achieving (Insert)? 3. Better economic opportunities",w02 release label,unknown,,0,,,t9113,"t9113 In your opinion, will the revolution succeed in achieving (Insert)? 3. Better economic opportunities",,,,,,,,,,,,,,
T9114,1,w02,w02,w02,"t9114 In your opinion, will the revolution succeed in achieving (Insert)? 4. Respect for human rights",w02 release label,unknown,,0,,,t9114,"t9114 In your opinion, will the revolution succeed in achieving (Insert)? 4. Respect for human rights",,,,,,,,,,,,,,
T9115,1,w02,w02,w02,"t9115 In your opinion, will the revolution succeed in achieving (Insert)? 5. The rule of law",w02 release label,unknown,,0,,,t9115,"t9115 In your opinion, will the revolution succeed in achieving (Insert)? 5. The rule of law",,,,,,,,,,,,,,
T9116,1,w02,w02,w02,"t9116 In your opinion, will the revolution succeed in achieving (Insert)? 6. Increased social justice",w02 release label,unknown,,0,,,t9116,"t9116 In your opinion, will the revolution succeed in achieving (Insert)? 6. Increased social justice",,,,,,,,,,,,,,
T9117,1,w02,w02,w02,"t9117 In your opinion, will the revolution succeed in achieving (Insert)? 7. An important role for Tunisia in foreign relations",w02 release label,unknown,,0,,,t9117,"t9117 In your opinion, will the revolution succeed in achieving (Insert)? 7. An important role for Tunisia in foreign relations",,,,,,,,,,,,,,
T912,1,w02,w02,w02,t912 Did you participate in the protests after Ben Ali ceded power?,w02 release label,unknown,,0,,,t912,t912 Did you participate in the protests after Ben Ali ceded power?,,,,,,,,,,,,,,
T9131,1,w02,w02,w02,t9131 Did you participate in (Insert)? 1. Qasba 1 Sit-in,w02 release label,unknown,,0,,,t9131,t9131 Did you participate in (Insert)? 1. Qasba 1 Sit-in,,,,,,,,,,,,,,
T9132,1,w02,w02,w02,t9132 Did you participate in (Insert)? 2. Qasba 2 Sit-in,w02 release label,unknown,,0,,,t9132,t9132 Did you participate in (Insert)? 2. Qasba 2 Sit-in,,,,,,,,,,,,,,
T9133,1,w02,w02,w02,t9133 Did you participate in (Insert)? 3. Quba Sit-in,w02 release label,unknown,,0,,,t9133,t9133 Did you participate in (Insert)? 3. Quba Sit-in,,,,,,,,,,,,,,
T9134,1,w02,w02,w02,t9134 Did you participate in (Insert)? 4. Other,w02 release label,unknown,,0,,,t9134,t9134 Did you participate in (Insert)? 4. Other,,,,,,,,,,,,,,
T913OT,1,w02,w02,w02,t913ot Name of other protest,w02 release label,unknown,,0,,,t913ot,t913ot Name of other protest,,,,,,,,,,,,,,
T914,1,w02,w02,w02,"t914 Did you offer assistance (such as food, money, transportation, etc.) to those who participated in the Qasaba I protest and Qasaba II protest?",w02 release label,unknown,,0,,,t914,"t914 Did you offer assistance (such as food, money, transportation, etc.) to those who participated in the Qasaba I protest and Qasaba II protest?",,,,,,,,,,,,,,
T9151,1,w02,w02,w02,"t9151 A number of citizens participated in the protests after Ben Ali ceded power. In your opinion, what was the most important reason for the protests?",w02 release label,unknown,,0,,,t9151,"t9151 A number of citizens participated in the protests after Ben Ali ceded power. In your opinion, what was the most important reason for the protests?",,,,,,,,,,,,,,
T9152,1,w02,w02,w02,"t9152 A number of citizens participated in the protests after Ben Ali ceded power. In your opinion, what was the second most important reason for the protests?",w02 release label,unknown,,0,,,t9152,"t9152 A number of citizens participated in the protests after Ben Ali ceded power. In your opinion, what was the second most important reason for the protests?",,,,,,,,,,,,,,
T916,1,w02,w02,w02,"t916 In the coming time period, do you prefer the political system in Tunisia to be...?",w02 release label,unknown,,0,,,t916,"t916 In the coming time period, do you prefer the political system in Tunisia to be...?",,,,,,,,,,,,,,
T917,1,w02,w02,w02,t917 Do you prefer that the state be...?,w02 release label,unknown,,0,,,t917,t917 Do you prefer that the state be...?,,,,,,,,,,,,,,
T918,1,w02,w02,w02,t918 Which of the following statements is closest to your opinion regarding a civil state?,w02 release label,unknown,,0,,,t918,t918 Which of the following statements is closest to your opinion regarding a civil state?,,,,,,,,,,,,,,
T919,1,w02,w02,w02,t919 Which of the following statements is closest to your opinion regarding a religious state?,w02 release label,unknown,,0,,,t919,t919 Which of the following statements is closest to your opinion regarding a religious state?,,,,,,,,,,,,,,
TE105,1,w02,w02,w02,"te105 Compared to this time last year, do you feel that your own personal and your family’s safety and security are now",w02 release label,unknown,,0,,,te105,"te105 Compared to this time last year, do you feel that your own personal and your family’s safety and security are now",,,,,,,,,,,,,,
TE210,1,w02,w02,w02,te210 Do you think that the corruption in the state’s institutions and agencies is now,w02 release label,unknown,,0,,,te210,te210 Do you think that the corruption in the state’s institutions and agencies is now,,,,,,,,,,,,,,
TE402A,1,w02,w02,w02,te402a Do you trust the local media now,w02 release label,unknown,,0,,,te402a,te402a Do you trust the local media now,,,,,,,,,,,,,,
TE4111,1,w02,w02,w02,te4111 Are you a member of or participant in [Insert]? 1. Interactive or dialogue-based groups or pages on social networking websites,w02 release label,unknown,,0,,,te4111,te4111 Are you a member of or participant in [Insert]? 1. Interactive or dialogue-based groups or pages on social networking websites,,,,,,,,,,,,,,
TE4112,1,w02,w02,w02,te4112 Are you a member of or participant in [Insert]? 2. Dialogue boards on the internet,w02 release label,unknown,,0,,,te4112,te4112 Are you a member of or participant in [Insert]? 2. Dialogue boards on the internet,,,,,,,,,,,,,,
TE4113,1,w02,w02,w02,te4113 Are you a member of or participant in [Insert]? 3. A Facebook page,w02 release label,unknown,,0,,,te4113,te4113 Are you a member of or participant in [Insert]? 3. A Facebook page,,,,,,,,,,,,,,
TE4114,1,w02,w02,w02,te4114 Are you a member of or participant in [Insert]? 4. A Twitter account,w02 release label,unknown,,0,,,te4114,te4114 Are you a member of or participant in [Insert]? 4. A Twitter account,,,,,,,,,,,,,,
TE4115,1,w02,w02,w02,te4115 Are you a member of or participant in [Insert]? 5. A private blog,w02 release label,unknown,,0,,,te4115,te4115 Are you a member of or participant in [Insert]? 5. A private blog,,,,,,,,,,,,,,
TE501A,1,w02,w02,w02,te501a Are you a member of a political party?,w02 release label,unknown,,0,,,te501a,te501a Are you a member of a political party?,,,,,,,,,,,,,,
TE501B,1,w02,w02,w02,te501b What is the name of the political party you belong to?,w02 release label,unknown,,0,,,te501b,te501b What is the name of the political party you belong to?,,,,,,,,,,,,,,
TE501D,1,w02,w02,w02,te501dn Do you plan on joining a political party?,w02 release label,unknown,,0,,,te501d,te501dn Do you plan on joining a political party?,,,,,,,,,,,,,,
TE501DN,1,w02,w02,w02,te501dn What is the name of the political party you plan on joining?,w02 release label,unknown,,0,,,te501dn,te501dn What is the name of the political party you plan on joining?,,,,,,,,,,,,,,
V1,1,w02,w02,w02,v1 Region 2,w02 release label,unknown,,0,,,v1,v1 Region 2,,,,,,,,,,,,,,
V1014,1,w02,w02,w02,"v1014 Income including all wages, salaries and rent allowances in US Dollars",w02 release label,unknown,,0,,,v1014,"v1014 Income including all wages, salaries and rent allowances in US Dollars",,,,,,,,,,,,,,
V1015,1,w02,w02,w02,v1015 Monthly household income in US Dollars,w02 release label,unknown,,0,,,v1015,v1015 Monthly household income in US Dollars,,,,,,,,,,,,,,
V13,1,w02,w02,w02,v13 Name of place,w02 release label,unknown,,0,,,v13,v13 Name of place,,,,,,,,,,,,,,
WAVE,1,w05,w05,w05,,,unknown,,0,,,,,,,wave,,,,,,,,,,,
