cluster,tier,n_surveys,n_series,series,surveys,weakest_overlap,scale,scale_note,question_text
Q0001,identical,21,5,arab-barometer;arab-opinion-index;arab-transformations;eu-neighbourhood-barometer;world-values-survey,ab-w02;ab-w03;ab-w04;aoi-2011;aoi-2012-2013;aoi-2014;aoi-2015;aoi-2016;aoi-2017-2018;aoi-2019-2020;aoi-2022;aoi-2024-2025;arabtrans-w2014;enb-w01;enb-w02;enb-w03;enb-w04;enb-w05;enb-w06;wvs-w06;wvs-w07,1.0,unknown,at least one member's release records no value labels,q1010. Marital Status
Q0002,near,13,2,afrobarometer;arab-opinion-index,afro-w05;afro-w06;afro-w07;afro-w08;afro-w10;aoi-2012-2013;aoi-2014;aoi-2015;aoi-2016;aoi-2017-2018;aoi-2019-2020;aoi-2022;aoi-2024-2025,1.0,differs,"5 options each, but they are not the same options",Q340.How often do you use the internet?
Q0003,near,11,2,arab-barometer;arab-opinion-index,ab-w07;ab-w08;aoi-2011;aoi-2012-2013;aoi-2014;aoi-2015;aoi-2016;aoi-2017-2018;aoi-2019-2020;aoi-2022;aoi-2024-2025,1.0,unknown,at least one member's release records no value labels,Q1210.How much is the monthly household income in the local currency?
Q0004,identical,10,4,afrobarometer;arab-barometer;arab-transformations;world-values-survey,ab-w03;ab-w06p2;ab-w06p3;afro-w05;afro-w06;afro-w07;afro-w08;afro-w10;arabtrans-w2014;wvs-w07,1.0,unknown,at least one member's release records no value labels,Date of Interview
Q0005,identical,10,3,afrobarometer;arab-barometer;world-values-survey,ab-w06p2;ab-w06p3;ab-w07;afro-w05;afro-w06;afro-w07;afro-w08;afro-w10;wvs-w06;wvs-w07,1.0,unknown,at least one member's release records no value labels,Q1005. Employment status
Q0006,identical,9,2,afrobarometer;eu-neighbourhood-barometer,afro-w07;afro-w08;afro-w10;enb-w01;enb-w02;enb-w03;enb-w04;enb-w05;enb-w06,1.0,unknown,no member records value labels,Q108. Interviewer Number
Q0007,identical,9,2,arab-barometer;arab-opinion-index,ab-w02;aoi-2012-2013;aoi-2014;aoi-2015;aoi-2016;aoi-2017-2018;aoi-2019-2020;aoi-2022;aoi-2024-2025,1.0,differs,"different numbers of options (16, 23)",q10191 What is your first language?
Q0008,identical,9,2,arab-barometer;arab-opinion-index,ab-w02;aoi-2012-2013;aoi-2014;aoi-2015;aoi-2016;aoi-2017-2018;aoi-2019-2020;aoi-2022;aoi-2024-2025,1.0,differs,"different numbers of options (20, 23)",q10192 What is your second language?
Q0009,identical,9,1,arab-opinion-index,aoi-2011;aoi-2012-2013;aoi-2014;aoi-2015;aoi-2016;aoi-2017-2018;aoi-2019-2020;aoi-2022;aoi-2024-2025,1.0,differs,"different numbers of options (15, 16, 17)",Q1.Country Code
Q0010,identical,9,1,arab-opinion-index,aoi-2011;aoi-2012-2013;aoi-2014;aoi-2015;aoi-2016;aoi-2017-2018;aoi-2019-2020;aoi-2022;aoi-2024-2025,1.0,identical,"4 options, same codes throughout",Q101_1.How would you evaluate The financial situation of your household
Q0011,identical,9,1,arab-opinion-index,aoi-2011;aoi-2012-2013;aoi-2014;aoi-2015;aoi-2016;aoi-2017-2018;aoi-2019-2020;aoi-2022;aoi-2024-2025,1.0,identical,"4 options, same codes throughout",Q101_2.How would you evaluate Your home country’s economic situation
Q0012,identical,9,1,arab-opinion-index,aoi-2011;aoi-2012-2013;aoi-2014;aoi-2015;aoi-2016;aoi-2017-2018;aoi-2019-2020;aoi-2022;aoi-2024-2025,1.0,identical,"4 options, same codes throughout","Q101_3.How would you evaluate The level of safety in your area of residence (neighborhood, district, village)"
Q0013,identical,9,1,arab-opinion-index,aoi-2011;aoi-2012-2013;aoi-2014;aoi-2015;aoi-2016;aoi-2017-2018;aoi-2019-2020;aoi-2022;aoi-2024-2025,1.0,identical,"4 options, same codes throughout",Q101_4.How would you evaluate The level of safety in your home country
Q0014,identical,9,1,arab-opinion-index,aoi-2011;aoi-2012-2013;aoi-2014;aoi-2015;aoi-2016;aoi-2017-2018;aoi-2019-2020;aoi-2022;aoi-2024-2025,1.0,identical,"4 options, same codes throughout",Q101_5.How would you evaluate The political situation in your home country
Q0015,identical,9,1,arab-opinion-index,aoi-2011;aoi-2012-2013;aoi-2014;aoi-2015;aoi-2016;aoi-2017-2018;aoi-2019-2020;aoi-2022;aoi-2024-2025,1.0,differs,"different numbers of options (19, 22, 23, 36)","Q103.In your opinion, what is the most important challenge facing your home country today?"
Q0016,identical,9,1,arab-opinion-index,aoi-2011;aoi-2012-2013;aoi-2014;aoi-2015;aoi-2016;aoi-2017-2018;aoi-2019-2020;aoi-2022;aoi-2024-2025,1.0,identical,"2 options, same codes throughout",Q105.Would you like to emigrate to another country?
Q0017,identical,9,1,arab-opinion-index,aoi-2011;aoi-2012-2013;aoi-2014;aoi-2015;aoi-2016;aoi-2017-2018;aoi-2019-2020;aoi-2022;aoi-2024-2025,1.0,identical,"11 options, same codes throughout",Q106.To which country would you like to emigrate?
Q0018,identical,9,1,arab-opinion-index,aoi-2011;aoi-2012-2013;aoi-2014;aoi-2015;aoi-2016;aoi-2017-2018;aoi-2019-2020;aoi-2022;aoi-2024-2025,1.0,identical,"4 options, same codes throughout",Q1206.Educational level
Q0019,identical,9,1,arab-opinion-index,aoi-2011;aoi-2012-2013;aoi-2014;aoi-2015;aoi-2016;aoi-2017-2018;aoi-2019-2020;aoi-2022;aoi-2024-2025,1.0,identical,"11 options, same codes throughout",Q1207.Work and employment
Q0020,identical,9,1,arab-opinion-index,aoi-2011;aoi-2012-2013;aoi-2014;aoi-2015;aoi-2016;aoi-2017-2018;aoi-2019-2020;aoi-2022;aoi-2024-2025,1.0,identical,"3 options, same codes throughout",Q1211.Please indicate which of the following expressions most accurately describes your household income
Q0021,identical,9,1,arab-opinion-index,aoi-2011;aoi-2012-2013;aoi-2014;aoi-2015;aoi-2016;aoi-2017-2018;aoi-2019-2020;aoi-2022;aoi-2024-2025,1.0,partly-labelled,at least one survey leaves 96 of its values unlabelled (2 options carry a label) — read the codebook before treating these as the same measurement,"Q1214.On average, how much are the household’s monthly outgoings in the local currency"
Q0022,identical,9,1,arab-opinion-index,aoi-2011;aoi-2012-2013;aoi-2014;aoi-2015;aoi-2016;aoi-2017-2018;aoi-2019-2020;aoi-2022;aoi-2024-2025,1.0,identical,"4 options, same codes throughout",Q201_1.To what extent do you trust The Judiciary
Q0023,identical,9,1,arab-opinion-index,aoi-2011;aoi-2012-2013;aoi-2014;aoi-2015;aoi-2016;aoi-2017-2018;aoi-2019-2020;aoi-2022;aoi-2024-2025,1.0,identical,"4 options, same codes throughout",Q201_2.To what extent do you trust Public Security (the Police)
Q0024,identical,9,1,arab-opinion-index,aoi-2011;aoi-2012-2013;aoi-2014;aoi-2015;aoi-2016;aoi-2017-2018;aoi-2019-2020;aoi-2022;aoi-2024-2025,1.0,identical,"4 options, same codes throughout",Q201_3.To what extent do you trust Elected representative legislature
Q0025,identical,9,1,arab-opinion-index,aoi-2011;aoi-2012-2013;aoi-2014;aoi-2015;aoi-2016;aoi-2017-2018;aoi-2019-2020;aoi-2022;aoi-2024-2025,1.0,identical,"4 options, same codes throughout",Q201_4.To what extent do you trust The government
Q0026,identical,9,1,arab-opinion-index,aoi-2011;aoi-2012-2013;aoi-2014;aoi-2015;aoi-2016;aoi-2017-2018;aoi-2019-2020;aoi-2022;aoi-2024-2025,1.0,identical,"4 options, same codes throughout",Q201_5.To what extent do you trust Political parties
Q0027,identical,9,1,arab-opinion-index,aoi-2011;aoi-2012-2013;aoi-2014;aoi-2015;aoi-2016;aoi-2017-2018;aoi-2019-2020;aoi-2022;aoi-2024-2025,1.0,identical,"4 options, same codes throughout",Q201_6.To what extent do you trust The Army
Q0028,identical,9,1,arab-opinion-index,aoi-2011;aoi-2012-2013;aoi-2014;aoi-2015;aoi-2016;aoi-2017-2018;aoi-2019-2020;aoi-2022;aoi-2024-2025,1.0,identical,"4 options, same codes throughout",Q201_7.To what extent do you trust Intelligence Services (Secret Police/ State Security)
Q0029,identical,9,1,arab-opinion-index,aoi-2011;aoi-2012-2013;aoi-2014;aoi-2015;aoi-2016;aoi-2017-2018;aoi-2019-2020;aoi-2022;aoi-2024-2025,1.0,identical,"3 options, same codes throughout","Q203.With regards to the state's application of the rule of law between citizens, which of the following statements is closest to your opinion"
Q0030,identical,9,1,arab-opinion-index,aoi-2011;aoi-2012-2013;aoi-2014;aoi-2015;aoi-2016;aoi-2017-2018;aoi-2019-2020;aoi-2022;aoi-2024-2025,1.0,identical,"4 options, same codes throughout","Q204.In your opinion, how widespread is financial and administrative corruption in your home country?"
Q0031,identical,9,1,arab-opinion-index,aoi-2011;aoi-2012-2013;aoi-2014;aoi-2015;aoi-2016;aoi-2017-2018;aoi-2019-2020;aoi-2022;aoi-2024-2025,1.0,identical,"4 options, same codes throughout",Q206_1.To what extent do the policies of the government of your country reflect the views of the citizenry within Foreign policy
Q0032,identical,9,1,arab-opinion-index,aoi-2011;aoi-2012-2013;aoi-2014;aoi-2015;aoi-2016;aoi-2017-2018;aoi-2019-2020;aoi-2022;aoi-2024-2025,1.0,identical,"4 options, same codes throughout",Q206_2.To what extent do the policies of the government of your country reflect the views of the citizenry within Domestic economic policy
Q0033,identical,9,1,arab-opinion-index,aoi-2011;aoi-2012-2013;aoi-2014;aoi-2015;aoi-2016;aoi-2017-2018;aoi-2019-2020;aoi-2022;aoi-2024-2025,1.0,differs,"different numbers of options (281, 293, 313)",Q3.Primary Administrative Level: (Governorate / State / Emirate)
Q0034,identical,9,1,arab-opinion-index,aoi-2011;aoi-2012-2013;aoi-2014;aoi-2015;aoi-2016;aoi-2017-2018;aoi-2019-2020;aoi-2022;aoi-2024-2025,1.0,identical,"4 options, same codes throughout",Q302.To what extent are you interested in the political affairs of your home country?
Q0035,identical,9,1,arab-opinion-index,aoi-2011;aoi-2012-2013;aoi-2014;aoi-2015;aoi-2016;aoi-2017-2018;aoi-2019-2020;aoi-2022;aoi-2024-2025,1.0,identical,"4 options, same codes throughout",Q303_1.Do you agree or disagree with The legislature holds the government (executive) responsible for its policies and actions
Q0036,identical,9,1,arab-opinion-index,aoi-2011;aoi-2012-2013;aoi-2014;aoi-2015;aoi-2016;aoi-2017-2018;aoi-2019-2020;aoi-2022;aoi-2024-2025,1.0,identical,"2 options, same codes throughout",Q312.Do you intend to vote in the coming parliamentary elections?
Q0037,identical,9,1,arab-opinion-index,aoi-2011;aoi-2012-2013;aoi-2014;aoi-2015;aoi-2016;aoi-2017-2018;aoi-2019-2020;aoi-2022;aoi-2024-2025,1.0,differs,"different numbers of options (6, 7)",Q336.Which news medium do you rely on the most to receive up-to-date news on general political affairs?
Q0038,identical,9,1,arab-opinion-index,aoi-2011;aoi-2012-2013;aoi-2014;aoi-2015;aoi-2016;aoi-2017-2018;aoi-2019-2020;aoi-2022;aoi-2024-2025,1.0,identical,"4 options, same codes throughout","Q405_1.Please express your level of agreement or disagreement with each of these. In a democratic system, the economy is performing poorly"
Q0039,identical,9,1,arab-opinion-index,aoi-2011;aoi-2012-2013;aoi-2014;aoi-2015;aoi-2016;aoi-2017-2018;aoi-2019-2020;aoi-2022;aoi-2024-2025,1.0,identical,"4 options, same codes throughout",Q405_2.Please express your level of agreement or disagreement with each of these. Democracies are characterized by indecisiveness and discord
Q0040,identical,9,1,arab-opinion-index,aoi-2011;aoi-2012-2013;aoi-2014;aoi-2015;aoi-2016;aoi-2017-2018;aoi-2019-2020;aoi-2022;aoi-2024-2025,1.0,identical,"4 options, same codes throughout",Q405_3.Please express your level of agreement or disagreement with each of these. Democracies are not effective in maintaining public order
Q0041,identical,9,1,arab-opinion-index,aoi-2011;aoi-2012-2013;aoi-2014;aoi-2015;aoi-2016;aoi-2017-2018;aoi-2019-2020;aoi-2022;aoi-2024-2025,1.0,identical,"4 options, same codes throughout",Q405_6.Please express your level of agreement or disagreement with each of these. Democracy has its own problems but remains better than other systems
Q0042,identical,9,1,arab-opinion-index,aoi-2011;aoi-2012-2013;aoi-2014;aoi-2015;aoi-2016;aoi-2017-2018;aoi-2019-2020;aoi-2022;aoi-2024-2025,1.0,identical,"2 options, same codes throughout",Q420_1.Would you agree or disagree with one of the Political parties with which you disagree in terms of ideas and agendas to power through winning enough votes in free and fair elections?
Q0043,identical,9,1,arab-opinion-index,aoi-2011;aoi-2012-2013;aoi-2014;aoi-2015;aoi-2016;aoi-2017-2018;aoi-2019-2020;aoi-2022;aoi-2024-2025,1.0,unknown,no member records value labels,Q5.How many members in the family?
Q0044,identical,9,1,arab-opinion-index,aoi-2011;aoi-2012-2013;aoi-2014;aoi-2015;aoi-2016;aoi-2017-2018;aoi-2019-2020;aoi-2022;aoi-2024-2025,1.0,identical,"3 options, same codes throughout","Q601.In general, in your dealings with others, do you prefer to deal with"
Q0045,identical,9,1,arab-opinion-index,aoi-2011;aoi-2012-2013;aoi-2014;aoi-2015;aoi-2016;aoi-2017-2018;aoi-2019-2020;aoi-2022;aoi-2024-2025,1.0,identical,"4 options, same codes throughout","Q602.Regardless of whether or not you attend places of worship, do you consider yourself to be a"
Q0046,identical,9,1,arab-opinion-index,aoi-2011;aoi-2012-2013;aoi-2014;aoi-2015;aoi-2016;aoi-2017-2018;aoi-2019-2020;aoi-2022;aoi-2024-2025,1.0,identical,"8 options, same codes throughout",Q603.What is the single most important characteristic which an individual must possess in order to be considered religious?
Q0047,identical,9,1,arab-opinion-index,aoi-2011;aoi-2012-2013;aoi-2014;aoi-2015;aoi-2016;aoi-2017-2018;aoi-2019-2020;aoi-2022;aoi-2024-2025,1.0,identical,"4 options, same codes throughout",Q610_1.I would like you to tell me the extent of your agreement/disagreement with Religious leaders/clerics should not influence on voters’ electoral choices
Q0048,identical,9,1,arab-opinion-index,aoi-2011;aoi-2012-2013;aoi-2014;aoi-2015;aoi-2016;aoi-2017-2018;aoi-2019-2020;aoi-2022;aoi-2024-2025,1.0,identical,"4 options, same codes throughout",Q610_7.I would like you to tell me the extent of your agreement/disagreement with It would be best for my home country if religion was separated from politics
Q0049,identical,9,1,arab-opinion-index,aoi-2011;aoi-2012-2013;aoi-2014;aoi-2015;aoi-2016;aoi-2017-2018;aoi-2019-2020;aoi-2022;aoi-2024-2025,1.0,identical,"3 options, same codes throughout",Q701.Which of the following three broad descriptions of the ties which bind the citizens of the Arab world together is closest to your opinion
Q0050,identical,9,1,arab-opinion-index,aoi-2011;aoi-2012-2013;aoi-2014;aoi-2015;aoi-2016;aoi-2017-2018;aoi-2019-2020;aoi-2022;aoi-2024-2025,1.0,identical,"3 options, same codes throughout",Q704.Which of the following statements on the Palestinian cause are you inclined towards the most?
Q0051,identical,9,1,arab-opinion-index,aoi-2011;aoi-2012-2013;aoi-2014;aoi-2015;aoi-2016;aoi-2017-2018;aoi-2019-2020;aoi-2022;aoi-2024-2025,1.0,differs,"different numbers of options (10, 12, 13, 14, 16)",Q710_2.which country do you consider the most threatening to [your home country]?
Q0052,identical,9,1,arab-opinion-index,aoi-2011;aoi-2012-2013;aoi-2014;aoi-2015;aoi-2016;aoi-2017-2018;aoi-2019-2020;aoi-2022;aoi-2024-2025,1.0,identical,"2 options, same codes throughout",Q712.Would you agree with your home country recognizing the state of Israel?
Q0053,identical,8,2,arab-barometer;arab-opinion-index,ab-w06p1;ab-w06p2;ab-w06p3;ab-w07;ab-w08;aoi-2019-2020;aoi-2022;aoi-2024-2025,1.0,differs,"different numbers of options (4, 5)",Q1012. What is your religion?
Q0054,identical,8,1,arab-opinion-index,aoi-2012-2013;aoi-2014;aoi-2015;aoi-2016;aoi-2017-2018;aoi-2019-2020;aoi-2022;aoi-2024-2025,1.0,identical,"4 options, same codes throughout",Q104.To what extent do you think that the government of your country is serious about overcoming this challenge?
Q0055,identical,8,1,arab-opinion-index,aoi-2012-2013;aoi-2014;aoi-2015;aoi-2016;aoi-2017-2018;aoi-2019-2020;aoi-2022;aoi-2024-2025,1.0,differs,"different numbers of options (8, 9)",Q107.What is your main motive for wanting to emigrate?
Q0056,identical,8,1,arab-opinion-index,aoi-2012-2013;aoi-2014;aoi-2015;aoi-2016;aoi-2017-2018;aoi-2019-2020;aoi-2022;aoi-2024-2025,1.0,differs,"different numbers of options (15, 16)",Q1212_1.how did you make up for the shortfall? The first answer
Q0057,identical,8,1,arab-opinion-index,aoi-2012-2013;aoi-2014;aoi-2015;aoi-2016;aoi-2017-2018;aoi-2019-2020;aoi-2022;aoi-2024-2025,1.0,identical,"16 options, same codes throughout",Q1212_2.how did you make up for the shortfall? The second answer
Q0058,identical,8,1,arab-opinion-index,aoi-2012-2013;aoi-2014;aoi-2015;aoi-2016;aoi-2017-2018;aoi-2019-2020;aoi-2022;aoi-2024-2025,1.0,identical,"16 options, same codes throughout",Q1212_3.how did you make up for the shortfall? The third answer
Q0059,identical,8,1,arab-opinion-index,aoi-2011;aoi-2012-2013;aoi-2014;aoi-2015;aoi-2016;aoi-2019-2020;aoi-2022;aoi-2024-2025,1.0,identical,"4 options, same codes throughout","Q205.In your opinion, how serious is the government in combating financial and administrative corruption in your home country?"
Q0060,identical,8,1,arab-opinion-index,aoi-2012-2013;aoi-2014;aoi-2015;aoi-2016;aoi-2017-2018;aoi-2019-2020;aoi-2022;aoi-2024-2025,1.0,identical,"4 options, same codes throughout",Q210_1.How would you evaluate the government’s performance in Improving public healthcare
Q0061,identical,8,1,arab-opinion-index,aoi-2012-2013;aoi-2014;aoi-2015;aoi-2016;aoi-2017-2018;aoi-2019-2020;aoi-2022;aoi-2024-2025,1.0,identical,"4 options, same codes throughout",Q210_10.How would you evaluate the government’s performance in Ensuring that all areas are on the electrical grid
Q0062,identical,8,1,arab-opinion-index,aoi-2012-2013;aoi-2014;aoi-2015;aoi-2016;aoi-2017-2018;aoi-2019-2020;aoi-2022;aoi-2024-2025,1.0,identical,"4 options, same codes throughout",Q210_11.How would you evaluate the government’s performance in Providing solutions to price inflation
Q0063,identical,8,1,arab-opinion-index,aoi-2012-2013;aoi-2014;aoi-2015;aoi-2016;aoi-2017-2018;aoi-2019-2020;aoi-2022;aoi-2024-2025,1.0,identical,"4 options, same codes throughout",Q210_2.How would you evaluate the government’s performance in Providing water
Q0064,identical,8,1,arab-opinion-index,aoi-2012-2013;aoi-2014;aoi-2015;aoi-2016;aoi-2017-2018;aoi-2019-2020;aoi-2022;aoi-2024-2025,1.0,identical,"4 options, same codes throughout",Q210_3.How would you evaluate the government’s performance in Providing public sanitation/sewage systems
Q0065,identical,8,1,arab-opinion-index,aoi-2012-2013;aoi-2014;aoi-2015;aoi-2016;aoi-2017-2018;aoi-2019-2020;aoi-2022;aoi-2024-2025,1.0,identical,"4 options, same codes throughout",Q210_4.How would you evaluate the government’s performance in Improving education in public sector schools
Q0066,identical,8,1,arab-opinion-index,aoi-2012-2013;aoi-2014;aoi-2015;aoi-2016;aoi-2017-2018;aoi-2019-2020;aoi-2022;aoi-2024-2025,1.0,identical,"4 options, same codes throughout",Q210_5.How would you evaluate the government’s performance in Improving the standard of living for the poor
Q0067,identical,8,1,arab-opinion-index,aoi-2012-2013;aoi-2014;aoi-2015;aoi-2016;aoi-2017-2018;aoi-2019-2020;aoi-2022;aoi-2024-2025,1.0,identical,"4 options, same codes throughout",Q210_6.How would you evaluate the government’s performance in Providing solutions for unemployment
Q0068,identical,8,1,arab-opinion-index,aoi-2012-2013;aoi-2014;aoi-2015;aoi-2016;aoi-2017-2018;aoi-2019-2020;aoi-2022;aoi-2024-2025,1.0,identical,"4 options, same codes throughout",Q210_7.How would you evaluate the government’s performance in Improving road quality
Q0069,identical,8,1,arab-opinion-index,aoi-2012-2013;aoi-2014;aoi-2015;aoi-2016;aoi-2017-2018;aoi-2019-2020;aoi-2022;aoi-2024-2025,1.0,identical,"4 options, same codes throughout",Q210_9.How would you evaluate the government’s performance in Ensuring fairness in the provision of services across all districts in your country
Q0070,identical,8,1,arab-opinion-index,aoi-2012-2013;aoi-2014;aoi-2015;aoi-2016;aoi-2017-2018;aoi-2019-2020;aoi-2022;aoi-2024-2025,1.0,identical,"4 options, same codes throughout","Q304.In your opinion, to what extent does the elected legislature in its present form represent all sectors of society?"
Q0071,identical,8,1,arab-opinion-index,aoi-2011;aoi-2012-2013;aoi-2014;aoi-2015;aoi-2016;aoi-2019-2020;aoi-2022;aoi-2024-2025,1.0,identical,"2 options, same codes throughout","Q305.Did you vote in the last legislative/parliamentary elections, which took place on..?"
Q0072,identical,8,1,arab-opinion-index,aoi-2011;aoi-2012-2013;aoi-2014;aoi-2015;aoi-2016;aoi-2019-2020;aoi-2022;aoi-2024-2025,1.0,identical,"3 options, same codes throughout","Q309.Generally speaking, how would you evaluate the integrity of the last legislative/parliamentary elections, held on?"
Q0073,identical,8,1,arab-opinion-index,aoi-2012-2013;aoi-2014;aoi-2015;aoi-2016;aoi-2017-2018;aoi-2019-2020;aoi-2022;aoi-2024-2025,1.0,differs,"different numbers of options (2, 3)","Q320.If parliamentary elections were held tomorrow, and you had decided to vote, would you vote for"
Q0074,identical,8,1,arab-opinion-index,aoi-2012-2013;aoi-2014;aoi-2015;aoi-2016;aoi-2017-2018;aoi-2019-2020;aoi-2022;aoi-2024-2025,1.0,identical,"2 options, same codes throughout","Q322.Are you a member of a particular political group, bloc, coalition or party?"
Q0075,identical,8,1,arab-opinion-index,aoi-2012-2013;aoi-2014;aoi-2015;aoi-2016;aoi-2017-2018;aoi-2019-2020;aoi-2022;aoi-2024-2025,1.0,identical,"2 options, same codes throughout",Q328_1.Are you a member of Charitable Organization/ Civil society organizations
Q0076,identical,8,1,arab-opinion-index,aoi-2012-2013;aoi-2014;aoi-2015;aoi-2016;aoi-2017-2018;aoi-2019-2020;aoi-2022;aoi-2024-2025,1.0,identical,"2 options, same codes throughout",Q328_5.Are you a member of Tribal/extended-family Association
Q0077,identical,8,1,arab-opinion-index,aoi-2012-2013;aoi-2014;aoi-2015;aoi-2016;aoi-2017-2018;aoi-2019-2020;aoi-2022;aoi-2024-2025,1.0,identical,"2 options, same codes throughout",Q328_6.Are you a member of Religious Association
Q0078,identical,8,1,arab-opinion-index,aoi-2012-2013;aoi-2014;aoi-2015;aoi-2016;aoi-2017-2018;aoi-2019-2020;aoi-2022;aoi-2024-2025,1.0,identical,"4 options, same codes throughout",Q329_1.How often did you take part in this Charitable Organization/ Civil society organizations activities during the past 12 months?
Q0079,identical,8,1,arab-opinion-index,aoi-2012-2013;aoi-2014;aoi-2015;aoi-2016;aoi-2017-2018;aoi-2019-2020;aoi-2022;aoi-2024-2025,1.0,identical,"3 options, same codes throughout","Q335_2.Over the last 12 months, did you take part in Taking part in a peaceful public protest/ march/ sit-in"
Q0080,identical,8,1,arab-opinion-index,aoi-2012-2013;aoi-2014;aoi-2015;aoi-2016;aoi-2017-2018;aoi-2019-2020;aoi-2022;aoi-2024-2025,1.0,identical,"3 options, same codes throughout","Q335_3.Over the last 12 months, did you take part in Joining an activist group working towards pressuring/building support for a specific cause (a public or societal cause)"
Q0081,identical,8,1,arab-opinion-index,aoi-2011;aoi-2012-2013;aoi-2014;aoi-2015;aoi-2016;aoi-2017-2018;aoi-2019-2020;aoi-2022,1.0,partly-labelled,at least one survey leaves 7 of its values unlabelled (2 options carry a label) — read the codebook before treating these as the same measurement,Q402.where would you put your home country on this scale?
Q0082,identical,8,1,arab-opinion-index,aoi-2011;aoi-2012-2013;aoi-2014;aoi-2015;aoi-2016;aoi-2017-2018;aoi-2019-2020;aoi-2022,1.0,differs,"different numbers of options (9, 10)","Q404.In your personal opinion, which single factor is most important for a country to possess in order for it to be democratic?"
Q0083,identical,8,1,arab-opinion-index,aoi-2012-2013;aoi-2014;aoi-2015;aoi-2016;aoi-2017-2018;aoi-2019-2020;aoi-2022;aoi-2024-2025,1.0,identical,"4 options, same codes throughout",Q405_4.Please express your level of agreement or disagreement with each of these. Democratic systems and Islam are incompatible
Q0084,identical,8,1,arab-opinion-index,aoi-2012-2013;aoi-2014;aoi-2015;aoi-2016;aoi-2017-2018;aoi-2019-2020;aoi-2022;aoi-2024-2025,1.0,identical,"4 options, same codes throughout",Q405_5.Please express your level of agreement or disagreement with each of these. Our society is unprepared for democracy
Q0085,identical,8,1,arab-opinion-index,aoi-2012-2013;aoi-2014;aoi-2015;aoi-2016;aoi-2017-2018;aoi-2019-2020;aoi-2022;aoi-2024-2025,1.0,identical,"4 options, same codes throughout","Q408_1.I would like to know how appropriate each of these would be for your country, in your opinion: A political system in which governments are formed based on the outcomes of elections in which all political parties are free to join"
Q0086,identical,8,1,arab-opinion-index,aoi-2012-2013;aoi-2014;aoi-2015;aoi-2016;aoi-2017-2018;aoi-2019-2020;aoi-2022;aoi-2024-2025,1.0,identical,"4 options, same codes throughout","Q408_2.I would like to know how appropriate each of these would be for your country, in your opinion: A political system in which electoral competition is restricted to Islamist political parties"
Q0087,identical,8,1,arab-opinion-index,aoi-2012-2013;aoi-2014;aoi-2015;aoi-2016;aoi-2017-2018;aoi-2019-2020;aoi-2022;aoi-2024-2025,1.0,identical,"4 options, same codes throughout",Q408_3.I would like to know how appropriate each of these would be for your country A political system in which the state authority makes the decisions without taking into account the results of the elections or the opinions of the opposition
Q0088,identical,8,1,arab-opinion-index,aoi-2012-2013;aoi-2014;aoi-2015;aoi-2016;aoi-2017-2018;aoi-2019-2020;aoi-2022;aoi-2024-2025,1.0,identical,"4 options, same codes throughout","Q408_4.I would like to know how appropriate each of these would be for your country, in your opinion: A political system governed by Islamic Sharia, and in which there are neither elections nor political parties"
Q0089,identical,8,1,arab-opinion-index,aoi-2012-2013;aoi-2014;aoi-2015;aoi-2016;aoi-2017-2018;aoi-2019-2020;aoi-2022;aoi-2024-2025,1.0,identical,"4 options, same codes throughout","Q408_5.I would like to know how appropriate each of these would be for your country, in your opinion: A political system in which electoral competition is restricted to non-religious parties"
Q0090,identical,8,1,arab-opinion-index,aoi-2012-2013;aoi-2014;aoi-2015;aoi-2016;aoi-2017-2018;aoi-2019-2020;aoi-2022;aoi-2024-2025,1.0,differs,"different numbers of options (5, 6)","Q409.Of the above systems of government, which do you think is most appropriate for your country?"
Q0091,identical,8,1,arab-opinion-index,aoi-2012-2013;aoi-2014;aoi-2015;aoi-2016;aoi-2017-2018;aoi-2019-2020;aoi-2022;aoi-2024-2025,1.0,identical,"4 options, same codes throughout",Q422_1.to what extent do you believe that the Equality of all citizens regardless of wealth Is applied in your country?
Q0092,identical,8,1,arab-opinion-index,aoi-2012-2013;aoi-2014;aoi-2015;aoi-2016;aoi-2017-2018;aoi-2019-2020;aoi-2022;aoi-2024-2025,1.0,identical,"4 options, same codes throughout",Q422_2.to what extent do you believe that the Equality of all citizens regardless of gender/sex Is applied in your country?
Q0093,identical,8,1,arab-opinion-index,aoi-2012-2013;aoi-2014;aoi-2015;aoi-2016;aoi-2017-2018;aoi-2019-2020;aoi-2022;aoi-2024-2025,1.0,identical,"4 options, same codes throughout",Q422_3.to what extent do you believe that the Equality of all citizens regardless of religion Is applied in your country?
Q0094,identical,8,1,arab-opinion-index,aoi-2012-2013;aoi-2014;aoi-2015;aoi-2016;aoi-2017-2018;aoi-2019-2020;aoi-2022;aoi-2024-2025,1.0,identical,"4 options, same codes throughout",Q422_4.to what extent do you believe that the Equality of all citizens regardless of social status Is applied in your country?
Q0095,identical,8,1,arab-opinion-index,aoi-2012-2013;aoi-2014;aoi-2015;aoi-2016;aoi-2017-2018;aoi-2019-2020;aoi-2022;aoi-2024-2025,1.0,identical,"4 options, same codes throughout",Q422_5.to what extent do you believe that the Equality of all citizens regardless of cultural/ethnic/linguistic backgrounds Is applied in your country?
Q0096,identical,8,1,arab-opinion-index,aoi-2012-2013;aoi-2014;aoi-2015;aoi-2016;aoi-2017-2018;aoi-2019-2020;aoi-2022;aoi-2024-2025,1.0,identical,"4 options, same codes throughout","Q427_1.In principle, would you support/oppose the position of the President/Prime Minister in your home country being held by A woman"
Q0097,identical,8,1,arab-opinion-index,aoi-2012-2013;aoi-2014;aoi-2015;aoi-2016;aoi-2017-2018;aoi-2019-2020;aoi-2022;aoi-2024-2025,1.0,identical,"4 options, same codes throughout","Q427_10.In principle, would you support/oppose the position of the President/Prime Minister in your home country being held by A “freeborn” Arab-African"
Q0098,identical,8,1,arab-opinion-index,aoi-2012-2013;aoi-2014;aoi-2015;aoi-2016;aoi-2017-2018;aoi-2019-2020;aoi-2022;aoi-2024-2025,1.0,identical,"4 options, same codes throughout","Q427_11.In principle, would you support/oppose the position of the President/Prime Minister in your home country being held by A non-Arab African"
Q0099,identical,8,1,arab-opinion-index,aoi-2012-2013;aoi-2014;aoi-2015;aoi-2016;aoi-2017-2018;aoi-2019-2020;aoi-2022;aoi-2024-2025,1.0,identical,"4 options, same codes throughout","Q427_13.In principle, would you support/oppose the position of the President/Prime Minister in your home country being held by Of non-Arab descent"
Q0100,identical,8,1,arab-opinion-index,aoi-2012-2013;aoi-2014;aoi-2015;aoi-2016;aoi-2017-2018;aoi-2019-2020;aoi-2022;aoi-2024-2025,1.0,identical,"4 options, same codes throughout","Q427_15.In principle, would you support/oppose the position of the President/Prime Minister in your home country being held by A Shi'ite Muslim"
Q0101,identical,8,1,arab-opinion-index,aoi-2012-2013;aoi-2014;aoi-2015;aoi-2016;aoi-2017-2018;aoi-2019-2020;aoi-2022;aoi-2024-2025,1.0,identical,"4 options, same codes throughout","Q427_2.In principle, would you support/oppose the position of the President/Prime Minister in your home country being held by A Christian"
Q0102,identical,8,1,arab-opinion-index,aoi-2012-2013;aoi-2014;aoi-2015;aoi-2016;aoi-2017-2018;aoi-2019-2020;aoi-2022;aoi-2024-2025,1.0,identical,"4 options, same codes throughout","Q427_3.In principle, would you support/oppose the position of the President/Prime Minister in your home country being held by A Kurd ,Amazigh ,A Circasian/Chechen,A Nubian/other origins,From other ethnic groups"
Q0103,identical,8,1,arab-opinion-index,aoi-2012-2013;aoi-2014;aoi-2015;aoi-2016;aoi-2017-2018;aoi-2019-2020;aoi-2022;aoi-2024-2025,1.0,identical,"4 options, same codes throughout","Q427_7.In principle, would you support/oppose the position of the President/Prime Minister in your home country being held by An individual of a different sect “Ta’efeh” than your own"
Q0104,identical,8,1,arab-opinion-index,aoi-2012-2013;aoi-2014;aoi-2015;aoi-2016;aoi-2017-2018;aoi-2019-2020;aoi-2022;aoi-2024-2025,1.0,identical,"4 options, same codes throughout","Q427_8.In principle, would you support/oppose the position of the President/Prime Minister in your home country being held by A Jordanian of Palestinian descent"
Q0105,identical,8,1,arab-opinion-index,aoi-2012-2013;aoi-2014;aoi-2015;aoi-2016;aoi-2017-2018;aoi-2019-2020;aoi-2022;aoi-2024-2025,1.0,identical,"4 options, same codes throughout",Q610_11.I would like you to tell me the extent of your agreement/disagreement with No person/group has the right to declare followers of other religions to be infidels
Q0106,identical,8,1,arab-opinion-index,aoi-2011;aoi-2012-2013;aoi-2014;aoi-2015;aoi-2016;aoi-2017-2018;aoi-2019-2020;aoi-2022,1.0,identical,"4 options, same codes throughout",Q610_2.I would like you to tell me the extent of your agreement/disagreement with It would be best for my home country if religious individuals took leading positions within the state apparatus
Q0107,identical,8,1,arab-opinion-index,aoi-2012-2013;aoi-2014;aoi-2015;aoi-2016;aoi-2017-2018;aoi-2019-2020;aoi-2022;aoi-2024-2025,1.0,identical,"4 options, same codes throughout",Q610_5.I would like you to tell me the extent of your agreement/disagreement with The government has no right to use religion to win the support of the public for its policies
Q0108,identical,8,1,arab-opinion-index,aoi-2012-2013;aoi-2014;aoi-2015;aoi-2016;aoi-2017-2018;aoi-2019-2020;aoi-2022;aoi-2024-2025,1.0,identical,"4 options, same codes throughout",Q610_6.I would like you to tell me the extent of your agreement/disagreement with Electoral candidates have the right to use religion as a means of winning voter support
Q0109,identical,8,1,arab-opinion-index,aoi-2012-2013;aoi-2014;aoi-2015;aoi-2016;aoi-2017-2018;aoi-2019-2020;aoi-2022;aoi-2024-2025,1.0,identical,"4 options, same codes throughout",Q610_8.I would like you to tell me the extent of your agreement/disagreement with Every individual who is not religiously observant is certainly a bad person
Q0110,identical,8,1,arab-opinion-index,aoi-2012-2013;aoi-2014;aoi-2015;aoi-2016;aoi-2017-2018;aoi-2019-2020;aoi-2022;aoi-2024-2025,1.0,identical,"4 options, same codes throughout",Q610_9.I would like you to tell me the extent of your agreement/disagreement with No person/group has the right to declare those with different opinions on religious interpretations to be infidels
Q0111,identical,8,1,arab-opinion-index,aoi-2012-2013;aoi-2014;aoi-2015;aoi-2016;aoi-2017-2018;aoi-2019-2020;aoi-2022;aoi-2024-2025,1.0,identical,"4 options, same codes throughout",V325.Are you a member or do you intend to become a member of a political political coalition or party that expresses your thoughts or attitudes?
Q0112,identical,8,3,eu-neighbourhood-barometer;issp;world-values-survey,enb-w01;enb-w02;enb-w03;enb-w04;enb-w05;enb-w06;issp-w2018;wvs-w07,1.0,unknown,no member records value labels,digital object identifier
Q0113,identical,7,1,arab-opinion-index,aoi-2011;aoi-2012-2013;aoi-2014;aoi-2015;aoi-2016;aoi-2017-2018;aoi-2019-2020,1.0,unknown,no member records value labels,Weight.Weight
Q0114,identical,7,1,arab-opinion-index,aoi-2012-2013;aoi-2014;aoi-2015;aoi-2016;aoi-2017-2018;aoi-2019-2020;aoi-2022,1.0,identical,"3 options, same codes throughout","Q335_1.Over the last 12 months, did you take part in Signing a petition/letter of protest"
Q0115,identical,7,1,arab-opinion-index,aoi-2012-2013;aoi-2014;aoi-2015;aoi-2016;aoi-2019-2020;aoi-2022;aoi-2024-2025,1.0,identical,"2 options, same codes throughout",Q328_2.Are you a member of Labor/Agrarian Union
Q0116,identical,7,1,arab-opinion-index,aoi-2012-2013;aoi-2014;aoi-2015;aoi-2016;aoi-2019-2020;aoi-2022;aoi-2024-2025,1.0,identical,"4 options, same codes throughout",Q329_2.How often did you take part in this Labor/Agrarian Union activities during the past 12 months?
Q0117,identical,7,1,arab-opinion-index,aoi-2012-2013;aoi-2014;aoi-2015;aoi-2016;aoi-2017-2018;aoi-2019-2020;aoi-2022,1.0,identical,"4 options, same codes throughout",Q329_5.How often did you take part in this Tribal/extended-family Association activities during the past 12 months?
Q0118,identical,7,1,arab-opinion-index,aoi-2012-2013;aoi-2014;aoi-2015;aoi-2016;aoi-2017-2018;aoi-2019-2020;aoi-2022,1.0,identical,"4 options, same codes throughout",Q329_6.How often did you take part in this Religious Association activities during the past 12 months?
Q0119,identical,7,1,arab-opinion-index,aoi-2012-2013;aoi-2014;aoi-2015;aoi-2016;aoi-2017-2018;aoi-2022;aoi-2024-2025,1.0,identical,"2 options, same codes throughout",Q348_1.Do you have an account on Facebook
Q0120,identical,7,1,arab-opinion-index,aoi-2012-2013;aoi-2014;aoi-2015;aoi-2016;aoi-2017-2018;aoi-2022;aoi-2024-2025,1.0,identical,"2 options, same codes throughout",Q348_2.Do you have an account on Twitter
Q0121,identical,7,1,arab-opinion-index,aoi-2012-2013;aoi-2014;aoi-2015;aoi-2016;aoi-2017-2018;aoi-2019-2020;aoi-2022,1.0,identical,"4 options, same codes throughout",Q351.To what extent do you agree or disagree with the following statement: “The preservation of security justifies the violation of human rights in your home country”?
Q0122,identical,7,1,arab-opinion-index,aoi-2011;aoi-2012-2013;aoi-2014;aoi-2015;aoi-2016;aoi-2017-2018;aoi-2019-2020,1.0,differs,"different numbers of options (7, 8)",Q407_1.An ideal system of government would ensure/safeguard as its highest priority
Q0123,identical,7,1,arab-opinion-index,aoi-2012-2013;aoi-2014;aoi-2015;aoi-2016;aoi-2017-2018;aoi-2022;aoi-2024-2025,1.0,identical,"4 options, same codes throughout",Q422_6.to what extent do you believe that the Equality of all citizens regardless of their political influence Is applied in your country?
Q0124,identical,7,1,arab-opinion-index,aoi-2012-2013;aoi-2014;aoi-2015;aoi-2016;aoi-2017-2018;aoi-2022;aoi-2024-2025,1.0,identical,"4 options, same codes throughout",Q422_7.to what extent do you believe that the Equality of all citizens regardless of their geographic area Is applied in your country?
Q0125,identical,7,1,arab-opinion-index,aoi-2012-2013;aoi-2014;aoi-2015;aoi-2016;aoi-2017-2018;aoi-2022;aoi-2024-2025,1.0,identical,"4 options, same codes throughout",Q422_8.to what extent do you believe that the Equality of citizens regardless of their religious sects (mathhab) Is applied in your country?
Q0126,identical,7,1,arab-opinion-index,aoi-2012-2013;aoi-2014;aoi-2015;aoi-2016;aoi-2017-2018;aoi-2022;aoi-2024-2025,1.0,identical,"4 options, same codes throughout",Q422_9.to what extent do you believe that the Equality of all citizens regardless of their tribe? Is applied in your country?
Q0127,identical,7,1,arab-opinion-index,aoi-2014;aoi-2015;aoi-2016;aoi-2017-2018;aoi-2019-2020;aoi-2022;aoi-2024-2025,1.0,identical,"2 options, same codes throughout",Q425_1.Followers of different religions would you not like to have as neighbors
Q0128,identical,7,1,arab-opinion-index,aoi-2014;aoi-2015;aoi-2016;aoi-2017-2018;aoi-2019-2020;aoi-2022;aoi-2024-2025,1.0,identical,"2 options, same codes throughout",Q425_2.Those of a different race/ color would you not like to have as neighbors
Q0129,identical,7,1,arab-opinion-index,aoi-2014;aoi-2015;aoi-2016;aoi-2017-2018;aoi-2019-2020;aoi-2022;aoi-2024-2025,1.0,identical,"2 options, same codes throughout",Q425_4.Refugees and displaced persons would you not like to have as neighbors
Q0130,identical,7,1,arab-opinion-index,aoi-2014;aoi-2015;aoi-2016;aoi-2017-2018;aoi-2019-2020;aoi-2022;aoi-2024-2025,1.0,identical,"2 options, same codes throughout",Q425_5.Residents originally from different geographic regions/strangers to the area would you not like to have as neighbors
Q0131,identical,7,1,arab-opinion-index,aoi-2014;aoi-2015;aoi-2016;aoi-2017-2018;aoi-2019-2020;aoi-2022;aoi-2024-2025,1.0,identical,"2 options, same codes throughout",Q425_6.Followers of a sect/madhab different to my own would you not like to have as neighbors
Q0132,identical,7,1,arab-opinion-index,aoi-2014;aoi-2015;aoi-2016;aoi-2017-2018;aoi-2019-2020;aoi-2022;aoi-2024-2025,1.0,identical,"4 options, same codes throughout","Q610_12.I would like you to tell me the extent of your agreement/disagreement with In order to meet the demands of the modern-day economy, banks should be allowed to charge interest"
Q0133,identical,7,1,arab-opinion-index,aoi-2014;aoi-2015;aoi-2016;aoi-2017-2018;aoi-2019-2020;aoi-2022;aoi-2024-2025,1.0,identical,"11 options, same codes throughout",Q713.Why do you agree?
Q0134,identical,7,1,arab-opinion-index,aoi-2014;aoi-2015;aoi-2016;aoi-2017-2018;aoi-2019-2020;aoi-2022;aoi-2024-2025,1.0,differs,"different numbers of options (13, 15)",Q714.Why do you Disagree ?
Q0135,identical,7,1,arab-opinion-index,aoi-2012-2013;aoi-2014;aoi-2015;aoi-2016;aoi-2017-2018;aoi-2019-2020;aoi-2024-2025,1.0,identical,"2 options, same codes throughout",QA1206.Type of education
Q0136,identical,7,1,arab-opinion-index,aoi-2012-2013;aoi-2014;aoi-2015;aoi-2016;aoi-2017-2018;aoi-2019-2020;aoi-2024-2025,1.0,unknown,no member records value labels,QA1206N.number of years
Q0137,identical,7,1,arab-opinion-index,aoi-2012-2013;aoi-2015;aoi-2016;aoi-2017-2018;aoi-2019-2020;aoi-2022;aoi-2024-2025,1.0,differs,"different numbers of options (3, 5)",v326.Which of the following statements is closest to your point of view?
Q0138,identical,7,2,arab-transformations;eu-neighbourhood-barometer,arabtrans-w2014;enb-w01;enb-w02;enb-w03;enb-w04;enb-w05;enb-w06,1.0,differs,"different numbers of options (2, 5)",Trust in institutions: political parties
Q0139,identical,6,2,afrobarometer;arab-barometer,ab-w05;afro-w05;afro-w06;afro-w07;afro-w08;afro-w10,1.0,differs,"4 options each, but they are not the same options",Q37g. Trust police
Q0140,identical,6,1,arab-barometer,ab-w02;ab-w03;ab-w06p1;ab-w06p2;ab-w06p3;ab-w07,1.0,differs,"different numbers of options (4, 5)",Q101. How would you evaluate the current economic situation in your country?
Q0141,identical,6,1,arab-opinion-index,aoi-2015;aoi-2016;aoi-2017-2018;aoi-2019-2020;aoi-2022;aoi-2024-2025,1.0,identical,"2 options, same codes throughout","Q109.In general, do you think that"
Q0142,identical,6,1,arab-opinion-index,aoi-2012-2013;aoi-2014;aoi-2015;aoi-2016;aoi-2017-2018;aoi-2019-2020,1.0,identical,"4 options, same codes throughout",Q202.To what extent do you think that the principle of a fair trial is respected in your home country?
Q0143,identical,6,1,arab-opinion-index,aoi-2015;aoi-2016;aoi-2017-2018;aoi-2019-2020;aoi-2022;aoi-2024-2025,1.0,differs,"different numbers of options (17, 19)",Q313.Why did you not vote in the elections?
Q0144,identical,6,1,arab-opinion-index,aoi-2012-2013;aoi-2014;aoi-2015;aoi-2016;aoi-2017-2018;aoi-2024-2025,1.0,identical,"2 options, same codes throughout","Q324.Do you intend to join a political group, bloc, coalition or party in the future?"
Q0145,identical,6,1,arab-opinion-index,aoi-2012-2013;aoi-2014;aoi-2015;aoi-2016;aoi-2019-2020;aoi-2024-2025,1.0,identical,"4 options, same codes throughout",Q329_3.How often did you take part in this Professional Association activities during the past 12 months?
Q0146,identical,6,1,arab-opinion-index,aoi-2012-2013;aoi-2014;aoi-2015;aoi-2016;aoi-2019-2020;aoi-2024-2025,1.0,identical,"4 options, same codes throughout",Q329_4.How often did you take part in this Cultural Club/Association activities during the past 12 months?
Q0147,identical,6,1,arab-opinion-index,aoi-2012-2013;aoi-2014;aoi-2015;aoi-2016;aoi-2017-2018;aoi-2019-2020,1.0,identical,"2 options, same codes throughout","Q334.In your opinion, are people able to criticize the government without fear?"
Q0148,identical,6,1,arab-opinion-index,aoi-2015;aoi-2016;aoi-2017-2018;aoi-2019-2020;aoi-2022;aoi-2024-2025,1.0,differs,"different numbers of options (99, 106, 111)",Q337.Name a specific source/channel
Q0149,identical,6,1,arab-opinion-index,aoi-2012-2013;aoi-2014;aoi-2015;aoi-2016;aoi-2017-2018;aoi-2019-2020,1.0,identical,"4 options, same codes throughout",Q416_1.To what extent do you believe that the Freedom of religious belief Is safeguarded in your home country?
Q0150,identical,6,1,arab-opinion-index,aoi-2012-2013;aoi-2014;aoi-2015;aoi-2016;aoi-2017-2018;aoi-2019-2020,1.0,identical,"4 options, same codes throughout",Q416_3.To what extent do you believe that the Freedom of expression Is safeguarded in your home country?
Q0151,identical,6,1,arab-opinion-index,aoi-2012-2013;aoi-2014;aoi-2015;aoi-2016;aoi-2017-2018;aoi-2019-2020,1.0,identical,"4 options, same codes throughout",Q416_4.To what extent do you believe that the The freedom to take legal actions against] the government and state institutions Is safeguarded in your home country?
Q0152,identical,6,1,arab-opinion-index,aoi-2012-2013;aoi-2014;aoi-2015;aoi-2016;aoi-2017-2018;aoi-2019-2020,1.0,identical,"4 options, same codes throughout","Q416_5.To what extent do you believe that the The principle of holding regular, free and fair, elections Is safeguarded in your home country?"
Q0153,identical,6,1,arab-opinion-index,aoi-2012-2013;aoi-2014;aoi-2015;aoi-2016;aoi-2017-2018;aoi-2019-2020,1.0,identical,"4 options, same codes throughout",Q416_6.To what extent do you believe that the The principle of peaceful transitions of power/the right of the winners of elections to rise to authority Is safeguarded in your home country?
Q0154,identical,6,1,arab-opinion-index,aoi-2012-2013;aoi-2014;aoi-2015;aoi-2016;aoi-2017-2018;aoi-2019-2020,1.0,identical,"4 options, same codes throughout",Q416_7.To what extent do you believe that the Freedom of association/ to join a political party Is safeguarded in your home country?
Q0155,identical,6,1,arab-opinion-index,aoi-2012-2013;aoi-2014;aoi-2015;aoi-2016;aoi-2017-2018;aoi-2019-2020,1.0,identical,"4 options, same codes throughout",Q416_8.To what extent do you believe that the Freedom of association/ to join civil society institutions/organizations Is safeguarded in your home country?
Q0156,identical,6,1,arab-opinion-index,aoi-2012-2013;aoi-2014;aoi-2015;aoi-2016;aoi-2017-2018;aoi-2019-2020,1.0,identical,"4 options, same codes throughout",Q416_9.To what extent do you believe that the Freedom of association/ the right to participate in peaceful protests and demonstrations Is safeguarded in your home country?
Q0157,identical,6,1,arab-opinion-index,aoi-2014;aoi-2015;aoi-2016;aoi-2017-2018;aoi-2019-2020;aoi-2022,1.0,identical,"2 options, same codes throughout",Q425_7.Those of other nationalities would you not like to have as neighbors
Q0158,identical,6,1,arab-opinion-index,aoi-2015;aoi-2016;aoi-2017-2018;aoi-2019-2020;aoi-2022;aoi-2024-2025,1.0,identical,"4 options, same codes throughout","Q427_16.In principle, would you support/oppose the position of the President/Prime Minister in your home country being held by Druze"
Q0159,identical,6,1,arab-opinion-index,aoi-2012-2013;aoi-2016;aoi-2017-2018;aoi-2019-2020;aoi-2022;aoi-2024-2025,1.0,identical,"4 options, same codes throughout","Q427_17.In principle, would you support/oppose the position of the President/Prime Minister in your home country being held by Sunni"
Q0160,identical,6,1,arab-opinion-index,aoi-2011;aoi-2012-2013;aoi-2014;aoi-2015;aoi-2016;aoi-2024-2025,1.0,identical,"4 options, same codes throughout",Q610_4.I would like you to tell me the extent of your agreement/disagreement with Religious practices are private affairs and should be separated from public (social and political) life
Q0161,identical,6,1,arab-opinion-index,aoi-2011;aoi-2012-2013;aoi-2014;aoi-2015;aoi-2016;aoi-2019-2020,1.0,identical,"2 options, same codes throughout",Q716.Do you support or oppose the presence of nuclear weapons within the Middle East?
Q0162,identical,6,1,arab-opinion-index,aoi-2011;aoi-2012-2013;aoi-2014;aoi-2015;aoi-2016;aoi-2019-2020,1.0,identical,"2 options, same codes throughout",Q719.Does Israel's possession of nuclear weapons justify other states in the region’s pursuit of such weapons?
Q0163,identical,6,1,arab-opinion-index,aoi-2014;aoi-2015;aoi-2016;aoi-2017-2018;aoi-2019-2020;aoi-2022,1.0,differs,"different numbers of options (3, 5)",Q827.Which of the following two statements more closely matches your point of view?
Q0164,identical,6,1,arab-opinion-index,aoi-2015;aoi-2016;aoi-2017-2018;aoi-2019-2020;aoi-2022;aoi-2024-2025,1.0,differs,"different numbers of options (3, 5)",Q10010. Which of these statements is closest to your own point of view?
Q0165,identical,6,1,arab-opinion-index,aoi-2015;aoi-2016;aoi-2017-2018;aoi-2019-2020;aoi-2022;aoi-2024-2025,1.0,differs,"different numbers of options (24, 38, 41)",Q315.which would be the most important factor that you would take into consideration when choosing a candidate/electoral list to vote for?
Q0166,identical,6,1,eu-neighbourhood-barometer,enb-w01;enb-w02;enb-w03;enb-w04;enb-w05;enb-w06,1.0,identical,"4 options, same codes throughout",life satisfaction
Q0167,identical,6,1,eu-neighbourhood-barometer,enb-w01;enb-w02;enb-w03;enb-w04;enb-w05;enb-w06,1.0,identical,"3 options, same codes throughout",political discussion: international matters
Q0168,identical,6,1,eu-neighbourhood-barometer,enb-w01;enb-w02;enb-w03;enb-w04;enb-w05;enb-w06,1.0,identical,"3 options, same codes throughout",political discussion: national matters
Q0169,identical,6,1,eu-neighbourhood-barometer,enb-w01;enb-w02;enb-w03;enb-w04;enb-w05;enb-w06,1.0,identical,"3 options, same codes throughout",political discussion: local matters
Q0170,identical,6,1,eu-neighbourhood-barometer,enb-w01;enb-w02;enb-w03;enb-w04;enb-w05;enb-w06,1.0,identical,"4 options, same codes throughout",persuade friends of own strong opinion
Q0171,identical,6,1,eu-neighbourhood-barometer,enb-w01;enb-w02;enb-w03;enb-w04;enb-w05;enb-w06,1.0,identical,"4 options, same codes throughout",assessment: economic situation in country
Q0172,identical,6,1,eu-neighbourhood-barometer,enb-w01;enb-w02;enb-w03;enb-w04;enb-w05;enb-w06,1.0,identical,"4 options, same codes throughout",assessment: situation of the economy in the world
Q0173,identical,6,1,eu-neighbourhood-barometer,enb-w01;enb-w02;enb-w03;enb-w04;enb-w05;enb-w06,1.0,identical,"4 options, same codes throughout",assessment: personal job situation
Q0174,identical,6,1,eu-neighbourhood-barometer,enb-w01;enb-w02;enb-w03;enb-w04;enb-w05;enb-w06,1.0,identical,"4 options, same codes throughout",assessment: financial situation of your household
Q0175,identical,6,1,eu-neighbourhood-barometer,enb-w01;enb-w02;enb-w03;enb-w04;enb-w05;enb-w06,1.0,identical,"3 options, same codes throughout",expectations: economic situation in country
Q0176,identical,6,1,eu-neighbourhood-barometer,enb-w01;enb-w02;enb-w03;enb-w04;enb-w05;enb-w06,1.0,identical,"3 options, same codes throughout",expectations: your personal job situation
Q0177,identical,6,1,eu-neighbourhood-barometer,enb-w01;enb-w02;enb-w03;enb-w04;enb-w05;enb-w06,1.0,identical,"3 options, same codes throughout",expectations: financial situation of your household
Q0178,identical,6,1,eu-neighbourhood-barometer,enb-w01;enb-w02;enb-w03;enb-w04;enb-w05;enb-w06,1.0,identical,"3 options, same codes throughout",expectations: employment situation in country
Q0179,identical,6,1,eu-neighbourhood-barometer,enb-w01;enb-w02;enb-w03;enb-w04;enb-w05;enb-w06,1.0,identical,"3 options, same codes throughout",expectations: your life in general
Q0180,identical,6,1,eu-neighbourhood-barometer,enb-w01;enb-w02;enb-w03;enb-w04;enb-w05;enb-w06,1.0,differs,"22 options each, but they are not the same options",important country issues - firstly
Q0181,identical,6,1,eu-neighbourhood-barometer,enb-w01;enb-w02;enb-w03;enb-w04;enb-w05;enb-w06,1.0,differs,"2 options each, but they are not the same options",important country issues: crime
Q0182,identical,6,1,eu-neighbourhood-barometer,enb-w01;enb-w02;enb-w03;enb-w04;enb-w05;enb-w06,1.0,differs,"2 options each, but they are not the same options","important country issues: rule of law, transparency"
Q0183,identical,6,1,eu-neighbourhood-barometer,enb-w01;enb-w02;enb-w03;enb-w04;enb-w05;enb-w06,1.0,differs,"2 options each, but they are not the same options",important country issues: housing
Q0184,identical,6,1,eu-neighbourhood-barometer,enb-w01;enb-w02;enb-w03;enb-w04;enb-w05;enb-w06,1.0,differs,"2 options each, but they are not the same options",important country issues: migration
Q0185,identical,6,1,eu-neighbourhood-barometer,enb-w01;enb-w02;enb-w03;enb-w04;enb-w05;enb-w06,1.0,differs,"2 options each, but they are not the same options",important country issues: refugees/ internal displaced
Q0186,identical,6,1,eu-neighbourhood-barometer,enb-w01;enb-w02;enb-w03;enb-w04;enb-w05;enb-w06,1.0,differs,"2 options each, but they are not the same options",important country issues: healthcare system
Q0187,identical,6,1,eu-neighbourhood-barometer,enb-w01;enb-w02;enb-w03;enb-w04;enb-w05;enb-w06,1.0,differs,"2 options each, but they are not the same options",important country issues: educational system
Q0188,identical,6,1,eu-neighbourhood-barometer,enb-w01;enb-w02;enb-w03;enb-w04;enb-w05;enb-w06,1.0,differs,"2 options each, but they are not the same options",important country issues: pensions
Q0189,identical,6,1,eu-neighbourhood-barometer,enb-w01;enb-w02;enb-w03;enb-w04;enb-w05;enb-w06,1.0,differs,"2 options each, but they are not the same options",important country issues: environment
Q0190,identical,6,1,eu-neighbourhood-barometer,enb-w01;enb-w02;enb-w03;enb-w04;enb-w05;enb-w06,1.0,differs,"2 options each, but they are not the same options",important country issues: energy
Q0191,identical,6,1,eu-neighbourhood-barometer,enb-w01;enb-w02;enb-w03;enb-w04;enb-w05;enb-w06,1.0,differs,"different numbers of options (2, 3)",important country issues: mountainous garabagh
Q0192,identical,6,1,eu-neighbourhood-barometer,enb-w01;enb-w02;enb-w03;enb-w04;enb-w05;enb-w06,1.0,differs,"2 options each, but they are not the same options",important country issues: freedom of speech
Q0193,identical,6,1,eu-neighbourhood-barometer,enb-w01;enb-w02;enb-w03;enb-w04;enb-w05;enb-w06,1.0,differs,"different numbers of options (2, 3)",important country issues: transnistrian conflict
Q0194,identical,6,1,eu-neighbourhood-barometer,enb-w01;enb-w02;enb-w03;enb-w04;enb-w05;enb-w06,1.0,differs,"2 options each, but they are not the same options",important country issues: other
Q0195,identical,6,1,eu-neighbourhood-barometer,enb-w01;enb-w02;enb-w03;enb-w04;enb-w05;enb-w06,1.0,differs,"2 options each, but they are not the same options",important country issues: none
Q0196,identical,6,1,eu-neighbourhood-barometer,enb-w01;enb-w02;enb-w03;enb-w04;enb-w05;enb-w06,1.0,differs,"2 options each, but they are not the same options",important country issues: dont know
Q0197,identical,6,1,eu-neighbourhood-barometer,enb-w01;enb-w02;enb-w03;enb-w04;enb-w05;enb-w06,1.0,differs,"2 options each, but they are not the same options",important country issues: economic situation
Q0198,identical,6,1,eu-neighbourhood-barometer,enb-w01;enb-w02;enb-w03;enb-w04;enb-w05;enb-w06,1.0,differs,"2 options each, but they are not the same options",important country issues: rising prices/ inflation
Q0199,identical,6,1,eu-neighbourhood-barometer,enb-w01;enb-w02;enb-w03;enb-w04;enb-w05;enb-w06,1.0,differs,"2 options each, but they are not the same options",important country issues: taxation
Q0200,identical,6,1,eu-neighbourhood-barometer,enb-w01;enb-w02;enb-w03;enb-w04;enb-w05;enb-w06,1.0,differs,"2 options each, but they are not the same options",important country issues: unemployment
Q0201,identical,6,1,eu-neighbourhood-barometer,enb-w01;enb-w02;enb-w03;enb-w04;enb-w05;enb-w06,1.0,differs,"2 options each, but they are not the same options",important country issues: terrorism
Q0202,identical,6,1,eu-neighbourhood-barometer,enb-w01;enb-w02;enb-w03;enb-w04;enb-w05;enb-w06,1.0,differs,"2 options each, but they are not the same options",important country issues: corruption
Q0203,identical,6,1,eu-neighbourhood-barometer,enb-w01;enb-w02;enb-w03;enb-w04;enb-w05;enb-w06,1.0,differs,"2 options each, but they are not the same options",important country issues: defence/ foreign affairs
Q0204,identical,6,1,eu-neighbourhood-barometer,enb-w01;enb-w02;enb-w03;enb-w04;enb-w05;enb-w06,1.0,identical,"5 options, same codes throughout",eu image - positive or negative
Q0205,identical,6,1,eu-neighbourhood-barometer,enb-w01;enb-w02;enb-w03;enb-w04;enb-w05;enb-w06,1.0,differs,"2 options each, but they are not the same options",helping economic development: cis area
Q0206,identical,6,1,eu-neighbourhood-barometer,enb-w01;enb-w02;enb-w03;enb-w04;enb-w05;enb-w06,1.0,differs,"2 options each, but they are not the same options",helping economic development: undp
Q0207,identical,6,1,eu-neighbourhood-barometer,enb-w01;enb-w02;enb-w03;enb-w04;enb-w05;enb-w06,1.0,differs,"2 options each, but they are not the same options",helping economic development: imf / world bank
Q0208,identical,6,1,eu-neighbourhood-barometer,enb-w01;enb-w02;enb-w03;enb-w04;enb-w05;enb-w06,1.0,differs,"2 options each, but they are not the same options",helping economic development: non-governmental org
Q0209,identical,6,1,eu-neighbourhood-barometer,enb-w01;enb-w02;enb-w03;enb-w04;enb-w05;enb-w06,1.0,differs,"2 options each, but they are not the same options",helping economic development: private companies
Q0210,identical,6,1,eu-neighbourhood-barometer,enb-w01;enb-w02;enb-w03;enb-w04;enb-w05;enb-w06,1.0,differs,"2 options each, but they are not the same options",helping economic development: religious organisations
Q0211,identical,6,1,eu-neighbourhood-barometer,enb-w01;enb-w02;enb-w03;enb-w04;enb-w05;enb-w06,1.0,differs,"2 options each, but they are not the same options",helping economic development: other
Q0212,identical,6,1,eu-neighbourhood-barometer,enb-w01;enb-w02;enb-w03;enb-w04;enb-w05;enb-w06,1.0,differs,"2 options each, but they are not the same options",helping economic development: none
Q0213,identical,6,1,eu-neighbourhood-barometer,enb-w01;enb-w02;enb-w03;enb-w04;enb-w05;enb-w06,1.0,differs,"2 options each, but they are not the same options",helping economic development: dont know
Q0214,identical,6,1,eu-neighbourhood-barometer,enb-w01;enb-w02;enb-w03;enb-w04;enb-w05;enb-w06,1.0,differs,"2 options each, but they are not the same options",helping economic development: european union
Q0215,identical,6,1,eu-neighbourhood-barometer,enb-w01;enb-w02;enb-w03;enb-w04;enb-w05;enb-w06,1.0,differs,"2 options each, but they are not the same options",helping economic development: united states
Q0216,identical,6,1,eu-neighbourhood-barometer,enb-w01;enb-w02;enb-w03;enb-w04;enb-w05;enb-w06,1.0,differs,"2 options each, but they are not the same options",helping economic development: arab league
Q0217,identical,6,1,eu-neighbourhood-barometer,enb-w01;enb-w02;enb-w03;enb-w04;enb-w05;enb-w06,1.0,differs,"2 options each, but they are not the same options",helping economic development: g8/g20 country
Q0218,identical,6,1,eu-neighbourhood-barometer,enb-w01;enb-w02;enb-w03;enb-w04;enb-w05;enb-w06,1.0,differs,"2 options each, but they are not the same options",helping economic development: united nations
Q0219,identical,6,1,eu-neighbourhood-barometer,enb-w01;enb-w02;enb-w03;enb-w04;enb-w05;enb-w06,1.0,differs,"2 options each, but they are not the same options",helping economic development: arab funds
Q0220,identical,6,1,eu-neighbourhood-barometer,enb-w01;enb-w02;enb-w03;enb-w04;enb-w05;enb-w06,1.0,differs,"2 options each, but they are not the same options",helping economic development: charitable foundations
Q0221,identical,6,1,eu-neighbourhood-barometer,enb-w01;enb-w02;enb-w03;enb-w04;enb-w05;enb-w06,1.0,differs,"2 options each, but they are not the same options",helping economic development: guam
Q0222,identical,6,1,eu-neighbourhood-barometer,enb-w01;enb-w02;enb-w03;enb-w04;enb-w05;enb-w06,1.0,differs,"2 options each, but they are not the same options",helping security & stability: national government
Q0223,identical,6,1,eu-neighbourhood-barometer,enb-w01;enb-w02;enb-w03;enb-w04;enb-w05;enb-w06,1.0,differs,"2 options each, but they are not the same options",helping security & stability: none
Q0224,identical,6,1,eu-neighbourhood-barometer,enb-w01;enb-w02;enb-w03;enb-w04;enb-w05;enb-w06,1.0,differs,"2 options each, but they are not the same options",helping security & stability: dont know
Q0225,identical,6,1,eu-neighbourhood-barometer,enb-w01;enb-w02;enb-w03;enb-w04;enb-w05;enb-w06,1.0,differs,"2 options each, but they are not the same options",helping security & stability: european union
Q0226,identical,6,1,eu-neighbourhood-barometer,enb-w01;enb-w02;enb-w03;enb-w04;enb-w05;enb-w06,1.0,differs,"2 options each, but they are not the same options",helping security & stability: united states
Q0227,identical,6,1,eu-neighbourhood-barometer,enb-w01;enb-w02;enb-w03;enb-w04;enb-w05;enb-w06,1.0,differs,"2 options each, but they are not the same options",helping security & stability: arab league
Q0228,identical,6,1,eu-neighbourhood-barometer,enb-w01;enb-w02;enb-w03;enb-w04;enb-w05;enb-w06,1.0,differs,"2 options each, but they are not the same options",helping security & stability: nato
Q0229,identical,6,1,eu-neighbourhood-barometer,enb-w01;enb-w02;enb-w03;enb-w04;enb-w05;enb-w06,1.0,differs,"2 options each, but they are not the same options",helping security & stability: g8/g20 country
Q0230,identical,6,1,eu-neighbourhood-barometer,enb-w01;enb-w02;enb-w03;enb-w04;enb-w05;enb-w06,1.0,differs,"2 options each, but they are not the same options",helping security & stability: united nations
Q0231,identical,6,1,eu-neighbourhood-barometer,enb-w01;enb-w02;enb-w03;enb-w04;enb-w05;enb-w06,1.0,differs,"2 options each, but they are not the same options",helping security & stability: csto
Q0232,identical,6,1,eu-neighbourhood-barometer,enb-w01;enb-w02;enb-w03;enb-w04;enb-w05;enb-w06,1.0,differs,"2 options each, but they are not the same options",helping security & stability: other
Q0233,identical,6,1,eu-neighbourhood-barometer,enb-w01;enb-w02;enb-w03;enb-w04;enb-w05;enb-w06,1.0,identical,"4 options, same codes throughout",economic development contribution: national government
Q0234,identical,6,1,eu-neighbourhood-barometer,enb-w01;enb-w02;enb-w03;enb-w04;enb-w05;enb-w06,1.0,identical,"4 options, same codes throughout",economic development contribution: the presidency
Q0235,identical,6,1,eu-neighbourhood-barometer,enb-w01;enb-w02;enb-w03;enb-w04;enb-w05;enb-w06,1.0,identical,"4 options, same codes throughout",economic development contribution: nat private companies
Q0236,identical,6,1,eu-neighbourhood-barometer,enb-w01;enb-w02;enb-w03;enb-w04;enb-w05;enb-w06,1.0,identical,"4 options, same codes throughout",economic development contribution: national banks
Q0237,identical,6,1,eu-neighbourhood-barometer,enb-w01;enb-w02;enb-w03;enb-w04;enb-w05;enb-w06,1.0,identical,"4 options, same codes throughout",economic development contribution: non-governmental org
Q0238,identical,6,1,eu-neighbourhood-barometer,enb-w01;enb-w02;enb-w03;enb-w04;enb-w05;enb-w06,1.0,identical,"4 options, same codes throughout",economic development contribution: religious organisations
Q0239,identical,6,1,eu-neighbourhood-barometer,enb-w01;enb-w02;enb-w03;enb-w04;enb-w05;enb-w06,1.0,differs,"2 options each, but they are not the same options",eu cooperation important: peace and security
Q0240,identical,6,1,eu-neighbourhood-barometer,enb-w01;enb-w02;enb-w03;enb-w04;enb-w05;enb-w06,1.0,differs,"2 options each, but they are not the same options",eu cooperation important: climate change
Q0241,identical,6,1,eu-neighbourhood-barometer,enb-w01;enb-w02;enb-w03;enb-w04;enb-w05;enb-w06,1.0,differs,"2 options each, but they are not the same options",eu cooperation important: migration
Q0242,identical,6,1,eu-neighbourhood-barometer,enb-w01;enb-w02;enb-w03;enb-w04;enb-w05;enb-w06,1.0,differs,"2 options each, but they are not the same options",eu cooperation important: employment
Q0243,identical,6,1,eu-neighbourhood-barometer,enb-w01;enb-w02;enb-w03;enb-w04;enb-w05;enb-w06,1.0,differs,"2 options each, but they are not the same options",eu cooperation important: science and technology
Q0244,identical,6,1,eu-neighbourhood-barometer,enb-w01;enb-w02;enb-w03;enb-w04;enb-w05;enb-w06,1.0,differs,"2 options each, but they are not the same options",eu cooperation important: other
Q0245,identical,6,1,eu-neighbourhood-barometer,enb-w01;enb-w02;enb-w03;enb-w04;enb-w05;enb-w06,1.0,differs,"2 options each, but they are not the same options",eu cooperation important: none
Q0246,identical,6,1,eu-neighbourhood-barometer,enb-w01;enb-w02;enb-w03;enb-w04;enb-w05;enb-w06,1.0,differs,"2 options each, but they are not the same options",eu cooperation important: dont know
Q0247,identical,6,1,eu-neighbourhood-barometer,enb-w01;enb-w02;enb-w03;enb-w04;enb-w05;enb-w06,1.0,differs,"2 options each, but they are not the same options",eu cooperation important: democracy and good governance
Q0248,identical,6,1,eu-neighbourhood-barometer,enb-w01;enb-w02;enb-w03;enb-w04;enb-w05;enb-w06,1.0,differs,"2 options each, but they are not the same options",eu cooperation important: culture and education
Q0249,identical,6,1,eu-neighbourhood-barometer,enb-w01;enb-w02;enb-w03;enb-w04;enb-w05;enb-w06,1.0,differs,"2 options each, but they are not the same options",eu cooperation important: human rights
Q0250,identical,6,1,eu-neighbourhood-barometer,enb-w01;enb-w02;enb-w03;enb-w04;enb-w05;enb-w06,1.0,differs,"2 options each, but they are not the same options",eu cooperation important: trade
Q0251,identical,6,1,eu-neighbourhood-barometer,enb-w01;enb-w02;enb-w03;enb-w04;enb-w05;enb-w06,1.0,differs,"2 options each, but they are not the same options",eu cooperation important: infrastructure
Q0252,identical,6,1,eu-neighbourhood-barometer,enb-w01;enb-w02;enb-w03;enb-w04;enb-w05;enb-w06,1.0,differs,"2 options each, but they are not the same options",eu cooperation important: tackling poverty
Q0253,identical,6,1,eu-neighbourhood-barometer,enb-w01;enb-w02;enb-w03;enb-w04;enb-w05;enb-w06,1.0,differs,"2 options each, but they are not the same options",eu cooperation important: energy
Q0254,identical,6,1,eu-neighbourhood-barometer,enb-w01;enb-w02;enb-w03;enb-w04;enb-w05;enb-w06,1.0,differs,"2 options each, but they are not the same options",eu cooperation important: environmental protection
Q0255,identical,6,1,eu-neighbourhood-barometer,enb-w01;enb-w02;enb-w03;enb-w04;enb-w05;enb-w06,1.0,differs,"2 options each, but they are not the same options",eu development aid focus: peace and security
Q0256,identical,6,1,eu-neighbourhood-barometer,enb-w01;enb-w02;enb-w03;enb-w04;enb-w05;enb-w06,1.0,differs,"2 options each, but they are not the same options",eu development aid focus: climate change
Q0257,identical,6,1,eu-neighbourhood-barometer,enb-w01;enb-w02;enb-w03;enb-w04;enb-w05;enb-w06,1.0,differs,"2 options each, but they are not the same options",eu development aid focus: migration
Q0258,identical,6,1,eu-neighbourhood-barometer,enb-w01;enb-w02;enb-w03;enb-w04;enb-w05;enb-w06,1.0,differs,"2 options each, but they are not the same options",eu development aid focus: employment
Q0259,identical,6,1,eu-neighbourhood-barometer,enb-w01;enb-w02;enb-w03;enb-w04;enb-w05;enb-w06,1.0,differs,"2 options each, but they are not the same options",eu development aid focus: science and technology
Q0260,identical,6,1,eu-neighbourhood-barometer,enb-w01;enb-w02;enb-w03;enb-w04;enb-w05;enb-w06,1.0,differs,"2 options each, but they are not the same options",eu development aid focus: other
Q0261,identical,6,1,eu-neighbourhood-barometer,enb-w01;enb-w02;enb-w03;enb-w04;enb-w05;enb-w06,1.0,differs,"2 options each, but they are not the same options",eu development aid focus: none
Q0262,identical,6,1,eu-neighbourhood-barometer,enb-w01;enb-w02;enb-w03;enb-w04;enb-w05;enb-w06,1.0,differs,"2 options each, but they are not the same options",eu development aid focus: dont know
Q0263,identical,6,1,eu-neighbourhood-barometer,enb-w01;enb-w02;enb-w03;enb-w04;enb-w05;enb-w06,1.0,differs,"2 options each, but they are not the same options",eu development aid focus: democracy/ good governance
Q0264,identical,6,1,eu-neighbourhood-barometer,enb-w01;enb-w02;enb-w03;enb-w04;enb-w05;enb-w06,1.0,differs,"2 options each, but they are not the same options",eu development aid focus: culture and education
Q0265,identical,6,1,eu-neighbourhood-barometer,enb-w01;enb-w02;enb-w03;enb-w04;enb-w05;enb-w06,1.0,differs,"2 options each, but they are not the same options",eu development aid focus: human rights
Q0266,identical,6,1,eu-neighbourhood-barometer,enb-w01;enb-w02;enb-w03;enb-w04;enb-w05;enb-w06,1.0,differs,"2 options each, but they are not the same options",eu development aid focus: trade
Q0267,identical,6,1,eu-neighbourhood-barometer,enb-w01;enb-w02;enb-w03;enb-w04;enb-w05;enb-w06,1.0,differs,"2 options each, but they are not the same options",eu development aid focus: infrastructure
Q0268,identical,6,1,eu-neighbourhood-barometer,enb-w01;enb-w02;enb-w03;enb-w04;enb-w05;enb-w06,1.0,differs,"2 options each, but they are not the same options",eu development aid focus: tackling poverty
Q0269,identical,6,1,eu-neighbourhood-barometer,enb-w01;enb-w02;enb-w03;enb-w04;enb-w05;enb-w06,1.0,differs,"2 options each, but they are not the same options",eu development aid focus: energy
Q0270,identical,6,1,eu-neighbourhood-barometer,enb-w01;enb-w02;enb-w03;enb-w04;enb-w05;enb-w06,1.0,differs,"2 options each, but they are not the same options",eu development aid focus: environmental protection
Q0271,identical,6,1,eu-neighbourhood-barometer,enb-w01;enb-w02;enb-w03;enb-w04;enb-w05;enb-w06,1.0,identical,"4 options, same codes throughout",trust in institutions: printed press
Q0272,identical,6,1,eu-neighbourhood-barometer,enb-w01;enb-w02;enb-w03;enb-w04;enb-w05;enb-w06,1.0,identical,"4 options, same codes throughout",trust in institutions: radio
Q0273,identical,6,1,eu-neighbourhood-barometer,enb-w01;enb-w02;enb-w03;enb-w04;enb-w05;enb-w06,1.0,identical,"4 options, same codes throughout",trust in institutions: tv
Q0274,identical,6,1,eu-neighbourhood-barometer,enb-w01;enb-w02;enb-w03;enb-w04;enb-w05;enb-w06,1.0,identical,"4 options, same codes throughout",trust in institutions: internet
Q0275,identical,6,1,eu-neighbourhood-barometer,enb-w01;enb-w02;enb-w03;enb-w04;enb-w05;enb-w06,1.0,identical,"2 options, same codes throughout",trust in institutions: european union
Q0276,identical,6,1,eu-neighbourhood-barometer,enb-w01;enb-w02;enb-w03;enb-w04;enb-w05;enb-w06,1.0,identical,"2 options, same codes throughout",trust in institutions: united nations
Q0277,identical,6,1,eu-neighbourhood-barometer,enb-w01;enb-w02;enb-w03;enb-w04;enb-w05;enb-w06,1.0,identical,"2 options, same codes throughout",trust in institutions: nato
Q0278,identical,6,1,eu-neighbourhood-barometer,enb-w01;enb-w02;enb-w03;enb-w04;enb-w05;enb-w06,1.0,identical,"2 options, same codes throughout",trust in institutions: arab league
Q0279,identical,6,1,eu-neighbourhood-barometer,enb-w01;enb-w02;enb-w03;enb-w04;enb-w05;enb-w06,1.0,identical,"2 options, same codes throughout",trust in institutions: national government
Q0280,identical,6,1,eu-neighbourhood-barometer,enb-w01;enb-w02;enb-w03;enb-w04;enb-w05;enb-w06,1.0,identical,"2 options, same codes throughout",trust in institutions: national parliament
Q0281,identical,6,1,eu-neighbourhood-barometer,enb-w01;enb-w02;enb-w03;enb-w04;enb-w05;enb-w06,1.0,identical,"2 options, same codes throughout",trust in institutions: regional public authorities
Q0282,identical,6,1,eu-neighbourhood-barometer,enb-w01;enb-w02;enb-w03;enb-w04;enb-w05;enb-w06,1.0,identical,"2 options, same codes throughout",trust in institutions: local public authorities
Q0283,identical,6,1,eu-neighbourhood-barometer,enb-w01;enb-w02;enb-w03;enb-w04;enb-w05;enb-w06,1.0,identical,"4 options, same codes throughout",democracy satisfaction - country
Q0284,identical,6,1,eu-neighbourhood-barometer,enb-w01;enb-w02;enb-w03;enb-w04;enb-w05;enb-w06,1.0,identical,"4 options, same codes throughout",democracy satisfaction - region
Q0285,identical,6,1,eu-neighbourhood-barometer,enb-w01;enb-w02;enb-w03;enb-w04;enb-w05;enb-w06,1.0,differs,"17 options each, but they are not the same options",country id (series standard)
Q0286,identical,6,1,eu-neighbourhood-barometer,enb-w01;enb-w02;enb-w03;enb-w04;enb-w05;enb-w06,1.0,identical,"1 options, same codes throughout",dataset edition
Q0287,identical,6,1,eu-neighbourhood-barometer,enb-w01;enb-w02;enb-w03;enb-w04;enb-w05;enb-w06,1.0,unknown,no member records value labels,country code - iso 3166
Q0288,identical,6,1,eu-neighbourhood-barometer,enb-w01;enb-w02;enb-w03;enb-w04;enb-w05;enb-w06,1.0,identical,"4 options, same codes throughout",opinion leadership index
Q0289,identical,6,1,eu-neighbourhood-barometer,enb-w01;enb-w02;enb-w03;enb-w04;enb-w05;enb-w06,1.0,unknown,at least one member's release records no value labels,language of interview (not documented)
Q0290,identical,6,1,eu-neighbourhood-barometer,enb-w01;enb-w02;enb-w03;enb-w04;enb-w05;enb-w06,1.0,unknown,no member records value labels,date of interview - day
Q0291,identical,6,1,eu-neighbourhood-barometer,enb-w01;enb-w02;enb-w03;enb-w04;enb-w05;enb-w06,1.0,unknown,no member records value labels,date of interview - month
Q0292,identical,6,1,eu-neighbourhood-barometer,enb-w01;enb-w02;enb-w03;enb-w04;enb-w05;enb-w06,1.0,unknown,no member records value labels,time of the beginning of the interview - hours
Q0293,identical,6,1,eu-neighbourhood-barometer,enb-w01;enb-w02;enb-w03;enb-w04;enb-w05;enb-w06,1.0,unknown,no member records value labels,time of the beginning of the interview - minutes
Q0294,identical,6,1,eu-neighbourhood-barometer,enb-w01;enb-w02;enb-w03;enb-w04;enb-w05;enb-w06,1.0,unknown,no member records value labels,number of minutes the interview lasted
Q0295,identical,6,1,eu-neighbourhood-barometer,enb-w01;enb-w02;enb-w03;enb-w04;enb-w05;enb-w06,1.0,identical,"4 options, same codes throughout",number of persons present during the interview
Q0296,identical,6,1,eu-neighbourhood-barometer,enb-w01;enb-w02;enb-w03;enb-w04;enb-w05;enb-w06,1.0,identical,"4 options, same codes throughout",respondent cooperation
Q0297,identical,6,1,eu-neighbourhood-barometer,enb-w01;enb-w02;enb-w03;enb-w04;enb-w05;enb-w06,1.0,unknown,no member records value labels,size of locality - all countries (not documented)
Q0298,identical,6,1,eu-neighbourhood-barometer,enb-w01;enb-w02;enb-w03;enb-w04;enb-w05;enb-w06,1.0,unknown,no member records value labels,region - all countries
Q0299,identical,6,1,eu-neighbourhood-barometer,enb-w01;enb-w02;enb-w03;enb-w04;enb-w05;enb-w06,1.0,unknown,no member records value labels,sample point number
Q0300,identical,6,1,eu-neighbourhood-barometer,enb-w01;enb-w02;enb-w03;enb-w04;enb-w05;enb-w06,1.0,identical,"4 options, same codes throughout",political interest index
Q0301,identical,6,1,eu-neighbourhood-barometer,enb-w01;enb-w02;enb-w03;enb-w04;enb-w05;enb-w06,1.0,identical,"3 options, same codes throughout",financial situation - difficulties paying bills
Q0302,identical,6,1,eu-neighbourhood-barometer,enb-w01;enb-w02;enb-w03;enb-w04;enb-w05;enb-w06,1.0,unknown,no member records value labels,household composition: people aged 15+
Q0303,identical,6,1,eu-neighbourhood-barometer,enb-w01;enb-w02;enb-w03;enb-w04;enb-w05;enb-w06,1.0,partly-labelled,at least one survey leaves 8 of its values unlabelled (1 options carry a label) — read the codebook before treating these as the same measurement,household composition: children aged < 10
Q0304,identical,6,1,eu-neighbourhood-barometer,enb-w01;enb-w02;enb-w03;enb-w04;enb-w05;enb-w06,1.0,partly-labelled,at least one survey leaves 6 of its values unlabelled (1 options carry a label) — read the codebook before treating these as the same measurement,household composition: children aged 10-14
Q0305,identical,6,1,eu-neighbourhood-barometer,enb-w01;enb-w02;enb-w03;enb-w04;enb-w05;enb-w06,1.0,identical,"2 options, same codes throughout",telephone equipment: fixed phone in hh
Q0306,identical,6,1,eu-neighbourhood-barometer,enb-w01;enb-w02;enb-w03;enb-w04;enb-w05;enb-w06,1.0,identical,"2 options, same codes throughout",telephone equipment: personal mobile phone
Q0307,identical,6,1,eu-neighbourhood-barometer,enb-w01;enb-w02;enb-w03;enb-w04;enb-w05;enb-w06,1.0,identical,"2 options, same codes throughout",ownership of goods: television
Q0308,identical,6,1,eu-neighbourhood-barometer,enb-w01;enb-w02;enb-w03;enb-w04;enb-w05;enb-w06,1.0,identical,"2 options, same codes throughout",ownership of goods: dont know
Q0309,identical,6,1,eu-neighbourhood-barometer,enb-w01;enb-w02;enb-w03;enb-w04;enb-w05;enb-w06,1.0,identical,"2 options, same codes throughout",ownership of goods: dvd player
Q0310,identical,6,1,eu-neighbourhood-barometer,enb-w01;enb-w02;enb-w03;enb-w04;enb-w05;enb-w06,1.0,identical,"2 options, same codes throughout",ownership of goods: music cd/mp3 player
Q0311,identical,6,1,eu-neighbourhood-barometer,enb-w01;enb-w02;enb-w03;enb-w04;enb-w05;enb-w06,1.0,differs,"different numbers of options (2, 3)",ownership of goods: computer
Q0312,identical,6,1,eu-neighbourhood-barometer,enb-w01;enb-w02;enb-w03;enb-w04;enb-w05;enb-w06,1.0,identical,"2 options, same codes throughout",ownership of goods: internet connection at home
Q0313,identical,6,1,eu-neighbourhood-barometer,enb-w01;enb-w02;enb-w03;enb-w04;enb-w05;enb-w06,1.0,identical,"2 options, same codes throughout",ownership of goods: car
Q0314,identical,6,1,eu-neighbourhood-barometer,enb-w01;enb-w02;enb-w03;enb-w04;enb-w05;enb-w06,1.0,identical,"2 options, same codes throughout",ownership of goods: apartment/ house finished paying
Q0315,identical,6,1,eu-neighbourhood-barometer,enb-w01;enb-w02;enb-w03;enb-w04;enb-w05;enb-w06,1.0,identical,"2 options, same codes throughout",ownership of goods: apartment/ house paying for
Q0316,identical,6,1,eu-neighbourhood-barometer,enb-w01;enb-w02;enb-w03;enb-w04;enb-w05;enb-w06,1.0,identical,"2 options, same codes throughout",ownership of goods: none
Q0317,identical,6,1,eu-neighbourhood-barometer,enb-w01;enb-w02;enb-w03;enb-w04;enb-w05;enb-w06,1.0,identical,"7 options, same codes throughout",internet use: at home
Q0318,identical,6,1,eu-neighbourhood-barometer,enb-w01;enb-w02;enb-w03;enb-w04;enb-w05;enb-w06,1.0,identical,"7 options, same codes throughout",internet use: at place of work
Q0319,identical,6,1,eu-neighbourhood-barometer,enb-w01;enb-w02;enb-w03;enb-w04;enb-w05;enb-w06,1.0,identical,"7 options, same codes throughout",internet use: somewhere else
Q0320,identical,6,1,eu-neighbourhood-barometer,enb-w01;enb-w02;enb-w03;enb-w04;enb-w05;enb-w06,1.0,differs,"different numbers of options (4, 5)",type of community
Q0321,identical,6,1,eu-neighbourhood-barometer,enb-w01;enb-w02;enb-w03;enb-w04;enb-w05;enb-w06,1.0,partly-labelled,at least one survey leaves 25 of its values unlabelled (5 options carry a label) — read the codebook before treating these as the same measurement,age when stopped full-time education
Q0322,identical,6,1,eu-neighbourhood-barometer,enb-w01;enb-w02;enb-w03;enb-w04;enb-w05;enb-w06,1.0,differs,"different numbers of options (19, 20)",current occupation
Q0323,identical,6,1,eu-neighbourhood-barometer,enb-w01;enb-w02;enb-w03;enb-w04;enb-w05;enb-w06,1.0,differs,"20 options each, but they are not the same options",last occupation
Q0324,identical,6,1,eu-neighbourhood-barometer,enb-w01;enb-w02;enb-w03;enb-w04;enb-w05;enb-w06,1.0,identical,"2 options, same codes throughout",visited/ lived in eu country: visited for business
Q0325,identical,6,1,eu-neighbourhood-barometer,enb-w01;enb-w02;enb-w03;enb-w04;enb-w05;enb-w06,1.0,identical,"2 options, same codes throughout",visited/ lived in eu country: visited on holiday
Q0326,identical,6,1,eu-neighbourhood-barometer,enb-w01;enb-w02;enb-w03;enb-w04;enb-w05;enb-w06,1.0,identical,"2 options, same codes throughout",visited/ lived in eu country: lived and/ or worked
Q0327,identical,6,1,eu-neighbourhood-barometer,enb-w01;enb-w02;enb-w03;enb-w04;enb-w05;enb-w06,1.0,identical,"2 options, same codes throughout",visited/ lived in eu country: to study
Q0328,identical,6,1,eu-neighbourhood-barometer,enb-w01;enb-w02;enb-w03;enb-w04;enb-w05;enb-w06,1.0,identical,"2 options, same codes throughout",visited/ lived in eu country: no
Q0329,identical,6,1,eu-neighbourhood-barometer,enb-w01;enb-w02;enb-w03;enb-w04;enb-w05;enb-w06,1.0,identical,"2 options, same codes throughout",visited/ lived in eu country: refusal
Q0330,identical,6,1,eu-neighbourhood-barometer,enb-w01;enb-w02;enb-w03;enb-w04;enb-w05;enb-w06,1.0,identical,"2 options, same codes throughout",eu country visited/ lived: austria
Q0331,identical,6,1,eu-neighbourhood-barometer,enb-w01;enb-w02;enb-w03;enb-w04;enb-w05;enb-w06,1.0,identical,"2 options, same codes throughout",eu country visited/ lived: germany
Q0332,identical,6,1,eu-neighbourhood-barometer,enb-w01;enb-w02;enb-w03;enb-w04;enb-w05;enb-w06,1.0,identical,"2 options, same codes throughout",eu country visited/ lived: greece
Q0333,identical,6,1,eu-neighbourhood-barometer,enb-w01;enb-w02;enb-w03;enb-w04;enb-w05;enb-w06,1.0,identical,"2 options, same codes throughout",eu country visited/ lived: hungary
Q0334,identical,6,1,eu-neighbourhood-barometer,enb-w01;enb-w02;enb-w03;enb-w04;enb-w05;enb-w06,1.0,identical,"2 options, same codes throughout",eu country visited/ lived: ireland
Q0335,identical,6,1,eu-neighbourhood-barometer,enb-w01;enb-w02;enb-w03;enb-w04;enb-w05;enb-w06,1.0,identical,"2 options, same codes throughout",eu country visited/ lived: italy
Q0336,identical,6,1,eu-neighbourhood-barometer,enb-w01;enb-w02;enb-w03;enb-w04;enb-w05;enb-w06,1.0,identical,"2 options, same codes throughout",eu country visited/ lived: latvia
Q0337,identical,6,1,eu-neighbourhood-barometer,enb-w01;enb-w02;enb-w03;enb-w04;enb-w05;enb-w06,1.0,identical,"2 options, same codes throughout",eu country visited/ lived: lithuania
Q0338,identical,6,1,eu-neighbourhood-barometer,enb-w01;enb-w02;enb-w03;enb-w04;enb-w05;enb-w06,1.0,identical,"2 options, same codes throughout",eu country visited/ lived: luxembourg
Q0339,identical,6,1,eu-neighbourhood-barometer,enb-w01;enb-w02;enb-w03;enb-w04;enb-w05;enb-w06,1.0,identical,"2 options, same codes throughout",eu country visited/ lived: malta
Q0340,identical,6,1,eu-neighbourhood-barometer,enb-w01;enb-w02;enb-w03;enb-w04;enb-w05;enb-w06,1.0,identical,"2 options, same codes throughout",eu country visited/ lived: netherlands
Q0341,identical,6,1,eu-neighbourhood-barometer,enb-w01;enb-w02;enb-w03;enb-w04;enb-w05;enb-w06,1.0,identical,"2 options, same codes throughout",eu country visited/ lived: belgium
Q0342,identical,6,1,eu-neighbourhood-barometer,enb-w01;enb-w02;enb-w03;enb-w04;enb-w05;enb-w06,1.0,identical,"2 options, same codes throughout",eu country visited/ lived: poland
Q0343,identical,6,1,eu-neighbourhood-barometer,enb-w01;enb-w02;enb-w03;enb-w04;enb-w05;enb-w06,1.0,identical,"2 options, same codes throughout",eu country visited/ lived: portugal
Q0344,identical,6,1,eu-neighbourhood-barometer,enb-w01;enb-w02;enb-w03;enb-w04;enb-w05;enb-w06,1.0,identical,"2 options, same codes throughout",eu country visited/ lived: romania
Q0345,identical,6,1,eu-neighbourhood-barometer,enb-w01;enb-w02;enb-w03;enb-w04;enb-w05;enb-w06,1.0,identical,"2 options, same codes throughout",eu country visited/ lived: slovakia
Q0346,identical,6,1,eu-neighbourhood-barometer,enb-w01;enb-w02;enb-w03;enb-w04;enb-w05;enb-w06,1.0,identical,"2 options, same codes throughout",eu country visited/ lived: slovenia
Q0347,identical,6,1,eu-neighbourhood-barometer,enb-w01;enb-w02;enb-w03;enb-w04;enb-w05;enb-w06,1.0,identical,"2 options, same codes throughout",eu country visited/ lived: spain
Q0348,identical,6,1,eu-neighbourhood-barometer,enb-w01;enb-w02;enb-w03;enb-w04;enb-w05;enb-w06,1.0,identical,"2 options, same codes throughout",eu country visited/ lived: sweden
Q0349,identical,6,1,eu-neighbourhood-barometer,enb-w01;enb-w02;enb-w03;enb-w04;enb-w05;enb-w06,1.0,identical,"2 options, same codes throughout",eu country visited/ lived: united kingdom
Q0350,identical,6,1,eu-neighbourhood-barometer,enb-w01;enb-w02;enb-w03;enb-w04;enb-w05;enb-w06,1.0,identical,"2 options, same codes throughout",eu country visited/ lived: any other country
Q0351,identical,6,1,eu-neighbourhood-barometer,enb-w01;enb-w02;enb-w03;enb-w04;enb-w05;enb-w06,1.0,identical,"2 options, same codes throughout",eu country visited/ lived: dont know
Q0352,identical,6,1,eu-neighbourhood-barometer,enb-w01;enb-w02;enb-w03;enb-w04;enb-w05;enb-w06,1.0,identical,"2 options, same codes throughout",eu country visited/ lived: bulgaria
Q0353,identical,6,1,eu-neighbourhood-barometer,enb-w01;enb-w02;enb-w03;enb-w04;enb-w05;enb-w06,1.0,identical,"2 options, same codes throughout",eu country visited/ lived: refusal
Q0354,identical,6,1,eu-neighbourhood-barometer,enb-w01;enb-w02;enb-w03;enb-w04;enb-w05;enb-w06,1.0,identical,"2 options, same codes throughout",eu country visited/ lived: cyprus
Q0355,identical,6,1,eu-neighbourhood-barometer,enb-w01;enb-w02;enb-w03;enb-w04;enb-w05;enb-w06,1.0,identical,"2 options, same codes throughout",eu country visited/ lived: czech republic
Q0356,identical,6,1,eu-neighbourhood-barometer,enb-w01;enb-w02;enb-w03;enb-w04;enb-w05;enb-w06,1.0,identical,"2 options, same codes throughout",eu country visited/ lived: denmark
Q0357,identical,6,1,eu-neighbourhood-barometer,enb-w01;enb-w02;enb-w03;enb-w04;enb-w05;enb-w06,1.0,identical,"2 options, same codes throughout",eu country visited/ lived: estonia
Q0358,identical,6,1,eu-neighbourhood-barometer,enb-w01;enb-w02;enb-w03;enb-w04;enb-w05;enb-w06,1.0,identical,"2 options, same codes throughout",eu country visited/ lived: finland
Q0359,identical,6,1,eu-neighbourhood-barometer,enb-w01;enb-w02;enb-w03;enb-w04;enb-w05;enb-w06,1.0,identical,"2 options, same codes throughout",eu country visited/ lived: france
Q0360,identical,6,1,eu-neighbourhood-barometer,enb-w01;enb-w02;enb-w03;enb-w04;enb-w05;enb-w06,1.0,identical,"2 options, same codes throughout",relatives in eu country: for work
Q0361,identical,6,1,eu-neighbourhood-barometer,enb-w01;enb-w02;enb-w03;enb-w04;enb-w05;enb-w06,1.0,identical,"2 options, same codes throughout",relatives in eu country: for study
Q0362,identical,6,1,eu-neighbourhood-barometer,enb-w01;enb-w02;enb-w03;enb-w04;enb-w05;enb-w06,1.0,identical,"2 options, same codes throughout",relatives in eu country: for other reason
Q0363,identical,6,1,eu-neighbourhood-barometer,enb-w01;enb-w02;enb-w03;enb-w04;enb-w05;enb-w06,1.0,identical,"2 options, same codes throughout",relatives in eu country: no
Q0364,identical,6,1,eu-neighbourhood-barometer,enb-w01;enb-w02;enb-w03;enb-w04;enb-w05;enb-w06,1.0,identical,"2 options, same codes throughout",relatives in eu country: refusal
Q0365,identical,6,1,eu-neighbourhood-barometer,enb-w01;enb-w02;enb-w03;enb-w04;enb-w05;enb-w06,1.0,identical,"10 options, same codes throughout",level in society - self-placement
Q0366,identical,6,1,eu-neighbourhood-barometer,enb-w01;enb-w02;enb-w03;enb-w04;enb-w05;enb-w06,1.0,unknown,no member records value labels,serial case id (appointed by the archive)
Q0367,identical,6,1,eu-neighbourhood-barometer,enb-w01;enb-w02;enb-w03;enb-w04;enb-w05;enb-w06,1.0,differs,"1 options each, but they are not the same options",archive study number
Q0368,identical,6,1,eu-neighbourhood-barometer,enb-w01;enb-w02;enb-w03;enb-w04;enb-w05;enb-w06,1.0,differs,"1 options each, but they are not the same options",survey identification
Q0369,identical,6,1,eu-neighbourhood-barometer,enb-w01;enb-w02;enb-w03;enb-w04;enb-w05;enb-w06,1.0,differs,"different numbers of options (15, 16)",original tns country identification
Q0370,identical,6,1,eu-neighbourhood-barometer,enb-w01;enb-w02;enb-w03;enb-w04;enb-w05;enb-w06,1.0,unknown,no member records value labels,unique respondent id (caseid by tns country code)
Q0371,identical,6,1,eu-neighbourhood-barometer,enb-w01;enb-w02;enb-w03;enb-w04;enb-w05;enb-w06,1.0,unknown,no member records value labels,gesis archive version & date
Q0372,identical,6,1,eu-neighbourhood-barometer,enb-w01;enb-w02;enb-w03;enb-w04;enb-w05;enb-w06,1.0,unknown,no member records value labels,demographic country weight (redressment)
Q0373,identical,6,1,eu-neighbourhood-barometer,enb-w01;enb-w02;enb-w03;enb-w04;enb-w05;enb-w06,1.0,unknown,no member records value labels,population size weight - south
Q0374,identical,6,1,eu-neighbourhood-barometer,enb-w01;enb-w02;enb-w03;enb-w04;enb-w05;enb-w06,1.0,unknown,no member records value labels,population size weight - east (except russia)
Q0375,identical,6,1,eu-neighbourhood-barometer,enb-w01;enb-w02;enb-w03;enb-w04;enb-w05;enb-w06,1.0,unknown,no member records value labels,population size weight - total (except russia)
Q0376,identical,6,1,eu-neighbourhood-barometer,enb-w01;enb-w02;enb-w03;enb-w04;enb-w05;enb-w06,1.0,unknown,no member records value labels,population size weight - maghreb
Q0377,identical,6,1,eu-neighbourhood-barometer,enb-w01;enb-w02;enb-w03;enb-w04;enb-w05;enb-w06,1.0,unknown,no member records value labels,population size weight - mashrek (except egypt)
Q0378,near,6,1,eu-neighbourhood-barometer,enb-w01;enb-w02;enb-w03;enb-w04;enb-w05;enb-w06,1.0,identical,"3 options, same codes throughout",assessment - things going in the right or wrong direction: EU
Q0379,identical,6,1,eu-neighbourhood-barometer,enb-w01;enb-w02;enb-w03;enb-w04;enb-w05;enb-w06,1.0,recodable,"8 options, codes differ between surveys",current occupation - recoded
Q0380,identical,6,1,eu-neighbourhood-barometer,enb-w01;enb-w02;enb-w03;enb-w04;enb-w05;enb-w06,1.0,differs,"4 options each, but they are not the same options",last occupation - recoded
Q0381,identical,5,1,afrobarometer,afro-w05;afro-w06;afro-w07;afro-w08;afro-w10,1.0,identical,"3 options, same codes throughout",EA-FAC-A. Post office in the PSU/EA
Q0382,identical,5,1,afrobarometer,afro-w05;afro-w06;afro-w07;afro-w08;afro-w10,1.0,identical,"3 options, same codes throughout",EA-FAC-B. School in the PSU/EA
Q0383,identical,5,1,afrobarometer,afro-w05;afro-w06;afro-w07;afro-w08;afro-w10,1.0,identical,"3 options, same codes throughout",EA-FAC-C. Police station in the PSU/EA
Q0384,identical,5,1,afrobarometer,afro-w05;afro-w06;afro-w07;afro-w08;afro-w10,1.0,identical,"3 options, same codes throughout",EA-FAC-D. Health Clinic in the PSU/EA
Q0385,identical,5,1,afrobarometer,afro-w05;afro-w06;afro-w07;afro-w08;afro-w10,1.0,identical,"3 options, same codes throughout",EA-FAC-E. Market stalls in the PSU/EA
Q0386,identical,5,1,afrobarometer,afro-w05;afro-w06;afro-w07;afro-w08;afro-w10,1.0,differs,"different numbers of options (2, 3)",EA-SEC-A. Police in the PSU/EA
Q0387,identical,5,1,afrobarometer,afro-w05;afro-w06;afro-w07;afro-w08;afro-w10,1.0,differs,"different numbers of options (2, 3)",EA-SEC-B. Soldiers/army in the PSU/EA
Q0388,identical,5,1,afrobarometer,afro-w05;afro-w06;afro-w07;afro-w08;afro-w10,1.0,differs,"different numbers of options (2, 3)",EA-SEC-C. Roadblocks by police/army in the PSU/EA
Q0389,identical,5,1,afrobarometer,afro-w05;afro-w06;afro-w07;afro-w08;afro-w10,1.0,identical,"3 options, same codes throughout",EA-SVC-A. Electricity grid in the PSU/EA
Q0390,identical,5,1,afrobarometer,afro-w05;afro-w06;afro-w07;afro-w08;afro-w10,1.0,identical,"3 options, same codes throughout",EA-SVC-B. Piped water system in the PSU/EA
Q0391,identical,5,1,afrobarometer,afro-w05;afro-w06;afro-w07;afro-w08;afro-w10,1.0,identical,"3 options, same codes throughout",EA-SVC-C. Sewage system in the PSU/EA
Q0392,identical,5,1,afrobarometer,afro-w05;afro-w06;afro-w07;afro-w08;afro-w10,1.0,unknown,no member records value labels,Time interview ended
Q0393,identical,5,1,afrobarometer,afro-w05;afro-w06;afro-w07;afro-w08;afro-w10,1.0,unknown,no member records value labels,Length of interview
Q0394,identical,5,1,afrobarometer,afro-w05;afro-w06;afro-w07;afro-w08;afro-w10,1.0,differs,"different numbers of options (7, 8)",Reason for Unsuccessful Call Household 1
Q0395,identical,5,1,afrobarometer,afro-w05;afro-w06;afro-w07;afro-w08;afro-w10,1.0,differs,"different numbers of options (7, 8)",Reason for Unsuccessful Call Household 2
Q0396,identical,5,1,afrobarometer,afro-w05;afro-w06;afro-w07;afro-w08;afro-w10,1.0,differs,"different numbers of options (7, 8)",Reason for Unsuccessful Call Household 3
Q0397,identical,5,1,afrobarometer,afro-w05;afro-w06;afro-w07;afro-w08;afro-w10,1.0,differs,"different numbers of options (7, 8)",Reason for Unsuccessful Call Household 4
Q0398,identical,5,1,afrobarometer,afro-w05;afro-w06;afro-w07;afro-w08;afro-w10,1.0,differs,"different numbers of options (7, 8)",Reason for Unsuccessful Call Household 5
Q0399,identical,5,1,afrobarometer,afro-w05;afro-w06;afro-w07;afro-w08;afro-w10,1.0,differs,"different numbers of options (7, 8)",Reason for Unsuccessful Call Household 6
Q0400,identical,5,1,afrobarometer,afro-w05;afro-w06;afro-w07;afro-w08;afro-w10,1.0,differs,"different numbers of options (7, 8)",Reason for Unsuccessful Call Household 7
Q0401,identical,5,2,afrobarometer;arab-transformations,afro-w05;afro-w06;afro-w07;afro-w08;arabtrans-w2014,1.0,identical,"2 options, same codes throughout",Q101. Gender of respondent
Q0402,identical,5,1,afrobarometer,afro-w05;afro-w06;afro-w07;afro-w08;afro-w10,1.0,differs,"different numbers of options (2, 3, 4, 6)",Q102. Language of interview
Q0403,identical,5,1,afrobarometer,afro-w05;afro-w06;afro-w07;afro-w08;afro-w10,1.0,differs,"5 options each, but they are not the same options",Q103. Others present
Q0404,identical,5,1,afrobarometer,afro-w05;afro-w06;afro-w07;afro-w08;afro-w10,1.0,identical,"4 options, same codes throughout",Q10a. Freedom to say what you think
Q0405,identical,5,1,afrobarometer,afro-w05;afro-w06;afro-w07;afro-w08;afro-w10,1.0,differs,"different numbers of options (4, 5, 6)",Q112. Interviewer's home language
Q0406,identical,5,1,afrobarometer,afro-w05;afro-w06;afro-w07;afro-w08;afro-w10,1.0,unknown,no member records value labels,Q113. Interviewer's age
Q0407,identical,5,1,afrobarometer,afro-w05;afro-w06;afro-w07;afro-w08;afro-w10,1.0,differs,"2 options each, but they are not the same options",Q114. Interviewer's gender
Q0408,identical,5,1,afrobarometer,afro-w05;afro-w06;afro-w07;afro-w08;afro-w10,1.0,differs,"7 options each, but they are not the same options",Q114. Interviewer's education
Q0409,identical,5,1,afrobarometer,afro-w05;afro-w06;afro-w07;afro-w08;afro-w10,1.0,differs,"different numbers of options (2, 3)",Q89a. Close to political party
Q0410,identical,5,1,afrobarometer,afro-w05;afro-w06;afro-w07;afro-w08;afro-w10,1.0,differs,"different numbers of options (2, 3)",Q89b. Own television
Q0411,identical,5,1,afrobarometer,afro-w05;afro-w06;afro-w07;afro-w08;afro-w10,1.0,differs,"4 options each, but they are not the same options",Q91a. Location of toilet or latrine
Q0412,identical,5,1,afrobarometer,afro-w05;afro-w06;afro-w07;afro-w08;afro-w10,1.0,differs,"10 options each, but they are not the same options",Q97. Education of respondent
Q0413,identical,5,1,afrobarometer,afro-w05;afro-w06;afro-w07;afro-w08;afro-w10,1.0,differs,"different numbers of options (30, 35, 36)",Q98a. Religion of respondent
Q0414,identical,5,1,afrobarometer,afro-w05;afro-w06;afro-w07;afro-w08;afro-w10,1.0,unknown,no member records value labels,Respondent number
Q0415,identical,5,1,afrobarometer,afro-w05;afro-w06;afro-w07;afro-w08;afro-w10,1.0,unknown,no member records value labels,Time interview started
Q0416,identical,5,1,afrobarometer,afro-w05;afro-w06;afro-w07;afro-w08;afro-w10,1.0,identical,"2 options, same codes throughout",Urban or Rural Primary Sampling Unit
Q0417,identical,5,1,afrobarometer,afro-w05;afro-w06;afro-w07;afro-w08;afro-w10,1.0,differs,"different numbers of options (12, 26)",Q100. Perceived survey sponsor
Q0418,identical,5,1,afrobarometer,afro-w05;afro-w06;afro-w07;afro-w08;afro-w10,1.0,identical,"2 options, same codes throughout",Q107a. Check with others
Q0419,identical,5,1,afrobarometer,afro-w05;afro-w06;afro-w07;afro-w08;afro-w10,1.0,identical,"2 options, same codes throughout",Q107b. Influence by others
Q0420,identical,5,1,afrobarometer,afro-w05;afro-w06;afro-w07;afro-w08;afro-w10,1.0,identical,"2 options, same codes throughout",Q107c. Approached by community/party representatives
Q0421,identical,5,1,afrobarometer,afro-w05;afro-w06;afro-w07;afro-w08;afro-w10,1.0,identical,"2 options, same codes throughout",Q107d. Feel threatened
Q0422,identical,5,1,afrobarometer,afro-w05;afro-w06;afro-w07;afro-w08;afro-w10,1.0,identical,"2 options, same codes throughout",Q107e. Physically threatened
Q0423,identical,5,1,afrobarometer,afro-w05;afro-w06;afro-w07;afro-w08;afro-w10,1.0,identical,"3 options, same codes throughout",Q110a. Respondent friendly
Q0424,identical,5,1,afrobarometer,afro-w05;afro-w06;afro-w07;afro-w08;afro-w10,1.0,identical,"3 options, same codes throughout",Q110b. Respondent interested
Q0425,identical,5,1,afrobarometer,afro-w05;afro-w06;afro-w07;afro-w08;afro-w10,1.0,identical,"3 options, same codes throughout",Q110c. Respondent cooperative
Q0426,identical,5,1,afrobarometer,afro-w05;afro-w06;afro-w07;afro-w08;afro-w10,1.0,identical,"3 options, same codes throughout",Q110d. Respondent patient
Q0427,identical,5,1,afrobarometer,afro-w05;afro-w06;afro-w07;afro-w08;afro-w10,1.0,identical,"3 options, same codes throughout",Q110e. Respondent at ease
Q0428,identical,5,1,afrobarometer,afro-w05;afro-w06;afro-w07;afro-w08;afro-w10,1.0,identical,"3 options, same codes throughout",Q110f. Respondent honest
Q0429,identical,5,1,afrobarometer,afro-w05;afro-w06;afro-w07;afro-w08;afro-w10,1.0,identical,"5 options, same codes throughout",Q12b. Television news
Q0430,identical,5,1,afrobarometer,afro-w05;afro-w06;afro-w07;afro-w08;afro-w10,1.0,identical,"4 options, same codes throughout",Q12b. Contact political party official
Q0431,identical,5,1,afrobarometer,afro-w05;afro-w06;afro-w07;afro-w08;afro-w10,1.0,differs,"5 options each, but they are not the same options",Q14. Freeness and fairness of the last national election
Q0432,identical,5,1,afrobarometer,afro-w05;afro-w06;afro-w07;afro-w08;afro-w10,1.0,differs,"different numbers of options (4, 9)",Q13a. Voting in the most recent national election
Q0433,identical,5,1,afrobarometer,afro-w05;afro-w06;afro-w07;afro-w08;afro-w10,1.0,differs,"3 options each, but they are not the same options",Q22. Support for democracy
Q0434,identical,5,1,afrobarometer,afro-w05;afro-w06;afro-w07;afro-w08;afro-w10,1.0,differs,"different numbers of options (3, 5)",Q30. Choose leaders through elections vs. other methods
Q0435,identical,5,1,afrobarometer,afro-w05;afro-w06;afro-w07;afro-w08;afro-w10,1.0,differs,"different numbers of options (4, 5)",Q30. President free to act vs. obey the laws and courts
Q0436,identical,5,1,afrobarometer,afro-w05;afro-w06;afro-w07;afro-w08;afro-w10,1.0,identical,"2 options, same codes throughout",Q3. Overall direction of the country
Q0437,identical,5,1,afrobarometer,afro-w05;afro-w06;afro-w07;afro-w08;afro-w10,1.0,differs,"different numbers of options (3, 5)",Q32. President monitored by parliament vs. free to act on own
Q0438,identical,5,1,afrobarometer,afro-w05;afro-w06;afro-w07;afro-w08;afro-w10,1.0,differs,"5 options each, but they are not the same options",Q32. Extent of democracy
Q0439,identical,5,1,afrobarometer,afro-w05;afro-w06;afro-w07;afro-w08;afro-w10,1.0,differs,"different numbers of options (3, 5)",Q33. Political parties divisive vs. many parties needed
Q0440,identical,5,1,afrobarometer,afro-w05;afro-w06;afro-w07;afro-w08;afro-w10,1.0,differs,"5 options each, but they are not the same options",Q33. Satisfaction with democracy
Q0441,identical,5,1,afrobarometer,afro-w05;afro-w06;afro-w07;afro-w08;afro-w10,1.0,identical,"4 options, same codes throughout",Q42b. Corruption: Members of Parliament
Q0442,identical,5,1,afrobarometer,afro-w05;afro-w06;afro-w07;afro-w08;afro-w10,1.0,identical,"4 options, same codes throughout",Q47a. Handling managing the economy
Q0443,identical,5,1,afrobarometer,afro-w05;afro-w06;afro-w07;afro-w08;afro-w10,1.0,identical,"4 options, same codes throughout",Q47b. Handling improving living standards of the poor
Q0444,identical,5,1,afrobarometer,afro-w05;afro-w06;afro-w07;afro-w08;afro-w10,1.0,identical,"4 options, same codes throughout",Q68_TUN_b. Performance: MP/National Assembly rep
Q0445,identical,5,1,afrobarometer,afro-w05;afro-w06;afro-w07;afro-w08;afro-w10,1.0,identical,"5 options, same codes throughout",Q4a. Country's present economic condition
Q0446,identical,5,1,afrobarometer,afro-w05;afro-w06;afro-w07;afro-w08;afro-w10,1.0,identical,"5 options, same codes throughout",Q4b. Your present living conditions
Q0447,identical,5,1,afrobarometer,afro-w05;afro-w06;afro-w07;afro-w08;afro-w10,1.0,identical,"5 options, same codes throughout",Q8a. How often gone without food
Q0448,identical,5,1,afrobarometer,afro-w05;afro-w06;afro-w07;afro-w08;afro-w10,1.0,identical,"5 options, same codes throughout",Q8b. How often gone without water
Q0449,identical,5,1,afrobarometer,afro-w05;afro-w06;afro-w07;afro-w08;afro-w10,1.0,differs,"different numbers of options (3, 11, 14)",Q93a. Source of water for household use
Q0450,identical,5,1,afrobarometer,afro-w05;afro-w06;afro-w07;afro-w08;afro-w10,1.0,differs,"different numbers of options (12, 13, 16, 17)",Q99. Vote for which party
Q0451,identical,5,1,afrobarometer,afro-w05;afro-w06;afro-w07;afro-w08;afro-w10,1.0,unknown,no member records value labels,Q99other. Vote for which party (verbatim)
Q0452,identical,5,1,afrobarometer,afro-w05;afro-w06;afro-w07;afro-w08;afro-w10,1.0,identical,"5 options, same codes throughout",Q12c. Newspaper news
Q0453,identical,5,1,afrobarometer,afro-w05;afro-w06;afro-w07;afro-w08;afro-w10,1.0,differs,"different numbers of options (3, 5)",Q19a. Government bans organizations vs. join any
Q0454,identical,5,1,afrobarometer,afro-w05;afro-w06;afro-w07;afro-w08;afro-w10,1.0,differs,"different numbers of options (3, 5)",Q34. Presidential two term limit vs. no term limits
Q0455,identical,5,1,afrobarometer,afro-w05;afro-w06;afro-w07;afro-w08;afro-w10,1.0,differs,"different numbers of options (4, 5)",Q39b. How often president ignores laws
Q0456,identical,5,1,afrobarometer,afro-w05;afro-w06;afro-w07;afro-w08;afro-w10,1.0,differs,"different numbers of options (4, 5)",Q44b. Difficulty to obtain identity document
Q0457,identical,5,1,afrobarometer,afro-w05;afro-w06;afro-w07;afro-w08;afro-w10,1.0,identical,"4 options, same codes throughout",Q47c. Handling creating jobs
Q0458,identical,5,2,afrobarometer;world-values-survey,afro-w06;afro-w07;afro-w08;afro-w10;wvs-w06,1.0,unknown,at least one member's release records no value labels,Q86c. Neighbours: homosexuals
Q0459,near,5,2,afrobarometer;world-values-survey,afro-w06;afro-w07;afro-w08;afro-w10;wvs-w06,1.0,unknown,at least one member's release records no value labels,Q86d. Neighbours: immigrants and foreign workers
Q0460,identical,5,1,afrobarometer,afro-w05;afro-w06;afro-w07;afro-w08;afro-w10,1.0,identical,"5 options, same codes throughout",Q8c. How often gone without medical care
Q0461,identical,5,1,afrobarometer,afro-w05;afro-w06;afro-w07;afro-w08;afro-w10,1.0,differs,"different numbers of options (4, 5)",Q11c. Attend a demonstration or protest march
Q0462,identical,5,1,afrobarometer,afro-w05;afro-w06;afro-w07;afro-w08;afro-w10,1.0,identical,"5 options, same codes throughout",Q20a. Reject one-party rule
Q0463,identical,5,1,afrobarometer,afro-w05;afro-w06;afro-w07;afro-w08;afro-w10,1.0,identical,"5 options, same codes throughout",Q20b. Reject military rule
Q0464,identical,5,1,afrobarometer,afro-w05;afro-w06;afro-w07;afro-w08;afro-w10,1.0,identical,"5 options, same codes throughout",Q27c. Reject one-man rule
Q0465,identical,5,1,afrobarometer,afro-w05;afro-w06;afro-w07;afro-w08;afro-w10,1.0,identical,"4 options, same codes throughout",Q38e. Corruption: Police
Q0466,identical,5,1,afrobarometer,afro-w05;afro-w06;afro-w07;afro-w08;afro-w10,1.0,identical,"4 options, same codes throughout",Q38f. Corruption: Judges and Magistrates
Q0467,identical,5,1,afrobarometer,afro-w05;afro-w06;afro-w07;afro-w08;afro-w10,1.0,differs,"different numbers of options (4, 5)",Q40c. How often president ignores parliament
Q0468,identical,5,1,afrobarometer,afro-w05;afro-w06;afro-w07;afro-w08;afro-w10,1.0,differs,"different numbers of options (4, 6)",Q41d. Trust your elected local government council
Q0469,identical,5,1,afrobarometer,afro-w05;afro-w06;afro-w07;afro-w08;afro-w10,1.0,identical,"5 options, same codes throughout",Q5a. Country's economic condition compared to 12 months ago
Q0470,identical,5,1,afrobarometer,afro-w05;afro-w06;afro-w07;afro-w08;afro-w10,1.0,identical,"5 options, same codes throughout",Q5b. Country’s economic condition in 12 months’ time
Q0471,identical,5,1,afrobarometer,afro-w05;afro-w06;afro-w07;afro-w08;afro-w10,1.0,identical,"5 options, same codes throughout",Q8d. How often gone without cooking fuel
Q0472,identical,5,1,afrobarometer,afro-w05;afro-w06;afro-w07;afro-w08;afro-w10,1.0,identical,"5 options, same codes throughout",Q8e. How often gone without cash income
Q0473,identical,5,1,afrobarometer,afro-w05;afro-w06;afro-w07;afro-w08;afro-w10,1.0,differs,"different numbers of options (2, 3)","Q90c. Own motor vehicle, car or motorcycle"
Q0474,identical,5,1,afrobarometer,afro-w05;afro-w06;afro-w07;afro-w08;afro-w10,1.0,differs,"different numbers of options (4, 6)",Q37e. Trust the ruling party
Q0475,identical,5,1,afrobarometer,afro-w05;afro-w06;afro-w07;afro-w08;afro-w10,1.0,differs,"different numbers of options (4, 5)",Q37f. Trust opposition political parties
Q0476,identical,5,1,afrobarometer,afro-w05;afro-w06;afro-w07;afro-w08;afro-w10,1.0,identical,"4 options, same codes throughout",Q37i. Trust courts of law
Q0477,identical,5,1,afrobarometer,afro-w05;afro-w06;afro-w07;afro-w08;afro-w10,1.0,identical,"4 options, same codes throughout",Q40f. How often officials unpunished
Q0478,identical,5,1,afrobarometer,afro-w05;afro-w06;afro-w07;afro-w08;afro-w10,1.0,identical,"4 options, same codes throughout",Q40g. How often ordinary people unpunished
Q0479,near,5,1,afrobarometer,afro-w05;afro-w06;afro-w07;afro-w08;afro-w10,1.0,differs,"different numbers of options (4, 5)",Q61d. Pay bribe for: avoid problem with police
Q0480,identical,5,1,afrobarometer,afro-w05;afro-w06;afro-w07;afro-w08;afro-w10,1.0,identical,"4 options, same codes throughout",Q47e. Handling narrowing income gaps
Q0481,identical,5,1,afrobarometer,afro-w05;afro-w06;afro-w07;afro-w08;afro-w10,1.0,identical,"4 options, same codes throughout",Q56f. Handling reducing crime
Q0482,identical,5,1,afrobarometer,afro-w05;afro-w06;afro-w07;afro-w08;afro-w10,1.0,identical,"4 options, same codes throughout",Q56g. Handling improving basic health services
Q0483,identical,5,1,afrobarometer,afro-w05;afro-w06;afro-w07;afro-w08;afro-w10,1.0,identical,"4 options, same codes throughout",Q56h. Handling addressing educational needs
Q0484,identical,5,1,afrobarometer,afro-w05;afro-w06;afro-w07;afro-w08;afro-w10,1.0,identical,"4 options, same codes throughout",Q56i. Handling providing water and sanitation services
Q0485,identical,5,2,afrobarometer;arab-barometer,ab-w05;afro-w06;afro-w07;afro-w08;afro-w10,1.0,differs,"4 options each, but they are not the same options",Q37l. Trust religious leaders
Q0486,identical,5,1,afrobarometer,afro-w05;afro-w06;afro-w07;afro-w08;afro-w10,1.0,differs,"different numbers of options (34, 36, 38)",Q46pt1. Most important problems - 1st response
Q0487,near,5,1,afrobarometer,afro-w05;afro-w06;afro-w07;afro-w08;afro-w10,1.0,unknown,no member records value labels,Q46pt1other. MIP - 1st response (verbatim other)
Q0488,identical,5,1,afrobarometer,afro-w05;afro-w06;afro-w07;afro-w08;afro-w10,1.0,differs,"different numbers of options (34, 36, 38, 39)",Q46pt2. Most important problems - 2nd response
Q0489,near,5,1,afrobarometer,afro-w05;afro-w06;afro-w07;afro-w08;afro-w10,1.0,unknown,no member records value labels,Q46pt2other. MIP - 2nd response (verbatim other)
Q0490,identical,5,1,afrobarometer,afro-w05;afro-w06;afro-w07;afro-w08;afro-w10,1.0,differs,"different numbers of options (34, 36, 38, 39)",Q46pt3. Most important problems - 3rd response
Q0491,near,5,1,afrobarometer,afro-w05;afro-w06;afro-w07;afro-w08;afro-w10,1.0,unknown,no member records value labels,Q46pt3other. MIP - 3rd response (verbatim other)
Q0492,identical,5,1,afrobarometer,afro-w05;afro-w06;afro-w07;afro-w08;afro-w10,1.0,identical,"4 options, same codes throughout",Q47j. Handling fighting corruption
Q0493,identical,5,1,afrobarometer,afro-w05;afro-w06;afro-w07;afro-w08;afro-w10,1.0,identical,"4 options, same codes throughout",Q47k. Handling maintaining roads and bridges
Q0494,identical,5,1,arab-barometer,ab-w06p1;ab-w06p2;ab-w06p3;ab-w07;ab-w08,1.0,unknown,no member records value labels,Q1001. How old are you?
Q0495,identical,5,1,arab-barometer,ab-w06p1;ab-w06p2;ab-w06p3;ab-w07;ab-w08,1.0,differs,"different numbers of options (7, 8)",Q1003. What is your highest level of education?
Q0496,identical,5,1,arab-barometer,ab-w06p1;ab-w06p2;ab-w06p3;ab-w07;ab-w08,1.0,differs,"different numbers of options (7, 8)",Q1010. What is your current social status?
Q0497,near,5,1,arab-barometer,ab-w06p1;ab-w06p2;ab-w06p3;ab-w07;ab-w08,0.857,differs,"different numbers of options (4, 5)",Q1016. Which of these statements comes closest to describing your net household income?
Q0498,identical,5,1,arab-barometer,ab-w05;ab-w06p1;ab-w06p2;ab-w06p3;ab-w08,1.0,differs,"different numbers of options (3, 4)",Q1006a. And what sector do you work in? Do you work in the…
Q0499,identical,5,1,arab-barometer,ab-w04;ab-w06p1;ab-w06p2;ab-w07;ab-w08,1.0,unknown,at least one member's release records no value labels,"Q409. On average, how often do you use the Internet?"
Q0500,identical,5,1,arab-barometer,ab-w02;ab-w03;ab-w04;ab-w07;ab-w08,1.0,unknown,at least one member's release records no value labels,Q1006. Do you work full time or part time?
Q0501,identical,5,1,arab-barometer,ab-w06p1;ab-w06p2;ab-w06p3;ab-w07;ab-w08,1.0,differs,"different numbers of options (2, 3)",Q1010b1. Do you have children?
Q0502,identical,5,1,arab-barometer,ab-w06p1;ab-w06p2;ab-w06p3;ab-w07;ab-w08,1.0,differs,"different numbers of options (8, 10, 11, 12, 13, 20)",Q1012A_CHRISTIAN. What is your religious denomination?
Q0503,identical,5,1,arab-barometer,ab-w06p1;ab-w06p2;ab-w06p3;ab-w07;ab-w08,1.0,differs,"different numbers of options (4, 5)",Q204a_2. The healthcare system in our country
Q0504,identical,5,1,arab-barometer,ab-w06p1;ab-w06p2;ab-w06p3;ab-w07;ab-w08,1.0,differs,"different numbers of options (2, 3)",Q1005b. You said you were retired. Do you receive a pension?
Q0505,identical,5,1,arab-barometer,ab-w06p1;ab-w06p2;ab-w06p3;ab-w07;ab-w08,1.0,differs,"different numbers of options (4, 5)",Q521_2A. Freedom of the media to criticize the things government does
Q0506,identical,5,1,arab-opinion-index,aoi-2016;aoi-2017-2018;aoi-2019-2020;aoi-2022;aoi-2024-2025,1.0,identical,"4 options, same codes throughout","Q220.In some countries, some individuals or parties impose semi-periodic protection rackets, demanding a payoff in exchange for protection or other services, on some people or business owners. Is such a phenomenon prevalent in your country?"
Q0507,identical,5,1,arab-opinion-index,aoi-2011;aoi-2012-2013;aoi-2014;aoi-2015;aoi-2016,1.0,identical,"4 options, same codes throughout",Q303_2.Do you agree or disagree with The legislature exercises oversight over public expenditure
Q0508,identical,5,1,arab-opinion-index,aoi-2015;aoi-2016;aoi-2017-2018;aoi-2019-2020;aoi-2022,1.0,differs,"different numbers of options (3, 5)",Q321.Which of these statements is closest to your point of view?
Q0509,identical,5,1,arab-opinion-index,aoi-2012-2013;aoi-2014;aoi-2015;aoi-2016;aoi-2019-2020,1.0,identical,"2 options, same codes throughout",Q328_3.Are you a member of Professional Association
Q0510,identical,5,1,arab-opinion-index,aoi-2012-2013;aoi-2014;aoi-2015;aoi-2016;aoi-2019-2020,1.0,identical,"2 options, same codes throughout",Q328_4.Are you a member of Cultural Club/Association
Q0511,identical,5,1,arab-opinion-index,aoi-2016;aoi-2017-2018;aoi-2019-2020;aoi-2022;aoi-2024-2025,1.0,differs,"6 options each, but they are not the same options",Q349_1.Do you use your account on Facebook
Q0512,identical,5,1,arab-opinion-index,aoi-2016;aoi-2017-2018;aoi-2019-2020;aoi-2022;aoi-2024-2025,1.0,differs,"6 options each, but they are not the same options",Q349_2.Do you use your account on Twitter
Q0513,identical,5,1,arab-opinion-index,aoi-2016;aoi-2017-2018;aoi-2019-2020;aoi-2022;aoi-2024-2025,1.0,differs,"6 options each, but they are not the same options",Q349_3.Do you use your account on Snapchat
Q0514,identical,5,1,arab-opinion-index,aoi-2016;aoi-2017-2018;aoi-2019-2020;aoi-2022;aoi-2024-2025,1.0,differs,"6 options each, but they are not the same options",Q349_4.Do you use your account on Instagram
Q0515,identical,5,1,arab-opinion-index,aoi-2016;aoi-2017-2018;aoi-2019-2020;aoi-2022;aoi-2024-2025,1.0,differs,"6 options each, but they are not the same options",Q349_5.Do you use your account on Telegram
Q0516,identical,5,1,arab-opinion-index,aoi-2016;aoi-2017-2018;aoi-2019-2020;aoi-2022;aoi-2024-2025,1.0,differs,"6 options each, but they are not the same options",Q349_6.Do you use your account on Youtube
Q0517,identical,5,1,arab-opinion-index,aoi-2016;aoi-2017-2018;aoi-2019-2020;aoi-2022;aoi-2024-2025,1.0,differs,"different numbers of options (5, 6)",Q350_3.How often do you use Social Media applications To find out about cultural and social events/activities
Q0518,identical,5,1,arab-opinion-index,aoi-2016;aoi-2017-2018;aoi-2019-2020;aoi-2022;aoi-2024-2025,1.0,differs,"different numbers of options (5, 6)",Q350_4.How often do you use Social Media applications To read up on trending topics
Q0519,identical,5,1,arab-opinion-index,aoi-2016;aoi-2017-2018;aoi-2019-2020;aoi-2022;aoi-2024-2025,1.0,differs,"different numbers of options (5, 6)",Q350_5.How often do you use Social Media applications To find out political news/information
Q0520,identical,5,1,arab-opinion-index,aoi-2016;aoi-2017-2018;aoi-2019-2020;aoi-2022;aoi-2024-2025,1.0,differs,"different numbers of options (5, 6)",Q350_6.How often do you use Social Media applications To express my opinions on current political affairs
Q0521,identical,5,1,arab-opinion-index,aoi-2016;aoi-2017-2018;aoi-2019-2020;aoi-2022;aoi-2024-2025,1.0,differs,"different numbers of options (5, 6)",Q350_7.How often do you use Social Media applications To interact with social causes
Q0522,identical,5,1,arab-opinion-index,aoi-2016;aoi-2017-2018;aoi-2019-2020;aoi-2022;aoi-2024-2025,1.0,differs,"different numbers of options (5, 6)",Q350_8.How often do you use Social Media applications To interact with political causes
Q0523,identical,5,1,arab-opinion-index,aoi-2016;aoi-2017-2018;aoi-2019-2020;aoi-2022;aoi-2024-2025,1.0,differs,"different numbers of options (5, 6)",Q350_9.How often do you use Social Media applications To organize political activities for a public cause
Q0524,identical,5,1,arab-opinion-index,aoi-2014;aoi-2015;aoi-2016;aoi-2017-2018;aoi-2019-2020,1.0,identical,"8 options, same codes throughout",Q407_2.As its second-highest priority
Q0525,identical,5,1,arab-opinion-index,aoi-2011;aoi-2014;aoi-2015;aoi-2016;aoi-2019-2020,1.0,identical,"2 options, same codes throughout",Q420_2.Would you agree or disagree with one of the Islamist (“Islamic”) political parties to power through winning enough votes in free and fair elections?
Q0526,identical,5,1,arab-opinion-index,aoi-2011;aoi-2014;aoi-2015;aoi-2016;aoi-2019-2020,1.0,identical,"2 options, same codes throughout",Q420_3.Would you agree or disagree with one of the Non-Islamist /secular political parties to power through winning enough votes in free and fair elections?
Q0527,identical,5,1,arab-opinion-index,aoi-2012-2013;aoi-2014;aoi-2015;aoi-2016;aoi-2017-2018,1.0,identical,"4 options, same codes throughout","Q427_12.In principle, would you support/oppose the position of the President/Prime Minister in your home country being held by An individual of the urbanized community “Hadhari”"
Q0528,identical,5,1,arab-opinion-index,aoi-2012-2013;aoi-2014;aoi-2015;aoi-2016;aoi-2017-2018,1.0,identical,"4 options, same codes throughout","Q427_14.In principle, would you support/oppose the position of the President/Prime Minister in your home country being held by Bedouin/tribal"
Q0529,identical,5,1,arab-opinion-index,aoi-2012-2013;aoi-2014;aoi-2015;aoi-2016;aoi-2017-2018,1.0,identical,"4 options, same codes throughout","Q427_4.In principle, would you support/oppose the position of the President/Prime Minister in your home country being held by Not religiously observant/secular"
Q0530,identical,5,1,arab-opinion-index,aoi-2012-2013;aoi-2014;aoi-2015;aoi-2016;aoi-2017-2018,1.0,identical,"4 options, same codes throughout","Q427_6.In principle, would you support/oppose the position of the President/Prime Minister in your home country being held by A member of an Islamist political movement (other than the Salafis)"
Q0531,identical,5,1,arab-opinion-index,aoi-2012-2013;aoi-2014;aoi-2015;aoi-2016;aoi-2017-2018,1.0,identical,"4 options, same codes throughout","Q428_1.On principle, would you support a president who was a A woman"
Q0532,identical,5,1,arab-opinion-index,aoi-2012-2013;aoi-2014;aoi-2015;aoi-2016;aoi-2017-2018,1.0,identical,"4 options, same codes throughout","Q428_2.On principle, would you support a president who was a A Christian"
Q0533,identical,5,1,arab-opinion-index,aoi-2012-2013;aoi-2014;aoi-2015;aoi-2016;aoi-2017-2018,1.0,identical,"4 options, same codes throughout","Q428_3.On principle, would you support a president who was a Nubian"
Q0534,identical,5,1,arab-opinion-index,aoi-2011;aoi-2012-2013;aoi-2014;aoi-2015;aoi-2016,1.0,identical,"4 options, same codes throughout",Q610_3.I would like you to tell me the extent of your agreement/disagreement with Religious leaders/clerics should not influence government decisions
Q0535,identical,5,1,arab-opinion-index,aoi-2011;aoi-2012-2013;aoi-2014;aoi-2015;aoi-2016,1.0,identical,"4 options, same codes throughout",Q715_1.I would like you to tell me to what extent you support/oppose these treaties: The 1978 Camp David Accords between Egypt and Israel
Q0536,identical,5,1,arab-opinion-index,aoi-2011;aoi-2012-2013;aoi-2014;aoi-2015;aoi-2016,1.0,identical,"4 options, same codes throughout","Q715_2.I would like you to tell me to what extent you support/oppose these treaties: The 1993 Oslo Accords (including Annexes), between the PLO and Israel"
Q0537,identical,5,1,arab-opinion-index,aoi-2011;aoi-2012-2013;aoi-2014;aoi-2015;aoi-2016,1.0,identical,"4 options, same codes throughout",Q715_3.I would like you to tell me to what extent you support/oppose these treaties: The 1994 Wadi Araba Treaty between Jordan and Israel
Q0538,identical,5,1,arab-opinion-index,aoi-2012-2013;aoi-2014;aoi-2015;aoi-2016;aoi-2017-2018,1.0,identical,"3 options, same codes throughout",Q832.Do you have any fears surrounding Islamist political movements coming to power
Q0539,identical,5,1,arab-opinion-index,aoi-2014;aoi-2015;aoi-2016;aoi-2017-2018;aoi-2024-2025,1.0,identical,"4 options, same codes throughout",Q909_1.how would you evaluate the foreign policy of the Turkey towards the Arab region?
Q0540,identical,5,1,arab-opinion-index,aoi-2014;aoi-2015;aoi-2016;aoi-2017-2018;aoi-2024-2025,1.0,identical,"4 options, same codes throughout",Q909_2.how would you evaluate the foreign policy of the United States towards the Arab region?
Q0541,identical,5,1,arab-opinion-index,aoi-2014;aoi-2015;aoi-2016;aoi-2017-2018;aoi-2024-2025,1.0,identical,"4 options, same codes throughout",Q909_3.how would you evaluate the foreign policy of the Iran towards the Arab region?
Q0542,identical,5,1,arab-opinion-index,aoi-2014;aoi-2015;aoi-2016;aoi-2017-2018;aoi-2024-2025,1.0,identical,"4 options, same codes throughout",Q909_4.how would you evaluate the foreign policy of the Russia towards the Arab region?
Q0543,identical,5,1,arab-opinion-index,aoi-2014;aoi-2015;aoi-2016;aoi-2017-2018;aoi-2024-2025,1.0,identical,"4 options, same codes throughout",Q909_5.how would you evaluate the foreign policy of the France towards the Arab region?
Q0544,identical,5,1,arab-opinion-index,aoi-2014;aoi-2015;aoi-2016;aoi-2017-2018;aoi-2024-2025,1.0,identical,"4 options, same codes throughout",Q909_6.how would you evaluate the foreign policy of the China towards the Arab region?
Q0545,identical,5,1,arab-opinion-index,aoi-2016;aoi-2017-2018;aoi-2019-2020;aoi-2022;aoi-2024-2025,1.0,identical,"4 options, same codes throughout",Q920_1_1.How would you assess the policies of Iranian policy Towards Palestine
Q0546,identical,5,1,arab-opinion-index,aoi-2016;aoi-2017-2018;aoi-2019-2020;aoi-2022;aoi-2024-2025,1.0,identical,"4 options, same codes throughout",Q920_1_2.How would you assess the policies of Russian policy Towards Palestine
Q0547,identical,5,1,arab-opinion-index,aoi-2016;aoi-2017-2018;aoi-2019-2020;aoi-2022;aoi-2024-2025,1.0,identical,"4 options, same codes throughout",Q920_1_3.How would you assess the policies of American policy Towards Palestine
Q0548,identical,5,1,arab-opinion-index,aoi-2016;aoi-2017-2018;aoi-2019-2020;aoi-2022;aoi-2024-2025,1.0,identical,"4 options, same codes throughout",Q920_1_4.How would you assess the policies of Turkish policy Towards Palestine
Q0549,identical,5,1,arab-opinion-index,aoi-2016;aoi-2017-2018;aoi-2019-2020;aoi-2022;aoi-2024-2025,1.0,identical,"4 options, same codes throughout",Q920_1_5.How would you assess the policies of policy French Towards Palestine
Q0550,identical,5,1,arab-opinion-index,aoi-2016;aoi-2017-2018;aoi-2019-2020;aoi-2022;aoi-2024-2025,1.0,identical,"4 options, same codes throughout",Q922_1.Do you believe the current policies of USA threaten the security and stability of the region?
Q0551,identical,5,1,arab-opinion-index,aoi-2016;aoi-2017-2018;aoi-2019-2020;aoi-2022;aoi-2024-2025,1.0,identical,"4 options, same codes throughout",Q922_2.Do you believe the current policies of Russia threaten the security and stability of the region?
Q0552,identical,5,1,arab-opinion-index,aoi-2016;aoi-2017-2018;aoi-2019-2020;aoi-2022;aoi-2024-2025,1.0,identical,"4 options, same codes throughout",Q922_3.Do you believe the current policies of France threaten the security and stability of the region?
Q0553,identical,5,1,arab-opinion-index,aoi-2016;aoi-2017-2018;aoi-2019-2020;aoi-2022;aoi-2024-2025,1.0,identical,"4 options, same codes throughout",Q922_4.Do you believe the current policies of China threaten the security and stability of the region?
Q0554,identical,5,1,arab-opinion-index,aoi-2016;aoi-2017-2018;aoi-2019-2020;aoi-2022;aoi-2024-2025,1.0,identical,"4 options, same codes throughout",Q922_5.Do you believe the current policies of Israel threaten the security and stability of the region?
Q0555,identical,5,1,arab-opinion-index,aoi-2016;aoi-2017-2018;aoi-2019-2020;aoi-2022;aoi-2024-2025,1.0,identical,"4 options, same codes throughout",Q922_6.Do you believe the current policies of Iran threaten the security and stability of the region?
Q0556,identical,5,1,arab-opinion-index,aoi-2016;aoi-2017-2018;aoi-2019-2020;aoi-2022;aoi-2024-2025,1.0,identical,"4 options, same codes throughout",Q922_7.Do you believe the current policies of Turkey threaten the security and stability of the region?
Q0557,identical,5,1,eu-neighbourhood-barometer,enb-w01;enb-w02;enb-w04;enb-w05;enb-w06,1.0,identical,"2 options, same codes throughout",important country issues: mountainous garabagh (total)
Q0558,identical,5,1,eu-neighbourhood-barometer,enb-w01;enb-w02;enb-w04;enb-w05;enb-w06,1.0,identical,"2 options, same codes throughout",important country issues: transnistrian conflict (total)
Q0559,identical,5,1,eu-neighbourhood-barometer,enb-w01;enb-w02;enb-w04;enb-w05;enb-w06,1.0,identical,"2 options, same codes throughout",important country issues: other (total)
Q0560,identical,5,1,eu-neighbourhood-barometer,enb-w01;enb-w02;enb-w04;enb-w05;enb-w06,1.0,identical,"2 options, same codes throughout",important country issues: none (total)
Q0561,identical,5,1,eu-neighbourhood-barometer,enb-w01;enb-w03;enb-w04;enb-w05;enb-w06,1.0,differs,"different numbers of options (6, 7)",age when stopped full-time education - recoded
Q0562,identical,5,1,eu-neighbourhood-barometer,enb-w02;enb-w03;enb-w04;enb-w05;enb-w06,1.0,identical,"4 options, same codes throughout",country characteristics: freedom of speech
Q0563,identical,5,1,eu-neighbourhood-barometer,enb-w02;enb-w03;enb-w04;enb-w05;enb-w06,1.0,identical,"4 options, same codes throughout",country characteristics: good governance
Q0564,identical,5,1,eu-neighbourhood-barometer,enb-w02;enb-w03;enb-w04;enb-w05;enb-w06,1.0,identical,"4 options, same codes throughout",country characteristics: lack of corruption
Q0565,identical,5,1,eu-neighbourhood-barometer,enb-w02;enb-w03;enb-w04;enb-w05;enb-w06,1.0,identical,"4 options, same codes throughout",country characteristics: free elections
Q0566,identical,5,1,eu-neighbourhood-barometer,enb-w02;enb-w03;enb-w04;enb-w05;enb-w06,1.0,identical,"4 options, same codes throughout",country characteristics: gender equality
Q0567,identical,5,1,eu-neighbourhood-barometer,enb-w02;enb-w03;enb-w04;enb-w05;enb-w06,1.0,identical,"4 options, same codes throughout",country characteristics: protect the right of minorities
Q0568,identical,5,1,eu-neighbourhood-barometer,enb-w02;enb-w03;enb-w04;enb-w05;enb-w06,1.0,identical,"4 options, same codes throughout",country characteristics: independence of justice
Q0569,identical,5,1,eu-neighbourhood-barometer,enb-w02;enb-w03;enb-w04;enb-w05;enb-w06,1.0,identical,"4 options, same codes throughout",country characteristics: freedom of press
Q0570,identical,5,1,eu-neighbourhood-barometer,enb-w02;enb-w03;enb-w04;enb-w05;enb-w06,1.0,identical,"4 options, same codes throughout",country characteristics: rights of vote
Q0571,identical,5,1,eu-neighbourhood-barometer,enb-w02;enb-w03;enb-w04;enb-w05;enb-w06,1.0,identical,"4 options, same codes throughout",country characteristics: respect of human rights
Q0572,identical,5,1,eu-neighbourhood-barometer,enb-w02;enb-w03;enb-w04;enb-w05;enb-w06,1.0,identical,"4 options, same codes throughout",country characteristics: rule of law
Q0573,identical,5,1,eu-neighbourhood-barometer,enb-w02;enb-w03;enb-w04;enb-w05;enb-w06,1.0,differs,"2 options each, but they are not the same options",concept of democracy: freedom of speech
Q0574,identical,5,1,eu-neighbourhood-barometer,enb-w02;enb-w03;enb-w04;enb-w05;enb-w06,1.0,differs,"2 options each, but they are not the same options",concept of democracy: good governance
Q0575,identical,5,1,eu-neighbourhood-barometer,enb-w02;enb-w03;enb-w04;enb-w05;enb-w06,1.0,differs,"2 options each, but they are not the same options",concept of democracy: lack of corruption
Q0576,identical,5,1,eu-neighbourhood-barometer,enb-w02;enb-w03;enb-w04;enb-w05;enb-w06,1.0,differs,"2 options each, but they are not the same options",concept of democracy: other
Q0577,identical,5,1,eu-neighbourhood-barometer,enb-w02;enb-w03;enb-w04;enb-w05;enb-w06,1.0,differs,"2 options each, but they are not the same options",concept of democracy: none
Q0578,identical,5,1,eu-neighbourhood-barometer,enb-w02;enb-w03;enb-w04;enb-w05;enb-w06,1.0,differs,"2 options each, but they are not the same options",concept of democracy: dont know
Q0579,identical,5,1,eu-neighbourhood-barometer,enb-w02;enb-w03;enb-w04;enb-w05;enb-w06,1.0,differs,"2 options each, but they are not the same options",concept of democracy: free elections
Q0580,identical,5,1,eu-neighbourhood-barometer,enb-w02;enb-w03;enb-w04;enb-w05;enb-w06,1.0,differs,"2 options each, but they are not the same options",concept of democracy: gender equality
Q0581,identical,5,1,eu-neighbourhood-barometer,enb-w02;enb-w03;enb-w04;enb-w05;enb-w06,1.0,differs,"2 options each, but they are not the same options",concept of democracy: protect right of minorities
Q0582,identical,5,1,eu-neighbourhood-barometer,enb-w02;enb-w03;enb-w04;enb-w05;enb-w06,1.0,differs,"2 options each, but they are not the same options",concept of democracy: independence of justice
Q0583,identical,5,1,eu-neighbourhood-barometer,enb-w02;enb-w03;enb-w04;enb-w05;enb-w06,1.0,differs,"2 options each, but they are not the same options",concept of democracy: freedom of press
Q0584,identical,5,1,eu-neighbourhood-barometer,enb-w02;enb-w03;enb-w04;enb-w05;enb-w06,1.0,differs,"2 options each, but they are not the same options",concept of democracy: rights of vote
Q0585,identical,5,1,eu-neighbourhood-barometer,enb-w02;enb-w03;enb-w04;enb-w05;enb-w06,1.0,differs,"2 options each, but they are not the same options",concept of democracy: respect of human rights
Q0586,identical,5,1,eu-neighbourhood-barometer,enb-w02;enb-w03;enb-w04;enb-w05;enb-w06,1.0,differs,"2 options each, but they are not the same options",concept of democracy: rule of law
Q0587,identical,5,1,eu-neighbourhood-barometer,enb-w02;enb-w03;enb-w04;enb-w05;enb-w06,1.0,identical,"4 options, same codes throughout",crisis - impact on country economy
Q0588,identical,4,1,afrobarometer,afro-w06;afro-w07;afro-w08;afro-w10,1.0,differs,"different numbers of options (2, 3)",EA-SEC-D. Customs checkpoints in the PSU/EA
Q0589,identical,4,1,afrobarometer,afro-w06;afro-w07;afro-w08;afro-w10,1.0,differs,"different numbers of options (2, 3)",EA-SEC-E. Roadblocks by private security/local community in the PSU/EA
Q0590,identical,4,1,afrobarometer,afro-w05;afro-w06;afro-w07;afro-w08,1.0,identical,"3 options, same codes throughout",EA-SVC-D. Cell phone service in the PSU/EA
Q0591,identical,4,1,afrobarometer,afro-w05;afro-w06;afro-w07;afro-w08,1.0,differs,"7 options each, but they are not the same options",Q102. Race of respondent
Q0592,identical,4,1,afrobarometer,afro-w05;afro-w06;afro-w07;afro-w08,1.0,identical,"5 options, same codes throughout",Q108. Proportion difficulty answering
Q0593,identical,4,1,afrobarometer,afro-w05;afro-w06;afro-w07;afro-w08,1.0,identical,"5 options, same codes throughout",Q10a. How often felt unsafe walking in neighbourhood
Q0594,identical,4,1,afrobarometer,afro-w05;afro-w06;afro-w07;afro-w08,1.0,identical,"5 options, same codes throughout",Q10b. How often feared crime in home
Q0595,identical,4,1,afrobarometer,afro-w06;afro-w07;afro-w08;afro-w10,1.0,identical,"5 options, same codes throughout",Q89a. Neighbours: people of different religion
Q0596,identical,4,1,afrobarometer,afro-w06;afro-w07;afro-w08;afro-w10,1.0,differs,"different numbers of options (5, 7)",Q89b. Neighbours: people of different ethnicity
Q0597,identical,4,1,afrobarometer,afro-w06;afro-w07;afro-w08;afro-w10,1.0,differs,"5 options each, but they are not the same options",Q91a. How often use a mobile phone
Q0598,identical,4,1,afrobarometer,afro-w05;afro-w06;afro-w08;afro-w10,1.0,differs,"different numbers of options (7, 24)",Province or region
Q0599,identical,4,1,afrobarometer,afro-w05;afro-w06;afro-w07;afro-w08,1.0,unknown,no member records value labels,Number of adults in household
Q0600,identical,4,1,afrobarometer,afro-w05;afro-w06;afro-w07;afro-w08,1.0,unknown,at least one member's release records no value labels,Number of calls
Q0601,identical,4,1,afrobarometer,afro-w06;afro-w07;afro-w08;afro-w10,1.0,identical,"3 options, same codes throughout",EA-FAC-G. Paid transport in the PSU/EA
Q0602,identical,4,1,afrobarometer,afro-w05;afro-w06;afro-w07;afro-w08,1.0,identical,"7 options, same codes throughout",Q104. Type of shelter of respondent
Q0603,identical,4,1,afrobarometer,afro-w05;afro-w06;afro-w07;afro-w08,1.0,differs,"10 options each, but they are not the same options",Q105. Roof of respondent's home
Q0604,identical,4,1,afrobarometer,afro-w05;afro-w06;afro-w07;afro-w08,1.0,differs,"different numbers of options (2, 3)",Q115. Interviewer rural or urban
Q0605,identical,4,1,afrobarometer,afro-w05;afro-w06;afro-w07;afro-w08,1.0,differs,"5 options each, but they are not the same options",Q11a. Attend a community meeting
Q0606,identical,4,1,afrobarometer,afro-w05;afro-w06;afro-w07;afro-w08,1.0,differs,"5 options each, but they are not the same options",Q11b. Join others to raise an issue
Q0607,identical,4,1,afrobarometer,afro-w05;afro-w06;afro-w07;afro-w08,1.0,identical,"4 options, same codes throughout",Q12a. Contact local government councillor
Q0608,identical,4,1,afrobarometer,afro-w05;afro-w06;afro-w07;afro-w08,1.0,identical,"3 options, same codes throughout",Q14. Discuss politics
Q0609,near,4,1,afrobarometer,afro-w05;afro-w06;afro-w07;afro-w10,1.0,differs,"different numbers of options (3, 5)",Q22. Men only as leaders vs. women leaders OK
Q0610,identical,4,1,afrobarometer,afro-w05;afro-w06;afro-w08;afro-w10,1.0,differs,"different numbers of options (3, 5)",Q33. Media checks government vs. avoid negative reporting
Q0611,identical,4,1,afrobarometer,afro-w05;afro-w06;afro-w07;afro-w08,1.0,identical,"4 options, same codes throughout",Q42a. How often careful what you say
Q0612,identical,4,1,afrobarometer,afro-w06;afro-w07;afro-w08;afro-w10,1.0,differs,"different numbers of options (4, 5)",Q42a. Corruption: office of the Presidency
Q0613,identical,4,1,afrobarometer,afro-w06;afro-w07;afro-w08;afro-w10,1.0,differs,"different numbers of options (4, 5)",Q68_TUN_a. Performance: President
Q0614,identical,4,1,afrobarometer,afro-w06;afro-w07;afro-w08;afro-w10,1.0,differs,"different numbers of options (4, 5)",Q52a. Trust president
Q0615,identical,4,1,afrobarometer,afro-w05;afro-w06;afro-w07;afro-w08,1.0,differs,"5 options each, but they are not the same options",Q52a. Who responsible: MPs do jobs
Q0616,identical,4,1,afrobarometer,afro-w05;afro-w06;afro-w07;afro-w08,1.0,identical,"4 options, same codes throughout",Q52b. How often party competition leads to conflict
Q0617,identical,4,1,afrobarometer,afro-w06;afro-w07;afro-w08;afro-w10,1.0,identical,"4 options, same codes throughout",Q52b. Trust parliament/national assembly
Q0618,identical,4,1,afrobarometer,afro-w06;afro-w07;afro-w08;afro-w10,1.0,differs,"different numbers of options (4, 6)",Q59b. Local government councillors listen
Q0619,identical,4,1,afrobarometer,afro-w06;afro-w07;afro-w08;afro-w10,1.0,differs,"different numbers of options (2, 6)",Q93a. Electric connection from mains
Q0620,identical,4,1,afrobarometer,afro-w05;afro-w06;afro-w07;afro-w08,1.0,identical,"2 options, same codes throughout","This interview, gender"
Q0621,identical,4,1,afrobarometer,afro-w05;afro-w06;afro-w08;afro-w10,1.0,identical,"4 options, same codes throughout",Q10c. Freedom to choose who to vote for
Q0622,identical,4,1,afrobarometer,afro-w06;afro-w07;afro-w08;afro-w10,1.0,differs,"different numbers of options (4, 5, 6)",Q12c. Contact traditional leader
Q0623,identical,4,1,afrobarometer,afro-w06;afro-w07;afro-w08;afro-w10,1.0,identical,"5 options, same codes throughout",Q39a. Level of corruption
Q0624,identical,4,1,afrobarometer,afro-w06;afro-w07;afro-w08;afro-w10,1.0,differs,"different numbers of options (4, 6)",Q68_TUN_c. Performance: local government councillor
Q0625,identical,4,1,afrobarometer,afro-w05;afro-w06;afro-w08;afro-w10,1.0,identical,"4 options, same codes throughout",Q38g. Corruption: Tax officials
Q0626,identical,4,1,afrobarometer,afro-w06;afro-w07;afro-w08;afro-w10,1.0,differs,"different numbers of options (4, 5)",Q41c. Trust national electoral commission
Q0627,identical,4,1,afrobarometer,afro-w05;afro-w06;afro-w07;afro-w08,1.0,identical,"4 options, same codes throughout",Q42d. How often people treated unequally
Q0628,identical,4,1,afrobarometer,afro-w06;afro-w07;afro-w08;afro-w10,1.0,unknown,no member records value labels,Q89bother. Which party (verbatim)
Q0629,identical,4,1,afrobarometer,afro-w06;afro-w07;afro-w08;afro-w10,1.0,differs,"different numbers of options (14, 15)",Q95a. Occupation of respondent
Q0630,identical,4,1,afrobarometer,afro-w05;afro-w06;afro-w07;afro-w08,1.0,identical,"2 options, same codes throughout",Q15b. Last national election: work for a candidate or party
Q0631,identical,4,1,afrobarometer,afro-w06;afro-w07;afro-w08;afro-w10,1.0,differs,"different numbers of options (4, 5, 6)",Q37k. Trust traditional leaders
Q0632,identical,4,1,afrobarometer,afro-w06;afro-w07;afro-w08;afro-w10,1.0,differs,"different numbers of options (4, 5, 6)",Q38h. Corruption: traditional leaders
Q0633,identical,4,1,afrobarometer,afro-w06;afro-w07;afro-w08;afro-w10,1.0,identical,"4 options, same codes throughout",Q38i. Corruption: religious leaders
Q0634,identical,4,1,afrobarometer,afro-w06;afro-w07;afro-w08;afro-w10,1.0,differs,"different numbers of options (2, 3)",Q90f. Own mobile phone
Q0635,identical,4,2,afrobarometer;world-values-survey,afro-w05;afro-w08;wvs-w06;wvs-w07,1.0,unknown,at least one member's release records no value labels,Q83. Most people can be trusted
Q0636,identical,4,1,arab-barometer,ab-w06p1;ab-w06p2;ab-w07;ab-w08,1.0,differs,"different numbers of options (4, 5)",Q201A_1. Government (Council of Ministers)
Q0637,identical,4,1,arab-barometer,ab-w06p1;ab-w06p2;ab-w07;ab-w08,1.0,differs,"different numbers of options (4, 5)",Q201A_2. Courts and legal system
Q0638,identical,4,1,arab-barometer,ab-w06p1;ab-w06p2;ab-w07;ab-w08,1.0,differs,"different numbers of options (4, 5)",Q201b_13. Religious leaders
Q0639,identical,4,1,arab-barometer,ab-w06p2;ab-w06p3;ab-w07;ab-w08,1.0,differs,"different numbers of options (4, 5)",Q204A_1. The educational system in our country
Q0640,identical,4,1,arab-barometer,ab-w06p1;ab-w06p2;ab-w06p3;ab-w08,1.0,differs,"different numbers of options (7, 8, 10)",Q2061a. What is the most important challenge facing [COUNTRY] today?
Q0641,identical,4,1,arab-barometer,ab-w02;ab-w03;ab-w07;ab-w08,1.0,differs,"different numbers of options (4, 5)","Q404. In general, to what extent are you interested in politics?"
Q0642,identical,4,1,arab-barometer,ab-w06p1;ab-w06p2;ab-w07;ab-w08,1.0,differs,"different numbers of options (4, 5)",Q521_1. Freedom to express opinions
Q0643,identical,4,1,arab-barometer,ab-w06p1;ab-w06p2;ab-w06p3;ab-w07,1.0,unknown,no member records value labels,Q1014c. What is the total number of people who live in this household?
Q0644,identical,4,1,arab-barometer,ab-w06p2;ab-w06p3;ab-w07;ab-w08,1.0,differs,"different numbers of options (5, 6)",Q204_20. Keeping prices down
Q0645,identical,4,1,arab-barometer,ab-w06p2;ab-w06p3;ab-w07;ab-w08,1.0,differs,"different numbers of options (4, 5)",Q521_4. Freedom to participate in peaceful protests and demonstrations
Q0646,identical,4,1,arab-barometer,ab-w06p1;ab-w06p3;ab-w07;ab-w08,1.0,differs,"different numbers of options (4, 5)",Q601_18. A man should have final say in all decisions concerning the family
Q0647,near,4,2,arab-barometer;arab-opinion-index,ab-w02;aoi-2012-2013;aoi-2014;aoi-2015,0.875,differs,"different numbers of options (6, 32)","eg311 Suppose that presidential elections were to be held tomorrow and that you have decided to participate, who would you vote for?"
Q0648,identical,4,1,arab-opinion-index,aoi-2015;aoi-2016;aoi-2017-2018;aoi-2019-2020,1.0,differs,"different numbers of options (11, 12)",Q10013_1.In your opinion what is the Most important measure that must be taken to eliminate terrorism in the region (or armed radical organisations like ISIL)?
Q0649,identical,4,1,arab-opinion-index,aoi-2015;aoi-2016;aoi-2017-2018;aoi-2019-2020,1.0,differs,"different numbers of options (11, 12)",Q10013_2.In your opinion what is the Second most important measure that must be taken to eliminate terrorism in the region (or armed radical organisations like ISIL)?
Q0650,identical,4,1,arab-opinion-index,aoi-2015;aoi-2016;aoi-2017-2018;aoi-2019-2020,1.0,identical,"2 options, same codes throughout",Q1001_1.Have you heard of “Islamic State”/ISIL
Q0651,identical,4,1,arab-opinion-index,aoi-2015;aoi-2016;aoi-2017-2018;aoi-2019-2020,1.0,identical,"5 options, same codes throughout",Q1002_1.What is your opinion of “Islamic State”/ISIL
Q0652,identical,4,1,arab-opinion-index,aoi-2012-2013;aoi-2014;aoi-2015;aoi-2016,1.0,identical,"4 options, same codes throughout",Q201_10.To what extent do you trust Hamas
Q0653,identical,4,1,arab-opinion-index,aoi-2012-2013;aoi-2014;aoi-2015;aoi-2016,1.0,identical,"4 options, same codes throughout",Q201_11.To what extent do you trust Provincial Council
Q0654,identical,4,1,arab-opinion-index,aoi-2012-2013;aoi-2014;aoi-2015;aoi-2016,1.0,identical,"4 options, same codes throughout",Q201_12.To what extent do you trust The President
Q0655,identical,4,1,arab-opinion-index,aoi-2012-2013;aoi-2014;aoi-2015;aoi-2016,1.0,identical,"4 options, same codes throughout",Q201_13.To what extent do you trust Political blocs/societies
Q0656,identical,4,1,arab-opinion-index,aoi-2012-2013;aoi-2014;aoi-2019-2020;aoi-2022,1.0,identical,"4 options, same codes throughout",Q201_24.To what extent do you trust The Tunisian General Labor Union (UGTT)
Q0657,identical,4,1,arab-opinion-index,aoi-2012-2013;aoi-2014;aoi-2015;aoi-2016,1.0,identical,"4 options, same codes throughout",Q201_8.To what extent do you trust Palestinian Authority
Q0658,identical,4,1,arab-opinion-index,aoi-2012-2013;aoi-2014;aoi-2015;aoi-2016,1.0,identical,"4 options, same codes throughout",Q201_9.To what extent do you trust Fatah
Q0659,identical,4,1,arab-opinion-index,aoi-2012-2013;aoi-2014;aoi-2015;aoi-2016,1.0,identical,"4 options, same codes throughout",Q210_14.How would you evaluate the government’s performance in Ending sectarian politics
Q0660,identical,4,1,arab-opinion-index,aoi-2012-2013;aoi-2014;aoi-2015;aoi-2016,1.0,identical,"4 options, same codes throughout",Q210_8.How would you evaluate the government’s performance in Combatting crime
Q0661,identical,4,1,arab-opinion-index,aoi-2012-2013;aoi-2014;aoi-2015;aoi-2016,1.0,identical,"4 options, same codes throughout",Q303_3.Do you agree or disagree with The legislature carries out its duties in a way which preserves the interests of all societal sectors
Q0662,identical,4,1,arab-opinion-index,aoi-2012-2013;aoi-2014;aoi-2015;aoi-2016,1.0,identical,"4 options, same codes throughout",Q303_4.Do you agree or disagree with The legislature carries out its legislative duties in a manner which preserves citizens’ liberties
Q0663,identical,4,1,arab-opinion-index,aoi-2012-2013;aoi-2014;aoi-2015;aoi-2016,1.0,identical,"4 options, same codes throughout",Q303_5.Do you agree or disagree with The Constituent Assembly drafts legislation which contributes to the bolstering of the democratic transition in Tunisia
Q0664,identical,4,1,arab-opinion-index,aoi-2014;aoi-2015;aoi-2016;aoi-2019-2020,1.0,identical,"3 options, same codes throughout",Q328_7.Are you a member of Student’s Union/ Council/ Society
Q0665,identical,4,1,arab-opinion-index,aoi-2014;aoi-2015;aoi-2016;aoi-2019-2020,1.0,identical,"4 options, same codes throughout",Q329_7.How often did you take part in this Student’s Union/ Council/ Society activities during the past 12 months?
Q0666,identical,4,1,arab-opinion-index,aoi-2017-2018;aoi-2019-2020;aoi-2022;aoi-2024-2025,1.0,partly-labelled,at least one survey leaves 7 of its values unlabelled (2 options carry a label) — read the codebook before treating these as the same measurement,Q334B.to what extent do you believe you can criticize the government?
Q0667,identical,4,1,arab-opinion-index,aoi-2012-2013;aoi-2014;aoi-2015;aoi-2016,1.0,identical,"3 options, same codes throughout","Q335_4.Over the last 12 months, did you take part in Attending a Diwaniya where political and public affairs are discussed"
Q0668,identical,4,1,arab-opinion-index,aoi-2012-2013;aoi-2014;aoi-2015;aoi-2016,1.0,identical,"7 options, same codes throughout",Q338.The second most important medium
Q0669,identical,4,1,arab-opinion-index,aoi-2017-2018;aoi-2019-2020;aoi-2022;aoi-2024-2025,1.0,differs,"5 options each, but they are not the same options","Q341A_1.To access the Internet, do you use The first answer"
Q0670,identical,4,1,arab-opinion-index,aoi-2017-2018;aoi-2019-2020;aoi-2022;aoi-2024-2025,1.0,differs,"5 options each, but they are not the same options","Q341A_2.To access the Internet, do you use The second answer"
Q0671,identical,4,1,arab-opinion-index,aoi-2016;aoi-2017-2018;aoi-2019-2020;aoi-2024-2025,1.0,identical,"6 options, same codes throughout",Q343_1.What languages do you use most often when you browse the Internet? The first language
Q0672,identical,4,1,arab-opinion-index,aoi-2016;aoi-2017-2018;aoi-2019-2020;aoi-2024-2025,1.0,identical,"6 options, same codes throughout",Q343_2.What languages do you use most often when you browse the Internet? the second language
Q0673,identical,4,1,arab-opinion-index,aoi-2014;aoi-2015;aoi-2016;aoi-2017-2018,1.0,unknown,no member records value labels,Q348NUM_1.How many accounts do you have? Facebook
Q0674,identical,4,1,arab-opinion-index,aoi-2014;aoi-2015;aoi-2016;aoi-2017-2018,1.0,unknown,no member records value labels,Q348NUM_2.How many accounts do you have? Twitter
Q0675,identical,4,1,arab-opinion-index,aoi-2016;aoi-2017-2018;aoi-2022;aoi-2024-2025,1.0,identical,"2 options, same codes throughout",Q348_3.Do you have an account on Snapchat
Q0676,identical,4,1,arab-opinion-index,aoi-2016;aoi-2017-2018;aoi-2022;aoi-2024-2025,1.0,identical,"2 options, same codes throughout",Q348_4.Do you have an account on Instagram
Q0677,identical,4,1,arab-opinion-index,aoi-2016;aoi-2017-2018;aoi-2022;aoi-2024-2025,1.0,identical,"2 options, same codes throughout",Q348_5.Do you have an account on Telegram
Q0678,identical,4,1,arab-opinion-index,aoi-2016;aoi-2017-2018;aoi-2022;aoi-2024-2025,1.0,identical,"2 options, same codes throughout",Q348_6.Do you have an account on Youtube
Q0679,identical,4,1,arab-opinion-index,aoi-2012-2013;aoi-2015;aoi-2016;aoi-2024-2025,1.0,identical,"3 options, same codes throughout","Q411.There is a global discussion about the civil state and theocracy, in general. Do you prefer…?"
Q0680,identical,4,1,arab-opinion-index,aoi-2012-2013;aoi-2014;aoi-2015;aoi-2016,1.0,identical,"4 options, same codes throughout",Q416_2.To what extent do you believe that the Freedom of the press Is safeguarded in your home country?
Q0681,identical,4,1,arab-opinion-index,aoi-2012-2013;aoi-2014;aoi-2016;aoi-2017-2018,1.0,identical,"4 options, same codes throughout",Q422_12.to what extent do you believe that the Equality of all citizens regardless of level/class of citizenship Is applied in your country?
Q0682,identical,4,1,arab-opinion-index,aoi-2012-2013;aoi-2014;aoi-2015;aoi-2016,1.0,identical,"4 options, same codes throughout","Q423_1.to what extent do you agree/disagree with When making senior-level civil service appointments, the state prefers employees from specific regions in the country"
Q0683,identical,4,1,arab-opinion-index,aoi-2012-2013;aoi-2014;aoi-2015;aoi-2016,1.0,identical,"4 options, same codes throughout",Q423_2.to what extent do you agree/disagree with The state favors those of specific sects (“mathahib”) over others when making senior-level civil service appointments
Q0684,identical,4,1,arab-opinion-index,aoi-2012-2013;aoi-2014;aoi-2015;aoi-2016,1.0,identical,"4 options, same codes throughout",Q423_3.to what extent do you agree/disagree with The state favors citizens of specific regions/districts over others when making senior-level civil service appointments
Q0685,identical,4,1,arab-opinion-index,aoi-2012-2013;aoi-2014;aoi-2015;aoi-2016,1.0,identical,"4 options, same codes throughout",Q423_4.to what extent do you agree/disagree with The state favors individuals of specific cultural/ linguistic/racial origins over others when making senior-level civil service appointments
Q0686,identical,4,1,arab-opinion-index,aoi-2012-2013;aoi-2014;aoi-2015;aoi-2016,1.0,identical,"4 options, same codes throughout",Q423_5.to what extent do you agree/disagree with The state favors individuals of specific political orientation over others when making senior-level civil service appointments
Q0687,identical,4,1,arab-opinion-index,aoi-2012-2013;aoi-2014;aoi-2015;aoi-2016,1.0,identical,"4 options, same codes throughout",Q423_9.to what extent do you agree/disagree with The state favors specific tribes/clans over others when making senior-level civil service appointments
Q0688,identical,4,1,arab-opinion-index,aoi-2015;aoi-2016;aoi-2017-2018;aoi-2024-2025,1.0,identical,"2 options, same codes throughout",QLEB426.Do you prefer to deal with people of your own religion/madhab/sect?
Q0689,identical,4,1,arab-opinion-index,aoi-2012-2013;aoi-2014;aoi-2015;aoi-2016,1.0,identical,"4 options, same codes throughout","Q427_5.In principle, would you support/oppose the position of the President/Prime Minister in your home country being held by A Salafi"
Q0690,identical,4,1,arab-opinion-index,aoi-2012-2013;aoi-2014;aoi-2015;aoi-2016,1.0,identical,"4 options, same codes throughout","Q427_9.In principle, would you support/oppose the position of the President/Prime Minister in your home country being held by An Ibadi Muslim"
Q0691,identical,4,1,arab-opinion-index,aoi-2014;aoi-2015;aoi-2016;aoi-2017-2018,1.0,identical,"4 options, same codes throughout","Q428_4.On principle, would you support a president who was a Secularist"
Q0692,identical,4,1,arab-opinion-index,aoi-2014;aoi-2015;aoi-2016;aoi-2017-2018,1.0,identical,"4 options, same codes throughout","Q428_6.On principle, would you support a president who was a Non-Salafi Political Islamist"
Q0693,identical,4,1,arab-opinion-index,aoi-2014;aoi-2016;aoi-2017-2018;aoi-2019-2020,1.0,identical,"4 options, same codes throughout",Q504_10.Please indicate your level of personal agreement/disagreement with each of this Men and women should have equal rights to divorce
Q0694,identical,4,1,arab-opinion-index,aoi-2014;aoi-2016;aoi-2017-2018;aoi-2019-2020,1.0,identical,"4 options, same codes throughout",Q504_11.Please indicate your level of personal agreement/disagreement with each of this The law should prevent men from taking multiple wives
Q0695,identical,4,1,arab-opinion-index,aoi-2014;aoi-2016;aoi-2017-2018;aoi-2019-2020,1.0,identical,"4 options, same codes throughout",Q504_13.Please indicate your level of personal agreement/disagreement with each of this A female has the right to refuse to marry an individual chosen by her family without her consent
Q0696,identical,4,1,arab-opinion-index,aoi-2014;aoi-2016;aoi-2017-2018;aoi-2019-2020,1.0,identical,"4 options, same codes throughout",Q504_2.Please indicate your level of personal agreement/disagreement with each of this A married woman is entitled to work outside the home
Q0697,identical,4,1,arab-opinion-index,aoi-2014;aoi-2016;aoi-2017-2018;aoi-2019-2020,1.0,identical,"4 options, same codes throughout","Q504_3.Please indicate your level of personal agreement/disagreement with each of this In general, men are better than women at positions of political leadership"
Q0698,identical,4,1,arab-opinion-index,aoi-2014;aoi-2016;aoi-2017-2018;aoi-2019-2020,1.0,identical,"4 options, same codes throughout",Q504_4.Please indicate your level of personal agreement/disagreement with each of this University education is more important for boys than it is for girls
Q0699,identical,4,1,arab-opinion-index,aoi-2014;aoi-2016;aoi-2017-2018;aoi-2019-2020,1.0,identical,"4 options, same codes throughout",Q504_5.Please indicate your level of personal agreement/disagreement with each of this Men and women must receive equal access to the same employment opportunities
Q0700,identical,4,1,arab-opinion-index,aoi-2014;aoi-2016;aoi-2017-2018;aoi-2019-2020,1.0,identical,"4 options, same codes throughout",Q504_6.Please indicate your level of personal agreement/disagreement with each of this A woman is entitled to travel abroad on her own
Q0701,identical,4,1,arab-opinion-index,aoi-2014;aoi-2016;aoi-2017-2018;aoi-2019-2020,1.0,identical,"4 options, same codes throughout",Q504_7.Please indicate your level of personal agreement/disagreement with each of this A woman's entitlement through inheritance should be equal to a man's
Q0702,identical,4,1,arab-opinion-index,aoi-2014;aoi-2016;aoi-2017-2018;aoi-2019-2020,1.0,identical,"4 options, same codes throughout",Q504_8.Please indicate your level of personal agreement/disagreement with each of this A woman is entitled to take up a position in the judiciary
Q0703,identical,4,1,arab-opinion-index,aoi-2014;aoi-2016;aoi-2017-2018;aoi-2019-2020,1.0,identical,"4 options, same codes throughout",Q504_9.Please indicate your level of personal agreement/disagreement with each of this The first wife's consent is a necessary precondition to a man taking another wife
Q0704,identical,4,1,arab-opinion-index,aoi-2012-2013;aoi-2014;aoi-2015;aoi-2016,1.0,identical,"4 options, same codes throughout","Q801.In your opinion, were the revolutions and the concomitant developments which took place during the year 2011, in general"
Q0705,identical,4,1,arab-opinion-index,aoi-2016;aoi-2017-2018;aoi-2019-2020;aoi-2022,1.0,differs,"different numbers of options (10, 11)",Q804_1.what is the two most important explanations for the outbreak of the Arab Spring uprisings?
Q0706,identical,4,1,arab-opinion-index,aoi-2016;aoi-2017-2018;aoi-2019-2020;aoi-2022,1.0,identical,"11 options, same codes throughout",Q804_2.what is the second most important explanations for the outbreak of the Arab Spring uprisings?
Q0707,identical,4,1,arab-opinion-index,aoi-2016;aoi-2017-2018;aoi-2019-2020;aoi-2022,1.0,identical,"4 options, same codes throughout","Q806.Across all countries, a slim majority continues to hold a positive view of the original, 2011 uprisings"
Q0708,identical,4,1,arab-opinion-index,aoi-2014;aoi-2015;aoi-2016;aoi-2017-2018,1.0,differs,"different numbers of options (19, 20)",Q833.What is the most significant of these fears?
Q0709,identical,4,1,arab-opinion-index,aoi-2014;aoi-2015;aoi-2016;aoi-2017-2018,1.0,identical,"3 options, same codes throughout",Q834.Do you have any fears surrounding Non-Islamist (secular) political movements coming to power
Q0710,identical,4,1,arab-opinion-index,aoi-2016;aoi-2017-2018;aoi-2019-2020;aoi-2022,1.0,identical,"4 options, same codes throughout",Q921_1_1.How would you assess the policies of Iranian policy Towards Yemen
Q0711,identical,4,1,arab-opinion-index,aoi-2016;aoi-2017-2018;aoi-2019-2020;aoi-2022,1.0,identical,"4 options, same codes throughout",Q921_1_2.How would you assess the policies of Russian policy Towards Yemen
Q0712,identical,4,1,arab-opinion-index,aoi-2016;aoi-2017-2018;aoi-2019-2020;aoi-2022,1.0,identical,"4 options, same codes throughout",Q921_1_3.How would you assess the policies of American policy Towards Yemen
Q0713,identical,4,1,arab-opinion-index,aoi-2016;aoi-2017-2018;aoi-2019-2020;aoi-2022,1.0,identical,"4 options, same codes throughout",Q921_1_4.How would you assess the policies of Turkish policy Towards Yemen
Q0714,identical,4,1,arab-opinion-index,aoi-2016;aoi-2017-2018;aoi-2019-2020;aoi-2022,1.0,identical,"4 options, same codes throughout",Q921_1_5.How would you assess the policies of policy French Towards Yemen
Q0715,identical,4,1,arab-opinion-index,aoi-2017-2018;aoi-2019-2020;aoi-2022;aoi-2024-2025,1.0,differs,"different numbers of options (12, 14, 16)",Q922A_1.Which countries of those you mentioned present the greatest threat by their policies to the safety and security of the area?
Q0716,identical,4,1,arab-opinion-index,aoi-2017-2018;aoi-2019-2020;aoi-2022;aoi-2024-2025,1.0,differs,"different numbers of options (12, 14, 16)",Q922A_2.Which countries of those you mentioned present the Second greatest threat by their policies to the safety and security of the area?
Q0717,identical,4,1,arab-opinion-index,aoi-2012-2013;aoi-2015;aoi-2016;aoi-2017-2018,1.0,differs,"different numbers of options (2, 3, 5)",QPal1.Which of the following statements do you agree with more?
Q0718,identical,4,3,arab-transformations;issp;world-values-survey,arabtrans-w2014;issp-w2018;wvs-w06;wvs-w07,1.0,unknown,at least one member's release records no value labels,Year of birth
Q0719,identical,4,1,eu-neighbourhood-barometer,enb-w03;enb-w04;enb-w05;enb-w06,1.0,identical,"2 options, same codes throughout",important country issues: crime (tot)
Q0720,identical,4,1,eu-neighbourhood-barometer,enb-w03;enb-w04;enb-w05;enb-w06,1.0,identical,"2 options, same codes throughout","important country issues: rule of law, transparency (tot)"
Q0721,identical,4,1,eu-neighbourhood-barometer,enb-w03;enb-w04;enb-w05;enb-w06,1.0,identical,"2 options, same codes throughout",important country issues: housing (tot)
Q0722,identical,4,1,eu-neighbourhood-barometer,enb-w03;enb-w04;enb-w05;enb-w06,1.0,identical,"2 options, same codes throughout",important country issues: migration (tot)
Q0723,identical,4,1,eu-neighbourhood-barometer,enb-w03;enb-w04;enb-w05;enb-w06,1.0,identical,"2 options, same codes throughout",important country issues: refugees/internal displaced (tot)
Q0724,identical,4,1,eu-neighbourhood-barometer,enb-w03;enb-w04;enb-w05;enb-w06,1.0,identical,"2 options, same codes throughout",important country issues: healthcare system (tot)
Q0725,identical,4,1,eu-neighbourhood-barometer,enb-w03;enb-w04;enb-w05;enb-w06,1.0,identical,"2 options, same codes throughout",important country issues: educational system (tot)
Q0726,identical,4,1,eu-neighbourhood-barometer,enb-w03;enb-w04;enb-w05;enb-w06,1.0,identical,"2 options, same codes throughout",important country issues: pensions (tot)
Q0727,identical,4,1,eu-neighbourhood-barometer,enb-w03;enb-w04;enb-w05;enb-w06,1.0,identical,"2 options, same codes throughout",important country issues: environment (tot)
Q0728,identical,4,1,eu-neighbourhood-barometer,enb-w03;enb-w04;enb-w05;enb-w06,1.0,identical,"2 options, same codes throughout",important country issues: energy (tot)
Q0729,identical,4,1,eu-neighbourhood-barometer,enb-w03;enb-w04;enb-w05;enb-w06,1.0,identical,"2 options, same codes throughout",important country issues: freedom of speech (tot)
Q0730,identical,4,1,eu-neighbourhood-barometer,enb-w03;enb-w04;enb-w05;enb-w06,1.0,identical,"2 options, same codes throughout",important country issues: economic situation (tot)
Q0731,identical,4,1,eu-neighbourhood-barometer,enb-w03;enb-w04;enb-w05;enb-w06,1.0,identical,"2 options, same codes throughout",important country issues: rising prices/inflation (tot)
Q0732,identical,4,1,eu-neighbourhood-barometer,enb-w03;enb-w04;enb-w05;enb-w06,1.0,identical,"2 options, same codes throughout",important country issues: taxation (tot)
Q0733,identical,4,1,eu-neighbourhood-barometer,enb-w03;enb-w04;enb-w05;enb-w06,1.0,identical,"2 options, same codes throughout",important country issues: unemployment (tot)
Q0734,identical,4,1,eu-neighbourhood-barometer,enb-w03;enb-w04;enb-w05;enb-w06,1.0,identical,"2 options, same codes throughout",important country issues: terrorism (tot)
Q0735,identical,4,1,eu-neighbourhood-barometer,enb-w03;enb-w04;enb-w05;enb-w06,1.0,identical,"2 options, same codes throughout",important country issues: corruption (tot)
Q0736,identical,4,1,eu-neighbourhood-barometer,enb-w03;enb-w04;enb-w05;enb-w06,1.0,identical,"2 options, same codes throughout",important country issues: defence/foreign affairs (tot)
Q0737,identical,4,1,eu-neighbourhood-barometer,enb-w03;enb-w04;enb-w05;enb-w06,1.0,identical,"4 options, same codes throughout",eu communication: enough info available in country
Q0738,identical,4,1,eu-neighbourhood-barometer,enb-w03;enb-w04;enb-w05;enb-w06,1.0,identical,"4 options, same codes throughout",eu communication: country info is easy to understand
Q0739,identical,4,1,eu-neighbourhood-barometer,enb-w03;enb-w04;enb-w05;enb-w06,1.0,identical,"2 options, same codes throughout",helping economic development: national government
Q0740,identical,4,1,eu-neighbourhood-barometer,enb-w03;enb-w04;enb-w05;enb-w06,1.0,identical,"11 options, same codes throughout",region - armenia
Q0741,identical,4,1,eu-neighbourhood-barometer,enb-w03;enb-w04;enb-w05;enb-w06,1.0,identical,"7 options, same codes throughout",region - azerbaijan
Q0742,identical,4,1,eu-neighbourhood-barometer,enb-w03;enb-w04;enb-w05;enb-w06,1.0,identical,"7 options, same codes throughout",region - belarus
Q0743,identical,4,1,eu-neighbourhood-barometer,enb-w03;enb-w04;enb-w05;enb-w06,1.0,identical,"5 options, same codes throughout",region - algeria
Q0744,identical,4,1,eu-neighbourhood-barometer,enb-w03;enb-w04;enb-w05;enb-w06,1.0,identical,"6 options, same codes throughout",region - egypt
Q0745,identical,4,1,eu-neighbourhood-barometer,enb-w03;enb-w04;enb-w05;enb-w06,1.0,identical,"10 options, same codes throughout",region - georgia
Q0746,identical,4,1,eu-neighbourhood-barometer,enb-w03;enb-w04;enb-w05;enb-w06,1.0,identical,"6 options, same codes throughout",region - israel
Q0747,identical,4,1,eu-neighbourhood-barometer,enb-w03;enb-w04;enb-w05;enb-w06,1.0,identical,"3 options, same codes throughout",region - jordan
Q0748,identical,4,1,eu-neighbourhood-barometer,enb-w03;enb-w04;enb-w05;enb-w06,1.0,identical,"16 options, same codes throughout",region - lebanon
Q0749,identical,4,1,eu-neighbourhood-barometer,enb-w03;enb-w04;enb-w05;enb-w06,1.0,recodable,"6 options, codes differ between surveys",region - morocco
Q0750,identical,4,1,eu-neighbourhood-barometer,enb-w03;enb-w04;enb-w05;enb-w06,1.0,identical,"3 options, same codes throughout",region - moldova
Q0751,identical,4,1,eu-neighbourhood-barometer,enb-w03;enb-w04;enb-w05;enb-w06,1.0,identical,"16 options, same codes throughout",region - palestinian territories
Q0752,identical,4,1,eu-neighbourhood-barometer,enb-w03;enb-w04;enb-w05;enb-w06,1.0,identical,"8 options, same codes throughout",region - russia
Q0753,identical,4,1,eu-neighbourhood-barometer,enb-w03;enb-w04;enb-w05;enb-w06,1.0,identical,"10 options, same codes throughout",region - tunisia
Q0754,identical,4,1,eu-neighbourhood-barometer,enb-w03;enb-w04;enb-w05;enb-w06,1.0,identical,"4 options, same codes throughout",region - ukraine
Q0755,identical,4,1,eu-neighbourhood-barometer,enb-w03;enb-w04;enb-w05;enb-w06,1.0,identical,"4 options, same codes throughout",telephone equipment (tot)
Q0756,identical,4,1,eu-neighbourhood-barometer,enb-w03;enb-w04;enb-w05;enb-w06,1.0,identical,"2 options, same codes throughout",relatives abroad in the eu (tot)
Q0757,identical,4,1,eu-neighbourhood-barometer,enb-w03;enb-w04;enb-w05;enb-w06,1.0,identical,"4 options, same codes throughout",economic development contribution: regional publ authorities
Q0758,identical,4,1,eu-neighbourhood-barometer,enb-w03;enb-w04;enb-w05;enb-w06,1.0,identical,"4 options, same codes throughout",economic development contribution: local publ authorities
Q0759,identical,4,1,eu-neighbourhood-barometer,enb-w03;enb-w04;enb-w05;enb-w06,1.0,identical,"4 options, same codes throughout",household composition: people aged 15+ (recoded)
Q0760,identical,4,1,eu-neighbourhood-barometer,enb-w03;enb-w04;enb-w05;enb-w06,1.0,identical,"5 options, same codes throughout",household composition: children aged < 10 (recoded)
Q0761,identical,4,1,eu-neighbourhood-barometer,enb-w03;enb-w04;enb-w05;enb-w06,1.0,identical,"5 options, same codes throughout",household composition: children aged 10-14 (recoded)
Q0762,identical,4,1,eu-neighbourhood-barometer,enb-w03;enb-w04;enb-w05;enb-w06,1.0,identical,"2 options, same codes throughout",visited/lived in eu country (total)
Q0763,identical,3,1,afrobarometer,afro-w05;afro-w06;afro-w07,1.0,identical,"4 options, same codes throughout",Q10a. Had something stolen from house
Q0764,identical,3,1,afrobarometer,afro-w05;afro-w06;afro-w07,1.0,identical,"4 options, same codes throughout",Q10b. Have been physically attacked
Q0765,identical,3,1,afrobarometer,afro-w07;afro-w08;afro-w10,1.0,differs,"different numbers of options (4, 6)",EA-ROAD-A. Road surface at start point
Q0766,identical,3,1,afrobarometer,afro-w07;afro-w08;afro-w10,1.0,differs,"different numbers of options (4, 6)",EA-ROAD-B. Road surface last 5 km
Q0767,identical,3,1,afrobarometer,afro-w07;afro-w08;afro-w10,1.0,differs,"5 options each, but they are not the same options",Q2b. Language spoken in home
Q0768,identical,3,1,afrobarometer,afro-w07;afro-w08;afro-w10,1.0,differs,"different numbers of options (3, 5)",Q22. Govt gets things done vs. govt accountable to citizens
Q0769,identical,3,1,afrobarometer,afro-w05;afro-w06;afro-w07,1.0,identical,"5 options, same codes throughout",Q42a. Courts make binding decisions
Q0770,identical,3,1,afrobarometer,afro-w05;afro-w06;afro-w07,1.0,identical,"5 options, same codes throughout",Q42b. People must obey the law
Q0771,identical,3,1,afrobarometer,afro-w06;afro-w07;afro-w08,1.0,differs,"5 options each, but they are not the same options",Q52b. Who responsible: president does job
Q0772,identical,3,1,afrobarometer,afro-w07;afro-w08;afro-w10,1.0,identical,"6 options, same codes throughout",EA-ROAD-C. Road condition last 5 km
Q0773,identical,3,1,afrobarometer,afro-w06;afro-w07;afro-w08,1.0,unknown,no member records value labels,Reason for Unsuccessful Call Household 1 (verbatim)
Q0774,identical,3,1,afrobarometer,afro-w07;afro-w08;afro-w10,1.0,differs,"8 options each, but they are not the same options",Reason for Unsuccessful Call Household 8
Q0775,identical,3,1,afrobarometer,afro-w05;afro-w06;afro-w07,1.0,identical,"5 options, same codes throughout",Q17. Newspapers free to publish vs. government control
Q0776,identical,3,1,afrobarometer,afro-w05;afro-w06;afro-w07,1.0,identical,"4 options, same codes throughout",Q19a. Member of religious group
Q0777,identical,3,1,afrobarometer,afro-w05;afro-w06;afro-w07,1.0,identical,"4 options, same codes throughout",Q19b. Member of voluntary association or community group
Q0778,identical,3,1,afrobarometer,afro-w05;afro-w06;afro-w10,1.0,differs,"different numbers of options (3, 5)",Q26a. Parliament makes laws vs president does
Q0779,identical,3,1,afrobarometer,afro-w05;afro-w06;afro-w10,1.0,differs,"different numbers of options (3, 5)",Q35. Opposition parties examine government vs. cooperate
Q0780,identical,3,1,afrobarometer,afro-w05;afro-w06;afro-w07,1.0,identical,"5 options, same codes throughout",Q37. Obey government always vs. only if vote for it
Q0781,identical,3,1,afrobarometer,afro-w05;afro-w06;afro-w07,1.0,identical,"5 options, same codes throughout",Q38c. People must pay taxes
Q0782,identical,3,1,afrobarometer,afro-w07;afro-w08;afro-w10,1.0,differs,"2 options each, but they are not the same options",Q39b. Ordinary people can report corruption without fear
Q0783,identical,3,1,afrobarometer,afro-w07;afro-w08;afro-w10,1.0,identical,"2 options, same codes throughout",Q44a. Tried to obtain identity document
Q0784,identical,3,1,afrobarometer,afro-w06;afro-w07;afro-w08,1.0,differs,"different numbers of options (4, 5)",Q44b. Difficulty to obtain public school services
Q0785,identical,3,1,afrobarometer,afro-w05;afro-w06;afro-w07,1.0,identical,"4 options, same codes throughout",Q44c. Corruption: government officials
Q0786,identical,3,1,afrobarometer,afro-w07;afro-w08;afro-w10,1.0,differs,"different numbers of options (4, 5)",Q44c. Pay bribe for identity document
Q0787,identical,3,1,afrobarometer,afro-w05;afro-w06;afro-w07,1.0,identical,"4 options, same codes throughout",Q54. How much fear political intimidation or violence
Q0788,identical,3,1,afrobarometer,afro-w07;afro-w08;afro-w10,1.0,differs,"different numbers of options (4, 5)",Q73d. Difficulty to move across borders
Q0789,identical,3,1,afrobarometer,afro-w05;afro-w06;afro-w07,1.0,differs,"5 options each, but they are not the same options",Q67b. Difficulty to obtain household services
Q0790,identical,3,1,afrobarometer,afro-w06;afro-w08;afro-w10,1.0,differs,"4 options each, but they are not the same options",Q69b. China's influence on economy
Q0791,identical,3,1,afrobarometer,afro-w07;afro-w08;afro-w10,1.0,identical,"2 options, same codes throughout",Q72a. Heard about climate change
Q0792,identical,3,1,afrobarometer,afro-w07;afro-w08;afro-w10,1.0,identical,"5 options, same codes throughout",Q72b. Climate change: affecting country
Q0793,identical,3,1,afrobarometer,afro-w07;afro-w08;afro-w10,1.0,differs,"different numbers of options (4, 5)",Q119_1_tun. Other spoken languages_first
Q0794,identical,3,1,afrobarometer,afro-w07;afro-w08;afro-w10,1.0,differs,"different numbers of options (5, 6)",Q119_2_tun. Other spoken languages_second
Q0795,identical,3,1,afrobarometer,afro-w07;afro-w08;afro-w10,1.0,differs,"different numbers of options (5, 6)",Q119_3_tun. Other spoken languages_third
Q0796,identical,3,1,afrobarometer,afro-w07;afro-w08;afro-w10,1.0,differs,"different numbers of options (4, 6)",Q38d. Corruption: local government councillors
Q0797,identical,3,1,afrobarometer,afro-w07;afro-w08;afro-w10,1.0,identical,"2 options, same codes throughout",Q40a. Contact with public clinic or hospital
Q0798,identical,3,1,afrobarometer,afro-w07;afro-w08;afro-w10,1.0,differs,"different numbers of options (4, 5)",Q40b. Difficulty to obtain medical care
Q0799,identical,3,1,afrobarometer,afro-w07;afro-w08;afro-w10,1.0,differs,"different numbers of options (4, 5)",Q40c. Pay bribe for medical care
Q0800,identical,3,1,afrobarometer,afro-w05;afro-w06;afro-w07,1.0,identical,"5 options, same codes throughout",Q5. Your living conditions vs. others
Q0801,identical,3,1,afrobarometer,afro-w07;afro-w08;afro-w10,1.0,identical,"5 options, same codes throughout",Q55e. Social media news
Q0802,identical,3,1,afrobarometer,afro-w07;afro-w08;afro-w10,1.0,identical,"6 options, same codes throughout",Q96a. Who decides how money is used
Q0803,identical,3,1,afrobarometer,afro-w06;afro-w07;afro-w08,1.0,identical,"4 options, same codes throughout",Q95b. Employer of respondent
Q0804,identical,3,1,afrobarometer,afro-w07;afro-w08;afro-w10,1.0,unknown,no member records value labels,Q119other_tun. Other spoken languages (verbatim)
Q0805,identical,3,1,afrobarometer,afro-w07;afro-w08;afro-w10,1.0,differs,"6 options each, but they are not the same options",Q119_4_tun. Other spoken languages_fourth
Q0806,identical,3,1,afrobarometer,afro-w06;afro-w07;afro-w08,1.0,identical,"2 options, same codes throughout",Q15a. Last national election: attend a campaign rally
Q0807,identical,3,1,afrobarometer,afro-w06;afro-w07;afro-w10,1.0,identical,"4 options, same codes throughout",Q38j. Corruption: business executives
Q0808,near,3,1,afrobarometer,afro-w07;afro-w08;afro-w10,1.0,identical,"2 options, same codes throughout",Q44j. Requested assistance from the police
Q0809,identical,3,1,afrobarometer,afro-w07;afro-w08;afro-w10,1.0,differs,"different numbers of options (4, 5)",Q45b. Difficulty to obtain police assistance
Q0810,identical,3,1,afrobarometer,afro-w07;afro-w08;afro-w10,1.0,differs,"different numbers of options (4, 5)",Q45c. Pay bribe to receive police assistance
Q0811,identical,3,1,afrobarometer,afro-w07;afro-w08;afro-w10,1.0,identical,"4 options, same codes throughout",Q45d. Contact with police in other situations
Q0812,identical,3,1,afrobarometer,afro-w07;afro-w08;afro-w10,1.0,identical,"4 options, same codes throughout",Q47d. Handling keeping prices stable
Q0813,identical,3,1,afrobarometer,afro-w06;afro-w07;afro-w08,1.0,differs,"different numbers of options (4, 5)",Q68_TUN_d. Performance: traditional leader
Q0814,identical,3,1,afrobarometer,afro-w07;afro-w08;afro-w10,1.0,differs,"3 options each, but they are not the same options",Q89d. Own computer
Q0815,identical,3,1,afrobarometer,afro-w07;afro-w08;afro-w10,1.0,differs,"3 options each, but they are not the same options",Q89e. Own bank account
Q0816,identical,3,1,afrobarometer,afro-w07;afro-w08;afro-w10,1.0,differs,"2 options each, but they are not the same options",Q90h. Mobile phone access to internet
Q0817,identical,3,1,afrobarometer,afro-w07;afro-w08;afro-w10,1.0,unknown,no member records value labels,Q98aother. Religion of respondent (verbatim)
Q0818,identical,3,1,afrobarometer,afro-w05;afro-w06;afro-w07,1.0,identical,"4 options, same codes throughout",Q24c. Contact official of a government agency
Q0819,near,3,2,afrobarometer;arab-barometer,ab-w07;ab-w08;afro-w05,0.875,differs,"different numbers of options (4, 5)",Q43c.arb. Democratic systems are not effective at maintaining order and stability
Q0820,identical,3,1,afrobarometer,afro-w05;afro-w06;afro-w07,1.0,identical,"4 options, same codes throughout",Q56j. Handling ensuring enough to eat
Q0821,identical,3,1,afrobarometer,afro-w05;afro-w06;afro-w07,1.0,identical,"4 options, same codes throughout",Q56m. Handling providing reliable electric supply
Q0822,identical,3,1,arab-barometer,ab-w06p1;ab-w06p2;ab-w06p3,1.0,identical,"2 options, same codes throughout",Q1002. What is your gender?
Q0823,identical,3,1,arab-barometer,ab-w02;ab-w03;ab-w04,1.0,unknown,at least one member's release records no value labels,q104 Do you think about emigrating from your country?
Q0824,identical,3,1,arab-barometer,ab-w06p1;ab-w06p2;ab-w07,1.0,differs,"different numbers of options (4, 5)",Q201b_6. The armed forces (the army)
Q0825,identical,3,1,arab-barometer,ab-w02;ab-w03;ab-w07,1.0,differs,"different numbers of options (4, 5)",Q216. To what extent do you agree or disagree with the following statement: “Citizens must support the government’s decisions even if they disagree with them”
Q0826,identical,3,1,arab-barometer,ab-w06p2;ab-w07;ab-w08,1.0,differs,"different numbers of options (5, 6)","Q605. From your point of view, should the laws of our country…"
Q0827,near,3,1,arab-barometer,ab-w06p1;ab-w06p3;ab-w07,1.0,differs,"different numbers of options (4, 5)",Q700B_1. Favorability of the United States
Q0828,identical,3,1,arab-barometer,ab-w06p2;ab-w07;ab-w08,1.0,differs,"different numbers of options (2, 3, 4)",Q700b_1.The United States
Q0829,identical,3,1,arab-barometer,ab-w06p2;ab-w07;ab-w08,1.0,differs,"different numbers of options (5, 6)",Q204_3. Narrowing the gap between rich and poor
Q0830,identical,3,1,arab-barometer,ab-w06p2;ab-w06p3;ab-w07,1.0,differs,"different numbers of options (7, 9)",Q2ACOVID19. Which of the following reasons best explains your concern?
Q0831,identical,3,1,arab-barometer,ab-w06p2;ab-w06p3;ab-w07,1.0,differs,"different numbers of options (7, 9)",Q2BCOVID19. Which of the following reasons best explains your lack of concern?
Q0832,identical,3,1,arab-barometer,ab-w06p1;ab-w07;ab-w08,1.0,differs,"different numbers of options (4, 5)","Q601_3. In general, men are better at political leadership than women"
Q0833,identical,3,1,arab-barometer,ab-w06p3;ab-w07;ab-w08,1.0,differs,"different numbers of options (2, 3)",Q1005C. Are you looking for a job?
Q0834,identical,3,1,arab-barometer,ab-w06p3;ab-w07;ab-w08,1.0,differs,"different numbers of options (6, 7)",Q1005D. Why are you not looking for a job?
Q0835,identical,3,1,arab-barometer,ab-w02;ab-w03;ab-w04,1.0,unknown,at least one member's release records no value labels,q1011. What is your spouse’s profession?
Q0836,identical,3,1,arab-barometer,ab-w06p1;ab-w06p2;ab-w06p3,1.0,unknown,no member records value labels,Q1011e. How many mobile phone numbers do you have?
Q0837,identical,3,1,arab-barometer,ab-w06p1;ab-w06p2;ab-w06p3,1.0,identical,"2 options, same codes throughout",Q1011f. Do you have a landline in the household where you currently live?
Q0838,identical,3,1,arab-barometer,ab-w06p3;ab-w07;ab-w08,1.0,differs,"different numbers of options (3, 4)",Q112_2. “The food that we bought did not last and we did not have money to get more”
Q0839,identical,3,2,arab-barometer;ebrd-life-in-transition,ab-w07;ab-w08;lits-w04,1.0,differs,"different numbers of options (4, 5)",Q201A_41. Regional government
Q0840,identical,3,1,arab-opinion-index,aoi-2016;aoi-2017-2018;aoi-2022,1.0,identical,"6 options, same codes throughout",Q350_2.How often do you use Social Media applications To get to know new people
Q0841,identical,3,1,arab-opinion-index,aoi-2015;aoi-2016;aoi-2017-2018,1.0,identical,"2 options, same codes throughout",Q1001_5.Have you heard of The Houthis (Ansar Allah) in Yemen
Q0842,identical,3,1,arab-opinion-index,aoi-2015;aoi-2016;aoi-2017-2018,1.0,identical,"2 options, same codes throughout",Q1001_8.Have you heard of Hezbollah
Q0843,identical,3,1,arab-opinion-index,aoi-2015;aoi-2016;aoi-2017-2018,1.0,identical,"5 options, same codes throughout",Q1002_5.What is your opinion of The Houthis (Ansar Allah) in Yemen
Q0844,identical,3,1,arab-opinion-index,aoi-2015;aoi-2016;aoi-2017-2018,1.0,identical,"5 options, same codes throughout",Q1002_8.What is your opinion of Hezbollah
Q0845,identical,3,1,arab-opinion-index,aoi-2015;aoi-2016;aoi-2017-2018,1.0,identical,"12 options, same codes throughout","Q1006_1.In your opinion, what is the first most important element in the strength of ISIL among its supporters"
Q0846,identical,3,1,arab-opinion-index,aoi-2015;aoi-2016;aoi-2017-2018,1.0,identical,"12 options, same codes throughout","Q1006_2.In your opinion, what is second most important element in the strength of ISIL among its supporters"
Q0847,identical,3,1,arab-opinion-index,aoi-2019-2020;aoi-2022;aoi-2024-2025,1.0,identical,"13 options, same codes throughout",Q1216.Sect/denomination
Q0848,identical,3,1,arab-opinion-index,aoi-2012-2013;aoi-2014;aoi-2015,1.0,identical,"4 options, same codes throughout",Q201_14.To what extent do you trust Second Chamber (House of Counselors)
Q0849,identical,3,1,arab-opinion-index,aoi-2014;aoi-2019-2020;aoi-2022,1.0,identical,"4 options, same codes throughout",Q201_25.To what extent do you trust The government of Gaza
Q0850,identical,3,1,arab-opinion-index,aoi-2019-2020;aoi-2022;aoi-2024-2025,1.0,identical,"4 options, same codes throughout",Q201_39.To what extent do you trust Shari’a Courts
Q0851,identical,3,1,arab-opinion-index,aoi-2019-2020;aoi-2022;aoi-2024-2025,1.0,identical,"4 options, same codes throughout",Q201_40.To what extent do you trust Private sector companies and businesses (major private sector partnerships)
Q0852,identical,3,1,arab-opinion-index,aoi-2019-2020;aoi-2022;aoi-2024-2025,1.0,identical,"4 options, same codes throughout",Q201_41.To what extent do you trust Local media
Q0853,identical,3,1,arab-opinion-index,aoi-2019-2020;aoi-2022;aoi-2024-2025,1.0,identical,"4 options, same codes throughout",Q201_42.To what extent do you trust The municipal council
Q0854,identical,3,1,arab-opinion-index,aoi-2019-2020;aoi-2022;aoi-2024-2025,1.0,identical,"4 options, same codes throughout",Q201_46.To what extent do you trust The Sovereignty Council
Q0855,identical,3,1,arab-opinion-index,aoi-2019-2020;aoi-2022;aoi-2024-2025,1.0,differs,"different numbers of options (12, 15, 18)","If you have the right to seek redress from someone for being wronged, you would resort firstly to"
Q0856,identical,3,1,arab-opinion-index,aoi-2019-2020;aoi-2022;aoi-2024-2025,1.0,differs,"different numbers of options (12, 15, 18)","If you have the right to seek redress from someone for being wronged, you would resort secondly to"
Q0857,identical,3,1,arab-opinion-index,aoi-2019-2020;aoi-2022;aoi-2024-2025,1.0,differs,"different numbers of options (3, 5)",Which of the following more closely represents your opinion?
Q0858,identical,3,1,arab-opinion-index,aoi-2019-2020;aoi-2022;aoi-2024-2025,1.0,identical,"4 options, same codes throughout",To what extent do you trust the news and information that circulates on social media?
Q0859,identical,3,1,arab-opinion-index,aoi-2019-2020;aoi-2022;aoi-2024-2025,1.0,differs,"different numbers of options (14, 27, 32)",In your opinion what is the most important factor constituting the national identity in (country)?
Q0860,identical,3,1,arab-opinion-index,aoi-2019-2020;aoi-2022;aoi-2024-2025,1.0,differs,"different numbers of options (14, 27, 32)",In your opinion what is the second most important factor constituting the national identity in (country)?
Q0861,identical,3,1,arab-opinion-index,aoi-2012-2013;aoi-2014;aoi-2015,1.0,identical,"4 options, same codes throughout",Q210_12.How would you evaluate the government’s performance in Facilitating the aspirations of the youth
Q0862,identical,3,1,arab-opinion-index,aoi-2012-2013;aoi-2014;aoi-2015,1.0,identical,"4 options, same codes throughout",Q210_13.How would you evaluate the government’s performance in Advancing the status of women
Q0863,identical,3,1,arab-opinion-index,aoi-2012-2013;aoi-2014;aoi-2016,1.0,identical,"4 options, same codes throughout",Q210_17.How would you evaluate the government’s performance in Bolstering citizenship and social integration
Q0864,identical,3,1,arab-opinion-index,aoi-2019-2020;aoi-2022;aoi-2024-2025,1.0,identical,"4 options, same codes throughout",Q210_36.How would you evaluate the government’s performance in Improving the standard of public transportation
Q0865,identical,3,1,arab-opinion-index,aoi-2019-2020;aoi-2022;aoi-2024-2025,1.0,identical,"4 options, same codes throughout",Q210_37.How would you evaluate the government’s performance in Maintaining security and safety
Q0866,identical,3,1,arab-opinion-index,aoi-2014;aoi-2019-2020;aoi-2024-2025,1.0,differs,"different numbers of options (8, 10, 15)",Q223_1.Which of the following groups contributes most to the spread of corruption in your country? The first answer
Q0867,identical,3,1,arab-opinion-index,aoi-2014;aoi-2019-2020;aoi-2024-2025,1.0,differs,"different numbers of options (8, 11, 16)",Q223_2.Which of the following groups contributes most to the spread of corruption in your country? The second answer
Q0868,identical,3,1,arab-opinion-index,aoi-2012-2013;aoi-2019-2020;aoi-2022,1.0,differs,"different numbers of options (22, 23)",Q230_1.In your opinion what should be the First Priority priorities in your country's budget?
Q0869,identical,3,1,arab-opinion-index,aoi-2012-2013;aoi-2019-2020;aoi-2022,1.0,differs,"different numbers of options (22, 23)",Q230_2.In your opinion what should be the Second Priority priorities in your country's budget?
Q0870,identical,3,1,arab-opinion-index,aoi-2012-2013;aoi-2019-2020;aoi-2022,1.0,differs,"different numbers of options (22, 23)",Q230_3.In your opinion what should be the hird Priority priorities in your country's budget?
Q0871,identical,3,1,arab-opinion-index,aoi-2019-2020;aoi-2022;aoi-2024-2025,1.0,unknown,no member records value labels,Q320N.Candidate/list of a particular political movement/party specify name of political movement/party
Q0872,identical,3,1,arab-opinion-index,aoi-2019-2020;aoi-2022;aoi-2024-2025,1.0,unknown,no member records value labels,Q325.Which existing political party/movements/bloc or ideological trends most closely represents your opinions and interests?
Q0873,identical,3,1,arab-opinion-index,aoi-2019-2020;aoi-2022;aoi-2024-2025,1.0,unknown,no member records value labels,Q340TIM.How much time do you spend using the internet on average?
Q0874,identical,3,1,arab-opinion-index,aoi-2016;aoi-2017-2018;aoi-2019-2020,1.0,differs,"different numbers of options (17, 19)",Q344_1.What type of phone (brand) do you have? The first tybe
Q0875,identical,3,1,arab-opinion-index,aoi-2016;aoi-2017-2018;aoi-2019-2020,1.0,differs,"different numbers of options (17, 19)",Q344_2.What type of phone (brand) do you have? the second tybe
Q0876,identical,3,1,arab-opinion-index,aoi-2019-2020;aoi-2022;aoi-2024-2025,1.0,differs,"6 options each, but they are not the same options",Q349_7.Do you use your account on WhatsApp
Q0877,identical,3,1,arab-opinion-index,aoi-2019-2020;aoi-2022;aoi-2024-2025,1.0,identical,"4 options, same codes throughout","Q408_6.I would like to know how appropriate each of these would be for your country, in your opinion: a political system governed by the military or the Army Command"
Q0878,identical,3,1,arab-opinion-index,aoi-2012-2013;aoi-2015;aoi-2024-2025,1.0,identical,"4 options, same codes throughout",Q412.Which of the following statements best encapsulates your idea of a theocracy?
Q0879,identical,3,1,arab-opinion-index,aoi-2016;aoi-2017-2018;aoi-2019-2020,1.0,identical,"4 options, same codes throughout",Q416_10.To what extent do you believe that the Freedom to use social media platforms for political causes Is safeguarded in your home country?
Q0880,identical,3,1,arab-opinion-index,aoi-2014;aoi-2015;aoi-2016,1.0,identical,"2 options, same codes throughout",Q420_4.Would you agree or disagree with one of the Political parties founded along sectarian lines to power through winning enough votes in free and fair elections?
Q0881,identical,3,1,arab-opinion-index,aoi-2012-2013;aoi-2014;aoi-2015,1.0,identical,"4 options, same codes throughout",Q422_10.to what extent do you believe that the Equality of all citizens in (the West Bank/Gaza Strip) regardless of their status as Palestinian refugees or otherwise Is applied in your country?
Q0882,identical,3,1,arab-opinion-index,aoi-2012-2013;aoi-2016;aoi-2017-2018,1.0,identical,"4 options, same codes throughout","Q422_13.to what extent do you believe that the Equality for all citizens, regardless of social (ethnic) background Is applied in your country?"
Q0883,identical,3,1,arab-opinion-index,aoi-2012-2013;aoi-2016;aoi-2017-2018,1.0,identical,"4 options, same codes throughout","Q422_14.to what extent do you believe that the Equality for all citizens, regardless of skin colour Is applied in your country?"
Q0884,identical,3,1,arab-opinion-index,aoi-2012-2013;aoi-2014;aoi-2016,1.0,identical,"4 options, same codes throughout","Q423_10.to what extent do you agree/disagree with When making senior-level civil service appointments, the state prefers specific sects over others"
Q0885,identical,3,1,arab-opinion-index,aoi-2012-2013;aoi-2014;aoi-2015,1.0,identical,"4 options, same codes throughout",Q423_17.to what extent do you agree/disagree with The state favors males over females when making senior-level civil service appointments
Q0886,identical,3,1,arab-opinion-index,aoi-2012-2013;aoi-2015;aoi-2016,1.0,identical,"4 options, same codes throughout","Q423_6.to what extent do you agree/disagree with When making senior-level civil service appointments, the state favours those from specific social/ethnic groups"
Q0887,identical,3,1,arab-opinion-index,aoi-2012-2013;aoi-2015;aoi-2016,1.0,identical,"4 options, same codes throughout","Q423_7.to what extent do you agree/disagree with When making senior-level civil service appointments, the state favours certain religious groups"
Q0888,identical,3,1,arab-opinion-index,aoi-2012-2013;aoi-2014;aoi-2015,1.0,differs,"4 options each, but they are not the same options",Q424_7.To what extent do you support for/opposition Those of racial origins different from your own have the right to express their own social and cultural values freely and without restrictions
Q0889,identical,3,1,arab-opinion-index,aoi-2014;aoi-2015;aoi-2016,1.0,identical,"2 options, same codes throughout",Q425_3.Foreign workers would you not like to have as neighbors
Q0890,identical,3,1,arab-opinion-index,aoi-2012-2013;aoi-2016;aoi-2017-2018,1.0,identical,"4 options, same codes throughout","Q427_19.In principle, would you support/oppose the position of the President/Prime Minister in your home country being held by Black people"
Q0891,identical,3,1,arab-opinion-index,aoi-2014;aoi-2015;aoi-2016,1.0,identical,"4 options, same codes throughout","Q428_5.On principle, would you support a president who was a Salafi"
Q0892,identical,3,1,arab-opinion-index,aoi-2015;aoi-2016;aoi-2017-2018,1.0,identical,"4 options, same codes throughout","Q428_7.On principle, would you support a president who was a Sunni Arab"
Q0893,identical,3,1,arab-opinion-index,aoi-2015;aoi-2016;aoi-2017-2018,1.0,identical,"4 options, same codes throughout","Q428_8.On principle, would you support a president who was a Shia Arab"
Q0894,identical,3,1,arab-opinion-index,aoi-2015;aoi-2016;aoi-2017-2018,1.0,identical,"4 options, same codes throughout","Q428_9.On principle, would you support a president who was a Kurdish"
Q0895,identical,3,1,arab-opinion-index,aoi-2016;aoi-2017-2018;aoi-2019-2020,1.0,identical,"4 options, same codes throughout",Q504_14.Please indicate your level of personal agreement/disagreement with each of this The law should criminalize all forms of violence against women
Q0896,identical,3,1,arab-opinion-index,aoi-2015;aoi-2016;aoi-2017-2018,1.0,identical,"2 options, same codes throughout",Q606_1.Would you accept for your son/daughter/brother/sister to marry Someone with a limited level of education
Q0897,identical,3,1,arab-opinion-index,aoi-2015;aoi-2016;aoi-2017-2018,1.0,identical,"2 options, same codes throughout",Q606_10.Would you accept for your son/daughter/brother/sister to marry Someone of a different skin colour/ethnicity/culture?
Q0898,identical,3,1,arab-opinion-index,aoi-2015;aoi-2016;aoi-2017-2018,1.0,identical,"2 options, same codes throughout",Q606_2.Would you accept for your son/daughter/brother/sister to marry Someone poor or not wealthy
Q0899,identical,3,1,arab-opinion-index,aoi-2015;aoi-2016;aoi-2017-2018,1.0,identical,"2 options, same codes throughout",Q606_3.Would you accept for your son/daughter/brother/sister to marry Somebody from a family that is not well-known
Q0900,identical,3,1,arab-opinion-index,aoi-2015;aoi-2016;aoi-2017-2018,1.0,identical,"2 options, same codes throughout",Q606_4.Would you accept for your son/daughter/brother/sister to marry An unemployed person
Q0901,identical,3,1,arab-opinion-index,aoi-2015;aoi-2016;aoi-2017-2018,1.0,identical,"2 options, same codes throughout",Q606_5.Would you accept for your son/daughter/brother/sister to marry Someone who doesn’t undertake their religious obligations (such as fasting and prayer)
Q0902,identical,3,1,arab-opinion-index,aoi-2015;aoi-2016;aoi-2017-2018,1.0,identical,"2 options, same codes throughout",Q606_6.Would you accept for your son/daughter/brother/sister to marry An Arab from a different country
Q0903,identical,3,1,arab-opinion-index,aoi-2015;aoi-2016;aoi-2017-2018,1.0,identical,"2 options, same codes throughout",Q606_7.Would you accept for your son/daughter/brother/sister to marry A non-Arab foreigner
Q0904,identical,3,1,arab-opinion-index,aoi-2015;aoi-2016;aoi-2017-2018,1.0,identical,"2 options, same codes throughout",Q606_8.Would you accept for your son/daughter/brother/sister to marry Someone belonging to a different religion
Q0905,identical,3,1,arab-opinion-index,aoi-2015;aoi-2016;aoi-2017-2018,1.0,identical,"2 options, same codes throughout",Q606_9.Would you accept for your son/daughter/brother/sister to marry Someone belonging to a different sect/madhab
Q0906,identical,3,1,arab-opinion-index,aoi-2015;aoi-2016;aoi-2017-2018,1.0,differs,"different numbers of options (10, 11)",Q607_1.Which of the factors mentioned in the previous question is most important in opposing a marriage?
Q0907,identical,3,1,arab-opinion-index,aoi-2015;aoi-2016;aoi-2017-2018,1.0,differs,"different numbers of options (10, 11)",Q607_2.Which is the second most important factor from the previous list in opposing a marraigae?
Q0908,identical,3,1,arab-opinion-index,aoi-2015;aoi-2016;aoi-2017-2018,1.0,identical,"4 options, same codes throughout",Q610_14.I would like you to tell me the extent of your agreement/disagreement with Difference in religion casts doubt on the patriotisim of a person
Q0909,identical,3,1,arab-opinion-index,aoi-2012-2013;aoi-2014;aoi-2015,1.0,identical,"11 options, same codes throughout",Q802.Why is it positive?
Q0910,identical,3,1,arab-opinion-index,aoi-2012-2013;aoi-2014;aoi-2015,1.0,identical,"12 options, same codes throughout",Q803.Why is it negative?
Q0911,identical,3,1,arab-opinion-index,aoi-2012-2013;aoi-2014;aoi-2022,1.0,identical,"5 options, same codes throughout","Q822_11. In general, do you believe that the Arab revolutions have succeeded in achieving: Improving citizens' financial situations"
Q0912,identical,3,1,arab-opinion-index,aoi-2012-2013;aoi-2014;aoi-2022,1.0,identical,"5 options, same codes throughout","Q822_12. In general, do you believe that the Arab revolutions have succeeded in achieving: Combating financial and administrative corruption"
Q0913,identical,3,1,arab-opinion-index,aoi-2014;aoi-2015;aoi-2024-2025,1.0,identical,"5 options, same codes throughout","Q906_1.Regardless of the foreign policy of USA , my view of the people of USA is"
Q0914,identical,3,1,arab-opinion-index,aoi-2014;aoi-2016;aoi-2017-2018,1.0,identical,"4 options, same codes throughout",Q914_1_2.Do you agree or disagree with the statement: The USA contributes to the strengthening of security and stability of the Arab region
Q0915,identical,3,1,arab-opinion-index,aoi-2014;aoi-2016;aoi-2017-2018,1.0,identical,"4 options, same codes throughout",Q914_1_4.Do you agree or disagree with the statement: The USA nurtures sectarianism and ethnic separatism in the Arab countries
Q0916,identical,3,1,arab-opinion-index,aoi-2014;aoi-2016;aoi-2017-2018,1.0,identical,"4 options, same codes throughout",Q914_2_2.Do you agree or disagree with the statement: Russia contributes to the strengthening of security and stability of the Arab region
Q0917,identical,3,1,arab-opinion-index,aoi-2014;aoi-2016;aoi-2017-2018,1.0,identical,"4 options, same codes throughout",Q914_2_4.Do you agree or disagree with the statement: Russia nurtures sectarianism and ethnic separatism in the Arab countries
Q0918,identical,3,1,arab-opinion-index,aoi-2015;aoi-2016;aoi-2017-2018,1.0,identical,"4 options, same codes throughout",Q915_1_2.To what extent do you agree with the statement: Iran contributes to the enhancement of security in the Arab region
Q0919,identical,3,1,arab-opinion-index,aoi-2015;aoi-2016;aoi-2017-2018,1.0,identical,"4 options, same codes throughout",Q915_1_4.To what extent do you agree with the statement: Iran nurtures sectarianism and ethnic separatism in the Arab countries
Q0920,identical,3,1,arab-opinion-index,aoi-2015;aoi-2016;aoi-2017-2018,1.0,identical,"4 options, same codes throughout",Q915_2_2.To what extent do you agree with the statement: Turkey contributes to the enhancement of security in the Arab region
Q0921,identical,3,1,arab-opinion-index,aoi-2015;aoi-2016;aoi-2017-2018,1.0,identical,"4 options, same codes throughout",Q915_2_4.To what extent do you agree with the statement: Turkey nurtures sectarianism and ethnic separatism in the Arab countries
Q0922,identical,3,1,arab-opinion-index,aoi-2016;aoi-2017-2018;aoi-2019-2020,1.0,identical,"4 options, same codes throughout",Q920_2_1.How would you assess the policies of Iranian policy Towards Syria
Q0923,identical,3,1,arab-opinion-index,aoi-2016;aoi-2017-2018;aoi-2019-2020,1.0,identical,"4 options, same codes throughout",Q920_2_2.How would you assess the policies of Russian policy Towards Syria
Q0924,identical,3,1,arab-opinion-index,aoi-2016;aoi-2017-2018;aoi-2019-2020,1.0,identical,"4 options, same codes throughout",Q920_2_3.How would you assess the policies of American policy Towards Syria
Q0925,identical,3,1,arab-opinion-index,aoi-2016;aoi-2017-2018;aoi-2019-2020,1.0,identical,"4 options, same codes throughout",Q920_2_4.How would you assess the policies of Turkish policy Towards Syria
Q0926,identical,3,1,arab-opinion-index,aoi-2016;aoi-2017-2018;aoi-2019-2020,1.0,identical,"4 options, same codes throughout",Q920_2_5.How would you assess the policies of policy French Towards Syria
Q0927,identical,3,1,arab-opinion-index,aoi-2016;aoi-2017-2018;aoi-2019-2020,1.0,identical,"4 options, same codes throughout",Q921_2_2.How would you assess the policies of Russian policy Towards Libya
Q0928,identical,3,1,arab-opinion-index,aoi-2016;aoi-2017-2018;aoi-2019-2020,1.0,identical,"4 options, same codes throughout",Q921_2_3.How would you assess the policies of American policy Towards Libya
Q0929,identical,3,1,arab-opinion-index,aoi-2016;aoi-2017-2018;aoi-2019-2020,1.0,identical,"4 options, same codes throughout",Q921_2_4.How would you assess the policies of Turkish policy Towards Libya
Q0930,identical,3,1,arab-opinion-index,aoi-2016;aoi-2017-2018;aoi-2019-2020,1.0,identical,"4 options, same codes throughout",Q921_2_5.How would you assess the policies of policy French Towards Libya
Q0931,identical,3,1,arab-opinion-index,aoi-2012-2013;aoi-2014;aoi-2015,1.0,identical,"3 options, same codes throughout",QA350_1.Do you use …facebook as a means of engaging with political affairs? to express poltical opinions or engage in political causes?
Q0932,identical,3,1,arab-opinion-index,aoi-2012-2013;aoi-2014;aoi-2015,1.0,identical,"3 options, same codes throughout",QA350_2.Do you use …Twitter as a means of expressing your political opinions or engaging with political affairs? to express poltical opinions or engage in political causes?
Q0933,identical,3,1,arab-opinion-index,aoi-2019-2020;aoi-2022;aoi-2024-2025,1.0,identical,"2 options, same codes throughout",QIR1216.Specify the nationality of the respondent
Q0934,identical,3,1,arab-opinion-index,aoi-2019-2020;aoi-2022;aoi-2024-2025,1.0,identical,"3 options, same codes throughout",QJOR1216.Home country
Q0935,identical,3,1,arab-opinion-index,aoi-2019-2020;aoi-2022;aoi-2024-2025,1.0,identical,"4 options, same codes throughout",QMOR1216.Is the respondent
Q0936,identical,3,1,arab-opinion-index,aoi-2015;aoi-2016;aoi-2017-2018,1.0,identical,"7 options, same codes throughout",QPal10.what alternatives does the Palestinian leadership have?
Q0937,identical,3,1,arab-opinion-index,aoi-2015;aoi-2016;aoi-2017-2018,1.0,identical,"4 options, same codes throughout",QPal12.Do you agree with the establishment of a single state encompassing all of historical Palestine where Arabs and Jews enjoy equal citizenship rights?
Q0938,identical,3,1,arab-opinion-index,aoi-2015;aoi-2016;aoi-2017-2018,1.0,identical,"15 options, same codes throughout","QPal8_1.Of the following characters, choose the two whose positions do you trust the most The first answer"
Q0939,identical,3,1,arab-opinion-index,aoi-2015;aoi-2016;aoi-2017-2018,1.0,differs,"different numbers of options (15, 16)","QPal8_2.Of the following characters, choose the two whose positions do you trust the most The second answer"
Q0940,identical,3,1,arab-opinion-index,aoi-2012-2013;aoi-2014;aoi-2015,1.0,differs,"4 options each, but they are not the same options","Q424_1.To what extent do you support for/opposition To promote their political opinions/views freely and without restrictions, regardless of your agreement with those opinions/ views"
Q0941,identical,3,1,arab-opinion-index,aoi-2012-2013;aoi-2014;aoi-2022,1.0,identical,"5 options, same codes throughout","Q822_14. In general, do you believe that the Arab revolutions have succeeded in achieving: Respect for citizens’ rights and dignity"
Q0942,identical,3,2,arab-transformations;world-values-survey,arabtrans-w2014;wvs-w06;wvs-w07,1.0,unknown,at least one member's release records no value labels,Worries: A war involving my country
Q0943,identical,3,2,arab-transformations;world-values-survey,arabtrans-w2014;wvs-w06;wvs-w07,1.0,unknown,at least one member's release records no value labels,Interest in Politics
Q0944,identical,3,1,eu-neighbourhood-barometer,enb-w04;enb-w05;enb-w06,1.0,identical,"2 options, same codes throughout",important country issues: dont know (aa6a only)
Q0945,identical,3,1,eu-neighbourhood-barometer,enb-w01;enb-w02;enb-w03,1.0,identical,"5 options, same codes throughout",eu relations with our country - assessment
Q0946,identical,3,1,eu-neighbourhood-barometer,enb-w04;enb-w05;enb-w06,1.0,identical,"2 options, same codes throughout",eu cooperation programmes - know specific programmes (ab6 in wave 1 2 3)
Q0947,identical,3,1,eu-neighbourhood-barometer,enb-w01;enb-w02;enb-w03,1.0,differs,"2 options each, but they are not the same options",eu policies cntry benefits: democracy
Q0948,identical,3,1,eu-neighbourhood-barometer,enb-w04;enb-w05;enb-w06,1.0,identical,"2 options, same codes throughout",eu should have greater role: economic development (ab9 in wave 1 2 3)
Q0949,identical,3,1,eu-neighbourhood-barometer,enb-w01;enb-w02;enb-w03,1.0,differs,"2 options each, but they are not the same options",eu policies cntry benefits: employment
Q0950,identical,3,1,eu-neighbourhood-barometer,enb-w04;enb-w05;enb-w06,1.0,identical,"2 options, same codes throughout",eu should have greater role: media freedom (ab9 in wave 1 2 3)
Q0951,identical,3,1,eu-neighbourhood-barometer,enb-w01;enb-w02;enb-w03,1.0,differs,"2 options each, but they are not the same options",eu policies cntry benefits: support to agriculture
Q0952,identical,3,1,eu-neighbourhood-barometer,enb-w04;enb-w05;enb-w06,1.0,identical,"2 options, same codes throughout",eu should have greater role: migration (ab9 in wave 1 2 3)
Q0953,near,3,1,eu-neighbourhood-barometer,enb-w01;enb-w02;enb-w03,1.0,differs,"2 options each, but they are not the same options",eu policies cntry benefits: promotion of a palestinian state
Q0954,identical,3,1,eu-neighbourhood-barometer,enb-w04;enb-w05;enb-w06,1.0,identical,"2 options, same codes throughout",eu should have greater role: ext policy/foreign affairs (ab9 in wave 1 2 3)
Q0955,identical,3,1,eu-neighbourhood-barometer,enb-w01;enb-w02;enb-w03,1.0,differs,"2 options each, but they are not the same options",eu policies cntry benefits: other
Q0956,identical,3,1,eu-neighbourhood-barometer,enb-w04;enb-w05;enb-w06,1.0,identical,"2 options, same codes throughout",eu should have greater role: trade (ab9 in wave 1 2 3)
Q0957,identical,3,1,eu-neighbourhood-barometer,enb-w01;enb-w02;enb-w03,1.0,differs,"2 options each, but they are not the same options",eu policies cntry benefits: not benefitted
Q0958,identical,3,1,eu-neighbourhood-barometer,enb-w04;enb-w05;enb-w06,1.0,identical,"2 options, same codes throughout",eu should have greater role: gender equality (ab9 in wave 1 2 3)
Q0959,identical,3,1,eu-neighbourhood-barometer,enb-w01;enb-w02;enb-w03,1.0,differs,"2 options each, but they are not the same options",eu policies cntry benefits: dont know
Q0960,identical,3,1,eu-neighbourhood-barometer,enb-w04;enb-w05;enb-w06,1.0,identical,"2 options, same codes throughout",eu should have greater role: refugees/displaced people (ab9 in wave 1 2 3)
Q0961,identical,3,1,eu-neighbourhood-barometer,enb-w01;enb-w02;enb-w03,1.0,differs,"2 options each, but they are not the same options",eu policies cntry benefits: refusal
Q0962,identical,3,1,eu-neighbourhood-barometer,enb-w04;enb-w05;enb-w06,1.0,identical,"2 options, same codes throughout",eu should have greater role: middle east peace process (ab9 in wave 1 2 3)
Q0963,identical,3,1,eu-neighbourhood-barometer,enb-w01;enb-w02;enb-w03,1.0,differs,"2 options each, but they are not the same options",eu policies cntry benefits: economic development
Q0964,identical,3,1,eu-neighbourhood-barometer,enb-w04;enb-w05;enb-w06,1.0,identical,"2 options, same codes throughout",eu should have greater role: environment/climate change (ab9 in wave 1 2 3)
Q0965,identical,3,1,eu-neighbourhood-barometer,enb-w01;enb-w02;enb-w03,1.0,differs,"2 options each, but they are not the same options",eu policies cntry benefits: access to products/ services
Q0966,identical,3,1,eu-neighbourhood-barometer,enb-w04;enb-w05;enb-w06,1.0,identical,"2 options, same codes throughout",eu should have greater role: energy security (ab9 in wave 1 2 3)
Q0967,identical,3,1,eu-neighbourhood-barometer,enb-w01;enb-w02;enb-w03,1.0,differs,"2 options each, but they are not the same options",eu policies cntry benefits: tourism
Q0968,identical,3,1,eu-neighbourhood-barometer,enb-w04;enb-w05;enb-w06,1.0,identical,"2 options, same codes throughout",eu should have greater role: transport (ab9 in wave 1 2 3)
Q0969,identical,3,1,eu-neighbourhood-barometer,enb-w01;enb-w02;enb-w03,1.0,differs,"2 options each, but they are not the same options",eu policies cntry benefits: fight against climate change
Q0970,identical,3,1,eu-neighbourhood-barometer,enb-w04;enb-w05;enb-w06,1.0,identical,"2 options, same codes throughout",eu should have greater role: education (ab9 in wave 1 2 3)
Q0971,identical,3,1,eu-neighbourhood-barometer,enb-w01;enb-w02;enb-w03,1.0,differs,"2 options each, but they are not the same options",eu policies cntry benefits: trade
Q0972,identical,3,1,eu-neighbourhood-barometer,enb-w04;enb-w05;enb-w06,1.0,identical,"2 options, same codes throughout",eu should have greater role: culture (ab9 in wave 1 2 3)
Q0973,identical,3,1,eu-neighbourhood-barometer,enb-w01;enb-w02;enb-w03,1.0,differs,"2 options each, but they are not the same options",eu policies cntry benefits: development of infrastructure
Q0974,identical,3,1,eu-neighbourhood-barometer,enb-w04;enb-w05;enb-w06,1.0,identical,"2 options, same codes throughout",eu should have greater role: democracy (ab9 in wave 1 2 3)
Q0975,identical,3,1,eu-neighbourhood-barometer,enb-w01;enb-w02;enb-w03,1.0,differs,"2 options each, but they are not the same options",eu policies cntry benefits: development aid
Q0976,identical,3,1,eu-neighbourhood-barometer,enb-w04;enb-w05;enb-w06,1.0,identical,"2 options, same codes throughout",eu should have greater role: regional cooperation (ab9 in wave 1 2 3)
Q0977,identical,3,1,eu-neighbourhood-barometer,enb-w01;enb-w02;enb-w03,1.0,differs,"2 options each, but they are not the same options",eu policies cntry benefits: education
Q0978,identical,3,1,eu-neighbourhood-barometer,enb-w04;enb-w05;enb-w06,1.0,identical,"2 options, same codes throughout",eu should have greater role: security and defence (ab9 in wave 1 2 3)
Q0979,identical,3,1,eu-neighbourhood-barometer,enb-w04;enb-w05;enb-w06,1.0,identical,"3 options, same codes throughout",assessment - things going in the right or wrong direction: own country
Q0980,identical,3,1,eu-neighbourhood-barometer,enb-w04;enb-w05;enb-w06,1.0,identical,"3 options, same codes throughout",assessment - things going in the right or wrong direction: arab world
Q0981,identical,3,1,eu-neighbourhood-barometer,enb-w04;enb-w05;enb-w06,1.0,identical,"3 options, same codes throughout",assessment - things going in the right or wrong direction: world
Q0982,identical,3,1,eu-neighbourhood-barometer,enb-w04;enb-w05;enb-w06,1.0,identical,"5 options, same codes throughout",eu relations with our country - assessment (ab4 in wave 1 2 3)
Q0983,identical,3,1,eu-neighbourhood-barometer,enb-w04;enb-w05;enb-w06,1.0,identical,"2 options, same codes throughout",eu cooperation programmes - providing financial support (ab5 in wave 1 2 3)
Q0984,identical,3,1,eu-neighbourhood-barometer,enb-w01;enb-w02;enb-w03,1.0,identical,"19 options, same codes throughout",eu characteristics - best representing firstly
Q0985,identical,3,1,eu-neighbourhood-barometer,enb-w01;enb-w02;enb-w03,1.0,identical,"2 options, same codes throughout",eu characteristics: solidarity
Q0986,identical,3,1,eu-neighbourhood-barometer,enb-w01;enb-w02;enb-w03,1.0,identical,"2 options, same codes throughout",eu characteristics: peace and security
Q0987,identical,3,1,eu-neighbourhood-barometer,enb-w01;enb-w02;enb-w03,1.0,identical,"2 options, same codes throughout",eu characteristics: absence of corruption
Q0988,identical,3,1,eu-neighbourhood-barometer,enb-w01;enb-w02;enb-w03,1.0,identical,"2 options, same codes throughout",eu characteristics: respect for other cultures
Q0989,identical,3,1,eu-neighbourhood-barometer,enb-w01;enb-w02;enb-w03,1.0,identical,"2 options, same codes throughout",eu characteristics: self-fulfilment
Q0990,identical,3,1,eu-neighbourhood-barometer,enb-w01;enb-w02;enb-w03,1.0,identical,"2 options, same codes throughout",eu characteristics: equality
Q0991,identical,3,1,eu-neighbourhood-barometer,enb-w01;enb-w02;enb-w03,1.0,identical,"2 options, same codes throughout",eu characteristics: freedom of the media
Q0992,identical,3,1,eu-neighbourhood-barometer,enb-w01;enb-w02;enb-w03,1.0,identical,"2 options, same codes throughout",eu characteristics: gender equality
Q0993,identical,3,1,eu-neighbourhood-barometer,enb-w01;enb-w02;enb-w03,1.0,identical,"2 options, same codes throughout",eu characteristics: economic prosperity
Q0994,identical,3,1,eu-neighbourhood-barometer,enb-w01;enb-w02;enb-w03,1.0,identical,"2 options, same codes throughout",eu characteristics: other
Q0995,identical,3,1,eu-neighbourhood-barometer,enb-w01;enb-w02;enb-w03,1.0,identical,"2 options, same codes throughout",eu characteristics: none
Q0996,identical,3,1,eu-neighbourhood-barometer,enb-w01;enb-w02;enb-w03,1.0,identical,"2 options, same codes throughout",eu characteristics: freedom of speech
Q0997,identical,3,1,eu-neighbourhood-barometer,enb-w01;enb-w02;enb-w03,1.0,identical,"2 options, same codes throughout",eu characteristics: dont know
Q0998,identical,3,1,eu-neighbourhood-barometer,enb-w01;enb-w02;enb-w03,1.0,identical,"2 options, same codes throughout",eu characteristics: honesty
Q0999,identical,3,1,eu-neighbourhood-barometer,enb-w01;enb-w02;enb-w03,1.0,identical,"2 options, same codes throughout",eu characteristics: freedom of religion
Q1000,identical,3,1,eu-neighbourhood-barometer,enb-w01;enb-w02;enb-w03,1.0,identical,"2 options, same codes throughout","eu characteristics: rule of law, transparency"
Q1001,identical,3,1,eu-neighbourhood-barometer,enb-w01;enb-w02;enb-w03,1.0,identical,"2 options, same codes throughout",eu characteristics: human rights
Q1002,identical,3,1,eu-neighbourhood-barometer,enb-w01;enb-w02;enb-w03,1.0,identical,"2 options, same codes throughout",eu characteristics: individual freedom
Q1003,identical,3,1,eu-neighbourhood-barometer,enb-w01;enb-w02;enb-w03,1.0,identical,"2 options, same codes throughout",eu characteristics: tolerance
Q1004,identical,3,1,eu-neighbourhood-barometer,enb-w01;enb-w02;enb-w03,1.0,identical,"2 options, same codes throughout",eu characteristics: democracy
Q1005,identical,3,1,eu-neighbourhood-barometer,enb-w01;enb-w02;enb-w03,1.0,identical,"2 options, same codes throughout",eu cooperation programmes - providing financial support
Q1006,identical,3,1,eu-neighbourhood-barometer,enb-w04;enb-w05;enb-w06,1.0,identical,"2 options, same codes throughout",eu policies cntry benefits: democracy (ab7 in wave 1 2 3)
Q1007,identical,3,1,eu-neighbourhood-barometer,enb-w04;enb-w05;enb-w06,1.0,identical,"2 options, same codes throughout",eu policies cntry benefits: employment (ab7 in wave 1 2 3)
Q1008,identical,3,1,eu-neighbourhood-barometer,enb-w04;enb-w05;enb-w06,1.0,identical,"2 options, same codes throughout",eu policies cntry benefits: support to agriculture (ab7 in wave 1 2 3)
Q1009,identical,3,1,eu-neighbourhood-barometer,enb-w04;enb-w05;enb-w06,1.0,identical,"2 options, same codes throughout",eu policies cntry benefits: promotion of palestinian state (ab7 in wave 1 2 3)
Q1010,identical,3,1,eu-neighbourhood-barometer,enb-w04;enb-w05;enb-w06,1.0,identical,"2 options, same codes throughout",eu policies cntry benefits: other (ab7 in wave 1 2 3)
Q1011,identical,3,1,eu-neighbourhood-barometer,enb-w04;enb-w05;enb-w06,1.0,identical,"2 options, same codes throughout",eu policies cntry benefits: not benefitted (ab7 in wave 1 2 3)
Q1012,identical,3,1,eu-neighbourhood-barometer,enb-w04;enb-w05;enb-w06,1.0,identical,"2 options, same codes throughout",eu policies cntry benefits: dont know (ab7 in wave 1 2 3)
Q1013,identical,3,1,eu-neighbourhood-barometer,enb-w04;enb-w05;enb-w06,1.0,identical,"2 options, same codes throughout",eu policies cntry benefits: refusal (ab7 in wave 1 2 3)
Q1014,identical,3,1,eu-neighbourhood-barometer,enb-w04;enb-w05;enb-w06,1.0,identical,"2 options, same codes throughout",eu policies cntry benefits: economic development (ab7 in wave 1 2 3)
Q1015,identical,3,1,eu-neighbourhood-barometer,enb-w04;enb-w05;enb-w06,1.0,identical,"2 options, same codes throughout",eu policies cntry benefits: access to products/services (ab7 in wave 1 2 3)
Q1016,identical,3,1,eu-neighbourhood-barometer,enb-w04;enb-w05;enb-w06,1.0,identical,"2 options, same codes throughout",eu policies cntry benefits: tourism (ab7 in wave 1 2 3)
Q1017,identical,3,1,eu-neighbourhood-barometer,enb-w04;enb-w05;enb-w06,1.0,identical,"2 options, same codes throughout",eu policies cntry benefits: fight against climate change (ab7 in wave 1 2 3)
Q1018,identical,3,1,eu-neighbourhood-barometer,enb-w04;enb-w05;enb-w06,1.0,identical,"2 options, same codes throughout",eu policies cntry benefits: trade (ab7 in wave 1 2 3)
Q1019,identical,3,1,eu-neighbourhood-barometer,enb-w04;enb-w05;enb-w06,1.0,identical,"2 options, same codes throughout",eu policies cntry benefits: development of infrastructure (ab7 in wave 1 2 3)
Q1020,identical,3,1,eu-neighbourhood-barometer,enb-w04;enb-w05;enb-w06,1.0,identical,"2 options, same codes throughout",eu policies cntry benefits: development aid (ab7 in wave 1 2 3)
Q1021,identical,3,1,eu-neighbourhood-barometer,enb-w04;enb-w05;enb-w06,1.0,identical,"2 options, same codes throughout",eu policies cntry benefits: education (ab7 in wave 1 2 3)
Q1022,identical,3,1,eu-neighbourhood-barometer,enb-w01;enb-w02;enb-w03,1.0,identical,"2 options, same codes throughout",eu cooperation programmes - know specific programmes
Q1023,identical,3,1,eu-neighbourhood-barometer,enb-w04;enb-w05;enb-w06,1.0,identical,"4 options, same codes throughout",eu statements: has appropriate level of involvement (ab8 in wave 1 2 3)
Q1024,identical,3,1,eu-neighbourhood-barometer,enb-w04;enb-w05;enb-w06,1.0,identical,"4 options, same codes throughout",eu statements: brings peace and stability in the region (ab8 in wave 1 2 3)
Q1025,identical,3,1,eu-neighbourhood-barometer,enb-w04;enb-w05;enb-w06,1.0,identical,"4 options, same codes throughout",eu statements: is an important partner (ab8 in wave 1 2 3)
Q1026,identical,3,1,eu-neighbourhood-barometer,enb-w04;enb-w05;enb-w06,1.0,identical,"4 options, same codes throughout",eu statements: sufficient common values to cooperate (ab8 in wave 1 2 3)
Q1027,identical,3,1,eu-neighbourhood-barometer,enb-w04;enb-w05;enb-w06,1.0,identical,"4 options, same codes throughout",eu statements: support contributes a lot to development (ab8 in wave 1 2 3)
Q1028,identical,3,1,eu-neighbourhood-barometer,enb-w04;enb-w05;enb-w06,1.0,identical,"2 options, same codes throughout",eu should have greater role: justice (ab9 in wave 1 2 3)
Q1029,identical,3,1,eu-neighbourhood-barometer,enb-w04;enb-w05;enb-w06,1.0,identical,"2 options, same codes throughout",eu should have greater role: human rights (ab9 in wave 1 2 3)
Q1030,identical,3,1,eu-neighbourhood-barometer,enb-w01;enb-w02;enb-w03,1.0,identical,"4 options, same codes throughout",eu statements: has appropriate level of involvement
Q1031,identical,3,1,eu-neighbourhood-barometer,enb-w01;enb-w02;enb-w03,1.0,identical,"4 options, same codes throughout",eu statements: brings peace and stability in the region
Q1032,identical,3,1,eu-neighbourhood-barometer,enb-w01;enb-w02;enb-w03,1.0,identical,"4 options, same codes throughout",eu statements: is an important partner
Q1033,identical,3,1,eu-neighbourhood-barometer,enb-w01;enb-w02;enb-w03,1.0,identical,"4 options, same codes throughout",eu statements: sufficient common values to cooperate
Q1034,identical,3,1,eu-neighbourhood-barometer,enb-w01;enb-w02;enb-w03,1.0,identical,"4 options, same codes throughout",eu statements: support contributes a lot to development
Q1035,identical,3,1,eu-neighbourhood-barometer,enb-w01;enb-w02;enb-w03,1.0,identical,"4 options, same codes throughout",eu statements: arab spring position was supportive
Q1036,identical,3,1,eu-neighbourhood-barometer,enb-w01;enb-w02;enb-w03,1.0,identical,"2 options, same codes throughout",eu should have greater role: economic development
Q1037,identical,3,1,eu-neighbourhood-barometer,enb-w01;enb-w02;enb-w03,1.0,identical,"2 options, same codes throughout",eu should have greater role: media freedom
Q1038,identical,3,1,eu-neighbourhood-barometer,enb-w01;enb-w02;enb-w03,1.0,identical,"2 options, same codes throughout",eu should have greater role: migration
Q1039,identical,3,1,eu-neighbourhood-barometer,enb-w01;enb-w02;enb-w03,1.0,identical,"2 options, same codes throughout",eu should have greater role: trade
Q1040,identical,3,1,eu-neighbourhood-barometer,enb-w01;enb-w02;enb-w03,1.0,identical,"2 options, same codes throughout",eu should have greater role: gender equality
Q1041,identical,3,1,eu-neighbourhood-barometer,enb-w01;enb-w02;enb-w03,1.0,identical,"2 options, same codes throughout",eu should have greater role: refugees/ displaced people
Q1042,identical,3,1,eu-neighbourhood-barometer,enb-w01;enb-w02;enb-w03,1.0,identical,"2 options, same codes throughout",eu should have greater role: middle east peace process
Q1043,identical,3,1,eu-neighbourhood-barometer,enb-w01;enb-w02;enb-w03,1.0,identical,"2 options, same codes throughout",eu should have greater role: justice
Q1044,identical,3,1,eu-neighbourhood-barometer,enb-w01;enb-w02;enb-w03,1.0,identical,"2 options, same codes throughout",eu should have greater role: environment/ climate change
Q1045,identical,3,1,eu-neighbourhood-barometer,enb-w01;enb-w02;enb-w03,1.0,identical,"2 options, same codes throughout",eu should have greater role: energy security
Q1046,identical,3,1,eu-neighbourhood-barometer,enb-w01;enb-w02;enb-w03,1.0,identical,"2 options, same codes throughout",eu should have greater role: transport
Q1047,identical,3,1,eu-neighbourhood-barometer,enb-w01;enb-w02;enb-w03,1.0,identical,"2 options, same codes throughout",eu should have greater role: education
Q1048,identical,3,1,eu-neighbourhood-barometer,enb-w01;enb-w02;enb-w03,1.0,identical,"2 options, same codes throughout",eu should have greater role: culture
Q1049,identical,3,1,eu-neighbourhood-barometer,enb-w01;enb-w02;enb-w03,1.0,identical,"2 options, same codes throughout",eu should have greater role: democracy
Q1050,identical,3,1,eu-neighbourhood-barometer,enb-w01;enb-w02;enb-w03,1.0,identical,"2 options, same codes throughout",eu should have greater role: regional cooperation
Q1051,identical,3,1,eu-neighbourhood-barometer,enb-w01;enb-w02;enb-w03,1.0,identical,"2 options, same codes throughout",eu should have greater role: security and defence
Q1052,near,3,1,eu-neighbourhood-barometer,enb-w01;enb-w02;enb-w03,1.0,identical,"4 options, same codes throughout",eu communication: does not take country reality into account
Q1053,identical,3,1,eu-neighbourhood-barometer,enb-w01;enb-w03;enb-w04,1.0,identical,"6 options, same codes throughout",social media use: facebook
Q1054,identical,3,1,eu-neighbourhood-barometer,enb-w01;enb-w03;enb-w04,1.0,identical,"6 options, same codes throughout",social media use: twitter
Q1055,identical,3,1,eu-neighbourhood-barometer,enb-w01;enb-w03;enb-w04,1.0,identical,"6 options, same codes throughout",social media use: linkedin
Q1056,identical,3,1,eu-neighbourhood-barometer,enb-w01;enb-w03;enb-w04,1.0,identical,"6 options, same codes throughout",social media use: google+
Q1057,identical,3,1,eu-neighbourhood-barometer,enb-w01;enb-w03;enb-w04,1.0,identical,"6 options, same codes throughout",social media use: vkontakte
Q1058,identical,3,1,eu-neighbourhood-barometer,enb-w01;enb-w03;enb-w04,1.0,identical,"6 options, same codes throughout",social media use: odnoklassniki
Q1059,identical,3,1,eu-neighbourhood-barometer,enb-w01;enb-w03;enb-w04,1.0,identical,"6 options, same codes throughout",social media use: netlog
Q1060,identical,3,1,eu-neighbourhood-barometer,enb-w01;enb-w03;enb-w04,1.0,identical,"6 options, same codes throughout",social media use: lifejournal
Q1061,identical,3,1,eu-neighbourhood-barometer,enb-w01;enb-w03;enb-w04,1.0,identical,"2 options, same codes throughout",social media account: facebook
Q1062,identical,3,1,eu-neighbourhood-barometer,enb-w01;enb-w03;enb-w04,1.0,identical,"2 options, same codes throughout",social media account: twitter
Q1063,identical,3,1,eu-neighbourhood-barometer,enb-w01;enb-w03;enb-w04,1.0,identical,"2 options, same codes throughout",social media account: linkedin
Q1064,identical,3,1,eu-neighbourhood-barometer,enb-w01;enb-w03;enb-w04,1.0,identical,"2 options, same codes throughout",social media account: google+
Q1065,identical,3,1,eu-neighbourhood-barometer,enb-w01;enb-w03;enb-w04,1.0,identical,"2 options, same codes throughout",social media account: vkontakte
Q1066,identical,3,1,eu-neighbourhood-barometer,enb-w01;enb-w03;enb-w04,1.0,identical,"2 options, same codes throughout",social media account: odnoklassniki
Q1067,identical,3,1,eu-neighbourhood-barometer,enb-w01;enb-w03;enb-w04,1.0,identical,"2 options, same codes throughout",social media account: netlog
Q1068,identical,3,1,eu-neighbourhood-barometer,enb-w01;enb-w03;enb-w04,1.0,identical,"2 options, same codes throughout",social media account: lifejournal
Q1069,identical,3,1,eu-neighbourhood-barometer,enb-w04;enb-w05;enb-w06,1.0,identical,"4 options, same codes throughout",crisis - impact on personal situation (new in wave 4 5 6)
Q1070,identical,3,1,eu-neighbourhood-barometer,enb-w04;enb-w05;enb-w06,1.0,identical,"2 options, same codes throughout",result of crisis - respondent lost job (new in wave 4 5 6)
Q1071,identical,3,1,eu-neighbourhood-barometer,enb-w04;enb-w05;enb-w06,1.0,identical,"2 options, same codes throughout",result of crisis - family member lost job (new in wave 4 5 6)
Q1072,identical,3,1,eu-neighbourhood-barometer,enb-w04;enb-w05;enb-w06,1.0,identical,"2 options, same codes throughout",result of crisis - colleague lost job (new in wave 4 5 6)
Q1073,identical,3,1,eu-neighbourhood-barometer,enb-w04;enb-w05;enb-w06,1.0,unknown,no member records value labels,time of the end of the interview - hours
Q1074,identical,3,1,eu-neighbourhood-barometer,enb-w04;enb-w05;enb-w06,1.0,unknown,no member records value labels,time of the end of the interview - minutes
Q1075,near,3,2,sahwa;world-values-survey,sahwa-w2015;wvs-w06;wvs-w07,1.0,unknown,at least one member's release records no value labels,MA - Confidence in the Arab League
Q1076,near,3,2,sahwa;world-values-survey,sahwa-w2015;wvs-w06;wvs-w07,1.0,unknown,at least one member's release records no value labels,MA - Confidence in the United Nations
Q1077,identical,2,1,afrobarometer,afro-w08;afro-w10,1.0,identical,"4 options, same codes throughout",Q10b. Freedom to join any political organization
Q1078,identical,2,1,afrobarometer,afro-w05;afro-w06,1.0,unknown,no member records value labels,Q112. Interviewer's number
Q1079,identical,2,1,afrobarometer,afro-w08;afro-w10,1.0,differs,"different numbers of options (1, 2)",Q113. Interviewer's ethnic group or tribe
Q1080,identical,2,1,afrobarometer,afro-w06;afro-w07,1.0,identical,"3 options, same codes throughout",EA-FAC-F. Bank in the PSU/EA
Q1081,identical,2,1,afrobarometer,afro-w08;afro-w10,1.0,identical,"3 options, same codes throughout",EA-FAC-F. Bank or money services in the PSU/EA
Q1082,near,2,1,afrobarometer,afro-w05;afro-w06,1.0,identical,"2 options, same codes throughout",EA-ROAD-A. Tarred/ paved road
Q1083,identical,2,1,afrobarometer,afro-w05;afro-w06,1.0,identical,"4 options, same codes throughout",Q14. Interest in public affairs
Q1084,identical,2,1,afrobarometer,afro-w05;afro-w06,1.0,differs,"different numbers of options (5, 6)",Q2. Language of respondent
Q1085,identical,2,1,afrobarometer,afro-w06;afro-w08,1.0,identical,"4 options, same codes throughout",Q47a. Elections ensure voters' views are reflected
Q1086,identical,2,1,afrobarometer,afro-w06;afro-w08,1.0,identical,"4 options, same codes throughout",Q47b. Elections enable voters to remove leaders from office
Q1087,identical,2,1,afrobarometer,afro-w06;afro-w07,1.0,identical,"4 options, same codes throughout",Q48b. Elections: opposition prevented from running
Q1088,identical,2,1,afrobarometer,afro-w05;afro-w06,1.0,identical,"4 options, same codes throughout",Q52a. How often news media abuses its freedom
Q1089,identical,2,1,afrobarometer,afro-w07;afro-w10,1.0,identical,"5 options, same codes throughout",Q59a. Severity of droughts
Q1090,identical,2,1,afrobarometer,afro-w06;afro-w07,1.0,differs,"5 options each, but they are not the same options",Q59b. Who responsible: local councillors do jobs
Q1091,identical,2,1,afrobarometer,afro-w07;afro-w10,1.0,identical,"5 options, same codes throughout",Q59b. Severity of flooding
Q1092,identical,2,1,afrobarometer,afro-w05;afro-w06,1.0,differs,"5 options each, but they are not the same options",Q61a. Pay bribe for: document or permit
Q1093,identical,2,1,afrobarometer,afro-w07;afro-w10,1.0,differs,"different numbers of options (4, 5)",Q61a. Climate change: main cause
Q1094,identical,2,1,afrobarometer,afro-w06;afro-w08,1.0,identical,"4 options, same codes throughout",Q70a. Difficulty to find out what taxes or fees to pay
Q1095,identical,2,1,afrobarometer,afro-w08;afro-w10,1.0,identical,"5 options, same codes throughout",Q70a. Influence of organization: African Union
Q1096,identical,2,1,afrobarometer,afro-w08;afro-w10,1.0,identical,"5 options, same codes throughout",Q93b. Electricity available from mains
Q1097,identical,2,1,afrobarometer,afro-w08;afro-w10,1.0,differs,"different numbers of options (3, 5)",Q19b. Media free to publish vs. government control
Q1098,identical,2,1,afrobarometer,afro-w06;afro-w07,1.0,identical,"5 options, same codes throughout",Q26a. Join others to request government action
Q1099,identical,2,1,afrobarometer,afro-w06;afro-w07,1.0,identical,"5 options, same codes throughout",Q26b. Contact media
Q1100,identical,2,1,afrobarometer,afro-w08;afro-w10,1.0,identical,"4 options, same codes throughout",Q35. How free is news media
Q1101,identical,2,1,afrobarometer,afro-w08;afro-w10,1.0,identical,"4 options, same codes throughout",Q38c. Corruption: Civil servants
Q1102,identical,2,1,afrobarometer,afro-w07;afro-w08,1.0,differs,"5 options each, but they are not the same options",Q39b. Government information for official use only
Q1103,identical,2,1,afrobarometer,afro-w07;afro-w08,1.0,identical,"2 options, same codes throughout",Q44a. Contact with public school
Q1104,identical,2,1,afrobarometer,afro-w07;afro-w08,1.0,differs,"different numbers of options (4, 5)",Q44c. Pay bribe for public school services
Q1105,identical,2,1,afrobarometer,afro-w08;afro-w10,1.0,differs,"7 options each, but they are not the same options",Q49b. Priorities for investment in youth programs
Q1106,identical,2,1,afrobarometer,afro-w07;afro-w10,1.0,identical,"5 options, same codes throughout",Q49b. Men have more right to job
Q1107,identical,2,1,afrobarometer,afro-w05;afro-w06,1.0,differs,"5 options each, but they are not the same options",Q55c. Difficulty to obtain medical treatment
Q1108,identical,2,1,afrobarometer,afro-w07;afro-w08,1.0,identical,"5 options, same codes throughout",Q62. Free to move when public security threatened vs impose curfews
Q1109,identical,2,1,afrobarometer,afro-w05;afro-w06,1.0,identical,"4 options, same codes throughout",Q67a. Local govt. handling maintaining roads
Q1110,identical,2,1,afrobarometer,afro-w05;afro-w06,1.0,identical,"4 options, same codes throughout",Q67b. Local govt. handling maintaining local markets
Q1111,identical,2,1,afrobarometer,afro-w08;afro-w10,1.0,identical,"5 options, same codes throughout",Q67b. Influence of country: China
Q1112,identical,2,1,afrobarometer,afro-w05;afro-w10,1.0,differs,"different numbers of options (4, 5)",Q69b. Problems with public clinic: lack of medicine/supplies
Q1113,identical,2,1,afrobarometer,afro-w07;afro-w08,1.0,identical,"5 options, same codes throughout",Q75. Absolute freedom of religion vs government regulates what is said
Q1114,identical,2,1,afrobarometer,afro-w05;afro-w10,1.0,identical,"4 options, same codes throughout",Q87a. Trust relatives
Q1115,identical,2,1,afrobarometer,afro-w05;afro-w10,1.0,identical,"4 options, same codes throughout",Q87b. Trust neighbours
Q1116,identical,2,1,afrobarometer,afro-w08;afro-w10,1.0,identical,"3 options, same codes throughout",EA-SVC-E. Borehole or tubewell in PSU/EA
Q1117,identical,2,1,afrobarometer,afro-w08;afro-w10,1.0,identical,"8 options, same codes throughout",Reason for Unsuccessful Call Household 10
Q1118,identical,2,1,afrobarometer,afro-w08;afro-w10,1.0,identical,"8 options, same codes throughout",Reason for Unsuccessful Call Household 11
Q1119,identical,2,1,afrobarometer,afro-w08;afro-w10,1.0,identical,"8 options, same codes throughout",Reason for Unsuccessful Call Household 12
Q1120,identical,2,1,afrobarometer,afro-w08;afro-w10,1.0,identical,"8 options, same codes throughout",Reason for Unsuccessful Call Household 13
Q1121,identical,2,1,afrobarometer,afro-w08;afro-w10,1.0,identical,"8 options, same codes throughout",Reason for Unsuccessful Call Household 14
Q1122,identical,2,1,afrobarometer,afro-w08;afro-w10,1.0,identical,"8 options, same codes throughout",Reason for Unsuccessful Call Household 15
Q1123,identical,2,1,afrobarometer,afro-w08;afro-w10,1.0,identical,"8 options, same codes throughout",Reason for Unsuccessful Call Household 16
Q1124,identical,2,1,afrobarometer,afro-w08;afro-w10,1.0,identical,"8 options, same codes throughout",Reason for Unsuccessful Call Household 17
Q1125,identical,2,1,afrobarometer,afro-w08;afro-w10,1.0,identical,"8 options, same codes throughout",Reason for Unsuccessful Call Household 18
Q1126,identical,2,1,afrobarometer,afro-w08;afro-w10,1.0,identical,"8 options, same codes throughout",Reason for Unsuccessful Call Household 19
Q1127,identical,2,1,afrobarometer,afro-w08;afro-w10,1.0,identical,"8 options, same codes throughout",Reason for Unsuccessful Call Household 20
Q1128,identical,2,1,afrobarometer,afro-w07;afro-w08,1.0,unknown,no member records value labels,Reason for Unsuccessful Call Household 2 (Verbatim)
Q1129,identical,2,1,afrobarometer,afro-w07;afro-w08,1.0,unknown,no member records value labels,Reason for Unsuccessful Call Household 3 (Verbatim)
Q1130,identical,2,1,afrobarometer,afro-w06;afro-w08,1.0,unknown,no member records value labels,Reason for Unsuccessful Call Household 4 (verbatim)
Q1131,identical,2,1,afrobarometer,afro-w08;afro-w10,1.0,identical,"8 options, same codes throughout",Reason for Unsuccessful Call Household 9
Q1132,identical,2,1,afrobarometer,afro-w07;afro-w08,1.0,identical,"5 options, same codes throughout",Q12d. Internet news
Q1133,identical,2,1,afrobarometer,afro-w06;afro-w07,1.0,identical,"5 options, same codes throughout",Q26c. Contact official for help
Q1134,identical,2,1,afrobarometer,afro-w06;afro-w07,1.0,identical,"5 options, same codes throughout",Q26d. Refuse to pay tax or fee to government
Q1135,near,2,1,afrobarometer,afro-w05;afro-w06,0.857,identical,"2 options, same codes throughout",Q29a. Last national election: attend a campaign meeting or rally
Q1136,identical,2,1,afrobarometer,afro-w05;afro-w06,1.0,identical,"2 options, same codes throughout",Q29b. Last national election: persuade others to vote for a certain candidate or party
Q1137,identical,2,1,afrobarometer,afro-w05;afro-w06,1.0,identical,"4 options, same codes throughout",Q52d. How often opposition parties silenced by government
Q1138,identical,2,1,afrobarometer,afro-w05;afro-w06,1.0,identical,"4 options, same codes throughout",Q52d. Trust tax department
Q1139,identical,2,1,afrobarometer,afro-w05;afro-w10,1.0,identical,"5 options, same codes throughout",Q5b. Your living conditions compared to 12 months ago
Q1140,identical,2,1,afrobarometer,afro-w07;afro-w08,1.0,identical,"3 options, same codes throughout",Q60a. Feared violence in neighbourhood
Q1141,identical,2,1,afrobarometer,afro-w05;afro-w06,1.0,identical,"4 options, same codes throughout",Q65d. Handling keeping prices down
Q1142,identical,2,1,afrobarometer,afro-w07;afro-w10,1.0,identical,"4 options, same codes throughout",Q68a. Considered emigration to other country
Q1143,identical,2,1,afrobarometer,afro-w07;afro-w10,1.0,differs,"10 options each, but they are not the same options",Q71b. Most likely country for emigration
Q1144,identical,2,1,afrobarometer,afro-w07;afro-w08,1.0,identical,"5 options, same codes throughout",Q74. Government should monitor private communication vs right to privacy
Q1145,identical,2,1,afrobarometer,afro-w08;afro-w10,1.0,identical,"5 options, same codes throughout",Q86e. Neighbours: people who support a different political party
Q1146,identical,2,1,afrobarometer,afro-w07;afro-w08,1.0,identical,"12 options, same codes throughout",Q96a. Head of household
Q1147,identical,2,1,afrobarometer,afro-w07;afro-w08,1.0,differs,"14 options each, but they are not the same options",Q96b. Occupation of head of household
Q1148,identical,2,2,afrobarometer;ebrd-life-in-transition,afro-w05;lits-w04,1.0,differs,"different numbers of options (4, 5)",Q98b. Importance of religion
Q1149,identical,2,1,afrobarometer,afro-w06;afro-w07,1.0,unknown,no member records value labels,within country weighting factor
Q1150,identical,2,1,afrobarometer,afro-w08;afro-w10,1.0,unknown,no member records value labels,"within country weighting factor, weights to EA level (""old AB withinwt"")"
Q1151,identical,2,1,afrobarometer,afro-w08;afro-w10,1.0,unknown,no member records value labels,"within country weighting factor, weights to HH level (""new AB withinwt"")"
Q1152,identical,2,1,afrobarometer,afro-w09;afro-w10,1.0,differs,"2 options each, but they are not the same options",Interview length calculated excluding break
Q1153,identical,2,1,afrobarometer,afro-w07;afro-w08,1.0,unknown,no member records value labels,Reason for Unsuccessful Call Household 7 (Verbatim)
Q1154,identical,2,1,afrobarometer,afro-w05;afro-w06,1.0,identical,"3 options, same codes throughout","Previous interview, gender"
Q1155,identical,2,1,afrobarometer,afro-w06;afro-w10,1.0,unknown,no member records value labels,Q102other. Language of interview (verbatim)
Q1156,identical,2,1,afrobarometer,afro-w08;afro-w10,1.0,differs,"6 options each, but they are not the same options",Q119. Other spoken languages_fifth
Q1157,identical,2,1,afrobarometer,afro-w05;afro-w06,1.0,identical,"4 options, same codes throughout",Q15b. Freedom to join any political organizations
Q1158,identical,2,1,afrobarometer,afro-w08;afro-w10,1.0,identical,"4 options, same codes throughout",Q16b. Last national election: fear political intimidation or violence
Q1159,identical,2,1,afrobarometer,afro-w07;afro-w10,1.0,unknown,no member records value labels,Q2bother. Language spoken in home (verbatim)
Q1160,identical,2,1,afrobarometer,afro-w05;afro-w10,1.0,differs,"different numbers of options (4, 5)",Q40f. Problems with public clinic: long waiting time
Q1161,identical,2,1,afrobarometer,afro-w05;afro-w06,1.0,identical,"4 options, same codes throughout",Q46. How effective the news media reveals government mistakes and corruption
Q1162,identical,2,1,afrobarometer,afro-w07;afro-w08,1.0,identical,"3 options, same codes throughout",Q54b. Feared violence during public protest
Q1163,identical,2,1,afrobarometer,afro-w05;afro-w06,1.0,identical,"4 options, same codes throughout",Q60d. Corruption: local government councilors
Q1164,identical,2,1,afrobarometer,afro-w05;afro-w06,1.0,differs,"5 options each, but they are not the same options",Q67c. Difficulty to obtain help from the police
Q1165,identical,2,1,afrobarometer,afro-w08;afro-w10,1.0,identical,"5 options, same codes throughout",Q67c. Influence of country: United States
Q1166,identical,2,1,afrobarometer,afro-w08;afro-w10,1.0,identical,"5 options, same codes throughout",Q67d. Influence of country: Russia
Q1167,identical,2,1,afrobarometer,afro-w07;afro-w10,1.0,differs,"different numbers of options (19, 20)",Q72. Most important reason for emigrating
Q1168,identical,2,1,afrobarometer,afro-w08;afro-w10,1.0,differs,"different numbers of options (3, 5)",Q76b. Allow free movement in region vs limit cross-border movement
Q1169,near,2,1,afrobarometer,afro-w05;afro-w07,0.875,identical,"5 options, same codes throughout",Q82c_tun. Religious leaders should not interfere in voters’ decisions in elections
Q1170,identical,2,1,afrobarometer,afro-w06;afro-w07,1.0,differs,"6 options each, but they are not the same options",Q8f. Frequency going without basic necessities
Q1171,identical,2,1,afrobarometer,afro-w08;afro-w10,1.0,identical,"2 options, same codes throughout",Q93c. Other source of electricity: available
Q1172,identical,2,1,afrobarometer,afro-w08;afro-w10,1.0,identical,"8 options, same codes throughout",Q94d. Other source of electricity: type
Q1173,identical,2,1,afrobarometer,afro-w06;afro-w07,1.0,identical,"4 options, same codes throughout",Q24f. Contact religious leader
Q1174,identical,2,1,afrobarometer,afro-w08;afro-w10,1.0,identical,"4 options, same codes throughout",Q47l. Handling providing a reliable supply of electricity
Q1175,identical,2,1,afrobarometer,afro-w08;afro-w10,1.0,identical,"4 options, same codes throughout",Q47m. Handling preventing or resolving violent conflict
Q1176,identical,2,1,afrobarometer,afro-w06;afro-w07,1.0,identical,"5 options, same codes throughout",Q49n. Pay bribe for household services
Q1177,identical,2,1,afrobarometer,afro-w07;afro-w08,1.0,identical,"4 options, same codes throughout","Q50o. Handling protecting rights, promoting opportunities for disabled"
Q1178,identical,2,2,afrobarometer;arab-barometer,ab-w05;afro-w05,1.0,differs,"4 options each, but they are not the same options",Q59k. Trust government
Q1179,identical,2,1,afrobarometer,afro-w07;afro-w10,1.0,unknown,no member records value labels,Q70other. Most important reason for emigrating (verbatim)
Q1180,identical,2,1,afrobarometer,afro-w08;afro-w10,1.0,identical,"1 options, same codes throughout","Q83a. Ethnic community, cultural group or tribe"
Q1181,identical,2,1,afrobarometer,afro-w08;afro-w10,1.0,differs,"different numbers of options (5, 6)",Q82a. Ethnic group treated unfairly by government
Q1182,identical,2,1,afrobarometer,afro-w08;afro-w10,1.0,differs,"6 options each, but they are not the same options",Q82b. Ethnic or national identity
Q1183,identical,2,1,afrobarometer,afro-w08;afro-w10,1.0,unknown,no member records value labels,Q94bother. Occupation of respondent (verbatim)
Q1184,identical,2,1,arab-barometer,ab-w06p1;ab-w06p2,1.0,identical,"6 options, same codes throughout",Surveyed country
Q1185,identical,2,1,arab-barometer,ab-w02;ab-w04,1.0,unknown,at least one member's release records no value labels,q1 Province/Governorate/State
Q1186,identical,2,1,arab-barometer,ab-w02;ab-w03,1.0,differs,"7 options each, but they are not the same options",q1003 Level of education
Q1187,identical,2,1,arab-barometer,ab-w02;ab-w03,1.0,identical,"4 options, same codes throughout",q1016 I will read you some statements related to your household income. Which of these statements comes closest to describing your household income?
Q1188,identical,2,1,arab-barometer,ab-w02;ab-w03,1.0,identical,"2 options, same codes throughout",q210 Do you think that there is corruption within the state’s institutions and agencies?
Q1189,identical,2,1,arab-barometer,ab-w07;ab-w08,1.0,differs,"different numbers of options (4, 5)",Q210. To what extent do you think that there is corruption within the national state agencies and institutions in your country?
Q1190,identical,2,1,arab-barometer,ab-w02;ab-w03,1.0,identical,"3 options, same codes throughout","q609 Generally speaking, would you describe yourself as...?"
Q1191,near,2,1,arab-barometer,ab-w06p1;ab-w06p2,1.0,identical,"3 options, same codes throughout","Q609.In general, would you describe yourself as religious, somewhat religious, o"
Q1192,near,2,1,arab-barometer,ab-w06p3;ab-w08,1.0,identical,"3 options, same codes throughout","Q609. In general, would you describe yourself as religious, somewhat religious, or not religious?"
Q1193,identical,2,1,arab-barometer,ab-w06p2;ab-w06p3,1.0,unknown,no member records value labels,Weight for the probability of selection
Q1194,identical,2,1,arab-barometer,ab-w03;ab-w04,1.0,unknown,at least one member's release records no value labels,q1006a Economic / work sector?
Q1195,identical,2,1,arab-barometer,ab-w02;ab-w03,1.0,identical,"5 options, same codes throughout",q409. Do you use the internet … ?
Q1196,identical,2,1,arab-barometer,ab-w02;ab-w03,1.0,identical,"5 options, same codes throughout",q102 What do you think will be the economic situation in your country during the next few years (3-5 years) compared to the current situation?
Q1197,identical,2,1,arab-barometer,ab-w07;ab-w08,1.0,unknown,no member records value labels,RECORD TODAY’S DATE
Q1198,identical,2,1,arab-barometer,ab-w02;ab-w03,1.0,differs,"different numbers of options (5, 12)",q1012a. Denomination
Q1199,identical,2,1,arab-barometer,ab-w02;ab-w03,1.0,identical,"4 options, same codes throughout",q1017. Does your family receive remittances from someone living abroad?
Q1200,identical,2,1,arab-barometer,ab-w07;ab-w08,1.0,differs,"different numbers of options (4, 5)",Q1017. Does your family receive remittances from any immediate or extended family member living abroad?
Q1201,identical,2,1,arab-barometer,ab-w02;ab-w03,1.0,identical,"2 options, same codes throughout","q103 Generally speaking, do you think most people are trustworthy or not?"
Q1202,identical,2,1,arab-barometer,ab-w07;ab-w08,1.0,differs,"different numbers of options (2, 3)","Q103. Generally speaking, would you say that “Most people can be trusted” or “that you must be very careful in dealing with people”?"
Q1203,identical,2,1,arab-barometer,ab-w02;ab-w07,1.0,differs,"different numbers of options (9, 69)",Q2061A_KUW. What is the most important challenge facing your country today?
Q1204,identical,2,1,arab-barometer,ab-w02;ab-w03,1.0,identical,"4 options, same codes throughout","q211 In your opinion, to what extent is the government working to eliminate corruption in your country?"
Q1205,identical,2,1,arab-barometer,ab-w06p1;ab-w06p3,1.0,identical,"5 options, same codes throughout",Foreign policy evaluation of American President Joseph Biden
Q1206,identical,2,1,arab-barometer,ab-w06p1;ab-w06p3,1.0,identical,"5 options, same codes throughout",Foreign policy evaluation of Chinese President Xi Jinping
Q1207,near,2,1,arab-barometer,ab-w06p2;ab-w08,1.0,identical,"5 options, same codes throughout",Q725_4.Chinese President Jinping Xi
Q1208,identical,2,1,arab-barometer,ab-w02;ab-w03,1.0,identical,"2 options, same codes throughout","q214 Have you, or any of your relatives or anyone you know been asked for an approval or a certificate of good conduct from security agencies as a condition to obtain a passport, identity card or any document or permit from state institutions in the area y"
Q1209,identical,2,1,arab-barometer,ab-w02;ab-w03,1.0,partly-labelled,at least one survey leaves 8 of its values unlabelled (3 options carry a label) — read the codebook before treating these as the same measurement,"q511 In your opinion, to what extent is your country democratic?"
Q1210,identical,2,1,arab-barometer,ab-w07;ab-w08,1.0,differs,"different numbers of options (4, 5)",Q601_4. University education for males is more important than university education for females
Q1211,identical,2,1,arab-barometer,ab-w06p1;ab-w06p3,1.0,identical,"4 options, same codes throughout",Favorability: China
Q1212,identical,2,1,arab-barometer,ab-w07;ab-w08,1.0,unknown,no member records value labels,PSU. Enter PSU
Q1213,near,2,2,arab-barometer;ebrd-life-in-transition,ab-w02;lits-w04,1.0,unknown,at least one member's release records no value labels,q1015 Monthly household income
Q1214,identical,2,1,arab-barometer,ab-w02;ab-w03,1.0,differs,"3 options each, but they are not the same options",q1020jo Country of Origin
Q1215,identical,2,1,arab-barometer,ab-w02;ab-w03,1.0,identical,"4 options, same codes throughout",q105 Do you currently feel that your own personal as well as your family’s safety and security are ensured or not?
Q1216,identical,2,1,arab-barometer,ab-w06p1;ab-w07,1.0,differs,"different numbers of options (4, 5)",Q204a_3. The government's performance overall
Q1217,identical,2,1,arab-barometer,ab-w07;ab-w08,1.0,differs,"different numbers of options (5, 6)",Q204_11. Providing security and order
Q1218,identical,2,1,arab-barometer,ab-w06p2;ab-w06p3,1.0,identical,"5 options, same codes throughout",Q204_25.Responding to the COVID-19 outbreak
Q1219,near,2,1,arab-barometer,ab-w02;ab-w03,0.857,identical,"2 options, same codes throughout","q302 During the last parliamentary elections held on (date of the last elections in each country), did you attend any meetings or activities related to any electoral campaign?"
Q1220,identical,2,1,arab-barometer,ab-w07;ab-w08,1.0,differs,"different numbers of options (7, 8)",Q421. What is your primary source of information to follow the breaking news as events unfold?
Q1221,identical,2,1,arab-barometer,ab-w02;ab-w03,1.0,differs,"4 options each, but they are not the same options",q514 To what extent do you agree or disagree with the following statement: “Political reform must be implemented in stages gradually (step by step) rather than immediately?
Q1222,identical,2,1,arab-barometer,ab-w02;ab-w03,1.0,differs,"2 options each, but they are not the same options","q707 Do you agree or disagree with the following statement: Despite negative U.S. foreign policy, Americans are good people"
Q1223,identical,2,1,arab-barometer,ab-w06p2;ab-w08,1.0,identical,"5 options, same codes throughout",Q725_2.Russian President Vladimir Putin
Q1224,identical,2,1,arab-barometer,ab-w06p2;ab-w08,1.0,identical,"5 options, same codes throughout",Q725_3.Turkish President Recep Tayyip Erdoğan
Q1225,near,2,1,arab-barometer,ab-w06p1;ab-w06p2,1.0,identical,"2 options, same codes throughout",Q1011d. Do you share this mobile phone number with any other person or is it you
Q1226,identical,2,1,arab-barometer,ab-w07;ab-w08,1.0,unknown,no member records value labels,Q1014A. How many adults aged 18 years and over living in your household work?
Q1227,near,2,1,arab-barometer,ab-w07;ab-w08,0.857,differs,"different numbers of options (2, 3)",Q104C. Would you consider leaving your country even if you didn’t have the required papers?
Q1228,identical,2,1,arab-barometer,ab-w02;ab-w03,1.0,identical,"4 options, same codes throughout",q106. To what extent do you feel that you are being treated equally to other citizens in your country?
Q1229,identical,2,1,arab-barometer,ab-w07;ab-w08,1.0,differs,"different numbers of options (8, 9, 10)","Q123_KUW. Among the following, which should be the top priority for government spending in the coming year?"
Q1230,identical,2,1,arab-barometer,ab-w07;ab-w08,1.0,differs,"different numbers of options (4, 5)",Q201A_3. The elected council of representatives (the parliament)
Q1231,identical,2,2,arab-barometer;ebrd-life-in-transition,ab-w07;lits-w04,1.0,differs,"5 options each, but they are not the same options",Q201A_5. Local government
Q1232,identical,2,1,arab-barometer,ab-w07;ab-w08,1.0,differs,"different numbers of options (4, 5)",Q201A_7. Civil society organizations
Q1233,near,2,1,arab-barometer,ab-w02;ab-w03,1.0,differs,"5 options each, but they are not the same options",q2042 I am going to ask a number of questions related to the current government’s performance. How would you evaluate the performance of the current government’s 2. Creating employment opportunities?
Q1234,near,2,1,arab-barometer,ab-w02;ab-w03,1.0,differs,"5 options each, but they are not the same options",q2043 I am going to ask a number of questions related to the current government’s performance. How would you evaluate the performance of the current government’s 3. Narrowing the gap between rich and poor?
Q1235,near,2,1,arab-barometer,ab-w02;ab-w03,1.0,differs,"5 options each, but they are not the same options",q2044 I am going to ask a number of questions related to the current government’s performance. How would you evaluate the performance of the current government’s 4. Improving basic health services?
Q1236,identical,2,1,arab-barometer,ab-w02;ab-w03,1.0,identical,"2 options, same codes throughout","q217 In your opinion, are people nowadays able to criticize the government without fear?"
Q1237,identical,2,1,arab-barometer,ab-w07;ab-w08,1.0,differs,"different numbers of options (2, 3)","Q266. In a typical month, do you donate money to a charity or those in need?"
Q1238,identical,2,1,arab-barometer,ab-w02;ab-w03,1.0,identical,"2 options, same codes throughout",q301 Did you vote in the last parliamentary elections that were held on (date of the last elections)?
Q1239,near,2,1,arab-barometer,ab-w07;ab-w08,1.0,differs,"different numbers of options (2, 3)",Q301A. Did you vote in the last parliamentary elections?
Q1240,identical,2,1,arab-barometer,ab-w07;ab-w08,1.0,differs,"different numbers of options (2, 3)",Q301C. Did you vote in the last local elections?
Q1241,identical,2,1,arab-barometer,ab-w02;ab-w03,1.0,identical,"3 options, same codes throughout","q403 When you wish to read foreign newspapers, magazines, books, or to view websites on the internet, do you sometimes find that they are blocked by the government and/or its agencies?"
Q1242,near,2,1,arab-barometer,ab-w02;ab-w03,1.0,differs,"5 options each, but they are not the same options","q4062 In general, do you follow political news through [Insert]? 2. The daily press"
Q1243,identical,2,1,arab-barometer,ab-w07;ab-w08,1.0,differs,"different numbers of options (5, 7)",Q424. How many hours on a typical day do you spend on social media platforms?
Q1244,near,2,1,arab-barometer,ab-w02;ab-w03,0.938,identical,"3 options, same codes throughout","q5022 Here is a set of activities that citizens usually take part in. During the past three years, did you participate in [Insert]? 2. Participating in a protest, march or sit-in"
Q1245,identical,2,1,arab-barometer,ab-w02;ab-w03,1.0,differs,"different numbers of options (161, 204)","q503. Which of the existing parties is closest to representing your political, social and economic aspirations?"
Q1246,identical,2,1,arab-barometer,ab-w07;ab-w08,1.0,differs,"different numbers of options (3, 4)","Q514A. There is talk about political reform in our country. Do you think we should introduce reforms little by little, all at once, or should there be no reforms at all?"
Q1247,identical,2,1,arab-barometer,ab-w07;ab-w08,1.0,differs,"different numbers of options (4, 5)","Q516_1. Under a democratic system, the country’s economic performance is weak"
Q1248,identical,2,1,arab-barometer,ab-w07;ab-w08,1.0,differs,"different numbers of options (4, 5)",Q516_2. Democratic regimes are indecisive and full of problems
Q1249,identical,2,1,arab-barometer,ab-w07;ab-w08,1.0,differs,"different numbers of options (4, 5)","Q516_4. Democratic systems may have problems, yet they are better than other systems"
Q1250,identical,2,1,arab-barometer,ab-w06p2;ab-w08,1.0,differs,"5 options each, but they are not the same options",Q534_2. Using a mobile phone (to talk)
Q1251,identical,2,1,arab-barometer,ab-w07;ab-w08,1.0,differs,"different numbers of options (4, 5)",Q606_3B. Religious clerics should have influence over the decisions of government
Q1252,identical,2,1,arab-barometer,ab-w07;ab-w08,1.0,differs,"different numbers of options (4, 5)",Q606_4. Religious practice is a private matter and should be separated from socio-economic life
Q1253,identical,2,1,arab-barometer,ab-w07;ab-w08,1.0,differs,"different numbers of options (4, 5)","Q606_8. Today, religious leaders are as likely to be corrupt as non-religious leaders"
Q1254,identical,2,1,arab-barometer,ab-w07;ab-w08,1.0,differs,"different numbers of options (5, 6)",Q610_6A. 'Listen to or read the Quran daily'
Q1255,identical,2,1,arab-barometer,ab-w07;ab-w08,1.0,differs,"different numbers of options (5, 6)",Q610_6B. Listen to or read the Bible daily?
Q1256,identical,2,1,arab-barometer,ab-w07;ab-w08,1.0,differs,"different numbers of options (5, 6)",Q610_2. Pray fajr on time
Q1257,identical,2,1,arab-barometer,ab-w07;ab-w08,1.0,differs,"different numbers of options (2, 3, 4)",Q700A_2 Saudi Arabia
Q1258,near,2,1,arab-barometer,ab-w06p1;ab-w07,1.0,differs,"different numbers of options (4, 5)",Q700B_2. Favorability of Saudi Arabia
Q1259,identical,2,1,arab-barometer,ab-w02;ab-w03,1.0,identical,"3 options, same codes throughout",q703 Is it better for your country...?
Q1260,identical,2,1,arab-barometer,ab-w02;ab-w03,1.0,identical,"4 options, same codes throughout",q704 Are the external demands for reform … ?
Q1261,identical,2,1,arab-barometer,ab-w07;ab-w08,1.0,unknown,no member records value labels,Q1001approx. Could you please tell me your approximate age?
Q1262,identical,2,1,arab-barometer,ab-w07;ab-w08,1.0,unknown,no member records value labels,Q1001year. What year were you born?
Q1263,near,2,1,arab-barometer,ab-w06p3;ab-w07,1.0,differs,"different numbers of options (5, 6)","Q1005E. Since the beginning of the coronavirus pandemic, has the amount of housework you do"
Q1264,identical,2,1,arab-barometer,ab-w02;ab-w03,1.0,differs,"different numbers of options (4, 19)","q1009 If you are currently working or have worked in the past, which of the following does your current work provide or your former work if you are retired or unemployed?"
Q1265,identical,2,1,arab-barometer,ab-w07;ab-w08,1.0,differs,"different numbers of options (3, 4)",Q1010D_1. Do you always wear the hijab when you are out in public?
Q1266,identical,2,1,arab-barometer,ab-w07;ab-w08,1.0,differs,"different numbers of options (4, 5)",Q1010D_2. Have you ever worn the hijab?
Q1267,identical,2,1,arab-barometer,ab-w03;ab-w04,1.0,unknown,at least one member's release records no value labels,q1011b. Do you have a car?
Q1268,identical,2,1,arab-barometer,ab-w06p3;ab-w07,1.0,differs,"different numbers of options (9, 13)",Q1012B What is your ethnicity?
Q1269,identical,2,1,arab-barometer,ab-w02;ab-w03,1.0,differs,"different numbers of options (4, 48)",q1013. Is the house you live in … ?
Q1270,identical,2,1,arab-barometer,ab-w07;ab-w08,1.0,partly-labelled,at least one survey leaves 6 of its values unlabelled (1 options carry a label) — read the codebook before treating these as the same measurement,Q1014B. How many youth under the age of 18 living in your household work?
Q1271,identical,2,1,arab-barometer,ab-w07;ab-w08,1.0,differs,"different numbers of options (7, 8)",Q1021. Which of the following best describes your main source of monthly income?
Q1272,identical,2,1,arab-barometer,ab-w07;ab-w08,1.0,differs,"different numbers of options (2, 3)",Q1025. Do you have a bank account?
Q1273,identical,2,1,arab-barometer,ab-w07;ab-w08,1.0,differs,"2 options each, but they are not the same options",Q104A. For economic reasons
Q1274,identical,2,1,arab-barometer,ab-w07;ab-w08,1.0,differs,"2 options each, but they are not the same options",Q104A. For political reasons
Q1275,identical,2,1,arab-barometer,ab-w07;ab-w08,1.0,differs,"2 options each, but they are not the same options",Q104A. Religious reasons
Q1276,identical,2,1,arab-barometer,ab-w07;ab-w08,1.0,differs,"2 options each, but they are not the same options",Q104A. Security reasons
Q1277,identical,2,1,arab-barometer,ab-w07;ab-w08,1.0,differs,"2 options each, but they are not the same options",Q104A. Reunite with family
Q1278,identical,2,1,arab-barometer,ab-w07;ab-w08,1.0,unknown,at least one member's release records no value labels,Q16ACOVID19. Refused to answer
Q1279,identical,2,1,arab-barometer,ab-w07;ab-w08,1.0,differs,"2 options each, but they are not the same options",Q104B. The United Kingdom
Q1280,identical,2,1,arab-barometer,ab-w07;ab-w08,1.0,differs,"2 options each, but they are not the same options",Q104B. Eastern Europe
Q1281,identical,2,1,arab-barometer,ab-w07;ab-w08,1.0,differs,"2 options each, but they are not the same options",Q104B. The United Arab Emirates
Q1282,identical,2,1,arab-barometer,ab-w07;ab-w08,1.0,differs,"2 options each, but they are not the same options",Q104B. Sub-Saharan Africa
Q1283,identical,2,1,arab-barometer,ab-w02;ab-w03,1.0,identical,"3 options, same codes throughout","q105a Compared to this time last year, do you feel that your own personal and your family’s safety and security are now…"
Q1284,identical,2,1,arab-barometer,ab-w06p3;ab-w07,1.0,differs,"different numbers of options (3, 4)",Q112_1. “We worried our food would run out before we got money to buy more”
Q1285,identical,2,1,arab-barometer,ab-w07;ab-w08,1.0,differs,"4 options each, but they are not the same options","Q114. Do you think the gap between the rich and the poor a year ago was wider, the same, or narrower than it is now?"
Q1286,identical,2,1,arab-barometer,ab-w07;ab-w08,1.0,differs,"different numbers of options (2, 3)",Q116 Do you have any savings?
Q1287,identical,2,1,arab-barometer,ab-w06p2;ab-w06p3,1.0,identical,"6 options, same codes throughout",Self-reported region type
Q1288,near,2,1,arab-barometer,ab-w02;ab-w03,1.0,identical,"4 options, same codes throughout","q2017 I will name a number of institutions, and I would like you to tell me to what extent you trust each of them: 7. Civil society institutions (associations, clubs, volunteer youth groups, etc.)"
Q1289,identical,2,1,arab-barometer,ab-w07;ab-w08,1.0,differs,"different numbers of options (4, 5)",Q201A_31B. President/Head of State
Q1290,identical,2,1,arab-barometer,ab-w07;ab-w08,1.0,differs,"different numbers of options (4, 5)",Q201A_31C. Prime Minister /Head of Government
Q1291,identical,2,1,arab-barometer,ab-w06p1;ab-w06p2,1.0,identical,"4 options, same codes throughout",Q201a_6A_LIB. Government of National Accord
Q1292,identical,2,1,arab-barometer,ab-w06p1;ab-w06p2,1.0,identical,"4 options, same codes throughout",Q201a_6B_LIB. House of Representatives
Q1293,identical,2,1,arab-barometer,ab-w07;ab-w08,1.0,differs,"different numbers of options (4, 5)",Q201B_15. Tribal leaders
Q1294,near,2,1,arab-barometer,ab-w02;ab-w03,1.0,identical,"5 options, same codes throughout","lp2032 Generally speaking, how would you evaluate the performance of [Insert] in carrying out its tasks and duties? 2. Parliament"
Q1295,near,2,1,arab-barometer,ab-w02;ab-w03,1.0,identical,"5 options, same codes throughout","lp2033 Generally speaking, how would you evaluate the performance of [Insert] in carrying out its tasks and duties? 3. The judiciary"
Q1296,near,2,1,arab-barometer,ab-w02;ab-w03,1.0,differs,"5 options each, but they are not the same options",q20412 I am going to ask a number of questions related to the current government’s performance. How would you evaluate the performance of the current government’s 12. Managing the process of democratic transition process?
Q1297,identical,2,1,arab-barometer,ab-w07;ab-w08,1.0,differs,"different numbers of options (4, 5)",Q204A_4. The quality of the streets in our country
Q1298,identical,2,1,arab-barometer,ab-w07;ab-w08,1.0,differs,"different numbers of options (4, 5)",Q204A_5. Trash collection in our country
Q1299,near,2,1,arab-barometer,ab-w02;ab-w03,1.0,identical,"5 options, same codes throughout","q2054 I will ask some questions about your ability to obtain certain services. Based on your actual experience, how difficult or easy is it to obtain 4. Assistance from public security (the police) when needed?"
Q1300,identical,2,1,arab-barometer,ab-w07;ab-w08,1.0,differs,"different numbers of options (6, 7)","Q274A. In the past 12 months, have you experienced any electricity outages"
Q1301,identical,2,1,arab-barometer,ab-w07;ab-w08,1.0,differs,"different numbers of options (6, 7)","Q274B. In the past 12 months, have you experienced water outages"
Q1302,identical,2,1,arab-barometer,ab-w07;ab-w08,1.0,differs,"different numbers of options (4, 5)",Q276. How well do you think the government responds to what people want?
Q1303,identical,2,1,arab-barometer,ab-w02;ab-w03,1.0,identical,"2 options, same codes throughout",q402 Do you think that the government in your country blocks media coverage of the activities and positions of the opposition in the daily press?
Q1304,identical,2,1,arab-barometer,ab-w02;ab-w03,1.0,identical,"4 options, same codes throughout",q405 To what extent do you follow political news in your country?
Q1305,near,2,1,arab-barometer,ab-w02;ab-w03,1.0,differs,"5 options each, but they are not the same options","q4063 In general, do you follow political news through [Insert]? 3. The weekly press"
Q1306,identical,2,1,arab-barometer,ab-w02;ab-w03,1.0,differs,"different numbers of options (7, 12)",q407. Which of the following sources is most trustworthy with regard to local political news?
Q1307,near,2,1,arab-barometer,ab-w02;ab-w03,1.0,identical,"2 options, same codes throughout",te4113 Are you a member of or participant in [Insert]? 3. A Facebook page
Q1308,near,2,1,arab-barometer,ab-w02;ab-w03,1.0,identical,"2 options, same codes throughout",te4114 Are you a member of or participant in [Insert]? 4. A Twitter account
Q1309,near,2,1,arab-barometer,ab-w02;ab-w03,1.0,identical,"2 options, same codes throughout",q5012 Are you a member of [Insert] 2. A charitable society
Q1310,near,2,1,arab-barometer,ab-w02;ab-w03,1.0,identical,"2 options, same codes throughout",q5013 Are you a member of [Insert] 3. A professional association/trade union
Q1311,near,2,1,arab-barometer,ab-w02;ab-w03,1.0,identical,"2 options, same codes throughout",q5014 Are you a member of [Insert] 4. A youth / cultural / sports organization
Q1312,near,2,1,arab-barometer,ab-w02;ab-w03,1.0,identical,"2 options, same codes throughout",q5015 Are you a member of [Insert] 5. A family/tribal association
Q1313,near,2,1,arab-barometer,ab-w02;ab-w03,1.0,identical,"2 options, same codes throughout",q5016 Are you a member of [Insert] 6. A local development association
Q1314,near,2,1,arab-barometer,ab-w02;ab-w03,1.0,identical,"2 options, same codes throughout",q5017 Are you a member of [Insert] 7. A cooperative association
Q1315,identical,2,1,arab-barometer,ab-w02;ab-w03,1.0,identical,"2 options, same codes throughout",q501b. Are you a member of a political party?
Q1316,identical,2,1,arab-barometer,ab-w07;ab-w08,1.0,differs,"different numbers of options (2, 3)","Q501D. In a typical month, do you volunteer your time to do unpaid work for or support a cause that you care about?"
Q1317,identical,2,1,arab-barometer,ab-w02;ab-w03,1.0,identical,"5 options, same codes throughout","q504 If you were to evaluate the state of democracy and human rights in your country today, would you say that they are ... ?"
Q1318,identical,2,1,arab-barometer,ab-w02;ab-w08,1.0,partly-labelled,at least one survey leaves 7 of its values unlabelled (3 options carry a label) — read the codebook before treating these as the same measurement,"q508 In your opinion, to what extent is the United States of America a democratic country?"
Q1319,identical,2,1,arab-barometer,ab-w02;ab-w08,1.0,partly-labelled,at least one survey leaves 7 of its values unlabelled (3 options carry a label) — read the codebook before treating these as the same measurement,"q509 In your opinion, to what extent is China a democratic country?"
Q1320,identical,2,1,arab-barometer,ab-w07;ab-w08,1.0,differs,"different numbers of options (4, 5)",Q521_2B. Freedom of the press
Q1321,identical,2,1,arab-barometer,ab-w07;ab-w08,1.0,differs,"different numbers of options (4, 5)",Q521_6. Freedom of religion
Q1322,near,2,1,arab-barometer,ab-w02;ab-w03,1.0,identical,"2 options, same codes throughout",q5221 Can you tell me the name of [Insert]? 1. The foreign minister
Q1323,identical,2,1,arab-barometer,ab-w07;ab-w08,1.0,differs,"different numbers of options (3, 4)","Q546. Do you think our national government should do more, less, or about the same amount as it is doing right now to deal with climate change?"
Q1324,near,2,1,arab-barometer,ab-w02;ab-w03,1.0,differs,"4 options each, but they are not the same options",q601.2 I will read a set of statements that relate to the status of women in our society to you in order to gauge the extent of your agreement or disagreement with each statement. A married woman can work outside the home
Q1325,identical,2,1,arab-barometer,ab-w02;ab-w03,1.0,identical,"4 options, same codes throughout","q603 Had there been a lottery and you had the chance to participate, would you buy a ticket?"
Q1326,near,2,1,arab-barometer,ab-w02;ab-w03,1.0,differs,"4 options each, but they are not the same options",q6082 To what extent do you agree with each of these statements? 2. Difference and variation between Islamic scholars with regard to their interpretation of religious matters is a good thing
Q1327,near,2,1,arab-barometer,ab-w07;ab-w08,1.0,differs,"different numbers of options (4, 5)","Q625. In the past 12 months, has abuse of or violence against women in the community increased, stayed the same, decreased, or was it never a problem?"
Q1328,identical,2,1,arab-barometer,ab-w02;ab-w03,1.0,identical,"5 options, same codes throughout","q702 During the past five years, did you spend time in a Western country (European country, Canada, the United States)?"
Q1329,identical,2,1,arab-barometer,ab-w02;ab-w03,1.0,identical,"4 options, same codes throughout",q706 Do you agree or disagree with the following statement: The United States’ interference in the region justifies armed operations against the United States everywhere
Q1330,identical,2,1,arab-barometer,ab-w02;ab-w03,1.0,differs,"2 options each, but they are not the same options",q709 Which of the following statements is closest to your opinion with regard to the Palestinian question?
Q1331,identical,2,1,arab-barometer,ab-w07;ab-w08,1.0,differs,"different numbers of options (7, 9)",Q727_2A. Which country would build it for the least amount of money?
Q1332,identical,2,1,arab-barometer,ab-w07;ab-w08,1.0,differs,"different numbers of options (7, 9)",Q727_4B. Which country would treat the local workforce the best?
Q1333,identical,2,1,arab-barometer,ab-w07;ab-w08,1.0,differs,"different numbers of options (7, 9)",Q727_5C. Which country would you prefer to get the contract?
Q1334,identical,2,1,arab-barometer,ab-w07;ab-w08,1.0,differs,"different numbers of options (3, 4)",Q728_1B. The development of China’s economic power
Q1335,identical,2,1,arab-barometer,ab-w07;ab-w08,1.0,differs,"different numbers of options (3, 4)",Q728_2B. The development of American economic power
Q1336,identical,2,1,arab-barometer,ab-w07;ab-w08,1.0,differs,"different numbers of options (3, 4)",Q728_4A. Iran’s political influence in the region
Q1337,identical,2,1,arab-barometer,ab-w07;ab-w08,1.0,differs,"different numbers of options (3, 4)",Q728_4B. Saudi Arabia’s political influence in the region
Q1338,identical,2,1,arab-barometer,ab-w07;ab-w08,1.0,differs,"different numbers of options (3, 4)",Q728_5A. Israeli occupation of the Palestinian territories
Q1339,identical,2,1,arab-barometer,ab-w07;ab-w08,1.0,differs,"different numbers of options (3, 4)",Q728_5B. Iran’s nuclear program
Q1340,identical,2,1,arab-barometer,ab-w06p2;ab-w08,1.0,identical,"4 options, same codes throughout",Q729B_5 Advances women’s rights
Q1341,identical,2,1,arab-barometer,ab-w06p2;ab-w08,1.0,identical,"4 options, same codes throughout",Q729B_6 Strengthens civil society
Q1342,identical,2,1,arab-barometer,ab-w07;ab-w08,1.0,differs,"different numbers of options (4, 5)",Q734C To what extent do you favor or oppose the normalization of relations between Arab states and Israel?
Q1343,identical,2,1,arab-barometer,ab-w07;ab-w08,1.0,differs,"different numbers of options (7, 8)",Q736B. What do you think should be the Biden administration’s number one priority in the Middle East and North Africa?
Q1344,identical,2,1,arab-barometer,ab-w07;ab-w08,1.0,differs,"different numbers of options (4, 5)",Q738. Which solution from among the following you prefer to put an end to the Palestinian-Israeli conflict?
Q1345,identical,2,1,arab-barometer,ab-w07;ab-w08,1.0,differs,"different numbers of options (3, 4)","Q867A. Do you believe that the quality of your life is better, the same as, or worse than the quality of your parents’ lives?"
Q1346,identical,2,1,arab-barometer,ab-w07;ab-w08,1.0,differs,"different numbers of options (3, 4)","Q867B. Do you believe that the quality of your children’s lives will be better, the same as, or worse than the quality of your life?"
Q1347,near,2,1,arab-barometer,ab-w02;ab-w03,1.0,identical,"5 options, same codes throughout","ir2035 Generally speaking, how would you evaluate the performance of [Insert] in carrying out its tasks and duties? 5. The local government"
Q1348,near,2,1,arab-barometer,ab-w02;ab-w03,1.0,identical,"2 options, same codes throughout",ir50110 Are you a member of [Insert] 10. A civil society organization that was not mentioned above
Q1349,identical,2,2,arab-barometer;world-values-survey,ab-w05;wvs-w07,1.0,unknown,at least one member's release records no value labels,MODE OF DATA COLLECTION
Q1350,identical,2,1,arab-barometer,ab-w04;ab-w08,1.0,unknown,at least one member's release records no value labels,Other- specify
Q1351,near,2,1,arab-barometer,ab-w02;ab-w03,1.0,identical,"2 options, same codes throughout",te4111 Are you a member of or participant in [Insert]? 1. Interactive or dialogue-based groups or pages on social networking websites
Q1352,near,2,1,arab-barometer,ab-w02;ab-w03,1.0,identical,"2 options, same codes throughout",te4115 Are you a member of or participant in [Insert]? 5. A private blog
Q1353,identical,2,1,arab-barometer,ab-w07;ab-w08,1.0,differs,"different numbers of options (80, 113)","Q503A_2 Which party, if any, do you feel closest to?"
Q1354,identical,2,2,arab-barometer;ebrd-life-in-transition,ab-w08;lits-w04,1.0,partly-labelled,at least one survey leaves 3 of its values unlabelled (2 options carry a label) — read the codebook before treating these as the same measurement,Q540B_2 Air pollution
Q1355,near,2,2,arab-barometer;arab-transformations,ab-w05;arabtrans-w2014,1.0,differs,"different numbers of options (4, 5)",Women should have equal inheritance rights
Q1356,identical,2,1,arab-barometer,ab-w05;ab-w08,1.0,differs,"4 options each, but they are not the same options",Q604A_NT_1. One who does not pray
Q1357,identical,2,1,arab-barometer,ab-w05;ab-w08,1.0,differs,"4 options each, but they are not the same options",Q604A_NT_3. One who comes from a family with a lower social status
Q1358,identical,2,1,arab-barometer,ab-w07;ab-w08,1.0,differs,"different numbers of options (2, 5)",Q621_1. Lack of means of transportation
Q1359,identical,2,1,arab-barometer,ab-w07;ab-w08,1.0,differs,"4 options each, but they are not the same options",Q871_MAUR_1. The government
Q1360,identical,2,2,arab-barometer;ebrd-life-in-transition,ab-w08;lits-w04,1.0,differs,"2 options each, but they are not the same options",None of these
Q1361,identical,2,1,arab-opinion-index,aoi-2019-2020;aoi-2022,1.0,identical,"4 options, same codes throughout",Alg1216.To what Madhhab do you belong?
Q1362,identical,2,1,arab-opinion-index,aoi-2017-2018;aoi-2019-2020,1.0,identical,"2 options, same codes throughout",Q1001_13.Have you heard of Al Qaeda
Q1363,identical,2,1,arab-opinion-index,aoi-2015;aoi-2016,1.0,identical,"2 options, same codes throughout",Q1001_2.Have you heard of Jebhat Al-Sham (formerly al-Nusra)
Q1364,identical,2,1,arab-opinion-index,aoi-2015;aoi-2016,1.0,identical,"2 options, same codes throughout",Q1001_3.Have you heard of Al Qaeda in the Arab Maghreb
Q1365,identical,2,1,arab-opinion-index,aoi-2015;aoi-2016,1.0,identical,"2 options, same codes throughout",Q1001_4.Have you heard of The popular mobilization forces in Iraq
Q1366,identical,2,1,arab-opinion-index,aoi-2015;aoi-2016,1.0,identical,"2 options, same codes throughout",Q1001_7.Have you heard of Al Qaeda (Ansar al-Sharia) in Yemen
Q1367,identical,2,1,arab-opinion-index,aoi-2015;aoi-2016,1.0,identical,"2 options, same codes throughout",Q1001_9.Have you heard of Al Qaeda in the Arab peninsula
Q1368,identical,2,1,arab-opinion-index,aoi-2017-2018;aoi-2019-2020,1.0,identical,"5 options, same codes throughout",Q1002_13.What is your opinion of Al Qaeda
Q1369,identical,2,1,arab-opinion-index,aoi-2015;aoi-2016,1.0,identical,"5 options, same codes throughout",Q1002_2.What is your opinion of Jebhat Al-Sham (formerly al-Nusra)
Q1370,identical,2,1,arab-opinion-index,aoi-2015;aoi-2016,1.0,identical,"5 options, same codes throughout",Q1002_3.What is your opinion of Al Qaeda in the Arab Maghreb
Q1371,identical,2,1,arab-opinion-index,aoi-2015;aoi-2016,1.0,identical,"5 options, same codes throughout",Q1002_4.What is your opinion of The popular mobilization forces in Iraq
Q1372,identical,2,1,arab-opinion-index,aoi-2015;aoi-2016,1.0,identical,"5 options, same codes throughout",Q1002_7.What is your opinion of Al Qaeda (Ansar al-Sharia) in Yemen
Q1373,identical,2,1,arab-opinion-index,aoi-2015;aoi-2016,1.0,identical,"5 options, same codes throughout",Q1002_9.What is your opinion of Al Qaeda in the Arab peninsula
Q1374,identical,2,1,arab-opinion-index,aoi-2015;aoi-2016,1.0,identical,"4 options, same codes throughout",Q1003.Are you following the developments related to the “Islamic state” in the media?
Q1375,identical,2,1,arab-opinion-index,aoi-2015;aoi-2016,1.0,identical,"5 options, same codes throughout",Q1004.What news source do you use most to get updates on ISIL?
Q1376,identical,2,1,arab-opinion-index,aoi-2016;aoi-2017-2018,1.0,identical,"11 options, same codes throughout","Q1007_1.Over the past two years, a number of fighters, some Arab and some foreign, joined ISIL and went to Syria, Iraq and Libya. In your opinion, what led them to do so? The first answer"
Q1377,identical,2,1,arab-opinion-index,aoi-2016;aoi-2017-2018,1.0,identical,"11 options, same codes throughout","Q1007_2.Over the past two years, a number of fighters, some Arab and some foreign, joined ISIL and went to Syria, Iraq and Libya. In your opinion, what led them to do so? The second answer"
Q1378,identical,2,1,arab-opinion-index,aoi-2011;aoi-2024-2025,1.0,identical,"5 options, same codes throughout",Q1213.The shortfall is typically met by
Q1379,identical,2,1,arab-opinion-index,aoi-2014;aoi-2015,1.0,identical,"4 options, same codes throughout",Q201_15.To what extent do you trust Egyptian media in general
Q1380,identical,2,1,arab-opinion-index,aoi-2014;aoi-2015,1.0,identical,"4 options, same codes throughout",Q201_16.To what extent do you trust The Grand Imam of al-Azhar
Q1381,identical,2,1,arab-opinion-index,aoi-2012-2013;aoi-2014,1.0,identical,"4 options, same codes throughout",Q201_17.To what extent do you trust Southern Movement
Q1382,identical,2,1,arab-opinion-index,aoi-2012-2013;aoi-2014,1.0,identical,"4 options, same codes throughout",Q201_18.To what extent do you trust National Security Agency
Q1383,identical,2,1,arab-opinion-index,aoi-2012-2013;aoi-2014,1.0,identical,"4 options, same codes throughout",Q201_20.To what extent do you trust Civil society associations
Q1384,identical,2,1,arab-opinion-index,aoi-2012-2013;aoi-2014,1.0,identical,"4 options, same codes throughout",Q201_21.To what extent do you trust The Joint Meeting Parties (JMP)
Q1385,identical,2,1,arab-opinion-index,aoi-2014;aoi-2024-2025,1.0,identical,"4 options, same codes throughout",Q201_26.To what extent do you trust Local/Provincial Administrators (Governors)
Q1386,identical,2,1,arab-opinion-index,aoi-2022;aoi-2024-2025,1.0,identical,"4 options, same codes throughout",Q201_48.To what extent do you trust The Rapid Support Forces
Q1387,identical,2,1,arab-opinion-index,aoi-2019-2020;aoi-2022,1.0,identical,"4 options, same codes throughout","Some say that “if an individual is loyal to his area before being loyal to his country, this helps to strengthen his loyalty to his country.” Do you agree or disagree?"
Q1388,identical,2,1,arab-opinion-index,aoi-2019-2020;aoi-2022,1.0,unknown,at least one member's release records no value labels,"In your opinion, why do some people believe that their tribal/sect/regional affiliation is important"
Q1389,identical,2,1,arab-opinion-index,aoi-2019-2020;aoi-2022,1.0,identical,"4 options, same codes throughout","Since (month), (country) has been experiencing protests. Do you support or oppose these protests?"
Q1390,identical,2,1,arab-opinion-index,aoi-2019-2020;aoi-2022,1.0,differs,"different numbers of options (13, 17)",Which is the Lebanese political figures do you trust the most? First figure
Q1391,identical,2,1,arab-opinion-index,aoi-2019-2020;aoi-2022,1.0,differs,"different numbers of options (13, 17)",Which is Lebanese political figures do you trust the most? Second figure
Q1392,identical,2,1,arab-opinion-index,aoi-2019-2020;aoi-2022,1.0,differs,"different numbers of options (13, 17)",Which is the Lebanese political figures do you not trust the most? First figure
Q1393,identical,2,1,arab-opinion-index,aoi-2019-2020;aoi-2022,1.0,differs,"different numbers of options (13, 17)",Which is the Lebanese political figures do you not trust the most? Second figure
Q1394,identical,2,1,arab-opinion-index,aoi-2019-2020;aoi-2022,1.0,differs,"different numbers of options (13, 15)",Who is the First choice of political figures in Iraq whom you trust most?
Q1395,identical,2,1,arab-opinion-index,aoi-2019-2020;aoi-2022,1.0,differs,"different numbers of options (13, 15)",Who is the Second choice of political figures in Iraq whom you trust most?
Q1396,identical,2,1,arab-opinion-index,aoi-2019-2020;aoi-2022,1.0,differs,"different numbers of options (13, 17)",Who is the First choice of political figures in Iraq whom you most distrust??
Q1397,identical,2,1,arab-opinion-index,aoi-2019-2020;aoi-2022,1.0,differs,"different numbers of options (13, 17)",Who is the Second choice of political figures in Iraq whom you most distrust??
Q1398,identical,2,1,arab-opinion-index,aoi-2019-2020;aoi-2022,1.0,identical,"3 options, same codes throughout","Do you believe that your current situation is better than, the same as, or worse than it was before the beginning of the popular mobilization?"
Q1399,identical,2,1,arab-opinion-index,aoi-2019-2020;aoi-2024-2025,1.0,identical,"3 options, same codes throughout","Regardless of current government policy and how much you agree or disagree with it, which of the following best describes how you see the state in your country?"
Q1400,identical,2,1,arab-opinion-index,aoi-2019-2020;aoi-2024-2025,1.0,unknown,at least one member's release records no value labels,In your opinion what is the most important element/characteristic of this national identity (the national identity of the country)?
Q1401,identical,2,1,arab-opinion-index,aoi-2019-2020;aoi-2022,1.0,differs,"different numbers of options (11, 14)","When the government decides on appointments of senior officials, in your view what is the most important factor it uses to make its decision?"
Q1402,identical,2,1,arab-opinion-index,aoi-2019-2020;aoi-2022,1.0,differs,"different numbers of options (11, 14)","When the government decides on appointments of senior officials, in your view what is the most Second important factor it uses to make its decision?"
Q1403,identical,2,1,arab-opinion-index,aoi-2019-2020;aoi-2022,1.0,identical,"2 options, same codes throughout","In principle, which of the following more closely represents your opinion?"
Q1404,identical,2,1,arab-opinion-index,aoi-2022;aoi-2024-2025,1.0,identical,"2 options, same codes throughout","In general, are things in (the country of study) headed in the right or wrong direction?"
Q1405,identical,2,1,arab-opinion-index,aoi-2022;aoi-2024-2025,1.0,identical,"4 options, same codes throughout","Regardless of the definition of state formidability, to what extent would you describe the state as formidable in your country?"
Q1406,identical,2,1,arab-opinion-index,aoi-2022;aoi-2024-2025,1.0,differs,"different numbers of options (3, 5)",Which of the following statements do you most agree with?
Q1407,identical,2,1,arab-opinion-index,aoi-2022;aoi-2024-2025,1.0,identical,"4 options, same codes throughout",To what extent do you agree or disagree with the following statement elections in a democracy lead to incompetent politicians coming to power?
Q1408,identical,2,1,arab-opinion-index,aoi-2022;aoi-2024-2025,1.0,differs,"different numbers of options (14, 15)","If you believe a public issue is just and important and you have an opinion on it, what is the best way to express your opinion? /The first answer"
Q1409,identical,2,1,arab-opinion-index,aoi-2022;aoi-2024-2025,1.0,differs,"different numbers of options (14, 15)","If you believe a public issue is just and important and you have an opinion on it, what is the best way to express your opinion? /The second answer"
Q1410,identical,2,1,arab-opinion-index,aoi-2022;aoi-2024-2025,1.0,differs,"different numbers of options (14, 15)","If you believe a public issue is just and important and you have an opinion on it, what is the best way to express your opinion? /The Third answer"
Q1411,identical,2,1,arab-opinion-index,aoi-2022;aoi-2024-2025,1.0,identical,"5 options, same codes throughout",Do you personally use Facebook? The first answer
Q1412,identical,2,1,arab-opinion-index,aoi-2022;aoi-2024-2025,1.0,identical,"5 options, same codes throughout",Do you personally use Facebook? The second answer
Q1413,identical,2,1,arab-opinion-index,aoi-2022;aoi-2024-2025,1.0,identical,"5 options, same codes throughout",Do you personally use Twitter? The first answer
Q1414,identical,2,1,arab-opinion-index,aoi-2022;aoi-2024-2025,1.0,identical,"5 options, same codes throughout",Do you personally use Twitter? The second answer
Q1415,identical,2,1,arab-opinion-index,aoi-2022;aoi-2024-2025,1.0,identical,"5 options, same codes throughout",Do you personally use Snapchat? The first answer
Q1416,identical,2,1,arab-opinion-index,aoi-2022;aoi-2024-2025,1.0,identical,"5 options, same codes throughout",Do you personally use Snapchat? The second answer
Q1417,identical,2,1,arab-opinion-index,aoi-2022;aoi-2024-2025,1.0,identical,"5 options, same codes throughout",Do you personally use Instagram? The first answer
Q1418,identical,2,1,arab-opinion-index,aoi-2022;aoi-2024-2025,1.0,identical,"5 options, same codes throughout",Do you personally use Instagram? The second answer
Q1419,identical,2,1,arab-opinion-index,aoi-2022;aoi-2024-2025,1.0,identical,"5 options, same codes throughout",Do you personally use Telegram? The first answer
Q1420,identical,2,1,arab-opinion-index,aoi-2022;aoi-2024-2025,1.0,identical,"5 options, same codes throughout",Do you personally use Telegram? The second answer
Q1421,identical,2,1,arab-opinion-index,aoi-2022;aoi-2024-2025,1.0,identical,"5 options, same codes throughout",Do you personally use YouTube? The first answer
Q1422,identical,2,1,arab-opinion-index,aoi-2022;aoi-2024-2025,1.0,identical,"5 options, same codes throughout",Do you personally use YouTube? The second answer
Q1423,identical,2,1,arab-opinion-index,aoi-2022;aoi-2024-2025,1.0,identical,"5 options, same codes throughout",Do you personally use WhatsApp? The first answer
Q1424,identical,2,1,arab-opinion-index,aoi-2022;aoi-2024-2025,1.0,identical,"5 options, same codes throughout",Do you personally use WhatsApp? The second answer
Q1425,identical,2,1,arab-opinion-index,aoi-2022;aoi-2024-2025,1.0,differs,"different numbers of options (4, 5)","On average, how often do you post on Facebook?"
Q1426,identical,2,1,arab-opinion-index,aoi-2022;aoi-2024-2025,1.0,differs,"different numbers of options (4, 5)","On average, how often do you post on Twitter?"
Q1427,identical,2,1,arab-opinion-index,aoi-2022;aoi-2024-2025,1.0,differs,"different numbers of options (4, 5)","On average, how often do you post on Snapchat?"
Q1428,identical,2,1,arab-opinion-index,aoi-2022;aoi-2024-2025,1.0,differs,"different numbers of options (4, 5)","On average, how often do you post on Instagram?"
Q1429,identical,2,1,arab-opinion-index,aoi-2022;aoi-2024-2025,1.0,differs,"different numbers of options (4, 5)","On average, how often do you post on Telegram?"
Q1430,identical,2,1,arab-opinion-index,aoi-2022;aoi-2024-2025,1.0,differs,"different numbers of options (4, 5)","On average, how often do you post on YouTube?"
Q1431,identical,2,1,arab-opinion-index,aoi-2022;aoi-2024-2025,1.0,differs,"different numbers of options (4, 5)","On average, how often do you post on WhatsApp?"
Q1432,identical,2,1,arab-opinion-index,aoi-2022;aoi-2024-2025,1.0,differs,"different numbers of options (11, 13)","Of all the reasons that motivate citizens to utilise social media, such as forums, Twitter, Facebook, Instagram, etc... which motivate you? The first answer"
Q1433,identical,2,1,arab-opinion-index,aoi-2022;aoi-2024-2025,1.0,differs,"different numbers of options (11, 13)","Of all the reasons that motivate citizens to utilise social media, such as forums, Twitter, Facebook, Instagram, etc... which motivate you? The second answer"
Q1434,identical,2,1,arab-opinion-index,aoi-2022;aoi-2024-2025,1.0,differs,"different numbers of options (11, 13)","Of all the reasons that motivate citizens to utilise social media, such as forums, Twitter, Facebook, Instagram, etc... which motivate you? The Third answer"
Q1435,identical,2,1,arab-opinion-index,aoi-2022;aoi-2024-2025,1.0,identical,"11 options, same codes throughout",Can you name the best platform for that aim? The first answer
Q1436,identical,2,1,arab-opinion-index,aoi-2022;aoi-2024-2025,1.0,identical,"11 options, same codes throughout",Can you name the best platform for that aim? The second answer
Q1437,identical,2,1,arab-opinion-index,aoi-2022;aoi-2024-2025,1.0,identical,"11 options, same codes throughout",Can you name the best platform for that aim? The Third answer
Q1438,identical,2,1,arab-opinion-index,aoi-2022;aoi-2024-2025,1.0,identical,"8 options, same codes throughout","When you follow political/social/public issue content on social media tools/applications such as forums, Twitter, Facebook, Instagram, etc., do you prefer to receive content in the form of.. The first answer"
Q1439,identical,2,1,arab-opinion-index,aoi-2022;aoi-2024-2025,1.0,identical,"8 options, same codes throughout","When you follow political/social/public issue content on social media tools/applications such as forums, Twitter, Facebook, Instagram, etc., do you prefer to receive content in the form of.. The second answer"
Q1440,identical,2,1,arab-opinion-index,aoi-2022;aoi-2024-2025,1.0,differs,"different numbers of options (16, 20)","What are the topics/content you follow the most on social media such as forums, Twitter, Facebook, Instagram etc.? The first answer"
Q1441,identical,2,1,arab-opinion-index,aoi-2022;aoi-2024-2025,1.0,differs,"different numbers of options (16, 20)","What are the topics/content you follow the most on social media such as forums, Twitter, Facebook, Instagram etc.? The second answer"
Q1442,identical,2,1,arab-opinion-index,aoi-2022;aoi-2024-2025,1.0,differs,"different numbers of options (16, 20)","What are the topics/content you follow the most on social media such as forums, Twitter, Facebook, Instagram etc.? The Third answer"
Q1443,identical,2,1,arab-opinion-index,aoi-2022;aoi-2024-2025,1.0,identical,"2 options, same codes throughout",Are you a participant/member of any private or public group online/on social media?
Q1444,identical,2,1,arab-opinion-index,aoi-2022;aoi-2024-2025,1.0,identical,"9 options, same codes throughout",On which platform does this group exist?
Q1445,identical,2,1,arab-opinion-index,aoi-2022;aoi-2024-2025,1.0,unknown,at least one member's release records no value labels,1 Specify the nature/topic/interests of that group
Q1446,identical,2,1,arab-opinion-index,aoi-2022;aoi-2024-2025,1.0,identical,"9 options, same codes throughout","If you generally follow the news on social media, would you follow it through? The first answer"
Q1447,identical,2,1,arab-opinion-index,aoi-2022;aoi-2024-2025,1.0,identical,"9 options, same codes throughout","If you generally follow the news on social media, would you follow it through? The second answer"
Q1448,identical,2,1,arab-opinion-index,aoi-2022;aoi-2024-2025,1.0,identical,"9 options, same codes throughout","If you generally follow the news on social media, would you follow it through? The Third answer"
Q1449,identical,2,1,arab-opinion-index,aoi-2022;aoi-2024-2025,1.0,unknown,at least one member's release records no value labels,Specify the channel The first answer
Q1450,identical,2,1,arab-opinion-index,aoi-2022;aoi-2024-2025,1.0,unknown,at least one member's release records no value labels,Specify the channel The second answer
Q1451,identical,2,1,arab-opinion-index,aoi-2022;aoi-2024-2025,1.0,unknown,at least one member's release records no value labels,Specify the channel The Third answer
Q1452,identical,2,1,arab-opinion-index,aoi-2022;aoi-2024-2025,1.0,identical,"4 options, same codes throughout",To what extent do you trust the news and information published by News channel pages on social media?
Q1453,identical,2,1,arab-opinion-index,aoi-2022;aoi-2024-2025,1.0,identical,"4 options, same codes throughout",To what extent do you trust the news and information published by Journalist pages on social media?
Q1454,identical,2,1,arab-opinion-index,aoi-2022;aoi-2024-2025,1.0,identical,"4 options, same codes throughout",To what extent do you trust the news and information published by Public pages for social media users on social media?
Q1455,identical,2,1,arab-opinion-index,aoi-2022;aoi-2024-2025,1.0,identical,"4 options, same codes throughout",To what extent do you trust the news and information published by Pages of influencers and celebrities on social media?
Q1456,identical,2,1,arab-opinion-index,aoi-2022;aoi-2024-2025,1.0,identical,"4 options, same codes throughout",To what extent do you trust the news and information published by News groups on WhatsApp on social media?
Q1457,identical,2,1,arab-opinion-index,aoi-2022;aoi-2024-2025,1.0,identical,"4 options, same codes throughout",To what extent do you trust the news and information published by Newsrooms and groups on Facebook on social media?
Q1458,identical,2,1,arab-opinion-index,aoi-2022;aoi-2024-2025,1.0,identical,"4 options, same codes throughout","Do you follow any of the influencers that have proliferated in recent years on social media platforms such as Instagram, Facebook, YouTube, Snapchat...etc.?"
Q1459,identical,2,1,arab-opinion-index,aoi-2022;aoi-2024-2025,1.0,differs,"different numbers of options (12, 14)",What kind of influencers do you like to follow? The first answer
Q1460,identical,2,1,arab-opinion-index,aoi-2022;aoi-2024-2025,1.0,differs,"different numbers of options (12, 14)",What kind of influencers do you like to follow? The second answer
Q1461,identical,2,1,arab-opinion-index,aoi-2022;aoi-2024-2025,1.0,differs,"different numbers of options (12, 14)",What kind of influencers do you like to follow? The Third answer
Q1462,identical,2,1,arab-opinion-index,aoi-2022;aoi-2024-2025,1.0,identical,"4 options, same codes throughout",Are you influenced by what these influencers post?
Q1463,identical,2,1,arab-opinion-index,aoi-2022;aoi-2024-2025,1.0,identical,"4 options, same codes throughout",How much do you trust the information these influencers share?
Q1464,identical,2,1,arab-opinion-index,aoi-2022;aoi-2024-2025,1.0,identical,"4 options, same codes throughout",How would describe the impact of social media on society?
Q1465,identical,2,1,arab-opinion-index,aoi-2022;aoi-2024-2025,1.0,identical,"4 options, same codes throughout",To what extent do you agree or disagree with the following statement The culture of our country is in danger due to new habits introduced through social media
Q1466,identical,2,1,arab-opinion-index,aoi-2022;aoi-2024-2025,1.0,identical,"4 options, same codes throughout",To what extent do you agree or disagree with the following statement It is important for parents to monitor and control their children and teens' use of social media
Q1467,identical,2,1,arab-opinion-index,aoi-2022;aoi-2024-2025,1.0,identical,"4 options, same codes throughout",To what extent do you agree or disagree with the following statement Social media has become dangerous for children and adolescents
Q1468,identical,2,1,arab-opinion-index,aoi-2022;aoi-2024-2025,1.0,identical,"4 options, same codes throughout",To what extent do you agree or disagree with the following statement Social media has brought the people of Arab countries closer together
Q1469,identical,2,1,arab-opinion-index,aoi-2022;aoi-2024-2025,1.0,identical,"4 options, same codes throughout",To what extent do you agree or disagree with the following statement Social media shares the knowledge and culture of users
Q1470,identical,2,1,arab-opinion-index,aoi-2022;aoi-2024-2025,1.0,identical,"4 options, same codes throughout","Regardless of everything published on social media, social media is generally good because it allows people to express their opinion on public matters in their country and to communicate their opinions to officials"
Q1471,identical,2,1,arab-opinion-index,aoi-2022;aoi-2024-2025,1.0,identical,"4 options, same codes throughout","Although social media allows people to express their opinions on public matters, it has become a source of rumour and fake news"
Q1472,identical,2,1,arab-opinion-index,aoi-2022;aoi-2024-2025,1.0,identical,"5 options, same codes throughout",On a scale from 1 – 5 Accusing the judiciary of being unfair
Q1473,identical,2,1,arab-opinion-index,aoi-2022;aoi-2024-2025,1.0,identical,"5 options, same codes throughout",On a scale from 1 – 5 Publishing news related to people's private and family lives
Q1474,identical,2,1,arab-opinion-index,aoi-2022;aoi-2024-2025,1.0,identical,"5 options, same codes throughout",On a scale from 1 – 5 Insulting celebrities on social media
Q1475,identical,2,1,arab-opinion-index,aoi-2022;aoi-2024-2025,1.0,differs,"different numbers of options (3, 5)",Which of the following two statements comes closest to your point of view?
Q1476,identical,2,1,arab-opinion-index,aoi-2022;aoi-2024-2025,1.0,identical,"4 options, same codes throughout",To what extent do you agree or disagree with the following statement: “No one has the right to question the patriotism of any member of society or their belonging to the nation because they oppose the government's policies?
Q1477,identical,2,1,arab-opinion-index,aoi-2022;aoi-2024-2025,1.0,identical,"4 options, same codes throughout",To what extent do you thinkSafeguarding and recognition of the dignity of the citizen is implemented in your country?
Q1478,identical,2,1,arab-opinion-index,aoi-2022;aoi-2024-2025,1.0,identical,"4 options, same codes throughout",To what extent do you thinkPeople's freedom of movement is preservedis implemented in your country?
Q1479,identical,2,1,arab-opinion-index,aoi-2022;aoi-2024-2025,1.0,identical,"4 options, same codes throughout",To what extent do you thinkCitizens' right to assembly is protected and safeguardedis implemented in your country?
Q1480,identical,2,1,arab-opinion-index,aoi-2022;aoi-2024-2025,1.0,identical,"4 options, same codes throughout",To what extent do you thinkCitizens' right to express their opinion is protected/guaranteedis implemented in your country?
Q1481,identical,2,1,arab-opinion-index,aoi-2022;aoi-2024-2025,1.0,identical,"4 options, same codes throughout",To what extent do you thinkThe right of citizens to elect their representativesis implemented in your country?
Q1482,identical,2,1,arab-opinion-index,aoi-2022;aoi-2024-2025,1.0,identical,"4 options, same codes throughout",To what extent do you thinkOwnership rights of citizens is implemented in your country?
Q1483,identical,2,1,arab-opinion-index,aoi-2022;aoi-2024-2025,1.0,identical,"4 options, same codes throughout",To what extent do you thinkCitizens are not subjected to arbitrary detentionis implemented in your country?
Q1484,identical,2,1,arab-opinion-index,aoi-2022;aoi-2024-2025,1.0,identical,"4 options, same codes throughout",To what extent do you thinkEvery defendant is treated by the government as innocent until proven guiltyis implemented in your country?
Q1485,identical,2,1,arab-opinion-index,aoi-2022;aoi-2024-2025,1.0,identical,"4 options, same codes throughout",To what extent do you thinkThe privacy of citizensis implemented in your country?
Q1486,identical,2,1,arab-opinion-index,aoi-2015;aoi-2016,1.0,identical,"4 options, same codes throughout",Q210_15.How would you evaluate the government’s performance in Ending conflict around mathhab
Q1487,identical,2,1,arab-opinion-index,aoi-2015;aoi-2016,1.0,identical,"4 options, same codes throughout",Q210_16.How would you evaluate the government’s performance in Eliminating terrorism
Q1488,identical,2,1,arab-opinion-index,aoi-2012-2013;aoi-2014,1.0,identical,"4 options, same codes throughout",Q210_19.How would you evaluate the government’s performance in Encouraging foreign investment in Tunisia
Q1489,identical,2,1,arab-opinion-index,aoi-2014;aoi-2019-2020,1.0,identical,"4 options, same codes throughout",Q221_1.How widespread do you believe financial and administrative corruption is in the (public) sector?
Q1490,identical,2,1,arab-opinion-index,aoi-2014;aoi-2019-2020,1.0,identical,"4 options, same codes throughout",Q221_2.How widespread do you believe financial and administrative corruption is in the (Private ) sector?
Q1491,identical,2,1,arab-opinion-index,aoi-2014;aoi-2019-2020,1.0,identical,"2 options, same codes throughout","Q225.Over the past 12 months, were you or one of your relatives or acquaintances asked to provide something in return for the easing or completion of a transaction in a public sector institution?"
Q1492,identical,2,1,arab-opinion-index,aoi-2014;aoi-2019-2020,1.0,identical,"6 options, same codes throughout",Q227.It was offered in return for
Q1493,identical,2,1,arab-opinion-index,aoi-2012-2013;aoi-2019-2020,1.0,identical,"4 options, same codes throughout","Q231_1.In your opinion, the best option for the citizens of your country is Public Transport"
Q1494,identical,2,1,arab-opinion-index,aoi-2012-2013;aoi-2019-2020,1.0,identical,"4 options, same codes throughout","Q231_10.In your opinion, the best option for the citizens of your country is Importing food"
Q1495,identical,2,1,arab-opinion-index,aoi-2012-2013;aoi-2019-2020,1.0,identical,"4 options, same codes throughout","Q231_11.In your opinion, the best option for the citizens of your country is Tapping into natural resources (oils, minerals, gas etc…)"
Q1496,identical,2,1,arab-opinion-index,aoi-2012-2013;aoi-2019-2020,1.0,identical,"4 options, same codes throughout","Q231_12.In your opinion, the best option for the citizens of your country is Fishing Sector"
Q1497,identical,2,1,arab-opinion-index,aoi-2012-2013;aoi-2019-2020,1.0,identical,"4 options, same codes throughout","Q231_13.In your opinion, the best option for the citizens of your country is Tourism sector"
Q1498,identical,2,1,arab-opinion-index,aoi-2012-2013;aoi-2019-2020,1.0,identical,"4 options, same codes throughout","Q231_2.In your opinion, the best option for the citizens of your country is Electricity"
Q1499,identical,2,1,arab-opinion-index,aoi-2012-2013;aoi-2019-2020,1.0,identical,"4 options, same codes throughout","Q231_3.In your opinion, the best option for the citizens of your country is Water"
Q1500,identical,2,1,arab-opinion-index,aoi-2012-2013;aoi-2019-2020,1.0,identical,"4 options, same codes throughout","Q231_4.In your opinion, the best option for the citizens of your country is Hospitals"
Q1501,identical,2,1,arab-opinion-index,aoi-2012-2013;aoi-2019-2020,1.0,identical,"4 options, same codes throughout","Q231_5.In your opinion, the best option for the citizens of your country is Schools"
Q1502,identical,2,1,arab-opinion-index,aoi-2012-2013;aoi-2019-2020,1.0,identical,"4 options, same codes throughout","Q231_6.In your opinion, the best option for the citizens of your country is Universities"
Q1503,identical,2,1,arab-opinion-index,aoi-2012-2013;aoi-2019-2020,1.0,identical,"4 options, same codes throughout","Q231_7.In your opinion, the best option for the citizens of your country is Vocational and polytechnic institutes and centers"
Q1504,identical,2,1,arab-opinion-index,aoi-2012-2013;aoi-2019-2020,1.0,identical,"4 options, same codes throughout","Q231_8.In your opinion, the best option for the citizens of your country is Telecommunications"
Q1505,identical,2,1,arab-opinion-index,aoi-2012-2013;aoi-2019-2020,1.0,identical,"4 options, same codes throughout","Q231_9.In your opinion, the best option for the citizens of your country is Internet provision"
Q1506,identical,2,1,arab-opinion-index,aoi-2012-2013;aoi-2019-2020,1.0,identical,"4 options, same codes throughout","Q232_1.With respect to the private sector in your country, do you agree / disagree that: Private sector companies contribute to reducing local unemployment problems"
Q1507,identical,2,1,arab-opinion-index,aoi-2012-2013;aoi-2019-2020,1.0,identical,"4 options, same codes throughout","Q232_10.With respect to the private sector in your country, do you agree / disagree that: Most private companies win (government) contracts due to their leverage and connections"
Q1508,identical,2,1,arab-opinion-index,aoi-2012-2013;aoi-2019-2020,1.0,identical,"4 options, same codes throughout","Q232_2.With respect to the private sector in your country, do you agree / disagree that: Most private companies make large profits that are not commensurate with their services or products"
Q1509,identical,2,1,arab-opinion-index,aoi-2012-2013;aoi-2019-2020,1.0,identical,"4 options, same codes throughout","Q232_3.With respect to the private sector in your country, do you agree / disagree that: Most private companies do not comply with labour laws"
Q1510,identical,2,1,arab-opinion-index,aoi-2012-2013;aoi-2019-2020,1.0,identical,"4 options, same codes throughout","Q232_4.With respect to the private sector in your country, do you agree / disagree that: Most private companies make a positive contribution to economic development in the country"
Q1511,identical,2,1,arab-opinion-index,aoi-2012-2013;aoi-2019-2020,1.0,identical,"4 options, same codes throughout","Q232_5.With respect to the private sector in your country, do you agree / disagree that: Most private companies evade taxes"
Q1512,identical,2,1,arab-opinion-index,aoi-2012-2013;aoi-2019-2020,1.0,identical,"4 options, same codes throughout","Q232_6.With respect to the private sector in your country, do you agree / disagree that: Most private companies offer good services to citizens"
Q1513,identical,2,1,arab-opinion-index,aoi-2012-2013;aoi-2019-2020,1.0,identical,"4 options, same codes throughout","Q232_7.With respect to the private sector in your country, do you agree / disagree that: Most private companies do not take community development into account"
Q1514,identical,2,1,arab-opinion-index,aoi-2012-2013;aoi-2019-2020,1.0,identical,"4 options, same codes throughout","Q232_8.With respect to the private sector in your country, do you agree / disagree that: Most private sector companies give their employees generous salaries and incentives"
Q1515,identical,2,1,arab-opinion-index,aoi-2012-2013;aoi-2019-2020,1.0,identical,"4 options, same codes throughout","Q232_9.With respect to the private sector in your country, do you agree / disagree that: Most private companies evade zakat obligations"
Q1516,identical,2,1,arab-opinion-index,aoi-2012-2013;aoi-2022,1.0,identical,"3 options, same codes throughout",Q301.Is your interest in your country’s politics now
Q1517,identical,2,1,arab-opinion-index,aoi-2011;aoi-2014,1.0,identical,"4 options, same codes throughout",Q303_6.Do you agree or disagree with The Council expresses the problems of citizens
Q1518,identical,2,1,arab-opinion-index,aoi-2011;aoi-2014,1.0,identical,"4 options, same codes throughout",Q303_7.Do you agree or disagree with The Council serves the public interest
Q1519,identical,2,1,arab-opinion-index,aoi-2011;aoi-2024-2025,1.0,identical,"2 options, same codes throughout","Q306.Regarding the results you envisaged, were the elections worth participating in?"
Q1520,identical,2,1,arab-opinion-index,aoi-2015;aoi-2019-2020,1.0,identical,"2 options, same codes throughout",Q310_1.Regarding previous parliamentary elections that took place in Attend an election campaign rally? did you?
Q1521,identical,2,1,arab-opinion-index,aoi-2015;aoi-2019-2020,1.0,identical,"2 options, same codes throughout",Q310_2.Regarding previous parliamentary elections that took place in Attend a meeting with an election candidate or an election campaign official? did you?
Q1522,identical,2,1,arab-opinion-index,aoi-2022;aoi-2024-2025,1.0,identical,"3 options, same codes throughout","Q335_5.Over the last 12 months, did you take part in Attending a Participate in a virtual campaign to support a cause"
Q1523,identical,2,1,arab-opinion-index,aoi-2016;aoi-2017-2018,1.0,identical,"2 options, same codes throughout",Q345.Do you follow political news on the internet or social networking sites run by satellite TV channels?
Q1524,identical,2,1,arab-opinion-index,aoi-2016;aoi-2017-2018,1.0,unknown,no member records value labels,Q348NUM_3.How many accounts do you have? Snapchat
Q1525,identical,2,1,arab-opinion-index,aoi-2016;aoi-2017-2018,1.0,unknown,no member records value labels,Q348NUM_4.How many accounts do you have? Instagram
Q1526,identical,2,1,arab-opinion-index,aoi-2016;aoi-2017-2018,1.0,unknown,no member records value labels,Q348NUM_5.How many accounts do you have? Telegram
Q1527,identical,2,1,arab-opinion-index,aoi-2016;aoi-2017-2018,1.0,unknown,no member records value labels,Q348NUM_6.How many accounts do you have? Youtube
Q1528,identical,2,1,arab-opinion-index,aoi-2022;aoi-2024-2025,1.0,identical,"2 options, same codes throughout",Q348_7.Do you have an account on WhatsAPP
Q1529,identical,2,1,arab-opinion-index,aoi-2016;aoi-2017-2018,1.0,identical,"6 options, same codes throughout",Q350_1.How often do you use Social Media applications To connect with family and friends
Q1530,identical,2,1,arab-opinion-index,aoi-2022;aoi-2024-2025,1.0,differs,"different numbers of options (5, 6)",Q350_11.How often do you use Social Media applications To spread your opinions on specific topics
Q1531,identical,2,1,arab-opinion-index,aoi-2022;aoi-2024-2025,1.0,differs,"different numbers of options (5, 6)",Q350_12.How often do you use Social Media applications To keep up with influencers
Q1532,identical,2,1,arab-opinion-index,aoi-2012-2013;aoi-2014,1.0,differs,"different numbers of options (115, 117)","Q401.With the exception of your home country, which country do you view to be the world's most democratic?"
Q1533,identical,2,1,arab-opinion-index,aoi-2015;aoi-2024-2025,1.0,identical,"4 options, same codes throughout",Q413.Which of the following statements best encapsulates your idea of a civil state?
Q1534,identical,2,1,arab-opinion-index,aoi-2012-2013;aoi-2019-2020,1.0,identical,"4 options, same codes throughout","Q417_1.To what extent do you believe that, Civil organisations and bodies enjoy the right to practice their activities"
Q1535,identical,2,1,arab-opinion-index,aoi-2012-2013;aoi-2019-2020,1.0,identical,"4 options, same codes throughout","Q417_2.To what extent do you believe that, Local press enjoys the right to criticize government policy"
Q1536,identical,2,1,arab-opinion-index,aoi-2012-2013;aoi-2024-2025,1.0,identical,"2 options, same codes throughout",Q421_1.Do you think the availability of Equality of all citizens regardless of wealth in your country is important?
Q1537,identical,2,1,arab-opinion-index,aoi-2012-2013;aoi-2024-2025,1.0,identical,"2 options, same codes throughout",Q421_2.Do you think the availability of Equality of all citizens regardless of gender/sex in your country is important?
Q1538,identical,2,1,arab-opinion-index,aoi-2012-2013;aoi-2024-2025,1.0,identical,"2 options, same codes throughout",Q421_3.Do you think the availability of Equality of all citizens regardless of religion in your country is important?
Q1539,identical,2,1,arab-opinion-index,aoi-2012-2013;aoi-2024-2025,1.0,identical,"2 options, same codes throughout",Q421_4.Do you think the availability of Equality of all citizens regardless of social status in your country is important?
Q1540,identical,2,1,arab-opinion-index,aoi-2012-2013;aoi-2024-2025,1.0,identical,"2 options, same codes throughout",Q421_5.Do you think the availability of Equality of all citizens regardless of cultural/ethnic/linguistic backgrounds in your country is important?
Q1541,identical,2,1,arab-opinion-index,aoi-2012-2013;aoi-2024-2025,1.0,identical,"2 options, same codes throughout",Q421_6.Do you think the availability of Equality of all citizens regardless of their political influence in your country is important?
Q1542,identical,2,1,arab-opinion-index,aoi-2012-2013;aoi-2024-2025,1.0,identical,"2 options, same codes throughout",Q421_7.Do you think the availability of Equality of all citizens regardless of their geographic area in your country is important?
Q1543,identical,2,1,arab-opinion-index,aoi-2012-2013;aoi-2024-2025,1.0,identical,"2 options, same codes throughout",Q421_8.Do you think the availability of Equality of citizens regardless of their religious sects (mathhab) in your country is important?
Q1544,identical,2,1,arab-opinion-index,aoi-2012-2013;aoi-2024-2025,1.0,identical,"2 options, same codes throughout",Q421_9.Do you think the availability of Equality of all citizens regardless of their tribe? in your country is important?
Q1545,identical,2,1,arab-opinion-index,aoi-2012-2013;aoi-2014,1.0,identical,"4 options, same codes throughout",Q422_11.to what extent do you believe that the Equality of all citizens regardless of being Northerners or Southerners Is applied in your country?
Q1546,identical,2,1,arab-opinion-index,aoi-2012-2013;aoi-2014,1.0,identical,"4 options, same codes throughout","Q423_11.to what extent do you agree/disagree with The government favors Palestinians originally from the (West Bank/Gaza Strip [as appropriate]), at the expense of Palestinian refugees when making senior-level civil service appointments"
Q1547,identical,2,1,arab-opinion-index,aoi-2012-2013;aoi-2014,1.0,identical,"4 options, same codes throughout",Q423_12.to what extent do you agree/disagree with The state favors Northern Yemenis over others when making senior-level civil service appointments
Q1548,identical,2,1,arab-opinion-index,aoi-2015;aoi-2016,1.0,identical,"4 options, same codes throughout","Q423_8.to what extent do you agree/disagree with When making senior-level civil service appointments, the state favours those with specific origins"
Q1549,identical,2,1,arab-opinion-index,aoi-2012-2013;aoi-2015,1.0,identical,"4 options, same codes throughout",Q424_3.To what extent do you support for/opposition (Those not of your religion) To practice their religion freely and without restriction
Q1550,identical,2,1,arab-opinion-index,aoi-2012-2013;aoi-2015,1.0,identical,"4 options, same codes throughout",Q424_5.To what extent do you support for/opposition (Those of a different sect) To practice their religious rituals freely and without restriction
Q1551,identical,2,1,arab-opinion-index,aoi-2014;aoi-2024-2025,1.0,identical,"2 options, same codes throughout",Q425_8.Displaced persons would you not like to have as neighbors
Q1552,identical,2,1,arab-opinion-index,aoi-2012-2013;aoi-2016,1.0,identical,"4 options, same codes throughout","Q427_18.In principle, would you support/oppose the position of the President/Prime Minister in your home country being held by Sahrawi"
Q1553,identical,2,1,arab-opinion-index,aoi-2016;aoi-2017-2018,1.0,identical,"4 options, same codes throughout","Q427_20.In principle, would you support/oppose the position of the President/Prime Minister in your home country being held by Turkmen"
Q1554,identical,2,1,arab-opinion-index,aoi-2012-2013;aoi-2014,1.0,identical,"4 options, same codes throughout","Q427_22.In principle, would you support/oppose the position of the President/Prime Minister in your home country being held by A Zaidi Muslim"
Q1555,identical,2,1,arab-opinion-index,aoi-2012-2013;aoi-2014,1.0,identical,"4 options, same codes throughout","Q427_23.In principle, would you support/oppose the position of the President/Prime Minister in your home country being held by A Shafei Muslim"
Q1556,identical,2,1,arab-opinion-index,aoi-2014;aoi-2016,1.0,identical,"4 options, same codes throughout",Q503_1.To what extent do you think that the principle of equal treatment for men and women (gender equality) is applied when it comes to Medical care
Q1557,identical,2,1,arab-opinion-index,aoi-2014;aoi-2016,1.0,identical,"4 options, same codes throughout",Q503_2.To what extent do you think that the principle of equal treatment for men and women (gender equality) is applied when it comes to Respect accorded by public sector employees
Q1558,identical,2,1,arab-opinion-index,aoi-2014;aoi-2016,1.0,identical,"4 options, same codes throughout",Q503_3.To what extent do you think that the principle of equal treatment for men and women (gender equality) is applied when it comes to Respect shown by other citizens
Q1559,identical,2,1,arab-opinion-index,aoi-2014;aoi-2016,1.0,identical,"4 options, same codes throughout",Q503_4.To what extent do you think that the principle of equal treatment for men and women (gender equality) is applied when it comes to Access to bank loans
Q1560,identical,2,1,arab-opinion-index,aoi-2014;aoi-2016,1.0,identical,"4 options, same codes throughout",Q503_5.To what extent do you think that the principle of equal treatment for men and women (gender equality) is applied when it comes to Gaining a place at a university
Q1561,identical,2,1,arab-opinion-index,aoi-2014;aoi-2016,1.0,identical,"4 options, same codes throughout",Q504_1.Please indicate your level of personal agreement/disagreement with each of this A woman is entitled to become the prime minister/president of a Muslim country
Q1562,identical,2,1,arab-opinion-index,aoi-2011;aoi-2012-2013,1.0,identical,"2 options, same codes throughout",Q608_1.Is important to approving the marriage of your son / daughter / sister / brother High level of education
Q1563,identical,2,1,arab-opinion-index,aoi-2011;aoi-2012-2013,1.0,identical,"2 options, same codes throughout",Q608_2.Is important to approving the marriage of your son / daughter / sister / brother Strong financial status
Q1564,identical,2,1,arab-opinion-index,aoi-2011;aoi-2012-2013,1.0,identical,"2 options, same codes throughout",Q608_3.Is important to approving the marriage of your son / daughter / sister / brother Belonging to a well known family/tribe/clan
Q1565,identical,2,1,arab-opinion-index,aoi-2011;aoi-2012-2013,1.0,identical,"12 options, same codes throughout",Q609.Which of the factors listed in the previous question is most important for your approval to a marriage?
Q1566,identical,2,1,arab-opinion-index,aoi-2015;aoi-2016,1.0,identical,"4 options, same codes throughout","Q610_10.I would like you to tell me the extent of your agreement/disagreement with In a Muslim society, citizens must be able to choose what best suits them from various schools of Muslim law and doctrine"
Q1567,identical,2,1,arab-opinion-index,aoi-2015;aoi-2016,1.0,identical,"4 options, same codes throughout","Q610_15.I would like you to tell me the extent of your agreement/disagreement with Difference in madhab/sect/school of Islamic law, casts doubt on the patriotisim of a person"
Q1568,identical,2,1,arab-opinion-index,aoi-2011;aoi-2012-2013,1.0,identical,"3 options, same codes throughout",Q702.Which of the following statements is closest to your opinion on inter-Arab cooperation?
Q1569,identical,2,1,arab-opinion-index,aoi-2011;aoi-2012-2013,1.0,identical,"2 options, same codes throughout",Q703_1.Do you agree/disagree with the Allowing Arab products and goods to move between Arab countries without customs and other restrictions
Q1570,identical,2,1,arab-opinion-index,aoi-2011;aoi-2012-2013,1.0,identical,"2 options, same codes throughout",Q703_2.Do you agree/disagree with the Creating a single Arab currency
Q1571,identical,2,1,arab-opinion-index,aoi-2011;aoi-2012-2013,1.0,identical,"2 options, same codes throughout",Q703_3.Do you agree/disagree with the Removing all travel restrictions between Arab counries for Arab citizens
Q1572,identical,2,1,arab-opinion-index,aoi-2011;aoi-2012-2013,1.0,identical,"2 options, same codes throughout",Q703_4.Do you agree/disagree with the Creating a joint Arab military force aside from the national armies
Q1573,identical,2,1,arab-opinion-index,aoi-2012-2013;aoi-2014,1.0,identical,"5 options, same codes throughout","Q822_9. In general, do you believe that the Arab revolutions have succeeded in achieving: Consolidating the foundations for the peaceful transfer of power"
Q1574,identical,2,1,arab-opinion-index,aoi-2014;aoi-2015,1.0,identical,"18 options, same codes throughout",Q829_1.what is the Most important factors from the following list that contributed to the failure of the Arab Spring /failure to achieve its objectives?
Q1575,identical,2,1,arab-opinion-index,aoi-2014;aoi-2015,1.0,identical,"18 options, same codes throughout",Q829_2.what is the 2nd most important factors from the following list that contributed to the failure of the Arab Spring /failure to achieve its objectives?
Q1576,identical,2,1,arab-opinion-index,aoi-2016;aoi-2017-2018,1.0,identical,"2 options, same codes throughout",Q831.Do you agree that there is a tension between these forces?
Q1577,identical,2,1,arab-opinion-index,aoi-2012-2013;aoi-2014,1.0,identical,"2 options, same codes throughout",Q836_1.do you have any anxieties or fears with regards to: That Islamist political movements will not respect the principle of a peaceful hand-over of power
Q1578,identical,2,1,arab-opinion-index,aoi-2012-2013;aoi-2014,1.0,identical,"2 options, same codes throughout",Q836_2.do you have any anxieties or fears with regards to: That Islamist political movements will use religion to impose restrictions on personal freedoms
Q1579,identical,2,1,arab-opinion-index,aoi-2012-2013;aoi-2014,1.0,identical,"2 options, same codes throughout",Q836_3.do you have any anxieties or fears with regards to: That Islamist political movements will make use of religion to censor creative and artistic/cultural works
Q1580,identical,2,1,arab-opinion-index,aoi-2012-2013;aoi-2014,1.0,identical,"2 options, same codes throughout",Q836_4.do you have any anxieties or fears with regards to: That Islamist political movements will come to be the arbiters of religious issues
Q1581,identical,2,1,arab-opinion-index,aoi-2012-2013;aoi-2014,1.0,identical,"2 options, same codes throughout",Q836_5.do you have any anxieties or fears with regards to: That Islamist political movements will censor the press
Q1582,identical,2,1,arab-opinion-index,aoi-2012-2013;aoi-2014,1.0,identical,"2 options, same codes throughout",Q836_6.do you have any anxieties or fears with regards to: That Islamist political movements will restrict the rights which women have hitherto gained
Q1583,identical,2,1,arab-opinion-index,aoi-2012-2013;aoi-2014,1.0,identical,"2 options, same codes throughout",Q836_7.do you have any anxieties or fears with regards to: That Islamist political movements will give preferential treatment to those who are more religious/religiously observant
Q1584,identical,2,1,arab-opinion-index,aoi-2012-2013;aoi-2014,1.0,identical,"2 options, same codes throughout",Q836_8.do you have any anxieties or fears with regards to: That Islamist political movements will not adopt competence as a criterion for making appointments in the public sector
Q1585,identical,2,1,arab-opinion-index,aoi-2014;aoi-2024-2025,1.0,identical,"4 options, same codes throughout",Q901_1.How would you describe your level of knowledge about The USA?
Q1586,identical,2,1,arab-opinion-index,aoi-2014;aoi-2024-2025,1.0,differs,"different numbers of options (10, 11)",Q902_11.Which of the following sources do you often use to get most of your information about the USA? First answer
Q1587,identical,2,1,arab-opinion-index,aoi-2014;aoi-2024-2025,1.0,differs,"different numbers of options (11, 12)",Q902_12.Which of the following sources do you often use to get most of your information about the USA? Second answer
Q1588,identical,2,1,arab-opinion-index,aoi-2014;aoi-2024-2025,1.0,identical,"4 options, same codes throughout","Q903_2.In general, how would you describe your attitudes towards (The USA): are they positive, positive to some extent, negative to some extent, or negative?"
Q1589,identical,2,1,arab-opinion-index,aoi-2014;aoi-2024-2025,1.0,differs,"different numbers of options (3, 5)",Q905_1.which of the two countries listed below would you choose in order to Complete university education for yourself or for a member of your family
Q1590,identical,2,1,arab-opinion-index,aoi-2014;aoi-2024-2025,1.0,differs,"different numbers of options (3, 5)",Q905_2.which of the two countries listed below would you choose in order to Work abroad
Q1591,identical,2,1,arab-opinion-index,aoi-2014;aoi-2024-2025,1.0,differs,"different numbers of options (3, 5)",Q905_3.which of the two countries listed below would you choose in order to Emigrate to
Q1592,identical,2,1,arab-opinion-index,aoi-2014;aoi-2024-2025,1.0,differs,"different numbers of options (3, 5)",Q905_4.which of the two countries listed below would you choose in order to Purchase imported products from
Q1593,identical,2,1,arab-opinion-index,aoi-2014;aoi-2024-2025,1.0,differs,"different numbers of options (3, 5)",Q905_5.which of the two countries listed below would you choose in order to Visit for tourism
Q1594,identical,2,1,arab-opinion-index,aoi-2014;aoi-2024-2025,1.0,differs,"different numbers of options (3, 5)",Q905_6.which of the two countries listed below would you choose in order to Visit for medical treatment
Q1595,identical,2,1,arab-opinion-index,aoi-2014;aoi-2024-2025,1.0,differs,"different numbers of options (3, 5)",Q905_7.which of the two countries listed below would you choose in order to Business/commerce
Q1596,identical,2,1,arab-opinion-index,aoi-2014;aoi-2024-2025,1.0,differs,"different numbers of options (3, 5)",Q905_8.which of the two countries listed below would you choose in order to Training in your field of work
Q1597,identical,2,1,arab-opinion-index,aoi-2014;aoi-2015,1.0,identical,"5 options, same codes throughout","Q906_2.Regardless of the foreign policy of Russia , my view of the people of Russia is"
Q1598,identical,2,1,arab-opinion-index,aoi-2014;aoi-2024-2025,1.0,partly-labelled,at least one survey leaves 8 of its values unlabelled (2 options carry a label) — read the codebook before treating these as the same measurement,Q907_2_1.to what extent do you think that the (USA) society/ people Is democratic
Q1599,identical,2,1,arab-opinion-index,aoi-2014;aoi-2024-2025,1.0,partly-labelled,at least one survey leaves 8 of its values unlabelled (2 options carry a label) — read the codebook before treating these as the same measurement,Q907_2_10.to what extent do you think that the (USA) society/ people Values individual efforts
Q1600,identical,2,1,arab-opinion-index,aoi-2014;aoi-2024-2025,1.0,partly-labelled,at least one survey leaves 8 of its values unlabelled (2 options carry a label) — read the codebook before treating these as the same measurement,Q907_2_11.to what extent do you think that the (USA) society/ people Is tolerant
Q1601,identical,2,1,arab-opinion-index,aoi-2014;aoi-2024-2025,1.0,partly-labelled,at least one survey leaves 8 of its values unlabelled (2 options carry a label) — read the codebook before treating these as the same measurement,Q907_2_2.to what extent do you think that the (USA) society/ people Has a fair judicial system
Q1602,identical,2,1,arab-opinion-index,aoi-2014;aoi-2024-2025,1.0,partly-labelled,at least one survey leaves 8 of its values unlabelled (2 options carry a label) — read the codebook before treating these as the same measurement,Q907_2_3.to what extent do you think that the (USA) society/ people Media organizations enjoy credibility
Q1603,identical,2,1,arab-opinion-index,aoi-2014;aoi-2024-2025,1.0,partly-labelled,at least one survey leaves 8 of its values unlabelled (2 options carry a label) — read the codebook before treating these as the same measurement,Q907_2_4.to what extent do you think that the (USA) society/ people Ensures gender equality
Q1604,identical,2,1,arab-opinion-index,aoi-2014;aoi-2024-2025,1.0,partly-labelled,at least one survey leaves 8 of its values unlabelled (2 options carry a label) — read the codebook before treating these as the same measurement,Q907_2_5.to what extent do you think that the (USA) society/ people Respects minority rights
Q1605,identical,2,1,arab-opinion-index,aoi-2014;aoi-2024-2025,1.0,partly-labelled,at least one survey leaves 8 of its values unlabelled (2 options carry a label) — read the codebook before treating these as the same measurement,Q907_2_6.to what extent do you think that the (USA) society/ people Is religiously observant
Q1606,identical,2,1,arab-opinion-index,aoi-2014;aoi-2024-2025,1.0,partly-labelled,at least one survey leaves 8 of its values unlabelled (2 options carry a label) — read the codebook before treating these as the same measurement,Q907_2_7.to what extent do you think that the (USA) society/ people Abides by the law
Q1607,identical,2,1,arab-opinion-index,aoi-2014;aoi-2024-2025,1.0,partly-labelled,at least one survey leaves 8 of its values unlabelled (2 options carry a label) — read the codebook before treating these as the same measurement,Q907_2_8.to what extent do you think that the (USA) society/ people Is technologically advanced
Q1608,identical,2,1,arab-opinion-index,aoi-2014;aoi-2024-2025,1.0,partly-labelled,at least one survey leaves 7 of its values unlabelled (2 options carry a label) — read the codebook before treating these as the same measurement,Q907_2_9.to what extent do you think that the (USA) society/ people Respects individual liberties
Q1609,identical,2,1,arab-opinion-index,aoi-2014;aoi-2024-2025,1.0,partly-labelled,at least one survey leaves 8 of its values unlabelled (2 options carry a label) — read the codebook before treating these as the same measurement,Q907_3_1.to what extent do you think that the (Home country) society/ people Is democratic
Q1610,identical,2,1,arab-opinion-index,aoi-2014;aoi-2024-2025,1.0,partly-labelled,at least one survey leaves 7 of its values unlabelled (2 options carry a label) — read the codebook before treating these as the same measurement,Q907_3_10.to what extent do you think that the (Home country) society/ people Values individual efforts
Q1611,identical,2,1,arab-opinion-index,aoi-2014;aoi-2024-2025,1.0,partly-labelled,at least one survey leaves 7 of its values unlabelled (2 options carry a label) — read the codebook before treating these as the same measurement,Q907_3_11.to what extent do you think that the (Home country) society/ people Is tolerant
Q1612,identical,2,1,arab-opinion-index,aoi-2014;aoi-2024-2025,1.0,partly-labelled,at least one survey leaves 7 of its values unlabelled (2 options carry a label) — read the codebook before treating these as the same measurement,Q907_3_2.to what extent do you think that the (Home country) society/ people Has a fair judicial system
Q1613,identical,2,1,arab-opinion-index,aoi-2014;aoi-2024-2025,1.0,partly-labelled,at least one survey leaves 7 of its values unlabelled (2 options carry a label) — read the codebook before treating these as the same measurement,Q907_3_3.to what extent do you think that the (Home country) society/ people Media organizations enjoy credibility
Q1614,identical,2,1,arab-opinion-index,aoi-2014;aoi-2024-2025,1.0,partly-labelled,at least one survey leaves 7 of its values unlabelled (2 options carry a label) — read the codebook before treating these as the same measurement,Q907_3_4.to what extent do you think that the (Home country) society/ people Ensures gender equality
Q1615,identical,2,1,arab-opinion-index,aoi-2014;aoi-2024-2025,1.0,partly-labelled,at least one survey leaves 8 of its values unlabelled (2 options carry a label) — read the codebook before treating these as the same measurement,Q907_3_5.to what extent do you think that the (Home country) society/ people Respects minority rights
Q1616,identical,2,1,arab-opinion-index,aoi-2014;aoi-2024-2025,1.0,partly-labelled,at least one survey leaves 7 of its values unlabelled (2 options carry a label) — read the codebook before treating these as the same measurement,Q907_3_6.to what extent do you think that the (Home country) society/ people Is religiously observant
Q1617,identical,2,1,arab-opinion-index,aoi-2014;aoi-2024-2025,1.0,partly-labelled,at least one survey leaves 7 of its values unlabelled (2 options carry a label) — read the codebook before treating these as the same measurement,Q907_3_7.to what extent do you think that the (Home country) society/ people Abides by the law
Q1618,identical,2,1,arab-opinion-index,aoi-2014;aoi-2024-2025,1.0,partly-labelled,at least one survey leaves 7 of its values unlabelled (2 options carry a label) — read the codebook before treating these as the same measurement,Q907_3_8.to what extent do you think that the (Home country) society/ people Is technologically advanced
Q1619,identical,2,1,arab-opinion-index,aoi-2014;aoi-2024-2025,1.0,partly-labelled,at least one survey leaves 8 of its values unlabelled (2 options carry a label) — read the codebook before treating these as the same measurement,Q907_3_9.to what extent do you think that the (Home country) society/ people Respects individual liberties
Q1620,identical,2,1,arab-opinion-index,aoi-2014;aoi-2024-2025,1.0,partly-labelled,at least one survey leaves 8 of its values unlabelled (2 options carry a label) — read the codebook before treating these as the same measurement,Q908_2_1.to what extent do you think that Religious fanaticism is prevalent/spread in (USA)?
Q1621,identical,2,1,arab-opinion-index,aoi-2014;aoi-2024-2025,1.0,partly-labelled,at least one survey leaves 8 of its values unlabelled (2 options carry a label) — read the codebook before treating these as the same measurement,Q908_2_2.to what extent do you think that Crime is prevalent/spread in (USA)?
Q1622,identical,2,1,arab-opinion-index,aoi-2014;aoi-2024-2025,1.0,partly-labelled,at least one survey leaves 8 of its values unlabelled (2 options carry a label) — read the codebook before treating these as the same measurement,Q908_2_3.to what extent do you think that Administrative and financial corruption is prevalent/spread in (USA)?
Q1623,identical,2,1,arab-opinion-index,aoi-2014;aoi-2024-2025,1.0,partly-labelled,at least one survey leaves 8 of its values unlabelled (2 options carry a label) — read the codebook before treating these as the same measurement,Q908_2_4.to what extent do you think that Racial discrimination is prevalent/spread in (USA)?
Q1624,identical,2,1,arab-opinion-index,aoi-2014;aoi-2024-2025,1.0,partly-labelled,at least one survey leaves 7 of its values unlabelled (2 options carry a label) — read the codebook before treating these as the same measurement,Q908_2_5.to what extent do you think that Materialism (opportunistic society) is prevalent/spread in (USA)?
Q1625,identical,2,1,arab-opinion-index,aoi-2014;aoi-2024-2025,1.0,partly-labelled,at least one survey leaves 8 of its values unlabelled (2 options carry a label) — read the codebook before treating these as the same measurement,Q908_2_6.to what extent do you think that Moral decadence is prevalent/spread in (USA)?
Q1626,identical,2,1,arab-opinion-index,aoi-2014;aoi-2024-2025,1.0,partly-labelled,at least one survey leaves 8 of its values unlabelled (2 options carry a label) — read the codebook before treating these as the same measurement,Q908_2_7.to what extent do you think that Weakness of family ties is prevalent/spread in (USA)?
Q1627,identical,2,1,arab-opinion-index,aoi-2014;aoi-2024-2025,1.0,partly-labelled,at least one survey leaves 7 of its values unlabelled (2 options carry a label) — read the codebook before treating these as the same measurement,Q908_3_1.to what extent do you think that Religious fanaticism is prevalent/spread in (Home country)?
Q1628,identical,2,1,arab-opinion-index,aoi-2014;aoi-2024-2025,1.0,partly-labelled,at least one survey leaves 7 of its values unlabelled (2 options carry a label) — read the codebook before treating these as the same measurement,Q908_3_2.to what extent do you think that Crime is prevalent/spread in (Home country)?
Q1629,identical,2,1,arab-opinion-index,aoi-2014;aoi-2024-2025,1.0,partly-labelled,at least one survey leaves 7 of its values unlabelled (2 options carry a label) — read the codebook before treating these as the same measurement,Q908_3_3.to what extent do you think that Administrative and financial corruption is prevalent/spread in (Home country)?
Q1630,identical,2,1,arab-opinion-index,aoi-2014;aoi-2024-2025,1.0,partly-labelled,at least one survey leaves 7 of its values unlabelled (2 options carry a label) — read the codebook before treating these as the same measurement,Q908_3_4.to what extent do you think that Racial discrimination is prevalent/spread in (Home country)?
Q1631,identical,2,1,arab-opinion-index,aoi-2014;aoi-2024-2025,1.0,partly-labelled,at least one survey leaves 7 of its values unlabelled (2 options carry a label) — read the codebook before treating these as the same measurement,Q908_3_5.to what extent do you think that Materialism (opportunistic society) is prevalent/spread in (Home country)?
Q1632,identical,2,1,arab-opinion-index,aoi-2014;aoi-2024-2025,1.0,partly-labelled,at least one survey leaves 7 of its values unlabelled (2 options carry a label) — read the codebook before treating these as the same measurement,Q908_3_6.to what extent do you think that Moral decadence is prevalent/spread in (Home country)?
Q1633,identical,2,1,arab-opinion-index,aoi-2014;aoi-2024-2025,1.0,partly-labelled,at least one survey leaves 7 of its values unlabelled (2 options carry a label) — read the codebook before treating these as the same measurement,Q908_3_7.to what extent do you think that Weakness of family ties is prevalent/spread in (Home country)?
Q1634,identical,2,1,arab-opinion-index,aoi-2014;aoi-2024-2025,1.0,differs,"different numbers of options (3, 4)",Q910_1.How would you describe the status of official relations between the government of your home country and the government of Turkey
Q1635,identical,2,1,arab-opinion-index,aoi-2014;aoi-2024-2025,1.0,differs,"different numbers of options (3, 4)",Q910_2.How would you describe the status of official relations between the government of your home country and the government of USA
Q1636,identical,2,1,arab-opinion-index,aoi-2014;aoi-2024-2025,1.0,differs,"different numbers of options (3, 4)",Q910_3.How would you describe the status of official relations between the government of your home country and the government of Iran
Q1637,identical,2,1,arab-opinion-index,aoi-2014;aoi-2024-2025,1.0,differs,"different numbers of options (3, 4)",Q910_4.How would you describe the status of official relations between the government of your home country and the government of Russia
Q1638,identical,2,1,arab-opinion-index,aoi-2014;aoi-2024-2025,1.0,differs,"different numbers of options (3, 4)",Q910_5.How would you describe the status of official relations between the government of your home country and the government of France
Q1639,identical,2,1,arab-opinion-index,aoi-2014;aoi-2024-2025,1.0,differs,"different numbers of options (3, 4)",Q910_6.How would you describe the status of official relations between the government of your home country and the government of China
Q1640,identical,2,1,arab-opinion-index,aoi-2014;aoi-2016,1.0,identical,"4 options, same codes throughout",Q914_1_1.Do you agree or disagree with the statement: The USA supports democratic transition in the Arab countries
Q1641,identical,2,1,arab-opinion-index,aoi-2014;aoi-2024-2025,1.0,identical,"4 options, same codes throughout",Q914_1_10.Do you agree or disagree with the statement: The USA contributes to the spread of financial and administrative corruption in the Arab countries
Q1642,identical,2,1,arab-opinion-index,aoi-2014;aoi-2024-2025,1.0,identical,"4 options, same codes throughout",Q914_1_5.Do you agree or disagree with the statement: The USA attempts to impose its own policies on the other countries in the world
Q1643,identical,2,1,arab-opinion-index,aoi-2014;aoi-2024-2025,1.0,identical,"4 options, same codes throughout",Q914_1_6.Do you agree or disagree with the statement: The USA aims to impose its own agenda on other countries by providing assistance and aid
Q1644,identical,2,1,arab-opinion-index,aoi-2014;aoi-2024-2025,1.0,identical,"4 options, same codes throughout",Q914_1_7.Do you agree or disagree with the statement: Muslims living inThe USA enjoy all the rights that other (US) citizens enjoy
Q1645,identical,2,1,arab-opinion-index,aoi-2014;aoi-2016,1.0,identical,"4 options, same codes throughout",Q914_2_1.Do you agree or disagree with the statement: Russia supports democratic transition in the Arab countries
Q1646,identical,2,1,arab-opinion-index,aoi-2015;aoi-2016,1.0,identical,"4 options, same codes throughout",Q915_1_1.To what extent do you agree with the statement: Iran supports the democratic transition in Arab countries
Q1647,identical,2,1,arab-opinion-index,aoi-2015;aoi-2016,1.0,identical,"4 options, same codes throughout",Q915_1_3.To what extent do you agree with the statement: Iran exploits crises in the region to expand its influence
Q1648,identical,2,1,arab-opinion-index,aoi-2015;aoi-2016,1.0,identical,"4 options, same codes throughout",Q915_2_1.To what extent do you agree with the statement: Turkey supports the democratic transition in Arab countries
Q1649,identical,2,1,arab-opinion-index,aoi-2015;aoi-2016,1.0,identical,"4 options, same codes throughout",Q915_2_3.To what extent do you agree with the statement: Turkey exploits crises in the region to expand its influence
Q1650,identical,2,1,arab-opinion-index,aoi-2014;aoi-2024-2025,1.0,differs,"different numbers of options (12, 14)","Q916_2_1.Which of the following measures, if taken by The USA would then improve your personal opinion of it. The first answer"
Q1651,identical,2,1,arab-opinion-index,aoi-2014;aoi-2024-2025,1.0,differs,"different numbers of options (12, 14)","Q916_2_2.Which of the following measures, if taken by The USA would then improve your personal opinion of it. The second answer"
Q1652,identical,2,1,arab-opinion-index,aoi-2014;aoi-2024-2025,1.0,differs,"different numbers of options (12, 14)","Q916_2_3.Which of the following measures, if taken by The USA would then improve your personal opinion of it. The third answer"
Q1653,identical,2,1,arab-opinion-index,aoi-2014;aoi-2024-2025,1.0,identical,"12 options, same codes throughout","Q918_1.In your opinion, who or which of the following is the most influential in the making of US foreign policy? The first answer"
Q1654,identical,2,1,arab-opinion-index,aoi-2014;aoi-2024-2025,1.0,identical,"12 options, same codes throughout","Q918_2.In your opinion, who or which of the following is the most influential in the making of US foreign policy? The second answer"
Q1655,identical,2,1,arab-opinion-index,aoi-2016;aoi-2017-2018,1.0,identical,"4 options, same codes throughout",Q920_3_1.How would you assess the policies of Iranian policy Towards Iraq
Q1656,identical,2,1,arab-opinion-index,aoi-2016;aoi-2017-2018,1.0,identical,"4 options, same codes throughout",Q920_3_2.How would you assess the policies of Russian policy Towards Iraq
Q1657,identical,2,1,arab-opinion-index,aoi-2016;aoi-2017-2018,1.0,identical,"4 options, same codes throughout",Q920_3_3.How would you assess the policies of American policy Towards Iraq
Q1658,identical,2,1,arab-opinion-index,aoi-2016;aoi-2017-2018,1.0,identical,"4 options, same codes throughout",Q920_3_4.How would you assess the policies of Turkish policy Towards Iraq
Q1659,identical,2,1,arab-opinion-index,aoi-2016;aoi-2017-2018,1.0,identical,"4 options, same codes throughout",Q920_3_5.How would you assess the policies of policy French Towards Iraq
Q1660,identical,2,1,arab-opinion-index,aoi-2016;aoi-2017-2018,1.0,identical,"4 options, same codes throughout",Q921_2_1.How would you assess the policies of Iranian policy Towards Libya
Q1661,identical,2,1,arab-opinion-index,aoi-2016;aoi-2017-2018,1.0,identical,"4 options, same codes throughout",Q922_10.Do you believe the current policies of UAE threaten the security and stability of the region?
Q1662,identical,2,1,arab-opinion-index,aoi-2016;aoi-2017-2018,1.0,identical,"4 options, same codes throughout",Q922_11.Do you believe the current policies of Qatar threaten the security and stability of the region?
Q1663,identical,2,1,arab-opinion-index,aoi-2022;aoi-2024-2025,1.0,identical,"4 options, same codes throughout",Q922_12.Do you believe the current policies of Japan threaten the security and stability of the region?
Q1664,identical,2,1,arab-opinion-index,aoi-2022;aoi-2024-2025,1.0,identical,"4 options, same codes throughout",Q922_13.Do you believe the current policies of Ethiopia threaten the security and stability of the region?
Q1665,identical,2,1,arab-opinion-index,aoi-2016;aoi-2017-2018,1.0,identical,"4 options, same codes throughout",Q922_8.Do you believe the current policies of Saudi Arabia threaten the security and stability of the region?
Q1666,identical,2,1,arab-opinion-index,aoi-2016;aoi-2017-2018,1.0,identical,"4 options, same codes throughout",Q922_9.Do you believe the current policies of Egypt threaten the security and stability of the region?
Q1667,identical,2,1,arab-opinion-index,aoi-2012-2013;aoi-2014,1.0,identical,"2 options, same codes throughout","Q923. do you agree or disagree with the following statement: “Today, it would be better for Syria if Bashar Al Assad stepped down from power”?"
Q1668,identical,2,1,arab-opinion-index,aoi-2012-2013;aoi-2014,1.0,identical,"4 options, same codes throughout","QEy303.The last People's Assembly lasted about 5 months before its dissolution. In your opinion, was the performance of this Council .....?"
Q1669,identical,2,1,arab-opinion-index,aoi-2015;aoi-2016,1.0,identical,"9 options, same codes throughout","QPal5.In your opinion, which party is most responsible for not achieving full national reconciliation between Fatah and Hamas or for obstructing it?"
Q1670,identical,2,1,arab-opinion-index,aoi-2014;aoi-2015,1.0,identical,"2 options, same codes throughout",QPal7.Rank the following actions according to their importance in achieving national reconciliation
Q1671,identical,2,1,arab-opinion-index,aoi-2014;aoi-2015,1.0,identical,"3 options, same codes throughout",QPal7_1.Rank the following actions according to their importance in achieving national reconciliation: Presidential elections
Q1672,identical,2,1,arab-opinion-index,aoi-2014;aoi-2015,1.0,identical,"3 options, same codes throughout",QPal7_2.Rank the following actions according to their importance in achieving national reconciliation: Legislative elections
Q1673,identical,2,1,arab-opinion-index,aoi-2014;aoi-2015,1.0,identical,"3 options, same codes throughout",QPal7_3.Rank the following actions according to their importance in achieving national reconciliation: Restructuring the PLO
Q1674,identical,2,1,arab-opinion-index,aoi-2014;aoi-2015,1.0,identical,"4 options, same codes throughout",QPal9_1.Do you agree that they should Make land exchanges
Q1675,identical,2,1,arab-opinion-index,aoi-2014;aoi-2015,1.0,identical,"4 options, same codes throughout",QPal9_2.Do you agree that they should Replace the right of return with compensation
Q1676,identical,2,1,arab-opinion-index,aoi-2014;aoi-2015,1.0,identical,"4 options, same codes throughout",QPal9_3.Do you agree that they should Recognise Israel as a Jewish state
Q1677,identical,2,1,arab-opinion-index,aoi-2014;aoi-2015,1.0,identical,"4 options, same codes throughout",QPal9_4.Do you agree that they should Disarm Palestine
Q1678,identical,2,1,arab-opinion-index,aoi-2014;aoi-2015,1.0,identical,"4 options, same codes throughout",QPal9_5.Do you agree that they should Allow Israel control to carry on over land sea and air ports
Q1679,identical,2,1,arab-opinion-index,aoi-2014;aoi-2015,1.0,identical,"4 options, same codes throughout",QPal9_6.Do you agree that they should Allow Israeli control over the Jordan valley
Q1680,identical,2,1,arab-opinion-index,aoi-2014;aoi-2015,1.0,identical,"4 options, same codes throughout",QPal9_7.Do you agree that they should Allow Israel to retain settlements
Q1681,identical,2,1,arab-opinion-index,aoi-2014;aoi-2015,1.0,identical,"4 options, same codes throughout",QPal9_8.Do you agree that they should The division of 1967 occupied East Jerusalem
Q1682,identical,2,1,arab-opinion-index,aoi-2014;aoi-2015,1.0,identical,"4 options, same codes throughout",QPal9_9.Do you agree that they should Continued security coordination
Q1683,identical,2,1,arab-opinion-index,aoi-2011;aoi-2014,1.0,identical,"4 options, same codes throughout",QPal_G206_1.To what extent do the policies of the government in Gaza reflect the views of the citizenry within t Foreign policy
Q1684,identical,2,1,arab-opinion-index,aoi-2011;aoi-2014,1.0,identical,"4 options, same codes throughout",QPal_G206_2.To what extent do the policies of the government in Gaza reflect the views of the citizenry within t Domestic economic policy
Q1685,identical,2,1,arab-opinion-index,aoi-2014;aoi-2024-2025,1.0,identical,"2 options, same codes throughout",QSyr1207.Do you or the breadwinner of the family…
Q1686,identical,2,1,arab-opinion-index,aoi-2012-2013;aoi-2014,1.0,identical,"4 options, same codes throughout",QTu304.Do you think that the delay of the National Constituent Assembly in drafting the Constitution was
Q1687,identical,2,1,arab-opinion-index,aoi-2014;aoi-2017-2018,1.0,differs,"different numbers of options (2, 3, 5)",vLEB12.Which of the following statements is closer to your opinion?
Q1688,identical,2,1,arab-opinion-index,aoi-2022;aoi-2024-2025,1.0,identical,"4 options, same codes throughout",Where did you follow the news of this event?
Q1689,identical,2,1,arab-opinion-index,aoi-2022;aoi-2024-2025,1.0,unknown,at least one member's release records no value labels,Select the exact source
Q1690,identical,2,1,arab-opinion-index,aoi-2014;aoi-2015,1.0,differs,"4 options each, but they are not the same options",Q424_6.To what extent do you support for/opposition To express the beliefs of their religion or sect “mathhab” freely and without restrictions
Q1691,identical,2,2,arab-transformations;world-values-survey,arabtrans-w2014;wvs-w07,1.0,unknown,at least one member's release records no value labels,Settlement name
Q1692,identical,2,2,arab-transformations;world-values-survey,arabtrans-w2014;wvs-w07,1.0,unknown,at least one member's release records no value labels,Settlement type
Q1693,identical,2,2,arab-transformations;world-values-survey,arabtrans-w2014;wvs-w06,1.0,unknown,at least one member's release records no value labels,Region where the interview was conducted
Q1694,identical,2,2,arab-transformations;ebrd-life-in-transition,arabtrans-w2014;lits-w04,1.0,differs,"different numbers of options (4, 5)","On the whole, men make better political leaders than women do"
Q1695,identical,2,2,arab-transformations;world-values-survey,arabtrans-w2014;wvs-w06,1.0,unknown,at least one member's release records no value labels,Highest educational level attained
Q1696,identical,2,2,ebrd-life-in-transition;issp,issp-w2018;lits-w04,1.0,differs,"6 options each, but they are not the same options",O7 People can be trusted
Q1697,near,2,2,ebrd-life-in-transition;world-values-survey,lits-w04;wvs-w07,1.0,unknown,no member records value labels,Start time of the interview [HH.MM]
Q1698,identical,2,1,eu-neighbourhood-barometer,enb-w01;enb-w02,1.0,identical,"2 options, same codes throughout",important country issues: crime (total)
Q1699,identical,2,1,eu-neighbourhood-barometer,enb-w01;enb-w02,1.0,identical,"2 options, same codes throughout","important country issues: rule of law, transparency (total)"
Q1700,identical,2,1,eu-neighbourhood-barometer,enb-w01;enb-w02,1.0,identical,"2 options, same codes throughout",important country issues: housing (total)
Q1701,identical,2,1,eu-neighbourhood-barometer,enb-w01;enb-w02,1.0,identical,"2 options, same codes throughout",important country issues: migration (total)
Q1702,identical,2,1,eu-neighbourhood-barometer,enb-w01;enb-w02,1.0,identical,"2 options, same codes throughout",important country issues: refugees/ internal displaced (total)
Q1703,identical,2,1,eu-neighbourhood-barometer,enb-w01;enb-w02,1.0,identical,"2 options, same codes throughout",important country issues: healthcare system (total)
Q1704,identical,2,1,eu-neighbourhood-barometer,enb-w01;enb-w02,1.0,identical,"2 options, same codes throughout",important country issues: educational system (total)
Q1705,identical,2,1,eu-neighbourhood-barometer,enb-w01;enb-w02,1.0,identical,"2 options, same codes throughout",important country issues: pensions (total)
Q1706,identical,2,1,eu-neighbourhood-barometer,enb-w01;enb-w02,1.0,identical,"2 options, same codes throughout",important country issues: environment (total)
Q1707,identical,2,1,eu-neighbourhood-barometer,enb-w01;enb-w02,1.0,identical,"2 options, same codes throughout",important country issues: energy (total)
Q1708,identical,2,1,eu-neighbourhood-barometer,enb-w01;enb-w02,1.0,identical,"2 options, same codes throughout",important country issues: freedom of speech (total)
Q1709,identical,2,1,eu-neighbourhood-barometer,enb-w01;enb-w02,1.0,identical,"2 options, same codes throughout",important country issues: dont know (total)
Q1710,identical,2,1,eu-neighbourhood-barometer,enb-w01;enb-w02,1.0,identical,"2 options, same codes throughout",important country issues: economic situation (total)
Q1711,identical,2,1,eu-neighbourhood-barometer,enb-w01;enb-w02,1.0,identical,"2 options, same codes throughout",important country issues: rising prices/ inflation (total)
Q1712,identical,2,1,eu-neighbourhood-barometer,enb-w01;enb-w02,1.0,identical,"2 options, same codes throughout",important country issues: taxation (total)
Q1713,identical,2,1,eu-neighbourhood-barometer,enb-w01;enb-w02,1.0,identical,"2 options, same codes throughout",important country issues: unemployment (total)
Q1714,identical,2,1,eu-neighbourhood-barometer,enb-w01;enb-w02,1.0,identical,"2 options, same codes throughout",important country issues: terrorism (total)
Q1715,identical,2,1,eu-neighbourhood-barometer,enb-w01;enb-w02,1.0,identical,"2 options, same codes throughout",important country issues: corruption (total)
Q1716,identical,2,1,eu-neighbourhood-barometer,enb-w01;enb-w02,1.0,identical,"2 options, same codes throughout",important country issues: defence/ foreign affairs (total)
Q1717,identical,2,1,eu-neighbourhood-barometer,enb-w01;enb-w02,1.0,identical,"4 options, same codes throughout",eu communication: enough information available in country
Q1718,identical,2,1,eu-neighbourhood-barometer,enb-w01;enb-w02,1.0,identical,"4 options, same codes throughout",eu communication: country information is easy to understand
Q1719,identical,2,1,eu-neighbourhood-barometer,enb-w01;enb-w02,1.0,differs,"2 options each, but they are not the same options",economic development actors: national government
Q1720,identical,2,1,eu-neighbourhood-barometer,enb-w01;enb-w02,1.0,differs,"different numbers of options (11, 12)",regions - armenia
Q1721,identical,2,1,eu-neighbourhood-barometer,enb-w01;enb-w02,1.0,identical,"7 options, same codes throughout",regions - azerbaijan
Q1722,identical,2,1,eu-neighbourhood-barometer,enb-w01;enb-w02,1.0,identical,"7 options, same codes throughout",regions - belarus
Q1723,identical,2,1,eu-neighbourhood-barometer,enb-w01;enb-w02,1.0,differs,"different numbers of options (5, 6)",regions - algeria
Q1724,identical,2,1,eu-neighbourhood-barometer,enb-w01;enb-w02,1.0,identical,"6 options, same codes throughout",regions - egypt
Q1725,identical,2,1,eu-neighbourhood-barometer,enb-w01;enb-w02,1.0,identical,"10 options, same codes throughout",regions - georgia
Q1726,identical,2,1,eu-neighbourhood-barometer,enb-w01;enb-w02,1.0,identical,"6 options, same codes throughout",regions - israel
Q1727,identical,2,1,eu-neighbourhood-barometer,enb-w01;enb-w02,1.0,identical,"3 options, same codes throughout",regions - jordan
Q1728,identical,2,1,eu-neighbourhood-barometer,enb-w01;enb-w02,1.0,differs,"16 options each, but they are not the same options",regions - lebanon
Q1729,identical,2,1,eu-neighbourhood-barometer,enb-w01;enb-w02,1.0,identical,"6 options, same codes throughout",regions - morocco
Q1730,identical,2,1,eu-neighbourhood-barometer,enb-w01;enb-w02,1.0,identical,"3 options, same codes throughout",regions - moldova
Q1731,identical,2,1,eu-neighbourhood-barometer,enb-w01;enb-w02,1.0,identical,"16 options, same codes throughout",regions - palestinian territories
Q1732,identical,2,1,eu-neighbourhood-barometer,enb-w01;enb-w02,1.0,identical,"8 options, same codes throughout",regions - russia
Q1733,identical,2,1,eu-neighbourhood-barometer,enb-w01;enb-w02,1.0,differs,"10 options each, but they are not the same options",regions - tunesia
Q1734,identical,2,1,eu-neighbourhood-barometer,enb-w01;enb-w02,1.0,identical,"4 options, same codes throughout",regions - ukraine
Q1735,identical,2,1,eu-neighbourhood-barometer,enb-w01;enb-w02,1.0,identical,"4 options, same codes throughout",telephone equipment (total)
Q1736,identical,2,1,eu-neighbourhood-barometer,enb-w01;enb-w02,1.0,identical,"4 options, same codes throughout",regions - libya
Q1737,identical,2,1,eu-neighbourhood-barometer,enb-w03;enb-w04,1.0,identical,"4 options, same codes throughout",region - libya
Q1738,identical,2,1,eu-neighbourhood-barometer,enb-w01;enb-w02,1.0,identical,"2 options, same codes throughout",eu should have greater role: external policy/ foreign affairs
Q1739,identical,2,1,eu-neighbourhood-barometer,enb-w02;enb-w03,1.0,identical,"2 options, same codes throughout",eu should have greater role: human rights
Q1740,identical,2,1,eu-neighbourhood-barometer,enb-w02;enb-w03,1.0,identical,"2 options, same codes throughout",crisis job market impact - phase appraisal
Q1741,identical,2,1,eu-neighbourhood-barometer,enb-w02;enb-w03,1.0,differs,"17 options each, but they are not the same options",best able to take effective actions against the crisis
Q1742,identical,2,1,eu-neighbourhood-barometer,enb-w05;enb-w06,1.0,identical,"2 options, same codes throughout",social media account: facebook (ba9 in wave 1-4)
Q1743,identical,2,1,eu-neighbourhood-barometer,enb-w05;enb-w06,1.0,identical,"2 options, same codes throughout",social media account: twitter (ba9 in wave 1-4)
Q1744,identical,2,1,eu-neighbourhood-barometer,enb-w05;enb-w06,1.0,identical,"2 options, same codes throughout",social media account: linkedin (ba9 in wave 1-4)
Q1745,identical,2,1,eu-neighbourhood-barometer,enb-w05;enb-w06,1.0,identical,"2 options, same codes throughout",social media account: google+ (ba9 in wave 1-4)
Q1746,identical,2,1,eu-neighbourhood-barometer,enb-w05;enb-w06,1.0,identical,"2 options, same codes throughout",social media account: vkontakte (ba9 in wave 1-4)
Q1747,identical,2,1,eu-neighbourhood-barometer,enb-w05;enb-w06,1.0,identical,"2 options, same codes throughout",social media account: odnoklassniki (ba9 in wave 1-4)
Q1748,identical,2,1,eu-neighbourhood-barometer,enb-w05;enb-w06,1.0,identical,"2 options, same codes throughout",social media account: netlog (ba9 in wave 1-4)
Q1749,identical,2,1,eu-neighbourhood-barometer,enb-w05;enb-w06,1.0,identical,"2 options, same codes throughout",social media account: lifejournal (ba9 in wave 1-4)
Q1750,identical,2,1,eu-neighbourhood-barometer,enb-w05;enb-w06,1.0,identical,"2 options, same codes throughout",social media account: instagram
Q1751,identical,2,1,eu-neighbourhood-barometer,enb-w05;enb-w06,1.0,identical,"6 options, same codes throughout",social media use: facebook (ba10 in wave 1-4)
Q1752,identical,2,1,eu-neighbourhood-barometer,enb-w05;enb-w06,1.0,identical,"6 options, same codes throughout",social media use: twitter (ba10 in wave 1-4)
Q1753,identical,2,1,eu-neighbourhood-barometer,enb-w05;enb-w06,1.0,identical,"6 options, same codes throughout",social media use: linkedin (ba10 in wave 1-4)
Q1754,identical,2,1,eu-neighbourhood-barometer,enb-w05;enb-w06,1.0,identical,"6 options, same codes throughout",social media use: google+ (ba10 in wave 1-4)
Q1755,identical,2,1,eu-neighbourhood-barometer,enb-w05;enb-w06,1.0,identical,"6 options, same codes throughout",social media use: vkontakte (ba10 in wave 1-4)
Q1756,identical,2,1,eu-neighbourhood-barometer,enb-w05;enb-w06,1.0,identical,"6 options, same codes throughout",social media use: odnoklassniki (ba10 in wave 1-4)
Q1757,identical,2,1,eu-neighbourhood-barometer,enb-w05;enb-w06,1.0,identical,"6 options, same codes throughout",social media use: netlog (ba10 in wave 1-4)
Q1758,identical,2,1,eu-neighbourhood-barometer,enb-w05;enb-w06,1.0,identical,"6 options, same codes throughout",social media use: lifejournal (ba10 in wave 1-4)
Q1759,identical,2,1,eu-neighbourhood-barometer,enb-w05;enb-w06,1.0,identical,"6 options, same codes throughout",social media use: instagram
Q1760,identical,2,2,eu-neighbourhood-barometer;sahwa,enb-w04;sahwa-w2015,1.0,differs,"different numbers of options (2, 6)",reason for moving abroad: other
Q1761,identical,2,1,world-values-survey,wvs-w06;wvs-w07,1.0,unknown,no member records value labels,CHOICE.- Welzel choice sub-index
Q1762,identical,2,1,world-values-survey,wvs-w06;wvs-w07,1.0,unknown,no member records value labels,DEFIANCE.- Welzel defiance sub-index
Q1763,identical,2,1,world-values-survey,wvs-w06;wvs-w07,1.0,unknown,no member records value labels,DISBELIEF.- Welzel disbelief sub-index
Q1764,identical,2,1,world-values-survey,wvs-w06;wvs-w07,1.0,unknown,no member records value labels,Emancipative Values-2: Equality sub-index
Q1765,near,2,1,world-values-survey,wvs-w06;wvs-w07,1.0,unknown,no member records value labels,Year/month of end-fieldwork
Q1766,near,2,1,world-values-survey,wvs-w06;wvs-w07,1.0,unknown,no member records value labels,Year/month of start-fieldwork
Q1767,identical,2,1,world-values-survey,wvs-w06;wvs-w07,1.0,unknown,no member records value labels,Settlement size_5 groups
Q1768,identical,2,1,world-values-survey,wvs-w06;wvs-w07,1.0,unknown,no member records value labels,ABORTLIB- Welzel choice-2: Abortion acceptable
Q1769,identical,2,1,world-values-survey,wvs-w06;wvs-w07,1.0,unknown,no member records value labels,AUTHORITY - Welzel defiance - 1: Inverse respect for authority
Q1770,identical,2,1,world-values-survey,wvs-w06;wvs-w07,1.0,unknown,no member records value labels,DEVOUT- Welzel defiance - 3: Inverse devoutness
Q1771,identical,2,1,world-values-survey,wvs-w06;wvs-w07,1.0,unknown,no member records value labels,DIVORLIB- Welzel choice-3: Divorce acceptable
Q1772,identical,2,1,world-values-survey,wvs-w06;wvs-w07,1.0,unknown,no member records value labels,HOMOLIB- Welzel choice-1: Homosexuality acceptance
Q1773,identical,2,1,world-values-survey,wvs-w06;wvs-w07,1.0,unknown,no member records value labels,IMAGIN- Welzel autonomy-2: Imagination as kid quality
Q1774,identical,2,1,world-values-survey,wvs-w06;wvs-w07,1.0,unknown,no member records value labels,INDEP- Welzel autonomy-1: Independence as kid quality
Q1775,identical,2,1,world-values-survey,wvs-w06;wvs-w07,1.0,unknown,no member records value labels,NATIONALISM - Welzel defiance - 2: Inverse national pride
Q1776,identical,2,1,world-values-survey,wvs-w06;wvs-w07,1.0,unknown,no member records value labels,Emancipative Values-1: Obedience not kid quality
Q1777,identical,2,1,world-values-survey,wvs-w06;wvs-w07,1.0,unknown,no member records value labels,NORM1 - Welzel relativism- 1: Inverse norm conform1
Q1778,identical,2,1,world-values-survey,wvs-w06;wvs-w07,1.0,unknown,no member records value labels,NORM2 - Welzel relativism- 2: Inverse norm conform2
Q1779,identical,2,1,world-values-survey,wvs-w06;wvs-w07,1.0,unknown,no member records value labels,NORM3 - Welzel relativism- 3: Inverse norm conform3
Q1780,identical,2,1,world-values-survey,wvs-w06;wvs-w07,1.0,unknown,no member records value labels,RELIGBEL - Welzel disbelief- 2: Inverse religious person
Q1781,identical,2,1,world-values-survey,wvs-w06;wvs-w07,1.0,unknown,no member records value labels,RELIGIMP - Welzel disbelief- 1: Inverse importance of religion
Q1782,identical,2,1,world-values-survey,wvs-w06;wvs-w07,1.0,unknown,no member records value labels,RELIGPRAC - Welzel disbelief- 3: Inverse religious practice
Q1783,identical,2,1,world-values-survey,wvs-w06;wvs-w07,1.0,unknown,no member records value labels,VOI2_00- Welzel voice-3 (auxiliary)
Q1784,identical,2,1,world-values-survey,wvs-w06;wvs-w07,1.0,unknown,no member records value labels,VOICE1- Welzel voice-1
Q1785,identical,2,1,world-values-survey,wvs-w06;wvs-w07,1.0,unknown,no member records value labels,VOICE2- Welzel voice-2
Q1786,identical,2,1,world-values-survey,wvs-w06;wvs-w07,1.0,unknown,no member records value labels,WOMEDU- Welzel equality-3: Gender equality: education
Q1787,identical,2,1,world-values-survey,wvs-w06;wvs-w07,1.0,unknown,no member records value labels,WOMJOB- Welzel equality-1: Gender equality: job
Q1788,identical,2,1,world-values-survey,wvs-w06;wvs-w07,1.0,unknown,no member records value labels,WOMPOL- Welzel equality-2: Gender equality: politics
Q1789,identical,2,1,world-values-survey,wvs-w06;wvs-w07,1.0,unknown,no member records value labels,RELATIVISM.- Welzel relativism
Q1790,identical,2,1,world-values-survey,wvs-w06;wvs-w07,1.0,unknown,no member records value labels,RESEMAVAL.- Welzel emancipative values
Q1791,identical,2,1,world-values-survey,wvs-w06;wvs-w07,1.0,unknown,no member records value labels,SACSECVAL.- Welzel Overall Secular Values
Q1792,identical,2,1,world-values-survey,wvs-w06;wvs-w07,1.0,unknown,no member records value labels,VOICE.- Welzel voice sub-index
Q1793,identical,2,1,world-values-survey,wvs-w06;wvs-w07,1.0,unknown,no member records value labels,Post-Materialist index 12-item
Q1794,identical,2,1,world-values-survey,wvs-w06;wvs-w07,1.0,unknown,no member records value labels,Post-Materialist index 4-item
Q1795,identical,2,1,world-values-survey,wvs-w06;wvs-w07,1.0,unknown,no member records value labels,Autonomy Index
Q1796,identical,2,1,world-values-survey,wvs-w06;wvs-w07,1.0,unknown,no member records value labels,Respondent interested during the interview
Q1797,identical,2,1,world-values-survey,wvs-w06;wvs-w07,1.0,unknown,no member records value labels,Interview privacy
Q1798,identical,2,1,world-values-survey,wvs-w06;wvs-w07,1.0,unknown,no member records value labels,Language in which interview was conducted
Q1799,identical,2,1,world-values-survey,wvs-w06;wvs-w07,1.0,unknown,no member records value labels,Important in life: Family
Q1800,identical,2,1,world-values-survey,wvs-w06;wvs-w07,1.0,unknown,no member records value labels,Important child qualities: feeling of responsibility
Q1801,near,2,1,world-values-survey,wvs-w06;wvs-w07,1.0,unknown,no member records value labels,Active/Inactive membership of professional organization
Q1802,near,2,1,world-values-survey,wvs-w06;wvs-w07,1.0,unknown,no member records value labels,Active/Inactive membership of charitable/humanitarian organization
Q1803,identical,2,1,world-values-survey,wvs-w06;wvs-w07,1.0,unknown,no member records value labels,Active/Inactive membership: consumer organization
Q1804,identical,2,1,world-values-survey,wvs-w06;wvs-w07,1.0,unknown,no member records value labels,"Active/Inactive membership: self-help group, mutual aid group"
Q1805,near,2,1,world-values-survey,wvs-w06;wvs-w07,1.0,unknown,no member records value labels,Active/Inactive membership of any other organization
Q1806,identical,2,1,world-values-survey,wvs-w06;wvs-w07,1.0,unknown,no member records value labels,Private vs state ownership of business
Q1807,identical,2,1,world-values-survey,wvs-w06;wvs-w07,1.0,unknown,no member records value labels,Competition good or harmful
Q1808,identical,2,1,world-values-survey,wvs-w06;wvs-w07,1.0,unknown,no member records value labels,Important child qualities: imagination
Q1809,identical,2,1,world-values-survey,wvs-w06;wvs-w07,1.0,unknown,no member records value labels,Protecting environment vs. Economic growth
Q1810,identical,2,1,world-values-survey,wvs-w06;wvs-w07,1.0,unknown,no member records value labels,Important child qualities: tolerance and respect for other people
Q1811,identical,2,1,world-values-survey,wvs-w06;wvs-w07,1.0,unknown,no member records value labels,Important child qualities: thrift saving money and things
Q1812,identical,2,1,world-values-survey,wvs-w06;wvs-w07,1.0,unknown,no member records value labels,Secure in neighborhood
Q1813,identical,2,1,world-values-survey,wvs-w06;wvs-w07,1.0,unknown,no member records value labels,Frequency in your neighborhood: Robberies
Q1814,identical,2,1,world-values-survey,wvs-w06;wvs-w07,1.0,unknown,no member records value labels,Frequency in your neighborhood: Alcohol consumed in the streets
Q1815,identical,2,1,world-values-survey,wvs-w06;wvs-w07,1.0,unknown,no member records value labels,Frequency in your neighborhood: Police or military interfere with people’s private life
Q1816,identical,2,1,world-values-survey,wvs-w06;wvs-w07,1.0,unknown,no member records value labels,Frequency in your neighborhood: Racist behavior
Q1817,identical,2,1,world-values-survey,wvs-w06;wvs-w07,1.0,unknown,no member records value labels,Frequency in your neighborhood: Drug sale in streets
Q1818,identical,2,1,world-values-survey,wvs-w06;wvs-w07,1.0,unknown,no member records value labels,Things done for reasons of security: Didn’t carry much money
Q1819,identical,2,1,world-values-survey,wvs-w06;wvs-w07,1.0,unknown,no member records value labels,Important child qualities: determination perseverance
Q1820,identical,2,1,world-values-survey,wvs-w06;wvs-w07,1.0,unknown,no member records value labels,Things done for reasons of security: Preferred not to go out at night
Q1821,identical,2,1,world-values-survey,wvs-w06;wvs-w07,1.0,unknown,no member records value labels,"Things done for reasons of security: Carried a knife, gun or other weapon"
Q1822,identical,2,1,world-values-survey,wvs-w06;wvs-w07,1.0,unknown,no member records value labels,Worries: Losing my job or not finding a job
Q1823,identical,2,1,world-values-survey,wvs-w06;wvs-w07,1.0,unknown,no member records value labels,Worries: Not being able to give one's children a good education
Q1824,identical,2,1,world-values-survey,wvs-w06;wvs-w07,1.0,unknown,no member records value labels,Respondent was victim of a crime during the past year
Q1825,identical,2,1,world-values-survey,wvs-w06;wvs-w07,1.0,unknown,no member records value labels,Respondent's family was victim of a crime during last year
Q1826,identical,2,1,world-values-survey,wvs-w06;wvs-w07,1.0,unknown,no member records value labels,Worries: A terrorist attack
Q1827,identical,2,1,world-values-survey,wvs-w06;wvs-w07,1.0,unknown,no member records value labels,Worries: A civil war
Q1828,identical,2,1,world-values-survey,wvs-w06;wvs-w07,1.0,unknown,no member records value labels,Important child qualities: religious faith
Q1829,identical,2,1,world-values-survey,wvs-w06;wvs-w07,1.0,unknown,no member records value labels,Willingness to fight for country
Q1830,identical,2,1,world-values-survey,wvs-w06;wvs-w07,1.0,unknown,no member records value labels,Aims of country: first choice
Q1831,identical,2,1,world-values-survey,wvs-w06;wvs-w07,1.0,unknown,no member records value labels,Aims of country: second choice
Q1832,identical,2,1,world-values-survey,wvs-w06;wvs-w07,1.0,unknown,no member records value labels,Aims of respondent: first choice
Q1833,identical,2,1,world-values-survey,wvs-w06;wvs-w07,1.0,unknown,no member records value labels,Aims of respondent: second choice
Q1834,identical,2,1,world-values-survey,wvs-w06;wvs-w07,1.0,unknown,no member records value labels,Most important: first choice
Q1835,identical,2,1,world-values-survey,wvs-w06;wvs-w07,1.0,unknown,no member records value labels,Most important: second choice
Q1836,identical,2,1,world-values-survey,wvs-w06;wvs-w07,1.0,unknown,no member records value labels,"Science and technology are making our lives healthier, easier, and more comfortable"
Q1837,identical,2,1,world-values-survey,wvs-w06;wvs-w07,1.0,unknown,no member records value labels,"Because of science and technology, there will be more opportunities for the next generation"
Q1838,identical,2,1,world-values-survey,wvs-w06;wvs-w07,1.0,unknown,no member records value labels,Important child qualities: unselfishness
Q1839,identical,2,1,world-values-survey,wvs-w06;wvs-w07,1.0,unknown,no member records value labels,We depend too much on science and not enough on faith
Q1840,identical,2,1,world-values-survey,wvs-w06;wvs-w07,1.0,unknown,no member records value labels,One of the bad effects of science is that it breaks down people’s ideas of right and wrong
Q1841,identical,2,1,world-values-survey,wvs-w06;wvs-w07,1.0,unknown,no member records value labels,It is not important for me to know about science in my daily life
Q1842,identical,2,1,world-values-survey,wvs-w06;wvs-w07,1.0,unknown,no member records value labels,"The world is better off, or worse off, because of science and technology"
Q1843,identical,2,1,world-values-survey,wvs-w06;wvs-w07,1.0,unknown,no member records value labels,"Whenever science and religion conflict, religion is always right"
Q1844,identical,2,1,world-values-survey,wvs-w06;wvs-w07,1.0,unknown,no member records value labels,Important child qualities: obedience
Q1845,identical,2,1,world-values-survey,wvs-w06;wvs-w07,1.0,unknown,no member records value labels,The only acceptable religion is my religion
Q1846,identical,2,1,world-values-survey,wvs-w06;wvs-w07,1.0,unknown,no member records value labels,How often do you attend religious services
Q1847,identical,2,1,world-values-survey,wvs-w06;wvs-w07,1.0,unknown,no member records value labels,Religious person
Q1848,identical,2,1,world-values-survey,wvs-w06;wvs-w07,1.0,unknown,no member records value labels,Meaning of religion: To follow religious norms and ceremonies vs To do good to other people
Q1849,identical,2,1,world-values-survey,wvs-w06;wvs-w07,1.0,unknown,no member records value labels,Meaning of religion: To make sense of life after death vs To make sense of life in this world
Q1850,identical,2,1,world-values-survey,wvs-w06;wvs-w07,1.0,unknown,no member records value labels,Justifiable: Claiming government benefits to which you are not entitled
Q1851,identical,2,1,world-values-survey,wvs-w06;wvs-w07,1.0,unknown,no member records value labels,Justifiable: Avoiding a fare on public transport
Q1852,identical,2,1,world-values-survey,wvs-w06;wvs-w07,1.0,unknown,no member records value labels,Justifiable: Stealing property
Q1853,identical,2,1,world-values-survey,wvs-w06;wvs-w07,1.0,unknown,no member records value labels,Justifiable: Cheating on taxes
Q1854,identical,2,1,world-values-survey,wvs-w06;wvs-w07,1.0,unknown,no member records value labels,Justifiable: Homosexuality
Q1855,identical,2,1,world-values-survey,wvs-w06;wvs-w07,1.0,unknown,no member records value labels,Justifiable: Abortion
Q1856,identical,2,1,world-values-survey,wvs-w06;wvs-w07,1.0,unknown,no member records value labels,Justifiable: Divorce
Q1857,identical,2,1,world-values-survey,wvs-w06;wvs-w07,1.0,unknown,no member records value labels,Justifiable: Suicide
Q1858,identical,2,1,world-values-survey,wvs-w06;wvs-w07,1.0,unknown,no member records value labels,Justifiable: Euthanasia
Q1859,identical,2,1,world-values-survey,wvs-w06;wvs-w07,1.0,unknown,no member records value labels,Justifiable: For a man to beat his wife
Q1860,identical,2,1,world-values-survey,wvs-w06;wvs-w07,1.0,unknown,no member records value labels,Justifiable: Parents beating children
Q1861,identical,2,1,world-values-survey,wvs-w06;wvs-w07,1.0,unknown,no member records value labels,Justifiable: Violence against other people
Q1862,identical,2,1,world-values-survey,wvs-w06;wvs-w07,1.0,unknown,no member records value labels,Important in life: Friends
Q1863,near,2,1,world-values-survey,wvs-w06;wvs-w07,1.0,unknown,no member records value labels,Information source: Daily newspaper (B)
Q1864,near,2,1,world-values-survey,wvs-w06;wvs-w07,1.0,unknown,no member records value labels,Information source: TV news (B)
Q1865,near,2,1,world-values-survey,wvs-w06;wvs-w07,1.0,unknown,no member records value labels,Information source: Radio news (B)
Q1866,near,2,1,world-values-survey,wvs-w06;wvs-w07,1.0,unknown,no member records value labels,Information source: Mobile phone (B)
Q1867,near,2,1,world-values-survey,wvs-w06;wvs-w07,1.0,unknown,no member records value labels,Information source: Email (B)
Q1868,near,2,1,world-values-survey,wvs-w06;wvs-w07,1.0,unknown,no member records value labels,Information source: Internet (B)
Q1869,near,2,1,world-values-survey,wvs-w06;wvs-w07,1.0,unknown,no member records value labels,Information source: Talk with friends or colleagues (B)
Q1870,identical,2,1,world-values-survey,wvs-w06;wvs-w07,1.0,unknown,no member records value labels,Political action: Signing a petition
Q1871,identical,2,1,world-values-survey,wvs-w06;wvs-w07,1.0,unknown,no member records value labels,Political action: Joining in boycotts
Q1872,identical,2,1,world-values-survey,wvs-w06;wvs-w07,1.0,unknown,no member records value labels,Political action: Attending lawful/peaceful demonstrations
Q1873,identical,2,1,world-values-survey,wvs-w06;wvs-w07,1.0,unknown,no member records value labels,Political action: Joining unofficial strikes
Q1874,identical,2,1,world-values-survey,wvs-w06;wvs-w07,1.0,unknown,no member records value labels,Vote in elections: local level
Q1875,identical,2,1,world-values-survey,wvs-w06;wvs-w07,1.0,unknown,no member records value labels,Vote in elections: national level
Q1876,identical,2,1,world-values-survey,wvs-w06;wvs-w07,1.0,unknown,no member records value labels,Which party would you vote for if there were a national election tomorrow
Q1877,identical,2,1,world-values-survey,wvs-w06;wvs-w07,1.0,unknown,no member records value labels,How often in country's elections: Votes are counted fairly
Q1878,identical,2,1,world-values-survey,wvs-w06;wvs-w07,1.0,unknown,no member records value labels,How often in country's elections: Opposition candidates are prevented from running
Q1879,identical,2,1,world-values-survey,wvs-w06;wvs-w07,1.0,unknown,no member records value labels,How often in country's elections: TV news favors the governing party
Q1880,identical,2,1,world-values-survey,wvs-w06;wvs-w07,1.0,unknown,no member records value labels,How often in country's elections: Voters are bribed
Q1881,identical,2,1,world-values-survey,wvs-w06;wvs-w07,1.0,unknown,no member records value labels,How often in country's elections: Journalists provide fair coverage of elections
Q1882,identical,2,1,world-values-survey,wvs-w06;wvs-w07,1.0,unknown,no member records value labels,How often in country's elections: Election officials are fair
Q1883,identical,2,1,world-values-survey,wvs-w06;wvs-w07,1.0,unknown,no member records value labels,How often in country's elections: Rich people buy elections
Q1884,identical,2,1,world-values-survey,wvs-w06;wvs-w07,1.0,unknown,no member records value labels,How often in country's elections: Voters are threatened with violence at the polls
Q1885,identical,2,1,world-values-survey,wvs-w06;wvs-w07,1.0,unknown,no member records value labels,How often in country's elections: Voters are offered a genuine choice in the elections
Q1886,identical,2,1,world-values-survey,wvs-w06;wvs-w07,1.0,unknown,no member records value labels,Some people think that having honest elections makes a lot of difference in their lives; other people think that it doesn’t matter much
Q1887,identical,2,1,world-values-survey,wvs-w06;wvs-w07,1.0,unknown,no member records value labels,Political system: Having the army rule
Q1888,identical,2,1,world-values-survey,wvs-w06;wvs-w07,1.0,unknown,no member records value labels,Political system: Having a democratic political system
Q1889,identical,2,1,world-values-survey,wvs-w06;wvs-w07,1.0,unknown,no member records value labels,Democracy: Governments tax the rich and subsidize the poor
Q1890,identical,2,1,world-values-survey,wvs-w06;wvs-w07,1.0,unknown,no member records value labels,Democracy: Religious authorities interpret the laws
Q1891,identical,2,1,world-values-survey,wvs-w06;wvs-w07,1.0,unknown,no member records value labels,Democracy: People choose their leaders in free elections
Q1892,identical,2,1,world-values-survey,wvs-w06;wvs-w07,1.0,unknown,no member records value labels,Democracy: People receive state aid for unemployment
Q1893,identical,2,1,world-values-survey,wvs-w06;wvs-w07,1.0,unknown,no member records value labels,Democracy: The army takes over when government is incompetent
Q1894,identical,2,1,world-values-survey,wvs-w06;wvs-w07,1.0,unknown,no member records value labels,Democracy: Civil rights protect people’s liberty against oppression
Q1895,identical,2,1,world-values-survey,wvs-w06;wvs-w07,1.0,unknown,no member records value labels,Democracy: The state makes people's incomes equal
Q1896,identical,2,1,world-values-survey,wvs-w06;wvs-w07,1.0,unknown,no member records value labels,Democracy: People obey their rulers
Q1897,identical,2,1,world-values-survey,wvs-w06;wvs-w07,1.0,unknown,no member records value labels,Democracy: Women have the same rights as men
Q1898,identical,2,1,world-values-survey,wvs-w06;wvs-w07,1.0,unknown,no member records value labels,Importance of democracy
Q1899,identical,2,1,world-values-survey,wvs-w06;wvs-w07,1.0,unknown,no member records value labels,How democratically is this country being governed today
Q1900,identical,2,1,world-values-survey,wvs-w06;wvs-w07,1.0,unknown,no member records value labels,Respect for individual human rights nowadays
Q1901,identical,2,1,world-values-survey,wvs-w06;wvs-w07,1.0,unknown,no member records value labels,Respondent immigrant
Q1902,identical,2,1,world-values-survey,wvs-w06;wvs-w07,1.0,unknown,no member records value labels,Mother immigrant
Q1903,identical,2,1,world-values-survey,wvs-w06;wvs-w07,1.0,unknown,no member records value labels,Father immigrant
Q1904,identical,2,1,world-values-survey,wvs-w06;wvs-w07,1.0,unknown,no member records value labels,Respondent citizen
Q1905,identical,2,1,world-values-survey,wvs-w06;wvs-w07,1.0,unknown,no member records value labels,One of main goals in life has been to make my parents proud
Q1906,identical,2,1,world-values-survey,wvs-w06;wvs-w07,1.0,unknown,no member records value labels,Do you live with your parents
Q1907,identical,2,1,world-values-survey,wvs-w06;wvs-w07,1.0,unknown,no member records value labels,Language at home
Q1908,identical,2,1,world-values-survey,wvs-w06;wvs-w07,1.0,unknown,no member records value labels,How many children do you have
Q1909,identical,2,1,world-values-survey,wvs-w06;wvs-w07,1.0,unknown,no member records value labels,Highest educational level: Respondent (recoded into 3 groups)
Q1910,identical,2,1,world-values-survey,wvs-w06;wvs-w07,1.0,unknown,no member records value labels,Pre-school child suffers with working mother
Q1911,identical,2,1,world-values-survey,wvs-w06;wvs-w07,1.0,unknown,no member records value labels,Sector of employment
Q1912,identical,2,1,world-values-survey,wvs-w06;wvs-w07,1.0,unknown,no member records value labels,Are you the chief wage earner in your house
Q1913,identical,2,1,world-values-survey,wvs-w06;wvs-w07,1.0,unknown,no member records value labels,Family savings during past year
Q1914,identical,2,1,world-values-survey,wvs-w06;wvs-w07,1.0,unknown,no member records value labels,Social class (subjective)
Q1915,identical,2,1,world-values-survey,wvs-w06;wvs-w07,1.0,unknown,no member records value labels,Scale of incomes
Q1916,identical,2,1,world-values-survey,wvs-w06;wvs-w07,1.0,unknown,no member records value labels,Income level (Recoded)
Q1917,identical,2,1,world-values-survey,wvs-w06;wvs-w07,1.0,unknown,no member records value labels,Religious denominations - major groups
Q1918,identical,2,1,world-values-survey,wvs-w06;wvs-w07,1.0,unknown,no member records value labels,Religious denomination - detailed list
Q1919,identical,2,1,world-values-survey,wvs-w06;wvs-w07,1.0,unknown,no member records value labels,Men make better political leaders than women do
Q1920,identical,2,1,world-values-survey,wvs-w06;wvs-w07,1.0,unknown,no member records value labels,Ethnic group
Q1921,identical,2,1,world-values-survey,wvs-w06;wvs-w07,1.0,unknown,no member records value labels,Important in life: Leisure time
Q1922,identical,2,1,world-values-survey,wvs-w06;wvs-w07,1.0,unknown,no member records value labels,University is more important for a boy than for a girl
Q1923,identical,2,1,world-values-survey,wvs-w06;wvs-w07,1.0,unknown,no member records value labels,Men make better business executives than women do
Q1924,identical,2,1,world-values-survey,wvs-w06;wvs-w07,1.0,unknown,no member records value labels,Being a housewife just as fulfilling
Q1925,identical,2,1,world-values-survey,wvs-w06;wvs-w07,1.0,unknown,no member records value labels,Jobs scarce: Men should have more right to a job than women
Q1926,near,2,1,world-values-survey,wvs-w06;wvs-w07,1.0,unknown,no member records value labels,Problem if women have more income than husband (B)
Q1927,identical,2,1,world-values-survey,wvs-w06;wvs-w07,1.0,unknown,no member records value labels,Important in life: Politics
Q1928,identical,2,1,world-values-survey,wvs-w06;wvs-w07,1.0,unknown,no member records value labels,Future changes: Less importance placed on work
Q1929,identical,2,1,world-values-survey,wvs-w06;wvs-w07,1.0,unknown,no member records value labels,Future changes: More emphasis on technology
Q1930,identical,2,1,world-values-survey,wvs-w06;wvs-w07,1.0,unknown,no member records value labels,Future changes: Greater respect for authority
Q1931,identical,2,1,world-values-survey,wvs-w06;wvs-w07,1.0,unknown,no member records value labels,Feeling of happiness
Q1932,identical,2,1,world-values-survey,wvs-w06;wvs-w07,1.0,unknown,no member records value labels,State of health (subjective)
Q1933,identical,2,1,world-values-survey,wvs-w06;wvs-w07,1.0,unknown,no member records value labels,How much freedom of choice and control
Q1934,identical,2,1,world-values-survey,wvs-w06;wvs-w07,1.0,unknown,no member records value labels,Satisfaction with your life
Q1935,identical,2,1,world-values-survey,wvs-w06;wvs-w07,1.0,unknown,no member records value labels,Important in life: Work
Q1936,identical,2,1,world-values-survey,wvs-w06;wvs-w07,1.0,unknown,no member records value labels,Satisfaction with financial situation of household
Q1937,identical,2,1,world-values-survey,wvs-w06;wvs-w07,1.0,unknown,no member records value labels,Frequency you/family (last 12 month): Gone without enough food to eat
Q1938,identical,2,1,world-values-survey,wvs-w06;wvs-w07,1.0,unknown,no member records value labels,Frequency you/family (last 12 month): Felt unsafe from crime in your own home
Q1939,identical,2,1,world-values-survey,wvs-w06;wvs-w07,1.0,unknown,no member records value labels,Frequency you/family (last 12 month): Gone without needed medicine or treatment that you needed
Q1940,identical,2,1,world-values-survey,wvs-w06;wvs-w07,1.0,unknown,no member records value labels,Frequency you/family (last 12 month): Gone without a cash income
Q1941,identical,2,1,world-values-survey,wvs-w06;wvs-w07,1.0,unknown,no member records value labels,Important in life: Religion
Q1942,identical,2,1,world-values-survey,wvs-w06;wvs-w07,1.0,unknown,no member records value labels,Confidence: Churches
Q1943,identical,2,1,world-values-survey,wvs-w06;wvs-w07,1.0,unknown,no member records value labels,Confidence: Armed Forces
Q1944,identical,2,1,world-values-survey,wvs-w06;wvs-w07,1.0,unknown,no member records value labels,Confidence: The Press
Q1945,identical,2,1,world-values-survey,wvs-w06;wvs-w07,1.0,unknown,no member records value labels,Confidence: Television
Q1946,identical,2,1,world-values-survey,wvs-w06;wvs-w07,1.0,unknown,no member records value labels,Confidence: The Police
Q1947,identical,2,1,world-values-survey,wvs-w06;wvs-w07,1.0,unknown,no member records value labels,Confidence: Justice System/Courts
Q1948,identical,2,1,world-values-survey,wvs-w06;wvs-w07,1.0,unknown,no member records value labels,Confidence: The Government
Q1949,identical,2,1,world-values-survey,wvs-w06;wvs-w07,1.0,unknown,no member records value labels,Confidence: The Political Parties
Q1950,identical,2,1,world-values-survey,wvs-w06;wvs-w07,1.0,unknown,no member records value labels,Confidence: Parliament
Q1951,identical,2,1,world-values-survey,wvs-w06;wvs-w07,1.0,unknown,no member records value labels,Confidence: The Civil Services
Q1952,identical,2,1,world-values-survey,wvs-w06;wvs-w07,1.0,unknown,no member records value labels,Confidence: Universities
Q1953,identical,2,1,world-values-survey,wvs-w06;wvs-w07,1.0,unknown,no member records value labels,Confidence: Major Companies
Q1954,identical,2,1,world-values-survey,wvs-w06;wvs-w07,1.0,unknown,no member records value labels,Confidence: Banks
Q1955,identical,2,1,world-values-survey,wvs-w06;wvs-w07,1.0,unknown,no member records value labels,Confidence: The Environmental Protection Movement
Q1956,identical,2,1,world-values-survey,wvs-w06;wvs-w07,1.0,unknown,no member records value labels,Important child qualities: independence
Q1957,identical,2,1,world-values-survey,wvs-w06;wvs-w07,1.0,unknown,no member records value labels,Confidence: The Women's Movement
Q1958,identical,2,1,world-values-survey,wvs-w06;wvs-w07,1.0,unknown,no member records value labels,Confidence: Charitable or humanitarian organizations
Q1959,identical,2,1,world-values-survey,wvs-w06;wvs-w07,1.0,unknown,no member records value labels,Important child qualities: hard work
Q1960,near,2,1,world-values-survey,wvs-w06;wvs-w07,0.857,unknown,no member records value labels,"Active/Inactive membership: art, music, educational org"
Q1961,near,2,1,world-values-survey,wvs-w06;wvs-w07,1.0,unknown,no member records value labels,Active/Inactive membership of environmental organization
