COUNTRY,ID,DATE,Q1,Q13A,WT,Q1001,Q1002,Q2061A,Q1COVID19,Q2ACOVID19,Q2BCOVID19,Q101,Q118,Q123,Q110_1,Q110_2,Q201A_1,Q201A_6A_LIB,Q201A_6B_LIB,Q201A_2,Q201B_6,Q201B_13,Q204A_1,Q204A_2,Q204_3,Q204_20,Q204_26,Q204_25,Q210,Q211A,Q271_1,Q271_3,Q521_1,Q521_4,Q521_2,Q512A3_1,Q512A3_2,Q512A3_5,Q531,Q532,Q533_4,Q533_5,Q700B_1,Q700B_8,Q700B_4,Q700B_13,Q725_1,Q725_4,Q725_3,Q725_2,Q729_3A,Q729_3B,Q731,Q732,Q733_1,Q733_2,Q733_3,Q733_4,Q733_5,Q734,Q735,Q1003,Q1010,Q1010B1,Q1014C,Q1005,Q1005B,Q1006A,Q1016,Q1012,Q1012A,Q609,Q605,Q1011D,Q1011E,Q1011F,QLIBGOV,Q409,Q409_NEW,Q534_2,Q534_1
21.0,2029.0,2020-10-11,21003.0,1.0,0.978345968721482,55.0,1.0,1.0,1.0,1.0,,4.0,3.0,1.0,1.0,1.0,4.0,,,4.0,1.0,3.0,4.0,4.0,3.0,4.0,3.0,3.0,1.0,37.0,4.0,4.0,3.0,3.0,1.0,1.0,3.0,1.0,2.0,1.0,1.0,1.0,1.0,1.0,1.0,1.0,5.0,98.0,1.0,1.0,1.0,1.0,3.0,4.0,2.0,2.0,2.0,2.0,2.0,4.0,2.0,2.0,4.0,1.0,5.0,1.0,,2.0,4.0,1.0,,2.0,2.0,2.0,1.0,2.0,,6.0,,2.0,2.0
21.0,2065.0,2020-10-12,21013.0,2.0,1.0209633709721706,57.0,1.0,1.0,4.0,,1.0,4.0,3.0,5.0,1.0,2.0,4.0,,,3.0,1.0,3.0,4.0,4.0,4.0,2.0,4.0,4.0,1.0,7.0,3.0,4.0,2.0,3.0,1.0,4.0,4.0,1.0,3.0,1.0,1.0,2.0,4.0,2.0,4.0,4.0,5.0,2.0,5.0,1.0,1.0,1.0,3.0,2.0,2.0,2.0,2.0,2.0,2.0,1.0,1.0,2.0,4.0,1.0,7.0,2.0,,2.0,4.0,1.0,,2.0,5.0,2.0,2.0,2.0,,2.0,96.0,3.0,98.0
21.0,403.0,2020-10-07,21017.0,3.0,0.9327827851239507,60.0,1.0,1.0,1.0,4.0,,4.0,1.0,5.0,1.0,2.0,3.0,,,3.0,1.0,3.0,3.0,3.0,3.0,3.0,3.0,3.0,1.0,16.0,4.0,4.0,2.0,2.0,2.0,1.0,1.0,1.0,1.0,2.0,4.0,4.0,3.0,4.0,1.0,1.0,5.0,2.0,2.0,2.0,2.0,2.0,3.0,4.0,2.0,2.0,2.0,2.0,2.0,4.0,2.0,2.0,1.0,,5.0,6.0,,,3.0,1.0,,2.0,4.0,2.0,3.0,2.0,,3.0,3.0,2.0,98.0
21.0,1733.0,2020-10-11,21006.0,2.0,0.9647397549074141,59.0,2.0,6.0,1.0,5.0,,4.0,3.0,2.0,2.0,1.0,4.0,,,4.0,1.0,4.0,98.0,2.0,4.0,2.0,4.0,4.0,1.0,15.0,2.0,4.0,4.0,3.0,2.0,4.0,3.0,4.0,2.0,1.0,1.0,1.0,2.0,98.0,98.0,98.0,4.0,98.0,98.0,98.0,1.0,98.0,1.0,98.0,2.0,98.0,2.0,2.0,98.0,4.0,4.0,2.0,7.0,1.0,5.0,6.0,,,4.0,1.0,,1.0,5.0,2.0,1.0,2.0,,6.0,,4.0,98.0
21.0,3053.0,2020-10-13,21023.0,2.0,0.8936812191613475,50.0,2.0,15.0,2.0,1.0,,3.0,4.0,4.0,2.0,2.0,4.0,,,3.0,1.0,3.0,3.0,3.0,3.0,3.0,2.0,2.0,1.0,7.0,4.0,4.0,1.0,3.0,1.0,3.0,1.0,1.0,1.0,2.0,1.0,2.0,4.0,98.0,98.0,1.0,4.0,98.0,98.0,98.0,98.0,98.0,3.0,98.0,2.0,98.0,2.0,2.0,2.0,3.0,3.0,2.0,4.0,1.0,4.0,4.0,,,4.0,1.0,,1.0,5.0,1.0,1.0,2.0,,4.0,3.0,1.0,98.0
21.0,2661.0,2020-10-13,21015.0,3.0,1.1288663784612583,26.0,1.0,16.0,1.0,5.0,,4.0,1.0,4.0,1.0,2.0,4.0,,,4.0,1.0,4.0,4.0,3.0,4.0,4.0,4.0,4.0,1.0,20.0,4.0,4.0,4.0,4.0,4.0,4.0,4.0,4.0,4.0,1.0,4.0,1.0,4.0,98.0,4.0,4.0,5.0,5.0,4.0,4.0,1.0,3.0,1.0,98.0,98.0,2.0,2.0,2.0,2.0,98.0,98.0,2.0,4.0,2.0,8.0,7.0,,,4.0,1.0,,3.0,98.0,2.0,1.0,2.0,,2.0,96.0,2.0,98.0
21.0,2387.0,2020-10-12,21007.0,1.0,0.7776276202461182,43.0,1.0,1.0,4.0,,6.0,4.0,5.0,2.0,4.0,3.0,3.0,,,4.0,1.0,4.0,4.0,4.0,4.0,4.0,4.0,98.0,1.0,5.0,98.0,1.0,1.0,3.0,1.0,2.0,4.0,4.0,4.0,1.0,4.0,2.0,3.0,4.0,2.0,4.0,1.0,2.0,1.0,1.0,4.0,1.0,1.0,2.0,1.0,1.0,1.0,1.0,1.0,4.0,4.0,2.0,4.0,1.0,6.0,2.0,,1.0,3.0,1.0,,3.0,5.0,2.0,1.0,2.0,,1.0,3.0,2.0,98.0
21.0,1678.0,2020-10-11,21003.0,3.0,0.978345968721482,63.0,1.0,1.0,1.0,3.0,,3.0,1.0,5.0,3.0,3.0,3.0,,,3.0,2.0,3.0,3.0,3.0,3.0,3.0,2.0,1.0,2.0,14.0,4.0,2.0,1.0,2.0,2.0,2.0,3.0,2.0,2.0,1.0,2.0,2.0,3.0,2.0,2.0,2.0,4.0,2.0,2.0,2.0,1.0,2.0,3.0,3.0,2.0,2.0,98.0,2.0,98.0,99.0,3.0,2.0,4.0,1.0,7.0,3.0,1.0,,4.0,1.0,,2.0,3.0,2.0,1.0,2.0,,6.0,,2.0,98.0
21.0,94.0,2020-10-06,21016.0,1.0,0.9008186790367625,56.0,1.0,1.0,2.0,6.0,,2.0,2.0,1.0,3.0,4.0,2.0,,,1.0,1.0,2.0,2.0,2.0,3.0,4.0,2.0,1.0,4.0,,4.0,4.0,1.0,2.0,3.0,1.0,1.0,2.0,3.0,1.0,1.0,1.0,3.0,2.0,1.0,1.0,2.0,1.0,1.0,1.0,1.0,1.0,3.0,1.0,1.0,1.0,1.0,2.0,1.0,1.0,1.0,2.0,4.0,1.0,5.0,7.0,,,4.0,1.0,,1.0,5.0,2.0,2.0,2.0,,6.0,,1.0,1.0
21.0,2203.0,2020-10-12,21010.0,3.0,0.8571254616517384,76.0,1.0,1.0,4.0,,7.0,3.0,3.0,2.0,2.0,1.0,4.0,,,4.0,1.0,4.0,3.0,3.0,4.0,4.0,4.0,4.0,1.0,7.0,4.0,4.0,4.0,4.0,1.0,3.0,4.0,98.0,2.0,4.0,1.0,98.0,4.0,4.0,4.0,98.0,4.0,98.0,5.0,98.0,4.0,4.0,3.0,98.0,2.0,98.0,2.0,2.0,98.0,4.0,2.0,1.0,4.0,1.0,6.0,3.0,1.0,,4.0,1.0,,1.0,5.0,2.0,1.0,2.0,,6.0,,4.0,4.0
21.0,894.0,2020-10-08,21015.0,3.0,0.9917359506955274,51.0,1.0,15.0,2.0,4.0,,4.0,4.0,5.0,3.0,3.0,4.0,,,4.0,1.0,4.0,4.0,4.0,4.0,3.0,4.0,3.0,1.0,20.0,4.0,4.0,1.0,1.0,2.0,4.0,4.0,2.0,2.0,1.0,1.0,2.0,4.0,4.0,4.0,2.0,5.0,2.0,5.0,4.0,4.0,2.0,2.0,4.0,2.0,2.0,2.0,2.0,2.0,1.0,4.0,2.0,4.0,1.0,8.0,7.0,,,4.0,1.0,,1.0,5.0,2.0,3.0,2.0,,6.0,,4.0,4.0
21.0,1863.0,2020-10-11,21018.0,3.0,0.9604757633631016,40.0,1.0,1.0,2.0,7.0,,4.0,3.0,98.0,1.0,2.0,1.0,,,1.0,1.0,1.0,3.0,3.0,1.0,1.0,1.0,2.0,2.0,18.0,4.0,4.0,2.0,2.0,2.0,1.0,1.0,1.0,4.0,1.0,3.0,4.0,4.0,98.0,98.0,98.0,5.0,98.0,98.0,98.0,1.0,2.0,1.0,98.0,98.0,98.0,98.0,98.0,98.0,4.0,4.0,2.0,4.0,1.0,5.0,7.0,,,4.0,1.0,,1.0,98.0,2.0,2.0,2.0,,6.0,,1.0,98.0
21.0,1638.0,2020-10-11,21016.0,2.0,0.817288866144774,45.0,2.0,6.0,2.0,5.0,,4.0,1.0,1.0,4.0,4.0,4.0,,,3.0,3.0,4.0,4.0,3.0,4.0,2.0,4.0,3.0,1.0,6.0,4.0,4.0,2.0,1.0,2.0,1.0,1.0,1.0,1.0,1.0,1.0,1.0,4.0,2.0,4.0,4.0,5.0,3.0,3.0,3.0,99.0,2.0,3.0,1.0,2.0,2.0,2.0,2.0,2.0,4.0,1.0,2.0,1.0,,3.0,2.0,,2.0,2.0,1.0,,2.0,5.0,2.0,1.0,2.0,,2.0,3.0,4.0,4.0
21.0,2822.0,2020-10-13,21015.0,3.0,0.9917359506955274,47.0,1.0,15.0,1.0,6.0,,4.0,5.0,2.0,1.0,2.0,4.0,,,3.0,1.0,3.0,4.0,2.0,3.0,4.0,4.0,4.0,1.0,6.0,4.0,4.0,4.0,4.0,3.0,1.0,1.0,1.0,4.0,4.0,1.0,1.0,4.0,2.0,2.0,2.0,5.0,2.0,2.0,2.0,3.0,2.0,1.0,4.0,98.0,1.0,1.0,1.0,98.0,4.0,4.0,1.0,4.0,1.0,7.0,4.0,,,4.0,1.0,,1.0,3.0,2.0,2.0,2.0,,6.0,,1.0,1.0
21.0,897.0,2020-10-08,21016.0,2.0,0.9008186790367625,55.0,1.0,15.0,1.0,1.0,,3.0,3.0,2.0,4.0,1.0,3.0,,,3.0,1.0,3.0,2.0,3.0,3.0,3.0,3.0,2.0,1.0,4.0,4.0,4.0,4.0,2.0,2.0,1.0,1.0,1.0,2.0,1.0,1.0,1.0,4.0,2.0,4.0,1.0,5.0,2.0,5.0,3.0,98.0,1.0,1.0,1.0,2.0,2.0,2.0,2.0,2.0,3.0,1.0,2.0,4.0,1.0,4.0,1.0,,2.0,2.0,1.0,,3.0,2.0,2.0,4.0,2.0,,6.0,,2.0,99.0
21.0,4461.0,2020-10-14,21018.0,3.0,1.1094497614140795,66.0,2.0,1.0,1.0,4.0,,3.0,3.0,2.0,3.0,2.0,2.0,,,2.0,1.0,1.0,3.0,3.0,3.0,3.0,3.0,3.0,2.0,98.0,4.0,4.0,1.0,1.0,1.0,1.0,1.0,1.0,2.0,3.0,1.0,1.0,4.0,4.0,4.0,4.0,5.0,5.0,5.0,5.0,4.0,4.0,3.0,4.0,96.0,96.0,96.0,96.0,96.0,4.0,98.0,2.0,4.0,1.0,5.0,4.0,,,3.0,1.0,,2.0,3.0,2.0,1.0,2.0,,6.0,,3.0,1.0
21.0,2017.0,2020-10-11,21011.0,3.0,0.8081177725934331,40.0,1.0,15.0,2.0,6.0,,3.0,4.0,4.0,3.0,2.0,2.0,,,2.0,1.0,4.0,2.0,1.0,2.0,3.0,1.0,2.0,1.0,98.0,4.0,3.0,3.0,2.0,2.0,1.0,1.0,2.0,3.0,1.0,1.0,2.0,4.0,98.0,2.0,2.0,4.0,2.0,1.0,98.0,2.0,4.0,3.0,2.0,98.0,98.0,98.0,98.0,98.0,98.0,4.0,2.0,4.0,1.0,7.0,2.0,,2.0,4.0,1.0,,3.0,4.0,2.0,2.0,2.0,,5.0,98.0,3.0,99.0
21.0,1259.0,2020-10-10,21001.0,2.0,0.9482332132399911,28.0,2.0,15.0,1.0,1.0,,2.0,6.0,2.0,2.0,1.0,3.0,,,1.0,1.0,1.0,2.0,2.0,2.0,2.0,2.0,1.0,1.0,35.0,4.0,4.0,1.0,2.0,2.0,4.0,1.0,1.0,2.0,1.0,1.0,4.0,1.0,1.0,1.0,1.0,2.0,2.0,2.0,98.0,1.0,2.0,3.0,1.0,1.0,2.0,2.0,1.0,2.0,2.0,4.0,2.0,4.0,2.0,2.0,4.0,,,2.0,1.0,,1.0,1.0,2.0,1.0,2.0,,3.0,3.0,1.0,1.0
21.0,3769.0,2020-10-14,21016.0,2.0,0.9250124189609754,63.0,2.0,15.0,1.0,4.0,,3.0,4.0,2.0,1.0,1.0,2.0,,,2.0,1.0,4.0,4.0,3.0,3.0,3.0,4.0,2.0,2.0,6.0,2.0,4.0,2.0,4.0,2.0,1.0,2.0,1.0,3.0,1.0,1.0,1.0,2.0,1.0,4.0,2.0,4.0,4.0,4.0,2.0,2.0,2.0,3.0,2.0,2.0,2.0,2.0,2.0,2.0,4.0,4.0,2.0,4.0,1.0,4.0,4.0,,,3.0,1.0,,1.0,5.0,2.0,2.0,2.0,,6.0,,1.0,2.0
21.0,1250.0,2020-10-10,21016.0,1.0,0.7959126404150998,54.0,1.0,2.0,4.0,,99.0,4.0,2.0,5.0,1.0,1.0,4.0,,,4.0,2.0,4.0,4.0,4.0,3.0,4.0,4.0,4.0,1.0,98.0,4.0,4.0,4.0,4.0,1.0,98.0,4.0,4.0,2.0,3.0,1.0,2.0,4.0,2.0,3.0,2.0,98.0,98.0,98.0,98.0,2.0,2.0,3.0,2.0,98.0,98.0,98.0,98.0,98.0,4.0,4.0,2.0,4.0,1.0,4.0,1.0,,2.0,4.0,1.0,,1.0,5.0,2.0,2.0,2.0,,6.0,,4.0,99.0
21.0,222.0,2020-10-07,21023.0,3.0,0.9850186007333708,64.0,1.0,2.0,4.0,,4.0,3.0,4.0,1.0,4.0,4.0,3.0,,,1.0,1.0,3.0,2.0,2.0,3.0,3.0,3.0,3.0,2.0,2.0,98.0,4.0,1.0,2.0,2.0,1.0,4.0,4.0,3.0,1.0,2.0,2.0,4.0,3.0,4.0,2.0,5.0,5.0,4.0,5.0,4.0,4.0,3.0,4.0,96.0,2.0,96.0,2.0,2.0,4.0,4.0,2.0,4.0,1.0,7.0,3.0,1.0,,3.0,1.0,,1.0,2.0,2.0,2.0,2.0,,6.0,,1.0,1.0
21.0,2348.0,2020-10-12,21008.0,2.0,0.8295072314252755,39.0,2.0,15.0,1.0,1.0,,4.0,3.0,5.0,1.0,1.0,4.0,,,98.0,1.0,98.0,4.0,4.0,4.0,4.0,4.0,4.0,1.0,98.0,4.0,4.0,1.0,98.0,1.0,1.0,1.0,1.0,3.0,98.0,1.0,98.0,98.0,98.0,98.0,4.0,98.0,98.0,98.0,98.0,98.0,98.0,4.0,98.0,98.0,98.0,98.0,98.0,98.0,98.0,98.0,2.0,4.0,1.0,5.0,4.0,,,3.0,1.0,,2.0,98.0,1.0,3.0,2.0,,2.0,1.0,1.0,1.0
21.0,2507.0,2020-10-12,21010.0,3.0,0.8571254616517384,64.0,1.0,15.0,1.0,2.0,,4.0,1.0,2.0,2.0,4.0,3.0,,,1.0,1.0,3.0,4.0,4.0,4.0,4.0,4.0,4.0,1.0,16.0,1.0,1.0,2.0,4.0,4.0,4.0,3.0,4.0,4.0,1.0,1.0,1.0,2.0,4.0,4.0,1.0,98.0,5.0,1.0,1.0,1.0,1.0,3.0,1.0,1.0,1.0,2.0,2.0,2.0,4.0,4.0,2.0,4.0,1.0,4.0,3.0,1.0,,4.0,1.0,,1.0,5.0,1.0,1.0,2.0,,6.0,,4.0,2.0
21.0,1708.0,2020-10-11,21016.0,1.0,0.8284850721760173,19.0,2.0,1.0,4.0,,4.0,4.0,1.0,1.0,1.0,1.0,4.0,,,4.0,4.0,3.0,4.0,4.0,4.0,3.0,4.0,4.0,1.0,99.0,3.0,4.0,4.0,4.0,4.0,4.0,2.0,4.0,4.0,4.0,4.0,4.0,2.0,4.0,2.0,4.0,1.0,5.0,5.0,5.0,1.0,2.0,2.0,4.0,2.0,2.0,2.0,1.0,1.0,4.0,4.0,2.0,1.0,,5.0,6.0,,,3.0,1.0,,2.0,1.0,2.0,2.0,2.0,,1.0,99.0,4.0,4.0
21.0,1154.0,2020-10-10,21016.0,3.0,0.9250124189609754,59.0,2.0,1.0,1.0,1.0,,4.0,3.0,1.0,1.0,3.0,4.0,,,4.0,1.0,4.0,2.0,2.0,4.0,4.0,3.0,4.0,1.0,6.0,4.0,4.0,4.0,2.0,2.0,4.0,1.0,1.0,3.0,3.0,1.0,4.0,98.0,98.0,98.0,98.0,98.0,98.0,98.0,98.0,4.0,4.0,3.0,4.0,98.0,98.0,98.0,98.0,98.0,4.0,4.0,2.0,4.0,1.0,6.0,4.0,,,4.0,1.0,,2.0,5.0,2.0,1.0,2.0,,6.0,,2.0,2.0
21.0,2663.0,2020-10-13,21001.0,3.0,0.918185609251887,59.0,1.0,2.0,4.0,,7.0,4.0,3.0,3.0,4.0,4.0,4.0,,,4.0,1.0,4.0,4.0,4.0,4.0,4.0,98.0,4.0,1.0,6.0,4.0,4.0,2.0,3.0,4.0,1.0,1.0,1.0,1.0,4.0,4.0,4.0,2.0,2.0,4.0,2.0,5.0,5.0,5.0,3.0,2.0,3.0,5.0,3.0,2.0,2.0,2.0,2.0,2.0,4.0,4.0,2.0,4.0,1.0,4.0,3.0,1.0,,4.0,1.0,,3.0,4.0,2.0,2.0,2.0,,6.0,,4.0,4.0
21.0,2199.0,2020-10-12,21014.0,3.0,0.7573235744574288,40.0,2.0,15.0,1.0,1.0,,3.0,1.0,2.0,2.0,3.0,3.0,,,2.0,1.0,3.0,3.0,2.0,3.0,98.0,3.0,3.0,4.0,,4.0,4.0,1.0,2.0,1.0,3.0,1.0,2.0,2.0,2.0,1.0,4.0,98.0,2.0,2.0,4.0,98.0,98.0,2.0,4.0,2.0,98.0,3.0,2.0,2.0,2.0,1.0,98.0,2.0,3.0,98.0,2.0,4.0,1.0,5.0,4.0,,,4.0,1.0,,2.0,4.0,2.0,2.0,2.0,,6.0,,2.0,98.0
21.0,1298.0,2020-10-10,21023.0,2.0,0.9906470084018107,25.0,1.0,1.0,3.0,,1.0,2.0,98.0,2.0,4.0,3.0,99.0,,,1.0,1.0,99.0,1.0,1.0,98.0,98.0,2.0,2.0,99.0,20.0,99.0,99.0,99.0,99.0,99.0,99.0,1.0,99.0,99.0,99.0,99.0,99.0,99.0,99.0,99.0,99.0,98.0,98.0,98.0,98.0,99.0,99.0,99.0,99.0,98.0,98.0,98.0,98.0,98.0,98.0,98.0,2.0,1.0,,6.0,2.0,,2.0,3.0,1.0,,3.0,99.0,2.0,1.0,2.0,,2.0,3.0,99.0,99.0
21.0,2617.0,2020-10-13,21006.0,3.0,0.8351970361960291,42.0,1.0,2.0,1.0,4.0,,4.0,5.0,5.0,4.0,1.0,3.0,,,4.0,1.0,4.0,3.0,4.0,3.0,4.0,3.0,3.0,1.0,29.0,1.0,3.0,4.0,2.0,4.0,2.0,1.0,3.0,4.0,4.0,1.0,1.0,4.0,1.0,4.0,4.0,5.0,5.0,5.0,1.0,3.0,4.0,5.0,4.0,2.0,2.0,2.0,2.0,2.0,4.0,4.0,2.0,4.0,1.0,5.0,1.0,,1.0,3.0,1.0,,3.0,5.0,2.0,1.0,2.0,,6.0,,4.0,2.0
21.0,1847.0,2020-10-11,21012.0,3.0,0.9425966435389861,58.0,1.0,15.0,4.0,,98.0,4.0,3.0,5.0,1.0,3.0,4.0,,,1.0,1.0,1.0,1.0,1.0,2.0,3.0,1.0,1.0,1.0,98.0,2.0,1.0,4.0,4.0,4.0,3.0,98.0,4.0,1.0,1.0,1.0,2.0,4.0,4.0,4.0,4.0,1.0,1.0,5.0,1.0,1.0,2.0,6.0,2.0,1.0,98.0,1.0,98.0,98.0,98.0,1.0,2.0,4.0,1.0,8.0,1.0,,1.0,3.0,1.0,,1.0,1.0,2.0,2.0,2.0,,6.0,,1.0,1.0
21.0,1366.0,2020-10-10,21005.0,2.0,0.911994879570329,55.0,2.0,15.0,2.0,1.0,,4.0,1.0,3.0,1.0,1.0,98.0,,,3.0,1.0,2.0,3.0,4.0,3.0,3.0,4.0,3.0,2.0,98.0,4.0,4.0,1.0,2.0,98.0,1.0,2.0,1.0,1.0,1.0,1.0,1.0,98.0,98.0,98.0,1.0,4.0,98.0,98.0,98.0,98.0,1.0,3.0,4.0,2.0,2.0,2.0,2.0,2.0,4.0,2.0,2.0,1.0,,5.0,1.0,,2.0,4.0,1.0,,1.0,3.0,2.0,2.0,2.0,,3.0,3.0,2.0,98.0
21.0,1472.0,2020-10-11,21005.0,97.0,0.911994879570329,60.0,2.0,1.0,2.0,5.0,,4.0,1.0,5.0,4.0,4.0,4.0,,,4.0,2.0,4.0,4.0,4.0,2.0,4.0,4.0,4.0,3.0,14.0,4.0,3.0,2.0,2.0,4.0,1.0,1.0,1.0,4.0,1.0,4.0,4.0,3.0,4.0,98.0,98.0,98.0,98.0,98.0,98.0,3.0,3.0,1.0,2.0,96.0,1.0,1.0,1.0,1.0,3.0,4.0,1.0,1.0,,99999.0,6.0,,,3.0,2.0,,2.0,,1.0,99.0,1.0,,1.0,3.0,2.0,2.0
21.0,2139.0,2020-10-12,21006.0,3.0,0.8351970361960291,40.0,1.0,2.0,4.0,,4.0,4.0,1.0,1.0,4.0,1.0,4.0,,,4.0,1.0,1.0,4.0,4.0,4.0,4.0,4.0,4.0,1.0,14.0,4.0,4.0,2.0,2.0,4.0,1.0,1.0,1.0,4.0,4.0,4.0,4.0,4.0,4.0,4.0,2.0,5.0,2.0,5.0,5.0,4.0,4.0,3.0,1.0,2.0,2.0,2.0,2.0,98.0,4.0,4.0,2.0,4.0,1.0,4.0,6.0,,,4.0,1.0,,2.0,3.0,2.0,2.0,2.0,,4.0,96.0,2.0,99.0
21.0,881.0,2020-10-08,21001.0,1.0,0.8381651745165571,40.0,2.0,15.0,1.0,6.0,,3.0,1.0,1.0,4.0,1.0,98.0,,,1.0,1.0,2.0,2.0,2.0,98.0,1.0,2.0,2.0,2.0,6.0,4.0,4.0,2.0,98.0,98.0,1.0,1.0,1.0,4.0,2.0,3.0,2.0,2.0,2.0,1.0,2.0,4.0,99.0,1.0,3.0,4.0,2.0,1.0,98.0,2.0,99.0,99.0,99.0,2.0,4.0,4.0,2.0,4.0,1.0,3.0,6.0,,,2.0,1.0,,1.0,2.0,2.0,1.0,2.0,,6.0,,1.0,2.0
21.0,3317.0,2020-10-13,21014.0,2.0,0.8296259839417547,60.0,1.0,1.0,1.0,1.0,,4.0,1.0,2.0,4.0,4.0,4.0,,,3.0,2.0,4.0,4.0,4.0,4.0,4.0,4.0,4.0,1.0,7.0,4.0,4.0,2.0,1.0,2.0,2.0,1.0,2.0,2.0,98.0,2.0,2.0,4.0,2.0,2.0,2.0,5.0,2.0,2.0,2.0,4.0,4.0,6.0,98.0,98.0,96.0,96.0,96.0,96.0,4.0,98.0,2.0,4.0,1.0,8.0,6.0,,,4.0,1.0,,1.0,3.0,2.0,1.0,2.0,,6.0,,3.0,97.0
21.0,230.0,2020-10-07,21019.0,1.0,1.0757346539319965,55.0,2.0,15.0,2.0,1.0,,4.0,5.0,5.0,4.0,1.0,4.0,,,4.0,2.0,3.0,4.0,3.0,3.0,3.0,3.0,4.0,3.0,15.0,3.0,3.0,2.0,2.0,4.0,4.0,4.0,3.0,4.0,3.0,1.0,2.0,3.0,2.0,2.0,2.0,4.0,4.0,2.0,2.0,2.0,4.0,1.0,1.0,2.0,1.0,1.0,1.0,2.0,3.0,3.0,2.0,4.0,1.0,6.0,4.0,,,4.0,1.0,,1.0,3.0,2.0,1.0,2.0,,3.0,3.0,4.0,4.0
21.0,726.0,2020-10-08,21006.0,3.0,0.9395069447890421,65.0,1.0,15.0,2.0,7.0,,4.0,5.0,5.0,3.0,2.0,4.0,,,3.0,1.0,3.0,4.0,4.0,4.0,4.0,4.0,4.0,2.0,6.0,4.0,4.0,2.0,2.0,2.0,2.0,4.0,2.0,2.0,4.0,2.0,1.0,4.0,3.0,4.0,3.0,5.0,2.0,5.0,4.0,4.0,4.0,2.0,4.0,96.0,96.0,96.0,2.0,96.0,4.0,4.0,2.0,4.0,1.0,5.0,3.0,1.0,,4.0,1.0,,1.0,1.0,2.0,1.0,2.0,,6.0,,1.0,97.0
21.0,3477.0,2020-10-14,21023.0,1.0,1.01725331290651,32.0,2.0,15.0,1.0,2.0,,3.0,3.0,2.0,3.0,1.0,2.0,,,2.0,2.0,2.0,2.0,2.0,2.0,2.0,2.0,2.0,2.0,98.0,4.0,4.0,4.0,3.0,2.0,1.0,1.0,4.0,4.0,2.0,2.0,2.0,4.0,2.0,98.0,2.0,2.0,2.0,2.0,2.0,4.0,2.0,1.0,2.0,98.0,98.0,98.0,98.0,98.0,98.0,3.0,2.0,4.0,1.0,5.0,6.0,,,4.0,1.0,,1.0,4.0,2.0,1.0,2.0,,6.0,,4.0,98.0
21.0,1021.0,2020-10-09,21001.0,1.0,0.9428457815477685,63.0,2.0,15.0,4.0,,3.0,1.0,1.0,5.0,2.0,2.0,2.0,,,4.0,1.0,1.0,3.0,3.0,2.0,4.0,3.0,1.0,1.0,4.0,3.0,1.0,2.0,1.0,2.0,1.0,2.0,3.0,2.0,1.0,1.0,1.0,4.0,4.0,1.0,4.0,5.0,5.0,5.0,5.0,4.0,3.0,4.0,2.0,2.0,2.0,2.0,2.0,2.0,4.0,1.0,2.0,4.0,1.0,15.0,4.0,,,4.0,1.0,,1.0,5.0,2.0,2.0,2.0,,6.0,,1.0,4.0
21.0,1487.0,2020-10-11,21001.0,1.0,0.8162429280362736,36.0,1.0,6.0,1.0,6.0,,1.0,5.0,2.0,1.0,1.0,4.0,,,4.0,4.0,4.0,4.0,4.0,1.0,4.0,2.0,4.0,1.0,98.0,1.0,1.0,1.0,1.0,3.0,1.0,1.0,1.0,1.0,1.0,1.0,1.0,1.0,1.0,1.0,1.0,3.0,2.0,3.0,3.0,1.0,1.0,5.0,1.0,2.0,1.0,1.0,1.0,1.0,1.0,1.0,1.0,1.0,,5.0,1.0,,1.0,3.0,1.0,,1.0,3.0,1.0,2.0,1.0,,1.0,1.0,1.0,1.0
21.0,291.0,2020-10-07,21015.0,3.0,1.1224526709274059,63.0,1.0,15.0,4.0,,6.0,3.0,5.0,2.0,99.0,99.0,1.0,,,1.0,1.0,1.0,4.0,4.0,4.0,1.0,1.0,4.0,1.0,7.0,4.0,4.0,2.0,3.0,1.0,1.0,1.0,1.0,4.0,3.0,1.0,1.0,99.0,99.0,99.0,99.0,98.0,99.0,99.0,99.0,1.0,99.0,3.0,2.0,98.0,96.0,2.0,96.0,98.0,98.0,4.0,2.0,4.0,1.0,8.0,4.0,,,2.0,1.0,,1.0,1.0,2.0,2.0,2.0,,98.0,3.0,1.0,97.0
21.0,375.0,2020-10-07,21009.0,3.0,0.8311376969705427,60.0,1.0,2.0,2.0,1.0,,4.0,4.0,1.0,1.0,1.0,4.0,,,4.0,1.0,4.0,4.0,4.0,4.0,4.0,4.0,4.0,1.0,20.0,4.0,4.0,1.0,4.0,4.0,1.0,4.0,1.0,1.0,4.0,4.0,1.0,4.0,1.0,4.0,1.0,5.0,2.0,5.0,1.0,4.0,4.0,2.0,2.0,96.0,96.0,2.0,96.0,96.0,4.0,1.0,1.0,4.0,1.0,4.0,6.0,,,4.0,1.0,,1.0,5.0,2.0,1.0,2.0,,6.0,,3.0,1.0
21.0,2012.0,2020-10-11,21010.0,3.0,0.7776471702898341,47.0,2.0,1.0,3.0,,98.0,2.0,1.0,4.0,3.0,4.0,1.0,,,1.0,1.0,2.0,2.0,3.0,4.0,3.0,4.0,2.0,2.0,99.0,2.0,4.0,3.0,3.0,4.0,2.0,2.0,3.0,3.0,1.0,2.0,2.0,2.0,1.0,2.0,4.0,2.0,2.0,4.0,2.0,1.0,2.0,1.0,1.0,1.0,2.0,2.0,1.0,2.0,3.0,3.0,1.0,4.0,1.0,7.0,6.0,,,4.0,1.0,,1.0,5.0,1.0,1.0,2.0,,6.0,,2.0,1.0
21.0,3255.0,2020-10-13,21006.0,3.0,0.8576283426835974,36.0,2.0,1.0,1.0,1.0,,4.0,2.0,5.0,1.0,1.0,3.0,,,4.0,1.0,3.0,3.0,4.0,4.0,4.0,4.0,4.0,2.0,98.0,1.0,3.0,4.0,4.0,2.0,1.0,1.0,1.0,1.0,2.0,1.0,1.0,3.0,98.0,2.0,98.0,4.0,98.0,1.0,98.0,3.0,2.0,3.0,4.0,1.0,2.0,2.0,1.0,2.0,4.0,4.0,2.0,4.0,1.0,4.0,4.0,,,4.0,1.0,,1.0,3.0,2.0,1.0,2.0,,2.0,3.0,3.0,3.0
21.0,1846.0,2020-10-11,21022.0,1.0,0.8305665082894013,36.0,1.0,1.0,4.0,,2.0,4.0,1.0,2.0,4.0,1.0,3.0,,,4.0,1.0,3.0,3.0,4.0,4.0,4.0,4.0,4.0,1.0,18.0,3.0,4.0,3.0,3.0,4.0,3.0,4.0,4.0,3.0,3.0,4.0,3.0,2.0,4.0,4.0,2.0,2.0,4.0,1.0,2.0,4.0,3.0,1.0,1.0,2.0,2.0,2.0,2.0,2.0,1.0,1.0,2.0,5.0,1.0,4.0,1.0,,1.0,4.0,1.0,,1.0,5.0,1.0,1.0,2.0,,4.0,3.0,4.0,2.0
21.0,4084.0,2020-10-14,21004.0,3.0,0.7458796385390594,50.0,2.0,15.0,2.0,1.0,,3.0,3.0,1.0,3.0,1.0,3.0,,,3.0,3.0,4.0,4.0,3.0,3.0,3.0,3.0,3.0,3.0,6.0,4.0,4.0,2.0,2.0,2.0,2.0,1.0,2.0,3.0,2.0,2.0,2.0,3.0,1.0,2.0,4.0,4.0,4.0,2.0,2.0,1.0,2.0,3.0,2.0,2.0,2.0,2.0,2.0,2.0,4.0,4.0,2.0,4.0,1.0,4.0,6.0,,,3.0,1.0,,3.0,3.0,2.0,1.0,2.0,,3.0,96.0,2.0,98.0
21.0,181.0,2020-10-07,21021.0,1.0,0.9804403054389704,50.0,1.0,1.0,3.0,,4.0,3.0,1.0,1.0,1.0,1.0,99.0,,,3.0,1.0,1.0,4.0,3.0,97.0,1.0,3.0,3.0,1.0,6.0,4.0,4.0,2.0,4.0,4.0,1.0,2.0,1.0,3.0,4.0,2.0,2.0,4.0,3.0,2.0,3.0,4.0,98.0,2.0,5.0,4.0,4.0,4.0,4.0,2.0,96.0,96.0,96.0,96.0,4.0,4.0,2.0,4.0,1.0,5.0,7.0,,,2.0,1.0,,3.0,5.0,2.0,1.0,2.0,,6.0,,1.0,98.0
21.0,1899.0,2020-10-11,21009.0,3.0,0.8534599797447145,58.0,2.0,15.0,4.0,,7.0,4.0,6.0,2.0,3.0,4.0,99.0,,,4.0,1.0,98.0,3.0,3.0,4.0,4.0,3.0,98.0,1.0,6.0,4.0,4.0,1.0,2.0,98.0,98.0,1.0,1.0,4.0,1.0,1.0,1.0,99.0,98.0,2.0,98.0,98.0,98.0,2.0,98.0,2.0,3.0,1.0,98.0,1.0,98.0,98.0,98.0,98.0,98.0,98.0,2.0,5.0,1.0,10.0,4.0,,,4.0,1.0,,2.0,3.0,2.0,2.0,2.0,,6.0,,2.0,98.0
21.0,4220.0,2020-10-14,21007.0,2.0,0.8982410703734767,55.0,2.0,15.0,3.0,,4.0,4.0,98.0,2.0,4.0,4.0,3.0,,,3.0,3.0,2.0,3.0,2.0,3.0,4.0,3.0,2.0,2.0,98.0,3.0,2.0,2.0,3.0,3.0,3.0,2.0,3.0,3.0,2.0,3.0,2.0,4.0,3.0,2.0,2.0,5.0,4.0,3.0,3.0,3.0,3.0,3.0,2.0,96.0,96.0,96.0,96.0,96.0,4.0,3.0,2.0,4.0,2.0,1.0,4.0,,,2.0,1.0,,2.0,98.0,2.0,1.0,2.0,,6.0,,3.0,98.0
21.0,2666.0,2020-10-13,21018.0,3.0,0.9862717435787471,39.0,2.0,15.0,1.0,1.0,,2.0,3.0,2.0,1.0,4.0,3.0,,,98.0,1.0,3.0,2.0,2.0,3.0,3.0,3.0,4.0,1.0,98.0,4.0,4.0,2.0,2.0,2.0,2.0,2.0,4.0,4.0,1.0,2.0,1.0,4.0,98.0,2.0,3.0,4.0,4.0,4.0,4.0,2.0,98.0,3.0,4.0,98.0,98.0,1.0,2.0,1.0,4.0,4.0,2.0,4.0,1.0,4.0,4.0,,,3.0,1.0,,1.0,3.0,2.0,1.0,2.0,,6.0,,1.0,1.0
21.0,2231.0,2020-10-12,21007.0,3.0,0.8747475362323106,64.0,1.0,1.0,2.0,6.0,,2.0,3.0,1.0,1.0,1.0,1.0,,,1.0,1.0,1.0,2.0,1.0,4.0,4.0,4.0,1.0,2.0,36.0,4.0,4.0,1.0,1.0,1.0,1.0,1.0,1.0,2.0,1.0,3.0,1.0,1.0,1.0,1.0,1.0,5.0,2.0,2.0,2.0,1.0,1.0,1.0,4.0,98.0,1.0,1.0,2.0,2.0,4.0,4.0,2.0,4.0,1.0,2.0,6.0,,,3.0,1.0,,3.0,1.0,2.0,1.0,2.0,,6.0,,1.0,97.0
21.0,2307.0,2020-10-12,21001.0,1.0,0.918185609251887,58.0,1.0,2.0,2.0,1.0,,4.0,1.0,2.0,4.0,1.0,2.0,,,2.0,1.0,2.0,2.0,3.0,4.0,4.0,3.0,4.0,1.0,31.0,4.0,4.0,1.0,2.0,1.0,1.0,1.0,1.0,4.0,3.0,1.0,1.0,4.0,4.0,2.0,1.0,5.0,2.0,2.0,5.0,2.0,2.0,6.0,2.0,2.0,2.0,2.0,2.0,2.0,4.0,3.0,2.0,4.0,1.0,3.0,1.0,,2.0,2.0,1.0,,1.0,1.0,2.0,1.0,1.0,,2.0,3.0,2.0,97.0
21.0,2721.0,2020-10-13,21005.0,3.0,0.8057873016354815,48.0,2.0,15.0,2.0,1.0,,3.0,1.0,98.0,4.0,3.0,98.0,,,1.0,1.0,3.0,1.0,2.0,98.0,3.0,98.0,1.0,2.0,98.0,4.0,4.0,2.0,2.0,98.0,98.0,98.0,2.0,3.0,98.0,98.0,98.0,98.0,98.0,98.0,98.0,98.0,98.0,98.0,98.0,1.0,98.0,3.0,98.0,1.0,98.0,98.0,98.0,98.0,98.0,98.0,2.0,4.0,1.0,5.0,6.0,,,1.0,1.0,,1.0,98.0,1.0,1.0,2.0,,6.0,,4.0,4.0
21.0,2414.0,2020-10-12,21016.0,3.0,0.9059659673795304,33.0,1.0,1.0,1.0,5.0,,4.0,3.0,5.0,3.0,3.0,4.0,,,4.0,1.0,3.0,2.0,4.0,3.0,2.0,4.0,2.0,1.0,32.0,4.0,4.0,1.0,2.0,2.0,3.0,2.0,2.0,2.0,1.0,3.0,3.0,3.0,1.0,1.0,4.0,4.0,1.0,4.0,5.0,2.0,2.0,2.0,98.0,2.0,1.0,2.0,1.0,1.0,4.0,4.0,2.0,4.0,1.0,5.0,1.0,,1.0,3.0,2.0,,2.0,,2.0,3.0,1.0,,4.0,2.0,3.0,2.0
21.0,1320.0,2020-10-10,21009.0,3.0,0.8311376969705427,56.0,1.0,15.0,4.0,,7.0,3.0,3.0,1.0,3.0,2.0,2.0,,,2.0,1.0,2.0,3.0,4.0,98.0,4.0,3.0,3.0,2.0,30.0,4.0,4.0,2.0,2.0,98.0,1.0,98.0,1.0,4.0,1.0,1.0,2.0,4.0,2.0,4.0,98.0,5.0,98.0,98.0,3.0,2.0,2.0,3.0,1.0,98.0,98.0,98.0,98.0,98.0,4.0,3.0,1.0,4.0,1.0,5.0,6.0,,,4.0,1.0,,1.0,3.0,2.0,2.0,2.0,,6.0,,2.0,98.0
21.0,3157.0,2020-10-13,21016.0,2.0,0.9250124189609754,60.0,2.0,1.0,1.0,4.0,,4.0,6.0,3.0,1.0,1.0,3.0,,,1.0,1.0,1.0,3.0,3.0,3.0,4.0,3.0,3.0,1.0,13.0,4.0,4.0,4.0,4.0,4.0,4.0,4.0,4.0,4.0,1.0,4.0,4.0,4.0,4.0,4.0,4.0,5.0,5.0,4.0,4.0,98.0,2.0,3.0,1.0,98.0,1.0,99.0,98.0,98.0,98.0,4.0,2.0,4.0,1.0,4.0,4.0,,,4.0,1.0,,1.0,1.0,2.0,1.0,2.0,,6.0,,1.0,1.0
21.0,1391.0,2020-10-10,21008.0,3.0,0.8078114338219318,38.0,1.0,1.0,2.0,1.0,,4.0,1.0,2.0,3.0,3.0,3.0,,,2.0,2.0,2.0,2.0,2.0,4.0,4.0,4.0,3.0,2.0,20.0,3.0,3.0,2.0,2.0,2.0,2.0,3.0,3.0,3.0,2.0,3.0,2.0,2.0,2.0,2.0,2.0,4.0,98.0,3.0,3.0,1.0,1.0,3.0,2.0,98.0,98.0,2.0,2.0,98.0,99.0,2.0,2.0,4.0,1.0,4.0,7.0,,,2.0,1.0,,1.0,3.0,2.0,2.0,2.0,,6.0,,1.0,97.0
21.0,2494.0,2020-10-12,21017.0,3.0,0.8241543239707358,45.0,1.0,15.0,2.0,4.0,,2.0,3.0,5.0,4.0,4.0,3.0,,,3.0,1.0,3.0,3.0,3.0,4.0,4.0,2.0,4.0,1.0,15.0,3.0,2.0,1.0,2.0,4.0,4.0,2.0,3.0,4.0,1.0,2.0,1.0,4.0,1.0,4.0,2.0,4.0,5.0,5.0,2.0,2.0,1.0,5.0,4.0,2.0,2.0,1.0,2.0,2.0,4.0,4.0,2.0,4.0,1.0,6.0,2.0,,2.0,4.0,1.0,,3.0,5.0,2.0,2.0,2.0,,6.0,,2.0,2.0
21.0,754.0,2020-10-08,21017.0,3.0,0.9327827851239507,57.0,1.0,1.0,2.0,6.0,,3.0,1.0,2.0,3.0,1.0,3.0,,,2.0,1.0,3.0,3.0,2.0,3.0,4.0,3.0,2.0,2.0,36.0,4.0,4.0,1.0,98.0,2.0,1.0,1.0,2.0,3.0,1.0,2.0,2.0,98.0,98.0,98.0,98.0,2.0,98.0,2.0,4.0,2.0,2.0,1.0,99.0,98.0,98.0,98.0,98.0,98.0,98.0,98.0,2.0,4.0,1.0,7.0,6.0,,,4.0,1.0,,1.0,3.0,2.0,2.0,2.0,,6.0,,2.0,1.0
21.0,3320.0,2020-10-13,21006.0,3.0,0.8576283426835974,36.0,2.0,15.0,1.0,5.0,,3.0,4.0,1.0,4.0,4.0,3.0,,,3.0,1.0,2.0,3.0,3.0,4.0,3.0,4.0,2.0,1.0,2.0,2.0,4.0,2.0,3.0,2.0,2.0,2.0,3.0,2.0,4.0,2.0,4.0,4.0,2.0,2.0,4.0,5.0,5.0,4.0,2.0,2.0,3.0,5.0,4.0,2.0,2.0,2.0,2.0,2.0,4.0,4.0,2.0,4.0,1.0,4.0,4.0,,,3.0,1.0,,1.0,2.0,2.0,1.0,2.0,,4.0,3.0,4.0,4.0
21.0,2445.0,2020-10-12,21001.0,2.0,0.9428457815477685,60.0,2.0,15.0,2.0,1.0,,4.0,3.0,1.0,1.0,1.0,4.0,,,4.0,3.0,3.0,1.0,4.0,4.0,3.0,3.0,1.0,1.0,14.0,3.0,4.0,4.0,1.0,1.0,4.0,2.0,1.0,1.0,3.0,1.0,1.0,4.0,3.0,4.0,3.0,5.0,98.0,5.0,4.0,2.0,2.0,3.0,4.0,96.0,96.0,96.0,98.0,98.0,4.0,4.0,2.0,4.0,1.0,4.0,4.0,,,4.0,1.0,,1.0,5.0,2.0,1.0,2.0,,6.0,,1.0,99.0
21.0,4371.0,2020-10-14,21016.0,3.0,0.9250124189609754,66.0,2.0,1.0,4.0,,5.0,98.0,4.0,1.0,3.0,98.0,98.0,,,98.0,1.0,98.0,1.0,1.0,1.0,2.0,4.0,1.0,98.0,7.0,3.0,3.0,3.0,2.0,3.0,3.0,4.0,4.0,4.0,3.0,1.0,1.0,2.0,3.0,2.0,98.0,4.0,4.0,1.0,4.0,1.0,1.0,3.0,4.0,98.0,1.0,1.0,1.0,1.0,98.0,4.0,1.0,4.0,1.0,2.0,4.0,,,3.0,1.0,,2.0,4.0,2.0,1.0,2.0,,6.0,,3.0,4.0
21.0,2127.0,2020-10-12,21009.0,3.0,0.7587035407755957,38.0,2.0,1.0,1.0,1.0,,3.0,1.0,2.0,4.0,3.0,2.0,,,2.0,1.0,3.0,3.0,3.0,3.0,4.0,4.0,3.0,3.0,98.0,4.0,3.0,2.0,2.0,1.0,2.0,1.0,4.0,2.0,4.0,2.0,3.0,3.0,2.0,98.0,2.0,2.0,1.0,2.0,2.0,2.0,2.0,3.0,1.0,1.0,1.0,1.0,2.0,98.0,3.0,3.0,2.0,4.0,1.0,6.0,4.0,,,1.0,1.0,,1.0,3.0,2.0,1.0,2.0,,2.0,2.0,1.0,2.0
21.0,727.0,2020-10-08,21012.0,1.0,0.9425966435389861,66.0,1.0,15.0,1.0,5.0,,4.0,3.0,3.0,1.0,3.0,3.0,,,3.0,1.0,3.0,1.0,1.0,2.0,2.0,1.0,1.0,2.0,20.0,4.0,4.0,2.0,2.0,2.0,1.0,1.0,1.0,2.0,1.0,1.0,2.0,4.0,4.0,4.0,4.0,4.0,1.0,5.0,5.0,1.0,1.0,2.0,3.0,2.0,2.0,2.0,2.0,2.0,2.0,4.0,1.0,4.0,1.0,6.0,2.0,,2.0,4.0,1.0,,3.0,1.0,2.0,3.0,2.0,,6.0,,2.0,98.0
21.0,4626.0,2020-10-15,21022.0,1.0,0.9593910118394574,62.0,2.0,1.0,1.0,4.0,,1.0,3.0,1.0,4.0,4.0,1.0,,,1.0,1.0,1.0,3.0,3.0,4.0,4.0,4.0,4.0,2.0,98.0,4.0,4.0,1.0,1.0,1.0,1.0,1.0,1.0,1.0,4.0,2.0,1.0,4.0,4.0,4.0,4.0,5.0,5.0,5.0,5.0,4.0,4.0,3.0,4.0,96.0,96.0,96.0,96.0,96.0,4.0,4.0,2.0,4.0,1.0,6.0,4.0,,,2.0,1.0,,1.0,3.0,1.0,1.0,1.0,,6.0,,1.0,1.0
21.0,303.0,2020-10-07,21011.0,3.0,0.8298217976910982,39.0,2.0,15.0,2.0,6.0,,4.0,3.0,5.0,1.0,1.0,4.0,,,1.0,1.0,3.0,4.0,3.0,3.0,2.0,1.0,2.0,1.0,6.0,4.0,4.0,2.0,3.0,4.0,2.0,1.0,1.0,1.0,3.0,2.0,3.0,99.0,99.0,4.0,99.0,5.0,99.0,5.0,4.0,1.0,4.0,3.0,98.0,98.0,98.0,2.0,99.0,99.0,4.0,4.0,1.0,4.0,1.0,6.0,4.0,,,4.0,1.0,,1.0,3.0,1.0,1.0,2.0,,6.0,,3.0,1.0
21.0,2090.0,2020-10-12,21017.0,3.0,0.8462890507871079,47.0,2.0,1.0,2.0,6.0,,3.0,4.0,4.0,3.0,2.0,2.0,,,1.0,1.0,1.0,4.0,2.0,2.0,4.0,4.0,2.0,1.0,33.0,4.0,2.0,1.0,3.0,1.0,1.0,1.0,2.0,4.0,1.0,2.0,1.0,2.0,98.0,2.0,2.0,2.0,98.0,4.0,98.0,2.0,3.0,1.0,1.0,98.0,98.0,99.0,1.0,1.0,3.0,2.0,2.0,4.0,1.0,4.0,6.0,,,3.0,1.0,,1.0,5.0,2.0,1.0,2.0,,5.0,3.0,4.0,4.0
21.0,356.0,2020-10-07,21023.0,2.0,0.8936812191613475,54.0,2.0,15.0,2.0,2.0,,4.0,5.0,1.0,4.0,1.0,98.0,,,2.0,1.0,3.0,1.0,4.0,4.0,4.0,1.0,4.0,2.0,35.0,4.0,4.0,2.0,4.0,2.0,1.0,1.0,1.0,1.0,4.0,4.0,1.0,4.0,3.0,4.0,4.0,5.0,2.0,5.0,2.0,4.0,98.0,6.0,4.0,2.0,2.0,2.0,2.0,2.0,4.0,4.0,2.0,4.0,1.0,6.0,4.0,,,1.0,1.0,,1.0,1.0,2.0,2.0,2.0,,1.0,98.0,1.0,98.0
21.0,2169.0,2020-10-12,21011.0,3.0,0.8247530076661111,50.0,2.0,15.0,1.0,4.0,,4.0,3.0,1.0,1.0,1.0,3.0,,,1.0,1.0,2.0,3.0,3.0,3.0,3.0,3.0,3.0,2.0,2.0,2.0,2.0,3.0,2.0,1.0,1.0,2.0,2.0,1.0,1.0,3.0,2.0,4.0,4.0,4.0,4.0,4.0,2.0,4.0,4.0,98.0,98.0,1.0,4.0,98.0,98.0,2.0,2.0,2.0,4.0,4.0,2.0,4.0,1.0,7.0,6.0,,,4.0,1.0,,3.0,1.0,2.0,1.0,2.0,,6.0,,98.0,98.0
21.0,1378.0,2020-10-10,21006.0,2.0,0.8300954126694494,53.0,1.0,1.0,4.0,,7.0,4.0,6.0,2.0,2.0,1.0,4.0,,,3.0,1.0,4.0,4.0,4.0,4.0,4.0,4.0,4.0,1.0,27.0,4.0,4.0,4.0,4.0,4.0,3.0,1.0,1.0,2.0,4.0,1.0,1.0,4.0,4.0,4.0,1.0,5.0,3.0,5.0,5.0,3.0,2.0,3.0,1.0,2.0,2.0,2.0,2.0,2.0,4.0,1.0,2.0,4.0,1.0,8.0,2.0,,2.0,4.0,1.0,,2.0,2.0,2.0,2.0,2.0,,6.0,,4.0,4.0
21.0,4533.0,2020-10-15,21010.0,3.0,0.8571254616517384,66.0,1.0,15.0,1.0,1.0,,4.0,1.0,4.0,2.0,1.0,4.0,,,3.0,3.0,3.0,4.0,4.0,4.0,4.0,2.0,3.0,1.0,7.0,4.0,4.0,2.0,4.0,3.0,3.0,2.0,4.0,2.0,3.0,4.0,4.0,4.0,3.0,2.0,3.0,5.0,4.0,3.0,2.0,1.0,2.0,3.0,2.0,2.0,2.0,2.0,2.0,2.0,4.0,3.0,2.0,4.0,1.0,5.0,3.0,1.0,,2.0,1.0,,2.0,5.0,2.0,1.0,2.0,,6.0,,2.0,3.0
21.0,2470.0,2020-10-12,21005.0,1.0,0.7895346040924711,38.0,1.0,2.0,2.0,98.0,,3.0,1.0,1.0,4.0,1.0,4.0,,,2.0,1.0,3.0,4.0,2.0,3.0,2.0,3.0,2.0,1.0,98.0,3.0,3.0,1.0,2.0,2.0,1.0,1.0,1.0,4.0,2.0,2.0,3.0,4.0,4.0,2.0,4.0,98.0,5.0,2.0,2.0,3.0,98.0,3.0,2.0,2.0,2.0,2.0,2.0,2.0,98.0,4.0,1.0,4.0,1.0,5.0,2.0,,2.0,4.0,1.0,,3.0,99.0,2.0,1.0,2.0,,6.0,,2.0,99.0
21.0,1139.0,2020-10-10,21011.0,1.0,0.9334603789052828,61.0,2.0,1.0,4.0,,98.0,4.0,3.0,2.0,4.0,1.0,4.0,,,4.0,1.0,4.0,1.0,1.0,3.0,4.0,4.0,4.0,1.0,13.0,4.0,4.0,2.0,4.0,1.0,1.0,1.0,3.0,3.0,4.0,1.0,1.0,1.0,1.0,4.0,2.0,2.0,5.0,2.0,5.0,1.0,1.0,3.0,1.0,2.0,1.0,2.0,2.0,2.0,1.0,2.0,2.0,4.0,1.0,6.0,6.0,,,4.0,1.0,,1.0,1.0,2.0,1.0,2.0,,6.0,,1.0,4.0
21.0,1497.0,2020-10-11,21013.0,2.0,1.0267971674731686,30.0,1.0,2.0,4.0,,7.0,4.0,3.0,6.0,3.0,3.0,4.0,,,4.0,3.0,4.0,4.0,4.0,4.0,4.0,2.0,4.0,1.0,4.0,4.0,2.0,4.0,3.0,4.0,3.0,2.0,1.0,4.0,4.0,1.0,4.0,4.0,3.0,3.0,1.0,5.0,4.0,2.0,4.0,4.0,4.0,3.0,4.0,98.0,98.0,98.0,98.0,98.0,4.0,4.0,2.0,4.0,1.0,5.0,7.0,,,4.0,1.0,,3.0,1.0,1.0,2.0,2.0,,1.0,3.0,4.0,4.0
21.0,233.0,2020-10-07,21011.0,1.0,0.8298217976910982,42.0,2.0,15.0,1.0,4.0,,4.0,5.0,2.0,4.0,1.0,99.0,,,4.0,1.0,98.0,1.0,4.0,4.0,4.0,4.0,98.0,98.0,98.0,4.0,4.0,3.0,4.0,4.0,4.0,2.0,4.0,4.0,4.0,4.0,1.0,4.0,1.0,1.0,3.0,98.0,98.0,1.0,1.0,4.0,1.0,3.0,4.0,98.0,98.0,1.0,2.0,2.0,98.0,98.0,2.0,4.0,1.0,4.0,4.0,,,2.0,1.0,,1.0,3.0,2.0,1.0,2.0,,3.0,96.0,1.0,97.0
21.0,1424.0,2020-10-11,21020.0,1.0,0.9287641068893085,20.0,2.0,15.0,1.0,4.0,,1.0,1.0,1.0,1.0,1.0,1.0,,,1.0,1.0,1.0,1.0,1.0,1.0,1.0,1.0,1.0,1.0,20.0,1.0,1.0,1.0,1.0,1.0,1.0,1.0,1.0,2.0,1.0,1.0,1.0,1.0,1.0,1.0,1.0,1.0,1.0,1.0,1.0,1.0,1.0,6.0,1.0,1.0,1.0,1.0,1.0,1.0,1.0,1.0,1.0,1.0,,5.0,2.0,,1.0,1.0,1.0,,1.0,1.0,1.0,99.0,1.0,,1.0,96.0,1.0,1.0
21.0,2901.0,2020-10-13,21019.0,97.0,1.0757346539319965,60.0,2.0,1.0,2.0,7.0,,2.0,99.0,2.0,99.0,99.0,1.0,,,1.0,1.0,4.0,2.0,2.0,2.0,3.0,4.0,1.0,98.0,7.0,4.0,4.0,2.0,4.0,1.0,2.0,1.0,2.0,3.0,4.0,3.0,99.0,3.0,2.0,1.0,99.0,98.0,98.0,5.0,98.0,1.0,1.0,98.0,98.0,98.0,1.0,98.0,2.0,97.0,98.0,2.0,2.0,4.0,1.0,6.0,4.0,,,2.0,1.0,,2.0,5.0,2.0,1.0,2.0,,6.0,,3.0,98.0
21.0,3260.0,2020-10-13,21016.0,3.0,0.9008186790367625,66.0,1.0,2.0,4.0,,98.0,4.0,3.0,2.0,4.0,3.0,4.0,,,1.0,1.0,2.0,3.0,3.0,98.0,98.0,3.0,98.0,1.0,7.0,4.0,4.0,2.0,4.0,4.0,2.0,2.0,1.0,4.0,3.0,1.0,1.0,4.0,4.0,4.0,4.0,5.0,5.0,5.0,5.0,4.0,4.0,3.0,4.0,2.0,2.0,2.0,2.0,2.0,4.0,4.0,2.0,4.0,1.0,2.0,1.0,,1.0,4.0,1.0,,2.0,2.0,1.0,1.0,2.0,,6.0,,4.0,98.0
21.0,2268.0,2020-10-12,21005.0,3.0,0.911994879570329,60.0,2.0,1.0,1.0,5.0,,4.0,3.0,2.0,1.0,1.0,1.0,,,98.0,1.0,1.0,1.0,3.0,4.0,4.0,4.0,1.0,1.0,6.0,4.0,4.0,1.0,2.0,4.0,3.0,1.0,4.0,4.0,1.0,3.0,1.0,4.0,4.0,2.0,4.0,5.0,5.0,3.0,3.0,1.0,2.0,5.0,4.0,2.0,1.0,2.0,1.0,2.0,4.0,2.0,2.0,4.0,1.0,1.0,4.0,,,4.0,1.0,,1.0,1.0,2.0,1.0,2.0,,6.0,,3.0,2.0
21.0,2778.0,2020-10-13,21023.0,1.0,1.0114737402650436,57.0,2.0,1.0,4.0,,6.0,4.0,3.0,3.0,4.0,4.0,2.0,,,1.0,2.0,1.0,98.0,3.0,4.0,4.0,4.0,4.0,1.0,6.0,4.0,4.0,2.0,4.0,4.0,98.0,1.0,4.0,4.0,1.0,1.0,1.0,98.0,98.0,99.0,98.0,98.0,99.0,98.0,98.0,1.0,98.0,3.0,98.0,98.0,2.0,98.0,2.0,1.0,3.0,2.0,1.0,4.0,2.0,2.0,4.0,,,3.0,1.0,,1.0,1.0,2.0,1.0,2.0,,6.0,,4.0,98.0
21.0,2913.0,2020-10-13,21019.0,3.0,0.9504585425699175,50.0,2.0,15.0,1.0,4.0,,2.0,4.0,5.0,3.0,2.0,1.0,,,3.0,1.0,3.0,2.0,3.0,3.0,3.0,3.0,2.0,2.0,98.0,3.0,3.0,2.0,2.0,2.0,4.0,2.0,3.0,4.0,1.0,2.0,3.0,3.0,4.0,4.0,2.0,4.0,2.0,2.0,4.0,1.0,1.0,1.0,2.0,1.0,2.0,2.0,2.0,2.0,3.0,3.0,1.0,4.0,1.0,6.0,1.0,,1.0,1.0,1.0,,1.0,1.0,2.0,2.0,1.0,,6.0,,1.0,2.0
21.0,2167.0,2020-10-12,21012.0,3.0,0.832825296437829,54.0,1.0,15.0,2.0,4.0,,3.0,4.0,2.0,4.0,3.0,3.0,,,2.0,2.0,4.0,4.0,4.0,4.0,4.0,4.0,4.0,1.0,6.0,4.0,4.0,2.0,4.0,2.0,1.0,2.0,2.0,4.0,2.0,2.0,2.0,4.0,2.0,2.0,98.0,5.0,5.0,1.0,5.0,3.0,3.0,1.0,2.0,2.0,2.0,2.0,2.0,2.0,2.0,3.0,2.0,4.0,1.0,7.0,2.0,,1.0,3.0,1.0,,3.0,5.0,2.0,1.0,2.0,,6.0,,2.0,98.0
21.0,417.0,2020-10-07,21008.0,3.0,0.8244403628614442,50.0,2.0,15.0,1.0,2.0,,4.0,1.0,4.0,4.0,1.0,98.0,,,4.0,1.0,4.0,4.0,1.0,3.0,3.0,98.0,4.0,1.0,30.0,4.0,4.0,98.0,4.0,2.0,98.0,98.0,1.0,2.0,1.0,4.0,1.0,4.0,2.0,2.0,98.0,5.0,99.0,3.0,99.0,2.0,2.0,3.0,4.0,2.0,2.0,2.0,2.0,2.0,4.0,98.0,1.0,4.0,1.0,5.0,6.0,,,2.0,1.0,,1.0,98.0,2.0,1.0,1.0,,6.0,,4.0,4.0
21.0,250.0,2020-10-07,21012.0,3.0,0.8604487723068199,39.0,2.0,15.0,1.0,2.0,,4.0,4.0,2.0,4.0,4.0,3.0,,,2.0,1.0,1.0,2.0,4.0,4.0,2.0,4.0,4.0,2.0,6.0,2.0,4.0,4.0,4.0,2.0,4.0,2.0,2.0,4.0,1.0,1.0,2.0,4.0,3.0,4.0,4.0,5.0,1.0,5.0,5.0,2.0,4.0,1.0,4.0,2.0,2.0,2.0,2.0,2.0,4.0,4.0,1.0,4.0,1.0,5.0,6.0,,,4.0,1.0,,1.0,4.0,2.0,1.0,2.0,,6.0,,1.0,4.0
21.0,567.0,2020-10-07,21001.0,2.0,0.9234321324346138,34.0,1.0,16.0,2.0,6.0,,2.0,1.0,2.0,4.0,4.0,2.0,,,2.0,1.0,4.0,2.0,2.0,98.0,4.0,2.0,2.0,3.0,7.0,4.0,4.0,2.0,4.0,1.0,2.0,2.0,2.0,3.0,4.0,1.0,2.0,2.0,4.0,4.0,2.0,4.0,98.0,4.0,4.0,1.0,1.0,7.0,4.0,2.0,96.0,2.0,97.0,97.0,4.0,4.0,2.0,4.0,2.0,5.0,2.0,,2.0,2.0,1.0,,3.0,3.0,2.0,2.0,2.0,,2.0,3.0,2.0,1.0
21.0,107.0,2020-10-06,21005.0,3.0,0.7895346040924711,40.0,1.0,1.0,1.0,1.0,,4.0,3.0,2.0,2.0,2.0,4.0,,,4.0,1.0,4.0,4.0,2.0,3.0,4.0,1.0,4.0,2.0,7.0,4.0,4.0,4.0,4.0,2.0,1.0,4.0,2.0,3.0,1.0,3.0,3.0,4.0,2.0,2.0,2.0,4.0,3.0,2.0,3.0,2.0,1.0,1.0,2.0,98.0,2.0,2.0,2.0,2.0,4.0,4.0,2.0,4.0,1.0,4.0,2.0,,1.0,3.0,1.0,,2.0,1.0,2.0,3.0,2.0,,6.0,,2.0,1.0
21.0,312.0,2020-10-07,21016.0,1.0,0.7959126404150998,50.0,1.0,12.0,1.0,1.0,,4.0,1.0,1.0,2.0,4.0,4.0,,,3.0,2.0,2.0,3.0,3.0,3.0,4.0,4.0,4.0,1.0,2.0,4.0,4.0,4.0,1.0,4.0,1.0,1.0,1.0,3.0,3.0,1.0,2.0,4.0,2.0,4.0,2.0,5.0,3.0,5.0,3.0,2.0,2.0,3.0,1.0,2.0,2.0,2.0,2.0,2.0,4.0,4.0,2.0,4.0,1.0,4.0,1.0,,1.0,3.0,1.0,,1.0,5.0,2.0,2.0,2.0,,3.0,3.0,2.0,98.0
21.0,847.0,2020-10-08,21012.0,1.0,0.9734430980904274,30.0,2.0,1.0,1.0,2.0,,4.0,3.0,1.0,1.0,2.0,4.0,,,3.0,1.0,3.0,3.0,4.0,4.0,4.0,4.0,3.0,1.0,2.0,4.0,4.0,2.0,1.0,2.0,1.0,4.0,1.0,2.0,4.0,4.0,3.0,4.0,1.0,4.0,4.0,5.0,4.0,5.0,1.0,2.0,2.0,3.0,2.0,1.0,2.0,2.0,2.0,2.0,4.0,4.0,2.0,4.0,1.0,4.0,4.0,,,4.0,1.0,,2.0,4.0,2.0,1.0,2.0,,6.0,,4.0,3.0
21.0,2353.0,2020-10-12,21001.0,1.0,0.9482332132399911,32.0,2.0,15.0,1.0,1.0,,4.0,3.0,2.0,1.0,1.0,4.0,,,2.0,2.0,4.0,4.0,4.0,4.0,4.0,4.0,4.0,1.0,35.0,2.0,1.0,4.0,98.0,1.0,1.0,1.0,98.0,2.0,1.0,1.0,1.0,98.0,98.0,98.0,4.0,98.0,98.0,98.0,98.0,1.0,1.0,3.0,98.0,98.0,98.0,98.0,98.0,98.0,98.0,98.0,2.0,4.0,1.0,8.0,4.0,,,4.0,1.0,,1.0,3.0,1.0,1.0,2.0,,6.0,,4.0,98.0
21.0,1352.0,2020-10-10,21024.0,2.0,0.7703439827180754,42.0,1.0,15.0,2.0,4.0,,4.0,1.0,5.0,2.0,1.0,98.0,,,2.0,2.0,98.0,3.0,4.0,3.0,3.0,98.0,3.0,2.0,7.0,98.0,2.0,4.0,4.0,2.0,98.0,98.0,4.0,4.0,98.0,98.0,3.0,98.0,98.0,98.0,98.0,98.0,98.0,98.0,98.0,4.0,98.0,6.0,98.0,98.0,98.0,98.0,98.0,98.0,3.0,98.0,2.0,1.0,,5.0,7.0,,,4.0,1.0,,3.0,3.0,1.0,2.0,2.0,,6.0,,2.0,98.0
21.0,2141.0,2020-10-12,21013.0,2.0,1.0483838972603918,78.0,2.0,1.0,1.0,4.0,,4.0,4.0,4.0,4.0,4.0,4.0,,,3.0,1.0,3.0,2.0,2.0,98.0,3.0,98.0,98.0,2.0,98.0,4.0,4.0,1.0,98.0,98.0,1.0,1.0,1.0,4.0,98.0,4.0,1.0,4.0,2.0,4.0,2.0,5.0,2.0,5.0,98.0,4.0,1.0,5.0,4.0,2.0,2.0,2.0,2.0,2.0,4.0,1.0,1.0,7.0,1.0,9.0,4.0,,,4.0,1.0,,2.0,5.0,2.0,1.0,2.0,,6.0,,1.0,1.0
21.0,1253.0,2020-10-10,21005.0,3.0,0.8881416139532875,55.0,1.0,1.0,1.0,1.0,,4.0,1.0,2.0,2.0,2.0,1.0,,,1.0,1.0,1.0,1.0,1.0,1.0,2.0,1.0,1.0,1.0,31.0,4.0,4.0,1.0,2.0,1.0,1.0,1.0,1.0,2.0,1.0,2.0,2.0,1.0,1.0,1.0,1.0,1.0,1.0,1.0,1.0,1.0,1.0,1.0,1.0,1.0,1.0,1.0,1.0,1.0,3.0,3.0,2.0,4.0,1.0,5.0,7.0,,,3.0,1.0,,2.0,1.0,2.0,2.0,2.0,,6.0,,1.0,1.0
21.0,2380.0,2020-10-12,21018.0,2.0,0.9604757633631016,36.0,1.0,15.0,1.0,5.0,,4.0,1.0,3.0,4.0,1.0,4.0,,,3.0,1.0,2.0,1.0,2.0,3.0,4.0,4.0,3.0,1.0,15.0,4.0,4.0,2.0,2.0,4.0,2.0,2.0,1.0,2.0,4.0,4.0,4.0,4.0,2.0,1.0,2.0,5.0,98.0,2.0,98.0,98.0,4.0,3.0,98.0,98.0,98.0,98.0,98.0,2.0,98.0,4.0,2.0,4.0,1.0,5.0,2.0,,2.0,3.0,1.0,,2.0,3.0,2.0,1.0,2.0,,1.0,96.0,2.0,98.0
21.0,4455.0,2020-10-14,21015.0,3.0,1.0183715014706016,46.0,2.0,1.0,1.0,4.0,,3.0,5.0,2.0,4.0,3.0,3.0,,,2.0,1.0,1.0,3.0,3.0,4.0,4.0,4.0,4.0,2.0,98.0,4.0,4.0,1.0,1.0,1.0,1.0,1.0,1.0,2.0,2.0,2.0,2.0,4.0,3.0,3.0,3.0,5.0,5.0,5.0,5.0,4.0,4.0,3.0,4.0,96.0,96.0,96.0,96.0,96.0,98.0,98.0,2.0,4.0,1.0,5.0,4.0,,,2.0,1.0,,2.0,3.0,2.0,1.0,2.0,,6.0,,1.0,1.0
21.0,2345.0,2020-10-12,21001.0,1.0,0.9428457815477685,60.0,2.0,1.0,4.0,,7.0,4.0,3.0,2.0,2.0,2.0,4.0,,,1.0,1.0,3.0,3.0,4.0,3.0,3.0,3.0,4.0,1.0,37.0,4.0,4.0,2.0,2.0,2.0,2.0,98.0,98.0,4.0,1.0,4.0,1.0,4.0,98.0,1.0,1.0,5.0,1.0,1.0,5.0,4.0,4.0,3.0,4.0,2.0,2.0,2.0,2.0,2.0,4.0,4.0,2.0,6.0,1.0,7.0,4.0,,,4.0,1.0,,1.0,1.0,2.0,1.0,2.0,,6.0,,1.0,98.0
21.0,456.0,2020-10-07,21016.0,3.0,0.8223117828407314,43.0,2.0,1.0,3.0,,1.0,3.0,1.0,2.0,4.0,4.0,4.0,,,1.0,1.0,2.0,4.0,1.0,4.0,2.0,4.0,3.0,1.0,5.0,4.0,4.0,4.0,2.0,3.0,1.0,1.0,1.0,4.0,1.0,2.0,4.0,4.0,1.0,1.0,1.0,5.0,3.0,3.0,4.0,3.0,1.0,1.0,3.0,1.0,2.0,2.0,2.0,2.0,4.0,4.0,2.0,4.0,1.0,5.0,4.0,,,4.0,1.0,,1.0,1.0,2.0,1.0,2.0,,2.0,3.0,1.0,2.0
21.0,1057.0,2020-10-09,21012.0,3.0,0.9425966435389861,71.0,1.0,1.0,2.0,1.0,,4.0,6.0,98.0,2.0,1.0,3.0,,,4.0,1.0,3.0,2.0,2.0,4.0,98.0,2.0,98.0,2.0,7.0,4.0,4.0,1.0,4.0,1.0,2.0,4.0,2.0,4.0,99.0,4.0,1.0,4.0,2.0,4.0,2.0,5.0,3.0,99.0,3.0,98.0,98.0,5.0,4.0,98.0,98.0,98.0,98.0,98.0,4.0,98.0,2.0,4.0,1.0,11.0,3.0,2.0,,4.0,1.0,,98.0,5.0,2.0,2.0,2.0,,6.0,,1.0,1.0
21.0,207.0,2020-10-07,21012.0,1.0,0.832825296437829,45.0,1.0,15.0,1.0,1.0,,4.0,1.0,1.0,1.0,1.0,4.0,,,2.0,1.0,2.0,4.0,1.0,4.0,2.0,4.0,4.0,1.0,13.0,4.0,4.0,3.0,4.0,4.0,1.0,1.0,1.0,3.0,1.0,1.0,4.0,4.0,2.0,4.0,4.0,5.0,2.0,2.0,1.0,4.0,2.0,1.0,1.0,2.0,2.0,2.0,2.0,2.0,4.0,4.0,2.0,4.0,1.0,7.0,2.0,,2.0,3.0,1.0,,1.0,3.0,2.0,1.0,2.0,,5.0,3.0,4.0,98.0
21.0,1156.0,2020-10-10,21013.0,1.0,1.0267971674731686,33.0,1.0,6.0,4.0,,6.0,4.0,2.0,4.0,1.0,1.0,4.0,,,2.0,1.0,3.0,4.0,3.0,3.0,3.0,3.0,4.0,4.0,,4.0,2.0,4.0,4.0,4.0,2.0,1.0,2.0,4.0,4.0,3.0,3.0,1.0,2.0,2.0,1.0,4.0,4.0,2.0,4.0,4.0,3.0,3.0,4.0,2.0,2.0,2.0,2.0,2.0,4.0,3.0,2.0,1.0,,2.0,2.0,,2.0,2.0,1.0,,3.0,1.0,2.0,2.0,2.0,,2.0,3.0,3.0,3.0
21.0,527.0,2020-10-07,21010.0,97.0,0.7776471702898341,50.0,2.0,15.0,1.0,4.0,,4.0,1.0,1.0,3.0,1.0,4.0,,,98.0,2.0,99.0,4.0,2.0,98.0,3.0,2.0,3.0,2.0,7.0,4.0,4.0,2.0,2.0,4.0,98.0,2.0,98.0,1.0,3.0,1.0,2.0,98.0,98.0,98.0,98.0,98.0,98.0,98.0,98.0,4.0,2.0,3.0,98.0,98.0,98.0,98.0,98.0,98.0,4.0,98.0,2.0,5.0,1.0,3.0,1.0,,1.0,4.0,1.0,,98.0,98.0,2.0,1.0,2.0,,6.0,,2.0,98.0
21.0,884.0,2020-10-08,21006.0,1.0,0.9395069447890421,57.0,1.0,2.0,3.0,,4.0,4.0,5.0,5.0,1.0,2.0,4.0,,,2.0,1.0,4.0,3.0,4.0,4.0,3.0,4.0,3.0,1.0,6.0,4.0,4.0,2.0,2.0,2.0,1.0,4.0,1.0,1.0,1.0,1.0,4.0,4.0,2.0,2.0,2.0,5.0,2.0,4.0,2.0,4.0,2.0,6.0,1.0,96.0,2.0,2.0,2.0,2.0,4.0,1.0,2.0,4.0,1.0,4.0,2.0,,2.0,3.0,1.0,,3.0,5.0,2.0,2.0,2.0,,6.0,,4.0,1.0
21.0,4708.0,2020-10-15,21021.0,3.0,1.1394711084220814,68.0,2.0,1.0,1.0,1.0,,4.0,3.0,98.0,3.0,2.0,1.0,,,1.0,1.0,1.0,3.0,3.0,4.0,4.0,4.0,4.0,3.0,98.0,4.0,4.0,1.0,1.0,1.0,1.0,1.0,1.0,4.0,3.0,1.0,1.0,4.0,4.0,4.0,4.0,5.0,5.0,5.0,5.0,4.0,4.0,3.0,4.0,96.0,96.0,96.0,96.0,96.0,4.0,4.0,2.0,7.0,1.0,4.0,4.0,,,3.0,1.0,,1.0,3.0,2.0,1.0,2.0,,6.0,,1.0,1.0
21.0,84.0,2020-10-06,21023.0,3.0,0.899173630109956,40.0,2.0,15.0,1.0,2.0,,3.0,1.0,1.0,4.0,4.0,4.0,,,4.0,2.0,4.0,2.0,3.0,3.0,2.0,3.0,2.0,1.0,98.0,4.0,4.0,4.0,4.0,2.0,2.0,2.0,4.0,1.0,3.0,1.0,2.0,2.0,2.0,2.0,3.0,4.0,4.0,2.0,5.0,4.0,4.0,3.0,4.0,1.0,1.0,1.0,1.0,1.0,4.0,3.0,2.0,4.0,1.0,5.0,4.0,,,3.0,1.0,,3.0,5.0,2.0,1.0,2.0,,6.0,,2.0,4.0
21.0,1374.0,2020-10-10,21010.0,3.0,0.7824264559463714,43.0,2.0,6.0,1.0,4.0,,2.0,3.0,2.0,1.0,1.0,4.0,,,3.0,1.0,2.0,4.0,2.0,98.0,4.0,4.0,98.0,1.0,2.0,4.0,4.0,2.0,2.0,2.0,1.0,2.0,1.0,2.0,1.0,1.0,1.0,98.0,98.0,98.0,2.0,5.0,98.0,98.0,98.0,98.0,2.0,4.0,3.0,2.0,2.0,2.0,2.0,2.0,4.0,3.0,2.0,1.0,,11.0,6.0,,,3.0,1.0,,2.0,3.0,1.0,2.0,2.0,,6.0,,4.0,98.0
21.0,4462.0,2020-10-14,21015.0,3.0,1.152598946342891,69.0,2.0,1.0,1.0,4.0,,2.0,3.0,2.0,3.0,3.0,1.0,,,1.0,1.0,1.0,3.0,3.0,3.0,3.0,2.0,2.0,4.0,,4.0,4.0,1.0,1.0,1.0,1.0,1.0,1.0,2.0,98.0,1.0,1.0,4.0,4.0,4.0,4.0,5.0,5.0,5.0,5.0,4.0,4.0,3.0,4.0,98.0,98.0,98.0,98.0,98.0,4.0,4.0,1.0,4.0,1.0,7.0,4.0,,,3.0,1.0,,2.0,3.0,2.0,1.0,2.0,,6.0,,1.0,1.0
21.0,1245.0,2020-10-10,21015.0,1.0,1.152598946342891,64.0,2.0,15.0,4.0,,1.0,4.0,1.0,3.0,3.0,3.0,4.0,,,4.0,2.0,4.0,4.0,3.0,4.0,4.0,3.0,98.0,98.0,18.0,4.0,4.0,2.0,98.0,4.0,1.0,1.0,1.0,1.0,4.0,4.0,1.0,4.0,98.0,98.0,3.0,4.0,4.0,98.0,98.0,98.0,4.0,3.0,98.0,98.0,98.0,2.0,98.0,2.0,3.0,4.0,2.0,4.0,1.0,4.0,1.0,,1.0,4.0,1.0,,2.0,3.0,2.0,2.0,2.0,,6.0,,1.0,98.0
21.0,2114.0,2020-10-12,21006.0,3.0,0.9395069447890421,70.0,1.0,1.0,2.0,4.0,,3.0,1.0,1.0,4.0,3.0,4.0,,,1.0,1.0,1.0,4.0,4.0,4.0,98.0,4.0,3.0,1.0,6.0,98.0,98.0,1.0,4.0,1.0,3.0,4.0,98.0,4.0,1.0,4.0,1.0,4.0,1.0,2.0,1.0,5.0,98.0,4.0,98.0,4.0,98.0,3.0,4.0,2.0,2.0,96.0,98.0,2.0,4.0,2.0,1.0,4.0,1.0,8.0,3.0,2.0,,4.0,1.0,,1.0,98.0,1.0,1.0,2.0,,6.0,,4.0,98.0
21.0,65.0,2020-10-06,21023.0,3.0,0.8703069481263381,45.0,1.0,12.0,4.0,,1.0,2.0,3.0,1.0,4.0,4.0,4.0,,,2.0,1.0,4.0,2.0,2.0,3.0,2.0,3.0,3.0,1.0,7.0,4.0,4.0,3.0,4.0,1.0,1.0,2.0,1.0,2.0,2.0,1.0,4.0,2.0,2.0,2.0,1.0,5.0,2.0,4.0,4.0,1.0,1.0,5.0,4.0,96.0,96.0,2.0,2.0,2.0,4.0,1.0,1.0,1.0,,12.0,6.0,,,3.0,1.0,,1.0,2.0,2.0,2.0,2.0,,1.0,3.0,4.0,97.0
21.0,2824.0,2020-10-13,21016.0,2.0,0.8223117828407314,37.0,2.0,15.0,1.0,1.0,,3.0,3.0,1.0,1.0,98.0,4.0,,,4.0,3.0,1.0,3.0,3.0,3.0,3.0,3.0,2.0,1.0,11.0,4.0,4.0,98.0,4.0,3.0,4.0,3.0,4.0,3.0,3.0,2.0,1.0,1.0,2.0,2.0,4.0,98.0,98.0,98.0,98.0,98.0,3.0,1.0,2.0,1.0,98.0,2.0,98.0,98.0,98.0,4.0,2.0,4.0,1.0,4.0,4.0,,,4.0,1.0,,1.0,4.0,2.0,1.0,2.0,,4.0,96.0,4.0,4.0
21.0,1731.0,2020-10-11,21006.0,3.0,0.9395069447890421,58.0,1.0,15.0,1.0,4.0,,4.0,1.0,5.0,1.0,1.0,4.0,,,2.0,1.0,3.0,4.0,2.0,4.0,4.0,4.0,2.0,2.0,14.0,4.0,4.0,4.0,4.0,2.0,1.0,2.0,1.0,4.0,1.0,1.0,1.0,4.0,4.0,4.0,4.0,5.0,98.0,4.0,4.0,2.0,2.0,6.0,98.0,98.0,2.0,2.0,98.0,98.0,4.0,2.0,2.0,4.0,1.0,5.0,2.0,,2.0,4.0,1.0,,1.0,3.0,1.0,1.0,2.0,,6.0,,1.0,97.0
21.0,1739.0,2020-10-11,21023.0,2.0,1.0114737402650436,78.0,2.0,12.0,4.0,,6.0,3.0,1.0,3.0,4.0,4.0,98.0,,,3.0,2.0,2.0,3.0,3.0,4.0,3.0,3.0,2.0,1.0,99.0,4.0,4.0,4.0,98.0,4.0,1.0,1.0,1.0,4.0,1.0,2.0,2.0,99.0,99.0,99.0,99.0,4.0,98.0,2.0,99.0,4.0,1.0,3.0,98.0,98.0,99.0,98.0,99.0,98.0,4.0,98.0,2.0,7.0,1.0,7.0,4.0,,,1.0,1.0,,1.0,3.0,2.0,1.0,2.0,,6.0,,1.0,1.0
21.0,1531.0,2020-10-11,21016.0,2.0,0.8008041825070937,38.0,1.0,15.0,1.0,1.0,,4.0,3.0,2.0,3.0,1.0,3.0,,,3.0,2.0,2.0,3.0,3.0,4.0,4.0,3.0,2.0,2.0,14.0,4.0,3.0,2.0,3.0,2.0,1.0,2.0,4.0,4.0,3.0,2.0,2.0,2.0,2.0,2.0,2.0,5.0,98.0,2.0,4.0,3.0,2.0,3.0,4.0,98.0,98.0,98.0,98.0,98.0,4.0,3.0,2.0,4.0,1.0,4.0,1.0,,2.0,4.0,1.0,,3.0,2.0,2.0,1.0,2.0,,6.0,,1.0,1.0
21.0,3819.0,2020-10-14,21015.0,3.0,1.0183715014706016,53.0,2.0,15.0,1.0,1.0,,3.0,5.0,1.0,4.0,2.0,2.0,,,2.0,1.0,2.0,2.0,2.0,3.0,3.0,2.0,2.0,1.0,7.0,4.0,4.0,2.0,1.0,1.0,1.0,2.0,1.0,4.0,1.0,4.0,2.0,4.0,2.0,2.0,2.0,5.0,2.0,2.0,2.0,98.0,4.0,5.0,2.0,2.0,2.0,2.0,2.0,98.0,4.0,4.0,2.0,1.0,,5.0,4.0,,,3.0,1.0,,1.0,3.0,2.0,1.0,2.0,,6.0,,2.0,98.0
21.0,2411.0,2020-10-12,21012.0,2.0,0.9479826516537474,25.0,1.0,1.0,2.0,5.0,,3.0,5.0,2.0,3.0,4.0,4.0,,,2.0,2.0,4.0,3.0,3.0,4.0,2.0,3.0,3.0,1.0,32.0,3.0,4.0,4.0,4.0,1.0,3.0,4.0,1.0,2.0,1.0,3.0,3.0,4.0,3.0,4.0,3.0,4.0,2.0,4.0,4.0,98.0,2.0,1.0,2.0,2.0,2.0,2.0,2.0,2.0,3.0,2.0,1.0,3.0,2.0,8.0,2.0,,2.0,3.0,1.0,,3.0,4.0,2.0,2.0,2.0,,2.0,3.0,1.0,98.0
21.0,4218.0,2020-10-14,21007.0,1.0,0.8982410703734767,58.0,2.0,1.0,2.0,4.0,,3.0,1.0,2.0,4.0,2.0,3.0,,,4.0,2.0,2.0,2.0,3.0,2.0,4.0,3.0,3.0,2.0,98.0,3.0,2.0,98.0,98.0,98.0,2.0,3.0,4.0,2.0,2.0,2.0,3.0,4.0,3.0,2.0,2.0,5.0,4.0,3.0,4.0,4.0,3.0,5.0,2.0,2.0,96.0,96.0,96.0,96.0,4.0,3.0,2.0,4.0,2.0,2.0,4.0,,,3.0,1.0,,2.0,98.0,2.0,1.0,2.0,,6.0,,3.0,2.0
21.0,2111.0,2020-10-12,21016.0,1.0,0.9302979506132768,34.0,2.0,1.0,1.0,4.0,,4.0,1.0,1.0,1.0,1.0,4.0,,,1.0,1.0,4.0,4.0,4.0,3.0,4.0,4.0,3.0,1.0,98.0,4.0,4.0,4.0,98.0,2.0,98.0,4.0,98.0,4.0,98.0,98.0,2.0,4.0,2.0,98.0,4.0,5.0,98.0,98.0,98.0,4.0,98.0,3.0,98.0,98.0,98.0,98.0,98.0,98.0,98.0,98.0,2.0,6.0,1.0,7.0,6.0,,,4.0,1.0,,98.0,4.0,2.0,1.0,2.0,,1.0,98.0,1.0,98.0
21.0,4721.0,2020-10-15,21012.0,3.0,0.9679124352492592,56.0,2.0,1.0,1.0,1.0,,1.0,3.0,2.0,3.0,3.0,2.0,,,2.0,2.0,2.0,4.0,3.0,4.0,4.0,4.0,4.0,1.0,98.0,4.0,4.0,1.0,1.0,2.0,1.0,1.0,1.0,4.0,2.0,1.0,1.0,4.0,98.0,98.0,98.0,5.0,98.0,98.0,98.0,4.0,4.0,3.0,4.0,96.0,96.0,96.0,96.0,96.0,4.0,4.0,2.0,4.0,1.0,5.0,4.0,,,3.0,1.0,,2.0,3.0,2.0,1.0,2.0,,6.0,,1.0,1.0
21.0,2060.0,2020-10-12,21005.0,2.0,0.911994879570329,60.0,2.0,1.0,1.0,4.0,,3.0,4.0,2.0,1.0,1.0,2.0,,,2.0,1.0,2.0,4.0,4.0,4.0,4.0,4.0,2.0,2.0,15.0,4.0,4.0,2.0,4.0,2.0,1.0,1.0,1.0,2.0,1.0,2.0,2.0,2.0,4.0,2.0,4.0,98.0,2.0,2.0,3.0,1.0,2.0,3.0,4.0,2.0,2.0,2.0,2.0,2.0,4.0,3.0,2.0,4.0,1.0,3.0,4.0,,,3.0,1.0,,1.0,3.0,2.0,1.0,2.0,,6.0,,2.0,97.0
21.0,3122.0,2020-10-13,21016.0,3.0,0.9250124189609754,60.0,2.0,15.0,1.0,4.0,,3.0,5.0,1.0,4.0,2.0,2.0,,,1.0,1.0,2.0,2.0,2.0,2.0,2.0,2.0,2.0,1.0,31.0,4.0,4.0,1.0,2.0,1.0,3.0,2.0,1.0,4.0,1.0,1.0,1.0,4.0,98.0,98.0,2.0,4.0,2.0,2.0,5.0,4.0,4.0,3.0,4.0,2.0,2.0,2.0,2.0,2.0,1.0,98.0,2.0,4.0,1.0,5.0,4.0,,,2.0,1.0,,1.0,4.0,2.0,1.0,2.0,,6.0,,1.0,1.0
21.0,453.0,2020-10-07,21012.0,1.0,0.8379436973601687,43.0,1.0,16.0,2.0,6.0,,3.0,5.0,5.0,4.0,1.0,4.0,,,3.0,2.0,4.0,4.0,2.0,3.0,4.0,3.0,2.0,1.0,29.0,4.0,2.0,3.0,3.0,3.0,1.0,2.0,1.0,4.0,3.0,4.0,4.0,4.0,4.0,99.0,99.0,5.0,2.0,2.0,4.0,4.0,4.0,5.0,4.0,2.0,2.0,98.0,2.0,2.0,4.0,1.0,2.0,4.0,1.0,5.0,1.0,,2.0,4.0,1.0,,1.0,3.0,2.0,1.0,2.0,,3.0,99.0,4.0,98.0
21.0,3109.0,2020-10-13,21015.0,1.0,1.0183715014706016,46.0,2.0,1.0,1.0,1.0,,4.0,4.0,2.0,1.0,1.0,3.0,,,3.0,1.0,1.0,2.0,3.0,4.0,4.0,2.0,3.0,1.0,7.0,2.0,4.0,2.0,4.0,1.0,1.0,1.0,1.0,3.0,4.0,4.0,4.0,4.0,4.0,3.0,4.0,5.0,5.0,3.0,5.0,2.0,98.0,5.0,4.0,2.0,2.0,2.0,2.0,2.0,98.0,98.0,1.0,5.0,1.0,8.0,4.0,,,4.0,1.0,,2.0,3.0,2.0,1.0,2.0,,2.0,96.0,1.0,1.0
21.0,191.0,2020-10-07,21002.0,2.0,0.9602840410663126,42.0,2.0,15.0,3.0,,98.0,4.0,1.0,2.0,3.0,1.0,4.0,,,4.0,1.0,4.0,2.0,2.0,4.0,4.0,3.0,3.0,1.0,6.0,4.0,4.0,1.0,4.0,2.0,2.0,2.0,1.0,2.0,2.0,3.0,3.0,98.0,98.0,98.0,3.0,5.0,2.0,98.0,98.0,98.0,98.0,1.0,98.0,98.0,98.0,98.0,98.0,98.0,98.0,3.0,2.0,4.0,1.0,4.0,4.0,,,4.0,1.0,,1.0,3.0,2.0,1.0,2.0,,3.0,96.0,4.0,97.0
21.0,2847.0,2020-10-13,21017.0,3.0,0.851490197626237,44.0,2.0,15.0,4.0,,7.0,4.0,4.0,1.0,4.0,4.0,1.0,,,2.0,1.0,1.0,2.0,2.0,1.0,2.0,2.0,4.0,2.0,98.0,3.0,4.0,2.0,4.0,4.0,1.0,1.0,1.0,2.0,1.0,1.0,1.0,1.0,1.0,1.0,1.0,1.0,5.0,5.0,5.0,1.0,1.0,5.0,98.0,98.0,2.0,2.0,98.0,1.0,1.0,4.0,2.0,4.0,1.0,5.0,4.0,,,2.0,1.0,,1.0,1.0,2.0,1.0,2.0,,6.0,,1.0,1.0
21.0,882.0,2020-10-08,21018.0,3.0,1.080432054801251,60.0,1.0,1.0,4.0,,7.0,4.0,6.0,6.0,4.0,1.0,3.0,,,4.0,1.0,3.0,4.0,4.0,98.0,98.0,2.0,2.0,1.0,6.0,4.0,4.0,2.0,4.0,1.0,1.0,1.0,1.0,2.0,1.0,1.0,1.0,4.0,4.0,4.0,2.0,5.0,2.0,5.0,2.0,2.0,4.0,1.0,2.0,2.0,96.0,2.0,96.0,2.0,4.0,4.0,2.0,4.0,1.0,8.0,6.0,,,4.0,1.0,,1.0,1.0,2.0,2.0,2.0,,6.0,,97.0,97.0
21.0,4319.0,2020-10-14,21010.0,2.0,0.8801457108808024,64.0,2.0,1.0,2.0,1.0,,4.0,5.0,1.0,4.0,3.0,2.0,,,3.0,2.0,2.0,2.0,3.0,3.0,2.0,2.0,4.0,2.0,98.0,2.0,3.0,2.0,3.0,2.0,98.0,98.0,98.0,2.0,2.0,3.0,2.0,4.0,3.0,2.0,2.0,5.0,4.0,3.0,3.0,3.0,2.0,3.0,2.0,96.0,96.0,96.0,96.0,96.0,4.0,3.0,2.0,4.0,1.0,4.0,4.0,,,3.0,1.0,,1.0,3.0,2.0,1.0,2.0,,6.0,,4.0,3.0
21.0,1694.0,2020-10-11,21019.0,97.0,1.0475987674171678,60.0,1.0,15.0,2.0,6.0,,4.0,1.0,1.0,4.0,1.0,4.0,,,4.0,1.0,3.0,2.0,4.0,3.0,4.0,4.0,2.0,1.0,13.0,4.0,4.0,1.0,4.0,1.0,2.0,4.0,4.0,4.0,1.0,4.0,1.0,4.0,2.0,2.0,4.0,4.0,5.0,5.0,4.0,1.0,2.0,3.0,98.0,2.0,1.0,2.0,2.0,2.0,4.0,4.0,1.0,4.0,1.0,6.0,1.0,,1.0,2.0,1.0,,1.0,5.0,2.0,2.0,2.0,,2.0,3.0,4.0,4.0
21.0,4293.0,2020-10-14,21016.0,3.0,0.9250124189609754,64.0,2.0,1.0,2.0,1.0,,4.0,3.0,2.0,1.0,1.0,4.0,,,2.0,2.0,3.0,3.0,4.0,4.0,4.0,4.0,2.0,1.0,7.0,4.0,4.0,2.0,4.0,98.0,98.0,1.0,98.0,1.0,4.0,2.0,2.0,4.0,4.0,4.0,4.0,4.0,4.0,3.0,4.0,4.0,4.0,3.0,2.0,98.0,2.0,2.0,2.0,2.0,4.0,4.0,2.0,4.0,1.0,6.0,6.0,,,4.0,1.0,,1.0,4.0,2.0,2.0,2.0,,1.0,3.0,4.0,98.0
21.0,4459.0,2020-10-14,21015.0,2.0,1.152598946342891,61.0,2.0,1.0,1.0,1.0,,3.0,3.0,2.0,3.0,3.0,3.0,,,2.0,1.0,1.0,2.0,3.0,3.0,4.0,3.0,4.0,1.0,98.0,4.0,4.0,1.0,1.0,1.0,1.0,1.0,1.0,3.0,98.0,2.0,2.0,4.0,4.0,4.0,4.0,5.0,5.0,5.0,5.0,4.0,4.0,3.0,4.0,96.0,96.0,96.0,96.0,96.0,4.0,98.0,2.0,4.0,1.0,6.0,4.0,,,2.0,1.0,,2.0,3.0,2.0,1.0,2.0,,6.0,,2.0,2.0
21.0,622.0,2020-10-08,21017.0,3.0,0.9633080813733242,27.0,2.0,15.0,2.0,6.0,,3.0,6.0,2.0,98.0,2.0,1.0,,,1.0,1.0,3.0,3.0,2.0,2.0,3.0,2.0,2.0,1.0,98.0,4.0,4.0,4.0,4.0,2.0,2.0,3.0,2.0,3.0,1.0,2.0,2.0,98.0,98.0,98.0,98.0,98.0,98.0,98.0,98.0,1.0,3.0,1.0,3.0,98.0,98.0,98.0,98.0,98.0,98.0,3.0,2.0,6.0,2.0,9.0,6.0,,,4.0,1.0,,1.0,3.0,2.0,2.0,2.0,,6.0,,2.0,4.0
21.0,1906.0,2020-10-11,21012.0,1.0,0.9679124352492592,63.0,2.0,15.0,1.0,1.0,,4.0,5.0,2.0,2.0,2.0,4.0,,,4.0,1.0,2.0,98.0,4.0,3.0,3.0,3.0,4.0,1.0,16.0,4.0,4.0,2.0,4.0,4.0,1.0,1.0,1.0,2.0,4.0,4.0,4.0,1.0,4.0,1.0,1.0,4.0,4.0,98.0,1.0,4.0,4.0,1.0,4.0,1.0,2.0,2.0,2.0,2.0,4.0,2.0,2.0,7.0,1.0,6.0,4.0,,,3.0,1.0,,1.0,2.0,2.0,2.0,2.0,,6.0,,4.0,4.0
21.0,2007.0,2020-10-11,21017.0,2.0,0.8292194345887792,40.0,1.0,15.0,2.0,4.0,,4.0,3.0,2.0,1.0,3.0,3.0,,,3.0,2.0,4.0,4.0,4.0,3.0,3.0,4.0,4.0,1.0,37.0,4.0,4.0,1.0,2.0,1.0,1.0,1.0,1.0,3.0,3.0,2.0,2.0,98.0,98.0,98.0,98.0,5.0,98.0,98.0,98.0,2.0,1.0,3.0,4.0,2.0,98.0,2.0,2.0,98.0,98.0,2.0,2.0,1.0,,7.0,6.0,,,4.0,1.0,,2.0,3.0,2.0,6.0,2.0,,2.0,3.0,2.0,98.0
21.0,1104.0,2020-10-09,21015.0,3.0,1.0246302374320413,39.0,2.0,15.0,2.0,4.0,,2.0,3.0,3.0,3.0,3.0,3.0,,,3.0,2.0,1.0,3.0,2.0,4.0,3.0,3.0,3.0,1.0,6.0,2.0,4.0,3.0,3.0,2.0,2.0,2.0,4.0,2.0,1.0,1.0,1.0,2.0,2.0,3.0,3.0,2.0,4.0,2.0,2.0,1.0,1.0,1.0,2.0,1.0,1.0,2.0,2.0,2.0,4.0,2.0,2.0,4.0,1.0,9.0,4.0,,,4.0,1.0,,2.0,3.0,2.0,1.0,2.0,,6.0,,2.0,2.0
21.0,723.0,2020-10-08,21003.0,1.0,1.0046218980222148,55.0,2.0,2.0,4.0,,7.0,98.0,4.0,99.0,4.0,4.0,98.0,,,98.0,2.0,4.0,4.0,4.0,98.0,98.0,98.0,4.0,98.0,30.0,4.0,4.0,1.0,98.0,1.0,1.0,1.0,1.0,1.0,4.0,1.0,4.0,4.0,98.0,98.0,98.0,98.0,98.0,98.0,98.0,98.0,98.0,98.0,98.0,98.0,98.0,98.0,98.0,98.0,4.0,99.0,2.0,4.0,1.0,5.0,2.0,,2.0,2.0,1.0,,98.0,1.0,2.0,99.0,2.0,,98.0,3.0,98.0,98.0
21.0,3141.0,2020-10-13,21016.0,2.0,0.8223117828407314,44.0,2.0,15.0,1.0,4.0,,3.0,3.0,1.0,4.0,1.0,4.0,,,2.0,1.0,1.0,3.0,3.0,4.0,2.0,3.0,4.0,1.0,26.0,4.0,1.0,1.0,3.0,2.0,1.0,1.0,1.0,3.0,2.0,3.0,2.0,98.0,98.0,98.0,3.0,4.0,2.0,2.0,98.0,3.0,2.0,5.0,3.0,2.0,2.0,2.0,2.0,2.0,3.0,98.0,2.0,4.0,1.0,5.0,4.0,,,2.0,1.0,,1.0,3.0,2.0,1.0,2.0,,6.0,,3.0,3.0
21.0,2574.0,2020-10-13,21002.0,3.0,1.0519632813542996,58.0,1.0,1.0,2.0,4.0,,4.0,5.0,3.0,3.0,1.0,4.0,,,4.0,3.0,4.0,4.0,4.0,4.0,4.0,4.0,4.0,1.0,30.0,1.0,1.0,2.0,2.0,2.0,4.0,3.0,4.0,4.0,1.0,1.0,1.0,2.0,1.0,2.0,4.0,5.0,1.0,5.0,1.0,4.0,4.0,3.0,4.0,2.0,2.0,2.0,2.0,2.0,4.0,4.0,2.0,1.0,,4.0,2.0,,2.0,4.0,1.0,,3.0,3.0,2.0,2.0,2.0,,6.0,,4.0,98.0
21.0,969.0,2020-10-09,21001.0,99.0,0.8162429280362736,39.0,1.0,1.0,2.0,5.0,,4.0,4.0,4.0,1.0,1.0,4.0,,,3.0,1.0,3.0,3.0,3.0,4.0,4.0,4.0,4.0,2.0,13.0,4.0,4.0,2.0,2.0,2.0,1.0,1.0,1.0,2.0,1.0,1.0,1.0,2.0,1.0,4.0,2.0,5.0,1.0,99.0,99.0,4.0,4.0,6.0,4.0,96.0,99.0,99.0,99.0,96.0,99.0,99.0,2.0,1.0,,7.0,1.0,,2.0,2.0,1.0,,3.0,3.0,99.0,99.0,2.0,,1.0,3.0,1.0,99.0
21.0,1475.0,2020-10-11,21016.0,3.0,0.8008041825070937,41.0,1.0,1.0,2.0,7.0,,4.0,4.0,2.0,1.0,1.0,3.0,,,1.0,1.0,3.0,4.0,2.0,4.0,4.0,3.0,3.0,1.0,2.0,2.0,2.0,2.0,1.0,1.0,1.0,2.0,2.0,2.0,1.0,2.0,2.0,3.0,4.0,2.0,2.0,3.0,3.0,1.0,4.0,4.0,4.0,97.0,4.0,2.0,2.0,2.0,2.0,2.0,4.0,4.0,2.0,4.0,2.0,6.0,2.0,,2.0,4.0,1.0,,2.0,3.0,2.0,2.0,2.0,,3.0,98.0,2.0,3.0
21.0,4898.0,2020-10-15,21004.0,1.0,0.8441910287525396,62.0,2.0,1.0,2.0,1.0,,4.0,1.0,2.0,4.0,4.0,3.0,,,2.0,2.0,2.0,4.0,4.0,2.0,4.0,3.0,3.0,2.0,98.0,4.0,4.0,2.0,3.0,3.0,2.0,4.0,2.0,2.0,2.0,4.0,4.0,4.0,3.0,2.0,3.0,5.0,4.0,3.0,4.0,4.0,4.0,3.0,2.0,2.0,2.0,2.0,2.0,2.0,4.0,4.0,2.0,4.0,2.0,2.0,4.0,,,2.0,1.0,,1.0,98.0,2.0,1.0,2.0,,6.0,,2.0,97.0
21.0,41.0,2020-10-06,21001.0,1.0,0.8223706570410084,22.0,1.0,1.0,1.0,3.0,,1.0,5.0,1.0,1.0,2.0,2.0,,,3.0,1.0,1.0,1.0,2.0,1.0,1.0,1.0,1.0,1.0,98.0,2.0,2.0,1.0,1.0,1.0,1.0,1.0,1.0,1.0,1.0,2.0,2.0,2.0,3.0,2.0,1.0,4.0,3.0,3.0,1.0,1.0,2.0,3.0,1.0,2.0,2.0,2.0,2.0,2.0,2.0,1.0,2.0,3.0,2.0,5.0,1.0,,2.0,1.0,1.0,,2.0,1.0,1.0,7.0,2.0,,2.0,96.0,4.0,4.0
21.0,3153.0,2020-10-13,21016.0,3.0,0.8223117828407314,42.0,2.0,15.0,1.0,1.0,,4.0,1.0,6.0,4.0,1.0,4.0,,,4.0,1.0,4.0,3.0,3.0,4.0,3.0,4.0,3.0,1.0,98.0,4.0,4.0,1.0,1.0,1.0,1.0,1.0,98.0,2.0,2.0,1.0,1.0,4.0,2.0,1.0,3.0,5.0,98.0,3.0,98.0,98.0,2.0,3.0,1.0,2.0,2.0,2.0,2.0,2.0,98.0,4.0,2.0,4.0,2.0,2.0,6.0,,,2.0,1.0,,1.0,3.0,2.0,1.0,2.0,,3.0,3.0,3.0,1.0
21.0,1140.0,2020-10-10,21022.0,1.0,0.9342980983279359,57.0,1.0,15.0,2.0,2.0,,4.0,1.0,2.0,1.0,1.0,2.0,,,2.0,1.0,2.0,3.0,2.0,3.0,4.0,1.0,1.0,2.0,6.0,3.0,4.0,1.0,2.0,2.0,1.0,1.0,1.0,4.0,1.0,1.0,1.0,2.0,2.0,4.0,4.0,2.0,98.0,5.0,1.0,3.0,1.0,3.0,1.0,1.0,1.0,2.0,1.0,1.0,4.0,4.0,2.0,4.0,1.0,6.0,6.0,,,4.0,1.0,,1.0,98.0,2.0,1.0,2.0,,6.0,,1.0,98.0
21.0,323.0,2020-10-07,21012.0,3.0,0.8379436973601687,44.0,1.0,12.0,1.0,5.0,,4.0,6.0,2.0,4.0,4.0,4.0,,,4.0,1.0,4.0,3.0,2.0,3.0,3.0,3.0,3.0,1.0,2.0,4.0,4.0,4.0,4.0,1.0,1.0,2.0,1.0,2.0,1.0,1.0,2.0,4.0,99.0,4.0,4.0,4.0,98.0,4.0,98.0,4.0,2.0,3.0,98.0,98.0,98.0,98.0,98.0,2.0,3.0,98.0,2.0,4.0,1.0,4.0,2.0,,1.0,1.0,1.0,,3.0,99.0,2.0,2.0,2.0,,2.0,3.0,4.0,98.0
21.0,420.0,2020-10-07,21013.0,2.0,0.9020657222899349,45.0,1.0,1.0,1.0,1.0,,4.0,3.0,2.0,1.0,1.0,2.0,,,1.0,1.0,4.0,3.0,4.0,4.0,1.0,2.0,1.0,1.0,7.0,4.0,4.0,2.0,4.0,2.0,1.0,1.0,3.0,2.0,1.0,4.0,3.0,4.0,4.0,1.0,4.0,5.0,2.0,5.0,5.0,2.0,1.0,1.0,1.0,2.0,2.0,2.0,2.0,2.0,4.0,4.0,2.0,4.0,1.0,4.0,6.0,,,4.0,1.0,,3.0,3.0,2.0,1.0,2.0,,6.0,,1.0,98.0
21.0,4281.0,2020-10-14,21007.0,2.0,0.8982410703734767,57.0,2.0,15.0,2.0,1.0,,3.0,1.0,2.0,4.0,2.0,2.0,,,3.0,2.0,2.0,2.0,3.0,3.0,4.0,3.0,3.0,2.0,98.0,3.0,2.0,2.0,3.0,2.0,3.0,3.0,2.0,2.0,2.0,4.0,3.0,4.0,3.0,3.0,3.0,5.0,3.0,3.0,4.0,3.0,2.0,3.0,3.0,98.0,96.0,96.0,96.0,96.0,98.0,98.0,1.0,4.0,2.0,2.0,4.0,,,3.0,1.0,,2.0,3.0,2.0,1.0,2.0,,6.0,,3.0,2.0
21.0,2761.0,2020-10-13,21001.0,1.0,0.9428457815477685,62.0,2.0,1.0,4.0,,98.0,4.0,3.0,2.0,1.0,1.0,4.0,,,4.0,4.0,98.0,4.0,4.0,4.0,4.0,98.0,4.0,1.0,98.0,4.0,4.0,4.0,4.0,4.0,98.0,98.0,98.0,98.0,98.0,1.0,1.0,4.0,4.0,4.0,4.0,5.0,98.0,98.0,98.0,98.0,98.0,98.0,98.0,98.0,98.0,98.0,98.0,98.0,98.0,98.0,1.0,1.0,,2.0,3.0,1.0,,3.0,1.0,,98.0,98.0,2.0,1.0,2.0,,1.0,96.0,99.0,99.0
21.0,3678.0,2020-10-14,21022.0,1.0,0.8368017678039322,20.0,1.0,15.0,2.0,3.0,,4.0,1.0,2.0,4.0,1.0,4.0,,,4.0,3.0,3.0,3.0,3.0,4.0,4.0,1.0,1.0,1.0,98.0,4.0,1.0,2.0,2.0,2.0,2.0,1.0,2.0,3.0,2.0,2.0,2.0,3.0,4.0,3.0,3.0,5.0,5.0,2.0,5.0,1.0,1.0,5.0,1.0,1.0,1.0,1.0,1.0,1.0,4.0,4.0,2.0,1.0,,9.0,6.0,,,4.0,1.0,,3.0,5.0,2.0,1.0,2.0,,1.0,1.0,2.0,2.0
21.0,2940.0,2020-10-13,21019.0,1.0,1.0757346539319965,60.0,2.0,1.0,1.0,98.0,,3.0,3.0,2.0,3.0,2.0,4.0,,,98.0,1.0,98.0,3.0,4.0,98.0,1.0,1.0,2.0,1.0,33.0,4.0,3.0,98.0,1.0,98.0,1.0,2.0,98.0,98.0,98.0,1.0,1.0,4.0,98.0,98.0,98.0,98.0,98.0,98.0,98.0,1.0,1.0,3.0,98.0,98.0,98.0,98.0,98.0,98.0,3.0,98.0,1.0,5.0,1.0,6.0,4.0,,,4.0,1.0,,1.0,1.0,2.0,1.0,2.0,,6.0,,98.0,1.0
21.0,2053.0,2020-10-12,21014.0,3.0,0.7375157435317867,42.0,1.0,15.0,4.0,,5.0,2.0,1.0,2.0,2.0,2.0,3.0,,,1.0,1.0,3.0,3.0,3.0,4.0,3.0,4.0,4.0,2.0,16.0,2.0,2.0,2.0,4.0,2.0,4.0,2.0,2.0,2.0,2.0,2.0,2.0,3.0,4.0,3.0,4.0,5.0,5.0,5.0,5.0,1.0,2.0,5.0,2.0,1.0,2.0,2.0,1.0,1.0,1.0,2.0,2.0,4.0,1.0,7.0,2.0,,1.0,4.0,1.0,,3.0,5.0,2.0,2.0,2.0,,4.0,3.0,2.0,98.0
21.0,3272.0,2020-10-13,21006.0,3.0,0.8576283426835974,36.0,2.0,2.0,4.0,,6.0,4.0,3.0,1.0,1.0,1.0,3.0,,,1.0,1.0,3.0,4.0,2.0,3.0,3.0,4.0,4.0,1.0,12.0,4.0,1.0,2.0,4.0,2.0,1.0,1.0,1.0,4.0,1.0,1.0,2.0,2.0,2.0,4.0,1.0,2.0,1.0,2.0,5.0,1.0,3.0,3.0,2.0,2.0,2.0,2.0,2.0,2.0,4.0,4.0,2.0,4.0,1.0,4.0,4.0,,,4.0,1.0,,1.0,5.0,2.0,2.0,2.0,,6.0,,1.0,98.0
21.0,1908.0,2020-10-11,21020.0,3.0,0.8922491393785673,48.0,1.0,1.0,1.0,5.0,,4.0,4.0,6.0,2.0,2.0,3.0,,,1.0,1.0,1.0,4.0,2.0,4.0,4.0,4.0,3.0,3.0,16.0,4.0,3.0,2.0,4.0,4.0,4.0,2.0,3.0,4.0,4.0,4.0,1.0,4.0,4.0,3.0,4.0,5.0,5.0,5.0,4.0,2.0,4.0,3.0,1.0,1.0,2.0,1.0,2.0,2.0,3.0,4.0,2.0,4.0,1.0,5.0,1.0,,1.0,4.0,1.0,,2.0,2.0,2.0,2.0,2.0,,2.0,96.0,4.0,4.0
21.0,1757.0,2020-10-11,21008.0,3.0,0.8138758656024265,18.0,1.0,1.0,2.0,1.0,,4.0,3.0,5.0,3.0,3.0,3.0,,,1.0,1.0,1.0,3.0,3.0,4.0,4.0,4.0,3.0,2.0,18.0,3.0,3.0,2.0,3.0,2.0,2.0,3.0,3.0,4.0,4.0,1.0,2.0,3.0,2.0,3.0,3.0,1.0,4.0,5.0,4.0,1.0,1.0,1.0,1.0,2.0,2.0,2.0,2.0,2.0,4.0,2.0,2.0,1.0,,6.0,6.0,,,4.0,1.0,,3.0,5.0,2.0,2.0,2.0,,5.0,1.0,3.0,2.0
21.0,1467.0,2020-10-11,21021.0,97.0,0.9864659227984848,40.0,1.0,1.0,2.0,6.0,,3.0,1.0,5.0,2.0,2.0,2.0,,,1.0,1.0,3.0,3.0,2.0,4.0,3.0,2.0,2.0,2.0,98.0,4.0,4.0,1.0,2.0,2.0,1.0,2.0,1.0,4.0,2.0,2.0,2.0,4.0,4.0,2.0,3.0,5.0,4.0,4.0,4.0,4.0,4.0,3.0,4.0,98.0,98.0,98.0,98.0,98.0,4.0,98.0,2.0,4.0,1.0,4.0,2.0,,2.0,4.0,1.0,,1.0,3.0,2.0,2.0,2.0,,2.0,3.0,1.0,98.0
21.0,3142.0,2020-10-13,21016.0,1.0,0.9250124189609754,60.0,2.0,15.0,1.0,7.0,,4.0,1.0,3.0,3.0,3.0,2.0,,,1.0,1.0,4.0,2.0,2.0,4.0,3.0,4.0,4.0,1.0,6.0,4.0,4.0,4.0,1.0,1.0,1.0,2.0,1.0,4.0,4.0,2.0,2.0,4.0,1.0,4.0,2.0,4.0,1.0,5.0,1.0,2.0,2.0,3.0,4.0,2.0,2.0,2.0,2.0,2.0,4.0,4.0,2.0,7.0,1.0,4.0,4.0,,,4.0,1.0,,1.0,3.0,2.0,4.0,2.0,,4.0,96.0,1.0,4.0
21.0,4324.0,2020-10-14,21010.0,1.0,0.7776471702898341,47.0,2.0,1.0,2.0,3.0,,3.0,1.0,1.0,1.0,1.0,1.0,,,1.0,1.0,3.0,1.0,1.0,3.0,2.0,4.0,2.0,98.0,20.0,4.0,4.0,1.0,4.0,1.0,2.0,1.0,1.0,4.0,4.0,4.0,2.0,3.0,4.0,2.0,1.0,5.0,98.0,5.0,5.0,2.0,3.0,1.0,4.0,98.0,98.0,1.0,1.0,98.0,4.0,4.0,2.0,4.0,1.0,8.0,6.0,,,4.0,1.0,,1.0,3.0,2.0,1.0,2.0,,6.0,,1.0,2.0
21.0,1384.0,2020-10-10,21006.0,3.0,0.8351970361960291,40.0,1.0,12.0,4.0,,7.0,3.0,6.0,1.0,1.0,4.0,98.0,,,2.0,1.0,1.0,4.0,2.0,4.0,4.0,4.0,4.0,1.0,2.0,4.0,4.0,4.0,3.0,2.0,1.0,2.0,1.0,2.0,4.0,1.0,4.0,99.0,99.0,99.0,99.0,5.0,98.0,3.0,4.0,3.0,1.0,2.0,2.0,2.0,2.0,2.0,2.0,2.0,3.0,3.0,2.0,4.0,1.0,3.0,2.0,,2.0,4.0,1.0,,1.0,2.0,2.0,2.0,2.0,,6.0,,2.0,99.0
21.0,1207.0,2020-10-10,21001.0,2.0,0.8381651745165571,36.0,2.0,15.0,1.0,6.0,,4.0,5.0,1.0,4.0,3.0,3.0,,,2.0,1.0,2.0,4.0,4.0,4.0,3.0,3.0,4.0,1.0,15.0,4.0,2.0,1.0,1.0,1.0,1.0,1.0,1.0,3.0,2.0,1.0,1.0,4.0,3.0,1.0,1.0,5.0,98.0,1.0,5.0,1.0,2.0,5.0,4.0,2.0,2.0,2.0,2.0,2.0,2.0,4.0,2.0,4.0,1.0,3.0,4.0,,,1.0,1.0,,2.0,5.0,1.0,2.0,2.0,,1.0,96.0,3.0,2.0
21.0,487.0,2020-10-07,21006.0,2.0,0.8300954126694494,48.0,1.0,2.0,1.0,5.0,,4.0,98.0,5.0,4.0,1.0,98.0,,,98.0,1.0,4.0,4.0,4.0,98.0,4.0,4.0,98.0,1.0,20.0,4.0,4.0,98.0,98.0,98.0,98.0,98.0,1.0,98.0,1.0,1.0,1.0,99.0,99.0,99.0,99.0,98.0,98.0,98.0,98.0,98.0,98.0,1.0,98.0,98.0,98.0,98.0,98.0,98.0,98.0,98.0,2.0,4.0,1.0,4.0,2.0,,2.0,4.0,1.0,,1.0,98.0,2.0,1.0,2.0,,6.0,,1.0,98.0
21.0,2635.0,2020-10-13,21006.0,1.0,0.8351970361960291,42.0,1.0,15.0,4.0,,7.0,3.0,5.0,2.0,2.0,2.0,3.0,,,4.0,1.0,4.0,3.0,3.0,4.0,4.0,1.0,4.0,2.0,35.0,4.0,1.0,4.0,1.0,1.0,4.0,1.0,1.0,4.0,4.0,2.0,2.0,3.0,4.0,4.0,4.0,5.0,5.0,1.0,1.0,2.0,2.0,1.0,3.0,1.0,2.0,1.0,1.0,2.0,4.0,4.0,1.0,4.0,1.0,4.0,6.0,,,4.0,1.0,,2.0,1.0,2.0,1.0,2.0,,6.0,,3.0,4.0
21.0,427.0,2020-10-07,21019.0,2.0,1.053584758881277,31.0,1.0,15.0,1.0,1.0,,3.0,3.0,2.0,4.0,3.0,4.0,,,4.0,1.0,4.0,4.0,4.0,3.0,4.0,3.0,3.0,1.0,20.0,4.0,4.0,1.0,4.0,1.0,1.0,1.0,1.0,2.0,1.0,1.0,4.0,4.0,2.0,4.0,2.0,4.0,2.0,5.0,4.0,4.0,1.0,5.0,4.0,2.0,98.0,98.0,1.0,98.0,4.0,2.0,1.0,4.0,1.0,2.0,6.0,,,3.0,1.0,,3.0,1.0,2.0,1.0,2.0,,6.0,,1.0,2.0
21.0,1389.0,2020-10-10,21005.0,3.0,0.8881416139532875,68.0,1.0,15.0,4.0,,7.0,3.0,1.0,2.0,1.0,2.0,4.0,,,2.0,1.0,2.0,3.0,3.0,3.0,4.0,3.0,3.0,1.0,2.0,4.0,4.0,2.0,4.0,2.0,1.0,1.0,1.0,1.0,3.0,1.0,4.0,4.0,4.0,4.0,1.0,5.0,2.0,5.0,4.0,4.0,3.0,3.0,4.0,2.0,2.0,2.0,2.0,96.0,4.0,3.0,2.0,4.0,1.0,7.0,3.0,1.0,,4.0,1.0,,1.0,2.0,2.0,1.0,2.0,,6.0,,1.0,98.0
21.0,244.0,2020-10-07,21015.0,1.0,0.9917359506955274,49.0,1.0,1.0,1.0,1.0,,3.0,2.0,2.0,2.0,2.0,4.0,,,3.0,1.0,3.0,4.0,4.0,4.0,3.0,2.0,3.0,1.0,7.0,3.0,4.0,2.0,4.0,4.0,1.0,1.0,1.0,2.0,2.0,2.0,3.0,4.0,3.0,3.0,3.0,5.0,2.0,2.0,98.0,4.0,4.0,3.0,4.0,2.0,2.0,2.0,2.0,2.0,4.0,3.0,2.0,4.0,1.0,5.0,2.0,,2.0,3.0,1.0,,2.0,3.0,1.0,4.0,2.0,,2.0,3.0,2.0,2.0
21.0,971.0,2020-10-09,21011.0,2.0,0.914239979756494,32.0,1.0,1.0,1.0,1.0,,4.0,3.0,2.0,2.0,1.0,4.0,,,4.0,2.0,4.0,4.0,3.0,4.0,1.0,4.0,4.0,1.0,13.0,4.0,4.0,4.0,4.0,2.0,1.0,1.0,1.0,2.0,1.0,1.0,4.0,4.0,2.0,3.0,2.0,5.0,2.0,4.0,98.0,4.0,4.0,3.0,1.0,98.0,2.0,2.0,2.0,98.0,4.0,3.0,2.0,5.0,1.0,6.0,6.0,,,4.0,1.0,,3.0,1.0,2.0,2.0,2.0,,6.0,,4.0,98.0
21.0,2142.0,2020-10-12,21001.0,3.0,0.8162429280362736,40.0,1.0,2.0,4.0,,4.0,3.0,5.0,2.0,1.0,1.0,4.0,,,2.0,1.0,4.0,3.0,3.0,4.0,3.0,3.0,4.0,1.0,98.0,1.0,4.0,1.0,4.0,1.0,2.0,1.0,1.0,4.0,1.0,1.0,4.0,4.0,4.0,4.0,4.0,5.0,5.0,4.0,5.0,1.0,2.0,3.0,4.0,1.0,2.0,2.0,2.0,2.0,4.0,3.0,2.0,4.0,2.0,2.0,1.0,,1.0,4.0,1.0,,2.0,5.0,2.0,4.0,2.0,,1.0,3.0,2.0,4.0
21.0,1103.0,2020-10-09,21004.0,3.0,0.726371124253544,50.0,1.0,15.0,2.0,1.0,,2.0,4.0,1.0,4.0,4.0,3.0,,,1.0,1.0,2.0,3.0,2.0,98.0,98.0,98.0,98.0,98.0,13.0,4.0,4.0,2.0,2.0,2.0,1.0,2.0,1.0,2.0,3.0,3.0,3.0,98.0,98.0,98.0,98.0,98.0,98.0,98.0,98.0,4.0,2.0,3.0,98.0,98.0,98.0,98.0,98.0,98.0,98.0,98.0,2.0,4.0,1.0,5.0,1.0,,1.0,3.0,1.0,,1.0,98.0,2.0,2.0,2.0,,2.0,96.0,98.0,98.0
21.0,171.0,2020-10-07,21001.0,1.0,0.918185609251887,66.0,1.0,1.0,2.0,4.0,,3.0,6.0,3.0,1.0,2.0,3.0,,,3.0,1.0,2.0,4.0,4.0,4.0,4.0,4.0,4.0,1.0,15.0,4.0,4.0,2.0,1.0,1.0,1.0,1.0,4.0,2.0,1.0,1.0,1.0,2.0,2.0,2.0,1.0,5.0,2.0,2.0,2.0,3.0,3.0,6.0,3.0,98.0,98.0,98.0,98.0,2.0,4.0,4.0,2.0,4.0,1.0,8.0,3.0,1.0,,4.0,1.0,,1.0,1.0,2.0,2.0,2.0,,6.0,,2.0,2.0
21.0,1082.0,2020-10-09,21006.0,1.0,0.9395069447890421,59.0,1.0,15.0,1.0,6.0,,4.0,5.0,1.0,4.0,4.0,2.0,,,4.0,1.0,2.0,2.0,2.0,3.0,3.0,4.0,3.0,2.0,98.0,4.0,4.0,2.0,4.0,2.0,1.0,3.0,1.0,4.0,1.0,4.0,2.0,1.0,2.0,4.0,1.0,5.0,3.0,2.0,1.0,1.0,1.0,3.0,4.0,2.0,2.0,96.0,2.0,98.0,4.0,3.0,2.0,4.0,1.0,6.0,2.0,,2.0,1.0,1.0,,2.0,3.0,2.0,1.0,2.0,,3.0,96.0,2.0,4.0
21.0,1480.0,2020-10-11,21012.0,1.0,0.8604487723068199,43.0,2.0,1.0,1.0,5.0,,4.0,1.0,1.0,1.0,1.0,4.0,,,4.0,1.0,4.0,4.0,4.0,4.0,4.0,4.0,4.0,1.0,7.0,4.0,4.0,4.0,4.0,4.0,1.0,1.0,1.0,1.0,4.0,1.0,1.0,4.0,2.0,2.0,2.0,5.0,2.0,2.0,4.0,4.0,2.0,6.0,4.0,96.0,96.0,96.0,96.0,96.0,4.0,4.0,2.0,5.0,1.0,4.0,6.0,,,3.0,1.0,,3.0,3.0,2.0,2.0,2.0,,3.0,3.0,1.0,1.0
21.0,4907.0,2020-10-15,99999.0,1.0,1.0000005813515762,55.0,2.0,1.0,1.0,6.0,,4.0,3.0,1.0,1.0,1.0,4.0,,,4.0,1.0,4.0,2.0,4.0,3.0,4.0,4.0,4.0,1.0,37.0,4.0,4.0,2.0,2.0,2.0,4.0,1.0,1.0,4.0,4.0,1.0,1.0,2.0,98.0,1.0,1.0,5.0,98.0,1.0,1.0,1.0,2.0,1.0,4.0,2.0,2.0,2.0,2.0,2.0,4.0,2.0,1.0,4.0,2.0,6.0,2.0,,2.0,4.0,1.0,,1.0,2.0,2.0,1.0,2.0,,5.0,3.0,4.0,99.0
21.0,2431.0,2020-10-12,21006.0,1.0,0.8351970361960291,36.0,1.0,2.0,4.0,,7.0,4.0,5.0,5.0,4.0,4.0,4.0,,,3.0,1.0,4.0,4.0,4.0,4.0,4.0,4.0,4.0,1.0,13.0,4.0,4.0,4.0,4.0,4.0,4.0,4.0,2.0,4.0,1.0,4.0,1.0,4.0,1.0,1.0,1.0,5.0,1.0,1.0,4.0,3.0,4.0,3.0,4.0,2.0,2.0,2.0,2.0,2.0,1.0,1.0,2.0,4.0,1.0,5.0,2.0,,2.0,4.0,1.0,,3.0,4.0,2.0,1.0,2.0,,2.0,3.0,2.0,4.0
21.0,1353.0,2020-10-10,21012.0,3.0,0.8379436973601687,40.0,1.0,15.0,4.0,,7.0,4.0,4.0,1.0,4.0,4.0,4.0,,,4.0,1.0,4.0,2.0,2.0,4.0,4.0,3.0,4.0,4.0,,4.0,4.0,4.0,4.0,4.0,4.0,4.0,2.0,1.0,99.0,4.0,4.0,4.0,4.0,4.0,4.0,5.0,5.0,4.0,5.0,4.0,1.0,1.0,1.0,98.0,1.0,1.0,1.0,98.0,4.0,4.0,2.0,4.0,1.0,4.0,6.0,,,2.0,1.0,,3.0,4.0,2.0,2.0,2.0,,6.0,,4.0,4.0
21.0,2532.0,2020-10-12,21001.0,2.0,0.8381651745165571,36.0,2.0,1.0,2.0,1.0,,4.0,1.0,2.0,3.0,1.0,3.0,,,3.0,3.0,2.0,3.0,3.0,4.0,4.0,4.0,98.0,1.0,36.0,4.0,4.0,4.0,3.0,2.0,3.0,1.0,3.0,3.0,1.0,1.0,4.0,4.0,2.0,1.0,2.0,5.0,2.0,1.0,2.0,2.0,4.0,3.0,4.0,2.0,2.0,2.0,2.0,2.0,4.0,3.0,2.0,4.0,1.0,5.0,1.0,,1.0,4.0,1.0,,2.0,4.0,1.0,1.0,2.0,,6.0,,4.0,98.0
21.0,619.0,2020-10-08,21004.0,1.0,0.8441910287525396,60.0,2.0,1.0,2.0,1.0,,4.0,3.0,6.0,1.0,1.0,98.0,,,2.0,1.0,1.0,3.0,2.0,99.0,4.0,98.0,2.0,98.0,98.0,4.0,4.0,3.0,3.0,98.0,1.0,2.0,4.0,4.0,2.0,98.0,99.0,4.0,2.0,98.0,4.0,5.0,5.0,1.0,2.0,1.0,98.0,3.0,99.0,2.0,2.0,2.0,2.0,2.0,3.0,3.0,2.0,4.0,1.0,5.0,6.0,,,3.0,1.0,,2.0,99.0,2.0,2.0,2.0,,4.0,98.0,4.0,4.0
21.0,486.0,2020-10-07,21010.0,3.0,0.7573077748340141,51.0,1.0,1.0,1.0,6.0,,3.0,1.0,2.0,1.0,2.0,2.0,,,2.0,1.0,2.0,2.0,2.0,3.0,2.0,2.0,2.0,1.0,6.0,1.0,2.0,2.0,2.0,98.0,3.0,2.0,2.0,3.0,3.0,2.0,2.0,98.0,98.0,2.0,1.0,4.0,98.0,98.0,2.0,98.0,2.0,1.0,2.0,2.0,2.0,2.0,2.0,2.0,3.0,1.0,2.0,4.0,1.0,4.0,7.0,,,4.0,1.0,,2.0,4.0,2.0,5.0,2.0,,3.0,96.0,2.0,2.0
21.0,2295.0,2020-10-12,21001.0,2.0,0.9428457815477685,55.0,2.0,15.0,2.0,1.0,,3.0,1.0,3.0,2.0,2.0,4.0,,,3.0,1.0,3.0,3.0,2.0,3.0,3.0,3.0,3.0,2.0,6.0,3.0,4.0,2.0,2.0,2.0,1.0,1.0,3.0,4.0,2.0,4.0,3.0,4.0,4.0,4.0,3.0,5.0,98.0,98.0,98.0,98.0,4.0,3.0,2.0,98.0,98.0,98.0,1.0,1.0,4.0,4.0,2.0,4.0,1.0,5.0,4.0,,,4.0,1.0,,1.0,3.0,2.0,1.0,2.0,,6.0,,1.0,98.0
21.0,458.0,2020-10-07,21001.0,2.0,0.8162429280362736,44.0,1.0,1.0,4.0,,3.0,2.0,2.0,1.0,3.0,1.0,4.0,,,4.0,4.0,4.0,4.0,4.0,3.0,4.0,4.0,4.0,1.0,13.0,4.0,4.0,2.0,2.0,2.0,2.0,2.0,4.0,2.0,2.0,2.0,2.0,98.0,98.0,98.0,98.0,5.0,5.0,5.0,5.0,1.0,3.0,1.0,4.0,1.0,96.0,96.0,96.0,96.0,4.0,4.0,2.0,4.0,1.0,6.0,1.0,,,4.0,1.0,,3.0,3.0,2.0,1.0,2.0,,6.0,,97.0,4.0
21.0,2233.0,2020-10-12,21016.0,1.0,0.9250124189609754,68.0,2.0,15.0,4.0,,4.0,3.0,1.0,4.0,4.0,3.0,4.0,,,4.0,2.0,1.0,3.0,2.0,4.0,2.0,4.0,97.0,2.0,18.0,4.0,4.0,2.0,4.0,4.0,2.0,1.0,2.0,4.0,1.0,4.0,1.0,4.0,4.0,2.0,98.0,5.0,98.0,3.0,5.0,4.0,98.0,3.0,4.0,2.0,2.0,2.0,2.0,98.0,4.0,4.0,2.0,4.0,1.0,8.0,4.0,,,3.0,1.0,,1.0,3.0,2.0,1.0,2.0,,6.0,,99.0,98.0
21.0,796.0,2020-10-08,21009.0,3.0,0.8311376969705427,80.0,1.0,1.0,4.0,,3.0,3.0,1.0,2.0,1.0,1.0,2.0,,,1.0,1.0,2.0,4.0,2.0,2.0,99.0,1.0,1.0,2.0,18.0,4.0,4.0,1.0,4.0,1.0,1.0,1.0,4.0,4.0,4.0,4.0,1.0,4.0,1.0,1.0,1.0,4.0,1.0,1.0,1.0,4.0,4.0,6.0,4.0,2.0,2.0,2.0,99.0,2.0,4.0,99.0,1.0,4.0,1.0,2.0,6.0,,,4.0,1.0,,1.0,1.0,2.0,2.0,2.0,,6.0,,1.0,1.0
21.0,2809.0,2020-10-13,21023.0,3.0,1.0114737402650436,61.0,2.0,2.0,2.0,6.0,,4.0,1.0,2.0,4.0,2.0,3.0,,,99.0,1.0,3.0,3.0,4.0,4.0,4.0,2.0,3.0,2.0,15.0,4.0,4.0,2.0,1.0,2.0,1.0,2.0,2.0,2.0,1.0,2.0,4.0,4.0,98.0,2.0,98.0,5.0,4.0,3.0,98.0,4.0,4.0,3.0,3.0,98.0,98.0,98.0,98.0,98.0,4.0,3.0,2.0,4.0,1.0,6.0,4.0,,,4.0,1.0,,2.0,5.0,2.0,1.0,2.0,,6.0,,2.0,98.0
21.0,896.0,2020-10-08,21014.0,1.0,0.8567754761277994,33.0,2.0,15.0,1.0,5.0,,4.0,3.0,98.0,3.0,1.0,4.0,,,4.0,1.0,98.0,4.0,4.0,4.0,4.0,4.0,4.0,1.0,16.0,4.0,4.0,4.0,4.0,4.0,4.0,2.0,4.0,4.0,1.0,1.0,4.0,98.0,98.0,1.0,4.0,5.0,98.0,2.0,2.0,4.0,2.0,1.0,4.0,98.0,2.0,2.0,2.0,2.0,98.0,4.0,2.0,7.0,1.0,2.0,6.0,,,4.0,1.0,,1.0,3.0,2.0,1.0,2.0,,1.0,98.0,2.0,98.0
21.0,2425.0,2020-10-12,21024.0,3.0,0.8665542264570629,57.0,1.0,2.0,4.0,,99.0,4.0,5.0,5.0,4.0,1.0,4.0,,,4.0,1.0,2.0,98.0,3.0,2.0,4.0,4.0,4.0,1.0,6.0,4.0,4.0,2.0,1.0,1.0,1.0,1.0,1.0,4.0,1.0,4.0,2.0,98.0,98.0,98.0,98.0,5.0,98.0,5.0,98.0,98.0,98.0,3.0,4.0,2.0,2.0,2.0,2.0,2.0,4.0,4.0,2.0,4.0,1.0,5.0,6.0,,,4.0,1.0,,2.0,3.0,2.0,2.0,2.0,,6.0,,1.0,98.0
21.0,3342.0,2020-10-13,21004.0,2.0,0.8441910287525396,62.0,2.0,15.0,1.0,1.0,,4.0,2.0,2.0,4.0,4.0,3.0,,,2.0,1.0,4.0,4.0,4.0,4.0,4.0,4.0,4.0,1.0,7.0,4.0,4.0,1.0,1.0,1.0,1.0,2.0,1.0,1.0,2.0,1.0,1.0,98.0,98.0,98.0,98.0,5.0,4.0,4.0,4.0,4.0,4.0,5.0,4.0,96.0,98.0,96.0,98.0,98.0,4.0,4.0,2.0,7.0,1.0,2.0,4.0,,,4.0,1.0,,2.0,4.0,2.0,1.0,2.0,,6.0,,2.0,98.0
21.0,83.0,2020-10-06,21003.0,1.0,0.978345968721482,85.0,1.0,15.0,4.0,,7.0,4.0,2.0,2.0,4.0,3.0,4.0,,,3.0,1.0,3.0,4.0,4.0,1.0,1.0,2.0,2.0,4.0,,4.0,2.0,4.0,4.0,2.0,4.0,4.0,4.0,2.0,4.0,4.0,1.0,4.0,4.0,4.0,4.0,1.0,5.0,5.0,5.0,1.0,1.0,3.0,4.0,97.0,2.0,2.0,2.0,97.0,4.0,4.0,2.0,4.0,1.0,4.0,3.0,2.0,,2.0,1.0,,3.0,1.0,2.0,1.0,2.0,,6.0,,1.0,98.0
21.0,4457.0,2020-10-14,21015.0,2.0,1.152598946342891,56.0,2.0,15.0,1.0,4.0,,3.0,3.0,2.0,3.0,3.0,2.0,,,2.0,1.0,1.0,3.0,3.0,3.0,3.0,3.0,3.0,2.0,98.0,4.0,4.0,1.0,1.0,1.0,1.0,1.0,1.0,2.0,3.0,2.0,1.0,4.0,4.0,4.0,4.0,5.0,5.0,5.0,5.0,4.0,4.0,3.0,4.0,96.0,96.0,96.0,96.0,96.0,4.0,4.0,2.0,4.0,1.0,7.0,4.0,,,2.0,1.0,,1.0,3.0,2.0,1.0,2.0,,5.0,3.0,1.0,98.0
21.0,2124.0,2020-10-12,21006.0,3.0,0.9395069447890421,60.0,1.0,1.0,2.0,3.0,,4.0,5.0,3.0,4.0,4.0,3.0,,,3.0,1.0,3.0,2.0,4.0,4.0,3.0,3.0,3.0,1.0,26.0,4.0,4.0,2.0,2.0,1.0,1.0,1.0,1.0,2.0,1.0,1.0,2.0,4.0,3.0,2.0,2.0,5.0,4.0,5.0,4.0,1.0,2.0,1.0,4.0,2.0,2.0,2.0,2.0,2.0,4.0,4.0,2.0,4.0,1.0,5.0,2.0,,2.0,4.0,1.0,,2.0,5.0,2.0,2.0,2.0,,2.0,96.0,2.0,3.0
21.0,2863.0,2020-10-13,21001.0,1.0,0.9428457815477685,64.0,2.0,1.0,2.0,6.0,,3.0,3.0,1.0,4.0,3.0,3.0,,,3.0,1.0,3.0,4.0,3.0,4.0,4.0,3.0,3.0,3.0,7.0,1.0,2.0,2.0,4.0,2.0,2.0,3.0,4.0,4.0,4.0,1.0,1.0,4.0,98.0,4.0,1.0,5.0,1.0,5.0,98.0,3.0,4.0,5.0,4.0,2.0,2.0,2.0,2.0,2.0,3.0,1.0,2.0,1.0,,5.0,3.0,1.0,,2.0,1.0,,1.0,3.0,2.0,1.0,2.0,,6.0,,1.0,1.0
21.0,2607.0,2020-10-13,21012.0,1.0,0.9425966435389861,63.0,1.0,16.0,2.0,4.0,,3.0,6.0,2.0,4.0,2.0,2.0,,,2.0,1.0,2.0,2.0,2.0,3.0,2.0,2.0,1.0,2.0,13.0,4.0,4.0,2.0,4.0,98.0,2.0,1.0,3.0,1.0,1.0,1.0,1.0,4.0,98.0,4.0,2.0,3.0,2.0,3.0,98.0,2.0,2.0,6.0,2.0,2.0,97.0,97.0,97.0,98.0,1.0,3.0,2.0,4.0,1.0,8.0,3.0,1.0,,2.0,1.0,,1.0,1.0,2.0,1.0,2.0,,6.0,,1.0,98.0
21.0,1940.0,2020-10-11,21001.0,2.0,0.9428457815477685,57.0,2.0,1.0,1.0,1.0,,4.0,1.0,2.0,4.0,1.0,4.0,,,1.0,1.0,3.0,4.0,4.0,3.0,4.0,3.0,3.0,2.0,35.0,4.0,4.0,2.0,4.0,2.0,1.0,1.0,2.0,1.0,1.0,1.0,1.0,2.0,2.0,98.0,2.0,5.0,98.0,98.0,98.0,1.0,1.0,1.0,3.0,2.0,98.0,98.0,1.0,2.0,4.0,4.0,2.0,4.0,1.0,5.0,4.0,,,2.0,1.0,,1.0,3.0,2.0,1.0,1.0,,6.0,,1.0,1.0
21.0,2826.0,2020-10-13,21019.0,3.0,1.0757346539319965,60.0,2.0,15.0,1.0,1.0,,3.0,1.0,3.0,1.0,1.0,2.0,,,2.0,1.0,1.0,2.0,2.0,3.0,4.0,3.0,4.0,2.0,20.0,4.0,3.0,1.0,1.0,3.0,3.0,1.0,1.0,1.0,1.0,4.0,2.0,3.0,4.0,1.0,4.0,98.0,98.0,1.0,98.0,3.0,2.0,1.0,4.0,98.0,98.0,98.0,98.0,98.0,98.0,1.0,2.0,4.0,1.0,7.0,1.0,,1.0,2.0,1.0,,1.0,5.0,2.0,3.0,2.0,,6.0,,1.0,3.0
21.0,2553.0,2020-10-12,21015.0,3.0,0.9917359506955274,54.0,1.0,1.0,1.0,1.0,,4.0,1.0,4.0,4.0,4.0,4.0,,,4.0,1.0,4.0,4.0,3.0,4.0,4.0,4.0,4.0,1.0,12.0,4.0,1.0,4.0,4.0,4.0,4.0,4.0,4.0,2.0,1.0,3.0,2.0,4.0,4.0,4.0,4.0,5.0,5.0,5.0,5.0,2.0,4.0,4.0,4.0,1.0,1.0,1.0,1.0,1.0,4.0,4.0,2.0,4.0,1.0,9.0,6.0,,,4.0,1.0,,3.0,5.0,1.0,1.0,2.0,,6.0,,4.0,97.0
21.0,2343.0,2020-10-12,21023.0,2.0,0.9850186007333708,64.0,1.0,1.0,2.0,6.0,,3.0,4.0,2.0,4.0,4.0,2.0,,,3.0,1.0,2.0,3.0,2.0,3.0,2.0,3.0,2.0,3.0,15.0,4.0,4.0,1.0,2.0,2.0,1.0,1.0,1.0,3.0,1.0,1.0,2.0,4.0,2.0,2.0,3.0,5.0,4.0,5.0,4.0,2.0,4.0,3.0,4.0,2.0,2.0,2.0,2.0,2.0,4.0,4.0,2.0,4.0,1.0,4.0,2.0,,2.0,3.0,1.0,,1.0,3.0,2.0,1.0,1.0,,6.0,,2.0,2.0
21.0,42.0,2020-10-06,21023.0,2.0,0.9850186007333708,70.0,1.0,1.0,3.0,,7.0,4.0,1.0,2.0,4.0,4.0,4.0,,,1.0,1.0,3.0,4.0,3.0,4.0,4.0,4.0,3.0,1.0,2.0,4.0,4.0,1.0,2.0,2.0,1.0,2.0,4.0,1.0,1.0,4.0,1.0,4.0,4.0,2.0,3.0,5.0,2.0,2.0,1.0,4.0,4.0,3.0,4.0,2.0,2.0,2.0,2.0,2.0,4.0,1.0,2.0,4.0,1.0,6.0,3.0,1.0,,4.0,1.0,,1.0,1.0,2.0,2.0,2.0,,6.0,,2.0,98.0
21.0,2148.0,2020-10-12,21009.0,3.0,0.8311376969705427,65.0,1.0,1.0,4.0,,98.0,4.0,6.0,98.0,3.0,3.0,98.0,,,1.0,1.0,98.0,1.0,1.0,3.0,3.0,3.0,2.0,1.0,7.0,4.0,4.0,1.0,2.0,2.0,1.0,1.0,1.0,3.0,1.0,1.0,1.0,4.0,4.0,2.0,1.0,5.0,98.0,3.0,98.0,1.0,1.0,3.0,3.0,2.0,96.0,98.0,98.0,98.0,4.0,4.0,1.0,4.0,1.0,8.0,6.0,,,4.0,1.0,,1.0,1.0,2.0,1.0,2.0,,6.0,,1.0,98.0
21.0,1195.0,2020-10-10,21006.0,2.0,0.8576283426835974,35.0,2.0,6.0,2.0,1.0,,4.0,5.0,1.0,3.0,1.0,3.0,,,3.0,1.0,4.0,4.0,4.0,2.0,4.0,1.0,4.0,1.0,7.0,4.0,4.0,3.0,4.0,3.0,1.0,1.0,1.0,3.0,4.0,1.0,2.0,4.0,4.0,4.0,4.0,5.0,5.0,5.0,5.0,1.0,3.0,5.0,4.0,2.0,2.0,96.0,97.0,96.0,4.0,4.0,2.0,4.0,1.0,9.0,1.0,,2.0,3.0,1.0,,1.0,3.0,2.0,1.0,2.0,,4.0,3.0,4.0,4.0
21.0,1902.0,2020-10-11,21017.0,3.0,0.9327827851239507,64.0,1.0,7.0,2.0,3.0,,3.0,3.0,1.0,4.0,1.0,4.0,,,2.0,1.0,1.0,2.0,2.0,2.0,2.0,2.0,2.0,4.0,,3.0,3.0,2.0,4.0,1.0,4.0,4.0,4.0,4.0,1.0,4.0,4.0,4.0,1.0,4.0,4.0,1.0,1.0,4.0,1.0,4.0,4.0,6.0,4.0,2.0,2.0,2.0,2.0,2.0,4.0,4.0,2.0,4.0,1.0,9.0,3.0,2.0,,4.0,1.0,,1.0,1.0,2.0,1.0,2.0,,6.0,,4.0,4.0
21.0,4072.0,2020-10-14,21015.0,2.0,1.152598946342891,63.0,2.0,15.0,4.0,,4.0,3.0,5.0,2.0,4.0,2.0,3.0,,,3.0,2.0,4.0,98.0,3.0,2.0,4.0,1.0,2.0,98.0,98.0,4.0,4.0,98.0,4.0,98.0,98.0,2.0,2.0,4.0,98.0,98.0,98.0,98.0,98.0,98.0,98.0,98.0,98.0,98.0,98.0,98.0,98.0,3.0,4.0,98.0,98.0,98.0,98.0,98.0,98.0,3.0,2.0,4.0,1.0,4.0,4.0,,,2.0,1.0,,2.0,98.0,2.0,1.0,2.0,,6.0,,2.0,2.0
21.0,1810.0,2020-10-11,21015.0,2.0,0.9978309891465318,42.0,1.0,15.0,2.0,6.0,,98.0,5.0,5.0,4.0,1.0,3.0,,,3.0,1.0,3.0,4.0,2.0,2.0,98.0,2.0,2.0,3.0,6.0,2.0,4.0,2.0,2.0,1.0,4.0,2.0,2.0,2.0,1.0,1.0,1.0,4.0,1.0,4.0,1.0,2.0,2.0,2.0,1.0,1.0,2.0,6.0,4.0,2.0,2.0,2.0,2.0,2.0,4.0,4.0,1.0,4.0,1.0,4.0,2.0,,2.0,98.0,1.0,,3.0,98.0,1.0,1.0,2.0,,6.0,,1.0,1.0
21.0,95.0,2020-10-06,21001.0,2.0,0.8162429280362736,36.0,1.0,2.0,1.0,4.0,,4.0,5.0,2.0,4.0,2.0,4.0,,,4.0,1.0,3.0,3.0,4.0,4.0,4.0,98.0,3.0,1.0,3.0,4.0,3.0,2.0,2.0,3.0,4.0,3.0,2.0,4.0,1.0,3.0,1.0,4.0,2.0,4.0,1.0,5.0,1.0,5.0,3.0,2.0,2.0,7.0,2.0,99.0,98.0,2.0,98.0,98.0,4.0,4.0,99.0,1.0,,7.0,2.0,,2.0,3.0,1.0,,3.0,3.0,2.0,2.0,2.0,,3.0,3.0,4.0,4.0
21.0,2420.0,2020-10-12,21005.0,3.0,0.8057873016354815,50.0,2.0,15.0,1.0,2.0,,3.0,1.0,2.0,1.0,4.0,4.0,,,3.0,1.0,2.0,4.0,3.0,3.0,3.0,3.0,3.0,1.0,13.0,4.0,4.0,4.0,2.0,4.0,2.0,2.0,2.0,2.0,1.0,1.0,4.0,4.0,4.0,4.0,4.0,5.0,4.0,1.0,5.0,3.0,4.0,3.0,1.0,1.0,1.0,2.0,2.0,2.0,4.0,4.0,2.0,4.0,1.0,8.0,4.0,,,4.0,1.0,,1.0,5.0,2.0,1.0,2.0,,6.0,,1.0,4.0
21.0,2094.0,2020-10-12,21015.0,3.0,1.0183715014706016,52.0,2.0,15.0,4.0,,6.0,4.0,1.0,2.0,2.0,2.0,4.0,,,3.0,1.0,2.0,2.0,2.0,3.0,3.0,3.0,3.0,1.0,15.0,4.0,4.0,2.0,1.0,1.0,2.0,2.0,1.0,4.0,1.0,2.0,1.0,4.0,2.0,2.0,1.0,4.0,5.0,2.0,2.0,2.0,2.0,5.0,4.0,2.0,2.0,2.0,2.0,2.0,4.0,4.0,1.0,1.0,,3.0,4.0,,,3.0,1.0,,1.0,5.0,2.0,1.0,2.0,,6.0,,3.0,2.0
21.0,1141.0,2020-10-10,21003.0,1.0,0.86972390995363,41.0,1.0,15.0,1.0,1.0,,3.0,3.0,1.0,4.0,2.0,3.0,,,2.0,1.0,3.0,4.0,4.0,3.0,98.0,3.0,4.0,2.0,6.0,4.0,4.0,1.0,2.0,1.0,1.0,1.0,1.0,1.0,1.0,2.0,4.0,2.0,98.0,2.0,2.0,5.0,98.0,4.0,4.0,1.0,1.0,2.0,2.0,2.0,2.0,2.0,2.0,2.0,3.0,3.0,2.0,4.0,1.0,11.0,7.0,,,3.0,1.0,,3.0,3.0,2.0,1.0,1.0,,6.0,,2.0,2.0
21.0,237.0,2020-10-07,21018.0,3.0,1.080432054801251,78.0,1.0,1.0,2.0,4.0,,1.0,2.0,5.0,3.0,4.0,3.0,,,3.0,4.0,1.0,1.0,1.0,4.0,4.0,4.0,4.0,1.0,7.0,3.0,1.0,3.0,4.0,4.0,4.0,4.0,2.0,2.0,2.0,2.0,2.0,3.0,2.0,3.0,2.0,2.0,1.0,2.0,1.0,1.0,1.0,3.0,4.0,1.0,1.0,2.0,2.0,1.0,4.0,4.0,2.0,4.0,1.0,6.0,7.0,,,4.0,1.0,,3.0,3.0,2.0,1.0,2.0,,6.0,,2.0,98.0
21.0,2600.0,2020-10-13,21016.0,3.0,0.8223117828407314,35.0,2.0,15.0,1.0,4.0,,4.0,1.0,2.0,2.0,2.0,98.0,,,1.0,1.0,2.0,4.0,4.0,1.0,2.0,1.0,2.0,2.0,6.0,3.0,2.0,2.0,4.0,2.0,2.0,3.0,1.0,4.0,1.0,1.0,1.0,1.0,98.0,98.0,4.0,4.0,3.0,1.0,98.0,4.0,1.0,3.0,98.0,98.0,2.0,2.0,2.0,2.0,4.0,98.0,2.0,4.0,1.0,8.0,6.0,,,3.0,1.0,,2.0,3.0,1.0,0.0,2.0,,6.0,,2.0,98.0
21.0,1493.0,2020-10-11,21014.0,2.0,0.7526976244154097,50.0,2.0,1.0,4.0,,4.0,4.0,6.0,3.0,3.0,1.0,2.0,,,99.0,2.0,99.0,2.0,2.0,4.0,2.0,3.0,1.0,1.0,7.0,2.0,1.0,3.0,3.0,2.0,3.0,1.0,2.0,4.0,1.0,1.0,2.0,2.0,2.0,2.0,3.0,2.0,2.0,2.0,2.0,1.0,1.0,1.0,98.0,2.0,99.0,98.0,99.0,99.0,1.0,1.0,2.0,4.0,1.0,4.0,2.0,,2.0,4.0,1.0,,1.0,3.0,2.0,2.0,2.0,,3.0,96.0,4.0,3.0
21.0,9.0,2020-10-06,21007.0,3.0,0.7776276202461182,43.0,1.0,2.0,2.0,5.0,,4.0,1.0,6.0,1.0,2.0,4.0,,,3.0,1.0,4.0,4.0,2.0,3.0,3.0,3.0,3.0,2.0,16.0,4.0,4.0,1.0,4.0,2.0,3.0,1.0,2.0,2.0,1.0,2.0,2.0,4.0,2.0,2.0,2.0,5.0,1.0,4.0,4.0,2.0,2.0,1.0,2.0,2.0,2.0,2.0,2.0,2.0,4.0,4.0,2.0,4.0,1.0,4.0,7.0,,,4.0,1.0,,3.0,5.0,2.0,1.0,2.0,,6.0,,2.0,1.0
21.0,1223.0,2020-10-10,21005.0,2.0,0.8107395316956655,37.0,2.0,15.0,1.0,1.0,,4.0,3.0,1.0,1.0,1.0,98.0,,,1.0,1.0,3.0,3.0,4.0,2.0,4.0,3.0,3.0,1.0,5.0,2.0,4.0,3.0,2.0,1.0,98.0,3.0,4.0,3.0,98.0,2.0,4.0,4.0,98.0,1.0,4.0,4.0,5.0,98.0,98.0,4.0,98.0,2.0,2.0,98.0,98.0,98.0,98.0,1.0,4.0,4.0,1.0,4.0,1.0,4.0,4.0,,,4.0,1.0,,1.0,3.0,2.0,1.0,2.0,,6.0,,1.0,2.0
21.0,1243.0,2020-10-10,21022.0,2.0,0.9593910118394574,60.0,2.0,99.0,4.0,,7.0,2.0,3.0,2.0,98.0,98.0,1.0,,,1.0,1.0,98.0,98.0,98.0,98.0,98.0,2.0,98.0,98.0,7.0,4.0,4.0,98.0,1.0,1.0,98.0,98.0,98.0,2.0,2.0,98.0,98.0,98.0,98.0,98.0,98.0,98.0,98.0,98.0,98.0,98.0,98.0,6.0,98.0,98.0,98.0,98.0,98.0,98.0,98.0,98.0,2.0,7.0,1.0,2.0,4.0,,,4.0,1.0,,1.0,2.0,2.0,1.0,2.0,,6.0,,1.0,1.0
21.0,1610.0,2020-10-11,21004.0,2.0,0.7308352761570013,41.0,1.0,15.0,1.0,3.0,,4.0,3.0,2.0,2.0,2.0,4.0,,,4.0,1.0,4.0,2.0,4.0,4.0,3.0,4.0,4.0,1.0,6.0,4.0,4.0,4.0,3.0,3.0,3.0,3.0,4.0,4.0,2.0,3.0,1.0,1.0,1.0,1.0,1.0,5.0,5.0,5.0,5.0,2.0,2.0,5.0,1.0,1.0,2.0,2.0,2.0,2.0,4.0,4.0,2.0,3.0,2.0,7.0,1.0,,2.0,2.0,1.0,,2.0,5.0,2.0,1.0,2.0,,6.0,,3.0,98.0
21.0,4107.0,2020-10-14,21015.0,3.0,1.152598946342891,59.0,2.0,15.0,1.0,2.0,,4.0,2.0,2.0,2.0,2.0,3.0,,,3.0,1.0,3.0,4.0,2.0,2.0,4.0,4.0,2.0,1.0,13.0,1.0,4.0,3.0,1.0,1.0,2.0,1.0,3.0,4.0,1.0,4.0,1.0,4.0,4.0,4.0,4.0,98.0,2.0,2.0,4.0,1.0,1.0,5.0,1.0,1.0,2.0,1.0,1.0,1.0,4.0,4.0,2.0,4.0,1.0,8.0,4.0,,,4.0,1.0,,2.0,4.0,1.0,1.0,2.0,,6.0,,3.0,2.0
21.0,228.0,2020-10-07,21003.0,1.0,0.8644113863593694,50.0,1.0,15.0,1.0,1.0,,4.0,3.0,1.0,2.0,3.0,4.0,,,4.0,3.0,4.0,4.0,4.0,4.0,4.0,4.0,3.0,1.0,5.0,4.0,4.0,4.0,4.0,2.0,1.0,1.0,1.0,2.0,2.0,4.0,4.0,4.0,4.0,3.0,2.0,5.0,5.0,2.0,5.0,4.0,4.0,6.0,4.0,96.0,2.0,96.0,96.0,96.0,4.0,3.0,99.0,4.0,1.0,5.0,2.0,,2.0,2.0,1.0,,2.0,3.0,2.0,2.0,2.0,,2.0,3.0,4.0,4.0
21.0,1039.0,2020-10-09,21012.0,3.0,1.4248558508145879,22.0,2.0,1.0,2.0,5.0,,4.0,1.0,6.0,2.0,2.0,4.0,,,1.0,1.0,3.0,3.0,2.0,3.0,2.0,1.0,4.0,1.0,7.0,2.0,1.0,2.0,4.0,3.0,1.0,4.0,1.0,3.0,4.0,1.0,4.0,1.0,1.0,2.0,2.0,5.0,2.0,2.0,2.0,4.0,3.0,4.0,3.0,2.0,2.0,2.0,2.0,2.0,4.0,2.0,4.0,1.0,,4.0,5.0,,,4.0,1.0,,2.0,5.0,2.0,1.0,2.0,,1.0,2.0,2.0,2.0
21.0,1914.0,2020-10-11,21001.0,1.0,1.3516534035843812,19.0,1.0,15.0,1.0,1.0,,3.0,5.0,2.0,2.0,2.0,4.0,,,3.0,1.0,3.0,3.0,4.0,4.0,3.0,4.0,3.0,1.0,13.0,1.0,2.0,1.0,1.0,2.0,3.0,2.0,2.0,1.0,2.0,1.0,4.0,4.0,4.0,2.0,1.0,4.0,4.0,2.0,4.0,2.0,4.0,3.0,3.0,2.0,2.0,2.0,1.0,2.0,4.0,4.0,4.0,1.0,,6.0,5.0,,,1.0,1.0,,3.0,3.0,2.0,2.0,1.0,,1.0,2.0,2.0,2.0
21.0,1828.0,2020-10-11,21012.0,1.0,1.549257564746928,60.0,1.0,15.0,1.0,5.0,,4.0,1.0,1.0,3.0,2.0,4.0,,,3.0,1.0,4.0,3.0,3.0,4.0,4.0,4.0,3.0,2.0,31.0,4.0,4.0,2.0,2.0,4.0,1.0,1.0,1.0,2.0,4.0,4.0,1.0,1.0,2.0,4.0,1.0,5.0,2.0,5.0,2.0,2.0,1.0,1.0,1.0,2.0,2.0,2.0,2.0,2.0,4.0,2.0,4.0,4.0,1.0,7.0,2.0,,2.0,4.0,1.0,,1.0,3.0,2.0,1.0,2.0,,1.0,96.0,98.0,98.0
21.0,3609.0,2020-10-14,21010.0,2.0,1.295655185373171,23.0,2.0,7.0,3.0,,1.0,2.0,1.0,3.0,3.0,3.0,1.0,,,2.0,2.0,3.0,3.0,4.0,4.0,3.0,97.0,2.0,2.0,98.0,1.0,2.0,1.0,2.0,3.0,2.0,1.0,3.0,2.0,3.0,1.0,3.0,1.0,4.0,2.0,3.0,1.0,2.0,3.0,4.0,2.0,1.0,2.0,2.0,2.0,1.0,2.0,97.0,96.0,3.0,3.0,3.0,2.0,2.0,8.0,3.0,2.0,,2.0,2.0,,2.0,,2.0,99.0,1.0,,1.0,3.0,1.0,3.0
21.0,2771.0,2020-10-13,21001.0,1.0,1.549667049490395,60.0,2.0,1.0,2.0,6.0,,4.0,4.0,1.0,4.0,4.0,3.0,,,4.0,1.0,3.0,3.0,4.0,4.0,3.0,2.0,4.0,1.0,34.0,4.0,4.0,4.0,2.0,4.0,1.0,2.0,1.0,4.0,4.0,3.0,1.0,3.0,98.0,4.0,2.0,4.0,2.0,5.0,98.0,4.0,2.0,6.0,98.0,2.0,98.0,2.0,2.0,2.0,4.0,98.0,5.0,4.0,1.0,5.0,1.0,,1.0,2.0,1.0,,1.0,3.0,2.0,1.0,2.0,,1.0,3.0,2.0,2.0
21.0,1464.0,2020-10-11,21024.0,2.0,1.2922057847024437,45.0,2.0,15.0,2.0,4.0,,4.0,4.0,2.0,2.0,1.0,2.0,,,2.0,1.0,4.0,3.0,3.0,4.0,3.0,3.0,4.0,1.0,6.0,4.0,4.0,2.0,2.0,4.0,1.0,3.0,1.0,1.0,4.0,1.0,1.0,4.0,98.0,98.0,98.0,5.0,98.0,98.0,98.0,4.0,98.0,3.0,1.0,98.0,98.0,96.0,98.0,98.0,4.0,3.0,4.0,7.0,1.0,3.0,6.0,,,3.0,1.0,,2.0,3.0,2.0,1.0,2.0,,6.0,,3.0,97.0
21.0,3331.0,2020-10-13,21013.0,1.0,1.5224607227796108,49.0,2.0,15.0,2.0,1.0,,3.0,3.0,2.0,4.0,3.0,2.0,,,2.0,1.0,2.0,98.0,3.0,98.0,4.0,1.0,98.0,2.0,11.0,1.0,98.0,2.0,3.0,2.0,2.0,1.0,4.0,4.0,1.0,3.0,3.0,3.0,98.0,2.0,2.0,98.0,2.0,2.0,4.0,4.0,1.0,3.0,2.0,1.0,1.0,2.0,98.0,2.0,3.0,4.0,4.0,1.0,,2.0,6.0,,,4.0,1.0,,3.0,5.0,2.0,1.0,2.0,,6.0,,1.0,3.0
21.0,2378.0,2020-10-12,21005.0,2.0,1.5075253963301922,25.0,2.0,15.0,1.0,1.0,,4.0,2.0,6.0,4.0,3.0,3.0,,,4.0,1.0,3.0,4.0,2.0,3.0,4.0,4.0,4.0,3.0,5.0,2.0,4.0,3.0,3.0,4.0,1.0,1.0,2.0,1.0,4.0,1.0,2.0,1.0,2.0,2.0,2.0,1.0,2.0,1.0,1.0,1.0,4.0,5.0,4.0,2.0,2.0,2.0,2.0,2.0,1.0,4.0,3.0,4.0,2.0,9.0,4.0,,,2.0,1.0,,2.0,5.0,2.0,1.0,2.0,,1.0,3.0,2.0,98.0
21.0,1134.0,2020-10-10,21013.0,1.0,1.732976122594322,34.0,2.0,15.0,4.0,,7.0,4.0,3.0,4.0,4.0,4.0,4.0,,,4.0,1.0,3.0,4.0,2.0,4.0,4.0,4.0,4.0,1.0,7.0,4.0,4.0,4.0,4.0,2.0,3.0,1.0,2.0,2.0,2.0,4.0,4.0,2.0,4.0,1.0,4.0,5.0,5.0,2.0,4.0,4.0,4.0,5.0,2.0,2.0,2.0,2.0,2.0,2.0,4.0,4.0,4.0,4.0,1.0,4.0,7.0,,,1.0,1.0,,2.0,1.0,2.0,1.0,1.0,,1.0,3.0,4.0,4.0
21.0,3196.0,2020-10-13,21006.0,1.0,1.409603149715628,39.0,2.0,6.0,1.0,5.0,,4.0,3.0,2.0,4.0,1.0,3.0,,,3.0,1.0,4.0,4.0,4.0,98.0,4.0,3.0,98.0,1.0,9.0,4.0,4.0,3.0,2.0,2.0,1.0,2.0,1.0,3.0,2.0,2.0,3.0,4.0,2.0,4.0,4.0,5.0,4.0,2.0,4.0,4.0,2.0,3.0,4.0,2.0,2.0,96.0,2.0,2.0,4.0,1.0,3.0,5.0,2.0,3.0,6.0,,,2.0,1.0,,1.0,3.0,2.0,2.0,2.0,,1.0,1.0,2.0,98.0
21.0,1185.0,2020-10-10,21023.0,2.0,1.6282334360942805,28.0,1.0,1.0,1.0,5.0,,4.0,1.0,5.0,4.0,4.0,3.0,,,2.0,2.0,2.0,3.0,3.0,4.0,4.0,4.0,4.0,1.0,29.0,2.0,4.0,1.0,1.0,1.0,1.0,2.0,4.0,2.0,2.0,3.0,4.0,3.0,2.0,2.0,3.0,5.0,5.0,2.0,4.0,4.0,2.0,6.0,4.0,2.0,2.0,2.0,2.0,2.0,4.0,2.0,5.0,1.0,,5.0,2.0,,2.0,3.0,1.0,,2.0,3.0,2.0,1.0,1.0,,1.0,3.0,4.0,3.0
21.0,4306.0,2020-10-14,21013.0,2.0,1.732976122594322,29.0,2.0,15.0,1.0,1.0,,3.0,3.0,2.0,4.0,3.0,4.0,,,3.0,1.0,4.0,2.0,4.0,4.0,4.0,1.0,2.0,1.0,20.0,2.0,4.0,1.0,1.0,1.0,2.0,3.0,4.0,3.0,2.0,1.0,3.0,3.0,2.0,2.0,2.0,5.0,2.0,1.0,2.0,1.0,1.0,4.0,1.0,2.0,2.0,2.0,1.0,2.0,4.0,4.0,4.0,4.0,1.0,3.0,4.0,,,2.0,1.0,,1.0,3.0,2.0,1.0,2.0,,1.0,3.0,2.0,2.0
21.0,4397.0,2020-10-14,21010.0,2.0,1.408776611399249,65.0,1.0,15.0,2.0,1.0,,4.0,3.0,4.0,3.0,2.0,2.0,,,2.0,3.0,2.0,2.0,3.0,4.0,3.0,2.0,3.0,2.0,98.0,2.0,3.0,3.0,3.0,4.0,3.0,2.0,3.0,2.0,2.0,4.0,4.0,4.0,2.0,3.0,3.0,5.0,4.0,2.0,3.0,3.0,2.0,3.0,2.0,96.0,96.0,96.0,96.0,96.0,4.0,4.0,4.0,4.0,2.0,3.0,4.0,,,2.0,1.0,,2.0,4.0,2.0,2.0,2.0,,6.0,,3.0,2.0
21.0,952.0,2020-10-09,21005.0,1.0,1.468096004226542,27.0,1.0,2.0,2.0,1.0,,3.0,5.0,6.0,4.0,2.0,4.0,,,4.0,3.0,4.0,2.0,3.0,4.0,2.0,3.0,3.0,1.0,98.0,4.0,2.0,2.0,1.0,4.0,4.0,2.0,2.0,4.0,1.0,4.0,3.0,3.0,4.0,3.0,3.0,4.0,98.0,4.0,4.0,3.0,3.0,4.0,4.0,1.0,1.0,1.0,1.0,1.0,3.0,3.0,4.0,1.0,,5.0,6.0,,,1.0,1.0,,3.0,99.0,2.0,1.0,1.0,,1.0,3.0,3.0,3.0
21.0,4646.0,2020-10-15,21003.0,3.0,1.6606376405221237,30.0,2.0,1.0,2.0,1.0,,3.0,3.0,2.0,3.0,3.0,3.0,,,3.0,4.0,4.0,4.0,4.0,4.0,4.0,4.0,4.0,3.0,98.0,4.0,4.0,4.0,4.0,4.0,4.0,4.0,4.0,3.0,4.0,4.0,4.0,4.0,4.0,4.0,4.0,5.0,5.0,5.0,5.0,4.0,4.0,1.0,1.0,96.0,96.0,96.0,96.0,96.0,3.0,3.0,3.0,4.0,2.0,2.0,4.0,,,3.0,1.0,,2.0,3.0,2.0,1.0,2.0,,3.0,96.0,4.0,97.0
21.0,1190.0,2020-10-10,21018.0,2.0,1.6111404324923713,52.0,2.0,15.0,1.0,2.0,,4.0,2.0,6.0,2.0,3.0,4.0,,,3.0,1.0,3.0,3.0,4.0,3.0,4.0,4.0,4.0,1.0,7.0,3.0,2.0,2.0,4.0,2.0,1.0,1.0,1.0,1.0,1.0,1.0,4.0,4.0,1.0,4.0,1.0,5.0,1.0,5.0,1.0,1.0,1.0,3.0,4.0,2.0,2.0,2.0,2.0,2.0,3.0,3.0,4.0,7.0,2.0,1.0,4.0,,,4.0,1.0,,2.0,3.0,2.0,1.0,2.0,,6.0,,4.0,98.0
21.0,1565.0,2020-10-11,21011.0,2.0,1.3201140822676318,51.0,1.0,15.0,1.0,3.0,,3.0,4.0,2.0,4.0,3.0,3.0,,,3.0,3.0,3.0,4.0,4.0,4.0,4.0,4.0,3.0,1.0,6.0,4.0,4.0,2.0,2.0,2.0,1.0,1.0,1.0,2.0,2.0,2.0,4.0,4.0,2.0,4.0,2.0,5.0,2.0,4.0,2.0,2.0,2.0,6.0,4.0,2.0,2.0,2.0,2.0,2.0,4.0,98.0,5.0,4.0,1.0,4.0,1.0,,1.0,1.0,1.0,,1.0,4.0,2.0,2.0,1.0,,3.0,3.0,2.0,2.0
21.0,4452.0,2020-10-14,21015.0,3.0,1.6840884776016871,37.0,2.0,1.0,1.0,1.0,,4.0,1.0,5.0,4.0,3.0,3.0,,,1.0,1.0,1.0,3.0,3.0,4.0,4.0,4.0,4.0,2.0,98.0,4.0,4.0,1.0,1.0,1.0,1.0,1.0,1.0,2.0,2.0,2.0,2.0,4.0,3.0,3.0,3.0,5.0,5.0,5.0,5.0,4.0,4.0,3.0,4.0,96.0,96.0,96.0,96.0,96.0,4.0,98.0,4.0,4.0,1.0,4.0,4.0,,,3.0,1.0,,2.0,3.0,2.0,1.0,2.0,,1.0,3.0,1.0,98.0
21.0,1878.0,2020-10-11,21003.0,1.0,1.6172035910330593,27.0,1.0,1.0,1.0,4.0,,4.0,1.0,1.0,3.0,1.0,3.0,,,4.0,1.0,3.0,2.0,2.0,4.0,4.0,2.0,2.0,1.0,6.0,2.0,2.0,3.0,2.0,1.0,1.0,1.0,1.0,1.0,2.0,4.0,1.0,4.0,1.0,2.0,2.0,5.0,98.0,2.0,2.0,3.0,1.0,3.0,4.0,2.0,96.0,2.0,2.0,2.0,4.0,4.0,3.0,1.0,,5.0,2.0,,2.0,1.0,1.0,,2.0,2.0,2.0,1.0,2.0,,2.0,96.0,4.0,4.0
21.0,372.0,2020-10-07,21001.0,1.0,1.5091354406211808,67.0,1.0,15.0,1.0,6.0,,4.0,3.0,1.0,4.0,3.0,2.0,,,1.0,1.0,4.0,2.0,4.0,3.0,3.0,3.0,3.0,3.0,7.0,4.0,4.0,1.0,1.0,4.0,1.0,1.0,1.0,2.0,1.0,1.0,1.0,2.0,3.0,4.0,2.0,5.0,5.0,5.0,3.0,1.0,2.0,1.0,1.0,2.0,2.0,2.0,2.0,2.0,2.0,1.0,4.0,4.0,1.0,4.0,3.0,1.0,,2.0,1.0,,2.0,3.0,2.0,1.0,2.0,,6.0,,4.0,98.0
21.0,251.0,2020-10-07,21006.0,2.0,1.3643498588234437,50.0,1.0,15.0,2.0,1.0,,3.0,1.0,1.0,3.0,2.0,98.0,,,4.0,1.0,2.0,2.0,2.0,1.0,2.0,2.0,2.0,1.0,29.0,4.0,4.0,1.0,4.0,1.0,1.0,1.0,1.0,1.0,1.0,1.0,1.0,1.0,1.0,1.0,1.0,5.0,1.0,5.0,1.0,4.0,3.0,4.0,1.0,2.0,2.0,2.0,2.0,2.0,4.0,3.0,4.0,4.0,1.0,4.0,2.0,,2.0,4.0,1.0,,1.0,3.0,2.0,2.0,2.0,,6.0,,2.0,2.0
21.0,2272.0,2020-10-12,21012.0,1.0,1.3875886842582483,19.0,1.0,15.0,2.0,6.0,,3.0,4.0,1.0,4.0,3.0,3.0,,,2.0,1.0,2.0,2.0,2.0,3.0,2.0,2.0,3.0,1.0,6.0,4.0,4.0,2.0,2.0,3.0,2.0,2.0,2.0,3.0,2.0,2.0,3.0,3.0,2.0,2.0,2.0,4.0,4.0,2.0,2.0,1.0,2.0,3.0,2.0,2.0,2.0,2.0,2.0,2.0,4.0,2.0,4.0,1.0,,6.0,5.0,,,3.0,1.0,,3.0,3.0,2.0,2.0,2.0,,1.0,96.0,3.0,98.0
21.0,3093.0,2020-10-13,21007.0,2.0,1.2877085773417922,22.0,1.0,1.0,1.0,1.0,,4.0,1.0,2.0,4.0,4.0,4.0,,,4.0,1.0,4.0,2.0,3.0,4.0,4.0,4.0,2.0,1.0,7.0,4.0,4.0,1.0,3.0,2.0,1.0,4.0,1.0,2.0,4.0,4.0,4.0,1.0,1.0,4.0,4.0,5.0,98.0,5.0,2.0,4.0,4.0,3.0,1.0,2.0,2.0,96.0,2.0,98.0,4.0,1.0,4.0,1.0,,5.0,1.0,,2.0,1.0,4.0,,3.0,,2.0,2.0,2.0,,1.0,2.0,1.0,1.0
21.0,1376.0,2020-10-10,21016.0,1.0,1.3515566375914483,38.0,2.0,15.0,1.0,1.0,,4.0,1.0,2.0,4.0,4.0,3.0,,,2.0,1.0,2.0,4.0,4.0,2.0,4.0,4.0,2.0,98.0,98.0,2.0,2.0,3.0,4.0,4.0,2.0,2.0,2.0,4.0,2.0,1.0,4.0,98.0,98.0,98.0,98.0,98.0,98.0,98.0,98.0,2.0,2.0,5.0,98.0,98.0,98.0,98.0,98.0,98.0,98.0,98.0,3.0,4.0,1.0,6.0,4.0,,,1.0,1.0,,3.0,98.0,2.0,2.0,2.0,,1.0,96.0,2.0,2.0
21.0,1530.0,2020-10-11,21015.0,1.0,1.8554116316957134,30.0,1.0,15.0,1.0,1.0,,3.0,1.0,2.0,4.0,3.0,4.0,,,4.0,1.0,3.0,4.0,4.0,4.0,4.0,3.0,4.0,1.0,6.0,4.0,4.0,3.0,2.0,1.0,1.0,1.0,1.0,2.0,1.0,1.0,4.0,3.0,2.0,1.0,1.0,5.0,2.0,2.0,2.0,1.0,3.0,3.0,1.0,2.0,1.0,2.0,2.0,2.0,4.0,4.0,4.0,4.0,1.0,5.0,2.0,,2.0,3.0,1.0,,2.0,98.0,2.0,2.0,2.0,,1.0,3.0,1.0,1.0
21.0,2408.0,2020-10-12,21002.0,1.0,1.5370474236593643,43.0,1.0,1.0,2.0,6.0,,4.0,5.0,98.0,4.0,4.0,3.0,,,2.0,2.0,2.0,2.0,2.0,98.0,2.0,3.0,3.0,1.0,14.0,4.0,4.0,4.0,4.0,4.0,1.0,4.0,4.0,2.0,1.0,2.0,2.0,2.0,2.0,2.0,3.0,4.0,2.0,2.0,2.0,2.0,2.0,5.0,3.0,2.0,2.0,2.0,2.0,2.0,3.0,3.0,4.0,4.0,1.0,6.0,2.0,,2.0,2.0,1.0,,3.0,3.0,2.0,2.0,2.0,,2.0,3.0,4.0,3.0
21.0,1948.0,2020-10-11,21012.0,2.0,1.4142388249639593,38.0,2.0,1.0,3.0,,1.0,3.0,1.0,5.0,2.0,2.0,3.0,,,2.0,2.0,2.0,2.0,3.0,3.0,3.0,1.0,2.0,2.0,26.0,2.0,3.0,1.0,2.0,1.0,2.0,1.0,1.0,2.0,2.0,2.0,2.0,1.0,1.0,2.0,2.0,3.0,2.0,2.0,2.0,1.0,2.0,3.0,2.0,2.0,2.0,2.0,2.0,2.0,2.0,4.0,4.0,4.0,1.0,4.0,4.0,,,4.0,1.0,,1.0,2.0,2.0,1.0,2.0,,4.0,3.0,3.0,2.0
21.0,2153.0,2020-10-12,21006.0,2.0,1.409603149715628,35.0,2.0,1.0,1.0,1.0,,4.0,2.0,2.0,4.0,4.0,4.0,,,4.0,1.0,1.0,2.0,98.0,4.0,1.0,4.0,3.0,1.0,18.0,2.0,4.0,2.0,4.0,2.0,1.0,1.0,1.0,1.0,1.0,1.0,1.0,4.0,3.0,1.0,4.0,5.0,5.0,1.0,98.0,1.0,1.0,2.0,98.0,98.0,98.0,96.0,96.0,96.0,4.0,98.0,4.0,1.0,,5.0,6.0,,,3.0,1.0,,2.0,3.0,2.0,1.0,2.0,,6.0,,1.0,4.0
21.0,1916.0,2020-10-11,21012.0,2.0,1.5999569846812263,30.0,2.0,15.0,2.0,6.0,,3.0,4.0,1.0,2.0,2.0,3.0,,,2.0,1.0,2.0,3.0,3.0,3.0,3.0,3.0,3.0,2.0,35.0,4.0,2.0,1.0,2.0,3.0,1.0,1.0,1.0,1.0,3.0,4.0,2.0,1.0,1.0,2.0,1.0,5.0,4.0,4.0,2.0,3.0,3.0,3.0,3.0,2.0,2.0,2.0,2.0,2.0,3.0,1.0,3.0,5.0,1.0,4.0,1.0,,1.0,2.0,1.0,,3.0,3.0,2.0,1.0,2.0,,2.0,3.0,3.0,2.0
21.0,4988.0,2020-10-15,21018.0,3.0,1.7758046833387378,66.0,1.0,1.0,2.0,1.0,,3.0,3.0,1.0,3.0,3.0,4.0,,,4.0,4.0,4.0,4.0,4.0,4.0,4.0,4.0,4.0,3.0,98.0,4.0,4.0,4.0,4.0,4.0,4.0,4.0,4.0,3.0,4.0,4.0,4.0,4.0,4.0,4.0,4.0,5.0,5.0,5.0,5.0,4.0,4.0,1.0,3.0,97.0,96.0,96.0,96.0,96.0,2.0,3.0,4.0,5.0,2.0,1.0,3.0,2.0,,4.0,1.0,,2.0,5.0,2.0,1.0,2.0,,6.0,,4.0,4.0
21.0,2865.0,2020-10-13,21019.0,1.0,1.5621794297147644,54.0,2.0,1.0,1.0,3.0,,4.0,1.0,5.0,4.0,4.0,4.0,,,3.0,1.0,1.0,4.0,4.0,4.0,4.0,4.0,4.0,1.0,4.0,3.0,4.0,3.0,2.0,3.0,1.0,1.0,1.0,4.0,1.0,1.0,1.0,2.0,2.0,1.0,2.0,2.0,2.0,4.0,2.0,1.0,1.0,4.0,1.0,2.0,2.0,2.0,2.0,1.0,4.0,4.0,4.0,4.0,1.0,8.0,4.0,,,4.0,1.0,,1.0,1.0,2.0,1.0,2.0,,1.0,3.0,2.0,4.0
21.0,2172.0,2020-10-12,21006.0,1.0,1.3727349182178514,42.0,1.0,1.0,2.0,4.0,,3.0,3.0,2.0,4.0,4.0,3.0,,,3.0,1.0,4.0,3.0,3.0,3.0,3.0,3.0,4.0,2.0,37.0,4.0,2.0,2.0,2.0,2.0,1.0,1.0,1.0,2.0,4.0,4.0,4.0,4.0,3.0,3.0,3.0,5.0,4.0,4.0,4.0,4.0,3.0,2.0,3.0,2.0,2.0,2.0,2.0,2.0,4.0,3.0,4.0,1.0,,4.0,2.0,,2.0,2.0,1.0,,2.0,3.0,1.0,4.0,2.0,,1.0,3.0,2.0,2.0
21.0,1763.0,2020-10-11,21001.0,1.0,1.3415818309977636,42.0,1.0,1.0,4.0,,4.0,2.0,3.0,5.0,4.0,1.0,1.0,,,1.0,1.0,1.0,3.0,3.0,3.0,4.0,97.0,2.0,2.0,15.0,2.0,4.0,2.0,1.0,1.0,1.0,2.0,4.0,3.0,3.0,1.0,1.0,2.0,98.0,2.0,2.0,3.0,1.0,3.0,2.0,1.0,1.0,3.0,4.0,2.0,2.0,2.0,2.0,2.0,3.0,4.0,3.0,4.0,1.0,4.0,1.0,,1.0,3.0,1.0,,3.0,5.0,2.0,2.0,2.0,,1.0,1.0,4.0,98.0
21.0,1085.0,2020-10-09,21012.0,1.0,1.4056002477792275,50.0,2.0,15.0,1.0,1.0,,4.0,3.0,2.0,4.0,4.0,4.0,,,4.0,1.0,2.0,3.0,3.0,4.0,4.0,4.0,4.0,1.0,6.0,4.0,4.0,2.0,2.0,2.0,1.0,2.0,4.0,4.0,3.0,4.0,4.0,4.0,4.0,1.0,2.0,5.0,98.0,1.0,4.0,2.0,3.0,6.0,4.0,2.0,2.0,2.0,2.0,2.0,4.0,4.0,4.0,7.0,1.0,4.0,3.0,1.0,,1.0,1.0,,2.0,5.0,2.0,4.0,1.0,,1.0,3.0,1.0,1.0
21.0,2342.0,2020-10-12,21022.0,1.0,1.5356180254670686,57.0,1.0,2.0,2.0,1.0,,4.0,5.0,2.0,4.0,4.0,4.0,,,4.0,3.0,3.0,3.0,3.0,3.0,3.0,3.0,4.0,1.0,98.0,4.0,4.0,2.0,4.0,4.0,2.0,3.0,2.0,2.0,1.0,2.0,2.0,4.0,2.0,3.0,2.0,5.0,98.0,4.0,4.0,4.0,2.0,3.0,4.0,2.0,2.0,2.0,2.0,2.0,4.0,2.0,4.0,4.0,1.0,4.0,1.0,,1.0,2.0,1.0,,2.0,3.0,2.0,2.0,1.0,,2.0,3.0,2.0,4.0
21.0,4839.0,2020-10-15,21011.0,3.0,1.3201140822676318,45.0,1.0,15.0,1.0,1.0,,4.0,5.0,2.0,4.0,4.0,2.0,,,3.0,2.0,2.0,4.0,4.0,4.0,2.0,3.0,2.0,2.0,6.0,4.0,4.0,4.0,2.0,3.0,2.0,3.0,2.0,2.0,2.0,4.0,4.0,4.0,2.0,2.0,3.0,5.0,4.0,2.0,3.0,2.0,3.0,3.0,2.0,96.0,96.0,96.0,96.0,96.0,4.0,3.0,4.0,4.0,1.0,3.0,1.0,,2.0,3.0,1.0,,2.0,4.0,2.0,1.0,2.0,,6.0,,2.0,2.0
21.0,800.0,2020-10-08,21017.0,3.0,1.3629100959329934,43.0,1.0,2.0,2.0,2.0,,4.0,5.0,1.0,3.0,3.0,3.0,,,2.0,1.0,3.0,3.0,2.0,4.0,3.0,3.0,3.0,1.0,6.0,4.0,4.0,3.0,2.0,3.0,1.0,2.0,2.0,1.0,3.0,3.0,2.0,4.0,4.0,4.0,2.0,5.0,4.0,4.0,5.0,2.0,4.0,1.0,1.0,98.0,2.0,96.0,96.0,98.0,4.0,4.0,4.0,4.0,1.0,5.0,6.0,,,4.0,1.0,,2.0,1.0,2.0,1.0,2.0,,6.0,,1.0,98.0
21.0,92.0,2020-10-06,21015.0,2.0,1.6400410704520354,40.0,1.0,15.0,2.0,4.0,,3.0,3.0,2.0,3.0,1.0,3.0,,,3.0,1.0,3.0,3.0,3.0,3.0,3.0,4.0,3.0,1.0,2.0,4.0,4.0,1.0,3.0,2.0,2.0,1.0,3.0,3.0,1.0,1.0,4.0,2.0,2.0,2.0,2.0,5.0,3.0,3.0,2.0,2.0,2.0,5.0,4.0,98.0,2.0,2.0,2.0,2.0,4.0,2.0,4.0,4.0,1.0,4.0,6.0,,,4.0,1.0,,1.0,3.0,2.0,2.0,2.0,,2.0,3.0,2.0,2.0
21.0,1214.0,2020-10-10,21003.0,3.0,1.6172035910330593,27.0,1.0,15.0,4.0,,1.0,4.0,6.0,3.0,4.0,4.0,4.0,,,1.0,1.0,4.0,2.0,2.0,4.0,4.0,4.0,98.0,1.0,7.0,4.0,4.0,1.0,3.0,1.0,4.0,1.0,1.0,4.0,4.0,1.0,1.0,4.0,98.0,98.0,1.0,4.0,98.0,2.0,2.0,4.0,1.0,3.0,4.0,1.0,96.0,98.0,1.0,96.0,4.0,4.0,4.0,1.0,,6.0,7.0,,,4.0,1.0,,3.0,98.0,2.0,1.0,2.0,,1.0,96.0,1.0,1.0
21.0,3453.0,2020-10-14,21006.0,1.0,1.5856521169975824,60.0,2.0,15.0,1.0,6.0,,4.0,2.0,1.0,4.0,4.0,2.0,,,3.0,1.0,2.0,3.0,98.0,3.0,3.0,98.0,3.0,1.0,31.0,4.0,4.0,2.0,4.0,2.0,2.0,2.0,4.0,3.0,4.0,4.0,3.0,99.0,99.0,4.0,99.0,4.0,98.0,98.0,98.0,2.0,98.0,5.0,98.0,98.0,98.0,96.0,98.0,98.0,4.0,4.0,4.0,7.0,1.0,5.0,4.0,,,3.0,1.0,,1.0,3.0,2.0,2.0,1.0,,6.0,,2.0,2.0
21.0,4747.0,2020-10-15,21012.0,3.0,1.549257564746928,57.0,1.0,1.0,1.0,4.0,,4.0,3.0,2.0,2.0,2.0,3.0,,,2.0,2.0,2.0,3.0,3.0,4.0,4.0,4.0,4.0,2.0,98.0,4.0,4.0,1.0,1.0,1.0,1.0,1.0,1.0,2.0,3.0,2.0,2.0,4.0,4.0,4.0,4.0,5.0,5.0,5.0,5.0,4.0,4.0,3.0,4.0,96.0,96.0,96.0,96.0,96.0,4.0,4.0,3.0,4.0,1.0,6.0,6.0,,,3.0,1.0,,2.0,3.0,2.0,1.0,2.0,,4.0,3.0,1.0,98.0
21.0,1023.0,2020-10-09,21001.0,1.0,1.549667049490395,60.0,2.0,15.0,1.0,4.0,,3.0,1.0,2.0,4.0,2.0,3.0,,,1.0,1.0,98.0,3.0,4.0,3.0,3.0,3.0,4.0,2.0,7.0,4.0,4.0,2.0,98.0,2.0,1.0,1.0,98.0,4.0,1.0,1.0,4.0,3.0,98.0,98.0,98.0,4.0,98.0,98.0,98.0,3.0,98.0,3.0,4.0,98.0,99.0,2.0,2.0,98.0,4.0,3.0,4.0,4.0,1.0,4.0,3.0,1.0,,3.0,1.0,,1.0,98.0,2.0,1.0,2.0,,3.0,3.0,1.0,99.0
21.0,942.0,2020-10-09,21001.0,1.0,1.3516534035843812,19.0,1.0,15.0,2.0,1.0,,2.0,1.0,2.0,4.0,2.0,3.0,,,4.0,1.0,3.0,3.0,3.0,3.0,3.0,2.0,2.0,2.0,98.0,4.0,4.0,1.0,2.0,2.0,3.0,3.0,2.0,2.0,1.0,2.0,4.0,3.0,3.0,1.0,2.0,5.0,4.0,2.0,98.0,1.0,2.0,5.0,3.0,2.0,2.0,2.0,2.0,2.0,4.0,4.0,5.0,1.0,,3.0,5.0,,,2.0,1.0,,3.0,5.0,2.0,1.0,2.0,,1.0,98.0,2.0,1.0
21.0,3349.0,2020-10-13,21006.0,1.0,1.4201853744541122,23.0,2.0,15.0,2.0,4.0,,3.0,1.0,2.0,4.0,2.0,2.0,,,4.0,2.0,4.0,2.0,3.0,2.0,3.0,3.0,3.0,1.0,1.0,4.0,3.0,4.0,2.0,1.0,1.0,1.0,1.0,3.0,2.0,1.0,4.0,3.0,98.0,2.0,1.0,4.0,98.0,4.0,98.0,2.0,2.0,4.0,4.0,98.0,98.0,98.0,2.0,2.0,4.0,2.0,5.0,1.0,,6.0,2.0,,2.0,3.0,1.0,,3.0,5.0,2.0,1.0,2.0,,1.0,98.0,2.0,98.0
21.0,4979.0,2020-10-15,21018.0,3.0,1.7758046833387378,57.0,1.0,1.0,2.0,1.0,,4.0,3.0,4.0,3.0,3.0,2.0,,,2.0,2.0,2.0,3.0,3.0,4.0,4.0,4.0,4.0,4.0,,4.0,4.0,1.0,1.0,1.0,1.0,1.0,1.0,2.0,3.0,2.0,2.0,4.0,4.0,4.0,4.0,5.0,5.0,5.0,5.0,4.0,4.0,3.0,4.0,96.0,96.0,96.0,96.0,96.0,4.0,4.0,4.0,4.0,1.0,5.0,1.0,,2.0,3.0,1.0,,2.0,3.0,2.0,1.0,2.0,,5.0,3.0,1.0,1.0
21.0,2385.0,2020-10-12,21001.0,1.0,1.377613368377645,40.0,2.0,1.0,2.0,3.0,,3.0,1.0,2.0,1.0,1.0,4.0,,,3.0,1.0,4.0,3.0,3.0,4.0,2.0,3.0,98.0,1.0,18.0,3.0,4.0,1.0,4.0,1.0,1.0,2.0,1.0,2.0,1.0,2.0,2.0,2.0,2.0,4.0,2.0,3.0,2.0,4.0,2.0,98.0,2.0,6.0,3.0,2.0,2.0,2.0,2.0,2.0,3.0,4.0,4.0,4.0,1.0,6.0,4.0,,,3.0,1.0,,2.0,4.0,1.0,1.0,1.0,,5.0,3.0,1.0,1.0
21.0,219.0,2020-10-07,21003.0,1.0,1.6080153726101485,65.0,1.0,16.0,2.0,5.0,,3.0,6.0,4.0,4.0,4.0,4.0,,,1.0,1.0,4.0,2.0,4.0,4.0,4.0,4.0,4.0,2.0,10.0,4.0,2.0,4.0,4.0,4.0,1.0,1.0,1.0,2.0,3.0,1.0,4.0,2.0,4.0,4.0,2.0,5.0,5.0,5.0,2.0,2.0,2.0,3.0,4.0,2.0,96.0,2.0,2.0,97.0,4.0,2.0,4.0,4.0,1.0,5.0,3.0,1.0,,2.0,1.0,,1.0,5.0,2.0,1.0,2.0,,6.0,,4.0,2.0
21.0,2181.0,2020-10-12,21012.0,1.0,1.5581100403766457,26.0,1.0,1.0,2.0,1.0,,3.0,1.0,2.0,4.0,4.0,4.0,,,3.0,1.0,3.0,2.0,3.0,3.0,3.0,2.0,98.0,2.0,22.0,3.0,4.0,1.0,3.0,1.0,2.0,2.0,2.0,3.0,2.0,3.0,4.0,3.0,2.0,2.0,2.0,5.0,4.0,2.0,2.0,2.0,2.0,3.0,2.0,98.0,98.0,98.0,98.0,98.0,4.0,3.0,4.0,1.0,,5.0,1.0,,2.0,2.0,1.0,,2.0,3.0,2.0,1.0,2.0,,1.0,3.0,2.0,98.0
21.0,807.0,2020-10-08,21012.0,1.0,1.4142388249639593,40.0,2.0,6.0,1.0,4.0,,3.0,1.0,1.0,4.0,1.0,4.0,,,4.0,1.0,3.0,3.0,2.0,4.0,4.0,3.0,3.0,1.0,14.0,4.0,4.0,1.0,2.0,4.0,1.0,2.0,1.0,1.0,4.0,1.0,2.0,4.0,98.0,1.0,3.0,4.0,98.0,2.0,98.0,4.0,4.0,6.0,4.0,98.0,98.0,2.0,98.0,98.0,4.0,3.0,4.0,4.0,1.0,4.0,4.0,,,3.0,1.0,,2.0,2.0,2.0,2.0,2.0,,3.0,3.0,3.0,98.0
21.0,1729.0,2020-10-11,21003.0,1.0,1.4589096465330735,50.0,2.0,15.0,1.0,3.0,,4.0,3.0,2.0,1.0,4.0,4.0,,,4.0,2.0,2.0,3.0,2.0,4.0,4.0,4.0,4.0,1.0,37.0,4.0,3.0,3.0,2.0,3.0,4.0,1.0,3.0,3.0,4.0,4.0,2.0,1.0,1.0,1.0,4.0,5.0,5.0,1.0,5.0,1.0,1.0,3.0,1.0,2.0,2.0,2.0,2.0,2.0,4.0,4.0,4.0,1.0,,2.0,1.0,,2.0,3.0,1.0,,3.0,1.0,2.0,2.0,2.0,,2.0,98.0,2.0,2.0
21.0,817.0,2020-10-08,21023.0,2.0,1.4392330315604052,36.0,1.0,1.0,1.0,1.0,,4.0,1.0,2.0,4.0,3.0,4.0,,,2.0,1.0,4.0,3.0,3.0,4.0,3.0,4.0,4.0,1.0,6.0,4.0,4.0,1.0,1.0,1.0,1.0,1.0,3.0,2.0,4.0,4.0,1.0,4.0,4.0,4.0,4.0,5.0,5.0,5.0,4.0,4.0,2.0,6.0,4.0,2.0,2.0,96.0,2.0,2.0,4.0,4.0,4.0,1.0,,6.0,6.0,,,4.0,1.0,,2.0,3.0,1.0,1.0,2.0,,1.0,96.0,3.0,3.0
21.0,4483.0,2020-10-15,21019.0,3.0,1.5835800427383595,20.0,2.0,2.0,2.0,5.0,,3.0,5.0,1.0,4.0,4.0,4.0,,,2.0,3.0,3.0,4.0,3.0,3.0,3.0,3.0,3.0,1.0,7.0,4.0,3.0,2.0,2.0,3.0,1.0,2.0,1.0,1.0,1.0,2.0,2.0,3.0,2.0,2.0,2.0,4.0,98.0,4.0,98.0,3.0,3.0,5.0,2.0,2.0,2.0,2.0,2.0,2.0,4.0,2.0,4.0,1.0,,8.0,5.0,,,3.0,1.0,,1.0,3.0,1.0,2.0,2.0,,2.0,3.0,3.0,98.0
21.0,298.0,2020-10-07,21012.0,1.0,1.4248558508145879,20.0,2.0,15.0,2.0,6.0,,4.0,5.0,2.0,3.0,2.0,3.0,,,3.0,1.0,3.0,4.0,4.0,1.0,1.0,1.0,2.0,1.0,4.0,1.0,2.0,4.0,4.0,4.0,1.0,1.0,4.0,4.0,2.0,2.0,2.0,2.0,2.0,1.0,4.0,5.0,4.0,2.0,2.0,1.0,2.0,3.0,4.0,2.0,2.0,2.0,1.0,1.0,3.0,3.0,4.0,1.0,,7.0,5.0,,,3.0,1.0,,3.0,5.0,2.0,5.0,2.0,,4.0,99.0,2.0,4.0
21.0,72.0,2020-10-06,21005.0,1.0,1.2976838676480393,43.0,1.0,1.0,2.0,1.0,,98.0,4.0,1.0,4.0,2.0,98.0,,,1.0,1.0,98.0,4.0,3.0,98.0,98.0,4.0,2.0,98.0,99.0,4.0,4.0,1.0,4.0,1.0,1.0,1.0,1.0,1.0,1.0,98.0,98.0,99.0,99.0,99.0,99.0,99.0,99.0,99.0,99.0,99.0,99.0,4.0,99.0,99.0,99.0,98.0,99.0,99.0,4.0,1.0,4.0,4.0,1.0,4.0,1.0,,1.0,3.0,1.0,,1.0,99.0,2.0,5.0,2.0,,2.0,3.0,4.0,97.0
21.0,168.0,2020-10-07,21005.0,3.0,1.4597549475856646,60.0,1.0,15.0,1.0,4.0,,4.0,1.0,1.0,2.0,3.0,3.0,,,3.0,1.0,3.0,3.0,3.0,4.0,4.0,4.0,4.0,1.0,6.0,4.0,4.0,1.0,1.0,2.0,1.0,1.0,2.0,1.0,2.0,1.0,1.0,2.0,2.0,4.0,1.0,5.0,2.0,2.0,2.0,2.0,2.0,6.0,3.0,2.0,2.0,2.0,2.0,2.0,4.0,4.0,3.0,4.0,1.0,6.0,6.0,,,4.0,1.0,,1.0,4.0,2.0,6.0,2.0,,6.0,,2.0,2.0
21.0,4357.0,2020-10-14,21007.0,3.0,1.445955625177147,32.0,1.0,1.0,2.0,4.0,,3.0,1.0,2.0,3.0,3.0,2.0,,,2.0,2.0,2.0,3.0,3.0,4.0,4.0,4.0,4.0,2.0,98.0,4.0,4.0,1.0,1.0,1.0,1.0,2.0,1.0,2.0,2.0,2.0,2.0,4.0,4.0,4.0,4.0,5.0,5.0,5.0,5.0,4.0,4.0,3.0,4.0,96.0,96.0,96.0,96.0,96.0,4.0,4.0,4.0,4.0,1.0,5.0,2.0,,2.0,3.0,1.0,,2.0,3.0,2.0,1.0,2.0,,2.0,3.0,1.0,1.0
21.0,2046.0,2020-10-12,21016.0,2.0,1.3515566375914483,43.0,2.0,15.0,2.0,4.0,,3.0,4.0,2.0,4.0,1.0,3.0,,,3.0,1.0,3.0,3.0,4.0,98.0,98.0,4.0,3.0,1.0,2.0,4.0,4.0,2.0,1.0,1.0,1.0,1.0,1.0,3.0,1.0,4.0,2.0,4.0,4.0,1.0,3.0,5.0,98.0,1.0,5.0,3.0,3.0,5.0,3.0,2.0,2.0,2.0,2.0,2.0,4.0,4.0,4.0,4.0,2.0,2.0,4.0,,,2.0,1.0,,2.0,1.0,2.0,2.0,2.0,,1.0,98.0,3.0,98.0
21.0,475.0,2020-10-07,21002.0,1.0,1.7388928361040812,30.0,1.0,2.0,3.0,,1.0,3.0,3.0,5.0,4.0,3.0,2.0,,,4.0,1.0,3.0,4.0,4.0,4.0,4.0,3.0,2.0,1.0,7.0,4.0,2.0,2.0,2.0,1.0,3.0,1.0,1.0,1.0,2.0,1.0,4.0,4.0,4.0,2.0,4.0,5.0,4.0,2.0,5.0,4.0,2.0,3.0,4.0,99.0,99.0,99.0,99.0,99.0,4.0,4.0,5.0,4.0,1.0,3.0,2.0,,1.0,3.0,1.0,,3.0,1.0,1.0,1.0,2.0,,1.0,96.0,2.0,2.0
21.0,335.0,2020-10-07,21019.0,1.0,1.7316783048054376,32.0,1.0,2.0,1.0,6.0,,4.0,4.0,1.0,2.0,3.0,4.0,,,2.0,1.0,4.0,2.0,2.0,4.0,4.0,4.0,98.0,1.0,26.0,4.0,4.0,1.0,1.0,2.0,1.0,2.0,1.0,1.0,4.0,4.0,4.0,4.0,4.0,2.0,2.0,5.0,2.0,2.0,5.0,4.0,4.0,3.0,4.0,96.0,96.0,96.0,96.0,96.0,4.0,4.0,5.0,4.0,1.0,3.0,1.0,,1.0,2.0,1.0,,2.0,3.0,2.0,1.0,2.0,,1.0,3.0,1.0,97.0
21.0,85.0,2020-10-06,21011.0,2.0,1.5026503800331472,30.0,1.0,15.0,4.0,,4.0,4.0,1.0,1.0,4.0,1.0,1.0,,,2.0,1.0,1.0,1.0,1.0,2.0,4.0,1.0,2.0,2.0,98.0,2.0,1.0,1.0,4.0,4.0,4.0,2.0,4.0,2.0,1.0,4.0,4.0,4.0,2.0,1.0,4.0,5.0,1.0,5.0,5.0,3.0,2.0,1.0,4.0,2.0,1.0,2.0,1.0,2.0,4.0,4.0,4.0,1.0,,8.0,6.0,,,1.0,1.0,,3.0,3.0,2.0,1.0,2.0,,2.0,3.0,2.0,2.0
21.0,24.0,2020-10-06,21016.0,1.0,1.4890511630683034,31.0,1.0,15.0,1.0,4.0,,4.0,3.0,2.0,1.0,1.0,4.0,,,3.0,2.0,3.0,3.0,2.0,4.0,4.0,4.0,3.0,3.0,98.0,4.0,4.0,2.0,3.0,3.0,1.0,2.0,1.0,4.0,4.0,3.0,4.0,2.0,1.0,1.0,2.0,4.0,4.0,3.0,3.0,4.0,3.0,3.0,4.0,96.0,96.0,96.0,96.0,96.0,4.0,4.0,5.0,4.0,2.0,2.0,2.0,,2.0,2.0,1.0,,1.0,2.0,2.0,1.0,2.0,,1.0,96.0,3.0,4.0
21.0,4986.0,2020-10-15,21018.0,3.0,1.7758046833387378,67.0,1.0,1.0,1.0,1.0,,4.0,3.0,2.0,3.0,2.0,2.0,,,2.0,2.0,2.0,4.0,4.0,4.0,4.0,4.0,4.0,2.0,98.0,4.0,4.0,1.0,1.0,1.0,1.0,1.0,1.0,2.0,3.0,2.0,2.0,4.0,4.0,4.0,4.0,5.0,5.0,5.0,5.0,4.0,4.0,3.0,4.0,96.0,96.0,96.0,96.0,96.0,4.0,4.0,3.0,4.0,1.0,6.0,3.0,1.0,,3.0,1.0,,1.0,3.0,2.0,1.0,2.0,,6.0,,1.0,98.0
21.0,1027.0,2020-10-09,21016.0,1.0,1.308166846861677,52.0,1.0,15.0,2.0,4.0,,3.0,5.0,5.0,4.0,4.0,2.0,,,3.0,2.0,4.0,3.0,3.0,3.0,2.0,3.0,3.0,1.0,10.0,4.0,4.0,2.0,1.0,1.0,4.0,2.0,2.0,1.0,3.0,3.0,2.0,3.0,2.0,3.0,2.0,4.0,2.0,4.0,4.0,3.0,2.0,6.0,4.0,2.0,96.0,96.0,96.0,96.0,4.0,1.0,4.0,4.0,1.0,5.0,1.0,,1.0,3.0,1.0,,1.0,3.0,1.0,2.0,2.0,,1.0,3.0,1.0,98.0
21.0,2214.0,2020-10-12,21016.0,1.0,1.3617030934139032,18.0,2.0,15.0,1.0,6.0,,4.0,3.0,2.0,4.0,1.0,2.0,,,2.0,2.0,3.0,2.0,2.0,3.0,4.0,3.0,2.0,1.0,6.0,4.0,4.0,3.0,2.0,2.0,2.0,1.0,1.0,2.0,2.0,2.0,4.0,2.0,2.0,2.0,2.0,2.0,98.0,98.0,98.0,1.0,2.0,3.0,2.0,1.0,1.0,1.0,1.0,1.0,2.0,4.0,4.0,1.0,,5.0,5.0,,,3.0,1.0,,1.0,2.0,2.0,2.0,2.0,,1.0,3.0,2.0,98.0
21.0,4816.0,2020-10-15,21011.0,3.0,1.3639001435842224,42.0,2.0,1.0,2.0,1.0,,4.0,1.0,2.0,4.0,4.0,2.0,,,3.0,2.0,2.0,2.0,2.0,2.0,4.0,2.0,2.0,2.0,7.0,4.0,4.0,2.0,4.0,3.0,3.0,2.0,3.0,2.0,2.0,4.0,4.0,4.0,3.0,2.0,2.0,5.0,4.0,2.0,2.0,2.0,3.0,3.0,2.0,2.0,96.0,96.0,96.0,96.0,4.0,4.0,4.0,4.0,2.0,5.0,6.0,,,3.0,1.0,,2.0,5.0,2.0,1.0,2.0,,2.0,3.0,2.0,2.0
21.0,482.0,2020-10-07,21014.0,1.0,1.3635783029172395,67.0,1.0,1.0,2.0,6.0,,4.0,1.0,2.0,3.0,3.0,4.0,,,3.0,1.0,3.0,2.0,3.0,4.0,3.0,3.0,3.0,1.0,7.0,4.0,3.0,2.0,1.0,2.0,1.0,1.0,1.0,4.0,1.0,4.0,4.0,4.0,2.0,4.0,2.0,5.0,2.0,5.0,2.0,3.0,3.0,3.0,3.0,2.0,2.0,2.0,2.0,2.0,4.0,1.0,4.0,4.0,1.0,6.0,3.0,99.0,,4.0,1.0,,1.0,3.0,2.0,1.0,2.0,,6.0,,1.0,97.0
21.0,940.0,2020-10-09,21012.0,1.0,1.4056002477792275,48.0,2.0,15.0,1.0,1.0,,4.0,5.0,5.0,3.0,3.0,3.0,,,4.0,2.0,3.0,3.0,4.0,3.0,4.0,4.0,4.0,3.0,14.0,3.0,1.0,2.0,4.0,4.0,1.0,2.0,2.0,2.0,1.0,1.0,2.0,1.0,2.0,4.0,1.0,5.0,4.0,5.0,2.0,2.0,4.0,7.0,1.0,2.0,2.0,2.0,1.0,2.0,4.0,4.0,4.0,4.0,2.0,2.0,4.0,,,3.0,1.0,,2.0,3.0,2.0,1.0,2.0,,3.0,96.0,3.0,2.0
21.0,1961.0,2020-10-11,21007.0,3.0,1.2877085773417922,18.0,1.0,6.0,1.0,2.0,,4.0,3.0,4.0,4.0,2.0,4.0,,,3.0,1.0,4.0,3.0,2.0,3.0,2.0,3.0,3.0,1.0,26.0,4.0,2.0,3.0,4.0,2.0,3.0,2.0,4.0,3.0,2.0,4.0,1.0,4.0,1.0,3.0,4.0,5.0,5.0,2.0,1.0,2.0,2.0,6.0,3.0,2.0,2.0,2.0,2.0,2.0,4.0,4.0,4.0,1.0,,6.0,2.0,,2.0,2.0,1.0,,2.0,3.0,2.0,1.0,2.0,,1.0,3.0,4.0,3.0
21.0,1049.0,2020-10-09,21016.0,1.0,1.4890511630683034,28.0,1.0,2.0,1.0,4.0,,3.0,5.0,1.0,4.0,1.0,3.0,,,3.0,1.0,3.0,3.0,3.0,4.0,4.0,4.0,4.0,1.0,36.0,4.0,4.0,1.0,1.0,1.0,2.0,3.0,1.0,3.0,1.0,1.0,4.0,4.0,4.0,2.0,3.0,5.0,5.0,4.0,5.0,4.0,3.0,6.0,3.0,1.0,96.0,96.0,96.0,96.0,4.0,4.0,4.0,4.0,1.0,3.0,2.0,,2.0,3.0,1.0,,2.0,2.0,2.0,1.0,2.0,,1.0,1.0,2.0,2.0
21.0,1559.0,2020-10-11,21012.0,1.0,1.5999569846812263,30.0,2.0,15.0,2.0,1.0,,2.0,1.0,2.0,4.0,4.0,2.0,,,2.0,1.0,2.0,3.0,2.0,3.0,4.0,2.0,4.0,1.0,27.0,4.0,4.0,2.0,1.0,2.0,1.0,2.0,1.0,4.0,4.0,1.0,3.0,4.0,4.0,1.0,4.0,5.0,98.0,2.0,5.0,4.0,2.0,6.0,2.0,2.0,2.0,2.0,2.0,2.0,4.0,4.0,4.0,4.0,1.0,7.0,2.0,,2.0,1.0,1.0,,1.0,1.0,2.0,1.0,2.0,,3.0,96.0,1.0,1.0
21.0,109.0,2020-10-06,21004.0,3.0,1.351226918630876,62.0,1.0,15.0,3.0,,7.0,4.0,4.0,4.0,2.0,2.0,2.0,,,2.0,1.0,3.0,4.0,2.0,3.0,3.0,4.0,2.0,1.0,13.0,4.0,4.0,2.0,3.0,2.0,4.0,2.0,1.0,2.0,1.0,4.0,1.0,98.0,2.0,4.0,2.0,5.0,4.0,2.0,2.0,4.0,2.0,6.0,2.0,2.0,2.0,2.0,2.0,2.0,4.0,4.0,4.0,99.0,,4.0,2.0,,2.0,2.0,1.0,,1.0,4.0,2.0,1.0,2.0,,6.0,,3.0,3.0
21.0,3181.0,2020-10-13,21010.0,2.0,1.2860008722096719,35.0,2.0,1.0,1.0,4.0,,4.0,5.0,1.0,4.0,4.0,4.0,,,3.0,4.0,2.0,4.0,4.0,1.0,4.0,4.0,1.0,1.0,7.0,4.0,4.0,2.0,1.0,2.0,2.0,3.0,3.0,2.0,3.0,2.0,2.0,4.0,4.0,4.0,2.0,5.0,5.0,5.0,5.0,2.0,3.0,5.0,3.0,98.0,98.0,98.0,98.0,98.0,4.0,98.0,4.0,4.0,2.0,2.0,4.0,,,4.0,1.0,,2.0,98.0,2.0,1.0,2.0,,2.0,3.0,3.0,3.0
21.0,1832.0,2020-10-11,21016.0,1.0,1.3617030934139032,24.0,2.0,15.0,1.0,6.0,,3.0,4.0,5.0,4.0,3.0,3.0,,,98.0,1.0,3.0,4.0,3.0,4.0,3.0,3.0,3.0,1.0,16.0,4.0,4.0,2.0,4.0,3.0,2.0,2.0,2.0,1.0,3.0,2.0,2.0,4.0,2.0,2.0,2.0,5.0,2.0,2.0,2.0,3.0,4.0,3.0,4.0,2.0,2.0,2.0,2.0,2.0,4.0,3.0,4.0,1.0,,5.0,1.0,,2.0,3.0,1.0,,1.0,3.0,2.0,2.0,1.0,,1.0,3.0,3.0,2.0
21.0,627.0,2020-10-08,21016.0,1.0,1.3433009412215886,49.0,2.0,15.0,2.0,4.0,,3.0,4.0,2.0,4.0,3.0,4.0,,,3.0,1.0,3.0,2.0,1.0,1.0,1.0,98.0,2.0,1.0,37.0,4.0,4.0,2.0,4.0,2.0,2.0,1.0,1.0,2.0,2.0,2.0,3.0,4.0,4.0,2.0,4.0,4.0,4.0,3.0,4.0,1.0,2.0,5.0,2.0,98.0,2.0,2.0,2.0,2.0,4.0,4.0,4.0,6.0,1.0,2.0,7.0,,,4.0,1.0,,2.0,3.0,2.0,2.0,2.0,,1.0,2.0,2.0,2.0
21.0,2126.0,2020-10-12,21002.0,1.0,1.5686877935133405,48.0,2.0,15.0,2.0,4.0,,3.0,1.0,4.0,3.0,3.0,4.0,,,3.0,1.0,3.0,2.0,4.0,3.0,4.0,2.0,3.0,1.0,2.0,4.0,4.0,2.0,2.0,2.0,1.0,1.0,2.0,3.0,1.0,2.0,2.0,4.0,2.0,2.0,1.0,4.0,2.0,2.0,4.0,2.0,2.0,3.0,2.0,2.0,2.0,2.0,2.0,2.0,4.0,3.0,4.0,4.0,1.0,5.0,2.0,,2.0,3.0,1.0,,2.0,3.0,2.0,1.0,2.0,,1.0,2.0,2.0,2.0
21.0,834.0,2020-10-08,21014.0,1.0,1.400200610596688,55.0,2.0,15.0,1.0,1.0,,4.0,3.0,1.0,4.0,4.0,4.0,,,4.0,2.0,3.0,2.0,4.0,4.0,4.0,4.0,4.0,1.0,31.0,4.0,4.0,4.0,4.0,4.0,1.0,1.0,4.0,3.0,4.0,1.0,1.0,4.0,2.0,2.0,4.0,5.0,98.0,98.0,98.0,4.0,4.0,3.0,2.0,2.0,2.0,98.0,2.0,2.0,4.0,2.0,4.0,4.0,1.0,5.0,1.0,,1.0,3.0,1.0,,1.0,5.0,1.0,1.0,1.0,,2.0,3.0,3.0,3.0
21.0,1962.0,2020-10-11,21003.0,1.0,1.420751801473228,54.0,1.0,1.0,2.0,4.0,,4.0,5.0,1.0,4.0,3.0,4.0,,,3.0,1.0,1.0,4.0,4.0,4.0,4.0,4.0,4.0,1.0,2.0,4.0,4.0,1.0,1.0,3.0,1.0,1.0,1.0,3.0,3.0,4.0,4.0,4.0,2.0,1.0,2.0,5.0,2.0,1.0,2.0,3.0,2.0,6.0,2.0,96.0,2.0,96.0,2.0,2.0,4.0,4.0,4.0,4.0,1.0,5.0,1.0,,1.0,2.0,1.0,,1.0,3.0,2.0,1.0,2.0,,1.0,2.0,2.0,2.0
21.0,2820.0,2020-10-13,21015.0,3.0,1.6840884776016871,38.0,2.0,15.0,1.0,4.0,,4.0,5.0,2.0,4.0,3.0,3.0,,,4.0,2.0,4.0,4.0,4.0,4.0,4.0,4.0,3.0,1.0,98.0,3.0,4.0,2.0,3.0,2.0,1.0,4.0,4.0,4.0,4.0,3.0,1.0,4.0,4.0,4.0,1.0,5.0,98.0,5.0,98.0,4.0,2.0,5.0,2.0,2.0,2.0,2.0,2.0,2.0,4.0,4.0,4.0,4.0,1.0,5.0,4.0,,,3.0,1.0,,3.0,3.0,2.0,1.0,2.0,,6.0,,4.0,99.0
21.0,2138.0,2020-10-12,21001.0,1.0,1.377613368377645,42.0,2.0,15.0,2.0,5.0,,4.0,4.0,1.0,4.0,2.0,4.0,,,4.0,2.0,3.0,4.0,4.0,3.0,4.0,3.0,3.0,2.0,14.0,4.0,4.0,2.0,3.0,3.0,1.0,1.0,2.0,2.0,2.0,1.0,2.0,99.0,99.0,99.0,99.0,5.0,4.0,4.0,4.0,4.0,3.0,5.0,3.0,2.0,2.0,2.0,2.0,99.0,4.0,3.0,5.0,1.0,,3.0,1.0,,2.0,3.0,1.0,,2.0,3.0,2.0,1.0,2.0,,2.0,2.0,1.0,2.0
21.0,4958.0,2020-10-15,21022.0,1.0,1.3932254559901702,45.0,2.0,1.0,1.0,1.0,,3.0,1.0,2.0,3.0,3.0,2.0,,,2.0,1.0,2.0,3.0,3.0,4.0,4.0,4.0,4.0,2.0,98.0,4.0,4.0,1.0,1.0,1.0,1.0,1.0,1.0,1.0,2.0,1.0,1.0,4.0,4.0,4.0,4.0,5.0,5.0,5.0,5.0,4.0,4.0,3.0,4.0,96.0,96.0,96.0,96.0,96.0,4.0,4.0,3.0,4.0,1.0,4.0,4.0,,,3.0,1.0,,2.0,3.0,2.0,1.0,2.0,,6.0,,1.0,1.0
21.0,4978.0,2020-10-15,21018.0,3.0,1.5690009846254027,50.0,1.0,1.0,3.0,,1.0,2.0,2.0,4.0,3.0,3.0,3.0,,,3.0,4.0,4.0,4.0,4.0,4.0,4.0,4.0,4.0,2.0,98.0,3.0,3.0,4.0,4.0,4.0,4.0,4.0,4.0,4.0,4.0,3.0,3.0,3.0,3.0,3.0,3.0,4.0,4.0,4.0,4.0,4.0,4.0,1.0,3.0,96.0,96.0,96.0,96.0,96.0,3.0,3.0,3.0,7.0,2.0,1.0,3.0,2.0,,4.0,1.0,,3.0,3.0,2.0,7.0,2.0,,3.0,97.0,97.0,97.0
21.0,4654.0,2020-10-15,21003.0,1.0,1.6606376405221237,33.0,2.0,1.0,2.0,1.0,,4.0,3.0,2.0,4.0,4.0,4.0,,,3.0,4.0,4.0,4.0,4.0,4.0,4.0,4.0,4.0,1.0,98.0,4.0,4.0,4.0,4.0,4.0,4.0,4.0,4.0,3.0,3.0,4.0,4.0,4.0,4.0,4.0,4.0,5.0,5.0,5.0,5.0,4.0,4.0,1.0,4.0,97.0,97.0,97.0,97.0,97.0,3.0,3.0,3.0,4.0,2.0,2.0,4.0,,,2.0,1.0,,3.0,3.0,2.0,2.0,2.0,,3.0,3.0,4.0,4.0
21.0,3492.0,2020-10-14,21016.0,3.0,1.3617030934139032,24.0,2.0,15.0,1.0,6.0,,3.0,1.0,6.0,2.0,1.0,2.0,,,2.0,2.0,2.0,3.0,2.0,98.0,3.0,3.0,3.0,2.0,6.0,4.0,4.0,1.0,4.0,2.0,2.0,2.0,2.0,2.0,1.0,2.0,3.0,98.0,2.0,2.0,98.0,4.0,98.0,98.0,98.0,1.0,3.0,5.0,1.0,98.0,2.0,2.0,2.0,2.0,4.0,1.0,4.0,3.0,2.0,7.0,6.0,,,4.0,1.0,,1.0,5.0,1.0,1.0,2.0,,4.0,3.0,3.0,2.0
21.0,2821.0,2020-10-13,21003.0,1.0,1.6606376405221237,29.0,2.0,15.0,2.0,1.0,,3.0,3.0,3.0,3.0,4.0,4.0,,,1.0,1.0,3.0,2.0,3.0,3.0,4.0,4.0,3.0,1.0,6.0,4.0,2.0,2.0,2.0,4.0,1.0,4.0,3.0,4.0,1.0,2.0,3.0,4.0,2.0,2.0,1.0,5.0,2.0,1.0,2.0,4.0,3.0,3.0,1.0,2.0,2.0,2.0,2.0,2.0,2.0,3.0,3.0,4.0,1.0,4.0,1.0,,2.0,4.0,1.0,,2.0,2.0,2.0,2.0,2.0,,1.0,3.0,1.0,2.0
21.0,4664.0,2020-10-15,21003.0,3.0,1.6606376405221237,30.0,2.0,1.0,1.0,4.0,,4.0,5.0,2.0,4.0,3.0,4.0,,,4.0,4.0,4.0,3.0,4.0,4.0,4.0,4.0,4.0,3.0,98.0,4.0,3.0,4.0,4.0,3.0,4.0,4.0,4.0,3.0,3.0,4.0,4.0,4.0,4.0,4.0,4.0,5.0,5.0,5.0,5.0,4.0,4.0,4.0,2.0,96.0,97.0,97.0,96.0,97.0,3.0,2.0,4.0,3.0,2.0,4.0,6.0,,,3.0,1.0,,3.0,3.0,2.0,1.0,2.0,,1.0,3.0,4.0,4.0
21.0,512.0,2020-10-07,21022.0,3.0,1.544392564611708,29.0,1.0,1.0,4.0,,7.0,4.0,4.0,4.0,2.0,1.0,2.0,,,2.0,2.0,2.0,3.0,3.0,3.0,3.0,3.0,3.0,98.0,98.0,3.0,4.0,2.0,4.0,2.0,2.0,2.0,98.0,4.0,3.0,2.0,2.0,98.0,98.0,98.0,98.0,98.0,98.0,98.0,98.0,98.0,98.0,3.0,98.0,98.0,98.0,98.0,98.0,98.0,98.0,98.0,3.0,4.0,2.0,7.0,2.0,,2.0,4.0,1.0,,3.0,98.0,2.0,1.0,2.0,,2.0,96.0,4.0,98.0
21.0,2742.0,2020-10-13,21002.0,1.0,1.7290132344999611,58.0,1.0,1.0,1.0,3.0,,4.0,3.0,2.0,3.0,1.0,4.0,,,4.0,2.0,4.0,4.0,4.0,3.0,3.0,4.0,3.0,1.0,20.0,4.0,2.0,1.0,3.0,1.0,1.0,1.0,1.0,2.0,1.0,1.0,1.0,2.0,1.0,2.0,1.0,5.0,1.0,5.0,1.0,4.0,4.0,6.0,2.0,2.0,2.0,2.0,2.0,2.0,4.0,1.0,4.0,4.0,1.0,5.0,3.0,1.0,,4.0,1.0,,2.0,5.0,2.0,2.0,2.0,,6.0,,3.0,4.0
21.0,3847.0,2020-10-14,21011.0,1.0,1.4941130010775427,55.0,1.0,1.0,1.0,1.0,,4.0,1.0,2.0,4.0,4.0,2.0,,,2.0,4.0,4.0,4.0,4.0,3.0,4.0,4.0,3.0,2.0,98.0,3.0,2.0,2.0,3.0,4.0,3.0,2.0,3.0,2.0,2.0,3.0,2.0,4.0,3.0,2.0,2.0,5.0,4.0,3.0,3.0,3.0,2.0,3.0,2.0,2.0,96.0,96.0,96.0,96.0,4.0,3.0,4.0,4.0,1.0,5.0,3.0,1.0,,3.0,1.0,,2.0,98.0,2.0,2.0,2.0,,6.0,,3.0,2.0
21.0,1308.0,2020-10-10,21002.0,3.0,1.7388928361040812,28.0,1.0,1.0,2.0,6.0,,4.0,3.0,2.0,4.0,4.0,4.0,,,4.0,1.0,3.0,3.0,4.0,4.0,4.0,4.0,3.0,1.0,18.0,3.0,4.0,3.0,3.0,2.0,2.0,2.0,1.0,3.0,4.0,3.0,1.0,4.0,4.0,4.0,4.0,4.0,5.0,2.0,4.0,1.0,2.0,2.0,2.0,1.0,1.0,96.0,1.0,96.0,4.0,1.0,4.0,1.0,,7.0,2.0,,2.0,1.0,1.0,,2.0,5.0,2.0,1.0,1.0,,1.0,3.0,2.0,2.0
21.0,46.0,2020-10-06,21004.0,1.0,1.1938679887915273,50.0,1.0,1.0,2.0,5.0,,4.0,1.0,3.0,4.0,3.0,4.0,,,4.0,3.0,4.0,4.0,4.0,3.0,3.0,4.0,2.0,3.0,30.0,3.0,2.0,4.0,3.0,2.0,4.0,4.0,4.0,4.0,4.0,2.0,4.0,4.0,2.0,4.0,1.0,5.0,2.0,5.0,2.0,98.0,4.0,6.0,4.0,2.0,2.0,2.0,2.0,2.0,3.0,2.0,4.0,5.0,2.0,3.0,1.0,,1.0,2.0,1.0,,1.0,1.0,2.0,3.0,2.0,,4.0,98.0,2.0,1.0
21.0,513.0,2020-10-07,21014.0,1.0,1.3713698050989682,27.0,1.0,15.0,4.0,,5.0,4.0,2.0,1.0,3.0,1.0,3.0,,,3.0,1.0,1.0,2.0,1.0,4.0,2.0,3.0,4.0,1.0,5.0,4.0,3.0,1.0,2.0,2.0,4.0,2.0,2.0,4.0,1.0,1.0,2.0,2.0,2.0,1.0,1.0,2.0,3.0,1.0,1.0,1.0,2.0,5.0,3.0,1.0,2.0,1.0,1.0,1.0,4.0,4.0,3.0,1.0,,6.0,6.0,,,1.0,1.0,,2.0,1.0,1.0,2.0,1.0,,1.0,3.0,1.0,1.0
21.0,75.0,2020-10-06,21004.0,2.0,1.3589478448600476,31.0,1.0,6.0,2.0,6.0,,2.0,1.0,1.0,4.0,4.0,3.0,,,3.0,1.0,3.0,3.0,3.0,3.0,2.0,2.0,2.0,3.0,2.0,4.0,4.0,1.0,1.0,2.0,1.0,1.0,1.0,3.0,4.0,4.0,3.0,4.0,2.0,1.0,1.0,5.0,2.0,2.0,2.0,2.0,3.0,6.0,3.0,2.0,2.0,2.0,2.0,2.0,4.0,4.0,4.0,4.0,1.0,3.0,1.0,,2.0,2.0,1.0,,2.0,3.0,2.0,2.0,2.0,,1.0,3.0,2.0,2.0
21.0,1034.0,2020-10-09,21003.0,1.0,1.4678758541066965,35.0,2.0,1.0,4.0,,1.0,3.0,3.0,1.0,4.0,4.0,4.0,,,2.0,1.0,4.0,4.0,4.0,4.0,4.0,4.0,4.0,1.0,7.0,4.0,4.0,2.0,2.0,2.0,1.0,1.0,1.0,4.0,4.0,4.0,4.0,4.0,4.0,4.0,4.0,5.0,1.0,5.0,5.0,4.0,4.0,6.0,3.0,2.0,2.0,2.0,2.0,2.0,4.0,98.0,3.0,99.0,,6.0,4.0,,,3.0,1.0,,98.0,4.0,2.0,1.0,2.0,,6.0,,1.0,98.0
21.0,665.0,2020-10-08,21012.0,2.0,1.4056002477792275,50.0,2.0,1.0,1.0,4.0,,3.0,5.0,2.0,1.0,1.0,2.0,,,1.0,1.0,2.0,4.0,4.0,4.0,4.0,4.0,4.0,1.0,7.0,4.0,4.0,2.0,2.0,2.0,1.0,1.0,1.0,4.0,1.0,1.0,4.0,2.0,2.0,4.0,1.0,98.0,2.0,4.0,98.0,98.0,2.0,3.0,98.0,98.0,1.0,2.0,2.0,98.0,2.0,98.0,4.0,4.0,1.0,5.0,4.0,,,4.0,1.0,,1.0,3.0,2.0,1.0,2.0,,5.0,3.0,2.0,97.0
21.0,1145.0,2020-10-10,21005.0,1.0,1.289757241639633,50.0,1.0,16.0,4.0,,7.0,4.0,3.0,5.0,4.0,3.0,98.0,,,2.0,1.0,3.0,3.0,2.0,2.0,4.0,97.0,97.0,98.0,7.0,4.0,4.0,1.0,2.0,2.0,1.0,98.0,2.0,2.0,1.0,2.0,2.0,98.0,2.0,1.0,2.0,98.0,98.0,1.0,98.0,1.0,1.0,3.0,4.0,98.0,98.0,98.0,98.0,98.0,98.0,98.0,4.0,1.0,,10.0,2.0,,2.0,2.0,1.0,,2.0,3.0,2.0,1.0,2.0,,6.0,,2.0,98.0
21.0,1809.0,2020-10-11,21022.0,1.0,1.3567855837818812,45.0,1.0,1.0,2.0,6.0,,4.0,3.0,1.0,4.0,4.0,2.0,,,2.0,2.0,4.0,3.0,2.0,4.0,3.0,3.0,2.0,2.0,14.0,4.0,4.0,2.0,2.0,2.0,1.0,1.0,1.0,4.0,4.0,1.0,1.0,4.0,1.0,4.0,1.0,5.0,2.0,5.0,1.0,4.0,4.0,1.0,2.0,2.0,96.0,96.0,96.0,2.0,4.0,1.0,3.0,4.0,1.0,4.0,1.0,,1.0,2.0,1.0,,3.0,2.0,2.0,1.0,2.0,,3.0,3.0,3.0,97.0
21.0,2266.0,2020-10-12,21003.0,1.0,1.6172035910330593,34.0,1.0,1.0,4.0,,7.0,3.0,6.0,2.0,4.0,2.0,4.0,,,3.0,1.0,3.0,4.0,4.0,3.0,2.0,3.0,3.0,1.0,14.0,4.0,4.0,2.0,1.0,2.0,1.0,1.0,1.0,2.0,1.0,2.0,1.0,3.0,4.0,3.0,4.0,2.0,98.0,4.0,5.0,3.0,1.0,5.0,4.0,98.0,98.0,2.0,98.0,98.0,4.0,1.0,5.0,4.0,1.0,5.0,1.0,,2.0,2.0,1.0,,1.0,1.0,1.0,3.0,2.0,,2.0,96.0,4.0,98.0
21.0,4770.0,2020-10-15,21019.0,1.0,1.7781868592058228,28.0,2.0,15.0,4.0,,1.0,4.0,4.0,1.0,4.0,4.0,4.0,,,4.0,3.0,4.0,4.0,4.0,4.0,4.0,4.0,4.0,3.0,6.0,4.0,4.0,2.0,1.0,4.0,4.0,4.0,4.0,4.0,4.0,2.0,4.0,2.0,1.0,1.0,1.0,4.0,4.0,1.0,4.0,4.0,4.0,4.0,4.0,1.0,2.0,2.0,1.0,1.0,4.0,1.0,4.0,1.0,,5.0,2.0,,2.0,2.0,1.0,,3.0,3.0,2.0,1.0,2.0,,1.0,3.0,3.0,4.0
21.0,1363.0,2020-10-10,21018.0,1.0,1.6332117722287613,21.0,2.0,15.0,2.0,1.0,,2.0,4.0,1.0,1.0,2.0,4.0,,,4.0,1.0,3.0,2.0,3.0,4.0,3.0,4.0,3.0,1.0,26.0,3.0,4.0,1.0,2.0,1.0,2.0,3.0,4.0,1.0,1.0,2.0,2.0,4.0,4.0,2.0,2.0,5.0,4.0,2.0,4.0,1.0,2.0,3.0,3.0,2.0,2.0,2.0,2.0,2.0,4.0,1.0,5.0,1.0,,5.0,5.0,,,1.0,1.0,,2.0,3.0,2.0,2.0,1.0,,1.0,3.0,4.0,2.0
21.0,3203.0,2020-10-13,21010.0,2.0,1.2617672678232787,20.0,1.0,15.0,1.0,5.0,,2.0,1.0,2.0,3.0,2.0,2.0,,,2.0,1.0,2.0,2.0,3.0,2.0,3.0,2.0,3.0,2.0,98.0,2.0,3.0,3.0,2.0,2.0,2.0,3.0,3.0,2.0,2.0,3.0,2.0,4.0,3.0,3.0,4.0,5.0,4.0,3.0,3.0,2.0,3.0,3.0,2.0,2.0,2.0,2.0,2.0,2.0,2.0,3.0,5.0,1.0,,5.0,5.0,,,2.0,1.0,,2.0,2.0,2.0,1.0,2.0,,1.0,2.0,3.0,2.0
21.0,673.0,2020-10-08,21016.0,3.0,1.3617030934139032,22.0,2.0,1.0,2.0,4.0,,4.0,1.0,1.0,4.0,4.0,4.0,,,4.0,2.0,3.0,3.0,3.0,4.0,4.0,4.0,3.0,1.0,98.0,4.0,4.0,3.0,3.0,2.0,2.0,1.0,2.0,3.0,4.0,3.0,4.0,3.0,2.0,2.0,2.0,98.0,98.0,2.0,4.0,2.0,2.0,1.0,99.0,98.0,98.0,98.0,98.0,98.0,98.0,98.0,4.0,3.0,2.0,8.0,6.0,,,3.0,1.0,,3.0,98.0,2.0,1.0,2.0,,1.0,98.0,98.0,98.0
21.0,1261.0,2020-10-10,21006.0,2.0,1.3643498588234437,54.0,1.0,15.0,1.0,5.0,,4.0,5.0,1.0,2.0,2.0,4.0,,,3.0,2.0,4.0,4.0,4.0,3.0,4.0,2.0,4.0,1.0,15.0,4.0,4.0,2.0,2.0,2.0,1.0,1.0,1.0,2.0,3.0,1.0,1.0,4.0,3.0,4.0,1.0,5.0,2.0,4.0,4.0,4.0,4.0,6.0,4.0,2.0,2.0,2.0,2.0,2.0,3.0,2.0,4.0,4.0,1.0,4.0,1.0,,2.0,4.0,1.0,,1.0,4.0,2.0,1.0,2.0,,6.0,,4.0,4.0
21.0,1438.0,2020-10-11,21001.0,1.0,1.3333870636132648,50.0,1.0,1.0,1.0,1.0,,4.0,5.0,2.0,1.0,1.0,4.0,,,1.0,1.0,3.0,4.0,4.0,4.0,4.0,4.0,3.0,1.0,20.0,4.0,4.0,3.0,2.0,98.0,1.0,1.0,1.0,3.0,1.0,2.0,1.0,4.0,98.0,2.0,1.0,5.0,3.0,4.0,2.0,2.0,98.0,1.0,1.0,98.0,2.0,2.0,2.0,2.0,4.0,98.0,4.0,1.0,,7.0,6.0,,,3.0,1.0,,2.0,4.0,2.0,2.0,2.0,,6.0,,3.0,3.0
21.0,4948.0,2020-10-15,21017.0,3.0,1.3909658207266844,45.0,2.0,1.0,1.0,4.0,,4.0,2.0,1.0,3.0,3.0,2.0,,,2.0,2.0,2.0,4.0,4.0,4.0,4.0,4.0,4.0,2.0,98.0,4.0,4.0,1.0,1.0,1.0,1.0,1.0,1.0,1.0,2.0,1.0,1.0,4.0,4.0,4.0,4.0,5.0,5.0,5.0,5.0,4.0,4.0,3.0,4.0,96.0,96.0,96.0,96.0,96.0,4.0,4.0,5.0,4.0,1.0,5.0,4.0,,,3.0,1.0,,2.0,3.0,2.0,1.0,2.0,,3.0,3.0,1.0,1.0
21.0,1271.0,2020-10-10,21010.0,3.0,1.2523654636391572,37.0,1.0,15.0,4.0,,4.0,3.0,4.0,5.0,4.0,4.0,3.0,,,2.0,1.0,4.0,2.0,4.0,3.0,4.0,4.0,4.0,2.0,2.0,4.0,4.0,4.0,4.0,4.0,1.0,1.0,3.0,4.0,1.0,4.0,1.0,4.0,2.0,1.0,2.0,5.0,3.0,1.0,2.0,2.0,2.0,3.0,4.0,2.0,2.0,2.0,2.0,2.0,4.0,4.0,3.0,4.0,1.0,4.0,1.0,,1.0,3.0,1.0,,3.0,5.0,2.0,2.0,2.0,,1.0,3.0,3.0,4.0
21.0,2368.0,2020-10-12,21010.0,3.0,1.2617672678232787,23.0,1.0,15.0,2.0,4.0,,4.0,1.0,5.0,4.0,4.0,4.0,,,3.0,1.0,2.0,4.0,4.0,4.0,4.0,2.0,2.0,1.0,2.0,4.0,4.0,1.0,2.0,1.0,1.0,2.0,4.0,2.0,1.0,1.0,4.0,4.0,1.0,2.0,1.0,5.0,2.0,2.0,2.0,3.0,1.0,5.0,4.0,1.0,2.0,96.0,2.0,2.0,4.0,4.0,4.0,1.0,,3.0,1.0,,2.0,1.0,1.0,,1.0,1.0,2.0,1.0,1.0,,1.0,3.0,4.0,4.0
21.0,3540.0,2020-10-14,21019.0,1.0,1.7680840067574821,62.0,2.0,15.0,1.0,5.0,,4.0,1.0,2.0,1.0,1.0,4.0,,,4.0,1.0,4.0,2.0,4.0,4.0,4.0,4.0,4.0,1.0,15.0,4.0,4.0,4.0,4.0,4.0,1.0,4.0,1.0,4.0,1.0,1.0,1.0,98.0,2.0,3.0,4.0,5.0,5.0,2.0,4.0,4.0,2.0,3.0,2.0,1.0,1.0,97.0,97.0,97.0,4.0,4.0,3.0,7.0,1.0,9.0,4.0,,,4.0,1.0,,3.0,3.0,2.0,1.0,2.0,,6.0,,98.0,98.0
21.0,97.0,2020-10-06,21013.0,2.0,1.4826406965651167,51.0,1.0,16.0,1.0,6.0,,98.0,4.0,1.0,4.0,4.0,3.0,,,1.0,1.0,4.0,2.0,2.0,4.0,3.0,3.0,4.0,1.0,5.0,4.0,4.0,2.0,2.0,99.0,1.0,2.0,1.0,1.0,2.0,2.0,1.0,4.0,2.0,2.0,98.0,5.0,98.0,5.0,3.0,4.0,4.0,5.0,2.0,96.0,2.0,2.0,98.0,98.0,4.0,3.0,4.0,4.0,1.0,6.0,7.0,,,1.0,1.0,,2.0,3.0,2.0,2.0,2.0,,2.0,3.0,1.0,1.0
21.0,2101.0,2020-10-12,21009.0,1.0,1.4027520030879153,59.0,2.0,15.0,2.0,6.0,,3.0,4.0,1.0,4.0,4.0,3.0,,,3.0,1.0,3.0,4.0,3.0,3.0,3.0,3.0,3.0,2.0,14.0,4.0,2.0,2.0,1.0,2.0,1.0,1.0,1.0,1.0,4.0,4.0,2.0,2.0,2.0,1.0,4.0,3.0,3.0,98.0,2.0,1.0,1.0,3.0,4.0,98.0,2.0,2.0,2.0,2.0,98.0,1.0,5.0,4.0,1.0,5.0,3.0,1.0,,1.0,1.0,,2.0,2.0,2.0,1.0,1.0,,1.0,3.0,3.0,98.0
21.0,4813.0,2020-10-15,21017.0,3.0,1.583299009686899,25.0,2.0,1.0,3.0,,1.0,4.0,3.0,1.0,2.0,3.0,2.0,,,2.0,2.0,2.0,4.0,4.0,4.0,4.0,4.0,4.0,2.0,98.0,3.0,4.0,1.0,1.0,1.0,1.0,1.0,1.0,4.0,3.0,1.0,1.0,4.0,4.0,4.0,4.0,5.0,3.0,4.0,4.0,4.0,4.0,3.0,3.0,2.0,2.0,2.0,2.0,2.0,4.0,4.0,3.0,4.0,1.0,5.0,4.0,,,3.0,1.0,,2.0,3.0,2.0,1.0,2.0,,1.0,3.0,1.0,98.0
21.0,235.0,2020-10-07,21015.0,2.0,1.6400410704520354,43.0,1.0,15.0,4.0,,1.0,3.0,4.0,1.0,4.0,1.0,4.0,,,3.0,1.0,4.0,4.0,3.0,4.0,3.0,97.0,3.0,1.0,13.0,4.0,4.0,3.0,3.0,2.0,4.0,1.0,1.0,3.0,1.0,1.0,1.0,3.0,4.0,4.0,2.0,5.0,4.0,4.0,4.0,2.0,3.0,1.0,4.0,2.0,96.0,96.0,96.0,96.0,4.0,1.0,4.0,4.0,1.0,6.0,2.0,,2.0,4.0,1.0,,3.0,5.0,1.0,1.0,1.0,,3.0,98.0,2.0,2.0
21.0,3088.0,2020-10-13,21022.0,2.0,1.3932254559901702,50.0,2.0,15.0,2.0,4.0,,3.0,4.0,1.0,4.0,3.0,3.0,,,2.0,1.0,2.0,3.0,3.0,3.0,3.0,2.0,2.0,1.0,6.0,4.0,4.0,2.0,3.0,2.0,1.0,2.0,1.0,2.0,4.0,2.0,2.0,3.0,98.0,98.0,3.0,5.0,4.0,2.0,2.0,2.0,2.0,3.0,98.0,2.0,98.0,2.0,98.0,98.0,4.0,4.0,4.0,4.0,1.0,6.0,4.0,,,2.0,1.0,,1.0,1.0,2.0,1.0,1.0,,6.0,,1.0,1.0
21.0,1896.0,2020-10-11,21012.0,1.0,1.3772493471790708,40.0,1.0,15.0,2.0,5.0,,3.0,5.0,5.0,4.0,3.0,4.0,,,4.0,1.0,4.0,4.0,3.0,4.0,3.0,4.0,4.0,1.0,16.0,4.0,2.0,4.0,3.0,4.0,1.0,4.0,4.0,2.0,4.0,1.0,4.0,4.0,2.0,4.0,2.0,5.0,2.0,5.0,2.0,4.0,4.0,5.0,4.0,2.0,2.0,2.0,98.0,2.0,1.0,1.0,4.0,4.0,1.0,5.0,2.0,,2.0,4.0,1.0,,1.0,3.0,2.0,1.0,2.0,,4.0,98.0,4.0,4.0
21.0,818.0,2020-10-08,21014.0,1.0,1.3713698050989682,32.0,1.0,1.0,4.0,,2.0,4.0,5.0,2.0,4.0,4.0,4.0,,,3.0,1.0,4.0,4.0,4.0,3.0,3.0,4.0,4.0,2.0,29.0,4.0,2.0,2.0,2.0,3.0,2.0,2.0,3.0,3.0,2.0,1.0,1.0,4.0,1.0,4.0,3.0,5.0,5.0,4.0,1.0,4.0,3.0,5.0,2.0,1.0,1.0,2.0,2.0,2.0,4.0,4.0,4.0,4.0,1.0,14.0,2.0,,2.0,1.0,1.0,,3.0,5.0,2.0,1.0,2.0,,1.0,3.0,2.0,4.0
21.0,2650.0,2020-10-13,21010.0,3.0,1.295655185373171,18.0,2.0,1.0,2.0,5.0,,3.0,3.0,6.0,4.0,4.0,4.0,,,4.0,1.0,4.0,4.0,2.0,3.0,2.0,1.0,3.0,1.0,5.0,4.0,4.0,1.0,2.0,4.0,4.0,2.0,2.0,4.0,4.0,2.0,3.0,4.0,4.0,1.0,2.0,4.0,2.0,1.0,4.0,4.0,2.0,3.0,4.0,2.0,2.0,2.0,2.0,2.0,4.0,4.0,4.0,1.0,,6.0,5.0,,,3.0,1.0,,3.0,5.0,2.0,1.0,2.0,,1.0,3.0,2.0,2.0
21.0,550.0,2020-10-07,21016.0,1.0,1.4890511630683034,34.0,1.0,1.0,2.0,1.0,,4.0,6.0,1.0,2.0,2.0,4.0,,,4.0,1.0,2.0,4.0,4.0,3.0,4.0,4.0,4.0,1.0,1.0,3.0,3.0,1.0,2.0,2.0,1.0,2.0,1.0,2.0,1.0,1.0,4.0,4.0,2.0,2.0,4.0,5.0,3.0,2.0,2.0,3.0,2.0,3.0,4.0,96.0,96.0,96.0,96.0,96.0,4.0,4.0,4.0,4.0,1.0,4.0,2.0,,2.0,2.0,1.0,,2.0,1.0,2.0,2.0,2.0,,2.0,3.0,2.0,2.0
21.0,477.0,2020-10-07,21016.0,3.0,1.308166846861677,46.0,1.0,15.0,1.0,3.0,,4.0,3.0,2.0,4.0,4.0,1.0,,,2.0,1.0,1.0,4.0,1.0,1.0,2.0,3.0,3.0,4.0,,4.0,4.0,4.0,2.0,2.0,1.0,2.0,1.0,1.0,4.0,1.0,1.0,2.0,2.0,3.0,2.0,4.0,4.0,5.0,2.0,2.0,2.0,5.0,3.0,2.0,2.0,2.0,2.0,2.0,4.0,4.0,4.0,4.0,1.0,4.0,2.0,,2.0,4.0,1.0,,2.0,3.0,2.0,1.0,2.0,,6.0,,4.0,4.0
21.0,4591.0,2020-10-15,21018.0,3.0,1.823498362060893,62.0,2.0,15.0,2.0,1.0,,2.0,1.0,2.0,4.0,4.0,2.0,,,4.0,2.0,2.0,4.0,4.0,2.0,4.0,3.0,2.0,2.0,1.0,4.0,4.0,2.0,3.0,3.0,3.0,4.0,3.0,2.0,2.0,4.0,3.0,4.0,3.0,2.0,2.0,5.0,4.0,3.0,3.0,2.0,3.0,1.0,2.0,2.0,96.0,96.0,96.0,96.0,4.0,3.0,4.0,4.0,1.0,2.0,4.0,,,3.0,1.0,,2.0,3.0,2.0,1.0,2.0,,6.0,,2.0,2.0
21.0,267.0,2020-10-07,21004.0,2.0,1.3954457900006498,31.0,2.0,1.0,2.0,6.0,,3.0,3.0,4.0,2.0,3.0,4.0,,,3.0,1.0,3.0,3.0,3.0,4.0,4.0,3.0,3.0,1.0,6.0,4.0,4.0,1.0,2.0,3.0,1.0,1.0,1.0,3.0,1.0,3.0,2.0,3.0,4.0,4.0,3.0,5.0,4.0,2.0,4.0,2.0,2.0,3.0,4.0,2.0,2.0,2.0,2.0,2.0,4.0,3.0,4.0,1.0,,8.0,2.0,,2.0,4.0,1.0,,2.0,1.0,2.0,1.0,2.0,,3.0,3.0,2.0,2.0
21.0,1196.0,2020-10-10,21024.0,2.0,1.4324121033407042,32.0,1.0,15.0,2.0,6.0,,4.0,1.0,2.0,4.0,4.0,3.0,,,1.0,1.0,3.0,1.0,4.0,2.0,4.0,4.0,4.0,3.0,15.0,4.0,4.0,2.0,4.0,2.0,2.0,1.0,1.0,1.0,1.0,1.0,4.0,4.0,4.0,1.0,4.0,4.0,5.0,2.0,5.0,2.0,4.0,3.0,3.0,1.0,2.0,2.0,2.0,2.0,3.0,4.0,4.0,4.0,2.0,3.0,2.0,,1.0,2.0,1.0,,3.0,4.0,2.0,1.0,2.0,,1.0,3.0,2.0,1.0
21.0,3371.0,2020-10-13,21006.0,2.0,1.5530027755916227,28.0,1.0,1.0,4.0,,1.0,4.0,3.0,6.0,4.0,4.0,4.0,,,3.0,3.0,2.0,3.0,3.0,4.0,4.0,3.0,2.0,1.0,16.0,1.0,4.0,4.0,4.0,3.0,4.0,1.0,1.0,2.0,2.0,1.0,1.0,4.0,1.0,1.0,1.0,4.0,5.0,5.0,5.0,2.0,4.0,2.0,4.0,98.0,98.0,2.0,2.0,2.0,2.0,4.0,4.0,3.0,2.0,7.0,7.0,,,4.0,1.0,,1.0,3.0,2.0,1.0,2.0,,1.0,3.0,2.0,98.0
21.0,4187.0,2020-10-14,21013.0,2.0,1.5029516923423532,18.0,1.0,15.0,1.0,1.0,,4.0,4.0,4.0,4.0,3.0,4.0,,,3.0,1.0,2.0,4.0,2.0,3.0,3.0,1.0,4.0,2.0,5.0,4.0,4.0,1.0,4.0,3.0,1.0,1.0,4.0,4.0,2.0,2.0,1.0,4.0,2.0,4.0,4.0,2.0,1.0,2.0,2.0,4.0,4.0,3.0,4.0,1.0,2.0,2.0,1.0,96.0,1.0,4.0,3.0,1.0,,5.0,5.0,,,2.0,1.0,,1.0,2.0,98.0,2.0,2.0,,1.0,98.0,4.0,98.0
21.0,1248.0,2020-10-10,21009.0,1.0,1.2143941508966898,38.0,1.0,15.0,2.0,1.0,,2.0,1.0,4.0,3.0,4.0,3.0,,,4.0,3.0,3.0,2.0,3.0,3.0,2.0,2.0,3.0,1.0,6.0,4.0,3.0,2.0,3.0,3.0,2.0,2.0,1.0,2.0,2.0,2.0,4.0,4.0,4.0,2.0,2.0,5.0,4.0,4.0,4.0,2.0,2.0,7.0,1.0,2.0,2.0,2.0,2.0,2.0,4.0,4.0,5.0,3.0,2.0,4.0,2.0,,2.0,1.0,1.0,,2.0,3.0,2.0,2.0,2.0,,1.0,2.0,1.0,1.0
21.0,308.0,2020-10-07,21004.0,1.0,1.351226918630876,62.0,1.0,1.0,2.0,1.0,,4.0,3.0,5.0,4.0,3.0,4.0,,,4.0,1.0,4.0,2.0,4.0,4.0,4.0,4.0,4.0,3.0,21.0,4.0,4.0,1.0,1.0,3.0,1.0,3.0,1.0,2.0,1.0,1.0,4.0,4.0,4.0,4.0,4.0,5.0,5.0,1.0,5.0,4.0,3.0,6.0,4.0,2.0,2.0,2.0,2.0,2.0,4.0,2.0,4.0,4.0,1.0,6.0,3.0,1.0,,4.0,1.0,,2.0,4.0,2.0,1.0,2.0,,1.0,3.0,3.0,98.0
21.0,753.0,2020-10-08,21004.0,1.0,1.387517498975976,55.0,2.0,16.0,2.0,1.0,,4.0,4.0,2.0,2.0,3.0,3.0,,,3.0,1.0,2.0,2.0,4.0,4.0,3.0,3.0,3.0,2.0,15.0,3.0,4.0,2.0,1.0,4.0,1.0,2.0,3.0,4.0,1.0,1.0,4.0,1.0,2.0,4.0,2.0,3.0,3.0,2.0,3.0,1.0,2.0,6.0,2.0,1.0,98.0,98.0,2.0,1.0,4.0,3.0,5.0,4.0,1.0,6.0,3.0,1.0,,4.0,1.0,,3.0,1.0,2.0,2.0,2.0,,2.0,3.0,2.0,2.0
21.0,2597.0,2020-10-13,21001.0,1.0,1.377613368377645,39.0,2.0,1.0,4.0,,6.0,4.0,3.0,4.0,4.0,3.0,4.0,,,3.0,1.0,3.0,2.0,4.0,3.0,3.0,4.0,3.0,1.0,11.0,4.0,4.0,2.0,4.0,3.0,4.0,1.0,1.0,2.0,1.0,1.0,4.0,1.0,98.0,1.0,1.0,5.0,4.0,4.0,98.0,1.0,2.0,5.0,4.0,96.0,96.0,96.0,1.0,96.0,4.0,3.0,4.0,4.0,1.0,5.0,4.0,,,2.0,1.0,,2.0,2.0,1.0,1.0,2.0,,2.0,2.0,2.0,2.0
21.0,2711.0,2020-10-13,21001.0,1.0,1.3691985100076307,46.0,2.0,2.0,1.0,1.0,,4.0,4.0,1.0,4.0,3.0,4.0,,,4.0,1.0,3.0,4.0,3.0,4.0,4.0,4.0,4.0,1.0,33.0,4.0,4.0,4.0,4.0,4.0,1.0,1.0,1.0,4.0,1.0,4.0,4.0,4.0,2.0,1.0,4.0,5.0,4.0,1.0,2.0,1.0,3.0,3.0,4.0,2.0,2.0,2.0,2.0,2.0,4.0,3.0,4.0,4.0,1.0,6.0,4.0,,,3.0,1.0,,1.0,3.0,2.0,2.0,2.0,,1.0,3.0,1.0,98.0
21.0,3246.0,2020-10-13,21014.0,2.0,1.4082013730677405,27.0,2.0,1.0,1.0,1.0,,4.0,2.0,2.0,4.0,4.0,4.0,,,2.0,1.0,4.0,4.0,4.0,4.0,4.0,4.0,4.0,1.0,98.0,4.0,4.0,1.0,2.0,1.0,3.0,4.0,3.0,2.0,3.0,1.0,1.0,4.0,2.0,2.0,2.0,5.0,5.0,5.0,5.0,3.0,4.0,4.0,3.0,96.0,96.0,96.0,96.0,96.0,4.0,98.0,4.0,4.0,1.0,5.0,99.0,,,4.0,1.0,,2.0,3.0,2.0,1.0,2.0,,1.0,3.0,2.0,3.0
21.0,2726.0,2020-10-13,21002.0,1.0,1.5686877935133405,54.0,2.0,15.0,2.0,1.0,,4.0,3.0,2.0,4.0,2.0,4.0,,,3.0,2.0,4.0,2.0,2.0,4.0,4.0,3.0,99.0,2.0,35.0,4.0,2.0,2.0,2.0,2.0,2.0,2.0,2.0,2.0,1.0,4.0,2.0,3.0,3.0,3.0,98.0,4.0,98.0,2.0,99.0,3.0,2.0,3.0,4.0,98.0,98.0,98.0,98.0,98.0,3.0,2.0,4.0,4.0,1.0,5.0,4.0,,,2.0,1.0,,1.0,3.0,2.0,1.0,1.0,,4.0,3.0,2.0,2.0
21.0,4984.0,2020-10-15,21009.0,2.0,1.2470097448402957,40.0,2.0,1.0,1.0,1.0,,4.0,1.0,2.0,4.0,3.0,2.0,,,3.0,3.0,2.0,3.0,4.0,2.0,2.0,3.0,4.0,2.0,98.0,2.0,3.0,3.0,2.0,3.0,2.0,2.0,3.0,2.0,3.0,4.0,3.0,4.0,2.0,3.0,3.0,4.0,4.0,3.0,2.0,3.0,4.0,1.0,3.0,2.0,96.0,96.0,96.0,96.0,4.0,4.0,4.0,4.0,1.0,4.0,4.0,,,3.0,1.0,,1.0,98.0,2.0,1.0,2.0,,1.0,3.0,2.0,3.0
21.0,3123.0,2020-10-13,21005.0,3.0,1.5075253963301922,32.0,2.0,15.0,1.0,4.0,,4.0,2.0,2.0,3.0,2.0,3.0,,,3.0,2.0,2.0,3.0,3.0,3.0,2.0,4.0,4.0,2.0,5.0,4.0,4.0,2.0,2.0,1.0,2.0,2.0,2.0,2.0,4.0,4.0,1.0,2.0,98.0,2.0,98.0,5.0,98.0,2.0,2.0,2.0,3.0,3.0,3.0,2.0,2.0,96.0,2.0,2.0,3.0,3.0,3.0,4.0,1.0,4.0,4.0,,,3.0,1.0,,2.0,3.0,2.0,1.0,2.0,,6.0,,2.0,2.0
21.0,2724.0,2020-10-13,21002.0,1.0,1.5783286786828055,40.0,2.0,2.0,1.0,4.0,,4.0,1.0,6.0,4.0,1.0,4.0,,,2.0,1.0,3.0,2.0,4.0,4.0,4.0,4.0,3.0,1.0,6.0,4.0,2.0,4.0,4.0,1.0,1.0,1.0,3.0,2.0,1.0,1.0,2.0,4.0,98.0,98.0,4.0,98.0,98.0,98.0,98.0,98.0,1.0,3.0,98.0,98.0,98.0,96.0,98.0,98.0,4.0,4.0,5.0,4.0,1.0,4.0,4.0,,,3.0,1.0,,1.0,1.0,1.0,2.0,2.0,,6.0,,1.0,1.0
21.0,860.0,2020-10-08,21013.0,2.0,1.6780615936308918,65.0,1.0,15.0,1.0,5.0,,3.0,1.0,1.0,4.0,4.0,4.0,,,4.0,1.0,4.0,2.0,2.0,4.0,4.0,3.0,3.0,1.0,15.0,4.0,4.0,1.0,2.0,2.0,2.0,2.0,1.0,1.0,4.0,1.0,1.0,4.0,4.0,4.0,4.0,5.0,4.0,5.0,4.0,2.0,2.0,6.0,4.0,96.0,99.0,96.0,96.0,96.0,4.0,1.0,4.0,4.0,1.0,7.0,3.0,1.0,,3.0,1.0,,1.0,3.0,2.0,1.0,1.0,,2.0,3.0,2.0,2.0
21.0,2396.0,2020-10-12,21017.0,2.0,1.3731417848565184,22.0,1.0,15.0,1.0,1.0,,3.0,5.0,6.0,4.0,4.0,4.0,,,2.0,1.0,4.0,2.0,4.0,4.0,4.0,4.0,4.0,1.0,6.0,4.0,4.0,2.0,3.0,4.0,1.0,2.0,1.0,1.0,3.0,2.0,4.0,3.0,4.0,2.0,2.0,5.0,2.0,2.0,4.0,4.0,4.0,6.0,4.0,2.0,2.0,2.0,2.0,2.0,4.0,3.0,4.0,1.0,,5.0,5.0,,,1.0,1.0,,3.0,4.0,1.0,1.0,1.0,,1.0,2.0,4.0,2.0
21.0,4796.0,2020-10-15,21017.0,3.0,1.4100209437760598,21.0,2.0,1.0,2.0,1.0,,4.0,1.0,2.0,2.0,3.0,3.0,,,3.0,1.0,3.0,4.0,4.0,4.0,4.0,4.0,4.0,1.0,98.0,4.0,4.0,1.0,1.0,1.0,1.0,1.0,1.0,3.0,4.0,3.0,3.0,4.0,4.0,4.0,4.0,5.0,5.0,5.0,5.0,4.0,4.0,3.0,4.0,96.0,96.0,96.0,96.0,96.0,4.0,4.0,4.0,1.0,,7.0,6.0,,,4.0,1.0,,3.0,3.0,2.0,1.0,2.0,,1.0,3.0,4.0,4.0
21.0,1254.0,2020-10-10,21018.0,1.0,1.5786437946135343,44.0,1.0,2.0,1.0,1.0,,4.0,1.0,4.0,4.0,4.0,4.0,,,4.0,1.0,3.0,4.0,3.0,4.0,3.0,3.0,3.0,1.0,31.0,4.0,4.0,4.0,4.0,1.0,2.0,2.0,1.0,2.0,4.0,4.0,4.0,4.0,4.0,1.0,2.0,5.0,4.0,2.0,5.0,4.0,4.0,5.0,4.0,96.0,96.0,96.0,96.0,1.0,4.0,2.0,4.0,4.0,1.0,5.0,3.0,1.0,,3.0,1.0,,2.0,3.0,2.0,3.0,2.0,,1.0,96.0,2.0,98.0
21.0,3300.0,2020-10-13,21014.0,3.0,1.400200610596688,55.0,2.0,1.0,1.0,4.0,,4.0,1.0,2.0,4.0,4.0,4.0,,,2.0,1.0,4.0,4.0,4.0,4.0,4.0,4.0,4.0,1.0,7.0,4.0,4.0,1.0,2.0,1.0,2.0,2.0,2.0,98.0,98.0,2.0,2.0,4.0,4.0,4.0,4.0,5.0,5.0,5.0,5.0,4.0,4.0,6.0,98.0,98.0,98.0,98.0,98.0,98.0,98.0,98.0,3.0,4.0,1.0,7.0,4.0,,,4.0,1.0,,1.0,2.0,2.0,1.0,2.0,,6.0,,3.0,3.0
21.0,2516.0,2020-10-12,21022.0,1.0,1.544392564611708,28.0,1.0,15.0,1.0,1.0,,4.0,5.0,1.0,4.0,3.0,4.0,,,3.0,2.0,2.0,3.0,3.0,3.0,98.0,3.0,2.0,1.0,30.0,4.0,4.0,3.0,2.0,2.0,1.0,1.0,1.0,2.0,4.0,1.0,2.0,4.0,4.0,1.0,3.0,5.0,2.0,1.0,4.0,4.0,4.0,6.0,4.0,2.0,96.0,2.0,2.0,96.0,4.0,4.0,4.0,1.0,,5.0,2.0,,2.0,2.0,1.0,,2.0,2.0,2.0,1.0,2.0,,2.0,1.0,4.0,4.0
21.0,1585.0,2020-10-11,21023.0,3.0,1.4392330315604052,40.0,1.0,2.0,1.0,6.0,,4.0,4.0,1.0,4.0,1.0,4.0,,,1.0,1.0,3.0,4.0,4.0,4.0,4.0,4.0,4.0,3.0,30.0,4.0,4.0,1.0,1.0,1.0,2.0,1.0,2.0,1.0,4.0,1.0,1.0,4.0,4.0,1.0,4.0,5.0,98.0,4.0,2.0,4.0,4.0,2.0,4.0,2.0,2.0,96.0,2.0,2.0,4.0,4.0,4.0,4.0,1.0,9.0,2.0,,2.0,4.0,1.0,,1.0,3.0,2.0,1.0,2.0,,2.0,3.0,1.0,98.0
21.0,1318.0,2020-10-10,21004.0,3.0,1.2102230286437996,21.0,1.0,15.0,2.0,3.0,,4.0,1.0,4.0,4.0,1.0,2.0,,,1.0,1.0,2.0,4.0,3.0,4.0,4.0,4.0,4.0,1.0,35.0,4.0,4.0,2.0,4.0,2.0,1.0,2.0,1.0,2.0,2.0,2.0,2.0,2.0,2.0,2.0,2.0,5.0,3.0,1.0,1.0,4.0,4.0,3.0,4.0,2.0,98.0,2.0,98.0,2.0,4.0,4.0,4.0,1.0,,4.0,1.0,,2.0,2.0,1.0,,2.0,3.0,2.0,2.0,2.0,,1.0,3.0,2.0,98.0
21.0,2421.0,2020-10-12,21005.0,2.0,1.468096004226542,28.0,1.0,15.0,4.0,,2.0,4.0,3.0,5.0,4.0,4.0,4.0,,,4.0,3.0,4.0,4.0,4.0,4.0,4.0,4.0,4.0,3.0,6.0,4.0,3.0,4.0,99.0,4.0,4.0,4.0,1.0,1.0,4.0,1.0,1.0,4.0,1.0,4.0,1.0,5.0,1.0,5.0,1.0,99.0,99.0,3.0,99.0,99.0,99.0,99.0,99.0,99.0,4.0,4.0,3.0,1.0,,8.0,6.0,,,2.0,1.0,,3.0,3.0,2.0,5.0,2.0,,1.0,2.0,4.0,4.0
21.0,1676.0,2020-10-11,21017.0,3.0,1.3545850493766831,51.0,1.0,7.0,4.0,,6.0,4.0,3.0,1.0,4.0,1.0,4.0,,,2.0,1.0,3.0,4.0,4.0,4.0,4.0,4.0,4.0,1.0,36.0,4.0,4.0,2.0,2.0,3.0,3.0,3.0,4.0,2.0,4.0,3.0,3.0,4.0,2.0,4.0,2.0,5.0,2.0,5.0,3.0,4.0,4.0,1.0,4.0,2.0,2.0,2.0,2.0,2.0,4.0,99.0,4.0,1.0,,1.0,2.0,,2.0,3.0,1.0,,1.0,4.0,2.0,1.0,2.0,,1.0,98.0,2.0,99.0
21.0,1157.0,2020-10-10,21001.0,2.0,1.3333870636132648,54.0,1.0,1.0,4.0,,4.0,2.0,1.0,2.0,4.0,3.0,98.0,,,3.0,1.0,3.0,2.0,2.0,2.0,2.0,1.0,1.0,2.0,98.0,1.0,2.0,2.0,2.0,2.0,2.0,1.0,2.0,2.0,2.0,2.0,2.0,3.0,1.0,2.0,1.0,2.0,2.0,98.0,2.0,3.0,2.0,3.0,1.0,98.0,98.0,1.0,98.0,98.0,4.0,1.0,4.0,4.0,1.0,4.0,1.0,,2.0,2.0,1.0,,1.0,3.0,2.0,1.0,2.0,,6.0,,1.0,1.0
21.0,4962.0,2020-10-15,21005.0,3.0,1.3243968999812707,50.0,2.0,1.0,3.0,,6.0,4.0,3.0,4.0,4.0,4.0,4.0,,,4.0,4.0,4.0,4.0,4.0,4.0,4.0,4.0,4.0,3.0,98.0,4.0,4.0,4.0,4.0,4.0,4.0,4.0,4.0,3.0,3.0,4.0,4.0,4.0,4.0,4.0,4.0,5.0,5.0,5.0,5.0,4.0,4.0,1.0,3.0,96.0,96.0,96.0,96.0,96.0,3.0,3.0,3.0,4.0,1.0,5.0,4.0,,,3.0,1.0,,2.0,3.0,2.0,1.0,2.0,,4.0,96.0,97.0,97.0
21.0,2796.0,2020-10-13,21001.0,1.0,1.549667049490395,66.0,2.0,15.0,1.0,3.0,,4.0,5.0,5.0,4.0,3.0,3.0,,,3.0,1.0,3.0,4.0,4.0,3.0,3.0,4.0,4.0,1.0,35.0,4.0,2.0,2.0,4.0,3.0,3.0,2.0,4.0,4.0,1.0,1.0,2.0,1.0,98.0,4.0,2.0,4.0,5.0,99.0,5.0,2.0,4.0,5.0,4.0,1.0,1.0,2.0,2.0,2.0,4.0,3.0,4.0,7.0,1.0,4.0,4.0,,,2.0,1.0,,1.0,3.0,2.0,1.0,2.0,,3.0,96.0,2.0,4.0
21.0,1919.0,2020-10-11,21016.0,1.0,1.3260876899655287,20.0,1.0,15.0,1.0,5.0,,3.0,1.0,4.0,3.0,4.0,2.0,,,4.0,2.0,2.0,2.0,2.0,2.0,2.0,2.0,3.0,1.0,13.0,4.0,2.0,1.0,2.0,4.0,3.0,1.0,1.0,4.0,1.0,4.0,2.0,2.0,2.0,4.0,4.0,4.0,2.0,2.0,2.0,3.0,3.0,4.0,3.0,2.0,2.0,2.0,2.0,2.0,3.0,4.0,3.0,1.0,,5.0,1.0,,1.0,4.0,1.0,,3.0,5.0,2.0,1.0,2.0,,1.0,3.0,4.0,4.0
21.0,2092.0,2020-10-12,21006.0,2.0,1.5530027755916227,29.0,1.0,2.0,2.0,1.0,,4.0,1.0,2.0,4.0,2.0,4.0,,,2.0,1.0,3.0,4.0,4.0,4.0,4.0,3.0,4.0,1.0,13.0,4.0,4.0,2.0,2.0,2.0,1.0,2.0,2.0,2.0,1.0,2.0,4.0,98.0,3.0,2.0,2.0,5.0,2.0,4.0,4.0,2.0,1.0,3.0,2.0,2.0,2.0,2.0,2.0,2.0,4.0,1.0,4.0,1.0,,6.0,1.0,,2.0,3.0,1.0,,2.0,3.0,2.0,2.0,2.0,,2.0,2.0,1.0,4.0
21.0,205.0,2020-10-07,21001.0,2.0,1.5177586579699514,25.0,1.0,1.0,4.0,,4.0,4.0,1.0,3.0,3.0,1.0,4.0,,,4.0,2.0,4.0,4.0,4.0,4.0,4.0,4.0,4.0,1.0,18.0,4.0,3.0,2.0,4.0,4.0,2.0,3.0,1.0,2.0,1.0,1.0,2.0,4.0,2.0,1.0,4.0,5.0,2.0,1.0,1.0,2.0,1.0,3.0,3.0,2.0,2.0,2.0,2.0,2.0,3.0,3.0,3.0,1.0,,6.0,2.0,,2.0,4.0,1.0,,3.0,5.0,2.0,1.0,2.0,,5.0,3.0,2.0,2.0
21.0,795.0,2020-10-08,21016.0,1.0,1.4890511630683034,30.0,1.0,15.0,2.0,5.0,,4.0,3.0,3.0,1.0,1.0,4.0,,,4.0,2.0,3.0,3.0,4.0,4.0,4.0,4.0,4.0,1.0,35.0,4.0,4.0,3.0,2.0,3.0,1.0,1.0,1.0,2.0,1.0,4.0,1.0,4.0,4.0,2.0,3.0,5.0,5.0,2.0,5.0,4.0,4.0,3.0,3.0,2.0,2.0,2.0,2.0,2.0,4.0,4.0,4.0,1.0,,5.0,6.0,,,4.0,1.0,,2.0,3.0,2.0,1.0,2.0,,2.0,3.0,1.0,1.0
21.0,4552.0,2020-10-15,21018.0,2.0,1.833917852775861,33.0,2.0,6.0,2.0,1.0,,4.0,3.0,2.0,3.0,4.0,4.0,,,3.0,4.0,4.0,4.0,4.0,4.0,4.0,4.0,4.0,1.0,13.0,4.0,4.0,4.0,4.0,4.0,4.0,4.0,4.0,4.0,4.0,4.0,4.0,4.0,4.0,4.0,4.0,5.0,5.0,5.0,5.0,4.0,4.0,1.0,4.0,98.0,96.0,96.0,96.0,96.0,4.0,2.0,5.0,4.0,1.0,47.0,4.0,,,3.0,1.0,,2.0,4.0,2.0,1.0,2.0,,4.0,3.0,3.0,4.0
21.0,2071.0,2020-10-12,21005.0,1.0,1.498960319739731,60.0,2.0,1.0,1.0,7.0,,4.0,5.0,2.0,1.0,3.0,4.0,,,4.0,1.0,4.0,4.0,4.0,4.0,4.0,4.0,4.0,1.0,9.0,4.0,3.0,4.0,4.0,4.0,1.0,1.0,1.0,2.0,1.0,1.0,1.0,4.0,4.0,4.0,1.0,5.0,4.0,5.0,4.0,4.0,3.0,5.0,1.0,2.0,2.0,2.0,2.0,96.0,4.0,1.0,4.0,5.0,1.0,2.0,4.0,,,4.0,1.0,,3.0,2.0,2.0,1.0,2.0,,1.0,96.0,4.0,98.0
21.0,1848.0,2020-10-11,21002.0,1.0,1.7388928361040812,33.0,1.0,6.0,1.0,5.0,,4.0,3.0,2.0,2.0,2.0,4.0,,,4.0,1.0,4.0,2.0,2.0,4.0,4.0,4.0,4.0,1.0,6.0,4.0,4.0,2.0,2.0,2.0,2.0,4.0,1.0,1.0,4.0,4.0,3.0,4.0,4.0,3.0,4.0,5.0,5.0,4.0,5.0,1.0,4.0,5.0,1.0,1.0,98.0,2.0,1.0,99.0,4.0,1.0,4.0,6.0,2.0,6.0,6.0,,,4.0,1.0,,1.0,3.0,2.0,1.0,2.0,,4.0,3.0,2.0,98.0
21.0,2861.0,2020-10-13,21016.0,3.0,1.529043358402933,31.0,2.0,15.0,2.0,1.0,,4.0,3.0,2.0,2.0,4.0,3.0,,,4.0,1.0,1.0,3.0,4.0,4.0,4.0,4.0,4.0,2.0,98.0,4.0,2.0,4.0,4.0,4.0,2.0,1.0,2.0,2.0,1.0,2.0,2.0,4.0,4.0,1.0,4.0,5.0,5.0,1.0,5.0,1.0,1.0,1.0,4.0,2.0,2.0,2.0,2.0,2.0,4.0,4.0,4.0,4.0,2.0,2.0,4.0,,,4.0,1.0,,1.0,5.0,2.0,1.0,2.0,,6.0,,4.0,4.0
21.0,1771.0,2020-10-11,21017.0,1.0,1.3731417848565184,21.0,1.0,1.0,2.0,3.0,,4.0,6.0,2.0,4.0,4.0,4.0,,,4.0,3.0,4.0,4.0,4.0,4.0,4.0,3.0,3.0,1.0,14.0,4.0,4.0,3.0,2.0,4.0,1.0,3.0,3.0,2.0,4.0,2.0,2.0,3.0,99.0,2.0,1.0,5.0,5.0,5.0,98.0,4.0,2.0,1.0,4.0,98.0,96.0,96.0,2.0,98.0,4.0,4.0,4.0,1.0,,5.0,2.0,,2.0,2.0,1.0,,3.0,3.0,2.0,10.0,2.0,,1.0,99.0,4.0,98.0
21.0,93.0,2020-10-06,21006.0,2.0,1.409603149715628,35.0,2.0,15.0,1.0,2.0,,4.0,3.0,1.0,4.0,3.0,3.0,,,1.0,1.0,3.0,3.0,4.0,3.0,4.0,1.0,4.0,1.0,18.0,4.0,4.0,4.0,3.0,2.0,1.0,3.0,1.0,3.0,4.0,2.0,2.0,1.0,3.0,2.0,3.0,5.0,5.0,2.0,2.0,1.0,3.0,3.0,2.0,2.0,2.0,2.0,2.0,2.0,3.0,4.0,4.0,4.0,1.0,6.0,6.0,,,3.0,1.0,,2.0,3.0,2.0,1.0,2.0,,1.0,2.0,1.0,4.0
21.0,4170.0,2020-10-14,21007.0,3.0,1.48479038199513,34.0,2.0,1.0,1.0,1.0,,4.0,3.0,2.0,3.0,3.0,2.0,,,2.0,2.0,2.0,2.0,2.0,2.0,2.0,3.0,2.0,2.0,20.0,4.0,4.0,1.0,1.0,2.0,1.0,2.0,1.0,2.0,3.0,2.0,2.0,4.0,3.0,2.0,3.0,5.0,3.0,4.0,4.0,4.0,4.0,3.0,4.0,96.0,96.0,96.0,96.0,96.0,4.0,98.0,5.0,4.0,1.0,5.0,4.0,,,1.0,1.0,,2.0,3.0,2.0,2.0,2.0,,2.0,1.0,1.0,1.0
21.0,966.0,2020-10-09,21011.0,3.0,1.5026503800331472,33.0,1.0,15.0,1.0,1.0,,4.0,1.0,1.0,3.0,2.0,4.0,,,4.0,1.0,3.0,3.0,4.0,4.0,4.0,4.0,4.0,1.0,98.0,1.0,1.0,1.0,1.0,1.0,2.0,2.0,4.0,3.0,1.0,2.0,4.0,4.0,4.0,4.0,4.0,5.0,5.0,2.0,2.0,2.0,2.0,1.0,4.0,2.0,2.0,2.0,2.0,2.0,1.0,2.0,4.0,4.0,1.0,4.0,6.0,,,4.0,1.0,,1.0,3.0,2.0,1.0,2.0,,1.0,3.0,2.0,98.0
21.0,4879.0,2020-10-15,21022.0,2.0,1.5768608904249861,66.0,2.0,1.0,2.0,2.0,,3.0,1.0,4.0,4.0,3.0,4.0,,,4.0,4.0,4.0,4.0,4.0,4.0,4.0,4.0,4.0,3.0,98.0,4.0,4.0,4.0,4.0,4.0,4.0,3.0,3.0,4.0,4.0,4.0,3.0,4.0,4.0,3.0,3.0,5.0,5.0,4.0,4.0,4.0,4.0,1.0,4.0,97.0,97.0,97.0,97.0,97.0,4.0,2.0,3.0,7.0,1.0,2.0,4.0,,,4.0,1.0,,2.0,3.0,2.0,1.0,2.0,,4.0,96.0,97.0,4.0
21.0,3472.0,2020-10-14,21013.0,1.0,1.531817504329153,40.0,2.0,1.0,1.0,4.0,,4.0,5.0,3.0,4.0,4.0,4.0,,,3.0,1.0,4.0,2.0,4.0,3.0,3.0,3.0,3.0,3.0,6.0,2.0,4.0,3.0,3.0,4.0,1.0,2.0,1.0,3.0,1.0,2.0,2.0,4.0,3.0,2.0,4.0,4.0,4.0,4.0,5.0,1.0,1.0,5.0,2.0,2.0,2.0,2.0,2.0,2.0,4.0,4.0,3.0,4.0,1.0,6.0,4.0,,,2.0,1.0,,2.0,4.0,2.0,1.0,2.0,,2.0,96.0,2.0,4.0
21.0,3247.0,2020-10-13,21014.0,2.0,1.4082013730677405,27.0,2.0,1.0,1.0,4.0,,4.0,1.0,2.0,4.0,4.0,4.0,,,2.0,1.0,3.0,4.0,4.0,4.0,4.0,4.0,4.0,1.0,7.0,4.0,4.0,2.0,2.0,1.0,4.0,4.0,4.0,3.0,4.0,1.0,2.0,4.0,3.0,3.0,2.0,5.0,2.0,5.0,5.0,4.0,4.0,6.0,4.0,96.0,96.0,96.0,96.0,96.0,4.0,98.0,4.0,4.0,1.0,4.0,6.0,,,4.0,1.0,,2.0,4.0,2.0,1.0,2.0,,2.0,3.0,3.0,3.0
21.0,1555.0,2020-10-11,21001.0,1.0,1.3333870636132648,49.0,1.0,15.0,1.0,1.0,,3.0,1.0,2.0,4.0,4.0,4.0,,,4.0,4.0,4.0,4.0,4.0,3.0,3.0,2.0,4.0,1.0,2.0,4.0,4.0,4.0,4.0,4.0,1.0,1.0,1.0,1.0,1.0,1.0,1.0,4.0,2.0,1.0,1.0,4.0,2.0,2.0,2.0,1.0,1.0,4.0,98.0,96.0,2.0,98.0,2.0,98.0,99.0,1.0,5.0,4.0,1.0,4.0,2.0,,3.0,1.0,1.0,,3.0,3.0,2.0,1.0,2.0,,1.0,3.0,2.0,98.0
21.0,281.0,2020-10-07,21014.0,2.0,1.2447416238235596,39.0,2.0,1.0,1.0,4.0,,4.0,6.0,1.0,4.0,3.0,4.0,,,2.0,1.0,3.0,3.0,2.0,2.0,4.0,2.0,4.0,2.0,18.0,4.0,4.0,2.0,2.0,2.0,1.0,2.0,1.0,1.0,1.0,1.0,1.0,4.0,2.0,4.0,4.0,5.0,5.0,5.0,5.0,1.0,1.0,3.0,1.0,2.0,2.0,2.0,2.0,2.0,4.0,4.0,4.0,4.0,1.0,3.0,2.0,,2.0,4.0,1.0,,2.0,3.0,1.0,3.0,2.0,,3.0,3.0,2.0,98.0
21.0,3358.0,2020-10-13,21004.0,1.0,1.2334666701958987,40.0,2.0,1.0,1.0,1.0,,4.0,1.0,2.0,4.0,4.0,4.0,,,3.0,2.0,4.0,4.0,4.0,4.0,4.0,4.0,4.0,1.0,7.0,4.0,4.0,1.0,2.0,1.0,1.0,2.0,1.0,2.0,2.0,2.0,1.0,4.0,2.0,2.0,3.0,5.0,5.0,5.0,5.0,4.0,4.0,4.0,3.0,96.0,96.0,96.0,96.0,96.0,4.0,98.0,4.0,4.0,1.0,5.0,4.0,,,3.0,1.0,,2.0,3.0,2.0,1.0,2.0,,2.0,96.0,2.0,98.0
21.0,1734.0,2020-10-11,21010.0,1.0,1.454878795206636,25.0,2.0,15.0,1.0,4.0,,4.0,3.0,1.0,3.0,3.0,3.0,,,2.0,1.0,3.0,3.0,3.0,1.0,1.0,98.0,2.0,99.0,32.0,4.0,4.0,2.0,2.0,2.0,1.0,1.0,4.0,2.0,2.0,2.0,2.0,2.0,2.0,2.0,4.0,2.0,1.0,2.0,2.0,2.0,1.0,2.0,2.0,1.0,99.0,2.0,2.0,1.0,4.0,4.0,3.0,3.0,2.0,8.0,4.0,,,3.0,1.0,,3.0,4.0,2.0,1.0,2.0,,1.0,3.0,1.0,1.0
21.0,1684.0,2020-10-11,21014.0,2.0,1.2121853526834852,43.0,1.0,2.0,3.0,,98.0,4.0,1.0,2.0,4.0,4.0,4.0,,,4.0,3.0,3.0,3.0,3.0,4.0,3.0,4.0,3.0,1.0,13.0,4.0,4.0,4.0,4.0,4.0,1.0,1.0,3.0,4.0,1.0,1.0,1.0,2.0,1.0,2.0,2.0,5.0,5.0,2.0,4.0,2.0,2.0,3.0,1.0,2.0,96.0,2.0,98.0,96.0,3.0,4.0,4.0,4.0,1.0,6.0,2.0,,2.0,2.0,1.0,,2.0,1.0,2.0,1.0,2.0,,1.0,2.0,2.0,2.0
21.0,2397.0,2020-10-12,21014.0,2.0,1.2447416238235596,37.0,2.0,12.0,1.0,1.0,,4.0,1.0,4.0,1.0,4.0,4.0,,,2.0,1.0,3.0,2.0,4.0,4.0,2.0,4.0,4.0,1.0,33.0,4.0,4.0,3.0,3.0,4.0,2.0,3.0,2.0,4.0,1.0,1.0,3.0,4.0,4.0,1.0,4.0,5.0,5.0,1.0,5.0,4.0,2.0,1.0,2.0,2.0,2.0,2.0,2.0,2.0,4.0,4.0,4.0,4.0,1.0,5.0,4.0,,,4.0,1.0,,1.0,1.0,2.0,1.0,2.0,,3.0,3.0,4.0,4.0
21.0,2446.0,2020-10-12,21009.0,1.0,1.2235108954417642,22.0,1.0,1.0,4.0,,1.0,3.0,5.0,6.0,4.0,4.0,4.0,,,4.0,2.0,4.0,2.0,4.0,2.0,4.0,3.0,3.0,1.0,8.0,1.0,1.0,4.0,2.0,4.0,4.0,4.0,2.0,4.0,1.0,1.0,2.0,1.0,2.0,4.0,2.0,2.0,2.0,4.0,4.0,2.0,2.0,5.0,4.0,1.0,1.0,1.0,1.0,1.0,1.0,1.0,4.0,1.0,,5.0,1.0,,2.0,2.0,1.0,,2.0,5.0,2.0,7.0,1.0,,1.0,3.0,4.0,4.0
21.0,185.0,2020-10-07,21006.0,1.0,1.3830403644094813,21.0,1.0,1.0,4.0,,4.0,4.0,5.0,2.0,4.0,1.0,3.0,,,4.0,1.0,4.0,4.0,2.0,4.0,1.0,4.0,1.0,2.0,99.0,2.0,2.0,3.0,2.0,1.0,4.0,1.0,1.0,4.0,3.0,1.0,4.0,1.0,1.0,1.0,4.0,1.0,5.0,1.0,5.0,4.0,1.0,3.0,4.0,1.0,1.0,2.0,1.0,1.0,1.0,3.0,4.0,1.0,,4.0,6.0,,,4.0,1.0,,3.0,5.0,1.0,4.0,2.0,,2.0,3.0,4.0,2.0
21.0,3375.0,2020-10-13,21024.0,2.0,1.309907973976768,21.0,2.0,15.0,2.0,1.0,,3.0,4.0,2.0,3.0,3.0,3.0,,,3.0,1.0,4.0,3.0,3.0,3.0,2.0,3.0,3.0,3.0,2.0,4.0,3.0,3.0,2.0,3.0,2.0,2.0,3.0,1.0,3.0,3.0,3.0,4.0,2.0,2.0,4.0,4.0,4.0,2.0,2.0,4.0,2.0,1.0,3.0,1.0,1.0,1.0,1.0,1.0,4.0,3.0,4.0,1.0,,8.0,6.0,,,2.0,1.0,,2.0,5.0,2.0,1.0,2.0,,1.0,3.0,2.0,98.0
21.0,2247.0,2020-10-12,21009.0,2.0,1.2143941508966898,36.0,1.0,1.0,1.0,6.0,,4.0,1.0,2.0,1.0,2.0,4.0,,,4.0,1.0,4.0,4.0,4.0,4.0,4.0,4.0,4.0,1.0,98.0,4.0,2.0,4.0,4.0,4.0,3.0,1.0,1.0,4.0,1.0,98.0,4.0,4.0,2.0,4.0,1.0,5.0,1.0,5.0,2.0,4.0,4.0,3.0,1.0,2.0,2.0,2.0,2.0,2.0,3.0,4.0,4.0,1.0,,5.0,2.0,,2.0,4.0,1.0,,3.0,1.0,2.0,1.0,2.0,,6.0,,3.0,3.0
21.0,2773.0,2020-10-13,21001.0,1.0,1.3691985100076307,45.0,2.0,1.0,2.0,5.0,,4.0,3.0,2.0,3.0,3.0,4.0,,,3.0,1.0,4.0,4.0,4.0,4.0,4.0,4.0,4.0,1.0,6.0,4.0,4.0,3.0,3.0,3.0,3.0,3.0,1.0,1.0,3.0,1.0,1.0,3.0,3.0,2.0,3.0,5.0,4.0,2.0,4.0,4.0,4.0,1.0,3.0,2.0,2.0,2.0,2.0,2.0,4.0,2.0,5.0,4.0,2.0,2.0,4.0,,,4.0,1.0,,1.0,3.0,2.0,2.0,2.0,,2.0,3.0,2.0,98.0
21.0,2258.0,2020-10-12,21001.0,2.0,1.377613368377645,44.0,2.0,15.0,1.0,1.0,,4.0,2.0,2.0,4.0,4.0,4.0,,,2.0,1.0,3.0,4.0,4.0,4.0,4.0,3.0,3.0,2.0,14.0,4.0,2.0,3.0,4.0,2.0,2.0,1.0,1.0,4.0,1.0,4.0,3.0,4.0,3.0,1.0,1.0,5.0,2.0,1.0,2.0,4.0,3.0,3.0,4.0,2.0,2.0,2.0,2.0,2.0,99.0,1.0,5.0,4.0,1.0,4.0,1.0,,2.0,2.0,1.0,,1.0,3.0,2.0,1.0,2.0,,1.0,96.0,2.0,2.0
21.0,2817.0,2020-10-13,21019.0,1.0,1.7680840067574821,56.0,2.0,2.0,2.0,6.0,,3.0,4.0,1.0,4.0,1.0,4.0,,,2.0,1.0,4.0,3.0,3.0,3.0,3.0,2.0,3.0,1.0,6.0,4.0,3.0,2.0,2.0,2.0,1.0,1.0,1.0,1.0,4.0,1.0,1.0,4.0,2.0,4.0,98.0,4.0,2.0,5.0,2.0,4.0,3.0,5.0,98.0,2.0,98.0,98.0,98.0,2.0,3.0,1.0,4.0,4.0,1.0,5.0,4.0,,,3.0,1.0,,2.0,5.0,2.0,1.0,1.0,,1.0,3.0,2.0,2.0
21.0,2457.0,2020-10-12,21009.0,1.0,1.2470097448402957,40.0,2.0,15.0,1.0,4.0,,4.0,4.0,2.0,3.0,3.0,4.0,,,2.0,2.0,1.0,4.0,4.0,3.0,3.0,4.0,3.0,1.0,2.0,4.0,4.0,2.0,2.0,2.0,2.0,2.0,1.0,3.0,1.0,2.0,2.0,4.0,2.0,4.0,4.0,5.0,5.0,5.0,5.0,4.0,4.0,6.0,4.0,2.0,2.0,2.0,2.0,2.0,4.0,3.0,4.0,4.0,1.0,5.0,1.0,,1.0,3.0,1.0,,1.0,5.0,2.0,1.0,2.0,,4.0,3.0,2.0,4.0
21.0,2064.0,2020-10-12,21001.0,1.0,1.3333870636132648,45.0,1.0,2.0,4.0,,6.0,4.0,4.0,1.0,4.0,1.0,4.0,,,3.0,3.0,3.0,4.0,2.0,4.0,4.0,4.0,2.0,1.0,6.0,4.0,4.0,4.0,4.0,2.0,1.0,4.0,4.0,3.0,4.0,1.0,4.0,4.0,4.0,4.0,4.0,5.0,4.0,2.0,2.0,4.0,1.0,3.0,1.0,2.0,2.0,2.0,2.0,2.0,4.0,3.0,4.0,4.0,1.0,4.0,1.0,,2.0,3.0,1.0,,1.0,2.0,2.0,1.0,1.0,,2.0,96.0,3.0,4.0
21.0,1803.0,2020-10-11,21016.0,2.0,1.3162066151350356,40.0,1.0,1.0,1.0,5.0,,4.0,4.0,1.0,3.0,3.0,3.0,,,3.0,1.0,2.0,4.0,4.0,4.0,4.0,1.0,4.0,1.0,37.0,4.0,4.0,2.0,2.0,2.0,1.0,3.0,2.0,3.0,1.0,4.0,4.0,2.0,2.0,1.0,4.0,5.0,2.0,1.0,4.0,4.0,2.0,3.0,4.0,2.0,2.0,2.0,1.0,2.0,4.0,4.0,4.0,4.0,1.0,5.0,2.0,,2.0,4.0,1.0,,2.0,1.0,2.0,2.0,2.0,,2.0,3.0,2.0,98.0
21.0,460.0,2020-10-07,21010.0,2.0,1.408776611399249,57.0,1.0,1.0,3.0,,6.0,2.0,1.0,1.0,4.0,2.0,2.0,,,2.0,1.0,2.0,2.0,4.0,2.0,2.0,2.0,3.0,3.0,7.0,98.0,2.0,1.0,2.0,1.0,1.0,4.0,1.0,2.0,98.0,4.0,1.0,4.0,2.0,3.0,1.0,5.0,1.0,1.0,1.0,3.0,1.0,6.0,2.0,2.0,2.0,2.0,2.0,2.0,4.0,4.0,4.0,4.0,1.0,4.0,1.0,,1.0,3.0,1.0,,1.0,2.0,2.0,2.0,2.0,,1.0,96.0,1.0,1.0
21.0,4869.0,2020-10-15,21017.0,3.0,1.583299009686899,25.0,2.0,1.0,1.0,4.0,,4.0,3.0,1.0,4.0,4.0,2.0,,,2.0,2.0,2.0,4.0,3.0,4.0,4.0,4.0,4.0,2.0,98.0,4.0,4.0,1.0,1.0,1.0,1.0,1.0,1.0,2.0,4.0,2.0,2.0,4.0,4.0,4.0,4.0,5.0,5.0,5.0,5.0,4.0,4.0,3.0,4.0,2.0,2.0,2.0,2.0,2.0,4.0,4.0,3.0,1.0,,6.0,6.0,,,3.0,1.0,,2.0,3.0,2.0,1.0,2.0,,1.0,3.0,1.0,1.0
21.0,1025.0,2020-10-09,21012.0,1.0,1.4142388249639593,36.0,2.0,1.0,1.0,1.0,,4.0,1.0,1.0,1.0,2.0,2.0,,,3.0,1.0,2.0,2.0,1.0,2.0,2.0,2.0,3.0,2.0,18.0,2.0,2.0,3.0,4.0,2.0,2.0,1.0,1.0,3.0,2.0,3.0,3.0,1.0,2.0,2.0,3.0,4.0,2.0,2.0,2.0,1.0,1.0,5.0,4.0,2.0,2.0,2.0,1.0,2.0,4.0,3.0,4.0,1.0,,5.0,6.0,,,4.0,1.0,,1.0,1.0,2.0,1.0,2.0,,3.0,3.0,3.0,4.0
21.0,221.0,2020-10-07,21001.0,1.0,1.5177586579699514,30.0,1.0,2.0,1.0,5.0,,4.0,4.0,1.0,1.0,3.0,4.0,,,3.0,2.0,3.0,3.0,3.0,4.0,3.0,4.0,2.0,1.0,17.0,4.0,4.0,2.0,4.0,2.0,2.0,1.0,3.0,2.0,3.0,1.0,1.0,2.0,2.0,2.0,2.0,4.0,4.0,2.0,2.0,3.0,2.0,1.0,2.0,1.0,1.0,2.0,2.0,1.0,1.0,4.0,3.0,4.0,2.0,9.0,7.0,,,4.0,1.0,,1.0,2.0,2.0,1.0,2.0,,1.0,2.0,4.0,4.0
21.0,132.0,2020-10-07,21016.0,1.0,1.4805910487048288,59.0,1.0,15.0,1.0,3.0,,4.0,6.0,2.0,4.0,98.0,3.0,,,1.0,1.0,3.0,3.0,3.0,3.0,4.0,2.0,2.0,1.0,14.0,4.0,4.0,1.0,2.0,2.0,4.0,2.0,1.0,3.0,1.0,1.0,1.0,4.0,4.0,4.0,2.0,5.0,98.0,5.0,2.0,1.0,3.0,6.0,4.0,2.0,2.0,98.0,98.0,1.0,4.0,3.0,4.0,4.0,1.0,6.0,2.0,,,2.0,1.0,,2.0,98.0,2.0,1.0,2.0,,6.0,,4.0,98.0
21.0,558.0,2020-10-07,21005.0,3.0,1.3425400818764024,18.0,2.0,15.0,2.0,4.0,,4.0,4.0,4.0,3.0,4.0,3.0,,,3.0,1.0,3.0,4.0,3.0,4.0,3.0,4.0,4.0,2.0,6.0,3.0,4.0,2.0,2.0,2.0,1.0,1.0,1.0,2.0,4.0,2.0,2.0,2.0,2.0,2.0,4.0,2.0,2.0,2.0,2.0,1.0,2.0,3.0,2.0,2.0,2.0,2.0,2.0,2.0,1.0,2.0,4.0,1.0,,6.0,5.0,,,4.0,1.0,,2.0,2.0,2.0,1.0,2.0,,4.0,2.0,2.0,2.0
21.0,236.0,2020-10-07,21014.0,1.0,1.204780976176128,53.0,1.0,2.0,2.0,1.0,,4.0,6.0,2.0,1.0,1.0,3.0,,,4.0,1.0,3.0,4.0,4.0,3.0,3.0,4.0,2.0,1.0,6.0,4.0,4.0,4.0,1.0,4.0,1.0,1.0,1.0,4.0,3.0,1.0,2.0,3.0,4.0,4.0,1.0,5.0,2.0,5.0,2.0,4.0,4.0,6.0,4.0,2.0,2.0,2.0,2.0,2.0,4.0,3.0,4.0,4.0,1.0,9.0,7.0,,,4.0,1.0,,2.0,5.0,2.0,2.0,2.0,,6.0,,4.0,1.0
21.0,385.0,2020-10-07,21016.0,3.0,1.3617030934139032,19.0,2.0,15.0,1.0,1.0,,4.0,1.0,98.0,2.0,2.0,4.0,,,3.0,1.0,3.0,4.0,3.0,4.0,4.0,2.0,2.0,2.0,5.0,4.0,4.0,2.0,3.0,2.0,1.0,2.0,1.0,2.0,2.0,1.0,2.0,4.0,4.0,3.0,3.0,5.0,2.0,2.0,2.0,1.0,2.0,3.0,2.0,2.0,2.0,2.0,2.0,2.0,3.0,3.0,3.0,3.0,2.0,7.0,4.0,,,4.0,1.0,,2.0,3.0,2.0,1.0,2.0,,6.0,,2.0,98.0
21.0,3727.0,2020-10-14,21017.0,3.0,1.583299009686899,32.0,2.0,15.0,2.0,1.0,,4.0,1.0,1.0,3.0,1.0,3.0,,,4.0,1.0,3.0,3.0,3.0,3.0,3.0,3.0,4.0,1.0,2.0,3.0,3.0,3.0,3.0,4.0,2.0,2.0,3.0,2.0,2.0,2.0,2.0,3.0,2.0,2.0,4.0,4.0,5.0,2.0,2.0,3.0,3.0,3.0,2.0,1.0,1.0,1.0,1.0,1.0,2.0,4.0,4.0,1.0,,6.0,5.0,,,2.0,1.0,,2.0,1.0,2.0,2.0,2.0,,1.0,3.0,2.0,2.0
21.0,4967.0,2020-10-15,21022.0,1.0,1.3932254559901702,47.0,2.0,1.0,1.0,4.0,,4.0,2.0,1.0,3.0,3.0,2.0,,,2.0,2.0,2.0,3.0,3.0,4.0,4.0,4.0,4.0,2.0,98.0,4.0,4.0,1.0,1.0,1.0,1.0,1.0,1.0,2.0,2.0,2.0,2.0,4.0,4.0,4.0,4.0,5.0,5.0,5.0,5.0,4.0,4.0,3.0,4.0,96.0,96.0,96.0,96.0,96.0,4.0,4.0,4.0,4.0,1.0,5.0,4.0,,,3.0,1.0,,2.0,3.0,2.0,1.0,2.0,,3.0,3.0,1.0,1.0
21.0,2122.0,2020-10-12,21015.0,3.0,1.8448700230627897,65.0,1.0,2.0,3.0,,7.0,4.0,4.0,1.0,2.0,4.0,98.0,,,4.0,1.0,3.0,4.0,1.0,4.0,2.0,2.0,1.0,1.0,98.0,4.0,4.0,1.0,1.0,4.0,1.0,1.0,1.0,2.0,1.0,1.0,1.0,4.0,4.0,98.0,2.0,98.0,98.0,2.0,98.0,1.0,1.0,6.0,98.0,98.0,2.0,2.0,98.0,2.0,4.0,4.0,4.0,4.0,1.0,8.0,3.0,1.0,,3.0,1.0,,1.0,4.0,2.0,2.0,2.0,,6.0,,1.0,98.0
21.0,793.0,2020-10-08,21003.0,1.0,1.4589096465330735,52.0,2.0,6.0,2.0,4.0,,4.0,4.0,1.0,3.0,1.0,1.0,,,2.0,1.0,1.0,4.0,4.0,98.0,3.0,4.0,2.0,1.0,2.0,4.0,4.0,1.0,2.0,1.0,1.0,2.0,1.0,2.0,1.0,3.0,4.0,1.0,1.0,1.0,1.0,4.0,1.0,4.0,5.0,1.0,1.0,5.0,4.0,2.0,2.0,2.0,2.0,2.0,4.0,4.0,4.0,4.0,1.0,4.0,6.0,,,3.0,1.0,,2.0,3.0,2.0,1.0,2.0,,6.0,,1.0,99.0
21.0,16.0,2020-10-06,21004.0,1.0,1.2334666701958987,35.0,2.0,15.0,1.0,6.0,,3.0,3.0,2.0,2.0,1.0,3.0,,,1.0,1.0,2.0,3.0,2.0,3.0,3.0,3.0,2.0,2.0,1.0,4.0,3.0,2.0,4.0,4.0,1.0,1.0,2.0,2.0,4.0,1.0,3.0,3.0,3.0,2.0,3.0,5.0,2.0,1.0,2.0,2.0,1.0,3.0,2.0,2.0,2.0,2.0,2.0,2.0,3.0,4.0,4.0,4.0,1.0,5.0,4.0,,,3.0,1.0,,1.0,3.0,1.0,2.0,2.0,,2.0,3.0,1.0,2.0
21.0,57.0,2020-10-06,21003.0,1.0,1.6512026494999499,76.0,2.0,15.0,2.0,4.0,,3.0,5.0,2.0,4.0,4.0,3.0,,,3.0,1.0,3.0,3.0,3.0,98.0,3.0,3.0,3.0,1.0,4.0,3.0,3.0,3.0,1.0,2.0,1.0,2.0,1.0,2.0,3.0,4.0,4.0,4.0,3.0,4.0,2.0,5.0,98.0,4.0,98.0,1.0,1.0,1.0,98.0,98.0,2.0,2.0,2.0,2.0,4.0,1.0,4.0,7.0,1.0,15.0,3.0,1.0,,2.0,1.0,,2.0,5.0,2.0,2.0,2.0,,6.0,,4.0,4.0
21.0,3355.0,2020-10-13,21006.0,1.0,1.5947125515194713,31.0,2.0,1.0,1.0,1.0,,4.0,3.0,2.0,2.0,1.0,3.0,,,3.0,2.0,2.0,4.0,4.0,1.0,3.0,3.0,3.0,2.0,98.0,2.0,4.0,4.0,4.0,1.0,3.0,4.0,4.0,1.0,4.0,2.0,4.0,4.0,2.0,98.0,4.0,3.0,5.0,3.0,3.0,1.0,2.0,3.0,4.0,1.0,2.0,98.0,1.0,2.0,4.0,4.0,3.0,4.0,1.0,3.0,4.0,,,3.0,1.0,,1.0,4.0,2.0,1.0,2.0,,1.0,3.0,1.0,1.0
21.0,628.0,2020-10-08,21017.0,3.0,1.5331274474872647,62.0,1.0,15.0,4.0,,6.0,2.0,5.0,6.0,4.0,4.0,2.0,,,2.0,1.0,1.0,4.0,2.0,3.0,2.0,2.0,2.0,2.0,6.0,4.0,4.0,2.0,1.0,2.0,1.0,1.0,1.0,4.0,1.0,4.0,1.0,2.0,2.0,4.0,1.0,4.0,2.0,4.0,2.0,98.0,1.0,2.0,2.0,2.0,2.0,2.0,2.0,2.0,4.0,1.0,4.0,4.0,1.0,9.0,3.0,1.0,,3.0,1.0,,1.0,3.0,2.0,2.0,2.0,,6.0,,3.0,2.0
21.0,1343.0,2020-10-10,21015.0,1.0,1.8448700230627897,60.0,1.0,2.0,1.0,6.0,,3.0,3.0,1.0,4.0,1.0,3.0,,,2.0,1.0,2.0,3.0,3.0,4.0,3.0,3.0,2.0,1.0,27.0,4.0,4.0,2.0,2.0,2.0,1.0,1.0,1.0,1.0,1.0,4.0,4.0,4.0,2.0,2.0,1.0,5.0,2.0,2.0,2.0,4.0,4.0,6.0,4.0,2.0,2.0,2.0,2.0,2.0,4.0,1.0,4.0,4.0,1.0,6.0,1.0,,1.0,3.0,1.0,,1.0,2.0,2.0,2.0,2.0,,6.0,,3.0,1.0
21.0,915.0,2020-10-08,21019.0,1.0,1.542161438060359,19.0,1.0,15.0,1.0,1.0,,4.0,1.0,2.0,3.0,1.0,4.0,,,4.0,1.0,4.0,4.0,4.0,2.0,2.0,4.0,3.0,1.0,2.0,4.0,4.0,4.0,4.0,2.0,1.0,2.0,1.0,2.0,1.0,2.0,4.0,4.0,2.0,4.0,1.0,5.0,5.0,2.0,4.0,1.0,1.0,5.0,4.0,2.0,2.0,2.0,2.0,2.0,3.0,2.0,4.0,1.0,,7.0,5.0,,,1.0,1.0,,1.0,5.0,2.0,3.0,2.0,,1.0,3.0,4.0,4.0
21.0,748.0,2020-10-08,21012.0,1.0,1.590866753665153,63.0,2.0,99.0,4.0,,99.0,2.0,4.0,2.0,4.0,3.0,2.0,,,2.0,1.0,3.0,2.0,2.0,2.0,2.0,1.0,2.0,1.0,20.0,4.0,4.0,4.0,4.0,3.0,4.0,2.0,2.0,3.0,4.0,2.0,2.0,4.0,4.0,2.0,3.0,2.0,2.0,2.0,2.0,2.0,1.0,1.0,2.0,98.0,98.0,98.0,98.0,98.0,98.0,98.0,4.0,4.0,1.0,5.0,6.0,,,1.0,1.0,,1.0,5.0,2.0,3.0,1.0,,2.0,96.0,1.0,1.0
21.0,1299.0,2020-10-10,21001.0,2.0,1.3516534035843812,24.0,1.0,15.0,3.0,,1.0,4.0,3.0,5.0,3.0,3.0,4.0,,,4.0,1.0,1.0,4.0,4.0,3.0,4.0,4.0,4.0,1.0,13.0,4.0,4.0,1.0,4.0,1.0,3.0,1.0,4.0,4.0,1.0,1.0,4.0,1.0,1.0,1.0,1.0,5.0,4.0,4.0,2.0,4.0,2.0,1.0,2.0,2.0,2.0,1.0,2.0,2.0,4.0,1.0,4.0,1.0,,4.0,6.0,,,4.0,1.0,,3.0,5.0,2.0,1.0,2.0,,1.0,3.0,3.0,98.0
21.0,1715.0,2020-10-11,21006.0,2.0,1.5441793171274925,60.0,1.0,2.0,2.0,3.0,,3.0,4.0,5.0,3.0,3.0,1.0,,,4.0,1.0,3.0,4.0,2.0,4.0,3.0,2.0,3.0,1.0,33.0,4.0,4.0,2.0,2.0,4.0,2.0,3.0,4.0,3.0,4.0,4.0,4.0,4.0,2.0,4.0,2.0,5.0,2.0,5.0,2.0,3.0,2.0,4.0,4.0,2.0,2.0,2.0,2.0,2.0,4.0,1.0,5.0,4.0,1.0,8.0,3.0,1.0,,3.0,1.0,,2.0,3.0,2.0,2.0,1.0,,1.0,2.0,2.0,2.0
21.0,1081.0,2020-10-09,21006.0,2.0,1.3643498588234437,52.0,1.0,2.0,2.0,4.0,,4.0,6.0,1.0,4.0,1.0,4.0,,,2.0,2.0,2.0,3.0,3.0,98.0,3.0,98.0,3.0,1.0,7.0,4.0,4.0,2.0,98.0,4.0,1.0,1.0,98.0,3.0,3.0,2.0,2.0,3.0,1.0,4.0,1.0,5.0,98.0,5.0,2.0,4.0,3.0,5.0,98.0,98.0,98.0,98.0,98.0,98.0,98.0,2.0,4.0,4.0,1.0,3.0,3.0,1.0,,3.0,1.0,,2.0,5.0,2.0,1.0,2.0,,2.0,2.0,2.0,2.0
21.0,1975.0,2020-10-11,21002.0,1.0,1.5901775659333666,21.0,2.0,15.0,1.0,1.0,,4.0,1.0,5.0,3.0,3.0,4.0,,,3.0,3.0,1.0,4.0,4.0,3.0,4.0,2.0,3.0,1.0,98.0,4.0,1.0,4.0,4.0,3.0,1.0,2.0,1.0,3.0,4.0,3.0,3.0,4.0,2.0,1.0,2.0,4.0,4.0,2.0,2.0,2.0,2.0,5.0,4.0,1.0,1.0,2.0,2.0,2.0,4.0,4.0,4.0,1.0,,9.0,1.0,,2.0,4.0,1.0,,1.0,3.0,2.0,1.0,2.0,,2.0,2.0,3.0,4.0
21.0,4730.0,2020-10-15,21016.0,3.0,1.3260876899655287,18.0,1.0,1.0,2.0,4.0,,4.0,3.0,3.0,4.0,4.0,4.0,,,4.0,4.0,4.0,4.0,4.0,4.0,4.0,4.0,4.0,1.0,98.0,3.0,4.0,3.0,3.0,3.0,3.0,3.0,3.0,3.0,4.0,4.0,4.0,4.0,4.0,4.0,4.0,5.0,5.0,5.0,5.0,4.0,4.0,1.0,3.0,98.0,97.0,97.0,97.0,97.0,3.0,2.0,3.0,1.0,,4.0,5.0,,,2.0,1.0,,3.0,3.0,2.0,1.0,2.0,,1.0,3.0,4.0,4.0
21.0,53.0,2020-10-06,21015.0,2.0,1.6967313287141208,18.0,2.0,15.0,1.0,1.0,,4.0,4.0,1.0,1.0,3.0,4.0,,,3.0,1.0,3.0,2.0,4.0,4.0,4.0,4.0,4.0,1.0,6.0,4.0,2.0,1.0,1.0,4.0,1.0,1.0,1.0,2.0,4.0,1.0,1.0,4.0,2.0,1.0,4.0,4.0,4.0,2.0,3.0,3.0,3.0,3.0,3.0,2.0,2.0,2.0,2.0,2.0,4.0,3.0,4.0,1.0,,5.0,5.0,,,3.0,1.0,,2.0,1.0,1.0,1.0,2.0,,2.0,3.0,1.0,98.0
21.0,1566.0,2020-10-11,21024.0,3.0,1.2756472741229836,19.0,1.0,1.0,3.0,,1.0,4.0,3.0,1.0,4.0,2.0,4.0,,,2.0,1.0,4.0,4.0,2.0,4.0,4.0,4.0,3.0,1.0,7.0,4.0,3.0,2.0,4.0,2.0,2.0,1.0,3.0,2.0,2.0,1.0,4.0,4.0,2.0,1.0,1.0,5.0,1.0,1.0,4.0,2.0,2.0,3.0,2.0,98.0,98.0,98.0,98.0,98.0,4.0,4.0,4.0,1.0,,8.0,2.0,,2.0,2.0,1.0,,2.0,1.0,2.0,2.0,1.0,,1.0,98.0,3.0,2.0
21.0,4748.0,2020-10-15,21016.0,97.0,1.3260876899655287,20.0,1.0,1.0,3.0,,1.0,2.0,5.0,4.0,3.0,4.0,3.0,,,4.0,4.0,4.0,4.0,4.0,4.0,4.0,4.0,4.0,3.0,98.0,4.0,4.0,4.0,4.0,4.0,4.0,2.0,4.0,3.0,4.0,3.0,4.0,4.0,3.0,4.0,3.0,5.0,5.0,5.0,5.0,4.0,4.0,1.0,4.0,96.0,97.0,97.0,97.0,97.0,4.0,4.0,5.0,4.0,2.0,3.0,5.0,,,3.0,1.0,,3.0,3.0,2.0,1.0,2.0,,1.0,3.0,4.0,4.0
21.0,514.0,2020-10-07,21016.0,1.0,1.3260876899655287,22.0,1.0,15.0,2.0,98.0,,3.0,5.0,5.0,4.0,4.0,3.0,,,3.0,2.0,4.0,2.0,4.0,1.0,4.0,2.0,4.0,1.0,6.0,4.0,4.0,2.0,2.0,3.0,1.0,2.0,2.0,3.0,1.0,2.0,2.0,4.0,2.0,1.0,1.0,5.0,3.0,1.0,3.0,2.0,2.0,3.0,2.0,98.0,98.0,98.0,98.0,98.0,4.0,4.0,5.0,3.0,2.0,6.0,1.0,,2.0,2.0,1.0,,2.0,1.0,2.0,2.0,2.0,,1.0,3.0,2.0,98.0
21.0,4952.0,2020-10-15,21017.0,1.0,1.574303421740864,65.0,2.0,1.0,1.0,4.0,,4.0,3.0,2.0,3.0,3.0,2.0,,,2.0,2.0,2.0,3.0,3.0,4.0,4.0,4.0,4.0,2.0,98.0,3.0,3.0,1.0,1.0,1.0,1.0,1.0,1.0,2.0,2.0,1.0,1.0,4.0,4.0,4.0,4.0,5.0,5.0,5.0,5.0,4.0,4.0,3.0,4.0,96.0,96.0,96.0,96.0,96.0,4.0,4.0,3.0,4.0,1.0,5.0,4.0,,,3.0,1.0,,2.0,3.0,2.0,99.0,1.0,,6.0,,1.0,1.0
21.0,4594.0,2020-10-15,21012.0,3.0,1.5999569846812263,34.0,2.0,1.0,1.0,4.0,,3.0,3.0,2.0,3.0,2.0,4.0,,,4.0,2.0,4.0,4.0,4.0,4.0,4.0,4.0,4.0,1.0,98.0,3.0,3.0,2.0,2.0,2.0,3.0,3.0,3.0,3.0,4.0,3.0,3.0,3.0,3.0,2.0,2.0,4.0,4.0,4.0,4.0,4.0,4.0,5.0,4.0,96.0,96.0,96.0,96.0,96.0,3.0,2.0,4.0,4.0,1.0,3.0,4.0,,,2.0,1.0,,3.0,2.0,2.0,1.0,2.0,,3.0,96.0,4.0,4.0
21.0,3056.0,2020-10-13,21020.0,2.0,1.5151477504910866,43.0,2.0,15.0,1.0,4.0,,4.0,5.0,2.0,1.0,1.0,4.0,,,4.0,2.0,4.0,4.0,4.0,3.0,4.0,3.0,3.0,1.0,7.0,4.0,4.0,3.0,2.0,2.0,1.0,1.0,1.0,2.0,1.0,2.0,3.0,4.0,3.0,3.0,2.0,4.0,2.0,2.0,4.0,4.0,3.0,5.0,2.0,98.0,98.0,98.0,98.0,2.0,4.0,4.0,5.0,5.0,1.0,3.0,7.0,,,3.0,1.0,,2.0,2.0,2.0,1.0,2.0,,4.0,3.0,3.0,3.0
21.0,2506.0,2020-10-12,21003.0,2.0,1.6606376405221237,34.0,2.0,1.0,1.0,2.0,,3.0,3.0,2.0,1.0,2.0,3.0,,,2.0,1.0,3.0,2.0,2.0,4.0,4.0,4.0,4.0,2.0,15.0,3.0,4.0,1.0,4.0,4.0,1.0,1.0,1.0,4.0,4.0,1.0,1.0,4.0,4.0,3.0,2.0,5.0,4.0,4.0,4.0,2.0,2.0,3.0,4.0,2.0,2.0,2.0,2.0,2.0,4.0,3.0,5.0,1.0,,11.0,6.0,,,3.0,1.0,,3.0,3.0,2.0,1.0,2.0,,1.0,3.0,2.0,2.0
21.0,3471.0,2020-10-14,21013.0,1.0,1.4826406965651167,47.0,1.0,2.0,2.0,5.0,,4.0,6.0,2.0,3.0,2.0,4.0,,,4.0,3.0,4.0,4.0,4.0,4.0,4.0,4.0,4.0,1.0,13.0,4.0,4.0,1.0,1.0,1.0,1.0,1.0,1.0,4.0,4.0,4.0,3.0,4.0,3.0,4.0,2.0,5.0,4.0,5.0,4.0,4.0,3.0,3.0,3.0,96.0,96.0,96.0,96.0,96.0,4.0,3.0,4.0,4.0,1.0,4.0,2.0,,2.0,4.0,1.0,,2.0,3.0,2.0,2.0,2.0,,6.0,,4.0,4.0
21.0,1275.0,2020-10-10,21004.0,2.0,1.351226918630876,56.0,1.0,6.0,4.0,,1.0,4.0,6.0,1.0,99.0,1.0,98.0,,,99.0,1.0,4.0,3.0,3.0,3.0,3.0,3.0,3.0,1.0,6.0,4.0,4.0,1.0,1.0,4.0,1.0,1.0,1.0,1.0,2.0,4.0,2.0,4.0,3.0,2.0,1.0,4.0,3.0,4.0,4.0,2.0,3.0,2.0,4.0,2.0,2.0,2.0,2.0,2.0,2.0,1.0,4.0,4.0,1.0,6.0,3.0,1.0,,2.0,1.0,,3.0,3.0,1.0,7.0,2.0,,1.0,96.0,2.0,2.0
21.0,921.0,2020-10-08,21006.0,2.0,1.3643498588234437,52.0,1.0,1.0,1.0,7.0,,4.0,1.0,1.0,3.0,3.0,3.0,,,4.0,1.0,2.0,4.0,4.0,3.0,3.0,4.0,4.0,1.0,4.0,4.0,4.0,1.0,4.0,4.0,3.0,1.0,3.0,2.0,1.0,2.0,1.0,4.0,1.0,2.0,2.0,5.0,2.0,4.0,4.0,2.0,2.0,5.0,1.0,2.0,2.0,2.0,2.0,2.0,2.0,4.0,4.0,4.0,1.0,4.0,2.0,,2.0,3.0,1.0,,1.0,3.0,1.0,2.0,2.0,,6.0,,2.0,2.0
21.0,1606.0,2020-10-11,21014.0,1.0,1.3713698050989682,33.0,1.0,15.0,2.0,1.0,,3.0,1.0,5.0,4.0,3.0,2.0,,,2.0,1.0,2.0,3.0,2.0,3.0,3.0,3.0,3.0,2.0,6.0,4.0,2.0,2.0,2.0,1.0,1.0,1.0,2.0,1.0,2.0,1.0,3.0,4.0,4.0,1.0,4.0,5.0,4.0,2.0,4.0,4.0,4.0,6.0,4.0,2.0,96.0,96.0,2.0,2.0,4.0,3.0,4.0,4.0,1.0,3.0,1.0,,1.0,2.0,1.0,,1.0,3.0,2.0,1.0,2.0,,1.0,3.0,1.0,97.0
21.0,869.0,2020-10-08,21002.0,1.0,1.7388928361040812,25.0,1.0,1.0,2.0,6.0,,4.0,5.0,5.0,4.0,2.0,2.0,,,1.0,1.0,3.0,4.0,4.0,4.0,4.0,2.0,3.0,2.0,22.0,4.0,4.0,2.0,1.0,2.0,1.0,1.0,1.0,2.0,4.0,3.0,4.0,2.0,4.0,2.0,2.0,4.0,2.0,2.0,4.0,2.0,1.0,3.0,1.0,2.0,2.0,2.0,2.0,2.0,4.0,3.0,4.0,1.0,,5.0,1.0,,2.0,3.0,1.0,,3.0,5.0,2.0,1.0,2.0,,1.0,1.0,4.0,4.0
21.0,2095.0,2020-10-12,21016.0,1.0,1.4805910487048288,66.0,1.0,1.0,2.0,3.0,,4.0,1.0,1.0,4.0,2.0,4.0,,,3.0,1.0,3.0,3.0,2.0,3.0,1.0,4.0,2.0,2.0,15.0,4.0,3.0,3.0,2.0,2.0,1.0,1.0,1.0,2.0,4.0,1.0,1.0,2.0,2.0,2.0,2.0,5.0,98.0,4.0,98.0,2.0,1.0,2.0,1.0,2.0,98.0,96.0,98.0,96.0,4.0,4.0,4.0,4.0,1.0,4.0,3.0,1.0,,3.0,1.0,,1.0,2.0,2.0,1.0,2.0,,6.0,,1.0,1.0
21.0,903.0,2020-10-08,21013.0,2.0,1.6876500569702384,31.0,1.0,15.0,2.0,1.0,,4.0,1.0,2.0,4.0,3.0,4.0,,,1.0,1.0,4.0,4.0,4.0,4.0,4.0,3.0,4.0,1.0,6.0,4.0,2.0,2.0,4.0,2.0,2.0,3.0,2.0,3.0,4.0,2.0,2.0,2.0,2.0,2.0,2.0,5.0,4.0,2.0,2.0,1.0,2.0,3.0,1.0,2.0,2.0,2.0,2.0,2.0,4.0,4.0,5.0,3.0,2.0,2.0,1.0,,2.0,3.0,1.0,,3.0,3.0,2.0,2.0,2.0,,1.0,3.0,4.0,4.0
21.0,3279.0,2020-10-13,21014.0,3.0,1.2540861940363208,23.0,2.0,1.0,1.0,4.0,,4.0,1.0,2.0,4.0,4.0,4.0,,,2.0,2.0,3.0,4.0,4.0,4.0,4.0,4.0,4.0,1.0,6.0,4.0,4.0,1.0,1.0,1.0,1.0,1.0,1.0,2.0,98.0,2.0,2.0,4.0,3.0,3.0,2.0,5.0,2.0,4.0,4.0,4.0,4.0,4.0,3.0,96.0,96.0,96.0,96.0,96.0,4.0,98.0,3.0,1.0,,7.0,6.0,,,3.0,1.0,,2.0,2.0,2.0,1.0,2.0,,2.0,96.0,2.0,2.0
21.0,2768.0,2020-10-13,21001.0,2.0,1.549667049490395,68.0,2.0,1.0,1.0,4.0,,3.0,2.0,2.0,4.0,4.0,4.0,,,3.0,1.0,2.0,2.0,2.0,3.0,3.0,4.0,2.0,1.0,7.0,4.0,4.0,1.0,2.0,1.0,1.0,1.0,2.0,4.0,1.0,1.0,1.0,3.0,2.0,2.0,1.0,4.0,98.0,2.0,2.0,2.0,1.0,6.0,2.0,2.0,2.0,2.0,2.0,2.0,3.0,2.0,4.0,4.0,1.0,7.0,4.0,,,2.0,1.0,,2.0,2.0,2.0,2.0,1.0,,1.0,1.0,4.0,2.0
21.0,829.0,2020-10-08,21018.0,2.0,1.7859516518222909,27.0,1.0,15.0,4.0,,7.0,4.0,1.0,3.0,3.0,4.0,4.0,,,4.0,1.0,1.0,4.0,4.0,4.0,4.0,4.0,2.0,3.0,98.0,2.0,4.0,1.0,1.0,3.0,4.0,1.0,1.0,4.0,1.0,1.0,3.0,98.0,98.0,98.0,2.0,5.0,4.0,1.0,4.0,4.0,4.0,3.0,2.0,1.0,1.0,2.0,2.0,1.0,4.0,4.0,3.0,1.0,,6.0,2.0,,1.0,2.0,1.0,,3.0,5.0,1.0,3.0,2.0,,1.0,3.0,2.0,4.0
21.0,387.0,2020-10-07,21006.0,3.0,1.3830403644094813,19.0,1.0,15.0,3.0,,6.0,3.0,4.0,2.0,1.0,1.0,4.0,,,3.0,1.0,4.0,4.0,3.0,4.0,4.0,1.0,3.0,2.0,16.0,2.0,3.0,4.0,4.0,3.0,1.0,2.0,4.0,4.0,1.0,2.0,4.0,1.0,2.0,2.0,2.0,5.0,5.0,5.0,2.0,1.0,2.0,1.0,2.0,1.0,2.0,2.0,2.0,1.0,4.0,2.0,4.0,1.0,,3.0,6.0,,,4.0,1.0,,2.0,1.0,2.0,1.0,2.0,,2.0,1.0,2.0,2.0
21.0,1178.0,2020-10-10,21016.0,1.0,1.308166846861677,48.0,1.0,15.0,2.0,4.0,,3.0,3.0,2.0,3.0,2.0,98.0,,,1.0,1.0,4.0,3.0,2.0,3.0,3.0,2.0,2.0,2.0,2.0,1.0,4.0,1.0,2.0,2.0,1.0,1.0,3.0,2.0,1.0,4.0,2.0,4.0,98.0,4.0,2.0,5.0,1.0,98.0,4.0,2.0,2.0,5.0,2.0,2.0,2.0,2.0,2.0,2.0,3.0,2.0,4.0,4.0,2.0,2.0,1.0,,1.0,2.0,1.0,,3.0,5.0,2.0,2.0,2.0,,3.0,96.0,1.0,98.0
21.0,4631.0,2020-10-15,21020.0,3.0,1.704378454755152,61.0,2.0,15.0,1.0,1.0,,4.0,1.0,2.0,4.0,4.0,3.0,,,2.0,2.0,2.0,3.0,4.0,2.0,3.0,3.0,4.0,2.0,7.0,4.0,4.0,4.0,2.0,3.0,3.0,3.0,3.0,2.0,2.0,4.0,4.0,4.0,2.0,3.0,3.0,5.0,4.0,3.0,3.0,4.0,2.0,3.0,2.0,2.0,96.0,96.0,96.0,96.0,4.0,3.0,4.0,4.0,1.0,4.0,3.0,1.0,,2.0,1.0,,2.0,5.0,2.0,1.0,1.0,,6.0,,3.0,2.0
21.0,1047.0,2020-10-09,21002.0,1.0,1.7754502117679543,60.0,2.0,1.0,1.0,2.0,,4.0,5.0,2.0,1.0,1.0,4.0,,,4.0,1.0,2.0,4.0,3.0,3.0,3.0,3.0,3.0,1.0,37.0,4.0,4.0,4.0,4.0,98.0,1.0,2.0,1.0,4.0,98.0,1.0,1.0,98.0,98.0,4.0,1.0,98.0,98.0,5.0,98.0,4.0,3.0,6.0,4.0,98.0,2.0,2.0,98.0,98.0,98.0,98.0,5.0,7.0,1.0,2.0,3.0,1.0,,4.0,1.0,,2.0,4.0,2.0,2.0,2.0,,3.0,3.0,1.0,1.0
21.0,1557.0,2020-10-11,21003.0,2.0,1.6606376405221237,28.0,2.0,2.0,2.0,1.0,,4.0,3.0,2.0,4.0,1.0,4.0,,,4.0,1.0,3.0,4.0,4.0,4.0,4.0,4.0,4.0,1.0,22.0,4.0,4.0,1.0,1.0,1.0,1.0,1.0,4.0,2.0,4.0,1.0,2.0,4.0,98.0,1.0,2.0,5.0,5.0,1.0,98.0,1.0,2.0,5.0,2.0,2.0,2.0,2.0,1.0,2.0,4.0,4.0,4.0,3.0,2.0,6.0,2.0,,2.0,3.0,1.0,,1.0,1.0,2.0,1.0,2.0,,1.0,3.0,4.0,4.0
21.0,4579.0,2020-10-15,21012.0,1.0,1.5999569846812263,30.0,2.0,1.0,2.0,1.0,,4.0,2.0,2.0,4.0,3.0,3.0,,,3.0,4.0,3.0,4.0,4.0,4.0,4.0,4.0,4.0,1.0,98.0,4.0,4.0,4.0,4.0,4.0,4.0,4.0,4.0,3.0,3.0,4.0,4.0,3.0,4.0,3.0,3.0,4.0,5.0,3.0,4.0,4.0,4.0,1.0,4.0,98.0,98.0,98.0,98.0,98.0,4.0,98.0,4.0,3.0,2.0,5.0,6.0,,,4.0,1.0,,2.0,3.0,2.0,1.0,2.0,,3.0,96.0,3.0,4.0
21.0,4957.0,2020-10-15,21005.0,3.0,1.3243968999812707,48.0,2.0,1.0,2.0,4.0,,2.0,3.0,4.0,4.0,4.0,4.0,,,4.0,4.0,4.0,4.0,4.0,4.0,4.0,4.0,4.0,3.0,98.0,4.0,4.0,4.0,4.0,4.0,4.0,4.0,4.0,4.0,4.0,3.0,4.0,4.0,4.0,4.0,4.0,5.0,5.0,5.0,5.0,4.0,4.0,1.0,3.0,96.0,97.0,97.0,97.0,97.0,3.0,3.0,4.0,4.0,2.0,5.0,4.0,,,3.0,1.0,,2.0,3.0,2.0,2.0,2.0,,3.0,96.0,97.0,97.0
21.0,203.0,2020-10-07,21008.0,2.0,1.3277237759291123,37.0,1.0,1.0,2.0,6.0,,3.0,4.0,1.0,4.0,4.0,3.0,,,3.0,1.0,3.0,4.0,4.0,4.0,3.0,4.0,3.0,1.0,2.0,4.0,4.0,3.0,2.0,3.0,1.0,3.0,1.0,2.0,1.0,4.0,2.0,4.0,3.0,2.0,2.0,5.0,3.0,2.0,3.0,2.0,2.0,98.0,4.0,98.0,96.0,96.0,96.0,98.0,4.0,3.0,4.0,1.0,,6.0,2.0,,2.0,2.0,1.0,,98.0,98.0,2.0,1.0,2.0,,2.0,96.0,2.0,97.0
21.0,973.0,2020-10-09,21009.0,3.0,1.2235108954417642,22.0,1.0,1.0,2.0,6.0,,4.0,4.0,2.0,4.0,4.0,4.0,,,3.0,1.0,3.0,1.0,1.0,4.0,4.0,4.0,4.0,1.0,16.0,3.0,3.0,4.0,2.0,1.0,3.0,1.0,1.0,1.0,1.0,2.0,3.0,4.0,4.0,1.0,4.0,5.0,5.0,4.0,5.0,1.0,1.0,6.0,4.0,1.0,1.0,1.0,1.0,1.0,2.0,2.0,3.0,1.0,,4.0,6.0,,,2.0,1.0,,2.0,1.0,2.0,2.0,2.0,,2.0,96.0,1.0,98.0
21.0,2407.0,2020-10-12,21004.0,1.0,1.242726596661072,19.0,2.0,15.0,2.0,3.0,,4.0,4.0,2.0,4.0,4.0,4.0,,,3.0,1.0,3.0,4.0,4.0,3.0,2.0,4.0,3.0,1.0,7.0,4.0,4.0,1.0,1.0,1.0,1.0,3.0,1.0,4.0,2.0,2.0,2.0,3.0,3.0,2.0,2.0,5.0,5.0,2.0,4.0,4.0,4.0,6.0,4.0,2.0,2.0,2.0,2.0,2.0,4.0,3.0,4.0,1.0,,7.0,6.0,,,3.0,1.0,,2.0,3.0,2.0,2.0,2.0,,1.0,2.0,1.0,1.0
21.0,4554.0,2020-10-15,21010.0,3.0,1.408776611399249,63.0,1.0,15.0,1.0,1.0,,3.0,1.0,2.0,4.0,3.0,4.0,,,4.0,2.0,3.0,3.0,4.0,3.0,4.0,2.0,3.0,2.0,98.0,4.0,4.0,2.0,3.0,3.0,3.0,3.0,2.0,2.0,2.0,4.0,4.0,4.0,3.0,2.0,3.0,5.0,4.0,3.0,3.0,4.0,3.0,5.0,2.0,96.0,96.0,96.0,96.0,96.0,4.0,3.0,4.0,4.0,1.0,4.0,3.0,1.0,,2.0,1.0,,2.0,98.0,2.0,2.0,2.0,,3.0,3.0,2.0,2.0
21.0,4686.0,2020-10-15,21008.0,1.0,1.3277237759291123,42.0,1.0,15.0,2.0,5.0,,4.0,5.0,4.0,4.0,4.0,2.0,,,2.0,2.0,2.0,4.0,4.0,3.0,4.0,2.0,2.0,1.0,7.0,4.0,4.0,4.0,2.0,3.0,2.0,4.0,3.0,1.0,3.0,4.0,4.0,4.0,3.0,3.0,2.0,5.0,3.0,4.0,2.0,4.0,3.0,5.0,1.0,96.0,96.0,96.0,2.0,2.0,4.0,3.0,5.0,4.0,1.0,6.0,1.0,,2.0,1.0,1.0,,2.0,98.0,2.0,2.0,1.0,,1.0,3.0,1.0,1.0
21.0,1205.0,2020-10-10,21016.0,3.0,1.3260876899655287,18.0,1.0,15.0,1.0,2.0,,4.0,1.0,2.0,4.0,4.0,2.0,,,3.0,1.0,3.0,2.0,3.0,3.0,4.0,2.0,2.0,1.0,2.0,4.0,3.0,1.0,1.0,2.0,1.0,1.0,2.0,1.0,3.0,1.0,2.0,3.0,2.0,1.0,1.0,5.0,2.0,1.0,4.0,2.0,3.0,3.0,1.0,2.0,2.0,2.0,2.0,2.0,3.0,2.0,4.0,1.0,,4.0,5.0,,,1.0,1.0,,1.0,1.0,2.0,1.0,2.0,,1.0,2.0,2.0,2.0
21.0,4299.0,2020-10-14,21007.0,3.0,1.3044236493947907,53.0,2.0,1.0,1.0,5.0,,4.0,3.0,2.0,3.0,2.0,2.0,,,2.0,2.0,2.0,2.0,3.0,4.0,4.0,4.0,2.0,2.0,20.0,4.0,4.0,2.0,2.0,1.0,1.0,1.0,1.0,2.0,2.0,3.0,2.0,3.0,3.0,3.0,3.0,5.0,4.0,4.0,4.0,4.0,4.0,3.0,4.0,2.0,96.0,96.0,2.0,96.0,4.0,4.0,4.0,4.0,1.0,6.0,6.0,,,3.0,1.0,,2.0,3.0,2.0,1.0,2.0,,3.0,3.0,1.0,1.0
21.0,2658.0,2020-10-13,21002.0,2.0,1.5276586962595127,47.0,1.0,15.0,3.0,,1.0,3.0,4.0,3.0,4.0,4.0,2.0,,,2.0,1.0,3.0,2.0,2.0,2.0,4.0,2.0,98.0,98.0,15.0,4.0,2.0,1.0,2.0,3.0,1.0,1.0,4.0,4.0,1.0,4.0,2.0,4.0,1.0,1.0,1.0,98.0,5.0,2.0,1.0,4.0,1.0,5.0,4.0,96.0,96.0,2.0,2.0,2.0,4.0,2.0,4.0,4.0,1.0,4.0,3.0,1.0,,4.0,1.0,,2.0,1.0,2.0,2.0,2.0,,1.0,3.0,2.0,98.0
21.0,11.0,2020-10-06,21001.0,2.0,1.549667049490395,56.0,2.0,15.0,3.0,,1.0,3.0,3.0,5.0,1.0,1.0,2.0,,,2.0,1.0,1.0,4.0,3.0,3.0,3.0,97.0,3.0,3.0,98.0,4.0,4.0,4.0,2.0,3.0,4.0,2.0,1.0,4.0,1.0,2.0,2.0,3.0,2.0,1.0,2.0,4.0,3.0,3.0,3.0,2.0,2.0,1.0,3.0,98.0,98.0,98.0,98.0,98.0,98.0,3.0,4.0,5.0,2.0,2.0,6.0,,,3.0,1.0,,1.0,3.0,2.0,1.0,2.0,,2.0,96.0,3.0,97.0
21.0,2512.0,2020-10-12,21002.0,2.0,1.5783286786828055,35.0,2.0,2.0,1.0,6.0,,4.0,2.0,6.0,3.0,2.0,3.0,,,3.0,1.0,4.0,2.0,4.0,4.0,3.0,4.0,2.0,2.0,11.0,4.0,2.0,2.0,4.0,3.0,2.0,1.0,3.0,3.0,1.0,2.0,2.0,4.0,2.0,2.0,4.0,98.0,5.0,2.0,2.0,2.0,3.0,3.0,3.0,98.0,98.0,98.0,98.0,98.0,4.0,3.0,3.0,1.0,,5.0,6.0,,,4.0,1.0,,2.0,2.0,2.0,1.0,2.0,,3.0,3.0,4.0,98.0
21.0,4740.0,2020-10-15,21016.0,3.0,1.3260876899655287,19.0,1.0,1.0,2.0,2.0,,3.0,3.0,2.0,4.0,4.0,4.0,,,4.0,4.0,4.0,4.0,4.0,4.0,4.0,4.0,4.0,4.0,,4.0,4.0,4.0,4.0,4.0,4.0,4.0,4.0,4.0,4.0,4.0,4.0,4.0,4.0,4.0,4.0,5.0,5.0,5.0,5.0,4.0,4.0,4.0,3.0,97.0,98.0,98.0,98.0,98.0,4.0,4.0,4.0,1.0,,5.0,5.0,,,2.0,1.0,,3.0,4.0,2.0,1.0,2.0,,3.0,96.0,4.0,4.0
21.0,4786.0,2020-10-15,21022.0,3.0,1.4123115342415724,19.0,2.0,1.0,2.0,2.0,,3.0,3.0,2.0,4.0,3.0,4.0,,,4.0,4.0,4.0,4.0,4.0,4.0,4.0,4.0,4.0,3.0,98.0,4.0,4.0,4.0,4.0,4.0,4.0,4.0,4.0,3.0,4.0,4.0,4.0,4.0,4.0,4.0,4.0,5.0,5.0,5.0,5.0,4.0,4.0,1.0,4.0,96.0,97.0,97.0,97.0,97.0,3.0,2.0,4.0,1.0,,5.0,5.0,,,3.0,1.0,,3.0,5.0,2.0,1.0,2.0,,2.0,3.0,3.0,3.0
21.0,2730.0,2020-10-13,21023.0,2.0,1.6719637196746506,32.0,2.0,15.0,2.0,3.0,,4.0,3.0,3.0,3.0,1.0,4.0,,,3.0,1.0,3.0,2.0,4.0,4.0,4.0,4.0,4.0,1.0,98.0,4.0,4.0,4.0,2.0,1.0,2.0,2.0,1.0,2.0,4.0,2.0,2.0,4.0,2.0,2.0,2.0,5.0,5.0,98.0,4.0,4.0,98.0,6.0,4.0,98.0,2.0,2.0,2.0,2.0,98.0,1.0,4.0,4.0,1.0,4.0,2.0,,2.0,2.0,1.0,,1.0,3.0,2.0,2.0,2.0,,2.0,3.0,3.0,1.0
21.0,1692.0,2020-10-11,21003.0,1.0,1.478895545840137,24.0,2.0,15.0,1.0,1.0,,3.0,4.0,5.0,4.0,3.0,4.0,,,3.0,2.0,2.0,3.0,4.0,2.0,3.0,2.0,4.0,2.0,2.0,4.0,4.0,3.0,2.0,2.0,1.0,1.0,1.0,1.0,3.0,1.0,2.0,3.0,2.0,2.0,2.0,1.0,2.0,2.0,1.0,2.0,1.0,3.0,2.0,1.0,98.0,99.0,1.0,1.0,4.0,3.0,4.0,1.0,,4.0,5.0,,,2.0,1.0,,2.0,2.0,2.0,1.0,1.0,,1.0,2.0,2.0,3.0
21.0,4972.0,2020-10-15,21018.0,3.0,1.6111404324923713,49.0,2.0,1.0,3.0,,2.0,3.0,3.0,4.0,4.0,4.0,4.0,,,4.0,4.0,4.0,4.0,4.0,4.0,4.0,4.0,4.0,4.0,,4.0,4.0,4.0,4.0,4.0,4.0,4.0,4.0,3.0,4.0,4.0,4.0,4.0,4.0,4.0,4.0,5.0,5.0,5.0,5.0,4.0,4.0,1.0,3.0,96.0,97.0,97.0,97.0,97.0,3.0,3.0,4.0,4.0,1.0,4.0,4.0,,,3.0,1.0,,3.0,4.0,2.0,1.0,2.0,,4.0,96.0,97.0,97.0
21.0,4945.0,2020-10-15,21005.0,3.0,1.3325364153675143,40.0,2.0,1.0,3.0,,4.0,2.0,5.0,4.0,3.0,3.0,4.0,,,4.0,4.0,4.0,4.0,4.0,4.0,3.0,3.0,4.0,3.0,98.0,4.0,3.0,3.0,4.0,3.0,2.0,4.0,4.0,4.0,4.0,4.0,4.0,4.0,4.0,98.0,4.0,98.0,98.0,5.0,5.0,4.0,4.0,1.0,4.0,96.0,98.0,98.0,98.0,98.0,3.0,2.0,4.0,4.0,1.0,6.0,4.0,,,4.0,1.0,,1.0,3.0,2.0,1.0,2.0,,6.0,,4.0,4.0
21.0,1532.0,2020-10-11,21019.0,2.0,1.5621794297147644,48.0,2.0,15.0,4.0,,6.0,2.0,1.0,2.0,4.0,4.0,1.0,,,1.0,1.0,2.0,2.0,3.0,2.0,2.0,1.0,2.0,1.0,20.0,4.0,4.0,1.0,98.0,1.0,1.0,2.0,1.0,2.0,1.0,2.0,1.0,98.0,98.0,98.0,98.0,98.0,98.0,4.0,2.0,2.0,4.0,3.0,2.0,98.0,98.0,98.0,98.0,98.0,98.0,98.0,4.0,4.0,1.0,4.0,4.0,,,2.0,1.0,,1.0,3.0,2.0,2.0,1.0,,1.0,1.0,1.0,98.0
21.0,223.0,2020-10-07,21006.0,1.0,1.409603149715628,39.0,2.0,1.0,1.0,4.0,,4.0,3.0,2.0,1.0,1.0,4.0,,,4.0,3.0,3.0,3.0,3.0,4.0,4.0,4.0,4.0,1.0,98.0,4.0,4.0,4.0,4.0,1.0,1.0,1.0,1.0,3.0,1.0,2.0,3.0,4.0,4.0,2.0,1.0,5.0,98.0,2.0,4.0,4.0,2.0,3.0,4.0,96.0,2.0,2.0,2.0,96.0,4.0,3.0,4.0,4.0,1.0,5.0,2.0,,2.0,3.0,1.0,,1.0,3.0,1.0,0.0,2.0,,6.0,,1.0,4.0
21.0,1737.0,2020-10-11,21019.0,1.0,1.5306703332974672,41.0,1.0,2.0,1.0,1.0,,4.0,6.0,2.0,1.0,1.0,4.0,,,3.0,1.0,98.0,4.0,4.0,2.0,4.0,4.0,4.0,1.0,30.0,4.0,4.0,4.0,2.0,1.0,2.0,3.0,4.0,2.0,3.0,1.0,1.0,1.0,1.0,1.0,2.0,99.0,99.0,99.0,1.0,1.0,1.0,4.0,1.0,2.0,2.0,99.0,2.0,98.0,4.0,1.0,4.0,4.0,1.0,5.0,6.0,,,4.0,1.0,,2.0,5.0,2.0,3.0,2.0,,4.0,98.0,2.0,97.0
21.0,4942.0,2020-10-15,21018.0,3.0,1.5904950475140296,19.0,1.0,1.0,2.0,6.0,,2.0,5.0,3.0,4.0,4.0,4.0,,,4.0,4.0,4.0,4.0,3.0,97.0,97.0,97.0,4.0,3.0,98.0,4.0,4.0,4.0,4.0,3.0,3.0,4.0,3.0,3.0,4.0,4.0,4.0,3.0,3.0,4.0,4.0,5.0,5.0,4.0,4.0,4.0,4.0,1.0,3.0,97.0,97.0,97.0,97.0,97.0,4.0,4.0,4.0,1.0,,3.0,5.0,,,2.0,1.0,,3.0,3.0,2.0,1.0,2.0,,3.0,3.0,4.0,4.0
21.0,4759.0,2020-10-15,21012.0,3.0,1.549257564746928,58.0,1.0,1.0,1.0,1.0,,4.0,3.0,2.0,2.0,3.0,2.0,,,2.0,2.0,2.0,4.0,4.0,4.0,4.0,4.0,4.0,3.0,98.0,4.0,4.0,1.0,1.0,1.0,1.0,1.0,1.0,2.0,2.0,1.0,1.0,4.0,4.0,4.0,4.0,5.0,5.0,5.0,5.0,4.0,4.0,3.0,4.0,2.0,2.0,2.0,2.0,2.0,4.0,4.0,4.0,4.0,1.0,6.0,2.0,,2.0,2.0,1.0,,2.0,3.0,2.0,1.0,2.0,,6.0,,1.0,1.0
21.0,575.0,2020-10-07,21001.0,2.0,1.3333870636132648,50.0,1.0,15.0,4.0,,7.0,3.0,1.0,5.0,3.0,1.0,98.0,,,1.0,1.0,3.0,2.0,2.0,98.0,98.0,98.0,2.0,98.0,15.0,98.0,98.0,2.0,98.0,98.0,4.0,2.0,3.0,4.0,98.0,99.0,99.0,99.0,99.0,99.0,99.0,98.0,2.0,2.0,98.0,98.0,2.0,1.0,98.0,2.0,2.0,2.0,2.0,2.0,4.0,99.0,4.0,7.0,1.0,4.0,2.0,,2.0,4.0,1.0,,1.0,3.0,2.0,1.0,2.0,,6.0,,1.0,1.0
21.0,4405.0,2020-10-14,21016.0,2.0,1.4890511630683034,25.0,1.0,6.0,2.0,4.0,,4.0,5.0,98.0,4.0,4.0,2.0,,,2.0,2.0,99.0,4.0,3.0,99.0,2.0,1.0,2.0,1.0,98.0,3.0,3.0,2.0,3.0,3.0,99.0,3.0,2.0,4.0,3.0,99.0,99.0,2.0,2.0,2.0,2.0,99.0,99.0,99.0,99.0,99.0,99.0,99.0,4.0,98.0,98.0,98.0,98.0,98.0,99.0,99.0,3.0,1.0,,3.0,2.0,,1.0,1.0,99.0,,98.0,,1.0,1.0,2.0,,2.0,2.0,4.0,99.0
21.0,1135.0,2020-10-10,21006.0,2.0,1.3727349182178514,44.0,1.0,16.0,4.0,,1.0,4.0,6.0,1.0,1.0,3.0,4.0,,,2.0,1.0,1.0,2.0,4.0,2.0,3.0,2.0,2.0,2.0,2.0,4.0,4.0,2.0,2.0,1.0,1.0,1.0,1.0,2.0,1.0,2.0,4.0,2.0,2.0,2.0,4.0,4.0,5.0,5.0,4.0,3.0,2.0,2.0,2.0,2.0,2.0,2.0,2.0,2.0,99.0,2.0,4.0,4.0,1.0,4.0,1.0,,2.0,3.0,1.0,,1.0,4.0,2.0,1.0,2.0,,3.0,2.0,1.0,1.0
21.0,360.0,2020-10-07,21003.0,1.0,1.6080153726101485,58.0,1.0,6.0,4.0,,6.0,4.0,6.0,5.0,4.0,2.0,4.0,,,4.0,1.0,4.0,4.0,2.0,4.0,4.0,4.0,4.0,1.0,5.0,4.0,3.0,3.0,3.0,4.0,4.0,2.0,4.0,2.0,2.0,3.0,1.0,4.0,4.0,4.0,4.0,4.0,4.0,5.0,3.0,4.0,4.0,6.0,2.0,2.0,2.0,2.0,2.0,2.0,3.0,4.0,4.0,5.0,1.0,6.0,2.0,,2.0,2.0,1.0,,3.0,3.0,2.0,1.0,2.0,,1.0,3.0,4.0,97.0
21.0,1307.0,2020-10-10,21005.0,2.0,1.3074258878256533,24.0,1.0,15.0,1.0,1.0,,4.0,4.0,5.0,3.0,4.0,3.0,,,1.0,1.0,4.0,1.0,4.0,4.0,2.0,4.0,1.0,1.0,35.0,4.0,2.0,1.0,4.0,2.0,2.0,3.0,1.0,2.0,1.0,2.0,2.0,2.0,1.0,2.0,4.0,5.0,4.0,5.0,5.0,4.0,2.0,3.0,4.0,1.0,1.0,1.0,1.0,1.0,4.0,2.0,3.0,1.0,,7.0,5.0,,,2.0,1.0,,2.0,3.0,2.0,1.0,2.0,,4.0,2.0,2.0,4.0
21.0,1484.0,2020-10-11,21002.0,1.0,1.7754502117679543,76.0,2.0,15.0,1.0,1.0,,3.0,1.0,2.0,2.0,1.0,2.0,,,3.0,1.0,2.0,3.0,3.0,3.0,4.0,3.0,3.0,1.0,7.0,4.0,3.0,3.0,2.0,2.0,1.0,3.0,2.0,2.0,1.0,2.0,4.0,2.0,2.0,3.0,2.0,4.0,4.0,4.0,4.0,3.0,2.0,1.0,4.0,2.0,2.0,2.0,2.0,2.0,4.0,3.0,4.0,4.0,1.0,6.0,3.0,1.0,,2.0,1.0,,1.0,3.0,1.0,2.0,2.0,,6.0,,2.0,3.0
21.0,549.0,2020-10-07,21023.0,1.0,1.4304417825786322,54.0,1.0,2.0,4.0,,1.0,4.0,5.0,5.0,4.0,4.0,4.0,,,1.0,1.0,3.0,4.0,4.0,4.0,4.0,4.0,4.0,1.0,6.0,4.0,4.0,4.0,2.0,4.0,4.0,1.0,2.0,4.0,3.0,1.0,1.0,4.0,4.0,2.0,2.0,5.0,2.0,1.0,4.0,4.0,2.0,3.0,4.0,2.0,2.0,2.0,2.0,2.0,4.0,2.0,4.0,4.0,1.0,9.0,6.0,,,4.0,1.0,,1.0,1.0,2.0,1.0,2.0,,4.0,3.0,4.0,4.0
21.0,732.0,2020-10-08,21003.0,2.0,1.4294834974990103,39.0,1.0,15.0,2.0,4.0,,4.0,3.0,2.0,4.0,3.0,3.0,,,98.0,1.0,98.0,3.0,4.0,4.0,98.0,4.0,4.0,98.0,2.0,4.0,4.0,2.0,2.0,2.0,1.0,1.0,1.0,2.0,3.0,2.0,2.0,4.0,3.0,1.0,2.0,5.0,2.0,1.0,4.0,4.0,2.0,3.0,2.0,2.0,2.0,2.0,2.0,2.0,4.0,1.0,3.0,4.0,1.0,3.0,2.0,,2.0,3.0,1.0,,3.0,3.0,2.0,2.0,2.0,,3.0,96.0,2.0,1.0
21.0,1327.0,2020-10-10,21001.0,1.0,1.3879554382501866,19.0,2.0,6.0,2.0,4.0,,3.0,4.0,1.0,4.0,1.0,4.0,,,3.0,3.0,3.0,4.0,2.0,3.0,3.0,98.0,2.0,2.0,16.0,4.0,4.0,1.0,1.0,2.0,1.0,2.0,1.0,2.0,4.0,1.0,2.0,2.0,3.0,2.0,2.0,5.0,98.0,2.0,98.0,2.0,2.0,3.0,1.0,2.0,2.0,2.0,2.0,2.0,3.0,2.0,4.0,1.0,,6.0,5.0,,,3.0,1.0,,2.0,3.0,2.0,1.0,2.0,,1.0,96.0,3.0,98.0
21.0,1284.0,2020-10-10,21009.0,2.0,1.3660629636272363,67.0,1.0,1.0,1.0,4.0,,4.0,5.0,5.0,1.0,4.0,3.0,,,4.0,1.0,4.0,2.0,2.0,2.0,4.0,4.0,2.0,2.0,7.0,4.0,4.0,4.0,4.0,4.0,3.0,1.0,3.0,2.0,1.0,3.0,1.0,4.0,3.0,4.0,2.0,5.0,2.0,5.0,2.0,3.0,4.0,3.0,2.0,2.0,2.0,2.0,2.0,2.0,4.0,2.0,4.0,4.0,1.0,2.0,3.0,1.0,,4.0,1.0,,1.0,3.0,2.0,2.0,2.0,,6.0,,4.0,2.0
21.0,2829.0,2020-10-13,21023.0,2.0,1.488982085854512,20.0,2.0,2.0,1.0,1.0,,4.0,4.0,1.0,1.0,1.0,4.0,,,3.0,3.0,4.0,4.0,2.0,1.0,2.0,1.0,4.0,1.0,2.0,4.0,4.0,2.0,2.0,2.0,1.0,1.0,4.0,3.0,3.0,2.0,4.0,4.0,2.0,2.0,4.0,5.0,4.0,1.0,2.0,2.0,2.0,3.0,1.0,2.0,2.0,2.0,2.0,2.0,4.0,3.0,4.0,1.0,,7.0,5.0,,,2.0,1.0,,2.0,2.0,2.0,2.0,2.0,,1.0,2.0,2.0,98.0
21.0,3467.0,2020-10-14,21013.0,1.0,1.732976122594322,25.0,2.0,12.0,4.0,,6.0,3.0,1.0,4.0,4.0,4.0,4.0,,,3.0,2.0,2.0,2.0,2.0,4.0,3.0,4.0,4.0,1.0,98.0,2.0,2.0,1.0,2.0,2.0,1.0,3.0,1.0,4.0,2.0,2.0,3.0,4.0,3.0,2.0,3.0,5.0,2.0,1.0,2.0,2.0,3.0,3.0,3.0,98.0,96.0,96.0,98.0,98.0,4.0,4.0,4.0,1.0,,5.0,4.0,,,2.0,1.0,,1.0,3.0,2.0,1.0,2.0,,1.0,1.0,1.0,1.0
21.0,1647.0,2020-10-11,21003.0,1.0,1.6080153726101485,55.0,1.0,1.0,4.0,,7.0,4.0,4.0,2.0,2.0,2.0,4.0,,,1.0,2.0,99.0,2.0,3.0,3.0,4.0,3.0,3.0,1.0,7.0,4.0,4.0,4.0,4.0,4.0,1.0,1.0,2.0,2.0,4.0,4.0,4.0,4.0,4.0,4.0,4.0,5.0,5.0,5.0,5.0,1.0,1.0,5.0,3.0,96.0,96.0,96.0,2.0,2.0,4.0,1.0,4.0,4.0,1.0,6.0,1.0,,2.0,4.0,1.0,,1.0,5.0,2.0,1.0,2.0,,6.0,,4.0,98.0
21.0,1752.0,2020-10-11,21023.0,1.0,1.450037694840346,21.0,1.0,15.0,2.0,6.0,,3.0,3.0,2.0,4.0,4.0,4.0,,,1.0,1.0,2.0,4.0,3.0,1.0,1.0,1.0,4.0,2.0,34.0,4.0,2.0,1.0,1.0,1.0,1.0,1.0,1.0,2.0,2.0,2.0,3.0,4.0,4.0,2.0,2.0,5.0,2.0,2.0,5.0,1.0,2.0,3.0,2.0,2.0,2.0,2.0,2.0,2.0,4.0,1.0,4.0,1.0,,5.0,5.0,,,3.0,1.0,,2.0,3.0,2.0,99.0,2.0,,1.0,2.0,2.0,2.0
21.0,4716.0,2020-10-15,21007.0,3.0,1.437740360143339,65.0,1.0,1.0,2.0,6.0,,2.0,2.0,2.0,4.0,99.0,4.0,,,4.0,4.0,4.0,4.0,4.0,4.0,4.0,4.0,4.0,2.0,98.0,3.0,4.0,4.0,4.0,4.0,4.0,4.0,4.0,4.0,3.0,4.0,4.0,4.0,4.0,4.0,4.0,5.0,4.0,4.0,4.0,4.0,4.0,1.0,4.0,96.0,96.0,96.0,96.0,96.0,4.0,2.0,3.0,4.0,1.0,7.0,3.0,1.0,,2.0,1.0,,3.0,3.0,2.0,1.0,2.0,,5.0,3.0,4.0,4.0
21.0,516.0,2020-10-07,21020.0,1.0,1.4755189953838717,39.0,1.0,1.0,2.0,1.0,,2.0,1.0,3.0,1.0,4.0,3.0,,,4.0,1.0,4.0,2.0,3.0,4.0,4.0,4.0,2.0,1.0,18.0,4.0,4.0,1.0,4.0,4.0,3.0,1.0,4.0,4.0,98.0,1.0,2.0,4.0,98.0,1.0,1.0,98.0,98.0,2.0,98.0,1.0,98.0,3.0,98.0,98.0,98.0,98.0,98.0,98.0,98.0,98.0,4.0,4.0,1.0,5.0,6.0,,,3.0,1.0,,1.0,98.0,2.0,1.0,2.0,,1.0,1.0,3.0,98.0
21.0,1188.0,2020-10-10,21015.0,1.0,1.8448700230627897,67.0,1.0,7.0,1.0,5.0,,4.0,5.0,1.0,4.0,3.0,4.0,,,2.0,1.0,4.0,4.0,4.0,4.0,4.0,4.0,4.0,1.0,15.0,2.0,4.0,1.0,4.0,2.0,4.0,4.0,1.0,4.0,4.0,2.0,1.0,4.0,1.0,4.0,2.0,5.0,5.0,5.0,1.0,4.0,2.0,3.0,4.0,2.0,2.0,2.0,2.0,2.0,4.0,4.0,4.0,4.0,1.0,6.0,3.0,1.0,,3.0,1.0,,1.0,4.0,2.0,6.0,1.0,,6.0,,4.0,2.0
21.0,2765.0,2020-10-13,21001.0,2.0,1.3879554382501866,19.0,2.0,12.0,4.0,,6.0,4.0,3.0,2.0,4.0,4.0,3.0,,,1.0,1.0,3.0,2.0,3.0,2.0,3.0,4.0,3.0,1.0,99.0,4.0,2.0,3.0,2.0,4.0,3.0,4.0,4.0,3.0,1.0,1.0,4.0,4.0,4.0,1.0,2.0,3.0,1.0,98.0,1.0,4.0,3.0,1.0,3.0,2.0,96.0,97.0,96.0,2.0,4.0,4.0,4.0,1.0,,6.0,5.0,,,3.0,1.0,,2.0,5.0,2.0,2.0,1.0,,1.0,3.0,1.0,2.0
21.0,1651.0,2020-10-11,21024.0,2.0,1.258408086376652,51.0,1.0,7.0,2.0,6.0,,3.0,4.0,6.0,4.0,4.0,4.0,,,4.0,2.0,3.0,4.0,3.0,3.0,3.0,2.0,3.0,1.0,14.0,4.0,2.0,2.0,2.0,4.0,1.0,2.0,1.0,2.0,4.0,1.0,4.0,4.0,4.0,4.0,2.0,5.0,2.0,2.0,5.0,4.0,4.0,1.0,4.0,96.0,2.0,96.0,96.0,96.0,4.0,4.0,4.0,4.0,1.0,7.0,6.0,,,3.0,1.0,,2.0,2.0,2.0,2.0,2.0,,6.0,,2.0,2.0
21.0,891.0,2020-10-08,21016.0,1.0,1.529043358402933,29.0,2.0,15.0,1.0,1.0,,4.0,1.0,2.0,2.0,1.0,4.0,,,3.0,1.0,3.0,4.0,4.0,4.0,4.0,3.0,4.0,1.0,15.0,4.0,4.0,2.0,2.0,2.0,1.0,1.0,1.0,1.0,4.0,4.0,2.0,3.0,2.0,2.0,2.0,5.0,98.0,4.0,4.0,4.0,3.0,3.0,4.0,2.0,2.0,98.0,2.0,98.0,4.0,2.0,5.0,4.0,1.0,3.0,6.0,,,4.0,1.0,,2.0,3.0,1.0,1.0,2.0,,2.0,3.0,2.0,4.0
21.0,159.0,2020-10-07,21002.0,2.0,1.5276586962595127,54.0,1.0,1.0,1.0,1.0,,4.0,5.0,1.0,3.0,3.0,4.0,,,3.0,3.0,2.0,4.0,3.0,3.0,4.0,3.0,3.0,1.0,14.0,4.0,3.0,3.0,2.0,2.0,1.0,1.0,1.0,2.0,1.0,1.0,1.0,4.0,1.0,1.0,1.0,5.0,2.0,1.0,2.0,2.0,2.0,6.0,2.0,2.0,2.0,2.0,2.0,2.0,4.0,4.0,4.0,4.0,1.0,6.0,1.0,,1.0,4.0,1.0,,1.0,1.0,2.0,3.0,2.0,,4.0,2.0,2.0,2.0
21.0,3739.0,2020-10-14,21023.0,2.0,1.6719637196746506,28.0,2.0,15.0,1.0,1.0,,4.0,3.0,2.0,3.0,1.0,4.0,,,1.0,1.0,4.0,3.0,2.0,3.0,3.0,2.0,2.0,1.0,36.0,4.0,3.0,1.0,2.0,1.0,3.0,1.0,1.0,2.0,3.0,1.0,4.0,1.0,2.0,3.0,1.0,4.0,4.0,1.0,2.0,2.0,2.0,5.0,1.0,1.0,1.0,2.0,1.0,1.0,2.0,4.0,4.0,4.0,1.0,5.0,4.0,,,4.0,1.0,,1.0,3.0,2.0,2.0,2.0,,1.0,3.0,3.0,4.0
21.0,400.0,2020-10-07,21001.0,1.0,1.3333870636132648,45.0,1.0,15.0,2.0,6.0,,3.0,1.0,2.0,3.0,3.0,3.0,,,3.0,1.0,3.0,3.0,2.0,4.0,4.0,3.0,3.0,1.0,15.0,3.0,4.0,4.0,4.0,4.0,1.0,1.0,1.0,3.0,2.0,4.0,2.0,2.0,1.0,1.0,1.0,5.0,2.0,1.0,2.0,1.0,1.0,5.0,1.0,1.0,1.0,2.0,2.0,1.0,4.0,1.0,4.0,4.0,1.0,3.0,7.0,,,2.0,1.0,,2.0,1.0,2.0,2.0,2.0,,3.0,3.0,1.0,1.0
21.0,4503.0,2020-10-15,21010.0,3.0,1.408776611399249,62.0,1.0,1.0,1.0,1.0,,4.0,1.0,2.0,4.0,1.0,4.0,,,3.0,1.0,3.0,2.0,2.0,3.0,4.0,3.0,2.0,2.0,7.0,4.0,4.0,3.0,2.0,4.0,3.0,2.0,2.0,2.0,2.0,4.0,2.0,4.0,2.0,2.0,3.0,5.0,4.0,3.0,3.0,2.0,3.0,1.0,1.0,96.0,96.0,96.0,96.0,96.0,4.0,4.0,4.0,4.0,1.0,6.0,3.0,2.0,,3.0,1.0,,2.0,98.0,2.0,1.0,2.0,,6.0,,2.0,98.0
21.0,806.0,2020-10-08,21023.0,1.0,1.4304417825786322,48.0,1.0,1.0,1.0,1.0,,4.0,5.0,1.0,2.0,2.0,2.0,,,1.0,1.0,2.0,1.0,1.0,4.0,4.0,4.0,4.0,1.0,35.0,1.0,1.0,1.0,4.0,1.0,1.0,1.0,1.0,2.0,4.0,1.0,4.0,2.0,2.0,1.0,1.0,4.0,2.0,1.0,2.0,1.0,1.0,3.0,2.0,2.0,2.0,2.0,1.0,2.0,4.0,4.0,4.0,4.0,1.0,7.0,2.0,,2.0,4.0,1.0,,2.0,2.0,2.0,1.0,2.0,,6.0,,1.0,97.0
21.0,537.0,2020-10-07,21011.0,1.0,1.3282272761933847,35.0,1.0,1.0,2.0,6.0,,3.0,1.0,1.0,4.0,1.0,4.0,,,3.0,4.0,3.0,4.0,4.0,3.0,3.0,4.0,4.0,1.0,9.0,4.0,4.0,4.0,2.0,4.0,4.0,4.0,2.0,4.0,4.0,4.0,4.0,4.0,3.0,4.0,3.0,5.0,2.0,4.0,3.0,2.0,3.0,6.0,4.0,98.0,2.0,97.0,1.0,98.0,4.0,4.0,4.0,1.0,,5.0,1.0,,1.0,2.0,1.0,,98.0,98.0,2.0,2.0,2.0,,2.0,3.0,3.0,4.0
21.0,2864.0,2020-10-13,21004.0,2.0,1.3954457900006498,29.0,2.0,2.0,2.0,1.0,,4.0,3.0,2.0,3.0,3.0,3.0,,,2.0,1.0,4.0,2.0,4.0,2.0,3.0,4.0,4.0,2.0,16.0,4.0,4.0,2.0,4.0,4.0,2.0,2.0,2.0,4.0,4.0,3.0,3.0,2.0,3.0,2.0,4.0,5.0,5.0,5.0,98.0,2.0,1.0,5.0,1.0,98.0,2.0,2.0,2.0,2.0,4.0,3.0,4.0,4.0,1.0,4.0,1.0,,2.0,3.0,1.0,,1.0,3.0,2.0,1.0,2.0,,4.0,3.0,4.0,98.0
21.0,4434.0,2020-10-14,21022.0,3.0,1.4017879798345696,35.0,2.0,15.0,2.0,1.0,,3.0,1.0,2.0,4.0,3.0,4.0,,,3.0,2.0,2.0,2.0,3.0,4.0,3.0,3.0,2.0,2.0,7.0,2.0,3.0,2.0,4.0,3.0,4.0,3.0,3.0,3.0,2.0,3.0,2.0,4.0,2.0,2.0,3.0,5.0,4.0,3.0,2.0,2.0,4.0,3.0,2.0,96.0,96.0,96.0,96.0,96.0,4.0,3.0,4.0,4.0,2.0,2.0,4.0,,,3.0,1.0,,2.0,4.0,2.0,1.0,2.0,,1.0,3.0,4.0,3.0
21.0,1167.0,2020-10-10,21013.0,1.0,1.5224607227796108,54.0,2.0,15.0,2.0,1.0,,3.0,3.0,4.0,2.0,3.0,4.0,,,3.0,2.0,2.0,2.0,4.0,3.0,3.0,3.0,3.0,2.0,7.0,3.0,2.0,2.0,4.0,3.0,4.0,3.0,3.0,3.0,3.0,4.0,1.0,3.0,1.0,1.0,4.0,3.0,98.0,2.0,98.0,98.0,2.0,3.0,98.0,98.0,98.0,98.0,98.0,98.0,4.0,98.0,4.0,4.0,1.0,4.0,4.0,,,4.0,1.0,,2.0,5.0,1.0,2.0,2.0,,6.0,,1.0,3.0
21.0,56.0,2020-10-06,21017.0,2.0,1.3629100959329934,35.0,1.0,2.0,4.0,,7.0,4.0,1.0,2.0,3.0,3.0,4.0,,,3.0,1.0,4.0,3.0,4.0,4.0,4.0,4.0,3.0,1.0,6.0,3.0,2.0,2.0,3.0,4.0,2.0,4.0,4.0,3.0,2.0,2.0,2.0,4.0,1.0,4.0,2.0,5.0,2.0,5.0,2.0,3.0,3.0,3.0,1.0,2.0,2.0,2.0,2.0,2.0,4.0,2.0,4.0,1.0,,4.0,1.0,,2.0,2.0,1.0,,2.0,4.0,2.0,2.0,2.0,,3.0,3.0,4.0,4.0
21.0,4221.0,2020-10-14,21007.0,2.0,1.2703063922882336,47.0,1.0,1.0,2.0,5.0,,3.0,1.0,2.0,4.0,4.0,2.0,,,2.0,1.0,2.0,2.0,2.0,3.0,3.0,2.0,2.0,2.0,98.0,3.0,2.0,2.0,2.0,2.0,2.0,1.0,1.0,2.0,2.0,1.0,2.0,3.0,4.0,3.0,4.0,5.0,4.0,5.0,4.0,1.0,1.0,3.0,4.0,96.0,96.0,96.0,96.0,96.0,4.0,4.0,5.0,4.0,2.0,4.0,1.0,,2.0,3.0,1.0,,2.0,3.0,2.0,2.0,2.0,,3.0,3.0,1.0,1.0
21.0,1008.0,2020-10-09,21006.0,3.0,1.5530027755916227,30.0,1.0,2.0,3.0,,6.0,2.0,4.0,2.0,4.0,99.0,3.0,,,3.0,1.0,3.0,2.0,2.0,1.0,2.0,2.0,2.0,3.0,26.0,4.0,4.0,1.0,1.0,2.0,1.0,2.0,1.0,2.0,4.0,4.0,4.0,4.0,4.0,2.0,2.0,5.0,2.0,3.0,2.0,2.0,4.0,2.0,4.0,96.0,96.0,96.0,98.0,98.0,4.0,98.0,4.0,3.0,2.0,5.0,2.0,,2.0,2.0,1.0,,3.0,3.0,2.0,3.0,1.0,,1.0,3.0,2.0,2.0
21.0,1361.0,2020-10-10,21010.0,2.0,1.2781456092950099,50.0,2.0,15.0,1.0,1.0,,3.0,5.0,2.0,4.0,4.0,3.0,,,3.0,2.0,4.0,3.0,3.0,4.0,4.0,2.0,3.0,1.0,15.0,4.0,4.0,3.0,2.0,3.0,1.0,3.0,2.0,4.0,2.0,2.0,4.0,4.0,4.0,4.0,4.0,5.0,4.0,5.0,4.0,4.0,4.0,3.0,3.0,2.0,2.0,96.0,2.0,2.0,4.0,1.0,5.0,4.0,1.0,5.0,1.0,,1.0,2.0,1.0,,2.0,5.0,1.0,1.0,1.0,,1.0,96.0,4.0,4.0
21.0,2043.0,2020-10-12,21022.0,1.0,1.3932254559901702,50.0,2.0,1.0,2.0,1.0,,3.0,1.0,5.0,1.0,1.0,4.0,,,3.0,1.0,3.0,2.0,2.0,3.0,4.0,4.0,3.0,1.0,18.0,4.0,4.0,1.0,2.0,1.0,4.0,1.0,1.0,1.0,2.0,2.0,2.0,4.0,99.0,3.0,2.0,5.0,99.0,98.0,98.0,2.0,2.0,4.0,2.0,2.0,2.0,2.0,2.0,2.0,4.0,4.0,4.0,4.0,1.0,3.0,4.0,,,4.0,1.0,,1.0,3.0,2.0,1.0,2.0,,1.0,3.0,4.0,4.0
21.0,4697.0,2020-10-15,21008.0,3.0,1.3277237759291123,42.0,1.0,15.0,2.0,1.0,,3.0,1.0,2.0,4.0,4.0,3.0,,,2.0,2.0,3.0,3.0,2.0,2.0,4.0,3.0,4.0,2.0,7.0,4.0,4.0,3.0,2.0,4.0,4.0,2.0,3.0,2.0,2.0,4.0,4.0,4.0,2.0,3.0,2.0,5.0,4.0,3.0,3.0,4.0,4.0,3.0,2.0,2.0,2.0,96.0,96.0,96.0,4.0,3.0,4.0,4.0,1.0,4.0,1.0,,1.0,1.0,1.0,,2.0,98.0,2.0,1.0,1.0,,1.0,3.0,2.0,2.0
21.0,3589.0,2020-10-14,21006.0,2.0,1.5856521169975824,65.0,2.0,15.0,1.0,1.0,,4.0,1.0,1.0,3.0,2.0,4.0,,,2.0,1.0,4.0,4.0,2.0,4.0,4.0,4.0,4.0,1.0,32.0,4.0,1.0,2.0,4.0,2.0,1.0,1.0,1.0,4.0,1.0,1.0,2.0,2.0,4.0,4.0,3.0,4.0,4.0,5.0,98.0,3.0,3.0,3.0,2.0,98.0,98.0,2.0,98.0,96.0,1.0,3.0,4.0,4.0,1.0,8.0,4.0,,,4.0,1.0,,1.0,3.0,2.0,1.0,2.0,,6.0,,3.0,98.0
21.0,511.0,2020-10-07,21002.0,1.0,1.7388928361040812,32.0,1.0,7.0,1.0,1.0,,4.0,2.0,5.0,1.0,4.0,3.0,,,3.0,1.0,3.0,4.0,4.0,4.0,4.0,4.0,4.0,1.0,6.0,3.0,4.0,2.0,3.0,3.0,1.0,2.0,1.0,3.0,3.0,4.0,1.0,4.0,1.0,1.0,1.0,5.0,3.0,1.0,1.0,4.0,2.0,6.0,4.0,2.0,96.0,96.0,96.0,96.0,4.0,2.0,4.0,4.0,1.0,6.0,1.0,,1.0,3.0,1.0,,3.0,3.0,2.0,3.0,2.0,,1.0,3.0,4.0,4.0
21.0,668.0,2020-10-08,21013.0,1.0,1.6876500569702384,25.0,1.0,15.0,1.0,1.0,,4.0,5.0,2.0,4.0,2.0,3.0,,,4.0,1.0,4.0,2.0,4.0,4.0,4.0,4.0,2.0,1.0,12.0,2.0,1.0,4.0,2.0,4.0,4.0,2.0,1.0,4.0,2.0,1.0,4.0,1.0,2.0,1.0,4.0,5.0,2.0,1.0,5.0,2.0,2.0,3.0,1.0,1.0,1.0,2.0,1.0,1.0,4.0,4.0,3.0,1.0,,5.0,4.0,,,4.0,1.0,,3.0,2.0,2.0,2.0,2.0,,1.0,98.0,4.0,3.0
21.0,912.0,2020-10-08,21018.0,1.0,1.6332117722287613,22.0,2.0,1.0,1.0,1.0,,99.0,1.0,2.0,98.0,4.0,1.0,,,1.0,1.0,2.0,2.0,3.0,4.0,1.0,2.0,4.0,2.0,98.0,4.0,4.0,1.0,2.0,2.0,1.0,4.0,1.0,4.0,4.0,4.0,3.0,98.0,98.0,2.0,98.0,5.0,98.0,98.0,98.0,98.0,3.0,3.0,98.0,2.0,98.0,2.0,98.0,99.0,98.0,98.0,5.0,1.0,,6.0,6.0,,,2.0,1.0,,1.0,3.0,2.0,2.0,2.0,,1.0,98.0,1.0,1.0
21.0,3218.0,2020-10-13,21014.0,3.0,1.2540861940363208,20.0,2.0,1.0,1.0,4.0,,4.0,2.0,2.0,4.0,4.0,4.0,,,3.0,1.0,4.0,4.0,3.0,4.0,4.0,4.0,4.0,1.0,98.0,4.0,4.0,2.0,3.0,2.0,3.0,4.0,3.0,2.0,3.0,2.0,2.0,3.0,3.0,4.0,3.0,5.0,5.0,5.0,5.0,3.0,4.0,4.0,3.0,96.0,96.0,96.0,96.0,96.0,4.0,98.0,4.0,4.0,2.0,2.0,4.0,,,4.0,1.0,,2.0,3.0,2.0,1.0,2.0,,1.0,3.0,2.0,4.0
21.0,4870.0,2020-10-15,21022.0,2.0,1.5768608904249861,62.0,2.0,1.0,1.0,1.0,,4.0,3.0,2.0,4.0,3.0,4.0,,,4.0,2.0,4.0,4.0,4.0,4.0,4.0,4.0,4.0,4.0,,4.0,4.0,4.0,4.0,4.0,4.0,4.0,4.0,4.0,4.0,4.0,4.0,4.0,4.0,4.0,4.0,5.0,5.0,5.0,5.0,4.0,3.0,1.0,3.0,97.0,96.0,96.0,96.0,96.0,4.0,2.0,4.0,4.0,1.0,3.0,4.0,,,3.0,1.0,,1.0,98.0,2.0,1.0,2.0,,2.0,96.0,4.0,3.0
21.0,508.0,2020-10-07,21018.0,1.0,1.5786437946135343,38.0,1.0,1.0,4.0,,6.0,4.0,1.0,1.0,4.0,3.0,4.0,,,3.0,1.0,3.0,4.0,2.0,1.0,1.0,1.0,4.0,1.0,23.0,4.0,4.0,2.0,2.0,4.0,1.0,1.0,1.0,3.0,1.0,2.0,4.0,4.0,4.0,1.0,4.0,5.0,5.0,1.0,5.0,3.0,4.0,5.0,4.0,98.0,2.0,99.0,98.0,2.0,4.0,4.0,4.0,4.0,2.0,2.0,1.0,,1.0,3.0,1.0,,3.0,5.0,2.0,1.0,2.0,,1.0,96.0,4.0,4.0
21.0,1123.0,2020-10-10,21016.0,1.0,1.3162066151350356,38.0,1.0,15.0,2.0,5.0,,3.0,6.0,2.0,4.0,3.0,4.0,,,3.0,2.0,2.0,3.0,3.0,4.0,3.0,4.0,3.0,1.0,5.0,3.0,2.0,2.0,4.0,4.0,1.0,1.0,1.0,1.0,4.0,4.0,4.0,4.0,4.0,1.0,4.0,5.0,5.0,1.0,5.0,4.0,4.0,3.0,4.0,96.0,96.0,96.0,96.0,96.0,4.0,1.0,4.0,4.0,1.0,5.0,2.0,,2.0,3.0,1.0,,2.0,1.0,2.0,1.0,2.0,,6.0,,1.0,99.0
21.0,4968.0,2020-10-15,21024.0,1.0,1.4625262232450835,67.0,2.0,1.0,2.0,4.0,,4.0,2.0,2.0,3.0,3.0,2.0,,,2.0,2.0,2.0,3.0,3.0,4.0,4.0,4.0,4.0,2.0,98.0,4.0,4.0,1.0,1.0,1.0,1.0,1.0,1.0,2.0,2.0,2.0,2.0,4.0,4.0,4.0,4.0,5.0,5.0,5.0,5.0,4.0,4.0,3.0,2.0,96.0,96.0,96.0,96.0,96.0,4.0,4.0,4.0,4.0,1.0,5.0,4.0,,,2.0,1.0,,2.0,3.0,2.0,1.0,2.0,,6.0,,1.0,1.0
21.0,1675.0,2020-10-11,21010.0,1.0,1.454878795206636,32.0,2.0,7.0,1.0,5.0,,2.0,3.0,6.0,1.0,2.0,1.0,,,3.0,1.0,2.0,2.0,2.0,2.0,2.0,1.0,3.0,3.0,98.0,1.0,3.0,3.0,4.0,4.0,2.0,4.0,3.0,4.0,4.0,1.0,3.0,3.0,2.0,2.0,2.0,2.0,5.0,5.0,1.0,2.0,1.0,6.0,3.0,2.0,2.0,1.0,1.0,2.0,3.0,1.0,3.0,4.0,2.0,6.0,4.0,,,3.0,1.0,,1.0,3.0,2.0,2.0,2.0,,6.0,,2.0,97.0
21.0,188.0,2020-10-07,21004.0,2.0,1.2012052959568111,41.0,1.0,6.0,3.0,,3.0,4.0,5.0,4.0,1.0,1.0,4.0,,,3.0,1.0,4.0,4.0,4.0,4.0,3.0,4.0,3.0,1.0,6.0,4.0,4.0,4.0,4.0,2.0,1.0,1.0,1.0,3.0,4.0,3.0,1.0,2.0,2.0,2.0,1.0,4.0,2.0,4.0,4.0,2.0,3.0,1.0,3.0,2.0,98.0,2.0,2.0,2.0,99.0,1.0,4.0,5.0,1.0,2.0,6.0,,,4.0,1.0,,2.0,5.0,2.0,1.0,2.0,,6.0,,4.0,4.0
21.0,365.0,2020-10-07,21005.0,2.0,1.2976838676480393,38.0,1.0,1.0,1.0,4.0,,4.0,3.0,2.0,4.0,3.0,3.0,,,4.0,1.0,3.0,2.0,4.0,4.0,4.0,4.0,2.0,1.0,37.0,4.0,3.0,3.0,2.0,2.0,1.0,1.0,1.0,3.0,1.0,3.0,1.0,4.0,2.0,2.0,4.0,3.0,4.0,3.0,3.0,2.0,3.0,3.0,4.0,98.0,96.0,96.0,96.0,96.0,4.0,3.0,3.0,4.0,1.0,4.0,2.0,,98.0,4.0,1.0,,2.0,3.0,2.0,1.0,2.0,,2.0,3.0,3.0,3.0
21.0,661.0,2020-10-08,21012.0,2.0,1.549257564746928,59.0,1.0,2.0,1.0,5.0,,4.0,4.0,1.0,1.0,1.0,4.0,,,4.0,2.0,4.0,1.0,1.0,3.0,3.0,4.0,3.0,1.0,35.0,4.0,4.0,4.0,98.0,4.0,1.0,1.0,1.0,2.0,3.0,1.0,1.0,4.0,2.0,4.0,2.0,5.0,5.0,5.0,98.0,4.0,4.0,3.0,4.0,2.0,2.0,2.0,2.0,2.0,1.0,1.0,4.0,4.0,1.0,5.0,6.0,,,4.0,1.0,,1.0,1.0,2.0,1.0,2.0,,1.0,3.0,3.0,98.0
21.0,3318.0,2020-10-13,21014.0,2.0,1.3635783029172395,67.0,1.0,1.0,1.0,4.0,,4.0,2.0,2.0,4.0,4.0,4.0,,,4.0,4.0,1.0,4.0,4.0,4.0,4.0,4.0,4.0,1.0,98.0,4.0,4.0,1.0,1.0,1.0,1.0,1.0,1.0,98.0,2.0,2.0,2.0,4.0,2.0,2.0,3.0,5.0,2.0,2.0,2.0,4.0,4.0,4.0,2.0,96.0,96.0,96.0,96.0,96.0,4.0,98.0,3.0,4.0,1.0,7.0,6.0,,,4.0,1.0,,1.0,2.0,2.0,1.0,2.0,,6.0,,4.0,97.0
21.0,1696.0,2020-10-11,21001.0,1.0,1.3516534035843812,20.0,1.0,2.0,1.0,2.0,,3.0,4.0,1.0,4.0,3.0,4.0,,,4.0,2.0,3.0,4.0,4.0,3.0,3.0,3.0,1.0,2.0,6.0,3.0,3.0,3.0,3.0,2.0,4.0,3.0,2.0,3.0,1.0,2.0,3.0,4.0,3.0,1.0,3.0,5.0,2.0,1.0,1.0,2.0,4.0,3.0,1.0,2.0,2.0,2.0,2.0,2.0,4.0,4.0,4.0,1.0,,3.0,5.0,,,2.0,1.0,,3.0,2.0,2.0,1.0,2.0,,1.0,2.0,2.0,3.0
21.0,1030.0,2020-10-09,21015.0,3.0,1.8554116316957134,34.0,1.0,15.0,3.0,,3.0,4.0,3.0,2.0,3.0,1.0,2.0,,,2.0,1.0,1.0,3.0,4.0,4.0,3.0,3.0,4.0,1.0,6.0,4.0,4.0,3.0,3.0,1.0,1.0,1.0,1.0,2.0,4.0,2.0,4.0,4.0,2.0,1.0,3.0,5.0,98.0,1.0,1.0,2.0,4.0,1.0,98.0,2.0,2.0,2.0,2.0,2.0,4.0,4.0,4.0,3.0,2.0,5.0,2.0,,2.0,4.0,1.0,,1.0,2.0,2.0,2.0,2.0,,1.0,3.0,2.0,2.0
21.0,142.0,2020-10-07,21001.0,1.0,1.3415818309977636,35.0,1.0,1.0,4.0,,1.0,4.0,6.0,1.0,4.0,4.0,3.0,,,1.0,4.0,4.0,4.0,4.0,4.0,4.0,4.0,4.0,1.0,7.0,1.0,1.0,3.0,2.0,4.0,1.0,1.0,1.0,4.0,4.0,4.0,4.0,4.0,3.0,4.0,3.0,5.0,5.0,5.0,5.0,2.0,4.0,1.0,4.0,2.0,96.0,96.0,96.0,2.0,4.0,4.0,4.0,2.0,2.0,7.0,2.0,,2.0,2.0,4.0,,3.0,,2.0,1.0,2.0,,2.0,3.0,3.0,3.0
21.0,2333.0,2020-10-12,21013.0,2.0,1.4826406965651167,52.0,1.0,2.0,1.0,5.0,,4.0,4.0,1.0,4.0,3.0,4.0,,,4.0,2.0,4.0,4.0,3.0,4.0,4.0,4.0,4.0,3.0,4.0,4.0,3.0,3.0,3.0,4.0,1.0,1.0,1.0,2.0,1.0,1.0,4.0,4.0,2.0,4.0,2.0,4.0,4.0,4.0,4.0,1.0,4.0,1.0,1.0,2.0,2.0,2.0,2.0,2.0,4.0,2.0,4.0,4.0,1.0,5.0,3.0,1.0,,3.0,1.0,,2.0,1.0,2.0,1.0,2.0,,4.0,3.0,4.0,98.0
21.0,2468.0,2020-10-12,21002.0,1.0,1.7754502117679543,64.0,2.0,6.0,2.0,3.0,,3.0,5.0,1.0,4.0,2.0,3.0,,,4.0,2.0,1.0,4.0,4.0,4.0,3.0,4.0,3.0,1.0,6.0,4.0,4.0,4.0,2.0,2.0,1.0,1.0,1.0,1.0,4.0,2.0,1.0,4.0,4.0,3.0,1.0,4.0,1.0,5.0,5.0,4.0,4.0,6.0,4.0,2.0,2.0,2.0,2.0,97.0,4.0,1.0,4.0,4.0,1.0,5.0,3.0,1.0,,2.0,1.0,,1.0,3.0,2.0,1.0,2.0,,1.0,3.0,4.0,4.0
21.0,1210.0,2020-10-10,21008.0,1.0,1.5336595493784257,67.0,2.0,15.0,2.0,5.0,,4.0,1.0,2.0,4.0,4.0,4.0,,,4.0,1.0,4.0,4.0,4.0,4.0,4.0,4.0,4.0,1.0,13.0,4.0,4.0,2.0,2.0,1.0,1.0,1.0,1.0,2.0,4.0,1.0,4.0,4.0,4.0,4.0,4.0,5.0,3.0,5.0,5.0,4.0,4.0,3.0,4.0,2.0,2.0,2.0,2.0,2.0,4.0,1.0,4.0,4.0,1.0,6.0,4.0,,,3.0,1.0,,1.0,1.0,2.0,2.0,2.0,,6.0,,1.0,98.0
21.0,317.0,2020-10-07,21005.0,1.0,1.468096004226542,30.0,1.0,1.0,1.0,3.0,,4.0,3.0,6.0,2.0,2.0,4.0,,,1.0,1.0,2.0,4.0,3.0,97.0,4.0,3.0,2.0,3.0,18.0,4.0,4.0,1.0,2.0,2.0,2.0,1.0,2.0,2.0,1.0,2.0,2.0,1.0,1.0,2.0,4.0,1.0,5.0,1.0,1.0,1.0,1.0,3.0,2.0,1.0,2.0,2.0,1.0,1.0,3.0,4.0,4.0,4.0,2.0,5.0,1.0,,2.0,3.0,1.0,,2.0,1.0,1.0,1.0,2.0,,1.0,3.0,3.0,1.0
21.0,1125.0,2020-10-10,21014.0,3.0,1.4082013730677405,28.0,2.0,15.0,1.0,1.0,,3.0,1.0,2.0,4.0,2.0,4.0,,,3.0,1.0,2.0,3.0,3.0,4.0,3.0,2.0,2.0,1.0,6.0,4.0,2.0,1.0,1.0,1.0,1.0,2.0,1.0,2.0,3.0,2.0,1.0,3.0,98.0,98.0,4.0,4.0,98.0,2.0,4.0,98.0,3.0,5.0,2.0,2.0,2.0,2.0,2.0,2.0,4.0,98.0,4.0,4.0,2.0,7.0,4.0,,,3.0,1.0,,1.0,3.0,2.0,1.0,2.0,,6.0,,1.0,97.0
21.0,2918.0,2020-10-13,21023.0,3.0,1.6719637196746506,29.0,2.0,1.0,3.0,,7.0,98.0,4.0,1.0,4.0,2.0,3.0,,,3.0,3.0,2.0,3.0,3.0,98.0,3.0,2.0,2.0,2.0,98.0,2.0,4.0,2.0,2.0,2.0,3.0,1.0,3.0,2.0,2.0,2.0,2.0,2.0,98.0,2.0,4.0,98.0,98.0,98.0,98.0,2.0,2.0,4.0,2.0,98.0,98.0,98.0,98.0,98.0,2.0,3.0,4.0,4.0,1.0,4.0,4.0,,,3.0,1.0,,3.0,3.0,98.0,1.0,2.0,,4.0,96.0,2.0,98.0
21.0,2428.0,2020-10-12,21005.0,1.0,1.3074258878256533,21.0,1.0,1.0,1.0,1.0,,4.0,4.0,2.0,4.0,2.0,4.0,,,1.0,1.0,3.0,4.0,4.0,4.0,3.0,4.0,4.0,1.0,6.0,4.0,4.0,1.0,3.0,1.0,1.0,3.0,1.0,1.0,2.0,2.0,1.0,4.0,2.0,3.0,2.0,5.0,2.0,4.0,2.0,2.0,2.0,3.0,3.0,2.0,2.0,2.0,2.0,2.0,4.0,4.0,4.0,1.0,,5.0,6.0,,,3.0,1.0,,2.0,3.0,2.0,2.0,2.0,,1.0,3.0,1.0,1.0
21.0,3186.0,2020-10-13,21010.0,2.0,1.2860008722096719,40.0,2.0,1.0,2.0,4.0,,4.0,1.0,2.0,4.0,4.0,4.0,,,4.0,1.0,4.0,4.0,3.0,2.0,4.0,1.0,4.0,1.0,7.0,4.0,3.0,2.0,2.0,2.0,3.0,3.0,3.0,3.0,2.0,2.0,2.0,3.0,3.0,3.0,2.0,5.0,3.0,5.0,5.0,2.0,3.0,6.0,2.0,2.0,98.0,98.0,98.0,98.0,98.0,98.0,4.0,4.0,1.0,5.0,4.0,,,3.0,1.0,,1.0,3.0,2.0,1.0,2.0,,3.0,3.0,3.0,4.0
21.0,1288.0,2020-10-10,21016.0,1.0,1.4805910487048288,58.0,1.0,1.0,2.0,4.0,,4.0,6.0,2.0,4.0,2.0,3.0,,,3.0,1.0,3.0,3.0,2.0,3.0,3.0,4.0,3.0,1.0,19.0,2.0,4.0,2.0,3.0,2.0,2.0,2.0,1.0,1.0,2.0,2.0,4.0,4.0,4.0,4.0,4.0,5.0,2.0,5.0,2.0,2.0,2.0,1.0,2.0,2.0,2.0,2.0,98.0,98.0,4.0,3.0,4.0,4.0,1.0,5.0,1.0,,1.0,2.0,1.0,,1.0,3.0,2.0,2.0,1.0,,1.0,96.0,2.0,98.0
21.0,1599.0,2020-10-11,21012.0,1.0,1.3772493471790708,36.0,1.0,1.0,4.0,,7.0,4.0,6.0,5.0,4.0,3.0,4.0,,,4.0,1.0,4.0,3.0,3.0,4.0,98.0,3.0,4.0,1.0,37.0,4.0,4.0,4.0,2.0,2.0,98.0,1.0,1.0,1.0,4.0,1.0,1.0,98.0,98.0,98.0,98.0,5.0,1.0,98.0,98.0,98.0,98.0,3.0,99.0,96.0,98.0,98.0,98.0,98.0,4.0,98.0,3.0,4.0,1.0,6.0,2.0,,2.0,3.0,1.0,,2.0,2.0,2.0,4.0,2.0,,2.0,3.0,2.0,98.0
21.0,3146.0,2020-10-13,21016.0,2.0,1.3260876899655287,24.0,1.0,2.0,4.0,,1.0,4.0,6.0,1.0,3.0,2.0,4.0,,,4.0,1.0,3.0,2.0,2.0,2.0,4.0,4.0,2.0,1.0,35.0,4.0,4.0,1.0,2.0,3.0,1.0,1.0,1.0,1.0,4.0,2.0,4.0,4.0,4.0,1.0,2.0,5.0,2.0,4.0,4.0,4.0,4.0,5.0,4.0,1.0,2.0,2.0,2.0,98.0,1.0,3.0,4.0,1.0,,7.0,6.0,,,3.0,1.0,,2.0,2.0,2.0,1.0,2.0,,1.0,2.0,4.0,4.0
21.0,1895.0,2020-10-11,21022.0,2.0,1.365124154443879,35.0,1.0,1.0,4.0,,7.0,4.0,4.0,6.0,4.0,99.0,4.0,,,4.0,2.0,4.0,3.0,3.0,4.0,4.0,4.0,4.0,1.0,37.0,2.0,4.0,4.0,4.0,4.0,4.0,4.0,4.0,4.0,4.0,1.0,2.0,4.0,1.0,1.0,1.0,4.0,1.0,3.0,3.0,4.0,4.0,5.0,4.0,2.0,2.0,98.0,2.0,2.0,4.0,4.0,3.0,1.0,,5.0,2.0,,2.0,4.0,1.0,,3.0,3.0,2.0,1.0,2.0,,1.0,2.0,2.0,99.0
21.0,4955.0,2020-10-15,21005.0,3.0,1.289757241639633,49.0,1.0,1.0,2.0,4.0,,4.0,2.0,4.0,4.0,4.0,4.0,,,4.0,4.0,4.0,4.0,4.0,3.0,4.0,4.0,3.0,3.0,98.0,3.0,3.0,3.0,3.0,3.0,3.0,3.0,3.0,3.0,4.0,4.0,4.0,4.0,4.0,4.0,4.0,5.0,5.0,5.0,5.0,3.0,3.0,1.0,3.0,96.0,96.0,96.0,96.0,96.0,3.0,4.0,3.0,4.0,2.0,3.0,4.0,,,4.0,1.0,,2.0,3.0,2.0,1.0,2.0,,3.0,3.0,4.0,4.0
21.0,815.0,2020-10-08,21002.0,3.0,1.7388928361040812,29.0,1.0,15.0,2.0,6.0,,3.0,1.0,6.0,3.0,1.0,2.0,,,3.0,1.0,4.0,4.0,4.0,3.0,3.0,4.0,2.0,2.0,2.0,3.0,4.0,3.0,3.0,3.0,1.0,1.0,3.0,4.0,1.0,1.0,4.0,4.0,4.0,4.0,3.0,5.0,4.0,1.0,1.0,1.0,3.0,3.0,3.0,2.0,2.0,2.0,2.0,2.0,3.0,4.0,4.0,1.0,,3.0,1.0,,2.0,3.0,1.0,,1.0,5.0,2.0,1.0,2.0,,1.0,96.0,1.0,98.0
21.0,1652.0,2020-10-11,21012.0,3.0,1.3688367123551552,53.0,1.0,1.0,1.0,6.0,,4.0,3.0,5.0,2.0,2.0,1.0,,,2.0,1.0,4.0,2.0,4.0,3.0,3.0,3.0,2.0,2.0,6.0,4.0,4.0,4.0,4.0,1.0,1.0,1.0,2.0,4.0,2.0,4.0,1.0,4.0,1.0,1.0,1.0,98.0,98.0,2.0,2.0,2.0,98.0,3.0,2.0,2.0,98.0,2.0,2.0,2.0,3.0,2.0,4.0,4.0,1.0,8.0,6.0,,,4.0,1.0,,1.0,4.0,2.0,1.0,2.0,,6.0,,1.0,1.0
21.0,3972.0,2020-10-14,21017.0,2.0,1.3995144572416918,38.0,2.0,1.0,2.0,1.0,,3.0,1.0,2.0,4.0,4.0,3.0,,,2.0,2.0,2.0,2.0,3.0,3.0,4.0,3.0,2.0,2.0,98.0,2.0,2.0,2.0,2.0,3.0,2.0,3.0,3.0,2.0,2.0,3.0,2.0,4.0,2.0,2.0,3.0,5.0,4.0,3.0,3.0,3.0,2.0,3.0,2.0,96.0,96.0,96.0,96.0,96.0,3.0,4.0,4.0,4.0,1.0,5.0,4.0,,,2.0,1.0,,2.0,4.0,2.0,1.0,2.0,,1.0,96.0,3.0,2.0
21.0,713.0,2020-10-08,21024.0,2.0,1.2756472741229836,22.0,1.0,2.0,1.0,4.0,,3.0,1.0,2.0,4.0,4.0,4.0,,,2.0,1.0,2.0,3.0,4.0,2.0,2.0,4.0,3.0,2.0,98.0,2.0,4.0,2.0,3.0,2.0,1.0,1.0,1.0,3.0,4.0,2.0,2.0,4.0,2.0,4.0,2.0,5.0,2.0,5.0,2.0,3.0,4.0,3.0,2.0,2.0,2.0,2.0,2.0,2.0,4.0,4.0,4.0,1.0,,8.0,6.0,,,3.0,1.0,,1.0,2.0,2.0,1.0,1.0,,1.0,3.0,2.0,3.0
21.0,3165.0,2020-10-13,21016.0,1.0,1.5203560264967912,67.0,2.0,6.0,2.0,1.0,,4.0,3.0,1.0,4.0,4.0,3.0,,,3.0,1.0,3.0,4.0,2.0,3.0,4.0,3.0,4.0,1.0,6.0,4.0,4.0,2.0,2.0,2.0,1.0,1.0,1.0,4.0,4.0,2.0,2.0,4.0,4.0,4.0,1.0,5.0,1.0,5.0,5.0,2.0,4.0,6.0,4.0,2.0,2.0,2.0,2.0,2.0,4.0,4.0,4.0,4.0,1.0,5.0,3.0,2.0,,2.0,1.0,,2.0,1.0,2.0,1.0,2.0,,1.0,3.0,1.0,1.0
21.0,2503.0,2020-10-12,21022.0,97.0,1.365124154443879,38.0,1.0,2.0,2.0,4.0,,4.0,4.0,1.0,4.0,4.0,4.0,,,3.0,1.0,1.0,4.0,3.0,4.0,3.0,98.0,3.0,1.0,7.0,4.0,4.0,1.0,1.0,1.0,1.0,2.0,4.0,4.0,4.0,1.0,1.0,1.0,1.0,1.0,4.0,5.0,5.0,1.0,5.0,4.0,4.0,5.0,4.0,98.0,2.0,96.0,96.0,2.0,4.0,4.0,5.0,1.0,,6.0,6.0,,,2.0,1.0,,2.0,1.0,2.0,1.0,2.0,,2.0,98.0,3.0,98.0
21.0,1966.0,2020-10-11,21015.0,1.0,1.9052433542323794,33.0,2.0,15.0,2.0,4.0,,3.0,1.0,2.0,4.0,1.0,3.0,,,2.0,2.0,3.0,4.0,2.0,2.0,4.0,3.0,2.0,1.0,2.0,4.0,4.0,2.0,2.0,2.0,1.0,1.0,2.0,1.0,2.0,1.0,2.0,1.0,2.0,2.0,2.0,3.0,3.0,3.0,3.0,2.0,1.0,5.0,1.0,1.0,1.0,2.0,1.0,1.0,2.0,3.0,4.0,4.0,1.0,4.0,6.0,,,3.0,1.0,,2.0,3.0,2.0,1.0,2.0,,2.0,3.0,2.0,2.0
21.0,2681.0,2020-10-13,21015.0,2.0,1.8554116316957134,25.0,1.0,1.0,2.0,4.0,,4.0,1.0,2.0,3.0,2.0,4.0,,,2.0,1.0,98.0,3.0,3.0,4.0,4.0,3.0,4.0,2.0,7.0,3.0,4.0,2.0,2.0,1.0,2.0,4.0,1.0,2.0,1.0,1.0,2.0,4.0,98.0,2.0,4.0,3.0,2.0,1.0,2.0,1.0,4.0,3.0,4.0,98.0,2.0,2.0,2.0,2.0,4.0,4.0,4.0,1.0,,7.0,6.0,,,3.0,1.0,,3.0,2.0,2.0,1.0,2.0,,6.0,,4.0,98.0
21.0,1494.0,2020-10-11,21017.0,3.0,1.3545850493766831,50.0,1.0,16.0,2.0,1.0,,4.0,5.0,2.0,3.0,1.0,4.0,,,3.0,1.0,2.0,2.0,4.0,3.0,4.0,3.0,3.0,2.0,6.0,4.0,4.0,2.0,2.0,2.0,1.0,1.0,1.0,1.0,2.0,4.0,4.0,4.0,1.0,1.0,2.0,5.0,2.0,1.0,1.0,3.0,3.0,3.0,1.0,2.0,2.0,2.0,2.0,2.0,4.0,2.0,4.0,4.0,1.0,5.0,6.0,,,3.0,1.0,,2.0,2.0,2.0,1.0,2.0,,3.0,3.0,4.0,2.0
21.0,3187.0,2020-10-13,21013.0,1.0,1.723130137076868,55.0,2.0,1.0,2.0,5.0,,3.0,1.0,1.0,3.0,2.0,3.0,,,3.0,1.0,3.0,2.0,2.0,2.0,2.0,2.0,2.0,1.0,6.0,2.0,4.0,3.0,3.0,1.0,4.0,1.0,2.0,3.0,4.0,2.0,3.0,4.0,3.0,4.0,3.0,5.0,4.0,5.0,4.0,4.0,3.0,3.0,2.0,2.0,2.0,2.0,2.0,2.0,3.0,2.0,4.0,4.0,2.0,2.0,6.0,,,2.0,1.0,,1.0,2.0,2.0,1.0,2.0,,3.0,3.0,4.0,98.0
21.0,1043.0,2020-10-09,21012.0,2.0,1.5581100403766457,30.0,1.0,2.0,4.0,,6.0,2.0,4.0,6.0,2.0,4.0,3.0,,,1.0,1.0,3.0,4.0,2.0,3.0,4.0,3.0,3.0,1.0,2.0,4.0,4.0,1.0,1.0,1.0,2.0,1.0,1.0,1.0,4.0,4.0,4.0,4.0,4.0,2.0,2.0,4.0,2.0,2.0,5.0,2.0,2.0,3.0,4.0,98.0,96.0,96.0,98.0,96.0,4.0,4.0,3.0,1.0,,5.0,6.0,,,3.0,1.0,,1.0,1.0,2.0,1.0,2.0,,1.0,96.0,1.0,98.0
21.0,4802.0,2020-10-15,21011.0,3.0,1.3741392650299793,23.0,2.0,15.0,1.0,4.0,,3.0,1.0,3.0,4.0,4.0,3.0,,,2.0,3.0,2.0,3.0,2.0,3.0,4.0,2.0,3.0,1.0,6.0,3.0,4.0,3.0,2.0,3.0,4.0,3.0,3.0,3.0,1.0,4.0,4.0,4.0,2.0,3.0,2.0,5.0,4.0,3.0,3.0,3.0,2.0,5.0,1.0,2.0,2.0,2.0,2.0,2.0,4.0,3.0,4.0,4.0,2.0,6.0,6.0,,,3.0,1.0,,2.0,4.0,2.0,2.0,2.0,,3.0,3.0,2.0,2.0
21.0,348.0,2020-10-07,21010.0,2.0,1.416826377238,34.0,1.0,15.0,2.0,2.0,,1.0,4.0,2.0,4.0,3.0,4.0,,,3.0,2.0,4.0,3.0,3.0,3.0,99.0,3.0,3.0,1.0,6.0,4.0,4.0,2.0,1.0,2.0,2.0,2.0,1.0,2.0,4.0,1.0,4.0,4.0,2.0,2.0,3.0,5.0,2.0,2.0,4.0,4.0,2.0,6.0,4.0,2.0,96.0,96.0,96.0,96.0,4.0,2.0,5.0,1.0,,6.0,2.0,,2.0,2.0,1.0,,2.0,3.0,2.0,2.0,2.0,,1.0,96.0,2.0,2.0
21.0,2688.0,2020-10-13,21010.0,3.0,1.2781456092950099,45.0,2.0,1.0,3.0,,4.0,3.0,3.0,2.0,1.0,1.0,1.0,,,1.0,1.0,2.0,2.0,4.0,2.0,2.0,2.0,1.0,99.0,34.0,2.0,4.0,1.0,3.0,1.0,1.0,1.0,2.0,4.0,1.0,2.0,1.0,2.0,2.0,2.0,98.0,1.0,98.0,1.0,2.0,1.0,1.0,1.0,1.0,1.0,1.0,1.0,1.0,1.0,2.0,3.0,3.0,4.0,2.0,2.0,4.0,,,4.0,1.0,,2.0,1.0,2.0,1.0,2.0,,6.0,,1.0,2.0
21.0,534.0,2020-10-07,21003.0,1.0,1.6080153726101485,68.0,1.0,1.0,1.0,6.0,,4.0,1.0,1.0,4.0,4.0,4.0,,,4.0,1.0,4.0,2.0,4.0,4.0,4.0,3.0,3.0,1.0,6.0,4.0,4.0,4.0,1.0,1.0,1.0,1.0,1.0,1.0,4.0,1.0,1.0,2.0,2.0,4.0,4.0,3.0,3.0,4.0,3.0,1.0,2.0,6.0,2.0,2.0,2.0,2.0,2.0,2.0,2.0,1.0,5.0,4.0,1.0,5.0,3.0,1.0,,1.0,4.0,,3.0,,2.0,1.0,1.0,,1.0,1.0,1.0,1.0
21.0,1870.0,2020-10-11,21014.0,2.0,1.2121853526834852,40.0,1.0,6.0,4.0,,1.0,4.0,6.0,98.0,4.0,1.0,4.0,,,4.0,1.0,4.0,2.0,4.0,98.0,98.0,3.0,3.0,1.0,22.0,4.0,2.0,1.0,1.0,1.0,1.0,1.0,1.0,1.0,1.0,1.0,1.0,98.0,98.0,98.0,98.0,5.0,4.0,3.0,3.0,4.0,4.0,6.0,98.0,98.0,98.0,98.0,98.0,98.0,4.0,3.0,4.0,4.0,1.0,6.0,1.0,,2.0,1.0,1.0,,3.0,2.0,2.0,1.0,2.0,,6.0,,1.0,98.0
21.0,2291.0,2020-10-12,21002.0,1.0,1.5276586962595127,48.0,1.0,15.0,1.0,1.0,,4.0,4.0,2.0,4.0,4.0,1.0,,,1.0,1.0,1.0,4.0,4.0,3.0,4.0,3.0,2.0,3.0,2.0,4.0,4.0,2.0,1.0,2.0,1.0,1.0,1.0,2.0,4.0,4.0,4.0,2.0,2.0,98.0,2.0,5.0,2.0,4.0,4.0,1.0,3.0,6.0,4.0,96.0,2.0,96.0,2.0,2.0,4.0,1.0,4.0,4.0,1.0,3.0,2.0,,2.0,3.0,1.0,,1.0,3.0,2.0,2.0,2.0,,6.0,,1.0,98.0
21.0,947.0,2020-10-09,21004.0,3.0,1.1938679887915273,50.0,1.0,15.0,3.0,,7.0,4.0,3.0,2.0,4.0,1.0,4.0,,,4.0,2.0,4.0,2.0,3.0,98.0,4.0,2.0,3.0,1.0,9.0,4.0,2.0,2.0,2.0,2.0,4.0,2.0,1.0,3.0,4.0,1.0,2.0,98.0,98.0,4.0,2.0,98.0,98.0,4.0,98.0,3.0,1.0,6.0,98.0,2.0,98.0,98.0,2.0,98.0,99.0,2.0,4.0,4.0,1.0,5.0,1.0,,1.0,4.0,1.0,,2.0,98.0,2.0,2.0,2.0,,3.0,97.0,1.0,1.0
21.0,1502.0,2020-10-11,21017.0,3.0,1.3629100959329934,37.0,1.0,15.0,1.0,3.0,,4.0,4.0,2.0,3.0,2.0,2.0,,,1.0,1.0,2.0,3.0,2.0,4.0,4.0,2.0,3.0,2.0,2.0,1.0,2.0,1.0,2.0,2.0,4.0,4.0,1.0,3.0,4.0,1.0,2.0,4.0,2.0,2.0,4.0,4.0,5.0,4.0,5.0,2.0,2.0,3.0,4.0,2.0,2.0,2.0,2.0,2.0,3.0,4.0,3.0,1.0,,11.0,6.0,,,4.0,1.0,,2.0,1.0,2.0,1.0,2.0,,6.0,,2.0,1.0
21.0,461.0,2020-10-07,21006.0,1.0,1.3727349182178514,42.0,1.0,15.0,1.0,6.0,,2.0,4.0,5.0,4.0,4.0,2.0,,,2.0,1.0,2.0,2.0,2.0,97.0,2.0,2.0,2.0,3.0,4.0,4.0,4.0,2.0,2.0,2.0,4.0,2.0,1.0,2.0,2.0,4.0,4.0,2.0,4.0,2.0,4.0,3.0,98.0,2.0,2.0,1.0,1.0,6.0,2.0,1.0,96.0,96.0,1.0,1.0,99.0,2.0,5.0,4.0,1.0,4.0,2.0,,2.0,2.0,1.0,,2.0,3.0,2.0,2.0,2.0,,1.0,3.0,4.0,98.0
21.0,635.0,2020-10-08,21003.0,1.0,1.4402149687173742,23.0,1.0,15.0,1.0,1.0,,4.0,1.0,98.0,4.0,4.0,2.0,,,3.0,2.0,3.0,4.0,3.0,4.0,3.0,4.0,4.0,4.0,,4.0,4.0,2.0,2.0,3.0,1.0,3.0,1.0,3.0,1.0,1.0,2.0,4.0,2.0,4.0,1.0,5.0,1.0,5.0,2.0,4.0,3.0,1.0,2.0,2.0,2.0,2.0,2.0,2.0,2.0,3.0,3.0,1.0,,6.0,6.0,,,1.0,1.0,,2.0,4.0,2.0,2.0,2.0,,1.0,96.0,2.0,4.0
21.0,1447.0,2020-10-11,21006.0,2.0,1.4201853744541122,21.0,2.0,15.0,4.0,,4.0,4.0,3.0,2.0,4.0,4.0,4.0,,,4.0,3.0,3.0,3.0,3.0,2.0,4.0,2.0,4.0,1.0,98.0,1.0,2.0,2.0,2.0,1.0,2.0,1.0,1.0,3.0,4.0,2.0,4.0,4.0,1.0,2.0,1.0,5.0,2.0,2.0,2.0,4.0,2.0,4.0,4.0,2.0,2.0,2.0,2.0,2.0,4.0,3.0,5.0,3.0,2.0,6.0,5.0,,,2.0,1.0,,1.0,2.0,2.0,1.0,2.0,,1.0,3.0,2.0,1.0
21.0,1880.0,2020-10-11,21016.0,1.0,1.5203560264967912,62.0,2.0,1.0,1.0,4.0,,3.0,4.0,2.0,3.0,3.0,4.0,,,2.0,3.0,1.0,3.0,4.0,3.0,3.0,2.0,2.0,1.0,4.0,4.0,4.0,2.0,4.0,4.0,1.0,1.0,1.0,2.0,1.0,4.0,2.0,3.0,98.0,2.0,1.0,4.0,2.0,4.0,98.0,98.0,2.0,3.0,98.0,2.0,2.0,2.0,2.0,2.0,3.0,1.0,4.0,7.0,1.0,1.0,4.0,,,4.0,1.0,,1.0,3.0,2.0,1.0,2.0,,6.0,,1.0,2.0
21.0,3351.0,2020-10-13,21006.0,2.0,1.4201853744541122,18.0,2.0,1.0,2.0,4.0,,3.0,3.0,2.0,4.0,3.0,2.0,,,2.0,2.0,2.0,4.0,3.0,98.0,1.0,2.0,2.0,2.0,6.0,4.0,3.0,3.0,2.0,2.0,1.0,1.0,2.0,2.0,1.0,2.0,2.0,3.0,1.0,1.0,2.0,98.0,4.0,2.0,2.0,2.0,2.0,5.0,2.0,1.0,98.0,98.0,1.0,98.0,3.0,2.0,4.0,1.0,,4.0,5.0,,,3.0,1.0,,1.0,3.0,2.0,2.0,2.0,,1.0,3.0,2.0,2.0
21.0,1662.0,2020-10-11,21008.0,3.0,1.502080760001233,27.0,1.0,15.0,3.0,,1.0,3.0,1.0,6.0,4.0,2.0,3.0,,,3.0,1.0,2.0,4.0,2.0,3.0,3.0,4.0,2.0,2.0,6.0,4.0,4.0,2.0,1.0,1.0,1.0,2.0,1.0,4.0,3.0,3.0,3.0,1.0,3.0,1.0,1.0,4.0,2.0,2.0,2.0,3.0,2.0,5.0,3.0,2.0,2.0,98.0,2.0,2.0,2.0,3.0,4.0,1.0,,6.0,1.0,,2.0,4.0,1.0,,3.0,5.0,2.0,2.0,2.0,,3.0,3.0,3.0,98.0
21.0,556.0,2020-10-07,21013.0,1.0,1.732976122594322,29.0,2.0,15.0,2.0,1.0,,3.0,2.0,2.0,4.0,3.0,4.0,,,3.0,2.0,4.0,2.0,3.0,4.0,4.0,4.0,4.0,1.0,6.0,4.0,4.0,2.0,3.0,1.0,1.0,1.0,1.0,3.0,1.0,4.0,3.0,4.0,4.0,2.0,4.0,5.0,98.0,2.0,5.0,4.0,4.0,3.0,4.0,98.0,2.0,96.0,2.0,96.0,4.0,4.0,4.0,4.0,2.0,2.0,7.0,,,2.0,1.0,,2.0,2.0,1.0,2.0,2.0,,1.0,3.0,3.0,3.0
21.0,2189.0,2020-10-12,21012.0,1.0,1.5999569846812263,29.0,2.0,6.0,1.0,1.0,,4.0,4.0,2.0,4.0,4.0,4.0,,,3.0,2.0,2.0,3.0,4.0,3.0,3.0,4.0,3.0,3.0,5.0,4.0,2.0,1.0,4.0,3.0,1.0,2.0,1.0,2.0,3.0,1.0,2.0,4.0,3.0,1.0,3.0,4.0,4.0,2.0,4.0,4.0,4.0,6.0,4.0,1.0,2.0,2.0,2.0,2.0,4.0,4.0,4.0,4.0,1.0,5.0,4.0,,,3.0,1.0,,2.0,1.0,2.0,1.0,2.0,,1.0,96.0,2.0,98.0
21.0,199.0,2020-10-07,21001.0,2.0,1.377613368377645,43.0,2.0,15.0,2.0,1.0,,3.0,4.0,4.0,4.0,4.0,3.0,,,3.0,1.0,3.0,3.0,2.0,3.0,2.0,1.0,3.0,1.0,2.0,4.0,4.0,2.0,2.0,2.0,1.0,2.0,2.0,2.0,2.0,4.0,2.0,2.0,2.0,2.0,1.0,4.0,2.0,98.0,98.0,2.0,3.0,3.0,4.0,98.0,2.0,98.0,98.0,98.0,4.0,3.0,3.0,4.0,1.0,7.0,4.0,,,2.0,1.0,,2.0,2.0,2.0,1.0,2.0,,3.0,3.0,2.0,98.0
21.0,4883.0,2020-10-15,21004.0,1.0,1.2259323012850816,45.0,2.0,15.0,1.0,1.0,,4.0,1.0,2.0,4.0,4.0,4.0,,,4.0,2.0,3.0,2.0,2.0,2.0,4.0,3.0,2.0,2.0,7.0,4.0,4.0,3.0,2.0,3.0,2.0,2.0,2.0,2.0,2.0,4.0,4.0,4.0,2.0,3.0,3.0,5.0,4.0,2.0,3.0,4.0,4.0,5.0,2.0,2.0,2.0,2.0,2.0,2.0,4.0,3.0,4.0,4.0,1.0,4.0,4.0,,,2.0,1.0,,2.0,5.0,2.0,2.0,2.0,,6.0,,2.0,2.0
21.0,234.0,2020-10-07,21022.0,3.0,1.4017879798345696,39.0,2.0,1.0,2.0,4.0,,4.0,1.0,2.0,4.0,2.0,2.0,,,1.0,1.0,3.0,2.0,4.0,4.0,3.0,4.0,98.0,1.0,14.0,4.0,4.0,4.0,2.0,4.0,4.0,2.0,1.0,3.0,4.0,2.0,2.0,4.0,98.0,2.0,98.0,98.0,2.0,2.0,98.0,1.0,4.0,3.0,2.0,98.0,98.0,98.0,98.0,98.0,4.0,3.0,4.0,4.0,1.0,5.0,4.0,,,3.0,1.0,,2.0,2.0,2.0,2.0,2.0,,4.0,3.0,1.0,98.0
21.0,4536.0,2020-10-15,21020.0,3.0,1.7141172929431063,29.0,2.0,1.0,3.0,,1.0,3.0,3.0,2.0,3.0,2.0,4.0,,,3.0,4.0,3.0,3.0,3.0,4.0,4.0,4.0,4.0,3.0,99.0,3.0,3.0,3.0,3.0,3.0,4.0,4.0,4.0,3.0,3.0,4.0,4.0,4.0,4.0,4.0,4.0,5.0,4.0,4.0,4.0,4.0,4.0,4.0,4.0,96.0,97.0,97.0,97.0,97.0,3.0,3.0,3.0,4.0,2.0,2.0,4.0,,,2.0,1.0,,2.0,3.0,2.0,2.0,2.0,,4.0,96.0,3.0,3.0
21.0,371.0,2020-10-07,21001.0,1.0,1.5091354406211808,69.0,1.0,1.0,2.0,3.0,,4.0,6.0,2.0,4.0,1.0,4.0,,,3.0,1.0,4.0,3.0,4.0,99.0,4.0,4.0,99.0,1.0,22.0,3.0,4.0,1.0,1.0,1.0,1.0,1.0,4.0,2.0,99.0,1.0,1.0,2.0,2.0,4.0,2.0,5.0,2.0,5.0,2.0,1.0,2.0,1.0,4.0,2.0,99.0,96.0,99.0,99.0,99.0,1.0,5.0,4.0,1.0,5.0,3.0,1.0,,2.0,1.0,,1.0,3.0,2.0,1.0,1.0,,2.0,3.0,99.0,99.0
21.0,1690.0,2020-10-11,21004.0,1.0,1.3954457900006498,27.0,2.0,1.0,2.0,4.0,,3.0,1.0,4.0,4.0,4.0,4.0,,,3.0,1.0,2.0,2.0,2.0,2.0,2.0,2.0,1.0,1.0,20.0,4.0,4.0,2.0,1.0,2.0,1.0,1.0,1.0,3.0,1.0,2.0,4.0,2.0,98.0,98.0,98.0,3.0,3.0,3.0,3.0,1.0,1.0,6.0,1.0,1.0,2.0,2.0,1.0,1.0,4.0,3.0,4.0,4.0,1.0,5.0,6.0,,,1.0,1.0,,2.0,3.0,2.0,1.0,2.0,,4.0,3.0,3.0,3.0
21.0,4950.0,2020-10-15,21005.0,3.0,1.289757241639633,49.0,1.0,1.0,3.0,,2.0,3.0,3.0,4.0,4.0,4.0,4.0,,,4.0,4.0,4.0,4.0,4.0,4.0,4.0,4.0,4.0,2.0,98.0,4.0,4.0,4.0,4.0,4.0,4.0,4.0,4.0,4.0,3.0,4.0,4.0,4.0,4.0,4.0,4.0,5.0,5.0,5.0,5.0,4.0,4.0,1.0,3.0,96.0,96.0,97.0,97.0,96.0,2.0,4.0,3.0,4.0,2.0,3.0,6.0,,,3.0,1.0,,3.0,3.0,2.0,1.0,2.0,,3.0,96.0,4.0,4.0
21.0,195.0,2020-10-07,21012.0,1.0,1.3688367123551552,45.0,1.0,2.0,1.0,4.0,,4.0,3.0,2.0,4.0,4.0,3.0,,,3.0,1.0,3.0,3.0,2.0,4.0,4.0,4.0,4.0,1.0,6.0,2.0,3.0,4.0,2.0,2.0,1.0,3.0,1.0,3.0,1.0,1.0,3.0,3.0,2.0,1.0,1.0,5.0,1.0,3.0,3.0,4.0,3.0,3.0,4.0,1.0,2.0,96.0,2.0,2.0,4.0,3.0,4.0,4.0,1.0,3.0,2.0,,2.0,4.0,1.0,,3.0,3.0,2.0,1.0,2.0,,2.0,3.0,2.0,2.0
21.0,2006.0,2020-10-11,21016.0,2.0,1.3433009412215886,48.0,2.0,15.0,2.0,4.0,,2.0,1.0,2.0,4.0,4.0,4.0,,,4.0,3.0,4.0,3.0,4.0,3.0,3.0,3.0,3.0,1.0,98.0,4.0,4.0,1.0,1.0,2.0,1.0,1.0,1.0,2.0,4.0,4.0,1.0,4.0,98.0,98.0,4.0,5.0,98.0,98.0,98.0,4.0,4.0,6.0,4.0,96.0,98.0,98.0,98.0,98.0,4.0,3.0,4.0,4.0,2.0,2.0,1.0,,2.0,4.0,1.0,,1.0,3.0,2.0,4.0,2.0,,98.0,3.0,4.0,98.0
21.0,447.0,2020-10-07,21005.0,1.0,1.5075253963301922,31.0,2.0,1.0,4.0,,3.0,1.0,3.0,3.0,1.0,1.0,3.0,,,1.0,1.0,3.0,4.0,4.0,4.0,4.0,4.0,4.0,1.0,6.0,4.0,3.0,3.0,4.0,2.0,1.0,3.0,2.0,3.0,3.0,2.0,2.0,4.0,4.0,1.0,2.0,5.0,3.0,2.0,5.0,1.0,1.0,5.0,4.0,2.0,96.0,96.0,2.0,2.0,4.0,4.0,3.0,4.0,1.0,3.0,1.0,,2.0,4.0,1.0,,2.0,1.0,2.0,1.0,2.0,,1.0,96.0,1.0,98.0
21.0,734.0,2020-10-08,21002.0,1.0,1.785595154796856,25.0,2.0,6.0,2.0,1.0,,4.0,3.0,1.0,2.0,1.0,4.0,,,2.0,1.0,2.0,4.0,2.0,3.0,3.0,3.0,4.0,3.0,6.0,4.0,4.0,2.0,4.0,2.0,1.0,2.0,1.0,2.0,3.0,1.0,2.0,4.0,4.0,2.0,2.0,5.0,3.0,3.0,4.0,2.0,2.0,3.0,4.0,2.0,98.0,98.0,98.0,2.0,4.0,4.0,5.0,4.0,2.0,2.0,1.0,,2.0,3.0,1.0,,1.0,1.0,2.0,1.0,2.0,,4.0,3.0,2.0,3.0
21.0,1066.0,2020-10-09,21005.0,1.0,1.3243968999812707,46.0,2.0,15.0,1.0,4.0,,3.0,3.0,3.0,4.0,2.0,4.0,,,3.0,1.0,4.0,3.0,4.0,4.0,3.0,4.0,3.0,1.0,6.0,4.0,4.0,1.0,4.0,1.0,1.0,2.0,1.0,3.0,1.0,1.0,3.0,1.0,2.0,2.0,4.0,4.0,5.0,2.0,4.0,1.0,2.0,3.0,4.0,2.0,2.0,2.0,2.0,2.0,3.0,3.0,4.0,4.0,1.0,6.0,1.0,,2.0,3.0,1.0,,2.0,4.0,2.0,1.0,2.0,,3.0,3.0,2.0,98.0
21.0,1100.0,2020-10-09,21012.0,1.0,1.3875886842582483,21.0,1.0,15.0,1.0,6.0,,3.0,5.0,2.0,4.0,4.0,4.0,,,1.0,1.0,2.0,2.0,4.0,3.0,3.0,2.0,3.0,2.0,13.0,2.0,4.0,2.0,4.0,2.0,4.0,2.0,4.0,1.0,2.0,2.0,4.0,2.0,3.0,4.0,2.0,2.0,4.0,2.0,2.0,2.0,4.0,3.0,2.0,1.0,2.0,96.0,1.0,1.0,4.0,4.0,4.0,1.0,,5.0,2.0,,2.0,2.0,1.0,,2.0,3.0,2.0,1.0,1.0,,2.0,2.0,4.0,2.0
21.0,788.0,2020-10-08,21022.0,3.0,1.3567855837818812,52.0,1.0,6.0,4.0,,1.0,4.0,3.0,1.0,4.0,3.0,4.0,,,3.0,3.0,3.0,4.0,2.0,97.0,97.0,3.0,2.0,1.0,36.0,4.0,4.0,2.0,2.0,1.0,3.0,1.0,1.0,2.0,1.0,2.0,4.0,4.0,4.0,2.0,4.0,4.0,5.0,2.0,5.0,2.0,3.0,5.0,4.0,2.0,98.0,98.0,2.0,2.0,4.0,4.0,4.0,4.0,1.0,9.0,2.0,,2.0,1.0,1.0,,2.0,2.0,1.0,1.0,2.0,,1.0,1.0,2.0,98.0
21.0,1735.0,2020-10-11,21007.0,2.0,1.2877085773417922,21.0,1.0,2.0,2.0,4.0,,4.0,5.0,2.0,4.0,3.0,3.0,,,2.0,2.0,4.0,3.0,3.0,4.0,2.0,3.0,3.0,1.0,6.0,4.0,4.0,1.0,1.0,4.0,1.0,1.0,1.0,2.0,2.0,1.0,4.0,3.0,98.0,2.0,98.0,5.0,98.0,2.0,5.0,2.0,4.0,6.0,4.0,2.0,2.0,2.0,2.0,2.0,4.0,3.0,5.0,1.0,,4.0,2.0,,2.0,3.0,1.0,,3.0,3.0,2.0,2.0,2.0,,2.0,2.0,3.0,98.0
21.0,3522.0,2020-10-14,21009.0,3.0,1.2470097448402957,35.0,2.0,1.0,1.0,5.0,,4.0,3.0,5.0,1.0,1.0,4.0,,,4.0,1.0,3.0,3.0,3.0,3.0,3.0,3.0,3.0,1.0,5.0,4.0,4.0,4.0,1.0,3.0,3.0,4.0,4.0,4.0,1.0,4.0,1.0,4.0,1.0,3.0,4.0,5.0,4.0,5.0,2.0,1.0,1.0,3.0,4.0,1.0,1.0,2.0,2.0,2.0,4.0,1.0,4.0,4.0,1.0,4.0,4.0,,,3.0,1.0,,3.0,1.0,2.0,2.0,2.0,,1.0,3.0,1.0,2.0
21.0,438.0,2020-10-07,21014.0,3.0,1.3713698050989682,26.0,1.0,2.0,2.0,1.0,,4.0,5.0,6.0,2.0,2.0,3.0,,,2.0,1.0,3.0,3.0,3.0,4.0,4.0,4.0,4.0,2.0,7.0,4.0,2.0,2.0,3.0,4.0,1.0,2.0,1.0,3.0,2.0,2.0,2.0,4.0,4.0,3.0,2.0,5.0,3.0,2.0,1.0,4.0,2.0,3.0,2.0,2.0,2.0,2.0,2.0,2.0,4.0,4.0,4.0,1.0,,4.0,2.0,,2.0,2.0,1.0,,2.0,4.0,2.0,2.0,2.0,,1.0,2.0,4.0,4.0
21.0,3368.0,2020-10-13,21013.0,1.0,1.5224607227796108,45.0,2.0,15.0,1.0,5.0,,4.0,3.0,2.0,3.0,3.0,4.0,,,3.0,2.0,4.0,4.0,3.0,4.0,1.0,3.0,4.0,1.0,18.0,2.0,4.0,2.0,2.0,4.0,1.0,1.0,1.0,2.0,1.0,1.0,1.0,4.0,2.0,2.0,4.0,4.0,98.0,2.0,98.0,2.0,2.0,3.0,2.0,98.0,98.0,98.0,98.0,98.0,98.0,4.0,4.0,4.0,1.0,6.0,4.0,,,3.0,1.0,,1.0,3.0,1.0,2.0,1.0,,1.0,98.0,2.0,98.0
21.0,1150.0,2020-10-10,21007.0,2.0,1.4763544754601376,60.0,2.0,1.0,1.0,1.0,,4.0,1.0,1.0,4.0,3.0,3.0,,,2.0,1.0,3.0,2.0,2.0,4.0,4.0,1.0,2.0,2.0,23.0,4.0,4.0,1.0,4.0,1.0,2.0,2.0,2.0,1.0,1.0,1.0,4.0,4.0,4.0,2.0,3.0,5.0,98.0,2.0,98.0,2.0,2.0,1.0,2.0,1.0,98.0,1.0,98.0,2.0,4.0,3.0,3.0,4.0,1.0,7.0,4.0,,,4.0,1.0,,1.0,3.0,2.0,2.0,2.0,,6.0,,4.0,4.0
21.0,4681.0,2020-10-15,21021.0,3.0,1.8835430689480477,32.0,2.0,1.0,1.0,1.0,,3.0,1.0,1.0,3.0,3.0,2.0,,,2.0,2.0,2.0,3.0,3.0,4.0,4.0,4.0,4.0,1.0,98.0,4.0,4.0,1.0,1.0,1.0,1.0,1.0,1.0,3.0,3.0,2.0,2.0,4.0,3.0,3.0,3.0,5.0,3.0,3.0,3.0,4.0,4.0,3.0,4.0,96.0,96.0,96.0,96.0,96.0,4.0,98.0,4.0,4.0,1.0,4.0,4.0,,,2.0,1.0,,2.0,3.0,2.0,1.0,2.0,,3.0,3.0,1.0,1.0
21.0,792.0,2020-10-08,21001.0,1.0,1.549667049490395,74.0,2.0,6.0,1.0,6.0,,2.0,1.0,1.0,4.0,2.0,2.0,,,3.0,1.0,3.0,3.0,2.0,4.0,3.0,4.0,2.0,1.0,16.0,3.0,2.0,2.0,3.0,4.0,2.0,2.0,1.0,4.0,1.0,1.0,1.0,4.0,4.0,4.0,3.0,5.0,3.0,4.0,4.0,4.0,4.0,3.0,4.0,96.0,96.0,2.0,96.0,96.0,4.0,2.0,4.0,4.0,1.0,14.0,4.0,,,3.0,1.0,,1.0,4.0,2.0,1.0,2.0,,2.0,3.0,3.0,3.0
21.0,2329.0,2020-10-12,21001.0,1.0,1.3691985100076307,52.0,2.0,2.0,4.0,,6.0,4.0,6.0,2.0,4.0,4.0,98.0,,,3.0,1.0,3.0,3.0,3.0,3.0,97.0,4.0,3.0,2.0,29.0,4.0,4.0,3.0,2.0,2.0,1.0,2.0,1.0,4.0,2.0,2.0,4.0,2.0,98.0,2.0,2.0,4.0,4.0,2.0,3.0,4.0,4.0,6.0,2.0,2.0,98.0,98.0,2.0,98.0,4.0,4.0,4.0,5.0,1.0,2.0,2.0,,2.0,4.0,1.0,,2.0,3.0,2.0,1.0,1.0,,2.0,96.0,2.0,98.0
21.0,4934.0,2020-10-15,21014.0,3.0,1.3635783029172395,64.0,1.0,1.0,3.0,,4.0,3.0,3.0,2.0,4.0,4.0,4.0,,,4.0,4.0,4.0,4.0,4.0,4.0,4.0,4.0,4.0,3.0,98.0,4.0,4.0,3.0,4.0,4.0,4.0,4.0,3.0,3.0,3.0,4.0,4.0,4.0,4.0,4.0,4.0,5.0,5.0,5.0,5.0,4.0,4.0,1.0,3.0,2.0,96.0,96.0,96.0,96.0,2.0,3.0,4.0,4.0,2.0,1.0,3.0,2.0,,3.0,1.0,,2.0,3.0,2.0,1.0,2.0,,4.0,96.0,4.0,4.0
21.0,3252.0,2020-10-13,21006.0,1.0,1.5441793171274925,64.0,1.0,15.0,1.0,5.0,,4.0,3.0,2.0,4.0,4.0,4.0,,,4.0,1.0,3.0,4.0,4.0,4.0,4.0,4.0,4.0,1.0,12.0,4.0,4.0,4.0,2.0,4.0,1.0,4.0,1.0,2.0,1.0,4.0,4.0,4.0,2.0,4.0,3.0,4.0,3.0,5.0,3.0,4.0,4.0,1.0,1.0,1.0,1.0,96.0,1.0,1.0,2.0,1.0,5.0,4.0,1.0,4.0,3.0,1.0,,1.0,1.0,,99.0,3.0,2.0,2.0,1.0,,1.0,3.0,2.0,97.0
21.0,184.0,2020-10-07,21001.0,1.0,1.3333870636132648,49.0,1.0,16.0,4.0,,7.0,2.0,6.0,1.0,4.0,4.0,2.0,,,3.0,1.0,99.0,4.0,2.0,97.0,3.0,2.0,3.0,1.0,10.0,4.0,2.0,1.0,2.0,2.0,4.0,4.0,1.0,3.0,4.0,2.0,2.0,2.0,2.0,2.0,1.0,5.0,2.0,4.0,4.0,4.0,4.0,3.0,4.0,98.0,2.0,96.0,2.0,2.0,4.0,2.0,5.0,4.0,1.0,99999.0,2.0,,2.0,99.0,1.0,,3.0,3.0,2.0,99.0,2.0,,2.0,96.0,99.0,99.0
21.0,3145.0,2020-10-13,21016.0,1.0,1.529043358402933,28.0,2.0,2.0,4.0,,7.0,4.0,3.0,5.0,2.0,2.0,4.0,,,1.0,1.0,98.0,2.0,4.0,2.0,2.0,3.0,2.0,1.0,6.0,4.0,4.0,1.0,3.0,1.0,2.0,1.0,1.0,3.0,2.0,1.0,2.0,98.0,4.0,4.0,1.0,98.0,2.0,2.0,98.0,2.0,4.0,4.0,4.0,1.0,2.0,2.0,1.0,98.0,4.0,3.0,4.0,4.0,1.0,4.0,1.0,,2.0,98.0,1.0,,2.0,3.0,2.0,1.0,2.0,,1.0,3.0,4.0,98.0
21.0,2310.0,2020-10-12,21003.0,2.0,1.4402149687173742,21.0,1.0,6.0,1.0,5.0,,4.0,5.0,1.0,1.0,3.0,4.0,,,4.0,2.0,3.0,4.0,2.0,4.0,4.0,4.0,3.0,1.0,6.0,2.0,4.0,2.0,4.0,4.0,1.0,2.0,1.0,2.0,4.0,1.0,4.0,4.0,1.0,1.0,1.0,5.0,1.0,1.0,3.0,2.0,2.0,3.0,4.0,2.0,2.0,2.0,2.0,2.0,4.0,4.0,4.0,1.0,,4.0,5.0,,,2.0,1.0,,2.0,3.0,2.0,1.0,2.0,,2.0,2.0,3.0,98.0
21.0,2659.0,2020-10-13,21003.0,2.0,1.6606376405221237,33.0,2.0,1.0,2.0,3.0,,4.0,3.0,1.0,4.0,4.0,4.0,,,3.0,1.0,3.0,3.0,3.0,4.0,4.0,3.0,4.0,1.0,18.0,4.0,4.0,2.0,3.0,2.0,1.0,2.0,1.0,2.0,4.0,4.0,4.0,2.0,3.0,2.0,2.0,5.0,4.0,4.0,4.0,2.0,2.0,4.0,99.0,2.0,99.0,96.0,2.0,2.0,4.0,1.0,4.0,4.0,1.0,4.0,1.0,,1.0,4.0,1.0,,1.0,2.0,2.0,1.0,2.0,,1.0,3.0,3.0,3.0
21.0,4987.0,2020-10-15,21009.0,3.0,1.2470097448402957,43.0,2.0,15.0,1.0,1.0,,4.0,1.0,2.0,4.0,3.0,3.0,,,2.0,2.0,2.0,4.0,4.0,3.0,4.0,2.0,3.0,2.0,98.0,3.0,2.0,2.0,3.0,3.0,3.0,2.0,3.0,2.0,3.0,2.0,3.0,4.0,2.0,3.0,2.0,5.0,4.0,3.0,2.0,4.0,4.0,3.0,2.0,2.0,2.0,96.0,2.0,96.0,4.0,4.0,4.0,4.0,1.0,5.0,4.0,,,2.0,1.0,,1.0,98.0,2.0,2.0,2.0,,1.0,3.0,4.0,3.0
21.0,154.0,2020-10-07,21004.0,2.0,1.3589478448600476,31.0,1.0,2.0,4.0,,2.0,4.0,3.0,6.0,3.0,1.0,98.0,,,2.0,2.0,2.0,4.0,4.0,4.0,4.0,4.0,98.0,1.0,14.0,4.0,4.0,1.0,4.0,1.0,1.0,3.0,1.0,2.0,2.0,2.0,2.0,1.0,98.0,2.0,1.0,98.0,98.0,98.0,98.0,2.0,2.0,4.0,2.0,98.0,98.0,98.0,98.0,98.0,3.0,2.0,4.0,4.0,1.0,6.0,7.0,,,4.0,1.0,,3.0,2.0,2.0,1.0,2.0,,6.0,,4.0,4.0
21.0,4003.0,2020-10-14,21017.0,2.0,1.583299009686899,33.0,2.0,15.0,2.0,1.0,,2.0,1.0,2.0,4.0,4.0,2.0,,,2.0,2.0,3.0,4.0,3.0,4.0,3.0,3.0,3.0,2.0,98.0,2.0,3.0,2.0,3.0,3.0,4.0,4.0,4.0,2.0,2.0,3.0,3.0,4.0,3.0,2.0,2.0,5.0,4.0,3.0,2.0,3.0,2.0,3.0,2.0,2.0,96.0,96.0,96.0,96.0,3.0,4.0,4.0,4.0,2.0,5.0,4.0,,,2.0,1.0,,2.0,4.0,2.0,1.0,2.0,,1.0,3.0,3.0,2.0
21.0,1950.0,2020-10-11,21007.0,2.0,1.437740360143339,62.0,1.0,15.0,3.0,,4.0,4.0,3.0,2.0,3.0,2.0,3.0,,,1.0,1.0,1.0,2.0,2.0,2.0,2.0,2.0,1.0,1.0,6.0,4.0,4.0,2.0,2.0,1.0,3.0,1.0,2.0,4.0,1.0,1.0,3.0,4.0,2.0,4.0,2.0,5.0,1.0,5.0,2.0,1.0,4.0,3.0,1.0,2.0,2.0,2.0,2.0,2.0,4.0,4.0,3.0,4.0,1.0,6.0,3.0,1.0,,3.0,1.0,,1.0,3.0,2.0,1.0,2.0,,6.0,,1.0,4.0
21.0,1998.0,2020-10-11,21013.0,2.0,1.4826406965651167,45.0,1.0,16.0,4.0,,2.0,4.0,4.0,1.0,3.0,3.0,4.0,,,3.0,3.0,4.0,4.0,4.0,4.0,4.0,4.0,3.0,3.0,15.0,2.0,3.0,4.0,4.0,3.0,4.0,2.0,2.0,3.0,4.0,3.0,4.0,2.0,2.0,4.0,2.0,2.0,2.0,5.0,2.0,2.0,3.0,1.0,4.0,2.0,2.0,2.0,2.0,2.0,4.0,3.0,4.0,4.0,1.0,4.0,2.0,,2.0,4.0,1.0,,3.0,4.0,2.0,1.0,2.0,,6.0,,2.0,98.0
21.0,3359.0,2020-10-13,21004.0,1.0,1.2259323012850816,49.0,2.0,1.0,1.0,4.0,,4.0,1.0,1.0,4.0,4.0,4.0,,,2.0,4.0,4.0,4.0,4.0,4.0,4.0,4.0,4.0,1.0,7.0,4.0,4.0,1.0,1.0,1.0,1.0,1.0,1.0,2.0,3.0,1.0,1.0,4.0,2.0,2.0,2.0,5.0,5.0,5.0,5.0,4.0,4.0,6.0,98.0,96.0,96.0,96.0,96.0,96.0,4.0,98.0,3.0,4.0,1.0,6.0,4.0,,,3.0,1.0,,1.0,2.0,2.0,1.0,2.0,,3.0,96.0,3.0,4.0
21.0,152.0,2020-10-07,21001.0,1.0,1.3691985100076307,51.0,2.0,15.0,1.0,1.0,,4.0,1.0,5.0,4.0,1.0,4.0,,,3.0,1.0,4.0,3.0,4.0,4.0,4.0,2.0,3.0,1.0,14.0,3.0,4.0,3.0,3.0,3.0,1.0,1.0,1.0,2.0,1.0,1.0,1.0,2.0,4.0,2.0,2.0,4.0,4.0,4.0,4.0,3.0,1.0,6.0,3.0,1.0,98.0,98.0,98.0,98.0,3.0,2.0,4.0,7.0,1.0,3.0,4.0,,,4.0,1.0,,1.0,5.0,1.0,1.0,2.0,,2.0,3.0,2.0,97.0
21.0,1340.0,2020-10-10,21004.0,2.0,1.2102230286437996,21.0,1.0,1.0,1.0,1.0,,4.0,1.0,1.0,3.0,1.0,4.0,,,2.0,2.0,4.0,4.0,4.0,3.0,3.0,2.0,3.0,1.0,6.0,2.0,4.0,3.0,3.0,3.0,1.0,2.0,1.0,1.0,4.0,4.0,4.0,4.0,2.0,2.0,2.0,5.0,4.0,2.0,4.0,2.0,2.0,3.0,2.0,2.0,2.0,2.0,2.0,2.0,4.0,4.0,4.0,1.0,,5.0,5.0,,,4.0,1.0,,2.0,1.0,2.0,1.0,2.0,,3.0,2.0,2.0,98.0
21.0,698.0,2020-10-08,21006.0,2.0,1.5530027755916227,33.0,1.0,7.0,3.0,,1.0,3.0,6.0,4.0,3.0,4.0,4.0,,,2.0,2.0,4.0,3.0,3.0,4.0,4.0,4.0,3.0,1.0,18.0,4.0,3.0,4.0,2.0,4.0,4.0,4.0,1.0,1.0,4.0,1.0,3.0,4.0,4.0,4.0,4.0,4.0,5.0,2.0,5.0,4.0,4.0,6.0,4.0,96.0,2.0,2.0,2.0,2.0,4.0,4.0,3.0,1.0,,5.0,2.0,,2.0,1.0,1.0,,1.0,1.0,2.0,2.0,2.0,,6.0,,3.0,3.0
21.0,1935.0,2020-10-11,21022.0,3.0,1.3753724648290917,20.0,1.0,1.0,4.0,,2.0,4.0,6.0,2.0,4.0,2.0,1.0,,,1.0,1.0,4.0,4.0,4.0,4.0,4.0,4.0,4.0,1.0,35.0,4.0,4.0,2.0,4.0,4.0,1.0,1.0,3.0,4.0,1.0,2.0,4.0,4.0,4.0,2.0,4.0,5.0,5.0,1.0,5.0,4.0,4.0,1.0,2.0,1.0,1.0,1.0,1.0,1.0,4.0,4.0,4.0,4.0,2.0,20.0,6.0,,,4.0,1.0,,2.0,5.0,2.0,1.0,2.0,,4.0,3.0,4.0,1.0
21.0,946.0,2020-10-09,21012.0,2.0,1.4142388249639593,37.0,2.0,15.0,2.0,5.0,,4.0,3.0,1.0,3.0,4.0,4.0,,,4.0,1.0,3.0,4.0,2.0,4.0,4.0,3.0,2.0,1.0,37.0,4.0,4.0,1.0,98.0,2.0,1.0,1.0,1.0,2.0,4.0,1.0,98.0,99.0,98.0,1.0,4.0,5.0,98.0,1.0,2.0,99.0,1.0,5.0,99.0,2.0,2.0,2.0,2.0,2.0,3.0,4.0,4.0,4.0,1.0,5.0,1.0,,2.0,3.0,1.0,,2.0,2.0,2.0,2.0,2.0,,3.0,3.0,2.0,97.0
21.0,2424.0,2020-10-12,21012.0,2.0,1.4248558508145879,19.0,2.0,15.0,1.0,3.0,,4.0,2.0,1.0,1.0,1.0,4.0,,,3.0,1.0,3.0,4.0,4.0,4.0,4.0,4.0,4.0,1.0,18.0,3.0,4.0,1.0,1.0,1.0,1.0,1.0,1.0,2.0,2.0,4.0,4.0,4.0,2.0,2.0,3.0,5.0,5.0,2.0,2.0,4.0,2.0,3.0,4.0,2.0,2.0,2.0,2.0,2.0,4.0,4.0,4.0,1.0,,6.0,5.0,,,4.0,1.0,,2.0,3.0,2.0,2.0,2.0,,1.0,3.0,3.0,3.0
21.0,4890.0,2020-10-15,21004.0,1.0,1.2334666701958987,44.0,2.0,1.0,2.0,1.0,,4.0,5.0,4.0,4.0,4.0,3.0,,,2.0,2.0,2.0,3.0,2.0,2.0,4.0,3.0,3.0,2.0,98.0,4.0,4.0,3.0,2.0,4.0,2.0,3.0,3.0,3.0,2.0,4.0,4.0,4.0,2.0,3.0,3.0,5.0,4.0,2.0,1.0,4.0,4.0,3.0,2.0,96.0,96.0,96.0,96.0,96.0,4.0,3.0,4.0,4.0,1.0,5.0,4.0,,,3.0,1.0,,1.0,98.0,2.0,2.0,2.0,,6.0,,2.0,98.0
21.0,4342.0,2020-10-14,21007.0,3.0,1.278113476724492,36.0,1.0,1.0,2.0,4.0,,4.0,3.0,2.0,3.0,4.0,1.0,,,1.0,1.0,2.0,2.0,3.0,4.0,4.0,4.0,3.0,2.0,98.0,4.0,4.0,1.0,1.0,1.0,1.0,2.0,1.0,2.0,4.0,2.0,2.0,4.0,3.0,3.0,3.0,5.0,4.0,4.0,4.0,4.0,4.0,3.0,4.0,2.0,96.0,96.0,96.0,96.0,4.0,4.0,3.0,4.0,1.0,4.0,2.0,,2.0,2.0,1.0,,2.0,3.0,2.0,1.0,2.0,,2.0,3.0,1.0,1.0
21.0,334.0,2020-10-07,21002.0,2.0,1.5783286786828055,43.0,2.0,15.0,1.0,6.0,,4.0,3.0,2.0,1.0,3.0,3.0,,,4.0,1.0,1.0,3.0,2.0,3.0,3.0,4.0,2.0,1.0,15.0,4.0,4.0,1.0,3.0,2.0,1.0,1.0,1.0,2.0,1.0,1.0,4.0,3.0,3.0,4.0,3.0,5.0,2.0,3.0,2.0,2.0,2.0,3.0,2.0,1.0,96.0,96.0,97.0,96.0,4.0,3.0,3.0,4.0,1.0,3.0,7.0,,,4.0,1.0,,1.0,3.0,2.0,2.0,2.0,,6.0,,2.0,4.0
21.0,1817.0,2020-10-11,21003.0,1.0,1.6080153726101485,60.0,1.0,1.0,4.0,,5.0,4.0,3.0,2.0,2.0,2.0,3.0,,,3.0,1.0,3.0,4.0,4.0,4.0,4.0,4.0,4.0,1.0,6.0,3.0,4.0,1.0,4.0,1.0,1.0,1.0,1.0,4.0,1.0,1.0,1.0,4.0,2.0,1.0,2.0,5.0,2.0,1.0,2.0,4.0,3.0,3.0,4.0,2.0,2.0,2.0,2.0,2.0,4.0,4.0,4.0,4.0,1.0,4.0,3.0,1.0,,4.0,1.0,,1.0,1.0,2.0,1.0,2.0,,6.0,,1.0,1.0
21.0,616.0,2020-10-08,21007.0,1.0,1.278113476724492,41.0,1.0,1.0,1.0,5.0,,4.0,5.0,2.0,4.0,3.0,3.0,,,2.0,1.0,4.0,3.0,3.0,3.0,3.0,3.0,3.0,2.0,6.0,4.0,4.0,1.0,2.0,2.0,1.0,1.0,1.0,1.0,2.0,4.0,4.0,4.0,1.0,3.0,2.0,5.0,98.0,4.0,2.0,4.0,1.0,6.0,4.0,2.0,2.0,2.0,2.0,2.0,4.0,3.0,4.0,4.0,1.0,4.0,1.0,,2.0,4.0,1.0,,3.0,3.0,2.0,2.0,2.0,,2.0,3.0,1.0,1.0
21.0,943.0,2020-10-09,21001.0,1.0,1.3415818309977636,37.0,1.0,1.0,4.0,,1.0,4.0,6.0,2.0,3.0,1.0,4.0,,,4.0,4.0,3.0,2.0,4.0,99.0,4.0,4.0,4.0,1.0,6.0,4.0,4.0,2.0,4.0,4.0,1.0,1.0,2.0,2.0,1.0,1.0,2.0,4.0,2.0,1.0,1.0,5.0,1.0,2.0,2.0,1.0,4.0,1.0,4.0,2.0,96.0,96.0,2.0,96.0,4.0,4.0,4.0,4.0,1.0,8.0,7.0,,,3.0,1.0,,1.0,1.0,2.0,3.0,2.0,,2.0,96.0,1.0,98.0
21.0,812.0,2020-10-08,21008.0,1.0,1.319613657527676,53.0,1.0,1.0,2.0,1.0,,3.0,1.0,4.0,4.0,4.0,4.0,,,2.0,2.0,98.0,2.0,3.0,4.0,4.0,2.0,2.0,2.0,7.0,98.0,3.0,2.0,1.0,2.0,1.0,2.0,1.0,2.0,98.0,4.0,4.0,4.0,98.0,4.0,2.0,4.0,2.0,4.0,98.0,98.0,98.0,3.0,98.0,98.0,98.0,98.0,98.0,98.0,4.0,3.0,3.0,4.0,1.0,5.0,2.0,,2.0,3.0,1.0,,1.0,5.0,2.0,1.0,2.0,,6.0,,98.0,98.0
21.0,425.0,2020-10-07,21006.0,1.0,1.3643498588234437,50.0,1.0,1.0,1.0,1.0,,4.0,4.0,1.0,4.0,3.0,4.0,,,3.0,1.0,4.0,4.0,2.0,4.0,3.0,4.0,3.0,1.0,23.0,4.0,4.0,2.0,4.0,3.0,1.0,3.0,1.0,4.0,1.0,1.0,2.0,2.0,4.0,2.0,2.0,5.0,98.0,4.0,4.0,1.0,1.0,3.0,1.0,98.0,2.0,2.0,2.0,2.0,3.0,3.0,4.0,4.0,1.0,6.0,2.0,,2.0,2.0,1.0,,3.0,2.0,2.0,6.0,2.0,,4.0,96.0,1.0,2.0
21.0,3593.0,2020-10-14,21008.0,2.0,1.3633831205603433,40.0,2.0,15.0,2.0,1.0,,4.0,2.0,2.0,4.0,2.0,4.0,,,3.0,1.0,3.0,2.0,1.0,4.0,4.0,2.0,4.0,1.0,31.0,2.0,4.0,1.0,3.0,1.0,1.0,1.0,1.0,4.0,3.0,1.0,1.0,4.0,4.0,2.0,4.0,2.0,5.0,5.0,4.0,1.0,1.0,1.0,3.0,2.0,2.0,96.0,2.0,2.0,4.0,4.0,3.0,4.0,1.0,5.0,1.0,,2.0,3.0,1.0,,1.0,3.0,1.0,2.0,2.0,,2.0,3.0,2.0,1.0
21.0,3816.0,2020-10-14,21021.0,1.0,1.6114576371513354,50.0,1.0,1.0,1.0,4.0,,3.0,1.0,2.0,4.0,4.0,2.0,,,2.0,2.0,1.0,3.0,4.0,4.0,3.0,3.0,2.0,2.0,98.0,2.0,2.0,4.0,3.0,4.0,3.0,3.0,2.0,1.0,2.0,4.0,3.0,4.0,2.0,2.0,2.0,5.0,4.0,3.0,3.0,2.0,3.0,5.0,2.0,2.0,2.0,96.0,96.0,2.0,3.0,2.0,4.0,4.0,2.0,4.0,1.0,,1.0,2.0,1.0,,2.0,3.0,2.0,2.0,2.0,,1.0,3.0,3.0,2.0
21.0,4920.0,2020-10-15,21014.0,3.0,1.204780976176128,45.0,1.0,1.0,2.0,4.0,,2.0,3.0,2.0,4.0,4.0,3.0,,,3.0,4.0,4.0,4.0,4.0,4.0,4.0,4.0,4.0,2.0,98.0,4.0,3.0,4.0,4.0,4.0,4.0,4.0,4.0,3.0,2.0,4.0,4.0,4.0,4.0,4.0,4.0,5.0,5.0,5.0,5.0,4.0,4.0,1.0,3.0,97.0,96.0,96.0,97.0,97.0,4.0,4.0,3.0,4.0,1.0,4.0,1.0,,2.0,2.0,1.0,,2.0,3.0,2.0,2.0,2.0,,4.0,96.0,4.0,4.0
21.0,2184.0,2020-10-12,21001.0,1.0,1.3691985100076307,52.0,2.0,15.0,1.0,6.0,,4.0,3.0,2.0,3.0,1.0,4.0,,,4.0,1.0,2.0,3.0,3.0,4.0,4.0,2.0,3.0,1.0,31.0,4.0,4.0,4.0,2.0,4.0,1.0,1.0,1.0,2.0,3.0,4.0,3.0,2.0,2.0,1.0,2.0,5.0,2.0,2.0,2.0,2.0,3.0,2.0,4.0,2.0,2.0,2.0,2.0,2.0,3.0,3.0,4.0,4.0,1.0,5.0,1.0,,2.0,3.0,1.0,,3.0,3.0,2.0,2.0,2.0,,1.0,3.0,4.0,98.0
21.0,1168.0,2020-10-10,21016.0,1.0,1.308166846861677,50.0,1.0,1.0,2.0,6.0,,4.0,4.0,1.0,4.0,4.0,3.0,,,3.0,1.0,4.0,4.0,2.0,3.0,3.0,3.0,3.0,1.0,9.0,4.0,4.0,4.0,1.0,1.0,1.0,3.0,1.0,1.0,4.0,4.0,4.0,1.0,1.0,4.0,1.0,5.0,98.0,4.0,98.0,4.0,4.0,5.0,1.0,2.0,2.0,2.0,2.0,2.0,4.0,1.0,4.0,4.0,1.0,4.0,1.0,,1.0,4.0,1.0,,1.0,4.0,2.0,1.0,2.0,,2.0,3.0,2.0,2.0
21.0,99.0,2020-10-06,21005.0,1.0,1.4597549475856646,63.0,1.0,15.0,1.0,6.0,,4.0,1.0,1.0,4.0,3.0,4.0,,,3.0,1.0,2.0,3.0,3.0,4.0,4.0,4.0,4.0,1.0,14.0,2.0,4.0,2.0,2.0,4.0,1.0,2.0,1.0,1.0,4.0,4.0,1.0,4.0,4.0,2.0,1.0,5.0,2.0,1.0,5.0,2.0,2.0,6.0,3.0,2.0,2.0,2.0,2.0,2.0,4.0,4.0,4.0,4.0,1.0,5.0,3.0,1.0,,2.0,1.0,,1.0,1.0,2.0,2.0,1.0,,1.0,3.0,2.0,3.0
21.0,4302.0,2020-10-14,21013.0,1.0,1.5433172211767106,18.0,2.0,15.0,1.0,6.0,,4.0,4.0,2.0,4.0,4.0,4.0,,,2.0,2.0,3.0,4.0,4.0,3.0,3.0,3.0,3.0,1.0,9.0,1.0,4.0,1.0,1.0,2.0,1.0,1.0,1.0,2.0,4.0,2.0,4.0,2.0,1.0,2.0,1.0,1.0,1.0,1.0,2.0,1.0,1.0,4.0,2.0,1.0,2.0,2.0,2.0,1.0,4.0,4.0,4.0,1.0,,5.0,5.0,,,2.0,1.0,,2.0,3.0,2.0,1.0,2.0,,3.0,2.0,3.0,3.0
21.0,3202.0,2020-10-13,21006.0,1.0,1.5856521169975824,76.0,2.0,15.0,1.0,3.0,,3.0,4.0,2.0,4.0,1.0,98.0,,,4.0,1.0,4.0,4.0,2.0,98.0,4.0,4.0,2.0,1.0,98.0,4.0,4.0,2.0,98.0,98.0,4.0,1.0,1.0,1.0,4.0,1.0,1.0,98.0,98.0,4.0,98.0,5.0,98.0,5.0,98.0,1.0,98.0,5.0,4.0,2.0,96.0,98.0,98.0,98.0,98.0,1.0,4.0,5.0,1.0,6.0,3.0,2.0,,98.0,1.0,,2.0,3.0,2.0,2.0,2.0,,6.0,,2.0,98.0
21.0,653.0,2020-10-08,21013.0,2.0,1.6876500569702384,28.0,1.0,1.0,4.0,,7.0,4.0,6.0,6.0,3.0,1.0,4.0,,,4.0,2.0,4.0,3.0,3.0,4.0,4.0,4.0,4.0,1.0,14.0,4.0,4.0,4.0,2.0,1.0,1.0,1.0,1.0,3.0,2.0,3.0,3.0,4.0,3.0,2.0,1.0,5.0,4.0,2.0,3.0,2.0,4.0,3.0,4.0,2.0,2.0,2.0,2.0,98.0,4.0,4.0,3.0,4.0,1.0,4.0,2.0,,2.0,3.0,1.0,,1.0,1.0,2.0,1.0,2.0,,1.0,3.0,3.0,4.0
21.0,1964.0,2020-10-11,21005.0,3.0,1.3074258878256533,20.0,1.0,1.0,2.0,1.0,,4.0,2.0,6.0,3.0,4.0,4.0,,,1.0,1.0,3.0,2.0,4.0,3.0,3.0,2.0,2.0,1.0,5.0,3.0,4.0,3.0,4.0,2.0,2.0,2.0,3.0,4.0,2.0,1.0,1.0,4.0,2.0,2.0,2.0,5.0,2.0,2.0,2.0,2.0,2.0,3.0,3.0,2.0,2.0,2.0,2.0,2.0,4.0,4.0,4.0,1.0,,5.0,5.0,,,3.0,1.0,,2.0,1.0,2.0,2.0,2.0,,3.0,2.0,1.0,4.0
21.0,2567.0,2020-10-13,21001.0,97.0,1.377613368377645,43.0,2.0,1.0,1.0,1.0,,4.0,1.0,2.0,2.0,1.0,4.0,,,98.0,1.0,98.0,4.0,2.0,1.0,4.0,3.0,4.0,1.0,98.0,4.0,2.0,98.0,98.0,2.0,3.0,2.0,2.0,2.0,1.0,2.0,1.0,98.0,98.0,1.0,1.0,5.0,98.0,1.0,98.0,2.0,98.0,3.0,98.0,2.0,2.0,2.0,2.0,98.0,4.0,4.0,4.0,4.0,1.0,4.0,1.0,,2.0,3.0,1.0,,1.0,2.0,2.0,2.0,2.0,,3.0,96.0,1.0,98.0
21.0,2502.0,2020-10-12,21006.0,2.0,1.3727349182178514,44.0,1.0,15.0,2.0,5.0,,4.0,3.0,2.0,2.0,1.0,4.0,,,3.0,1.0,4.0,4.0,1.0,4.0,4.0,4.0,3.0,1.0,6.0,1.0,2.0,4.0,3.0,2.0,4.0,3.0,3.0,4.0,1.0,1.0,2.0,4.0,2.0,2.0,4.0,4.0,4.0,2.0,2.0,3.0,3.0,3.0,3.0,2.0,2.0,2.0,2.0,2.0,2.0,4.0,4.0,4.0,1.0,4.0,1.0,,2.0,4.0,1.0,,1.0,4.0,2.0,2.0,2.0,,6.0,,2.0,2.0
21.0,1235.0,2020-10-10,21005.0,1.0,1.4597549475856646,60.0,1.0,15.0,1.0,6.0,,3.0,4.0,1.0,4.0,4.0,3.0,,,1.0,1.0,4.0,3.0,3.0,3.0,4.0,3.0,3.0,1.0,6.0,4.0,4.0,2.0,1.0,4.0,1.0,1.0,1.0,2.0,2.0,3.0,2.0,4.0,4.0,1.0,2.0,5.0,4.0,1.0,5.0,3.0,3.0,6.0,1.0,2.0,2.0,2.0,2.0,2.0,4.0,4.0,4.0,4.0,1.0,4.0,3.0,1.0,,1.0,1.0,,1.0,1.0,2.0,2.0,2.0,,1.0,1.0,1.0,1.0
21.0,1534.0,2020-10-11,21022.0,3.0,1.5858710917766392,30.0,2.0,1.0,1.0,4.0,,3.0,4.0,1.0,4.0,2.0,3.0,,,3.0,2.0,3.0,3.0,4.0,3.0,4.0,2.0,4.0,1.0,2.0,4.0,4.0,1.0,2.0,1.0,1.0,2.0,1.0,3.0,2.0,3.0,3.0,2.0,98.0,1.0,2.0,4.0,98.0,2.0,2.0,3.0,3.0,5.0,4.0,2.0,2.0,2.0,2.0,2.0,4.0,1.0,4.0,1.0,,5.0,2.0,,2.0,3.0,1.0,,2.0,5.0,2.0,1.0,2.0,,1.0,1.0,2.0,2.0
21.0,1564.0,2020-10-11,21002.0,1.0,1.5370474236593643,35.0,1.0,15.0,2.0,4.0,,4.0,5.0,2.0,4.0,3.0,4.0,,,4.0,1.0,3.0,4.0,4.0,4.0,4.0,4.0,4.0,3.0,32.0,4.0,4.0,1.0,2.0,1.0,2.0,1.0,1.0,1.0,4.0,4.0,1.0,4.0,2.0,2.0,3.0,5.0,5.0,2.0,2.0,3.0,2.0,3.0,4.0,2.0,2.0,2.0,2.0,2.0,4.0,1.0,4.0,1.0,,5.0,2.0,,2.0,4.0,1.0,,3.0,1.0,2.0,1.0,2.0,,1.0,96.0,4.0,2.0
21.0,2393.0,2020-10-12,21006.0,2.0,1.3830403644094813,20.0,1.0,15.0,2.0,1.0,,3.0,1.0,2.0,4.0,4.0,4.0,,,3.0,1.0,3.0,4.0,4.0,3.0,4.0,3.0,2.0,1.0,98.0,4.0,2.0,1.0,2.0,2.0,1.0,2.0,2.0,3.0,4.0,1.0,1.0,4.0,2.0,3.0,2.0,4.0,2.0,5.0,2.0,3.0,2.0,3.0,3.0,2.0,2.0,2.0,2.0,2.0,4.0,4.0,5.0,1.0,,5.0,1.0,,2.0,3.0,1.0,,3.0,3.0,2.0,1.0,2.0,,1.0,3.0,3.0,99.0
21.0,3217.0,2020-10-13,21014.0,3.0,1.4082013730677405,28.0,2.0,1.0,1.0,1.0,,4.0,1.0,1.0,4.0,4.0,4.0,,,2.0,2.0,4.0,3.0,4.0,3.0,4.0,4.0,4.0,1.0,7.0,4.0,4.0,2.0,2.0,2.0,3.0,3.0,3.0,3.0,2.0,2.0,3.0,4.0,2.0,2.0,2.0,5.0,5.0,5.0,5.0,4.0,4.0,6.0,98.0,96.0,96.0,96.0,96.0,96.0,4.0,98.0,4.0,4.0,1.0,4.0,4.0,,,4.0,1.0,,2.0,3.0,2.0,1.0,2.0,,1.0,3.0,3.0,3.0
21.0,333.0,2020-10-07,21005.0,1.0,1.498960319739731,70.0,2.0,15.0,1.0,1.0,,3.0,3.0,2.0,4.0,1.0,4.0,,,1.0,1.0,4.0,3.0,4.0,3.0,2.0,3.0,99.0,2.0,6.0,4.0,4.0,1.0,2.0,4.0,1.0,4.0,1.0,4.0,1.0,98.0,1.0,1.0,98.0,2.0,4.0,98.0,98.0,4.0,5.0,1.0,1.0,4.0,2.0,2.0,2.0,2.0,2.0,2.0,4.0,4.0,4.0,4.0,1.0,4.0,3.0,1.0,,2.0,1.0,,2.0,5.0,2.0,2.0,2.0,,3.0,98.0,98.0,4.0
21.0,1211.0,2020-10-10,21019.0,1.0,1.7781868592058228,32.0,2.0,15.0,1.0,1.0,,4.0,3.0,2.0,1.0,1.0,3.0,,,3.0,1.0,3.0,4.0,4.0,4.0,4.0,3.0,3.0,1.0,2.0,3.0,4.0,1.0,1.0,3.0,1.0,2.0,2.0,2.0,4.0,3.0,2.0,3.0,3.0,2.0,2.0,5.0,4.0,2.0,4.0,2.0,2.0,3.0,4.0,2.0,2.0,2.0,2.0,2.0,4.0,2.0,4.0,4.0,1.0,5.0,1.0,,1.0,4.0,1.0,,3.0,3.0,2.0,1.0,2.0,,5.0,3.0,2.0,98.0
21.0,1802.0,2020-10-11,21001.0,1.0,1.3516534035843812,23.0,1.0,1.0,2.0,3.0,,4.0,1.0,6.0,1.0,3.0,4.0,,,4.0,4.0,4.0,4.0,4.0,3.0,4.0,4.0,3.0,1.0,6.0,4.0,4.0,2.0,4.0,4.0,2.0,1.0,4.0,3.0,3.0,2.0,2.0,4.0,98.0,4.0,4.0,5.0,5.0,5.0,2.0,4.0,3.0,1.0,4.0,2.0,98.0,2.0,1.0,2.0,4.0,1.0,5.0,1.0,,4.0,5.0,,,3.0,1.0,,3.0,5.0,2.0,1.0,1.0,,1.0,3.0,4.0,4.0
21.0,4752.0,2020-10-15,21011.0,3.0,1.3381985929737836,19.0,1.0,1.0,2.0,6.0,,4.0,4.0,3.0,4.0,4.0,4.0,,,3.0,2.0,2.0,3.0,4.0,4.0,1.0,4.0,4.0,4.0,,1.0,2.0,2.0,4.0,4.0,4.0,4.0,1.0,1.0,1.0,2.0,1.0,3.0,3.0,1.0,4.0,5.0,5.0,5.0,1.0,1.0,1.0,3.0,4.0,2.0,2.0,1.0,2.0,2.0,4.0,4.0,4.0,1.0,,6.0,5.0,,,2.0,1.0,,2.0,5.0,1.0,1.0,2.0,,1.0,3.0,4.0,4.0
21.0,1265.0,2020-10-10,21009.0,2.0,1.4107673442451503,27.0,2.0,1.0,1.0,1.0,,4.0,1.0,4.0,3.0,1.0,3.0,,,3.0,3.0,3.0,3.0,2.0,3.0,4.0,3.0,3.0,3.0,98.0,4.0,4.0,3.0,2.0,2.0,1.0,2.0,1.0,2.0,3.0,3.0,4.0,4.0,3.0,2.0,4.0,5.0,4.0,4.0,2.0,4.0,2.0,5.0,3.0,2.0,96.0,96.0,96.0,96.0,3.0,3.0,3.0,4.0,1.0,5.0,4.0,,,4.0,1.0,,1.0,2.0,2.0,2.0,2.0,,2.0,3.0,4.0,4.0
21.0,4525.0,2020-10-15,21021.0,3.0,1.8835430689480477,30.0,2.0,6.0,2.0,2.0,,4.0,3.0,2.0,3.0,2.0,3.0,,,3.0,4.0,4.0,4.0,4.0,4.0,4.0,4.0,4.0,3.0,98.0,4.0,4.0,4.0,4.0,4.0,4.0,4.0,4.0,3.0,3.0,3.0,2.0,4.0,3.0,3.0,4.0,4.0,4.0,4.0,4.0,3.0,3.0,4.0,3.0,96.0,97.0,97.0,97.0,97.0,3.0,2.0,3.0,3.0,2.0,6.0,4.0,,,2.0,1.0,,3.0,4.0,2.0,99.0,2.0,,3.0,3.0,2.0,3.0
21.0,4935.0,2020-10-15,21009.0,2.0,1.2563713423747813,20.0,2.0,15.0,2.0,1.0,,4.0,1.0,2.0,4.0,4.0,3.0,,,4.0,2.0,3.0,2.0,3.0,2.0,4.0,2.0,3.0,2.0,7.0,4.0,4.0,2.0,4.0,3.0,2.0,3.0,3.0,2.0,2.0,3.0,2.0,4.0,3.0,2.0,2.0,5.0,4.0,3.0,2.0,4.0,4.0,3.0,2.0,2.0,2.0,2.0,96.0,96.0,4.0,3.0,4.0,1.0,,5.0,6.0,,,2.0,1.0,,2.0,98.0,2.0,2.0,2.0,,6.0,,2.0,2.0
21.0,659.0,2020-10-08,21022.0,1.0,1.5858710917766392,32.0,2.0,1.0,1.0,1.0,,4.0,4.0,1.0,4.0,1.0,4.0,,,2.0,2.0,3.0,4.0,4.0,4.0,4.0,4.0,3.0,1.0,17.0,4.0,4.0,1.0,1.0,1.0,1.0,1.0,1.0,1.0,3.0,1.0,2.0,4.0,2.0,2.0,1.0,5.0,2.0,2.0,2.0,1.0,2.0,3.0,1.0,2.0,2.0,97.0,2.0,2.0,4.0,2.0,5.0,4.0,2.0,2.0,6.0,,,2.0,1.0,,2.0,3.0,2.0,2.0,2.0,,1.0,96.0,1.0,1.0
21.0,1011.0,2020-10-09,21005.0,1.0,1.289757241639633,52.0,1.0,15.0,1.0,3.0,,3.0,5.0,2.0,4.0,4.0,2.0,,,2.0,1.0,4.0,2.0,3.0,3.0,2.0,2.0,3.0,2.0,2.0,4.0,4.0,1.0,2.0,1.0,2.0,2.0,1.0,2.0,1.0,1.0,2.0,2.0,2.0,4.0,4.0,5.0,4.0,5.0,4.0,2.0,2.0,6.0,1.0,2.0,2.0,2.0,2.0,2.0,2.0,1.0,4.0,4.0,1.0,4.0,1.0,,1.0,2.0,1.0,,2.0,4.0,2.0,1.0,1.0,,1.0,96.0,3.0,99.0
21.0,2180.0,2020-10-12,21013.0,1.0,1.723130137076868,60.0,2.0,6.0,1.0,4.0,,4.0,1.0,1.0,1.0,1.0,4.0,,,4.0,2.0,4.0,3.0,4.0,2.0,3.0,2.0,3.0,1.0,98.0,98.0,4.0,4.0,4.0,2.0,3.0,4.0,4.0,2.0,3.0,4.0,1.0,1.0,98.0,4.0,4.0,4.0,98.0,2.0,98.0,3.0,3.0,3.0,98.0,98.0,2.0,2.0,98.0,98.0,4.0,4.0,4.0,4.0,1.0,7.0,4.0,,,3.0,1.0,,1.0,5.0,2.0,2.0,2.0,,6.0,,1.0,4.0
21.0,1756.0,2020-10-11,21016.0,1.0,1.3260876899655287,19.0,1.0,15.0,4.0,,1.0,4.0,2.0,1.0,2.0,3.0,4.0,,,3.0,2.0,3.0,2.0,3.0,3.0,4.0,4.0,2.0,1.0,15.0,4.0,4.0,2.0,2.0,1.0,1.0,1.0,1.0,4.0,3.0,2.0,4.0,4.0,4.0,4.0,4.0,5.0,4.0,2.0,2.0,2.0,4.0,3.0,1.0,2.0,2.0,2.0,2.0,2.0,4.0,98.0,4.0,1.0,,4.0,6.0,,,3.0,1.0,,2.0,4.0,2.0,1.0,2.0,,1.0,3.0,3.0,97.0
21.0,4347.0,2020-10-14,21010.0,3.0,1.4466128327617453,62.0,2.0,1.0,2.0,1.0,,4.0,1.0,2.0,3.0,3.0,3.0,,,2.0,2.0,2.0,3.0,4.0,4.0,4.0,2.0,3.0,2.0,98.0,3.0,2.0,3.0,2.0,4.0,3.0,3.0,2.0,3.0,2.0,3.0,2.0,4.0,2.0,2.0,2.0,5.0,4.0,3.0,3.0,3.0,2.0,3.0,2.0,96.0,98.0,98.0,98.0,98.0,4.0,4.0,4.0,4.0,2.0,2.0,4.0,,,2.0,1.0,,1.0,3.0,2.0,1.0,2.0,,6.0,,3.0,3.0
21.0,91.0,2020-10-06,21010.0,3.0,1.2781456092950099,54.0,2.0,2.0,4.0,,7.0,3.0,1.0,2.0,3.0,4.0,3.0,,,4.0,1.0,4.0,3.0,3.0,4.0,4.0,2.0,3.0,2.0,6.0,4.0,3.0,2.0,4.0,3.0,1.0,3.0,1.0,4.0,4.0,1.0,1.0,2.0,1.0,3.0,1.0,4.0,2.0,2.0,2.0,3.0,2.0,2.0,4.0,98.0,2.0,2.0,2.0,1.0,4.0,4.0,4.0,4.0,1.0,6.0,6.0,,,4.0,1.0,,1.0,3.0,2.0,1.0,2.0,,6.0,,2.0,1.0
21.0,1131.0,2020-10-10,21018.0,3.0,1.7859516518222909,30.0,1.0,15.0,4.0,,3.0,3.0,1.0,4.0,3.0,3.0,3.0,,,4.0,1.0,2.0,3.0,4.0,3.0,4.0,4.0,3.0,1.0,98.0,2.0,2.0,1.0,2.0,2.0,1.0,1.0,2.0,4.0,1.0,1.0,2.0,1.0,3.0,1.0,4.0,2.0,4.0,2.0,4.0,1.0,1.0,1.0,2.0,1.0,1.0,1.0,1.0,1.0,4.0,1.0,3.0,1.0,,6.0,6.0,,,2.0,1.0,,2.0,1.0,2.0,1.0,2.0,,1.0,96.0,1.0,97.0
21.0,4153.0,2020-10-14,21016.0,3.0,1.5203560264967912,63.0,2.0,15.0,2.0,1.0,,4.0,1.0,2.0,4.0,4.0,3.0,,,2.0,2.0,2.0,2.0,3.0,2.0,3.0,3.0,3.0,2.0,98.0,2.0,3.0,3.0,2.0,3.0,3.0,4.0,3.0,2.0,2.0,3.0,2.0,4.0,2.0,2.0,2.0,5.0,4.0,3.0,3.0,3.0,2.0,3.0,2.0,96.0,96.0,96.0,96.0,96.0,4.0,3.0,4.0,4.0,1.0,4.0,4.0,,,2.0,1.0,,2.0,3.0,2.0,2.0,2.0,,6.0,,3.0,2.0
21.0,2198.0,2020-10-12,21001.0,1.0,1.3516534035843812,24.0,1.0,7.0,4.0,,5.0,4.0,1.0,4.0,4.0,1.0,3.0,,,98.0,1.0,2.0,2.0,3.0,3.0,4.0,4.0,4.0,1.0,99.0,4.0,4.0,1.0,2.0,4.0,1.0,1.0,1.0,1.0,1.0,4.0,2.0,4.0,2.0,1.0,2.0,5.0,5.0,1.0,1.0,1.0,4.0,6.0,2.0,2.0,2.0,2.0,97.0,2.0,4.0,3.0,4.0,1.0,,4.0,2.0,,2.0,2.0,1.0,,2.0,1.0,1.0,1.0,2.0,,2.0,3.0,3.0,3.0
21.0,193.0,2020-10-07,21017.0,3.0,1.3731417848565184,23.0,1.0,2.0,4.0,,2.0,3.0,4.0,6.0,4.0,4.0,4.0,,,2.0,1.0,3.0,4.0,2.0,3.0,4.0,2.0,3.0,1.0,17.0,3.0,3.0,3.0,1.0,3.0,1.0,1.0,1.0,2.0,1.0,2.0,2.0,4.0,3.0,2.0,4.0,5.0,4.0,2.0,2.0,2.0,2.0,4.0,4.0,2.0,2.0,1.0,2.0,2.0,2.0,4.0,4.0,1.0,,6.0,6.0,,,2.0,1.0,,3.0,3.0,2.0,8.0,2.0,,2.0,3.0,2.0,2.0
21.0,4190.0,2020-10-14,21007.0,2.0,1.3044236493947907,50.0,2.0,15.0,2.0,1.0,,3.0,5.0,2.0,4.0,4.0,3.0,,,2.0,2.0,2.0,3.0,4.0,4.0,3.0,3.0,3.0,2.0,98.0,2.0,4.0,4.0,3.0,2.0,2.0,3.0,3.0,3.0,2.0,3.0,2.0,4.0,2.0,3.0,2.0,5.0,4.0,3.0,3.0,3.0,2.0,5.0,2.0,96.0,96.0,96.0,96.0,96.0,4.0,3.0,4.0,4.0,2.0,4.0,4.0,,,3.0,1.0,,2.0,3.0,2.0,2.0,2.0,,2.0,3.0,3.0,2.0
21.0,3290.0,2020-10-13,21016.0,2.0,1.529043358402933,27.0,2.0,15.0,1.0,4.0,,4.0,3.0,2.0,2.0,2.0,4.0,,,2.0,1.0,2.0,2.0,2.0,3.0,4.0,4.0,4.0,1.0,20.0,4.0,2.0,1.0,2.0,1.0,3.0,1.0,3.0,3.0,3.0,1.0,4.0,4.0,3.0,2.0,2.0,5.0,4.0,4.0,4.0,2.0,4.0,1.0,4.0,2.0,2.0,2.0,2.0,2.0,3.0,3.0,4.0,4.0,1.0,3.0,4.0,,,4.0,1.0,,2.0,2.0,2.0,1.0,2.0,,2.0,3.0,2.0,2.0
21.0,2605.0,2020-10-13,21006.0,2.0,1.409603149715628,43.0,2.0,15.0,1.0,5.0,,4.0,4.0,2.0,3.0,3.0,3.0,,,3.0,1.0,3.0,2.0,3.0,4.0,4.0,4.0,4.0,2.0,7.0,4.0,4.0,2.0,4.0,4.0,1.0,1.0,1.0,3.0,4.0,4.0,4.0,2.0,98.0,98.0,98.0,5.0,98.0,98.0,98.0,1.0,1.0,3.0,3.0,2.0,98.0,2.0,2.0,2.0,4.0,4.0,3.0,4.0,1.0,4.0,4.0,,,3.0,1.0,,2.0,3.0,2.0,1.0,2.0,,3.0,3.0,4.0,97.0
21.0,1256.0,2020-10-10,21008.0,2.0,1.5424228977680614,31.0,2.0,15.0,1.0,1.0,,4.0,4.0,2.0,3.0,3.0,3.0,,,1.0,4.0,3.0,2.0,3.0,3.0,4.0,4.0,3.0,1.0,36.0,4.0,4.0,2.0,1.0,4.0,2.0,2.0,3.0,4.0,1.0,2.0,4.0,4.0,4.0,2.0,4.0,5.0,5.0,5.0,4.0,2.0,1.0,3.0,2.0,98.0,2.0,2.0,1.0,1.0,4.0,4.0,4.0,4.0,1.0,5.0,1.0,,2.0,2.0,1.0,,1.0,3.0,2.0,1.0,2.0,,6.0,,1.0,4.0
21.0,2449.0,2020-10-12,21001.0,1.0,1.5091354406211808,59.0,1.0,7.0,2.0,4.0,,4.0,1.0,5.0,3.0,1.0,4.0,,,1.0,1.0,4.0,2.0,4.0,4.0,4.0,4.0,2.0,3.0,19.0,4.0,4.0,2.0,2.0,3.0,4.0,1.0,4.0,3.0,1.0,1.0,2.0,1.0,3.0,4.0,1.0,5.0,2.0,5.0,4.0,2.0,2.0,2.0,2.0,2.0,2.0,1.0,2.0,2.0,1.0,4.0,4.0,4.0,1.0,5.0,6.0,,,4.0,1.0,,3.0,5.0,2.0,5.0,2.0,,6.0,,1.0,1.0
21.0,1657.0,2020-10-11,21017.0,2.0,1.5331274474872647,63.0,1.0,2.0,2.0,4.0,,4.0,4.0,5.0,4.0,3.0,4.0,,,4.0,3.0,3.0,4.0,4.0,4.0,4.0,4.0,4.0,1.0,6.0,4.0,4.0,1.0,4.0,4.0,1.0,1.0,1.0,4.0,4.0,1.0,1.0,4.0,1.0,4.0,1.0,5.0,5.0,5.0,5.0,1.0,1.0,2.0,1.0,2.0,2.0,2.0,2.0,2.0,4.0,4.0,4.0,4.0,1.0,4.0,3.0,1.0,,4.0,1.0,,2.0,1.0,2.0,2.0,2.0,,6.0,,3.0,4.0
21.0,4044.0,2020-10-14,21017.0,2.0,1.3995144572416918,36.0,2.0,15.0,2.0,1.0,,2.0,1.0,2.0,4.0,4.0,4.0,,,3.0,2.0,2.0,2.0,3.0,3.0,4.0,3.0,2.0,2.0,98.0,4.0,4.0,3.0,3.0,2.0,3.0,4.0,3.0,2.0,2.0,3.0,2.0,4.0,2.0,2.0,2.0,5.0,4.0,3.0,3.0,2.0,3.0,3.0,2.0,96.0,96.0,96.0,96.0,96.0,4.0,3.0,5.0,4.0,2.0,5.0,4.0,,,2.0,1.0,,2.0,3.0,2.0,2.0,2.0,,1.0,3.0,3.0,2.0
21.0,3198.0,2020-10-13,21006.0,2.0,1.409603149715628,37.0,2.0,15.0,2.0,1.0,,4.0,2.0,2.0,4.0,4.0,4.0,,,3.0,2.0,2.0,3.0,4.0,4.0,4.0,3.0,3.0,2.0,6.0,4.0,4.0,2.0,2.0,1.0,1.0,1.0,1.0,1.0,2.0,2.0,3.0,98.0,98.0,98.0,98.0,5.0,98.0,98.0,98.0,2.0,4.0,3.0,4.0,96.0,98.0,96.0,98.0,98.0,4.0,2.0,4.0,4.0,1.0,3.0,7.0,,,3.0,1.0,,2.0,3.0,2.0,1.0,2.0,,3.0,96.0,1.0,1.0
21.0,1452.0,2020-10-11,21003.0,1.0,1.6606376405221237,29.0,2.0,1.0,1.0,5.0,,4.0,2.0,2.0,4.0,1.0,4.0,,,98.0,1.0,4.0,2.0,3.0,1.0,1.0,1.0,4.0,4.0,,4.0,4.0,2.0,99.0,2.0,2.0,2.0,1.0,3.0,1.0,1.0,1.0,1.0,2.0,2.0,4.0,5.0,5.0,4.0,99.0,1.0,1.0,5.0,2.0,98.0,99.0,99.0,99.0,99.0,98.0,3.0,4.0,3.0,2.0,5.0,4.0,,,2.0,1.0,,1.0,99.0,1.0,1.0,2.0,,6.0,,4.0,1.0
21.0,1527.0,2020-10-11,21016.0,3.0,1.308166846861677,50.0,1.0,1.0,1.0,3.0,,3.0,3.0,5.0,2.0,2.0,3.0,,,3.0,1.0,1.0,3.0,3.0,2.0,2.0,4.0,4.0,1.0,35.0,1.0,3.0,2.0,1.0,4.0,1.0,1.0,4.0,3.0,3.0,1.0,4.0,4.0,4.0,1.0,4.0,5.0,5.0,5.0,4.0,1.0,4.0,6.0,4.0,1.0,2.0,2.0,2.0,98.0,3.0,4.0,3.0,1.0,,4.0,6.0,,,4.0,1.0,,2.0,2.0,2.0,1.0,2.0,,6.0,,1.0,4.0
21.0,3299.0,2020-10-13,21014.0,3.0,1.2371383842556454,50.0,2.0,1.0,1.0,1.0,,4.0,2.0,2.0,4.0,4.0,4.0,,,3.0,1.0,3.0,4.0,4.0,4.0,4.0,4.0,4.0,1.0,7.0,4.0,4.0,1.0,1.0,1.0,2.0,1.0,2.0,2.0,3.0,2.0,1.0,4.0,3.0,4.0,2.0,5.0,2.0,4.0,5.0,4.0,4.0,6.0,98.0,96.0,96.0,96.0,96.0,96.0,4.0,98.0,3.0,4.0,1.0,8.0,4.0,,,4.0,1.0,,1.0,1.0,2.0,1.0,2.0,,6.0,,3.0,98.0
21.0,4798.0,2020-10-15,21022.0,2.0,1.4017879798345696,41.0,2.0,1.0,2.0,1.0,,3.0,3.0,2.0,4.0,4.0,4.0,,,4.0,3.0,4.0,4.0,4.0,3.0,3.0,2.0,2.0,1.0,98.0,4.0,4.0,4.0,4.0,4.0,4.0,4.0,4.0,3.0,3.0,4.0,4.0,4.0,4.0,4.0,4.0,5.0,5.0,5.0,5.0,98.0,98.0,1.0,2.0,96.0,97.0,97.0,97.0,97.0,3.0,4.0,3.0,4.0,1.0,6.0,4.0,,,3.0,1.0,,2.0,3.0,2.0,99.0,2.0,,4.0,96.0,4.0,4.0
21.0,2929.0,2020-10-13,21006.0,2.0,1.5947125515194713,25.0,2.0,1.0,1.0,1.0,,4.0,4.0,2.0,4.0,2.0,4.0,,,3.0,2.0,4.0,4.0,4.0,4.0,4.0,4.0,4.0,1.0,37.0,4.0,3.0,2.0,2.0,4.0,1.0,1.0,1.0,1.0,2.0,2.0,3.0,4.0,2.0,4.0,2.0,5.0,98.0,4.0,2.0,1.0,2.0,5.0,4.0,2.0,2.0,2.0,2.0,2.0,4.0,2.0,5.0,1.0,,4.0,5.0,,,3.0,1.0,,2.0,3.0,2.0,1.0,1.0,,1.0,96.0,3.0,3.0
21.0,4905.0,2020-10-15,21014.0,3.0,1.2121853526834852,42.0,1.0,15.0,2.0,1.0,,4.0,1.0,2.0,4.0,4.0,2.0,,,3.0,2.0,2.0,4.0,4.0,3.0,4.0,2.0,2.0,2.0,98.0,3.0,2.0,3.0,2.0,2.0,3.0,3.0,4.0,2.0,2.0,4.0,4.0,4.0,2.0,2.0,3.0,5.0,4.0,2.0,2.0,4.0,4.0,3.0,2.0,96.0,2.0,2.0,2.0,2.0,4.0,4.0,4.0,4.0,1.0,4.0,1.0,,2.0,2.0,1.0,,2.0,98.0,2.0,2.0,2.0,,6.0,,2.0,3.0
21.0,2444.0,2020-10-12,21023.0,1.0,1.4304417825786322,54.0,1.0,1.0,4.0,,1.0,3.0,3.0,2.0,4.0,4.0,2.0,,,2.0,1.0,2.0,3.0,2.0,98.0,3.0,3.0,2.0,98.0,6.0,4.0,2.0,1.0,2.0,1.0,1.0,1.0,1.0,2.0,3.0,2.0,1.0,4.0,4.0,2.0,4.0,5.0,2.0,2.0,4.0,4.0,2.0,6.0,4.0,2.0,2.0,96.0,2.0,2.0,3.0,3.0,4.0,4.0,1.0,5.0,7.0,,,2.0,1.0,,2.0,5.0,2.0,1.0,2.0,,2.0,3.0,4.0,4.0
21.0,2758.0,2020-10-13,21001.0,1.0,1.549667049490395,67.0,2.0,1.0,4.0,,3.0,4.0,1.0,2.0,4.0,4.0,2.0,,,4.0,1.0,4.0,98.0,3.0,4.0,4.0,3.0,2.0,1.0,14.0,4.0,3.0,4.0,4.0,4.0,1.0,2.0,98.0,3.0,1.0,1.0,1.0,4.0,2.0,4.0,1.0,4.0,2.0,5.0,2.0,4.0,3.0,3.0,4.0,2.0,2.0,2.0,2.0,98.0,2.0,2.0,4.0,4.0,1.0,6.0,3.0,1.0,,4.0,1.0,,3.0,3.0,2.0,1.0,1.0,,1.0,1.0,1.0,98.0
21.0,2794.0,2020-10-13,21001.0,1.0,1.5091354406211808,85.0,1.0,1.0,2.0,6.0,,4.0,4.0,2.0,3.0,2.0,1.0,,,2.0,1.0,1.0,2.0,2.0,2.0,2.0,1.0,1.0,2.0,98.0,4.0,4.0,2.0,4.0,4.0,2.0,2.0,1.0,98.0,1.0,99.0,2.0,2.0,2.0,3.0,4.0,2.0,98.0,98.0,3.0,1.0,2.0,1.0,2.0,1.0,1.0,1.0,1.0,1.0,3.0,3.0,4.0,4.0,1.0,6.0,3.0,1.0,,3.0,1.0,,1.0,1.0,2.0,1.0,2.0,,6.0,,1.0,1.0
21.0,1369.0,2020-10-10,21007.0,3.0,1.3124404126208133,35.0,2.0,15.0,2.0,1.0,,4.0,2.0,2.0,4.0,4.0,3.0,,,3.0,1.0,3.0,3.0,3.0,4.0,4.0,4.0,4.0,1.0,16.0,4.0,1.0,2.0,2.0,2.0,1.0,1.0,1.0,4.0,1.0,2.0,1.0,4.0,2.0,1.0,2.0,98.0,98.0,2.0,98.0,4.0,3.0,5.0,4.0,98.0,2.0,2.0,2.0,2.0,3.0,4.0,4.0,4.0,1.0,4.0,4.0,,,2.0,1.0,,2.0,1.0,1.0,1.0,2.0,,3.0,3.0,1.0,3.0
21.0,330.0,2020-10-07,21002.0,2.0,1.7388928361040812,25.0,1.0,15.0,1.0,1.0,,3.0,6.0,2.0,4.0,3.0,99.0,,,4.0,99.0,3.0,4.0,4.0,4.0,4.0,1.0,3.0,1.0,99.0,4.0,4.0,4.0,98.0,4.0,2.0,1.0,2.0,2.0,4.0,4.0,4.0,4.0,1.0,4.0,1.0,5.0,1.0,5.0,1.0,4.0,2.0,3.0,4.0,2.0,2.0,2.0,2.0,2.0,4.0,4.0,5.0,4.0,1.0,4.0,1.0,,1.0,2.0,1.0,,2.0,3.0,2.0,2.0,2.0,,1.0,1.0,1.0,1.0
21.0,1347.0,2020-10-10,21005.0,1.0,1.468096004226542,27.0,1.0,1.0,1.0,1.0,,4.0,1.0,1.0,4.0,3.0,4.0,,,4.0,1.0,3.0,4.0,4.0,4.0,4.0,4.0,4.0,1.0,18.0,4.0,4.0,1.0,4.0,1.0,3.0,1.0,2.0,4.0,2.0,99.0,4.0,4.0,4.0,1.0,2.0,5.0,98.0,1.0,4.0,4.0,4.0,3.0,4.0,98.0,99.0,96.0,99.0,96.0,3.0,4.0,3.0,3.0,2.0,7.0,2.0,,2.0,2.0,1.0,,1.0,99.0,2.0,1.0,2.0,,1.0,96.0,1.0,98.0
21.0,3130.0,2020-10-13,21016.0,1.0,1.4805910487048288,66.0,1.0,15.0,2.0,4.0,,4.0,5.0,2.0,4.0,3.0,4.0,,,3.0,2.0,2.0,3.0,4.0,4.0,3.0,3.0,3.0,1.0,6.0,4.0,2.0,1.0,1.0,1.0,1.0,1.0,1.0,2.0,4.0,4.0,1.0,3.0,2.0,2.0,2.0,5.0,2.0,2.0,3.0,3.0,4.0,3.0,4.0,2.0,2.0,96.0,2.0,2.0,4.0,2.0,4.0,4.0,1.0,6.0,3.0,1.0,,3.0,1.0,,1.0,3.0,2.0,4.0,1.0,,3.0,3.0,3.0,98.0
21.0,68.0,2020-10-06,21015.0,3.0,1.9052433542323794,29.0,2.0,15.0,1.0,6.0,,4.0,2.0,5.0,4.0,4.0,4.0,,,3.0,1.0,2.0,3.0,2.0,2.0,2.0,3.0,3.0,1.0,98.0,3.0,2.0,1.0,2.0,2.0,3.0,2.0,4.0,2.0,2.0,2.0,4.0,3.0,2.0,2.0,2.0,5.0,4.0,2.0,4.0,4.0,3.0,2.0,4.0,2.0,2.0,2.0,2.0,2.0,4.0,3.0,4.0,1.0,,5.0,6.0,,,1.0,1.0,,3.0,3.0,1.0,1.0,2.0,,4.0,3.0,2.0,2.0
21.0,3787.0,2020-10-14,21013.0,1.0,1.732976122594322,28.0,2.0,6.0,2.0,1.0,,4.0,4.0,2.0,4.0,4.0,4.0,,,4.0,2.0,4.0,4.0,4.0,4.0,4.0,4.0,3.0,1.0,30.0,4.0,2.0,2.0,3.0,2.0,1.0,1.0,1.0,2.0,4.0,1.0,1.0,4.0,2.0,3.0,3.0,5.0,4.0,5.0,2.0,3.0,3.0,5.0,4.0,2.0,96.0,2.0,2.0,2.0,3.0,2.0,4.0,1.0,,6.0,1.0,,2.0,2.0,1.0,,3.0,5.0,2.0,3.0,1.0,,1.0,96.0,2.0,2.0
21.0,4507.0,2020-10-15,21022.0,2.0,1.5858710917766392,33.0,2.0,1.0,3.0,,1.0,3.0,4.0,2.0,3.0,2.0,3.0,,,2.0,2.0,3.0,3.0,3.0,4.0,4.0,4.0,4.0,3.0,98.0,3.0,3.0,2.0,3.0,3.0,4.0,3.0,3.0,3.0,3.0,3.0,3.0,3.0,3.0,3.0,3.0,4.0,3.0,3.0,3.0,3.0,3.0,1.0,2.0,96.0,97.0,97.0,97.0,97.0,3.0,2.0,4.0,4.0,2.0,2.0,4.0,,,3.0,1.0,,2.0,3.0,2.0,99.0,2.0,,4.0,96.0,3.0,4.0
21.0,2576.0,2020-10-13,21013.0,1.0,1.491752751087543,37.0,1.0,7.0,3.0,,4.0,4.0,6.0,2.0,3.0,1.0,1.0,,,1.0,1.0,4.0,4.0,4.0,4.0,2.0,2.0,2.0,1.0,2.0,4.0,4.0,1.0,1.0,1.0,1.0,2.0,1.0,2.0,4.0,1.0,4.0,2.0,4.0,2.0,4.0,1.0,1.0,1.0,5.0,1.0,4.0,6.0,1.0,1.0,2.0,96.0,1.0,1.0,4.0,4.0,4.0,4.0,1.0,3.0,6.0,,,4.0,1.0,,2.0,2.0,2.0,2.0,2.0,,1.0,2.0,2.0,2.0
21.0,150.0,2020-10-07,21016.0,1.0,1.3260876899655287,21.0,1.0,15.0,1.0,2.0,,3.0,1.0,1.0,4.0,4.0,4.0,,,3.0,1.0,3.0,3.0,4.0,3.0,4.0,1.0,4.0,1.0,2.0,2.0,4.0,2.0,4.0,1.0,1.0,1.0,1.0,4.0,2.0,1.0,4.0,4.0,2.0,1.0,2.0,5.0,4.0,1.0,5.0,2.0,2.0,3.0,1.0,2.0,2.0,2.0,2.0,2.0,3.0,4.0,4.0,1.0,,5.0,5.0,,,2.0,1.0,,3.0,3.0,2.0,2.0,1.0,,1.0,3.0,1.0,2.0
21.0,1911.0,2020-10-11,21022.0,2.0,1.5858710917766392,29.0,2.0,98.0,1.0,6.0,,98.0,3.0,2.0,4.0,1.0,2.0,,,2.0,1.0,1.0,2.0,2.0,98.0,98.0,1.0,2.0,98.0,98.0,4.0,4.0,2.0,2.0,2.0,1.0,1.0,1.0,1.0,1.0,1.0,2.0,2.0,98.0,1.0,1.0,98.0,98.0,98.0,98.0,1.0,1.0,3.0,2.0,98.0,2.0,2.0,98.0,98.0,3.0,4.0,3.0,4.0,1.0,5.0,4.0,,,2.0,1.0,,1.0,3.0,2.0,1.0,2.0,,1.0,3.0,3.0,3.0
21.0,1236.0,2020-10-10,21003.0,3.0,1.6080153726101485,58.0,1.0,1.0,4.0,,3.0,4.0,1.0,3.0,1.0,1.0,98.0,,,98.0,4.0,4.0,4.0,4.0,4.0,4.0,4.0,4.0,3.0,98.0,1.0,1.0,2.0,2.0,2.0,2.0,2.0,2.0,3.0,3.0,1.0,1.0,4.0,4.0,4.0,4.0,98.0,98.0,5.0,5.0,1.0,1.0,2.0,3.0,97.0,97.0,97.0,97.0,97.0,3.0,4.0,3.0,6.0,2.0,11.0,2.0,,2.0,3.0,2.0,,2.0,,2.0,22.0,2.0,,2.0,97.0,2.0,2.0
21.0,4253.0,2020-10-14,21013.0,1.0,1.732976122594322,29.0,2.0,1.0,2.0,4.0,,3.0,3.0,98.0,4.0,4.0,3.0,,,3.0,2.0,2.0,2.0,2.0,2.0,3.0,2.0,3.0,2.0,7.0,4.0,4.0,2.0,4.0,1.0,3.0,3.0,3.0,4.0,2.0,1.0,98.0,98.0,98.0,2.0,2.0,98.0,98.0,98.0,98.0,1.0,1.0,3.0,4.0,98.0,98.0,98.0,98.0,98.0,4.0,3.0,4.0,4.0,1.0,5.0,4.0,,,1.0,1.0,,1.0,3.0,2.0,1.0,2.0,,2.0,3.0,4.0,4.0
21.0,4975.0,2020-10-15,21018.0,3.0,1.6111404324923713,49.0,2.0,1.0,3.0,,4.0,2.0,5.0,4.0,4.0,4.0,4.0,,,4.0,4.0,4.0,4.0,4.0,4.0,4.0,4.0,4.0,3.0,98.0,4.0,4.0,4.0,4.0,4.0,4.0,4.0,4.0,4.0,4.0,4.0,4.0,4.0,4.0,4.0,4.0,5.0,5.0,5.0,5.0,4.0,4.0,1.0,3.0,97.0,97.0,97.0,97.0,97.0,1.0,4.0,4.0,4.0,2.0,1.0,4.0,,,3.0,1.0,,2.0,3.0,2.0,2.0,2.0,,4.0,3.0,4.0,4.0
21.0,1306.0,2020-10-10,21019.0,3.0,1.521320558998275,46.0,1.0,15.0,1.0,6.0,,2.0,3.0,1.0,4.0,3.0,3.0,,,3.0,1.0,2.0,2.0,2.0,2.0,3.0,3.0,3.0,2.0,6.0,4.0,2.0,98.0,98.0,2.0,1.0,1.0,2.0,99.0,4.0,4.0,1.0,98.0,98.0,1.0,1.0,98.0,98.0,98.0,2.0,1.0,1.0,3.0,4.0,2.0,2.0,2.0,98.0,2.0,4.0,98.0,3.0,4.0,1.0,4.0,1.0,,2.0,3.0,1.0,,2.0,3.0,2.0,1.0,2.0,,6.0,,2.0,2.0
21.0,2052.0,2020-10-12,21010.0,2.0,1.295655185373171,22.0,2.0,15.0,2.0,6.0,,3.0,1.0,2.0,4.0,4.0,3.0,,,3.0,1.0,2.0,4.0,4.0,3.0,3.0,3.0,3.0,1.0,37.0,4.0,4.0,1.0,1.0,2.0,1.0,1.0,1.0,2.0,1.0,4.0,4.0,4.0,4.0,2.0,98.0,5.0,98.0,2.0,4.0,4.0,2.0,5.0,3.0,2.0,98.0,98.0,2.0,96.0,4.0,3.0,4.0,1.0,,5.0,5.0,,,2.0,1.0,,1.0,3.0,2.0,1.0,2.0,,1.0,3.0,3.0,2.0
21.0,2049.0,2020-10-12,21001.0,1.0,1.549667049490395,56.0,2.0,1.0,1.0,4.0,,4.0,1.0,2.0,4.0,3.0,3.0,,,3.0,1.0,4.0,4.0,4.0,98.0,4.0,4.0,4.0,3.0,7.0,4.0,2.0,3.0,2.0,3.0,1.0,1.0,1.0,2.0,1.0,2.0,2.0,2.0,2.0,2.0,2.0,5.0,98.0,5.0,4.0,2.0,4.0,1.0,3.0,96.0,98.0,96.0,96.0,96.0,3.0,2.0,4.0,4.0,1.0,4.0,4.0,,,3.0,1.0,,2.0,3.0,1.0,1.0,1.0,,1.0,2.0,1.0,1.0
21.0,419.0,2020-10-07,21004.0,1.0,1.3589478448600476,34.0,1.0,2.0,4.0,,7.0,4.0,6.0,2.0,4.0,4.0,4.0,,,4.0,4.0,4.0,4.0,4.0,4.0,4.0,4.0,4.0,1.0,13.0,4.0,4.0,1.0,1.0,98.0,2.0,2.0,3.0,2.0,2.0,4.0,4.0,4.0,4.0,4.0,3.0,5.0,3.0,5.0,5.0,99.0,4.0,1.0,4.0,96.0,96.0,96.0,96.0,96.0,4.0,98.0,4.0,1.0,,3.0,6.0,,,3.0,1.0,,2.0,3.0,2.0,2.0,2.0,,1.0,2.0,4.0,97.0
21.0,2750.0,2020-10-13,21002.0,1.0,1.7290132344999611,58.0,1.0,2.0,1.0,2.0,,4.0,3.0,5.0,4.0,4.0,4.0,,,3.0,1.0,4.0,4.0,4.0,4.0,4.0,4.0,4.0,1.0,14.0,4.0,4.0,4.0,4.0,2.0,1.0,2.0,1.0,2.0,4.0,1.0,1.0,4.0,1.0,2.0,1.0,5.0,2.0,4.0,2.0,2.0,98.0,1.0,2.0,2.0,98.0,2.0,98.0,2.0,98.0,1.0,4.0,5.0,1.0,2.0,1.0,,2.0,1.0,1.0,,1.0,1.0,2.0,1.0,2.0,,1.0,3.0,2.0,2.0
21.0,3282.0,2020-10-13,21014.0,3.0,1.2540861940363208,22.0,2.0,1.0,1.0,1.0,,4.0,1.0,2.0,4.0,4.0,4.0,,,3.0,2.0,4.0,4.0,4.0,4.0,4.0,4.0,4.0,1.0,7.0,4.0,4.0,1.0,2.0,1.0,1.0,2.0,1.0,2.0,2.0,2.0,2.0,4.0,2.0,2.0,2.0,5.0,2.0,4.0,2.0,4.0,4.0,6.0,98.0,98.0,98.0,98.0,98.0,98.0,98.0,98.0,4.0,4.0,2.0,2.0,4.0,,,3.0,1.0,,1.0,2.0,2.0,1.0,2.0,,2.0,96.0,2.0,2.0
21.0,290.0,2020-10-07,21022.0,1.0,1.3932254559901702,47.0,2.0,1.0,2.0,4.0,,3.0,4.0,2.0,1.0,4.0,4.0,,,3.0,2.0,2.0,4.0,3.0,4.0,3.0,3.0,2.0,1.0,19.0,4.0,4.0,2.0,98.0,1.0,1.0,2.0,4.0,2.0,1.0,1.0,3.0,4.0,4.0,2.0,99.0,99.0,5.0,4.0,99.0,3.0,4.0,3.0,4.0,99.0,96.0,96.0,96.0,96.0,4.0,3.0,4.0,4.0,1.0,6.0,4.0,,,2.0,1.0,,1.0,3.0,2.0,1.0,1.0,,2.0,3.0,1.0,2.0
21.0,1595.0,2020-10-11,21003.0,3.0,1.6172035910330593,31.0,1.0,1.0,4.0,,98.0,4.0,1.0,1.0,1.0,1.0,4.0,,,4.0,1.0,4.0,4.0,4.0,4.0,4.0,2.0,4.0,1.0,1.0,4.0,4.0,4.0,3.0,98.0,3.0,1.0,1.0,2.0,1.0,1.0,4.0,4.0,98.0,98.0,98.0,98.0,98.0,98.0,98.0,1.0,4.0,3.0,98.0,98.0,98.0,2.0,98.0,98.0,98.0,98.0,3.0,1.0,,5.0,2.0,,2.0,4.0,1.0,,98.0,98.0,2.0,2.0,2.0,,1.0,3.0,3.0,98.0
21.0,4696.0,2020-10-15,21021.0,3.0,1.6547373646696573,45.0,2.0,15.0,1.0,4.0,,4.0,3.0,1.0,3.0,2.0,2.0,,,2.0,2.0,2.0,3.0,3.0,4.0,4.0,4.0,4.0,2.0,98.0,4.0,4.0,1.0,1.0,1.0,1.0,1.0,1.0,2.0,2.0,2.0,2.0,4.0,3.0,2.0,3.0,5.0,3.0,2.0,3.0,4.0,4.0,3.0,4.0,2.0,96.0,96.0,2.0,2.0,4.0,4.0,4.0,4.0,1.0,5.0,4.0,,,3.0,1.0,,1.0,3.0,2.0,1.0,2.0,,6.0,,1.0,1.0
21.0,1724.0,2020-10-11,21006.0,2.0,1.409603149715628,35.0,2.0,15.0,1.0,1.0,,4.0,1.0,6.0,1.0,3.0,3.0,,,2.0,2.0,4.0,4.0,3.0,3.0,4.0,4.0,3.0,3.0,98.0,3.0,4.0,2.0,3.0,4.0,3.0,4.0,3.0,4.0,2.0,1.0,3.0,3.0,4.0,2.0,3.0,99.0,2.0,2.0,4.0,2.0,2.0,3.0,4.0,2.0,2.0,1.0,2.0,1.0,4.0,3.0,4.0,4.0,1.0,5.0,1.0,,1.0,4.0,1.0,,2.0,3.0,2.0,1.0,2.0,,6.0,,2.0,2.0
21.0,4484.0,2020-10-15,21024.0,1.0,1.470883114987106,33.0,2.0,1.0,1.0,2.0,,4.0,3.0,2.0,3.0,3.0,4.0,,,4.0,4.0,4.0,4.0,4.0,4.0,4.0,4.0,4.0,1.0,37.0,3.0,4.0,4.0,2.0,3.0,3.0,2.0,3.0,4.0,4.0,2.0,2.0,98.0,98.0,98.0,98.0,4.0,4.0,2.0,4.0,3.0,3.0,4.0,3.0,98.0,98.0,98.0,98.0,98.0,4.0,2.0,4.0,4.0,1.0,4.0,4.0,,,2.0,1.0,,3.0,5.0,2.0,1.0,2.0,,1.0,96.0,4.0,4.0
21.0,322.0,2020-10-07,21023.0,1.0,1.450037694840346,20.0,1.0,15.0,1.0,1.0,,3.0,1.0,3.0,4.0,4.0,98.0,,,1.0,1.0,2.0,2.0,3.0,4.0,2.0,98.0,3.0,2.0,14.0,4.0,4.0,1.0,98.0,2.0,1.0,1.0,4.0,3.0,1.0,1.0,98.0,4.0,1.0,2.0,2.0,98.0,98.0,2.0,2.0,4.0,98.0,3.0,1.0,98.0,2.0,2.0,98.0,2.0,1.0,4.0,4.0,1.0,,6.0,6.0,,,2.0,1.0,,1.0,3.0,2.0,1.0,2.0,,1.0,96.0,4.0,98.0
21.0,3642.0,2020-10-14,21007.0,1.0,0.4033236183001993,34.0,2.0,15.0,1.0,1.0,,3.0,1.0,2.0,4.0,2.0,2.0,,,2.0,1.0,2.0,3.0,3.0,4.0,2.0,2.0,2.0,1.0,7.0,4.0,3.0,2.0,2.0,2.0,1.0,1.0,1.0,3.0,2.0,2.0,4.0,2.0,1.0,2.0,2.0,4.0,2.0,2.0,1.0,4.0,2.0,3.0,4.0,2.0,98.0,2.0,98.0,98.0,4.0,4.0,6.0,4.0,1.0,6.0,6.0,,,3.0,1.0,,1.0,3.0,2.0,1.0,2.0,,4.0,3.0,3.0,2.0
21.0,1946.0,2020-10-11,21002.0,2.0,0.41496822741755374,45.0,1.0,6.0,2.0,6.0,,3.0,3.0,1.0,4.0,4.0,2.0,,,2.0,1.0,2.0,3.0,3.0,3.0,3.0,3.0,2.0,1.0,9.0,4.0,2.0,1.0,1.0,1.0,1.0,3.0,1.0,2.0,3.0,2.0,2.0,2.0,2.0,2.0,3.0,4.0,1.0,2.0,2.0,1.0,1.0,3.0,2.0,97.0,98.0,98.0,98.0,98.0,3.0,1.0,6.0,4.0,1.0,4.0,1.0,,2.0,2.0,1.0,,2.0,1.0,2.0,2.0,1.0,,1.0,3.0,1.0,98.0
21.0,3225.0,2020-10-13,21022.0,2.0,0.36855281226508596,50.0,1.0,1.0,1.0,1.0,,2.0,1.0,5.0,4.0,4.0,2.0,,,3.0,2.0,3.0,2.0,3.0,3.0,2.0,2.0,2.0,2.0,98.0,2.0,3.0,2.0,3.0,3.0,3.0,2.0,2.0,2.0,2.0,3.0,2.0,2.0,2.0,2.0,3.0,5.0,3.0,3.0,3.0,3.0,2.0,3.0,2.0,2.0,96.0,96.0,96.0,96.0,2.0,3.0,6.0,1.0,,6.0,5.0,,,3.0,1.0,,2.0,3.0,2.0,2.0,2.0,,1.0,3.0,2.0,1.0
21.0,2297.0,2020-10-12,21016.0,1.0,0.3671324383705646,35.0,2.0,15.0,1.0,4.0,,3.0,1.0,1.0,4.0,2.0,3.0,,,3.0,2.0,3.0,3.0,3.0,3.0,3.0,3.0,3.0,2.0,6.0,4.0,4.0,2.0,1.0,2.0,1.0,1.0,1.0,2.0,1.0,4.0,4.0,4.0,4.0,2.0,3.0,5.0,98.0,4.0,5.0,4.0,2.0,5.0,4.0,2.0,2.0,2.0,2.0,2.0,4.0,1.0,7.0,4.0,2.0,2.0,4.0,,,1.0,1.0,,2.0,3.0,2.0,1.0,1.0,,1.0,3.0,2.0,2.0
21.0,3942.0,2020-10-14,21017.0,2.0,0.43008218074525284,32.0,2.0,15.0,2.0,1.0,,2.0,1.0,2.0,4.0,4.0,2.0,,,3.0,2.0,2.0,2.0,3.0,3.0,4.0,3.0,2.0,2.0,7.0,4.0,4.0,1.0,2.0,2.0,2.0,2.0,3.0,3.0,2.0,3.0,2.0,4.0,4.0,2.0,2.0,5.0,4.0,3.0,3.0,3.0,3.0,3.0,2.0,2.0,96.0,96.0,96.0,96.0,4.0,3.0,6.0,4.0,2.0,2.0,6.0,,,2.0,1.0,,2.0,3.0,2.0,2.0,2.0,,1.0,3.0,2.0,2.0
21.0,570.0,2020-10-07,21022.0,2.0,0.38077711640137746,44.0,2.0,1.0,2.0,4.0,,3.0,1.0,2.0,1.0,2.0,2.0,,,1.0,1.0,2.0,2.0,2.0,3.0,4.0,4.0,2.0,2.0,7.0,4.0,4.0,2.0,2.0,1.0,98.0,1.0,1.0,4.0,1.0,4.0,2.0,4.0,4.0,4.0,98.0,5.0,98.0,2.0,98.0,1.0,1.0,4.0,4.0,98.0,98.0,98.0,98.0,98.0,98.0,98.0,6.0,4.0,1.0,4.0,4.0,,,3.0,1.0,,1.0,5.0,1.0,2.0,2.0,,2.0,3.0,2.0,98.0
21.0,2701.0,2020-10-13,21003.0,1.0,0.3987290110933317,40.0,2.0,6.0,3.0,,1.0,4.0,6.0,2.0,4.0,4.0,4.0,,,4.0,3.0,3.0,4.0,2.0,4.0,98.0,4.0,3.0,1.0,2.0,4.0,4.0,3.0,2.0,2.0,2.0,3.0,1.0,1.0,4.0,1.0,2.0,2.0,98.0,1.0,3.0,4.0,4.0,2.0,98.0,4.0,4.0,3.0,4.0,98.0,96.0,96.0,96.0,98.0,3.0,3.0,7.0,4.0,1.0,4.0,4.0,,,1.0,1.0,,1.0,1.0,2.0,2.0,1.0,,1.0,96.0,2.0,2.0
21.0,1084.0,2020-10-09,21020.0,1.0,0.45086275876118104,56.0,1.0,7.0,1.0,3.0,,4.0,1.0,6.0,4.0,3.0,4.0,,,3.0,2.0,3.0,4.0,3.0,4.0,4.0,3.0,3.0,1.0,25.0,4.0,4.0,1.0,1.0,1.0,1.0,2.0,1.0,1.0,4.0,4.0,4.0,3.0,3.0,3.0,2.0,5.0,2.0,2.0,4.0,3.0,2.0,6.0,3.0,96.0,2.0,96.0,2.0,2.0,4.0,3.0,7.0,4.0,1.0,6.0,2.0,,2.0,2.0,1.0,,2.0,3.0,2.0,2.0,2.0,,1.0,2.0,4.0,98.0
21.0,87.0,2020-10-06,21003.0,2.0,0.43679605298358914,70.0,1.0,2.0,1.0,4.0,,4.0,3.0,3.0,4.0,4.0,3.0,,,3.0,1.0,4.0,4.0,3.0,4.0,4.0,4.0,3.0,1.0,2.0,4.0,4.0,4.0,2.0,2.0,1.0,4.0,2.0,4.0,4.0,1.0,1.0,4.0,4.0,1.0,4.0,5.0,5.0,2.0,4.0,4.0,3.0,3.0,4.0,96.0,2.0,2.0,2.0,96.0,4.0,4.0,6.0,4.0,1.0,2.0,3.0,1.0,,2.0,1.0,,2.0,2.0,2.0,1.0,1.0,,2.0,3.0,1.0,2.0
21.0,45.0,2020-10-06,21006.0,1.0,0.38290000366700183,40.0,2.0,15.0,1.0,1.0,,4.0,3.0,5.0,4.0,4.0,4.0,,,1.0,1.0,2.0,4.0,4.0,2.0,3.0,2.0,4.0,1.0,6.0,4.0,4.0,1.0,1.0,2.0,1.0,1.0,1.0,2.0,1.0,1.0,4.0,4.0,2.0,1.0,1.0,5.0,2.0,2.0,4.0,1.0,2.0,1.0,2.0,98.0,2.0,2.0,2.0,2.0,4.0,2.0,7.0,4.0,1.0,5.0,1.0,,1.0,3.0,1.0,,2.0,3.0,1.0,2.0,1.0,,1.0,96.0,2.0,2.0
21.0,2128.0,2020-10-12,21012.0,1.0,0.387043197663058,22.0,2.0,1.0,2.0,5.0,,3.0,4.0,2.0,4.0,3.0,4.0,,,3.0,2.0,3.0,4.0,3.0,4.0,3.0,4.0,3.0,1.0,37.0,4.0,4.0,2.0,2.0,3.0,1.0,1.0,1.0,2.0,3.0,4.0,4.0,3.0,4.0,3.0,3.0,5.0,5.0,98.0,98.0,3.0,3.0,5.0,4.0,2.0,96.0,96.0,96.0,96.0,4.0,3.0,6.0,1.0,,6.0,5.0,,,2.0,1.0,,98.0,3.0,2.0,1.0,2.0,,1.0,3.0,2.0,2.0
21.0,2416.0,2020-10-12,21002.0,2.0,0.4822775067817317,55.0,2.0,2.0,2.0,4.0,,4.0,6.0,2.0,4.0,1.0,2.0,,,3.0,1.0,2.0,4.0,3.0,4.0,3.0,4.0,2.0,1.0,2.0,4.0,4.0,1.0,3.0,98.0,2.0,2.0,2.0,1.0,4.0,3.0,2.0,4.0,2.0,2.0,2.0,4.0,2.0,2.0,2.0,4.0,4.0,6.0,4.0,96.0,96.0,96.0,96.0,96.0,4.0,2.0,6.0,4.0,2.0,2.0,6.0,,,4.0,1.0,,1.0,4.0,2.0,1.0,2.0,,2.0,3.0,2.0,98.0
21.0,1488.0,2020-10-11,21016.0,1.0,0.3553461770863927,50.0,1.0,1.0,2.0,6.0,,2.0,5.0,3.0,2.0,3.0,2.0,,,2.0,1.0,2.0,3.0,3.0,3.0,3.0,3.0,2.0,2.0,28.0,4.0,2.0,2.0,1.0,2.0,1.0,1.0,2.0,1.0,2.0,2.0,2.0,4.0,1.0,3.0,1.0,5.0,2.0,4.0,2.0,2.0,2.0,3.0,1.0,2.0,2.0,2.0,2.0,2.0,4.0,2.0,6.0,4.0,1.0,5.0,1.0,,1.0,3.0,1.0,,1.0,3.0,2.0,2.0,2.0,,2.0,2.0,2.0,97.0
21.0,1367.0,2020-10-10,21020.0,2.0,0.45086275876118104,59.0,1.0,1.0,1.0,6.0,,4.0,3.0,1.0,4.0,4.0,4.0,,,3.0,1.0,2.0,3.0,3.0,4.0,4.0,4.0,3.0,2.0,15.0,4.0,4.0,1.0,2.0,1.0,1.0,4.0,1.0,2.0,1.0,4.0,1.0,3.0,2.0,4.0,2.0,5.0,4.0,5.0,4.0,4.0,3.0,6.0,2.0,2.0,2.0,96.0,2.0,2.0,4.0,4.0,6.0,4.0,1.0,5.0,1.0,,1.0,2.0,1.0,,1.0,2.0,2.0,1.0,2.0,,2.0,96.0,2.0,2.0
21.0,1786.0,2020-10-11,21014.0,3.0,0.38251922962877394,30.0,2.0,15.0,1.0,6.0,,4.0,4.0,1.0,4.0,3.0,3.0,,,3.0,1.0,4.0,4.0,2.0,4.0,3.0,2.0,2.0,1.0,7.0,4.0,4.0,4.0,3.0,2.0,1.0,1.0,1.0,3.0,2.0,1.0,1.0,2.0,98.0,4.0,2.0,5.0,2.0,4.0,2.0,3.0,2.0,2.0,1.0,2.0,2.0,2.0,2.0,1.0,4.0,1.0,6.0,4.0,1.0,3.0,6.0,,,2.0,1.0,,1.0,3.0,2.0,1.0,2.0,,2.0,3.0,4.0,4.0
21.0,1182.0,2020-10-10,21002.0,1.0,0.42873205623675004,41.0,2.0,15.0,2.0,4.0,,4.0,3.0,2.0,4.0,1.0,4.0,,,4.0,2.0,4.0,3.0,3.0,4.0,4.0,4.0,4.0,1.0,2.0,4.0,4.0,2.0,2.0,1.0,2.0,1.0,1.0,3.0,3.0,1.0,2.0,3.0,4.0,3.0,2.0,5.0,4.0,4.0,5.0,4.0,4.0,6.0,4.0,2.0,2.0,2.0,2.0,2.0,4.0,3.0,6.0,4.0,1.0,4.0,1.0,,2.0,3.0,1.0,,2.0,3.0,2.0,1.0,2.0,,1.0,3.0,3.0,2.0
21.0,4959.0,2020-10-15,21019.0,2.0,0.41890770491506507,23.0,1.0,15.0,1.0,6.0,,4.0,1.0,2.0,4.0,3.0,4.0,,,4.0,2.0,3.0,2.0,2.0,3.0,3.0,2.0,2.0,2.0,98.0,2.0,2.0,2.0,2.0,3.0,3.0,2.0,3.0,3.0,2.0,3.0,2.0,4.0,3.0,3.0,2.0,4.0,4.0,2.0,3.0,2.0,3.0,1.0,2.0,2.0,2.0,2.0,2.0,2.0,3.0,3.0,6.0,3.0,1.0,6.0,5.0,,,2.0,1.0,,2.0,5.0,2.0,2.0,2.0,,1.0,3.0,2.0,3.0
21.0,2178.0,2020-10-12,21013.0,1.0,0.40273968475890354,50.0,1.0,7.0,2.0,5.0,,3.0,4.0,1.0,4.0,4.0,3.0,,,3.0,3.0,4.0,3.0,3.0,4.0,3.0,2.0,3.0,1.0,6.0,1.0,4.0,2.0,2.0,2.0,1.0,2.0,1.0,3.0,1.0,4.0,3.0,4.0,3.0,1.0,2.0,5.0,4.0,1.0,2.0,4.0,4.0,1.0,4.0,2.0,2.0,96.0,2.0,98.0,4.0,4.0,6.0,4.0,1.0,6.0,1.0,,1.0,2.0,1.0,,2.0,1.0,2.0,2.0,2.0,,2.0,2.0,1.0,98.0
21.0,3274.0,2020-10-13,21006.0,1.0,0.4331825180355228,29.0,2.0,15.0,2.0,3.0,,3.0,3.0,2.0,4.0,4.0,3.0,,,2.0,1.0,3.0,2.0,4.0,4.0,3.0,4.0,3.0,2.0,98.0,4.0,4.0,2.0,2.0,2.0,1.0,1.0,1.0,1.0,4.0,1.0,4.0,3.0,2.0,1.0,1.0,5.0,2.0,1.0,2.0,4.0,4.0,3.0,4.0,2.0,97.0,97.0,97.0,97.0,4.0,4.0,6.0,5.0,2.0,8.0,1.0,,2.0,2.0,1.0,,2.0,1.0,2.0,1.0,2.0,,1.0,3.0,3.0,3.0
21.0,2459.0,2020-10-12,21019.0,1.0,0.4157862986832921,40.0,1.0,6.0,3.0,,1.0,4.0,6.0,5.0,4.0,4.0,2.0,,,99.0,1.0,4.0,3.0,3.0,4.0,4.0,4.0,4.0,1.0,2.0,4.0,4.0,1.0,2.0,2.0,4.0,3.0,1.0,2.0,1.0,1.0,4.0,1.0,1.0,2.0,1.0,1.0,1.0,5.0,1.0,1.0,1.0,4.0,1.0,1.0,1.0,96.0,1.0,1.0,4.0,1.0,6.0,4.0,1.0,4.0,1.0,,1.0,1.0,1.0,,1.0,3.0,2.0,2.0,2.0,,3.0,3.0,4.0,99.0
21.0,4837.0,2020-10-15,21017.0,3.0,0.3830134918833866,23.0,2.0,15.0,1.0,4.0,,3.0,3.0,1.0,4.0,4.0,3.0,,,2.0,2.0,2.0,4.0,3.0,4.0,4.0,4.0,4.0,2.0,98.0,4.0,4.0,1.0,1.0,1.0,1.0,1.0,1.0,2.0,2.0,1.0,1.0,4.0,4.0,4.0,4.0,5.0,5.0,5.0,5.0,4.0,4.0,3.0,2.0,96.0,96.0,96.0,96.0,96.0,4.0,4.0,6.0,1.0,,5.0,4.0,,,3.0,1.0,,2.0,3.0,2.0,1.0,2.0,,1.0,3.0,1.0,1.0
21.0,455.0,2020-10-07,21012.0,1.0,0.4346070987604399,26.0,2.0,15.0,1.0,4.0,,4.0,4.0,2.0,4.0,3.0,4.0,,,3.0,1.0,3.0,4.0,4.0,4.0,4.0,4.0,4.0,1.0,7.0,4.0,4.0,1.0,1.0,1.0,1.0,1.0,1.0,3.0,4.0,2.0,3.0,3.0,2.0,2.0,2.0,5.0,2.0,4.0,4.0,4.0,3.0,3.0,4.0,2.0,2.0,2.0,2.0,2.0,4.0,3.0,7.0,4.0,2.0,6.0,2.0,,2.0,1.0,1.0,,2.0,3.0,2.0,1.0,2.0,,1.0,1.0,3.0,3.0
21.0,3378.0,2020-10-13,21006.0,2.0,0.4331825180355228,27.0,2.0,2.0,1.0,4.0,,4.0,3.0,5.0,4.0,2.0,4.0,,,3.0,2.0,2.0,3.0,3.0,3.0,4.0,4.0,4.0,1.0,32.0,3.0,3.0,3.0,98.0,3.0,1.0,1.0,1.0,4.0,4.0,2.0,3.0,98.0,98.0,98.0,98.0,98.0,98.0,98.0,98.0,2.0,1.0,2.0,98.0,98.0,98.0,98.0,98.0,98.0,98.0,98.0,7.0,1.0,,5.0,2.0,,1.0,2.0,1.0,,2.0,3.0,2.0,2.0,1.0,,1.0,96.0,3.0,3.0
21.0,149.0,2020-10-07,21005.0,1.0,0.35514490538969734,21.0,1.0,15.0,1.0,4.0,,3.0,5.0,2.0,4.0,3.0,3.0,,,3.0,1.0,3.0,4.0,4.0,4.0,4.0,4.0,4.0,1.0,7.0,4.0,4.0,2.0,2.0,1.0,1.0,2.0,1.0,2.0,1.0,4.0,3.0,3.0,2.0,2.0,2.0,5.0,2.0,2.0,4.0,3.0,3.0,3.0,2.0,2.0,2.0,2.0,2.0,2.0,4.0,1.0,6.0,1.0,,6.0,5.0,,,3.0,1.0,,2.0,3.0,2.0,2.0,2.0,,1.0,96.0,2.0,2.0
21.0,164.0,2020-10-07,21016.0,1.0,0.3671324383705646,40.0,2.0,15.0,2.0,1.0,,3.0,6.0,1.0,4.0,3.0,4.0,,,3.0,2.0,4.0,2.0,4.0,4.0,4.0,2.0,4.0,1.0,13.0,4.0,4.0,2.0,1.0,2.0,2.0,2.0,1.0,2.0,4.0,2.0,3.0,4.0,1.0,3.0,3.0,5.0,2.0,4.0,2.0,2.0,4.0,5.0,1.0,2.0,2.0,2.0,2.0,2.0,4.0,2.0,6.0,4.0,1.0,5.0,1.0,,1.0,4.0,1.0,,1.0,3.0,2.0,2.0,2.0,,1.0,3.0,2.0,97.0
21.0,504.0,2020-10-07,21014.0,1.0,0.38034592859711625,58.0,2.0,2.0,2.0,6.0,,3.0,3.0,1.0,4.0,2.0,3.0,,,98.0,1.0,2.0,3.0,2.0,3.0,3.0,98.0,2.0,2.0,2.0,4.0,4.0,1.0,2.0,3.0,1.0,2.0,1.0,2.0,4.0,2.0,2.0,98.0,2.0,3.0,2.0,98.0,99.0,98.0,99.0,4.0,2.0,5.0,3.0,2.0,2.0,2.0,2.0,98.0,3.0,1.0,6.0,4.0,1.0,2.0,1.0,,1.0,2.0,1.0,,1.0,2.0,2.0,1.0,2.0,,2.0,96.0,2.0,2.0
21.0,1036.0,2020-10-09,21005.0,1.0,0.3646832105740382,23.0,2.0,1.0,2.0,1.0,,4.0,1.0,2.0,3.0,1.0,4.0,,,3.0,1.0,99.0,2.0,4.0,4.0,3.0,3.0,3.0,1.0,5.0,4.0,4.0,1.0,1.0,1.0,2.0,1.0,1.0,2.0,4.0,2.0,4.0,2.0,98.0,2.0,1.0,5.0,98.0,4.0,98.0,1.0,1.0,5.0,98.0,1.0,98.0,98.0,1.0,98.0,2.0,1.0,6.0,3.0,2.0,5.0,5.0,,,3.0,1.0,,1.0,5.0,2.0,2.0,2.0,,2.0,3.0,1.0,1.0
21.0,2116.0,2020-10-12,21023.0,1.0,0.4541667734806569,25.0,2.0,15.0,2.0,1.0,,3.0,4.0,3.0,1.0,4.0,2.0,,,2.0,1.0,3.0,3.0,4.0,98.0,3.0,3.0,2.0,98.0,98.0,4.0,4.0,1.0,1.0,2.0,1.0,2.0,1.0,2.0,2.0,3.0,4.0,2.0,2.0,2.0,2.0,4.0,4.0,4.0,4.0,2.0,2.0,5.0,2.0,98.0,98.0,98.0,2.0,98.0,3.0,2.0,7.0,3.0,2.0,7.0,5.0,,,2.0,1.0,,1.0,5.0,99.0,1.0,2.0,,4.0,96.0,1.0,98.0
21.0,1106.0,2020-10-09,21012.0,2.0,0.4346070987604399,27.0,2.0,15.0,2.0,4.0,,4.0,4.0,1.0,4.0,2.0,4.0,,,3.0,1.0,3.0,3.0,3.0,3.0,4.0,3.0,3.0,2.0,13.0,2.0,4.0,2.0,2.0,2.0,1.0,2.0,1.0,2.0,4.0,3.0,3.0,4.0,98.0,3.0,3.0,5.0,4.0,2.0,5.0,4.0,3.0,5.0,3.0,2.0,96.0,2.0,2.0,2.0,4.0,3.0,7.0,1.0,,6.0,1.0,,2.0,2.0,1.0,,2.0,3.0,2.0,1.0,1.0,,1.0,3.0,4.0,3.0
21.0,4824.0,2020-10-15,21017.0,3.0,0.3830134918833866,19.0,2.0,15.0,1.0,1.0,,4.0,1.0,1.0,3.0,3.0,2.0,,,2.0,2.0,2.0,4.0,4.0,4.0,4.0,4.0,4.0,2.0,98.0,4.0,4.0,1.0,1.0,2.0,1.0,1.0,1.0,2.0,3.0,2.0,2.0,4.0,4.0,4.0,4.0,5.0,5.0,5.0,5.0,4.0,4.0,3.0,4.0,96.0,96.0,96.0,96.0,96.0,4.0,4.0,6.0,1.0,,6.0,5.0,,,2.0,1.0,,2.0,3.0,2.0,1.0,2.0,,1.0,3.0,1.0,1.0
21.0,3127.0,2020-10-13,21023.0,2.0,0.4541667734806569,25.0,2.0,1.0,2.0,4.0,,4.0,3.0,5.0,4.0,3.0,4.0,,,3.0,3.0,3.0,3.0,4.0,4.0,3.0,3.0,3.0,1.0,6.0,4.0,2.0,1.0,1.0,1.0,1.0,2.0,1.0,2.0,2.0,4.0,3.0,4.0,4.0,4.0,4.0,5.0,4.0,4.0,5.0,4.0,4.0,5.0,4.0,96.0,96.0,96.0,96.0,96.0,3.0,3.0,6.0,1.0,,6.0,6.0,,,1.0,1.0,,2.0,2.0,2.0,1.0,2.0,,6.0,,2.0,2.0
21.0,3441.0,2020-10-14,21016.0,3.0,0.41534435252758933,28.0,2.0,15.0,1.0,4.0,,4.0,1.0,1.0,2.0,2.0,3.0,,,2.0,1.0,4.0,3.0,3.0,3.0,4.0,2.0,4.0,1.0,1.0,3.0,2.0,2.0,2.0,2.0,4.0,2.0,4.0,1.0,4.0,2.0,4.0,3.0,1.0,1.0,1.0,5.0,1.0,2.0,2.0,2.0,4.0,3.0,4.0,2.0,2.0,2.0,1.0,2.0,4.0,4.0,6.0,4.0,1.0,5.0,4.0,,,3.0,1.0,,3.0,3.0,1.0,1.0,2.0,,2.0,3.0,3.0,1.0
21.0,1050.0,2020-10-09,21004.0,1.0,0.32874103764530166,22.0,1.0,15.0,2.0,4.0,,4.0,5.0,5.0,4.0,4.0,3.0,,,1.0,1.0,3.0,3.0,3.0,4.0,3.0,4.0,3.0,1.0,37.0,3.0,4.0,1.0,1.0,1.0,1.0,3.0,1.0,2.0,4.0,4.0,4.0,3.0,2.0,4.0,2.0,1.0,2.0,2.0,98.0,2.0,2.0,4.0,2.0,98.0,96.0,96.0,96.0,96.0,4.0,2.0,6.0,1.0,,4.0,6.0,,,3.0,1.0,,2.0,3.0,2.0,1.0,2.0,,1.0,3.0,2.0,2.0
21.0,1453.0,2020-10-11,21001.0,1.0,0.4122790132950251,25.0,1.0,16.0,4.0,,4.0,4.0,1.0,99.0,2.0,1.0,4.0,,,4.0,4.0,4.0,4.0,4.0,4.0,4.0,4.0,4.0,1.0,13.0,4.0,1.0,4.0,4.0,4.0,4.0,2.0,2.0,4.0,4.0,4.0,2.0,1.0,1.0,1.0,1.0,1.0,1.0,1.0,1.0,3.0,4.0,1.0,4.0,1.0,96.0,99.0,2.0,96.0,4.0,98.0,6.0,1.0,,2.0,6.0,,,4.0,1.0,,3.0,5.0,99.0,99.0,2.0,,1.0,3.0,4.0,4.0
21.0,2555.0,2020-10-12,21001.0,1.0,0.4099366306498585,56.0,1.0,2.0,2.0,6.0,,4.0,3.0,5.0,4.0,3.0,2.0,,,2.0,1.0,3.0,3.0,3.0,4.0,4.0,3.0,3.0,3.0,2.0,4.0,4.0,2.0,2.0,1.0,1.0,1.0,1.0,2.0,1.0,1.0,2.0,2.0,3.0,2.0,4.0,5.0,4.0,2.0,2.0,3.0,2.0,3.0,2.0,2.0,2.0,2.0,2.0,2.0,3.0,3.0,6.0,4.0,1.0,4.0,1.0,,1.0,3.0,1.0,,1.0,3.0,2.0,2.0,1.0,,2.0,2.0,2.0,1.0
21.0,4564.0,2020-10-15,21022.0,1.0,0.3736016920314025,20.0,1.0,1.0,2.0,4.0,,3.0,4.0,1.0,4.0,4.0,2.0,,,2.0,2.0,2.0,3.0,3.0,4.0,4.0,4.0,4.0,2.0,98.0,4.0,4.0,1.0,1.0,1.0,1.0,1.0,1.0,2.0,3.0,3.0,2.0,4.0,4.0,4.0,4.0,5.0,5.0,5.0,5.0,3.0,3.0,3.0,4.0,96.0,96.0,96.0,96.0,96.0,4.0,4.0,6.0,1.0,,5.0,5.0,,,2.0,1.0,,2.0,3.0,2.0,1.0,1.0,,1.0,3.0,1.0,1.0
21.0,2373.0,2020-10-12,21002.0,1.0,0.42873205623675004,35.0,2.0,6.0,2.0,5.0,,4.0,3.0,5.0,3.0,2.0,4.0,,,3.0,1.0,4.0,4.0,4.0,4.0,4.0,4.0,4.0,1.0,20.0,4.0,4.0,2.0,2.0,4.0,2.0,1.0,1.0,2.0,1.0,1.0,4.0,4.0,2.0,4.0,1.0,5.0,1.0,4.0,3.0,4.0,4.0,3.0,4.0,2.0,2.0,96.0,2.0,98.0,4.0,1.0,7.0,4.0,1.0,5.0,6.0,,,4.0,1.0,,98.0,3.0,1.0,1.0,2.0,,1.0,3.0,2.0,98.0
21.0,62.0,2020-10-06,21004.0,1.0,0.33757020088568973,23.0,2.0,15.0,1.0,1.0,,4.0,4.0,2.0,4.0,3.0,3.0,,,2.0,1.0,4.0,3.0,4.0,4.0,4.0,3.0,2.0,1.0,9.0,1.0,4.0,3.0,3.0,3.0,1.0,2.0,1.0,2.0,3.0,2.0,2.0,4.0,2.0,2.0,4.0,5.0,5.0,2.0,2.0,2.0,3.0,3.0,2.0,2.0,2.0,2.0,2.0,2.0,4.0,3.0,7.0,1.0,,5.0,5.0,,,2.0,1.0,,2.0,3.0,2.0,1.0,1.0,,1.0,3.0,2.0,2.0
21.0,2501.0,2020-10-12,21013.0,1.0,0.41609791248206063,36.0,2.0,1.0,3.0,,6.0,4.0,3.0,2.0,4.0,3.0,4.0,,,4.0,1.0,4.0,2.0,4.0,4.0,4.0,4.0,4.0,1.0,6.0,4.0,4.0,4.0,4.0,1.0,1.0,3.0,1.0,2.0,4.0,1.0,1.0,4.0,4.0,4.0,4.0,5.0,3.0,1.0,4.0,4.0,4.0,1.0,4.0,2.0,2.0,2.0,2.0,2.0,4.0,1.0,7.0,4.0,2.0,2.0,1.0,,1.0,2.0,1.0,,1.0,3.0,2.0,1.0,2.0,,1.0,3.0,2.0,2.0
21.0,2082.0,2020-10-12,21023.0,1.0,0.44228802182870397,32.0,1.0,15.0,1.0,4.0,,4.0,6.0,2.0,4.0,3.0,4.0,,,3.0,1.0,3.0,4.0,3.0,4.0,4.0,3.0,3.0,1.0,9.0,4.0,4.0,2.0,1.0,2.0,1.0,2.0,1.0,2.0,4.0,4.0,4.0,4.0,4.0,1.0,3.0,5.0,4.0,2.0,4.0,2.0,2.0,3.0,4.0,2.0,96.0,96.0,2.0,2.0,4.0,1.0,6.0,3.0,98.0,8.0,1.0,,1.0,2.0,1.0,,2.0,3.0,2.0,2.0,2.0,,3.0,3.0,4.0,4.0
21.0,1052.0,2020-10-09,21023.0,2.0,0.3885605419548665,46.0,1.0,2.0,1.0,4.0,,4.0,98.0,1.0,4.0,4.0,4.0,,,4.0,1.0,4.0,4.0,4.0,4.0,4.0,4.0,4.0,1.0,35.0,4.0,4.0,4.0,4.0,4.0,2.0,1.0,1.0,3.0,1.0,4.0,4.0,4.0,3.0,2.0,4.0,5.0,4.0,2.0,2.0,4.0,4.0,3.0,4.0,2.0,2.0,2.0,2.0,2.0,4.0,4.0,7.0,4.0,1.0,4.0,2.0,,2.0,2.0,1.0,,2.0,1.0,2.0,3.0,2.0,,2.0,97.0,97.0,97.0
21.0,4780.0,2020-10-15,21011.0,1.0,0.37326670965874115,22.0,2.0,1.0,2.0,1.0,,2.0,5.0,2.0,4.0,4.0,4.0,,,3.0,3.0,2.0,2.0,3.0,2.0,4.0,4.0,3.0,3.0,7.0,4.0,4.0,2.0,3.0,2.0,3.0,2.0,3.0,2.0,3.0,3.0,2.0,4.0,3.0,2.0,2.0,5.0,4.0,3.0,2.0,4.0,4.0,3.0,3.0,96.0,2.0,96.0,2.0,96.0,4.0,4.0,6.0,1.0,,4.0,5.0,,,2.0,1.0,,1.0,5.0,2.0,1.0,2.0,,1.0,3.0,3.0,2.0
21.0,305.0,2020-10-07,21001.0,1.0,0.3621969145358754,53.0,1.0,15.0,4.0,,7.0,99.0,6.0,1.0,4.0,4.0,99.0,,,2.0,1.0,4.0,3.0,3.0,97.0,2.0,2.0,2.0,2.0,4.0,4.0,4.0,1.0,1.0,1.0,1.0,4.0,1.0,2.0,2.0,1.0,2.0,99.0,99.0,99.0,99.0,5.0,1.0,5.0,5.0,3.0,4.0,3.0,4.0,96.0,96.0,96.0,96.0,96.0,99.0,1.0,7.0,4.0,1.0,4.0,1.0,,2.0,1.0,1.0,,98.0,5.0,2.0,1.0,1.0,,2.0,3.0,1.0,1.0
21.0,3674.0,2020-10-14,21013.0,2.0,0.47073998368268294,29.0,2.0,1.0,2.0,3.0,,3.0,1.0,1.0,4.0,4.0,4.0,,,3.0,2.0,3.0,3.0,3.0,97.0,3.0,3.0,3.0,1.0,6.0,4.0,1.0,2.0,2.0,3.0,1.0,1.0,1.0,1.0,2.0,2.0,3.0,4.0,2.0,2.0,2.0,3.0,3.0,3.0,2.0,4.0,4.0,4.0,4.0,2.0,2.0,2.0,2.0,2.0,4.0,2.0,6.0,1.0,,7.0,1.0,,2.0,2.0,1.0,,2.0,3.0,2.0,2.0,2.0,,1.0,1.0,4.0,3.0
21.0,3028.0,2020-10-13,21018.0,2.0,0.4981594661550807,25.0,2.0,15.0,1.0,1.0,,4.0,6.0,2.0,1.0,3.0,3.0,,,1.0,1.0,1.0,2.0,2.0,2.0,3.0,2.0,1.0,2.0,7.0,3.0,4.0,2.0,2.0,2.0,2.0,2.0,1.0,2.0,4.0,3.0,4.0,2.0,1.0,1.0,2.0,98.0,98.0,98.0,98.0,1.0,98.0,3.0,98.0,1.0,98.0,98.0,1.0,98.0,98.0,3.0,6.0,1.0,,8.0,5.0,,,2.0,1.0,,2.0,3.0,2.0,1.0,2.0,,1.0,96.0,2.0,4.0
21.0,1591.0,2020-10-11,21002.0,3.0,0.41751855071709876,35.0,1.0,15.0,4.0,,5.0,1.0,5.0,1.0,3.0,1.0,1.0,,,1.0,1.0,1.0,1.0,1.0,1.0,97.0,3.0,1.0,1.0,98.0,2.0,1.0,1.0,1.0,1.0,1.0,1.0,4.0,1.0,1.0,1.0,1.0,1.0,1.0,1.0,3.0,4.0,1.0,1.0,1.0,1.0,1.0,4.0,1.0,1.0,1.0,1.0,1.0,1.0,1.0,3.0,6.0,1.0,,5.0,2.0,,2.0,4.0,1.0,,1.0,1.0,1.0,99.0,1.0,,1.0,1.0,98.0,98.0
21.0,4450.0,2020-10-14,21018.0,1.0,0.4436403208247247,22.0,2.0,15.0,2.0,1.0,,4.0,1.0,2.0,4.0,3.0,3.0,,,2.0,2.0,3.0,2.0,3.0,3.0,4.0,2.0,2.0,2.0,,2.0,3.0,3.0,2.0,4.0,4.0,2.0,3.0,2.0,2.0,3.0,2.0,4.0,3.0,2.0,2.0,5.0,4.0,3.0,2.0,3.0,2.0,3.0,2.0,2.0,2.0,2.0,2.0,2.0,4.0,3.0,6.0,3.0,2.0,2.0,5.0,,,2.0,1.0,,1.0,5.0,2.0,1.0,1.0,,1.0,3.0,2.0,2.0
21.0,1785.0,2020-10-11,21022.0,1.0,0.4171302736526058,65.0,1.0,2.0,3.0,,1.0,4.0,6.0,5.0,4.0,1.0,4.0,,,3.0,1.0,4.0,3.0,4.0,3.0,4.0,3.0,3.0,1.0,6.0,4.0,4.0,2.0,4.0,4.0,2.0,4.0,4.0,2.0,2.0,1.0,1.0,2.0,2.0,4.0,1.0,4.0,2.0,4.0,3.0,4.0,4.0,2.0,4.0,96.0,96.0,2.0,96.0,2.0,4.0,4.0,6.0,4.0,1.0,4.0,3.0,1.0,,3.0,1.0,,1.0,3.0,2.0,1.0,1.0,,1.0,3.0,4.0,4.0
21.0,950.0,2020-10-09,21005.0,2.0,0.35034545194722816,46.0,1.0,15.0,2.0,5.0,,4.0,4.0,6.0,4.0,4.0,4.0,,,3.0,3.0,4.0,4.0,4.0,4.0,4.0,4.0,4.0,1.0,9.0,4.0,4.0,1.0,1.0,1.0,1.0,1.0,1.0,1.0,1.0,1.0,2.0,2.0,4.0,2.0,4.0,4.0,4.0,4.0,5.0,1.0,1.0,6.0,2.0,1.0,1.0,1.0,2.0,1.0,2.0,1.0,6.0,4.0,1.0,6.0,1.0,,1.0,4.0,1.0,,2.0,2.0,2.0,15.0,2.0,,1.0,2.0,3.0,4.0
21.0,958.0,2020-10-09,21001.0,1.0,0.42335179792526434,26.0,2.0,2.0,3.0,,6.0,3.0,3.0,1.0,1.0,4.0,3.0,,,1.0,1.0,4.0,2.0,2.0,3.0,4.0,2.0,3.0,1.0,29.0,4.0,4.0,2.0,1.0,1.0,2.0,1.0,1.0,1.0,4.0,2.0,4.0,2.0,2.0,2.0,2.0,5.0,2.0,1.0,4.0,2.0,1.0,4.0,3.0,98.0,2.0,2.0,2.0,2.0,4.0,2.0,7.0,1.0,,5.0,6.0,,,4.0,1.0,,2.0,4.0,2.0,2.0,2.0,,1.0,98.0,2.0,2.0
21.0,2269.0,2020-10-12,21002.0,1.0,0.4319506493369464,24.0,2.0,15.0,2.0,2.0,,4.0,3.0,1.0,3.0,3.0,3.0,,,1.0,1.0,3.0,3.0,2.0,4.0,3.0,4.0,4.0,1.0,37.0,4.0,4.0,2.0,1.0,3.0,1.0,1.0,1.0,2.0,3.0,2.0,4.0,4.0,1.0,3.0,1.0,5.0,2.0,1.0,4.0,4.0,4.0,3.0,4.0,2.0,2.0,2.0,2.0,2.0,4.0,1.0,6.0,1.0,,4.0,1.0,,2.0,3.0,1.0,,3.0,3.0,2.0,1.0,2.0,,1.0,2.0,1.0,97.0
21.0,4451.0,2020-10-14,21018.0,2.0,0.4436403208247247,24.0,2.0,1.0,1.0,1.0,,3.0,2.0,1.0,3.0,3.0,3.0,,,2.0,3.0,2.0,2.0,3.0,4.0,3.0,3.0,2.0,1.0,98.0,3.0,2.0,3.0,2.0,3.0,3.0,2.0,2.0,1.0,1.0,3.0,2.0,4.0,3.0,2.0,2.0,5.0,4.0,3.0,2.0,3.0,2.0,3.0,2.0,96.0,96.0,96.0,96.0,96.0,4.0,3.0,6.0,1.0,,5.0,5.0,,,3.0,1.0,,1.0,4.0,2.0,1.0,2.0,,1.0,3.0,3.0,2.0
21.0,4447.0,2020-10-14,21015.0,3.0,0.4608945660469187,19.0,2.0,1.0,1.0,4.0,,4.0,3.0,2.0,4.0,4.0,2.0,,,1.0,1.0,2.0,3.0,3.0,3.0,3.0,3.0,3.0,2.0,98.0,4.0,4.0,1.0,1.0,1.0,1.0,2.0,1.0,1.0,2.0,2.0,2.0,4.0,4.0,4.0,4.0,5.0,5.0,5.0,5.0,4.0,4.0,3.0,2.0,2.0,2.0,2.0,2.0,2.0,98.0,98.0,6.0,1.0,,5.0,5.0,,,2.0,1.0,,2.0,3.0,2.0,1.0,2.0,,1.0,3.0,1.0,98.0
21.0,101.0,2020-10-06,21002.0,1.0,0.4822775067817317,56.0,2.0,1.0,1.0,4.0,,4.0,1.0,1.0,4.0,1.0,4.0,,,4.0,1.0,4.0,4.0,4.0,4.0,4.0,4.0,4.0,1.0,6.0,4.0,3.0,3.0,2.0,1.0,1.0,1.0,1.0,4.0,4.0,1.0,1.0,4.0,1.0,4.0,1.0,5.0,1.0,5.0,5.0,4.0,4.0,1.0,4.0,2.0,2.0,96.0,96.0,2.0,4.0,2.0,6.0,4.0,1.0,4.0,2.0,,2.0,2.0,1.0,,98.0,3.0,2.0,1.0,2.0,,1.0,3.0,4.0,98.0
21.0,1587.0,2020-10-11,21002.0,1.0,0.4319506493369464,21.0,2.0,15.0,1.0,1.0,,3.0,3.0,1.0,3.0,3.0,3.0,,,2.0,2.0,2.0,3.0,2.0,3.0,3.0,4.0,3.0,1.0,7.0,4.0,4.0,1.0,2.0,3.0,1.0,1.0,1.0,3.0,2.0,1.0,1.0,4.0,98.0,3.0,2.0,5.0,98.0,4.0,98.0,4.0,4.0,5.0,2.0,2.0,2.0,2.0,2.0,2.0,98.0,98.0,7.0,1.0,,2.0,5.0,,,2.0,1.0,,3.0,3.0,2.0,2.0,1.0,,1.0,96.0,2.0,98.0
21.0,1432.0,2020-10-11,21001.0,2.0,0.3742104037650075,40.0,2.0,6.0,2.0,1.0,,3.0,4.0,2.0,4.0,4.0,3.0,,,3.0,2.0,3.0,4.0,4.0,3.0,3.0,97.0,3.0,3.0,9.0,4.0,3.0,2.0,2.0,2.0,1.0,2.0,2.0,4.0,1.0,4.0,1.0,4.0,2.0,1.0,2.0,5.0,3.0,2.0,5.0,4.0,4.0,3.0,4.0,98.0,98.0,96.0,98.0,96.0,4.0,4.0,7.0,4.0,1.0,5.0,4.0,,,2.0,1.0,,2.0,3.0,1.0,2.0,1.0,,1.0,3.0,1.0,97.0
21.0,4542.0,2020-10-15,21022.0,1.0,0.3736016920314025,19.0,1.0,1.0,1.0,1.0,,4.0,3.0,2.0,3.0,2.0,2.0,,,2.0,2.0,2.0,4.0,4.0,4.0,4.0,4.0,4.0,1.0,98.0,4.0,4.0,1.0,1.0,1.0,1.0,1.0,1.0,1.0,4.0,4.0,3.0,4.0,4.0,4.0,4.0,5.0,5.0,5.0,5.0,4.0,4.0,3.0,4.0,96.0,96.0,96.0,96.0,96.0,4.0,4.0,6.0,1.0,,7.0,5.0,,,3.0,1.0,,1.0,3.0,2.0,1.0,1.0,,1.0,3.0,1.0,1.0
21.0,547.0,2020-10-07,21009.0,3.0,0.33666457873942235,51.0,2.0,6.0,2.0,4.0,,4.0,1.0,5.0,4.0,4.0,4.0,,,3.0,1.0,4.0,4.0,2.0,4.0,4.0,3.0,2.0,1.0,29.0,4.0,4.0,1.0,1.0,1.0,1.0,1.0,1.0,2.0,2.0,2.0,4.0,4.0,2.0,2.0,2.0,5.0,98.0,4.0,2.0,4.0,4.0,6.0,4.0,2.0,2.0,2.0,2.0,2.0,98.0,1.0,6.0,4.0,1.0,7.0,4.0,,,2.0,1.0,,1.0,3.0,2.0,2.0,2.0,,3.0,3.0,2.0,98.0
21.0,212.0,2020-10-07,21017.0,2.0,0.367955066273961,53.0,1.0,7.0,4.0,,1.0,3.0,4.0,1.0,4.0,1.0,3.0,,,3.0,1.0,2.0,4.0,3.0,4.0,3.0,4.0,3.0,1.0,35.0,4.0,4.0,2.0,2.0,2.0,1.0,4.0,1.0,2.0,2.0,3.0,4.0,4.0,3.0,1.0,2.0,5.0,2.0,1.0,4.0,4.0,1.0,5.0,4.0,96.0,2.0,96.0,98.0,96.0,4.0,4.0,6.0,4.0,1.0,6.0,1.0,,1.0,3.0,1.0,,1.0,1.0,2.0,2.0,2.0,,2.0,3.0,2.0,97.0
21.0,4725.0,2020-10-15,21011.0,1.0,0.37326670965874115,22.0,2.0,1.0,1.0,1.0,,3.0,5.0,3.0,4.0,4.0,2.0,,,3.0,1.0,2.0,4.0,3.0,2.0,4.0,3.0,3.0,2.0,7.0,4.0,4.0,3.0,3.0,2.0,3.0,4.0,2.0,3.0,2.0,3.0,4.0,4.0,3.0,2.0,2.0,5.0,4.0,2.0,2.0,4.0,4.0,1.0,1.0,96.0,2.0,2.0,2.0,2.0,3.0,4.0,6.0,1.0,,6.0,5.0,,,2.0,1.0,,2.0,4.0,2.0,2.0,2.0,,1.0,3.0,2.0,2.0
21.0,1882.0,2020-10-11,21016.0,2.0,0.35753007352701294,35.0,1.0,15.0,2.0,4.0,,3.0,5.0,2.0,4.0,4.0,4.0,,,3.0,1.0,4.0,3.0,3.0,4.0,2.0,1.0,3.0,2.0,7.0,4.0,4.0,2.0,2.0,3.0,1.0,3.0,1.0,2.0,2.0,3.0,3.0,3.0,3.0,2.0,1.0,5.0,2.0,4.0,4.0,4.0,4.0,7.0,4.0,96.0,96.0,96.0,2.0,96.0,4.0,2.0,7.0,4.0,1.0,3.0,1.0,,1.0,3.0,1.0,,2.0,3.0,2.0,2.0,2.0,,1.0,3.0,98.0,97.0
21.0,4733.0,2020-10-15,21011.0,2.0,0.37326670965874115,20.0,2.0,15.0,2.0,1.0,,4.0,1.0,2.0,4.0,4.0,2.0,,,3.0,2.0,2.0,4.0,3.0,2.0,4.0,3.0,2.0,2.0,7.0,4.0,3.0,3.0,2.0,3.0,3.0,3.0,2.0,2.0,1.0,3.0,2.0,4.0,2.0,2.0,3.0,5.0,4.0,3.0,3.0,4.0,4.0,3.0,2.0,2.0,96.0,96.0,96.0,96.0,4.0,3.0,6.0,1.0,,5.0,5.0,,,2.0,1.0,,1.0,5.0,2.0,1.0,2.0,,1.0,3.0,2.0,3.0
21.0,1133.0,2020-10-10,21015.0,1.0,0.4454954091276006,42.0,1.0,2.0,1.0,2.0,,4.0,1.0,1.0,4.0,4.0,2.0,,,3.0,1.0,4.0,4.0,3.0,4.0,4.0,4.0,3.0,1.0,35.0,4.0,4.0,1.0,1.0,1.0,1.0,2.0,1.0,2.0,1.0,4.0,4.0,4.0,2.0,3.0,2.0,5.0,2.0,2.0,2.0,4.0,98.0,6.0,1.0,1.0,98.0,96.0,1.0,2.0,4.0,1.0,7.0,4.0,1.0,4.0,2.0,,2.0,2.0,1.0,,2.0,4.0,2.0,2.0,2.0,,1.0,3.0,98.0,98.0
21.0,1856.0,2020-10-11,21024.0,2.0,0.3890957534625698,33.0,1.0,2.0,1.0,4.0,,4.0,1.0,2.0,4.0,4.0,4.0,,,3.0,2.0,3.0,3.0,3.0,4.0,3.0,3.0,3.0,1.0,10.0,4.0,4.0,2.0,1.0,1.0,1.0,2.0,1.0,1.0,1.0,4.0,4.0,4.0,4.0,2.0,2.0,5.0,2.0,3.0,5.0,3.0,3.0,6.0,4.0,2.0,2.0,2.0,2.0,2.0,3.0,2.0,6.0,4.0,1.0,3.0,1.0,,1.0,1.0,1.0,,1.0,3.0,2.0,2.0,2.0,,1.0,3.0,2.0,2.0
21.0,4439.0,2020-10-14,21015.0,3.0,0.4608945660469187,22.0,2.0,1.0,1.0,4.0,,4.0,3.0,2.0,4.0,3.0,4.0,,,2.0,1.0,1.0,3.0,3.0,3.0,3.0,3.0,3.0,2.0,98.0,4.0,4.0,1.0,1.0,1.0,2.0,2.0,2.0,2.0,2.0,2.0,2.0,4.0,4.0,4.0,4.0,5.0,5.0,5.0,5.0,4.0,4.0,3.0,98.0,96.0,96.0,96.0,96.0,96.0,4.0,4.0,6.0,1.0,,5.0,5.0,,,2.0,1.0,,2.0,3.0,2.0,1.0,2.0,,1.0,3.0,1.0,1.0
21.0,654.0,2020-10-08,21016.0,1.0,0.3553461770863927,49.0,1.0,1.0,3.0,,1.0,4.0,5.0,2.0,2.0,1.0,4.0,,,3.0,1.0,3.0,4.0,4.0,4.0,4.0,4.0,3.0,1.0,9.0,4.0,4.0,4.0,4.0,4.0,1.0,1.0,1.0,1.0,1.0,4.0,1.0,2.0,3.0,3.0,2.0,5.0,3.0,3.0,3.0,3.0,3.0,3.0,4.0,2.0,96.0,96.0,96.0,97.0,4.0,1.0,6.0,5.0,1.0,1.0,2.0,,2.0,2.0,1.0,,1.0,4.0,2.0,3.0,2.0,,1.0,3.0,2.0,2.0
21.0,358.0,2020-10-07,21003.0,1.0,0.3912152983727402,20.0,1.0,1.0,1.0,6.0,,4.0,5.0,2.0,4.0,1.0,3.0,,,2.0,1.0,4.0,2.0,4.0,4.0,3.0,4.0,4.0,1.0,7.0,4.0,4.0,1.0,2.0,98.0,1.0,1.0,1.0,1.0,2.0,2.0,2.0,4.0,2.0,2.0,98.0,5.0,98.0,3.0,4.0,1.0,2.0,7.0,1.0,2.0,96.0,96.0,2.0,96.0,4.0,2.0,6.0,1.0,,5.0,5.0,,,1.0,1.0,,2.0,3.0,2.0,2.0,2.0,,1.0,3.0,3.0,1.0
21.0,960.0,2020-10-09,21021.0,97.0,0.4954266710963079,80.0,1.0,1.0,4.0,,7.0,4.0,5.0,6.0,4.0,1.0,99.0,,,3.0,2.0,4.0,4.0,4.0,4.0,4.0,4.0,2.0,1.0,20.0,2.0,4.0,2.0,3.0,3.0,4.0,1.0,1.0,2.0,1.0,1.0,1.0,4.0,4.0,4.0,4.0,5.0,5.0,5.0,5.0,4.0,4.0,6.0,4.0,2.0,96.0,2.0,96.0,96.0,3.0,2.0,6.0,4.0,1.0,7.0,3.0,1.0,,2.0,1.0,,1.0,3.0,2.0,1.0,1.0,,6.0,,3.0,3.0
21.0,2931.0,2020-10-13,21003.0,1.0,0.3987290110933317,40.0,2.0,1.0,3.0,,7.0,4.0,3.0,2.0,4.0,4.0,4.0,,,1.0,1.0,4.0,2.0,3.0,4.0,4.0,2.0,1.0,2.0,35.0,4.0,4.0,2.0,1.0,1.0,1.0,4.0,1.0,2.0,1.0,1.0,4.0,1.0,98.0,98.0,98.0,5.0,98.0,2.0,5.0,4.0,2.0,5.0,2.0,2.0,2.0,2.0,2.0,2.0,4.0,1.0,7.0,4.0,1.0,4.0,1.0,,2.0,2.0,1.0,,2.0,3.0,2.0,3.0,1.0,,1.0,2.0,2.0,2.0
21.0,151.0,2020-10-07,21003.0,1.0,0.38830023652026563,42.0,1.0,1.0,2.0,1.0,,4.0,3.0,1.0,4.0,4.0,4.0,,,2.0,1.0,4.0,2.0,4.0,4.0,4.0,4.0,4.0,2.0,7.0,4.0,4.0,2.0,2.0,2.0,1.0,1.0,1.0,2.0,4.0,1.0,2.0,2.0,2.0,1.0,1.0,5.0,2.0,1.0,2.0,4.0,4.0,6.0,1.0,96.0,2.0,2.0,2.0,2.0,4.0,2.0,6.0,4.0,1.0,3.0,1.0,,2.0,2.0,1.0,,2.0,2.0,2.0,1.0,2.0,,1.0,3.0,3.0,3.0
21.0,2163.0,2020-10-12,21006.0,1.0,0.38290000366700183,42.0,2.0,6.0,2.0,1.0,,4.0,1.0,1.0,4.0,4.0,4.0,,,3.0,99.0,4.0,4.0,4.0,3.0,4.0,3.0,4.0,1.0,4.0,4.0,4.0,2.0,2.0,4.0,2.0,4.0,3.0,2.0,4.0,1.0,3.0,4.0,2.0,2.0,2.0,5.0,2.0,2.0,4.0,4.0,3.0,4.0,2.0,2.0,2.0,2.0,2.0,2.0,3.0,1.0,7.0,4.0,1.0,5.0,2.0,,2.0,1.0,1.0,,2.0,3.0,2.0,1.0,1.0,,1.0,3.0,2.0,2.0
21.0,301.0,2020-10-07,21012.0,1.0,0.3769200660469292,24.0,1.0,1.0,1.0,1.0,,4.0,5.0,2.0,2.0,1.0,3.0,,,2.0,1.0,3.0,3.0,3.0,4.0,4.0,4.0,4.0,2.0,10.0,4.0,4.0,1.0,1.0,2.0,1.0,1.0,1.0,2.0,4.0,4.0,4.0,2.0,2.0,4.0,2.0,5.0,4.0,4.0,3.0,2.0,2.0,6.0,2.0,98.0,2.0,2.0,2.0,2.0,4.0,2.0,7.0,1.0,,7.0,5.0,,,3.0,1.0,,2.0,3.0,2.0,2.0,2.0,,1.0,98.0,3.0,97.0
21.0,2776.0,2020-10-13,21001.0,1.0,0.3742104037650075,43.0,2.0,6.0,1.0,1.0,,4.0,3.0,2.0,4.0,1.0,3.0,,,2.0,1.0,3.0,3.0,4.0,2.0,2.0,3.0,3.0,1.0,7.0,4.0,4.0,2.0,2.0,1.0,1.0,2.0,1.0,2.0,3.0,4.0,2.0,3.0,2.0,3.0,1.0,5.0,98.0,4.0,2.0,2.0,2.0,1.0,1.0,98.0,2.0,2.0,2.0,2.0,4.0,2.0,6.0,1.0,,4.0,1.0,,2.0,3.0,1.0,,99.0,3.0,2.0,1.0,2.0,,1.0,1.0,4.0,4.0
21.0,901.0,2020-10-08,21016.0,1.0,0.4044810029789093,33.0,1.0,2.0,1.0,4.0,,4.0,3.0,4.0,3.0,4.0,4.0,,,4.0,1.0,4.0,4.0,4.0,4.0,4.0,4.0,4.0,1.0,35.0,1.0,4.0,1.0,1.0,2.0,1.0,3.0,3.0,2.0,4.0,2.0,2.0,3.0,2.0,4.0,2.0,5.0,2.0,5.0,2.0,4.0,4.0,1.0,2.0,2.0,2.0,2.0,2.0,2.0,4.0,1.0,6.0,4.0,1.0,3.0,2.0,,2.0,2.0,1.0,,3.0,5.0,2.0,2.0,2.0,,1.0,1.0,3.0,97.0
21.0,1723.0,2020-10-11,21012.0,1.0,0.387043197663058,23.0,2.0,1.0,4.0,,7.0,4.0,1.0,3.0,2.0,1.0,4.0,,,3.0,1.0,4.0,4.0,4.0,4.0,4.0,4.0,3.0,2.0,98.0,4.0,4.0,1.0,4.0,3.0,1.0,4.0,2.0,4.0,2.0,1.0,2.0,1.0,1.0,2.0,1.0,5.0,98.0,2.0,2.0,1.0,2.0,4.0,2.0,98.0,98.0,98.0,98.0,98.0,2.0,2.0,7.0,1.0,,6.0,6.0,,,3.0,1.0,,2.0,5.0,2.0,1.0,2.0,,1.0,96.0,2.0,98.0
21.0,3753.0,2020-10-14,21021.0,1.0,0.44372766564820026,20.0,1.0,1.0,1.0,1.0,,3.0,5.0,2.0,4.0,4.0,4.0,,,3.0,1.0,2.0,4.0,3.0,3.0,3.0,4.0,2.0,1.0,7.0,2.0,3.0,3.0,2.0,2.0,3.0,3.0,2.0,3.0,3.0,3.0,2.0,4.0,3.0,2.0,2.0,5.0,4.0,3.0,3.0,4.0,3.0,1.0,2.0,2.0,2.0,2.0,2.0,2.0,4.0,4.0,6.0,1.0,,5.0,5.0,,,2.0,1.0,,2.0,5.0,2.0,1.0,1.0,,1.0,3.0,2.0,1.0
21.0,2737.0,2020-10-13,21001.0,1.0,0.42335179792526434,26.0,2.0,2.0,2.0,1.0,,3.0,5.0,3.0,3.0,1.0,3.0,,,2.0,1.0,2.0,4.0,4.0,3.0,3.0,2.0,3.0,2.0,6.0,4.0,4.0,2.0,2.0,1.0,1.0,3.0,1.0,2.0,1.0,2.0,4.0,4.0,2.0,4.0,2.0,5.0,2.0,4.0,2.0,4.0,4.0,6.0,4.0,2.0,2.0,2.0,2.0,2.0,4.0,1.0,6.0,1.0,,5.0,5.0,,,3.0,1.0,,2.0,5.0,1.0,4.0,2.0,,1.0,1.0,2.0,98.0
21.0,3842.0,2020-10-14,21011.0,1.0,0.4167562622609089,65.0,2.0,15.0,1.0,1.0,,3.0,2.0,1.0,4.0,4.0,3.0,,,2.0,3.0,3.0,3.0,4.0,4.0,3.0,3.0,3.0,1.0,7.0,2.0,3.0,3.0,3.0,2.0,2.0,3.0,3.0,2.0,3.0,3.0,2.0,4.0,3.0,3.0,2.0,5.0,4.0,3.0,3.0,3.0,2.0,3.0,2.0,2.0,96.0,96.0,96.0,96.0,2.0,3.0,6.0,1.0,,6.0,5.0,,,3.0,1.0,,2.0,3.0,2.0,2.0,2.0,,1.0,3.0,3.0,2.0
21.0,1296.0,2020-10-10,21012.0,2.0,0.387043197663058,24.0,2.0,15.0,1.0,1.0,,4.0,1.0,5.0,3.0,2.0,4.0,,,3.0,1.0,3.0,2.0,4.0,3.0,4.0,2.0,4.0,1.0,13.0,4.0,3.0,1.0,1.0,3.0,1.0,1.0,1.0,2.0,3.0,2.0,3.0,3.0,2.0,2.0,1.0,3.0,3.0,4.0,98.0,1.0,1.0,4.0,2.0,1.0,1.0,98.0,1.0,1.0,4.0,4.0,6.0,4.0,1.0,3.0,4.0,,,2.0,1.0,,1.0,3.0,2.0,1.0,2.0,,1.0,3.0,1.0,1.0
21.0,1218.0,2020-10-10,21021.0,1.0,0.49825754482059276,30.0,1.0,99.0,3.0,,5.0,4.0,3.0,2.0,2.0,4.0,4.0,,,3.0,3.0,3.0,4.0,2.0,4.0,4.0,2.0,4.0,1.0,36.0,4.0,4.0,1.0,1.0,1.0,2.0,1.0,1.0,3.0,1.0,1.0,1.0,2.0,2.0,1.0,1.0,5.0,3.0,1.0,3.0,3.0,1.0,6.0,4.0,96.0,2.0,2.0,2.0,2.0,4.0,4.0,6.0,4.0,1.0,5.0,1.0,,2.0,3.0,1.0,,2.0,1.0,2.0,1.0,2.0,,2.0,1.0,2.0,2.0
21.0,1947.0,2020-10-11,21001.0,1.0,0.4099366306498585,65.0,1.0,1.0,1.0,5.0,,4.0,4.0,2.0,2.0,3.0,4.0,,,3.0,1.0,3.0,4.0,3.0,4.0,4.0,3.0,97.0,1.0,9.0,2.0,4.0,4.0,2.0,3.0,4.0,3.0,4.0,3.0,1.0,3.0,1.0,2.0,98.0,4.0,2.0,5.0,2.0,4.0,2.0,2.0,2.0,3.0,1.0,98.0,2.0,2.0,2.0,2.0,4.0,1.0,6.0,4.0,1.0,6.0,3.0,1.0,,3.0,1.0,,1.0,3.0,2.0,1.0,1.0,,1.0,96.0,4.0,4.0
21.0,1740.0,2020-10-11,21015.0,3.0,0.5175340928184513,30.0,2.0,6.0,2.0,1.0,,3.0,3.0,2.0,4.0,4.0,4.0,,,2.0,2.0,3.0,2.0,4.0,4.0,4.0,3.0,3.0,1.0,14.0,3.0,4.0,2.0,3.0,2.0,1.0,2.0,1.0,3.0,2.0,3.0,3.0,3.0,3.0,2.0,4.0,5.0,4.0,2.0,4.0,4.0,2.0,4.0,2.0,2.0,2.0,2.0,2.0,2.0,4.0,3.0,6.0,1.0,,5.0,1.0,,2.0,2.0,1.0,,2.0,2.0,2.0,2.0,2.0,,1.0,3.0,2.0,98.0
21.0,2257.0,2020-10-12,21001.0,2.0,0.3621969145358754,49.0,1.0,1.0,4.0,,1.0,4.0,3.0,3.0,1.0,1.0,3.0,,,3.0,3.0,2.0,2.0,2.0,4.0,4.0,4.0,3.0,1.0,29.0,4.0,4.0,2.0,4.0,2.0,2.0,1.0,1.0,3.0,4.0,2.0,1.0,2.0,2.0,98.0,2.0,98.0,98.0,98.0,98.0,98.0,98.0,3.0,98.0,98.0,98.0,98.0,98.0,98.0,4.0,4.0,6.0,4.0,1.0,4.0,1.0,,1.0,4.0,1.0,,1.0,3.0,2.0,2.0,2.0,,3.0,3.0,4.0,99.0
21.0,23.0,2020-10-06,21016.0,3.0,0.3698885885482998,19.0,2.0,7.0,2.0,6.0,,4.0,4.0,1.0,3.0,1.0,4.0,,,3.0,1.0,4.0,3.0,4.0,3.0,4.0,4.0,4.0,3.0,2.0,4.0,4.0,3.0,3.0,1.0,1.0,2.0,1.0,1.0,4.0,4.0,2.0,4.0,4.0,2.0,2.0,5.0,4.0,4.0,4.0,2.0,2.0,3.0,3.0,2.0,2.0,2.0,2.0,1.0,2.0,4.0,6.0,1.0,,4.0,5.0,,,4.0,1.0,,1.0,3.0,1.0,2.0,2.0,,5.0,3.0,97.0,97.0
21.0,2815.0,2020-10-13,21015.0,3.0,0.45466600418932435,52.0,2.0,6.0,1.0,4.0,,4.0,1.0,5.0,1.0,1.0,4.0,,,4.0,1.0,3.0,2.0,4.0,4.0,4.0,3.0,2.0,1.0,18.0,4.0,4.0,2.0,4.0,2.0,1.0,1.0,1.0,2.0,3.0,4.0,1.0,4.0,1.0,4.0,2.0,5.0,2.0,5.0,1.0,4.0,4.0,5.0,3.0,2.0,98.0,98.0,98.0,98.0,4.0,1.0,6.0,7.0,1.0,5.0,4.0,,,4.0,1.0,,2.0,2.0,2.0,2.0,2.0,,3.0,3.0,4.0,98.0
21.0,1876.0,2020-10-11,21014.0,2.0,0.3381175562942395,35.0,2.0,15.0,1.0,4.0,,4.0,5.0,2.0,4.0,3.0,4.0,,,3.0,1.0,4.0,3.0,4.0,4.0,3.0,2.0,3.0,1.0,6.0,4.0,4.0,4.0,2.0,3.0,1.0,1.0,4.0,2.0,4.0,4.0,4.0,4.0,3.0,2.0,2.0,5.0,4.0,2.0,4.0,4.0,4.0,4.0,3.0,2.0,2.0,2.0,2.0,2.0,4.0,2.0,6.0,4.0,1.0,4.0,1.0,,1.0,2.0,1.0,,2.0,3.0,2.0,2.0,2.0,,2.0,3.0,2.0,2.0
21.0,2232.0,2020-10-12,21016.0,1.0,0.4021829250968822,75.0,1.0,16.0,2.0,4.0,,2.0,1.0,1.0,4.0,3.0,98.0,,,3.0,1.0,4.0,4.0,2.0,3.0,97.0,3.0,2.0,2.0,7.0,4.0,4.0,1.0,1.0,2.0,1.0,2.0,1.0,2.0,4.0,4.0,4.0,2.0,4.0,4.0,2.0,5.0,2.0,5.0,3.0,1.0,1.0,4.0,4.0,2.0,2.0,2.0,2.0,2.0,2.0,1.0,6.0,4.0,1.0,3.0,3.0,1.0,,2.0,1.0,,2.0,5.0,2.0,1.0,1.0,,2.0,3.0,3.0,2.0
21.0,4781.0,2020-10-15,21011.0,1.0,0.37326670965874115,24.0,2.0,15.0,3.0,,4.0,4.0,1.0,4.0,4.0,4.0,3.0,,,2.0,4.0,4.0,3.0,2.0,3.0,4.0,2.0,3.0,2.0,7.0,4.0,4.0,2.0,4.0,3.0,2.0,2.0,3.0,1.0,2.0,2.0,3.0,4.0,2.0,2.0,3.0,5.0,5.0,3.0,3.0,4.0,4.0,3.0,2.0,2.0,2.0,2.0,96.0,96.0,3.0,4.0,6.0,1.0,,5.0,5.0,,,3.0,1.0,,2.0,5.0,2.0,2.0,2.0,,1.0,3.0,2.0,2.0
21.0,2133.0,2020-10-12,21003.0,1.0,0.3962934597017845,48.0,2.0,2.0,1.0,1.0,,4.0,3.0,6.0,3.0,4.0,4.0,,,3.0,1.0,4.0,4.0,4.0,4.0,4.0,4.0,4.0,1.0,13.0,4.0,4.0,2.0,2.0,1.0,1.0,1.0,1.0,2.0,3.0,1.0,1.0,4.0,4.0,1.0,1.0,5.0,3.0,3.0,3.0,4.0,1.0,3.0,1.0,96.0,96.0,96.0,96.0,97.0,4.0,4.0,6.0,4.0,1.0,3.0,1.0,,2.0,3.0,1.0,,2.0,3.0,2.0,2.0,1.0,,3.0,96.0,1.0,1.0
21.0,4974.0,2020-10-15,21009.0,3.0,0.3412766151235328,22.0,2.0,1.0,2.0,1.0,,3.0,5.0,2.0,4.0,3.0,2.0,,,2.0,2.0,2.0,2.0,2.0,3.0,3.0,2.0,2.0,2.0,7.0,2.0,2.0,2.0,2.0,3.0,2.0,2.0,2.0,4.0,2.0,3.0,3.0,4.0,3.0,3.0,2.0,5.0,4.0,3.0,3.0,2.0,3.0,3.0,3.0,96.0,96.0,96.0,2.0,2.0,3.0,3.0,6.0,1.0,,6.0,5.0,,,2.0,1.0,,2.0,5.0,2.0,2.0,2.0,,1.0,3.0,2.0,3.0
21.0,1925.0,2020-10-11,21013.0,1.0,0.46806545227893354,64.0,2.0,1.0,1.0,7.0,,4.0,5.0,2.0,4.0,2.0,4.0,,,3.0,2.0,3.0,3.0,4.0,4.0,4.0,3.0,3.0,1.0,6.0,4.0,4.0,1.0,2.0,2.0,1.0,1.0,1.0,1.0,4.0,1.0,1.0,3.0,98.0,3.0,2.0,5.0,98.0,5.0,2.0,2.0,2.0,2.0,4.0,2.0,2.0,2.0,2.0,2.0,3.0,3.0,7.0,4.0,1.0,6.0,3.0,1.0,,3.0,1.0,,1.0,4.0,2.0,1.0,2.0,,6.0,,2.0,97.0
21.0,1901.0,2020-10-11,21002.0,1.0,0.4850332460291586,34.0,2.0,1.0,2.0,5.0,,4.0,5.0,2.0,1.0,1.0,4.0,,,3.0,2.0,4.0,2.0,2.0,2.0,1.0,1.0,2.0,1.0,98.0,4.0,4.0,1.0,2.0,1.0,3.0,4.0,4.0,1.0,2.0,1.0,2.0,2.0,99.0,1.0,1.0,98.0,2.0,2.0,2.0,2.0,4.0,5.0,1.0,2.0,2.0,2.0,2.0,2.0,3.0,3.0,6.0,4.0,1.0,3.0,4.0,,,3.0,1.0,,3.0,5.0,2.0,1.0,2.0,,1.0,96.0,99.0,99.0
21.0,3661.0,2020-10-14,21023.0,2.0,0.40144847031179914,36.0,2.0,2.0,1.0,3.0,,4.0,3.0,1.0,3.0,2.0,4.0,,,2.0,1.0,2.0,4.0,2.0,4.0,4.0,2.0,4.0,1.0,13.0,4.0,4.0,2.0,1.0,4.0,1.0,1.0,1.0,2.0,2.0,1.0,4.0,4.0,98.0,1.0,1.0,5.0,2.0,2.0,4.0,4.0,4.0,5.0,4.0,2.0,2.0,2.0,2.0,2.0,3.0,4.0,6.0,4.0,1.0,4.0,1.0,,2.0,3.0,1.0,,2.0,3.0,2.0,2.0,2.0,,1.0,3.0,2.0,4.0
21.0,1083.0,2020-10-09,21016.0,1.0,0.3553461770863927,48.0,1.0,1.0,2.0,5.0,,4.0,1.0,1.0,4.0,4.0,4.0,,,3.0,1.0,4.0,3.0,2.0,4.0,4.0,4.0,3.0,1.0,6.0,4.0,2.0,2.0,1.0,3.0,1.0,4.0,1.0,3.0,4.0,2.0,2.0,4.0,3.0,4.0,4.0,5.0,98.0,4.0,5.0,2.0,2.0,5.0,4.0,2.0,2.0,2.0,2.0,2.0,4.0,4.0,7.0,4.0,1.0,4.0,2.0,,2.0,2.0,1.0,,2.0,1.0,2.0,2.0,2.0,,3.0,3.0,4.0,4.0
21.0,1806.0,2020-10-11,21017.0,2.0,0.3729957573966435,20.0,1.0,15.0,2.0,6.0,,3.0,1.0,6.0,4.0,4.0,3.0,,,2.0,1.0,3.0,3.0,3.0,3.0,4.0,2.0,3.0,2.0,7.0,4.0,4.0,2.0,1.0,2.0,3.0,1.0,2.0,2.0,2.0,2.0,3.0,3.0,2.0,3.0,3.0,3.0,3.0,4.0,3.0,2.0,1.0,6.0,3.0,2.0,97.0,96.0,96.0,96.0,4.0,3.0,6.0,1.0,,5.0,5.0,,,3.0,1.0,,2.0,3.0,2.0,1.0,2.0,,1.0,98.0,1.0,1.0
21.0,2377.0,2020-10-12,21007.0,1.0,0.34978895945690264,22.0,1.0,15.0,1.0,1.0,,4.0,1.0,1.0,3.0,3.0,4.0,,,3.0,3.0,1.0,4.0,4.0,4.0,3.0,4.0,3.0,1.0,13.0,4.0,4.0,2.0,2.0,2.0,2.0,2.0,1.0,3.0,2.0,1.0,3.0,1.0,1.0,2.0,1.0,4.0,2.0,2.0,2.0,2.0,2.0,3.0,2.0,2.0,2.0,2.0,2.0,2.0,1.0,1.0,6.0,1.0,,6.0,5.0,,,4.0,1.0,,2.0,5.0,2.0,1.0,2.0,,1.0,3.0,3.0,3.0
21.0,4956.0,2020-10-15,21019.0,1.0,0.41890770491506507,20.0,1.0,15.0,1.0,1.0,,4.0,1.0,2.0,4.0,3.0,2.0,,,3.0,2.0,2.0,4.0,4.0,3.0,4.0,3.0,2.0,2.0,98.0,4.0,4.0,3.0,2.0,4.0,3.0,2.0,3.0,2.0,3.0,4.0,4.0,4.0,3.0,2.0,3.0,5.0,4.0,2.0,3.0,4.0,4.0,3.0,2.0,96.0,2.0,2.0,2.0,2.0,4.0,3.0,6.0,1.0,,5.0,5.0,,,2.0,1.0,,2.0,98.0,2.0,1.0,2.0,,6.0,,2.0,3.0
21.0,524.0,2020-10-07,21002.0,1.0,0.4850332460291586,30.0,2.0,7.0,2.0,1.0,,4.0,6.0,1.0,4.0,1.0,98.0,,,1.0,1.0,2.0,3.0,3.0,3.0,3.0,3.0,98.0,1.0,30.0,4.0,4.0,1.0,1.0,1.0,2.0,1.0,2.0,1.0,4.0,4.0,4.0,99.0,98.0,98.0,98.0,99.0,98.0,99.0,99.0,4.0,4.0,98.0,98.0,99.0,98.0,98.0,98.0,98.0,4.0,99.0,6.0,1.0,,99999.0,2.0,,2.0,99.0,1.0,,2.0,99.0,2.0,1.0,2.0,,1.0,3.0,4.0,98.0
21.0,4946.0,2020-10-15,21002.0,3.0,0.4206529613752091,20.0,1.0,15.0,2.0,1.0,,4.0,1.0,2.0,4.0,3.0,2.0,,,2.0,1.0,3.0,4.0,4.0,2.0,4.0,3.0,3.0,2.0,7.0,4.0,4.0,2.0,3.0,2.0,4.0,3.0,3.0,2.0,2.0,4.0,4.0,4.0,2.0,3.0,3.0,5.0,4.0,3.0,2.0,2.0,3.0,3.0,2.0,2.0,2.0,2.0,2.0,2.0,3.0,4.0,6.0,1.0,,4.0,5.0,,,2.0,1.0,,2.0,5.0,2.0,1.0,2.0,,1.0,3.0,2.0,2.0
21.0,2569.0,2020-10-13,21002.0,1.0,0.41496822741755374,50.0,1.0,15.0,1.0,4.0,,4.0,5.0,2.0,4.0,4.0,3.0,,,3.0,3.0,3.0,4.0,4.0,3.0,3.0,4.0,3.0,1.0,14.0,4.0,4.0,2.0,4.0,2.0,1.0,4.0,1.0,2.0,1.0,4.0,1.0,4.0,98.0,98.0,98.0,5.0,98.0,98.0,98.0,4.0,4.0,6.0,4.0,96.0,96.0,96.0,96.0,96.0,4.0,98.0,6.0,4.0,2.0,2.0,2.0,,2.0,1.0,1.0,,3.0,3.0,2.0,2.0,2.0,,2.0,2.0,4.0,98.0
21.0,2932.0,2020-10-13,21023.0,2.0,0.40144847031179914,39.0,2.0,1.0,2.0,3.0,,2.0,5.0,2.0,3.0,3.0,2.0,,,2.0,1.0,2.0,2.0,2.0,2.0,2.0,2.0,3.0,3.0,7.0,2.0,2.0,1.0,4.0,3.0,3.0,3.0,1.0,2.0,1.0,1.0,4.0,4.0,4.0,1.0,2.0,5.0,2.0,2.0,4.0,3.0,3.0,2.0,1.0,1.0,1.0,96.0,1.0,1.0,4.0,2.0,6.0,4.0,1.0,5.0,4.0,,,3.0,1.0,,2.0,4.0,2.0,1.0,2.0,,6.0,,1.0,1.0
21.0,33.0,2020-10-06,21016.0,1.0,0.3671324383705646,36.0,2.0,15.0,1.0,4.0,,4.0,3.0,2.0,4.0,3.0,4.0,,,2.0,1.0,2.0,4.0,2.0,4.0,3.0,2.0,3.0,1.0,2.0,4.0,3.0,1.0,1.0,1.0,1.0,1.0,2.0,4.0,1.0,2.0,4.0,4.0,4.0,2.0,2.0,5.0,4.0,4.0,5.0,1.0,2.0,6.0,4.0,2.0,2.0,2.0,2.0,2.0,4.0,4.0,6.0,4.0,1.0,4.0,6.0,,,3.0,1.0,,1.0,3.0,1.0,2.0,2.0,,1.0,3.0,1.0,1.0
21.0,1489.0,2020-10-11,21016.0,1.0,0.41298455401310047,56.0,2.0,1.0,1.0,5.0,,4.0,3.0,1.0,3.0,1.0,4.0,,,3.0,1.0,2.0,4.0,4.0,4.0,4.0,4.0,3.0,1.0,26.0,4.0,4.0,4.0,2.0,2.0,1.0,3.0,2.0,3.0,2.0,2.0,2.0,4.0,2.0,2.0,4.0,5.0,3.0,5.0,2.0,1.0,4.0,7.0,4.0,2.0,2.0,2.0,2.0,2.0,4.0,2.0,6.0,4.0,1.0,6.0,1.0,,1.0,2.0,1.0,,2.0,4.0,2.0,2.0,2.0,,6.0,,2.0,1.0
21.0,1029.0,2020-10-09,21015.0,1.0,0.4454954091276006,39.0,1.0,1.0,4.0,,1.0,3.0,1.0,1.0,4.0,3.0,4.0,,,3.0,2.0,3.0,4.0,3.0,3.0,3.0,4.0,3.0,2.0,7.0,4.0,4.0,2.0,2.0,3.0,1.0,2.0,1.0,2.0,4.0,1.0,2.0,4.0,4.0,2.0,1.0,5.0,2.0,2.0,5.0,1.0,4.0,6.0,4.0,96.0,98.0,98.0,98.0,98.0,4.0,98.0,7.0,1.0,,7.0,2.0,,2.0,3.0,1.0,,2.0,3.0,2.0,6.0,2.0,,3.0,96.0,3.0,98.0
21.0,386.0,2020-10-07,21001.0,1.0,0.4099366306498585,76.0,1.0,99.0,4.0,,7.0,4.0,6.0,1.0,3.0,1.0,4.0,,,3.0,2.0,3.0,4.0,4.0,97.0,4.0,4.0,4.0,3.0,31.0,4.0,4.0,4.0,4.0,3.0,4.0,3.0,3.0,3.0,2.0,2.0,3.0,3.0,4.0,3.0,2.0,4.0,3.0,5.0,3.0,2.0,2.0,5.0,4.0,2.0,2.0,2.0,2.0,2.0,3.0,2.0,6.0,5.0,1.0,4.0,3.0,1.0,,3.0,1.0,,99.0,3.0,2.0,3.0,2.0,,3.0,96.0,3.0,3.0
21.0,224.0,2020-10-07,21016.0,1.0,0.35753007352701294,42.0,1.0,1.0,1.0,4.0,,3.0,1.0,6.0,4.0,4.0,3.0,,,2.0,1.0,2.0,4.0,3.0,3.0,3.0,3.0,3.0,1.0,2.0,4.0,4.0,1.0,1.0,1.0,1.0,2.0,1.0,2.0,3.0,4.0,4.0,4.0,3.0,2.0,3.0,5.0,2.0,2.0,4.0,2.0,4.0,2.0,2.0,2.0,1.0,2.0,2.0,2.0,4.0,1.0,7.0,4.0,1.0,5.0,1.0,,2.0,3.0,1.0,,2.0,2.0,2.0,1.0,1.0,,1.0,2.0,3.0,3.0
21.0,341.0,2020-10-07,21013.0,2.0,0.4135562668491365,52.0,2.0,1.0,1.0,1.0,,4.0,1.0,2.0,4.0,2.0,3.0,,,3.0,1.0,2.0,3.0,4.0,3.0,3.0,4.0,3.0,1.0,25.0,4.0,4.0,1.0,2.0,1.0,2.0,2.0,1.0,3.0,1.0,4.0,1.0,4.0,4.0,4.0,3.0,5.0,4.0,4.0,4.0,2.0,2.0,6.0,4.0,2.0,2.0,2.0,2.0,2.0,4.0,2.0,6.0,4.0,1.0,3.0,1.0,,1.0,2.0,1.0,,2.0,3.0,2.0,2.0,2.0,,2.0,96.0,2.0,98.0
21.0,4960.0,2020-10-15,21019.0,3.0,0.41890770491506507,20.0,1.0,15.0,2.0,1.0,,4.0,4.0,2.0,4.0,4.0,4.0,,,4.0,3.0,3.0,2.0,1.0,3.0,4.0,3.0,2.0,2.0,98.0,4.0,3.0,3.0,3.0,3.0,3.0,3.0,2.0,2.0,3.0,3.0,4.0,4.0,3.0,2.0,3.0,5.0,4.0,3.0,3.0,3.0,3.0,3.0,1.0,96.0,96.0,96.0,96.0,96.0,4.0,4.0,6.0,1.0,,4.0,5.0,,,3.0,1.0,,2.0,5.0,2.0,1.0,2.0,,1.0,3.0,2.0,2.0
21.0,342.0,2020-10-07,21003.0,1.0,0.3912152983727402,19.0,1.0,15.0,1.0,1.0,,4.0,5.0,2.0,2.0,1.0,4.0,,,4.0,1.0,3.0,2.0,4.0,3.0,3.0,4.0,3.0,1.0,29.0,2.0,3.0,2.0,4.0,3.0,3.0,4.0,4.0,4.0,1.0,3.0,2.0,4.0,1.0,1.0,4.0,5.0,2.0,1.0,1.0,1.0,1.0,1.0,1.0,2.0,2.0,2.0,2.0,2.0,4.0,4.0,6.0,3.0,2.0,5.0,2.0,,2.0,1.0,1.0,,2.0,1.0,2.0,5.0,2.0,,1.0,1.0,4.0,3.0
21.0,731.0,2020-10-08,21005.0,1.0,0.3646832105740382,23.0,2.0,15.0,2.0,5.0,,4.0,1.0,1.0,4.0,98.0,3.0,,,3.0,1.0,3.0,4.0,4.0,97.0,4.0,2.0,3.0,1.0,98.0,2.0,3.0,1.0,2.0,2.0,1.0,1.0,3.0,3.0,3.0,3.0,1.0,3.0,2.0,1.0,4.0,4.0,2.0,4.0,2.0,4.0,2.0,3.0,3.0,2.0,2.0,2.0,2.0,2.0,2.0,2.0,6.0,1.0,,4.0,6.0,,,1.0,1.0,,2.0,3.0,2.0,1.0,2.0,,1.0,3.0,2.0,3.0
21.0,3758.0,2020-10-14,21021.0,2.0,0.45564508253763464,22.0,2.0,15.0,2.0,1.0,,4.0,1.0,2.0,4.0,4.0,3.0,,,2.0,1.0,3.0,3.0,4.0,3.0,4.0,2.0,2.0,2.0,7.0,4.0,3.0,2.0,2.0,3.0,2.0,2.0,3.0,2.0,2.0,3.0,2.0,4.0,2.0,2.0,3.0,5.0,3.0,4.0,4.0,4.0,3.0,3.0,1.0,2.0,96.0,96.0,96.0,96.0,4.0,3.0,6.0,4.0,1.0,5.0,1.0,,2.0,3.0,1.0,,2.0,5.0,2.0,2.0,2.0,,1.0,3.0,2.0,3.0
21.0,1302.0,2020-10-10,21004.0,1.0,0.369140161814444,30.0,1.0,1.0,2.0,5.0,,4.0,1.0,6.0,4.0,4.0,3.0,,,1.0,1.0,4.0,3.0,4.0,4.0,2.0,4.0,2.0,1.0,6.0,4.0,4.0,1.0,1.0,1.0,1.0,4.0,1.0,2.0,1.0,2.0,4.0,1.0,2.0,4.0,1.0,2.0,1.0,5.0,2.0,1.0,1.0,4.0,4.0,1.0,1.0,1.0,1.0,1.0,98.0,2.0,7.0,1.0,,4.0,2.0,,2.0,1.0,1.0,,3.0,5.0,2.0,2.0,1.0,,1.0,96.0,1.0,1.0
21.0,4274.0,2020-10-14,21024.0,2.0,0.3995458936339024,25.0,2.0,2.0,1.0,1.0,,4.0,1.0,1.0,4.0,4.0,4.0,,,3.0,1.0,4.0,4.0,4.0,4.0,4.0,4.0,4.0,1.0,1.0,4.0,4.0,2.0,2.0,1.0,1.0,2.0,1.0,1.0,1.0,1.0,3.0,4.0,4.0,2.0,4.0,5.0,5.0,5.0,5.0,2.0,2.0,3.0,4.0,2.0,2.0,2.0,2.0,2.0,4.0,4.0,6.0,1.0,,3.0,1.0,,2.0,2.0,1.0,,2.0,3.0,2.0,1.0,2.0,,1.0,96.0,1.0,98.0
21.0,594.0,2020-10-08,21016.0,1.0,0.4044810029789093,32.0,1.0,15.0,1.0,6.0,,3.0,1.0,4.0,4.0,1.0,4.0,,,3.0,2.0,3.0,3.0,3.0,4.0,3.0,4.0,3.0,1.0,37.0,4.0,4.0,2.0,2.0,3.0,1.0,1.0,1.0,2.0,1.0,1.0,2.0,4.0,2.0,2.0,3.0,4.0,4.0,4.0,2.0,3.0,3.0,3.0,2.0,2.0,2.0,2.0,2.0,2.0,4.0,1.0,6.0,4.0,1.0,3.0,1.0,,1.0,1.0,1.0,,2.0,1.0,2.0,2.0,1.0,,1.0,1.0,2.0,2.0
21.0,1781.0,2020-10-11,21001.0,2.0,0.42335179792526434,31.0,2.0,15.0,2.0,1.0,,3.0,6.0,2.0,3.0,2.0,4.0,,,4.0,1.0,98.0,4.0,3.0,3.0,98.0,4.0,4.0,1.0,7.0,4.0,4.0,2.0,4.0,4.0,2.0,2.0,1.0,2.0,2.0,2.0,4.0,2.0,2.0,3.0,4.0,5.0,98.0,4.0,98.0,1.0,4.0,3.0,2.0,2.0,96.0,2.0,2.0,2.0,4.0,1.0,7.0,4.0,1.0,4.0,6.0,,,4.0,1.0,,1.0,5.0,2.0,2.0,2.0,,1.0,3.0,1.0,98.0
21.0,1571.0,2020-10-11,21010.0,1.0,0.3381105023344271,50.0,1.0,15.0,2.0,4.0,,4.0,3.0,2.0,3.0,2.0,4.0,,,3.0,1.0,4.0,4.0,4.0,4.0,4.0,4.0,4.0,2.0,30.0,4.0,4.0,3.0,3.0,3.0,4.0,1.0,1.0,4.0,3.0,4.0,4.0,3.0,3.0,4.0,4.0,5.0,2.0,4.0,2.0,1.0,1.0,6.0,1.0,2.0,2.0,2.0,2.0,2.0,4.0,2.0,6.0,4.0,1.0,4.0,1.0,,1.0,3.0,1.0,,1.0,2.0,2.0,2.0,2.0,,1.0,3.0,3.0,4.0
21.0,1910.0,2020-10-11,21003.0,1.0,0.3962934597017845,49.0,2.0,15.0,1.0,1.0,,4.0,5.0,6.0,3.0,3.0,4.0,,,1.0,1.0,3.0,4.0,4.0,4.0,4.0,4.0,2.0,1.0,2.0,4.0,2.0,2.0,2.0,2.0,1.0,1.0,1.0,2.0,1.0,3.0,2.0,3.0,2.0,4.0,2.0,5.0,98.0,5.0,2.0,2.0,2.0,3.0,1.0,2.0,2.0,2.0,2.0,2.0,4.0,1.0,7.0,5.0,2.0,6.0,1.0,,1.0,2.0,1.0,,2.0,3.0,2.0,1.0,2.0,,1.0,3.0,1.0,1.0
21.0,4432.0,2020-10-14,21015.0,3.0,0.4608945660469187,19.0,2.0,1.0,1.0,2.0,,3.0,3.0,2.0,4.0,3.0,3.0,,,2.0,1.0,2.0,2.0,3.0,3.0,3.0,4.0,3.0,1.0,98.0,4.0,4.0,1.0,1.0,1.0,3.0,2.0,2.0,2.0,2.0,1.0,1.0,4.0,4.0,3.0,4.0,5.0,5.0,5.0,5.0,4.0,4.0,3.0,4.0,96.0,96.0,96.0,96.0,96.0,4.0,4.0,6.0,1.0,,5.0,5.0,,,1.0,1.0,,2.0,3.0,2.0,1.0,2.0,,1.0,3.0,1.0,1.0
21.0,2285.0,2020-10-12,21005.0,2.0,0.35249861479188976,36.0,1.0,2.0,2.0,1.0,,4.0,6.0,2.0,4.0,4.0,3.0,,,4.0,1.0,3.0,3.0,3.0,4.0,4.0,4.0,3.0,1.0,16.0,4.0,4.0,1.0,2.0,1.0,1.0,2.0,1.0,2.0,1.0,4.0,3.0,4.0,3.0,4.0,3.0,5.0,2.0,2.0,2.0,3.0,4.0,6.0,4.0,2.0,2.0,2.0,2.0,98.0,4.0,4.0,7.0,4.0,2.0,2.0,1.0,,1.0,1.0,1.0,,2.0,3.0,2.0,2.0,1.0,,1.0,3.0,2.0,2.0
21.0,1365.0,2020-10-10,21016.0,1.0,0.3648898879258308,50.0,2.0,15.0,2.0,1.0,,2.0,4.0,2.0,4.0,3.0,2.0,,,3.0,1.0,2.0,2.0,3.0,98.0,3.0,3.0,1.0,2.0,4.0,4.0,4.0,3.0,4.0,2.0,1.0,2.0,98.0,2.0,4.0,4.0,2.0,98.0,98.0,2.0,98.0,4.0,98.0,98.0,4.0,98.0,2.0,3.0,4.0,98.0,98.0,98.0,98.0,98.0,98.0,4.0,6.0,7.0,1.0,3.0,4.0,,,3.0,1.0,,2.0,1.0,2.0,1.0,2.0,,3.0,3.0,3.0,97.0
21.0,2830.0,2020-10-13,21019.0,1.0,0.43015851964706103,22.0,2.0,15.0,1.0,3.0,,4.0,1.0,1.0,4.0,3.0,3.0,,,2.0,1.0,2.0,3.0,3.0,4.0,3.0,2.0,2.0,3.0,2.0,4.0,4.0,1.0,1.0,3.0,1.0,2.0,4.0,2.0,4.0,3.0,4.0,4.0,4.0,4.0,3.0,5.0,5.0,5.0,5.0,4.0,4.0,6.0,4.0,2.0,2.0,2.0,2.0,2.0,4.0,1.0,6.0,1.0,,6.0,6.0,,,2.0,1.0,,3.0,3.0,2.0,1.0,2.0,,1.0,3.0,4.0,98.0
21.0,4435.0,2020-10-14,21015.0,3.0,0.4608945660469187,19.0,2.0,1.0,1.0,2.0,,3.0,5.0,2.0,3.0,3.0,3.0,,,2.0,1.0,2.0,2.0,2.0,4.0,3.0,3.0,3.0,2.0,98.0,4.0,4.0,1.0,1.0,1.0,1.0,1.0,2.0,2.0,2.0,1.0,1.0,4.0,4.0,4.0,4.0,5.0,5.0,5.0,5.0,4.0,4.0,3.0,4.0,2.0,96.0,96.0,96.0,96.0,4.0,98.0,6.0,1.0,,6.0,5.0,,,1.0,1.0,,2.0,3.0,2.0,1.0,2.0,,1.0,3.0,1.0,1.0
21.0,2078.0,2020-10-12,21013.0,2.0,0.47073998368268294,34.0,2.0,1.0,2.0,4.0,,4.0,98.0,2.0,4.0,3.0,2.0,,,2.0,1.0,4.0,2.0,2.0,4.0,4.0,3.0,3.0,1.0,6.0,4.0,4.0,1.0,1.0,1.0,1.0,4.0,1.0,2.0,3.0,1.0,1.0,2.0,1.0,2.0,3.0,4.0,98.0,2.0,4.0,4.0,3.0,6.0,1.0,1.0,98.0,98.0,1.0,1.0,4.0,4.0,7.0,4.0,1.0,4.0,6.0,,,2.0,1.0,,2.0,3.0,2.0,1.0,2.0,,2.0,2.0,2.0,2.0
21.0,849.0,2020-10-08,21001.0,1.0,0.4122790132950251,31.0,1.0,1.0,2.0,1.0,,2.0,5.0,1.0,4.0,3.0,1.0,,,2.0,1.0,2.0,2.0,2.0,2.0,1.0,1.0,1.0,2.0,7.0,4.0,4.0,1.0,1.0,1.0,1.0,2.0,2.0,2.0,3.0,2.0,2.0,4.0,2.0,4.0,4.0,5.0,2.0,4.0,3.0,1.0,2.0,3.0,1.0,2.0,2.0,1.0,2.0,2.0,4.0,1.0,6.0,4.0,2.0,2.0,1.0,,3.0,2.0,1.0,,2.0,3.0,2.0,1.0,2.0,,1.0,2.0,2.0,2.0
21.0,2359.0,2020-10-12,21012.0,1.0,0.4208352736317334,60.0,1.0,1.0,2.0,4.0,,4.0,4.0,1.0,4.0,3.0,4.0,,,4.0,1.0,4.0,4.0,4.0,4.0,3.0,4.0,3.0,1.0,6.0,4.0,4.0,2.0,1.0,2.0,1.0,1.0,1.0,1.0,1.0,4.0,2.0,4.0,4.0,4.0,2.0,5.0,2.0,4.0,4.0,2.0,2.0,2.0,4.0,2.0,2.0,2.0,96.0,96.0,4.0,3.0,6.0,4.0,1.0,6.0,1.0,,1.0,3.0,1.0,,2.0,4.0,2.0,1.0,2.0,,3.0,96.0,97.0,97.0
21.0,4463.0,2020-10-14,21018.0,3.0,0.4436403208247247,19.0,2.0,1.0,1.0,1.0,,4.0,3.0,2.0,3.0,3.0,4.0,,,1.0,1.0,1.0,4.0,4.0,4.0,4.0,4.0,4.0,2.0,98.0,4.0,4.0,1.0,1.0,2.0,1.0,1.0,1.0,1.0,2.0,1.0,1.0,4.0,4.0,4.0,4.0,5.0,5.0,5.0,5.0,4.0,4.0,3.0,4.0,96.0,96.0,96.0,96.0,96.0,4.0,4.0,6.0,1.0,,6.0,5.0,,,3.0,1.0,,2.0,4.0,2.0,1.0,2.0,,1.0,3.0,1.0,1.0
21.0,4449.0,2020-10-14,21015.0,3.0,0.5175340928184513,32.0,2.0,1.0,1.0,4.0,,3.0,3.0,2.0,4.0,4.0,3.0,,,1.0,1.0,2.0,3.0,3.0,3.0,3.0,3.0,3.0,1.0,98.0,4.0,4.0,1.0,1.0,1.0,1.0,1.0,1.0,1.0,2.0,1.0,1.0,4.0,4.0,4.0,4.0,5.0,5.0,5.0,5.0,4.0,4.0,3.0,4.0,96.0,96.0,96.0,96.0,96.0,4.0,4.0,6.0,1.0,,6.0,5.0,,,3.0,1.0,,2.0,3.0,2.0,1.0,2.0,,1.0,3.0,1.0,97.0
21.0,1799.0,2020-10-11,21005.0,2.0,0.3597548557987398,54.0,2.0,1.0,2.0,1.0,,3.0,4.0,1.0,4.0,3.0,3.0,,,3.0,2.0,3.0,3.0,3.0,4.0,3.0,4.0,3.0,1.0,6.0,4.0,4.0,1.0,2.0,3.0,2.0,3.0,2.0,2.0,2.0,4.0,2.0,3.0,2.0,1.0,1.0,5.0,2.0,1.0,2.0,4.0,2.0,3.0,2.0,98.0,98.0,98.0,98.0,98.0,4.0,4.0,6.0,4.0,1.0,5.0,2.0,,2.0,3.0,1.0,,2.0,3.0,2.0,1.0,2.0,,3.0,96.0,2.0,2.0
21.0,353.0,2020-10-07,21017.0,1.0,0.4164537411705435,57.0,1.0,2.0,1.0,1.0,,4.0,3.0,1.0,2.0,3.0,2.0,,,2.0,1.0,1.0,3.0,3.0,4.0,4.0,3.0,3.0,2.0,6.0,4.0,4.0,4.0,2.0,3.0,2.0,4.0,1.0,1.0,3.0,1.0,2.0,4.0,2.0,1.0,3.0,4.0,3.0,1.0,3.0,3.0,3.0,3.0,3.0,2.0,2.0,2.0,2.0,98.0,4.0,3.0,6.0,5.0,1.0,3.0,1.0,,1.0,3.0,1.0,,2.0,2.0,2.0,2.0,1.0,,1.0,3.0,3.0,3.0
21.0,759.0,2020-10-08,21002.0,1.0,0.4319506493369464,20.0,2.0,15.0,1.0,1.0,,4.0,3.0,2.0,2.0,4.0,3.0,,,4.0,1.0,4.0,2.0,3.0,2.0,4.0,2.0,4.0,1.0,1.0,4.0,4.0,1.0,2.0,4.0,1.0,2.0,1.0,2.0,2.0,1.0,4.0,2.0,1.0,1.0,2.0,5.0,4.0,2.0,3.0,1.0,1.0,3.0,4.0,2.0,2.0,2.0,2.0,2.0,4.0,3.0,6.0,1.0,,4.0,5.0,,,2.0,1.0,,3.0,2.0,2.0,1.0,2.0,,6.0,,4.0,4.0
21.0,1225.0,2020-10-10,21012.0,2.0,0.4232399312488539,33.0,1.0,2.0,3.0,,6.0,4.0,5.0,5.0,4.0,3.0,4.0,,,3.0,1.0,3.0,2.0,1.0,4.0,4.0,3.0,4.0,1.0,98.0,4.0,2.0,1.0,1.0,1.0,1.0,3.0,1.0,2.0,1.0,1.0,1.0,4.0,4.0,2.0,4.0,5.0,4.0,5.0,5.0,1.0,2.0,3.0,3.0,2.0,2.0,2.0,2.0,2.0,4.0,3.0,7.0,4.0,1.0,4.0,1.0,,2.0,1.0,1.0,,2.0,1.0,1.0,2.0,2.0,,2.0,3.0,4.0,98.0
21.0,2722.0,2020-10-13,21001.0,1.0,0.42335179792526434,32.0,2.0,6.0,1.0,1.0,,4.0,1.0,2.0,4.0,2.0,3.0,,,2.0,1.0,3.0,4.0,4.0,4.0,4.0,3.0,4.0,1.0,15.0,4.0,3.0,1.0,2.0,1.0,1.0,1.0,1.0,3.0,2.0,2.0,4.0,3.0,2.0,1.0,2.0,5.0,4.0,2.0,4.0,4.0,4.0,2.0,4.0,2.0,2.0,96.0,2.0,2.0,4.0,4.0,7.0,1.0,,5.0,2.0,,2.0,2.0,1.0,,2.0,1.0,98.0,2.0,1.0,,1.0,98.0,2.0,2.0
21.0,4402.0,2020-10-14,21015.0,3.0,0.4608945660469187,22.0,2.0,1.0,1.0,1.0,,3.0,3.0,2.0,4.0,4.0,2.0,,,3.0,2.0,2.0,3.0,3.0,4.0,4.0,4.0,4.0,2.0,98.0,4.0,4.0,1.0,1.0,1.0,1.0,2.0,1.0,1.0,2.0,2.0,2.0,4.0,4.0,4.0,4.0,5.0,5.0,5.0,5.0,4.0,4.0,3.0,4.0,96.0,96.0,96.0,96.0,96.0,4.0,4.0,6.0,1.0,,5.0,5.0,,,2.0,1.0,,2.0,3.0,2.0,1.0,2.0,,1.0,3.0,1.0,1.0
21.0,2837.0,2020-10-13,21001.0,1.0,0.3770196899055211,23.0,2.0,15.0,1.0,6.0,,3.0,4.0,2.0,4.0,3.0,98.0,,,3.0,3.0,3.0,3.0,4.0,4.0,3.0,98.0,4.0,1.0,98.0,4.0,4.0,2.0,1.0,2.0,1.0,1.0,1.0,1.0,3.0,3.0,4.0,98.0,98.0,98.0,98.0,98.0,98.0,98.0,98.0,4.0,98.0,4.0,4.0,98.0,98.0,98.0,98.0,98.0,3.0,1.0,6.0,1.0,,5.0,5.0,,,1.0,1.0,,2.0,4.0,2.0,1.0,2.0,,1.0,3.0,2.0,98.0
21.0,1345.0,2020-10-10,21001.0,1.0,0.3770196899055211,24.0,2.0,15.0,1.0,2.0,,4.0,3.0,2.0,4.0,4.0,4.0,,,4.0,1.0,4.0,2.0,4.0,4.0,4.0,4.0,3.0,1.0,13.0,3.0,4.0,1.0,2.0,4.0,1.0,1.0,2.0,2.0,4.0,2.0,4.0,4.0,2.0,2.0,4.0,5.0,4.0,1.0,2.0,4.0,2.0,5.0,1.0,2.0,96.0,96.0,2.0,96.0,4.0,2.0,7.0,4.0,1.0,2.0,1.0,,2.0,1.0,1.0,,3.0,3.0,2.0,3.0,2.0,,1.0,3.0,3.0,98.0
21.0,4413.0,2020-10-14,21015.0,2.0,0.4608945660469187,21.0,2.0,1.0,1.0,4.0,,4.0,3.0,2.0,4.0,4.0,1.0,,,1.0,1.0,1.0,1.0,1.0,3.0,3.0,3.0,3.0,2.0,98.0,4.0,4.0,1.0,1.0,1.0,1.0,1.0,1.0,2.0,2.0,2.0,2.0,4.0,4.0,4.0,4.0,5.0,5.0,5.0,5.0,4.0,4.0,3.0,4.0,2.0,96.0,96.0,96.0,96.0,4.0,4.0,6.0,1.0,,5.0,5.0,,,1.0,1.0,,2.0,3.0,2.0,1.0,2.0,,1.0,3.0,1.0,1.0
21.0,539.0,2020-10-07,21010.0,1.0,0.340188471284702,40.0,1.0,7.0,2.0,5.0,,4.0,4.0,1.0,4.0,3.0,3.0,,,3.0,2.0,2.0,3.0,3.0,4.0,3.0,4.0,4.0,3.0,27.0,4.0,3.0,2.0,2.0,2.0,2.0,2.0,4.0,3.0,3.0,2.0,3.0,4.0,3.0,4.0,3.0,5.0,2.0,5.0,5.0,2.0,2.0,6.0,98.0,2.0,2.0,2.0,2.0,2.0,4.0,2.0,7.0,1.0,,9.0,1.0,,1.0,2.0,1.0,,1.0,2.0,2.0,2.0,2.0,,1.0,1.0,2.0,2.0
21.0,706.0,2020-10-08,21015.0,1.0,0.5039979661817656,27.0,1.0,1.0,1.0,3.0,,3.0,6.0,1.0,4.0,2.0,3.0,,,3.0,1.0,4.0,4.0,4.0,4.0,4.0,4.0,4.0,1.0,6.0,2.0,4.0,1.0,2.0,2.0,1.0,1.0,4.0,2.0,4.0,1.0,2.0,4.0,2.0,2.0,4.0,5.0,2.0,4.0,2.0,1.0,2.0,5.0,2.0,2.0,2.0,2.0,2.0,2.0,4.0,3.0,6.0,1.0,,5.0,1.0,,1.0,3.0,1.0,,3.0,3.0,2.0,2.0,2.0,,1.0,97.0,4.0,98.0
21.0,179.0,2020-10-07,21015.0,3.0,0.5039979661817656,32.0,1.0,1.0,1.0,2.0,,4.0,3.0,5.0,4.0,3.0,4.0,,,4.0,1.0,4.0,4.0,2.0,4.0,4.0,2.0,3.0,1.0,3.0,2.0,4.0,1.0,4.0,1.0,1.0,1.0,4.0,1.0,2.0,1.0,1.0,1.0,1.0,1.0,1.0,5.0,1.0,2.0,1.0,3.0,3.0,5.0,2.0,2.0,2.0,2.0,2.0,2.0,4.0,1.0,7.0,1.0,,7.0,2.0,,2.0,1.0,1.0,,2.0,3.0,2.0,1.0,2.0,,2.0,2.0,2.0,2.0
21.0,2527.0,2020-10-12,21002.0,1.0,0.4206529613752091,22.0,1.0,1.0,4.0,,2.0,4.0,1.0,2.0,1.0,1.0,4.0,,,4.0,2.0,4.0,4.0,4.0,3.0,4.0,4.0,4.0,1.0,5.0,4.0,4.0,3.0,2.0,1.0,2.0,1.0,98.0,4.0,4.0,2.0,1.0,4.0,2.0,98.0,4.0,5.0,5.0,98.0,98.0,4.0,4.0,2.0,4.0,96.0,96.0,96.0,96.0,96.0,4.0,4.0,6.0,1.0,,5.0,6.0,,,3.0,1.0,,2.0,2.0,2.0,1.0,2.0,,2.0,96.0,2.0,2.0
21.0,313.0,2020-10-07,21014.0,2.0,0.3317460154404222,23.0,1.0,15.0,2.0,6.0,,4.0,3.0,2.0,4.0,4.0,4.0,,,3.0,1.0,3.0,4.0,4.0,4.0,4.0,4.0,4.0,1.0,32.0,4.0,2.0,1.0,1.0,1.0,1.0,1.0,2.0,3.0,1.0,1.0,1.0,4.0,3.0,1.0,3.0,5.0,5.0,1.0,4.0,1.0,2.0,3.0,4.0,2.0,2.0,2.0,2.0,2.0,4.0,4.0,6.0,1.0,,5.0,2.0,,2.0,2.0,1.0,,3.0,1.0,2.0,1.0,2.0,,1.0,3.0,2.0,98.0
21.0,1793.0,2020-10-11,21014.0,1.0,0.38034592859711625,25.0,2.0,1.0,1.0,4.0,,4.0,4.0,2.0,4.0,2.0,4.0,,,3.0,2.0,3.0,4.0,4.0,4.0,4.0,3.0,3.0,98.0,98.0,4.0,3.0,2.0,2.0,4.0,2.0,1.0,1.0,2.0,99.0,4.0,2.0,98.0,98.0,2.0,98.0,98.0,98.0,98.0,98.0,4.0,98.0,5.0,4.0,98.0,96.0,98.0,98.0,98.0,99.0,2.0,6.0,4.0,1.0,99999.0,99.0,,,99.0,1.0,,2.0,99.0,2.0,1.0,2.0,,2.0,3.0,2.0,2.0
21.0,1019.0,2020-10-09,21007.0,1.0,0.3565070345555142,40.0,2.0,15.0,1.0,5.0,,3.0,3.0,2.0,4.0,1.0,3.0,,,2.0,1.0,2.0,3.0,2.0,3.0,3.0,3.0,3.0,2.0,6.0,4.0,4.0,2.0,2.0,1.0,1.0,1.0,1.0,1.0,4.0,4.0,4.0,4.0,4.0,2.0,2.0,5.0,4.0,2.0,4.0,2.0,2.0,5.0,3.0,2.0,96.0,96.0,96.0,96.0,4.0,3.0,7.0,4.0,1.0,5.0,1.0,,1.0,3.0,1.0,,2.0,3.0,2.0,1.0,2.0,,1.0,3.0,1.0,1.0
21.0,1268.0,2020-10-10,21016.0,1.0,0.4021829250968822,63.0,1.0,15.0,1.0,4.0,,4.0,6.0,2.0,4.0,1.0,2.0,,,4.0,1.0,4.0,3.0,3.0,4.0,3.0,4.0,3.0,1.0,37.0,4.0,4.0,1.0,1.0,1.0,4.0,1.0,1.0,2.0,3.0,1.0,1.0,4.0,2.0,4.0,2.0,5.0,98.0,5.0,2.0,4.0,4.0,1.0,4.0,2.0,2.0,2.0,2.0,2.0,98.0,2.0,7.0,4.0,1.0,6.0,3.0,1.0,,3.0,1.0,,1.0,3.0,1.0,4.0,1.0,,1.0,96.0,1.0,1.0
21.0,804.0,2020-10-08,21010.0,2.0,0.395198532389806,33.0,2.0,15.0,2.0,1.0,,3.0,1.0,2.0,4.0,3.0,3.0,,,3.0,1.0,2.0,3.0,4.0,3.0,3.0,3.0,3.0,1.0,2.0,4.0,2.0,1.0,2.0,2.0,2.0,1.0,1.0,3.0,4.0,2.0,3.0,4.0,3.0,2.0,2.0,5.0,2.0,2.0,4.0,4.0,4.0,5.0,2.0,98.0,98.0,98.0,98.0,98.0,4.0,4.0,7.0,4.0,1.0,3.0,4.0,,,2.0,1.0,,2.0,2.0,2.0,0.0,2.0,,1.0,3.0,2.0,2.0
21.0,2746.0,2020-10-13,21006.0,3.0,0.43072137114296954,65.0,2.0,15.0,2.0,4.0,,3.0,4.0,2.0,4.0,4.0,3.0,,,3.0,1.0,3.0,4.0,4.0,3.0,3.0,3.0,3.0,1.0,7.0,4.0,4.0,2.0,1.0,1.0,1.0,1.0,1.0,2.0,4.0,1.0,2.0,4.0,2.0,1.0,3.0,5.0,98.0,2.0,2.0,4.0,1.0,5.0,98.0,2.0,2.0,2.0,2.0,2.0,4.0,3.0,6.0,4.0,1.0,2.0,3.0,1.0,,2.0,1.0,,1.0,3.0,2.0,1.0,2.0,,2.0,3.0,2.0,98.0
21.0,779.0,2020-10-08,21001.0,1.0,0.3621969145358754,45.0,1.0,2.0,2.0,6.0,,4.0,5.0,2.0,4.0,1.0,99.0,,,3.0,1.0,4.0,3.0,3.0,4.0,98.0,2.0,3.0,1.0,2.0,4.0,2.0,2.0,2.0,2.0,1.0,4.0,1.0,2.0,2.0,4.0,3.0,2.0,2.0,4.0,2.0,4.0,2.0,4.0,2.0,3.0,1.0,6.0,2.0,2.0,2.0,96.0,2.0,2.0,3.0,2.0,7.0,4.0,1.0,5.0,1.0,,1.0,2.0,1.0,,1.0,3.0,2.0,2.0,2.0,,2.0,3.0,3.0,2.0
21.0,3817.0,2020-10-14,21021.0,1.0,0.45564508253763464,20.0,2.0,15.0,1.0,1.0,,4.0,3.0,1.0,98.0,4.0,2.0,,,2.0,2.0,3.0,3.0,4.0,4.0,3.0,2.0,4.0,2.0,7.0,3.0,2.0,2.0,3.0,2.0,4.0,3.0,4.0,2.0,2.0,3.0,4.0,4.0,4.0,3.0,2.0,5.0,4.0,3.0,3.0,3.0,2.0,3.0,1.0,2.0,96.0,96.0,2.0,96.0,3.0,1.0,6.0,1.0,,6.0,5.0,,,2.0,1.0,,2.0,4.0,2.0,1.0,1.0,,1.0,98.0,2.0,2.0
21.0,2274.0,2020-10-12,21019.0,1.0,0.4157862986832921,35.0,1.0,1.0,2.0,3.0,,4.0,1.0,2.0,4.0,2.0,3.0,,,2.0,1.0,3.0,3.0,3.0,3.0,2.0,2.0,3.0,2.0,2.0,4.0,4.0,1.0,1.0,2.0,1.0,3.0,1.0,1.0,2.0,4.0,4.0,2.0,2.0,2.0,2.0,5.0,5.0,4.0,5.0,2.0,2.0,3.0,2.0,2.0,2.0,96.0,2.0,2.0,4.0,2.0,7.0,4.0,1.0,3.0,1.0,,2.0,2.0,1.0,,3.0,4.0,2.0,2.0,2.0,,1.0,2.0,1.0,1.0
21.0,2375.0,2020-10-12,21002.0,1.0,0.4850332460291586,26.0,2.0,15.0,3.0,,3.0,4.0,4.0,1.0,4.0,4.0,4.0,,,3.0,3.0,4.0,3.0,3.0,4.0,97.0,4.0,4.0,1.0,6.0,4.0,2.0,4.0,3.0,3.0,1.0,1.0,1.0,2.0,3.0,4.0,4.0,4.0,4.0,3.0,3.0,5.0,5.0,5.0,5.0,4.0,4.0,3.0,4.0,2.0,2.0,2.0,2.0,2.0,4.0,1.0,7.0,1.0,,8.0,4.0,,,3.0,1.0,,2.0,4.0,2.0,1.0,2.0,,1.0,3.0,3.0,4.0
21.0,1909.0,2020-10-11,21001.0,1.0,0.364422914429681,38.0,1.0,2.0,2.0,4.0,,3.0,5.0,2.0,4.0,1.0,4.0,,,1.0,1.0,4.0,2.0,3.0,4.0,3.0,3.0,4.0,1.0,2.0,4.0,4.0,2.0,1.0,1.0,1.0,3.0,1.0,2.0,4.0,4.0,2.0,4.0,3.0,4.0,2.0,5.0,2.0,1.0,4.0,4.0,2.0,3.0,3.0,2.0,1.0,2.0,2.0,98.0,3.0,1.0,7.0,3.0,2.0,7.0,1.0,,1.0,2.0,1.0,,3.0,4.0,2.0,2.0,2.0,,1.0,3.0,2.0,3.0
21.0,1824.0,2020-10-11,21001.0,2.0,0.364422914429681,38.0,1.0,2.0,2.0,1.0,,3.0,4.0,1.0,4.0,3.0,3.0,,,1.0,1.0,3.0,2.0,3.0,4.0,3.0,3.0,3.0,1.0,14.0,4.0,4.0,1.0,1.0,2.0,1.0,2.0,1.0,2.0,3.0,4.0,3.0,3.0,3.0,3.0,3.0,5.0,98.0,4.0,5.0,1.0,3.0,3.0,98.0,96.0,96.0,96.0,96.0,98.0,4.0,3.0,6.0,1.0,,6.0,2.0,,2.0,1.0,1.0,,1.0,2.0,2.0,2.0,2.0,,1.0,3.0,3.0,3.0
21.0,645.0,2020-10-08,21015.0,1.0,0.4454954091276006,44.0,1.0,15.0,1.0,6.0,,3.0,4.0,1.0,3.0,3.0,3.0,,,3.0,1.0,4.0,3.0,3.0,4.0,3.0,4.0,4.0,1.0,2.0,4.0,4.0,4.0,2.0,4.0,1.0,2.0,1.0,2.0,2.0,1.0,4.0,2.0,2.0,3.0,2.0,5.0,98.0,2.0,2.0,1.0,2.0,3.0,4.0,2.0,96.0,96.0,96.0,97.0,4.0,1.0,7.0,4.0,1.0,5.0,1.0,,1.0,3.0,1.0,,3.0,3.0,2.0,1.0,1.0,,4.0,3.0,2.0,2.0
21.0,1758.0,2020-10-11,21007.0,2.0,0.4033236183001993,25.0,2.0,2.0,2.0,1.0,,4.0,1.0,4.0,4.0,1.0,4.0,,,3.0,1.0,3.0,2.0,2.0,3.0,4.0,2.0,2.0,1.0,98.0,2.0,4.0,1.0,2.0,2.0,1.0,2.0,1.0,3.0,3.0,2.0,2.0,2.0,3.0,2.0,2.0,1.0,2.0,2.0,98.0,2.0,2.0,3.0,98.0,98.0,96.0,2.0,97.0,98.0,98.0,98.0,7.0,1.0,,6.0,5.0,,,2.0,1.0,,2.0,3.0,2.0,1.0,2.0,,1.0,3.0,4.0,4.0
21.0,4937.0,2020-10-15,21017.0,1.0,0.3830134918833866,21.0,2.0,1.0,1.0,4.0,,4.0,3.0,2.0,4.0,4.0,2.0,,,2.0,2.0,2.0,4.0,4.0,4.0,4.0,4.0,4.0,2.0,98.0,4.0,4.0,1.0,1.0,1.0,1.0,1.0,1.0,3.0,3.0,1.0,1.0,4.0,4.0,4.0,4.0,5.0,5.0,5.0,5.0,4.0,4.0,3.0,4.0,96.0,96.0,96.0,96.0,96.0,4.0,4.0,6.0,1.0,,6.0,5.0,,,2.0,1.0,,2.0,3.0,2.0,1.0,2.0,,1.0,3.0,1.0,1.0
21.0,306.0,2020-10-07,21012.0,1.0,0.387043197663058,22.0,2.0,15.0,2.0,1.0,,4.0,1.0,5.0,4.0,4.0,2.0,,,2.0,3.0,2.0,3.0,3.0,3.0,3.0,3.0,4.0,2.0,18.0,4.0,4.0,2.0,4.0,2.0,2.0,1.0,1.0,2.0,1.0,1.0,2.0,1.0,2.0,2.0,2.0,2.0,2.0,1.0,2.0,2.0,2.0,1.0,2.0,98.0,97.0,97.0,97.0,97.0,98.0,98.0,6.0,4.0,1.0,7.0,6.0,,,2.0,1.0,,1.0,3.0,2.0,2.0,2.0,,1.0,3.0,1.0,1.0
21.0,172.0,2020-10-07,21004.0,2.0,0.369140161814444,25.0,1.0,1.0,3.0,,6.0,3.0,2.0,1.0,4.0,2.0,3.0,,,2.0,1.0,3.0,3.0,4.0,3.0,3.0,3.0,4.0,2.0,9.0,4.0,4.0,2.0,3.0,3.0,1.0,2.0,1.0,1.0,4.0,4.0,4.0,2.0,1.0,1.0,2.0,5.0,98.0,2.0,4.0,4.0,4.0,1.0,2.0,2.0,96.0,1.0,2.0,2.0,4.0,2.0,6.0,4.0,2.0,2.0,1.0,,2.0,3.0,1.0,,2.0,5.0,2.0,1.0,2.0,,3.0,2.0,2.0,98.0
21.0,3270.0,2020-10-13,21013.0,1.0,0.41609791248206063,40.0,2.0,15.0,1.0,1.0,,4.0,3.0,1.0,4.0,3.0,4.0,,,3.0,2.0,4.0,3.0,4.0,3.0,3.0,2.0,3.0,1.0,7.0,4.0,4.0,2.0,2.0,2.0,1.0,2.0,3.0,2.0,3.0,2.0,2.0,4.0,3.0,4.0,4.0,4.0,2.0,4.0,2.0,2.0,2.0,6.0,1.0,2.0,2.0,2.0,2.0,2.0,4.0,2.0,6.0,4.0,1.0,4.0,1.0,,1.0,2.0,1.0,,2.0,3.0,2.0,1.0,2.0,,2.0,3.0,3.0,1.0
21.0,643.0,2020-10-08,21003.0,1.0,0.4017223642267967,21.0,2.0,12.0,2.0,5.0,,3.0,1.0,2.0,4.0,4.0,3.0,,,3.0,1.0,3.0,2.0,4.0,3.0,4.0,3.0,3.0,1.0,7.0,4.0,4.0,4.0,4.0,1.0,1.0,1.0,1.0,2.0,3.0,1.0,4.0,3.0,2.0,2.0,3.0,5.0,2.0,1.0,2.0,2.0,2.0,3.0,3.0,2.0,2.0,2.0,2.0,2.0,4.0,2.0,7.0,1.0,,4.0,5.0,,,1.0,1.0,,3.0,5.0,2.0,1.0,2.0,,1.0,1.0,2.0,2.0
21.0,4504.0,2020-10-15,21006.0,1.0,0.3756845752727188,19.0,1.0,1.0,1.0,4.0,,3.0,3.0,2.0,4.0,4.0,3.0,,,2.0,1.0,2.0,4.0,3.0,3.0,4.0,4.0,3.0,1.0,7.0,4.0,4.0,1.0,1.0,1.0,1.0,1.0,1.0,1.0,2.0,4.0,3.0,4.0,4.0,4.0,4.0,5.0,5.0,5.0,5.0,4.0,4.0,3.0,4.0,96.0,96.0,96.0,96.0,96.0,4.0,98.0,6.0,1.0,,5.0,5.0,,,1.0,1.0,,2.0,4.0,2.0,2.0,1.0,,1.0,3.0,1.0,1.0
21.0,873.0,2020-10-08,21018.0,1.0,0.4403346244962965,44.0,2.0,15.0,2.0,4.0,,3.0,1.0,2.0,4.0,3.0,4.0,,,1.0,2.0,3.0,3.0,4.0,4.0,4.0,4.0,4.0,1.0,6.0,4.0,4.0,2.0,2.0,2.0,1.0,2.0,1.0,1.0,4.0,4.0,4.0,4.0,2.0,1.0,3.0,5.0,98.0,1.0,98.0,4.0,4.0,6.0,4.0,96.0,98.0,98.0,2.0,98.0,4.0,98.0,7.0,4.0,1.0,7.0,1.0,,1.0,2.0,1.0,,2.0,3.0,2.0,2.0,2.0,,1.0,96.0,1.0,98.0
21.0,1227.0,2020-10-10,21002.0,1.0,0.4850332460291586,26.0,2.0,12.0,2.0,6.0,,4.0,4.0,1.0,4.0,2.0,4.0,,,2.0,1.0,3.0,4.0,3.0,3.0,3.0,3.0,2.0,1.0,7.0,4.0,4.0,1.0,1.0,2.0,1.0,1.0,2.0,3.0,1.0,1.0,4.0,4.0,4.0,2.0,3.0,5.0,4.0,2.0,4.0,2.0,4.0,5.0,4.0,1.0,2.0,2.0,2.0,2.0,2.0,1.0,7.0,1.0,,5.0,1.0,,1.0,2.0,1.0,,2.0,3.0,2.0,1.0,2.0,,1.0,3.0,2.0,3.0
21.0,182.0,2020-10-07,21010.0,1.0,0.34932508400267787,36.0,2.0,2.0,2.0,4.0,,3.0,6.0,4.0,4.0,4.0,3.0,,,3.0,1.0,3.0,4.0,4.0,4.0,4.0,4.0,4.0,1.0,9.0,3.0,2.0,2.0,2.0,2.0,1.0,2.0,1.0,1.0,3.0,3.0,2.0,4.0,98.0,2.0,4.0,5.0,98.0,3.0,98.0,4.0,3.0,98.0,99.0,98.0,96.0,96.0,98.0,98.0,4.0,3.0,6.0,5.0,1.0,4.0,6.0,,,3.0,1.0,,1.0,3.0,2.0,1.0,1.0,,1.0,3.0,2.0,2.0
21.0,4440.0,2020-10-14,21013.0,2.0,0.4082568974291174,20.0,1.0,15.0,1.0,1.0,,4.0,1.0,2.0,4.0,3.0,3.0,,,4.0,3.0,2.0,3.0,3.0,3.0,4.0,2.0,2.0,2.0,98.0,2.0,3.0,3.0,4.0,3.0,4.0,3.0,2.0,2.0,2.0,4.0,3.0,4.0,3.0,2.0,2.0,5.0,4.0,3.0,3.0,4.0,3.0,3.0,2.0,96.0,96.0,96.0,96.0,96.0,4.0,3.0,6.0,1.0,,2.0,5.0,,,2.0,1.0,,2.0,4.0,2.0,1.0,2.0,,1.0,3.0,3.0,2.0
21.0,2222.0,2020-10-12,21001.0,1.0,0.364422914429681,37.0,1.0,1.0,1.0,4.0,,4.0,3.0,2.0,4.0,1.0,4.0,,,3.0,1.0,4.0,4.0,4.0,4.0,3.0,3.0,3.0,1.0,29.0,4.0,4.0,2.0,2.0,2.0,2.0,1.0,1.0,2.0,4.0,2.0,4.0,1.0,2.0,2.0,2.0,2.0,98.0,4.0,2.0,1.0,2.0,1.0,2.0,1.0,1.0,2.0,1.0,1.0,98.0,1.0,7.0,4.0,1.0,3.0,2.0,,2.0,2.0,1.0,,2.0,5.0,2.0,1.0,2.0,,1.0,3.0,2.0,2.0
21.0,2244.0,2020-10-12,21017.0,3.0,0.41883336266054344,30.0,1.0,15.0,1.0,5.0,,4.0,4.0,1.0,3.0,2.0,4.0,,,1.0,1.0,3.0,4.0,4.0,4.0,2.0,4.0,4.0,1.0,4.0,4.0,4.0,4.0,4.0,2.0,2.0,2.0,2.0,4.0,1.0,2.0,4.0,4.0,2.0,1.0,4.0,4.0,1.0,2.0,2.0,2.0,3.0,3.0,4.0,2.0,2.0,98.0,2.0,2.0,1.0,4.0,6.0,4.0,1.0,6.0,2.0,,1.0,4.0,1.0,,3.0,3.0,2.0,1.0,2.0,,6.0,,1.0,98.0
21.0,2504.0,2020-10-12,21001.0,1.0,0.42335179792526434,28.0,2.0,15.0,1.0,1.0,,4.0,3.0,2.0,1.0,4.0,4.0,,,2.0,1.0,2.0,4.0,4.0,4.0,4.0,4.0,4.0,1.0,6.0,4.0,4.0,1.0,1.0,1.0,1.0,1.0,1.0,2.0,3.0,1.0,4.0,4.0,3.0,1.0,2.0,5.0,98.0,4.0,4.0,4.0,2.0,3.0,2.0,98.0,2.0,2.0,2.0,2.0,4.0,2.0,6.0,4.0,2.0,2.0,6.0,,,3.0,1.0,,2.0,2.0,2.0,1.0,2.0,,1.0,96.0,1.0,1.0
21.0,4446.0,2020-10-14,21018.0,1.0,0.4436403208247247,23.0,2.0,15.0,1.0,1.0,,4.0,1.0,2.0,4.0,3.0,3.0,,,2.0,2.0,3.0,3.0,2.0,3.0,3.0,2.0,2.0,2.0,7.0,2.0,3.0,2.0,2.0,3.0,3.0,3.0,2.0,2.0,2.0,4.0,4.0,4.0,2.0,2.0,3.0,5.0,4.0,3.0,3.0,2.0,3.0,3.0,2.0,96.0,96.0,96.0,96.0,96.0,4.0,3.0,6.0,1.0,,5.0,5.0,,,1.0,1.0,,2.0,5.0,2.0,1.0,2.0,,1.0,3.0,3.0,2.0
21.0,3334.0,2020-10-13,21013.0,2.0,0.47073998368268294,25.0,2.0,2.0,2.0,4.0,,4.0,4.0,1.0,4.0,3.0,4.0,,,3.0,1.0,4.0,4.0,4.0,4.0,4.0,4.0,3.0,1.0,14.0,4.0,4.0,3.0,3.0,4.0,1.0,1.0,1.0,1.0,2.0,1.0,4.0,4.0,2.0,3.0,2.0,5.0,4.0,2.0,4.0,4.0,4.0,3.0,2.0,2.0,96.0,96.0,96.0,2.0,4.0,3.0,6.0,3.0,2.0,4.0,2.0,,2.0,3.0,1.0,,2.0,3.0,2.0,2.0,2.0,,1.0,3.0,3.0,2.0
21.0,2131.0,2020-10-12,21016.0,1.0,0.3671324383705646,35.0,2.0,15.0,1.0,4.0,,4.0,3.0,2.0,4.0,3.0,4.0,,,3.0,2.0,3.0,4.0,4.0,4.0,4.0,4.0,4.0,2.0,6.0,4.0,3.0,1.0,2.0,1.0,1.0,2.0,2.0,2.0,2.0,3.0,3.0,4.0,3.0,2.0,3.0,5.0,2.0,2.0,4.0,2.0,2.0,6.0,1.0,98.0,2.0,98.0,2.0,98.0,4.0,2.0,6.0,4.0,1.0,3.0,6.0,,,3.0,1.0,,2.0,2.0,2.0,1.0,2.0,,1.0,3.0,4.0,98.0
21.0,258.0,2020-10-07,21005.0,2.0,0.3619658472198845,38.0,2.0,15.0,2.0,1.0,,4.0,5.0,4.0,4.0,4.0,4.0,,,4.0,1.0,3.0,4.0,2.0,3.0,2.0,3.0,4.0,1.0,15.0,1.0,4.0,1.0,4.0,1.0,4.0,2.0,1.0,4.0,1.0,4.0,4.0,4.0,1.0,2.0,2.0,5.0,2.0,2.0,1.0,2.0,4.0,2.0,2.0,2.0,2.0,2.0,2.0,2.0,1.0,4.0,6.0,4.0,1.0,5.0,1.0,,1.0,3.0,1.0,,1.0,3.0,2.0,1.0,2.0,,1.0,3.0,3.0,97.0
21.0,3182.0,2020-10-13,21010.0,2.0,0.395198532389806,31.0,2.0,1.0,1.0,1.0,,4.0,1.0,1.0,3.0,3.0,2.0,,,2.0,1.0,2.0,3.0,4.0,3.0,3.0,2.0,2.0,2.0,7.0,2.0,3.0,3.0,2.0,2.0,2.0,2.0,3.0,2.0,2.0,3.0,2.0,4.0,2.0,2.0,3.0,5.0,5.0,3.0,4.0,2.0,3.0,3.0,2.0,2.0,2.0,2.0,2.0,2.0,3.0,3.0,6.0,4.0,1.0,3.0,4.0,,,3.0,1.0,,2.0,3.0,2.0,2.0,2.0,,1.0,3.0,2.0,98.0
21.0,2349.0,2020-10-12,21002.0,1.0,0.469663517681476,55.0,1.0,1.0,2.0,4.0,,3.0,1.0,5.0,3.0,3.0,2.0,,,3.0,2.0,3.0,2.0,3.0,4.0,3.0,3.0,3.0,1.0,15.0,4.0,4.0,2.0,3.0,2.0,1.0,1.0,1.0,1.0,3.0,4.0,4.0,3.0,4.0,3.0,2.0,3.0,3.0,5.0,4.0,2.0,1.0,2.0,1.0,2.0,2.0,2.0,2.0,2.0,2.0,1.0,6.0,4.0,1.0,3.0,2.0,,2.0,2.0,1.0,,2.0,2.0,2.0,1.0,1.0,,1.0,96.0,2.0,97.0
21.0,1341.0,2020-10-10,21003.0,1.0,0.4485273040685548,57.0,2.0,15.0,1.0,4.0,,4.0,5.0,2.0,4.0,4.0,4.0,,,3.0,2.0,4.0,4.0,4.0,3.0,98.0,98.0,4.0,1.0,35.0,4.0,4.0,1.0,1.0,1.0,1.0,2.0,2.0,4.0,2.0,1.0,1.0,2.0,2.0,4.0,2.0,5.0,98.0,5.0,3.0,2.0,1.0,1.0,2.0,2.0,96.0,2.0,2.0,2.0,4.0,1.0,6.0,4.0,1.0,4.0,1.0,,1.0,2.0,1.0,,1.0,4.0,1.0,2.0,2.0,,2.0,3.0,2.0,98.0
21.0,4966.0,2020-10-15,21019.0,3.0,0.41890770491506507,20.0,1.0,15.0,2.0,2.0,,4.0,1.0,2.0,4.0,4.0,2.0,,,3.0,2.0,3.0,3.0,3.0,4.0,4.0,2.0,2.0,2.0,7.0,4.0,4.0,3.0,2.0,3.0,4.0,3.0,3.0,2.0,2.0,3.0,2.0,3.0,2.0,3.0,2.0,5.0,4.0,2.0,3.0,4.0,4.0,3.0,2.0,96.0,96.0,96.0,96.0,96.0,4.0,4.0,6.0,1.0,,6.0,5.0,,,2.0,1.0,,2.0,5.0,2.0,1.0,2.0,,1.0,3.0,2.0,3.0
21.0,2728.0,2020-10-13,21019.0,1.0,0.42695328023961493,35.0,2.0,15.0,3.0,,1.0,3.0,1.0,2.0,4.0,3.0,3.0,,,2.0,1.0,2.0,2.0,2.0,3.0,2.0,3.0,3.0,1.0,6.0,4.0,2.0,1.0,2.0,1.0,1.0,2.0,1.0,3.0,3.0,3.0,2.0,2.0,3.0,2.0,3.0,4.0,2.0,4.0,4.0,2.0,3.0,5.0,2.0,2.0,2.0,2.0,2.0,2.0,4.0,3.0,6.0,1.0,,6.0,6.0,,,2.0,1.0,,2.0,3.0,2.0,2.0,2.0,,1.0,2.0,1.0,98.0
21.0,252.0,2020-10-07,21004.0,2.0,0.369140161814444,34.0,1.0,6.0,3.0,,1.0,4.0,3.0,5.0,1.0,3.0,4.0,,,4.0,3.0,4.0,4.0,3.0,3.0,3.0,3.0,4.0,1.0,6.0,4.0,4.0,1.0,3.0,1.0,2.0,1.0,2.0,3.0,2.0,1.0,1.0,4.0,2.0,4.0,2.0,5.0,2.0,5.0,2.0,1.0,3.0,3.0,3.0,2.0,2.0,2.0,2.0,2.0,4.0,2.0,6.0,1.0,,4.0,2.0,,2.0,2.0,1.0,,3.0,4.0,2.0,1.0,2.0,,3.0,3.0,3.0,3.0
21.0,1706.0,2020-10-11,21006.0,1.0,0.37288523746947894,40.0,1.0,1.0,1.0,5.0,,4.0,1.0,5.0,4.0,4.0,98.0,,,1.0,1.0,4.0,4.0,4.0,4.0,4.0,4.0,4.0,1.0,6.0,4.0,4.0,2.0,4.0,2.0,1.0,1.0,2.0,3.0,4.0,1.0,2.0,99.0,99.0,99.0,99.0,5.0,3.0,3.0,3.0,2.0,1.0,3.0,2.0,2.0,2.0,2.0,2.0,2.0,4.0,4.0,6.0,1.0,,5.0,2.0,,2.0,2.0,1.0,,2.0,3.0,2.0,1.0,2.0,,1.0,96.0,1.0,1.0
21.0,2152.0,2020-10-12,21006.0,1.0,0.41945583500569433,66.0,1.0,1.0,2.0,1.0,,4.0,4.0,1.0,4.0,4.0,2.0,,,2.0,1.0,1.0,2.0,2.0,3.0,3.0,3.0,2.0,2.0,28.0,2.0,3.0,1.0,1.0,2.0,1.0,1.0,1.0,2.0,3.0,4.0,4.0,3.0,2.0,1.0,2.0,5.0,2.0,2.0,2.0,3.0,2.0,6.0,3.0,2.0,2.0,96.0,2.0,2.0,4.0,4.0,7.0,5.0,1.0,5.0,2.0,,2.0,2.0,1.0,,2.0,2.0,2.0,1.0,2.0,,1.0,96.0,2.0,2.0
21.0,217.0,2020-10-07,21001.0,1.0,0.4099366306498585,55.0,1.0,1.0,1.0,7.0,,4.0,1.0,2.0,1.0,1.0,3.0,,,2.0,1.0,98.0,3.0,2.0,98.0,4.0,4.0,1.0,1.0,7.0,4.0,4.0,4.0,4.0,4.0,3.0,4.0,4.0,1.0,3.0,4.0,2.0,2.0,4.0,4.0,4.0,5.0,4.0,5.0,5.0,1.0,2.0,4.0,4.0,2.0,96.0,96.0,1.0,96.0,4.0,4.0,6.0,4.0,1.0,3.0,6.0,,,4.0,1.0,,2.0,2.0,2.0,2.0,2.0,,6.0,,2.0,2.0
21.0,2902.0,2020-10-13,21023.0,2.0,0.4541667734806569,30.0,2.0,1.0,1.0,4.0,,3.0,3.0,4.0,4.0,3.0,3.0,,,3.0,2.0,4.0,3.0,3.0,4.0,4.0,3.0,3.0,1.0,98.0,4.0,4.0,2.0,4.0,3.0,1.0,1.0,1.0,3.0,4.0,2.0,1.0,3.0,98.0,1.0,1.0,98.0,98.0,2.0,98.0,2.0,1.0,3.0,98.0,98.0,98.0,98.0,98.0,98.0,4.0,3.0,6.0,4.0,1.0,3.0,2.0,,2.0,3.0,1.0,,2.0,2.0,2.0,2.0,2.0,,1.0,3.0,4.0,2.0
21.0,1845.0,2020-10-11,21001.0,1.0,0.4099366306498585,75.0,1.0,2.0,2.0,2.0,,3.0,5.0,3.0,4.0,2.0,4.0,,,3.0,1.0,4.0,4.0,2.0,2.0,2.0,2.0,2.0,1.0,16.0,4.0,4.0,1.0,1.0,1.0,1.0,2.0,1.0,2.0,4.0,4.0,4.0,1.0,2.0,4.0,1.0,1.0,4.0,5.0,2.0,1.0,1.0,6.0,1.0,1.0,1.0,1.0,1.0,1.0,1.0,1.0,6.0,1.0,,5.0,3.0,1.0,,2.0,1.0,,2.0,4.0,2.0,1.0,1.0,,6.0,,1.0,1.0
21.0,3206.0,2020-10-13,21010.0,2.0,0.3427423467192896,22.0,1.0,15.0,2.0,5.0,,2.0,2.0,2.0,2.0,3.0,2.0,,,2.0,2.0,2.0,3.0,2.0,2.0,3.0,3.0,3.0,2.0,7.0,3.0,2.0,3.0,3.0,2.0,2.0,2.0,3.0,2.0,2.0,2.0,2.0,2.0,2.0,2.0,2.0,4.0,4.0,2.0,3.0,2.0,3.0,3.0,2.0,2.0,2.0,2.0,2.0,2.0,2.0,98.0,6.0,1.0,,6.0,5.0,,,2.0,1.0,,2.0,5.0,2.0,1.0,2.0,,1.0,2.0,1.0,1.0
21.0,848.0,2020-10-08,21007.0,1.0,0.34978895945690264,24.0,1.0,1.0,1.0,4.0,,4.0,3.0,6.0,4.0,3.0,2.0,,,1.0,1.0,3.0,2.0,3.0,3.0,3.0,4.0,3.0,3.0,7.0,4.0,4.0,2.0,2.0,1.0,1.0,1.0,1.0,2.0,4.0,1.0,2.0,99.0,1.0,3.0,4.0,4.0,99.0,4.0,2.0,3.0,3.0,3.0,2.0,2.0,96.0,96.0,99.0,2.0,4.0,2.0,6.0,1.0,,6.0,2.0,,2.0,3.0,1.0,,3.0,5.0,1.0,2.0,1.0,,1.0,3.0,3.0,3.0
21.0,4464.0,2020-10-14,21018.0,3.0,0.4436403208247247,19.0,2.0,1.0,1.0,4.0,,4.0,3.0,2.0,4.0,4.0,2.0,,,2.0,2.0,2.0,3.0,3.0,4.0,4.0,4.0,4.0,2.0,98.0,4.0,4.0,1.0,1.0,2.0,1.0,1.0,1.0,2.0,2.0,1.0,1.0,4.0,4.0,4.0,4.0,5.0,5.0,5.0,5.0,4.0,4.0,3.0,4.0,96.0,96.0,96.0,96.0,96.0,4.0,98.0,6.0,1.0,,5.0,5.0,,,2.0,1.0,,2.0,3.0,2.0,1.0,2.0,,1.0,3.0,1.0,1.0
21.0,2261.0,2020-10-12,21012.0,1.0,0.3769200660469292,20.0,1.0,2.0,2.0,4.0,,3.0,3.0,4.0,4.0,3.0,4.0,,,1.0,1.0,4.0,3.0,3.0,2.0,4.0,4.0,4.0,2.0,20.0,4.0,3.0,3.0,2.0,1.0,1.0,4.0,1.0,2.0,3.0,2.0,4.0,3.0,3.0,1.0,2.0,5.0,4.0,2.0,2.0,4.0,4.0,6.0,2.0,2.0,2.0,2.0,1.0,99.0,4.0,1.0,6.0,1.0,,6.0,5.0,,,2.0,1.0,,3.0,3.0,2.0,2.0,1.0,,1.0,3.0,3.0,3.0
21.0,383.0,2020-10-07,21012.0,1.0,0.3741115222334949,39.0,1.0,15.0,1.0,5.0,,4.0,4.0,2.0,1.0,1.0,4.0,,,3.0,1.0,3.0,4.0,4.0,97.0,4.0,4.0,4.0,3.0,22.0,4.0,4.0,2.0,3.0,2.0,1.0,2.0,1.0,1.0,4.0,1.0,4.0,4.0,2.0,2.0,2.0,5.0,2.0,2.0,2.0,4.0,4.0,3.0,4.0,2.0,2.0,2.0,2.0,2.0,4.0,4.0,6.0,4.0,1.0,4.0,1.0,,2.0,3.0,1.0,,2.0,5.0,2.0,3.0,2.0,,2.0,3.0,2.0,98.0
21.0,4669.0,2020-10-15,21008.0,3.0,0.37312521287552813,20.0,2.0,15.0,2.0,1.0,,4.0,1.0,2.0,4.0,4.0,3.0,,,4.0,3.0,2.0,2.0,3.0,2.0,3.0,2.0,2.0,2.0,7.0,4.0,4.0,4.0,2.0,2.0,4.0,3.0,3.0,1.0,2.0,3.0,3.0,4.0,2.0,2.0,3.0,5.0,4.0,2.0,2.0,2.0,3.0,1.0,1.0,96.0,96.0,96.0,96.0,96.0,4.0,3.0,6.0,1.0,,6.0,5.0,,,1.0,1.0,,1.0,3.0,2.0,2.0,1.0,,1.0,2.0,2.0,1.0
21.0,2762.0,2020-10-13,21001.0,1.0,0.42335179792526434,26.0,2.0,1.0,2.0,4.0,,4.0,4.0,1.0,4.0,1.0,4.0,,,4.0,2.0,4.0,4.0,4.0,3.0,4.0,3.0,2.0,1.0,13.0,3.0,4.0,2.0,2.0,2.0,1.0,2.0,1.0,2.0,3.0,2.0,1.0,4.0,2.0,4.0,2.0,5.0,98.0,4.0,2.0,3.0,4.0,6.0,1.0,2.0,2.0,96.0,2.0,2.0,3.0,1.0,6.0,1.0,,4.0,2.0,,2.0,2.0,1.0,,2.0,98.0,2.0,1.0,1.0,,1.0,2.0,4.0,4.0
21.0,2795.0,2020-10-13,21001.0,1.0,0.42335179792526434,26.0,2.0,15.0,1.0,1.0,,2.0,6.0,5.0,4.0,4.0,4.0,,,2.0,2.0,2.0,2.0,3.0,3.0,1.0,4.0,4.0,1.0,1.0,4.0,4.0,98.0,4.0,4.0,2.0,1.0,1.0,2.0,1.0,3.0,3.0,2.0,1.0,2.0,1.0,4.0,98.0,98.0,98.0,2.0,98.0,3.0,98.0,2.0,2.0,2.0,98.0,2.0,4.0,4.0,6.0,5.0,1.0,16.0,6.0,,,4.0,1.0,,1.0,4.0,2.0,1.0,2.0,,1.0,3.0,2.0,4.0
21.0,1360.0,2020-10-10,21017.0,1.0,0.42763864856513634,70.0,2.0,15.0,1.0,5.0,,4.0,6.0,6.0,4.0,2.0,2.0,,,2.0,1.0,98.0,3.0,4.0,4.0,97.0,4.0,4.0,1.0,35.0,4.0,4.0,1.0,1.0,1.0,1.0,1.0,1.0,1.0,2.0,4.0,4.0,4.0,3.0,1.0,2.0,5.0,2.0,1.0,2.0,4.0,4.0,3.0,4.0,2.0,2.0,96.0,2.0,96.0,4.0,4.0,6.0,4.0,1.0,2.0,3.0,1.0,,2.0,1.0,,1.0,1.0,2.0,2.0,2.0,,1.0,3.0,1.0,98.0
21.0,1037.0,2020-10-09,21001.0,1.0,0.36715872356938545,24.0,1.0,15.0,2.0,1.0,,4.0,6.0,2.0,4.0,4.0,4.0,,,2.0,2.0,4.0,2.0,3.0,3.0,3.0,4.0,4.0,1.0,98.0,3.0,4.0,1.0,2.0,2.0,1.0,2.0,1.0,2.0,4.0,2.0,4.0,3.0,3.0,2.0,4.0,5.0,98.0,2.0,4.0,1.0,4.0,7.0,3.0,2.0,2.0,2.0,2.0,2.0,4.0,1.0,7.0,1.0,,4.0,5.0,,,2.0,4.0,,3.0,,1.0,1.0,2.0,,2.0,3.0,4.0,98.0
21.0,963.0,2020-10-09,21013.0,1.0,0.4558231800803986,60.0,1.0,15.0,2.0,6.0,,3.0,5.0,5.0,1.0,1.0,3.0,,,2.0,1.0,2.0,4.0,4.0,3.0,2.0,4.0,3.0,2.0,4.0,2.0,2.0,1.0,4.0,2.0,2.0,2.0,2.0,4.0,2.0,2.0,2.0,4.0,4.0,4.0,4.0,5.0,5.0,5.0,4.0,1.0,3.0,6.0,4.0,2.0,2.0,1.0,1.0,1.0,4.0,2.0,6.0,4.0,1.0,2.0,3.0,1.0,,2.0,1.0,,1.0,5.0,2.0,1.0,2.0,,1.0,1.0,2.0,2.0
21.0,3276.0,2020-10-13,21013.0,1.0,0.4192216580724333,19.0,2.0,12.0,1.0,5.0,,4.0,4.0,1.0,4.0,4.0,4.0,,,3.0,1.0,4.0,4.0,4.0,3.0,4.0,4.0,4.0,1.0,98.0,4.0,4.0,1.0,1.0,1.0,1.0,1.0,1.0,2.0,3.0,2.0,4.0,2.0,2.0,2.0,2.0,5.0,4.0,2.0,2.0,2.0,2.0,6.0,4.0,2.0,2.0,2.0,2.0,2.0,98.0,3.0,6.0,1.0,,6.0,5.0,,,3.0,1.0,,2.0,5.0,2.0,1.0,1.0,,1.0,96.0,2.0,2.0
21.0,463.0,2020-10-07,21013.0,2.0,0.47073998368268294,32.0,2.0,15.0,2.0,4.0,,4.0,5.0,2.0,4.0,4.0,3.0,,,2.0,1.0,98.0,2.0,2.0,4.0,3.0,4.0,4.0,2.0,20.0,4.0,2.0,1.0,1.0,1.0,1.0,2.0,1.0,3.0,1.0,2.0,4.0,2.0,1.0,4.0,2.0,1.0,98.0,1.0,1.0,4.0,1.0,7.0,4.0,2.0,96.0,2.0,2.0,2.0,4.0,2.0,6.0,4.0,1.0,3.0,1.0,,2.0,2.0,1.0,,1.0,3.0,2.0,2.0,2.0,,1.0,3.0,2.0,2.0
21.0,685.0,2020-10-08,21006.0,1.0,0.38577452469229073,22.0,2.0,1.0,1.0,1.0,,4.0,1.0,2.0,4.0,3.0,3.0,,,4.0,1.0,4.0,4.0,4.0,4.0,4.0,4.0,4.0,1.0,6.0,4.0,4.0,2.0,1.0,2.0,1.0,2.0,1.0,2.0,2.0,1.0,1.0,3.0,4.0,4.0,3.0,5.0,2.0,5.0,2.0,2.0,2.0,6.0,4.0,1.0,1.0,96.0,1.0,1.0,4.0,1.0,7.0,3.0,2.0,5.0,6.0,,,3.0,1.0,,2.0,5.0,2.0,1.0,2.0,,1.0,3.0,3.0,98.0
21.0,1080.0,2020-10-09,21012.0,1.0,0.3741115222334949,41.0,1.0,15.0,1.0,4.0,,4.0,3.0,6.0,4.0,3.0,4.0,,,4.0,2.0,4.0,3.0,4.0,3.0,4.0,3.0,4.0,1.0,13.0,4.0,4.0,2.0,2.0,3.0,2.0,2.0,1.0,2.0,4.0,2.0,2.0,4.0,2.0,4.0,2.0,5.0,2.0,5.0,2.0,2.0,2.0,5.0,4.0,96.0,98.0,96.0,98.0,98.0,2.0,1.0,6.0,4.0,1.0,3.0,2.0,,2.0,2.0,1.0,,3.0,4.0,2.0,2.0,2.0,,1.0,3.0,3.0,3.0
21.0,327.0,2020-10-07,21002.0,1.0,0.42873205623675004,37.0,2.0,15.0,2.0,5.0,,3.0,5.0,2.0,4.0,2.0,4.0,,,1.0,1.0,3.0,3.0,2.0,99.0,4.0,3.0,3.0,1.0,6.0,4.0,4.0,1.0,1.0,98.0,1.0,1.0,1.0,2.0,2.0,1.0,4.0,98.0,98.0,98.0,98.0,4.0,98.0,5.0,4.0,4.0,98.0,6.0,4.0,2.0,98.0,98.0,2.0,98.0,4.0,1.0,7.0,99.0,,2.0,4.0,,,2.0,1.0,,1.0,3.0,1.0,1.0,2.0,,1.0,3.0,1.0,4.0
21.0,2740.0,2020-10-13,21001.0,1.0,0.3742104037650075,42.0,2.0,2.0,2.0,4.0,,4.0,4.0,2.0,4.0,1.0,4.0,,,3.0,4.0,4.0,4.0,4.0,4.0,4.0,4.0,4.0,1.0,3.0,4.0,3.0,4.0,98.0,1.0,1.0,1.0,1.0,1.0,2.0,2.0,1.0,4.0,1.0,1.0,1.0,5.0,2.0,2.0,1.0,4.0,4.0,6.0,1.0,2.0,2.0,2.0,2.0,2.0,3.0,4.0,7.0,4.0,1.0,3.0,1.0,,2.0,2.0,1.0,,1.0,1.0,2.0,1.0,1.0,,1.0,98.0,4.0,4.0
21.0,2100.0,2020-10-12,21003.0,1.0,0.3987290110933317,36.0,2.0,1.0,2.0,6.0,,4.0,4.0,1.0,4.0,3.0,3.0,,,2.0,2.0,2.0,4.0,3.0,4.0,4.0,3.0,3.0,1.0,13.0,4.0,3.0,1.0,1.0,1.0,1.0,2.0,1.0,2.0,1.0,3.0,1.0,4.0,2.0,2.0,2.0,5.0,4.0,4.0,4.0,2.0,2.0,5.0,4.0,2.0,2.0,2.0,2.0,2.0,4.0,1.0,6.0,4.0,1.0,4.0,1.0,,2.0,2.0,1.0,,2.0,2.0,2.0,1.0,1.0,,1.0,2.0,2.0,1.0
21.0,26.0,2020-10-06,21022.0,1.0,0.4171302736526058,70.0,1.0,1.0,4.0,,5.0,4.0,4.0,1.0,4.0,4.0,3.0,,,3.0,1.0,4.0,3.0,3.0,4.0,4.0,3.0,2.0,2.0,3.0,4.0,4.0,1.0,2.0,1.0,3.0,3.0,4.0,2.0,3.0,2.0,2.0,4.0,1.0,3.0,1.0,5.0,2.0,5.0,2.0,4.0,4.0,5.0,4.0,96.0,96.0,2.0,96.0,2.0,99.0,2.0,6.0,4.0,1.0,4.0,3.0,1.0,,3.0,1.0,,99.0,3.0,2.0,1.0,2.0,,6.0,,4.0,4.0
21.0,1553.0,2020-10-11,21012.0,1.0,0.387043197663058,23.0,2.0,6.0,1.0,6.0,,4.0,1.0,5.0,1.0,3.0,4.0,,,3.0,3.0,4.0,4.0,3.0,4.0,4.0,4.0,4.0,1.0,2.0,4.0,4.0,3.0,3.0,4.0,1.0,2.0,1.0,2.0,4.0,3.0,4.0,4.0,4.0,2.0,4.0,5.0,4.0,4.0,4.0,4.0,4.0,3.0,4.0,2.0,2.0,2.0,2.0,2.0,4.0,3.0,6.0,1.0,,5.0,5.0,,,3.0,1.0,,2.0,3.0,2.0,1.0,1.0,,1.0,96.0,4.0,4.0
21.0,287.0,2020-10-07,21001.0,1.0,0.364422914429681,39.0,1.0,2.0,2.0,6.0,,3.0,6.0,1.0,4.0,1.0,2.0,,,2.0,1.0,2.0,3.0,3.0,4.0,3.0,3.0,2.0,1.0,7.0,4.0,4.0,1.0,2.0,1.0,1.0,2.0,1.0,1.0,3.0,1.0,4.0,4.0,2.0,2.0,4.0,5.0,3.0,3.0,4.0,4.0,2.0,3.0,1.0,2.0,96.0,2.0,96.0,96.0,4.0,4.0,6.0,4.0,1.0,5.0,1.0,,1.0,3.0,1.0,,1.0,2.0,2.0,3.0,2.0,,1.0,3.0,2.0,2.0
21.0,229.0,2020-10-07,21001.0,1.0,0.364422914429681,36.0,1.0,7.0,4.0,,1.0,4.0,1.0,6.0,4.0,2.0,3.0,,,3.0,3.0,4.0,3.0,4.0,4.0,3.0,3.0,3.0,2.0,35.0,2.0,4.0,2.0,2.0,2.0,1.0,1.0,1.0,3.0,3.0,2.0,4.0,4.0,3.0,4.0,1.0,5.0,4.0,5.0,2.0,2.0,4.0,1.0,4.0,96.0,96.0,96.0,96.0,96.0,3.0,2.0,7.0,2.0,2.0,5.0,1.0,,2.0,2.0,4.0,,3.0,,2.0,3.0,2.0,,2.0,3.0,4.0,4.0
21.0,2121.0,2020-10-12,21011.0,3.0,0.405855984151937,60.0,1.0,2.0,1.0,6.0,,4.0,4.0,2.0,4.0,3.0,3.0,,,3.0,1.0,3.0,3.0,3.0,3.0,3.0,3.0,3.0,1.0,6.0,4.0,4.0,2.0,2.0,3.0,1.0,4.0,1.0,2.0,1.0,4.0,4.0,2.0,2.0,2.0,2.0,5.0,3.0,5.0,4.0,2.0,2.0,6.0,1.0,2.0,2.0,2.0,2.0,2.0,4.0,1.0,7.0,4.0,1.0,5.0,3.0,1.0,,2.0,1.0,,2.0,3.0,2.0,2.0,1.0,,1.0,3.0,2.0,2.0
21.0,540.0,2020-10-07,21002.0,1.0,0.41751855071709876,38.0,1.0,2.0,1.0,5.0,,4.0,6.0,1.0,4.0,3.0,4.0,,,3.0,1.0,3.0,4.0,4.0,4.0,3.0,3.0,4.0,1.0,15.0,4.0,4.0,1.0,1.0,1.0,1.0,2.0,1.0,1.0,4.0,4.0,4.0,4.0,2.0,4.0,1.0,5.0,98.0,5.0,2.0,4.0,4.0,6.0,4.0,96.0,96.0,96.0,96.0,96.0,4.0,2.0,7.0,4.0,1.0,4.0,2.0,,2.0,3.0,1.0,,1.0,2.0,2.0,2.0,2.0,,1.0,3.0,4.0,3.0
21.0,4443.0,2020-10-14,21018.0,1.0,0.4436403208247247,22.0,2.0,1.0,2.0,4.0,,3.0,1.0,1.0,3.0,3.0,3.0,,,2.0,2.0,3.0,2.0,3.0,2.0,3.0,3.0,2.0,2.0,98.0,1.0,2.0,3.0,2.0,2.0,3.0,2.0,2.0,3.0,2.0,4.0,4.0,4.0,3.0,3.0,2.0,5.0,4.0,2.0,3.0,3.0,2.0,5.0,2.0,96.0,96.0,2.0,2.0,96.0,2.0,1.0,6.0,1.0,,6.0,5.0,,,2.0,1.0,,1.0,3.0,2.0,2.0,1.0,,1.0,3.0,1.0,1.0
21.0,2357.0,2020-10-12,21005.0,2.0,0.35514490538969734,20.0,1.0,1.0,2.0,6.0,,4.0,1.0,2.0,1.0,3.0,3.0,,,1.0,1.0,1.0,4.0,4.0,3.0,4.0,4.0,3.0,3.0,5.0,4.0,4.0,1.0,2.0,2.0,1.0,1.0,2.0,2.0,4.0,2.0,2.0,1.0,2.0,2.0,2.0,4.0,2.0,2.0,2.0,1.0,2.0,3.0,2.0,1.0,1.0,1.0,1.0,1.0,4.0,3.0,6.0,1.0,,4.0,5.0,,,2.0,1.0,,1.0,3.0,2.0,2.0,2.0,,1.0,1.0,2.0,97.0
21.0,1624.0,2020-10-11,21022.0,2.0,0.4307808527379992,25.0,2.0,15.0,1.0,1.0,,4.0,3.0,5.0,4.0,1.0,4.0,,,3.0,2.0,4.0,2.0,3.0,4.0,4.0,3.0,3.0,1.0,6.0,2.0,3.0,2.0,2.0,3.0,2.0,1.0,1.0,2.0,1.0,1.0,3.0,4.0,98.0,4.0,98.0,4.0,98.0,4.0,98.0,3.0,4.0,3.0,2.0,98.0,98.0,98.0,98.0,96.0,4.0,4.0,7.0,4.0,1.0,3.0,1.0,,2.0,3.0,1.0,,3.0,3.0,1.0,2.0,2.0,,1.0,96.0,1.0,98.0
21.0,1152.0,2020-10-10,21015.0,2.0,0.5039979661817656,26.0,1.0,2.0,1.0,4.0,,4.0,5.0,4.0,1.0,1.0,4.0,,,4.0,1.0,4.0,4.0,2.0,4.0,4.0,2.0,4.0,1.0,6.0,3.0,4.0,4.0,4.0,4.0,1.0,1.0,3.0,2.0,1.0,2.0,4.0,4.0,4.0,1.0,4.0,5.0,5.0,1.0,5.0,4.0,2.0,5.0,4.0,2.0,2.0,2.0,2.0,2.0,4.0,4.0,6.0,1.0,,6.0,6.0,,,3.0,1.0,,3.0,3.0,2.0,2.0,2.0,,1.0,2.0,4.0,4.0
21.0,2398.0,2020-10-12,21019.0,2.0,0.41324655647700625,46.0,1.0,2.0,2.0,5.0,,3.0,5.0,1.0,3.0,3.0,3.0,,,1.0,1.0,1.0,3.0,4.0,3.0,3.0,3.0,3.0,2.0,21.0,2.0,4.0,1.0,1.0,4.0,1.0,3.0,1.0,3.0,1.0,3.0,2.0,4.0,2.0,2.0,2.0,5.0,2.0,2.0,2.0,2.0,3.0,3.0,2.0,2.0,2.0,2.0,2.0,2.0,4.0,3.0,6.0,4.0,1.0,5.0,1.0,,1.0,3.0,1.0,,2.0,2.0,2.0,2.0,2.0,,2.0,3.0,2.0,3.0
21.0,2477.0,2020-10-12,21014.0,2.0,0.3360522370878919,47.0,2.0,1.0,1.0,6.0,,4.0,1.0,2.0,4.0,4.0,3.0,,,3.0,1.0,3.0,3.0,3.0,3.0,3.0,3.0,98.0,1.0,7.0,4.0,4.0,2.0,2.0,2.0,1.0,2.0,1.0,1.0,4.0,2.0,4.0,3.0,2.0,1.0,1.0,5.0,98.0,4.0,4.0,4.0,4.0,1.0,4.0,98.0,96.0,96.0,96.0,96.0,4.0,98.0,6.0,4.0,1.0,7.0,1.0,,1.0,1.0,1.0,,2.0,2.0,1.0,2.0,1.0,,1.0,3.0,3.0,3.0
21.0,998.0,2020-10-09,21003.0,1.0,0.43679605298358914,67.0,1.0,2.0,4.0,,1.0,4.0,1.0,6.0,4.0,1.0,4.0,,,4.0,3.0,3.0,4.0,4.0,4.0,4.0,4.0,4.0,1.0,6.0,4.0,4.0,2.0,2.0,2.0,1.0,4.0,1.0,2.0,4.0,4.0,4.0,4.0,4.0,1.0,4.0,5.0,3.0,1.0,5.0,2.0,2.0,6.0,2.0,2.0,2.0,2.0,2.0,2.0,4.0,4.0,6.0,4.0,1.0,3.0,3.0,1.0,,3.0,1.0,,1.0,1.0,2.0,2.0,1.0,,6.0,,4.0,4.0
21.0,3207.0,2020-10-13,21010.0,2.0,0.3427423467192896,23.0,1.0,1.0,3.0,,4.0,2.0,3.0,2.0,2.0,3.0,4.0,,,3.0,2.0,2.0,2.0,2.0,3.0,3.0,4.0,3.0,2.0,98.0,2.0,2.0,3.0,2.0,2.0,2.0,2.0,3.0,2.0,2.0,2.0,2.0,2.0,3.0,4.0,2.0,5.0,3.0,3.0,4.0,3.0,2.0,5.0,2.0,2.0,2.0,2.0,2.0,2.0,3.0,3.0,6.0,1.0,,4.0,5.0,,,2.0,1.0,,2.0,5.0,2.0,2.0,2.0,,1.0,2.0,3.0,2.0
21.0,760.0,2020-10-08,21018.0,1.0,0.4981594661550807,32.0,2.0,15.0,1.0,1.0,,3.0,1.0,1.0,4.0,1.0,4.0,,,3.0,2.0,3.0,4.0,3.0,3.0,3.0,3.0,2.0,1.0,13.0,2.0,3.0,2.0,2.0,1.0,1.0,2.0,2.0,2.0,2.0,3.0,3.0,2.0,98.0,2.0,2.0,4.0,4.0,2.0,4.0,4.0,1.0,3.0,4.0,2.0,2.0,98.0,2.0,2.0,4.0,2.0,7.0,5.0,1.0,5.0,4.0,,,1.0,1.0,,1.0,2.0,2.0,1.0,2.0,,2.0,3.0,2.0,2.0
21.0,1470.0,2020-10-11,21003.0,1.0,0.385928387080964,45.0,1.0,2.0,3.0,,1.0,4.0,4.0,1.0,4.0,4.0,4.0,,,2.0,1.0,4.0,4.0,4.0,3.0,3.0,3.0,3.0,1.0,2.0,4.0,4.0,3.0,3.0,3.0,1.0,2.0,1.0,1.0,2.0,4.0,4.0,99.0,98.0,99.0,99.0,5.0,4.0,4.0,4.0,3.0,3.0,6.0,3.0,2.0,2.0,2.0,2.0,2.0,2.0,2.0,7.0,4.0,2.0,2.0,1.0,,1.0,2.0,1.0,,1.0,5.0,2.0,3.0,1.0,,1.0,3.0,1.0,1.0
21.0,103.0,2020-10-06,21003.0,1.0,0.4510901942676279,25.0,2.0,15.0,1.0,2.0,,3.0,3.0,2.0,2.0,1.0,4.0,,,3.0,1.0,3.0,4.0,3.0,2.0,4.0,3.0,4.0,1.0,6.0,4.0,4.0,2.0,4.0,3.0,2.0,3.0,3.0,3.0,2.0,2.0,2.0,3.0,3.0,2.0,4.0,2.0,4.0,2.0,2.0,2.0,3.0,3.0,3.0,1.0,1.0,1.0,1.0,1.0,2.0,4.0,6.0,4.0,2.0,2.0,1.0,,2.0,1.0,1.0,,2.0,1.0,2.0,2.0,2.0,,1.0,2.0,2.0,3.0
21.0,2132.0,2020-10-12,21005.0,1.0,0.40949928346810205,27.0,2.0,2.0,1.0,4.0,,4.0,1.0,2.0,4.0,1.0,4.0,,,4.0,1.0,3.0,3.0,4.0,4.0,4.0,4.0,4.0,1.0,20.0,4.0,2.0,1.0,2.0,2.0,1.0,1.0,1.0,2.0,1.0,2.0,2.0,3.0,3.0,3.0,98.0,4.0,4.0,4.0,4.0,2.0,2.0,3.0,98.0,98.0,2.0,2.0,2.0,2.0,4.0,4.0,6.0,1.0,,5.0,1.0,,3.0,3.0,1.0,,2.0,3.0,2.0,1.0,2.0,,1.0,3.0,2.0,98.0
21.0,747.0,2020-10-08,21001.0,1.0,0.36715872356938545,23.0,1.0,15.0,2.0,4.0,,3.0,4.0,1.0,4.0,2.0,4.0,,,3.0,1.0,3.0,4.0,4.0,4.0,4.0,3.0,4.0,1.0,98.0,2.0,4.0,2.0,2.0,2.0,2.0,1.0,2.0,1.0,1.0,2.0,3.0,4.0,3.0,2.0,2.0,4.0,2.0,2.0,2.0,2.0,2.0,3.0,2.0,2.0,2.0,98.0,1.0,2.0,4.0,4.0,6.0,1.0,,4.0,5.0,,,3.0,1.0,,2.0,1.0,2.0,2.0,1.0,,1.0,96.0,2.0,2.0
21.0,1541.0,2020-10-11,21018.0,3.0,0.48513008371881194,33.0,1.0,15.0,1.0,5.0,,4.0,6.0,2.0,4.0,1.0,2.0,,,3.0,1.0,2.0,4.0,4.0,3.0,3.0,2.0,3.0,2.0,31.0,4.0,4.0,1.0,2.0,4.0,2.0,1.0,1.0,2.0,4.0,4.0,4.0,4.0,3.0,1.0,3.0,5.0,2.0,1.0,4.0,4.0,4.0,3.0,1.0,96.0,96.0,96.0,96.0,96.0,4.0,4.0,7.0,1.0,,7.0,1.0,,1.0,2.0,1.0,,2.0,3.0,2.0,2.0,2.0,,3.0,3.0,99.0,99.0
21.0,4667.0,2020-10-15,21020.0,1.0,0.41465954683927164,20.0,2.0,1.0,1.0,4.0,,1.0,3.0,2.0,4.0,4.0,2.0,,,2.0,2.0,2.0,3.0,3.0,4.0,4.0,4.0,4.0,1.0,98.0,4.0,4.0,1.0,1.0,1.0,1.0,1.0,1.0,1.0,3.0,2.0,2.0,4.0,4.0,4.0,4.0,5.0,5.0,5.0,5.0,4.0,4.0,2.0,4.0,96.0,96.0,96.0,96.0,96.0,4.0,4.0,6.0,1.0,,8.0,5.0,,,1.0,1.0,,2.0,4.0,2.0,1.0,2.0,,1.0,3.0,1.0,1.0
21.0,3011.0,2020-10-13,21007.0,1.0,0.3591834173099642,21.0,2.0,7.0,4.0,,3.0,4.0,1.0,1.0,4.0,3.0,3.0,,,2.0,1.0,2.0,2.0,1.0,3.0,2.0,2.0,3.0,3.0,2.0,2.0,3.0,1.0,2.0,3.0,3.0,2.0,1.0,1.0,4.0,1.0,3.0,98.0,2.0,3.0,4.0,3.0,2.0,4.0,3.0,1.0,2.0,3.0,3.0,98.0,2.0,2.0,2.0,1.0,4.0,2.0,6.0,1.0,,6.0,6.0,,,3.0,1.0,,3.0,3.0,2.0,1.0,2.0,,1.0,3.0,1.0,2.0
21.0,488.0,2020-10-07,21002.0,1.0,0.4319506493369464,24.0,2.0,1.0,2.0,3.0,,4.0,1.0,2.0,1.0,2.0,4.0,,,3.0,2.0,4.0,2.0,4.0,4.0,4.0,3.0,4.0,1.0,9.0,4.0,4.0,2.0,1.0,3.0,2.0,1.0,1.0,1.0,4.0,4.0,4.0,2.0,2.0,1.0,1.0,5.0,3.0,4.0,2.0,4.0,3.0,3.0,2.0,2.0,2.0,2.0,2.0,96.0,4.0,3.0,7.0,1.0,,6.0,5.0,,,3.0,1.0,,2.0,3.0,2.0,1.0,2.0,,1.0,2.0,2.0,98.0
21.0,2410.0,2020-10-12,21010.0,1.0,0.3427423467192896,21.0,1.0,15.0,1.0,4.0,,4.0,1.0,6.0,4.0,3.0,4.0,,,4.0,3.0,3.0,2.0,3.0,3.0,4.0,4.0,4.0,1.0,7.0,2.0,2.0,2.0,1.0,2.0,1.0,1.0,1.0,2.0,2.0,2.0,4.0,4.0,4.0,1.0,4.0,5.0,5.0,2.0,4.0,1.0,1.0,1.0,1.0,2.0,2.0,2.0,2.0,2.0,4.0,4.0,6.0,1.0,,5.0,5.0,,,3.0,1.0,,3.0,4.0,2.0,2.0,2.0,,1.0,3.0,4.0,97.0
21.0,197.0,2020-10-07,21013.0,1.0,0.4558231800803986,81.0,1.0,15.0,1.0,5.0,,4.0,1.0,1.0,4.0,3.0,3.0,,,3.0,1.0,3.0,4.0,4.0,4.0,3.0,4.0,4.0,1.0,4.0,4.0,4.0,1.0,2.0,1.0,1.0,1.0,1.0,1.0,2.0,2.0,3.0,4.0,3.0,4.0,2.0,5.0,2.0,5.0,2.0,2.0,2.0,3.0,2.0,2.0,2.0,2.0,2.0,2.0,4.0,2.0,6.0,4.0,1.0,2.0,3.0,1.0,,2.0,1.0,,1.0,5.0,1.0,1.0,1.0,,2.0,3.0,1.0,1.0
21.0,2840.0,2020-10-13,21001.0,1.0,0.42094650473234957,65.0,2.0,2.0,2.0,6.0,,4.0,1.0,5.0,4.0,3.0,4.0,,,3.0,4.0,4.0,3.0,4.0,4.0,4.0,3.0,3.0,1.0,15.0,4.0,3.0,2.0,2.0,3.0,1.0,4.0,1.0,2.0,3.0,4.0,2.0,99.0,2.0,4.0,98.0,4.0,98.0,5.0,2.0,4.0,3.0,1.0,2.0,96.0,96.0,96.0,96.0,96.0,99.0,1.0,7.0,4.0,1.0,8.0,3.0,1.0,,3.0,1.0,,1.0,3.0,1.0,1.0,2.0,,6.0,,4.0,4.0
21.0,636.0,2020-10-08,21020.0,1.0,0.4534389937753587,30.0,1.0,15.0,3.0,,7.0,4.0,1.0,6.0,4.0,4.0,4.0,,,4.0,2.0,3.0,4.0,4.0,4.0,4.0,4.0,4.0,1.0,13.0,4.0,2.0,2.0,3.0,4.0,2.0,2.0,1.0,4.0,1.0,4.0,4.0,4.0,1.0,4.0,1.0,5.0,5.0,5.0,5.0,4.0,2.0,3.0,1.0,1.0,2.0,2.0,2.0,1.0,4.0,4.0,7.0,1.0,,6.0,1.0,,98.0,1.0,1.0,,3.0,4.0,2.0,5.0,1.0,,1.0,3.0,1.0,4.0
21.0,2395.0,2020-10-12,21008.0,1.0,0.36065855753414283,40.0,1.0,2.0,2.0,5.0,,4.0,3.0,6.0,4.0,3.0,4.0,,,3.0,2.0,3.0,2.0,3.0,4.0,4.0,4.0,4.0,1.0,37.0,2.0,3.0,1.0,1.0,2.0,1.0,1.0,2.0,4.0,3.0,2.0,2.0,2.0,1.0,1.0,1.0,5.0,2.0,1.0,2.0,4.0,4.0,3.0,3.0,2.0,2.0,2.0,2.0,2.0,3.0,3.0,6.0,1.0,,1.0,1.0,,1.0,1.0,1.0,,2.0,3.0,2.0,5.0,2.0,,1.0,3.0,4.0,4.0
21.0,1748.0,2020-10-11,21010.0,3.0,0.35194755015313445,23.0,2.0,15.0,1.0,4.0,,4.0,3.0,1.0,3.0,3.0,4.0,,,3.0,3.0,4.0,3.0,3.0,2.0,2.0,1.0,4.0,1.0,9.0,4.0,4.0,1.0,2.0,1.0,1.0,2.0,1.0,2.0,4.0,4.0,4.0,4.0,2.0,3.0,2.0,5.0,2.0,2.0,2.0,1.0,4.0,3.0,4.0,2.0,98.0,2.0,2.0,2.0,4.0,1.0,6.0,1.0,,4.0,1.0,,1.0,3.0,1.0,,1.0,3.0,2.0,2.0,2.0,,1.0,3.0,2.0,98.0
21.0,1198.0,2020-10-10,21019.0,3.0,0.4157862986832921,36.0,1.0,15.0,1.0,5.0,,3.0,5.0,1.0,3.0,1.0,3.0,,,3.0,3.0,3.0,3.0,4.0,2.0,4.0,3.0,3.0,1.0,4.0,2.0,3.0,2.0,1.0,2.0,2.0,1.0,4.0,4.0,1.0,4.0,4.0,2.0,2.0,2.0,1.0,5.0,2.0,2.0,2.0,2.0,2.0,3.0,4.0,2.0,2.0,2.0,2.0,2.0,4.0,4.0,6.0,1.0,,6.0,1.0,,1.0,2.0,1.0,,1.0,4.0,2.0,2.0,2.0,,4.0,3.0,2.0,2.0
21.0,611.0,2020-10-08,21002.0,1.0,0.469663517681476,60.0,1.0,16.0,4.0,,1.0,4.0,6.0,99.0,1.0,1.0,4.0,,,4.0,2.0,4.0,4.0,4.0,4.0,4.0,98.0,4.0,1.0,13.0,4.0,4.0,4.0,4.0,98.0,99.0,2.0,1.0,98.0,4.0,4.0,99.0,4.0,4.0,4.0,4.0,5.0,98.0,5.0,3.0,99.0,99.0,98.0,4.0,98.0,99.0,99.0,98.0,99.0,99.0,98.0,6.0,4.0,1.0,5.0,2.0,,2.0,4.0,1.0,,99.0,3.0,1.0,0.0,2.0,,98.0,3.0,4.0,4.0
21.0,1325.0,2020-10-10,21006.0,1.0,0.4331825180355228,28.0,2.0,15.0,1.0,1.0,,4.0,3.0,2.0,4.0,4.0,4.0,,,3.0,2.0,3.0,4.0,4.0,4.0,4.0,4.0,4.0,1.0,35.0,4.0,4.0,2.0,2.0,1.0,1.0,1.0,1.0,2.0,4.0,1.0,4.0,2.0,1.0,1.0,2.0,5.0,98.0,1.0,2.0,4.0,4.0,6.0,4.0,2.0,2.0,2.0,2.0,2.0,4.0,1.0,6.0,5.0,2.0,1.0,2.0,,2.0,1.0,1.0,,2.0,4.0,2.0,2.0,2.0,,1.0,3.0,4.0,97.0
21.0,421.0,2020-10-07,21016.0,3.0,0.35753007352701294,43.0,1.0,15.0,2.0,1.0,,4.0,1.0,2.0,2.0,2.0,3.0,,,2.0,1.0,3.0,4.0,2.0,4.0,4.0,4.0,4.0,1.0,7.0,4.0,4.0,4.0,4.0,1.0,1.0,1.0,1.0,4.0,1.0,1.0,2.0,99.0,99.0,99.0,1.0,5.0,5.0,5.0,5.0,4.0,4.0,5.0,4.0,96.0,96.0,96.0,96.0,96.0,4.0,1.0,6.0,4.0,1.0,5.0,6.0,,,4.0,1.0,,3.0,3.0,2.0,2.0,2.0,,2.0,96.0,2.0,2.0
21.0,192.0,2020-10-07,21003.0,1.0,0.4510901942676279,30.0,2.0,15.0,1.0,4.0,,4.0,2.0,1.0,1.0,1.0,4.0,,,4.0,3.0,4.0,4.0,4.0,4.0,4.0,4.0,4.0,2.0,7.0,4.0,4.0,4.0,4.0,2.0,1.0,1.0,1.0,1.0,1.0,2.0,2.0,4.0,3.0,4.0,2.0,5.0,1.0,5.0,5.0,1.0,1.0,6.0,2.0,96.0,2.0,96.0,2.0,2.0,4.0,4.0,6.0,1.0,,3.0,6.0,,,4.0,1.0,,2.0,3.0,2.0,1.0,2.0,,2.0,3.0,4.0,4.0
21.0,114.0,2020-10-06,21001.0,1.0,0.42335179792526434,29.0,2.0,2.0,3.0,,7.0,4.0,1.0,1.0,2.0,1.0,4.0,,,4.0,3.0,4.0,3.0,3.0,4.0,4.0,3.0,4.0,1.0,13.0,4.0,4.0,3.0,3.0,2.0,1.0,2.0,1.0,2.0,3.0,2.0,4.0,4.0,2.0,2.0,3.0,5.0,98.0,4.0,98.0,2.0,2.0,3.0,4.0,2.0,2.0,2.0,2.0,2.0,4.0,98.0,6.0,1.0,,6.0,6.0,,,4.0,1.0,,2.0,2.0,2.0,1.0,2.0,,1.0,3.0,4.0,4.0
21.0,435.0,2020-10-07,21002.0,2.0,0.4850332460291586,31.0,2.0,15.0,1.0,4.0,,4.0,1.0,1.0,4.0,3.0,4.0,,,3.0,1.0,4.0,2.0,98.0,4.0,4.0,4.0,4.0,1.0,9.0,4.0,4.0,1.0,1.0,1.0,1.0,2.0,1.0,1.0,1.0,1.0,4.0,4.0,98.0,1.0,4.0,5.0,98.0,2.0,98.0,4.0,3.0,3.0,98.0,2.0,96.0,96.0,96.0,96.0,4.0,2.0,6.0,4.0,1.0,4.0,1.0,,3.0,2.0,1.0,,1.0,3.0,2.0,1.0,2.0,,2.0,96.0,2.0,2.0
21.0,1270.0,2020-10-10,21023.0,1.0,0.39094856816496504,43.0,1.0,15.0,1.0,5.0,,3.0,4.0,1.0,4.0,3.0,3.0,,,3.0,1.0,4.0,3.0,4.0,4.0,3.0,4.0,3.0,1.0,6.0,4.0,4.0,2.0,2.0,2.0,3.0,3.0,4.0,4.0,3.0,2.0,3.0,3.0,3.0,3.0,3.0,5.0,4.0,5.0,4.0,4.0,4.0,3.0,4.0,96.0,96.0,96.0,96.0,96.0,4.0,1.0,6.0,4.0,1.0,5.0,1.0,,1.0,3.0,1.0,,2.0,5.0,2.0,1.0,2.0,,1.0,96.0,2.0,2.0
21.0,2736.0,2020-10-13,21001.0,1.0,0.42094650473234957,55.0,2.0,15.0,2.0,4.0,,4.0,1.0,2.0,3.0,3.0,4.0,,,3.0,1.0,4.0,2.0,3.0,4.0,3.0,4.0,3.0,1.0,6.0,4.0,4.0,2.0,2.0,2.0,2.0,4.0,2.0,2.0,4.0,2.0,4.0,4.0,2.0,4.0,4.0,5.0,4.0,5.0,4.0,2.0,2.0,6.0,4.0,2.0,2.0,2.0,2.0,2.0,4.0,3.0,6.0,4.0,1.0,5.0,1.0,,1.0,2.0,1.0,,2.0,2.0,2.0,1.0,1.0,,1.0,3.0,2.0,2.0
21.0,1702.0,2020-10-11,21003.0,1.0,0.4017223642267967,24.0,2.0,1.0,2.0,7.0,,3.0,1.0,99.0,1.0,1.0,3.0,,,3.0,2.0,3.0,3.0,4.0,1.0,1.0,2.0,3.0,2.0,18.0,4.0,4.0,4.0,2.0,4.0,2.0,2.0,1.0,2.0,4.0,1.0,1.0,99.0,99.0,99.0,99.0,99.0,99.0,99.0,99.0,99.0,4.0,5.0,4.0,98.0,99.0,99.0,99.0,2.0,99.0,4.0,7.0,3.0,2.0,7.0,6.0,,,4.0,1.0,,1.0,2.0,2.0,1.0,2.0,,1.0,3.0,1.0,99.0
21.0,2418.0,2020-10-12,21006.0,1.0,0.38290000366700183,37.0,2.0,15.0,1.0,4.0,,4.0,3.0,2.0,4.0,3.0,4.0,,,2.0,1.0,3.0,2.0,4.0,4.0,3.0,97.0,3.0,1.0,17.0,4.0,4.0,2.0,4.0,4.0,1.0,1.0,1.0,1.0,3.0,1.0,4.0,4.0,4.0,3.0,3.0,5.0,4.0,4.0,5.0,4.0,4.0,5.0,1.0,2.0,2.0,2.0,2.0,2.0,4.0,4.0,6.0,4.0,1.0,4.0,2.0,,2.0,2.0,1.0,,1.0,1.0,2.0,1.0,1.0,,1.0,3.0,2.0,3.0
21.0,1354.0,2020-10-10,21005.0,1.0,0.40949928346810205,32.0,2.0,1.0,1.0,2.0,,4.0,6.0,2.0,2.0,1.0,4.0,,,2.0,1.0,3.0,4.0,4.0,4.0,97.0,4.0,4.0,1.0,6.0,4.0,4.0,1.0,2.0,2.0,1.0,99.0,1.0,1.0,4.0,1.0,4.0,4.0,4.0,2.0,2.0,5.0,99.0,2.0,4.0,2.0,4.0,6.0,1.0,98.0,98.0,98.0,99.0,98.0,4.0,4.0,7.0,4.0,1.0,4.0,1.0,,2.0,4.0,1.0,,2.0,3.0,2.0,1.0,2.0,,3.0,3.0,2.0,2.0
21.0,2417.0,2020-10-12,21007.0,1.0,0.3565070345555142,40.0,2.0,15.0,1.0,4.0,,4.0,1.0,2.0,2.0,1.0,4.0,,,2.0,1.0,3.0,4.0,4.0,3.0,4.0,4.0,4.0,1.0,2.0,3.0,4.0,2.0,2.0,2.0,3.0,2.0,3.0,4.0,1.0,1.0,1.0,4.0,98.0,1.0,4.0,4.0,98.0,2.0,98.0,2.0,2.0,5.0,4.0,98.0,2.0,2.0,2.0,1.0,2.0,2.0,6.0,4.0,1.0,4.0,2.0,,2.0,3.0,1.0,,2.0,2.0,2.0,2.0,2.0,,3.0,3.0,1.0,1.0
21.0,49.0,2020-10-06,21003.0,1.0,0.3912152983727402,23.0,1.0,1.0,2.0,3.0,,3.0,5.0,4.0,4.0,4.0,3.0,,,2.0,2.0,4.0,3.0,2.0,3.0,2.0,3.0,3.0,1.0,7.0,4.0,4.0,1.0,1.0,1.0,1.0,1.0,1.0,2.0,4.0,4.0,3.0,3.0,4.0,3.0,4.0,5.0,5.0,4.0,4.0,3.0,4.0,6.0,3.0,2.0,2.0,2.0,2.0,2.0,4.0,1.0,7.0,4.0,1.0,4.0,5.0,,,1.0,3.0,,3.0,,2.0,6.0,2.0,,4.0,3.0,4.0,3.0
21.0,1890.0,2020-10-11,21006.0,1.0,0.38577452469229073,20.0,2.0,15.0,2.0,4.0,,4.0,4.0,2.0,4.0,2.0,4.0,,,3.0,3.0,3.0,3.0,4.0,4.0,3.0,4.0,3.0,2.0,98.0,4.0,4.0,3.0,3.0,3.0,1.0,1.0,1.0,2.0,2.0,3.0,4.0,3.0,1.0,2.0,2.0,1.0,5.0,4.0,4.0,3.0,3.0,3.0,4.0,2.0,99.0,99.0,99.0,99.0,4.0,3.0,6.0,1.0,,4.0,5.0,,,2.0,1.0,,2.0,4.0,2.0,1.0,2.0,,1.0,3.0,1.0,1.0
21.0,187.0,2020-10-07,21019.0,3.0,0.4157862986832921,42.0,1.0,12.0,1.0,5.0,,4.0,4.0,1.0,4.0,4.0,4.0,,,2.0,1.0,3.0,4.0,3.0,4.0,4.0,4.0,4.0,2.0,3.0,3.0,3.0,2.0,2.0,4.0,1.0,2.0,2.0,2.0,3.0,3.0,3.0,3.0,3.0,3.0,2.0,5.0,98.0,4.0,4.0,2.0,2.0,3.0,4.0,1.0,2.0,2.0,2.0,2.0,3.0,2.0,6.0,4.0,1.0,5.0,1.0,,1.0,2.0,1.0,,2.0,3.0,2.0,1.0,2.0,,3.0,3.0,2.0,2.0
21.0,1830.0,2020-10-11,21002.0,2.0,0.4850332460291586,30.0,2.0,1.0,2.0,1.0,,4.0,1.0,1.0,4.0,3.0,3.0,,,2.0,3.0,4.0,4.0,3.0,3.0,4.0,2.0,2.0,2.0,16.0,2.0,2.0,1.0,2.0,2.0,1.0,3.0,2.0,3.0,1.0,2.0,3.0,1.0,3.0,2.0,1.0,4.0,2.0,1.0,4.0,1.0,2.0,4.0,2.0,1.0,1.0,2.0,1.0,1.0,3.0,4.0,7.0,3.0,2.0,4.0,6.0,,,2.0,1.0,,3.0,3.0,2.0,2.0,2.0,,3.0,2.0,2.0,4.0
21.0,2712.0,2020-10-13,21016.0,3.0,0.3671324383705646,35.0,2.0,15.0,2.0,1.0,,3.0,3.0,2.0,3.0,1.0,3.0,,,3.0,1.0,3.0,3.0,2.0,2.0,3.0,2.0,2.0,2.0,98.0,3.0,4.0,1.0,3.0,2.0,1.0,1.0,1.0,2.0,3.0,1.0,2.0,3.0,4.0,2.0,3.0,5.0,4.0,2.0,2.0,2.0,2.0,3.0,2.0,2.0,2.0,2.0,2.0,1.0,4.0,4.0,6.0,4.0,1.0,4.0,6.0,,,3.0,1.0,,2.0,3.0,2.0,1.0,2.0,,6.0,,2.0,2.0
21.0,1263.0,2020-10-10,21002.0,1.0,0.469663517681476,63.0,1.0,15.0,2.0,4.0,,3.0,5.0,6.0,4.0,1.0,3.0,,,98.0,1.0,4.0,4.0,2.0,4.0,4.0,3.0,3.0,1.0,35.0,3.0,4.0,2.0,1.0,2.0,1.0,3.0,1.0,2.0,1.0,4.0,2.0,2.0,3.0,3.0,2.0,2.0,3.0,4.0,2.0,2.0,2.0,5.0,3.0,1.0,1.0,1.0,1.0,97.0,1.0,1.0,6.0,4.0,1.0,5.0,3.0,1.0,,3.0,1.0,,2.0,1.0,2.0,1.0,2.0,,3.0,3.0,2.0,97.0
21.0,2716.0,2020-10-13,21016.0,1.0,0.41534435252758933,28.0,2.0,15.0,1.0,1.0,,4.0,3.0,6.0,4.0,4.0,4.0,,,2.0,1.0,4.0,4.0,4.0,4.0,4.0,4.0,4.0,1.0,2.0,1.0,1.0,4.0,4.0,4.0,1.0,1.0,98.0,4.0,4.0,3.0,4.0,2.0,1.0,1.0,3.0,5.0,2.0,2.0,2.0,1.0,2.0,5.0,4.0,2.0,2.0,2.0,2.0,2.0,4.0,4.0,6.0,4.0,1.0,4.0,2.0,,2.0,3.0,1.0,,2.0,5.0,2.0,1.0,2.0,,1.0,3.0,4.0,4.0
21.0,2057.0,2020-10-12,21018.0,1.0,0.4403346244962965,35.0,2.0,15.0,1.0,1.0,,4.0,3.0,2.0,4.0,4.0,4.0,,,2.0,1.0,2.0,4.0,4.0,4.0,4.0,4.0,4.0,1.0,20.0,2.0,4.0,4.0,4.0,4.0,1.0,1.0,1.0,1.0,4.0,1.0,1.0,99.0,99.0,99.0,99.0,4.0,98.0,4.0,99.0,4.0,4.0,5.0,1.0,2.0,2.0,2.0,2.0,2.0,4.0,1.0,7.0,4.0,1.0,4.0,1.0,,1.0,3.0,1.0,,1.0,3.0,2.0,2.0,2.0,,2.0,98.0,1.0,97.0
21.0,96.0,2020-10-06,21022.0,1.0,0.3784512203418515,45.0,2.0,1.0,2.0,4.0,,4.0,1.0,1.0,3.0,4.0,98.0,,,1.0,1.0,98.0,2.0,2.0,4.0,4.0,4.0,4.0,4.0,,4.0,4.0,1.0,2.0,1.0,1.0,2.0,1.0,3.0,1.0,2.0,4.0,4.0,98.0,98.0,98.0,4.0,98.0,2.0,98.0,4.0,4.0,1.0,4.0,98.0,98.0,98.0,98.0,98.0,4.0,98.0,7.0,4.0,1.0,6.0,4.0,,,3.0,1.0,,2.0,2.0,1.0,1.0,2.0,,2.0,98.0,2.0,1.0
21.0,457.0,2020-10-07,21015.0,1.0,0.44883984868869453,22.0,1.0,1.0,1.0,3.0,,4.0,1.0,5.0,4.0,2.0,3.0,,,2.0,1.0,4.0,3.0,2.0,4.0,3.0,4.0,3.0,1.0,18.0,2.0,2.0,2.0,2.0,2.0,1.0,3.0,1.0,3.0,1.0,1.0,4.0,4.0,2.0,4.0,3.0,5.0,4.0,5.0,4.0,4.0,4.0,3.0,4.0,2.0,2.0,99.0,98.0,98.0,4.0,3.0,6.0,1.0,,8.0,5.0,,,3.0,1.0,,3.0,4.0,2.0,1.0,2.0,,1.0,2.0,4.0,98.0
21.0,1995.0,2020-10-11,21006.0,2.0,0.38056114040195516,45.0,2.0,1.0,2.0,4.0,,4.0,4.0,2.0,2.0,2.0,4.0,,,3.0,1.0,3.0,3.0,3.0,3.0,4.0,3.0,98.0,2.0,2.0,4.0,4.0,1.0,2.0,1.0,1.0,2.0,1.0,3.0,3.0,1.0,4.0,3.0,3.0,4.0,3.0,5.0,2.0,5.0,2.0,2.0,2.0,5.0,4.0,96.0,2.0,99.0,99.0,99.0,4.0,2.0,6.0,4.0,1.0,5.0,4.0,,,2.0,1.0,,1.0,3.0,2.0,1.0,1.0,,2.0,3.0,1.0,98.0
21.0,283.0,2020-10-07,21019.0,2.0,0.42695328023961493,38.0,2.0,15.0,1.0,4.0,,3.0,5.0,2.0,4.0,1.0,4.0,,,1.0,1.0,3.0,4.0,3.0,3.0,2.0,3.0,3.0,2.0,6.0,4.0,3.0,3.0,3.0,1.0,1.0,1.0,1.0,2.0,1.0,1.0,3.0,1.0,2.0,2.0,1.0,5.0,4.0,2.0,5.0,1.0,2.0,3.0,1.0,2.0,2.0,2.0,2.0,2.0,3.0,3.0,7.0,4.0,1.0,4.0,6.0,,,3.0,1.0,,3.0,3.0,2.0,2.0,2.0,,2.0,3.0,4.0,2.0
21.0,572.0,2020-10-07,21006.0,1.0,0.38290000366700183,36.0,2.0,1.0,4.0,,3.0,3.0,1.0,2.0,3.0,1.0,3.0,,,4.0,3.0,3.0,2.0,2.0,4.0,4.0,3.0,3.0,1.0,37.0,4.0,4.0,2.0,3.0,3.0,4.0,2.0,2.0,3.0,1.0,3.0,1.0,2.0,2.0,1.0,2.0,5.0,2.0,2.0,98.0,3.0,2.0,4.0,4.0,2.0,2.0,2.0,2.0,2.0,4.0,4.0,6.0,4.0,1.0,5.0,4.0,,,3.0,1.0,,1.0,5.0,2.0,1.0,2.0,,3.0,98.0,4.0,4.0
21.0,4158.0,2020-10-14,21007.0,2.0,0.4033236183001993,32.0,2.0,1.0,1.0,6.0,,3.0,2.0,2.0,4.0,4.0,2.0,,,1.0,1.0,2.0,2.0,2.0,1.0,3.0,2.0,2.0,2.0,20.0,4.0,4.0,1.0,1.0,1.0,1.0,1.0,1.0,1.0,1.0,1.0,1.0,4.0,2.0,2.0,2.0,5.0,4.0,4.0,5.0,4.0,4.0,3.0,4.0,96.0,96.0,96.0,96.0,96.0,4.0,98.0,6.0,4.0,1.0,4.0,4.0,,,2.0,1.0,,2.0,4.0,2.0,1.0,2.0,,3.0,3.0,1.0,1.0
21.0,939.0,2020-10-09,21023.0,3.0,0.40144847031179914,35.0,2.0,15.0,1.0,1.0,,4.0,3.0,2.0,3.0,1.0,4.0,,,4.0,3.0,3.0,4.0,4.0,98.0,3.0,3.0,4.0,1.0,6.0,4.0,4.0,2.0,2.0,1.0,1.0,2.0,4.0,3.0,4.0,4.0,3.0,4.0,4.0,3.0,3.0,5.0,2.0,2.0,4.0,1.0,2.0,5.0,2.0,2.0,96.0,2.0,1.0,2.0,4.0,3.0,6.0,4.0,1.0,3.0,1.0,,1.0,2.0,1.0,,1.0,3.0,2.0,2.0,2.0,,2.0,3.0,2.0,4.0
21.0,1078.0,2020-10-09,21002.0,1.0,0.42611323762281206,49.0,2.0,1.0,1.0,4.0,,4.0,4.0,1.0,4.0,2.0,2.0,,,1.0,1.0,3.0,3.0,3.0,4.0,3.0,4.0,2.0,1.0,14.0,4.0,4.0,4.0,4.0,3.0,1.0,1.0,1.0,2.0,4.0,1.0,4.0,99.0,1.0,4.0,99.0,99.0,4.0,98.0,98.0,4.0,3.0,1.0,2.0,2.0,2.0,2.0,98.0,2.0,98.0,4.0,6.0,4.0,1.0,5.0,6.0,,,4.0,1.0,,1.0,3.0,1.0,1.0,2.0,,2.0,3.0,1.0,98.0
21.0,967.0,2020-10-09,21006.0,1.0,0.41945583500569433,55.0,1.0,15.0,2.0,6.0,,4.0,3.0,2.0,4.0,4.0,3.0,,,3.0,2.0,3.0,4.0,3.0,4.0,3.0,4.0,3.0,1.0,98.0,4.0,4.0,1.0,1.0,1.0,1.0,1.0,2.0,2.0,1.0,4.0,4.0,4.0,2.0,1.0,2.0,5.0,4.0,2.0,4.0,3.0,3.0,3.0,3.0,2.0,2.0,2.0,2.0,2.0,4.0,3.0,7.0,4.0,1.0,5.0,1.0,,1.0,3.0,1.0,,2.0,3.0,2.0,5.0,1.0,,1.0,97.0,2.0,98.0
21.0,411.0,2020-10-07,21012.0,1.0,0.4232399312488539,27.0,1.0,2.0,3.0,,1.0,4.0,4.0,2.0,4.0,4.0,4.0,,,3.0,1.0,4.0,4.0,4.0,4.0,4.0,3.0,3.0,1.0,22.0,4.0,4.0,1.0,2.0,1.0,1.0,3.0,1.0,2.0,3.0,2.0,4.0,4.0,4.0,2.0,2.0,5.0,2.0,2.0,4.0,2.0,2.0,6.0,3.0,2.0,2.0,2.0,2.0,2.0,4.0,2.0,6.0,1.0,,4.0,1.0,,1.0,2.0,1.0,,3.0,3.0,2.0,2.0,1.0,,1.0,3.0,4.0,4.0
21.0,3195.0,2020-10-13,21021.0,1.0,0.5116394980762203,25.0,2.0,15.0,2.0,1.0,,4.0,5.0,2.0,3.0,1.0,4.0,,,2.0,2.0,4.0,3.0,3.0,4.0,4.0,4.0,4.0,1.0,2.0,4.0,4.0,1.0,2.0,1.0,1.0,2.0,2.0,2.0,3.0,4.0,3.0,3.0,3.0,3.0,4.0,5.0,4.0,4.0,4.0,3.0,3.0,2.0,4.0,2.0,96.0,96.0,2.0,96.0,4.0,2.0,6.0,1.0,,6.0,5.0,,,3.0,1.0,,3.0,5.0,2.0,1.0,2.0,,1.0,3.0,2.0,98.0
21.0,1191.0,2020-10-10,21009.0,1.0,0.3710728894779693,72.0,1.0,1.0,1.0,5.0,,4.0,1.0,5.0,4.0,4.0,4.0,,,3.0,1.0,3.0,3.0,4.0,4.0,3.0,4.0,3.0,1.0,13.0,4.0,4.0,1.0,2.0,2.0,1.0,1.0,4.0,4.0,4.0,1.0,1.0,2.0,2.0,4.0,4.0,5.0,98.0,5.0,2.0,98.0,2.0,1.0,98.0,2.0,2.0,2.0,2.0,2.0,3.0,98.0,6.0,4.0,1.0,7.0,3.0,1.0,,4.0,1.0,,1.0,4.0,2.0,2.0,2.0,,3.0,3.0,1.0,98.0
21.0,4553.0,2020-10-15,21022.0,1.0,0.3736016920314025,21.0,1.0,1.0,2.0,4.0,,3.0,3.0,2.0,4.0,3.0,2.0,,,2.0,1.0,2.0,4.0,4.0,4.0,4.0,4.0,4.0,1.0,98.0,4.0,4.0,1.0,1.0,1.0,1.0,1.0,1.0,1.0,4.0,3.0,3.0,4.0,4.0,4.0,4.0,5.0,5.0,5.0,5.0,4.0,4.0,3.0,4.0,2.0,96.0,96.0,96.0,96.0,4.0,4.0,6.0,1.0,,6.0,5.0,,,2.0,1.0,,2.0,4.0,2.0,1.0,2.0,,1.0,3.0,2.0,2.0
21.0,1199.0,2020-10-10,21003.0,98.0,0.3912152983727402,19.0,1.0,1.0,4.0,,4.0,4.0,4.0,1.0,1.0,1.0,4.0,,,3.0,1.0,3.0,4.0,4.0,4.0,3.0,4.0,4.0,1.0,14.0,4.0,4.0,1.0,2.0,1.0,1.0,1.0,1.0,1.0,4.0,2.0,2.0,2.0,1.0,2.0,4.0,5.0,98.0,2.0,4.0,2.0,2.0,5.0,2.0,2.0,98.0,2.0,2.0,2.0,4.0,4.0,6.0,1.0,,4.0,5.0,,,3.0,1.0,,2.0,3.0,2.0,1.0,2.0,,1.0,3.0,4.0,4.0
21.0,2338.0,2020-10-12,21013.0,1.0,0.41609791248206063,38.0,2.0,15.0,2.0,4.0,,4.0,6.0,2.0,4.0,3.0,4.0,,,3.0,1.0,4.0,3.0,4.0,4.0,4.0,4.0,3.0,1.0,26.0,4.0,4.0,1.0,2.0,2.0,1.0,1.0,1.0,2.0,1.0,1.0,4.0,4.0,4.0,3.0,4.0,5.0,98.0,5.0,2.0,4.0,4.0,6.0,4.0,2.0,2.0,2.0,2.0,2.0,4.0,3.0,6.0,4.0,1.0,6.0,6.0,,,3.0,1.0,,2.0,3.0,2.0,1.0,1.0,,2.0,3.0,4.0,4.0
21.0,2583.0,2020-10-13,21005.0,2.0,0.3597548557987398,46.0,2.0,1.0,2.0,4.0,,3.0,3.0,5.0,4.0,3.0,4.0,,,3.0,1.0,3.0,3.0,3.0,3.0,4.0,4.0,4.0,1.0,9.0,4.0,4.0,3.0,4.0,98.0,1.0,2.0,1.0,3.0,2.0,4.0,1.0,4.0,4.0,2.0,4.0,5.0,5.0,98.0,5.0,4.0,2.0,3.0,4.0,2.0,98.0,98.0,98.0,98.0,4.0,2.0,7.0,4.0,1.0,3.0,1.0,,1.0,2.0,1.0,,98.0,3.0,2.0,3.0,1.0,,2.0,3.0,1.0,1.0
21.0,1689.0,2020-10-11,21006.0,2.0,0.38577452469229073,20.0,2.0,2.0,2.0,1.0,,4.0,4.0,1.0,4.0,4.0,4.0,,,4.0,1.0,3.0,4.0,4.0,3.0,3.0,4.0,4.0,1.0,5.0,4.0,4.0,2.0,3.0,2.0,1.0,1.0,1.0,2.0,2.0,1.0,3.0,1.0,2.0,1.0,2.0,1.0,2.0,1.0,2.0,4.0,2.0,3.0,2.0,98.0,98.0,98.0,98.0,98.0,4.0,4.0,7.0,1.0,,6.0,5.0,,,2.0,1.0,,1.0,3.0,2.0,2.0,2.0,,1.0,3.0,1.0,1.0
21.0,1231.0,2020-10-10,21006.0,2.0,0.38290000366700183,44.0,2.0,12.0,1.0,3.0,,4.0,1.0,4.0,4.0,4.0,4.0,,,2.0,2.0,4.0,3.0,3.0,3.0,3.0,3.0,98.0,1.0,30.0,4.0,4.0,2.0,2.0,2.0,2.0,1.0,1.0,2.0,3.0,2.0,2.0,2.0,98.0,4.0,98.0,4.0,98.0,4.0,98.0,2.0,2.0,2.0,2.0,98.0,2.0,2.0,2.0,98.0,3.0,2.0,6.0,4.0,2.0,2.0,1.0,,1.0,2.0,1.0,,2.0,3.0,2.0,2.0,2.0,,1.0,3.0,2.0,1.0
21.0,4135.0,2020-10-14,21017.0,2.0,0.43008218074525284,30.0,2.0,1.0,2.0,1.0,,2.0,1.0,2.0,4.0,4.0,3.0,,,2.0,2.0,3.0,3.0,2.0,2.0,4.0,3.0,3.0,2.0,98.0,2.0,3.0,3.0,3.0,4.0,4.0,3.0,3.0,2.0,2.0,4.0,3.0,4.0,2.0,2.0,2.0,5.0,4.0,3.0,3.0,3.0,2.0,3.0,2.0,96.0,96.0,96.0,96.0,96.0,4.0,3.0,6.0,4.0,1.0,5.0,4.0,,,2.0,1.0,,2.0,3.0,2.0,2.0,2.0,,1.0,3.0,3.0,2.0
21.0,2719.0,2020-10-13,21016.0,1.0,0.3648898879258308,45.0,2.0,1.0,1.0,2.0,,4.0,6.0,1.0,2.0,3.0,2.0,,,2.0,1.0,2.0,2.0,3.0,98.0,97.0,98.0,98.0,1.0,2.0,4.0,4.0,1.0,2.0,1.0,1.0,2.0,1.0,2.0,1.0,4.0,1.0,3.0,2.0,3.0,2.0,5.0,2.0,4.0,3.0,2.0,2.0,5.0,2.0,2.0,96.0,96.0,2.0,98.0,98.0,2.0,6.0,4.0,1.0,4.0,2.0,,2.0,3.0,1.0,,1.0,3.0,2.0,2.0,1.0,,1.0,3.0,2.0,2.0
21.0,86.0,2020-10-06,21009.0,2.0,0.37319320425693175,27.0,1.0,1.0,1.0,5.0,,4.0,5.0,1.0,4.0,4.0,4.0,,,2.0,2.0,2.0,2.0,2.0,4.0,4.0,3.0,3.0,2.0,14.0,4.0,4.0,3.0,3.0,2.0,1.0,1.0,1.0,1.0,2.0,3.0,3.0,4.0,1.0,2.0,2.0,5.0,1.0,3.0,2.0,4.0,3.0,6.0,3.0,2.0,1.0,2.0,2.0,2.0,4.0,2.0,6.0,1.0,,4.0,1.0,,1.0,3.0,1.0,,2.0,3.0,2.0,2.0,2.0,,1.0,2.0,3.0,3.0
21.0,1820.0,2020-10-11,21005.0,1.0,0.35514490538969734,24.0,1.0,15.0,1.0,6.0,,4.0,4.0,1.0,1.0,3.0,4.0,,,4.0,4.0,4.0,4.0,4.0,1.0,1.0,1.0,3.0,1.0,10.0,3.0,2.0,2.0,2.0,1.0,2.0,2.0,1.0,3.0,4.0,4.0,4.0,3.0,2.0,2.0,2.0,5.0,4.0,1.0,1.0,4.0,1.0,3.0,1.0,2.0,2.0,2.0,2.0,2.0,3.0,1.0,6.0,1.0,,3.0,5.0,,,2.0,1.0,,2.0,5.0,2.0,1.0,2.0,,2.0,3.0,99.0,99.0
21.0,3380.0,2020-10-13,21006.0,2.0,0.38577452469229073,24.0,2.0,15.0,1.0,5.0,,3.0,3.0,2.0,4.0,4.0,98.0,,,2.0,2.0,2.0,2.0,2.0,2.0,3.0,98.0,2.0,2.0,2.0,4.0,4.0,2.0,2.0,1.0,1.0,1.0,1.0,1.0,2.0,1.0,4.0,2.0,98.0,1.0,3.0,3.0,3.0,2.0,2.0,3.0,1.0,98.0,2.0,98.0,98.0,98.0,98.0,98.0,2.0,3.0,6.0,1.0,,6.0,6.0,,,2.0,1.0,,2.0,3.0,2.0,1.0,2.0,,1.0,3.0,1.0,97.0
21.0,1311.0,2020-10-10,21001.0,1.0,0.42335179792526434,34.0,2.0,15.0,1.0,4.0,,4.0,5.0,2.0,4.0,4.0,3.0,,,2.0,1.0,2.0,4.0,4.0,4.0,4.0,2.0,3.0,1.0,18.0,4.0,3.0,1.0,2.0,1.0,1.0,2.0,2.0,2.0,2.0,2.0,3.0,3.0,98.0,98.0,98.0,4.0,98.0,98.0,98.0,4.0,3.0,3.0,3.0,2.0,2.0,2.0,98.0,2.0,3.0,3.0,6.0,4.0,1.0,3.0,1.0,,2.0,2.0,1.0,,2.0,2.0,2.0,2.0,2.0,,1.0,96.0,2.0,2.0
21.0,2193.0,2020-10-12,21015.0,1.0,0.5039979661817656,25.0,1.0,2.0,4.0,,1.0,4.0,1.0,4.0,4.0,1.0,4.0,,,3.0,1.0,3.0,4.0,4.0,4.0,4.0,97.0,4.0,1.0,28.0,4.0,4.0,2.0,4.0,4.0,2.0,4.0,4.0,1.0,4.0,1.0,4.0,4.0,99.0,2.0,2.0,5.0,99.0,2.0,2.0,4.0,4.0,5.0,4.0,2.0,2.0,2.0,2.0,2.0,4.0,3.0,6.0,1.0,,5.0,6.0,,,2.0,1.0,,2.0,1.0,2.0,1.0,2.0,,1.0,96.0,2.0,2.0
21.0,2474.0,2020-10-12,21023.0,1.0,0.4541667734806569,29.0,2.0,15.0,2.0,1.0,,4.0,4.0,2.0,3.0,2.0,3.0,,,98.0,1.0,2.0,3.0,3.0,4.0,3.0,4.0,3.0,1.0,7.0,3.0,4.0,4.0,4.0,4.0,3.0,2.0,1.0,2.0,2.0,1.0,2.0,4.0,98.0,3.0,98.0,5.0,98.0,98.0,98.0,4.0,4.0,3.0,98.0,98.0,98.0,98.0,98.0,98.0,98.0,98.0,7.0,4.0,1.0,3.0,7.0,,,3.0,1.0,,1.0,99.0,2.0,1.0,2.0,,1.0,3.0,1.0,98.0
21.0,2262.0,2020-10-12,21003.0,2.0,0.4510901942676279,28.0,2.0,6.0,4.0,,1.0,4.0,1.0,2.0,4.0,1.0,4.0,,,4.0,1.0,3.0,4.0,4.0,4.0,4.0,4.0,3.0,1.0,18.0,1.0,1.0,4.0,4.0,2.0,1.0,1.0,1.0,4.0,2.0,4.0,4.0,2.0,1.0,1.0,4.0,98.0,4.0,98.0,2.0,3.0,2.0,2.0,2.0,2.0,2.0,2.0,2.0,2.0,4.0,4.0,6.0,4.0,1.0,4.0,4.0,,,2.0,1.0,,2.0,1.0,2.0,1.0,2.0,,1.0,3.0,2.0,98.0
21.0,2910.0,2020-10-13,21005.0,2.0,0.35249861479188976,36.0,1.0,2.0,1.0,4.0,,4.0,4.0,6.0,4.0,4.0,4.0,,,4.0,4.0,4.0,3.0,4.0,4.0,4.0,4.0,4.0,1.0,98.0,4.0,4.0,4.0,4.0,4.0,1.0,1.0,1.0,2.0,1.0,1.0,1.0,98.0,98.0,98.0,98.0,98.0,98.0,98.0,98.0,99.0,4.0,97.0,4.0,98.0,98.0,98.0,98.0,98.0,4.0,4.0,6.0,4.0,2.0,3.0,1.0,,2.0,3.0,1.0,,3.0,1.0,98.0,1.0,2.0,,1.0,3.0,4.0,4.0
21.0,2278.0,2020-10-12,21001.0,1.0,0.364422914429681,36.0,1.0,7.0,2.0,1.0,,2.0,5.0,2.0,2.0,3.0,3.0,,,2.0,3.0,1.0,3.0,2.0,3.0,3.0,3.0,2.0,1.0,7.0,4.0,4.0,2.0,4.0,4.0,1.0,2.0,1.0,2.0,4.0,4.0,4.0,4.0,4.0,2.0,2.0,5.0,2.0,2.0,4.0,1.0,3.0,3.0,3.0,2.0,2.0,2.0,2.0,2.0,4.0,4.0,7.0,1.0,,8.0,2.0,,2.0,4.0,1.0,,1.0,1.0,2.0,2.0,2.0,,2.0,1.0,4.0,4.0
21.0,2098.0,2020-10-12,21006.0,1.0,0.38290000366700183,36.0,2.0,15.0,1.0,6.0,,4.0,5.0,3.0,4.0,2.0,4.0,,,2.0,1.0,4.0,2.0,3.0,98.0,3.0,4.0,4.0,2.0,3.0,4.0,4.0,4.0,1.0,4.0,1.0,4.0,1.0,2.0,1.0,4.0,2.0,3.0,1.0,1.0,4.0,5.0,5.0,2.0,2.0,4.0,4.0,5.0,4.0,2.0,2.0,2.0,2.0,2.0,4.0,2.0,6.0,4.0,1.0,4.0,1.0,,2.0,2.0,1.0,,2.0,3.0,2.0,2.0,2.0,,2.0,3.0,4.0,4.0
21.0,3240.0,2020-10-13,21006.0,1.0,0.38577452469229073,22.0,2.0,15.0,2.0,1.0,,4.0,98.0,2.0,1.0,3.0,4.0,,,4.0,2.0,4.0,4.0,4.0,3.0,4.0,4.0,3.0,1.0,98.0,4.0,3.0,3.0,3.0,1.0,1.0,2.0,1.0,4.0,4.0,3.0,4.0,4.0,2.0,4.0,4.0,5.0,98.0,98.0,98.0,4.0,4.0,5.0,98.0,2.0,2.0,2.0,2.0,2.0,4.0,98.0,7.0,1.0,,5.0,5.0,,,2.0,1.0,,99.0,5.0,1.0,1.0,2.0,,1.0,3.0,1.0,97.0
21.0,4911.0,2020-10-15,21017.0,3.0,0.3830134918833866,22.0,2.0,1.0,1.0,1.0,,1.0,2.0,2.0,3.0,3.0,1.0,,,1.0,1.0,1.0,4.0,4.0,4.0,4.0,4.0,4.0,2.0,98.0,4.0,4.0,1.0,1.0,1.0,1.0,1.0,1.0,2.0,3.0,2.0,2.0,4.0,4.0,4.0,4.0,5.0,5.0,5.0,5.0,4.0,4.0,3.0,4.0,96.0,96.0,96.0,96.0,96.0,4.0,98.0,6.0,1.0,,6.0,5.0,,,2.0,1.0,,2.0,4.0,2.0,1.0,2.0,,1.0,3.0,1.0,1.0
21.0,4982.0,2020-10-15,21009.0,3.0,0.3412766151235328,24.0,2.0,15.0,2.0,5.0,,4.0,1.0,2.0,4.0,4.0,2.0,,,3.0,2.0,3.0,3.0,2.0,2.0,3.0,4.0,3.0,2.0,98.0,4.0,3.0,2.0,3.0,4.0,3.0,3.0,4.0,3.0,2.0,4.0,3.0,4.0,2.0,3.0,2.0,5.0,4.0,3.0,3.0,3.0,2.0,3.0,2.0,2.0,96.0,96.0,2.0,2.0,4.0,4.0,6.0,4.0,2.0,5.0,5.0,,,3.0,1.0,,2.0,5.0,2.0,1.0,2.0,,1.0,3.0,3.0,2.0
21.0,1387.0,2020-10-10,21001.0,2.0,0.3742104037650075,37.0,2.0,2.0,3.0,,1.0,4.0,1.0,5.0,4.0,2.0,3.0,,,2.0,1.0,1.0,4.0,4.0,4.0,3.0,3.0,3.0,1.0,27.0,4.0,4.0,1.0,1.0,1.0,1.0,4.0,1.0,98.0,2.0,2.0,4.0,2.0,2.0,2.0,2.0,5.0,3.0,2.0,2.0,4.0,2.0,6.0,4.0,2.0,98.0,98.0,2.0,98.0,4.0,98.0,6.0,4.0,2.0,4.0,1.0,,2.0,2.0,1.0,,2.0,3.0,2.0,2.0,2.0,,1.0,96.0,2.0,2.0
21.0,3622.0,2020-10-14,21019.0,1.0,0.4830208807690887,28.0,2.0,2.0,3.0,,7.0,4.0,1.0,2.0,3.0,3.0,4.0,,,4.0,2.0,4.0,2.0,4.0,4.0,3.0,3.0,4.0,1.0,6.0,4.0,4.0,2.0,2.0,1.0,1.0,1.0,1.0,2.0,2.0,2.0,4.0,3.0,3.0,2.0,2.0,5.0,4.0,2.0,98.0,4.0,4.0,1.0,3.0,2.0,2.0,2.0,2.0,2.0,4.0,3.0,7.0,4.0,1.0,4.0,4.0,,,3.0,1.0,,2.0,3.0,2.0,1.0,2.0,,1.0,3.0,2.0,2.0
21.0,986.0,2020-10-09,21005.0,2.0,0.3646832105740382,20.0,2.0,15.0,1.0,5.0,,4.0,4.0,2.0,2.0,2.0,4.0,,,4.0,1.0,4.0,3.0,4.0,3.0,4.0,3.0,4.0,1.0,16.0,2.0,4.0,1.0,1.0,2.0,1.0,4.0,1.0,3.0,1.0,1.0,2.0,2.0,1.0,1.0,1.0,5.0,4.0,1.0,4.0,1.0,1.0,3.0,3.0,2.0,2.0,2.0,2.0,2.0,1.0,1.0,7.0,1.0,,6.0,5.0,,,3.0,1.0,,2.0,3.0,2.0,1.0,2.0,,1.0,2.0,2.0,1.0
21.0,4666.0,2020-10-15,21008.0,3.0,0.37312521287552813,22.0,2.0,1.0,2.0,1.0,,4.0,5.0,4.0,4.0,4.0,4.0,,,4.0,2.0,3.0,3.0,2.0,2.0,4.0,4.0,2.0,2.0,7.0,4.0,4.0,3.0,4.0,2.0,2.0,3.0,3.0,2.0,2.0,3.0,2.0,4.0,2.0,2.0,3.0,5.0,4.0,3.0,3.0,4.0,4.0,3.0,2.0,2.0,2.0,2.0,2.0,2.0,4.0,3.0,6.0,1.0,,5.0,5.0,,,2.0,1.0,,2.0,5.0,2.0,3.0,1.0,,1.0,3.0,2.0,2.0
21.0,808.0,2020-10-08,21022.0,2.0,0.4307808527379992,34.0,2.0,1.0,1.0,2.0,,4.0,1.0,5.0,3.0,3.0,4.0,,,4.0,2.0,2.0,3.0,4.0,4.0,4.0,4.0,3.0,1.0,6.0,3.0,3.0,2.0,2.0,2.0,1.0,2.0,1.0,4.0,3.0,1.0,1.0,4.0,2.0,2.0,1.0,5.0,4.0,2.0,4.0,1.0,2.0,3.0,3.0,2.0,2.0,2.0,2.0,2.0,4.0,2.0,7.0,4.0,2.0,2.0,6.0,,,3.0,1.0,,2.0,2.0,2.0,1.0,2.0,,1.0,3.0,2.0,2.0
21.0,2434.0,2020-10-12,21004.0,2.0,0.33757020088568973,22.0,2.0,1.0,2.0,6.0,,4.0,1.0,1.0,4.0,2.0,4.0,,,3.0,2.0,3.0,4.0,4.0,3.0,4.0,2.0,3.0,1.0,6.0,4.0,4.0,2.0,1.0,2.0,1.0,1.0,1.0,2.0,3.0,2.0,3.0,4.0,2.0,2.0,2.0,5.0,4.0,2.0,2.0,3.0,3.0,5.0,4.0,2.0,2.0,2.0,2.0,2.0,4.0,2.0,6.0,1.0,,4.0,5.0,,,2.0,1.0,,2.0,3.0,2.0,2.0,2.0,,2.0,96.0,2.0,2.0
21.0,799.0,2020-10-08,21001.0,1.0,0.3742104037650075,40.0,2.0,6.0,3.0,,6.0,3.0,4.0,5.0,4.0,4.0,4.0,,,2.0,1.0,1.0,4.0,4.0,4.0,3.0,4.0,2.0,1.0,18.0,4.0,3.0,2.0,2.0,98.0,1.0,1.0,1.0,2.0,4.0,4.0,3.0,4.0,98.0,1.0,98.0,5.0,5.0,1.0,98.0,2.0,2.0,7.0,1.0,2.0,2.0,96.0,2.0,2.0,4.0,1.0,7.0,4.0,1.0,5.0,4.0,,,2.0,1.0,,1.0,2.0,2.0,2.0,1.0,,1.0,3.0,2.0,2.0
21.0,434.0,2020-10-07,21014.0,2.0,0.37251442259273004,33.0,1.0,1.0,1.0,1.0,,4.0,3.0,2.0,4.0,3.0,3.0,,,4.0,1.0,2.0,3.0,3.0,4.0,4.0,4.0,4.0,1.0,6.0,4.0,4.0,1.0,1.0,1.0,1.0,1.0,1.0,4.0,3.0,2.0,4.0,4.0,4.0,1.0,2.0,5.0,2.0,1.0,2.0,4.0,4.0,3.0,1.0,2.0,2.0,2.0,2.0,2.0,4.0,4.0,6.0,4.0,1.0,4.0,1.0,,1.0,3.0,1.0,,2.0,2.0,2.0,2.0,2.0,,2.0,3.0,4.0,4.0
21.0,1631.0,2020-10-11,21022.0,1.0,0.4195137608570268,29.0,1.0,1.0,1.0,1.0,,3.0,1.0,2.0,4.0,1.0,4.0,,,3.0,1.0,4.0,2.0,3.0,3.0,3.0,3.0,3.0,1.0,2.0,4.0,4.0,1.0,1.0,2.0,1.0,2.0,1.0,2.0,3.0,1.0,4.0,4.0,2.0,4.0,1.0,5.0,2.0,4.0,2.0,2.0,4.0,4.0,3.0,2.0,2.0,2.0,2.0,2.0,3.0,1.0,7.0,1.0,,4.0,2.0,,2.0,1.0,1.0,,3.0,5.0,2.0,2.0,1.0,,1.0,3.0,2.0,2.0
21.0,2657.0,2020-10-13,21013.0,1.0,0.45842775899932153,27.0,1.0,2.0,1.0,6.0,,2.0,3.0,4.0,3.0,2.0,4.0,,,3.0,3.0,4.0,3.0,4.0,2.0,2.0,4.0,4.0,1.0,98.0,3.0,3.0,2.0,2.0,2.0,1.0,2.0,2.0,3.0,2.0,3.0,3.0,3.0,3.0,4.0,2.0,4.0,2.0,4.0,2.0,4.0,3.0,1.0,3.0,2.0,98.0,98.0,2.0,2.0,4.0,3.0,6.0,5.0,2.0,4.0,1.0,,2.0,2.0,1.0,,3.0,3.0,2.0,1.0,2.0,,1.0,3.0,4.0,4.0
21.0,2669.0,2020-10-13,21002.0,1.0,0.469663517681476,80.0,1.0,1.0,4.0,,1.0,3.0,6.0,5.0,4.0,3.0,3.0,,,4.0,2.0,4.0,3.0,3.0,3.0,98.0,2.0,2.0,1.0,7.0,4.0,4.0,1.0,2.0,2.0,1.0,2.0,1.0,4.0,4.0,2.0,3.0,4.0,2.0,3.0,2.0,5.0,2.0,2.0,2.0,2.0,2.0,6.0,3.0,2.0,2.0,2.0,2.0,2.0,4.0,4.0,6.0,4.0,1.0,7.0,3.0,1.0,,2.0,1.0,,1.0,3.0,2.0,2.0,1.0,,2.0,2.0,4.0,4.0
21.0,1592.0,2020-10-11,21018.0,3.0,0.4288176533007577,36.0,1.0,1.0,4.0,,7.0,4.0,4.0,5.0,4.0,1.0,4.0,,,4.0,3.0,3.0,4.0,2.0,4.0,4.0,4.0,4.0,2.0,26.0,4.0,4.0,2.0,2.0,2.0,1.0,3.0,1.0,2.0,4.0,4.0,4.0,4.0,4.0,4.0,2.0,5.0,3.0,5.0,3.0,4.0,4.0,3.0,2.0,98.0,2.0,2.0,2.0,2.0,4.0,2.0,7.0,4.0,1.0,4.0,2.0,,2.0,3.0,1.0,,3.0,3.0,2.0,1.0,2.0,,3.0,3.0,3.0,98.0
21.0,1717.0,2020-10-11,21005.0,1.0,0.3619658472198845,36.0,2.0,7.0,2.0,4.0,,3.0,4.0,1.0,4.0,4.0,2.0,,,3.0,1.0,3.0,4.0,4.0,4.0,4.0,2.0,1.0,1.0,37.0,3.0,4.0,2.0,1.0,1.0,1.0,2.0,1.0,2.0,4.0,4.0,4.0,4.0,1.0,1.0,1.0,5.0,2.0,1.0,1.0,4.0,4.0,6.0,2.0,2.0,96.0,2.0,2.0,2.0,4.0,1.0,7.0,1.0,,3.0,6.0,,,2.0,1.0,,2.0,98.0,2.0,2.0,2.0,,3.0,3.0,97.0,98.0
21.0,933.0,2020-10-09,21004.0,2.0,0.33757020088568973,20.0,2.0,12.0,2.0,6.0,,3.0,3.0,3.0,4.0,1.0,2.0,,,4.0,1.0,2.0,2.0,1.0,2.0,2.0,3.0,3.0,2.0,7.0,4.0,4.0,4.0,2.0,4.0,1.0,1.0,1.0,2.0,3.0,1.0,4.0,4.0,2.0,2.0,2.0,5.0,2.0,2.0,98.0,4.0,2.0,3.0,98.0,99.0,99.0,99.0,99.0,99.0,3.0,4.0,6.0,1.0,,6.0,5.0,,,2.0,1.0,,1.0,3.0,2.0,1.0,2.0,,2.0,96.0,2.0,2.0
21.0,4649.0,2020-10-15,21008.0,3.0,0.37312521287552813,20.0,2.0,1.0,2.0,1.0,,4.0,1.0,2.0,4.0,4.0,2.0,,,3.0,2.0,3.0,4.0,4.0,3.0,4.0,2.0,4.0,2.0,6.0,4.0,4.0,3.0,4.0,2.0,3.0,2.0,3.0,2.0,2.0,4.0,2.0,4.0,2.0,2.0,3.0,5.0,4.0,3.0,2.0,4.0,4.0,3.0,2.0,96.0,96.0,96.0,96.0,96.0,4.0,4.0,6.0,1.0,,5.0,5.0,,,2.0,1.0,,1.0,5.0,2.0,1.0,1.0,,1.0,3.0,2.0,1.0
21.0,1336.0,2020-10-10,21001.0,1.0,0.42335179792526434,29.0,2.0,2.0,2.0,1.0,,3.0,4.0,2.0,4.0,3.0,4.0,,,2.0,1.0,3.0,2.0,4.0,4.0,3.0,4.0,3.0,1.0,13.0,4.0,4.0,1.0,1.0,1.0,1.0,1.0,1.0,1.0,4.0,3.0,3.0,4.0,2.0,2.0,2.0,5.0,4.0,2.0,4.0,2.0,2.0,6.0,3.0,2.0,2.0,2.0,2.0,2.0,4.0,4.0,6.0,1.0,,4.0,5.0,,,2.0,1.0,,2.0,1.0,2.0,2.0,1.0,,1.0,3.0,2.0,2.0
21.0,324.0,2020-10-07,21004.0,1.0,0.369140161814444,30.0,1.0,1.0,4.0,,4.0,3.0,5.0,1.0,4.0,98.0,2.0,,,4.0,1.0,2.0,3.0,4.0,4.0,4.0,3.0,4.0,1.0,14.0,2.0,4.0,1.0,1.0,1.0,1.0,1.0,1.0,3.0,3.0,4.0,4.0,3.0,4.0,3.0,1.0,5.0,2.0,1.0,5.0,98.0,2.0,6.0,1.0,2.0,2.0,2.0,2.0,2.0,4.0,4.0,7.0,1.0,,6.0,6.0,,,2.0,1.0,,3.0,1.0,2.0,1.0,1.0,,1.0,1.0,98.0,99.0
21.0,2319.0,2020-10-12,21022.0,97.0,0.4171302736526058,70.0,1.0,2.0,4.0,,7.0,4.0,4.0,6.0,4.0,4.0,4.0,,,4.0,1.0,4.0,4.0,2.0,4.0,4.0,3.0,2.0,1.0,37.0,4.0,4.0,2.0,1.0,1.0,1.0,2.0,1.0,2.0,3.0,1.0,1.0,4.0,1.0,4.0,1.0,5.0,1.0,5.0,2.0,4.0,4.0,3.0,4.0,96.0,96.0,96.0,96.0,96.0,4.0,98.0,7.0,4.0,1.0,9.0,3.0,1.0,,2.0,1.0,,2.0,3.0,1.0,2.0,2.0,,2.0,3.0,4.0,4.0
21.0,166.0,2020-10-07,21003.0,2.0,0.38830023652026563,40.0,1.0,1.0,2.0,6.0,,4.0,1.0,2.0,1.0,1.0,4.0,,,3.0,1.0,4.0,3.0,4.0,4.0,4.0,4.0,2.0,1.0,29.0,2.0,4.0,2.0,4.0,4.0,1.0,1.0,1.0,1.0,4.0,1.0,2.0,4.0,4.0,1.0,2.0,5.0,4.0,1.0,5.0,1.0,2.0,3.0,4.0,2.0,98.0,2.0,2.0,2.0,4.0,4.0,6.0,1.0,,8.0,2.0,,2.0,3.0,1.0,,3.0,2.0,2.0,1.0,2.0,,4.0,3.0,99.0,99.0
21.0,2205.0,2020-10-12,21016.0,1.0,0.41534435252758933,34.0,2.0,15.0,1.0,5.0,,4.0,2.0,2.0,4.0,4.0,4.0,,,2.0,1.0,4.0,1.0,2.0,4.0,4.0,4.0,4.0,2.0,13.0,4.0,2.0,98.0,98.0,4.0,2.0,1.0,1.0,2.0,1.0,2.0,2.0,4.0,2.0,2.0,4.0,5.0,5.0,2.0,2.0,4.0,3.0,3.0,1.0,2.0,2.0,2.0,2.0,2.0,4.0,1.0,6.0,4.0,1.0,5.0,6.0,,,3.0,1.0,,2.0,1.0,2.0,2.0,2.0,,1.0,2.0,1.0,98.0
21.0,1721.0,2020-10-11,21022.0,2.0,0.3736016920314025,19.0,1.0,1.0,1.0,1.0,,3.0,4.0,2.0,3.0,98.0,3.0,,,4.0,2.0,3.0,2.0,3.0,2.0,3.0,2.0,2.0,1.0,35.0,98.0,4.0,1.0,1.0,2.0,2.0,1.0,3.0,3.0,2.0,2.0,1.0,4.0,4.0,1.0,1.0,5.0,5.0,1.0,5.0,4.0,3.0,3.0,3.0,2.0,98.0,98.0,2.0,98.0,4.0,4.0,6.0,1.0,,3.0,5.0,,,3.0,1.0,,2.0,1.0,2.0,2.0,2.0,,3.0,3.0,3.0,98.0
21.0,1630.0,2020-10-11,21015.0,1.0,0.45746030319195213,36.0,2.0,15.0,1.0,2.0,,4.0,3.0,2.0,4.0,2.0,4.0,,,3.0,1.0,3.0,3.0,3.0,4.0,3.0,3.0,3.0,1.0,6.0,4.0,4.0,1.0,1.0,1.0,1.0,1.0,1.0,2.0,2.0,2.0,3.0,2.0,98.0,2.0,3.0,5.0,4.0,2.0,5.0,2.0,1.0,1.0,98.0,2.0,98.0,2.0,98.0,2.0,4.0,3.0,6.0,4.0,1.0,5.0,1.0,,1.0,3.0,1.0,,2.0,3.0,2.0,1.0,2.0,,2.0,2.0,2.0,98.0
21.0,202.0,2020-10-07,21013.0,1.0,0.45842775899932153,25.0,1.0,15.0,2.0,6.0,,3.0,5.0,2.0,4.0,4.0,3.0,,,1.0,1.0,3.0,3.0,4.0,3.0,3.0,3.0,2.0,2.0,98.0,4.0,2.0,1.0,2.0,1.0,1.0,1.0,2.0,2.0,4.0,1.0,1.0,4.0,1.0,1.0,3.0,5.0,4.0,2.0,2.0,3.0,3.0,6.0,3.0,2.0,2.0,2.0,2.0,2.0,4.0,3.0,7.0,1.0,,6.0,5.0,,,2.0,1.0,,2.0,3.0,2.0,2.0,2.0,,1.0,3.0,3.0,4.0
21.0,1356.0,2020-10-10,21016.0,1.0,0.41298455401310047,58.0,2.0,15.0,2.0,6.0,,3.0,3.0,2.0,4.0,3.0,4.0,,,2.0,1.0,2.0,2.0,4.0,98.0,2.0,97.0,2.0,2.0,18.0,4.0,4.0,98.0,4.0,2.0,2.0,2.0,2.0,2.0,2.0,2.0,2.0,2.0,1.0,3.0,2.0,3.0,3.0,2.0,1.0,2.0,2.0,3.0,4.0,2.0,2.0,2.0,2.0,2.0,4.0,4.0,6.0,5.0,1.0,2.0,1.0,,2.0,3.0,1.0,,2.0,3.0,2.0,2.0,1.0,,1.0,3.0,2.0,1.0
21.0,2752.0,2020-10-13,21002.0,1.0,0.42611323762281206,54.0,2.0,1.0,4.0,,1.0,4.0,1.0,2.0,4.0,2.0,3.0,,,1.0,1.0,2.0,2.0,4.0,4.0,4.0,4.0,2.0,3.0,25.0,4.0,3.0,1.0,1.0,1.0,1.0,1.0,2.0,2.0,1.0,3.0,1.0,2.0,1.0,2.0,3.0,98.0,3.0,2.0,3.0,98.0,2.0,3.0,1.0,2.0,2.0,2.0,2.0,98.0,2.0,1.0,6.0,4.0,1.0,3.0,1.0,,1.0,2.0,1.0,,1.0,3.0,2.0,3.0,2.0,,1.0,3.0,3.0,1.0
21.0,1362.0,2020-10-10,21012.0,1.0,0.387043197663058,20.0,2.0,6.0,1.0,1.0,,3.0,4.0,1.0,4.0,4.0,3.0,,,2.0,1.0,3.0,3.0,3.0,4.0,3.0,3.0,2.0,1.0,98.0,4.0,4.0,1.0,2.0,2.0,1.0,2.0,1.0,2.0,3.0,2.0,2.0,4.0,2.0,3.0,2.0,5.0,2.0,4.0,98.0,3.0,3.0,5.0,3.0,98.0,98.0,2.0,98.0,98.0,4.0,2.0,6.0,1.0,,4.0,5.0,,,2.0,1.0,,2.0,3.0,2.0,1.0,1.0,,1.0,96.0,2.0,2.0
21.0,4476.0,2020-10-15,21024.0,1.0,0.3995458936339024,32.0,2.0,15.0,1.0,1.0,,3.0,5.0,2.0,4.0,4.0,2.0,,,2.0,2.0,2.0,2.0,3.0,3.0,4.0,2.0,2.0,2.0,7.0,3.0,4.0,3.0,2.0,2.0,3.0,2.0,2.0,2.0,2.0,3.0,2.0,4.0,3.0,2.0,2.0,5.0,4.0,3.0,3.0,3.0,2.0,3.0,2.0,2.0,96.0,96.0,96.0,96.0,4.0,3.0,6.0,4.0,1.0,4.0,4.0,,,2.0,1.0,,1.0,98.0,2.0,2.0,2.0,,1.0,3.0,2.0,2.0
21.0,1927.0,2020-10-11,21012.0,1.0,0.3841592233771332,38.0,2.0,2.0,1.0,5.0,,4.0,3.0,2.0,4.0,1.0,4.0,,,3.0,4.0,4.0,4.0,4.0,4.0,4.0,4.0,4.0,1.0,5.0,4.0,4.0,4.0,4.0,98.0,1.0,1.0,3.0,2.0,4.0,1.0,2.0,4.0,4.0,1.0,4.0,5.0,5.0,2.0,5.0,2.0,2.0,5.0,4.0,2.0,97.0,98.0,2.0,2.0,4.0,1.0,6.0,4.0,1.0,4.0,1.0,,1.0,3.0,1.0,,1.0,3.0,2.0,1.0,2.0,,1.0,1.0,99.0,99.0
21.0,1538.0,2020-10-11,21004.0,1.0,0.33757020088568973,22.0,2.0,15.0,1.0,1.0,,3.0,4.0,2.0,4.0,1.0,3.0,,,2.0,2.0,3.0,3.0,4.0,4.0,4.0,4.0,4.0,2.0,13.0,4.0,4.0,2.0,2.0,2.0,1.0,1.0,1.0,1.0,4.0,4.0,4.0,2.0,2.0,2.0,2.0,4.0,2.0,2.0,2.0,1.0,2.0,3.0,2.0,2.0,2.0,2.0,2.0,2.0,4.0,2.0,6.0,1.0,,4.0,5.0,,,3.0,1.0,,2.0,4.0,2.0,1.0,2.0,,1.0,2.0,1.0,97.0
21.0,1040.0,2020-10-09,21012.0,1.0,0.3841592233771332,43.0,2.0,2.0,1.0,4.0,,3.0,4.0,1.0,4.0,1.0,3.0,,,3.0,2.0,2.0,3.0,3.0,4.0,4.0,3.0,3.0,1.0,6.0,4.0,3.0,2.0,2.0,4.0,1.0,2.0,1.0,2.0,3.0,3.0,2.0,4.0,3.0,2.0,4.0,4.0,4.0,2.0,4.0,4.0,4.0,6.0,2.0,2.0,2.0,98.0,2.0,2.0,4.0,3.0,7.0,4.0,1.0,4.0,1.0,,1.0,3.0,1.0,,1.0,3.0,2.0,1.0,2.0,,1.0,96.0,2.0,2.0
21.0,143.0,2020-10-07,21013.0,1.0,0.45842775899932153,34.0,1.0,1.0,2.0,1.0,,4.0,1.0,2.0,4.0,3.0,1.0,,,3.0,1.0,2.0,4.0,4.0,4.0,4.0,4.0,4.0,2.0,8.0,4.0,4.0,2.0,1.0,1.0,1.0,2.0,1.0,2.0,4.0,4.0,2.0,4.0,4.0,2.0,2.0,5.0,4.0,2.0,4.0,2.0,2.0,3.0,1.0,2.0,2.0,2.0,2.0,2.0,4.0,4.0,7.0,4.0,1.0,4.0,1.0,,2.0,2.0,1.0,,2.0,1.0,2.0,1.0,2.0,,1.0,98.0,1.0,1.0
21.0,857.0,2020-10-08,21003.0,1.0,0.3987290110933317,42.0,2.0,2.0,1.0,4.0,,4.0,6.0,2.0,4.0,4.0,3.0,,,3.0,1.0,4.0,3.0,3.0,4.0,2.0,2.0,4.0,1.0,1.0,4.0,4.0,1.0,1.0,1.0,2.0,2.0,1.0,2.0,3.0,1.0,4.0,3.0,98.0,4.0,2.0,5.0,2.0,5.0,4.0,1.0,2.0,6.0,4.0,2.0,1.0,2.0,2.0,2.0,4.0,1.0,7.0,4.0,1.0,4.0,1.0,,1.0,1.0,1.0,,2.0,4.0,2.0,2.0,2.0,,1.0,3.0,2.0,98.0
21.0,1144.0,2020-10-10,21018.0,1.0,0.4288176533007577,40.0,1.0,15.0,1.0,2.0,,4.0,5.0,6.0,3.0,2.0,4.0,,,3.0,1.0,3.0,4.0,3.0,3.0,4.0,4.0,4.0,1.0,98.0,3.0,2.0,1.0,4.0,2.0,98.0,1.0,1.0,1.0,1.0,1.0,3.0,4.0,2.0,3.0,2.0,98.0,2.0,4.0,2.0,4.0,3.0,6.0,4.0,1.0,2.0,2.0,2.0,2.0,4.0,4.0,6.0,4.0,1.0,4.0,6.0,,,4.0,1.0,,2.0,4.0,2.0,99.0,2.0,,6.0,,98.0,98.0
21.0,338.0,2020-10-07,21013.0,1.0,0.41609791248206063,39.0,2.0,15.0,1.0,5.0,,4.0,3.0,1.0,4.0,2.0,3.0,,,2.0,2.0,3.0,3.0,3.0,3.0,4.0,3.0,3.0,1.0,7.0,4.0,4.0,2.0,2.0,3.0,1.0,1.0,1.0,1.0,2.0,1.0,4.0,3.0,4.0,2.0,2.0,4.0,3.0,3.0,3.0,3.0,2.0,4.0,3.0,2.0,2.0,2.0,2.0,2.0,4.0,3.0,6.0,4.0,1.0,5.0,1.0,,1.0,2.0,1.0,,2.0,3.0,1.0,1.0,2.0,,1.0,96.0,2.0,97.0
21.0,1751.0,2020-10-11,21013.0,1.0,0.4052148535400991,40.0,1.0,1.0,1.0,3.0,,4.0,1.0,6.0,1.0,1.0,4.0,,,1.0,1.0,2.0,3.0,3.0,3.0,3.0,4.0,3.0,2.0,4.0,4.0,4.0,2.0,2.0,1.0,3.0,4.0,1.0,2.0,2.0,2.0,3.0,99.0,98.0,98.0,98.0,4.0,98.0,98.0,2.0,99.0,98.0,1.0,98.0,98.0,98.0,98.0,98.0,99.0,3.0,98.0,6.0,1.0,,3.0,2.0,,2.0,4.0,1.0,,3.0,5.0,2.0,2.0,2.0,,4.0,96.0,1.0,97.0
21.0,719.0,2020-10-08,21003.0,1.0,0.4485273040685548,9999.0,2.0,15.0,1.0,6.0,,4.0,4.0,5.0,4.0,2.0,4.0,,,4.0,1.0,4.0,4.0,4.0,4.0,4.0,4.0,97.0,1.0,13.0,2.0,4.0,4.0,4.0,4.0,2.0,2.0,1.0,2.0,1.0,1.0,2.0,4.0,98.0,2.0,4.0,5.0,98.0,98.0,98.0,4.0,4.0,6.0,1.0,2.0,2.0,2.0,2.0,2.0,4.0,1.0,7.0,4.0,2.0,99999.0,1.0,,99.0,99.0,1.0,,99.0,3.0,2.0,1.0,2.0,,6.0,,4.0,4.0
21.0,2282.0,2020-10-12,21018.0,2.0,0.48237379428348703,56.0,1.0,2.0,2.0,3.0,,3.0,4.0,1.0,4.0,2.0,3.0,,,4.0,1.0,3.0,4.0,4.0,4.0,4.0,4.0,3.0,1.0,2.0,1.0,4.0,1.0,1.0,1.0,1.0,3.0,1.0,1.0,1.0,4.0,4.0,4.0,4.0,2.0,2.0,5.0,98.0,2.0,2.0,1.0,1.0,2.0,4.0,2.0,2.0,2.0,2.0,2.0,4.0,1.0,6.0,4.0,1.0,5.0,1.0,,1.0,3.0,1.0,,2.0,3.0,2.0,2.0,2.0,,3.0,96.0,4.0,98.0
21.0,2191.0,2020-10-12,21012.0,1.0,0.4232399312488539,26.0,1.0,2.0,1.0,5.0,,4.0,4.0,2.0,4.0,3.0,4.0,,,2.0,1.0,4.0,4.0,4.0,4.0,4.0,4.0,98.0,1.0,35.0,1.0,4.0,4.0,2.0,4.0,3.0,1.0,1.0,1.0,4.0,2.0,1.0,4.0,4.0,2.0,1.0,5.0,2.0,2.0,4.0,4.0,4.0,6.0,1.0,2.0,2.0,2.0,2.0,2.0,3.0,4.0,7.0,1.0,,8.0,5.0,,,1.0,1.0,,3.0,4.0,2.0,1.0,1.0,,1.0,3.0,4.0,4.0
21.0,4593.0,2020-10-15,21022.0,1.0,0.38077711640137746,44.0,2.0,1.0,1.0,4.0,,4.0,3.0,2.0,3.0,3.0,1.0,,,1.0,1.0,1.0,3.0,3.0,4.0,4.0,4.0,4.0,2.0,98.0,4.0,4.0,2.0,2.0,2.0,1.0,1.0,1.0,2.0,3.0,2.0,2.0,4.0,4.0,3.0,3.0,5.0,4.0,4.0,4.0,4.0,4.0,3.0,4.0,96.0,96.0,96.0,96.0,96.0,4.0,4.0,6.0,1.0,,7.0,5.0,,,2.0,1.0,,2.0,3.0,2.0,1.0,1.0,,1.0,3.0,1.0,1.0
21.0,1101.0,2020-10-09,21003.0,1.0,0.43929191067838447,34.0,1.0,6.0,2.0,4.0,,4.0,4.0,2.0,3.0,2.0,4.0,,,3.0,3.0,4.0,4.0,4.0,4.0,3.0,4.0,4.0,1.0,6.0,4.0,4.0,2.0,3.0,2.0,1.0,2.0,2.0,3.0,3.0,1.0,1.0,2.0,1.0,2.0,1.0,5.0,3.0,5.0,1.0,4.0,2.0,5.0,1.0,2.0,2.0,1.0,2.0,2.0,4.0,3.0,7.0,1.0,,7.0,6.0,,,2.0,1.0,,2.0,2.0,2.0,2.0,2.0,,1.0,3.0,3.0,3.0
21.0,2048.0,2020-10-12,21024.0,1.0,0.39727585480821553,60.0,2.0,1.0,4.0,,1.0,2.0,2.0,1.0,4.0,4.0,2.0,,,1.0,4.0,2.0,2.0,2.0,3.0,3.0,3.0,2.0,1.0,7.0,1.0,4.0,1.0,3.0,4.0,1.0,1.0,1.0,2.0,4.0,1.0,1.0,1.0,1.0,1.0,3.0,2.0,2.0,2.0,2.0,1.0,1.0,3.0,1.0,2.0,1.0,1.0,1.0,1.0,4.0,4.0,6.0,4.0,1.0,7.0,4.0,,,4.0,1.0,,1.0,5.0,2.0,1.0,2.0,,6.0,,1.0,1.0
21.0,631.0,2020-10-08,21003.0,1.0,0.3987290110933317,43.0,2.0,2.0,2.0,4.0,,4.0,4.0,1.0,4.0,4.0,3.0,,,2.0,1.0,2.0,4.0,4.0,3.0,98.0,98.0,3.0,1.0,7.0,4.0,4.0,2.0,1.0,1.0,1.0,1.0,1.0,1.0,3.0,4.0,4.0,99.0,4.0,2.0,98.0,5.0,98.0,2.0,4.0,98.0,98.0,6.0,3.0,2.0,98.0,2.0,98.0,2.0,4.0,3.0,7.0,4.0,1.0,6.0,4.0,,,2.0,1.0,,2.0,3.0,2.0,1.0,2.0,,2.0,97.0,2.0,98.0
21.0,835.0,2020-10-08,21003.0,1.0,0.3987290110933317,38.0,2.0,15.0,1.0,1.0,,3.0,5.0,1.0,4.0,1.0,2.0,,,2.0,1.0,4.0,2.0,4.0,4.0,4.0,3.0,3.0,1.0,14.0,4.0,4.0,2.0,2.0,3.0,1.0,4.0,1.0,2.0,3.0,3.0,2.0,2.0,2.0,4.0,2.0,98.0,98.0,4.0,2.0,1.0,1.0,1.0,2.0,98.0,98.0,98.0,98.0,98.0,3.0,1.0,7.0,4.0,1.0,5.0,4.0,,,3.0,1.0,,2.0,3.0,99.0,1.0,2.0,,6.0,,1.0,98.0
21.0,2453.0,2020-10-12,21003.0,1.0,0.3987290110933317,40.0,2.0,2.0,3.0,,1.0,3.0,3.0,1.0,4.0,4.0,4.0,,,2.0,1.0,4.0,4.0,3.0,4.0,4.0,4.0,4.0,1.0,22.0,4.0,4.0,1.0,4.0,1.0,1.0,2.0,2.0,4.0,4.0,2.0,2.0,4.0,2.0,1.0,1.0,5.0,2.0,1.0,4.0,4.0,4.0,3.0,2.0,2.0,2.0,2.0,2.0,2.0,4.0,2.0,7.0,5.0,1.0,4.0,2.0,,2.0,2.0,1.0,,2.0,2.0,2.0,1.0,2.0,,1.0,2.0,4.0,4.0
21.0,944.0,2020-10-09,21006.0,3.0,0.37060754727453676,50.0,1.0,15.0,1.0,1.0,,3.0,1.0,2.0,4.0,1.0,3.0,,,4.0,1.0,3.0,4.0,3.0,3.0,3.0,3.0,3.0,1.0,4.0,4.0,4.0,2.0,2.0,2.0,1.0,3.0,1.0,2.0,1.0,4.0,2.0,4.0,2.0,4.0,2.0,5.0,2.0,5.0,2.0,4.0,4.0,3.0,1.0,98.0,96.0,98.0,98.0,98.0,4.0,1.0,6.0,4.0,1.0,5.0,1.0,,2.0,3.0,1.0,,1.0,3.0,2.0,1.0,2.0,,6.0,,3.0,3.0
21.0,2404.0,2020-10-12,21018.0,2.0,0.48513008371881194,26.0,1.0,16.0,4.0,,1.0,2.0,4.0,1.0,4.0,1.0,4.0,,,4.0,2.0,4.0,4.0,4.0,3.0,4.0,4.0,4.0,1.0,14.0,2.0,2.0,1.0,1.0,4.0,1.0,2.0,4.0,4.0,4.0,1.0,4.0,4.0,98.0,98.0,2.0,5.0,99.0,3.0,1.0,4.0,3.0,6.0,4.0,2.0,2.0,2.0,2.0,96.0,4.0,1.0,7.0,1.0,,8.0,5.0,,,2.0,1.0,,99.0,4.0,2.0,1.0,2.0,,1.0,3.0,4.0,98.0
21.0,3866.0,2020-10-14,21013.0,1.0,0.47073998368268294,28.0,2.0,12.0,1.0,4.0,,4.0,5.0,2.0,4.0,4.0,4.0,,,2.0,2.0,4.0,3.0,2.0,4.0,4.0,4.0,4.0,1.0,4.0,4.0,4.0,1.0,1.0,1.0,4.0,2.0,2.0,2.0,4.0,4.0,2.0,3.0,2.0,1.0,3.0,5.0,5.0,2.0,4.0,4.0,4.0,5.0,4.0,2.0,98.0,98.0,98.0,2.0,4.0,4.0,6.0,4.0,2.0,2.0,1.0,,1.0,1.0,1.0,,2.0,1.0,2.0,2.0,1.0,,2.0,2.0,2.0,2.0
21.0,2798.0,2020-10-13,21022.0,1.0,0.4195137608570268,33.0,1.0,1.0,4.0,,7.0,4.0,1.0,6.0,4.0,4.0,4.0,,,4.0,3.0,4.0,2.0,3.0,4.0,4.0,4.0,4.0,3.0,4.0,4.0,4.0,1.0,2.0,1.0,2.0,1.0,2.0,3.0,4.0,1.0,1.0,2.0,4.0,2.0,2.0,2.0,1.0,5.0,2.0,4.0,3.0,5.0,2.0,2.0,2.0,2.0,2.0,98.0,4.0,3.0,6.0,4.0,1.0,3.0,2.0,,2.0,2.0,1.0,,2.0,3.0,2.0,2.0,2.0,,2.0,3.0,4.0,98.0
